Question ID,Word Key,Source Type,Chapter,Section,Item,Traditional Chinese,Pinyin,POS,English Meaning,Round,Question Type,Input Mode,Prompt,Option A,Option B,Option C,Option D,Correct Option,Correct Answer,Accepted Answers
Q0001,C5-5-1-I1-W001,Vocabulary,5,5-1,1,錢包,qiánbāo,N,wallet; purse,Round 1,basic_meaning_mcq,click,Choose the correct English meaning of 「錢包」.,half,kitchen,the front; the front side; ahead; in front,wallet; purse,D,wallet; purse,
Q0002,C5-5-1-I1-W001,Vocabulary,5,5-1,1,錢包,qiánbāo,N,wallet; purse,Round 2,character_to_pinyin_typing,free_text,Type the pinyin for 「錢包」 (tone marks or tone numbers are accepted).,,,,,,qiánbāo,qiánbāo | qian2bao1 | qian2 bao1
Q0003,C5-5-1-I1-W001,Vocabulary,5,5-1,1,錢包,qiánbāo,N,wallet; purse,Round 3,context_cloze_mcq,click,Choose the correct word to fill in the blank: 李小姐的____是紅色的。,那裡,錢包,這裡,音樂,B,錢包,錢包
Q0004,C5-5-1-I2-W002,Vocabulary,5,5-1,2,在,zài,Vst/Prep,(to be located) at; in; on,Round 1,basic_meaning_mcq,click,Choose the correct English meaning of 「在」.,ice cream,(to be located) at; in; on,music,to listen,B,(to be located) at; in; on,
Q0005,C5-5-1-I2-W002,Vocabulary,5,5-1,2,在,zài,Vst/Prep,(to be located) at; in; on,Round 2,character_to_pinyin_typing,free_text,Type the pinyin for 「在」 (tone marks or tone numbers are accepted).,,,,,,zài,zài | zai4
Q0006,C5-5-1-I2-W002,Vocabulary,5,5-1,2,在,zài,Vst/Prep,(to be located) at; in; on,Round 3,context_cloze_mcq,click,Choose the correct word to fill in the blank: 他____學校，不在家。,幫,巧克力,在,沙發,C,在,在
Q0007,C5-5-1-I3-W003,Vocabulary,5,5-1,3,哪裡/哪兒,nǎlǐ/nǎr,N,where,Round 1,basic_meaning_mcq,click,Choose the correct English meaning of 「哪裡/哪兒」.,outside,bird,half,where,D,where,
Q0008,C5-5-1-I3-W003,Vocabulary,5,5-1,3,哪裡/哪兒,nǎlǐ/nǎr,N,where,Round 2,character_to_pinyin_typing,free_text,Type the pinyin for 「哪裡/哪兒」 (tone marks or tone numbers are accepted).,,,,,,nǎlǐ/nǎr,nǎlǐ/nǎr | na3li3/nar3 | na3 li3 | nar3 | na3 li3/nar3 | nǎr | nǎlǐ | na3li3
Q0009,C5-5-1-I3-W003,Vocabulary,5,5-1,3,哪裡/哪兒,nǎlǐ/nǎr,N,where,Round 3,context_cloze_mcq,click,Choose the correct word to fill in the blank: 我的錢包在____？,哪裡,咖啡廳,巧克力,冰淇淋,A,哪裡,哪裡 | 哪兒
Q0010,C5-5-1-I4-W004,Vocabulary,5,5-1,4,聽,tīng,V,to listen,Round 1,basic_meaning_mcq,click,Choose the correct English meaning of 「聽」.,to look for,to listen,door,to help,B,to listen,
Q0011,C5-5-1-I4-W004,Vocabulary,5,5-1,4,聽,tīng,V,to listen,Round 2,character_to_pinyin_typing,free_text,Type the pinyin for 「聽」 (tone marks or tone numbers are accepted).,,,,,,tīng,tīng | ting1
Q0012,C5-5-1-I4-W004,Vocabulary,5,5-1,4,聽,tīng,V,to listen,Round 3,context_cloze_mcq,click,Choose the correct word to fill in the blank: 我喜歡____音樂。,上面,聽,找,幫,B,聽,聽
Q0013,C5-5-1-I5-W005,Vocabulary,5,5-1,5,音樂,yīnyuè,N,music,Round 1,basic_meaning_mcq,click,Choose the correct English meaning of 「音樂」.,where,chocolate,music,elder brother,C,music,
Q0014,C5-5-1-I5-W005,Vocabulary,5,5-1,5,音樂,yīnyuè,N,music,Round 2,character_to_pinyin_typing,free_text,Type the pinyin for 「音樂」 (tone marks or tone numbers are accepted).,,,,,,yīnyuè,yīnyuè | yin1yue4 | yin1 yue4
Q0015,C5-5-1-I5-W005,Vocabulary,5,5-1,5,音樂,yīnyuè,N,music,Round 3,context_cloze_mcq,click,Choose the correct word to fill in the blank: 我喜歡聽____。,下午茶,半,那裡,音樂,D,音樂,音樂
Q0016,C5-5-1-I6-W006,Vocabulary,5,5-1,6,有空,yǒukòng,Vs,free; at leisure; available,Round 1,basic_meaning_mcq,click,Choose the correct English meaning of 「有空」.,free; at leisure; available,here,TV (television),not bad,A,free; at leisure; available,
Q0017,C5-5-1-I6-W006,Vocabulary,5,5-1,6,有空,yǒukòng,Vs,free; at leisure; available,Round 2,character_to_pinyin_typing,free_text,Type the pinyin for 「有空」 (tone marks or tone numbers are accepted).,,,,,,yǒukòng,yǒukòng | you3kong4 | you3 kong4
Q0018,C5-5-1-I6-W006,Vocabulary,5,5-1,6,有空,yǒukòng,Vs,free; at leisure; available,Round 3,context_cloze_mcq,click,Choose the correct word to fill in the blank: 你週末____嗎？,跟,有空,不錯,房間,B,有空,有空
Q0019,C5-5-1-I7-W007,Vocabulary,5,5-1,7,下午茶,xiàwǔ chá,N,afternoon tea,Round 1,basic_meaning_mcq,click,Choose the correct English meaning of 「下午茶」.,kitchen,below; under; underneath,afternoon tea,café,C,afternoon tea,
Q0020,C5-5-1-I7-W007,Vocabulary,5,5-1,7,下午茶,xiàwǔ chá,N,afternoon tea,Round 2,character_to_pinyin_typing,free_text,Type the pinyin for 「下午茶」 (tone marks or tone numbers are accepted).,,,,,,xiàwǔ chá,xiàwǔ chá | xia4wu3 cha2 | xia4 wu3 cha2
Q0021,C5-5-1-I7-W007,Vocabulary,5,5-1,7,下午茶,xiàwǔ chá,N,afternoon tea,Round 3,context_cloze_mcq,click,Choose the correct word to fill in the blank: 我們下午一起喝____。,音樂,下午茶,巧克力,半,B,下午茶,下午茶
Q0022,C5-5-1-I8-W008,Vocabulary,5,5-1,8,不錯,búcuò,Vs,not bad,Round 1,basic_meaning_mcq,click,Choose the correct English meaning of 「不錯」.,not bad,bed,free; at leisure; available,kitchen,A,not bad,
Q0023,C5-5-1-I8-W008,Vocabulary,5,5-1,8,不錯,búcuò,Vs,not bad,Round 2,character_to_pinyin_typing,free_text,Type the pinyin for 「不錯」 (tone marks or tone numbers are accepted).,,,,,,búcuò,búcuò | bu2cuo4 | bu2 cuo4
Q0024,C5-5-1-I8-W008,Vocabulary,5,5-1,8,不錯,búcuò,Vs,not bad,Round 3,context_cloze_mcq,click,Choose the correct word to fill in the blank: 這本書很____。,不錯,前面,客廳,有空,A,不錯,不錯
Q0025,C5-5-1-I9-W009,Vocabulary,5,5-1,9,咖啡廳,kāfēitīng,N,café,Round 1,basic_meaning_mcq,click,Choose the correct English meaning of 「咖啡廳」.,café,inside; in,here,there,A,café,
Q0026,C5-5-1-I9-W009,Vocabulary,5,5-1,9,咖啡廳,kāfēitīng,N,café,Round 2,character_to_pinyin_typing,free_text,Type the pinyin for 「咖啡廳」 (tone marks or tone numbers are accepted).,,,,,,kāfēitīng,kāfēitīng | ka1fei1ting1 | ka1 fei1 ting1
Q0027,C5-5-1-I9-W009,Vocabulary,5,5-1,9,咖啡廳,kāfēitīng,N,café,Round 3,context_cloze_mcq,click,Choose the correct word to fill in the blank: 我喜歡去____看書。,下午茶,錢包,咖啡廳,冰淇淋,C,咖啡廳,咖啡廳
Q0028,C5-5-1-I10-W010,Vocabulary,5,5-1,10,那裡/那兒,nàlǐ/nàr,N,there,Round 1,basic_meaning_mcq,click,Choose the correct English meaning of 「那裡/那兒」.,elder brother,table,afternoon tea,there,D,there,
Q0029,C5-5-1-I10-W010,Vocabulary,5,5-1,10,那裡/那兒,nàlǐ/nàr,N,there,Round 2,character_to_pinyin_typing,free_text,Type the pinyin for 「那裡/那兒」 (tone marks or tone numbers are accepted).,,,,,,nàlǐ/nàr,nàr | nar4 | nàlǐ | na4li3 | na4 li3 | nàlǐ/nàr | na4li3/nar4 | na4 li3/nar4
Q0030,C5-5-1-I10-W010,Vocabulary,5,5-1,10,那裡/那兒,nàlǐ/nàr,N,there,Round 3,context_cloze_mcq,click,Choose the correct word to fill in the blank: 那家飲料店的飲料很好喝，我們去____買。,錢包,那裡,冰淇淋,下午茶,B,那裡,那裡 | 那兒
Q0031,C5-5-1-I10-W011,Vocabulary,5,5-1,10,這裡/這兒,zhèlǐ/zhèr,N,here,Round 1,basic_meaning_mcq,click,Choose the correct English meaning of 「這裡/這兒」.,here,cat,ice cream,younger sister,A,here,
Q0032,C5-5-1-I10-W011,Vocabulary,5,5-1,10,這裡/這兒,zhèlǐ/zhèr,N,here,Round 2,character_to_pinyin_typing,free_text,Type the pinyin for 「這裡/這兒」 (tone marks or tone numbers are accepted).,,,,,,zhèlǐ/zhèr,zhèlǐ/zhèr | zhe4li3/zher4 | zhe4 li3 | zher4 | zhe4 li3/zher4 | zhèlǐ | zhe4li3 | zhèr
Q0033,C5-5-1-I10-W011,Vocabulary,5,5-1,10,這裡/這兒,zhèlǐ/zhèr,N,here,Round 3,context_cloze_mcq,click,Choose the correct word to fill in the blank: 我在學校，你要來____嗎？,錢包,咖啡廳,這裡,那裡,C,這裡,這裡 | 這兒
Q0034,C5-5-1-I11-W012,Vocabulary,5,5-1,11,冰淇淋,bīngqílín,N,ice cream,Round 1,basic_meaning_mcq,click,Choose the correct English meaning of 「冰淇淋」.,above; over; on top of; on the surface of,café,living room,ice cream,D,ice cream,
Q0035,C5-5-1-I11-W012,Vocabulary,5,5-1,11,冰淇淋,bīngqílín,N,ice cream,Round 2,character_to_pinyin_typing,free_text,Type the pinyin for 「冰淇淋」 (tone marks or tone numbers are accepted).,,,,,,bīngqílín,bīngqílín | bing1qi2lin2 | bing1 qi2 lin2
Q0036,C5-5-1-I11-W012,Vocabulary,5,5-1,11,冰淇淋,bīngqílín,N,ice cream,Round 3,context_cloze_mcq,click,Choose the correct word to fill in the blank: 我和朋友常常一起去吃____。,錢包,音樂,冰淇淋,巧克力,C,冰淇淋,冰淇淋
Q0037,C5-5-1-I12-W013,Vocabulary,5,5-1,12,巧克力,qiǎokèlì,N,chocolate,Round 1,basic_meaning_mcq,click,Choose the correct English meaning of 「巧克力」.,chocolate,elder brother,furniture,here,A,chocolate,
Q0038,C5-5-1-I12-W013,Vocabulary,5,5-1,12,巧克力,qiǎokèlì,N,chocolate,Round 2,character_to_pinyin_typing,free_text,Type the pinyin for 「巧克力」 (tone marks or tone numbers are accepted).,,,,,,qiǎokèlì,qiǎokèlì | qiao3ke4li4 | qiao3 ke4 li4
Q0039,C5-5-1-I12-W013,Vocabulary,5,5-1,12,巧克力,qiǎokèlì,N,chocolate,Round 3,context_cloze_mcq,click,Choose the correct word to fill in the blank: 我很喜歡這家店的____蛋糕。,巧克力,那裡,冰淇淋,下午茶,A,巧克力,巧克力
Q0040,C5-5-1-I13-W014,Vocabulary,5,5-1,13,半,bàn,N,half,Round 1,basic_meaning_mcq,click,Choose the correct English meaning of 「半」.,chocolate,half,at the back; behind,sofa,B,half,
Q0041,C5-5-1-I13-W014,Vocabulary,5,5-1,13,半,bàn,N,half,Round 2,character_to_pinyin_typing,free_text,Type the pinyin for 「半」 (tone marks or tone numbers are accepted).,,,,,,bàn,bàn | ban4
Q0042,C5-5-1-I13-W014,Vocabulary,5,5-1,13,半,bàn,N,half,Round 3,context_cloze_mcq,click,Choose the correct word to fill in the blank: 現在十二點____。,巧克力,那裡,冰淇淋,半,D,半,半
Q0043,C5-5-1-I14-W015,Vocabulary,5,5-1,14,吧,ba,Ptc,final particle for suggestion,Round 1,basic_meaning_mcq,click,Choose the correct English meaning of 「吧」.,to bask in the sun,half,younger brother,final particle for suggestion,D,final particle for suggestion,
Q0044,C5-5-1-I14-W015,Vocabulary,5,5-1,14,吧,ba,Ptc,final particle for suggestion,Round 2,character_to_pinyin_typing,free_text,Type the pinyin for 「吧」 (tone marks or tone numbers are accepted).,,,,,,ba,ba
Q0045,C5-5-1-I14-W015,Vocabulary,5,5-1,14,吧,ba,Ptc,final particle for suggestion,Round 3,context_cloze_mcq,click,Choose the correct word to fill in the blank: 這枝筆太貴了，你買便宜的____。,吧,貓,桌子,隻,A,吧,吧
Q0046,C5-5-2-I1-W016,Vocabulary,5,5-2,1,跟,gēn,Conj,and,Round 1,basic_meaning_mcq,click,Choose the correct English meaning of 「跟」.,afternoon tea,here,and,but,C,and,
Q0047,C5-5-2-I1-W016,Vocabulary,5,5-2,1,跟,gēn,Conj,and,Round 2,character_to_pinyin_typing,free_text,Type the pinyin for 「跟」 (tone marks or tone numbers are accepted).,,,,,,gēn,gēn | gen1
Q0048,C5-5-2-I1-W016,Vocabulary,5,5-2,1,跟,gēn,Conj,and,Round 3,context_cloze_mcq,click,Choose the correct word to fill in the blank: 這個蛋糕____這瓶果汁一共多少錢？,跟,家具,貓,可是,A,跟,跟
Q0049,C5-5-2-I2-W017,Vocabulary,5,5-2,2,可是,kěshì,Conj,but,Round 1,basic_meaning_mcq,click,Choose the correct English meaning of 「可是」.,and,elder brother,to look for,but,D,but,
Q0050,C5-5-2-I2-W017,Vocabulary,5,5-2,2,可是,kěshì,Conj,but,Round 2,character_to_pinyin_typing,free_text,Type the pinyin for 「可是」 (tone marks or tone numbers are accepted).,,,,,,kěshì,kěshì | ke3shi4 | ke3 shi4
Q0051,C5-5-2-I2-W017,Vocabulary,5,5-2,2,可是,kěshì,Conj,but,Round 3,context_cloze_mcq,click,Choose the correct word to fill in the blank: 我想去朋友家玩，____沒有空。,可是,沙發,跟,狗,A,可是,可是
Q0052,C5-5-2-I3-W018,Vocabulary,5,5-2,3,房間,fángjiān,N,room,Round 1,basic_meaning_mcq,click,Choose the correct English meaning of 「房間」.,room,sofa,chocolate,wallet; purse,A,room,
Q0053,C5-5-2-I3-W018,Vocabulary,5,5-2,3,房間,fángjiān,N,room,Round 2,character_to_pinyin_typing,free_text,Type the pinyin for 「房間」 (tone marks or tone numbers are accepted).,,,,,,fángjiān,fángjiān | fang2jian1 | fang2 jian1
Q0054,C5-5-2-I3-W018,Vocabulary,5,5-2,3,房間,fángjiān,N,room,Round 3,context_cloze_mcq,click,Choose the correct word to fill in the blank: 我的____不太大。,前面,外面,房間,房子,C,房間,房間
Q0055,C5-5-2-I3-W019,Vocabulary,5,5-2,3,房子,fángzi,N,building; house,Round 1,basic_meaning_mcq,click,Choose the correct English meaning of 「房子」.,building; house,door,chocolate,elder brother,A,building; house,
Q0056,C5-5-2-I3-W019,Vocabulary,5,5-2,3,房子,fángzi,N,building; house,Round 2,character_to_pinyin_typing,free_text,Type the pinyin for 「房子」 (tone marks or tone numbers are accepted).,,,,,,fángzi,fángzi | fang2zi | fang2 zi
Q0057,C5-5-2-I3-W019,Vocabulary,5,5-2,3,房子,fángzi,N,building; house,Round 3,context_cloze_mcq,click,Choose the correct word to fill in the blank: 這棟____不大，可是很貴。,裡面,房子,客廳,下面,B,房子,房子
Q0058,C5-5-2-I3-W020,Vocabulary,5,5-2,3,棟,dòng,M,measure word for buildings,Round 1,basic_meaning_mcq,click,Choose the correct English meaning of 「棟」.,sofa,measure word for tables and chairs,measure word for animals,measure word for buildings,D,measure word for buildings,
Q0059,C5-5-2-I3-W020,Vocabulary,5,5-2,3,棟,dòng,M,measure word for buildings,Round 2,character_to_pinyin_typing,free_text,Type the pinyin for 「棟」 (tone marks or tone numbers are accepted).,,,,,,dòng,dòng | dong4
Q0060,C5-5-2-I3-W020,Vocabulary,5,5-2,3,棟,dòng,M,measure word for buildings,Round 3,context_cloze_mcq,click,Choose the correct word to fill in the blank: 這____房子不大，可是很貴。,棟,張,床,隻,A,棟,棟
Q0061,C5-5-2-I4-W021,Vocabulary,5,5-2,4,裡(面),lǐ(miàn),N,inside; in,Round 1,basic_meaning_mcq,click,Choose the correct English meaning of 「裡(面)」.,building; house,side; by the side of; next to,living room,inside; in,D,inside; in,
Q0062,C5-5-2-I4-W021,Vocabulary,5,5-2,4,裡(面),lǐ(miàn),N,inside; in,Round 2,character_to_pinyin_typing,free_text,Type the pinyin for 「裡(面)」 (tone marks or tone numbers are accepted).,,,,,,lǐ(miàn),lǐ | li3 | lǐmiàn | li3mian4 | li3 mian4 | lǐ(miàn) | li3(mian4)
Q0063,C5-5-2-I4-W021,Vocabulary,5,5-2,4,裡(面),lǐ(miàn),N,inside; in,Round 3,context_cloze_mcq,click,Choose the correct word to fill in the blank: 你的書在房間____。,哥哥,裡,房間,後面,B,裡,裡面 | 裡
Q0064,C5-5-2-I4-W022,Vocabulary,5,5-2,4,外(面),wài(miàn),N,outside,Round 1,basic_meaning_mcq,click,Choose the correct English meaning of 「外(面)」.,here,there,outside,living room,C,outside,
Q0065,C5-5-2-I4-W022,Vocabulary,5,5-2,4,外(面),wài(miàn),N,outside,Round 2,character_to_pinyin_typing,free_text,Type the pinyin for 「外(面)」 (tone marks or tone numbers are accepted).,,,,,,wài(miàn),wàimiàn | wai4mian4 | wai4 mian4 | wài | wai4 | wài(miàn) | wai4(mian4)
Q0066,C5-5-2-I4-W022,Vocabulary,5,5-2,4,外(面),wài(miàn),N,outside,Round 3,context_cloze_mcq,click,Choose the correct word to fill in the blank: 他在房間____做什麼？,房間,下面,外面,廚房,C,外面,外面 | 外
Q0067,C5-5-2-I5-W023,Vocabulary,5,5-2,5,客廳,kètīng,N,living room,Round 1,basic_meaning_mcq,click,Choose the correct English meaning of 「客廳」.,half,living room,afternoon tea,elder brother,B,living room,
Q0068,C5-5-2-I5-W023,Vocabulary,5,5-2,5,客廳,kètīng,N,living room,Round 2,character_to_pinyin_typing,free_text,Type the pinyin for 「客廳」 (tone marks or tone numbers are accepted).,,,,,,kètīng,kètīng | ke4ting1 | ke4 ting1
Q0069,C5-5-2-I5-W023,Vocabulary,5,5-2,5,客廳,kètīng,N,living room,Round 3,context_cloze_mcq,click,Choose the correct word to fill in the blank: 爸爸在____喝咖啡。,上面,廚房,裡面,客廳,D,客廳,客廳
Q0070,C5-5-2-I6-W024,Vocabulary,5,5-2,6,桌子,zhuōzi,N,table,Round 1,basic_meaning_mcq,click,Choose the correct English meaning of 「桌子」.,table,door,wallet; purse,bed,A,table,
Q0071,C5-5-2-I6-W024,Vocabulary,5,5-2,6,桌子,zhuōzi,N,table,Round 2,character_to_pinyin_typing,free_text,Type the pinyin for 「桌子」 (tone marks or tone numbers are accepted).,,,,,,zhuōzi,zhuōzi | zhuo1zi | zhuo1 zi
Q0072,C5-5-2-I6-W024,Vocabulary,5,5-2,6,桌子,zhuōzi,N,table,Round 3,context_cloze_mcq,click,Choose the correct word to fill in the blank: 我要買一張____跟四張椅子。,桌子,妹妹,沙發,哥哥,A,桌子,桌子
Q0073,C5-5-2-I6-W025,Vocabulary,5,5-2,6,椅子,yǐzi,N,chair,Round 1,basic_meaning_mcq,click,Choose the correct English meaning of 「椅子」.,music,chair,here,below; under; underneath,B,chair,
Q0074,C5-5-2-I6-W025,Vocabulary,5,5-2,6,椅子,yǐzi,N,chair,Round 2,character_to_pinyin_typing,free_text,Type the pinyin for 「椅子」 (tone marks or tone numbers are accepted).,,,,,,yǐzi,yǐzi | yi3zi | yi3 zi
Q0075,C5-5-2-I6-W025,Vocabulary,5,5-2,6,椅子,yǐzi,N,chair,Round 3,context_cloze_mcq,click,Choose the correct word to fill in the blank: 我要買一張桌子跟四張____。,裡面,妹妹,桌子,椅子,D,椅子,椅子
Q0076,C5-5-2-I6-W026,Vocabulary,5,5-2,6,張,zhāng,M,measure word for tables and chairs,Round 1,basic_meaning_mcq,click,Choose the correct English meaning of 「張」.,measure word for tables and chairs,measure word for buildings,measure word for animals,the sun,A,measure word for tables and chairs,
Q0077,C5-5-2-I6-W026,Vocabulary,5,5-2,6,張,zhāng,M,measure word for tables and chairs,Round 2,character_to_pinyin_typing,free_text,Type the pinyin for 「張」 (tone marks or tone numbers are accepted).,,,,,,zhāng,zhāng | zhang1
Q0078,C5-5-2-I6-W026,Vocabulary,5,5-2,6,張,zhāng,M,measure word for tables and chairs,Round 3,context_cloze_mcq,click,Choose the correct word to fill in the blank: 我要買一____桌子跟四張椅子。,隻,棟,找,張,D,張,張
Q0079,C5-5-2-I7-W027,Vocabulary,5,5-2,7,上(面),shàng(miàn),N,above; over; on top of; on the surface of,Round 1,basic_meaning_mcq,click,Choose the correct English meaning of 「上(面)」.,window,above; over; on top of; on the surface of,half,room,B,above; over; on top of; on the surface of,
Q0080,C5-5-2-I7-W027,Vocabulary,5,5-2,7,上(面),shàng(miàn),N,above; over; on top of; on the surface of,Round 2,character_to_pinyin_typing,free_text,Type the pinyin for 「上(面)」 (tone marks or tone numbers are accepted).,,,,,,shàng(miàn),shàngmiàn | shang4mian4 | shang4 mian4 | shàng(miàn) | shang4(mian4) | shàng | shang4
Q0081,C5-5-2-I7-W027,Vocabulary,5,5-2,7,上(面),shàng(miàn),N,above; over; on top of; on the surface of,Round 3,context_cloze_mcq,click,Choose the correct word to fill in the blank: 你的筆在那本書____。,哥哥,姐姐,上面,下面,C,上面,上面 | 上
Q0082,C5-5-2-I8-W028,Vocabulary,5,5-2,8,有,yǒu,Vst,there is/are; to exist,Round 1,basic_meaning_mcq,click,Choose the correct English meaning of 「有」.,there is/are; to exist,café,ice cream,measure word for buildings,A,there is/are; to exist,
Q0083,C5-5-2-I8-W028,Vocabulary,5,5-2,8,有,yǒu,Vst,there is/are; to exist,Round 2,character_to_pinyin_typing,free_text,Type the pinyin for 「有」 (tone marks or tone numbers are accepted).,,,,,,yǒu,yǒu | you3
Q0084,C5-5-2-I8-W028,Vocabulary,5,5-2,8,有,yǒu,Vst,there is/are; to exist,Round 3,context_cloze_mcq,click,Choose the correct word to fill in the blank: 你的房間裡____幾張椅子？,音樂,窗戶,有,跟,C,有,有
Q0085,C5-5-2-I9-W029,Vocabulary,5,5-2,9,哥哥,gēge,N,elder brother,Round 1,basic_meaning_mcq,click,Choose the correct English meaning of 「哥哥」.,cat,at the back; behind,younger brother,elder brother,D,elder brother,
Q0086,C5-5-2-I9-W029,Vocabulary,5,5-2,9,哥哥,gēge,N,elder brother,Round 2,character_to_pinyin_typing,free_text,Type the pinyin for 「哥哥」 (tone marks or tone numbers are accepted).,,,,,,gēge,gēge | ge1ge | ge1 ge
Q0087,C5-5-2-I9-W029,Vocabulary,5,5-2,9,哥哥,gēge,N,elder brother,Round 3,context_cloze_mcq,click,Choose the correct word to fill in the blank: 我媽媽有一個____跟兩個妹妹。,姐姐,哥哥,裡面,椅子,B,哥哥,哥哥
Q0088,C5-5-2-I9-W030,Vocabulary,5,5-2,9,姐姐/姊姊,jiějie,N,elder sister,Round 1,basic_meaning_mcq,click,Choose the correct English meaning of 「姐姐/姊姊」.,kitchen,chair,door,elder sister,D,elder sister,
Q0089,C5-5-2-I9-W030,Vocabulary,5,5-2,9,姐姐/姊姊,jiějie,N,elder sister,Round 2,character_to_pinyin_typing,free_text,Type the pinyin for 「姐姐/姊姊」 (tone marks or tone numbers are accepted).,,,,,,jiějie,jiějie | jie3jie | jie3 jie
Q0090,C5-5-2-I9-W030,Vocabulary,5,5-2,9,姐姐/姊姊,jiějie,N,elder sister,Round 3,context_cloze_mcq,click,Choose the correct word to fill in the blank: 我有一個____。,裡面,廚房,姐姐,客廳,C,姐姐,姐姐 | 姊姊
Q0091,C5-5-2-I9-W031,Vocabulary,5,5-2,9,弟弟,dìdi,N,younger brother,Round 1,basic_meaning_mcq,click,Choose the correct English meaning of 「弟弟」.,younger brother,TV (television),the front; the front side; ahead; in front,above; over; on top of; on the surface of,A,younger brother,
Q0092,C5-5-2-I9-W031,Vocabulary,5,5-2,9,弟弟,dìdi,N,younger brother,Round 2,character_to_pinyin_typing,free_text,Type the pinyin for 「弟弟」 (tone marks or tone numbers are accepted).,,,,,,dìdi,dìdi | di4di | di4 di
Q0093,C5-5-2-I9-W031,Vocabulary,5,5-2,9,弟弟,dìdi,N,younger brother,Round 3,context_cloze_mcq,click,Choose the correct word to fill in the blank: 他有一個____。,後面,妹妹,弟弟,桌子,C,弟弟,弟弟
Q0094,C5-5-2-I9-W032,Vocabulary,5,5-2,9,妹妹,mèimei,N,younger sister,Round 1,basic_meaning_mcq,click,Choose the correct English meaning of 「妹妹」.,younger sister,younger brother,outside,table,A,younger sister,
Q0095,C5-5-2-I9-W032,Vocabulary,5,5-2,9,妹妹,mèimei,N,younger sister,Round 2,character_to_pinyin_typing,free_text,Type the pinyin for 「妹妹」 (tone marks or tone numbers are accepted).,,,,,,mèimei,mèimei | mei4mei | mei4 mei
Q0096,C5-5-2-I9-W032,Vocabulary,5,5-2,9,妹妹,mèimei,N,younger sister,Round 3,context_cloze_mcq,click,Choose the correct word to fill in the blank: 我媽媽有一個哥哥跟兩個____。,裡面,桌子,外面,妹妹,D,妹妹,妹妹
Q0097,C5-5-2-I10-W033,Vocabulary,5,5-2,10,沙發,shāfā,N,sofa,Round 1,basic_meaning_mcq,click,Choose the correct English meaning of 「沙發」.,bird,sofa,above; over; on top of; on the surface of,younger brother,B,sofa,
Q0098,C5-5-2-I10-W033,Vocabulary,5,5-2,10,沙發,shāfā,N,sofa,Round 2,character_to_pinyin_typing,free_text,Type the pinyin for 「沙發」 (tone marks or tone numbers are accepted).,,,,,,shāfā,shāfā | sha1fa1 | sha1 fa1
Q0099,C5-5-2-I10-W033,Vocabulary,5,5-2,10,沙發,shāfā,N,sofa,Round 3,context_cloze_mcq,click,Choose the correct word to fill in the blank: 客廳裡面有兩張____。,上面,外面,裡面,沙發,D,沙發,沙發
Q0100,C5-5-2-I11-W034,Vocabulary,5,5-2,11,下(面),xià(miàn),N,below; under; underneath,Round 1,basic_meaning_mcq,click,Choose the correct English meaning of 「下(面)」.,below; under; underneath,sofa,cat,furniture,A,below; under; underneath,
Q0101,C5-5-2-I11-W034,Vocabulary,5,5-2,11,下(面),xià(miàn),N,below; under; underneath,Round 2,character_to_pinyin_typing,free_text,Type the pinyin for 「下(面)」 (tone marks or tone numbers are accepted).,,,,,,xià(miàn),xiàmiàn | xia4mian4 | xia4 mian4 | xià(miàn) | xia4(mian4) | xià | xia4
Q0102,C5-5-2-I11-W034,Vocabulary,5,5-2,11,下(面),xià(miàn),N,below; under; underneath,Round 3,context_cloze_mcq,click,Choose the correct word to fill in the blank: 你的錢包在那件衣服____。,上面,旁邊,妹妹,下面,D,下面,下面 | 下
Q0103,C5-5-2-I12-W035,Vocabulary,5,5-2,12,旁邊,pángbiān,N,side; by the side of; next to,Round 1,basic_meaning_mcq,click,Choose the correct English meaning of 「旁邊」.,side; by the side of; next to,window,table,above; over; on top of; on the surface of,A,side; by the side of; next to,
Q0104,C5-5-2-I12-W035,Vocabulary,5,5-2,12,旁邊,pángbiān,N,side; by the side of; next to,Round 2,character_to_pinyin_typing,free_text,Type the pinyin for 「旁邊」 (tone marks or tone numbers are accepted).,,,,,,pángbiān,pángbiān | pang2bian1 | pang2 bian1
Q0105,C5-5-2-I12-W035,Vocabulary,5,5-2,12,旁邊,pángbiān,N,side; by the side of; next to,Round 3,context_cloze_mcq,click,Choose the correct word to fill in the blank: 我____有日本同學，前面跟後面都有美國同學。,房子,旁邊,椅子,客廳,B,旁邊,旁邊
Q0106,C5-5-2-I12-W036,Vocabulary,5,5-2,12,前(面),qián(miàn),N,the front; the front side; ahead; in front,Round 1,basic_meaning_mcq,click,Choose the correct English meaning of 「前(面)」.,bed,where,outside,the front; the front side; ahead; in front,D,the front; the front side; ahead; in front,
Q0107,C5-5-2-I12-W036,Vocabulary,5,5-2,12,前(面),qián(miàn),N,the front; the front side; ahead; in front,Round 2,character_to_pinyin_typing,free_text,Type the pinyin for 「前(面)」 (tone marks or tone numbers are accepted).,,,,,,qián(miàn),qián | qian2 | qián(miàn) | qian2(mian4) | qiánmiàn | qian2mian4 | qian2 mian4
Q0108,C5-5-2-I12-W036,Vocabulary,5,5-2,12,前(面),qián(miàn),N,the front; the front side; ahead; in front,Round 3,context_cloze_mcq,click,Choose the correct word to fill in the blank: 我旁邊有日本同學，____跟後面都有美國同學。,客廳,外面,前面,哥哥,C,前面,前面 | 前
Q0109,C5-5-2-I12-W037,Vocabulary,5,5-2,12,後(面),hòu(miàn),N,at the back; behind,Round 1,basic_meaning_mcq,click,Choose the correct English meaning of 「後(面)」.,furniture,above; over; on top of; on the surface of,elder sister,at the back; behind,D,at the back; behind,
Q0110,C5-5-2-I12-W037,Vocabulary,5,5-2,12,後(面),hòu(miàn),N,at the back; behind,Round 2,character_to_pinyin_typing,free_text,Type the pinyin for 「後(面)」 (tone marks or tone numbers are accepted).,,,,,,hòu(miàn),hòumiàn | hou4mian4 | hou4 mian4 | hòu(miàn) | hou4(mian4) | hòu | hou4
Q0111,C5-5-2-I12-W037,Vocabulary,5,5-2,12,後(面),hòu(miàn),N,at the back; behind,Round 3,context_cloze_mcq,click,Choose the correct word to fill in the blank: 我旁邊有日本同學，前面跟____都有美國同學。,後面,姐姐,客廳,下面,A,後面,後面 | 後
Q0112,C5-5-2-I13-W038,Vocabulary,5,5-2,13,幫,bāng,V,to help,Round 1,basic_meaning_mcq,click,Choose the correct English meaning of 「幫」.,to listen,table,to look for,to help,D,to help,
Q0113,C5-5-2-I13-W038,Vocabulary,5,5-2,13,幫,bāng,V,to help,Round 2,character_to_pinyin_typing,free_text,Type the pinyin for 「幫」 (tone marks or tone numbers are accepted).,,,,,,bāng,bāng | bang1
Q0114,C5-5-2-I13-W038,Vocabulary,5,5-2,13,幫,bāng,V,to help,Round 3,context_cloze_mcq,click,Choose the correct word to fill in the blank: 他常常____朋友，是一個好人。,幫,聽,曬太陽,找,A,幫,幫
Q0115,C5-5-2-I14-W039,Vocabulary,5,5-2,14,找,zhǎo,V,to look for,Round 1,basic_meaning_mcq,click,Choose the correct English meaning of 「找」.,to look for,to listen,younger sister,to help,A,to look for,
Q0116,C5-5-2-I14-W039,Vocabulary,5,5-2,14,找,zhǎo,V,to look for,Round 2,character_to_pinyin_typing,free_text,Type the pinyin for 「找」 (tone marks or tone numbers are accepted).,,,,,,zhǎo,zhǎo | zhao3
Q0117,C5-5-2-I14-W039,Vocabulary,5,5-2,14,找,zhǎo,V,to look for,Round 3,context_cloze_mcq,click,Choose the correct word to fill in the blank: 你要____什麼？我幫你找。,幫,妹妹,聽,找,D,找,找
Q0118,C5-5-2-I15-W040,Vocabulary,5,5-2,15,廚房,chúfáng,N,kitchen,Round 1,basic_meaning_mcq,click,Choose the correct English meaning of 「廚房」.,café,chair,kitchen,afternoon tea,C,kitchen,
Q0119,C5-5-2-I15-W040,Vocabulary,5,5-2,15,廚房,chúfáng,N,kitchen,Round 2,character_to_pinyin_typing,free_text,Type the pinyin for 「廚房」 (tone marks or tone numbers are accepted).,,,,,,chúfáng,chúfáng | chu2fang2 | chu2 fang2
Q0120,C5-5-2-I15-W040,Vocabulary,5,5-2,15,廚房,chúfáng,N,kitchen,Round 3,context_cloze_mcq,click,Choose the correct word to fill in the blank: 我家的____很大，我常常在家做飯。,前面,廚房,客廳,裡面,B,廚房,廚房
Q0121,C5-5-2-I16-W041,Vocabulary,5,5-2,16,再,zài,Adv,again,Round 1,basic_meaning_mcq,click,Choose the correct English meaning of 「再」.,TV (television),(to be located) at; in; on,chair,again,D,again,
Q0122,C5-5-2-I16-W041,Vocabulary,5,5-2,16,再,zài,Adv,again,Round 2,character_to_pinyin_typing,free_text,Type the pinyin for 「再」 (tone marks or tone numbers are accepted).,,,,,,zài,zài | zai4
Q0123,C5-5-2-I16-W041,Vocabulary,5,5-2,16,再,zài,Adv,again,Round 3,context_cloze_mcq,click,Choose the correct word to fill in the blank: 那家咖啡廳怎麼樣？你想____去嗎？,再,弟弟,曬太陽,找,A,再,再
Q0124,C5-5-3-I1-W042,Vocabulary,5,5-3,1,床,chuáng,N,bed,Round 1,basic_meaning_mcq,click,Choose the correct English meaning of 「床」.,bed,chocolate,outside,café,A,bed,
Q0125,C5-5-3-I1-W042,Vocabulary,5,5-3,1,床,chuáng,N,bed,Round 2,character_to_pinyin_typing,free_text,Type the pinyin for 「床」 (tone marks or tone numbers are accepted).,,,,,,chuáng,chuáng | chuang2
Q0126,C5-5-3-I1-W042,Vocabulary,5,5-3,1,床,chuáng,N,bed,Round 3,context_cloze_mcq,click,Choose the correct word to fill in the blank: 哥哥喜歡在____上看書。,床,門,狗,家具,A,床,床
Q0127,C5-5-3-I1-W043,Vocabulary,5,5-3,1,家具,jiājù,N,furniture,Round 1,basic_meaning_mcq,click,Choose the correct English meaning of 「家具」.,living room,door,chair,furniture,D,furniture,
Q0128,C5-5-3-I1-W043,Vocabulary,5,5-3,1,家具,jiājù,N,furniture,Round 2,character_to_pinyin_typing,free_text,Type the pinyin for 「家具」 (tone marks or tone numbers are accepted).,,,,,,jiājù,jiājù | jia1ju4 | jia1 ju4
Q0129,C5-5-3-I1-W043,Vocabulary,5,5-3,1,家具,jiājù,N,furniture,Round 3,context_cloze_mcq,click,Choose the correct word to fill in the blank: 這個新房子沒有很多____。,狗,家具,床,電視機,B,家具,家具
Q0130,C5-5-3-I2-W044,Vocabulary,5,5-3,2,電視(機),diànshì(jī),N,TV (television),Round 1,basic_meaning_mcq,click,Choose the correct English meaning of 「電視(機)」.,chocolate,here,TV (television),elder sister,C,TV (television),
Q0131,C5-5-3-I2-W044,Vocabulary,5,5-3,2,電視(機),diànshì(jī),N,TV (television),Round 2,character_to_pinyin_typing,free_text,Type the pinyin for 「電視(機)」 (tone marks or tone numbers are accepted).,,,,,,diànshì(jī),diànshì(jī) | dian4shi4(ji1) | dian4 shi4(ji1) | diànshìjī | dian4shi4ji1 | dian4 shi4 ji1 | diànshì | dian4shi4 | dian4 shi4
Q0132,C5-5-3-I2-W044,Vocabulary,5,5-3,2,電視(機),diànshì(jī),N,TV (television),Round 3,context_cloze_mcq,click,Choose the correct word to fill in the blank: 我想買一台____。,窗戶,鳥,電視機,狗,C,電視機,電視機 | 電視
Q0133,C5-5-3-I3-W045,Vocabulary,5,5-3,3,窗戶,chuānghù,N,window,Round 1,basic_meaning_mcq,click,Choose the correct English meaning of 「窗戶」.,furniture,sofa,elder sister,window,D,window,
Q0134,C5-5-3-I3-W045,Vocabulary,5,5-3,3,窗戶,chuānghù,N,window,Round 2,character_to_pinyin_typing,free_text,Type the pinyin for 「窗戶」 (tone marks or tone numbers are accepted).,,,,,,chuānghù,chuānghù | chuang1hu4 | chuang1 hu4
Q0135,C5-5-3-I3-W045,Vocabulary,5,5-3,3,窗戶,chuānghù,N,window,Round 3,context_cloze_mcq,click,Choose the correct word to fill in the blank: ____前面有很多花，很漂亮。,鳥,床,電視機,窗戶,D,窗戶,窗戶
Q0136,C5-5-3-I3-W046,Vocabulary,5,5-3,3,門,mén,N,door,Round 1,basic_meaning_mcq,click,Choose the correct English meaning of 「門」.,door,chocolate,the front; the front side; ahead; in front,chair,A,door,
Q0137,C5-5-3-I3-W046,Vocabulary,5,5-3,3,門,mén,N,door,Round 2,character_to_pinyin_typing,free_text,Type the pinyin for 「門」 (tone marks or tone numbers are accepted).,,,,,,mén,mén | men2
Q0138,C5-5-3-I3-W046,Vocabulary,5,5-3,3,門,mén,N,door,Round 3,context_cloze_mcq,click,Choose the correct word to fill in the blank: 弟弟在____後面。,電視機,窗戶,門,鳥,C,門,門
Q0139,C5-5-3-I4-W047,Vocabulary,5,5-3,4,貓,māo,N,cat,Round 1,basic_meaning_mcq,click,Choose the correct English meaning of 「貓」.,TV (television),younger sister,cat,chair,C,cat,
Q0140,C5-5-3-I4-W047,Vocabulary,5,5-3,4,貓,māo,N,cat,Round 2,character_to_pinyin_typing,free_text,Type the pinyin for 「貓」 (tone marks or tone numbers are accepted).,,,,,,māo,māo | mao1
Q0141,C5-5-3-I4-W047,Vocabulary,5,5-3,4,貓,māo,N,cat,Round 3,context_cloze_mcq,click,Choose the correct word to fill in the blank: 我家有一隻____、兩隻狗和三隻鳥。,鳥,貓,電視機,狗,B,貓,貓
Q0142,C5-5-3-I4-W048,Vocabulary,5,5-3,4,狗,gǒu,N,dog,Round 1,basic_meaning_mcq,click,Choose the correct English meaning of 「狗」.,dog,room,door,above; over; on top of; on the surface of,A,dog,
Q0143,C5-5-3-I4-W048,Vocabulary,5,5-3,4,狗,gǒu,N,dog,Round 2,character_to_pinyin_typing,free_text,Type the pinyin for 「狗」 (tone marks or tone numbers are accepted).,,,,,,gǒu,gǒu | gou3
Q0144,C5-5-3-I4-W048,Vocabulary,5,5-3,4,狗,gǒu,N,dog,Round 3,context_cloze_mcq,click,Choose the correct word to fill in the blank: 我家有一隻貓、兩隻____和三隻鳥。,貓,窗戶,鳥,狗,D,狗,狗
Q0145,C5-5-3-I4-W049,Vocabulary,5,5-3,4,鳥,niǎo,N,bird,Round 1,basic_meaning_mcq,click,Choose the correct English meaning of 「鳥」.,elder sister,bird,here,dog,B,bird,
Q0146,C5-5-3-I4-W049,Vocabulary,5,5-3,4,鳥,niǎo,N,bird,Round 2,character_to_pinyin_typing,free_text,Type the pinyin for 「鳥」 (tone marks or tone numbers are accepted).,,,,,,niǎo,niǎo | niao3
Q0147,C5-5-3-I4-W049,Vocabulary,5,5-3,4,鳥,niǎo,N,bird,Round 3,context_cloze_mcq,click,Choose the correct word to fill in the blank: 我家有一隻貓、兩隻狗和三隻____。,貓,門,鳥,狗,C,鳥,鳥
Q0148,C5-5-3-I4-W050,Vocabulary,5,5-3,4,隻,zhī,M,measure word for animals,Round 1,basic_meaning_mcq,click,Choose the correct English meaning of 「隻」.,measure word for buildings,the front; the front side; ahead; in front,measure word for tables and chairs,measure word for animals,D,measure word for animals,
Q0149,C5-5-3-I4-W050,Vocabulary,5,5-3,4,隻,zhī,M,measure word for animals,Round 2,character_to_pinyin_typing,free_text,Type the pinyin for 「隻」 (tone marks or tone numbers are accepted).,,,,,,zhī,zhī | zhi1
Q0150,C5-5-3-I4-W050,Vocabulary,5,5-3,4,隻,zhī,M,measure word for animals,Round 3,context_cloze_mcq,click,Choose the correct word to fill in the blank: 我家有一____貓、兩隻狗和三隻鳥。,棟,隻,張,鳥,B,隻,隻
Q0151,C6-6-1-I1-W051,Vocabulary,6,6-1,1,打,dǎ,V,to hit; to beat; to play (ball games),Round 1,basic_meaning_mcq,click,Choose the correct English meaning of 「打」.,to learn; to study,to ride,to say; to speak; to talk,to hit; to beat; to play (ball games),D,to hit; to beat; to play (ball games),
Q0152,C6-6-1-I1-W051,Vocabulary,6,6-1,1,打,dǎ,V,to hit; to beat; to play (ball games),Round 2,character_to_pinyin_typing,free_text,Type the pinyin for 「打」 (tone marks or tone numbers are accepted).,,,,,,dǎ,dǎ | da3
Q0153,C6-6-1-I1-W051,Vocabulary,6,6-1,1,打,dǎ,V,to hit; to beat; to play (ball games),Round 3,context_cloze_mcq,click,Choose the correct word to fill in the blank: 我跟同學常常一起在學校____網球。,踢,打,騎,說,B,打,打
Q0154,C6-6-1-I2-W052,Vocabulary,6,6-1,2,網球,wǎngqiú,N,tennis,Round 1,basic_meaning_mcq,click,Choose the correct English meaning of 「網球」.,bicycle; bike,tennis,ball,seaside; beach,B,tennis,
Q0155,C6-6-1-I2-W052,Vocabulary,6,6-1,2,網球,wǎngqiú,N,tennis,Round 2,character_to_pinyin_typing,free_text,Type the pinyin for 「網球」 (tone marks or tone numbers are accepted).,,,,,,wǎngqiú,wǎngqiú | wang3qiu2 | wang3 qiu2
Q0156,C6-6-1-I2-W052,Vocabulary,6,6-1,2,網球,wǎngqiú,N,tennis,Round 3,context_cloze_mcq,click,Choose the correct word to fill in the blank: 我跟同學常常一起在學校打____。,網球,海邊,海,風景,A,網球,網球
Q0157,C6-6-1-I2-W053,Vocabulary,6,6-1,2,球,qiú,N,ball,Round 1,basic_meaning_mcq,click,Choose the correct English meaning of 「球」.,competition; race; game,ball,tennis,scenery; landscapes,B,ball,
Q0158,C6-6-1-I2-W053,Vocabulary,6,6-1,2,球,qiú,N,ball,Round 2,character_to_pinyin_typing,free_text,Type the pinyin for 「球」 (tone marks or tone numbers are accepted).,,,,,,qiú,qiú | qiu2
Q0159,C6-6-1-I2-W053,Vocabulary,6,6-1,2,球,qiú,N,ball,Round 3,context_cloze_mcq,click,Choose the correct word to fill in the blank: 這是一個____。,山,棒球,球,風景,C,球,球
Q0160,C6-6-1-I2-W054,Vocabulary,6,6-1,2,籃球,lánqiú,N,basketball,Round 1,basic_meaning_mcq,click,Choose the correct English meaning of 「籃球」.,tennis,movie theater; cinema,seaside; beach,basketball,D,basketball,
Q0161,C6-6-1-I2-W054,Vocabulary,6,6-1,2,籃球,lánqiú,N,basketball,Round 2,character_to_pinyin_typing,free_text,Type the pinyin for 「籃球」 (tone marks or tone numbers are accepted).,,,,,,lánqiú,lánqiú | lan2qiu2 | lan2 qiu2
Q0162,C6-6-1-I2-W054,Vocabulary,6,6-1,2,籃球,lánqiú,N,basketball,Round 3,context_cloze_mcq,click,Choose the correct word to fill in the blank: 我每個週末去學校打____。,風景,籃球,網球,海,B,籃球,籃球
Q0163,C6-6-1-I2-W055,Vocabulary,6,6-1,2,棒球,bàngqiú,N,baseball,Round 1,basic_meaning_mcq,click,Choose the correct English meaning of 「棒球」.,baseball,football; soccer,bicycle; bike,movie theater; cinema,A,baseball,
Q0164,C6-6-1-I2-W055,Vocabulary,6,6-1,2,棒球,bàngqiú,N,baseball,Round 2,character_to_pinyin_typing,free_text,Type the pinyin for 「棒球」 (tone marks or tone numbers are accepted).,,,,,,bàngqiú,bàngqiú | bang4qiu2 | bang4 qiu2
Q0165,C6-6-1-I2-W055,Vocabulary,6,6-1,2,棒球,bàngqiú,N,baseball,Round 3,context_cloze_mcq,click,Choose the correct word to fill in the blank: 我弟弟喜歡打____，我想送他一個棒球。,棒球,風景,山,網球,A,棒球,棒球
Q0166,C6-6-1-I2-W056,Vocabulary,6,6-1,2,足球,zúqiú,N,football; soccer,Round 1,basic_meaning_mcq,click,Choose the correct English meaning of 「足球」.,movie theater; cinema,football; soccer,the day after tomorrow,interest; hobby,B,football; soccer,
Q0167,C6-6-1-I2-W056,Vocabulary,6,6-1,2,足球,zúqiú,N,football; soccer,Round 2,character_to_pinyin_typing,free_text,Type the pinyin for 「足球」 (tone marks or tone numbers are accepted).,,,,,,zúqiú,zúqiú | zu2qiu2 | zu2 qiu2
Q0168,C6-6-1-I2-W056,Vocabulary,6,6-1,2,足球,zúqiú,N,football; soccer,Round 3,context_cloze_mcq,click,Choose the correct word to fill in the blank: 那個孩子很愛踢____。,海,山,球,足球,D,足球,足球
Q0169,C6-6-1-I2-W057,Vocabulary,6,6-1,2,踢,tī,V,to kick,Round 1,basic_meaning_mcq,click,Choose the correct English meaning of 「踢」.,to ride,to say; to speak; to talk,to learn; to study,to kick,D,to kick,
Q0170,C6-6-1-I2-W057,Vocabulary,6,6-1,2,踢,tī,V,to kick,Round 2,character_to_pinyin_typing,free_text,Type the pinyin for 「踢」 (tone marks or tone numbers are accepted).,,,,,,tī,tī | ti1
Q0171,C6-6-1-I2-W057,Vocabulary,6,6-1,2,踢,tī,V,to kick,Round 3,context_cloze_mcq,click,Choose the correct word to fill in the blank: 那個孩子很愛____足球。,說,打,騎,踢,D,踢,踢
Q0172,C6-6-1-I3-W058,Vocabulary,6,6-1,3,海邊,hǎibiān,N,seaside; beach,Round 1,basic_meaning_mcq,click,Choose the correct English meaning of 「海邊」.,the day after tomorrow,movie theater; cinema,seaside; beach,cell phone,C,seaside; beach,
Q0173,C6-6-1-I3-W058,Vocabulary,6,6-1,3,海邊,hǎibiān,N,seaside; beach,Round 2,character_to_pinyin_typing,free_text,Type the pinyin for 「海邊」 (tone marks or tone numbers are accepted).,,,,,,hǎibiān,hǎibiān | hai3bian1 | hai3 bian1
Q0174,C6-6-1-I3-W058,Vocabulary,6,6-1,3,海邊,hǎibiān,N,seaside; beach,Round 3,context_cloze_mcq,click,Choose the correct word to fill in the blank: 今天天氣不錯，我們去____曬太陽吧。,海,海邊,棒球,網球,B,海邊,海邊
Q0175,C6-6-1-I3-W059,Vocabulary,6,6-1,3,海,hǎi,N,ocean; sea,Round 1,basic_meaning_mcq,click,Choose the correct English meaning of 「海」.,tennis,mountain,ocean; sea,competition; race; game,C,ocean; sea,
Q0176,C6-6-1-I3-W059,Vocabulary,6,6-1,3,海,hǎi,N,ocean; sea,Round 2,character_to_pinyin_typing,free_text,Type the pinyin for 「海」 (tone marks or tone numbers are accepted).,,,,,,hǎi,hǎi | hai3
Q0177,C6-6-1-I3-W059,Vocabulary,6,6-1,3,海,hǎi,N,ocean; sea,Round 3,context_cloze_mcq,click,Choose the correct word to fill in the blank: 這個週末我們一起去看____，怎麼樣？,海邊,海,風景,足球,B,海,海
Q0178,C6-6-1-I3-W060,Vocabulary,6,6-1,3,山,shān,N,mountain,Round 1,basic_meaning_mcq,click,Choose the correct English meaning of 「山」.,football; soccer,painting,mountain,ball,C,mountain,
Q0179,C6-6-1-I3-W060,Vocabulary,6,6-1,3,山,shān,N,mountain,Round 2,character_to_pinyin_typing,free_text,Type the pinyin for 「山」 (tone marks or tone numbers are accepted).,,,,,,shān,shān | shan1
Q0180,C6-6-1-I3-W060,Vocabulary,6,6-1,3,山,shān,N,mountain,Round 3,context_cloze_mcq,click,Choose the correct word to fill in the blank: 你喜歡____上的風景還是海邊的風景？,風景,籃球,網球,山,D,山,山
Q0181,C6-6-1-I4-W061,Vocabulary,6,6-1,4,風景,fēngjǐng,N,scenery; landscapes,Round 1,basic_meaning_mcq,click,Choose the correct English meaning of 「風景」.,scenery; landscapes,several; a few,basketball,competition; race; game,A,scenery; landscapes,
Q0182,C6-6-1-I4-W061,Vocabulary,6,6-1,4,風景,fēngjǐng,N,scenery; landscapes,Round 2,character_to_pinyin_typing,free_text,Type the pinyin for 「風景」 (tone marks or tone numbers are accepted).,,,,,,fēngjǐng,fēngjǐng | feng1jing3 | feng1 jing3
Q0183,C6-6-1-I4-W061,Vocabulary,6,6-1,4,風景,fēngjǐng,N,scenery; landscapes,Round 3,context_cloze_mcq,click,Choose the correct word to fill in the blank: 你喜歡山上的____還是海邊的風景？,山,風景,棒球,網球,B,風景,風景
Q0184,C6-6-1-I5-W062,Vocabulary,6,6-1,5,游泳,yóuyǒng,V-sep,to swim,Round 1,basic_meaning_mcq,click,Choose the correct English meaning of 「游泳」.,to talk; to speak,to swim,to sing (a song),to use/surf the internet,B,to swim,
Q0185,C6-6-1-I5-W062,Vocabulary,6,6-1,5,游泳,yóuyǒng,V-sep,to swim,Round 2,character_to_pinyin_typing,free_text,Type the pinyin for 「游泳」 (tone marks or tone numbers are accepted).,,,,,,yóuyǒng,yóuyǒng | you2yong3 | you2 yong3
Q0186,C6-6-1-I5-W062,Vocabulary,6,6-1,5,游泳,yóuyǒng,V-sep,to swim,Round 3,context_cloze_mcq,click,Choose the correct word to fill in the blank: 天氣好熱，我們去____，好不好？,上網,唱歌,說話,游泳,D,游泳,游泳
Q0187,C6-6-1-I6-W063,Vocabulary,6,6-1,6,會,huì,Vaux,to be able to; can,Round 1,basic_meaning_mcq,click,Choose the correct English meaning of 「會」.,can; could (suggestion),baseball,to be able to; can,should; ought to,C,to be able to; can,
Q0188,C6-6-1-I6-W063,Vocabulary,6,6-1,6,會,huì,Vaux,to be able to; can,Round 2,character_to_pinyin_typing,free_text,Type the pinyin for 「會」 (tone marks or tone numbers are accepted).,,,,,,huì,huì | hui4
Q0189,C6-6-1-I6-W063,Vocabulary,6,6-1,6,會,huì,Vaux,to be able to; can,Round 3,context_cloze_mcq,click,Choose the correct word to fill in the blank: 我不____游泳，你會嗎？,應該,會,可以,有的時候,B,會,會
Q0190,C6-6-1-I7-W064,Vocabulary,6,6-1,7,得,de,Ptc,complement marker,Round 1,basic_meaning_mcq,click,Choose the correct English meaning of 「得」.,Don't... (used in imperatives),sometimes,to ride,complement marker,D,complement marker,
Q0191,C6-6-1-I7-W064,Vocabulary,6,6-1,7,得,de,Ptc,complement marker,Round 2,character_to_pinyin_typing,free_text,Type the pinyin for 「得」 (tone marks or tone numbers are accepted).,,,,,,de,de
Q0192,C6-6-1-I7-W064,Vocabulary,6,6-1,7,得,de,Ptc,complement marker,Round 3,context_cloze_mcq,click,Choose the correct word to fill in the blank: 今天我去朋友家玩____很開心。,踢,比賽,得,歌,C,得,得
Q0193,C6-6-1-I8-W065,Vocabulary,6,6-1,8,跑步,pǎobù,Vi,to run,Round 1,basic_meaning_mcq,click,Choose the correct English meaning of 「跑步」.,mountain,to exercise,to run,to take a rest,C,to run,
Q0194,C6-6-1-I8-W065,Vocabulary,6,6-1,8,跑步,pǎobù,Vi,to run,Round 2,character_to_pinyin_typing,free_text,Type the pinyin for 「跑步」 (tone marks or tone numbers are accepted).,,,,,,pǎobù,pǎobù | pao3bu4 | pao3 bu4
Q0195,C6-6-1-I8-W065,Vocabulary,6,6-1,8,跑步,pǎobù,Vi,to run,Round 3,context_cloze_mcq,click,Choose the correct word to fill in the blank: 我每個星期都去學校____。,運動,休息,跑,跑步,D,跑步,跑步
Q0196,C6-6-1-I9-W066,Vocabulary,6,6-1,9,跑,pǎo,Vi,to run,Round 1,basic_meaning_mcq,click,Choose the correct English meaning of 「跑」.,slow; slowly,to run,to exercise,to take a rest,B,to run,
Q0197,C6-6-1-I9-W066,Vocabulary,6,6-1,9,跑,pǎo,Vi,to run,Round 2,character_to_pinyin_typing,free_text,Type the pinyin for 「跑」 (tone marks or tone numbers are accepted).,,,,,,pǎo,pǎo | pao3
Q0198,C6-6-1-I9-W066,Vocabulary,6,6-1,9,跑,pǎo,Vi,to run,Round 3,context_cloze_mcq,click,Choose the correct word to fill in the blank: 我妹妹____得很慢。,跑步,運動,跑,休息,C,跑,跑
Q0199,C6-6-1-I10-W067,Vocabulary,6,6-1,10,慢,màn,Vs,slow; slowly,Round 1,basic_meaning_mcq,click,Choose the correct English meaning of 「慢」.,fast; quick,interesting,slow; slowly,happy,C,slow; slowly,
Q0200,C6-6-1-I10-W067,Vocabulary,6,6-1,10,慢,màn,Vs,slow; slowly,Round 2,character_to_pinyin_typing,free_text,Type the pinyin for 「慢」 (tone marks or tone numbers are accepted).,,,,,,màn,màn | man4
Q0201,C6-6-1-I10-W067,Vocabulary,6,6-1,10,慢,màn,Vs,slow; slowly,Round 3,context_cloze_mcq,click,Choose the correct word to fill in the blank: 我妹妹跑得很____。,高興,慢,快,有趣,B,慢,慢
Q0202,C6-6-1-I10-W068,Vocabulary,6,6-1,10,快,kuài,Vs,fast; quick,Round 1,basic_meaning_mcq,click,Choose the correct English meaning of 「快」.,happy,fast; quick,interesting,slow; slowly,B,fast; quick,
Q0203,C6-6-1-I10-W068,Vocabulary,6,6-1,10,快,kuài,Vs,fast; quick,Round 2,character_to_pinyin_typing,free_text,Type the pinyin for 「快」 (tone marks or tone numbers are accepted).,,,,,,kuài,kuài | kuai4
Q0204,C6-6-1-I10-W068,Vocabulary,6,6-1,10,快,kuài,Vs,fast; quick,Round 3,context_cloze_mcq,click,Choose the correct word to fill in the blank: 她看書看得很____。,有趣,慢,高興,快,D,快,快
Q0205,C6-6-1-I11-W069,Vocabulary,6,6-1,11,說,shuō,V,to say; to speak; to talk,Round 1,basic_meaning_mcq,click,Choose the correct English meaning of 「說」.,to say; to speak; to talk,to ride,to learn; to study,to kick,A,to say; to speak; to talk,
Q0206,C6-6-1-I11-W069,Vocabulary,6,6-1,11,說,shuō,V,to say; to speak; to talk,Round 2,character_to_pinyin_typing,free_text,Type the pinyin for 「說」 (tone marks or tone numbers are accepted).,,,,,,shuō,shuō | shuo1
Q0207,C6-6-1-I11-W069,Vocabulary,6,6-1,11,說,shuō,V,to say; to speak; to talk,Round 3,context_cloze_mcq,click,Choose the correct word to fill in the blank: 我朋友____這家餐廳的咖啡很好喝。,說,踢,騎,打,A,說,說
Q0208,C6-6-1-I11-W070,Vocabulary,6,6-1,11,說話,shuōhuà,V-sep,to talk; to speak,Round 1,basic_meaning_mcq,click,Choose the correct English meaning of 「說話」.,to use/surf the internet,to swim,to sing (a song),to talk; to speak,D,to talk; to speak,
Q0209,C6-6-1-I11-W070,Vocabulary,6,6-1,11,說話,shuōhuà,V-sep,to talk; to speak,Round 2,character_to_pinyin_typing,free_text,Type the pinyin for 「說話」 (tone marks or tone numbers are accepted).,,,,,,shuōhuà,shuōhuà | shuo1hua4 | shuo1 hua4
Q0210,C6-6-1-I11-W070,Vocabulary,6,6-1,11,說話,shuōhuà,V-sep,to talk; to speak,Round 3,context_cloze_mcq,click,Choose the correct word to fill in the blank: 我男朋友不太喜歡____。,跳舞,說話,游泳,唱歌,B,說話,說話
Q0211,C6-6-2-I1-W071,Vocabulary,6,6-2,1,電影,diànyǐng,N,movie,Round 1,basic_meaning_mcq,click,Choose the correct English meaning of 「電影」.,computer,song,movie,several; a few,C,movie,
Q0212,C6-6-2-I1-W071,Vocabulary,6,6-2,1,電影,diànyǐng,N,movie,Round 2,character_to_pinyin_typing,free_text,Type the pinyin for 「電影」 (tone marks or tone numbers are accepted).,,,,,,diànyǐng,diànyǐng | dian4ying3 | dian4 ying3
Q0213,C6-6-2-I1-W071,Vocabulary,6,6-2,1,電影,diànyǐng,N,movie,Round 3,context_cloze_mcq,click,Choose the correct word to fill in the blank: 我跟媽媽明天下午要一起去看____。,後天,電腦,電影,電影院,C,電影,電影
Q0214,C6-6-2-I1-W072,Vocabulary,6,6-2,1,部,bù,M,measure word for movies,Round 1,basic_meaning_mcq,click,Choose the correct English meaning of 「部」.,measure word for vehicles,measure word for cell phone,measure word for movies,measure word for songs,C,measure word for movies,
Q0215,C6-6-2-I1-W072,Vocabulary,6,6-2,1,部,bù,M,measure word for movies,Round 2,character_to_pinyin_typing,free_text,Type the pinyin for 「部」 (tone marks or tone numbers are accepted).,,,,,,bù,bù | bu4
Q0216,C6-6-2-I1-W072,Vocabulary,6,6-2,1,部,bù,M,measure word for movies,Round 3,context_cloze_mcq,click,Choose the correct word to fill in the blank: 我覺得這____電影很有趣。,首,支,部,輛,C,部,部
Q0217,C6-6-2-I1-W073,Vocabulary,6,6-2,1,電影院,diànyǐngyuàn,N,movie theater; cinema,Round 1,basic_meaning_mcq,click,Choose the correct English meaning of 「電影院」.,several; a few,movie theater; cinema,painting,baseball,B,movie theater; cinema,
Q0218,C6-6-2-I1-W073,Vocabulary,6,6-2,1,電影院,diànyǐngyuàn,N,movie theater; cinema,Round 2,character_to_pinyin_typing,free_text,Type the pinyin for 「電影院」 (tone marks or tone numbers are accepted).,,,,,,diànyǐngyuàn,diànyǐngyuàn | dian4ying3yuan4 | dian4 ying3 yuan4
Q0219,C6-6-2-I1-W073,Vocabulary,6,6-2,1,電影院,diànyǐngyuàn,N,movie theater; cinema,Round 3,context_cloze_mcq,click,Choose the correct word to fill in the blank: 我們學校旁邊有一家____。,腳踏車,電腦,電影院,電影,C,電影院,電影院
Q0220,C6-6-2-I2-W074,Vocabulary,6,6-2,2,有趣,yǒuqù,Vs,interesting,Round 1,basic_meaning_mcq,click,Choose the correct English meaning of 「有趣」.,interesting,slow; slowly,fast; quick,happy,A,interesting,
Q0221,C6-6-2-I2-W074,Vocabulary,6,6-2,2,有趣,yǒuqù,Vs,interesting,Round 2,character_to_pinyin_typing,free_text,Type the pinyin for 「有趣」 (tone marks or tone numbers are accepted).,,,,,,yǒuqù,yǒuqù | you3qu4 | you3 qu4
Q0222,C6-6-2-I2-W074,Vocabulary,6,6-2,2,有趣,yǒuqù,Vs,interesting,Round 3,context_cloze_mcq,click,Choose the correct word to fill in the blank: 王老師的課很____，每個學生都喜歡她。,慢,高興,有趣,快,C,有趣,有趣
Q0223,C6-6-2-I3-W075,Vocabulary,6,6-2,3,覺得,juéde,Vst,to feel; to think,Round 1,basic_meaning_mcq,click,Choose the correct English meaning of 「覺得」.,to hear of,to feel; to think,to draw; to paint,song,B,to feel; to think,
Q0224,C6-6-2-I3-W075,Vocabulary,6,6-2,3,覺得,juéde,Vst,to feel; to think,Round 2,character_to_pinyin_typing,free_text,Type the pinyin for 「覺得」 (tone marks or tone numbers are accepted).,,,,,,juéde,juéde | jue2de | jue2 de
Q0225,C6-6-2-I3-W075,Vocabulary,6,6-2,3,覺得,juéde,Vst,to feel; to think,Round 3,context_cloze_mcq,click,Choose the correct word to fill in the blank: 我____這部電影很有趣，你覺得呢？,覺得,快,幾,學習,A,覺得,覺得
Q0226,C6-6-2-I4-W076,Vocabulary,6,6-2,4,有(一)點(兒),yǒu(yì)diǎn(r),Adv,a little,Round 1,basic_meaning_mcq,click,Choose the correct English meaning of 「有(一)點(兒)」.,only; just,sometimes,a little,really,C,a little,
Q0227,C6-6-2-I4-W076,Vocabulary,6,6-2,4,有(一)點(兒),yǒu(yì)diǎn(r),Adv,a little,Round 2,character_to_pinyin_typing,free_text,Type the pinyin for 「有(一)點(兒)」 (tone marks or tone numbers are accepted).,,,,,,yǒu(yì)diǎn(r),yǒuyìdiǎnr | you3yi4dian3r | you3 yi4 dian3 r | yǒuyìdiǎn | you3yi4dian3 | you3 yi4 dian3 | yǒudiǎn | you3dian3 | you3 dian3 | yǒu(yì)diǎn(r) | you3(yi4)dian3(r) | yǒudiǎnr | you3dian3r | you3 dian3 r
Q0228,C6-6-2-I4-W076,Vocabulary,6,6-2,4,有(一)點(兒),yǒu(yì)diǎn(r),Adv,a little,Round 3,context_cloze_mcq,click,Choose the correct word to fill in the blank: 那家店的冰淇淋很好吃，可是____貴。,有的時候,只,真,有點兒,D,有點兒,有一點兒 | 有一點 | 有點兒 | 有點
Q0229,C6-6-2-I5-W077,Vocabulary,6,6-2,5,休息,xiūxí,Vi,to take a rest,Round 1,basic_meaning_mcq,click,Choose the correct English meaning of 「休息」.,to run,to exercise,measure word for vehicles,to take a rest,D,to take a rest,
Q0230,C6-6-2-I5-W077,Vocabulary,6,6-2,5,休息,xiūxí,Vi,to take a rest,Round 2,character_to_pinyin_typing,free_text,Type the pinyin for 「休息」 (tone marks or tone numbers are accepted).,,,,,,xiūxí,xiūxí | xiu1xi2 | xiu1 xi2
Q0231,C6-6-2-I5-W077,Vocabulary,6,6-2,5,休息,xiūxí,Vi,to take a rest,Round 3,context_cloze_mcq,click,Choose the correct word to fill in the blank: 我很累，想在房間____。,跑步,運動,休息,跑,C,休息,休息
Q0232,C6-6-2-I6-W078,Vocabulary,6,6-2,6,上網,shàngwǎng,V-sep,to use/surf the internet,Round 1,basic_meaning_mcq,click,Choose the correct English meaning of 「上網」.,to talk; to speak,to sing (a song),to use/surf the internet,to dance,C,to use/surf the internet,
Q0233,C6-6-2-I6-W078,Vocabulary,6,6-2,6,上網,shàngwǎng,V-sep,to use/surf the internet,Round 2,character_to_pinyin_typing,free_text,Type the pinyin for 「上網」 (tone marks or tone numbers are accepted).,,,,,,shàngwǎng,shàngwǎng | shang4wang3 | shang4 wang3
Q0234,C6-6-2-I6-W078,Vocabulary,6,6-2,6,上網,shàngwǎng,V-sep,to use/surf the internet,Round 3,context_cloze_mcq,click,Choose the correct word to fill in the blank: 我常常在咖啡廳____、看書。,唱歌,游泳,說話,上網,D,上網,上網
Q0235,C6-6-2-I7-W079,Vocabulary,6,6-2,7,電腦,diànnǎo,N,computer,Round 1,basic_meaning_mcq,click,Choose the correct English meaning of 「電腦」.,computer,mountain,seaside; beach,scenery; landscapes,A,computer,
Q0236,C6-6-2-I7-W079,Vocabulary,6,6-2,7,電腦,diànnǎo,N,computer,Round 2,character_to_pinyin_typing,free_text,Type the pinyin for 「電腦」 (tone marks or tone numbers are accepted).,,,,,,diànnǎo,diànnǎo | dian4nao3 | dian4 nao3
Q0237,C6-6-2-I7-W079,Vocabulary,6,6-2,7,電腦,diànnǎo,N,computer,Round 3,context_cloze_mcq,click,Choose the correct word to fill in the blank: 我要買一部新____。,腳踏車,電腦,電影,電影院,B,電腦,電腦
Q0238,C6-6-2-I8-W080,Vocabulary,6,6-2,8,手機,shǒujī,N,cell phone,Round 1,basic_meaning_mcq,click,Choose the correct English meaning of 「手機」.,computer,competition; race; game,the day before yesterday,cell phone,D,cell phone,
Q0239,C6-6-2-I8-W080,Vocabulary,6,6-2,8,手機,shǒujī,N,cell phone,Round 2,character_to_pinyin_typing,free_text,Type the pinyin for 「手機」 (tone marks or tone numbers are accepted).,,,,,,shǒujī,shǒujī | shou3ji1 | shou3 ji1
Q0240,C6-6-2-I8-W080,Vocabulary,6,6-2,8,手機,shǒujī,N,cell phone,Round 3,context_cloze_mcq,click,Choose the correct word to fill in the blank: 我有____，可是沒有電腦。,電腦,後天,腳踏車,手機,D,手機,手機
Q0241,C6-6-2-I8-W081,Vocabulary,6,6-2,8,支,zhī,M,measure word for cell phone,Round 1,basic_meaning_mcq,click,Choose the correct English meaning of 「支」.,measure word for vehicles,measure word for songs,measure word for movies,measure word for cell phone,D,measure word for cell phone,
Q0242,C6-6-2-I8-W081,Vocabulary,6,6-2,8,支,zhī,M,measure word for cell phone,Round 2,character_to_pinyin_typing,free_text,Type the pinyin for 「支」 (tone marks or tone numbers are accepted).,,,,,,zhī,zhī | zhi1
Q0243,C6-6-2-I8-W081,Vocabulary,6,6-2,8,支,zhī,M,measure word for cell phone,Round 3,context_cloze_mcq,click,Choose the correct word to fill in the blank: 我有一____手機。,首,部,支,輛,C,支,支
Q0244,C6-6-2-I9-W082,Vocabulary,6,6-2,9,應該,yīnggāi,Vaux,should; ought to,Round 1,basic_meaning_mcq,click,Choose the correct English meaning of 「應該」.,should; ought to,scenery; landscapes,can; could (suggestion),to be able to; can,A,should; ought to,
Q0245,C6-6-2-I9-W082,Vocabulary,6,6-2,9,應該,yīnggāi,Vaux,should; ought to,Round 2,character_to_pinyin_typing,free_text,Type the pinyin for 「應該」 (tone marks or tone numbers are accepted).,,,,,,yīnggāi,yīnggāi | ying1gai1 | ying1 gai1
Q0246,C6-6-2-I9-W082,Vocabulary,6,6-2,9,應該,yīnggāi,Vaux,should; ought to,Round 3,context_cloze_mcq,click,Choose the correct word to fill in the blank: 我們____常常說請、謝謝。,可以,應該,支,會,B,應該,應該
Q0247,C6-6-2-I10-W083,Vocabulary,6,6-2,10,運動,yùndòng,Vi,to exercise,Round 1,basic_meaning_mcq,click,Choose the correct English meaning of 「運動」.,to exercise,to run,to take a rest,to feel; to think,A,to exercise,
Q0248,C6-6-2-I10-W083,Vocabulary,6,6-2,10,運動,yùndòng,Vi,to exercise,Round 2,character_to_pinyin_typing,free_text,Type the pinyin for 「運動」 (tone marks or tone numbers are accepted).,,,,,,yùndòng,yùndòng | yun4dong4 | yun4 dong4
Q0249,C6-6-2-I10-W083,Vocabulary,6,6-2,10,運動,yùndòng,Vi,to exercise,Round 3,context_cloze_mcq,click,Choose the correct word to fill in the blank: 我每天早上七點去學校____。,休息,運動,跑,跑步,B,運動,運動
Q0250,C6-6-2-I11-W084,Vocabulary,6,6-2,11,可以,kěyǐ,Vaux,can; could (suggestion),Round 1,basic_meaning_mcq,click,Choose the correct English meaning of 「可以」.,to be able to; can,should; ought to,scenery; landscapes,can; could (suggestion),D,can; could (suggestion),
Q0251,C6-6-2-I11-W084,Vocabulary,6,6-2,11,可以,kěyǐ,Vaux,can; could (suggestion),Round 2,character_to_pinyin_typing,free_text,Type the pinyin for 「可以」 (tone marks or tone numbers are accepted).,,,,,,kěyǐ,kěyǐ | ke3yi3 | ke3 yi3
Q0252,C6-6-2-I11-W084,Vocabulary,6,6-2,11,可以,kěyǐ,Vaux,can; could (suggestion),Round 3,context_cloze_mcq,click,Choose the correct word to fill in the blank: 她很喜歡花，你____送她一些漂亮的花。,應該,電影院,可以,會,C,可以,可以
Q0253,C6-6-2-I12-W085,Vocabulary,6,6-2,12,騎,qí,V,to ride,Round 1,basic_meaning_mcq,click,Choose the correct English meaning of 「騎」.,to ride,to say; to speak; to talk,to kick,to learn; to study,A,to ride,
Q0254,C6-6-2-I12-W085,Vocabulary,6,6-2,12,騎,qí,V,to ride,Round 2,character_to_pinyin_typing,free_text,Type the pinyin for 「騎」 (tone marks or tone numbers are accepted).,,,,,,qí,qí | qi2
Q0255,C6-6-2-I12-W085,Vocabulary,6,6-2,12,騎,qí,V,to ride,Round 3,context_cloze_mcq,click,Choose the correct word to fill in the blank: 這個週末我們要去____腳踏車。,學習,騎,說,學,B,騎,騎
Q0256,C6-6-2-I13-W086,Vocabulary,6,6-2,13,腳踏車/自行車,jiǎotàchē/zìxíngchē,N,bicycle; bike,Round 1,basic_meaning_mcq,click,Choose the correct English meaning of 「腳踏車/自行車」.,bicycle; bike,seaside; beach,song,scenery; landscapes,A,bicycle; bike,
Q0257,C6-6-2-I13-W086,Vocabulary,6,6-2,13,腳踏車/自行車,jiǎotàchē/zìxíngchē,N,bicycle; bike,Round 2,character_to_pinyin_typing,free_text,Type the pinyin for 「腳踏車/自行車」 (tone marks or tone numbers are accepted).,,,,,,jiǎotàchē/zìxíngchē,zìxíngchē | zi4xing2che1 | zi4 xing2 che1 | jiǎotàchē | jiao3ta4che1 | jiao3 ta4 che1 | jiǎotàchē/zìxíngchē | jiao3ta4che1/zi4xing2che1 | jiao3 ta4 che1/zi4 xing2 che1
Q0258,C6-6-2-I13-W086,Vocabulary,6,6-2,13,腳踏車/自行車,jiǎotàchē/zìxíngchē,N,bicycle; bike,Round 3,context_cloze_mcq,click,Choose the correct word to fill in the blank: 這個週末我們要去騎____。,電腦,電影院,腳踏車,後天,C,腳踏車,腳踏車 | 自行車
Q0259,C6-6-2-I13-W087,Vocabulary,6,6-2,13,輛,liàng,M,measure word for vehicles,Round 1,basic_meaning_mcq,click,Choose the correct English meaning of 「輛」.,measure word for cell phone,measure word for movies,measure word for vehicles,measure word for songs,C,measure word for vehicles,
Q0260,C6-6-2-I13-W087,Vocabulary,6,6-2,13,輛,liàng,M,measure word for vehicles,Round 2,character_to_pinyin_typing,free_text,Type the pinyin for 「輛」 (tone marks or tone numbers are accepted).,,,,,,liàng,liàng | liang4
Q0261,C6-6-2-I13-W087,Vocabulary,6,6-2,13,輛,liàng,M,measure word for vehicles,Round 3,context_cloze_mcq,click,Choose the correct word to fill in the blank: 我有一____腳踏車。,輛,部,支,首,A,輛,輛
Q0262,C6-6-2-I14-W088,Vocabulary,6,6-2,14,只,zhǐ,Adv,only; just,Round 1,basic_meaning_mcq,click,Choose the correct English meaning of 「只」.,only; just,sometimes,a little,really,A,only; just,
Q0263,C6-6-2-I14-W088,Vocabulary,6,6-2,14,只,zhǐ,Adv,only; just,Round 2,character_to_pinyin_typing,free_text,Type the pinyin for 「只」 (tone marks or tone numbers are accepted).,,,,,,zhǐ,zhǐ | zhi3
Q0264,C6-6-2-I14-W088,Vocabulary,6,6-2,14,只,zhǐ,Adv,only; just,Round 3,context_cloze_mcq,click,Choose the correct word to fill in the blank: 我現在不餓，____想吃一點兒水果。,只,有的時候,真,有一點兒,A,只,只
Q0265,C6-6-2-I15-W089,Vocabulary,6,6-2,15,後天,hòutiān,N,the day after tomorrow,Round 1,basic_meaning_mcq,click,Choose the correct English meaning of 「後天」.,ocean; sea,ball,the day after tomorrow,tennis,C,the day after tomorrow,
Q0266,C6-6-2-I15-W089,Vocabulary,6,6-2,15,後天,hòutiān,N,the day after tomorrow,Round 2,character_to_pinyin_typing,free_text,Type the pinyin for 「後天」 (tone marks or tone numbers are accepted).,,,,,,hòutiān,hòutiān | hou4tian1 | hou4 tian1
Q0267,C6-6-2-I15-W089,Vocabulary,6,6-2,15,後天,hòutiān,N,the day after tomorrow,Round 3,context_cloze_mcq,click,Choose the correct word to fill in the blank: ____是我朋友的生日，我想送他一個大蛋糕。,電影,電腦,後天,前天,C,後天,後天
Q0268,C6-6-2-I15-W090,Vocabulary,6,6-2,15,前天,qiántiān,N,the day before yesterday,Round 1,basic_meaning_mcq,click,Choose the correct English meaning of 「前天」.,scenery; landscapes,the day before yesterday,cell phone,movie theater; cinema,B,the day before yesterday,
Q0269,C6-6-2-I15-W090,Vocabulary,6,6-2,15,前天,qiántiān,N,the day before yesterday,Round 2,character_to_pinyin_typing,free_text,Type the pinyin for 「前天」 (tone marks or tone numbers are accepted).,,,,,,qiántiān,qiántiān | qian2tian1 | qian2 tian1
Q0270,C6-6-2-I15-W090,Vocabulary,6,6-2,15,前天,qiántiān,N,the day before yesterday,Round 3,context_cloze_mcq,click,Choose the correct word to fill in the blank: ____下午我在學校的圖書館看書。,前天,電腦,電影院,後天,A,前天,前天
Q0271,C6-6-3-I1-W091,Vocabulary,6,6-3,1,興趣,xìngqù,N,interest; hobby,Round 1,basic_meaning_mcq,click,Choose the correct English meaning of 「興趣」.,ocean; sea,computer,cell phone,interest; hobby,D,interest; hobby,
Q0272,C6-6-3-I1-W091,Vocabulary,6,6-3,1,興趣,xìngqù,N,interest; hobby,Round 2,character_to_pinyin_typing,free_text,Type the pinyin for 「興趣」 (tone marks or tone numbers are accepted).,,,,,,xìngqù,xìngqù | xing4qu4 | xing4 qu4
Q0273,C6-6-3-I1-W091,Vocabulary,6,6-3,1,興趣,xìngqù,N,interest; hobby,Round 3,context_cloze_mcq,click,Choose the correct word to fill in the blank: 我的____是運動，打網球、游泳，我都喜歡。,興趣,平常,幾,比賽,A,興趣,興趣
Q0274,C6-6-3-I2-W092,Vocabulary,6,6-3,2,幾,jǐ,N,several; a few,Round 1,basic_meaning_mcq,click,Choose the correct English meaning of 「幾」.,movie,ocean; sea,football; soccer,several; a few,D,several; a few,
Q0275,C6-6-3-I2-W092,Vocabulary,6,6-3,2,幾,jǐ,N,several; a few,Round 2,character_to_pinyin_typing,free_text,Type the pinyin for 「幾」 (tone marks or tone numbers are accepted).,,,,,,jǐ,jǐ | ji3
Q0276,C6-6-3-I2-W092,Vocabulary,6,6-3,2,幾,jǐ,N,several; a few,Round 3,context_cloze_mcq,click,Choose the correct word to fill in the blank: 我有____個臺灣朋友。,幾,興趣,比賽,畫,A,幾,幾
Q0277,C6-6-3-I3-W093,Vocabulary,6,6-3,3,學,xué,V,to learn; to study,Round 1,basic_meaning_mcq,click,Choose the correct English meaning of 「學」.,to hit; to beat; to play (ball games),to say; to speak; to talk,to learn; to study,to kick,C,to learn; to study,
Q0278,C6-6-3-I3-W093,Vocabulary,6,6-3,3,學,xué,V,to learn; to study,Round 2,character_to_pinyin_typing,free_text,Type the pinyin for 「學」 (tone marks or tone numbers are accepted).,,,,,,xué,xué | xue2
Q0279,C6-6-3-I3-W093,Vocabulary,6,6-3,3,學,xué,V,to learn; to study,Round 3,context_cloze_mcq,click,Choose the correct word to fill in the blank: 我們都喜歡____中文。,學,學習,說,騎,A,學,學
Q0280,C6-6-3-I3-W094,Vocabulary,6,6-3,3,學習,xuéxí,V,to learn; to study,Round 1,basic_meaning_mcq,click,Choose the correct English meaning of 「學習」.,to learn; to study,to ride,to kick,to say; to speak; to talk,A,to learn; to study,
Q0281,C6-6-3-I3-W094,Vocabulary,6,6-3,3,學習,xuéxí,V,to learn; to study,Round 2,character_to_pinyin_typing,free_text,Type the pinyin for 「學習」 (tone marks or tone numbers are accepted).,,,,,,xuéxí,xuéxí | xue2xi2 | xue2 xi2
Q0282,C6-6-3-I3-W094,Vocabulary,6,6-3,3,學習,xuéxí,V,to learn; to study,Round 3,context_cloze_mcq,click,Choose the correct word to fill in the blank: 我們都喜歡____中文。,騎,學習,打,學,B,學習,學習
Q0283,C6-6-3-I4-W095,Vocabulary,6,6-3,4,唱歌,chànggē,V-sep,to sing (a song),Round 1,basic_meaning_mcq,click,Choose the correct English meaning of 「唱歌」.,to sing (a song),to draw; to paint,to talk; to speak,to dance,A,to sing (a song),
Q0284,C6-6-3-I4-W095,Vocabulary,6,6-3,4,唱歌,chànggē,V-sep,to sing (a song),Round 2,character_to_pinyin_typing,free_text,Type the pinyin for 「唱歌」 (tone marks or tone numbers are accepted).,,,,,,chànggē,chànggē | chang4ge1 | chang4 ge1
Q0285,C6-6-3-I4-W095,Vocabulary,6,6-3,4,唱歌,chànggē,V-sep,to sing (a song),Round 3,context_cloze_mcq,click,Choose the correct word to fill in the blank: 他____唱得很開心。,跳舞,畫畫,說話,唱歌,D,唱歌,唱歌
Q0286,C6-6-3-I4-W096,Vocabulary,6,6-3,4,歌,gē,N,song,Round 1,basic_meaning_mcq,click,Choose the correct English meaning of 「歌」.,song,generally; usually,movie,computer,A,song,
Q0287,C6-6-3-I4-W096,Vocabulary,6,6-3,4,歌,gē,N,song,Round 2,character_to_pinyin_typing,free_text,Type the pinyin for 「歌」 (tone marks or tone numbers are accepted).,,,,,,gē,gē | ge1
Q0288,C6-6-3-I4-W096,Vocabulary,6,6-3,4,歌,gē,N,song,Round 3,context_cloze_mcq,click,Choose the correct word to fill in the blank: 他會唱很多首中文____。,幾,畫,歌,平常,C,歌,歌
Q0289,C6-6-3-I4-W097,Vocabulary,6,6-3,4,首,shǒu,M,measure word for songs,Round 1,basic_meaning_mcq,click,Choose the correct English meaning of 「首」.,measure word for cell phone,measure word for movies,measure word for vehicles,measure word for songs,D,measure word for songs,
Q0290,C6-6-3-I4-W097,Vocabulary,6,6-3,4,首,shǒu,M,measure word for songs,Round 2,character_to_pinyin_typing,free_text,Type the pinyin for 「首」 (tone marks or tone numbers are accepted).,,,,,,shǒu,shǒu | shou3
Q0291,C6-6-3-I4-W097,Vocabulary,6,6-3,4,首,shǒu,M,measure word for songs,Round 3,context_cloze_mcq,click,Choose the correct word to fill in the blank: 他會唱很多____中文歌。,部,首,支,輛,B,首,首
Q0292,C6-6-3-I4-W098,Vocabulary,6,6-3,4,跳舞,tiàowǔ,V-sep,to dance,Round 1,basic_meaning_mcq,click,Choose the correct English meaning of 「跳舞」.,to use/surf the internet,to sing (a song),to draw; to paint,to dance,D,to dance,
Q0293,C6-6-3-I4-W098,Vocabulary,6,6-3,4,跳舞,tiàowǔ,V-sep,to dance,Round 2,character_to_pinyin_typing,free_text,Type the pinyin for 「跳舞」 (tone marks or tone numbers are accepted).,,,,,,tiàowǔ,tiàowǔ | tiao4wu3 | tiao4 wu3
Q0294,C6-6-3-I4-W098,Vocabulary,6,6-3,4,跳舞,tiàowǔ,V-sep,to dance,Round 3,context_cloze_mcq,click,Choose the correct word to fill in the blank: 他很喜歡____。,唱歌,畫畫,上網,跳舞,D,跳舞,跳舞
Q0295,C6-6-3-I4-W099,Vocabulary,6,6-3,4,畫畫,huàhuà,V-sep,to draw; to paint,Round 1,basic_meaning_mcq,click,Choose the correct English meaning of 「畫畫」.,to draw; to paint,to talk; to speak,to dance,to use/surf the internet,A,to draw; to paint,
Q0296,C6-6-3-I4-W099,Vocabulary,6,6-3,4,畫畫,huàhuà,V-sep,to draw; to paint,Round 2,character_to_pinyin_typing,free_text,Type the pinyin for 「畫畫」 (tone marks or tone numbers are accepted).,,,,,,huàhuà,huàhuà | hua4hua4 | hua4 hua4
Q0297,C6-6-3-I4-W099,Vocabulary,6,6-3,4,畫畫,huàhuà,V-sep,to draw; to paint,Round 3,context_cloze_mcq,click,Choose the correct word to fill in the blank: 那個孩子很喜歡____，他畫得很好。,唱歌,跳舞,畫畫,游泳,C,畫畫,畫畫
Q0298,C6-6-3-I4-W100,Vocabulary,6,6-3,4,畫,huà,N,painting,Round 1,basic_meaning_mcq,click,Choose the correct English meaning of 「畫」.,computer,competition; race; game,painting,the day before yesterday,C,painting,
Q0299,C6-6-3-I4-W100,Vocabulary,6,6-3,4,畫,huà,N,painting,Round 2,character_to_pinyin_typing,free_text,Type the pinyin for 「畫」 (tone marks or tone numbers are accepted).,,,,,,huà,huà | hua4
Q0300,C6-6-3-I4-W100,Vocabulary,6,6-3,4,畫,huà,N,painting,Round 3,context_cloze_mcq,click,Choose the correct word to fill in the blank: 這張____很好看，我很喜歡。,比賽,歌,平常,畫,D,畫,畫
Q0301,C6-6-3-I5-W101,Vocabulary,6,6-3,5,平常,píngcháng,N,generally; usually,Round 1,basic_meaning_mcq,click,Choose the correct English meaning of 「平常」.,ball,seaside; beach,generally; usually,baseball,C,generally; usually,
Q0302,C6-6-3-I5-W101,Vocabulary,6,6-3,5,平常,píngcháng,N,generally; usually,Round 2,character_to_pinyin_typing,free_text,Type the pinyin for 「平常」 (tone marks or tone numbers are accepted).,,,,,,píngcháng,píngcháng | ping2chang2 | ping2 chang2
Q0303,C6-6-3-I5-W101,Vocabulary,6,6-3,5,平常,píngcháng,N,generally; usually,Round 3,context_cloze_mcq,click,Choose the correct word to fill in the blank: 我____早上七點起床、八點吃早飯。,畫,興趣,平常,比賽,C,平常,平常
Q0304,C6-6-3-I6-W102,Vocabulary,6,6-3,6,有(的)時候,yǒu(de)shíhou,Adv,sometimes,Round 1,basic_meaning_mcq,click,Choose the correct English meaning of 「有(的)時候」.,only; just,a little,really,sometimes,D,sometimes,
Q0305,C6-6-3-I6-W102,Vocabulary,6,6-3,6,有(的)時候,yǒu(de)shíhou,Adv,sometimes,Round 2,character_to_pinyin_typing,free_text,Type the pinyin for 「有(的)時候」 (tone marks or tone numbers are accepted).,,,,,,yǒu(de)shíhou,yǒu(de)shíhou | you3(de)shi2hou | you3(de)shi2 hou | yǒudeshíhou | you3deshi2hou | you3 deshi2 hou | yǒushíhou | you3shi2hou | you3 shi2 hou
Q0306,C6-6-3-I6-W102,Vocabulary,6,6-3,6,有(的)時候,yǒu(de)shíhou,Adv,sometimes,Round 3,context_cloze_mcq,click,Choose the correct word to fill in the blank: 我平常喜歡喝茶，____喝一點兒咖啡。,真,有一點兒,有時候,只,C,有時候,有的時候 | 有時候
Q0307,C6-6-3-I7-W103,Vocabulary,6,6-3,7,比賽,bǐsài,N,competition; race; game,Round 1,basic_meaning_mcq,click,Choose the correct English meaning of 「比賽」.,seaside; beach,tennis,competition; race; game,mountain,C,competition; race; game,
Q0308,C6-6-3-I7-W103,Vocabulary,6,6-3,7,比賽,bǐsài,N,competition; race; game,Round 2,character_to_pinyin_typing,free_text,Type the pinyin for 「比賽」 (tone marks or tone numbers are accepted).,,,,,,bǐsài,bǐsài | bi3sai4 | bi3 sai4
Q0309,C6-6-3-I7-W103,Vocabulary,6,6-3,7,比賽,bǐsài,N,competition; race; game,Round 3,context_cloze_mcq,click,Choose the correct word to fill in the blank: 今天下午學校有籃球____，我們去看吧！,比賽,興趣,平常,幾,A,比賽,比賽
Q0310,C6-6-3-I8-W104,Vocabulary,6,6-3,8,真,zhēn,Adv,really,Round 1,basic_meaning_mcq,click,Choose the correct English meaning of 「真」.,a little,really,only; just,sometimes,B,really,
Q0311,C6-6-3-I8-W104,Vocabulary,6,6-3,8,真,zhēn,Adv,really,Round 2,character_to_pinyin_typing,free_text,Type the pinyin for 「真」 (tone marks or tone numbers are accepted).,,,,,,zhēn,zhēn | zhen1
Q0312,C6-6-3-I8-W104,Vocabulary,6,6-3,8,真,zhēn,Adv,really,Round 3,context_cloze_mcq,click,Choose the correct word to fill in the blank: 你媽媽____漂亮！,有一點兒,真,有的時候,只,B,真,真
Q0313,C6-6-3-I9-W105,Vocabulary,6,6-3,9,高興,gāoxìng,Vs,happy,Round 1,basic_meaning_mcq,click,Choose the correct English meaning of 「高興」.,interesting,fast; quick,slow; slowly,happy,D,happy,
Q0314,C6-6-3-I9-W105,Vocabulary,6,6-3,9,高興,gāoxìng,Vs,happy,Round 2,character_to_pinyin_typing,free_text,Type the pinyin for 「高興」 (tone marks or tone numbers are accepted).,,,,,,gāoxìng,gāoxìng | gao1xing4 | gao1 xing4
Q0315,C6-6-3-I9-W105,Vocabulary,6,6-3,9,高興,gāoxìng,Vs,happy,Round 3,context_cloze_mcq,click,Choose the correct word to fill in the blank: 老師說要送我們書，我們都很____。,慢,有趣,高興,快,C,高興,高興
Q0316,C7-7-1-I1-W106,Vocabulary,7,7-1,1,怎麼,zěnme,Adv,how,Round 1,basic_meaning_mcq,click,Choose the correct English meaning of 「怎麼」.,surely; certainly; definitely,both...and...,how,first; in advance,C,how,
Q0317,C7-7-1-I1-W106,Vocabulary,7,7-1,1,怎麼,zěnme,Adv,how,Round 2,character_to_pinyin_typing,free_text,Type the pinyin for 「怎麼」 (tone marks or tone numbers are accepted).,,,,,,zěnme,zěnme | zen3me | zen3 me
Q0318,C7-7-1-I1-W106,Vocabulary,7,7-1,1,怎麼,zěnme,Adv,how,Round 3,context_cloze_mcq,click,Choose the correct word to fill in the blank: 這首歌____唱？,一定,怎麼,又,先,B,怎麼,怎麼
Q0319,C7-7-1-I2-W107,Vocabulary,7,7-1,2,到,dào,Prep,to,Round 1,basic_meaning_mcq,click,Choose the correct English meaning of 「到」.,to,airport,far,from,A,to,
Q0320,C7-7-1-I2-W107,Vocabulary,7,7-1,2,到,dào,Prep,to,Round 2,character_to_pinyin_typing,free_text,Type the pinyin for 「到」 (tone marks or tone numbers are accepted).,,,,,,dào,dào | dao4
Q0321,C7-7-1-I2-W107,Vocabulary,7,7-1,2,到,dào,Prep,to,Round 3,context_cloze_mcq,click,Choose the correct word to fill in the blank: 我要____他家去。,一定,藍色,從,到,D,到,到
Q0322,C7-7-1-I3-W108,Vocabulary,7,7-1,3,飯店,fàndiàn,N,hotel,Round 1,basic_meaning_mcq,click,Choose the correct English meaning of 「飯店」.,watch,automobile; car,market,hotel,D,hotel,
Q0323,C7-7-1-I3-W108,Vocabulary,7,7-1,3,飯店,fàndiàn,N,hotel,Round 2,character_to_pinyin_typing,free_text,Type the pinyin for 「飯店」 (tone marks or tone numbers are accepted).,,,,,,fàndiàn,fàndiàn | fan4dian4 | fan4 dian4
Q0324,C7-7-1-I3-W108,Vocabulary,7,7-1,3,飯店,fàndiàn,N,hotel,Round 3,context_cloze_mcq,click,Choose the correct word to fill in the blank: 我後天要到這家____去看朋友。,旅館,地圖,飯店,手錶,C,飯店,飯店
Q0325,C7-7-1-I3-W109,Vocabulary,7,7-1,3,旅館,lǚguǎn,N,inn; hotel,Round 1,basic_meaning_mcq,click,Choose the correct English meaning of 「旅館」.,inn; hotel,automobile; car,market,bus,A,inn; hotel,
Q0326,C7-7-1-I3-W109,Vocabulary,7,7-1,3,旅館,lǚguǎn,N,inn; hotel,Round 2,character_to_pinyin_typing,free_text,Type the pinyin for 「旅館」 (tone marks or tone numbers are accepted).,,,,,,lǚguǎn,lǚguǎn | lü3guan3 | lü3 guan3 | lv3guan3 | lv3 guan3
Q0327,C7-7-1-I3-W109,Vocabulary,7,7-1,3,旅館,lǚguǎn,N,inn; hotel,Round 3,context_cloze_mcq,click,Choose the correct word to fill in the blank: 我的朋友在那家____前面等我。,旅館,捷運,韓國,火車,A,旅館,旅館
Q0328,C7-7-1-I4-W110,Vocabulary,7,7-1,4,找,zhǎo,V,to visit; to see (a person),Round 1,basic_meaning_mcq,click,Choose the correct English meaning of 「找」.,to arrive (a place),to wait for,to visit; to see (a person),to mail,C,to visit; to see (a person),
Q0329,C7-7-1-I4-W110,Vocabulary,7,7-1,4,找,zhǎo,V,to visit; to see (a person),Round 2,character_to_pinyin_typing,free_text,Type the pinyin for 「找」 (tone marks or tone numbers are accepted).,,,,,,zhǎo,zhǎo | zhao3
Q0330,C7-7-1-I4-W110,Vocabulary,7,7-1,4,找,zhǎo,V,to visit; to see (a person),Round 3,context_cloze_mcq,click,Choose the correct word to fill in the blank: 我今天想____朋友去吃飯。,找,坐,等,到,A,找,找
Q0331,C7-7-1-I5-W111,Vocabulary,7,7-1,5,韓國,Hánguó,N,Korea,Round 1,basic_meaning_mcq,click,Choose the correct English meaning of 「韓國」.,Korea,envelope,airport,vicinity,A,Korea,
Q0332,C7-7-1-I5-W111,Vocabulary,7,7-1,5,韓國,Hánguó,N,Korea,Round 2,character_to_pinyin_typing,free_text,Type the pinyin for 「韓國」 (tone marks or tone numbers are accepted).,,,,,,Hánguó,Hánguó | Hang2uo2 | Hang2 uo2
Q0333,C7-7-1-I5-W111,Vocabulary,7,7-1,5,韓國,Hánguó,N,Korea,Round 3,context_cloze_mcq,click,Choose the correct word to fill in the blank: 我的朋友是____人。,地圖,韓國,捷運,車子,B,韓國,韓國
Q0334,C7-7-1-I6-W112,Vocabulary,7,7-1,6,到,dào,V,to arrive (a place),Round 1,basic_meaning_mcq,click,Choose the correct English meaning of 「到」.,to visit; to see (a person),to wait for,to arrive (a place),to take (transportations),C,to arrive (a place),
Q0335,C7-7-1-I6-W112,Vocabulary,7,7-1,6,到,dào,V,to arrive (a place),Round 2,character_to_pinyin_typing,free_text,Type the pinyin for 「到」 (tone marks or tone numbers are accepted).,,,,,,dào,dào | dao4
Q0336,C7-7-1-I6-W112,Vocabulary,7,7-1,6,到,dào,V,to arrive (a place),Round 3,context_cloze_mcq,click,Choose the correct word to fill in the blank: 我每天早上八點半____學校。,到,等,找,坐,A,到,到
Q0337,C7-7-1-I7-W113,Vocabulary,7,7-1,7,等,děng,V,to wait for,Round 1,basic_meaning_mcq,click,Choose the correct English meaning of 「等」.,to wait for,to mail,to visit; to see (a person),to take (transportations),A,to wait for,
Q0338,C7-7-1-I7-W113,Vocabulary,7,7-1,7,等,děng,V,to wait for,Round 2,character_to_pinyin_typing,free_text,Type the pinyin for 「等」 (tone marks or tone numbers are accepted).,,,,,,děng,děng | deng3
Q0339,C7-7-1-I7-W113,Vocabulary,7,7-1,7,等,děng,V,to wait for,Round 3,context_cloze_mcq,click,Choose the correct word to fill in the blank: 我的朋友在那家旅館前面____我。,坐,找,等,到,C,等,等
Q0340,C7-7-1-I8-W114,Vocabulary,7,7-1,8,坐,zuò,V,to take (transportations),Round 1,basic_meaning_mcq,click,Choose the correct English meaning of 「坐」.,to wait for,to mail,to take (transportations),to visit; to see (a person),C,to take (transportations),
Q0341,C7-7-1-I8-W114,Vocabulary,7,7-1,8,坐,zuò,V,to take (transportations),Round 2,character_to_pinyin_typing,free_text,Type the pinyin for 「坐」 (tone marks or tone numbers are accepted).,,,,,,zuò,zuò | zuo4
Q0342,C7-7-1-I8-W114,Vocabulary,7,7-1,8,坐,zuò,V,to take (transportations),Round 3,context_cloze_mcq,click,Choose the correct word to fill in the blank: 你想____捷運去，還是坐公車去？,找,到,坐,等,C,坐,坐
Q0343,C7-7-1-I9-W115,Vocabulary,7,7-1,9,捷運/地鐵,jiéyùn/dìtiě,N,MRT; metro; subway,Round 1,basic_meaning_mcq,click,Choose the correct English meaning of 「捷運/地鐵」.,envelope,line,MRT; metro; subway,train,C,MRT; metro; subway,
Q0344,C7-7-1-I9-W115,Vocabulary,7,7-1,9,捷運/地鐵,jiéyùn/dìtiě,N,MRT; metro; subway,Round 2,character_to_pinyin_typing,free_text,Type the pinyin for 「捷運/地鐵」 (tone marks or tone numbers are accepted).,,,,,,jiéyùn/dìtiě,jiéyùn | jie2yun4 | jie2 yun4 | jiéyùn/dìtiě | jie2yun4/di4tie3 | di4 tie3 | jie2 yun4/di4 tie3 | dìtiě | di4tie3
Q0345,C7-7-1-I9-W115,Vocabulary,7,7-1,9,捷運/地鐵,jiéyùn/dìtiě,N,MRT; metro; subway,Round 3,context_cloze_mcq,click,Choose the correct word to fill in the blank: 你想坐____去，還是坐公車去？,車子,旅館,捷運,計程車,C,捷運,捷運 | 地鐵
Q0346,C7-7-1-I10-W116,Vocabulary,7,7-1,10,公車,gōngchē,N,bus,Round 1,basic_meaning_mcq,click,Choose the correct English meaning of 「公車」.,bus,place,train,letter,A,bus,
Q0347,C7-7-1-I10-W116,Vocabulary,7,7-1,10,公車,gōngchē,N,bus,Round 2,character_to_pinyin_typing,free_text,Type the pinyin for 「公車」 (tone marks or tone numbers are accepted).,,,,,,gōngchē,gōngchē | gong1che1 | gong1 che1
Q0348,C7-7-1-I10-W116,Vocabulary,7,7-1,10,公車,gōngchē,N,bus,Round 3,context_cloze_mcq,click,Choose the correct word to fill in the blank: 你想坐捷運去，還是坐____去？,公車,飯店,計程車,捷運,A,公車,公車
Q0349,C7-7-1-I10-W117,Vocabulary,7,7-1,10,車(子)/汽車,chē(zi)/qìchē,N,automobile; car,Round 1,basic_meaning_mcq,click,Choose the correct English meaning of 「車(子)/汽車」.,street,post office,automobile; car,bus,C,automobile; car,
Q0350,C7-7-1-I10-W117,Vocabulary,7,7-1,10,車(子)/汽車,chē(zi)/qìchē,N,automobile; car,Round 2,character_to_pinyin_typing,free_text,Type the pinyin for 「車(子)/汽車」 (tone marks or tone numbers are accepted).,,,,,,chē(zi)/qìchē,chē | che1 | qìchē | qi4che1 | qi4 che1 | chē(zi)/qìchē | che1(zi)/qi4che1 | che1(zi) | che1(zi)/qi4 che1 | chēzi | che1zi | che1 zi
Q0351,C7-7-1-I10-W117,Vocabulary,7,7-1,10,車(子)/汽車,chē(zi)/qìchē,N,automobile; car,Round 3,context_cloze_mcq,click,Choose the correct word to fill in the blank: 路上有很多____。,車,火車,飯店,手錶,A,車,車子 | 汽車 | 車
Q0352,C7-7-1-I10-W118,Vocabulary,7,7-1,10,計程車,jìchéngchē,N,taxi,Round 1,basic_meaning_mcq,click,Choose the correct English meaning of 「計程車」.,envelope,market,taxi,bus (or rail) station,C,taxi,
Q0353,C7-7-1-I10-W118,Vocabulary,7,7-1,10,計程車,jìchéngchē,N,taxi,Round 2,character_to_pinyin_typing,free_text,Type the pinyin for 「計程車」 (tone marks or tone numbers are accepted).,,,,,,jìchéngchē,jìchéngchē | ji4cheng2che1 | ji4 cheng2 che1
Q0354,C7-7-1-I10-W118,Vocabulary,7,7-1,10,計程車,jìchéngchē,N,taxi,Round 3,context_cloze_mcq,click,Choose the correct word to fill in the blank: 我們坐____去飯店。,地圖,計程車,韓國,公車,B,計程車,計程車
Q0355,C7-7-1-I10-W119,Vocabulary,7,7-1,10,火車,huǒchē,N,train,Round 1,basic_meaning_mcq,click,Choose the correct English meaning of 「火車」.,bus (or rail) station,MRT; metro; subway,train,hotel,C,train,
Q0356,C7-7-1-I10-W119,Vocabulary,7,7-1,10,火車,huǒchē,N,train,Round 2,character_to_pinyin_typing,free_text,Type the pinyin for 「火車」 (tone marks or tone numbers are accepted).,,,,,,huǒchē,huǒchē | huo3che1 | huo3 che1
Q0357,C7-7-1-I10-W119,Vocabulary,7,7-1,10,火車,huǒchē,N,train,Round 3,context_cloze_mcq,click,Choose the correct word to fill in the blank: 在這個大車站，坐公車、捷運、____都很方便。,韓國,火車,公車,捷運,B,火車,火車
Q0358,C7-7-1-I10-W120,Vocabulary,7,7-1,10,上車,shàngchē,V-sep,to get on a bus; to get in a car,Round 1,basic_meaning_mcq,click,Choose the correct English meaning of 「上車」.,to get off a bus; to get out of a car,to drive a car,to get on a bus; to get in a car,to walk (on foot),C,to get on a bus; to get in a car,
Q0359,C7-7-1-I10-W120,Vocabulary,7,7-1,10,上車,shàngchē,V-sep,to get on a bus; to get in a car,Round 2,character_to_pinyin_typing,free_text,Type the pinyin for 「上車」 (tone marks or tone numbers are accepted).,,,,,,shàngchē,shàngchē | shang4che1 | shang4 che1
Q0360,C7-7-1-I10-W120,Vocabulary,7,7-1,10,上車,shàngchē,V-sep,to get on a bus; to get in a car,Round 3,context_cloze_mcq,click,Choose the correct word to fill in the blank: 公車來了，我們____吧。,上車,下車,開車,走路,A,上車,上車
Q0361,C7-7-1-I10-W121,Vocabulary,7,7-1,10,下車,xiàchē,V-sep,to get off a bus; to get out of a car,Round 1,basic_meaning_mcq,click,Choose the correct English meaning of 「下車」.,to walk (on foot),to get on a bus; to get in a car,to get off a bus; to get out of a car,to drive a car,C,to get off a bus; to get out of a car,
Q0362,C7-7-1-I10-W121,Vocabulary,7,7-1,10,下車,xiàchē,V-sep,to get off a bus; to get out of a car,Round 2,character_to_pinyin_typing,free_text,Type the pinyin for 「下車」 (tone marks or tone numbers are accepted).,,,,,,xiàchē,xiàchē | xia4che1 | xia4 che1
Q0363,C7-7-1-I10-W121,Vocabulary,7,7-1,10,下車,xiàchē,V-sep,to get off a bus; to get out of a car,Round 3,context_cloze_mcq,click,Choose the correct word to fill in the blank: 你要在這裡____嗎？,開車,下車,走路,上車,B,下車,下車
Q0364,C7-7-1-I11-W122,Vocabulary,7,7-1,11,遠,yuǎn,Vs,far,Round 1,basic_meaning_mcq,click,Choose the correct English meaning of 「遠」.,blue,comfortable,far,convenient,C,far,
Q0365,C7-7-1-I11-W122,Vocabulary,7,7-1,11,遠,yuǎn,Vs,far,Round 2,character_to_pinyin_typing,free_text,Type the pinyin for 「遠」 (tone marks or tone numbers are accepted).,,,,,,yuǎn,yuǎn | yuan3
Q0366,C7-7-1-I11-W122,Vocabulary,7,7-1,11,遠,yuǎn,Vs,far,Round 3,context_cloze_mcq,click,Choose the correct word to fill in the blank: 他家有點兒____，我們可以坐捷運去嗎？,近,遠,藍,舒服,B,遠,遠
Q0367,C7-7-1-I11-W123,Vocabulary,7,7-1,11,近,jìn,Vs,near,Round 1,basic_meaning_mcq,click,Choose the correct English meaning of 「近」.,far,convenient,near,comfortable,C,near,
Q0368,C7-7-1-I11-W123,Vocabulary,7,7-1,11,近,jìn,Vs,near,Round 2,character_to_pinyin_typing,free_text,Type the pinyin for 「近」 (tone marks or tone numbers are accepted).,,,,,,jìn,jìn | jin4
Q0369,C7-7-1-I11-W123,Vocabulary,7,7-1,11,近,jìn,Vs,near,Round 3,context_cloze_mcq,click,Choose the correct word to fill in the blank: 那家餐廳很____，我們走路去吧！,方便,藍,遠,近,D,近,近
Q0370,C7-7-1-I12-W124,Vocabulary,7,7-1,12,從,cóng,Prep,from,Round 1,basic_meaning_mcq,click,Choose the correct English meaning of 「從」.,to,vicinity,to drive a car,from,D,from,
Q0371,C7-7-1-I12-W124,Vocabulary,7,7-1,12,從,cóng,Prep,from,Round 2,character_to_pinyin_typing,free_text,Type the pinyin for 「從」 (tone marks or tone numbers are accepted).,,,,,,cóng,cóng | cong2
Q0372,C7-7-1-I12-W124,Vocabulary,7,7-1,12,從,cóng,Prep,from,Round 3,context_cloze_mcq,click,Choose the correct word to fill in the blank: 他要____他家走路去學校。,先,下車,到,從,D,從,從
Q0373,C7-7-1-I13-W125,Vocabulary,7,7-1,13,走路,zǒulù,V-sep,to walk (on foot),Round 1,basic_meaning_mcq,click,Choose the correct English meaning of 「走路」.,to get off a bus; to get out of a car,to drive a car,to get on a bus; to get in a car,to walk (on foot),D,to walk (on foot),
Q0374,C7-7-1-I13-W125,Vocabulary,7,7-1,13,走路,zǒulù,V-sep,to walk (on foot),Round 2,character_to_pinyin_typing,free_text,Type the pinyin for 「走路」 (tone marks or tone numbers are accepted).,,,,,,zǒulù,zǒulù | zou3lu4 | zou3 lu4
Q0375,C7-7-1-I13-W125,Vocabulary,7,7-1,13,走路,zǒulù,V-sep,to walk (on foot),Round 3,context_cloze_mcq,click,Choose the correct word to fill in the blank: 那家餐廳很近，我們____去吧！,開車,上車,走路,下車,C,走路,走路
Q0376,C7-7-1-I14-W126,Vocabulary,7,7-1,14,走,zǒu,Vi,to walk (on foot),Round 1,basic_meaning_mcq,click,Choose the correct English meaning of 「走」.,to fly,to walk (on foot),hotel,vicinity,B,to walk (on foot),
Q0377,C7-7-1-I14-W126,Vocabulary,7,7-1,14,走,zǒu,Vi,to walk (on foot),Round 2,character_to_pinyin_typing,free_text,Type the pinyin for 「走」 (tone marks or tone numbers are accepted).,,,,,,zǒu,zǒu | zou3
Q0378,C7-7-1-I14-W126,Vocabulary,7,7-1,14,走,zǒu,Vi,to walk (on foot),Round 3,context_cloze_mcq,click,Choose the correct word to fill in the blank: 那家餐廳很近，我們____路去吧！,走,站,飛,架,A,走,走
Q0379,C7-7-1-I15-W127,Vocabulary,7,7-1,15,先,xiān,Adv,first; in advance,Round 1,basic_meaning_mcq,click,Choose the correct English meaning of 「先」.,how,surely; certainly; definitely,first; in advance,both...and...,C,first; in advance,
Q0380,C7-7-1-I15-W127,Vocabulary,7,7-1,15,先,xiān,Adv,first; in advance,Round 2,character_to_pinyin_typing,free_text,Type the pinyin for 「先」 (tone marks or tone numbers are accepted).,,,,,,xiān,xiān | xian1
Q0381,C7-7-1-I15-W127,Vocabulary,7,7-1,15,先,xiān,Adv,first; in advance,Round 3,context_cloze_mcq,click,Choose the correct word to fill in the blank: 我很餓，我們可以____吃飯嗎？,一定,又,怎麼,先,D,先,先
Q0382,C7-7-1-I16-W128,Vocabulary,7,7-1,16,地圖,dìtú,N,map,Round 1,basic_meaning_mcq,click,Choose the correct English meaning of 「地圖」.,map,MRT; metro; subway,inn; hotel,road,A,map,
Q0383,C7-7-1-I16-W128,Vocabulary,7,7-1,16,地圖,dìtú,N,map,Round 2,character_to_pinyin_typing,free_text,Type the pinyin for 「地圖」 (tone marks or tone numbers are accepted).,,,,,,dìtú,dìtú | di4tu2 | di4 tu2
Q0384,C7-7-1-I16-W128,Vocabulary,7,7-1,16,地圖,dìtú,N,map,Round 3,context_cloze_mcq,click,Choose the correct word to fill in the blank: 這張____上有十多家餐廳，我們要去哪一家？,火車,地圖,旅館,手錶,B,地圖,地圖
Q0385,C7-7-1-I17-W129,Vocabulary,7,7-1,17,錶/手錶,biǎo/shǒubiǎo,N,watch,Round 1,basic_meaning_mcq,click,Choose the correct English meaning of 「錶/手錶」.,envelope,market,watch,inn; hotel,C,watch,
Q0386,C7-7-1-I17-W129,Vocabulary,7,7-1,17,錶/手錶,biǎo/shǒubiǎo,N,watch,Round 2,character_to_pinyin_typing,free_text,Type the pinyin for 「錶/手錶」 (tone marks or tone numbers are accepted).,,,,,,biǎo/shǒubiǎo,biǎo/shǒubiǎo | biao3/shou3biao3 | biao3 | shou3 biao3 | biao3/shou3 biao3 | shǒubiǎo | shou3biao3 | biǎo
Q0387,C7-7-1-I17-W129,Vocabulary,7,7-1,17,錶/手錶,biǎo/shǒubiǎo,N,watch,Round 3,context_cloze_mcq,click,Choose the correct word to fill in the blank: 明天是爸爸的生日，我要送他一個____。,車子,錶,火車,計程車,B,錶,手錶 | 錶
Q0388,C7-7-1-I18-W130,Vocabulary,7,7-1,18,了,le,Ptc,indicating changed situations,Round 1,basic_meaning_mcq,click,Choose the correct English meaning of 「了」.,indicating changed situations,to walk (on foot),blue,airplane; aircraft,A,indicating changed situations,
Q0389,C7-7-1-I18-W130,Vocabulary,7,7-1,18,了,le,Ptc,indicating changed situations,Round 2,character_to_pinyin_typing,free_text,Type the pinyin for 「了」 (tone marks or tone numbers are accepted).,,,,,,le,le
Q0390,C7-7-1-I18-W130,Vocabulary,7,7-1,18,了,le,Ptc,indicating changed situations,Round 3,context_cloze_mcq,click,Choose the correct word to fill in the blank: 我累____，不想走了。,起飛,手錶,藍,了,D,了,了
Q0391,C7-7-2-I1-W131,Vocabulary,7,7-2,1,路/馬路,lù/mǎlù,N,road,Round 1,basic_meaning_mcq,click,Choose the correct English meaning of 「路/馬路」.,Korea,supermarket,MRT; metro; subway,road,D,road,
Q0392,C7-7-2-I1-W131,Vocabulary,7,7-2,1,路/馬路,lù/mǎlù,N,road,Round 2,character_to_pinyin_typing,free_text,Type the pinyin for 「路/馬路」 (tone marks or tone numbers are accepted).,,,,,,lù/mǎlù,mǎlù | ma3lu4 | ma3 lu4 | lù | lu4 | lù/mǎlù | lu4/ma3lu4 | lu4/ma3 lu4
Q0393,C7-7-2-I1-W131,Vocabulary,7,7-2,1,路/馬路,lù/mǎlù,N,road,Round 3,context_cloze_mcq,click,Choose the correct word to fill in the blank: ____上有很多車。,市場,郵局,超級市場,路,D,路,馬路 | 路
Q0394,C7-7-2-I1-W132,Vocabulary,7,7-2,1,條,tiáo,M,"measure word for roads, fish, river, etc.",Round 1,basic_meaning_mcq,click,Choose the correct English meaning of 「條」.,measure word for letters,to take (transportations),"measure word for roads, fish, river, etc.",measure word for airplanes,C,"measure word for roads, fish, river, etc.",
Q0395,C7-7-2-I1-W132,Vocabulary,7,7-2,1,條,tiáo,M,"measure word for roads, fish, river, etc.",Round 2,character_to_pinyin_typing,free_text,Type the pinyin for 「條」 (tone marks or tone numbers are accepted).,,,,,,tiáo,tiáo | tiao2
Q0396,C7-7-2-I1-W132,Vocabulary,7,7-2,1,條,tiáo,M,"measure word for roads, fish, river, etc.",Round 3,context_cloze_mcq,click,Choose the correct word to fill in the blank: 現在這____街上沒有車。,架,封,找,條,D,條,條
Q0397,C7-7-2-I1-W133,Vocabulary,7,7-2,1,街,jiē,N,street,Round 1,basic_meaning_mcq,click,Choose the correct English meaning of 「街」.,MRT; metro; subway,Korea,envelope,street,D,street,
Q0398,C7-7-2-I1-W133,Vocabulary,7,7-2,1,街,jiē,N,street,Round 2,character_to_pinyin_typing,free_text,Type the pinyin for 「街」 (tone marks or tone numbers are accepted).,,,,,,jiē,jiē | jie1
Q0399,C7-7-2-I1-W133,Vocabulary,7,7-2,1,街,jiē,N,street,Round 3,context_cloze_mcq,click,Choose the correct word to fill in the blank: 現在這條____上沒有車。,信,街,附近,市場,B,街,街
Q0400,C7-7-2-I2-W134,Vocabulary,7,7-2,2,地方,dìfang,N,place,Round 1,basic_meaning_mcq,click,Choose the correct English meaning of 「地方」.,place,street,airport,supermarket,A,place,
Q0401,C7-7-2-I2-W134,Vocabulary,7,7-2,2,地方,dìfang,N,place,Round 2,character_to_pinyin_typing,free_text,Type the pinyin for 「地方」 (tone marks or tone numbers are accepted).,,,,,,dìfang,dìfang | di4fang | di4 fang
Q0402,C7-7-2-I2-W134,Vocabulary,7,7-2,2,地方,dìfang,N,place,Round 3,context_cloze_mcq,click,Choose the correct word to fill in the blank: 這個____好漂亮，我好喜歡。,超級市場,附近,信,地方,D,地方,地方
Q0403,C7-7-2-I3-W135,Vocabulary,7,7-2,3,附近,fùjìn,N,vicinity,Round 1,basic_meaning_mcq,click,Choose the correct English meaning of 「附近」.,station,vicinity,airplane; aircraft,watch,B,vicinity,
Q0404,C7-7-2-I3-W135,Vocabulary,7,7-2,3,附近,fùjìn,N,vicinity,Round 2,character_to_pinyin_typing,free_text,Type the pinyin for 「附近」 (tone marks or tone numbers are accepted).,,,,,,fùjìn,fùjìn | fu4jin4 | fu4 jin4
Q0405,C7-7-2-I3-W135,Vocabulary,7,7-2,3,附近,fùjìn,N,vicinity,Round 3,context_cloze_mcq,click,Choose the correct word to fill in the blank: 學校____有很多飲料店。,附近,信,馬路,市場,A,附近,附近
Q0406,C7-7-2-I4-W136,Vocabulary,7,7-2,4,郵局,yóujú,N,post office,Round 1,basic_meaning_mcq,click,Choose the correct English meaning of 「郵局」.,line,post office,map,driver,B,post office,
Q0407,C7-7-2-I4-W136,Vocabulary,7,7-2,4,郵局,yóujú,N,post office,Round 2,character_to_pinyin_typing,free_text,Type the pinyin for 「郵局」 (tone marks or tone numbers are accepted).,,,,,,yóujú,yóujú | you2ju2 | you2 ju2
Q0408,C7-7-2-I4-W136,Vocabulary,7,7-2,4,郵局,yóujú,N,post office,Round 3,context_cloze_mcq,click,Choose the correct word to fill in the blank: 我要到____去寄信，也要買一些信封。,地方,超級市場,信封,郵局,D,郵局,郵局
Q0409,C7-7-2-I4-W137,Vocabulary,7,7-2,4,寄,jì,V,to mail,Round 1,basic_meaning_mcq,click,Choose the correct English meaning of 「寄」.,to wait for,to take (transportations),to visit; to see (a person),to mail,D,to mail,
Q0410,C7-7-2-I4-W137,Vocabulary,7,7-2,4,寄,jì,V,to mail,Round 2,character_to_pinyin_typing,free_text,Type the pinyin for 「寄」 (tone marks or tone numbers are accepted).,,,,,,jì,jì | ji4
Q0411,C7-7-2-I4-W137,Vocabulary,7,7-2,4,寄,jì,V,to mail,Round 3,context_cloze_mcq,click,Choose the correct word to fill in the blank: 我要到郵局去____信，也要買一些信封。,到,等,寄,坐,C,寄,寄
Q0412,C7-7-2-I4-W138,Vocabulary,7,7-2,4,信,xìn,N,letter,Round 1,basic_meaning_mcq,click,Choose the correct English meaning of 「信」.,automobile; car,driver,letter,inn; hotel,C,letter,
Q0413,C7-7-2-I4-W138,Vocabulary,7,7-2,4,信,xìn,N,letter,Round 2,character_to_pinyin_typing,free_text,Type the pinyin for 「信」 (tone marks or tone numbers are accepted).,,,,,,xìn,xìn | xin4
Q0414,C7-7-2-I4-W138,Vocabulary,7,7-2,4,信,xìn,N,letter,Round 3,context_cloze_mcq,click,Choose the correct word to fill in the blank: 我要到郵局去寄____，也要買一些信封。,馬路,街,信,地方,C,信,信
Q0415,C7-7-2-I4-W139,Vocabulary,7,7-2,4,封,fēng,M,measure word for letters,Round 1,basic_meaning_mcq,click,Choose the correct English meaning of 「封」.,"measure word for roads, fish, river, etc.",road,measure word for letters,measure word for airplanes,C,measure word for letters,
Q0416,C7-7-2-I4-W139,Vocabulary,7,7-2,4,封,fēng,M,measure word for letters,Round 2,character_to_pinyin_typing,free_text,Type the pinyin for 「封」 (tone marks or tone numbers are accepted).,,,,,,fēng,fēng | feng1
Q0417,C7-7-2-I4-W139,Vocabulary,7,7-2,4,封,fēng,M,measure word for letters,Round 3,context_cloze_mcq,click,Choose the correct word to fill in the blank: 我要寄一____信。,一定,架,封,條,C,封,封
Q0418,C7-7-2-I4-W140,Vocabulary,7,7-2,4,信封,xìnfēng,N,envelope,Round 1,basic_meaning_mcq,click,Choose the correct English meaning of 「信封」.,blue color,airport,envelope,hotel,C,envelope,
Q0419,C7-7-2-I4-W140,Vocabulary,7,7-2,4,信封,xìnfēng,N,envelope,Round 2,character_to_pinyin_typing,free_text,Type the pinyin for 「信封」 (tone marks or tone numbers are accepted).,,,,,,xìnfēng,xìnfēng | xin4feng1 | xin4 feng1
Q0420,C7-7-2-I4-W140,Vocabulary,7,7-2,4,信封,xìnfēng,N,envelope,Round 3,context_cloze_mcq,click,Choose the correct word to fill in the blank: 我要到郵局去寄信，也要買一些____。,街,郵局,信封,市場,C,信封,信封
Q0421,C7-7-2-I5-W141,Vocabulary,7,7-2,5,超級市場/超市,chāojíshìchǎng/chāoshì,N,supermarket,Round 1,basic_meaning_mcq,click,Choose the correct English meaning of 「超級市場/超市」.,line,airport,letter,supermarket,D,supermarket,
Q0422,C7-7-2-I5-W141,Vocabulary,7,7-2,5,超級市場/超市,chāojíshìchǎng/chāoshì,N,supermarket,Round 2,character_to_pinyin_typing,free_text,Type the pinyin for 「超級市場/超市」 (tone marks or tone numbers are accepted).,,,,,,chāojíshìchǎng/chāoshì,chāojíshìchǎng | chao1ji2shi4chang3 | chao1 ji2 shi4 chang3 | chāoshì | chao1shi4 | chao1 shi4 | chāojíshìchǎng/chāoshì | chao1ji2shi4chang3/chao1shi4 | chao1 ji2 shi4 chang3/chao1 shi4
Q0423,C7-7-2-I5-W141,Vocabulary,7,7-2,5,超級市場/超市,chāojíshìchǎng/chāoshì,N,supermarket,Round 3,context_cloze_mcq,click,Choose the correct word to fill in the blank: 我要到____去買蛋。,信,信封,馬路,超級市場,D,超級市場,超級市場 | 超市
Q0424,C7-7-2-I5-W142,Vocabulary,7,7-2,5,市場,shìchǎng,N,market,Round 1,basic_meaning_mcq,click,Choose the correct English meaning of 「市場」.,MRT; metro; subway,market,airplane; aircraft,post office,B,market,
Q0425,C7-7-2-I5-W142,Vocabulary,7,7-2,5,市場,shìchǎng,N,market,Round 2,character_to_pinyin_typing,free_text,Type the pinyin for 「市場」 (tone marks or tone numbers are accepted).,,,,,,shìchǎng,shìchǎng | shi4chang3 | shi4 chang3
Q0426,C7-7-2-I5-W142,Vocabulary,7,7-2,5,市場,shìchǎng,N,market,Round 3,context_cloze_mcq,click,Choose the correct word to fill in the blank: 我要到超級____去買蛋。,馬路,郵局,信封,市場,D,市場,市場
Q0427,C7-7-2-I6-W143,Vocabulary,7,7-2,6,一定,yídìng,Adv,surely; certainly; definitely,Round 1,basic_meaning_mcq,click,Choose the correct English meaning of 「一定」.,surely; certainly; definitely,both...and...,first; in advance,how,A,surely; certainly; definitely,
Q0428,C7-7-2-I6-W143,Vocabulary,7,7-2,6,一定,yídìng,Adv,surely; certainly; definitely,Round 2,character_to_pinyin_typing,free_text,Type the pinyin for 「一定」 (tone marks or tone numbers are accepted).,,,,,,yídìng,yídìng | yi2ding4 | yi2 ding4
Q0429,C7-7-2-I6-W143,Vocabulary,7,7-2,6,一定,yídìng,Adv,surely; certainly; definitely,Round 3,context_cloze_mcq,click,Choose the correct word to fill in the blank: 我明天有空，____可以去。,先,一定,又,怎麼,B,一定,一定
Q0430,C7-7-2-I7-W144,Vocabulary,7,7-2,7,又,yòu,Adv,both...and...,Round 1,basic_meaning_mcq,click,Choose the correct English meaning of 「又」.,how,both...and...,first; in advance,surely; certainly; definitely,B,both...and...,
Q0431,C7-7-2-I7-W144,Vocabulary,7,7-2,7,又,yòu,Adv,both...and...,Round 2,character_to_pinyin_typing,free_text,Type the pinyin for 「又」 (tone marks or tone numbers are accepted).,,,,,,yòu,yòu | you4
Q0432,C7-7-2-I7-W144,Vocabulary,7,7-2,7,又,yòu,Adv,both...and...,Round 3,context_cloze_mcq,click,Choose the correct word to fill in the blank: 這種巧克力冰淇淋____便宜又好吃。,先,一定,又,怎麼,C,又,又
Q0433,C7-7-2-I8-W145,Vocabulary,7,7-2,8,方便,fāngbiàn,Vs,convenient,Round 1,basic_meaning_mcq,click,Choose the correct English meaning of 「方便」.,near,comfortable,far,convenient,D,convenient,
Q0434,C7-7-2-I8-W145,Vocabulary,7,7-2,8,方便,fāngbiàn,Vs,convenient,Round 2,character_to_pinyin_typing,free_text,Type the pinyin for 「方便」 (tone marks or tone numbers are accepted).,,,,,,fāngbiàn,fāngbiàn | fang1bian4 | fang1 bian4
Q0435,C7-7-2-I8-W145,Vocabulary,7,7-2,8,方便,fāngbiàn,Vs,convenient,Round 3,context_cloze_mcq,click,Choose the correct word to fill in the blank: 我每天坐捷運去上課，我覺得很____。,方便,舒服,近,藍,A,方便,方便
Q0436,C7-7-2-I9-W146,Vocabulary,7,7-2,9,舒服,shūfu,Vs,comfortable,Round 1,basic_meaning_mcq,click,Choose the correct English meaning of 「舒服」.,comfortable,convenient,near,far,A,comfortable,
Q0437,C7-7-2-I9-W146,Vocabulary,7,7-2,9,舒服,shūfu,Vs,comfortable,Round 2,character_to_pinyin_typing,free_text,Type the pinyin for 「舒服」 (tone marks or tone numbers are accepted).,,,,,,shūfu,shūfu | shu1fu | shu1 fu
Q0438,C7-7-2-I9-W146,Vocabulary,7,7-2,9,舒服,shūfu,Vs,comfortable,Round 3,context_cloze_mcq,click,Choose the correct word to fill in the blank: 今天天氣不冷也不熱，很____。,舒服,藍,方便,遠,A,舒服,舒服
Q0439,C7-7-3-I1-W147,Vocabulary,7,7-3,1,線,xiàn,N,line,Round 1,basic_meaning_mcq,click,Choose the correct English meaning of 「線」.,train,line,supermarket,automobile; car,B,line,
Q0440,C7-7-3-I1-W147,Vocabulary,7,7-3,1,線,xiàn,N,line,Round 2,character_to_pinyin_typing,free_text,Type the pinyin for 「線」 (tone marks or tone numbers are accepted).,,,,,,xiàn,xiàn | xian4
Q0441,C7-7-3-I1-W147,Vocabulary,7,7-3,1,線,xiàn,N,line,Round 3,context_cloze_mcq,click,Choose the correct word to fill in the blank: 我家附近有兩條捷運____。,藍色,車站,線,飛機場,C,線,線
Q0442,C7-7-3-I2-W148,Vocabulary,7,7-3,2,藍,lán,Vs,blue,Round 1,basic_meaning_mcq,click,Choose the correct English meaning of 「藍」.,near,comfortable,far,blue,D,blue,
Q0443,C7-7-3-I2-W148,Vocabulary,7,7-3,2,藍,lán,Vs,blue,Round 2,character_to_pinyin_typing,free_text,Type the pinyin for 「藍」 (tone marks or tone numbers are accepted).,,,,,,lán,lán | lan2
Q0444,C7-7-3-I2-W148,Vocabulary,7,7-3,2,藍,lán,Vs,blue,Round 3,context_cloze_mcq,click,Choose the correct word to fill in the blank: 我喜歡____色。,遠,近,藍,方便,C,藍,藍
Q0445,C7-7-3-I2-W149,Vocabulary,7,7-3,2,藍色,lánsè,N,blue color,Round 1,basic_meaning_mcq,click,Choose the correct English meaning of 「藍色」.,airplane; aircraft,blue color,Korea,map,B,blue color,
Q0446,C7-7-3-I2-W149,Vocabulary,7,7-3,2,藍色,lánsè,N,blue color,Round 2,character_to_pinyin_typing,free_text,Type the pinyin for 「藍色」 (tone marks or tone numbers are accepted).,,,,,,lánsè,lánsè | lan2se4 | lan2 se4
Q0447,C7-7-3-I2-W149,Vocabulary,7,7-3,2,藍色,lánsè,N,blue color,Round 3,context_cloze_mcq,click,Choose the correct word to fill in the blank: 我喜歡____。,飛機場,飛機,藍色,站,C,藍色,藍色
Q0448,C7-7-3-I3-W150,Vocabulary,7,7-3,3,機場/飛機場,jīchǎng/fēijīchǎng,N,airport,Round 1,basic_meaning_mcq,click,Choose the correct English meaning of 「機場/飛機場」.,airplane; aircraft,letter,airport,post office,C,airport,
Q0449,C7-7-3-I3-W150,Vocabulary,7,7-3,3,機場/飛機場,jīchǎng/fēijīchǎng,N,airport,Round 2,character_to_pinyin_typing,free_text,Type the pinyin for 「機場/飛機場」 (tone marks or tone numbers are accepted).,,,,,,jīchǎng/fēijīchǎng,fēijīchǎng | fei1ji1chang3 | fei1 ji1 chang3 | jīchǎng/fēijīchǎng | ji1chang3/fei1ji1chang3 | ji1 chang3 | ji1 chang3/fei1 ji1 chang3 | jīchǎng | ji1chang3
Q0450,C7-7-3-I3-W150,Vocabulary,7,7-3,3,機場/飛機場,jīchǎng/fēijīchǎng,N,airport,Round 3,context_cloze_mcq,click,Choose the correct word to fill in the blank: 我明天早上九點要到____。,機場,站,線,車站,A,機場,飛機場 | 機場
Q0451,C7-7-3-I4-W151,Vocabulary,7,7-3,4,開車,kāichē,V-sep,to drive a car,Round 1,basic_meaning_mcq,click,Choose the correct English meaning of 「開車」.,to walk (on foot),to get on a bus; to get in a car,to drive a car,to get off a bus; to get out of a car,C,to drive a car,
Q0452,C7-7-3-I4-W151,Vocabulary,7,7-3,4,開車,kāichē,V-sep,to drive a car,Round 2,character_to_pinyin_typing,free_text,Type the pinyin for 「開車」 (tone marks or tone numbers are accepted).,,,,,,kāichē,kāichē | kai1che1 | kai1 che1
Q0453,C7-7-3-I4-W151,Vocabulary,7,7-3,4,開車,kāichē,V-sep,to drive a car,Round 3,context_cloze_mcq,click,Choose the correct word to fill in the blank: 那位司機____開得很好。,上車,開車,走路,下車,B,開車,開車
Q0454,C7-7-3-I4-W152,Vocabulary,7,7-3,4,司機,sījī,N,driver,Round 1,basic_meaning_mcq,click,Choose the correct English meaning of 「司機」.,train,hotel,envelope,driver,D,driver,
Q0455,C7-7-3-I4-W152,Vocabulary,7,7-3,4,司機,sījī,N,driver,Round 2,character_to_pinyin_typing,free_text,Type the pinyin for 「司機」 (tone marks or tone numbers are accepted).,,,,,,sījī,sījī | si1ji1 | si1 ji1
Q0456,C7-7-3-I4-W152,Vocabulary,7,7-3,4,司機,sījī,N,driver,Round 3,context_cloze_mcq,click,Choose the correct word to fill in the blank: 那位____開車開得很好。,飛機場,站,藍色,司機,D,司機,司機
Q0457,C7-7-3-I4-W153,Vocabulary,7,7-3,4,車站,chēzhàn,N,bus (or rail) station,Round 1,basic_meaning_mcq,click,Choose the correct English meaning of 「車站」.,taxi,map,market,bus (or rail) station,D,bus (or rail) station,
Q0458,C7-7-3-I4-W153,Vocabulary,7,7-3,4,車站,chēzhàn,N,bus (or rail) station,Round 2,character_to_pinyin_typing,free_text,Type the pinyin for 「車站」 (tone marks or tone numbers are accepted).,,,,,,chēzhàn,chēzhàn | che1zhan4 | che1 zhan4
Q0459,C7-7-3-I4-W153,Vocabulary,7,7-3,4,車站,chēzhàn,N,bus (or rail) station,Round 3,context_cloze_mcq,click,Choose the correct word to fill in the blank: 在這個大____，坐公車、捷運、火車都很方便。,司機,站,車站,飛機場,C,車站,車站
Q0460,C7-7-3-I4-W154,Vocabulary,7,7-3,4,站,zhàn,N,station,Round 1,basic_meaning_mcq,click,Choose the correct English meaning of 「站」.,bus,envelope,station,letter,C,station,
Q0461,C7-7-3-I4-W154,Vocabulary,7,7-3,4,站,zhàn,N,station,Round 2,character_to_pinyin_typing,free_text,Type the pinyin for 「站」 (tone marks or tone numbers are accepted).,,,,,,zhàn,zhàn | zhan4
Q0462,C7-7-3-I4-W154,Vocabulary,7,7-3,4,站,zhàn,N,station,Round 3,context_cloze_mcq,click,Choose the correct word to fill in the blank: 你家附近有捷運____嗎？,車站,飛機,司機,站,D,站,站
Q0463,C7-7-3-I5-W155,Vocabulary,7,7-3,5,飛機,fēijī,N,airplane; aircraft,Round 1,basic_meaning_mcq,click,Choose the correct English meaning of 「飛機」.,place,airplane; aircraft,bus (or rail) station,letter,B,airplane; aircraft,
Q0464,C7-7-3-I5-W155,Vocabulary,7,7-3,5,飛機,fēijī,N,airplane; aircraft,Round 2,character_to_pinyin_typing,free_text,Type the pinyin for 「飛機」 (tone marks or tone numbers are accepted).,,,,,,fēijī,fēijī | fei1ji1 | fei1 ji1
Q0465,C7-7-3-I5-W155,Vocabulary,7,7-3,5,飛機,fēijī,N,airplane; aircraft,Round 3,context_cloze_mcq,click,Choose the correct word to fill in the blank: 我要坐____到英國去。,飛機場,藍色,司機,飛機,D,飛機,飛機
Q0466,C7-7-3-I5-W156,Vocabulary,7,7-3,5,架,jià,M,measure word for airplanes,Round 1,basic_meaning_mcq,click,Choose the correct English meaning of 「架」.,to get on a bus; to get in a car,measure word for letters,measure word for airplanes,"measure word for roads, fish, river, etc.",C,measure word for airplanes,
Q0467,C7-7-3-I5-W156,Vocabulary,7,7-3,5,架,jià,M,measure word for airplanes,Round 2,character_to_pinyin_typing,free_text,Type the pinyin for 「架」 (tone marks or tone numbers are accepted).,,,,,,jià,jià | jia4
Q0468,C7-7-3-I5-W156,Vocabulary,7,7-3,5,架,jià,M,measure word for airplanes,Round 3,context_cloze_mcq,click,Choose the correct word to fill in the blank: 那裡有一____飛機。,架,地方,封,條,A,架,架
Q0469,C7-7-3-I5-W157,Vocabulary,7,7-3,5,飛,fēi,Vi,to fly,Round 1,basic_meaning_mcq,click,Choose the correct English meaning of 「飛」.,taxi,to fly,to walk (on foot),hotel,B,to fly,
Q0470,C7-7-3-I5-W157,Vocabulary,7,7-3,5,飛,fēi,Vi,to fly,Round 2,character_to_pinyin_typing,free_text,Type the pinyin for 「飛」 (tone marks or tone numbers are accepted).,,,,,,fēi,fēi | fei1
Q0471,C7-7-3-I5-W157,Vocabulary,7,7-3,5,飛,fēi,Vi,to fly,Round 3,context_cloze_mcq,click,Choose the correct word to fill in the blank: 這隻小鳥會____嗎？,飛,走,近,馬路,A,飛,飛
Q0472,C7-7-3-I5-W158,Vocabulary,7,7-3,5,起飛,qǐfēi,Vp,to take off (an airplane),Round 1,basic_meaning_mcq,click,Choose the correct English meaning of 「起飛」.,driver,to take off (an airplane),far,near,B,to take off (an airplane),
Q0473,C7-7-3-I5-W158,Vocabulary,7,7-3,5,起飛,qǐfēi,Vp,to take off (an airplane),Round 2,character_to_pinyin_typing,free_text,Type the pinyin for 「起飛」 (tone marks or tone numbers are accepted).,,,,,,qǐfēi,qǐfēi | qi3fei1 | qi3 fei1
Q0474,C7-7-3-I5-W158,Vocabulary,7,7-3,5,起飛,qǐfēi,Vp,to take off (an airplane),Round 3,context_cloze_mcq,click,Choose the correct word to fill in the blank: 你看，飛機____了！,信封,起飛,找,上車,B,起飛,起飛
Q0475,C8-8-1-I1-W159,Vocabulary,8,8-1,1,裙子,qúnzi,N,skirt,Round 1,basic_meaning_mcq,click,Choose the correct English meaning of 「裙子」.,skirt,girl,this year,yellow color,A,skirt,
Q0476,C8-8-1-I1-W159,Vocabulary,8,8-1,1,裙子,qúnzi,N,skirt,Round 2,character_to_pinyin_typing,free_text,Type the pinyin for 「裙子」 (tone marks or tone numbers are accepted).,,,,,,qúnzi,qúnzi | qun2zi | qun2 zi
Q0477,C8-8-1-I1-W159,Vocabulary,8,8-1,1,裙子,qúnzi,N,skirt,Round 3,context_cloze_mcq,click,Choose the correct word to fill in the blank: 我不太喜歡這條____的顏色。,今年,去年,裙子,明年,C,裙子,裙子
Q0478,C8-8-1-I2-W160,Vocabulary,8,8-1,2,去年,qùnián,N,last year,Round 1,basic_meaning_mcq,click,Choose the correct English meaning of 「去年」.,last year,brand,time,wallet; purse,A,last year,
Q0479,C8-8-1-I2-W160,Vocabulary,8,8-1,2,去年,qùnián,N,last year,Round 2,character_to_pinyin_typing,free_text,Type the pinyin for 「去年」 (tone marks or tone numbers are accepted).,,,,,,qùnián,qùnián | qun4ian2 | qun4 ian2
Q0480,C8-8-1-I2-W160,Vocabulary,8,8-1,2,去年,qùnián,N,last year,Round 3,context_cloze_mcq,click,Choose the correct word to fill in the blank: ____她送我一本書，今年我要送她一件衣服。,牌子,去年,褲子,裙子,B,去年,去年
Q0481,C8-8-1-I2-W161,Vocabulary,8,8-1,2,年,nián,N/M,year,Round 1,basic_meaning_mcq,click,Choose the correct English meaning of 「年」.,to close,famous,year,catty (=0.6 kilogram in Taiwan),C,year,
Q0482,C8-8-1-I2-W161,Vocabulary,8,8-1,2,年,nián,N/M,year,Round 2,character_to_pinyin_typing,free_text,Type the pinyin for 「年」 (tone marks or tone numbers are accepted).,,,,,,nián,nián | nian2
Q0483,C8-8-1-I2-W161,Vocabulary,8,8-1,2,年,nián,N/M,year,Round 3,context_cloze_mcq,click,Choose the correct word to fill in the blank: 一____有十二個月。,樓,年,瘦,電梯,B,年,年
Q0484,C8-8-1-I2-W162,Vocabulary,8,8-1,2,今年,jīnnián,N,this year,Round 1,basic_meaning_mcq,click,Choose the correct English meaning of 「今年」.,stairs,this year,department store,socks,B,this year,
Q0485,C8-8-1-I2-W162,Vocabulary,8,8-1,2,今年,jīnnián,N,this year,Round 2,character_to_pinyin_typing,free_text,Type the pinyin for 「今年」 (tone marks or tone numbers are accepted).,,,,,,jīnnián,jīnnián | jin1nian2 | jin1 nian2
Q0486,C8-8-1-I2-W162,Vocabulary,8,8-1,2,今年,jīnnián,N,this year,Round 3,context_cloze_mcq,click,Choose the correct word to fill in the blank: 去年她送我一本書，____我要送她一件衣服。,今年,去年,裙子,褲子,A,今年,今年
Q0487,C8-8-1-I2-W163,Vocabulary,8,8-1,2,明年,míngnián,N,next year,Round 1,basic_meaning_mcq,click,Choose the correct English meaning of 「明年」.,boy,this year,next year,stairs,C,next year,
Q0488,C8-8-1-I2-W163,Vocabulary,8,8-1,2,明年,míngnián,N,next year,Round 2,character_to_pinyin_typing,free_text,Type the pinyin for 「明年」 (tone marks or tone numbers are accepted).,,,,,,míngnián,míngnián | ming2nian2 | ming2 nian2
Q0489,C8-8-1-I2-W163,Vocabulary,8,8-1,2,明年,míngnián,N,next year,Round 3,context_cloze_mcq,click,Choose the correct word to fill in the blank: ____我想去臺灣旅行。,去年,裙子,百貨公司,明年,D,明年,明年
Q0490,C8-8-1-I3-W164,Vocabulary,8,8-1,3,牌子,páizi,N,brand,Round 1,basic_meaning_mcq,click,Choose the correct English meaning of 「牌子」.,magazine,last year,brand,shoes,C,brand,
Q0491,C8-8-1-I3-W164,Vocabulary,8,8-1,3,牌子,páizi,N,brand,Round 2,character_to_pinyin_typing,free_text,Type the pinyin for 「牌子」 (tone marks or tone numbers are accepted).,,,,,,páizi,páizi | pai2zi | pai2 zi
Q0492,C8-8-1-I3-W164,Vocabulary,8,8-1,3,牌子,páizi,N,brand,Round 3,context_cloze_mcq,click,Choose the correct word to fill in the blank: 這個____的衣服又便宜又好看。,時間,今年,牌子,裙子,C,牌子,牌子
Q0493,C8-8-1-I4-W165,Vocabulary,8,8-1,4,因為,yīnwèi,Conj,because,Round 1,basic_meaning_mcq,click,Choose the correct English meaning of 「因為」.,because,black color,therefore; so,department store,A,because,
Q0494,C8-8-1-I4-W165,Vocabulary,8,8-1,4,因為,yīnwèi,Conj,because,Round 2,character_to_pinyin_typing,free_text,Type the pinyin for 「因為」 (tone marks or tone numbers are accepted).,,,,,,yīnwèi,yīnwèi | yin1wei4 | yin1 wei4
Q0495,C8-8-1-I4-W165,Vocabulary,8,8-1,4,因為,yīnwèi,Conj,because,Round 3,context_cloze_mcq,click,Choose the correct word to fill in the blank: 今天大家都穿很多衣服，____天氣太冷了。,快,因為,所以,褲子,B,因為,因為
Q0496,C8-8-1-I5-W166,Vocabulary,8,8-1,5,有名,yǒumíng,Vs,famous,Round 1,basic_meaning_mcq,click,Choose the correct English meaning of 「有名」.,famous,old; used,black,popular; fashionable; trendy,A,famous,
Q0497,C8-8-1-I5-W166,Vocabulary,8,8-1,5,有名,yǒumíng,Vs,famous,Round 2,character_to_pinyin_typing,free_text,Type the pinyin for 「有名」 (tone marks or tone numbers are accepted).,,,,,,yǒumíng,yǒumíng | you3ming2 | you3 ming2
Q0498,C8-8-1-I5-W166,Vocabulary,8,8-1,5,有名,yǒumíng,Vs,famous,Round 3,context_cloze_mcq,click,Choose the correct word to fill in the blank: 這家餐廳很____，我們常常來這裡吃飯。,高,有名,矮,瘦,B,有名,有名
Q0499,C8-8-1-I6-W167,Vocabulary,8,8-1,6,褲子,kùzi,N,pants,Round 1,basic_meaning_mcq,click,Choose the correct English meaning of 「褲子」.,pants,department store,elevator; lift,stairs,A,pants,
Q0500,C8-8-1-I6-W167,Vocabulary,8,8-1,6,褲子,kùzi,N,pants,Round 2,character_to_pinyin_typing,free_text,Type the pinyin for 「褲子」 (tone marks or tone numbers are accepted).,,,,,,kùzi,kùzi | ku4zi | ku4 zi
Q0501,C8-8-1-I6-W167,Vocabulary,8,8-1,6,褲子,kùzi,N,pants,Round 3,context_cloze_mcq,click,Choose the correct word to fill in the blank: 那個牌子的____都不便宜。,牌子,裙子,時間,褲子,D,褲子,褲子
Q0502,C8-8-1-I7-W168,Vocabulary,8,8-1,7,所以,suǒyǐ,Conj,therefore; so,Round 1,basic_meaning_mcq,click,Choose the correct English meaning of 「所以」.,therefore; so,skirt,because,tall,A,therefore; so,
Q0503,C8-8-1-I7-W168,Vocabulary,8,8-1,7,所以,suǒyǐ,Conj,therefore; so,Round 2,character_to_pinyin_typing,free_text,Type the pinyin for 「所以」 (tone marks or tone numbers are accepted).,,,,,,suǒyǐ,suǒyǐ | suo3yi3 | suo3 yi3
Q0504,C8-8-1-I7-W168,Vocabulary,8,8-1,7,所以,suǒyǐ,Conj,therefore; so,Round 3,context_cloze_mcq,click,Choose the correct word to fill in the blank: 因為天氣有點兒冷，____我想吃一點兒熱的。,雙,因為,所以,瘦,C,所以,所以
Q0505,C8-8-1-I7-W169,Vocabulary,8,8-1,7,為什麼,wèishénme,Adv,why,Round 1,basic_meaning_mcq,click,Choose the correct English meaning of 「為什麼」.,why,by the way,to be about to,recently; lately,A,why,
Q0506,C8-8-1-I7-W169,Vocabulary,8,8-1,7,為什麼,wèishénme,Adv,why,Round 2,character_to_pinyin_typing,free_text,Type the pinyin for 「為什麼」 (tone marks or tone numbers are accepted).,,,,,,wèishénme,wèishénme | wei4shen2me | wei4 shen2 me
Q0507,C8-8-1-I7-W169,Vocabulary,8,8-1,7,為什麼,wèishénme,Adv,why,Round 3,context_cloze_mcq,click,Choose the correct word to fill in the blank: ____你不吃冰淇淋？,為什麼,最近,快,快要,A,為什麼,為什麼
Q0508,C8-8-1-I8-W170,Vocabulary,8,8-1,8,百貨公司,bǎihuògōngsī,N,department store,Round 1,basic_meaning_mcq,click,Choose the correct English meaning of 「百貨公司」.,shoes,yellow color,brand,department store,D,department store,
Q0509,C8-8-1-I8-W170,Vocabulary,8,8-1,8,百貨公司,bǎihuògōngsī,N,department store,Round 2,character_to_pinyin_typing,free_text,Type the pinyin for 「百貨公司」 (tone marks or tone numbers are accepted).,,,,,,bǎihuògōngsī,bǎihuògōngsī | bai3huo4gong1si1 | bai3 huo4 gong1 si1
Q0510,C8-8-1-I8-W170,Vocabulary,8,8-1,8,百貨公司,bǎihuògōngsī,N,department store,Round 3,context_cloze_mcq,click,Choose the correct word to fill in the blank: 我家附近有____，你想去看嗎？,褲子,百貨公司,今年,時間,B,百貨公司,百貨公司
Q0511,C8-8-1-I9-W171,Vocabulary,8,8-1,9,難,nán,Vs,difficult; hard,Round 1,basic_meaning_mcq,click,Choose the correct English meaning of 「難」.,easy,old; used,yellow,difficult; hard,D,difficult; hard,
Q0512,C8-8-1-I9-W171,Vocabulary,8,8-1,9,難,nán,Vs,difficult; hard,Round 2,character_to_pinyin_typing,free_text,Type the pinyin for 「難」 (tone marks or tone numbers are accepted).,,,,,,nán,nán | nan2
Q0513,C8-8-1-I9-W171,Vocabulary,8,8-1,9,難,nán,Vs,difficult; hard,Round 3,context_cloze_mcq,click,Choose the correct word to fill in the blank: 說中文容易，唱中文歌也不____。,胖,有名,難,瘦,C,難,難
Q0514,C8-8-1-I9-W172,Vocabulary,8,8-1,9,容易,róngyì,Vs,easy,Round 1,basic_meaning_mcq,click,Choose the correct English meaning of 「容易」.,popular; fashionable; trendy,easy,long,young,B,easy,
Q0515,C8-8-1-I9-W172,Vocabulary,8,8-1,9,容易,róngyì,Vs,easy,Round 2,character_to_pinyin_typing,free_text,Type the pinyin for 「容易」 (tone marks or tone numbers are accepted).,,,,,,róngyì,róngyì | rong2yi4 | rong2 yi4
Q0516,C8-8-1-I9-W172,Vocabulary,8,8-1,9,容易,róngyì,Vs,easy,Round 3,context_cloze_mcq,click,Choose the correct word to fill in the blank: 說中文____，唱中文歌也不難。,難,容易,胖,瘦,B,容易,容易
Q0517,C8-8-1-I10-W173,Vocabulary,8,8-1,10,最近,zuìjìn,Adv,recently; lately,Round 1,basic_meaning_mcq,click,Choose the correct English meaning of 「最近」.,to be about to,recently; lately,long,why,B,recently; lately,
Q0518,C8-8-1-I10-W173,Vocabulary,8,8-1,10,最近,zuìjìn,Adv,recently; lately,Round 2,character_to_pinyin_typing,free_text,Type the pinyin for 「最近」 (tone marks or tone numbers are accepted).,,,,,,zuìjìn,zuìjìn | zui4jin4 | zui4 jin4
Q0519,C8-8-1-I10-W173,Vocabulary,8,8-1,10,最近,zuìjìn,Adv,recently; lately,Round 3,context_cloze_mcq,click,Choose the correct word to fill in the blank: 他____很忙，所以每天都很累。,快要,最近,為什麼,快,B,最近,最近
Q0520,C8-8-1-I11-W174,Vocabulary,8,8-1,11,胖,pàng,Vs,fat,Round 1,basic_meaning_mcq,click,Choose the correct English meaning of 「胖」.,fat,yellow,young,short (in length),A,fat,
Q0521,C8-8-1-I11-W174,Vocabulary,8,8-1,11,胖,pàng,Vs,fat,Round 2,character_to_pinyin_typing,free_text,Type the pinyin for 「胖」 (tone marks or tone numbers are accepted).,,,,,,pàng,pàng | pang4
Q0522,C8-8-1-I11-W174,Vocabulary,8,8-1,11,胖,pàng,Vs,fat,Round 3,context_cloze_mcq,click,Choose the correct word to fill in the blank: 他有一點____。,容易,胖,瘦,難,B,胖,胖
Q0523,C8-8-1-I11-W175,Vocabulary,8,8-1,11,瘦,shòu,Vs,thin,Round 1,basic_meaning_mcq,click,Choose the correct English meaning of 「瘦」.,thin,short,fat,tall,A,thin,
Q0524,C8-8-1-I11-W175,Vocabulary,8,8-1,11,瘦,shòu,Vs,thin,Round 2,character_to_pinyin_typing,free_text,Type the pinyin for 「瘦」 (tone marks or tone numbers are accepted).,,,,,,shòu,shòu | shou4
Q0525,C8-8-1-I11-W175,Vocabulary,8,8-1,11,瘦,shòu,Vs,thin,Round 3,context_cloze_mcq,click,Choose the correct word to fill in the blank: 因為他每天都跑步，所以____了。,有名,矮,難,瘦,D,瘦,瘦
Q0526,C8-8-1-I11-W176,Vocabulary,8,8-1,11,高,gāo,Vs,tall,Round 1,basic_meaning_mcq,click,Choose the correct English meaning of 「高」.,young,long,tall,short (in length),C,tall,
Q0527,C8-8-1-I11-W176,Vocabulary,8,8-1,11,高,gāo,Vs,tall,Round 2,character_to_pinyin_typing,free_text,Type the pinyin for 「高」 (tone marks or tone numbers are accepted).,,,,,,gāo,gāo | gao1
Q0528,C8-8-1-I11-W176,Vocabulary,8,8-1,11,高,gāo,Vs,tall,Round 3,context_cloze_mcq,click,Choose the correct word to fill in the blank: 哥哥很____。,矮,高,胖,瘦,B,高,高
Q0529,C8-8-1-I11-W177,Vocabulary,8,8-1,11,矮,ǎi,Vs,short,Round 1,basic_meaning_mcq,click,Choose the correct English meaning of 「矮」.,old; used,black,young,short,D,short,
Q0530,C8-8-1-I11-W177,Vocabulary,8,8-1,11,矮,ǎi,Vs,short,Round 2,character_to_pinyin_typing,free_text,Type the pinyin for 「矮」 (tone marks or tone numbers are accepted).,,,,,,ǎi,ǎi | ai3
Q0531,C8-8-1-I11-W177,Vocabulary,8,8-1,11,矮,ǎi,Vs,short,Round 3,context_cloze_mcq,click,Choose the correct word to fill in the blank: 弟弟比較____。,矮,瘦,容易,胖,A,矮,矮
Q0532,C8-8-1-I12-W178,Vocabulary,8,8-1,12,公斤,gōngjīn,M,kilogram,Round 1,basic_meaning_mcq,click,Choose the correct English meaning of 「公斤」.,catty (=0.6 kilogram in Taiwan),kilogram,measure word for shoes and socks,floor,B,kilogram,
Q0533,C8-8-1-I12-W178,Vocabulary,8,8-1,12,公斤,gōngjīn,M,kilogram,Round 2,character_to_pinyin_typing,free_text,Type the pinyin for 「公斤」 (tone marks or tone numbers are accepted).,,,,,,gōngjīn,gōngjīn | gong1jin1 | gong1 jin1
Q0534,C8-8-1-I12-W178,Vocabulary,8,8-1,12,公斤,gōngjīn,M,kilogram,Round 3,context_cloze_mcq,click,Choose the correct word to fill in the blank: 爸爸很喜歡吃蛋糕，所以胖了三____。,雙,公斤,樓,斤,B,公斤,公斤
Q0535,C8-8-1-I12-W179,Vocabulary,8,8-1,12,斤,jīn,M,catty (=0.6 kilogram in Taiwan),Round 1,basic_meaning_mcq,click,Choose the correct English meaning of 「斤」.,floor,catty (=0.6 kilogram in Taiwan),kilogram,measure word for shoes and socks,B,catty (=0.6 kilogram in Taiwan),
Q0536,C8-8-1-I12-W179,Vocabulary,8,8-1,12,斤,jīn,M,catty (=0.6 kilogram in Taiwan),Round 2,character_to_pinyin_typing,free_text,Type the pinyin for 「斤」 (tone marks or tone numbers are accepted).,,,,,,jīn,jīn | jin1
Q0537,C8-8-1-I12-W179,Vocabulary,8,8-1,12,斤,jīn,M,catty (=0.6 kilogram in Taiwan),Round 3,context_cloze_mcq,click,Choose the correct word to fill in the blank: 我買了一____水果。,公斤,樓,雙,斤,D,斤,斤
Q0538,C8-8-1-I13-W180,Vocabulary,8,8-1,13,怕,pà,Vst,to be scared of; to be afraid of,Round 1,basic_meaning_mcq,click,Choose the correct English meaning of 「怕」.,easy,to be scared of; to be afraid of,department store,black,B,to be scared of; to be afraid of,
Q0539,C8-8-1-I13-W180,Vocabulary,8,8-1,13,怕,pà,Vst,to be scared of; to be afraid of,Round 2,character_to_pinyin_typing,free_text,Type the pinyin for 「怕」 (tone marks or tone numbers are accepted).,,,,,,pà,pà | pa4
Q0540,C8-8-1-I13-W180,Vocabulary,8,8-1,13,怕,pà,Vst,to be scared of; to be afraid of,Round 3,context_cloze_mcq,click,Choose the correct word to fill in the blank: 弟弟不喜歡唱歌，因為____唱得不好。,怕,快要,明年,舊,A,怕,怕
Q0541,C8-8-1-I14-W181,Vocabulary,8,8-1,14,跟,gēn,Prep,with,Round 1,basic_meaning_mcq,click,Choose the correct English meaning of 「跟」.,magazine,young,difficult; hard,with,D,with,
Q0542,C8-8-1-I14-W181,Vocabulary,8,8-1,14,跟,gēn,Prep,with,Round 2,character_to_pinyin_typing,free_text,Type the pinyin for 「跟」 (tone marks or tone numbers are accepted).,,,,,,gēn,gēn | gen1
Q0543,C8-8-1-I14-W181,Vocabulary,8,8-1,14,跟,gēn,Prep,with,Round 3,context_cloze_mcq,click,Choose the correct word to fill in the blank: 他最近常常____朋友一起玩。,今年,去年,跟,樓下,C,跟,跟
Q0544,C8-8-1-I15-W182,Vocabulary,8,8-1,15,時間,shíjiān,N,time,Round 1,basic_meaning_mcq,click,Choose the correct English meaning of 「時間」.,time,downstairs,boy,skirt,A,time,
Q0545,C8-8-1-I15-W182,Vocabulary,8,8-1,15,時間,shíjiān,N,time,Round 2,character_to_pinyin_typing,free_text,Type the pinyin for 「時間」 (tone marks or tone numbers are accepted).,,,,,,shíjiān,shíjiān | shi2jian1 | shi2 jian1
Q0546,C8-8-1-I15-W182,Vocabulary,8,8-1,15,時間,shíjiān,N,time,Round 3,context_cloze_mcq,click,Choose the correct word to fill in the blank: 我最近沒有____看電影。,時間,牌子,今年,去年,A,時間,時間
Q0547,C8-8-2-I1-W183,Vocabulary,8,8-2,1,黃色,huángsè,N,yellow color,Round 1,basic_meaning_mcq,click,Choose the correct English meaning of 「黃色」.,skirt,girl,yellow color,downstairs,C,yellow color,
Q0548,C8-8-2-I1-W183,Vocabulary,8,8-2,1,黃色,huángsè,N,yellow color,Round 2,character_to_pinyin_typing,free_text,Type the pinyin for 「黃色」 (tone marks or tone numbers are accepted).,,,,,,huángsè,huángsè | huang2se4 | huang2 se4
Q0549,C8-8-2-I1-W183,Vocabulary,8,8-2,1,黃色,huángsè,N,yellow color,Round 3,context_cloze_mcq,click,Choose the correct word to fill in the blank: 姐姐喜歡穿____的裙子。,鞋子,黃色,樓下,襪子,B,黃色,黃色
Q0550,C8-8-2-I1-W184,Vocabulary,8,8-2,1,黃,huáng,Vs,yellow,Round 1,basic_meaning_mcq,click,Choose the correct English meaning of 「黃」.,fat,popular; fashionable; trendy,thin,yellow,D,yellow,
Q0551,C8-8-2-I1-W184,Vocabulary,8,8-2,1,黃,huáng,Vs,yellow,Round 2,character_to_pinyin_typing,free_text,Type the pinyin for 「黃」 (tone marks or tone numbers are accepted).,,,,,,huáng,huáng | huang2
Q0552,C8-8-2-I1-W184,Vocabulary,8,8-2,1,黃,huáng,Vs,yellow,Round 3,context_cloze_mcq,click,Choose the correct word to fill in the blank: 姐姐喜歡穿____色的裙子。,黃,長,黑,短,A,黃,黃
Q0553,C8-8-2-I2-W185,Vocabulary,8,8-2,2,吧,ba,Ptc,final particle for questions,Round 1,basic_meaning_mcq,click,Choose the correct English meaning of 「吧」.,final particle for questions,to close,year,black color,A,final particle for questions,
Q0554,C8-8-2-I2-W185,Vocabulary,8,8-2,2,吧,ba,Ptc,final particle for questions,Round 2,character_to_pinyin_typing,free_text,Type the pinyin for 「吧」 (tone marks or tone numbers are accepted).,,,,,,ba,ba
Q0555,C8-8-2-I2-W185,Vocabulary,8,8-2,2,吧,ba,Ptc,final particle for questions,Round 3,context_cloze_mcq,click,Choose the correct word to fill in the blank: 好多人來這家店買蛋糕，他們的蛋糕一定很好吃____？,年輕,吧,矮,瘦,B,吧,吧
Q0556,C8-8-2-I3-W186,Vocabulary,8,8-2,3,流行,liúxíng,Vs,popular; fashionable; trendy,Round 1,basic_meaning_mcq,click,Choose the correct English meaning of 「流行」.,black,old,popular; fashionable; trendy,young,C,popular; fashionable; trendy,
Q0557,C8-8-2-I3-W186,Vocabulary,8,8-2,3,流行,liúxíng,Vs,popular; fashionable; trendy,Round 2,character_to_pinyin_typing,free_text,Type the pinyin for 「流行」 (tone marks or tone numbers are accepted).,,,,,,liúxíng,liúxíng | liu2xing2 | liu2 xing2
Q0558,C8-8-2-I3-W186,Vocabulary,8,8-2,3,流行,liúxíng,Vs,popular; fashionable; trendy,Round 3,context_cloze_mcq,click,Choose the correct word to fill in the blank: 白色是今年很____的顏色。,長,黑,流行,黃,C,流行,流行
Q0559,C8-8-2-I4-W187,Vocabulary,8,8-2,4,短,duǎn,Vs,short (in length),Round 1,basic_meaning_mcq,click,Choose the correct English meaning of 「短」.,short (in length),difficult; hard,popular; fashionable; trendy,old,A,short (in length),
Q0560,C8-8-2-I4-W187,Vocabulary,8,8-2,4,短,duǎn,Vs,short (in length),Round 2,character_to_pinyin_typing,free_text,Type the pinyin for 「短」 (tone marks or tone numbers are accepted).,,,,,,duǎn,duǎn | duan3
Q0561,C8-8-2-I4-W187,Vocabulary,8,8-2,4,短,duǎn,Vs,short (in length),Round 3,context_cloze_mcq,click,Choose the correct word to fill in the blank: 弟弟愛穿____褲，不愛穿長褲。,流行,長,黑,短,D,短,短
Q0562,C8-8-2-I4-W188,Vocabulary,8,8-2,4,長,cháng,Vs,long,Round 1,basic_meaning_mcq,click,Choose the correct English meaning of 「長」.,long,difficult; hard,short,thin,A,long,
Q0563,C8-8-2-I4-W188,Vocabulary,8,8-2,4,長,cháng,Vs,long,Round 2,character_to_pinyin_typing,free_text,Type the pinyin for 「長」 (tone marks or tone numbers are accepted).,,,,,,cháng,cháng | chang2
Q0564,C8-8-2-I4-W188,Vocabulary,8,8-2,4,長,cháng,Vs,long,Round 3,context_cloze_mcq,click,Choose the correct word to fill in the blank: 弟弟愛穿短褲，不愛穿____褲。,短,長,流行,黃,B,長,長
Q0565,C8-8-2-I5-W189,Vocabulary,8,8-2,5,鞋子,xiézi,N,shoes,Round 1,basic_meaning_mcq,click,Choose the correct English meaning of 「鞋子」.,stairs,yellow color,wallet; purse,shoes,D,shoes,
Q0566,C8-8-2-I5-W189,Vocabulary,8,8-2,5,鞋子,xiézi,N,shoes,Round 2,character_to_pinyin_typing,free_text,Type the pinyin for 「鞋子」 (tone marks or tone numbers are accepted).,,,,,,xiézi,xiézi | xie2zi | xie2 zi
Q0567,C8-8-2-I5-W189,Vocabulary,8,8-2,5,鞋子,xiézi,N,shoes,Round 3,context_cloze_mcq,click,Choose the correct word to fill in the blank: 我想買一雙黑色的____和一雙白色的襪子。,鞋子,樓梯,樓下,黃色,A,鞋子,鞋子
Q0568,C8-8-2-I5-W190,Vocabulary,8,8-2,5,襪子,wàzi,N,socks,Round 1,basic_meaning_mcq,click,Choose the correct English meaning of 「襪子」.,pants,girl,socks,upstairs,C,socks,
Q0569,C8-8-2-I5-W190,Vocabulary,8,8-2,5,襪子,wàzi,N,socks,Round 2,character_to_pinyin_typing,free_text,Type the pinyin for 「襪子」 (tone marks or tone numbers are accepted).,,,,,,wàzi,wàzi | wa4zi | wa4 zi
Q0570,C8-8-2-I5-W190,Vocabulary,8,8-2,5,襪子,wàzi,N,socks,Round 3,context_cloze_mcq,click,Choose the correct word to fill in the blank: 我想買一雙黑色的鞋子和一雙白色的____。,樓下,樓梯,鞋子,襪子,D,襪子,襪子
Q0571,C8-8-2-I5-W191,Vocabulary,8,8-2,5,雙,shuāng,M,measure word for shoes and socks,Round 1,basic_meaning_mcq,click,Choose the correct English meaning of 「雙」.,measure word for shoes and socks,catty (=0.6 kilogram in Taiwan),kilogram,floor,A,measure word for shoes and socks,
Q0572,C8-8-2-I5-W191,Vocabulary,8,8-2,5,雙,shuāng,M,measure word for shoes and socks,Round 2,character_to_pinyin_typing,free_text,Type the pinyin for 「雙」 (tone marks or tone numbers are accepted).,,,,,,shuāng,shuāng | shuang1
Q0573,C8-8-2-I5-W191,Vocabulary,8,8-2,5,雙,shuāng,M,measure word for shoes and socks,Round 3,context_cloze_mcq,click,Choose the correct word to fill in the blank: 我想買一____黑色的鞋子和一雙白色的襪子。,樓,斤,公斤,雙,D,雙,雙
Q0574,C8-8-2-I6-W192,Vocabulary,8,8-2,6,黑色,hēisè,N,black color,Round 1,basic_meaning_mcq,click,Choose the correct English meaning of 「黑色」.,shoes,pants,socks,black color,D,black color,
Q0575,C8-8-2-I6-W192,Vocabulary,8,8-2,6,黑色,hēisè,N,black color,Round 2,character_to_pinyin_typing,free_text,Type the pinyin for 「黑色」 (tone marks or tone numbers are accepted).,,,,,,hēisè,hēisè | hei1se4 | hei1 se4
Q0576,C8-8-2-I6-W192,Vocabulary,8,8-2,6,黑色,hēisè,N,black color,Round 3,context_cloze_mcq,click,Choose the correct word to fill in the blank: 我想買一雙____的鞋子和一雙白色的襪子。,樓梯,黑色,樓上,鞋子,B,黑色,黑色
Q0577,C8-8-2-I6-W193,Vocabulary,8,8-2,6,黑,hēi,Vs,black,Round 1,basic_meaning_mcq,click,Choose the correct English meaning of 「黑」.,difficult; hard,thin,short (in length),black,D,black,
Q0578,C8-8-2-I6-W193,Vocabulary,8,8-2,6,黑,hēi,Vs,black,Round 2,character_to_pinyin_typing,free_text,Type the pinyin for 「黑」 (tone marks or tone numbers are accepted).,,,,,,hēi,hēi | hei1
Q0579,C8-8-2-I6-W193,Vocabulary,8,8-2,6,黑,hēi,Vs,black,Round 3,context_cloze_mcq,click,Choose the correct word to fill in the blank: 我想買一雙____色的鞋子和一雙白色的襪子。,黃,短,黑,流行,C,黑,黑
Q0580,C8-8-2-I7-W194,Vocabulary,8,8-2,7,樓,lóu,M,floor,Round 1,basic_meaning_mcq,click,Choose the correct English meaning of 「樓」.,measure word for shoes and socks,catty (=0.6 kilogram in Taiwan),kilogram,floor,D,floor,
Q0581,C8-8-2-I7-W194,Vocabulary,8,8-2,7,樓,lóu,M,floor,Round 2,character_to_pinyin_typing,free_text,Type the pinyin for 「樓」 (tone marks or tone numbers are accepted).,,,,,,lóu,lóu | lou2
Q0582,C8-8-2-I7-W194,Vocabulary,8,8-2,7,樓,lóu,M,floor,Round 3,context_cloze_mcq,click,Choose the correct word to fill in the blank: 你家在幾____？,雙,斤,公斤,樓,D,樓,樓
Q0583,C8-8-2-I8-W195,Vocabulary,8,8-2,8,樓下,lóuxià,N,downstairs,Round 1,basic_meaning_mcq,click,Choose the correct English meaning of 「樓下」.,time,black color,pants,downstairs,D,downstairs,
Q0584,C8-8-2-I8-W195,Vocabulary,8,8-2,8,樓下,lóuxià,N,downstairs,Round 2,character_to_pinyin_typing,free_text,Type the pinyin for 「樓下」 (tone marks or tone numbers are accepted).,,,,,,lóuxià,lóuxià | lou2xia4 | lou2 xia4
Q0585,C8-8-2-I8-W195,Vocabulary,8,8-2,8,樓下,lóuxià,N,downstairs,Round 3,context_cloze_mcq,click,Choose the correct word to fill in the blank: 你要不要去____的客廳看電視？,鞋子,樓上,襪子,樓下,D,樓下,樓下
Q0586,C8-8-2-I8-W196,Vocabulary,8,8-2,8,樓上,lóushàng,N,upstairs,Round 1,basic_meaning_mcq,click,Choose the correct English meaning of 「樓上」.,boy,upstairs,magazine,pants,B,upstairs,
Q0587,C8-8-2-I8-W196,Vocabulary,8,8-2,8,樓上,lóushàng,N,upstairs,Round 2,character_to_pinyin_typing,free_text,Type the pinyin for 「樓上」 (tone marks or tone numbers are accepted).,,,,,,lóushàng,lóushàng | lou2shang4 | lou2 shang4
Q0588,C8-8-2-I8-W196,Vocabulary,8,8-2,8,樓上,lóushàng,N,upstairs,Round 3,context_cloze_mcq,click,Choose the correct word to fill in the blank: 謝謝，我想先去____的房間休息。,黃色,襪子,樓上,鞋子,C,樓上,樓上
Q0589,C8-8-2-I9-W197,Vocabulary,8,8-2,9,快要,kuàiyào,Adv,to be about to,Round 1,basic_meaning_mcq,click,Choose the correct English meaning of 「快要」.,recently; lately,why,to be about to,difficult; hard,C,to be about to,
Q0590,C8-8-2-I9-W197,Vocabulary,8,8-2,9,快要,kuàiyào,Adv,to be about to,Round 2,character_to_pinyin_typing,free_text,Type the pinyin for 「快要」 (tone marks or tone numbers are accepted).,,,,,,kuàiyào,kuàiyào | kuai4yao4 | kuai4 yao4
Q0591,C8-8-2-I9-W197,Vocabulary,8,8-2,9,快要,kuàiyào,Adv,to be about to,Round 3,context_cloze_mcq,click,Choose the correct word to fill in the blank: 十點了，飛機____起飛了。,為什麼,最近,快要,快,C,快要,快要
Q0592,C8-8-2-I9-W198,Vocabulary,8,8-2,9,快,kuài,Adv,to be about to,Round 1,basic_meaning_mcq,click,Choose the correct English meaning of 「快」.,brand,to be about to,why,recently; lately,B,to be about to,
Q0593,C8-8-2-I9-W198,Vocabulary,8,8-2,9,快,kuài,Adv,to be about to,Round 2,character_to_pinyin_typing,free_text,Type the pinyin for 「快」 (tone marks or tone numbers are accepted).,,,,,,kuài,kuài | kuai4
Q0594,C8-8-2-I9-W198,Vocabulary,8,8-2,9,快,kuài,Adv,to be about to,Round 3,context_cloze_mcq,click,Choose the correct word to fill in the blank: 十點了，飛機____起飛了。,為什麼,快,快要,最近,B,快,快
Q0595,C8-8-2-I10-W199,Vocabulary,8,8-2,10,關,guān,V,to close,Round 1,basic_meaning_mcq,click,Choose the correct English meaning of 「關」.,final particle for questions,to close,to be about to,to open,B,to close,
Q0596,C8-8-2-I10-W199,Vocabulary,8,8-2,10,關,guān,V,to close,Round 2,character_to_pinyin_typing,free_text,Type the pinyin for 「關」 (tone marks or tone numbers are accepted).,,,,,,guān,guān | guan1
Q0597,C8-8-2-I10-W199,Vocabulary,8,8-2,10,關,guān,V,to close,Round 3,context_cloze_mcq,click,Choose the correct word to fill in the blank: 學校的圖書館早上八點開，晚上九點____。,開,快,關,黑色,C,關,關
Q0598,C8-8-2-I10-W200,Vocabulary,8,8-2,10,開,kāi,V,to open,Round 1,basic_meaning_mcq,click,Choose the correct English meaning of 「開」.,to open,to close,by the way,yellow color,A,to open,
Q0599,C8-8-2-I10-W200,Vocabulary,8,8-2,10,開,kāi,V,to open,Round 2,character_to_pinyin_typing,free_text,Type the pinyin for 「開」 (tone marks or tone numbers are accepted).,,,,,,kāi,kāi | kai1
Q0600,C8-8-2-I10-W200,Vocabulary,8,8-2,10,開,kāi,V,to open,Round 3,context_cloze_mcq,click,Choose the correct word to fill in the blank: 學校的圖書館早上八點____，晚上九點關。,百貨公司,關,開,快要,C,開,開
Q0601,C8-8-2-I11-W201,Vocabulary,8,8-2,11,電梯,diàntī,N,elevator; lift,Round 1,basic_meaning_mcq,click,Choose the correct English meaning of 「電梯」.,black color,brand,elevator; lift,girl,C,elevator; lift,
Q0602,C8-8-2-I11-W201,Vocabulary,8,8-2,11,電梯,diàntī,N,elevator; lift,Round 2,character_to_pinyin_typing,free_text,Type the pinyin for 「電梯」 (tone marks or tone numbers are accepted).,,,,,,diàntī,diàntī | dian4ti1 | dian4 ti1
Q0603,C8-8-2-I11-W201,Vocabulary,8,8-2,11,電梯,diàntī,N,elevator; lift,Round 3,context_cloze_mcq,click,Choose the correct word to fill in the blank: 我要坐____，不要走樓梯。,樓梯,黑色,電梯,鞋子,C,電梯,電梯
Q0604,C8-8-2-I11-W202,Vocabulary,8,8-2,11,樓梯,lóutī,N,stairs,Round 1,basic_meaning_mcq,click,Choose the correct English meaning of 「樓梯」.,this year,pants,department store,stairs,D,stairs,
Q0605,C8-8-2-I11-W202,Vocabulary,8,8-2,11,樓梯,lóutī,N,stairs,Round 2,character_to_pinyin_typing,free_text,Type the pinyin for 「樓梯」 (tone marks or tone numbers are accepted).,,,,,,lóutī,lóutī | lou2ti1 | lou2 ti1
Q0606,C8-8-2-I11-W202,Vocabulary,8,8-2,11,樓梯,lóutī,N,stairs,Round 3,context_cloze_mcq,click,Choose the correct word to fill in the blank: 我要坐電梯，不要走____。,襪子,樓梯,鞋子,電梯,B,樓梯,樓梯
Q0607,C8-8-3-I1-W203,Vocabulary,8,8-3,1,年輕,niánqīng,Vs,young,Round 1,basic_meaning_mcq,click,Choose the correct English meaning of 「年輕」.,young,tall,thin,black,A,young,
Q0608,C8-8-3-I1-W203,Vocabulary,8,8-3,1,年輕,niánqīng,Vs,young,Round 2,character_to_pinyin_typing,free_text,Type the pinyin for 「年輕」 (tone marks or tone numbers are accepted).,,,,,,niánqīng,niánqīng | nian2qing1 | nian2 qing1
Q0609,C8-8-3-I1-W203,Vocabulary,8,8-3,1,年輕,niánqīng,Vs,young,Round 3,context_cloze_mcq,click,Choose the correct word to fill in the blank: 很多____人喜歡聽流行音樂。,舊,老,流行,年輕,D,年輕,年輕
Q0610,C8-8-3-I1-W204,Vocabulary,8,8-3,1,老,lǎo,Vs,old,Round 1,basic_meaning_mcq,click,Choose the correct English meaning of 「老」.,yellow,popular; fashionable; trendy,short,old,D,old,
Q0611,C8-8-3-I1-W204,Vocabulary,8,8-3,1,老,lǎo,Vs,old,Round 2,character_to_pinyin_typing,free_text,Type the pinyin for 「老」 (tone marks or tone numbers are accepted).,,,,,,lǎo,lǎo | lao3
Q0612,C8-8-3-I1-W204,Vocabulary,8,8-3,1,老,lǎo,Vs,old,Round 3,context_cloze_mcq,click,Choose the correct word to fill in the blank: 我爺爺年紀很大，人也____了。,年輕,老,黑,舊,B,老,老
Q0613,C8-8-3-I2-W205,Vocabulary,8,8-3,2,皮包,píbāo,N,wallet; purse,Round 1,basic_meaning_mcq,click,Choose the correct English meaning of 「皮包」.,wallet; purse,black color,socks,yellow color,A,wallet; purse,
Q0614,C8-8-3-I2-W205,Vocabulary,8,8-3,2,皮包,píbāo,N,wallet; purse,Round 2,character_to_pinyin_typing,free_text,Type the pinyin for 「皮包」 (tone marks or tone numbers are accepted).,,,,,,píbāo,píbāo | pi2bao1 | pi2 bao1
Q0615,C8-8-3-I2-W205,Vocabulary,8,8-3,2,皮包,píbāo,N,wallet; purse,Round 3,context_cloze_mcq,click,Choose the correct word to fill in the blank: 明天我有空，我想去買____。,男生,雜誌,皮包,女生,C,皮包,皮包
Q0616,C8-8-3-I3-W206,Vocabulary,8,8-3,3,女生,nǚshēng,N,girl,Round 1,basic_meaning_mcq,click,Choose the correct English meaning of 「女生」.,boy,stairs,shoes,girl,D,girl,
Q0617,C8-8-3-I3-W206,Vocabulary,8,8-3,3,女生,nǚshēng,N,girl,Round 2,character_to_pinyin_typing,free_text,Type the pinyin for 「女生」 (tone marks or tone numbers are accepted).,,,,,,nǚshēng,nǚshēng | nü3sheng1 | nü3 sheng1 | nv3sheng1 | nv3 sheng1
Q0618,C8-8-3-I3-W206,Vocabulary,8,8-3,3,女生,nǚshēng,N,girl,Round 3,context_cloze_mcq,click,Choose the correct word to fill in the blank: ____和男生都喜歡去百貨公司買東西。,皮包,男生,雜誌,女生,D,女生,女生
Q0619,C8-8-3-I4-W207,Vocabulary,8,8-3,4,男生,nánshēng,N,boy,Round 1,basic_meaning_mcq,click,Choose the correct English meaning of 「男生」.,pants,skirt,wallet; purse,boy,D,boy,
Q0620,C8-8-3-I4-W207,Vocabulary,8,8-3,4,男生,nánshēng,N,boy,Round 2,character_to_pinyin_typing,free_text,Type the pinyin for 「男生」 (tone marks or tone numbers are accepted).,,,,,,nánshēng,nánshēng | nan2sheng1 | nan2 sheng1
Q0621,C8-8-3-I4-W207,Vocabulary,8,8-3,4,男生,nánshēng,N,boy,Round 3,context_cloze_mcq,click,Choose the correct word to fill in the blank: 女生和____都喜歡去百貨公司買東西。,雜誌,皮包,女生,男生,D,男生,男生
Q0622,C8-8-3-I5-W208,Vocabulary,8,8-3,5,雜誌,zázhì,N,magazine,Round 1,basic_meaning_mcq,click,Choose the correct English meaning of 「雜誌」.,wallet; purse,magazine,black color,next year,B,magazine,
Q0623,C8-8-3-I5-W208,Vocabulary,8,8-3,5,雜誌,zázhì,N,magazine,Round 2,character_to_pinyin_typing,free_text,Type the pinyin for 「雜誌」 (tone marks or tone numbers are accepted).,,,,,,zázhì,zázhì | za2zhi4 | za2 zhi4
Q0624,C8-8-3-I5-W208,Vocabulary,8,8-3,5,雜誌,zázhì,N,magazine,Round 3,context_cloze_mcq,click,Choose the correct word to fill in the blank: 這本____有點兒舊，我幫你買一本新的吧。,女生,男生,雜誌,皮包,C,雜誌,雜誌
Q0625,C8-8-3-I6-W209,Vocabulary,8,8-3,6,舊,jiù,Vs,old; used,Round 1,basic_meaning_mcq,click,Choose the correct English meaning of 「舊」.,old; used,short,young,tall,A,old; used,
Q0626,C8-8-3-I6-W209,Vocabulary,8,8-3,6,舊,jiù,Vs,old; used,Round 2,character_to_pinyin_typing,free_text,Type the pinyin for 「舊」 (tone marks or tone numbers are accepted).,,,,,,jiù,jiù | jiu4
Q0627,C8-8-3-I6-W209,Vocabulary,8,8-3,6,舊,jiù,Vs,old; used,Round 3,context_cloze_mcq,click,Choose the correct word to fill in the blank: 這本雜誌有點兒____，我幫你買一本新的吧。,老,舊,難,年輕,B,舊,舊
Q0628,C5-5-3-I1-W210,Phrase,5,5-3,1,曬太陽/晒太陽,shài tàiyáng,Phrase,to bask in the sun,Round 1,basic_meaning_mcq,click,Choose the correct English meaning of 「曬太陽/晒太陽」.,sofa,elder brother,measure word for tables and chairs,to bask in the sun,D,to bask in the sun,
Q0629,C5-5-3-I1-W210,Phrase,5,5-3,1,曬太陽/晒太陽,shài tàiyáng,Phrase,to bask in the sun,Round 2,character_to_pinyin_typing,free_text,Type the pinyin for 「曬太陽/晒太陽」 (tone marks or tone numbers are accepted).,,,,,,shài tàiyáng,shài tàiyáng | shai4 tai4yang2 | shai4 tai4 yang2
Q0630,C5-5-3-I1-W210,Phrase,5,5-3,1,曬太陽/晒太陽,shài tàiyáng,Phrase,to bask in the sun,Round 3,context_cloze_mcq,click,Choose the correct word to fill in the blank: 我的貓在房子外面____。,窗戶,太陽,再,曬太陽,D,曬太陽,曬太陽 | 晒太陽
Q0631,C5-5-3-I1-W211,Phrase,5,5-3,1,太陽,tàiyáng,Phrase,the sun,Round 1,basic_meaning_mcq,click,Choose the correct English meaning of 「太陽」.,afternoon tea,building; house,dog,the sun,D,the sun,
Q0632,C5-5-3-I1-W211,Phrase,5,5-3,1,太陽,tàiyáng,Phrase,the sun,Round 2,character_to_pinyin_typing,free_text,Type the pinyin for 「太陽」 (tone marks or tone numbers are accepted).,,,,,,tàiyáng,tàiyáng | tai4yang2 | tai4 yang2
Q0633,C5-5-3-I1-W211,Phrase,5,5-3,1,太陽,tàiyáng,Phrase,the sun,Round 3,context_cloze_mcq,click,Choose the correct word to fill in the blank: 我的貓在房子外面曬____。,曬太陽,有,在,太陽,D,太陽,太陽
Q0634,C6-6-2-I1-W212,Phrase,6,6-2,1,聽說,tīngshuō,Phrase,to hear of,Round 1,basic_meaning_mcq,click,Choose the correct English meaning of 「聽說」.,Don't... (used in imperatives),measure word for vehicles,competition; race; game,to hear of,D,to hear of,
Q0635,C6-6-2-I1-W212,Phrase,6,6-2,1,聽說,tīngshuō,Phrase,to hear of,Round 2,character_to_pinyin_typing,free_text,Type the pinyin for 「聽說」 (tone marks or tone numbers are accepted).,,,,,,tīngshuō,tīngshuō | ting1shuo1 | ting1 shuo1
Q0636,C6-6-2-I1-W212,Phrase,6,6-2,1,聽說,tīngshuō,Phrase,to hear of,Round 3,context_cloze_mcq,click,Choose the correct word to fill in the blank: ____這部電影很有趣。,學習,不要,聽說,平常,C,聽說,聽說
Q0637,C6-6-2-I2-W213,Phrase,6,6-2,2,不要,búyào,Phrase,Don't... (used in imperatives),Round 1,basic_meaning_mcq,click,Choose the correct English meaning of 「不要」.,Don't... (used in imperatives),the day after tomorrow,to hear of,should; ought to,A,Don't... (used in imperatives),
Q0638,C6-6-2-I2-W213,Phrase,6,6-2,2,不要,búyào,Phrase,Don't... (used in imperatives),Round 2,character_to_pinyin_typing,free_text,Type the pinyin for 「不要」 (tone marks or tone numbers are accepted).,,,,,,búyào,búyào | bu2yao4 | bu2 yao4
Q0639,C6-6-2-I2-W213,Phrase,6,6-2,2,不要,búyào,Phrase,Don't... (used in imperatives),Round 3,context_cloze_mcq,click,Choose the correct word to fill in the blank: ____在電影院說話。,比賽,球,不要,聽說,C,不要,不要
Q0640,C8-8-2-I1-W214,Phrase,8,8-2,1,沒關係,méiguānxi,Phrase,It's ok.,Round 1,basic_meaning_mcq,click,Choose the correct English meaning of 「沒關係」.,It's ok.,black,by the way,sorry,A,It's ok.,
Q0641,C8-8-2-I1-W214,Phrase,8,8-2,1,沒關係,méiguānxi,Phrase,It's ok.,Round 2,character_to_pinyin_typing,free_text,Type the pinyin for 「沒關係」 (tone marks or tone numbers are accepted).,,,,,,méiguānxi,méiguānxi | mei2guan1xi | mei2 guan1 xi
Q0642,C8-8-2-I1-W214,Phrase,8,8-2,1,沒關係,méiguānxi,Phrase,It's ok.,Round 3,context_cloze_mcq,click,Choose the correct word to fill in the blank: 對不起。____。,沒關係,對不起,快,對了,A,沒關係,沒關係
Q0643,C8-8-2-I1-W215,Phrase,8,8-2,1,對不起,duìbuqǐ,Phrase,sorry,Round 1,basic_meaning_mcq,click,Choose the correct English meaning of 「對不起」.,sorry,upstairs,by the way,It's ok.,A,sorry,
Q0644,C8-8-2-I1-W215,Phrase,8,8-2,1,對不起,duìbuqǐ,Phrase,sorry,Round 2,character_to_pinyin_typing,free_text,Type the pinyin for 「對不起」 (tone marks or tone numbers are accepted).,,,,,,duìbuqǐ,duìbuqǐ | dui4buqi3 | dui4 buqi3
Q0645,C8-8-2-I1-W215,Phrase,8,8-2,1,對不起,duìbuqǐ,Phrase,sorry,Round 3,context_cloze_mcq,click,Choose the correct word to fill in the blank: ____。沒關係。,沒關係,對了,對不起,黑色,C,對不起,對不起
Q0646,C8-8-2-I2-W216,Phrase,8,8-2,2,對了,duìle,Phrase,by the way,Round 1,basic_meaning_mcq,click,Choose the correct English meaning of 「對了」.,by the way,black,It's ok.,sorry,A,by the way,
Q0647,C8-8-2-I2-W216,Phrase,8,8-2,2,對了,duìle,Phrase,by the way,Round 2,character_to_pinyin_typing,free_text,Type the pinyin for 「對了」 (tone marks or tone numbers are accepted).,,,,,,duìle,duìle | dui4le | dui4 le
Q0648,C8-8-2-I2-W216,Phrase,8,8-2,2,對了,duìle,Phrase,by the way,Round 3,context_cloze_mcq,click,Choose the correct word to fill in the blank: 好。____，這杯咖啡請你給她，好嗎？,皮包,沒關係,對不起,對了,D,對了,對了
