story_id,story_title,published,lesson_number,tier,frame_index,word_index,word,question_type,prompt,correct_answer,translation,pinyin,part_of_speech,options_from_source,context_sentence,source,validation_status,validation_errors,lesson_sub_order
custom-story-1785137028726,我們去喝下午茶,True,5,easy,0,0,友美,translation,友美,Youmei (person’s name),Youmei (person’s name),yǒu měi,N,"[""to want / need"", ""weekend"", ""this weekend""]",友美，妳這個週末要做什麼？,verified_v3_book_locked,ok,,1
custom-story-1785137028726,我們去喝下午茶,True,5,easy,0,0,友美,reverse,Youmei (person’s name),友美,Youmei (person’s name),yǒu měi,N,"[""週末"", ""這個週末"", ""要"", ""友美""]",友美，妳這個週末要做什麼？,verified_v3_book_locked,ok,,1
custom-story-1785137028726,我們去喝下午茶,True,5,easy,0,0,友美,listening,🔊 Listen and choose the word you hear.,友美,Youmei (person’s name),yǒu měi,N,"[""友美"", ""這個週末"", ""要"", ""週末""]",,verified_v3_book_locked,ok,,1
custom-story-1785137028726,我們去喝下午茶,True,5,easy,0,0,友美,pinyin,Choose the correct pinyin for 「友美」.,yǒu měi,Youmei (person’s name),yǒu měi,N,"[""yǒu měi"", ""yǒu mèi"", ""yǒu mēi"", ""yǒu méi""]",友美，妳這個週末要做什麼？,verified_v3_book_locked,ok,,1
custom-story-1785137028726,我們去喝下午茶,True,5,easy,0,0,友美,cloze,Complete the sentence.,友美,Youmei (person’s name),yǒu měi,N,"[""下午茶"", ""冰淇淋"", ""巧克力""]",____，妳這個週末要做什麼？,verified_v3_book_locked,ok,,1
custom-story-1785137028726,我們去喝下午茶,True,5,easy,0,0,友美,pos,What is the part of speech of 「友美」?,N,Youmei (person’s name),yǒu měi,N,"[""Adv"", ""Adj"", ""Loc""]",友美，妳這個週末要做什麼？,verified_v3_book_locked,ok,,1
custom-story-1785137028726,我們去喝下午茶,True,5,medium,0,0,友美,translation,Choose the best English meaning of 「友美」.,Youmei (person’s name),Youmei (person’s name),yǒu měi,N,"[""Saturday"", ""home"", ""afternoon tea""]",友美，週末快到了，妳這個週末想做什麼？,verified_v3_book_locked,ok,,1
custom-story-1785137028726,我們去喝下午茶,True,5,medium,0,0,友美,reverse,Choose the Chinese word for “Youmei (person’s name)”.,友美,Youmei (person’s name),yǒu měi,N,"[""下午茶"", ""家"", ""友美"", ""星期六""]",友美，週末快到了，妳這個週末想做什麼？,verified_v3_book_locked,ok,,1
custom-story-1785137028726,我們去喝下午茶,True,5,medium,0,0,友美,listening,🔊 Listen and choose the word you hear.,友美,Youmei (person’s name),yǒu měi,N,"[""下午茶"", ""友美"", ""星期六"", ""家""]",,verified_v3_book_locked,ok,,1
custom-story-1785137028726,我們去喝下午茶,True,5,medium,0,0,友美,pinyin,Choose the correct pinyin and tone pattern for 「友美」.,yǒu měi,Youmei (person’s name),yǒu měi,N,"[""yǒu mēi"", ""yǒu méi"", ""yǒu mèi"", ""yǒu měi""]",友美，週末快到了，妳這個週末想做什麼？,verified_v3_book_locked,ok,,1
custom-story-1785137028726,我們去喝下午茶,True,5,medium,0,0,友美,cloze,Choose the word that best completes the sentence.,友美,Youmei (person’s name),yǒu měi,N,"[""週末"", ""星期六"", ""家""]",____，週末快到了，妳這個週末想做什麼？,verified_v3_book_locked,ok,,1
custom-story-1785137028726,我們去喝下午茶,True,5,medium,0,0,友美,pos,"In this sentence, what part of speech is 「友美」?",N,Youmei (person’s name),yǒu měi,N,"[""Loc"", ""Adj"", ""MW""]",友美，週末快到了，妳這個週末想做什麼？,verified_v3_book_locked,ok,,1
custom-story-1785137028726,我們去喝下午茶,True,5,hard,0,0,友美,translation,"In 「友美，這個星期快結束了，妳這個週末打算做什麼？」, what does 「友美」 mean?",Youmei (person’s name),Youmei (person’s name),yǒu měi,N,"[""coworker"", ""older brother"", ""classmate""]",友美，這個星期快結束了，妳這個週末打算做什麼？,verified_v3_book_locked,ok,,1
custom-story-1785137028726,我們去喝下午茶,True,5,hard,0,0,友美,reverse,Which Chinese word best matches “Youmei (person’s name)” in this lesson context?,友美,Youmei (person’s name),yǒu měi,N,"[""同事"", ""同學"", ""友美"", ""哥哥""]",友美，這個星期快結束了，妳這個週末打算做什麼？,verified_v3_book_locked,ok,,1
custom-story-1785137028726,我們去喝下午茶,True,5,hard,0,0,友美,listening,🔊 Listen and choose the word you hear.,友美,Youmei (person’s name),yǒu měi,N,"[""同事"", ""哥哥"", ""友美"", ""同學""]",,verified_v3_book_locked,ok,,1
custom-story-1785137028726,我們去喝下午茶,True,5,hard,0,0,友美,pinyin,Which pinyin exactly matches the lexical tones of 「友美」?,yǒu měi,Youmei (person’s name),yǒu měi,N,"[""yǒu měi"", ""yǒu mēi"", ""yǒu méi"", ""yǒu mèi""]",友美，這個星期快結束了，妳這個週末打算做什麼？,verified_v3_book_locked,ok,,1
custom-story-1785137028726,我們去喝下午茶,True,5,hard,0,0,友美,cloze,Choose the most contextually appropriate word for the blank.,友美,Youmei (person’s name),yǒu měi,N,"[""房間"", ""巧克力"", ""家""]",____，這個星期快結束了，妳這個週末打算做什麼？,verified_v3_book_locked,ok,,1
custom-story-1785137028726,我們去喝下午茶,True,5,hard,0,0,友美,pos,Classify the grammatical category of 「友美」 as used in the sentence.,N,Youmei (person’s name),yǒu měi,N,"[""Adv"", ""Prep"", ""Adj""]",友美，這個星期快結束了，妳這個週末打算做什麼？,verified_v3_book_locked,ok,,1
custom-story-1785137028726,我們去喝下午茶,True,5,easy,0,1,週末,translation,週末,weekend,weekend,zhōu mò,N,"[""Youmei (person’s name)"", ""home"", ""this weekend""]",友美，妳這個週末要做什麼？,verified_v3_book_locked,ok,,1
custom-story-1785137028726,我們去喝下午茶,True,5,easy,0,1,週末,reverse,weekend,週末,weekend,zhōu mò,N,"[""這個週末"", ""家"", ""友美"", ""週末""]",友美，妳這個週末要做什麼？,verified_v3_book_locked,ok,,1
custom-story-1785137028726,我們去喝下午茶,True,5,easy,0,1,週末,listening,🔊 Listen and choose the word you hear.,週末,weekend,zhōu mò,N,"[""這個週末"", ""週末"", ""友美"", ""家""]",,verified_v3_book_locked,ok,,1
custom-story-1785137028726,我們去喝下午茶,True,5,easy,0,1,週末,pinyin,Choose the correct pinyin for 「週末」.,zhōu mò,weekend,zhōu mò,N,"[""zhōu mó"", ""zhōu mǒ"", ""zhōu mò"", ""zhōu mō""]",友美，妳這個週末要做什麼？,verified_v3_book_locked,ok,,1
custom-story-1785137028726,我們去喝下午茶,True,5,easy,0,1,週末,cloze,Complete the sentence.,週末,weekend,zhōu mò,N,"[""星期六"", ""家"", ""冰淇淋""]",友美，妳這個____要做什麼？,verified_v3_book_locked,ok,,1
custom-story-1785137028726,我們去喝下午茶,True,5,easy,0,1,週末,pos,What is the part of speech of 「週末」?,N,weekend,zhōu mò,N,"[""Pron"", ""Adj"", ""V""]",友美，妳這個週末要做什麼？,verified_v3_book_locked,ok,,1
custom-story-1785137028726,我們去喝下午茶,True,5,medium,0,1,週末,translation,Choose the best English meaning of 「週末」.,weekend,weekend,zhōu mò,N,"[""afternoon tea"", ""cafe"", ""chocolate""]",友美，週末快到了，妳這個週末想做什麼？,verified_v3_book_locked,ok,,1
custom-story-1785137028726,我們去喝下午茶,True,5,medium,0,1,週末,reverse,Choose the Chinese word for “weekend”.,週末,weekend,zhōu mò,N,"[""巧克力"", ""下午茶"", ""咖啡廳"", ""週末""]",友美，週末快到了，妳這個週末想做什麼？,verified_v3_book_locked,ok,,1
custom-story-1785137028726,我們去喝下午茶,True,5,medium,0,1,週末,listening,🔊 Listen and choose the word you hear.,週末,weekend,zhōu mò,N,"[""咖啡廳"", ""巧克力"", ""下午茶"", ""週末""]",,verified_v3_book_locked,ok,,1
custom-story-1785137028726,我們去喝下午茶,True,5,medium,0,1,週末,pinyin,Choose the correct pinyin and tone pattern for 「週末」.,zhōu mò,weekend,zhōu mò,N,"[""zhōu mó"", ""zhōu mǒ"", ""zhōu mò"", ""zhōu mō""]",友美，週末快到了，妳這個週末想做什麼？,verified_v3_book_locked,ok,,1
custom-story-1785137028726,我們去喝下午茶,True,5,medium,0,1,週末,cloze,Choose the word that best completes the sentence.,週末,weekend,zhōu mò,N,"[""友美"", ""媽"", ""下午茶""]",友美，____快到了，妳這個想做什麼？,verified_v3_book_locked,ok,,1
custom-story-1785137028726,我們去喝下午茶,True,5,medium,0,1,週末,pos,"In this sentence, what part of speech is 「週末」?",N,weekend,zhōu mò,N,"[""Loc"", ""MW"", ""V""]",友美，週末快到了，妳這個週末想做什麼？,verified_v3_book_locked,ok,,1
custom-story-1785137028726,我們去喝下午茶,True,5,hard,0,1,週末,translation,"In 「友美，這個星期快結束了，妳這個週末打算做什麼？」, what does 「週末」 mean?",weekend,weekend,zhōu mò,N,"[""Saturday"", ""afternoon"", ""birthday""]",友美，這個星期快結束了，妳這個週末打算做什麼？,verified_v3_book_locked,ok,,1
custom-story-1785137028726,我們去喝下午茶,True,5,hard,0,1,週末,reverse,Which Chinese word best matches “weekend” in this lesson context?,週末,weekend,zhōu mò,N,"[""下午"", ""生日"", ""星期六"", ""週末""]",友美，這個星期快結束了，妳這個週末打算做什麼？,verified_v3_book_locked,ok,,1
custom-story-1785137028726,我們去喝下午茶,True,5,hard,0,1,週末,listening,🔊 Listen and choose the word you hear.,週末,weekend,zhōu mò,N,"[""生日"", ""星期六"", ""下午"", ""週末""]",,verified_v3_book_locked,ok,,1
custom-story-1785137028726,我們去喝下午茶,True,5,hard,0,1,週末,pinyin,Which pinyin exactly matches the lexical tones of 「週末」?,zhōu mò,weekend,zhōu mò,N,"[""zhōu mǒ"", ""zhōu mó"", ""zhōu mò"", ""zhōu mō""]",友美，這個星期快結束了，妳這個週末打算做什麼？,verified_v3_book_locked,ok,,1
custom-story-1785137028726,我們去喝下午茶,True,5,hard,0,1,週末,cloze,Choose the most contextually appropriate word for the blank.,週末,weekend,zhōu mò,N,"[""錢包"", ""冰淇淋"", ""房間""]",友美，這個星期快結束了，妳這個____打算做什麼？,verified_v3_book_locked,ok,,1
custom-story-1785137028726,我們去喝下午茶,True,5,hard,0,1,週末,pos,Classify the grammatical category of 「週末」 as used in the sentence.,N,weekend,zhōu mò,N,"[""Prep"", ""Quant"", ""MW""]",友美，這個星期快結束了，妳這個週末打算做什麼？,verified_v3_book_locked,ok,,1
custom-story-1785137028726,我們去喝下午茶,True,5,easy,0,2,做,translation,做,to do / make,to do / make,zuò,V,"[""home"", ""what"", ""Youmei (person’s name)""]",友美，妳這個週末要做什麼？,verified_v3_book_locked,ok,,1
custom-story-1785137028726,我們去喝下午茶,True,5,easy,0,2,做,reverse,to do / make,做,to do / make,zuò,V,"[""家"", ""做"", ""什麼"", ""友美""]",友美，妳這個週末要做什麼？,verified_v3_book_locked,ok,,1
custom-story-1785137028726,我們去喝下午茶,True,5,easy,0,2,做,listening,🔊 Listen and choose the word you hear.,做,to do / make,zuò,V,"[""做"", ""什麼"", ""友美"", ""家""]",,verified_v3_book_locked,ok,,1
custom-story-1785137028726,我們去喝下午茶,True,5,easy,0,2,做,pinyin,Choose the correct pinyin for 「做」.,zuò,to do / make,zuò,V,"[""zuō"", ""zuǒ"", ""zuó"", ""zuò""]",友美，妳這個週末要做什麼？,verified_v3_book_locked,ok,,1
custom-story-1785137028726,我們去喝下午茶,True,5,easy,0,2,做,cloze,Complete the sentence.,做,to do / make,zuò,V,"[""幫"", ""看書"", ""聽音樂""]",友美，妳這個週末要____什麼？,verified_v3_book_locked,ok,,1
custom-story-1785137028726,我們去喝下午茶,True,5,easy,0,2,做,pos,What is the part of speech of 「做」?,V,to do / make,zuò,V,"[""Loc"", ""MW"", ""Quant""]",友美，妳這個週末要做什麼？,verified_v3_book_locked,ok,,1
custom-story-1785137028726,我們去喝下午茶,True,5,medium,0,2,做,translation,Choose the best English meaning of 「做」.,to do / make,to do / make,zuò,V,"[""to read"", ""to want"", ""to want / need""]",友美，週末快到了，妳這個週末想做什麼？,verified_v3_book_locked,ok,,1
custom-story-1785137028726,我們去喝下午茶,True,5,medium,0,2,做,reverse,Choose the Chinese word for “to do / make”.,做,to do / make,zuò,V,"[""看書"", ""想"", ""要"", ""做""]",友美，週末快到了，妳這個週末想做什麼？,verified_v3_book_locked,ok,,1
custom-story-1785137028726,我們去喝下午茶,True,5,medium,0,2,做,listening,🔊 Listen and choose the word you hear.,做,to do / make,zuò,V,"[""做"", ""要"", ""看書"", ""想""]",,verified_v3_book_locked,ok,,1
custom-story-1785137028726,我們去喝下午茶,True,5,medium,0,2,做,pinyin,Choose the correct pinyin and tone pattern for 「做」.,zuò,to do / make,zuò,V,"[""zuō"", ""zuó"", ""zuǒ"", ""zuò""]",友美，週末快到了，妳這個週末想做什麼？,verified_v3_book_locked,ok,,1
custom-story-1785137028726,我們去喝下午茶,True,5,medium,0,2,做,cloze,Choose the word that best completes the sentence.,做,to do / make,zuò,V,"[""要"", ""喝"", ""有""]",友美，週末快到了，妳這個週末想____什麼？,verified_v3_book_locked,ok,,1
custom-story-1785137028726,我們去喝下午茶,True,5,medium,0,2,做,pos,"In this sentence, what part of speech is 「做」?",V,to do / make,zuò,V,"[""Adj"", ""MW"", ""Pron""]",友美，週末快到了，妳這個週末想做什麼？,verified_v3_book_locked,ok,,1
custom-story-1785137028726,我們去喝下午茶,True,5,hard,0,2,做,translation,"In 「友美，這個星期快結束了，妳這個週末打算做什麼？」, what does 「做」 mean?",to do / make,to do / make,zuò,V,"[""to rest"", ""to want"", ""to go""]",友美，這個星期快結束了，妳這個週末打算做什麼？,verified_v3_book_locked,ok,,1
custom-story-1785137028726,我們去喝下午茶,True,5,hard,0,2,做,reverse,Which Chinese word best matches “to do / make” in this lesson context?,做,to do / make,zuò,V,"[""去"", ""想"", ""做"", ""休息""]",友美，這個星期快結束了，妳這個週末打算做什麼？,verified_v3_book_locked,ok,,1
custom-story-1785137028726,我們去喝下午茶,True,5,hard,0,2,做,listening,🔊 Listen and choose the word you hear.,做,to do / make,zuò,V,"[""做"", ""想"", ""去"", ""休息""]",,verified_v3_book_locked,ok,,1
custom-story-1785137028726,我們去喝下午茶,True,5,hard,0,2,做,pinyin,Which pinyin exactly matches the lexical tones of 「做」?,zuò,to do / make,zuò,V,"[""zuǒ"", ""zuò"", ""zuō"", ""zuó""]",友美，這個星期快結束了，妳這個週末打算做什麼？,verified_v3_book_locked,ok,,1
custom-story-1785137028726,我們去喝下午茶,True,5,hard,0,2,做,cloze,Choose the most contextually appropriate word for the blank.,做,to do / make,zuò,V,"[""做飯"", ""要"", ""知道""]",友美，這個星期快結束了，妳這個週末打算____什麼？,verified_v3_book_locked,ok,,1
custom-story-1785137028726,我們去喝下午茶,True,5,hard,0,2,做,pos,Classify the grammatical category of 「做」 as used in the sentence.,V,to do / make,zuò,V,"[""Adv"", ""Pron"", ""Loc""]",友美，這個星期快結束了，妳這個週末打算做什麼？,verified_v3_book_locked,ok,,1
custom-story-1785137028726,我們去喝下午茶,True,5,easy,0,3,這個週末,translation,這個週末,this weekend,this weekend,zhè ge zhōumò,TimeExpr,"[""home"", ""to do / make"", ""what""]",友美，妳這個週末要做什麼？,verified_v3_book_locked,ok,,1
custom-story-1785137028726,我們去喝下午茶,True,5,easy,0,3,這個週末,reverse,this weekend,這個週末,this weekend,zhè ge zhōumò,TimeExpr,"[""做"", ""家"", ""什麼"", ""這個週末""]",友美，妳這個週末要做什麼？,verified_v3_book_locked,ok,,1
custom-story-1785137028726,我們去喝下午茶,True,5,easy,0,3,這個週末,listening,🔊 Listen and choose the word you hear.,這個週末,this weekend,zhè ge zhōumò,TimeExpr,"[""這個週末"", ""家"", ""什麼"", ""做""]",,verified_v3_book_locked,ok,,1
custom-story-1785137028726,我們去喝下午茶,True,5,easy,0,3,這個週末,pinyin,Choose the correct pinyin for 「這個週末」.,zhè ge zhōumò,this weekend,zhè ge zhōumò,TimeExpr,"[""zhè ge zhōumò"", ""zhè ge zhōumǒ"", ""zhè ge zhōumó"", ""zhè ge zhōumō""]",友美，妳這個週末要做什麼？,verified_v3_book_locked,ok,,1
custom-story-1785137028726,我們去喝下午茶,True,5,easy,0,3,這個週末,cloze,Complete the sentence.,這個週末,this weekend,zhè ge zhōumò,TimeExpr,"[""在"", ""要"", ""看書""]",友美，妳____要做什麼？,verified_v3_book_locked,ok,,1
custom-story-1785137028726,我們去喝下午茶,True,5,medium,0,3,這個週末,translation,Choose the best English meaning of 「這個週末」.,this weekend,this weekend,zhè ge zhōumò,TimeExpr,"[""today"", ""Sunday"", ""tomorrow""]",友美，週末快到了，妳這個週末想做什麼？,verified_v3_book_locked,ok,,1
custom-story-1785137028726,我們去喝下午茶,True,5,medium,0,3,這個週末,reverse,Choose the Chinese word for “this weekend”.,這個週末,this weekend,zhè ge zhōumò,TimeExpr,"[""明天"", ""這個週末"", ""今天"", ""星期日""]",友美，週末快到了，妳這個週末想做什麼？,verified_v3_book_locked,ok,,1
custom-story-1785137028726,我們去喝下午茶,True,5,medium,0,3,這個週末,listening,🔊 Listen and choose the word you hear.,這個週末,this weekend,zhè ge zhōumò,TimeExpr,"[""今天"", ""星期日"", ""明天"", ""這個週末""]",,verified_v3_book_locked,ok,,1
custom-story-1785137028726,我們去喝下午茶,True,5,medium,0,3,這個週末,pinyin,Choose the correct pinyin and tone pattern for 「這個週末」.,zhè ge zhōumò,this weekend,zhè ge zhōumò,TimeExpr,"[""zhè ge zhōumò"", ""zhè ge zhōumō"", ""zhè ge zhōumǒ"", ""zhè ge zhōumó""]",友美，週末快到了，妳這個週末想做什麼？,verified_v3_book_locked,ok,,1
custom-story-1785137028726,我們去喝下午茶,True,5,medium,0,3,這個週末,cloze,Choose the word that best completes the sentence.,這個週末,this weekend,zhè ge zhōumò,TimeExpr,"[""今天"", ""星期日"", ""明天""]",友美，週末快到了，妳____想做什麼？,verified_v3_book_locked,ok,,1
custom-story-1785137028726,我們去喝下午茶,True,5,hard,0,3,這個週末,translation,"In 「友美，這個星期快結束了，妳這個週末打算做什麼？」, what does 「這個週末」 mean?",this weekend,this weekend,zhè ge zhōumò,TimeExpr,"[""evening"", ""Sunday"", ""today""]",友美，這個星期快結束了，妳這個週末打算做什麼？,verified_v3_book_locked,ok,,1
custom-story-1785137028726,我們去喝下午茶,True,5,hard,0,3,這個週末,reverse,Which Chinese word best matches “this weekend” in this lesson context?,這個週末,this weekend,zhè ge zhōumò,TimeExpr,"[""今天"", ""晚上"", ""這個週末"", ""星期日""]",友美，這個星期快結束了，妳這個週末打算做什麼？,verified_v3_book_locked,ok,,1
custom-story-1785137028726,我們去喝下午茶,True,5,hard,0,3,這個週末,listening,🔊 Listen and choose the word you hear.,這個週末,this weekend,zhè ge zhōumò,TimeExpr,"[""這個週末"", ""星期日"", ""今天"", ""晚上""]",,verified_v3_book_locked,ok,,1
custom-story-1785137028726,我們去喝下午茶,True,5,hard,0,3,這個週末,pinyin,Which pinyin exactly matches the lexical tones of 「這個週末」?,zhè ge zhōumò,this weekend,zhè ge zhōumò,TimeExpr,"[""zhè ge zhōumǒ"", ""zhè ge zhōumò"", ""zhè ge zhōumō"", ""zhè ge zhōumó""]",友美，這個星期快結束了，妳這個週末打算做什麼？,verified_v3_book_locked,ok,,1
custom-story-1785137028726,我們去喝下午茶,True,5,hard,0,3,這個週末,cloze,Choose the most contextually appropriate word for the blank.,這個週末,this weekend,zhè ge zhōumò,TimeExpr,"[""星期日"", ""晚上"", ""明天""]",友美，這個星期快結束了，妳____打算做什麼？,verified_v3_book_locked,ok,,1
custom-story-1785137028726,我們去喝下午茶,True,5,easy,0,4,什麼,translation,什麼,what,what,shénme,Pron,"[""Youmei (person’s name)"", ""weekend"", ""this weekend""]",友美，妳這個週末要做什麼？,verified_v3_book_locked,ok,,1
custom-story-1785137028726,我們去喝下午茶,True,5,easy,0,4,什麼,reverse,what,什麼,what,shénme,Pron,"[""友美"", ""這個週末"", ""週末"", ""什麼""]",友美，妳這個週末要做什麼？,verified_v3_book_locked,ok,,1
custom-story-1785137028726,我們去喝下午茶,True,5,easy,0,4,什麼,listening,🔊 Listen and choose the word you hear.,什麼,what,shénme,Pron,"[""友美"", ""什麼"", ""週末"", ""這個週末""]",,verified_v3_book_locked,ok,,1
custom-story-1785137028726,我們去喝下午茶,True,5,easy,0,4,什麼,pinyin,Choose the correct pinyin for 「什麼」.,shénme,what,shénme,Pron,"[""shěnme"", ""shēnme"", ""shènme"", ""shénme""]",友美，妳這個週末要做什麼？,verified_v3_book_locked,ok,,1
custom-story-1785137028726,我們去喝下午茶,True,5,easy,0,4,什麼,cloze,Complete the sentence.,什麼,what,shénme,Pron,"[""我"", ""哪裡"", ""你""]",友美，妳這個週末要做____？,verified_v3_book_locked,ok,,1
custom-story-1785137028726,我們去喝下午茶,True,5,easy,0,4,什麼,pos,What is the part of speech of 「什麼」?,Pron,what,shénme,Pron,"[""N"", ""Loc"", ""MW""]",友美，妳這個週末要做什麼？,verified_v3_book_locked,ok,,1
custom-story-1785137028726,我們去喝下午茶,True,5,medium,0,4,什麼,translation,Choose the best English meaning of 「什麼」.,what,what,shénme,Pron,"[""where"", ""you"", ""I""]",友美，週末快到了，妳這個週末想做什麼？,verified_v3_book_locked,ok,,1
custom-story-1785137028726,我們去喝下午茶,True,5,medium,0,4,什麼,reverse,Choose the Chinese word for “what”.,什麼,what,shénme,Pron,"[""我"", ""什麼"", ""哪裡"", ""你""]",友美，週末快到了，妳這個週末想做什麼？,verified_v3_book_locked,ok,,1
custom-story-1785137028726,我們去喝下午茶,True,5,medium,0,4,什麼,listening,🔊 Listen and choose the word you hear.,什麼,what,shénme,Pron,"[""什麼"", ""哪裡"", ""我"", ""你""]",,verified_v3_book_locked,ok,,1
custom-story-1785137028726,我們去喝下午茶,True,5,medium,0,4,什麼,pinyin,Choose the correct pinyin and tone pattern for 「什麼」.,shénme,what,shénme,Pron,"[""shénme"", ""shènme"", ""shěnme"", ""shēnme""]",友美，週末快到了，妳這個週末想做什麼？,verified_v3_book_locked,ok,,1
custom-story-1785137028726,我們去喝下午茶,True,5,medium,0,4,什麼,cloze,Choose the word that best completes the sentence.,什麼,what,shénme,Pron,"[""哪裡"", ""我"", ""你""]",友美，週末快到了，妳這個週末想做____？,verified_v3_book_locked,ok,,1
custom-story-1785137028726,我們去喝下午茶,True,5,medium,0,4,什麼,pos,"In this sentence, what part of speech is 「什麼」?",Pron,what,shénme,Pron,"[""Loc"", ""Adv"", ""N""]",友美，週末快到了，妳這個週末想做什麼？,verified_v3_book_locked,ok,,1
custom-story-1785137028726,我們去喝下午茶,True,5,hard,0,4,什麼,translation,"In 「友美，這個星期快結束了，妳這個週末打算做什麼？」, what does 「什麼」 mean?",what,what,shénme,Pron,"[""who"", ""you"", ""how many""]",友美，這個星期快結束了，妳這個週末打算做什麼？,verified_v3_book_locked,ok,,1
custom-story-1785137028726,我們去喝下午茶,True,5,hard,0,4,什麼,reverse,Which Chinese word best matches “what” in this lesson context?,什麼,what,shénme,Pron,"[""誰"", ""多少"", ""你"", ""什麼""]",友美，這個星期快結束了，妳這個週末打算做什麼？,verified_v3_book_locked,ok,,1
custom-story-1785137028726,我們去喝下午茶,True,5,hard,0,4,什麼,listening,🔊 Listen and choose the word you hear.,什麼,what,shénme,Pron,"[""多少"", ""什麼"", ""誰"", ""你""]",,verified_v3_book_locked,ok,,1
custom-story-1785137028726,我們去喝下午茶,True,5,hard,0,4,什麼,pinyin,Which pinyin exactly matches the lexical tones of 「什麼」?,shénme,what,shénme,Pron,"[""shénme"", ""shènme"", ""shěnme"", ""shēnme""]",友美，這個星期快結束了，妳這個週末打算做什麼？,verified_v3_book_locked,ok,,1
custom-story-1785137028726,我們去喝下午茶,True,5,hard,0,4,什麼,cloze,Choose the most contextually appropriate word for the blank.,什麼,what,shénme,Pron,"[""你"", ""我"", ""哪裡""]",友美，這個星期快結束了，妳這個週末打算做____？,verified_v3_book_locked,ok,,1
custom-story-1785137028726,我們去喝下午茶,True,5,hard,0,4,什麼,pos,Classify the grammatical category of 「什麼」 as used in the sentence.,Pron,what,shénme,Pron,"[""N"", ""Loc"", ""Quant""]",友美，這個星期快結束了，妳這個週末打算做什麼？,verified_v3_book_locked,ok,,1
custom-story-1785137028726,我們去喝下午茶,True,5,easy,1,0,我,translation,我,I,I,wǒ,Pron,"[""this weekend"", ""to do / make"", ""at / in""]",我要在家看書、聽音樂。,verified_v3_book_locked,ok,,1
custom-story-1785137028726,我們去喝下午茶,True,5,easy,1,0,我,reverse,I,我,I,wǒ,Pron,"[""在"", ""我"", ""做"", ""這個週末""]",我要在家看書、聽音樂。,verified_v3_book_locked,ok,,1
custom-story-1785137028726,我們去喝下午茶,True,5,easy,1,0,我,listening,🔊 Listen and choose the word you hear.,我,I,wǒ,Pron,"[""做"", ""我"", ""這個週末"", ""在""]",,verified_v3_book_locked,ok,,1
custom-story-1785137028726,我們去喝下午茶,True,5,easy,1,0,我,pinyin,Choose the correct pinyin for 「我」.,wǒ,I,wǒ,Pron,"[""wó"", ""wò"", ""wō"", ""wǒ""]",我要在家看書、聽音樂。,verified_v3_book_locked,ok,,1
custom-story-1785137028726,我們去喝下午茶,True,5,easy,1,0,我,cloze,Complete the sentence.,我,I,wǒ,Pron,"[""你"", ""哪裡"", ""什麼""]",____要在家看書、聽音樂。,verified_v3_book_locked,ok,,1
custom-story-1785137028726,我們去喝下午茶,True,5,easy,1,0,我,pos,What is the part of speech of 「我」?,Pron,I,wǒ,Pron,"[""MW"", ""Prep"", ""Adj""]",我要在家看書、聽音樂。,verified_v3_book_locked,ok,,1
custom-story-1785137028726,我們去喝下午茶,True,5,medium,1,0,我,translation,Choose the best English meaning of 「我」.,I,I,wǒ,Pron,"[""where"", ""you"", ""what""]",我要在家看書、聽音樂，好好休息。,verified_v3_book_locked,ok,,1
custom-story-1785137028726,我們去喝下午茶,True,5,medium,1,0,我,reverse,Choose the Chinese word for “I”.,我,I,wǒ,Pron,"[""我"", ""什麼"", ""你"", ""哪裡""]",我要在家看書、聽音樂，好好休息。,verified_v3_book_locked,ok,,1
custom-story-1785137028726,我們去喝下午茶,True,5,medium,1,0,我,listening,🔊 Listen and choose the word you hear.,我,I,wǒ,Pron,"[""你"", ""我"", ""什麼"", ""哪裡""]",,verified_v3_book_locked,ok,,1
custom-story-1785137028726,我們去喝下午茶,True,5,medium,1,0,我,pinyin,Choose the correct pinyin and tone pattern for 「我」.,wǒ,I,wǒ,Pron,"[""wò"", ""wō"", ""wǒ"", ""wó""]",我要在家看書、聽音樂，好好休息。,verified_v3_book_locked,ok,,1
custom-story-1785137028726,我們去喝下午茶,True,5,medium,1,0,我,cloze,Choose the word that best completes the sentence.,我,I,wǒ,Pron,"[""哪裡"", ""你"", ""什麼""]",____要在家看書、聽音樂，好好休息。,verified_v3_book_locked,ok,,1
custom-story-1785137028726,我們去喝下午茶,True,5,medium,1,0,我,pos,"In this sentence, what part of speech is 「我」?",Pron,I,wǒ,Pron,"[""Adj"", ""Quant"", ""N""]",我要在家看書、聽音樂，好好休息。,verified_v3_book_locked,ok,,1
custom-story-1785137028726,我們去喝下午茶,True,5,hard,1,0,我,translation,"In 「這個星期我太忙了，所以週末我要在家看書、聽音樂，好好休息一下。」, what does 「我」 mean?",I,I,wǒ,Pron,"[""where"", ""you"", ""what""]",這個星期我太忙了，所以週末我要在家看書、聽音樂，好好休息一下。,verified_v3_book_locked,ok,,1
custom-story-1785137028726,我們去喝下午茶,True,5,hard,1,0,我,reverse,Which Chinese word best matches “I” in this lesson context?,我,I,wǒ,Pron,"[""什麼"", ""你"", ""我"", ""哪裡""]",這個星期我太忙了，所以週末我要在家看書、聽音樂，好好休息一下。,verified_v3_book_locked,ok,,1
custom-story-1785137028726,我們去喝下午茶,True,5,hard,1,0,我,listening,🔊 Listen and choose the word you hear.,我,I,wǒ,Pron,"[""我"", ""哪裡"", ""什麼"", ""你""]",,verified_v3_book_locked,ok,,1
custom-story-1785137028726,我們去喝下午茶,True,5,hard,1,0,我,pinyin,Which pinyin exactly matches the lexical tones of 「我」?,wǒ,I,wǒ,Pron,"[""wǒ"", ""wó"", ""wō"", ""wò""]",這個星期我太忙了，所以週末我要在家看書、聽音樂，好好休息一下。,verified_v3_book_locked,ok,,1
custom-story-1785137028726,我們去喝下午茶,True,5,hard,1,0,我,cloze,Choose the most contextually appropriate word for the blank.,我,I,wǒ,Pron,"[""你"", ""哪裡"", ""什麼""]",這個星期____太忙了，所以週末要在家看書、聽音樂，好好休息一下。,verified_v3_book_locked,ok,,1
custom-story-1785137028726,我們去喝下午茶,True,5,hard,1,0,我,pos,Classify the grammatical category of 「我」 as used in the sentence.,Pron,I,wǒ,Pron,"[""V"", ""Loc"", ""Adj""]",這個星期我太忙了，所以週末我要在家看書、聽音樂，好好休息一下。,verified_v3_book_locked,ok,,1
custom-story-1785137028726,我們去喝下午茶,True,5,easy,1,1,要,translation,要,to want / need,to want / need,yào,V,"[""Youmei (person’s name)"", ""weekend"", ""this weekend""]",我要在家看書、聽音樂。,verified_v3_book_locked,ok,,1
custom-story-1785137028726,我們去喝下午茶,True,5,easy,1,1,要,reverse,to want / need,要,to want / need,yào,V,"[""週末"", ""友美"", ""要"", ""這個週末""]",我要在家看書、聽音樂。,verified_v3_book_locked,ok,,1
custom-story-1785137028726,我們去喝下午茶,True,5,easy,1,1,要,listening,🔊 Listen and choose the word you hear.,要,to want / need,yào,V,"[""要"", ""友美"", ""週末"", ""這個週末""]",,verified_v3_book_locked,ok,,1
custom-story-1785137028726,我們去喝下午茶,True,5,easy,1,1,要,pinyin,Choose the correct pinyin for 「要」.,yào,to want / need,yào,V,"[""yáo"", ""yāo"", ""yào"", ""yǎo""]",我要在家看書、聽音樂。,verified_v3_book_locked,ok,,1
custom-story-1785137028726,我們去喝下午茶,True,5,easy,1,1,要,cloze,Complete the sentence.,要,to want / need,yào,V,"[""做"", ""幫"", ""有""]",我____在家看書、聽音樂。,verified_v3_book_locked,ok,,1
custom-story-1785137028726,我們去喝下午茶,True,5,easy,1,1,要,pos,What is the part of speech of 「要」?,V,to want / need,yào,V,"[""Pron"", ""Quant"", ""Prep""]",我要在家看書、聽音樂。,verified_v3_book_locked,ok,,1
custom-story-1785137028726,我們去喝下午茶,True,5,medium,1,1,要,translation,Choose the best English meaning of 「要」.,to want / need,to want / need,yào,V,"[""to go"", ""to want"", ""have""]",我要在家看書、聽音樂，好好休息。,verified_v3_book_locked,ok,,1
custom-story-1785137028726,我們去喝下午茶,True,5,medium,1,1,要,reverse,Choose the Chinese word for “to want / need”.,要,to want / need,yào,V,"[""想"", ""有"", ""去"", ""要""]",我要在家看書、聽音樂，好好休息。,verified_v3_book_locked,ok,,1
custom-story-1785137028726,我們去喝下午茶,True,5,medium,1,1,要,listening,🔊 Listen and choose the word you hear.,要,to want / need,yào,V,"[""去"", ""有"", ""要"", ""想""]",,verified_v3_book_locked,ok,,1
custom-story-1785137028726,我們去喝下午茶,True,5,medium,1,1,要,pinyin,Choose the correct pinyin and tone pattern for 「要」.,yào,to want / need,yào,V,"[""yǎo"", ""yāo"", ""yáo"", ""yào""]",我要在家看書、聽音樂，好好休息。,verified_v3_book_locked,ok,,1
custom-story-1785137028726,我們去喝下午茶,True,5,medium,1,1,要,cloze,Choose the word that best completes the sentence.,要,to want / need,yào,V,"[""看書"", ""做"", ""知道""]",我____在家看書、聽音樂，好好休息。,verified_v3_book_locked,ok,,1
custom-story-1785137028726,我們去喝下午茶,True,5,medium,1,1,要,pos,"In this sentence, what part of speech is 「要」?",V,to want / need,yào,V,"[""Adv"", ""Loc"", ""Pron""]",我要在家看書、聽音樂，好好休息。,verified_v3_book_locked,ok,,1
custom-story-1785137028726,我們去喝下午茶,True,5,hard,1,1,要,translation,"In 「這個星期我太忙了，所以週末我要在家看書、聽音樂，好好休息一下。」, what does 「要」 mean?",to want / need,to want / need,yào,V,"[""to go"", ""drink"", ""have""]",這個星期我太忙了，所以週末我要在家看書、聽音樂，好好休息一下。,verified_v3_book_locked,ok,,1
custom-story-1785137028726,我們去喝下午茶,True,5,hard,1,1,要,reverse,Which Chinese word best matches “to want / need” in this lesson context?,要,to want / need,yào,V,"[""有"", ""去"", ""要"", ""喝""]",這個星期我太忙了，所以週末我要在家看書、聽音樂，好好休息一下。,verified_v3_book_locked,ok,,1
custom-story-1785137028726,我們去喝下午茶,True,5,hard,1,1,要,listening,🔊 Listen and choose the word you hear.,要,to want / need,yào,V,"[""喝"", ""去"", ""要"", ""有""]",,verified_v3_book_locked,ok,,1
custom-story-1785137028726,我們去喝下午茶,True,5,hard,1,1,要,pinyin,Which pinyin exactly matches the lexical tones of 「要」?,yào,to want / need,yào,V,"[""yǎo"", ""yáo"", ""yào"", ""yāo""]",這個星期我太忙了，所以週末我要在家看書、聽音樂，好好休息一下。,verified_v3_book_locked,ok,,1
custom-story-1785137028726,我們去喝下午茶,True,5,hard,1,1,要,cloze,Choose the most contextually appropriate word for the blank.,要,to want / need,yào,V,"[""想"", ""有"", ""知道""]",這個星期我太忙了，所以週末我____在家看書、聽音樂，好好休息一下。,verified_v3_book_locked,ok,,1
custom-story-1785137028726,我們去喝下午茶,True,5,hard,1,1,要,pos,Classify the grammatical category of 「要」 as used in the sentence.,V,to want / need,yào,V,"[""Loc"", ""Adv"", ""Adj""]",這個星期我太忙了，所以週末我要在家看書、聽音樂，好好休息一下。,verified_v3_book_locked,ok,,1
custom-story-1785137028726,我們去喝下午茶,True,5,easy,1,2,在,translation,在,at / in,at / in,zài,Prep,"[""I"", ""Youmei (person’s name)"", ""this weekend""]",我要在家看書、聽音樂。,verified_v3_book_locked,ok,,1
custom-story-1785137028726,我們去喝下午茶,True,5,easy,1,2,在,reverse,at / in,在,at / in,zài,Prep,"[""在"", ""我"", ""友美"", ""這個週末""]",我要在家看書、聽音樂。,verified_v3_book_locked,ok,,1
custom-story-1785137028726,我們去喝下午茶,True,5,easy,1,2,在,listening,🔊 Listen and choose the word you hear.,在,at / in,zài,Prep,"[""友美"", ""我"", ""在"", ""這個週末""]",,verified_v3_book_locked,ok,,1
custom-story-1785137028726,我們去喝下午茶,True,5,easy,1,2,在,pinyin,Choose the correct pinyin for 「在」.,zài,at / in,zài,Prep,"[""zāi"", ""zài"", ""zái"", ""zǎi""]",我要在家看書、聽音樂。,verified_v3_book_locked,ok,,1
custom-story-1785137028726,我們去喝下午茶,True,5,easy,1,2,在,cloze,Complete the sentence.,在,at / in,zài,Prep,"[""要"", ""做"", ""週末""]",我要____家看書、聽音樂。,verified_v3_book_locked,ok,,1
custom-story-1785137028726,我們去喝下午茶,True,5,easy,1,2,在,pos,What is the part of speech of 「在」?,Prep,at / in,zài,Prep,"[""Adv"", ""Pron"", ""V""]",我要在家看書、聽音樂。,verified_v3_book_locked,ok,,1
custom-story-1785137028726,我們去喝下午茶,True,5,medium,1,2,在,translation,Choose the best English meaning of 「在」.,at / in,at / in,zài,Prep,"[""with"", ""toward / to"", ""to / arrive""]",我要在家看書、聽音樂，好好休息。,verified_v3_book_locked,ok,,1
custom-story-1785137028726,我們去喝下午茶,True,5,medium,1,2,在,reverse,Choose the Chinese word for “at / in”.,在,at / in,zài,Prep,"[""到"", ""跟"", ""在"", ""對""]",我要在家看書、聽音樂，好好休息。,verified_v3_book_locked,ok,,1
custom-story-1785137028726,我們去喝下午茶,True,5,medium,1,2,在,listening,🔊 Listen and choose the word you hear.,在,at / in,zài,Prep,"[""跟"", ""對"", ""到"", ""在""]",,verified_v3_book_locked,ok,,1
custom-story-1785137028726,我們去喝下午茶,True,5,medium,1,2,在,pinyin,Choose the correct pinyin and tone pattern for 「在」.,zài,at / in,zài,Prep,"[""zǎi"", ""zài"", ""zāi"", ""zái""]",我要在家看書、聽音樂，好好休息。,verified_v3_book_locked,ok,,1
custom-story-1785137028726,我們去喝下午茶,True,5,medium,1,2,在,cloze,Choose the word that best completes the sentence.,在,at / in,zài,Prep,"[""對"", ""跟"", ""從""]",我要____家看書、聽音樂，好好休息。,verified_v3_book_locked,ok,,1
custom-story-1785137028726,我們去喝下午茶,True,5,medium,1,2,在,pos,"In this sentence, what part of speech is 「在」?",Prep,at / in,zài,Prep,"[""N"", ""V"", ""Pron""]",我要在家看書、聽音樂，好好休息。,verified_v3_book_locked,ok,,1
custom-story-1785137028726,我們去喝下午茶,True,5,hard,1,2,在,translation,"In 「這個星期我太忙了，所以週末我要在家看書、聽音樂，好好休息一下。」, what does 「在」 mean?",at / in,at / in,zài,Prep,"[""toward / to"", ""from"", ""with""]",這個星期我太忙了，所以週末我要在家看書、聽音樂，好好休息一下。,verified_v3_book_locked,ok,,1
custom-story-1785137028726,我們去喝下午茶,True,5,hard,1,2,在,reverse,Which Chinese word best matches “at / in” in this lesson context?,在,at / in,zài,Prep,"[""對"", ""在"", ""跟"", ""從""]",這個星期我太忙了，所以週末我要在家看書、聽音樂，好好休息一下。,verified_v3_book_locked,ok,,1
custom-story-1785137028726,我們去喝下午茶,True,5,hard,1,2,在,listening,🔊 Listen and choose the word you hear.,在,at / in,zài,Prep,"[""從"", ""在"", ""跟"", ""對""]",,verified_v3_book_locked,ok,,1
custom-story-1785137028726,我們去喝下午茶,True,5,hard,1,2,在,pinyin,Which pinyin exactly matches the lexical tones of 「在」?,zài,at / in,zài,Prep,"[""zǎi"", ""zái"", ""zāi"", ""zài""]",這個星期我太忙了，所以週末我要在家看書、聽音樂，好好休息一下。,verified_v3_book_locked,ok,,1
custom-story-1785137028726,我們去喝下午茶,True,5,hard,1,2,在,cloze,Choose the most contextually appropriate word for the blank.,在,at / in,zài,Prep,"[""跟"", ""從"", ""到""]",這個星期我太忙了，所以週末我要____家看書、聽音樂，好好休息一下。,verified_v3_book_locked,ok,,1
custom-story-1785137028726,我們去喝下午茶,True,5,hard,1,2,在,pos,Classify the grammatical category of 「在」 as used in the sentence.,Prep,at / in,zài,Prep,"[""Quant"", ""MW"", ""Loc""]",這個星期我太忙了，所以週末我要在家看書、聽音樂，好好休息一下。,verified_v3_book_locked,ok,,1
custom-story-1785137028726,我們去喝下午茶,True,5,easy,1,3,家,translation,家,home,home,jiā,N,"[""Youmei (person’s name)"", ""I"", ""this weekend""]",我要在家看書、聽音樂。,verified_v3_book_locked,ok,,1
custom-story-1785137028726,我們去喝下午茶,True,5,easy,1,3,家,reverse,home,家,home,jiā,N,"[""我"", ""家"", ""這個週末"", ""友美""]",我要在家看書、聽音樂。,verified_v3_book_locked,ok,,1
custom-story-1785137028726,我們去喝下午茶,True,5,easy,1,3,家,listening,🔊 Listen and choose the word you hear.,家,home,jiā,N,"[""這個週末"", ""友美"", ""我"", ""家""]",,verified_v3_book_locked,ok,,1
custom-story-1785137028726,我們去喝下午茶,True,5,easy,1,3,家,pinyin,Choose the correct pinyin for 「家」.,jiā,home,jiā,N,"[""jià"", ""jiǎ"", ""jiā"", ""jiá""]",我要在家看書、聽音樂。,verified_v3_book_locked,ok,,1
custom-story-1785137028726,我們去喝下午茶,True,5,easy,1,3,家,cloze,Complete the sentence.,家,home,jiā,N,"[""咖啡廳"", ""星期六"", ""巧克力""]",我要在____看書、聽音樂。,verified_v3_book_locked,ok,,1
custom-story-1785137028726,我們去喝下午茶,True,5,easy,1,3,家,pos,What is the part of speech of 「家」?,N,home,jiā,N,"[""Adj"", ""Prep"", ""Loc""]",我要在家看書、聽音樂。,verified_v3_book_locked,ok,,1
custom-story-1785137028726,我們去喝下午茶,True,5,medium,1,3,家,translation,Choose the best English meaning of 「家」.,home,home,jiā,N,"[""weekend"", ""cafe"", ""afternoon tea""]",我要在家看書、聽音樂，好好休息。,verified_v3_book_locked,ok,,1
custom-story-1785137028726,我們去喝下午茶,True,5,medium,1,3,家,reverse,Choose the Chinese word for “home”.,家,home,jiā,N,"[""下午茶"", ""週末"", ""家"", ""咖啡廳""]",我要在家看書、聽音樂，好好休息。,verified_v3_book_locked,ok,,1
custom-story-1785137028726,我們去喝下午茶,True,5,medium,1,3,家,listening,🔊 Listen and choose the word you hear.,家,home,jiā,N,"[""下午茶"", ""週末"", ""咖啡廳"", ""家""]",,verified_v3_book_locked,ok,,1
custom-story-1785137028726,我們去喝下午茶,True,5,medium,1,3,家,pinyin,Choose the correct pinyin and tone pattern for 「家」.,jiā,home,jiā,N,"[""jiā"", ""jiá"", ""jiǎ"", ""jià""]",我要在家看書、聽音樂，好好休息。,verified_v3_book_locked,ok,,1
custom-story-1785137028726,我們去喝下午茶,True,5,medium,1,3,家,cloze,Choose the word that best completes the sentence.,家,home,jiā,N,"[""星期六"", ""咖啡廳"", ""媽""]",我要在____看書、聽音樂，好好休息。,verified_v3_book_locked,ok,,1
custom-story-1785137028726,我們去喝下午茶,True,5,medium,1,3,家,pos,"In this sentence, what part of speech is 「家」?",N,home,jiā,N,"[""Quant"", ""Prep"", ""Adj""]",我要在家看書、聽音樂，好好休息。,verified_v3_book_locked,ok,,1
custom-story-1785137028726,我們去喝下午茶,True,5,hard,1,3,家,translation,"In 「這個星期我太忙了，所以週末我要在家看書、聽音樂，好好休息一下。」, what does 「家」 mean?",home,home,jiā,N,"[""supermarket"", ""classroom"", ""room""]",這個星期我太忙了，所以週末我要在家看書、聽音樂，好好休息一下。,verified_v3_book_locked,ok,,1
custom-story-1785137028726,我們去喝下午茶,True,5,hard,1,3,家,reverse,Which Chinese word best matches “home” in this lesson context?,家,home,jiā,N,"[""超級市場"", ""教室"", ""房間"", ""家""]",這個星期我太忙了，所以週末我要在家看書、聽音樂，好好休息一下。,verified_v3_book_locked,ok,,1
custom-story-1785137028726,我們去喝下午茶,True,5,hard,1,3,家,listening,🔊 Listen and choose the word you hear.,家,home,jiā,N,"[""房間"", ""超級市場"", ""教室"", ""家""]",,verified_v3_book_locked,ok,,1
custom-story-1785137028726,我們去喝下午茶,True,5,hard,1,3,家,pinyin,Which pinyin exactly matches the lexical tones of 「家」?,jiā,home,jiā,N,"[""jiá"", ""jià"", ""jiā"", ""jiǎ""]",這個星期我太忙了，所以週末我要在家看書、聽音樂，好好休息一下。,verified_v3_book_locked,ok,,1
custom-story-1785137028726,我們去喝下午茶,True,5,hard,1,3,家,cloze,Choose the most contextually appropriate word for the blank.,家,home,jiā,N,"[""週末"", ""下午"", ""星期六""]",這個星期我太忙了，所以週末我要在____看書、聽音樂，好好休息一下。,verified_v3_book_locked,ok,,1
custom-story-1785137028726,我們去喝下午茶,True,5,hard,1,3,家,pos,Classify the grammatical category of 「家」 as used in the sentence.,N,home,jiā,N,"[""Adv"", ""Adj"", ""MW""]",這個星期我太忙了，所以週末我要在家看書、聽音樂，好好休息一下。,verified_v3_book_locked,ok,,1
custom-story-1785137028726,我們去喝下午茶,True,5,easy,1,4,看書,translation,看書,to read,to read,kànshū,V,"[""this weekend"", ""weekend"", ""I""]",我要在家看書、聽音樂。,verified_v3_book_locked,ok,,1
custom-story-1785137028726,我們去喝下午茶,True,5,easy,1,4,看書,reverse,to read,看書,to read,kànshū,V,"[""週末"", ""這個週末"", ""我"", ""看書""]",我要在家看書、聽音樂。,verified_v3_book_locked,ok,,1
custom-story-1785137028726,我們去喝下午茶,True,5,easy,1,4,看書,listening,🔊 Listen and choose the word you hear.,看書,to read,kànshū,V,"[""這個週末"", ""看書"", ""週末"", ""我""]",,verified_v3_book_locked,ok,,1
custom-story-1785137028726,我們去喝下午茶,True,5,easy,1,4,看書,pinyin,Choose the correct pinyin for 「看書」.,kànshū,to read,kànshū,V,"[""kànshū"", ""kànshú"", ""kànshù"", ""kànshǔ""]",我要在家看書、聽音樂。,verified_v3_book_locked,ok,,1
custom-story-1785137028726,我們去喝下午茶,True,5,easy,1,4,看書,cloze,Complete the sentence.,看書,to read,kànshū,V,"[""聽音樂"", ""有"", ""去""]",我要在家____、聽音樂。,verified_v3_book_locked,ok,,1
custom-story-1785137028726,我們去喝下午茶,True,5,easy,1,4,看書,pos,What is the part of speech of 「看書」?,V,to read,kànshū,V,"[""N"", ""MW"", ""Loc""]",我要在家看書、聽音樂。,verified_v3_book_locked,ok,,1
custom-story-1785137028726,我們去喝下午茶,True,5,easy,1,4,看書,synonym,Which word or phrase is closest in meaning to 「看書」?,閱讀,to read,kànshū,V,"[""週末"", ""什麼"", ""要""]",我要在家看書、聽音樂。,verified_v3_book_locked,ok,,1
custom-story-1785137028726,我們去喝下午茶,True,5,medium,1,4,看書,translation,Choose the best English meaning of 「看書」.,to read,to read,kànshū,V,"[""to do / make"", ""to want / need"", ""have""]",我要在家看書、聽音樂，好好休息。,verified_v3_book_locked,ok,,1
custom-story-1785137028726,我們去喝下午茶,True,5,medium,1,4,看書,reverse,Choose the Chinese word for “to read”.,看書,to read,kànshū,V,"[""做"", ""要"", ""有"", ""看書""]",我要在家看書、聽音樂，好好休息。,verified_v3_book_locked,ok,,1
custom-story-1785137028726,我們去喝下午茶,True,5,medium,1,4,看書,listening,🔊 Listen and choose the word you hear.,看書,to read,kànshū,V,"[""要"", ""有"", ""做"", ""看書""]",,verified_v3_book_locked,ok,,1
custom-story-1785137028726,我們去喝下午茶,True,5,medium,1,4,看書,pinyin,Choose the correct pinyin and tone pattern for 「看書」.,kànshū,to read,kànshū,V,"[""kànshū"", ""kànshù"", ""kànshú"", ""kànshǔ""]",我要在家看書、聽音樂，好好休息。,verified_v3_book_locked,ok,,1
custom-story-1785137028726,我們去喝下午茶,True,5,medium,1,4,看書,cloze,Choose the word that best completes the sentence.,看書,to read,kànshū,V,"[""聽音樂"", ""去"", ""做""]",我要在家____、聽音樂，好好休息。,verified_v3_book_locked,ok,,1
custom-story-1785137028726,我們去喝下午茶,True,5,medium,1,4,看書,pos,"In this sentence, what part of speech is 「看書」?",V,to read,kànshū,V,"[""Adv"", ""MW"", ""N""]",我要在家看書、聽音樂，好好休息。,verified_v3_book_locked,ok,,1
custom-story-1785137028726,我們去喝下午茶,True,5,medium,1,4,看書,synonym,"In this lesson context, which expression is closest in meaning to 「看書」?",閱讀,to read,kànshū,V,"[""去"", ""聽音樂"", ""知道""]",我要在家看書、聽音樂，好好休息。,verified_v3_book_locked,ok,,1
custom-story-1785137028726,我們去喝下午茶,True,5,hard,1,4,看書,translation,"In 「這個星期我太忙了，所以週末我要在家看書、聽音樂，好好休息一下。」, what does 「看書」 mean?",to read,to read,kànshū,V,"[""to walk"", ""sunbathe"", ""have""]",這個星期我太忙了，所以週末我要在家看書、聽音樂，好好休息一下。,verified_v3_book_locked,ok,,1
custom-story-1785137028726,我們去喝下午茶,True,5,hard,1,4,看書,reverse,Which Chinese word best matches “to read” in this lesson context?,看書,to read,kànshū,V,"[""走路"", ""曬太陽"", ""有"", ""看書""]",這個星期我太忙了，所以週末我要在家看書、聽音樂，好好休息一下。,verified_v3_book_locked,ok,,1
custom-story-1785137028726,我們去喝下午茶,True,5,hard,1,4,看書,listening,🔊 Listen and choose the word you hear.,看書,to read,kànshū,V,"[""曬太陽"", ""有"", ""看書"", ""走路""]",,verified_v3_book_locked,ok,,1
custom-story-1785137028726,我們去喝下午茶,True,5,hard,1,4,看書,pinyin,Which pinyin exactly matches the lexical tones of 「看書」?,kànshū,to read,kànshū,V,"[""kànshù"", ""kànshú"", ""kànshū"", ""kànshǔ""]",這個星期我太忙了，所以週末我要在家看書、聽音樂，好好休息一下。,verified_v3_book_locked,ok,,1
custom-story-1785137028726,我們去喝下午茶,True,5,hard,1,4,看書,cloze,Choose the most contextually appropriate word for the blank.,看書,to read,kànshū,V,"[""想"", ""做飯"", ""做""]",這個星期我太忙了，所以週末我要在家____、聽音樂，好好休息一下。,verified_v3_book_locked,ok,,1
custom-story-1785137028726,我們去喝下午茶,True,5,hard,1,4,看書,pos,Classify the grammatical category of 「看書」 as used in the sentence.,V,to read,kànshū,V,"[""Loc"", ""Adj"", ""N""]",這個星期我太忙了，所以週末我要在家看書、聽音樂，好好休息一下。,verified_v3_book_locked,ok,,1
custom-story-1785137028726,我們去喝下午茶,True,5,hard,1,4,看書,synonym,Which expression can best replace 「看書」 without changing the intended meaning?,閱讀,to read,kànshū,V,"[""想"", ""休息"", ""曬太陽""]",這個星期我太忙了，所以週末我要在家看書、聽音樂，好好休息一下。,verified_v3_book_locked,ok,,1
custom-story-1785137028726,我們去喝下午茶,True,5,easy,1,5,聽音樂,translation,聽音樂,to listen to music,to listen to music,tīng yīnyuè,V,"[""I"", ""weekend"", ""to want / need""]",我要在家看書、聽音樂。,verified_v3_book_locked,ok,,1
custom-story-1785137028726,我們去喝下午茶,True,5,easy,1,5,聽音樂,reverse,to listen to music,聽音樂,to listen to music,tīng yīnyuè,V,"[""要"", ""我"", ""週末"", ""聽音樂""]",我要在家看書、聽音樂。,verified_v3_book_locked,ok,,1
custom-story-1785137028726,我們去喝下午茶,True,5,easy,1,5,聽音樂,listening,🔊 Listen and choose the word you hear.,聽音樂,to listen to music,tīng yīnyuè,V,"[""週末"", ""要"", ""聽音樂"", ""我""]",,verified_v3_book_locked,ok,,1
custom-story-1785137028726,我們去喝下午茶,True,5,easy,1,5,聽音樂,pinyin,Choose the correct pinyin for 「聽音樂」.,tīng yīnyuè,to listen to music,tīng yīnyuè,V,"[""tīng yīnyuě"", ""tīng yīnyué"", ""tīng yīnyuè"", ""tīng yīnyuē""]",我要在家看書、聽音樂。,verified_v3_book_locked,ok,,1
custom-story-1785137028726,我們去喝下午茶,True,5,easy,1,5,聽音樂,cloze,Complete the sentence.,聽音樂,to listen to music,tīng yīnyuè,V,"[""做飯"", ""做"", ""想""]",我要在家看書、____。,verified_v3_book_locked,ok,,1
custom-story-1785137028726,我們去喝下午茶,True,5,easy,1,5,聽音樂,pos,What is the part of speech of 「聽音樂」?,V,to listen to music,tīng yīnyuè,V,"[""MW"", ""Pron"", ""Quant""]",我要在家看書、聽音樂。,verified_v3_book_locked,ok,,1
custom-story-1785137028726,我們去喝下午茶,True,5,easy,1,5,聽音樂,synonym,Which word or phrase is closest in meaning to 「聽音樂」?,聆聽音樂,to listen to music,tīng yīnyuè,V,"[""友美"", ""什麼"", ""週末""]",我要在家看書、聽音樂。,verified_v3_book_locked,ok,,1
custom-story-1785137028726,我們去喝下午茶,True,5,medium,1,5,聽音樂,translation,Choose the best English meaning of 「聽音樂」.,to listen to music,to listen to music,tīng yīnyuè,V,"[""have"", ""to do / make"", ""to go""]",我要在家看書、聽音樂，好好休息。,verified_v3_book_locked,ok,,1
custom-story-1785137028726,我們去喝下午茶,True,5,medium,1,5,聽音樂,reverse,Choose the Chinese word for “to listen to music”.,聽音樂,to listen to music,tīng yīnyuè,V,"[""去"", ""做"", ""聽音樂"", ""有""]",我要在家看書、聽音樂，好好休息。,verified_v3_book_locked,ok,,1
custom-story-1785137028726,我們去喝下午茶,True,5,medium,1,5,聽音樂,listening,🔊 Listen and choose the word you hear.,聽音樂,to listen to music,tīng yīnyuè,V,"[""聽音樂"", ""去"", ""有"", ""做""]",,verified_v3_book_locked,ok,,1
custom-story-1785137028726,我們去喝下午茶,True,5,medium,1,5,聽音樂,pinyin,Choose the correct pinyin and tone pattern for 「聽音樂」.,tīng yīnyuè,to listen to music,tīng yīnyuè,V,"[""tīng yīnyuē"", ""tīng yīnyué"", ""tīng yīnyuè"", ""tīng yīnyuě""]",我要在家看書、聽音樂，好好休息。,verified_v3_book_locked,ok,,1
custom-story-1785137028726,我們去喝下午茶,True,5,medium,1,5,聽音樂,cloze,Choose the word that best completes the sentence.,聽音樂,to listen to music,tīng yīnyuè,V,"[""幫"", ""要"", ""去""]",我要在家看書、____，好好休息。,verified_v3_book_locked,ok,,1
custom-story-1785137028726,我們去喝下午茶,True,5,medium,1,5,聽音樂,pos,"In this sentence, what part of speech is 「聽音樂」?",V,to listen to music,tīng yīnyuè,V,"[""Pron"", ""N"", ""Quant""]",我要在家看書、聽音樂，好好休息。,verified_v3_book_locked,ok,,1
custom-story-1785137028726,我們去喝下午茶,True,5,medium,1,5,聽音樂,synonym,"In this lesson context, which expression is closest in meaning to 「聽音樂」?",聆聽音樂,to listen to music,tīng yīnyuè,V,"[""看書"", ""要"", ""想""]",我要在家看書、聽音樂，好好休息。,verified_v3_book_locked,ok,,1
custom-story-1785137028726,我們去喝下午茶,True,5,hard,1,5,聽音樂,translation,"In 「這個星期我太忙了，所以週末我要在家看書、聽音樂，好好休息一下。」, what does 「聽音樂」 mean?",to listen to music,to listen to music,tīng yīnyuè,V,"[""to jog"", ""to sing"", ""to rest""]",這個星期我太忙了，所以週末我要在家看書、聽音樂，好好休息一下。,verified_v3_book_locked,ok,,1
custom-story-1785137028726,我們去喝下午茶,True,5,hard,1,5,聽音樂,reverse,Which Chinese word best matches “to listen to music” in this lesson context?,聽音樂,to listen to music,tīng yīnyuè,V,"[""唱歌"", ""聽音樂"", ""休息"", ""跑步""]",這個星期我太忙了，所以週末我要在家看書、聽音樂，好好休息一下。,verified_v3_book_locked,ok,,1
custom-story-1785137028726,我們去喝下午茶,True,5,hard,1,5,聽音樂,listening,🔊 Listen and choose the word you hear.,聽音樂,to listen to music,tīng yīnyuè,V,"[""休息"", ""唱歌"", ""跑步"", ""聽音樂""]",,verified_v3_book_locked,ok,,1
custom-story-1785137028726,我們去喝下午茶,True,5,hard,1,5,聽音樂,pinyin,Which pinyin exactly matches the lexical tones of 「聽音樂」?,tīng yīnyuè,to listen to music,tīng yīnyuè,V,"[""tīng yīnyué"", ""tīng yīnyuè"", ""tīng yīnyuě"", ""tīng yīnyuē""]",這個星期我太忙了，所以週末我要在家看書、聽音樂，好好休息一下。,verified_v3_book_locked,ok,,1
custom-story-1785137028726,我們去喝下午茶,True,5,hard,1,5,聽音樂,cloze,Choose the most contextually appropriate word for the blank.,聽音樂,to listen to music,tīng yīnyuè,V,"[""去"", ""幫"", ""知道""]",這個星期我太忙了，所以週末我要在家看書、____，好好休息一下。,verified_v3_book_locked,ok,,1
custom-story-1785137028726,我們去喝下午茶,True,5,hard,1,5,聽音樂,pos,Classify the grammatical category of 「聽音樂」 as used in the sentence.,V,to listen to music,tīng yīnyuè,V,"[""Pron"", ""N"", ""MW""]",這個星期我太忙了，所以週末我要在家看書、聽音樂，好好休息一下。,verified_v3_book_locked,ok,,1
custom-story-1785137028726,我們去喝下午茶,True,5,hard,1,5,聽音樂,synonym,Which expression can best replace 「聽音樂」 without changing the intended meaning?,聆聽音樂,to listen to music,tīng yīnyuè,V,"[""知道"", ""喜歡"", ""寫字""]",這個星期我太忙了，所以週末我要在家看書、聽音樂，好好休息一下。,verified_v3_book_locked,ok,,1
custom-story-1785137028726,我們去喝下午茶,True,5,easy,2,0,星期六,translation,星期六,Saturday,Saturday,xīngqíliù,N,"[""what"", ""I"", ""weekend""]",妳星期六下午有空嗎？我們一起去喝下午茶，怎麼樣？,verified_v3_book_locked,ok,,1
custom-story-1785137028726,我們去喝下午茶,True,5,easy,2,0,星期六,reverse,Saturday,星期六,Saturday,xīngqíliù,N,"[""星期六"", ""我"", ""什麼"", ""週末""]",妳星期六下午有空嗎？我們一起去喝下午茶，怎麼樣？,verified_v3_book_locked,ok,,1
custom-story-1785137028726,我們去喝下午茶,True,5,easy,2,0,星期六,listening,🔊 Listen and choose the word you hear.,星期六,Saturday,xīngqíliù,N,"[""星期六"", ""什麼"", ""週末"", ""我""]",,verified_v3_book_locked,ok,,1
custom-story-1785137028726,我們去喝下午茶,True,5,easy,2,0,星期六,pinyin,Choose the correct pinyin for 「星期六」.,xīngqíliù,Saturday,xīngqíliù,N,"[""xīngqíliū"", ""xīngqíliǔ"", ""xīngqíliù"", ""xīngqíliú""]",妳星期六下午有空嗎？我們一起去喝下午茶，怎麼樣？,verified_v3_book_locked,ok,,1
custom-story-1785137028726,我們去喝下午茶,True,5,easy,2,0,星期六,cloze,Complete the sentence.,星期六,Saturday,xīngqíliù,N,"[""巧克力"", ""媽"", ""咖啡廳""]",妳____下午有空嗎？我們一起去喝下午茶，怎麼樣？,verified_v3_book_locked,ok,,1
custom-story-1785137028726,我們去喝下午茶,True,5,easy,2,0,星期六,pos,What is the part of speech of 「星期六」?,N,Saturday,xīngqíliù,N,"[""Adj"", ""V"", ""Pron""]",妳星期六下午有空嗎？我們一起去喝下午茶，怎麼樣？,verified_v3_book_locked,ok,,1
custom-story-1785137028726,我們去喝下午茶,True,5,medium,2,0,星期六,translation,Choose the best English meaning of 「星期六」.,Saturday,Saturday,xīngqíliù,N,"[""chocolate"", ""afternoon"", ""home""]",妳星期六下午有空嗎？我們一起去咖啡廳喝下午茶，怎麼樣？,verified_v3_book_locked,ok,,1
custom-story-1785137028726,我們去喝下午茶,True,5,medium,2,0,星期六,reverse,Choose the Chinese word for “Saturday”.,星期六,Saturday,xīngqíliù,N,"[""星期六"", ""家"", ""下午"", ""巧克力""]",妳星期六下午有空嗎？我們一起去咖啡廳喝下午茶，怎麼樣？,verified_v3_book_locked,ok,,1
custom-story-1785137028726,我們去喝下午茶,True,5,medium,2,0,星期六,listening,🔊 Listen and choose the word you hear.,星期六,Saturday,xīngqíliù,N,"[""下午"", ""星期六"", ""巧克力"", ""家""]",,verified_v3_book_locked,ok,,1
custom-story-1785137028726,我們去喝下午茶,True,5,medium,2,0,星期六,pinyin,Choose the correct pinyin and tone pattern for 「星期六」.,xīngqíliù,Saturday,xīngqíliù,N,"[""xīngqíliú"", ""xīngqíliū"", ""xīngqíliǔ"", ""xīngqíliù""]",妳星期六下午有空嗎？我們一起去咖啡廳喝下午茶，怎麼樣？,verified_v3_book_locked,ok,,1
custom-story-1785137028726,我們去喝下午茶,True,5,medium,2,0,星期六,cloze,Choose the word that best completes the sentence.,星期六,Saturday,xīngqíliù,N,"[""友美"", ""巧克力"", ""錢包""]",妳____下午有空嗎？我們一起去咖啡廳喝下午茶，怎麼樣？,verified_v3_book_locked,ok,,1
custom-story-1785137028726,我們去喝下午茶,True,5,medium,2,0,星期六,pos,"In this sentence, what part of speech is 「星期六」?",N,Saturday,xīngqíliù,N,"[""Loc"", ""MW"", ""Quant""]",妳星期六下午有空嗎？我們一起去咖啡廳喝下午茶，怎麼樣？,verified_v3_book_locked,ok,,1
custom-story-1785137028726,我們去喝下午茶,True,5,hard,2,0,星期六,translation,"In 「如果妳星期六下午有空，我們一起去喝下午茶，怎麼樣？」, what does 「星期六」 mean?",Saturday,Saturday,xīngqíliù,N,"[""afternoon"", ""birthday"", ""weekend""]",如果妳星期六下午有空，我們一起去喝下午茶，怎麼樣？,verified_v3_book_locked,ok,,1
custom-story-1785137028726,我們去喝下午茶,True,5,hard,2,0,星期六,reverse,Which Chinese word best matches “Saturday” in this lesson context?,星期六,Saturday,xīngqíliù,N,"[""下午"", ""星期六"", ""週末"", ""生日""]",如果妳星期六下午有空，我們一起去喝下午茶，怎麼樣？,verified_v3_book_locked,ok,,1
custom-story-1785137028726,我們去喝下午茶,True,5,hard,2,0,星期六,listening,🔊 Listen and choose the word you hear.,星期六,Saturday,xīngqíliù,N,"[""下午"", ""生日"", ""週末"", ""星期六""]",,verified_v3_book_locked,ok,,1
custom-story-1785137028726,我們去喝下午茶,True,5,hard,2,0,星期六,pinyin,Which pinyin exactly matches the lexical tones of 「星期六」?,xīngqíliù,Saturday,xīngqíliù,N,"[""xīngqíliǔ"", ""xīngqíliū"", ""xīngqíliù"", ""xīngqíliú""]",如果妳星期六下午有空，我們一起去喝下午茶，怎麼樣？,verified_v3_book_locked,ok,,1
custom-story-1785137028726,我們去喝下午茶,True,5,hard,2,0,星期六,cloze,Choose the most contextually appropriate word for the blank.,星期六,Saturday,xīngqíliù,N,"[""下午茶"", ""家"", ""巧克力""]",如果妳____下午有空，我們一起去喝下午茶，怎麼樣？,verified_v3_book_locked,ok,,1
custom-story-1785137028726,我們去喝下午茶,True,5,hard,2,0,星期六,pos,Classify the grammatical category of 「星期六」 as used in the sentence.,N,Saturday,xīngqíliù,N,"[""Loc"", ""Quant"", ""Pron""]",如果妳星期六下午有空，我們一起去喝下午茶，怎麼樣？,verified_v3_book_locked,ok,,1
custom-story-1785137028726,我們去喝下午茶,True,5,easy,2,1,下午,translation,下午,afternoon,afternoon,xiàwǔ,N,"[""what"", ""this weekend"", ""weekend""]",妳星期六下午有空嗎？我們一起去喝下午茶，怎麼樣？,verified_v3_book_locked,ok,,1
custom-story-1785137028726,我們去喝下午茶,True,5,easy,2,1,下午,reverse,afternoon,下午,afternoon,xiàwǔ,N,"[""什麼"", ""這個週末"", ""下午"", ""週末""]",妳星期六下午有空嗎？我們一起去喝下午茶，怎麼樣？,verified_v3_book_locked,ok,,1
custom-story-1785137028726,我們去喝下午茶,True,5,easy,2,1,下午,listening,🔊 Listen and choose the word you hear.,下午,afternoon,xiàwǔ,N,"[""週末"", ""什麼"", ""下午"", ""這個週末""]",,verified_v3_book_locked,ok,,1
custom-story-1785137028726,我們去喝下午茶,True,5,easy,2,1,下午,pinyin,Choose the correct pinyin for 「下午」.,xiàwǔ,afternoon,xiàwǔ,N,"[""xiàwù"", ""xiàwú"", ""xiàwū"", ""xiàwǔ""]",妳星期六下午有空嗎？我們一起去喝下午茶，怎麼樣？,verified_v3_book_locked,ok,,1
custom-story-1785137028726,我們去喝下午茶,True,5,easy,2,1,下午,cloze,Complete the sentence.,下午,afternoon,xiàwǔ,N,"[""冰淇淋"", ""錢包"", ""媽""]",我們一起去喝____茶，怎麼樣？,verified_v3_book_locked,ok,,1
custom-story-1785137028726,我們去喝下午茶,True,5,easy,2,1,下午,pos,What is the part of speech of 「下午」?,N,afternoon,xiàwǔ,N,"[""Adv"", ""Pron"", ""Quant""]",妳星期六下午有空嗎？我們一起去喝下午茶，怎麼樣？,verified_v3_book_locked,ok,,1
custom-story-1785137028726,我們去喝下午茶,True,5,medium,2,1,下午,translation,Choose the best English meaning of 「下午」.,afternoon,afternoon,xiàwǔ,N,"[""weekend"", ""afternoon tea"", ""ice cream""]",妳星期六下午有空嗎？我們一起去咖啡廳喝下午茶，怎麼樣？,verified_v3_book_locked,ok,,1
custom-story-1785137028726,我們去喝下午茶,True,5,medium,2,1,下午,reverse,Choose the Chinese word for “afternoon”.,下午,afternoon,xiàwǔ,N,"[""週末"", ""下午茶"", ""下午"", ""冰淇淋""]",妳星期六下午有空嗎？我們一起去咖啡廳喝下午茶，怎麼樣？,verified_v3_book_locked,ok,,1
custom-story-1785137028726,我們去喝下午茶,True,5,medium,2,1,下午,listening,🔊 Listen and choose the word you hear.,下午,afternoon,xiàwǔ,N,"[""冰淇淋"", ""下午"", ""週末"", ""下午茶""]",,verified_v3_book_locked,ok,,1
custom-story-1785137028726,我們去喝下午茶,True,5,medium,2,1,下午,pinyin,Choose the correct pinyin and tone pattern for 「下午」.,xiàwǔ,afternoon,xiàwǔ,N,"[""xiàwú"", ""xiàwù"", ""xiàwū"", ""xiàwǔ""]",妳星期六下午有空嗎？我們一起去咖啡廳喝下午茶，怎麼樣？,verified_v3_book_locked,ok,,1
custom-story-1785137028726,我們去喝下午茶,True,5,medium,2,1,下午,cloze,Choose the word that best completes the sentence.,下午,afternoon,xiàwǔ,N,"[""巧克力"", ""錢包"", ""星期六""]",我們一起去咖啡廳喝____茶，怎麼樣？,verified_v3_book_locked,ok,,1
custom-story-1785137028726,我們去喝下午茶,True,5,medium,2,1,下午,pos,"In this sentence, what part of speech is 「下午」?",N,afternoon,xiàwǔ,N,"[""Adj"", ""Adv"", ""MW""]",妳星期六下午有空嗎？我們一起去咖啡廳喝下午茶，怎麼樣？,verified_v3_book_locked,ok,,1
custom-story-1785137028726,我們去喝下午茶,True,5,hard,2,1,下午,translation,"In 「如果妳星期六下午有空，我們一起去喝下午茶，怎麼樣？」, what does 「下午」 mean?",afternoon,afternoon,xiàwǔ,N,"[""Saturday"", ""weekend"", ""birthday""]",如果妳星期六下午有空，我們一起去喝下午茶，怎麼樣？,verified_v3_book_locked,ok,,1
custom-story-1785137028726,我們去喝下午茶,True,5,hard,2,1,下午,reverse,Which Chinese word best matches “afternoon” in this lesson context?,下午,afternoon,xiàwǔ,N,"[""生日"", ""週末"", ""下午"", ""星期六""]",如果妳星期六下午有空，我們一起去喝下午茶，怎麼樣？,verified_v3_book_locked,ok,,1
custom-story-1785137028726,我們去喝下午茶,True,5,hard,2,1,下午,listening,🔊 Listen and choose the word you hear.,下午,afternoon,xiàwǔ,N,"[""生日"", ""星期六"", ""下午"", ""週末""]",,verified_v3_book_locked,ok,,1
custom-story-1785137028726,我們去喝下午茶,True,5,hard,2,1,下午,pinyin,Which pinyin exactly matches the lexical tones of 「下午」?,xiàwǔ,afternoon,xiàwǔ,N,"[""xiàwū"", ""xiàwú"", ""xiàwù"", ""xiàwǔ""]",如果妳星期六下午有空，我們一起去喝下午茶，怎麼樣？,verified_v3_book_locked,ok,,1
custom-story-1785137028726,我們去喝下午茶,True,5,hard,2,1,下午,cloze,Choose the most contextually appropriate word for the blank.,下午,afternoon,xiàwǔ,N,"[""冰淇淋"", ""家"", ""巧克力""]",如果妳星期六____有空，我們一起去喝茶，怎麼樣？,verified_v3_book_locked,ok,,1
custom-story-1785137028726,我們去喝下午茶,True,5,hard,2,1,下午,pos,Classify the grammatical category of 「下午」 as used in the sentence.,N,afternoon,xiàwǔ,N,"[""Quant"", ""Adj"", ""V""]",如果妳星期六下午有空，我們一起去喝下午茶，怎麼樣？,verified_v3_book_locked,ok,,1
custom-story-1785137028726,我們去喝下午茶,True,5,easy,2,2,有空,translation,有空,have time,have time,yǒu kòng,VerbPhrase,"[""what"", ""to want / need"", ""Youmei (person’s name)""]",妳星期六下午有空嗎？我們一起去喝下午茶，怎麼樣？,verified_v3_book_locked,ok,,1
custom-story-1785137028726,我們去喝下午茶,True,5,easy,2,2,有空,reverse,have time,有空,have time,yǒu kòng,VerbPhrase,"[""有空"", ""要"", ""什麼"", ""友美""]",妳星期六下午有空嗎？我們一起去喝下午茶，怎麼樣？,verified_v3_book_locked,ok,,1
custom-story-1785137028726,我們去喝下午茶,True,5,easy,2,2,有空,listening,🔊 Listen and choose the word you hear.,有空,have time,yǒu kòng,VerbPhrase,"[""有空"", ""什麼"", ""要"", ""友美""]",,verified_v3_book_locked,ok,,1
custom-story-1785137028726,我們去喝下午茶,True,5,easy,2,2,有空,pinyin,Choose the correct pinyin for 「有空」.,yǒu kòng,have time,yǒu kòng,VerbPhrase,"[""yǒu kǒng"", ""yǒu kòng"", ""yǒu kōng"", ""yǒu kóng""]",妳星期六下午有空嗎？我們一起去喝下午茶，怎麼樣？,verified_v3_book_locked,ok,,1
custom-story-1785137028726,我們去喝下午茶,True,5,easy,2,2,有空,cloze,Complete the sentence.,有空,have time,yǒu kòng,VerbPhrase,"[""我"", ""週末"", ""這個週末""]",妳星期六下午____嗎？我們一起去喝下午茶，怎麼樣？,verified_v3_book_locked,ok,,1
custom-story-1785137028726,我們去喝下午茶,True,5,easy,2,2,有空,synonym,Which word or phrase is closest in meaning to 「有空」?,有時間,have time,yǒu kòng,VerbPhrase,"[""要"", ""週末"", ""做""]",妳星期六下午有空嗎？我們一起去喝下午茶，怎麼樣？,verified_v3_book_locked,ok,,1
custom-story-1785137028726,我們去喝下午茶,True,5,medium,2,2,有空,translation,Choose the best English meaning of 「有空」.,have time,have time,yǒu kòng,VerbPhrase,"[""to want to rest"", ""to be working"", ""to have class""]",妳星期六下午有空嗎？我們一起去咖啡廳喝下午茶，怎麼樣？,verified_v3_book_locked,ok,,1
custom-story-1785137028726,我們去喝下午茶,True,5,medium,2,2,有空,reverse,Choose the Chinese word for “have time”.,有空,have time,yǒu kòng,VerbPhrase,"[""要上課"", ""在工作"", ""有空"", ""想休息""]",妳星期六下午有空嗎？我們一起去咖啡廳喝下午茶，怎麼樣？,verified_v3_book_locked,ok,,1
custom-story-1785137028726,我們去喝下午茶,True,5,medium,2,2,有空,listening,🔊 Listen and choose the word you hear.,有空,have time,yǒu kòng,VerbPhrase,"[""在工作"", ""有空"", ""想休息"", ""要上課""]",,verified_v3_book_locked,ok,,1
custom-story-1785137028726,我們去喝下午茶,True,5,medium,2,2,有空,pinyin,Choose the correct pinyin and tone pattern for 「有空」.,yǒu kòng,have time,yǒu kòng,VerbPhrase,"[""yǒu kǒng"", ""yǒu kōng"", ""yǒu kòng"", ""yǒu kóng""]",妳星期六下午有空嗎？我們一起去咖啡廳喝下午茶，怎麼樣？,verified_v3_book_locked,ok,,1
custom-story-1785137028726,我們去喝下午茶,True,5,medium,2,2,有空,cloze,Choose the word that best completes the sentence.,有空,have time,yǒu kòng,VerbPhrase,"[""沒空"", ""想休息"", ""要上課""]",妳星期六下午____嗎？我們一起去咖啡廳喝下午茶，怎麼樣？,verified_v3_book_locked,ok,,1
custom-story-1785137028726,我們去喝下午茶,True,5,medium,2,2,有空,synonym,"In this lesson context, which expression is closest in meaning to 「有空」?",有時間,have time,yǒu kòng,VerbPhrase,"[""在工作"", ""要上課"", ""沒空""]",妳星期六下午有空嗎？我們一起去咖啡廳喝下午茶，怎麼樣？,verified_v3_book_locked,ok,,1
custom-story-1785137028726,我們去喝下午茶,True,5,hard,2,2,有空,translation,"In 「如果妳星期六下午有空，我們一起去喝下午茶，怎麼樣？」, what does 「有空」 mean?",have time,have time,yǒu kòng,VerbPhrase,"[""to have class"", ""not available"", ""to want to rest""]",如果妳星期六下午有空，我們一起去喝下午茶，怎麼樣？,verified_v3_book_locked,ok,,1
custom-story-1785137028726,我們去喝下午茶,True,5,hard,2,2,有空,reverse,Which Chinese word best matches “have time” in this lesson context?,有空,have time,yǒu kòng,VerbPhrase,"[""想休息"", ""有空"", ""要上課"", ""沒空""]",如果妳星期六下午有空，我們一起去喝下午茶，怎麼樣？,verified_v3_book_locked,ok,,1
custom-story-1785137028726,我們去喝下午茶,True,5,hard,2,2,有空,listening,🔊 Listen and choose the word you hear.,有空,have time,yǒu kòng,VerbPhrase,"[""想休息"", ""有空"", ""要上課"", ""沒空""]",,verified_v3_book_locked,ok,,1
custom-story-1785137028726,我們去喝下午茶,True,5,hard,2,2,有空,pinyin,Which pinyin exactly matches the lexical tones of 「有空」?,yǒu kòng,have time,yǒu kòng,VerbPhrase,"[""yǒu kǒng"", ""yǒu kóng"", ""yǒu kòng"", ""yǒu kōng""]",如果妳星期六下午有空，我們一起去喝下午茶，怎麼樣？,verified_v3_book_locked,ok,,1
custom-story-1785137028726,我們去喝下午茶,True,5,hard,2,2,有空,cloze,Choose the most contextually appropriate word for the blank.,有空,have time,yǒu kòng,VerbPhrase,"[""想休息"", ""要上課"", ""在工作""]",如果妳星期六下午____，我們一起去喝下午茶，怎麼樣？,verified_v3_book_locked,ok,,1
custom-story-1785137028726,我們去喝下午茶,True,5,hard,2,2,有空,synonym,Which expression can best replace 「有空」 without changing the intended meaning?,有時間,have time,yǒu kòng,VerbPhrase,"[""沒空"", ""要上課"", ""在工作""]",如果妳星期六下午有空，我們一起去喝下午茶，怎麼樣？,verified_v3_book_locked,ok,,1
custom-story-1785137028726,我們去喝下午茶,True,5,easy,2,3,一起,translation,一起,together,together,yīqǐ,Adv,"[""at / in"", ""this weekend"", ""weekend""]",妳星期六下午有空嗎？我們一起去喝下午茶，怎麼樣？,verified_v3_book_locked,ok,,1
custom-story-1785137028726,我們去喝下午茶,True,5,easy,2,3,一起,reverse,together,一起,together,yīqǐ,Adv,"[""一起"", ""在"", ""這個週末"", ""週末""]",妳星期六下午有空嗎？我們一起去喝下午茶，怎麼樣？,verified_v3_book_locked,ok,,1
custom-story-1785137028726,我們去喝下午茶,True,5,easy,2,3,一起,listening,🔊 Listen and choose the word you hear.,一起,together,yīqǐ,Adv,"[""週末"", ""在"", ""這個週末"", ""一起""]",,verified_v3_book_locked,ok,,1
custom-story-1785137028726,我們去喝下午茶,True,5,easy,2,3,一起,pinyin,Choose the correct pinyin for 「一起」.,yīqǐ,together,yīqǐ,Adv,"[""yīqì"", ""yīqǐ"", ""yīqī"", ""yīqí""]",妳星期六下午有空嗎？我們一起去喝下午茶，怎麼樣？,verified_v3_book_locked,ok,,1
custom-story-1785137028726,我們去喝下午茶,True,5,easy,2,3,一起,cloze,Complete the sentence.,一起,together,yīqǐ,Adv,"[""在"", ""做"", ""友美""]",妳星期六下午有空嗎？我們____去喝下午茶，怎麼樣？,verified_v3_book_locked,ok,,1
custom-story-1785137028726,我們去喝下午茶,True,5,easy,2,3,一起,pos,What is the part of speech of 「一起」?,Adv,together,yīqǐ,Adv,"[""MW"", ""V"", ""Quant""]",妳星期六下午有空嗎？我們一起去喝下午茶，怎麼樣？,verified_v3_book_locked,ok,,1
custom-story-1785137028726,我們去喝下午茶,True,5,easy,2,3,一起,synonym,Which word or phrase is closest in meaning to 「一起」?,一同,together,yīqǐ,Adv,"[""週末"", ""要"", ""我""]",妳星期六下午有空嗎？我們一起去喝下午茶，怎麼樣？,verified_v3_book_locked,ok,,1
custom-story-1785137028726,我們去喝下午茶,True,5,medium,2,3,一起,translation,Choose the best English meaning of 「一起」.,together,together,yīqǐ,Adv,"[""often"", ""immediately"", ""still / or""]",妳星期六下午有空嗎？我們一起去咖啡廳喝下午茶，怎麼樣？,verified_v3_book_locked,ok,,1
custom-story-1785137028726,我們去喝下午茶,True,5,medium,2,3,一起,reverse,Choose the Chinese word for “together”.,一起,together,yīqǐ,Adv,"[""常常"", ""一起"", ""還是"", ""馬上""]",妳星期六下午有空嗎？我們一起去咖啡廳喝下午茶，怎麼樣？,verified_v3_book_locked,ok,,1
custom-story-1785137028726,我們去喝下午茶,True,5,medium,2,3,一起,listening,🔊 Listen and choose the word you hear.,一起,together,yīqǐ,Adv,"[""馬上"", ""常常"", ""還是"", ""一起""]",,verified_v3_book_locked,ok,,1
custom-story-1785137028726,我們去喝下午茶,True,5,medium,2,3,一起,pinyin,Choose the correct pinyin and tone pattern for 「一起」.,yīqǐ,together,yīqǐ,Adv,"[""yīqǐ"", ""yīqí"", ""yīqì"", ""yīqī""]",妳星期六下午有空嗎？我們一起去咖啡廳喝下午茶，怎麼樣？,verified_v3_book_locked,ok,,1
custom-story-1785137028726,我們去喝下午茶,True,5,medium,2,3,一起,cloze,Choose the word that best completes the sentence.,一起,together,yīqǐ,Adv,"[""已經"", ""還是"", ""常常""]",妳星期六下午有空嗎？我們____去咖啡廳喝下午茶，怎麼樣？,verified_v3_book_locked,ok,,1
custom-story-1785137028726,我們去喝下午茶,True,5,medium,2,3,一起,pos,"In this sentence, what part of speech is 「一起」?",Adv,together,yīqǐ,Adv,"[""V"", ""N"", ""Quant""]",妳星期六下午有空嗎？我們一起去咖啡廳喝下午茶，怎麼樣？,verified_v3_book_locked,ok,,1
custom-story-1785137028726,我們去喝下午茶,True,5,medium,2,3,一起,synonym,"In this lesson context, which expression is closest in meaning to 「一起」?",一同,together,yīqǐ,Adv,"[""還是"", ""馬上"", ""常常""]",妳星期六下午有空嗎？我們一起去咖啡廳喝下午茶，怎麼樣？,verified_v3_book_locked,ok,,1
custom-story-1785137028726,我們去喝下午茶,True,5,hard,2,3,一起,translation,"In 「如果妳星期六下午有空，我們一起去喝下午茶，怎麼樣？」, what does 「一起」 mean?",together,together,yīqǐ,Adv,"[""immediately"", ""already"", ""often""]",如果妳星期六下午有空，我們一起去喝下午茶，怎麼樣？,verified_v3_book_locked,ok,,1
custom-story-1785137028726,我們去喝下午茶,True,5,hard,2,3,一起,reverse,Which Chinese word best matches “together” in this lesson context?,一起,together,yīqǐ,Adv,"[""一起"", ""馬上"", ""已經"", ""常常""]",如果妳星期六下午有空，我們一起去喝下午茶，怎麼樣？,verified_v3_book_locked,ok,,1
custom-story-1785137028726,我們去喝下午茶,True,5,hard,2,3,一起,listening,🔊 Listen and choose the word you hear.,一起,together,yīqǐ,Adv,"[""已經"", ""馬上"", ""一起"", ""常常""]",,verified_v3_book_locked,ok,,1
custom-story-1785137028726,我們去喝下午茶,True,5,hard,2,3,一起,pinyin,Which pinyin exactly matches the lexical tones of 「一起」?,yīqǐ,together,yīqǐ,Adv,"[""yīqī"", ""yīqǐ"", ""yīqì"", ""yīqí""]",如果妳星期六下午有空，我們一起去喝下午茶，怎麼樣？,verified_v3_book_locked,ok,,1
custom-story-1785137028726,我們去喝下午茶,True,5,hard,2,3,一起,cloze,Choose the most contextually appropriate word for the blank.,一起,together,yīqǐ,Adv,"[""常常"", ""已經"", ""馬上""]",如果妳星期六下午有空，我們____去喝下午茶，怎麼樣？,verified_v3_book_locked,ok,,1
custom-story-1785137028726,我們去喝下午茶,True,5,hard,2,3,一起,pos,Classify the grammatical category of 「一起」 as used in the sentence.,Adv,together,yīqǐ,Adv,"[""Quant"", ""Pron"", ""Prep""]",如果妳星期六下午有空，我們一起去喝下午茶，怎麼樣？,verified_v3_book_locked,ok,,1
custom-story-1785137028726,我們去喝下午茶,True,5,hard,2,3,一起,synonym,Which expression can best replace 「一起」 without changing the intended meaning?,一同,together,yīqǐ,Adv,"[""還是"", ""馬上"", ""常常""]",如果妳星期六下午有空，我們一起去喝下午茶，怎麼樣？,verified_v3_book_locked,ok,,1
custom-story-1785137028726,我們去喝下午茶,True,5,easy,2,4,喝,translation,喝,drink,drink,hē,V,"[""I"", ""at / in"", ""Youmei (person’s name)""]",妳星期六下午有空嗎？我們一起去喝下午茶，怎麼樣？,verified_v3_book_locked,ok,,1
custom-story-1785137028726,我們去喝下午茶,True,5,easy,2,4,喝,reverse,drink,喝,drink,hē,V,"[""我"", ""喝"", ""友美"", ""在""]",妳星期六下午有空嗎？我們一起去喝下午茶，怎麼樣？,verified_v3_book_locked,ok,,1
custom-story-1785137028726,我們去喝下午茶,True,5,easy,2,4,喝,listening,🔊 Listen and choose the word you hear.,喝,drink,hē,V,"[""我"", ""在"", ""喝"", ""友美""]",,verified_v3_book_locked,ok,,1
custom-story-1785137028726,我們去喝下午茶,True,5,easy,2,4,喝,pinyin,Choose the correct pinyin for 「喝」.,hē,drink,hē,V,"[""hé"", ""hè"", ""hē"", ""hě""]",妳星期六下午有空嗎？我們一起去喝下午茶，怎麼樣？,verified_v3_book_locked,ok,,1
custom-story-1785137028726,我們去喝下午茶,True,5,easy,2,4,喝,cloze,Complete the sentence.,喝,drink,hē,V,"[""做"", ""幫"", ""去""]",妳星期六下午有空嗎？我們一起去____下午茶，怎麼樣？,verified_v3_book_locked,ok,,1
custom-story-1785137028726,我們去喝下午茶,True,5,easy,2,4,喝,pos,What is the part of speech of 「喝」?,V,drink,hē,V,"[""Loc"", ""Prep"", ""MW""]",妳星期六下午有空嗎？我們一起去喝下午茶，怎麼樣？,verified_v3_book_locked,ok,,1
custom-story-1785137028726,我們去喝下午茶,True,5,medium,2,4,喝,translation,Choose the best English meaning of 「喝」.,drink,drink,hē,V,"[""to listen to music"", ""have"", ""to want""]",妳星期六下午有空嗎？我們一起去咖啡廳喝下午茶，怎麼樣？,verified_v3_book_locked,ok,,1
custom-story-1785137028726,我們去喝下午茶,True,5,medium,2,4,喝,reverse,Choose the Chinese word for “drink”.,喝,drink,hē,V,"[""有"", ""想"", ""聽音樂"", ""喝""]",妳星期六下午有空嗎？我們一起去咖啡廳喝下午茶，怎麼樣？,verified_v3_book_locked,ok,,1
custom-story-1785137028726,我們去喝下午茶,True,5,medium,2,4,喝,listening,🔊 Listen and choose the word you hear.,喝,drink,hē,V,"[""想"", ""聽音樂"", ""喝"", ""有""]",,verified_v3_book_locked,ok,,1
custom-story-1785137028726,我們去喝下午茶,True,5,medium,2,4,喝,pinyin,Choose the correct pinyin and tone pattern for 「喝」.,hē,drink,hē,V,"[""hé"", ""hè"", ""hě"", ""hē""]",妳星期六下午有空嗎？我們一起去咖啡廳喝下午茶，怎麼樣？,verified_v3_book_locked,ok,,1
custom-story-1785137028726,我們去喝下午茶,True,5,medium,2,4,喝,cloze,Choose the word that best completes the sentence.,喝,drink,hē,V,"[""幫"", ""想"", ""去""]",妳星期六下午有空嗎？我們一起去咖啡廳____下午茶，怎麼樣？,verified_v3_book_locked,ok,,1
custom-story-1785137028726,我們去喝下午茶,True,5,medium,2,4,喝,pos,"In this sentence, what part of speech is 「喝」?",V,drink,hē,V,"[""Loc"", ""Quant"", ""Adj""]",妳星期六下午有空嗎？我們一起去咖啡廳喝下午茶，怎麼樣？,verified_v3_book_locked,ok,,1
custom-story-1785137028726,我們去喝下午茶,True,5,hard,2,4,喝,translation,"In 「如果妳星期六下午有空，我們一起去喝下午茶，怎麼樣？」, what does 「喝」 mean?",drink,drink,hē,V,"[""to go"", ""to walk"", ""to read""]",如果妳星期六下午有空，我們一起去喝下午茶，怎麼樣？,verified_v3_book_locked,ok,,1
custom-story-1785137028726,我們去喝下午茶,True,5,hard,2,4,喝,reverse,Which Chinese word best matches “drink” in this lesson context?,喝,drink,hē,V,"[""喝"", ""看書"", ""去"", ""走路""]",如果妳星期六下午有空，我們一起去喝下午茶，怎麼樣？,verified_v3_book_locked,ok,,1
custom-story-1785137028726,我們去喝下午茶,True,5,hard,2,4,喝,listening,🔊 Listen and choose the word you hear.,喝,drink,hē,V,"[""走路"", ""看書"", ""去"", ""喝""]",,verified_v3_book_locked,ok,,1
custom-story-1785137028726,我們去喝下午茶,True,5,hard,2,4,喝,pinyin,Which pinyin exactly matches the lexical tones of 「喝」?,hē,drink,hē,V,"[""hè"", ""hě"", ""hé"", ""hē""]",如果妳星期六下午有空，我們一起去喝下午茶，怎麼樣？,verified_v3_book_locked,ok,,1
custom-story-1785137028726,我們去喝下午茶,True,5,hard,2,4,喝,cloze,Choose the most contextually appropriate word for the blank.,喝,drink,hē,V,"[""想"", ""做飯"", ""聽音樂""]",如果妳星期六下午有空，我們一起去____下午茶，怎麼樣？,verified_v3_book_locked,ok,,1
custom-story-1785137028726,我們去喝下午茶,True,5,hard,2,4,喝,pos,Classify the grammatical category of 「喝」 as used in the sentence.,V,drink,hē,V,"[""MW"", ""Adv"", ""Pron""]",如果妳星期六下午有空，我們一起去喝下午茶，怎麼樣？,verified_v3_book_locked,ok,,1
custom-story-1785137028726,我們去喝下午茶,True,5,easy,2,5,下午茶,translation,下午茶,afternoon tea,afternoon tea,xiàwǔchá,N,"[""to want / need"", ""what"", ""weekend""]",妳星期六下午有空嗎？我們一起去喝下午茶，怎麼樣？,verified_v3_book_locked,ok,,1
custom-story-1785137028726,我們去喝下午茶,True,5,easy,2,5,下午茶,reverse,afternoon tea,下午茶,afternoon tea,xiàwǔchá,N,"[""要"", ""什麼"", ""下午茶"", ""週末""]",妳星期六下午有空嗎？我們一起去喝下午茶，怎麼樣？,verified_v3_book_locked,ok,,1
custom-story-1785137028726,我們去喝下午茶,True,5,easy,2,5,下午茶,listening,🔊 Listen and choose the word you hear.,下午茶,afternoon tea,xiàwǔchá,N,"[""什麼"", ""要"", ""週末"", ""下午茶""]",,verified_v3_book_locked,ok,,1
custom-story-1785137028726,我們去喝下午茶,True,5,easy,2,5,下午茶,pinyin,Choose the correct pinyin for 「下午茶」.,xiàwǔchá,afternoon tea,xiàwǔchá,N,"[""xiàwǔchā"", ""xiàwǔchá"", ""xiàwǔchà"", ""xiàwǔchǎ""]",妳星期六下午有空嗎？我們一起去喝下午茶，怎麼樣？,verified_v3_book_locked,ok,,1
custom-story-1785137028726,我們去喝下午茶,True,5,easy,2,5,下午茶,cloze,Complete the sentence.,下午茶,afternoon tea,xiàwǔchá,N,"[""友美"", ""下午"", ""冰淇淋""]",妳星期六下午有空嗎？我們一起去喝____，怎麼樣？,verified_v3_book_locked,ok,,1
custom-story-1785137028726,我們去喝下午茶,True,5,easy,2,5,下午茶,pos,What is the part of speech of 「下午茶」?,N,afternoon tea,xiàwǔchá,N,"[""Pron"", ""V"", ""Adj""]",妳星期六下午有空嗎？我們一起去喝下午茶，怎麼樣？,verified_v3_book_locked,ok,,1
custom-story-1785137028726,我們去喝下午茶,True,5,medium,2,5,下午茶,translation,Choose the best English meaning of 「下午茶」.,afternoon tea,afternoon tea,xiàwǔchá,N,"[""afternoon"", ""Youmei (person’s name)"", ""weekend""]",妳星期六下午有空嗎？我們一起去咖啡廳喝下午茶，怎麼樣？,verified_v3_book_locked,ok,,1
custom-story-1785137028726,我們去喝下午茶,True,5,medium,2,5,下午茶,reverse,Choose the Chinese word for “afternoon tea”.,下午茶,afternoon tea,xiàwǔchá,N,"[""週末"", ""友美"", ""下午"", ""下午茶""]",妳星期六下午有空嗎？我們一起去咖啡廳喝下午茶，怎麼樣？,verified_v3_book_locked,ok,,1
custom-story-1785137028726,我們去喝下午茶,True,5,medium,2,5,下午茶,listening,🔊 Listen and choose the word you hear.,下午茶,afternoon tea,xiàwǔchá,N,"[""週末"", ""下午"", ""下午茶"", ""友美""]",,verified_v3_book_locked,ok,,1
custom-story-1785137028726,我們去喝下午茶,True,5,medium,2,5,下午茶,pinyin,Choose the correct pinyin and tone pattern for 「下午茶」.,xiàwǔchá,afternoon tea,xiàwǔchá,N,"[""xiàwǔchǎ"", ""xiàwǔchā"", ""xiàwǔchá"", ""xiàwǔchà""]",妳星期六下午有空嗎？我們一起去咖啡廳喝下午茶，怎麼樣？,verified_v3_book_locked,ok,,1
custom-story-1785137028726,我們去喝下午茶,True,5,medium,2,5,下午茶,cloze,Choose the word that best completes the sentence.,下午茶,afternoon tea,xiàwǔchá,N,"[""家"", ""友美"", ""週末""]",妳星期六下午有空嗎？我們一起去咖啡廳喝____，怎麼樣？,verified_v3_book_locked,ok,,1
custom-story-1785137028726,我們去喝下午茶,True,5,medium,2,5,下午茶,pos,"In this sentence, what part of speech is 「下午茶」?",N,afternoon tea,xiàwǔchá,N,"[""Prep"", ""Pron"", ""Loc""]",妳星期六下午有空嗎？我們一起去咖啡廳喝下午茶，怎麼樣？,verified_v3_book_locked,ok,,1
custom-story-1785137028726,我們去喝下午茶,True,5,hard,2,5,下午茶,translation,"In 「如果妳星期六下午有空，我們一起去喝下午茶，怎麼樣？」, what does 「下午茶」 mean?",afternoon tea,afternoon tea,xiàwǔchá,N,"[""chocolate"", ""coffee"", ""juice""]",如果妳星期六下午有空，我們一起去喝下午茶，怎麼樣？,verified_v3_book_locked,ok,,1
custom-story-1785137028726,我們去喝下午茶,True,5,hard,2,5,下午茶,reverse,Which Chinese word best matches “afternoon tea” in this lesson context?,下午茶,afternoon tea,xiàwǔchá,N,"[""下午茶"", ""巧克力"", ""咖啡"", ""果汁""]",如果妳星期六下午有空，我們一起去喝下午茶，怎麼樣？,verified_v3_book_locked,ok,,1
custom-story-1785137028726,我們去喝下午茶,True,5,hard,2,5,下午茶,listening,🔊 Listen and choose the word you hear.,下午茶,afternoon tea,xiàwǔchá,N,"[""果汁"", ""巧克力"", ""下午茶"", ""咖啡""]",,verified_v3_book_locked,ok,,1
custom-story-1785137028726,我們去喝下午茶,True,5,hard,2,5,下午茶,pinyin,Which pinyin exactly matches the lexical tones of 「下午茶」?,xiàwǔchá,afternoon tea,xiàwǔchá,N,"[""xiàwǔchá"", ""xiàwǔchà"", ""xiàwǔchā"", ""xiàwǔchǎ""]",如果妳星期六下午有空，我們一起去喝下午茶，怎麼樣？,verified_v3_book_locked,ok,,1
custom-story-1785137028726,我們去喝下午茶,True,5,hard,2,5,下午茶,cloze,Choose the most contextually appropriate word for the blank.,下午茶,afternoon tea,xiàwǔchá,N,"[""下午"", ""星期六"", ""週末""]",如果妳星期六下午有空，我們一起去喝____，怎麼樣？,verified_v3_book_locked,ok,,1
custom-story-1785137028726,我們去喝下午茶,True,5,hard,2,5,下午茶,pos,Classify the grammatical category of 「下午茶」 as used in the sentence.,N,afternoon tea,xiàwǔchá,N,"[""Adv"", ""V"", ""Adj""]",如果妳星期六下午有空，我們一起去喝下午茶，怎麼樣？,verified_v3_book_locked,ok,,1
custom-story-1785137028726,我們去喝下午茶,True,5,easy,3,0,好啊,translation,好啊,okay / sure,okay / sure,hǎo a,DiscourseExpr,"[""what"", ""Youmei (person’s name)"", ""this weekend""]",好啊！你想去哪裡？,verified_v3_book_locked,ok,,1
custom-story-1785137028726,我們去喝下午茶,True,5,easy,3,0,好啊,reverse,okay / sure,好啊,okay / sure,hǎo a,DiscourseExpr,"[""什麼"", ""好啊"", ""友美"", ""這個週末""]",好啊！你想去哪裡？,verified_v3_book_locked,ok,,1
custom-story-1785137028726,我們去喝下午茶,True,5,easy,3,0,好啊,listening,🔊 Listen and choose the word you hear.,好啊,okay / sure,hǎo a,DiscourseExpr,"[""友美"", ""好啊"", ""什麼"", ""這個週末""]",,verified_v3_book_locked,ok,,1
custom-story-1785137028726,我們去喝下午茶,True,5,easy,3,0,好啊,pinyin,Choose the correct pinyin for 「好啊」.,hǎo a,okay / sure,hǎo a,DiscourseExpr,"[""hāo a"", ""hǎo a"", ""háo a"", ""hào a""]",好啊！你想去哪裡？,verified_v3_book_locked,ok,,1
custom-story-1785137028726,我們去喝下午茶,True,5,easy,3,0,好啊,cloze,Complete the sentence.,好啊,okay / sure,hǎo a,DiscourseExpr,"[""要"", ""做"", ""在""]",____！你想去哪裡？,verified_v3_book_locked,ok,,1
custom-story-1785137028726,我們去喝下午茶,True,5,medium,3,0,好啊,translation,Choose the best English meaning of 「好啊」.,okay / sure,okay / sure,hǎo a,DiscourseExpr,"[""really?"", ""no way?"", ""it’s okay / no problem""]",好啊！可是你想去哪裡？,verified_v3_book_locked,ok,,1
custom-story-1785137028726,我們去喝下午茶,True,5,medium,3,0,好啊,reverse,Choose the Chinese word for “okay / sure”.,好啊,okay / sure,hǎo a,DiscourseExpr,"[""好啊"", ""真的嗎"", ""不是吧"", ""沒關係""]",好啊！可是你想去哪裡？,verified_v3_book_locked,ok,,1
custom-story-1785137028726,我們去喝下午茶,True,5,medium,3,0,好啊,listening,🔊 Listen and choose the word you hear.,好啊,okay / sure,hǎo a,DiscourseExpr,"[""不是吧"", ""沒關係"", ""好啊"", ""真的嗎""]",,verified_v3_book_locked,ok,,1
custom-story-1785137028726,我們去喝下午茶,True,5,medium,3,0,好啊,pinyin,Choose the correct pinyin and tone pattern for 「好啊」.,hǎo a,okay / sure,hǎo a,DiscourseExpr,"[""háo a"", ""hǎo a"", ""hāo a"", ""hào a""]",好啊！可是你想去哪裡？,verified_v3_book_locked,ok,,1
custom-story-1785137028726,我們去喝下午茶,True,5,medium,3,0,好啊,cloze,Choose the word that best completes the sentence.,好啊,okay / sure,hǎo a,DiscourseExpr,"[""沒關係"", ""真的嗎"", ""不對""]",____！可是你想去哪裡？,verified_v3_book_locked,ok,,1
custom-story-1785137028726,我們去喝下午茶,True,5,hard,3,0,好啊,translation,"In 「好啊！我很久沒喝下午茶了，你想去哪裡？」, what does 「好啊」 mean?",okay / sure,okay / sure,hǎo a,DiscourseExpr,"[""really?"", ""it’s okay / no problem"", ""not right""]",好啊！我很久沒喝下午茶了，你想去哪裡？,verified_v3_book_locked,ok,,1
custom-story-1785137028726,我們去喝下午茶,True,5,hard,3,0,好啊,reverse,Which Chinese word best matches “okay / sure” in this lesson context?,好啊,okay / sure,hǎo a,DiscourseExpr,"[""真的嗎"", ""沒關係"", ""不對"", ""好啊""]",好啊！我很久沒喝下午茶了，你想去哪裡？,verified_v3_book_locked,ok,,1
custom-story-1785137028726,我們去喝下午茶,True,5,hard,3,0,好啊,listening,🔊 Listen and choose the word you hear.,好啊,okay / sure,hǎo a,DiscourseExpr,"[""好啊"", ""真的嗎"", ""沒關係"", ""不對""]",,verified_v3_book_locked,ok,,1
custom-story-1785137028726,我們去喝下午茶,True,5,hard,3,0,好啊,pinyin,Which pinyin exactly matches the lexical tones of 「好啊」?,hǎo a,okay / sure,hǎo a,DiscourseExpr,"[""hào a"", ""hǎo a"", ""hāo a"", ""háo a""]",好啊！我很久沒喝下午茶了，你想去哪裡？,verified_v3_book_locked,ok,,1
custom-story-1785137028726,我們去喝下午茶,True,5,hard,3,0,好啊,cloze,Choose the most contextually appropriate word for the blank.,好啊,okay / sure,hǎo a,DiscourseExpr,"[""不是吧"", ""沒關係"", ""真的嗎""]",____！我很久沒喝下午茶了，你想去哪裡？,verified_v3_book_locked,ok,,1
custom-story-1785137028726,我們去喝下午茶,True,5,easy,3,1,你,translation,你,you,you,nǐ,Pron,"[""this weekend"", ""what"", ""Youmei (person’s name)""]",好啊！你想去哪裡？,verified_v3_book_locked,ok,,1
custom-story-1785137028726,我們去喝下午茶,True,5,easy,3,1,你,reverse,you,你,you,nǐ,Pron,"[""友美"", ""這個週末"", ""什麼"", ""你""]",好啊！你想去哪裡？,verified_v3_book_locked,ok,,1
custom-story-1785137028726,我們去喝下午茶,True,5,easy,3,1,你,listening,🔊 Listen and choose the word you hear.,你,you,nǐ,Pron,"[""你"", ""這個週末"", ""友美"", ""什麼""]",,verified_v3_book_locked,ok,,1
custom-story-1785137028726,我們去喝下午茶,True,5,easy,3,1,你,pinyin,Choose the correct pinyin for 「你」.,nǐ,you,nǐ,Pron,"[""nǐ"", ""ní"", ""nì"", ""nī""]",好啊！你想去哪裡？,verified_v3_book_locked,ok,,1
custom-story-1785137028726,我們去喝下午茶,True,5,easy,3,1,你,cloze,Complete the sentence.,你,you,nǐ,Pron,"[""哪裡"", ""什麼"", ""我""]",好啊！____想去哪裡？,verified_v3_book_locked,ok,,1
custom-story-1785137028726,我們去喝下午茶,True,5,easy,3,1,你,pos,What is the part of speech of 「你」?,Pron,you,nǐ,Pron,"[""MW"", ""V"", ""N""]",好啊！你想去哪裡？,verified_v3_book_locked,ok,,1
custom-story-1785137028726,我們去喝下午茶,True,5,medium,3,1,你,translation,Choose the best English meaning of 「你」.,you,you,nǐ,Pron,"[""what"", ""where"", ""I""]",好啊！可是你想去哪裡？,verified_v3_book_locked,ok,,1
custom-story-1785137028726,我們去喝下午茶,True,5,medium,3,1,你,reverse,Choose the Chinese word for “you”.,你,you,nǐ,Pron,"[""什麼"", ""哪裡"", ""我"", ""你""]",好啊！可是你想去哪裡？,verified_v3_book_locked,ok,,1
custom-story-1785137028726,我們去喝下午茶,True,5,medium,3,1,你,listening,🔊 Listen and choose the word you hear.,你,you,nǐ,Pron,"[""什麼"", ""我"", ""你"", ""哪裡""]",,verified_v3_book_locked,ok,,1
custom-story-1785137028726,我們去喝下午茶,True,5,medium,3,1,你,pinyin,Choose the correct pinyin and tone pattern for 「你」.,nǐ,you,nǐ,Pron,"[""nì"", ""ní"", ""nī"", ""nǐ""]",好啊！可是你想去哪裡？,verified_v3_book_locked,ok,,1
custom-story-1785137028726,我們去喝下午茶,True,5,medium,3,1,你,cloze,Choose the word that best completes the sentence.,你,you,nǐ,Pron,"[""哪裡"", ""什麼"", ""我""]",好啊！可是____想去哪裡？,verified_v3_book_locked,ok,,1
custom-story-1785137028726,我們去喝下午茶,True,5,medium,3,1,你,pos,"In this sentence, what part of speech is 「你」?",Pron,you,nǐ,Pron,"[""Prep"", ""Adj"", ""Loc""]",好啊！可是你想去哪裡？,verified_v3_book_locked,ok,,1
custom-story-1785137028726,我們去喝下午茶,True,5,hard,3,1,你,translation,"In 「好啊！我很久沒喝下午茶了，你想去哪裡？」, what does 「你」 mean?",you,you,nǐ,Pron,"[""how many"", ""I"", ""who""]",好啊！我很久沒喝下午茶了，你想去哪裡？,verified_v3_book_locked,ok,,1
custom-story-1785137028726,我們去喝下午茶,True,5,hard,3,1,你,reverse,Which Chinese word best matches “you” in this lesson context?,你,you,nǐ,Pron,"[""多少"", ""我"", ""你"", ""誰""]",好啊！我很久沒喝下午茶了，你想去哪裡？,verified_v3_book_locked,ok,,1
custom-story-1785137028726,我們去喝下午茶,True,5,hard,3,1,你,listening,🔊 Listen and choose the word you hear.,你,you,nǐ,Pron,"[""我"", ""誰"", ""多少"", ""你""]",,verified_v3_book_locked,ok,,1
custom-story-1785137028726,我們去喝下午茶,True,5,hard,3,1,你,pinyin,Which pinyin exactly matches the lexical tones of 「你」?,nǐ,you,nǐ,Pron,"[""ní"", ""nī"", ""nǐ"", ""nì""]",好啊！我很久沒喝下午茶了，你想去哪裡？,verified_v3_book_locked,ok,,1
custom-story-1785137028726,我們去喝下午茶,True,5,hard,3,1,你,cloze,Choose the most contextually appropriate word for the blank.,你,you,nǐ,Pron,"[""哪裡"", ""我"", ""什麼""]",好啊！我很久沒喝下午茶了，____想去哪裡？,verified_v3_book_locked,ok,,1
custom-story-1785137028726,我們去喝下午茶,True,5,hard,3,1,你,pos,Classify the grammatical category of 「你」 as used in the sentence.,Pron,you,nǐ,Pron,"[""N"", ""MW"", ""Prep""]",好啊！我很久沒喝下午茶了，你想去哪裡？,verified_v3_book_locked,ok,,1
custom-story-1785137028726,我們去喝下午茶,True,5,easy,3,2,想,translation,想,to want,to want,xiǎng,V,"[""I"", ""at / in"", ""to want / need""]",好啊！你想去哪裡？,verified_v3_book_locked,ok,,1
custom-story-1785137028726,我們去喝下午茶,True,5,easy,3,2,想,reverse,to want,想,to want,xiǎng,V,"[""要"", ""在"", ""想"", ""我""]",好啊！你想去哪裡？,verified_v3_book_locked,ok,,1
custom-story-1785137028726,我們去喝下午茶,True,5,easy,3,2,想,listening,🔊 Listen and choose the word you hear.,想,to want,xiǎng,V,"[""要"", ""我"", ""在"", ""想""]",,verified_v3_book_locked,ok,,1
custom-story-1785137028726,我們去喝下午茶,True,5,easy,3,2,想,pinyin,Choose the correct pinyin for 「想」.,xiǎng,to want,xiǎng,V,"[""xiáng"", ""xiǎng"", ""xiàng"", ""xiāng""]",好啊！你想去哪裡？,verified_v3_book_locked,ok,,1
custom-story-1785137028726,我們去喝下午茶,True,5,easy,3,2,想,cloze,Complete the sentence.,想,to want,xiǎng,V,"[""幫"", ""有"", ""看書""]",好啊！你____去哪裡？,verified_v3_book_locked,ok,,1
custom-story-1785137028726,我們去喝下午茶,True,5,easy,3,2,想,pos,What is the part of speech of 「想」?,V,to want,xiǎng,V,"[""Quant"", ""Adv"", ""Loc""]",好啊！你想去哪裡？,verified_v3_book_locked,ok,,1
custom-story-1785137028726,我們去喝下午茶,True,5,easy,3,2,想,synonym,Which word or phrase is closest in meaning to 「想」?,想要,to want,xiǎng,V,"[""我"", ""要"", ""做""]",好啊！你想去哪裡？,verified_v3_book_locked,ok,,1
custom-story-1785137028726,我們去喝下午茶,True,5,medium,3,2,想,translation,Choose the best English meaning of 「想」.,to want,to want,xiǎng,V,"[""have"", ""to want / need"", ""to go""]",好啊！可是你想去哪裡？,verified_v3_book_locked,ok,,1
custom-story-1785137028726,我們去喝下午茶,True,5,medium,3,2,想,reverse,Choose the Chinese word for “to want”.,想,to want,xiǎng,V,"[""有"", ""要"", ""想"", ""去""]",好啊！可是你想去哪裡？,verified_v3_book_locked,ok,,1
custom-story-1785137028726,我們去喝下午茶,True,5,medium,3,2,想,listening,🔊 Listen and choose the word you hear.,想,to want,xiǎng,V,"[""要"", ""去"", ""有"", ""想""]",,verified_v3_book_locked,ok,,1
custom-story-1785137028726,我們去喝下午茶,True,5,medium,3,2,想,pinyin,Choose the correct pinyin and tone pattern for 「想」.,xiǎng,to want,xiǎng,V,"[""xiàng"", ""xiāng"", ""xiǎng"", ""xiáng""]",好啊！可是你想去哪裡？,verified_v3_book_locked,ok,,1
custom-story-1785137028726,我們去喝下午茶,True,5,medium,3,2,想,cloze,Choose the word that best completes the sentence.,想,to want,xiǎng,V,"[""去"", ""知道"", ""做""]",好啊！可是你____去哪裡？,verified_v3_book_locked,ok,,1
custom-story-1785137028726,我們去喝下午茶,True,5,medium,3,2,想,pos,"In this sentence, what part of speech is 「想」?",V,to want,xiǎng,V,"[""Quant"", ""Prep"", ""Adj""]",好啊！可是你想去哪裡？,verified_v3_book_locked,ok,,1
custom-story-1785137028726,我們去喝下午茶,True,5,medium,3,2,想,synonym,"In this lesson context, which expression is closest in meaning to 「想」?",想要,to want,xiǎng,V,"[""看書"", ""要"", ""聽音樂""]",好啊！可是你想去哪裡？,verified_v3_book_locked,ok,,1
custom-story-1785137028726,我們去喝下午茶,True,5,hard,3,2,想,translation,"In 「好啊！我很久沒喝下午茶了，你想去哪裡？」, what does 「想」 mean?",to want,to want,xiǎng,V,"[""to write"", ""help"", ""to study""]",好啊！我很久沒喝下午茶了，你想去哪裡？,verified_v3_book_locked,ok,,1
custom-story-1785137028726,我們去喝下午茶,True,5,hard,3,2,想,reverse,Which Chinese word best matches “to want” in this lesson context?,想,to want,xiǎng,V,"[""寫字"", ""學習"", ""幫"", ""想""]",好啊！我很久沒喝下午茶了，你想去哪裡？,verified_v3_book_locked,ok,,1
custom-story-1785137028726,我們去喝下午茶,True,5,hard,3,2,想,listening,🔊 Listen and choose the word you hear.,想,to want,xiǎng,V,"[""學習"", ""幫"", ""寫字"", ""想""]",,verified_v3_book_locked,ok,,1
custom-story-1785137028726,我們去喝下午茶,True,5,hard,3,2,想,pinyin,Which pinyin exactly matches the lexical tones of 「想」?,xiǎng,to want,xiǎng,V,"[""xiǎng"", ""xiàng"", ""xiáng"", ""xiāng""]",好啊！我很久沒喝下午茶了，你想去哪裡？,verified_v3_book_locked,ok,,1
custom-story-1785137028726,我們去喝下午茶,True,5,hard,3,2,想,cloze,Choose the most contextually appropriate word for the blank.,想,to want,xiǎng,V,"[""知道"", ""喝"", ""聽音樂""]",好啊！我很久沒喝下午茶了，你____去哪裡？,verified_v3_book_locked,ok,,1
custom-story-1785137028726,我們去喝下午茶,True,5,hard,3,2,想,pos,Classify the grammatical category of 「想」 as used in the sentence.,V,to want,xiǎng,V,"[""Adj"", ""N"", ""Adv""]",好啊！我很久沒喝下午茶了，你想去哪裡？,verified_v3_book_locked,ok,,1
custom-story-1785137028726,我們去喝下午茶,True,5,hard,3,2,想,synonym,Which expression can best replace 「想」 without changing the intended meaning?,想要,to want,xiǎng,V,"[""吃飯"", ""看書"", ""跑步""]",好啊！我很久沒喝下午茶了，你想去哪裡？,verified_v3_book_locked,ok,,1
custom-story-1785137028726,我們去喝下午茶,True,5,easy,3,3,去,translation,去,to go,to go,qù,V,"[""to do / make"", ""this weekend"", ""Youmei (person’s name)""]",好啊！你想去哪裡？,verified_v3_book_locked,ok,,1
custom-story-1785137028726,我們去喝下午茶,True,5,easy,3,3,去,reverse,to go,去,to go,qù,V,"[""這個週末"", ""友美"", ""做"", ""去""]",好啊！你想去哪裡？,verified_v3_book_locked,ok,,1
custom-story-1785137028726,我們去喝下午茶,True,5,easy,3,3,去,listening,🔊 Listen and choose the word you hear.,去,to go,qù,V,"[""友美"", ""做"", ""去"", ""這個週末""]",,verified_v3_book_locked,ok,,1
custom-story-1785137028726,我們去喝下午茶,True,5,easy,3,3,去,pinyin,Choose the correct pinyin for 「去」.,qù,to go,qù,V,"[""qū"", ""qú"", ""qù"", ""qǔ""]",好啊！你想去哪裡？,verified_v3_book_locked,ok,,1
custom-story-1785137028726,我們去喝下午茶,True,5,easy,3,3,去,cloze,Complete the sentence.,去,to go,qù,V,"[""幫"", ""知道"", ""喝""]",好啊！你想____哪裡？,verified_v3_book_locked,ok,,1
custom-story-1785137028726,我們去喝下午茶,True,5,easy,3,3,去,pos,What is the part of speech of 「去」?,V,to go,qù,V,"[""MW"", ""Adj"", ""Quant""]",好啊！你想去哪裡？,verified_v3_book_locked,ok,,1
custom-story-1785137028726,我們去喝下午茶,True,5,medium,3,3,去,translation,Choose the best English meaning of 「去」.,to go,to go,qù,V,"[""know"", ""to want / need"", ""drink""]",好啊！可是你想去哪裡？,verified_v3_book_locked,ok,,1
custom-story-1785137028726,我們去喝下午茶,True,5,medium,3,3,去,reverse,Choose the Chinese word for “to go”.,去,to go,qù,V,"[""要"", ""去"", ""知道"", ""喝""]",好啊！可是你想去哪裡？,verified_v3_book_locked,ok,,1
custom-story-1785137028726,我們去喝下午茶,True,5,medium,3,3,去,listening,🔊 Listen and choose the word you hear.,去,to go,qù,V,"[""要"", ""喝"", ""知道"", ""去""]",,verified_v3_book_locked,ok,,1
custom-story-1785137028726,我們去喝下午茶,True,5,medium,3,3,去,pinyin,Choose the correct pinyin and tone pattern for 「去」.,qù,to go,qù,V,"[""qū"", ""qú"", ""qù"", ""qǔ""]",好啊！可是你想去哪裡？,verified_v3_book_locked,ok,,1
custom-story-1785137028726,我們去喝下午茶,True,5,medium,3,3,去,cloze,Choose the word that best completes the sentence.,去,to go,qù,V,"[""喝"", ""聽音樂"", ""看書""]",好啊！可是你想____哪裡？,verified_v3_book_locked,ok,,1
custom-story-1785137028726,我們去喝下午茶,True,5,medium,3,3,去,pos,"In this sentence, what part of speech is 「去」?",V,to go,qù,V,"[""Pron"", ""Quant"", ""N""]",好啊！可是你想去哪裡？,verified_v3_book_locked,ok,,1
custom-story-1785137028726,我們去喝下午茶,True,5,hard,3,3,去,translation,"In 「好啊！我很久沒喝下午茶了，你想去哪裡？」, what does 「去」 mean?",to go,to go,qù,V,"[""like"", ""to listen to music"", ""drink""]",好啊！我很久沒喝下午茶了，你想去哪裡？,verified_v3_book_locked,ok,,1
custom-story-1785137028726,我們去喝下午茶,True,5,hard,3,3,去,reverse,Which Chinese word best matches “to go” in this lesson context?,去,to go,qù,V,"[""聽音樂"", ""喝"", ""去"", ""喜歡""]",好啊！我很久沒喝下午茶了，你想去哪裡？,verified_v3_book_locked,ok,,1
custom-story-1785137028726,我們去喝下午茶,True,5,hard,3,3,去,listening,🔊 Listen and choose the word you hear.,去,to go,qù,V,"[""去"", ""喜歡"", ""聽音樂"", ""喝""]",,verified_v3_book_locked,ok,,1
custom-story-1785137028726,我們去喝下午茶,True,5,hard,3,3,去,pinyin,Which pinyin exactly matches the lexical tones of 「去」?,qù,to go,qù,V,"[""qú"", ""qǔ"", ""qù"", ""qū""]",好啊！我很久沒喝下午茶了，你想去哪裡？,verified_v3_book_locked,ok,,1
custom-story-1785137028726,我們去喝下午茶,True,5,hard,3,3,去,cloze,Choose the most contextually appropriate word for the blank.,去,to go,qù,V,"[""聽音樂"", ""看書"", ""有""]",好啊！我很久沒喝下午茶了，你想____哪裡？,verified_v3_book_locked,ok,,1
custom-story-1785137028726,我們去喝下午茶,True,5,hard,3,3,去,pos,Classify the grammatical category of 「去」 as used in the sentence.,V,to go,qù,V,"[""N"", ""Adv"", ""MW""]",好啊！我很久沒喝下午茶了，你想去哪裡？,verified_v3_book_locked,ok,,1
custom-story-1785137028726,我們去喝下午茶,True,5,easy,3,4,哪裡,translation,哪裡,where,where,nǎlǐ,Pron,"[""I"", ""this weekend"", ""what""]",好啊！你想去哪裡？,verified_v3_book_locked,ok,,1
custom-story-1785137028726,我們去喝下午茶,True,5,easy,3,4,哪裡,reverse,where,哪裡,where,nǎlǐ,Pron,"[""我"", ""什麼"", ""哪裡"", ""這個週末""]",好啊！你想去哪裡？,verified_v3_book_locked,ok,,1
custom-story-1785137028726,我們去喝下午茶,True,5,easy,3,4,哪裡,listening,🔊 Listen and choose the word you hear.,哪裡,where,nǎlǐ,Pron,"[""哪裡"", ""這個週末"", ""我"", ""什麼""]",,verified_v3_book_locked,ok,,1
custom-story-1785137028726,我們去喝下午茶,True,5,easy,3,4,哪裡,pinyin,Choose the correct pinyin for 「哪裡」.,nǎlǐ,where,nǎlǐ,Pron,"[""nǎlī"", ""nǎlǐ"", ""nǎlì"", ""nǎlí""]",好啊！你想去哪裡？,verified_v3_book_locked,ok,,1
custom-story-1785137028726,我們去喝下午茶,True,5,easy,3,4,哪裡,cloze,Complete the sentence.,哪裡,where,nǎlǐ,Pron,"[""你"", ""什麼"", ""我""]",好啊！你想去____？,verified_v3_book_locked,ok,,1
custom-story-1785137028726,我們去喝下午茶,True,5,easy,3,4,哪裡,pos,What is the part of speech of 「哪裡」?,Pron,where,nǎlǐ,Pron,"[""Adv"", ""Loc"", ""MW""]",好啊！你想去哪裡？,verified_v3_book_locked,ok,,1
custom-story-1785137028726,我們去喝下午茶,True,5,medium,3,4,哪裡,translation,Choose the best English meaning of 「哪裡」.,where,where,nǎlǐ,Pron,"[""I"", ""what"", ""you""]",好啊！可是你想去哪裡？,verified_v3_book_locked,ok,,1
custom-story-1785137028726,我們去喝下午茶,True,5,medium,3,4,哪裡,reverse,Choose the Chinese word for “where”.,哪裡,where,nǎlǐ,Pron,"[""你"", ""我"", ""什麼"", ""哪裡""]",好啊！可是你想去哪裡？,verified_v3_book_locked,ok,,1
custom-story-1785137028726,我們去喝下午茶,True,5,medium,3,4,哪裡,listening,🔊 Listen and choose the word you hear.,哪裡,where,nǎlǐ,Pron,"[""我"", ""什麼"", ""你"", ""哪裡""]",,verified_v3_book_locked,ok,,1
custom-story-1785137028726,我們去喝下午茶,True,5,medium,3,4,哪裡,pinyin,Choose the correct pinyin and tone pattern for 「哪裡」.,nǎlǐ,where,nǎlǐ,Pron,"[""nǎlī"", ""nǎlì"", ""nǎlǐ"", ""nǎlí""]",好啊！可是你想去哪裡？,verified_v3_book_locked,ok,,1
custom-story-1785137028726,我們去喝下午茶,True,5,medium,3,4,哪裡,cloze,Choose the word that best completes the sentence.,哪裡,where,nǎlǐ,Pron,"[""你"", ""什麼"", ""我""]",好啊！可是你想去____？,verified_v3_book_locked,ok,,1
custom-story-1785137028726,我們去喝下午茶,True,5,medium,3,4,哪裡,pos,"In this sentence, what part of speech is 「哪裡」?",Pron,where,nǎlǐ,Pron,"[""Adj"", ""Loc"", ""N""]",好啊！可是你想去哪裡？,verified_v3_book_locked,ok,,1
custom-story-1785137028726,我們去喝下午茶,True,5,hard,3,4,哪裡,translation,"In 「好啊！我很久沒喝下午茶了，你想去哪裡？」, what does 「哪裡」 mean?",where,where,nǎlǐ,Pron,"[""what"", ""I"", ""how""]",好啊！我很久沒喝下午茶了，你想去哪裡？,verified_v3_book_locked,ok,,1
custom-story-1785137028726,我們去喝下午茶,True,5,hard,3,4,哪裡,reverse,Which Chinese word best matches “where” in this lesson context?,哪裡,where,nǎlǐ,Pron,"[""哪裡"", ""什麼"", ""我"", ""怎麼""]",好啊！我很久沒喝下午茶了，你想去哪裡？,verified_v3_book_locked,ok,,1
custom-story-1785137028726,我們去喝下午茶,True,5,hard,3,4,哪裡,listening,🔊 Listen and choose the word you hear.,哪裡,where,nǎlǐ,Pron,"[""什麼"", ""我"", ""哪裡"", ""怎麼""]",,verified_v3_book_locked,ok,,1
custom-story-1785137028726,我們去喝下午茶,True,5,hard,3,4,哪裡,pinyin,Which pinyin exactly matches the lexical tones of 「哪裡」?,nǎlǐ,where,nǎlǐ,Pron,"[""nǎlí"", ""nǎlǐ"", ""nǎlì"", ""nǎlī""]",好啊！我很久沒喝下午茶了，你想去哪裡？,verified_v3_book_locked,ok,,1
custom-story-1785137028726,我們去喝下午茶,True,5,hard,3,4,哪裡,cloze,Choose the most contextually appropriate word for the blank.,哪裡,where,nǎlǐ,Pron,"[""你"", ""什麼"", ""我""]",好啊！我很久沒喝下午茶了，你想去____？,verified_v3_book_locked,ok,,1
custom-story-1785137028726,我們去喝下午茶,True,5,hard,3,4,哪裡,pos,Classify the grammatical category of 「哪裡」 as used in the sentence.,Pron,where,nǎlǐ,Pron,"[""Quant"", ""Loc"", ""Adj""]",好啊！我很久沒喝下午茶了，你想去哪裡？,verified_v3_book_locked,ok,,1
custom-story-1785137028726,我們去喝下午茶,True,5,easy,4,0,知道,translation,知道,know,know,zhīdào,V,"[""what"", ""Youmei (person’s name)"", ""this weekend""]",我知道一家很不錯的咖啡廳，那裡的冰淇淋很好吃。,verified_v3_book_locked,ok,,1
custom-story-1785137028726,我們去喝下午茶,True,5,easy,4,0,知道,reverse,know,知道,know,zhīdào,V,"[""友美"", ""什麼"", ""這個週末"", ""知道""]",我知道一家很不錯的咖啡廳，那裡的冰淇淋很好吃。,verified_v3_book_locked,ok,,1
custom-story-1785137028726,我們去喝下午茶,True,5,easy,4,0,知道,listening,🔊 Listen and choose the word you hear.,知道,know,zhīdào,V,"[""什麼"", ""友美"", ""知道"", ""這個週末""]",,verified_v3_book_locked,ok,,1
custom-story-1785137028726,我們去喝下午茶,True,5,easy,4,0,知道,pinyin,Choose the correct pinyin for 「知道」.,zhīdào,know,zhīdào,V,"[""zhīdǎo"", ""zhīdāo"", ""zhīdào"", ""zhīdáo""]",我知道一家很不錯的咖啡廳，那裡的冰淇淋很好吃。,verified_v3_book_locked,ok,,1
custom-story-1785137028726,我們去喝下午茶,True,5,easy,4,0,知道,cloze,Complete the sentence.,知道,know,zhīdào,V,"[""喝"", ""聽音樂"", ""有""]",我____一家很不錯的咖啡廳，那裡的冰淇淋很好吃。,verified_v3_book_locked,ok,,1
custom-story-1785137028726,我們去喝下午茶,True,5,easy,4,0,知道,pos,What is the part of speech of 「知道」?,V,know,zhīdào,V,"[""Quant"", ""Loc"", ""Pron""]",我知道一家很不錯的咖啡廳，那裡的冰淇淋很好吃。,verified_v3_book_locked,ok,,1
custom-story-1785137028726,我們去喝下午茶,True,5,easy,4,0,知道,synonym,Which word or phrase is closest in meaning to 「知道」?,了解,know,zhīdào,V,"[""在"", ""週末"", ""這個週末""]",我知道一家很不錯的咖啡廳，那裡的冰淇淋很好吃。,verified_v3_book_locked,ok,,1
custom-story-1785137028726,我們去喝下午茶,True,5,medium,4,0,知道,translation,Choose the best English meaning of 「知道」.,know,know,zhīdào,V,"[""to listen to music"", ""have"", ""to want / need""]",我知道一家很不錯的咖啡廳，那裡的冰淇淋非常好吃。,verified_v3_book_locked,ok,,1
custom-story-1785137028726,我們去喝下午茶,True,5,medium,4,0,知道,reverse,Choose the Chinese word for “know”.,知道,know,zhīdào,V,"[""知道"", ""有"", ""聽音樂"", ""要""]",我知道一家很不錯的咖啡廳，那裡的冰淇淋非常好吃。,verified_v3_book_locked,ok,,1
custom-story-1785137028726,我們去喝下午茶,True,5,medium,4,0,知道,listening,🔊 Listen and choose the word you hear.,知道,know,zhīdào,V,"[""知道"", ""聽音樂"", ""要"", ""有""]",,verified_v3_book_locked,ok,,1
custom-story-1785137028726,我們去喝下午茶,True,5,medium,4,0,知道,pinyin,Choose the correct pinyin and tone pattern for 「知道」.,zhīdào,know,zhīdào,V,"[""zhīdāo"", ""zhīdǎo"", ""zhīdào"", ""zhīdáo""]",我知道一家很不錯的咖啡廳，那裡的冰淇淋非常好吃。,verified_v3_book_locked,ok,,1
custom-story-1785137028726,我們去喝下午茶,True,5,medium,4,0,知道,cloze,Choose the word that best completes the sentence.,知道,know,zhīdào,V,"[""看書"", ""去"", ""喝""]",我____一家很不錯的咖啡廳，那裡的冰淇淋非常好吃。,verified_v3_book_locked,ok,,1
custom-story-1785137028726,我們去喝下午茶,True,5,medium,4,0,知道,pos,"In this sentence, what part of speech is 「知道」?",V,know,zhīdào,V,"[""N"", ""Adv"", ""MW""]",我知道一家很不錯的咖啡廳，那裡的冰淇淋非常好吃。,verified_v3_book_locked,ok,,1
custom-story-1785137028726,我們去喝下午茶,True,5,medium,4,0,知道,synonym,"In this lesson context, which expression is closest in meaning to 「知道」?",了解,know,zhīdào,V,"[""喝"", ""做"", ""去""]",我知道一家很不錯的咖啡廳，那裡的冰淇淋非常好吃。,verified_v3_book_locked,ok,,1
custom-story-1785137028726,我們去喝下午茶,True,5,hard,4,0,知道,translation,"In 「我知道一家很不錯的咖啡廳，我以前去過，那裡的冰淇淋比別家的好吃。」, what does 「知道」 mean?",know,know,zhīdào,V,"[""to eat"", ""to listen to music"", ""to study""]",我知道一家很不錯的咖啡廳，我以前去過，那裡的冰淇淋比別家的好吃。,verified_v3_book_locked,ok,,1
custom-story-1785137028726,我們去喝下午茶,True,5,hard,4,0,知道,reverse,Which Chinese word best matches “know” in this lesson context?,知道,know,zhīdào,V,"[""知道"", ""聽音樂"", ""學習"", ""吃飯""]",我知道一家很不錯的咖啡廳，我以前去過，那裡的冰淇淋比別家的好吃。,verified_v3_book_locked,ok,,1
custom-story-1785137028726,我們去喝下午茶,True,5,hard,4,0,知道,listening,🔊 Listen and choose the word you hear.,知道,know,zhīdào,V,"[""知道"", ""聽音樂"", ""吃飯"", ""學習""]",,verified_v3_book_locked,ok,,1
custom-story-1785137028726,我們去喝下午茶,True,5,hard,4,0,知道,pinyin,Which pinyin exactly matches the lexical tones of 「知道」?,zhīdào,know,zhīdào,V,"[""zhīdāo"", ""zhīdǎo"", ""zhīdáo"", ""zhīdào""]",我知道一家很不錯的咖啡廳，我以前去過，那裡的冰淇淋比別家的好吃。,verified_v3_book_locked,ok,,1
custom-story-1785137028726,我們去喝下午茶,True,5,hard,4,0,知道,cloze,Choose the most contextually appropriate word for the blank.,知道,know,zhīdào,V,"[""做"", ""想"", ""做飯""]",我____一家很不錯的咖啡廳，我以前去過，那裡的冰淇淋比別家的好吃。,verified_v3_book_locked,ok,,1
custom-story-1785137028726,我們去喝下午茶,True,5,hard,4,0,知道,pos,Classify the grammatical category of 「知道」 as used in the sentence.,V,know,zhīdào,V,"[""Quant"", ""Loc"", ""MW""]",我知道一家很不錯的咖啡廳，我以前去過，那裡的冰淇淋比別家的好吃。,verified_v3_book_locked,ok,,1
custom-story-1785137028726,我們去喝下午茶,True,5,hard,4,0,知道,synonym,Which expression can best replace 「知道」 without changing the intended meaning?,了解,know,zhīdào,V,"[""喜歡"", ""曬太陽"", ""有""]",我知道一家很不錯的咖啡廳，我以前去過，那裡的冰淇淋比別家的好吃。,verified_v3_book_locked,ok,,1
custom-story-1785137028726,我們去喝下午茶,True,5,easy,4,1,咖啡廳,translation,咖啡廳,cafe,cafe,kāfēitīng,N,"[""at / in"", ""to want / need"", ""I""]",我知道一家很不錯的咖啡廳，那裡的冰淇淋很好吃。,verified_v3_book_locked,ok,,1
custom-story-1785137028726,我們去喝下午茶,True,5,easy,4,1,咖啡廳,reverse,cafe,咖啡廳,cafe,kāfēitīng,N,"[""咖啡廳"", ""在"", ""我"", ""要""]",我知道一家很不錯的咖啡廳，那裡的冰淇淋很好吃。,verified_v3_book_locked,ok,,1
custom-story-1785137028726,我們去喝下午茶,True,5,easy,4,1,咖啡廳,listening,🔊 Listen and choose the word you hear.,咖啡廳,cafe,kāfēitīng,N,"[""要"", ""我"", ""在"", ""咖啡廳""]",,verified_v3_book_locked,ok,,1
custom-story-1785137028726,我們去喝下午茶,True,5,easy,4,1,咖啡廳,pinyin,Choose the correct pinyin for 「咖啡廳」.,kāfēitīng,cafe,kāfēitīng,N,"[""kāfēitīng"", ""kāfēitìng"", ""kāfēitíng"", ""kāfēitǐng""]",我知道一家很不錯的咖啡廳，那裡的冰淇淋很好吃。,verified_v3_book_locked,ok,,1
custom-story-1785137028726,我們去喝下午茶,True,5,easy,4,1,咖啡廳,cloze,Complete the sentence.,咖啡廳,cafe,kāfēitīng,N,"[""下午"", ""週末"", ""媽""]",我知道一家很不錯的____，那裡的冰淇淋很好吃。,verified_v3_book_locked,ok,,1
custom-story-1785137028726,我們去喝下午茶,True,5,easy,4,1,咖啡廳,pos,What is the part of speech of 「咖啡廳」?,N,cafe,kāfēitīng,N,"[""Quant"", ""Pron"", ""V""]",我知道一家很不錯的咖啡廳，那裡的冰淇淋很好吃。,verified_v3_book_locked,ok,,1
custom-story-1785137028726,我們去喝下午茶,True,5,medium,4,1,咖啡廳,translation,Choose the best English meaning of 「咖啡廳」.,cafe,cafe,kāfēitīng,N,"[""afternoon tea"", ""home"", ""weekend""]",我知道一家很不錯的咖啡廳，那裡的冰淇淋非常好吃。,verified_v3_book_locked,ok,,1
custom-story-1785137028726,我們去喝下午茶,True,5,medium,4,1,咖啡廳,reverse,Choose the Chinese word for “cafe”.,咖啡廳,cafe,kāfēitīng,N,"[""下午茶"", ""家"", ""咖啡廳"", ""週末""]",我知道一家很不錯的咖啡廳，那裡的冰淇淋非常好吃。,verified_v3_book_locked,ok,,1
custom-story-1785137028726,我們去喝下午茶,True,5,medium,4,1,咖啡廳,listening,🔊 Listen and choose the word you hear.,咖啡廳,cafe,kāfēitīng,N,"[""週末"", ""咖啡廳"", ""下午茶"", ""家""]",,verified_v3_book_locked,ok,,1
custom-story-1785137028726,我們去喝下午茶,True,5,medium,4,1,咖啡廳,pinyin,Choose the correct pinyin and tone pattern for 「咖啡廳」.,kāfēitīng,cafe,kāfēitīng,N,"[""kāfēitìng"", ""kāfēitīng"", ""kāfēitǐng"", ""kāfēitíng""]",我知道一家很不錯的咖啡廳，那裡的冰淇淋非常好吃。,verified_v3_book_locked,ok,,1
custom-story-1785137028726,我們去喝下午茶,True,5,medium,4,1,咖啡廳,cloze,Choose the word that best completes the sentence.,咖啡廳,cafe,kāfēitīng,N,"[""下午"", ""巧克力"", ""下午茶""]",我知道一家很不錯的____，那裡的冰淇淋非常好吃。,verified_v3_book_locked,ok,,1
custom-story-1785137028726,我們去喝下午茶,True,5,medium,4,1,咖啡廳,pos,"In this sentence, what part of speech is 「咖啡廳」?",N,cafe,kāfēitīng,N,"[""Adv"", ""V"", ""MW""]",我知道一家很不錯的咖啡廳，那裡的冰淇淋非常好吃。,verified_v3_book_locked,ok,,1
custom-story-1785137028726,我們去喝下午茶,True,5,hard,4,1,咖啡廳,translation,"In 「我知道一家很不錯的咖啡廳，我以前去過，那裡的冰淇淋比別家的好吃。」, what does 「咖啡廳」 mean?",cafe,cafe,kāfēitīng,N,"[""room"", ""airport"", ""restaurant""]",我知道一家很不錯的咖啡廳，我以前去過，那裡的冰淇淋比別家的好吃。,verified_v3_book_locked,ok,,1
custom-story-1785137028726,我們去喝下午茶,True,5,hard,4,1,咖啡廳,reverse,Which Chinese word best matches “cafe” in this lesson context?,咖啡廳,cafe,kāfēitīng,N,"[""餐廳"", ""咖啡廳"", ""機場"", ""房間""]",我知道一家很不錯的咖啡廳，我以前去過，那裡的冰淇淋比別家的好吃。,verified_v3_book_locked,ok,,1
custom-story-1785137028726,我們去喝下午茶,True,5,hard,4,1,咖啡廳,listening,🔊 Listen and choose the word you hear.,咖啡廳,cafe,kāfēitīng,N,"[""房間"", ""機場"", ""咖啡廳"", ""餐廳""]",,verified_v3_book_locked,ok,,1
custom-story-1785137028726,我們去喝下午茶,True,5,hard,4,1,咖啡廳,pinyin,Which pinyin exactly matches the lexical tones of 「咖啡廳」?,kāfēitīng,cafe,kāfēitīng,N,"[""kāfēitǐng"", ""kāfēitíng"", ""kāfēitìng"", ""kāfēitīng""]",我知道一家很不錯的咖啡廳，我以前去過，那裡的冰淇淋比別家的好吃。,verified_v3_book_locked,ok,,1
custom-story-1785137028726,我們去喝下午茶,True,5,hard,4,1,咖啡廳,cloze,Choose the most contextually appropriate word for the blank.,咖啡廳,cafe,kāfēitīng,N,"[""錢包"", ""星期六"", ""下午茶""]",我知道一家很不錯的____，我以前去過，那裡的冰淇淋比別家的好吃。,verified_v3_book_locked,ok,,1
custom-story-1785137028726,我們去喝下午茶,True,5,hard,4,1,咖啡廳,pos,Classify the grammatical category of 「咖啡廳」 as used in the sentence.,N,cafe,kāfēitīng,N,"[""V"", ""Prep"", ""Adv""]",我知道一家很不錯的咖啡廳，我以前去過，那裡的冰淇淋比別家的好吃。,verified_v3_book_locked,ok,,1
custom-story-1785137028726,我們去喝下午茶,True,5,easy,4,2,冰淇淋,translation,冰淇淋,ice cream,ice cream,bīngqílín,N,"[""at / in"", ""to do / make"", ""this weekend""]",我知道一家很不錯的咖啡廳，那裡的冰淇淋很好吃。,verified_v3_book_locked,ok,,1
custom-story-1785137028726,我們去喝下午茶,True,5,easy,4,2,冰淇淋,reverse,ice cream,冰淇淋,ice cream,bīngqílín,N,"[""做"", ""冰淇淋"", ""在"", ""這個週末""]",我知道一家很不錯的咖啡廳，那裡的冰淇淋很好吃。,verified_v3_book_locked,ok,,1
custom-story-1785137028726,我們去喝下午茶,True,5,easy,4,2,冰淇淋,listening,🔊 Listen and choose the word you hear.,冰淇淋,ice cream,bīngqílín,N,"[""這個週末"", ""冰淇淋"", ""在"", ""做""]",,verified_v3_book_locked,ok,,1
custom-story-1785137028726,我們去喝下午茶,True,5,easy,4,2,冰淇淋,pinyin,Choose the correct pinyin for 「冰淇淋」.,bīngqílín,ice cream,bīngqílín,N,"[""bīngqílín"", ""bīngqílīn"", ""bīngqílǐn"", ""bīngqílìn""]",我知道一家很不錯的咖啡廳，那裡的冰淇淋很好吃。,verified_v3_book_locked,ok,,1
custom-story-1785137028726,我們去喝下午茶,True,5,easy,4,2,冰淇淋,cloze,Complete the sentence.,冰淇淋,ice cream,bīngqílín,N,"[""媽"", ""週末"", ""下午茶""]",我知道一家很不錯的咖啡廳，那裡的____很好吃。,verified_v3_book_locked,ok,,1
custom-story-1785137028726,我們去喝下午茶,True,5,easy,4,2,冰淇淋,pos,What is the part of speech of 「冰淇淋」?,N,ice cream,bīngqílín,N,"[""Adv"", ""MW"", ""Prep""]",我知道一家很不錯的咖啡廳，那裡的冰淇淋很好吃。,verified_v3_book_locked,ok,,1
custom-story-1785137028726,我們去喝下午茶,True,5,medium,4,2,冰淇淋,translation,Choose the best English meaning of 「冰淇淋」.,ice cream,ice cream,bīngqílín,N,"[""home"", ""chocolate"", ""afternoon tea""]",我知道一家很不錯的咖啡廳，那裡的冰淇淋非常好吃。,verified_v3_book_locked,ok,,1
custom-story-1785137028726,我們去喝下午茶,True,5,medium,4,2,冰淇淋,reverse,Choose the Chinese word for “ice cream”.,冰淇淋,ice cream,bīngqílín,N,"[""巧克力"", ""冰淇淋"", ""家"", ""下午茶""]",我知道一家很不錯的咖啡廳，那裡的冰淇淋非常好吃。,verified_v3_book_locked,ok,,1
custom-story-1785137028726,我們去喝下午茶,True,5,medium,4,2,冰淇淋,listening,🔊 Listen and choose the word you hear.,冰淇淋,ice cream,bīngqílín,N,"[""下午茶"", ""冰淇淋"", ""巧克力"", ""家""]",,verified_v3_book_locked,ok,,1
custom-story-1785137028726,我們去喝下午茶,True,5,medium,4,2,冰淇淋,pinyin,Choose the correct pinyin and tone pattern for 「冰淇淋」.,bīngqílín,ice cream,bīngqílín,N,"[""bīngqílīn"", ""bīngqílìn"", ""bīngqílín"", ""bīngqílǐn""]",我知道一家很不錯的咖啡廳，那裡的冰淇淋非常好吃。,verified_v3_book_locked,ok,,1
custom-story-1785137028726,我們去喝下午茶,True,5,medium,4,2,冰淇淋,cloze,Choose the word that best completes the sentence.,冰淇淋,ice cream,bīngqílín,N,"[""週末"", ""友美"", ""咖啡廳""]",我知道一家很不錯的咖啡廳，那裡的____非常好吃。,verified_v3_book_locked,ok,,1
custom-story-1785137028726,我們去喝下午茶,True,5,medium,4,2,冰淇淋,pos,"In this sentence, what part of speech is 「冰淇淋」?",N,ice cream,bīngqílín,N,"[""Loc"", ""Adv"", ""V""]",我知道一家很不錯的咖啡廳，那裡的冰淇淋非常好吃。,verified_v3_book_locked,ok,,1
custom-story-1785137028726,我們去喝下午茶,True,5,hard,4,2,冰淇淋,translation,"In 「我知道一家很不錯的咖啡廳，我以前去過，那裡的冰淇淋比別家的好吃。」, what does 「冰淇淋」 mean?",ice cream,ice cream,bīngqílín,N,"[""milk"", ""coffee"", ""afternoon tea""]",我知道一家很不錯的咖啡廳，我以前去過，那裡的冰淇淋比別家的好吃。,verified_v3_book_locked,ok,,1
custom-story-1785137028726,我們去喝下午茶,True,5,hard,4,2,冰淇淋,reverse,Which Chinese word best matches “ice cream” in this lesson context?,冰淇淋,ice cream,bīngqílín,N,"[""下午茶"", ""冰淇淋"", ""牛奶"", ""咖啡""]",我知道一家很不錯的咖啡廳，我以前去過，那裡的冰淇淋比別家的好吃。,verified_v3_book_locked,ok,,1
custom-story-1785137028726,我們去喝下午茶,True,5,hard,4,2,冰淇淋,listening,🔊 Listen and choose the word you hear.,冰淇淋,ice cream,bīngqílín,N,"[""咖啡"", ""下午茶"", ""牛奶"", ""冰淇淋""]",,verified_v3_book_locked,ok,,1
custom-story-1785137028726,我們去喝下午茶,True,5,hard,4,2,冰淇淋,pinyin,Which pinyin exactly matches the lexical tones of 「冰淇淋」?,bīngqílín,ice cream,bīngqílín,N,"[""bīngqílín"", ""bīngqílìn"", ""bīngqílǐn"", ""bīngqílīn""]",我知道一家很不錯的咖啡廳，我以前去過，那裡的冰淇淋比別家的好吃。,verified_v3_book_locked,ok,,1
custom-story-1785137028726,我們去喝下午茶,True,5,hard,4,2,冰淇淋,cloze,Choose the most contextually appropriate word for the blank.,冰淇淋,ice cream,bīngqílín,N,"[""媽"", ""客廳"", ""友美""]",我知道一家很不錯的咖啡廳，我以前去過，那裡的____比別家的好吃。,verified_v3_book_locked,ok,,1
custom-story-1785137028726,我們去喝下午茶,True,5,hard,4,2,冰淇淋,pos,Classify the grammatical category of 「冰淇淋」 as used in the sentence.,N,ice cream,bīngqílín,N,"[""Adj"", ""Quant"", ""Pron""]",我知道一家很不錯的咖啡廳，我以前去過，那裡的冰淇淋比別家的好吃。,verified_v3_book_locked,ok,,1
custom-story-1785137028726,我們去喝下午茶,True,5,easy,4,3,好吃,translation,好吃,delicious,delicious,hǎochī,Adj,"[""at / in"", ""what"", ""to do / make""]",我知道一家很不錯的咖啡廳，那裡的冰淇淋很好吃。,verified_v3_book_locked,ok,,1
custom-story-1785137028726,我們去喝下午茶,True,5,easy,4,3,好吃,reverse,delicious,好吃,delicious,hǎochī,Adj,"[""做"", ""在"", ""好吃"", ""什麼""]",我知道一家很不錯的咖啡廳，那裡的冰淇淋很好吃。,verified_v3_book_locked,ok,,1
custom-story-1785137028726,我們去喝下午茶,True,5,easy,4,3,好吃,listening,🔊 Listen and choose the word you hear.,好吃,delicious,hǎochī,Adj,"[""好吃"", ""做"", ""什麼"", ""在""]",,verified_v3_book_locked,ok,,1
custom-story-1785137028726,我們去喝下午茶,True,5,easy,4,3,好吃,pinyin,Choose the correct pinyin for 「好吃」.,hǎochī,delicious,hǎochī,Adj,"[""hǎochī"", ""hǎochí"", ""hǎochǐ"", ""hǎochì""]",我知道一家很不錯的咖啡廳，那裡的冰淇淋很好吃。,verified_v3_book_locked,ok,,1
custom-story-1785137028726,我們去喝下午茶,True,5,easy,4,3,好吃,cloze,Complete the sentence.,好吃,delicious,hǎochī,Adj,"[""舒服"", ""方便"", ""漂亮""]",我知道一家很不錯的咖啡廳，那裡的冰淇淋很____。,verified_v3_book_locked,ok,,1
custom-story-1785137028726,我們去喝下午茶,True,5,easy,4,3,好吃,pos,What is the part of speech of 「好吃」?,Adj,delicious,hǎochī,Adj,"[""Pron"", ""N"", ""Quant""]",我知道一家很不錯的咖啡廳，那裡的冰淇淋很好吃。,verified_v3_book_locked,ok,,1
custom-story-1785137028726,我們去喝下午茶,True,5,easy,4,3,好吃,synonym,Which word or phrase is closest in meaning to 「好吃」?,美味,delicious,hǎochī,Adj,"[""做"", ""什麼"", ""友美""]",我知道一家很不錯的咖啡廳，那裡的冰淇淋很好吃。,verified_v3_book_locked,ok,,1
custom-story-1785137028726,我們去喝下午茶,True,5,medium,4,3,好吃,translation,Choose the best English meaning of 「好吃」.,delicious,delicious,hǎochī,Adj,"[""convenient"", ""new"", ""beautiful""]",我知道一家很不錯的咖啡廳，那裡的冰淇淋非常好吃。,verified_v3_book_locked,ok,,1
custom-story-1785137028726,我們去喝下午茶,True,5,medium,4,3,好吃,reverse,Choose the Chinese word for “delicious”.,好吃,delicious,hǎochī,Adj,"[""新的"", ""漂亮"", ""好吃"", ""方便""]",我知道一家很不錯的咖啡廳，那裡的冰淇淋非常好吃。,verified_v3_book_locked,ok,,1
custom-story-1785137028726,我們去喝下午茶,True,5,medium,4,3,好吃,listening,🔊 Listen and choose the word you hear.,好吃,delicious,hǎochī,Adj,"[""方便"", ""新的"", ""好吃"", ""漂亮""]",,verified_v3_book_locked,ok,,1
custom-story-1785137028726,我們去喝下午茶,True,5,medium,4,3,好吃,pinyin,Choose the correct pinyin and tone pattern for 「好吃」.,hǎochī,delicious,hǎochī,Adj,"[""hǎochì"", ""hǎochī"", ""hǎochí"", ""hǎochǐ""]",我知道一家很不錯的咖啡廳，那裡的冰淇淋非常好吃。,verified_v3_book_locked,ok,,1
custom-story-1785137028726,我們去喝下午茶,True,5,medium,4,3,好吃,cloze,Choose the word that best completes the sentence.,好吃,delicious,hǎochī,Adj,"[""忙"", ""大"", ""好""]",我知道一家很不錯的咖啡廳，那裡的冰淇淋非常____。,verified_v3_book_locked,ok,,1
custom-story-1785137028726,我們去喝下午茶,True,5,medium,4,3,好吃,pos,"In this sentence, what part of speech is 「好吃」?",Adj,delicious,hǎochī,Adj,"[""Prep"", ""MW"", ""Pron""]",我知道一家很不錯的咖啡廳，那裡的冰淇淋非常好吃。,verified_v3_book_locked,ok,,1
custom-story-1785137028726,我們去喝下午茶,True,5,medium,4,3,好吃,synonym,"In this lesson context, which expression is closest in meaning to 「好吃」?",美味,delicious,hǎochī,Adj,"[""方便"", ""忙"", ""有趣""]",我知道一家很不錯的咖啡廳，那裡的冰淇淋非常好吃。,verified_v3_book_locked,ok,,1
custom-story-1785137028726,我們去喝下午茶,True,5,hard,4,3,好吃,translation,"In 「我知道一家很不錯的咖啡廳，我以前去過，那裡的冰淇淋比別家的好吃。」, what does 「好吃」 mean?",delicious,delicious,hǎochī,Adj,"[""popular"", ""cheap"", ""quiet""]",我知道一家很不錯的咖啡廳，我以前去過，那裡的冰淇淋比別家的好吃。,verified_v3_book_locked,ok,,1
custom-story-1785137028726,我們去喝下午茶,True,5,hard,4,3,好吃,reverse,Which Chinese word best matches “delicious” in this lesson context?,好吃,delicious,hǎochī,Adj,"[""流行"", ""安靜"", ""好吃"", ""便宜""]",我知道一家很不錯的咖啡廳，我以前去過，那裡的冰淇淋比別家的好吃。,verified_v3_book_locked,ok,,1
custom-story-1785137028726,我們去喝下午茶,True,5,hard,4,3,好吃,listening,🔊 Listen and choose the word you hear.,好吃,delicious,hǎochī,Adj,"[""便宜"", ""安靜"", ""好吃"", ""流行""]",,verified_v3_book_locked,ok,,1
custom-story-1785137028726,我們去喝下午茶,True,5,hard,4,3,好吃,pinyin,Which pinyin exactly matches the lexical tones of 「好吃」?,hǎochī,delicious,hǎochī,Adj,"[""hǎochí"", ""hǎochǐ"", ""hǎochī"", ""hǎochì""]",我知道一家很不錯的咖啡廳，我以前去過，那裡的冰淇淋比別家的好吃。,verified_v3_book_locked,ok,,1
custom-story-1785137028726,我們去喝下午茶,True,5,hard,4,3,好吃,cloze,Choose the most contextually appropriate word for the blank.,好吃,delicious,hǎochī,Adj,"[""忙"", ""流行"", ""舒服""]",我知道一家很不錯的咖啡廳，我以前去過，那裡的冰淇淋比別家的____。,verified_v3_book_locked,ok,,1
custom-story-1785137028726,我們去喝下午茶,True,5,hard,4,3,好吃,pos,Classify the grammatical category of 「好吃」 as used in the sentence.,Adj,delicious,hǎochī,Adj,"[""Prep"", ""Adv"", ""Loc""]",我知道一家很不錯的咖啡廳，我以前去過，那裡的冰淇淋比別家的好吃。,verified_v3_book_locked,ok,,1
custom-story-1785137028726,我們去喝下午茶,True,5,hard,4,3,好吃,synonym,Which expression can best replace 「好吃」 without changing the intended meaning?,美味,delicious,hǎochī,Adj,"[""新的"", ""年輕"", ""困難""]",我知道一家很不錯的咖啡廳，我以前去過，那裡的冰淇淋比別家的好吃。,verified_v3_book_locked,ok,,1
custom-story-1785137028726,我們去喝下午茶,True,5,easy,5,0,巧克力,translation,巧克力,chocolate,chocolate,qiǎokèlì,N,"[""to want / need"", ""to do / make"", ""at / in""]",他們有巧克力冰淇淋嗎？,verified_v3_book_locked,ok,,1
custom-story-1785137028726,我們去喝下午茶,True,5,easy,5,0,巧克力,reverse,chocolate,巧克力,chocolate,qiǎokèlì,N,"[""做"", ""巧克力"", ""要"", ""在""]",他們有巧克力冰淇淋嗎？,verified_v3_book_locked,ok,,1
custom-story-1785137028726,我們去喝下午茶,True,5,easy,5,0,巧克力,listening,🔊 Listen and choose the word you hear.,巧克力,chocolate,qiǎokèlì,N,"[""巧克力"", ""做"", ""要"", ""在""]",,verified_v3_book_locked,ok,,1
custom-story-1785137028726,我們去喝下午茶,True,5,easy,5,0,巧克力,pinyin,Choose the correct pinyin for 「巧克力」.,qiǎokèlì,chocolate,qiǎokèlì,N,"[""qiǎokèlǐ"", ""qiǎokèlì"", ""qiǎokèlī"", ""qiǎokèlí""]",他們有巧克力冰淇淋嗎？,verified_v3_book_locked,ok,,1
custom-story-1785137028726,我們去喝下午茶,True,5,easy,5,0,巧克力,cloze,Complete the sentence.,巧克力,chocolate,qiǎokèlì,N,"[""週末"", ""星期六"", ""家""]",他們有____冰淇淋嗎？,verified_v3_book_locked,ok,,1
custom-story-1785137028726,我們去喝下午茶,True,5,easy,5,0,巧克力,pos,What is the part of speech of 「巧克力」?,N,chocolate,qiǎokèlì,N,"[""Adv"", ""MW"", ""Quant""]",他們有巧克力冰淇淋嗎？,verified_v3_book_locked,ok,,1
custom-story-1785137028726,我們去喝下午茶,True,5,medium,5,0,巧克力,translation,Choose the best English meaning of 「巧克力」.,chocolate,chocolate,qiǎokèlì,N,"[""afternoon tea"", ""ice cream"", ""weekend""]",真的嗎？他們有巧克力冰淇淋嗎？,verified_v3_book_locked,ok,,1
custom-story-1785137028726,我們去喝下午茶,True,5,medium,5,0,巧克力,reverse,Choose the Chinese word for “chocolate”.,巧克力,chocolate,qiǎokèlì,N,"[""下午茶"", ""巧克力"", ""冰淇淋"", ""週末""]",真的嗎？他們有巧克力冰淇淋嗎？,verified_v3_book_locked,ok,,1
custom-story-1785137028726,我們去喝下午茶,True,5,medium,5,0,巧克力,listening,🔊 Listen and choose the word you hear.,巧克力,chocolate,qiǎokèlì,N,"[""冰淇淋"", ""巧克力"", ""週末"", ""下午茶""]",,verified_v3_book_locked,ok,,1
custom-story-1785137028726,我們去喝下午茶,True,5,medium,5,0,巧克力,pinyin,Choose the correct pinyin and tone pattern for 「巧克力」.,qiǎokèlì,chocolate,qiǎokèlì,N,"[""qiǎokèlǐ"", ""qiǎokèlí"", ""qiǎokèlì"", ""qiǎokèlī""]",真的嗎？他們有巧克力冰淇淋嗎？,verified_v3_book_locked,ok,,1
custom-story-1785137028726,我們去喝下午茶,True,5,medium,5,0,巧克力,cloze,Choose the word that best completes the sentence.,巧克力,chocolate,qiǎokèlì,N,"[""冰淇淋"", ""錢包"", ""下午""]",真的嗎？他們有____冰淇淋嗎？,verified_v3_book_locked,ok,,1
custom-story-1785137028726,我們去喝下午茶,True,5,medium,5,0,巧克力,pos,"In this sentence, what part of speech is 「巧克力」?",N,chocolate,qiǎokèlì,N,"[""Loc"", ""Quant"", ""Pron""]",真的嗎？他們有巧克力冰淇淋嗎？,verified_v3_book_locked,ok,,1
custom-story-1785137028726,我們去喝下午茶,True,5,hard,5,0,巧克力,translation,"In 「真的嗎？他們有沒有巧克力冰淇淋？」, what does 「巧克力」 mean?",chocolate,chocolate,qiǎokèlì,N,"[""cake"", ""juice"", ""ice cream""]",真的嗎？他們有沒有巧克力冰淇淋？,verified_v3_book_locked,ok,,1
custom-story-1785137028726,我們去喝下午茶,True,5,hard,5,0,巧克力,reverse,Which Chinese word best matches “chocolate” in this lesson context?,巧克力,chocolate,qiǎokèlì,N,"[""果汁"", ""蛋糕"", ""冰淇淋"", ""巧克力""]",真的嗎？他們有沒有巧克力冰淇淋？,verified_v3_book_locked,ok,,1
custom-story-1785137028726,我們去喝下午茶,True,5,hard,5,0,巧克力,listening,🔊 Listen and choose the word you hear.,巧克力,chocolate,qiǎokèlì,N,"[""果汁"", ""巧克力"", ""冰淇淋"", ""蛋糕""]",,verified_v3_book_locked,ok,,1
custom-story-1785137028726,我們去喝下午茶,True,5,hard,5,0,巧克力,pinyin,Which pinyin exactly matches the lexical tones of 「巧克力」?,qiǎokèlì,chocolate,qiǎokèlì,N,"[""qiǎokèlī"", ""qiǎokèlí"", ""qiǎokèlǐ"", ""qiǎokèlì""]",真的嗎？他們有沒有巧克力冰淇淋？,verified_v3_book_locked,ok,,1
custom-story-1785137028726,我們去喝下午茶,True,5,hard,5,0,巧克力,cloze,Choose the most contextually appropriate word for the blank.,巧克力,chocolate,qiǎokèlì,N,"[""媽"", ""星期六"", ""下午""]",真的嗎？他們有沒有____冰淇淋？,verified_v3_book_locked,ok,,1
custom-story-1785137028726,我們去喝下午茶,True,5,hard,5,0,巧克力,pos,Classify the grammatical category of 「巧克力」 as used in the sentence.,N,chocolate,qiǎokèlì,N,"[""V"", ""Quant"", ""Adj""]",真的嗎？他們有沒有巧克力冰淇淋？,verified_v3_book_locked,ok,,1
custom-story-1785137028726,我們去喝下午茶,True,5,easy,5,1,冰淇淋,translation,冰淇淋,ice cream,ice cream,bīngqílín,N,"[""Youmei (person’s name)"", ""at / in"", ""what""]",他們有巧克力冰淇淋嗎？,verified_v3_book_locked,ok,,1
custom-story-1785137028726,我們去喝下午茶,True,5,easy,5,1,冰淇淋,reverse,ice cream,冰淇淋,ice cream,bīngqílín,N,"[""什麼"", ""冰淇淋"", ""在"", ""友美""]",他們有巧克力冰淇淋嗎？,verified_v3_book_locked,ok,,1
custom-story-1785137028726,我們去喝下午茶,True,5,easy,5,1,冰淇淋,listening,🔊 Listen and choose the word you hear.,冰淇淋,ice cream,bīngqílín,N,"[""什麼"", ""在"", ""冰淇淋"", ""友美""]",,verified_v3_book_locked,ok,,1
custom-story-1785137028726,我們去喝下午茶,True,5,easy,5,1,冰淇淋,pinyin,Choose the correct pinyin for 「冰淇淋」.,bīngqílín,ice cream,bīngqílín,N,"[""bīngqílīn"", ""bīngqílìn"", ""bīngqílǐn"", ""bīngqílín""]",他們有巧克力冰淇淋嗎？,verified_v3_book_locked,ok,,1
custom-story-1785137028726,我們去喝下午茶,True,5,easy,5,1,冰淇淋,cloze,Complete the sentence.,冰淇淋,ice cream,bīngqílín,N,"[""家"", ""錢包"", ""友美""]",他們有巧克力____嗎？,verified_v3_book_locked,ok,,1
custom-story-1785137028726,我們去喝下午茶,True,5,easy,5,1,冰淇淋,pos,What is the part of speech of 「冰淇淋」?,N,ice cream,bīngqílín,N,"[""Adv"", ""MW"", ""Prep""]",他們有巧克力冰淇淋嗎？,verified_v3_book_locked,ok,,1
custom-story-1785137028726,我們去喝下午茶,True,5,medium,5,1,冰淇淋,translation,Choose the best English meaning of 「冰淇淋」.,ice cream,ice cream,bīngqílín,N,"[""home"", ""afternoon tea"", ""cafe""]",真的嗎？他們有巧克力冰淇淋嗎？,verified_v3_book_locked,ok,,1
custom-story-1785137028726,我們去喝下午茶,True,5,medium,5,1,冰淇淋,reverse,Choose the Chinese word for “ice cream”.,冰淇淋,ice cream,bīngqílín,N,"[""咖啡廳"", ""冰淇淋"", ""下午茶"", ""家""]",真的嗎？他們有巧克力冰淇淋嗎？,verified_v3_book_locked,ok,,1
custom-story-1785137028726,我們去喝下午茶,True,5,medium,5,1,冰淇淋,listening,🔊 Listen and choose the word you hear.,冰淇淋,ice cream,bīngqílín,N,"[""家"", ""下午茶"", ""咖啡廳"", ""冰淇淋""]",,verified_v3_book_locked,ok,,1
custom-story-1785137028726,我們去喝下午茶,True,5,medium,5,1,冰淇淋,pinyin,Choose the correct pinyin and tone pattern for 「冰淇淋」.,bīngqílín,ice cream,bīngqílín,N,"[""bīngqílín"", ""bīngqílīn"", ""bīngqílǐn"", ""bīngqílìn""]",真的嗎？他們有巧克力冰淇淋嗎？,verified_v3_book_locked,ok,,1
custom-story-1785137028726,我們去喝下午茶,True,5,medium,5,1,冰淇淋,cloze,Choose the word that best completes the sentence.,冰淇淋,ice cream,bīngqílín,N,"[""週末"", ""友美"", ""星期六""]",真的嗎？他們有巧克力____嗎？,verified_v3_book_locked,ok,,1
custom-story-1785137028726,我們去喝下午茶,True,5,medium,5,1,冰淇淋,pos,"In this sentence, what part of speech is 「冰淇淋」?",N,ice cream,bīngqílín,N,"[""Loc"", ""Adv"", ""V""]",真的嗎？他們有巧克力冰淇淋嗎？,verified_v3_book_locked,ok,,1
custom-story-1785137028726,我們去喝下午茶,True,5,hard,5,1,冰淇淋,translation,"In 「真的嗎？他們有沒有巧克力冰淇淋？」, what does 「冰淇淋」 mean?",ice cream,ice cream,bīngqílín,N,"[""milk"", ""coffee"", ""juice""]",真的嗎？他們有沒有巧克力冰淇淋？,verified_v3_book_locked,ok,,1
custom-story-1785137028726,我們去喝下午茶,True,5,hard,5,1,冰淇淋,reverse,Which Chinese word best matches “ice cream” in this lesson context?,冰淇淋,ice cream,bīngqílín,N,"[""牛奶"", ""果汁"", ""咖啡"", ""冰淇淋""]",真的嗎？他們有沒有巧克力冰淇淋？,verified_v3_book_locked,ok,,1
custom-story-1785137028726,我們去喝下午茶,True,5,hard,5,1,冰淇淋,listening,🔊 Listen and choose the word you hear.,冰淇淋,ice cream,bīngqílín,N,"[""咖啡"", ""果汁"", ""牛奶"", ""冰淇淋""]",,verified_v3_book_locked,ok,,1
custom-story-1785137028726,我們去喝下午茶,True,5,hard,5,1,冰淇淋,pinyin,Which pinyin exactly matches the lexical tones of 「冰淇淋」?,bīngqílín,ice cream,bīngqílín,N,"[""bīngqílīn"", ""bīngqílín"", ""bīngqílǐn"", ""bīngqílìn""]",真的嗎？他們有沒有巧克力冰淇淋？,verified_v3_book_locked,ok,,1
custom-story-1785137028726,我們去喝下午茶,True,5,hard,5,1,冰淇淋,cloze,Choose the most contextually appropriate word for the blank.,冰淇淋,ice cream,bīngqílín,N,"[""房間"", ""友美"", ""家""]",真的嗎？他們有沒有巧克力____？,verified_v3_book_locked,ok,,1
custom-story-1785137028726,我們去喝下午茶,True,5,hard,5,1,冰淇淋,pos,Classify the grammatical category of 「冰淇淋」 as used in the sentence.,N,ice cream,bīngqílín,N,"[""Adj"", ""Quant"", ""Pron""]",真的嗎？他們有沒有巧克力冰淇淋？,verified_v3_book_locked,ok,,1
custom-story-1785137028726,我們去喝下午茶,True,5,easy,6,0,有,translation,有,have,have,yǒu,V,"[""at / in"", ""what"", ""this weekend""]",有啊！他們有很多種冰淇淋。,verified_v3_book_locked,ok,,1
custom-story-1785137028726,我們去喝下午茶,True,5,easy,6,0,有,reverse,have,有,have,yǒu,V,"[""在"", ""這個週末"", ""什麼"", ""有""]",有啊！他們有很多種冰淇淋。,verified_v3_book_locked,ok,,1
custom-story-1785137028726,我們去喝下午茶,True,5,easy,6,0,有,listening,🔊 Listen and choose the word you hear.,有,have,yǒu,V,"[""在"", ""有"", ""什麼"", ""這個週末""]",,verified_v3_book_locked,ok,,1
custom-story-1785137028726,我們去喝下午茶,True,5,easy,6,0,有,pinyin,Choose the correct pinyin for 「有」.,yǒu,have,yǒu,V,"[""yǒu"", ""yòu"", ""yōu"", ""yóu""]",有啊！他們有很多種冰淇淋。,verified_v3_book_locked,ok,,1
custom-story-1785137028726,我們去喝下午茶,True,5,easy,6,0,有,cloze,Complete the sentence.,有,have,yǒu,V,"[""做"", ""要"", ""喝""]",他們____很多種冰淇淋。,verified_v3_book_locked,ok,,1
custom-story-1785137028726,我們去喝下午茶,True,5,easy,6,0,有,pos,What is the part of speech of 「有」?,V,have,yǒu,V,"[""Adv"", ""Prep"", ""Adj""]",有啊！他們有很多種冰淇淋。,verified_v3_book_locked,ok,,1
custom-story-1785137028726,我們去喝下午茶,True,5,medium,6,0,有,translation,Choose the best English meaning of 「有」.,have,have,yǒu,V,"[""know"", ""to do / make"", ""to read""]",有啊！他們有很多種冰淇淋，每種都很好吃。,verified_v3_book_locked,ok,,1
custom-story-1785137028726,我們去喝下午茶,True,5,medium,6,0,有,reverse,Choose the Chinese word for “have”.,有,have,yǒu,V,"[""做"", ""有"", ""知道"", ""看書""]",有啊！他們有很多種冰淇淋，每種都很好吃。,verified_v3_book_locked,ok,,1
custom-story-1785137028726,我們去喝下午茶,True,5,medium,6,0,有,listening,🔊 Listen and choose the word you hear.,有,have,yǒu,V,"[""看書"", ""做"", ""有"", ""知道""]",,verified_v3_book_locked,ok,,1
custom-story-1785137028726,我們去喝下午茶,True,5,medium,6,0,有,pinyin,Choose the correct pinyin and tone pattern for 「有」.,yǒu,have,yǒu,V,"[""yǒu"", ""yòu"", ""yóu"", ""yōu""]",有啊！他們有很多種冰淇淋，每種都很好吃。,verified_v3_book_locked,ok,,1
custom-story-1785137028726,我們去喝下午茶,True,5,medium,6,0,有,cloze,Choose the word that best completes the sentence.,有,have,yǒu,V,"[""去"", ""看書"", ""想""]",他們____很多種冰淇淋，每種都很好吃。,verified_v3_book_locked,ok,,1
custom-story-1785137028726,我們去喝下午茶,True,5,medium,6,0,有,pos,"In this sentence, what part of speech is 「有」?",V,have,yǒu,V,"[""Quant"", ""Loc"", ""MW""]",有啊！他們有很多種冰淇淋，每種都很好吃。,verified_v3_book_locked,ok,,1
custom-story-1785137028726,我們去喝下午茶,True,5,hard,6,0,有,translation,"In 「有啊！他們有很多種冰淇淋，我覺得巧克力的最好吃。」, what does 「有」 mean?",have,have,yǒu,V,"[""to swim"", ""to write"", ""watch TV""]",有啊！他們有很多種冰淇淋，我覺得巧克力的最好吃。,verified_v3_book_locked,ok,,1
custom-story-1785137028726,我們去喝下午茶,True,5,hard,6,0,有,reverse,Which Chinese word best matches “have” in this lesson context?,有,have,yǒu,V,"[""有"", ""游泳"", ""寫字"", ""看電視""]",有啊！他們有很多種冰淇淋，我覺得巧克力的最好吃。,verified_v3_book_locked,ok,,1
custom-story-1785137028726,我們去喝下午茶,True,5,hard,6,0,有,listening,🔊 Listen and choose the word you hear.,有,have,yǒu,V,"[""看電視"", ""寫字"", ""有"", ""游泳""]",,verified_v3_book_locked,ok,,1
custom-story-1785137028726,我們去喝下午茶,True,5,hard,6,0,有,pinyin,Which pinyin exactly matches the lexical tones of 「有」?,yǒu,have,yǒu,V,"[""yòu"", ""yóu"", ""yōu"", ""yǒu""]",有啊！他們有很多種冰淇淋，我覺得巧克力的最好吃。,verified_v3_book_locked,ok,,1
custom-story-1785137028726,我們去喝下午茶,True,5,hard,6,0,有,cloze,Choose the most contextually appropriate word for the blank.,有,have,yǒu,V,"[""做"", ""要"", ""知道""]",他們____很多種冰淇淋，我覺得巧克力的最好吃。,verified_v3_book_locked,ok,,1
custom-story-1785137028726,我們去喝下午茶,True,5,hard,6,0,有,pos,Classify the grammatical category of 「有」 as used in the sentence.,V,have,yǒu,V,"[""Adv"", ""N"", ""MW""]",有啊！他們有很多種冰淇淋，我覺得巧克力的最好吃。,verified_v3_book_locked,ok,,1
custom-story-1785137028726,我們去喝下午茶,True,5,easy,6,1,很多,translation,很多,many,many,hěn duō,Quant,"[""at / in"", ""to want / need"", ""weekend""]",有啊！他們有很多種冰淇淋。,verified_v3_book_locked,ok,,1
custom-story-1785137028726,我們去喝下午茶,True,5,easy,6,1,很多,reverse,many,很多,many,hěn duō,Quant,"[""很多"", ""要"", ""在"", ""週末""]",有啊！他們有很多種冰淇淋。,verified_v3_book_locked,ok,,1
custom-story-1785137028726,我們去喝下午茶,True,5,easy,6,1,很多,listening,🔊 Listen and choose the word you hear.,很多,many,hěn duō,Quant,"[""週末"", ""很多"", ""要"", ""在""]",,verified_v3_book_locked,ok,,1
custom-story-1785137028726,我們去喝下午茶,True,5,easy,6,1,很多,pinyin,Choose the correct pinyin for 「很多」.,hěn duō,many,hěn duō,Quant,"[""hěn duō"", ""hěn duò"", ""hěn duǒ"", ""hěn duó""]",有啊！他們有很多種冰淇淋。,verified_v3_book_locked,ok,,1
custom-story-1785137028726,我們去喝下午茶,True,5,easy,6,1,很多,cloze,Complete the sentence.,很多,many,hěn duō,Quant,"[""做"", ""我"", ""家""]",有啊！他們有____種冰淇淋。,verified_v3_book_locked,ok,,1
custom-story-1785137028726,我們去喝下午茶,True,5,easy,6,1,很多,pos,What is the part of speech of 「很多」?,Quant,many,hěn duō,Quant,"[""Prep"", ""Pron"", ""N""]",有啊！他們有很多種冰淇淋。,verified_v3_book_locked,ok,,1
custom-story-1785137028726,我們去喝下午茶,True,5,easy,6,1,很多,synonym,Which word or phrase is closest in meaning to 「很多」?,許多,many,hěn duō,Quant,"[""週末"", ""要"", ""什麼""]",有啊！他們有很多種冰淇淋。,verified_v3_book_locked,ok,,1
custom-story-1785137028726,我們去喝下午茶,True,5,medium,6,1,很多,translation,Choose the best English meaning of 「很多」.,many,many,hěn duō,Quant,"[""a few / minority"", ""some"", ""a little""]",有啊！他們有很多種冰淇淋，每種都很好吃。,verified_v3_book_locked,ok,,1
custom-story-1785137028726,我們去喝下午茶,True,5,medium,6,1,很多,reverse,Choose the Chinese word for “many”.,很多,many,hěn duō,Quant,"[""很多"", ""一些"", ""一點"", ""少數""]",有啊！他們有很多種冰淇淋，每種都很好吃。,verified_v3_book_locked,ok,,1
custom-story-1785137028726,我們去喝下午茶,True,5,medium,6,1,很多,listening,🔊 Listen and choose the word you hear.,很多,many,hěn duō,Quant,"[""很多"", ""少數"", ""一些"", ""一點""]",,verified_v3_book_locked,ok,,1
custom-story-1785137028726,我們去喝下午茶,True,5,medium,6,1,很多,pinyin,Choose the correct pinyin and tone pattern for 「很多」.,hěn duō,many,hěn duō,Quant,"[""hěn duō"", ""hěn duǒ"", ""hěn duó"", ""hěn duò""]",有啊！他們有很多種冰淇淋，每種都很好吃。,verified_v3_book_locked,ok,,1
custom-story-1785137028726,我們去喝下午茶,True,5,medium,6,1,很多,cloze,Choose the word that best completes the sentence.,很多,many,hěn duō,Quant,"[""幾個"", ""一點"", ""一些""]",有啊！他們有____種冰淇淋，每種都很好吃。,verified_v3_book_locked,ok,,1
custom-story-1785137028726,我們去喝下午茶,True,5,medium,6,1,很多,pos,"In this sentence, what part of speech is 「很多」?",Quant,many,hěn duō,Quant,"[""N"", ""Adv"", ""Adj""]",有啊！他們有很多種冰淇淋，每種都很好吃。,verified_v3_book_locked,ok,,1
custom-story-1785137028726,我們去喝下午茶,True,5,medium,6,1,很多,synonym,"In this lesson context, which expression is closest in meaning to 「很多」?",許多,many,hěn duō,Quant,"[""一些"", ""一點"", ""少數""]",有啊！他們有很多種冰淇淋，每種都很好吃。,verified_v3_book_locked,ok,,1
custom-story-1785137028726,我們去喝下午茶,True,5,hard,6,1,很多,translation,"In 「有啊！他們有很多種冰淇淋，我覺得巧克力的最好吃。」, what does 「很多」 mean?",many,many,hěn duō,Quant,"[""a few / minority"", ""a little"", ""several""]",有啊！他們有很多種冰淇淋，我覺得巧克力的最好吃。,verified_v3_book_locked,ok,,1
custom-story-1785137028726,我們去喝下午茶,True,5,hard,6,1,很多,reverse,Which Chinese word best matches “many” in this lesson context?,很多,many,hěn duō,Quant,"[""幾個"", ""很多"", ""一點"", ""少數""]",有啊！他們有很多種冰淇淋，我覺得巧克力的最好吃。,verified_v3_book_locked,ok,,1
custom-story-1785137028726,我們去喝下午茶,True,5,hard,6,1,很多,listening,🔊 Listen and choose the word you hear.,很多,many,hěn duō,Quant,"[""很多"", ""幾個"", ""少數"", ""一點""]",,verified_v3_book_locked,ok,,1
custom-story-1785137028726,我們去喝下午茶,True,5,hard,6,1,很多,pinyin,Which pinyin exactly matches the lexical tones of 「很多」?,hěn duō,many,hěn duō,Quant,"[""hěn duō"", ""hěn duò"", ""hěn duǒ"", ""hěn duó""]",有啊！他們有很多種冰淇淋，我覺得巧克力的最好吃。,verified_v3_book_locked,ok,,1
custom-story-1785137028726,我們去喝下午茶,True,5,hard,6,1,很多,cloze,Choose the most contextually appropriate word for the blank.,很多,many,hěn duō,Quant,"[""一些"", ""少數"", ""幾個""]",有啊！他們有____種冰淇淋，我覺得巧克力的最好吃。,verified_v3_book_locked,ok,,1
custom-story-1785137028726,我們去喝下午茶,True,5,hard,6,1,很多,pos,Classify the grammatical category of 「很多」 as used in the sentence.,Quant,many,hěn duō,Quant,"[""MW"", ""Prep"", ""V""]",有啊！他們有很多種冰淇淋，我覺得巧克力的最好吃。,verified_v3_book_locked,ok,,1
custom-story-1785137028726,我們去喝下午茶,True,5,hard,6,1,很多,synonym,Which expression can best replace 「很多」 without changing the intended meaning?,許多,many,hěn duō,Quant,"[""一些"", ""一點"", ""少數""]",有啊！他們有很多種冰淇淋，我覺得巧克力的最好吃。,verified_v3_book_locked,ok,,1
custom-story-1785137028726,我們去喝下午茶,True,5,easy,6,2,種,translation,種,kind / type,kind / type,zhǒng,MW,"[""Youmei (person’s name)"", ""to do / make"", ""I""]",有啊！他們有很多種冰淇淋。,verified_v3_book_locked,ok,,1
custom-story-1785137028726,我們去喝下午茶,True,5,easy,6,2,種,reverse,kind / type,種,kind / type,zhǒng,MW,"[""我"", ""種"", ""做"", ""友美""]",有啊！他們有很多種冰淇淋。,verified_v3_book_locked,ok,,1
custom-story-1785137028726,我們去喝下午茶,True,5,easy,6,2,種,listening,🔊 Listen and choose the word you hear.,種,kind / type,zhǒng,MW,"[""種"", ""做"", ""友美"", ""我""]",,verified_v3_book_locked,ok,,1
custom-story-1785137028726,我們去喝下午茶,True,5,easy,6,2,種,pinyin,Choose the correct pinyin for 「種」.,zhǒng,kind / type,zhǒng,MW,"[""zhóng"", ""zhòng"", ""zhǒng"", ""zhōng""]",有啊！他們有很多種冰淇淋。,verified_v3_book_locked,ok,,1
custom-story-1785137028726,我們去喝下午茶,True,5,easy,6,2,種,cloze,Complete the sentence.,種,kind / type,zhǒng,MW,"[""家"", ""我"", ""在""]",有啊！他們有很多____冰淇淋。,verified_v3_book_locked,ok,,1
custom-story-1785137028726,我們去喝下午茶,True,5,easy,6,2,種,pos,What is the part of speech of 「種」?,MW,kind / type,zhǒng,MW,"[""Quant"", ""Prep"", ""Pron""]",有啊！他們有很多種冰淇淋。,verified_v3_book_locked,ok,,1
custom-story-1785137028726,我們去喝下午茶,True,5,medium,6,2,種,translation,Choose the best English meaning of 「種」.,kind / type,kind / type,zhǒng,MW,"[""cup / classifier for cups"", ""classifier for books"", ""classifier for flat objects""]",有啊！他們有很多種冰淇淋，每種都很好吃。,verified_v3_book_locked,ok,,1
custom-story-1785137028726,我們去喝下午茶,True,5,medium,6,2,種,reverse,Choose the Chinese word for “kind / type”.,種,kind / type,zhǒng,MW,"[""本"", ""杯"", ""張"", ""種""]",有啊！他們有很多種冰淇淋，每種都很好吃。,verified_v3_book_locked,ok,,1
custom-story-1785137028726,我們去喝下午茶,True,5,medium,6,2,種,listening,🔊 Listen and choose the word you hear.,種,kind / type,zhǒng,MW,"[""本"", ""張"", ""杯"", ""種""]",,verified_v3_book_locked,ok,,1
custom-story-1785137028726,我們去喝下午茶,True,5,medium,6,2,種,pinyin,Choose the correct pinyin and tone pattern for 「種」.,zhǒng,kind / type,zhǒng,MW,"[""zhóng"", ""zhōng"", ""zhǒng"", ""zhòng""]",有啊！他們有很多種冰淇淋，每種都很好吃。,verified_v3_book_locked,ok,,1
custom-story-1785137028726,我們去喝下午茶,True,5,medium,6,2,種,cloze,Choose the word that best completes the sentence.,種,kind / type,zhǒng,MW,"[""杯"", ""個"", ""張""]",有啊！他們有很多____冰淇淋，每都很好吃。,verified_v3_book_locked,ok,,1
custom-story-1785137028726,我們去喝下午茶,True,5,medium,6,2,種,pos,"In this sentence, what part of speech is 「種」?",MW,kind / type,zhǒng,MW,"[""Adv"", ""Pron"", ""Quant""]",有啊！他們有很多種冰淇淋，每種都很好吃。,verified_v3_book_locked,ok,,1
custom-story-1785137028726,我們去喝下午茶,True,5,hard,6,2,種,translation,"In 「有啊！他們有很多種冰淇淋，我覺得巧克力的最好吃。」, what does 「種」 mean?",kind / type,kind / type,zhǒng,MW,"[""general classifier"", ""classifier for flat objects"", ""cup / classifier for cups""]",有啊！他們有很多種冰淇淋，我覺得巧克力的最好吃。,verified_v3_book_locked,ok,,1
custom-story-1785137028726,我們去喝下午茶,True,5,hard,6,2,種,reverse,Which Chinese word best matches “kind / type” in this lesson context?,種,kind / type,zhǒng,MW,"[""種"", ""杯"", ""張"", ""個""]",有啊！他們有很多種冰淇淋，我覺得巧克力的最好吃。,verified_v3_book_locked,ok,,1
custom-story-1785137028726,我們去喝下午茶,True,5,hard,6,2,種,listening,🔊 Listen and choose the word you hear.,種,kind / type,zhǒng,MW,"[""張"", ""種"", ""個"", ""杯""]",,verified_v3_book_locked,ok,,1
custom-story-1785137028726,我們去喝下午茶,True,5,hard,6,2,種,pinyin,Which pinyin exactly matches the lexical tones of 「種」?,zhǒng,kind / type,zhǒng,MW,"[""zhǒng"", ""zhōng"", ""zhòng"", ""zhóng""]",有啊！他們有很多種冰淇淋，我覺得巧克力的最好吃。,verified_v3_book_locked,ok,,1
custom-story-1785137028726,我們去喝下午茶,True,5,hard,6,2,種,cloze,Choose the most contextually appropriate word for the blank.,種,kind / type,zhǒng,MW,"[""本"", ""杯"", ""張""]",有啊！他們有很多____冰淇淋，我覺得巧克力的最好吃。,verified_v3_book_locked,ok,,1
custom-story-1785137028726,我們去喝下午茶,True,5,hard,6,2,種,pos,Classify the grammatical category of 「種」 as used in the sentence.,MW,kind / type,zhǒng,MW,"[""Adv"", ""Quant"", ""Loc""]",有啊！他們有很多種冰淇淋，我覺得巧克力的最好吃。,verified_v3_book_locked,ok,,1
custom-story-1785137028726,我們去喝下午茶,True,5,easy,6,3,冰淇淋,translation,冰淇淋,ice cream,ice cream,bīngqílín,N,"[""weekend"", ""what"", ""to want / need""]",有啊！他們有很多種冰淇淋。,verified_v3_book_locked,ok,,1
custom-story-1785137028726,我們去喝下午茶,True,5,easy,6,3,冰淇淋,reverse,ice cream,冰淇淋,ice cream,bīngqílín,N,"[""週末"", ""冰淇淋"", ""什麼"", ""要""]",有啊！他們有很多種冰淇淋。,verified_v3_book_locked,ok,,1
custom-story-1785137028726,我們去喝下午茶,True,5,easy,6,3,冰淇淋,listening,🔊 Listen and choose the word you hear.,冰淇淋,ice cream,bīngqílín,N,"[""要"", ""週末"", ""什麼"", ""冰淇淋""]",,verified_v3_book_locked,ok,,1
custom-story-1785137028726,我們去喝下午茶,True,5,easy,6,3,冰淇淋,pinyin,Choose the correct pinyin for 「冰淇淋」.,bīngqílín,ice cream,bīngqílín,N,"[""bīngqílìn"", ""bīngqílīn"", ""bīngqílín"", ""bīngqílǐn""]",有啊！他們有很多種冰淇淋。,verified_v3_book_locked,ok,,1
custom-story-1785137028726,我們去喝下午茶,True,5,easy,6,3,冰淇淋,cloze,Complete the sentence.,冰淇淋,ice cream,bīngqílín,N,"[""巧克力"", ""友美"", ""週末""]",有啊！他們有很多種____。,verified_v3_book_locked,ok,,1
custom-story-1785137028726,我們去喝下午茶,True,5,easy,6,3,冰淇淋,pos,What is the part of speech of 「冰淇淋」?,N,ice cream,bīngqílín,N,"[""Adv"", ""MW"", ""Prep""]",有啊！他們有很多種冰淇淋。,verified_v3_book_locked,ok,,1
custom-story-1785137028726,我們去喝下午茶,True,5,medium,6,3,冰淇淋,translation,Choose the best English meaning of 「冰淇淋」.,ice cream,ice cream,bīngqílín,N,"[""cafe"", ""weekend"", ""Saturday""]",有啊！他們有很多種冰淇淋，每種都很好吃。,verified_v3_book_locked,ok,,1
custom-story-1785137028726,我們去喝下午茶,True,5,medium,6,3,冰淇淋,reverse,Choose the Chinese word for “ice cream”.,冰淇淋,ice cream,bīngqílín,N,"[""冰淇淋"", ""星期六"", ""咖啡廳"", ""週末""]",有啊！他們有很多種冰淇淋，每種都很好吃。,verified_v3_book_locked,ok,,1
custom-story-1785137028726,我們去喝下午茶,True,5,medium,6,3,冰淇淋,listening,🔊 Listen and choose the word you hear.,冰淇淋,ice cream,bīngqílín,N,"[""咖啡廳"", ""星期六"", ""週末"", ""冰淇淋""]",,verified_v3_book_locked,ok,,1
custom-story-1785137028726,我們去喝下午茶,True,5,medium,6,3,冰淇淋,pinyin,Choose the correct pinyin and tone pattern for 「冰淇淋」.,bīngqílín,ice cream,bīngqílín,N,"[""bīngqílīn"", ""bīngqílín"", ""bīngqílǐn"", ""bīngqílìn""]",有啊！他們有很多種冰淇淋，每種都很好吃。,verified_v3_book_locked,ok,,1
custom-story-1785137028726,我們去喝下午茶,True,5,medium,6,3,冰淇淋,cloze,Choose the word that best completes the sentence.,冰淇淋,ice cream,bīngqílín,N,"[""下午"", ""媽"", ""週末""]",有啊！他們有很多種____，每種都很好吃。,verified_v3_book_locked,ok,,1
custom-story-1785137028726,我們去喝下午茶,True,5,medium,6,3,冰淇淋,pos,"In this sentence, what part of speech is 「冰淇淋」?",N,ice cream,bīngqílín,N,"[""Loc"", ""Adv"", ""V""]",有啊！他們有很多種冰淇淋，每種都很好吃。,verified_v3_book_locked,ok,,1
custom-story-1785137028726,我們去喝下午茶,True,5,hard,6,3,冰淇淋,translation,"In 「有啊！他們有很多種冰淇淋，我覺得巧克力的最好吃。」, what does 「冰淇淋」 mean?",ice cream,ice cream,bīngqílín,N,"[""coffee"", ""afternoon tea"", ""chocolate""]",有啊！他們有很多種冰淇淋，我覺得巧克力的最好吃。,verified_v3_book_locked,ok,,1
custom-story-1785137028726,我們去喝下午茶,True,5,hard,6,3,冰淇淋,reverse,Which Chinese word best matches “ice cream” in this lesson context?,冰淇淋,ice cream,bīngqílín,N,"[""巧克力"", ""咖啡"", ""冰淇淋"", ""下午茶""]",有啊！他們有很多種冰淇淋，我覺得巧克力的最好吃。,verified_v3_book_locked,ok,,1
custom-story-1785137028726,我們去喝下午茶,True,5,hard,6,3,冰淇淋,listening,🔊 Listen and choose the word you hear.,冰淇淋,ice cream,bīngqílín,N,"[""冰淇淋"", ""下午茶"", ""巧克力"", ""咖啡""]",,verified_v3_book_locked,ok,,1
custom-story-1785137028726,我們去喝下午茶,True,5,hard,6,3,冰淇淋,pinyin,Which pinyin exactly matches the lexical tones of 「冰淇淋」?,bīngqílín,ice cream,bīngqílín,N,"[""bīngqílīn"", ""bīngqílǐn"", ""bīngqílín"", ""bīngqílìn""]",有啊！他們有很多種冰淇淋，我覺得巧克力的最好吃。,verified_v3_book_locked,ok,,1
custom-story-1785137028726,我們去喝下午茶,True,5,hard,6,3,冰淇淋,cloze,Choose the most contextually appropriate word for the blank.,冰淇淋,ice cream,bīngqílín,N,"[""星期六"", ""錢包"", ""客廳""]",有啊！他們有很多種____，我覺得巧克力的最好吃。,verified_v3_book_locked,ok,,1
custom-story-1785137028726,我們去喝下午茶,True,5,hard,6,3,冰淇淋,pos,Classify the grammatical category of 「冰淇淋」 as used in the sentence.,N,ice cream,bīngqílín,N,"[""Adj"", ""Quant"", ""Pron""]",有啊！他們有很多種冰淇淋，我覺得巧克力的最好吃。,verified_v3_book_locked,ok,,1
custom-story-1785137028726,我們去喝下午茶,True,5,easy,7,0,星期六,translation,星期六,Saturday,Saturday,xīngqíliù,N,"[""weekend"", ""what"", ""I""]",我們這個星期六下午兩點半去吧。,verified_v3_book_locked,ok,,1
custom-story-1785137028726,我們去喝下午茶,True,5,easy,7,0,星期六,reverse,Saturday,星期六,Saturday,xīngqíliù,N,"[""我"", ""週末"", ""星期六"", ""什麼""]",我們這個星期六下午兩點半去吧。,verified_v3_book_locked,ok,,1
custom-story-1785137028726,我們去喝下午茶,True,5,easy,7,0,星期六,listening,🔊 Listen and choose the word you hear.,星期六,Saturday,xīngqíliù,N,"[""什麼"", ""星期六"", ""週末"", ""我""]",,verified_v3_book_locked,ok,,1
custom-story-1785137028726,我們去喝下午茶,True,5,easy,7,0,星期六,pinyin,Choose the correct pinyin for 「星期六」.,xīngqíliù,Saturday,xīngqíliù,N,"[""xīngqíliū"", ""xīngqíliù"", ""xīngqíliǔ"", ""xīngqíliú""]",我們這個星期六下午兩點半去吧。,verified_v3_book_locked,ok,,1
custom-story-1785137028726,我們去喝下午茶,True,5,easy,7,0,星期六,cloze,Complete the sentence.,星期六,Saturday,xīngqíliù,N,"[""週末"", ""家"", ""下午""]",我們這個____下午兩點半去吧。,verified_v3_book_locked,ok,,1
custom-story-1785137028726,我們去喝下午茶,True,5,easy,7,0,星期六,pos,What is the part of speech of 「星期六」?,N,Saturday,xīngqíliù,N,"[""Adj"", ""V"", ""Pron""]",我們這個星期六下午兩點半去吧。,verified_v3_book_locked,ok,,1
custom-story-1785137028726,我們去喝下午茶,True,5,medium,7,0,星期六,translation,Choose the best English meaning of 「星期六」.,Saturday,Saturday,xīngqíliù,N,"[""home"", ""chocolate"", ""afternoon""]",太好了！我們這個星期六下午兩點半去吧。,verified_v3_book_locked,ok,,1
custom-story-1785137028726,我們去喝下午茶,True,5,medium,7,0,星期六,reverse,Choose the Chinese word for “Saturday”.,星期六,Saturday,xīngqíliù,N,"[""星期六"", ""家"", ""下午"", ""巧克力""]",太好了！我們這個星期六下午兩點半去吧。,verified_v3_book_locked,ok,,1
custom-story-1785137028726,我們去喝下午茶,True,5,medium,7,0,星期六,listening,🔊 Listen and choose the word you hear.,星期六,Saturday,xīngqíliù,N,"[""家"", ""下午"", ""巧克力"", ""星期六""]",,verified_v3_book_locked,ok,,1
custom-story-1785137028726,我們去喝下午茶,True,5,medium,7,0,星期六,pinyin,Choose the correct pinyin and tone pattern for 「星期六」.,xīngqíliù,Saturday,xīngqíliù,N,"[""xīngqíliù"", ""xīngqíliū"", ""xīngqíliǔ"", ""xīngqíliú""]",太好了！我們這個星期六下午兩點半去吧。,verified_v3_book_locked,ok,,1
custom-story-1785137028726,我們去喝下午茶,True,5,medium,7,0,星期六,cloze,Choose the word that best completes the sentence.,星期六,Saturday,xīngqíliù,N,"[""家"", ""巧克力"", ""錢包""]",太好了！我們這個____下午兩點半去吧。,verified_v3_book_locked,ok,,1
custom-story-1785137028726,我們去喝下午茶,True,5,medium,7,0,星期六,pos,"In this sentence, what part of speech is 「星期六」?",N,Saturday,xīngqíliù,N,"[""Loc"", ""MW"", ""Quant""]",太好了！我們這個星期六下午兩點半去吧。,verified_v3_book_locked,ok,,1
custom-story-1785137028726,我們去喝下午茶,True,5,hard,7,0,星期六,translation,"In 「太好了！那我們這個星期六下午兩點半去吧。」, what does 「星期六」 mean?",Saturday,Saturday,xīngqíliù,N,"[""weekend"", ""birthday"", ""afternoon""]",太好了！那我們這個星期六下午兩點半去吧。,verified_v3_book_locked,ok,,1
custom-story-1785137028726,我們去喝下午茶,True,5,hard,7,0,星期六,reverse,Which Chinese word best matches “Saturday” in this lesson context?,星期六,Saturday,xīngqíliù,N,"[""週末"", ""下午"", ""生日"", ""星期六""]",太好了！那我們這個星期六下午兩點半去吧。,verified_v3_book_locked,ok,,1
custom-story-1785137028726,我們去喝下午茶,True,5,hard,7,0,星期六,listening,🔊 Listen and choose the word you hear.,星期六,Saturday,xīngqíliù,N,"[""週末"", ""生日"", ""星期六"", ""下午""]",,verified_v3_book_locked,ok,,1
custom-story-1785137028726,我們去喝下午茶,True,5,hard,7,0,星期六,pinyin,Which pinyin exactly matches the lexical tones of 「星期六」?,xīngqíliù,Saturday,xīngqíliù,N,"[""xīngqíliǔ"", ""xīngqíliú"", ""xīngqíliù"", ""xīngqíliū""]",太好了！那我們這個星期六下午兩點半去吧。,verified_v3_book_locked,ok,,1
custom-story-1785137028726,我們去喝下午茶,True,5,hard,7,0,星期六,cloze,Choose the most contextually appropriate word for the blank.,星期六,Saturday,xīngqíliù,N,"[""客廳"", ""冰淇淋"", ""下午茶""]",太好了！那我們這個____下午兩點半去吧。,verified_v3_book_locked,ok,,1
custom-story-1785137028726,我們去喝下午茶,True,5,hard,7,0,星期六,pos,Classify the grammatical category of 「星期六」 as used in the sentence.,N,Saturday,xīngqíliù,N,"[""Loc"", ""Quant"", ""Pron""]",太好了！那我們這個星期六下午兩點半去吧。,verified_v3_book_locked,ok,,1
custom-story-1785137028726,我們去喝下午茶,True,5,easy,7,1,下午,translation,下午,afternoon,afternoon,xiàwǔ,N,"[""what"", ""this weekend"", ""at / in""]",我們這個星期六下午兩點半去吧。,verified_v3_book_locked,ok,,1
custom-story-1785137028726,我們去喝下午茶,True,5,easy,7,1,下午,reverse,afternoon,下午,afternoon,xiàwǔ,N,"[""下午"", ""在"", ""什麼"", ""這個週末""]",我們這個星期六下午兩點半去吧。,verified_v3_book_locked,ok,,1
custom-story-1785137028726,我們去喝下午茶,True,5,easy,7,1,下午,listening,🔊 Listen and choose the word you hear.,下午,afternoon,xiàwǔ,N,"[""什麼"", ""下午"", ""在"", ""這個週末""]",,verified_v3_book_locked,ok,,1
custom-story-1785137028726,我們去喝下午茶,True,5,easy,7,1,下午,pinyin,Choose the correct pinyin for 「下午」.,xiàwǔ,afternoon,xiàwǔ,N,"[""xiàwū"", ""xiàwù"", ""xiàwú"", ""xiàwǔ""]",我們這個星期六下午兩點半去吧。,verified_v3_book_locked,ok,,1
custom-story-1785137028726,我們去喝下午茶,True,5,easy,7,1,下午,cloze,Complete the sentence.,下午,afternoon,xiàwǔ,N,"[""媽"", ""冰淇淋"", ""錢包""]",我們這個星期六____兩點半去吧。,verified_v3_book_locked,ok,,1
custom-story-1785137028726,我們去喝下午茶,True,5,easy,7,1,下午,pos,What is the part of speech of 「下午」?,N,afternoon,xiàwǔ,N,"[""Adv"", ""Pron"", ""Quant""]",我們這個星期六下午兩點半去吧。,verified_v3_book_locked,ok,,1
custom-story-1785137028726,我們去喝下午茶,True,5,medium,7,1,下午,translation,Choose the best English meaning of 「下午」.,afternoon,afternoon,xiàwǔ,N,"[""afternoon tea"", ""ice cream"", ""Saturday""]",太好了！我們這個星期六下午兩點半去吧。,verified_v3_book_locked,ok,,1
custom-story-1785137028726,我們去喝下午茶,True,5,medium,7,1,下午,reverse,Choose the Chinese word for “afternoon”.,下午,afternoon,xiàwǔ,N,"[""冰淇淋"", ""星期六"", ""下午"", ""下午茶""]",太好了！我們這個星期六下午兩點半去吧。,verified_v3_book_locked,ok,,1
custom-story-1785137028726,我們去喝下午茶,True,5,medium,7,1,下午,listening,🔊 Listen and choose the word you hear.,下午,afternoon,xiàwǔ,N,"[""冰淇淋"", ""下午"", ""星期六"", ""下午茶""]",,verified_v3_book_locked,ok,,1
custom-story-1785137028726,我們去喝下午茶,True,5,medium,7,1,下午,pinyin,Choose the correct pinyin and tone pattern for 「下午」.,xiàwǔ,afternoon,xiàwǔ,N,"[""xiàwū"", ""xiàwǔ"", ""xiàwù"", ""xiàwú""]",太好了！我們這個星期六下午兩點半去吧。,verified_v3_book_locked,ok,,1
custom-story-1785137028726,我們去喝下午茶,True,5,medium,7,1,下午,cloze,Choose the word that best completes the sentence.,下午,afternoon,xiàwǔ,N,"[""下午茶"", ""星期六"", ""友美""]",太好了！我們這個星期六____兩點半去吧。,verified_v3_book_locked,ok,,1
custom-story-1785137028726,我們去喝下午茶,True,5,medium,7,1,下午,pos,"In this sentence, what part of speech is 「下午」?",N,afternoon,xiàwǔ,N,"[""Adj"", ""Adv"", ""MW""]",太好了！我們這個星期六下午兩點半去吧。,verified_v3_book_locked,ok,,1
custom-story-1785137028726,我們去喝下午茶,True,5,hard,7,1,下午,translation,"In 「太好了！那我們這個星期六下午兩點半去吧。」, what does 「下午」 mean?",afternoon,afternoon,xiàwǔ,N,"[""Saturday"", ""birthday"", ""weekend""]",太好了！那我們這個星期六下午兩點半去吧。,verified_v3_book_locked,ok,,1
custom-story-1785137028726,我們去喝下午茶,True,5,hard,7,1,下午,reverse,Which Chinese word best matches “afternoon” in this lesson context?,下午,afternoon,xiàwǔ,N,"[""下午"", ""生日"", ""週末"", ""星期六""]",太好了！那我們這個星期六下午兩點半去吧。,verified_v3_book_locked,ok,,1
custom-story-1785137028726,我們去喝下午茶,True,5,hard,7,1,下午,listening,🔊 Listen and choose the word you hear.,下午,afternoon,xiàwǔ,N,"[""星期六"", ""週末"", ""下午"", ""生日""]",,verified_v3_book_locked,ok,,1
custom-story-1785137028726,我們去喝下午茶,True,5,hard,7,1,下午,pinyin,Which pinyin exactly matches the lexical tones of 「下午」?,xiàwǔ,afternoon,xiàwǔ,N,"[""xiàwú"", ""xiàwū"", ""xiàwù"", ""xiàwǔ""]",太好了！那我們這個星期六下午兩點半去吧。,verified_v3_book_locked,ok,,1
custom-story-1785137028726,我們去喝下午茶,True,5,hard,7,1,下午,cloze,Choose the most contextually appropriate word for the blank.,下午,afternoon,xiàwǔ,N,"[""友美"", ""巧克力"", ""咖啡廳""]",太好了！那我們這個星期六____兩點半去吧。,verified_v3_book_locked,ok,,1
custom-story-1785137028726,我們去喝下午茶,True,5,hard,7,1,下午,pos,Classify the grammatical category of 「下午」 as used in the sentence.,N,afternoon,xiàwǔ,N,"[""Quant"", ""Adj"", ""V""]",太好了！那我們這個星期六下午兩點半去吧。,verified_v3_book_locked,ok,,1
custom-story-1785137028726,我們去喝下午茶,True,5,easy,7,2,兩點半,translation,兩點半,two thirty,two thirty,liǎng diǎn bàn,TimeExpr,"[""at / in"", ""Youmei (person’s name)"", ""to want / need""]",我們這個星期六下午兩點半去吧。,verified_v3_book_locked,ok,,1
custom-story-1785137028726,我們去喝下午茶,True,5,easy,7,2,兩點半,reverse,two thirty,兩點半,two thirty,liǎng diǎn bàn,TimeExpr,"[""要"", ""在"", ""兩點半"", ""友美""]",我們這個星期六下午兩點半去吧。,verified_v3_book_locked,ok,,1
custom-story-1785137028726,我們去喝下午茶,True,5,easy,7,2,兩點半,listening,🔊 Listen and choose the word you hear.,兩點半,two thirty,liǎng diǎn bàn,TimeExpr,"[""兩點半"", ""友美"", ""在"", ""要""]",,verified_v3_book_locked,ok,,1
custom-story-1785137028726,我們去喝下午茶,True,5,easy,7,2,兩點半,pinyin,Choose the correct pinyin for 「兩點半」.,liǎng diǎn bàn,two thirty,liǎng diǎn bàn,TimeExpr,"[""liǎng diǎn bān"", ""liǎng diǎn bán"", ""liǎng diǎn bǎn"", ""liǎng diǎn bàn""]",我們這個星期六下午兩點半去吧。,verified_v3_book_locked,ok,,1
custom-story-1785137028726,我們去喝下午茶,True,5,easy,7,2,兩點半,cloze,Complete the sentence.,兩點半,two thirty,liǎng diǎn bàn,TimeExpr,"[""要"", ""做"", ""看書""]",我們這個星期六下午____去吧。,verified_v3_book_locked,ok,,1
custom-story-1785137028726,我們去喝下午茶,True,5,medium,7,2,兩點半,translation,Choose the best English meaning of 「兩點半」.,two thirty,two thirty,liǎng diǎn bàn,TimeExpr,"[""five o’clock"", ""six o’clock"", ""four o’clock""]",太好了！我們這個星期六下午兩點半去吧。,verified_v3_book_locked,ok,,1
custom-story-1785137028726,我們去喝下午茶,True,5,medium,7,2,兩點半,reverse,Choose the Chinese word for “two thirty”.,兩點半,two thirty,liǎng diǎn bàn,TimeExpr,"[""五點"", ""兩點半"", ""四點"", ""六點""]",太好了！我們這個星期六下午兩點半去吧。,verified_v3_book_locked,ok,,1
custom-story-1785137028726,我們去喝下午茶,True,5,medium,7,2,兩點半,listening,🔊 Listen and choose the word you hear.,兩點半,two thirty,liǎng diǎn bàn,TimeExpr,"[""兩點半"", ""四點"", ""五點"", ""六點""]",,verified_v3_book_locked,ok,,1
custom-story-1785137028726,我們去喝下午茶,True,5,medium,7,2,兩點半,pinyin,Choose the correct pinyin and tone pattern for 「兩點半」.,liǎng diǎn bàn,two thirty,liǎng diǎn bàn,TimeExpr,"[""liǎng diǎn bán"", ""liǎng diǎn bǎn"", ""liǎng diǎn bàn"", ""liǎng diǎn bān""]",太好了！我們這個星期六下午兩點半去吧。,verified_v3_book_locked,ok,,1
custom-story-1785137028726,我們去喝下午茶,True,5,medium,7,2,兩點半,cloze,Choose the word that best completes the sentence.,兩點半,two thirty,liǎng diǎn bàn,TimeExpr,"[""三點"", ""四點"", ""五點""]",太好了！我們這個星期六下午____去吧。,verified_v3_book_locked,ok,,1
custom-story-1785137028726,我們去喝下午茶,True,5,hard,7,2,兩點半,translation,"In 「太好了！那我們這個星期六下午兩點半去吧。」, what does 「兩點半」 mean?",two thirty,two thirty,liǎng diǎn bàn,TimeExpr,"[""three o’clock"", ""six o’clock"", ""five o’clock""]",太好了！那我們這個星期六下午兩點半去吧。,verified_v3_book_locked,ok,,1
custom-story-1785137028726,我們去喝下午茶,True,5,hard,7,2,兩點半,reverse,Which Chinese word best matches “two thirty” in this lesson context?,兩點半,two thirty,liǎng diǎn bàn,TimeExpr,"[""兩點半"", ""三點"", ""六點"", ""五點""]",太好了！那我們這個星期六下午兩點半去吧。,verified_v3_book_locked,ok,,1
custom-story-1785137028726,我們去喝下午茶,True,5,hard,7,2,兩點半,listening,🔊 Listen and choose the word you hear.,兩點半,two thirty,liǎng diǎn bàn,TimeExpr,"[""五點"", ""六點"", ""兩點半"", ""三點""]",,verified_v3_book_locked,ok,,1
custom-story-1785137028726,我們去喝下午茶,True,5,hard,7,2,兩點半,pinyin,Which pinyin exactly matches the lexical tones of 「兩點半」?,liǎng diǎn bàn,two thirty,liǎng diǎn bàn,TimeExpr,"[""liǎng diǎn bǎn"", ""liǎng diǎn bàn"", ""liǎng diǎn bān"", ""liǎng diǎn bán""]",太好了！那我們這個星期六下午兩點半去吧。,verified_v3_book_locked,ok,,1
custom-story-1785137028726,我們去喝下午茶,True,5,hard,7,2,兩點半,cloze,Choose the most contextually appropriate word for the blank.,兩點半,two thirty,liǎng diǎn bàn,TimeExpr,"[""五點"", ""六點"", ""三點""]",太好了！那我們這個星期六下午____去吧。,verified_v3_book_locked,ok,,1
custom-story-1785137028726,我們去喝下午茶,True,5,easy,8,0,好,translation,好,good / okay,good / okay,hǎo,Adj,"[""at / in"", ""to want / need"", ""Youmei (person’s name)""]",好。,verified_v3_book_locked,ok,,1
custom-story-1785137028726,我們去喝下午茶,True,5,easy,8,0,好,reverse,good / okay,好,good / okay,hǎo,Adj,"[""要"", ""在"", ""好"", ""友美""]",好。,verified_v3_book_locked,ok,,1
custom-story-1785137028726,我們去喝下午茶,True,5,easy,8,0,好,listening,🔊 Listen and choose the word you hear.,好,good / okay,hǎo,Adj,"[""好"", ""友美"", ""在"", ""要""]",,verified_v3_book_locked,ok,,1
custom-story-1785137028726,我們去喝下午茶,True,5,easy,8,0,好,pinyin,Choose the correct pinyin for 「好」.,hǎo,good / okay,hǎo,Adj,"[""hǎo"", ""hào"", ""hāo"", ""háo""]",好。,verified_v3_book_locked,ok,,1
custom-story-1785137028726,我們去喝下午茶,True,5,easy,8,0,好,cloze,Complete the sentence.,好,good / okay,hǎo,Adj,"[""好吃"", ""流行"", ""漂亮""]",星期六下午兩點半見，可以嗎？—____。,verified_v3_book_locked,ok,,1
custom-story-1785137028726,我們去喝下午茶,True,5,easy,8,0,好,pos,What is the part of speech of 「好」?,Adj,good / okay,hǎo,Adj,"[""Prep"", ""Adv"", ""N""]",好。,verified_v3_book_locked,ok,,1
custom-story-1785137028726,我們去喝下午茶,True,5,easy,8,0,好,synonym,Which word or phrase is closest in meaning to 「好」?,不錯,good / okay,hǎo,Adj,"[""友美"", ""我"", ""什麼""]",好。,verified_v3_book_locked,ok,,1
custom-story-1785137028726,我們去喝下午茶,True,5,medium,8,0,好,translation,Choose the best English meaning of 「好」.,good / okay,good / okay,hǎo,Adj,"[""big"", ""convenient"", ""new""]",好，星期六下午見！,verified_v3_book_locked,ok,,1
custom-story-1785137028726,我們去喝下午茶,True,5,medium,8,0,好,reverse,Choose the Chinese word for “good / okay”.,好,good / okay,hǎo,Adj,"[""大"", ""新的"", ""好"", ""方便""]",好，星期六下午見！,verified_v3_book_locked,ok,,1
custom-story-1785137028726,我們去喝下午茶,True,5,medium,8,0,好,listening,🔊 Listen and choose the word you hear.,好,good / okay,hǎo,Adj,"[""新的"", ""好"", ""大"", ""方便""]",,verified_v3_book_locked,ok,,1
custom-story-1785137028726,我們去喝下午茶,True,5,medium,8,0,好,pinyin,Choose the correct pinyin and tone pattern for 「好」.,hǎo,good / okay,hǎo,Adj,"[""hǎo"", ""hāo"", ""hào"", ""háo""]",好，星期六下午見！,verified_v3_book_locked,ok,,1
custom-story-1785137028726,我們去喝下午茶,True,5,medium,8,0,好,cloze,Choose the word that best completes the sentence.,好,good / okay,hǎo,Adj,"[""方便"", ""漂亮"", ""大""]",____，星期六下午見！,verified_v3_book_locked,ok,,1
custom-story-1785137028726,我們去喝下午茶,True,5,medium,8,0,好,pos,"In this sentence, what part of speech is 「好」?",Adj,good / okay,hǎo,Adj,"[""Quant"", ""Prep"", ""Loc""]",好，星期六下午見！,verified_v3_book_locked,ok,,1
custom-story-1785137028726,我們去喝下午茶,True,5,medium,8,0,好,synonym,"In this lesson context, which expression is closest in meaning to 「好」?",不錯,good / okay,hǎo,Adj,"[""方便"", ""忙"", ""舒服""]",好，星期六下午見！,verified_v3_book_locked,ok,,1
custom-story-1785137028726,我們去喝下午茶,True,5,hard,8,0,好,translation,"In 「好啊，那就星期六下午兩點半見！」, what does 「好」 mean?",good / okay,good / okay,hǎo,Adj,"[""delicious"", ""quiet"", ""popular""]",好啊，那就星期六下午兩點半見！,verified_v3_book_locked,ok,,1
custom-story-1785137028726,我們去喝下午茶,True,5,hard,8,0,好,reverse,Which Chinese word best matches “good / okay” in this lesson context?,好,good / okay,hǎo,Adj,"[""好吃"", ""安靜"", ""好"", ""流行""]",好啊，那就星期六下午兩點半見！,verified_v3_book_locked,ok,,1
custom-story-1785137028726,我們去喝下午茶,True,5,hard,8,0,好,listening,🔊 Listen and choose the word you hear.,好,good / okay,hǎo,Adj,"[""流行"", ""好吃"", ""好"", ""安靜""]",,verified_v3_book_locked,ok,,1
custom-story-1785137028726,我們去喝下午茶,True,5,hard,8,0,好,pinyin,Which pinyin exactly matches the lexical tones of 「好」?,hǎo,good / okay,hǎo,Adj,"[""háo"", ""hǎo"", ""hào"", ""hāo""]",好啊，那就星期六下午兩點半見！,verified_v3_book_locked,ok,,1
custom-story-1785137028726,我們去喝下午茶,True,5,hard,8,0,好,cloze,Choose the most contextually appropriate word for the blank.,好,good / okay,hǎo,Adj,"[""有趣"", ""忙"", ""新的""]",____啊，那就星期六下午兩點半見！,verified_v3_book_locked,ok,,1
custom-story-1785137028726,我們去喝下午茶,True,5,hard,8,0,好,pos,Classify the grammatical category of 「好」 as used in the sentence.,Adj,good / okay,hǎo,Adj,"[""N"", ""Pron"", ""V""]",好啊，那就星期六下午兩點半見！,verified_v3_book_locked,ok,,1
custom-story-1785137028726,我們去喝下午茶,True,5,hard,8,0,好,synonym,Which expression can best replace 「好」 without changing the intended meaning?,不錯,good / okay,hǎo,Adj,"[""大"", ""方便"", ""年輕""]",好啊，那就星期六下午兩點半見！,verified_v3_book_locked,ok,,1
custom-story-1785235297869,我的錢包在哪裡？,True,5,easy,0,0,媽,translation,媽,mom,mom,mā,N,"[""weekend"", ""to do / make"", ""what""]",媽，我跟友美要去喝下午茶，可是我的錢包不在房間裡。,verified_v3_book_locked,ok,,2
custom-story-1785235297869,我的錢包在哪裡？,True,5,easy,0,0,媽,reverse,mom,媽,mom,mā,N,"[""週末"", ""媽"", ""什麼"", ""做""]",媽，我跟友美要去喝下午茶，可是我的錢包不在房間裡。,verified_v3_book_locked,ok,,2
custom-story-1785235297869,我的錢包在哪裡？,True,5,easy,0,0,媽,listening,🔊 Listen and choose the word you hear.,媽,mom,mā,N,"[""週末"", ""媽"", ""做"", ""什麼""]",,verified_v3_book_locked,ok,,2
custom-story-1785235297869,我的錢包在哪裡？,True,5,easy,0,0,媽,pinyin,Choose the correct pinyin for 「媽」.,mā,mom,mā,N,"[""mā"", ""mà"", ""má"", ""mǎ""]",媽，我跟友美要去喝下午茶，可是我的錢包不在房間裡。,verified_v3_book_locked,ok,,2
custom-story-1785235297869,我的錢包在哪裡？,True,5,easy,0,0,媽,cloze,Complete the sentence.,媽,mom,mā,N,"[""巧克力"", ""錢包"", ""家""]",____，我跟友美要去喝下午茶，可是我的錢包不在房間裡。,verified_v3_book_locked,ok,,2
custom-story-1785235297869,我的錢包在哪裡？,True,5,easy,0,0,媽,pos,What is the part of speech of 「媽」?,N,mom,mā,N,"[""Pron"", ""Adv"", ""V""]",媽，我跟友美要去喝下午茶，可是我的錢包不在房間裡。,verified_v3_book_locked,ok,,2
custom-story-1785235297869,我的錢包在哪裡？,True,5,medium,0,0,媽,translation,Choose the best English meaning of 「媽」.,mom,mom,mā,N,"[""Saturday"", ""afternoon"", ""Youmei (person’s name)""]",媽，我跟友美兩點半要去喝下午茶，可是我的錢包不見了，房間裡到處都沒有。,verified_v3_book_locked,ok,,2
custom-story-1785235297869,我的錢包在哪裡？,True,5,medium,0,0,媽,reverse,Choose the Chinese word for “mom”.,媽,mom,mā,N,"[""媽"", ""星期六"", ""友美"", ""下午""]",媽，我跟友美兩點半要去喝下午茶，可是我的錢包不見了，房間裡到處都沒有。,verified_v3_book_locked,ok,,2
custom-story-1785235297869,我的錢包在哪裡？,True,5,medium,0,0,媽,listening,🔊 Listen and choose the word you hear.,媽,mom,mā,N,"[""友美"", ""下午"", ""星期六"", ""媽""]",,verified_v3_book_locked,ok,,2
custom-story-1785235297869,我的錢包在哪裡？,True,5,medium,0,0,媽,pinyin,Choose the correct pinyin and tone pattern for 「媽」.,mā,mom,mā,N,"[""mā"", ""mà"", ""mǎ"", ""má""]",媽，我跟友美兩點半要去喝下午茶，可是我的錢包不見了，房間裡到處都沒有。,verified_v3_book_locked,ok,,2
custom-story-1785235297869,我的錢包在哪裡？,True,5,medium,0,0,媽,cloze,Choose the word that best completes the sentence.,媽,mom,mā,N,"[""下午"", ""巧克力"", ""家""]",____，我跟友美兩點半要去喝下午茶，可是我的錢包不見了，房間裡到處都沒有。,verified_v3_book_locked,ok,,2
custom-story-1785235297869,我的錢包在哪裡？,True,5,medium,0,0,媽,pos,"In this sentence, what part of speech is 「媽」?",N,mom,mā,N,"[""Loc"", ""Adj"", ""Prep""]",媽，我跟友美兩點半要去喝下午茶，可是我的錢包不見了，房間裡到處都沒有。,verified_v3_book_locked,ok,,2
custom-story-1785235297869,我的錢包在哪裡？,True,5,hard,0,0,媽,translation,"In 「媽，我跟友美兩點半要去喝下午茶，可是我的錢包不見了。我把房間找了半天還是沒有，快要遲到了。」, what does 「媽」 mean?",mom,mom,mā,N,"[""classmate"", ""family member"", ""Youmei (person’s name)""]",媽，我跟友美兩點半要去喝下午茶，可是我的錢包不見了。我把房間找了半天還是沒有，快要遲到了。,verified_v3_book_locked,ok,,2
custom-story-1785235297869,我的錢包在哪裡？,True,5,hard,0,0,媽,reverse,Which Chinese word best matches “mom” in this lesson context?,媽,mom,mā,N,"[""媽"", ""友美"", ""家人"", ""同學""]",媽，我跟友美兩點半要去喝下午茶，可是我的錢包不見了。我把房間找了半天還是沒有，快要遲到了。,verified_v3_book_locked,ok,,2
custom-story-1785235297869,我的錢包在哪裡？,True,5,hard,0,0,媽,listening,🔊 Listen and choose the word you hear.,媽,mom,mā,N,"[""媽"", ""家人"", ""友美"", ""同學""]",,verified_v3_book_locked,ok,,2
custom-story-1785235297869,我的錢包在哪裡？,True,5,hard,0,0,媽,pinyin,Which pinyin exactly matches the lexical tones of 「媽」?,mā,mom,mā,N,"[""mà"", ""mā"", ""mǎ"", ""má""]",媽，我跟友美兩點半要去喝下午茶，可是我的錢包不見了。我把房間找了半天還是沒有，快要遲到了。,verified_v3_book_locked,ok,,2
custom-story-1785235297869,我的錢包在哪裡？,True,5,hard,0,0,媽,cloze,Choose the most contextually appropriate word for the blank.,媽,mom,mā,N,"[""週末"", ""咖啡廳"", ""巧克力""]",____，我跟友美兩點半要去喝下午茶，可是我的錢包不見了。我把房間找了半天還是沒有，快要遲到了。,verified_v3_book_locked,ok,,2
custom-story-1785235297869,我的錢包在哪裡？,True,5,hard,0,0,媽,pos,Classify the grammatical category of 「媽」 as used in the sentence.,N,mom,mā,N,"[""MW"", ""V"", ""Adv""]",媽，我跟友美兩點半要去喝下午茶，可是我的錢包不見了。我把房間找了半天還是沒有，快要遲到了。,verified_v3_book_locked,ok,,2
custom-story-1785235297869,我的錢包在哪裡？,True,5,easy,0,1,友美,translation,友美,Youmei (person’s name),Youmei (person’s name),yǒu měi,N,"[""to want / need"", ""at / in"", ""weekend""]",媽，我跟友美要去喝下午茶，可是我的錢包不在房間裡。,verified_v3_book_locked,ok,,2
custom-story-1785235297869,我的錢包在哪裡？,True,5,easy,0,1,友美,reverse,Youmei (person’s name),友美,Youmei (person’s name),yǒu měi,N,"[""在"", ""週末"", ""要"", ""友美""]",媽，我跟友美要去喝下午茶，可是我的錢包不在房間裡。,verified_v3_book_locked,ok,,2
custom-story-1785235297869,我的錢包在哪裡？,True,5,easy,0,1,友美,listening,🔊 Listen and choose the word you hear.,友美,Youmei (person’s name),yǒu měi,N,"[""友美"", ""週末"", ""要"", ""在""]",,verified_v3_book_locked,ok,,2
custom-story-1785235297869,我的錢包在哪裡？,True,5,easy,0,1,友美,pinyin,Choose the correct pinyin for 「友美」.,yǒu měi,Youmei (person’s name),yǒu měi,N,"[""yǒu měi"", ""yǒu mèi"", ""yǒu mēi"", ""yǒu méi""]",媽，我跟友美要去喝下午茶，可是我的錢包不在房間裡。,verified_v3_book_locked,ok,,2
custom-story-1785235297869,我的錢包在哪裡？,True,5,easy,0,1,友美,cloze,Complete the sentence.,友美,Youmei (person’s name),yǒu měi,N,"[""錢包"", ""週末"", ""咖啡廳""]",媽，我跟____要去喝下午茶，可是我的錢包不在房間裡。,verified_v3_book_locked,ok,,2
custom-story-1785235297869,我的錢包在哪裡？,True,5,easy,0,1,友美,pos,What is the part of speech of 「友美」?,N,Youmei (person’s name),yǒu měi,N,"[""Adv"", ""Adj"", ""Loc""]",媽，我跟友美要去喝下午茶，可是我的錢包不在房間裡。,verified_v3_book_locked,ok,,2
custom-story-1785235297869,我的錢包在哪裡？,True,5,medium,0,1,友美,translation,Choose the best English meaning of 「友美」.,Youmei (person’s name),Youmei (person’s name),yǒu měi,N,"[""afternoon tea"", ""home"", ""ice cream""]",媽，我跟友美兩點半要去喝下午茶，可是我的錢包不見了，房間裡到處都沒有。,verified_v3_book_locked,ok,,2
custom-story-1785235297869,我的錢包在哪裡？,True,5,medium,0,1,友美,reverse,Choose the Chinese word for “Youmei (person’s name)”.,友美,Youmei (person’s name),yǒu měi,N,"[""冰淇淋"", ""家"", ""友美"", ""下午茶""]",媽，我跟友美兩點半要去喝下午茶，可是我的錢包不見了，房間裡到處都沒有。,verified_v3_book_locked,ok,,2
custom-story-1785235297869,我的錢包在哪裡？,True,5,medium,0,1,友美,listening,🔊 Listen and choose the word you hear.,友美,Youmei (person’s name),yǒu měi,N,"[""冰淇淋"", ""友美"", ""下午茶"", ""家""]",,verified_v3_book_locked,ok,,2
custom-story-1785235297869,我的錢包在哪裡？,True,5,medium,0,1,友美,pinyin,Choose the correct pinyin and tone pattern for 「友美」.,yǒu měi,Youmei (person’s name),yǒu měi,N,"[""yǒu mēi"", ""yǒu méi"", ""yǒu mèi"", ""yǒu měi""]",媽，我跟友美兩點半要去喝下午茶，可是我的錢包不見了，房間裡到處都沒有。,verified_v3_book_locked,ok,,2
custom-story-1785235297869,我的錢包在哪裡？,True,5,medium,0,1,友美,cloze,Choose the word that best completes the sentence.,友美,Youmei (person’s name),yǒu měi,N,"[""媽"", ""錢包"", ""冰淇淋""]",媽，我跟____兩點半要去喝下午茶，可是我的錢包不見了，房間裡到處都沒有。,verified_v3_book_locked,ok,,2
custom-story-1785235297869,我的錢包在哪裡？,True,5,medium,0,1,友美,pos,"In this sentence, what part of speech is 「友美」?",N,Youmei (person’s name),yǒu měi,N,"[""Loc"", ""Adj"", ""MW""]",媽，我跟友美兩點半要去喝下午茶，可是我的錢包不見了，房間裡到處都沒有。,verified_v3_book_locked,ok,,2
custom-story-1785235297869,我的錢包在哪裡？,True,5,hard,0,1,友美,translation,"In 「媽，我跟友美兩點半要去喝下午茶，可是我的錢包不見了。我把房間找了半天還是沒有，快要遲到了。」, what does 「友美」 mean?",Youmei (person’s name),Youmei (person’s name),yǒu měi,N,"[""coworker"", ""older brother"", ""teacher""]",媽，我跟友美兩點半要去喝下午茶，可是我的錢包不見了。我把房間找了半天還是沒有，快要遲到了。,verified_v3_book_locked,ok,,2
custom-story-1785235297869,我的錢包在哪裡？,True,5,hard,0,1,友美,reverse,Which Chinese word best matches “Youmei (person’s name)” in this lesson context?,友美,Youmei (person’s name),yǒu měi,N,"[""同事"", ""老師"", ""友美"", ""哥哥""]",媽，我跟友美兩點半要去喝下午茶，可是我的錢包不見了。我把房間找了半天還是沒有，快要遲到了。,verified_v3_book_locked,ok,,2
custom-story-1785235297869,我的錢包在哪裡？,True,5,hard,0,1,友美,listening,🔊 Listen and choose the word you hear.,友美,Youmei (person’s name),yǒu měi,N,"[""同事"", ""哥哥"", ""友美"", ""老師""]",,verified_v3_book_locked,ok,,2
custom-story-1785235297869,我的錢包在哪裡？,True,5,hard,0,1,友美,pinyin,Which pinyin exactly matches the lexical tones of 「友美」?,yǒu měi,Youmei (person’s name),yǒu měi,N,"[""yǒu měi"", ""yǒu mēi"", ""yǒu méi"", ""yǒu mèi""]",媽，我跟友美兩點半要去喝下午茶，可是我的錢包不見了。我把房間找了半天還是沒有，快要遲到了。,verified_v3_book_locked,ok,,2
custom-story-1785235297869,我的錢包在哪裡？,True,5,hard,0,1,友美,cloze,Choose the most contextually appropriate word for the blank.,友美,Youmei (person’s name),yǒu měi,N,"[""巧克力"", ""錢包"", ""房間""]",媽，我跟____兩點半要去喝下午茶，可是我的錢包不見了。我把房間找了半天還是沒有，快要遲到了。,verified_v3_book_locked,ok,,2
custom-story-1785235297869,我的錢包在哪裡？,True,5,hard,0,1,友美,pos,Classify the grammatical category of 「友美」 as used in the sentence.,N,Youmei (person’s name),yǒu měi,N,"[""Adv"", ""Prep"", ""Adj""]",媽，我跟友美兩點半要去喝下午茶，可是我的錢包不見了。我把房間找了半天還是沒有，快要遲到了。,verified_v3_book_locked,ok,,2
custom-story-1785235297869,我的錢包在哪裡？,True,5,easy,0,2,下午茶,translation,下午茶,afternoon tea,afternoon tea,xiàwǔchá,N,"[""to do / make"", ""Youmei (person’s name)"", ""this weekend""]",媽，我跟友美要去喝下午茶，可是我的錢包不在房間裡。,verified_v3_book_locked,ok,,2
custom-story-1785235297869,我的錢包在哪裡？,True,5,easy,0,2,下午茶,reverse,afternoon tea,下午茶,afternoon tea,xiàwǔchá,N,"[""這個週末"", ""下午茶"", ""友美"", ""做""]",媽，我跟友美要去喝下午茶，可是我的錢包不在房間裡。,verified_v3_book_locked,ok,,2
custom-story-1785235297869,我的錢包在哪裡？,True,5,easy,0,2,下午茶,listening,🔊 Listen and choose the word you hear.,下午茶,afternoon tea,xiàwǔchá,N,"[""下午茶"", ""友美"", ""做"", ""這個週末""]",,verified_v3_book_locked,ok,,2
custom-story-1785235297869,我的錢包在哪裡？,True,5,easy,0,2,下午茶,pinyin,Choose the correct pinyin for 「下午茶」.,xiàwǔchá,afternoon tea,xiàwǔchá,N,"[""xiàwǔchā"", ""xiàwǔchà"", ""xiàwǔchǎ"", ""xiàwǔchá""]",媽，我跟友美要去喝下午茶，可是我的錢包不在房間裡。,verified_v3_book_locked,ok,,2
custom-story-1785235297869,我的錢包在哪裡？,True,5,easy,0,2,下午茶,cloze,Complete the sentence.,下午茶,afternoon tea,xiàwǔchá,N,"[""咖啡廳"", ""錢包"", ""冰淇淋""]",媽，我跟友美要去喝____，可是我的錢包不在房間裡。,verified_v3_book_locked,ok,,2
custom-story-1785235297869,我的錢包在哪裡？,True,5,easy,0,2,下午茶,pos,What is the part of speech of 「下午茶」?,N,afternoon tea,xiàwǔchá,N,"[""Pron"", ""V"", ""Adj""]",媽，我跟友美要去喝下午茶，可是我的錢包不在房間裡。,verified_v3_book_locked,ok,,2
custom-story-1785235297869,我的錢包在哪裡？,True,5,medium,0,2,下午茶,translation,Choose the best English meaning of 「下午茶」.,afternoon tea,afternoon tea,xiàwǔchá,N,"[""ice cream"", ""afternoon"", ""weekend""]",媽，我跟友美兩點半要去喝下午茶，可是我的錢包不見了，房間裡到處都沒有。,verified_v3_book_locked,ok,,2
custom-story-1785235297869,我的錢包在哪裡？,True,5,medium,0,2,下午茶,reverse,Choose the Chinese word for “afternoon tea”.,下午茶,afternoon tea,xiàwǔchá,N,"[""冰淇淋"", ""下午"", ""週末"", ""下午茶""]",媽，我跟友美兩點半要去喝下午茶，可是我的錢包不見了，房間裡到處都沒有。,verified_v3_book_locked,ok,,2
custom-story-1785235297869,我的錢包在哪裡？,True,5,medium,0,2,下午茶,listening,🔊 Listen and choose the word you hear.,下午茶,afternoon tea,xiàwǔchá,N,"[""週末"", ""下午茶"", ""下午"", ""冰淇淋""]",,verified_v3_book_locked,ok,,2
custom-story-1785235297869,我的錢包在哪裡？,True,5,medium,0,2,下午茶,pinyin,Choose the correct pinyin and tone pattern for 「下午茶」.,xiàwǔchá,afternoon tea,xiàwǔchá,N,"[""xiàwǔchǎ"", ""xiàwǔchà"", ""xiàwǔchá"", ""xiàwǔchā""]",媽，我跟友美兩點半要去喝下午茶，可是我的錢包不見了，房間裡到處都沒有。,verified_v3_book_locked,ok,,2
custom-story-1785235297869,我的錢包在哪裡？,True,5,medium,0,2,下午茶,cloze,Choose the word that best completes the sentence.,下午茶,afternoon tea,xiàwǔchá,N,"[""下午"", ""週末"", ""星期六""]",媽，我跟友美兩點半要去喝____，可是我的錢包不見了，房間裡到處都沒有。,verified_v3_book_locked,ok,,2
custom-story-1785235297869,我的錢包在哪裡？,True,5,medium,0,2,下午茶,pos,"In this sentence, what part of speech is 「下午茶」?",N,afternoon tea,xiàwǔchá,N,"[""Prep"", ""Pron"", ""Loc""]",媽，我跟友美兩點半要去喝下午茶，可是我的錢包不見了，房間裡到處都沒有。,verified_v3_book_locked,ok,,2
custom-story-1785235297869,我的錢包在哪裡？,True,5,hard,0,2,下午茶,translation,"In 「媽，我跟友美兩點半要去喝下午茶，可是我的錢包不見了。我把房間找了半天還是沒有，快要遲到了。」, what does 「下午茶」 mean?",afternoon tea,afternoon tea,xiàwǔchá,N,"[""chocolate"", ""coffee"", ""cake""]",媽，我跟友美兩點半要去喝下午茶，可是我的錢包不見了。我把房間找了半天還是沒有，快要遲到了。,verified_v3_book_locked,ok,,2
custom-story-1785235297869,我的錢包在哪裡？,True,5,hard,0,2,下午茶,reverse,Which Chinese word best matches “afternoon tea” in this lesson context?,下午茶,afternoon tea,xiàwǔchá,N,"[""下午茶"", ""咖啡"", ""巧克力"", ""蛋糕""]",媽，我跟友美兩點半要去喝下午茶，可是我的錢包不見了。我把房間找了半天還是沒有，快要遲到了。,verified_v3_book_locked,ok,,2
custom-story-1785235297869,我的錢包在哪裡？,True,5,hard,0,2,下午茶,listening,🔊 Listen and choose the word you hear.,下午茶,afternoon tea,xiàwǔchá,N,"[""蛋糕"", ""咖啡"", ""下午茶"", ""巧克力""]",,verified_v3_book_locked,ok,,2
custom-story-1785235297869,我的錢包在哪裡？,True,5,hard,0,2,下午茶,pinyin,Which pinyin exactly matches the lexical tones of 「下午茶」?,xiàwǔchá,afternoon tea,xiàwǔchá,N,"[""xiàwǔchà"", ""xiàwǔchā"", ""xiàwǔchǎ"", ""xiàwǔchá""]",媽，我跟友美兩點半要去喝下午茶，可是我的錢包不見了。我把房間找了半天還是沒有，快要遲到了。,verified_v3_book_locked,ok,,2
custom-story-1785235297869,我的錢包在哪裡？,True,5,hard,0,2,下午茶,cloze,Choose the most contextually appropriate word for the blank.,下午茶,afternoon tea,xiàwǔchá,N,"[""房間"", ""媽"", ""下午""]",媽，我跟友美兩點半要去喝____，可是我的錢包不見了。我把房間找了半天還是沒有，快要遲到了。,verified_v3_book_locked,ok,,2
custom-story-1785235297869,我的錢包在哪裡？,True,5,hard,0,2,下午茶,pos,Classify the grammatical category of 「下午茶」 as used in the sentence.,N,afternoon tea,xiàwǔchá,N,"[""Adv"", ""V"", ""Adj""]",媽，我跟友美兩點半要去喝下午茶，可是我的錢包不見了。我把房間找了半天還是沒有，快要遲到了。,verified_v3_book_locked,ok,,2
custom-story-1785235297869,我的錢包在哪裡？,True,5,easy,0,3,錢包,translation,錢包,wallet,wallet,qiánbāo,N,"[""what"", ""this weekend"", ""I""]",媽，我跟友美要去喝下午茶，可是我的錢包不在房間裡。,verified_v3_book_locked,ok,,2
custom-story-1785235297869,我的錢包在哪裡？,True,5,easy,0,3,錢包,reverse,wallet,錢包,wallet,qiánbāo,N,"[""這個週末"", ""我"", ""什麼"", ""錢包""]",媽，我跟友美要去喝下午茶，可是我的錢包不在房間裡。,verified_v3_book_locked,ok,,2
custom-story-1785235297869,我的錢包在哪裡？,True,5,easy,0,3,錢包,listening,🔊 Listen and choose the word you hear.,錢包,wallet,qiánbāo,N,"[""這個週末"", ""我"", ""錢包"", ""什麼""]",,verified_v3_book_locked,ok,,2
custom-story-1785235297869,我的錢包在哪裡？,True,5,easy,0,3,錢包,pinyin,Choose the correct pinyin for 「錢包」.,qiánbāo,wallet,qiánbāo,N,"[""qiánbāo"", ""qiánbào"", ""qiánbǎo"", ""qiánbáo""]",媽，我跟友美要去喝下午茶，可是我的錢包不在房間裡。,verified_v3_book_locked,ok,,2
custom-story-1785235297869,我的錢包在哪裡？,True,5,easy,0,3,錢包,cloze,Complete the sentence.,錢包,wallet,qiánbāo,N,"[""下午"", ""巧克力"", ""週末""]",媽，我跟友美要去喝下午茶，可是我的____不在房間裡。,verified_v3_book_locked,ok,,2
custom-story-1785235297869,我的錢包在哪裡？,True,5,easy,0,3,錢包,pos,What is the part of speech of 「錢包」?,N,wallet,qiánbāo,N,"[""Loc"", ""Adj"", ""Quant""]",媽，我跟友美要去喝下午茶，可是我的錢包不在房間裡。,verified_v3_book_locked,ok,,2
custom-story-1785235297869,我的錢包在哪裡？,True,5,easy,0,3,錢包,synonym,Which word or phrase is closest in meaning to 「錢包」?,皮夾,wallet,qiánbāo,N,"[""在"", ""友美"", ""要""]",媽，我跟友美要去喝下午茶，可是我的錢包不在房間裡。,verified_v3_book_locked,ok,,2
custom-story-1785235297869,我的錢包在哪裡？,True,5,medium,0,3,錢包,translation,Choose the best English meaning of 「錢包」.,wallet,wallet,qiánbāo,N,"[""home"", ""weekend"", ""ice cream""]",媽，我跟友美兩點半要去喝下午茶，可是我的錢包不見了，房間裡到處都沒有。,verified_v3_book_locked,ok,,2
custom-story-1785235297869,我的錢包在哪裡？,True,5,medium,0,3,錢包,reverse,Choose the Chinese word for “wallet”.,錢包,wallet,qiánbāo,N,"[""週末"", ""冰淇淋"", ""錢包"", ""家""]",媽，我跟友美兩點半要去喝下午茶，可是我的錢包不見了，房間裡到處都沒有。,verified_v3_book_locked,ok,,2
custom-story-1785235297869,我的錢包在哪裡？,True,5,medium,0,3,錢包,listening,🔊 Listen and choose the word you hear.,錢包,wallet,qiánbāo,N,"[""家"", ""冰淇淋"", ""週末"", ""錢包""]",,verified_v3_book_locked,ok,,2
custom-story-1785235297869,我的錢包在哪裡？,True,5,medium,0,3,錢包,pinyin,Choose the correct pinyin and tone pattern for 「錢包」.,qiánbāo,wallet,qiánbāo,N,"[""qiánbāo"", ""qiánbáo"", ""qiánbào"", ""qiánbǎo""]",媽，我跟友美兩點半要去喝下午茶，可是我的錢包不見了，房間裡到處都沒有。,verified_v3_book_locked,ok,,2
custom-story-1785235297869,我的錢包在哪裡？,True,5,medium,0,3,錢包,cloze,Choose the word that best completes the sentence.,錢包,wallet,qiánbāo,N,"[""冰淇淋"", ""下午茶"", ""週末""]",媽，我跟友美兩點半要去喝下午茶，可是我的____不見了，房間裡到處都沒有。,verified_v3_book_locked,ok,,2
custom-story-1785235297869,我的錢包在哪裡？,True,5,medium,0,3,錢包,pos,"In this sentence, what part of speech is 「錢包」?",N,wallet,qiánbāo,N,"[""Adj"", ""MW"", ""Quant""]",媽，我跟友美兩點半要去喝下午茶，可是我的錢包不見了，房間裡到處都沒有。,verified_v3_book_locked,ok,,2
custom-story-1785235297869,我的錢包在哪裡？,True,5,medium,0,3,錢包,synonym,"In this lesson context, which expression is closest in meaning to 「錢包」?",皮夾,wallet,qiánbāo,N,"[""友美"", ""家"", ""冰淇淋""]",媽，我跟友美兩點半要去喝下午茶，可是我的錢包不見了，房間裡到處都沒有。,verified_v3_book_locked,ok,,2
custom-story-1785235297869,我的錢包在哪裡？,True,5,hard,0,3,錢包,translation,"In 「媽，我跟友美兩點半要去喝下午茶，可是我的錢包不見了。我把房間找了半天還是沒有，快要遲到了。」, what does 「錢包」 mean?",wallet,wallet,qiánbāo,N,"[""clothes"", ""hat"", ""money""]",媽，我跟友美兩點半要去喝下午茶，可是我的錢包不見了。我把房間找了半天還是沒有，快要遲到了。,verified_v3_book_locked,ok,,2
custom-story-1785235297869,我的錢包在哪裡？,True,5,hard,0,3,錢包,reverse,Which Chinese word best matches “wallet” in this lesson context?,錢包,wallet,qiánbāo,N,"[""錢包"", ""帽子"", ""衣服"", ""錢""]",媽，我跟友美兩點半要去喝下午茶，可是我的錢包不見了。我把房間找了半天還是沒有，快要遲到了。,verified_v3_book_locked,ok,,2
custom-story-1785235297869,我的錢包在哪裡？,True,5,hard,0,3,錢包,listening,🔊 Listen and choose the word you hear.,錢包,wallet,qiánbāo,N,"[""錢包"", ""帽子"", ""錢"", ""衣服""]",,verified_v3_book_locked,ok,,2
custom-story-1785235297869,我的錢包在哪裡？,True,5,hard,0,3,錢包,pinyin,Which pinyin exactly matches the lexical tones of 「錢包」?,qiánbāo,wallet,qiánbāo,N,"[""qiánbǎo"", ""qiánbāo"", ""qiánbáo"", ""qiánbào""]",媽，我跟友美兩點半要去喝下午茶，可是我的錢包不見了。我把房間找了半天還是沒有，快要遲到了。,verified_v3_book_locked,ok,,2
custom-story-1785235297869,我的錢包在哪裡？,True,5,hard,0,3,錢包,cloze,Choose the most contextually appropriate word for the blank.,錢包,wallet,qiánbāo,N,"[""巧克力"", ""冰淇淋"", ""媽""]",媽，我跟友美兩點半要去喝下午茶，可是我的____不見了。我把房間找了半天還是沒有，快要遲到了。,verified_v3_book_locked,ok,,2
custom-story-1785235297869,我的錢包在哪裡？,True,5,hard,0,3,錢包,pos,Classify the grammatical category of 「錢包」 as used in the sentence.,N,wallet,qiánbāo,N,"[""V"", ""Adj"", ""MW""]",媽，我跟友美兩點半要去喝下午茶，可是我的錢包不見了。我把房間找了半天還是沒有，快要遲到了。,verified_v3_book_locked,ok,,2
custom-story-1785235297869,我的錢包在哪裡？,True,5,hard,0,3,錢包,synonym,Which expression can best replace 「錢包」 without changing the intended meaning?,皮夾,wallet,qiánbāo,N,"[""東西"", ""鞋子"", ""帽子""]",媽，我跟友美兩點半要去喝下午茶，可是我的錢包不見了。我把房間找了半天還是沒有，快要遲到了。,verified_v3_book_locked,ok,,2
custom-story-1785235297869,我的錢包在哪裡？,True,5,easy,0,4,房間,translation,房間,room,room,fángjiān,N,"[""this weekend"", ""weekend"", ""I""]",媽，我跟友美要去喝下午茶，可是我的錢包不在房間裡。,verified_v3_book_locked,ok,,2
custom-story-1785235297869,我的錢包在哪裡？,True,5,easy,0,4,房間,reverse,room,房間,room,fángjiān,N,"[""這個週末"", ""我"", ""房間"", ""週末""]",媽，我跟友美要去喝下午茶，可是我的錢包不在房間裡。,verified_v3_book_locked,ok,,2
custom-story-1785235297869,我的錢包在哪裡？,True,5,easy,0,4,房間,listening,🔊 Listen and choose the word you hear.,房間,room,fángjiān,N,"[""週末"", ""這個週末"", ""房間"", ""我""]",,verified_v3_book_locked,ok,,2
custom-story-1785235297869,我的錢包在哪裡？,True,5,easy,0,4,房間,pinyin,Choose the correct pinyin for 「房間」.,fángjiān,room,fángjiān,N,"[""fángjiān"", ""fángjiàn"", ""fángjián"", ""fángjiǎn""]",媽，我跟友美要去喝下午茶，可是我的錢包不在房間裡。,verified_v3_book_locked,ok,,2
custom-story-1785235297869,我的錢包在哪裡？,True,5,easy,0,4,房間,cloze,Complete the sentence.,房間,room,fángjiān,N,"[""咖啡廳"", ""冰淇淋"", ""友美""]",媽，我跟友美要去喝下午茶，可是我的錢包不在____裡。,verified_v3_book_locked,ok,,2
custom-story-1785235297869,我的錢包在哪裡？,True,5,easy,0,4,房間,pos,What is the part of speech of 「房間」?,N,room,fángjiān,N,"[""Loc"", ""V"", ""MW""]",媽，我跟友美要去喝下午茶，可是我的錢包不在房間裡。,verified_v3_book_locked,ok,,2
custom-story-1785235297869,我的錢包在哪裡？,True,5,medium,0,4,房間,translation,Choose the best English meaning of 「房間」.,room,room,fángjiān,N,"[""afternoon"", ""Saturday"", ""home""]",媽，我跟友美兩點半要去喝下午茶，可是我的錢包不見了，房間裡到處都沒有。,verified_v3_book_locked,ok,,2
custom-story-1785235297869,我的錢包在哪裡？,True,5,medium,0,4,房間,reverse,Choose the Chinese word for “room”.,房間,room,fángjiān,N,"[""下午"", ""家"", ""星期六"", ""房間""]",媽，我跟友美兩點半要去喝下午茶，可是我的錢包不見了，房間裡到處都沒有。,verified_v3_book_locked,ok,,2
custom-story-1785235297869,我的錢包在哪裡？,True,5,medium,0,4,房間,listening,🔊 Listen and choose the word you hear.,房間,room,fángjiān,N,"[""下午"", ""房間"", ""家"", ""星期六""]",,verified_v3_book_locked,ok,,2
custom-story-1785235297869,我的錢包在哪裡？,True,5,medium,0,4,房間,pinyin,Choose the correct pinyin and tone pattern for 「房間」.,fángjiān,room,fángjiān,N,"[""fángjián"", ""fángjiàn"", ""fángjiān"", ""fángjiǎn""]",媽，我跟友美兩點半要去喝下午茶，可是我的錢包不見了，房間裡到處都沒有。,verified_v3_book_locked,ok,,2
custom-story-1785235297869,我的錢包在哪裡？,True,5,medium,0,4,房間,cloze,Choose the word that best completes the sentence.,房間,room,fángjiān,N,"[""週末"", ""星期六"", ""友美""]",媽，我跟友美兩點半要去喝下午茶，可是我的錢包不見了，____裡到處都沒有。,verified_v3_book_locked,ok,,2
custom-story-1785235297869,我的錢包在哪裡？,True,5,medium,0,4,房間,pos,"In this sentence, what part of speech is 「房間」?",N,room,fángjiān,N,"[""Pron"", ""Quant"", ""Prep""]",媽，我跟友美兩點半要去喝下午茶，可是我的錢包不見了，房間裡到處都沒有。,verified_v3_book_locked,ok,,2
custom-story-1785235297869,我的錢包在哪裡？,True,5,hard,0,4,房間,translation,"In 「媽，我跟友美兩點半要去喝下午茶，可是我的錢包不見了。我把房間找了半天還是沒有，快要遲到了。」, what does 「房間」 mean?",room,room,fángjiān,N,"[""classroom"", ""dormitory"", ""hotel""]",媽，我跟友美兩點半要去喝下午茶，可是我的錢包不見了。我把房間找了半天還是沒有，快要遲到了。,verified_v3_book_locked,ok,,2
custom-story-1785235297869,我的錢包在哪裡？,True,5,hard,0,4,房間,reverse,Which Chinese word best matches “room” in this lesson context?,房間,room,fángjiān,N,"[""宿舍"", ""飯店"", ""教室"", ""房間""]",媽，我跟友美兩點半要去喝下午茶，可是我的錢包不見了。我把房間找了半天還是沒有，快要遲到了。,verified_v3_book_locked,ok,,2
custom-story-1785235297869,我的錢包在哪裡？,True,5,hard,0,4,房間,listening,🔊 Listen and choose the word you hear.,房間,room,fángjiān,N,"[""教室"", ""宿舍"", ""飯店"", ""房間""]",,verified_v3_book_locked,ok,,2
custom-story-1785235297869,我的錢包在哪裡？,True,5,hard,0,4,房間,pinyin,Which pinyin exactly matches the lexical tones of 「房間」?,fángjiān,room,fángjiān,N,"[""fángjián"", ""fángjiǎn"", ""fángjiān"", ""fángjiàn""]",媽，我跟友美兩點半要去喝下午茶，可是我的錢包不見了。我把房間找了半天還是沒有，快要遲到了。,verified_v3_book_locked,ok,,2
custom-story-1785235297869,我的錢包在哪裡？,True,5,hard,0,4,房間,cloze,Choose the most contextually appropriate word for the blank.,房間,room,fángjiān,N,"[""桌子"", ""錢包"", ""星期六""]",媽，我跟友美兩點半要去喝下午茶，可是我的錢包不見了。我把____找了半天還是沒有，快要遲到了。,verified_v3_book_locked,ok,,2
custom-story-1785235297869,我的錢包在哪裡？,True,5,hard,0,4,房間,pos,Classify the grammatical category of 「房間」 as used in the sentence.,N,room,fángjiān,N,"[""Adv"", ""Quant"", ""Loc""]",媽，我跟友美兩點半要去喝下午茶，可是我的錢包不見了。我把房間找了半天還是沒有，快要遲到了。,verified_v3_book_locked,ok,,2
custom-story-1785235297869,我的錢包在哪裡？,True,5,easy,1,0,客廳,translation,客廳,living room,living room,kè tīng,N,"[""at / in"", ""to do / make"", ""to want / need""]",客廳的桌子上有一個錢包，是不是你的？,verified_v3_book_locked,ok,,2
custom-story-1785235297869,我的錢包在哪裡？,True,5,easy,1,0,客廳,reverse,living room,客廳,living room,kè tīng,N,"[""客廳"", ""做"", ""在"", ""要""]",客廳的桌子上有一個錢包，是不是你的？,verified_v3_book_locked,ok,,2
custom-story-1785235297869,我的錢包在哪裡？,True,5,easy,1,0,客廳,listening,🔊 Listen and choose the word you hear.,客廳,living room,kè tīng,N,"[""做"", ""在"", ""客廳"", ""要""]",,verified_v3_book_locked,ok,,2
custom-story-1785235297869,我的錢包在哪裡？,True,5,easy,1,0,客廳,pinyin,Choose the correct pinyin for 「客廳」.,kè tīng,living room,kè tīng,N,"[""kè tíng"", ""kè tīng"", ""kè tǐng"", ""kè tìng""]",客廳的桌子上有一個錢包，是不是你的？,verified_v3_book_locked,ok,,2
custom-story-1785235297869,我的錢包在哪裡？,True,5,easy,1,0,客廳,cloze,Complete the sentence.,客廳,living room,kè tīng,N,"[""媽"", ""週末"", ""巧克力""]",____的桌子上有一個錢包，是不是你的？,verified_v3_book_locked,ok,,2
custom-story-1785235297869,我的錢包在哪裡？,True,5,easy,1,0,客廳,pos,What is the part of speech of 「客廳」?,N,living room,kè tīng,N,"[""V"", ""Quant"", ""Prep""]",客廳的桌子上有一個錢包，是不是你的？,verified_v3_book_locked,ok,,2
custom-story-1785235297869,我的錢包在哪裡？,True,5,easy,1,0,客廳,synonym,Which word or phrase is closest in meaning to 「客廳」?,起居室,living room,kè tīng,N,"[""什麼"", ""要"", ""我""]",客廳的桌子上有一個錢包，是不是你的？,verified_v3_book_locked,ok,,2
custom-story-1785235297869,我的錢包在哪裡？,True,5,medium,1,0,客廳,translation,Choose the best English meaning of 「客廳」.,living room,living room,kè tīng,N,"[""Saturday"", ""ice cream"", ""home""]",我記得客廳的桌子上有一個錢包，那個是不是你的？,verified_v3_book_locked,ok,,2
custom-story-1785235297869,我的錢包在哪裡？,True,5,medium,1,0,客廳,reverse,Choose the Chinese word for “living room”.,客廳,living room,kè tīng,N,"[""冰淇淋"", ""客廳"", ""家"", ""星期六""]",我記得客廳的桌子上有一個錢包，那個是不是你的？,verified_v3_book_locked,ok,,2
custom-story-1785235297869,我的錢包在哪裡？,True,5,medium,1,0,客廳,listening,🔊 Listen and choose the word you hear.,客廳,living room,kè tīng,N,"[""家"", ""冰淇淋"", ""星期六"", ""客廳""]",,verified_v3_book_locked,ok,,2
custom-story-1785235297869,我的錢包在哪裡？,True,5,medium,1,0,客廳,pinyin,Choose the correct pinyin and tone pattern for 「客廳」.,kè tīng,living room,kè tīng,N,"[""kè tīng"", ""kè tíng"", ""kè tǐng"", ""kè tìng""]",我記得客廳的桌子上有一個錢包，那個是不是你的？,verified_v3_book_locked,ok,,2
custom-story-1785235297869,我的錢包在哪裡？,True,5,medium,1,0,客廳,cloze,Choose the word that best completes the sentence.,客廳,living room,kè tīng,N,"[""咖啡廳"", ""下午茶"", ""下午""]",我記得____的桌子上有一個錢包，那個是不是你的？,verified_v3_book_locked,ok,,2
custom-story-1785235297869,我的錢包在哪裡？,True,5,medium,1,0,客廳,pos,"In this sentence, what part of speech is 「客廳」?",N,living room,kè tīng,N,"[""MW"", ""V"", ""Quant""]",我記得客廳的桌子上有一個錢包，那個是不是你的？,verified_v3_book_locked,ok,,2
custom-story-1785235297869,我的錢包在哪裡？,True,5,medium,1,0,客廳,synonym,"In this lesson context, which expression is closest in meaning to 「客廳」?",起居室,living room,kè tīng,N,"[""下午"", ""冰淇淋"", ""週末""]",我記得客廳的桌子上有一個錢包，那個是不是你的？,verified_v3_book_locked,ok,,2
custom-story-1785235297869,我的錢包在哪裡？,True,5,hard,1,0,客廳,translation,"In 「我剛剛看過，客廳的桌子上有一個錢包，那個是不是你的？」, what does 「客廳」 mean?",living room,living room,kè tīng,N,"[""dormitory"", ""restaurant"", ""cafe""]",我剛剛看過，客廳的桌子上有一個錢包，那個是不是你的？,verified_v3_book_locked,ok,,2
custom-story-1785235297869,我的錢包在哪裡？,True,5,hard,1,0,客廳,reverse,Which Chinese word best matches “living room” in this lesson context?,客廳,living room,kè tīng,N,"[""餐廳"", ""咖啡廳"", ""客廳"", ""宿舍""]",我剛剛看過，客廳的桌子上有一個錢包，那個是不是你的？,verified_v3_book_locked,ok,,2
custom-story-1785235297869,我的錢包在哪裡？,True,5,hard,1,0,客廳,listening,🔊 Listen and choose the word you hear.,客廳,living room,kè tīng,N,"[""客廳"", ""咖啡廳"", ""宿舍"", ""餐廳""]",,verified_v3_book_locked,ok,,2
custom-story-1785235297869,我的錢包在哪裡？,True,5,hard,1,0,客廳,pinyin,Which pinyin exactly matches the lexical tones of 「客廳」?,kè tīng,living room,kè tīng,N,"[""kè tǐng"", ""kè tīng"", ""kè tìng"", ""kè tíng""]",我剛剛看過，客廳的桌子上有一個錢包，那個是不是你的？,verified_v3_book_locked,ok,,2
custom-story-1785235297869,我的錢包在哪裡？,True,5,hard,1,0,客廳,cloze,Choose the most contextually appropriate word for the blank.,客廳,living room,kè tīng,N,"[""星期六"", ""巧克力"", ""下午茶""]",我剛剛看過，____的桌子上有一個錢包，那個是不是你的？,verified_v3_book_locked,ok,,2
custom-story-1785235297869,我的錢包在哪裡？,True,5,hard,1,0,客廳,pos,Classify the grammatical category of 「客廳」 as used in the sentence.,N,living room,kè tīng,N,"[""Quant"", ""Pron"", ""V""]",我剛剛看過，客廳的桌子上有一個錢包，那個是不是你的？,verified_v3_book_locked,ok,,2
custom-story-1785235297869,我的錢包在哪裡？,True,5,hard,1,0,客廳,synonym,Which expression can best replace 「客廳」 without changing the intended meaning?,起居室,living room,kè tīng,N,"[""家"", ""餐廳"", ""宿舍""]",我剛剛看過，客廳的桌子上有一個錢包，那個是不是你的？,verified_v3_book_locked,ok,,2
custom-story-1785235297869,我的錢包在哪裡？,True,5,easy,1,1,桌子,translation,桌子,table,table,zhuō zǐ,N,"[""Youmei (person’s name)"", ""weekend"", ""to do / make""]",客廳的桌子上有一個錢包，是不是你的？,verified_v3_book_locked,ok,,2
custom-story-1785235297869,我的錢包在哪裡？,True,5,easy,1,1,桌子,reverse,table,桌子,table,zhuō zǐ,N,"[""做"", ""週末"", ""友美"", ""桌子""]",客廳的桌子上有一個錢包，是不是你的？,verified_v3_book_locked,ok,,2
custom-story-1785235297869,我的錢包在哪裡？,True,5,easy,1,1,桌子,listening,🔊 Listen and choose the word you hear.,桌子,table,zhuō zǐ,N,"[""桌子"", ""友美"", ""週末"", ""做""]",,verified_v3_book_locked,ok,,2
custom-story-1785235297869,我的錢包在哪裡？,True,5,easy,1,1,桌子,pinyin,Choose the correct pinyin for 「桌子」.,zhuō zǐ,table,zhuō zǐ,N,"[""zhuō zǐ"", ""zhuō zì"", ""zhuō zí"", ""zhuō zī""]",客廳的桌子上有一個錢包，是不是你的？,verified_v3_book_locked,ok,,2
custom-story-1785235297869,我的錢包在哪裡？,True,5,easy,1,1,桌子,cloze,Complete the sentence.,桌子,table,zhuō zǐ,N,"[""家"", ""友美"", ""下午茶""]",客廳的____上有一個錢包，是不是你的？,verified_v3_book_locked,ok,,2
custom-story-1785235297869,我的錢包在哪裡？,True,5,easy,1,1,桌子,pos,What is the part of speech of 「桌子」?,N,table,zhuō zǐ,N,"[""Adv"", ""Adj"", ""MW""]",客廳的桌子上有一個錢包，是不是你的？,verified_v3_book_locked,ok,,2
custom-story-1785235297869,我的錢包在哪裡？,True,5,easy,1,1,桌子,synonym,Which word or phrase is closest in meaning to 「桌子」?,桌,table,zhuō zǐ,N,"[""在"", ""週末"", ""友美""]",客廳的桌子上有一個錢包，是不是你的？,verified_v3_book_locked,ok,,2
custom-story-1785235297869,我的錢包在哪裡？,True,5,medium,1,1,桌子,translation,Choose the best English meaning of 「桌子」.,table,table,zhuō zǐ,N,"[""cafe"", ""afternoon"", ""home""]",我記得客廳的桌子上有一個錢包，那個是不是你的？,verified_v3_book_locked,ok,,2
custom-story-1785235297869,我的錢包在哪裡？,True,5,medium,1,1,桌子,reverse,Choose the Chinese word for “table”.,桌子,table,zhuō zǐ,N,"[""家"", ""咖啡廳"", ""下午"", ""桌子""]",我記得客廳的桌子上有一個錢包，那個是不是你的？,verified_v3_book_locked,ok,,2
custom-story-1785235297869,我的錢包在哪裡？,True,5,medium,1,1,桌子,listening,🔊 Listen and choose the word you hear.,桌子,table,zhuō zǐ,N,"[""咖啡廳"", ""家"", ""下午"", ""桌子""]",,verified_v3_book_locked,ok,,2
custom-story-1785235297869,我的錢包在哪裡？,True,5,medium,1,1,桌子,pinyin,Choose the correct pinyin and tone pattern for 「桌子」.,zhuō zǐ,table,zhuō zǐ,N,"[""zhuō zǐ"", ""zhuō zí"", ""zhuō zì"", ""zhuō zī""]",我記得客廳的桌子上有一個錢包，那個是不是你的？,verified_v3_book_locked,ok,,2
custom-story-1785235297869,我的錢包在哪裡？,True,5,medium,1,1,桌子,cloze,Choose the word that best completes the sentence.,桌子,table,zhuō zǐ,N,"[""冰淇淋"", ""巧克力"", ""下午茶""]",我記得客廳的____上有一個錢包，那個是不是你的？,verified_v3_book_locked,ok,,2
custom-story-1785235297869,我的錢包在哪裡？,True,5,medium,1,1,桌子,pos,"In this sentence, what part of speech is 「桌子」?",N,table,zhuō zǐ,N,"[""V"", ""Pron"", ""Loc""]",我記得客廳的桌子上有一個錢包，那個是不是你的？,verified_v3_book_locked,ok,,2
custom-story-1785235297869,我的錢包在哪裡？,True,5,medium,1,1,桌子,synonym,"In this lesson context, which expression is closest in meaning to 「桌子」?",桌,table,zhuō zǐ,N,"[""下午"", ""友美"", ""星期六""]",我記得客廳的桌子上有一個錢包，那個是不是你的？,verified_v3_book_locked,ok,,2
custom-story-1785235297869,我的錢包在哪裡？,True,5,hard,1,1,桌子,translation,"In 「我剛剛看過，客廳的桌子上有一個錢包，那個是不是你的？」, what does 「桌子」 mean?",table,table,zhuō zǐ,N,"[""chair"", ""TV"", ""door""]",我剛剛看過，客廳的桌子上有一個錢包，那個是不是你的？,verified_v3_book_locked,ok,,2
custom-story-1785235297869,我的錢包在哪裡？,True,5,hard,1,1,桌子,reverse,Which Chinese word best matches “table” in this lesson context?,桌子,table,zhuō zǐ,N,"[""椅子"", ""電視機"", ""門"", ""桌子""]",我剛剛看過，客廳的桌子上有一個錢包，那個是不是你的？,verified_v3_book_locked,ok,,2
custom-story-1785235297869,我的錢包在哪裡？,True,5,hard,1,1,桌子,listening,🔊 Listen and choose the word you hear.,桌子,table,zhuō zǐ,N,"[""門"", ""椅子"", ""桌子"", ""電視機""]",,verified_v3_book_locked,ok,,2
custom-story-1785235297869,我的錢包在哪裡？,True,5,hard,1,1,桌子,pinyin,Which pinyin exactly matches the lexical tones of 「桌子」?,zhuō zǐ,table,zhuō zǐ,N,"[""zhuō zī"", ""zhuō zì"", ""zhuō zǐ"", ""zhuō zí""]",我剛剛看過，客廳的桌子上有一個錢包，那個是不是你的？,verified_v3_book_locked,ok,,2
custom-story-1785235297869,我的錢包在哪裡？,True,5,hard,1,1,桌子,cloze,Choose the most contextually appropriate word for the blank.,桌子,table,zhuō zǐ,N,"[""友美"", ""媽"", ""週末""]",我剛剛看過，客廳的____上有一個錢包，那個是不是你的？,verified_v3_book_locked,ok,,2
custom-story-1785235297869,我的錢包在哪裡？,True,5,hard,1,1,桌子,pos,Classify the grammatical category of 「桌子」 as used in the sentence.,N,table,zhuō zǐ,N,"[""Loc"", ""Prep"", ""MW""]",我剛剛看過，客廳的桌子上有一個錢包，那個是不是你的？,verified_v3_book_locked,ok,,2
custom-story-1785235297869,我的錢包在哪裡？,True,5,hard,1,1,桌子,synonym,Which expression can best replace 「桌子」 without changing the intended meaning?,桌,table,zhuō zǐ,N,"[""衣櫃"", ""床"", ""燈""]",我剛剛看過，客廳的桌子上有一個錢包，那個是不是你的？,verified_v3_book_locked,ok,,2
custom-story-1785235297869,我的錢包在哪裡？,True,5,easy,1,2,錢包,translation,錢包,wallet,wallet,qiánbāo,N,"[""at / in"", ""this weekend"", ""what""]",客廳的桌子上有一個錢包，是不是你的？,verified_v3_book_locked,ok,,2
custom-story-1785235297869,我的錢包在哪裡？,True,5,easy,1,2,錢包,reverse,wallet,錢包,wallet,qiánbāo,N,"[""這個週末"", ""什麼"", ""錢包"", ""在""]",客廳的桌子上有一個錢包，是不是你的？,verified_v3_book_locked,ok,,2
custom-story-1785235297869,我的錢包在哪裡？,True,5,easy,1,2,錢包,listening,🔊 Listen and choose the word you hear.,錢包,wallet,qiánbāo,N,"[""在"", ""這個週末"", ""錢包"", ""什麼""]",,verified_v3_book_locked,ok,,2
custom-story-1785235297869,我的錢包在哪裡？,True,5,easy,1,2,錢包,pinyin,Choose the correct pinyin for 「錢包」.,qiánbāo,wallet,qiánbāo,N,"[""qiánbào"", ""qiánbáo"", ""qiánbǎo"", ""qiánbāo""]",客廳的桌子上有一個錢包，是不是你的？,verified_v3_book_locked,ok,,2
custom-story-1785235297869,我的錢包在哪裡？,True,5,easy,1,2,錢包,cloze,Complete the sentence.,錢包,wallet,qiánbāo,N,"[""下午茶"", ""咖啡廳"", ""週末""]",客廳的桌子上有一個____，是不是你的？,verified_v3_book_locked,ok,,2
custom-story-1785235297869,我的錢包在哪裡？,True,5,easy,1,2,錢包,pos,What is the part of speech of 「錢包」?,N,wallet,qiánbāo,N,"[""Loc"", ""Adj"", ""Quant""]",客廳的桌子上有一個錢包，是不是你的？,verified_v3_book_locked,ok,,2
custom-story-1785235297869,我的錢包在哪裡？,True,5,easy,1,2,錢包,synonym,Which word or phrase is closest in meaning to 「錢包」?,皮夾,wallet,qiánbāo,N,"[""週末"", ""我"", ""友美""]",客廳的桌子上有一個錢包，是不是你的？,verified_v3_book_locked,ok,,2
custom-story-1785235297869,我的錢包在哪裡？,True,5,medium,1,2,錢包,translation,Choose the best English meaning of 「錢包」.,wallet,wallet,qiánbāo,N,"[""afternoon"", ""Youmei (person’s name)"", ""home""]",我記得客廳的桌子上有一個錢包，那個是不是你的？,verified_v3_book_locked,ok,,2
custom-story-1785235297869,我的錢包在哪裡？,True,5,medium,1,2,錢包,reverse,Choose the Chinese word for “wallet”.,錢包,wallet,qiánbāo,N,"[""下午"", ""友美"", ""錢包"", ""家""]",我記得客廳的桌子上有一個錢包，那個是不是你的？,verified_v3_book_locked,ok,,2
custom-story-1785235297869,我的錢包在哪裡？,True,5,medium,1,2,錢包,listening,🔊 Listen and choose the word you hear.,錢包,wallet,qiánbāo,N,"[""家"", ""錢包"", ""下午"", ""友美""]",,verified_v3_book_locked,ok,,2
custom-story-1785235297869,我的錢包在哪裡？,True,5,medium,1,2,錢包,pinyin,Choose the correct pinyin and tone pattern for 「錢包」.,qiánbāo,wallet,qiánbāo,N,"[""qiánbào"", ""qiánbáo"", ""qiánbāo"", ""qiánbǎo""]",我記得客廳的桌子上有一個錢包，那個是不是你的？,verified_v3_book_locked,ok,,2
custom-story-1785235297869,我的錢包在哪裡？,True,5,medium,1,2,錢包,cloze,Choose the word that best completes the sentence.,錢包,wallet,qiánbāo,N,"[""咖啡廳"", ""冰淇淋"", ""友美""]",我記得客廳的桌子上有一個____，那個是不是你的？,verified_v3_book_locked,ok,,2
custom-story-1785235297869,我的錢包在哪裡？,True,5,medium,1,2,錢包,pos,"In this sentence, what part of speech is 「錢包」?",N,wallet,qiánbāo,N,"[""Adj"", ""MW"", ""Quant""]",我記得客廳的桌子上有一個錢包，那個是不是你的？,verified_v3_book_locked,ok,,2
custom-story-1785235297869,我的錢包在哪裡？,True,5,medium,1,2,錢包,synonym,"In this lesson context, which expression is closest in meaning to 「錢包」?",皮夾,wallet,qiánbāo,N,"[""週末"", ""冰淇淋"", ""下午茶""]",我記得客廳的桌子上有一個錢包，那個是不是你的？,verified_v3_book_locked,ok,,2
custom-story-1785235297869,我的錢包在哪裡？,True,5,hard,1,2,錢包,translation,"In 「我剛剛看過，客廳的桌子上有一個錢包，那個是不是你的？」, what does 「錢包」 mean?",wallet,wallet,qiánbāo,N,"[""shoes"", ""thing / item"", ""pants""]",我剛剛看過，客廳的桌子上有一個錢包，那個是不是你的？,verified_v3_book_locked,ok,,2
custom-story-1785235297869,我的錢包在哪裡？,True,5,hard,1,2,錢包,reverse,Which Chinese word best matches “wallet” in this lesson context?,錢包,wallet,qiánbāo,N,"[""鞋子"", ""褲子"", ""錢包"", ""東西""]",我剛剛看過，客廳的桌子上有一個錢包，那個是不是你的？,verified_v3_book_locked,ok,,2
custom-story-1785235297869,我的錢包在哪裡？,True,5,hard,1,2,錢包,listening,🔊 Listen and choose the word you hear.,錢包,wallet,qiánbāo,N,"[""鞋子"", ""東西"", ""錢包"", ""褲子""]",,verified_v3_book_locked,ok,,2
custom-story-1785235297869,我的錢包在哪裡？,True,5,hard,1,2,錢包,pinyin,Which pinyin exactly matches the lexical tones of 「錢包」?,qiánbāo,wallet,qiánbāo,N,"[""qiánbāo"", ""qiánbào"", ""qiánbǎo"", ""qiánbáo""]",我剛剛看過，客廳的桌子上有一個錢包，那個是不是你的？,verified_v3_book_locked,ok,,2
custom-story-1785235297869,我的錢包在哪裡？,True,5,hard,1,2,錢包,cloze,Choose the most contextually appropriate word for the blank.,錢包,wallet,qiánbāo,N,"[""家"", ""下午茶"", ""巧克力""]",我剛剛看過，客廳的桌子上有一個____，那個是不是你的？,verified_v3_book_locked,ok,,2
custom-story-1785235297869,我的錢包在哪裡？,True,5,hard,1,2,錢包,pos,Classify the grammatical category of 「錢包」 as used in the sentence.,N,wallet,qiánbāo,N,"[""V"", ""Adj"", ""MW""]",我剛剛看過，客廳的桌子上有一個錢包，那個是不是你的？,verified_v3_book_locked,ok,,2
custom-story-1785235297869,我的錢包在哪裡？,True,5,hard,1,2,錢包,synonym,Which expression can best replace 「錢包」 without changing the intended meaning?,皮夾,wallet,qiánbāo,N,"[""外套"", ""裙子"", ""衣服""]",我剛剛看過，客廳的桌子上有一個錢包，那個是不是你的？,verified_v3_book_locked,ok,,2
custom-story-1785235297869,我的錢包在哪裡？,True,5,easy,2,0,哥哥,translation,哥哥,older brother,older brother,gēge,N,"[""to want / need"", ""Youmei (person’s name)"", ""weekend""]",那不是我的，是哥哥的。我的錢包不在客廳裡。,verified_v3_book_locked,ok,,2
custom-story-1785235297869,我的錢包在哪裡？,True,5,easy,2,0,哥哥,reverse,older brother,哥哥,older brother,gēge,N,"[""友美"", ""哥哥"", ""週末"", ""要""]",那不是我的，是哥哥的。我的錢包不在客廳裡。,verified_v3_book_locked,ok,,2
custom-story-1785235297869,我的錢包在哪裡？,True,5,easy,2,0,哥哥,listening,🔊 Listen and choose the word you hear.,哥哥,older brother,gēge,N,"[""要"", ""友美"", ""哥哥"", ""週末""]",,verified_v3_book_locked,ok,,2
custom-story-1785235297869,我的錢包在哪裡？,True,5,easy,2,0,哥哥,pinyin,Choose the correct pinyin for 「哥哥」.,gēge,older brother,gēge,N,"[""gège"", ""gége"", ""gěge"", ""gēge""]",那不是我的，是哥哥的。我的錢包不在客廳裡。,verified_v3_book_locked,ok,,2
custom-story-1785235297869,我的錢包在哪裡？,True,5,easy,2,0,哥哥,cloze,Complete the sentence.,哥哥,older brother,gēge,N,"[""媽"", ""星期六"", ""咖啡廳""]",那不是我的，是____的。我的錢包不在客廳裡。,verified_v3_book_locked,ok,,2
custom-story-1785235297869,我的錢包在哪裡？,True,5,easy,2,0,哥哥,pos,What is the part of speech of 「哥哥」?,N,older brother,gēge,N,"[""Loc"", ""MW"", ""Adv""]",那不是我的，是哥哥的。我的錢包不在客廳裡。,verified_v3_book_locked,ok,,2
custom-story-1785235297869,我的錢包在哪裡？,True,5,medium,2,0,哥哥,translation,Choose the best English meaning of 「哥哥」.,older brother,older brother,gēge,N,"[""home"", ""cafe"", ""Youmei (person’s name)""]",那個錢包不是我的，是哥哥的。客廳我每個地方都看了，真的沒有。,verified_v3_book_locked,ok,,2
custom-story-1785235297869,我的錢包在哪裡？,True,5,medium,2,0,哥哥,reverse,Choose the Chinese word for “older brother”.,哥哥,older brother,gēge,N,"[""哥哥"", ""家"", ""咖啡廳"", ""友美""]",那個錢包不是我的，是哥哥的。客廳我每個地方都看了，真的沒有。,verified_v3_book_locked,ok,,2
custom-story-1785235297869,我的錢包在哪裡？,True,5,medium,2,0,哥哥,listening,🔊 Listen and choose the word you hear.,哥哥,older brother,gēge,N,"[""家"", ""友美"", ""咖啡廳"", ""哥哥""]",,verified_v3_book_locked,ok,,2
custom-story-1785235297869,我的錢包在哪裡？,True,5,medium,2,0,哥哥,pinyin,Choose the correct pinyin and tone pattern for 「哥哥」.,gēge,older brother,gēge,N,"[""gège"", ""gēge"", ""gége"", ""gěge""]",那個錢包不是我的，是哥哥的。客廳我每個地方都看了，真的沒有。,verified_v3_book_locked,ok,,2
custom-story-1785235297869,我的錢包在哪裡？,True,5,medium,2,0,哥哥,cloze,Choose the word that best completes the sentence.,哥哥,older brother,gēge,N,"[""巧克力"", ""冰淇淋"", ""咖啡廳""]",那個錢包不是我的，是____的。客廳我每個地方都看了，真的沒有。,verified_v3_book_locked,ok,,2
custom-story-1785235297869,我的錢包在哪裡？,True,5,medium,2,0,哥哥,pos,"In this sentence, what part of speech is 「哥哥」?",N,older brother,gēge,N,"[""Pron"", ""MW"", ""Adv""]",那個錢包不是我的，是哥哥的。客廳我每個地方都看了，真的沒有。,verified_v3_book_locked,ok,,2
custom-story-1785235297869,我的錢包在哪裡？,True,5,hard,2,0,哥哥,translation,"In 「那個錢包比我的大一點，是哥哥的。客廳我也找過了，真的沒有。」, what does 「哥哥」 mean?",older brother,older brother,gēge,N,"[""teacher"", ""mom"", ""coworker""]",那個錢包比我的大一點，是哥哥的。客廳我也找過了，真的沒有。,verified_v3_book_locked,ok,,2
custom-story-1785235297869,我的錢包在哪裡？,True,5,hard,2,0,哥哥,reverse,Which Chinese word best matches “older brother” in this lesson context?,哥哥,older brother,gēge,N,"[""同事"", ""老師"", ""媽"", ""哥哥""]",那個錢包比我的大一點，是哥哥的。客廳我也找過了，真的沒有。,verified_v3_book_locked,ok,,2
custom-story-1785235297869,我的錢包在哪裡？,True,5,hard,2,0,哥哥,listening,🔊 Listen and choose the word you hear.,哥哥,older brother,gēge,N,"[""哥哥"", ""老師"", ""同事"", ""媽""]",,verified_v3_book_locked,ok,,2
custom-story-1785235297869,我的錢包在哪裡？,True,5,hard,2,0,哥哥,pinyin,Which pinyin exactly matches the lexical tones of 「哥哥」?,gēge,older brother,gēge,N,"[""gěge"", ""gége"", ""gēge"", ""gège""]",那個錢包比我的大一點，是哥哥的。客廳我也找過了，真的沒有。,verified_v3_book_locked,ok,,2
custom-story-1785235297869,我的錢包在哪裡？,True,5,hard,2,0,哥哥,cloze,Choose the most contextually appropriate word for the blank.,哥哥,older brother,gēge,N,"[""下午茶"", ""房間"", ""下午""]",那個錢包比我的大一點，是____的。客廳我也找過了，真的沒有。,verified_v3_book_locked,ok,,2
custom-story-1785235297869,我的錢包在哪裡？,True,5,hard,2,0,哥哥,pos,Classify the grammatical category of 「哥哥」 as used in the sentence.,N,older brother,gēge,N,"[""Adv"", ""Pron"", ""Adj""]",那個錢包比我的大一點，是哥哥的。客廳我也找過了，真的沒有。,verified_v3_book_locked,ok,,2
custom-story-1785235297869,我的錢包在哪裡？,True,5,easy,2,1,錢包,translation,錢包,wallet,wallet,qiánbāo,N,"[""at / in"", ""Youmei (person’s name)"", ""this weekend""]",那不是我的，是哥哥的。我的錢包不在客廳裡。,verified_v3_book_locked,ok,,2
custom-story-1785235297869,我的錢包在哪裡？,True,5,easy,2,1,錢包,reverse,wallet,錢包,wallet,qiánbāo,N,"[""錢包"", ""在"", ""這個週末"", ""友美""]",那不是我的，是哥哥的。我的錢包不在客廳裡。,verified_v3_book_locked,ok,,2
custom-story-1785235297869,我的錢包在哪裡？,True,5,easy,2,1,錢包,listening,🔊 Listen and choose the word you hear.,錢包,wallet,qiánbāo,N,"[""錢包"", ""在"", ""這個週末"", ""友美""]",,verified_v3_book_locked,ok,,2
custom-story-1785235297869,我的錢包在哪裡？,True,5,easy,2,1,錢包,pinyin,Choose the correct pinyin for 「錢包」.,qiánbāo,wallet,qiánbāo,N,"[""qiánbào"", ""qiánbǎo"", ""qiánbáo"", ""qiánbāo""]",那不是我的，是哥哥的。我的錢包不在客廳裡。,verified_v3_book_locked,ok,,2
custom-story-1785235297869,我的錢包在哪裡？,True,5,easy,2,1,錢包,cloze,Complete the sentence.,錢包,wallet,qiánbāo,N,"[""週末"", ""冰淇淋"", ""媽""]",那不是我的，是哥哥的。我的____不在客廳裡。,verified_v3_book_locked,ok,,2
custom-story-1785235297869,我的錢包在哪裡？,True,5,easy,2,1,錢包,pos,What is the part of speech of 「錢包」?,N,wallet,qiánbāo,N,"[""Loc"", ""Adj"", ""Quant""]",那不是我的，是哥哥的。我的錢包不在客廳裡。,verified_v3_book_locked,ok,,2
custom-story-1785235297869,我的錢包在哪裡？,True,5,easy,2,1,錢包,synonym,Which word or phrase is closest in meaning to 「錢包」?,皮夾,wallet,qiánbāo,N,"[""這個週末"", ""什麼"", ""週末""]",那不是我的，是哥哥的。我的錢包不在客廳裡。,verified_v3_book_locked,ok,,2
custom-story-1785235297869,我的錢包在哪裡？,True,5,medium,2,1,錢包,translation,Choose the best English meaning of 「錢包」.,wallet,wallet,qiánbāo,N,"[""cafe"", ""home"", ""Saturday""]",那個錢包不是我的，是哥哥的。客廳我每個地方都看了，真的沒有。,verified_v3_book_locked,ok,,2
custom-story-1785235297869,我的錢包在哪裡？,True,5,medium,2,1,錢包,reverse,Choose the Chinese word for “wallet”.,錢包,wallet,qiánbāo,N,"[""家"", ""咖啡廳"", ""星期六"", ""錢包""]",那個錢包不是我的，是哥哥的。客廳我每個地方都看了，真的沒有。,verified_v3_book_locked,ok,,2
custom-story-1785235297869,我的錢包在哪裡？,True,5,medium,2,1,錢包,listening,🔊 Listen and choose the word you hear.,錢包,wallet,qiánbāo,N,"[""錢包"", ""家"", ""咖啡廳"", ""星期六""]",,verified_v3_book_locked,ok,,2
custom-story-1785235297869,我的錢包在哪裡？,True,5,medium,2,1,錢包,pinyin,Choose the correct pinyin and tone pattern for 「錢包」.,qiánbāo,wallet,qiánbāo,N,"[""qiánbáo"", ""qiánbǎo"", ""qiánbāo"", ""qiánbào""]",那個錢包不是我的，是哥哥的。客廳我每個地方都看了，真的沒有。,verified_v3_book_locked,ok,,2
custom-story-1785235297869,我的錢包在哪裡？,True,5,medium,2,1,錢包,cloze,Choose the word that best completes the sentence.,錢包,wallet,qiánbāo,N,"[""媽"", ""友美"", ""下午茶""]",那個____不是我的，是哥哥的。客廳我每個地方都看了，真的沒有。,verified_v3_book_locked,ok,,2
custom-story-1785235297869,我的錢包在哪裡？,True,5,medium,2,1,錢包,pos,"In this sentence, what part of speech is 「錢包」?",N,wallet,qiánbāo,N,"[""Adj"", ""MW"", ""Quant""]",那個錢包不是我的，是哥哥的。客廳我每個地方都看了，真的沒有。,verified_v3_book_locked,ok,,2
custom-story-1785235297869,我的錢包在哪裡？,True,5,medium,2,1,錢包,synonym,"In this lesson context, which expression is closest in meaning to 「錢包」?",皮夾,wallet,qiánbāo,N,"[""家"", ""週末"", ""下午""]",那個錢包不是我的，是哥哥的。客廳我每個地方都看了，真的沒有。,verified_v3_book_locked,ok,,2
custom-story-1785235297869,我的錢包在哪裡？,True,5,hard,2,1,錢包,translation,"In 「那個錢包比我的大一點，是哥哥的。客廳我也找過了，真的沒有。」, what does 「錢包」 mean?",wallet,wallet,qiánbāo,N,"[""thing / item"", ""pants"", ""hat""]",那個錢包比我的大一點，是哥哥的。客廳我也找過了，真的沒有。,verified_v3_book_locked,ok,,2
custom-story-1785235297869,我的錢包在哪裡？,True,5,hard,2,1,錢包,reverse,Which Chinese word best matches “wallet” in this lesson context?,錢包,wallet,qiánbāo,N,"[""帽子"", ""褲子"", ""錢包"", ""東西""]",那個錢包比我的大一點，是哥哥的。客廳我也找過了，真的沒有。,verified_v3_book_locked,ok,,2
custom-story-1785235297869,我的錢包在哪裡？,True,5,hard,2,1,錢包,listening,🔊 Listen and choose the word you hear.,錢包,wallet,qiánbāo,N,"[""錢包"", ""東西"", ""褲子"", ""帽子""]",,verified_v3_book_locked,ok,,2
custom-story-1785235297869,我的錢包在哪裡？,True,5,hard,2,1,錢包,pinyin,Which pinyin exactly matches the lexical tones of 「錢包」?,qiánbāo,wallet,qiánbāo,N,"[""qiánbāo"", ""qiánbáo"", ""qiánbǎo"", ""qiánbào""]",那個錢包比我的大一點，是哥哥的。客廳我也找過了，真的沒有。,verified_v3_book_locked,ok,,2
custom-story-1785235297869,我的錢包在哪裡？,True,5,hard,2,1,錢包,cloze,Choose the most contextually appropriate word for the blank.,錢包,wallet,qiánbāo,N,"[""下午"", ""週末"", ""冰淇淋""]",那個____比我的大一點，是哥哥的。客廳我也找過了，真的沒有。,verified_v3_book_locked,ok,,2
custom-story-1785235297869,我的錢包在哪裡？,True,5,hard,2,1,錢包,pos,Classify the grammatical category of 「錢包」 as used in the sentence.,N,wallet,qiánbāo,N,"[""V"", ""Adj"", ""MW""]",那個錢包比我的大一點，是哥哥的。客廳我也找過了，真的沒有。,verified_v3_book_locked,ok,,2
custom-story-1785235297869,我的錢包在哪裡？,True,5,hard,2,1,錢包,synonym,Which expression can best replace 「錢包」 without changing the intended meaning?,皮夾,wallet,qiánbāo,N,"[""帽子"", ""褲子"", ""鞋子""]",那個錢包比我的大一點，是哥哥的。客廳我也找過了，真的沒有。,verified_v3_book_locked,ok,,2
custom-story-1785235297869,我的錢包在哪裡？,True,5,easy,2,2,客廳,translation,客廳,living room,living room,kè tīng,N,"[""at / in"", ""Youmei (person’s name)"", ""this weekend""]",那不是我的，是哥哥的。我的錢包不在客廳裡。,verified_v3_book_locked,ok,,2
custom-story-1785235297869,我的錢包在哪裡？,True,5,easy,2,2,客廳,reverse,living room,客廳,living room,kè tīng,N,"[""這個週末"", ""在"", ""友美"", ""客廳""]",那不是我的，是哥哥的。我的錢包不在客廳裡。,verified_v3_book_locked,ok,,2
custom-story-1785235297869,我的錢包在哪裡？,True,5,easy,2,2,客廳,listening,🔊 Listen and choose the word you hear.,客廳,living room,kè tīng,N,"[""友美"", ""客廳"", ""這個週末"", ""在""]",,verified_v3_book_locked,ok,,2
custom-story-1785235297869,我的錢包在哪裡？,True,5,easy,2,2,客廳,pinyin,Choose the correct pinyin for 「客廳」.,kè tīng,living room,kè tīng,N,"[""kè tíng"", ""kè tìng"", ""kè tīng"", ""kè tǐng""]",那不是我的，是哥哥的。我的錢包不在客廳裡。,verified_v3_book_locked,ok,,2
custom-story-1785235297869,我的錢包在哪裡？,True,5,easy,2,2,客廳,cloze,Complete the sentence.,客廳,living room,kè tīng,N,"[""下午茶"", ""巧克力"", ""下午""]",那不是我的，是哥哥的。我的錢包不在____裡。,verified_v3_book_locked,ok,,2
custom-story-1785235297869,我的錢包在哪裡？,True,5,easy,2,2,客廳,pos,What is the part of speech of 「客廳」?,N,living room,kè tīng,N,"[""V"", ""Quant"", ""Prep""]",那不是我的，是哥哥的。我的錢包不在客廳裡。,verified_v3_book_locked,ok,,2
custom-story-1785235297869,我的錢包在哪裡？,True,5,easy,2,2,客廳,synonym,Which word or phrase is closest in meaning to 「客廳」?,起居室,living room,kè tīng,N,"[""友美"", ""做"", ""要""]",那不是我的，是哥哥的。我的錢包不在客廳裡。,verified_v3_book_locked,ok,,2
custom-story-1785235297869,我的錢包在哪裡？,True,5,medium,2,2,客廳,translation,Choose the best English meaning of 「客廳」.,living room,living room,kè tīng,N,"[""home"", ""afternoon tea"", ""weekend""]",那個錢包不是我的，是哥哥的。客廳我每個地方都看了，真的沒有。,verified_v3_book_locked,ok,,2
custom-story-1785235297869,我的錢包在哪裡？,True,5,medium,2,2,客廳,reverse,Choose the Chinese word for “living room”.,客廳,living room,kè tīng,N,"[""下午茶"", ""家"", ""週末"", ""客廳""]",那個錢包不是我的，是哥哥的。客廳我每個地方都看了，真的沒有。,verified_v3_book_locked,ok,,2
custom-story-1785235297869,我的錢包在哪裡？,True,5,medium,2,2,客廳,listening,🔊 Listen and choose the word you hear.,客廳,living room,kè tīng,N,"[""週末"", ""客廳"", ""下午茶"", ""家""]",,verified_v3_book_locked,ok,,2
custom-story-1785235297869,我的錢包在哪裡？,True,5,medium,2,2,客廳,pinyin,Choose the correct pinyin and tone pattern for 「客廳」.,kè tīng,living room,kè tīng,N,"[""kè tīng"", ""kè tìng"", ""kè tǐng"", ""kè tíng""]",那個錢包不是我的，是哥哥的。客廳我每個地方都看了，真的沒有。,verified_v3_book_locked,ok,,2
custom-story-1785235297869,我的錢包在哪裡？,True,5,medium,2,2,客廳,cloze,Choose the word that best completes the sentence.,客廳,living room,kè tīng,N,"[""下午"", ""家"", ""下午茶""]",那個錢包不是我的，是哥哥的。____我每個地方都看了，真的沒有。,verified_v3_book_locked,ok,,2
custom-story-1785235297869,我的錢包在哪裡？,True,5,medium,2,2,客廳,pos,"In this sentence, what part of speech is 「客廳」?",N,living room,kè tīng,N,"[""MW"", ""V"", ""Quant""]",那個錢包不是我的，是哥哥的。客廳我每個地方都看了，真的沒有。,verified_v3_book_locked,ok,,2
custom-story-1785235297869,我的錢包在哪裡？,True,5,medium,2,2,客廳,synonym,"In this lesson context, which expression is closest in meaning to 「客廳」?",起居室,living room,kè tīng,N,"[""家"", ""友美"", ""星期六""]",那個錢包不是我的，是哥哥的。客廳我每個地方都看了，真的沒有。,verified_v3_book_locked,ok,,2
custom-story-1785235297869,我的錢包在哪裡？,True,5,hard,2,2,客廳,translation,"In 「那個錢包比我的大一點，是哥哥的。客廳我也找過了，真的沒有。」, what does 「客廳」 mean?",living room,living room,kè tīng,N,"[""supermarket"", ""hotel"", ""bank""]",那個錢包比我的大一點，是哥哥的。客廳我也找過了，真的沒有。,verified_v3_book_locked,ok,,2
custom-story-1785235297869,我的錢包在哪裡？,True,5,hard,2,2,客廳,reverse,Which Chinese word best matches “living room” in this lesson context?,客廳,living room,kè tīng,N,"[""超級市場"", ""銀行"", ""飯店"", ""客廳""]",那個錢包比我的大一點，是哥哥的。客廳我也找過了，真的沒有。,verified_v3_book_locked,ok,,2
custom-story-1785235297869,我的錢包在哪裡？,True,5,hard,2,2,客廳,listening,🔊 Listen and choose the word you hear.,客廳,living room,kè tīng,N,"[""飯店"", ""客廳"", ""超級市場"", ""銀行""]",,verified_v3_book_locked,ok,,2
custom-story-1785235297869,我的錢包在哪裡？,True,5,hard,2,2,客廳,pinyin,Which pinyin exactly matches the lexical tones of 「客廳」?,kè tīng,living room,kè tīng,N,"[""kè tìng"", ""kè tīng"", ""kè tǐng"", ""kè tíng""]",那個錢包比我的大一點，是哥哥的。客廳我也找過了，真的沒有。,verified_v3_book_locked,ok,,2
custom-story-1785235297869,我的錢包在哪裡？,True,5,hard,2,2,客廳,cloze,Choose the most contextually appropriate word for the blank.,客廳,living room,kè tīng,N,"[""友美"", ""媽"", ""下午""]",那個錢包比我的大一點，是哥哥的。____我也找過了，真的沒有。,verified_v3_book_locked,ok,,2
custom-story-1785235297869,我的錢包在哪裡？,True,5,hard,2,2,客廳,pos,Classify the grammatical category of 「客廳」 as used in the sentence.,N,living room,kè tīng,N,"[""Quant"", ""Pron"", ""V""]",那個錢包比我的大一點，是哥哥的。客廳我也找過了，真的沒有。,verified_v3_book_locked,ok,,2
custom-story-1785235297869,我的錢包在哪裡？,True,5,hard,2,2,客廳,synonym,Which expression can best replace 「客廳」 without changing the intended meaning?,起居室,living room,kè tīng,N,"[""廚房"", ""百貨公司"", ""機場""]",那個錢包比我的大一點，是哥哥的。客廳我也找過了，真的沒有。,verified_v3_book_locked,ok,,2
custom-story-1785235297869,我的錢包在哪裡？,True,5,easy,3,0,沙發,translation,沙發,sofa,sofa,shāfā,N,"[""this weekend"", ""what"", ""to want / need""]",沙發下面呢？,verified_v3_book_locked,ok,,2
custom-story-1785235297869,我的錢包在哪裡？,True,5,easy,3,0,沙發,reverse,sofa,沙發,sofa,shāfā,N,"[""什麼"", ""這個週末"", ""要"", ""沙發""]",沙發下面呢？,verified_v3_book_locked,ok,,2
custom-story-1785235297869,我的錢包在哪裡？,True,5,easy,3,0,沙發,listening,🔊 Listen and choose the word you hear.,沙發,sofa,shāfā,N,"[""沙發"", ""要"", ""什麼"", ""這個週末""]",,verified_v3_book_locked,ok,,2
custom-story-1785235297869,我的錢包在哪裡？,True,5,easy,3,0,沙發,pinyin,Choose the correct pinyin for 「沙發」.,shāfā,sofa,shāfā,N,"[""shāfà"", ""shāfā"", ""shāfá"", ""shāfǎ""]",沙發下面呢？,verified_v3_book_locked,ok,,2
custom-story-1785235297869,我的錢包在哪裡？,True,5,easy,3,0,沙發,cloze,Complete the sentence.,沙發,sofa,shāfā,N,"[""星期六"", ""下午"", ""下午茶""]",____下面呢？,verified_v3_book_locked,ok,,2
custom-story-1785235297869,我的錢包在哪裡？,True,5,easy,3,0,沙發,pos,What is the part of speech of 「沙發」?,N,sofa,shāfā,N,"[""Pron"", ""Quant"", ""Adv""]",沙發下面呢？,verified_v3_book_locked,ok,,2
custom-story-1785235297869,我的錢包在哪裡？,True,5,medium,3,0,沙發,translation,Choose the best English meaning of 「沙發」.,sofa,sofa,shāfā,N,"[""home"", ""cafe"", ""Youmei (person’s name)""]",沙發下面呢？你找了沒有？,verified_v3_book_locked,ok,,2
custom-story-1785235297869,我的錢包在哪裡？,True,5,medium,3,0,沙發,reverse,Choose the Chinese word for “sofa”.,沙發,sofa,shāfā,N,"[""家"", ""咖啡廳"", ""沙發"", ""友美""]",沙發下面呢？你找了沒有？,verified_v3_book_locked,ok,,2
custom-story-1785235297869,我的錢包在哪裡？,True,5,medium,3,0,沙發,listening,🔊 Listen and choose the word you hear.,沙發,sofa,shāfā,N,"[""沙發"", ""咖啡廳"", ""友美"", ""家""]",,verified_v3_book_locked,ok,,2
custom-story-1785235297869,我的錢包在哪裡？,True,5,medium,3,0,沙發,pinyin,Choose the correct pinyin and tone pattern for 「沙發」.,shāfā,sofa,shāfā,N,"[""shāfā"", ""shāfá"", ""shāfà"", ""shāfǎ""]",沙發下面呢？你找了沒有？,verified_v3_book_locked,ok,,2
custom-story-1785235297869,我的錢包在哪裡？,True,5,medium,3,0,沙發,cloze,Choose the word that best completes the sentence.,沙發,sofa,shāfā,N,"[""週末"", ""下午"", ""巧克力""]",____下面呢？你找了沒有？,verified_v3_book_locked,ok,,2
custom-story-1785235297869,我的錢包在哪裡？,True,5,medium,3,0,沙發,pos,"In this sentence, what part of speech is 「沙發」?",N,sofa,shāfā,N,"[""Quant"", ""Loc"", ""V""]",沙發下面呢？你找了沒有？,verified_v3_book_locked,ok,,2
custom-story-1785235297869,我的錢包在哪裡？,True,5,hard,3,0,沙發,translation,"In 「沙發下面呢？那裡最容易掉東西了。」, what does 「沙發」 mean?",sofa,sofa,shāfā,N,"[""bed"", ""TV"", ""wardrobe""]",沙發下面呢？那裡最容易掉東西了。,verified_v3_book_locked,ok,,2
custom-story-1785235297869,我的錢包在哪裡？,True,5,hard,3,0,沙發,reverse,Which Chinese word best matches “sofa” in this lesson context?,沙發,sofa,shāfā,N,"[""衣櫃"", ""電視機"", ""沙發"", ""床""]",沙發下面呢？那裡最容易掉東西了。,verified_v3_book_locked,ok,,2
custom-story-1785235297869,我的錢包在哪裡？,True,5,hard,3,0,沙發,listening,🔊 Listen and choose the word you hear.,沙發,sofa,shāfā,N,"[""沙發"", ""衣櫃"", ""電視機"", ""床""]",,verified_v3_book_locked,ok,,2
custom-story-1785235297869,我的錢包在哪裡？,True,5,hard,3,0,沙發,pinyin,Which pinyin exactly matches the lexical tones of 「沙發」?,shāfā,sofa,shāfā,N,"[""shāfá"", ""shāfà"", ""shāfā"", ""shāfǎ""]",沙發下面呢？那裡最容易掉東西了。,verified_v3_book_locked,ok,,2
custom-story-1785235297869,我的錢包在哪裡？,True,5,hard,3,0,沙發,cloze,Choose the most contextually appropriate word for the blank.,沙發,sofa,shāfā,N,"[""冰淇淋"", ""星期六"", ""咖啡廳""]",____下面呢？那裡最容易掉東西了。,verified_v3_book_locked,ok,,2
custom-story-1785235297869,我的錢包在哪裡？,True,5,hard,3,0,沙發,pos,Classify the grammatical category of 「沙發」 as used in the sentence.,N,sofa,shāfā,N,"[""Adj"", ""Loc"", ""Pron""]",沙發下面呢？那裡最容易掉東西了。,verified_v3_book_locked,ok,,2
custom-story-1785235297869,我的錢包在哪裡？,True,5,easy,3,1,下面,translation,下面,underneath,underneath,xiàmian,Loc,"[""weekend"", ""I"", ""to want / need""]",沙發下面呢？,verified_v3_book_locked,ok,,2
custom-story-1785235297869,我的錢包在哪裡？,True,5,easy,3,1,下面,reverse,underneath,下面,underneath,xiàmian,Loc,"[""週末"", ""我"", ""要"", ""下面""]",沙發下面呢？,verified_v3_book_locked,ok,,2
custom-story-1785235297869,我的錢包在哪裡？,True,5,easy,3,1,下面,listening,🔊 Listen and choose the word you hear.,下面,underneath,xiàmian,Loc,"[""週末"", ""我"", ""下面"", ""要""]",,verified_v3_book_locked,ok,,2
custom-story-1785235297869,我的錢包在哪裡？,True,5,easy,3,1,下面,pinyin,Choose the correct pinyin for 「下面」.,xiàmian,underneath,xiàmian,Loc,"[""xiǎmian"", ""xiámian"", ""xiàmian"", ""xiāmian""]",沙發下面呢？,verified_v3_book_locked,ok,,2
custom-story-1785235297869,我的錢包在哪裡？,True,5,easy,3,1,下面,cloze,Complete the sentence.,下面,underneath,xiàmian,Loc,"[""附近"", ""上面"", ""旁邊""]",沙發____呢？,verified_v3_book_locked,ok,,2
custom-story-1785235297869,我的錢包在哪裡？,True,5,easy,3,1,下面,pos,What is the part of speech of 「下面」?,Loc,underneath,xiàmian,Loc,"[""Adv"", ""MW"", ""Pron""]",沙發下面呢？,verified_v3_book_locked,ok,,2
custom-story-1785235297869,我的錢包在哪裡？,True,5,medium,3,1,下面,translation,Choose the best English meaning of 「下面」.,underneath,underneath,xiàmian,Loc,"[""nearby / vicinity"", ""on top"", ""beside""]",沙發下面呢？你找了沒有？,verified_v3_book_locked,ok,,2
custom-story-1785235297869,我的錢包在哪裡？,True,5,medium,3,1,下面,reverse,Choose the Chinese word for “underneath”.,下面,underneath,xiàmian,Loc,"[""附近"", ""下面"", ""上面"", ""旁邊""]",沙發下面呢？你找了沒有？,verified_v3_book_locked,ok,,2
custom-story-1785235297869,我的錢包在哪裡？,True,5,medium,3,1,下面,listening,🔊 Listen and choose the word you hear.,下面,underneath,xiàmian,Loc,"[""旁邊"", ""上面"", ""下面"", ""附近""]",,verified_v3_book_locked,ok,,2
custom-story-1785235297869,我的錢包在哪裡？,True,5,medium,3,1,下面,pinyin,Choose the correct pinyin and tone pattern for 「下面」.,xiàmian,underneath,xiàmian,Loc,"[""xiámian"", ""xiàmian"", ""xiāmian"", ""xiǎmian""]",沙發下面呢？你找了沒有？,verified_v3_book_locked,ok,,2
custom-story-1785235297869,我的錢包在哪裡？,True,5,medium,3,1,下面,cloze,Choose the word that best completes the sentence.,下面,underneath,xiàmian,Loc,"[""附近"", ""上面"", ""旁邊""]",沙發____呢？你找了沒有？,verified_v3_book_locked,ok,,2
custom-story-1785235297869,我的錢包在哪裡？,True,5,medium,3,1,下面,pos,"In this sentence, what part of speech is 「下面」?",Loc,underneath,xiàmian,Loc,"[""Quant"", ""Adj"", ""N""]",沙發下面呢？你找了沒有？,verified_v3_book_locked,ok,,2
custom-story-1785235297869,我的錢包在哪裡？,True,5,hard,3,1,下面,translation,"In 「沙發下面呢？那裡最容易掉東西了。」, what does 「下面」 mean?",underneath,underneath,xiàmian,Loc,"[""outside"", ""right side"", ""inside""]",沙發下面呢？那裡最容易掉東西了。,verified_v3_book_locked,ok,,2
custom-story-1785235297869,我的錢包在哪裡？,True,5,hard,3,1,下面,reverse,Which Chinese word best matches “underneath” in this lesson context?,下面,underneath,xiàmian,Loc,"[""外面"", ""下面"", ""右邊"", ""裡面""]",沙發下面呢？那裡最容易掉東西了。,verified_v3_book_locked,ok,,2
custom-story-1785235297869,我的錢包在哪裡？,True,5,hard,3,1,下面,listening,🔊 Listen and choose the word you hear.,下面,underneath,xiàmian,Loc,"[""裡面"", ""右邊"", ""下面"", ""外面""]",,verified_v3_book_locked,ok,,2
custom-story-1785235297869,我的錢包在哪裡？,True,5,hard,3,1,下面,pinyin,Which pinyin exactly matches the lexical tones of 「下面」?,xiàmian,underneath,xiàmian,Loc,"[""xiāmian"", ""xiǎmian"", ""xiàmian"", ""xiámian""]",沙發下面呢？那裡最容易掉東西了。,verified_v3_book_locked,ok,,2
custom-story-1785235297869,我的錢包在哪裡？,True,5,hard,3,1,下面,cloze,Choose the most contextually appropriate word for the blank.,下面,underneath,xiàmian,Loc,"[""上面"", ""旁邊"", ""附近""]",沙發____呢？那裡最容易掉東西了。,verified_v3_book_locked,ok,,2
custom-story-1785235297869,我的錢包在哪裡？,True,5,hard,3,1,下面,pos,Classify the grammatical category of 「下面」 as used in the sentence.,Loc,underneath,xiàmian,Loc,"[""Pron"", ""Quant"", ""V""]",沙發下面呢？那裡最容易掉東西了。,verified_v3_book_locked,ok,,2
custom-story-1785235297869,我的錢包在哪裡？,True,5,easy,4,0,沙發,translation,沙發,sofa,sofa,shāfā,N,"[""I"", ""this weekend"", ""to do / make""]",沙發上面、下面跟旁邊都沒有。媽，妳幫我找，好嗎？,verified_v3_book_locked,ok,,2
custom-story-1785235297869,我的錢包在哪裡？,True,5,easy,4,0,沙發,reverse,sofa,沙發,sofa,shāfā,N,"[""這個週末"", ""我"", ""沙發"", ""做""]",沙發上面、下面跟旁邊都沒有。媽，妳幫我找，好嗎？,verified_v3_book_locked,ok,,2
custom-story-1785235297869,我的錢包在哪裡？,True,5,easy,4,0,沙發,listening,🔊 Listen and choose the word you hear.,沙發,sofa,shāfā,N,"[""這個週末"", ""做"", ""我"", ""沙發""]",,verified_v3_book_locked,ok,,2
custom-story-1785235297869,我的錢包在哪裡？,True,5,easy,4,0,沙發,pinyin,Choose the correct pinyin for 「沙發」.,shāfā,sofa,shāfā,N,"[""shāfà"", ""shāfǎ"", ""shāfā"", ""shāfá""]",沙發上面、下面跟旁邊都沒有。媽，妳幫我找，好嗎？,verified_v3_book_locked,ok,,2
custom-story-1785235297869,我的錢包在哪裡？,True,5,easy,4,0,沙發,cloze,Complete the sentence.,沙發,sofa,shāfā,N,"[""冰淇淋"", ""星期六"", ""友美""]",____上面、下面跟旁邊都沒有。媽，妳幫我找，好嗎？,verified_v3_book_locked,ok,,2
custom-story-1785235297869,我的錢包在哪裡？,True,5,easy,4,0,沙發,pos,What is the part of speech of 「沙發」?,N,sofa,shāfā,N,"[""Pron"", ""Quant"", ""Adv""]",沙發上面、下面跟旁邊都沒有。媽，妳幫我找，好嗎？,verified_v3_book_locked,ok,,2
custom-story-1785235297869,我的錢包在哪裡？,True,5,medium,4,0,沙發,translation,Choose the best English meaning of 「沙發」.,sofa,sofa,shāfā,N,"[""cafe"", ""ice cream"", ""Saturday""]",沙發上面、下面跟旁邊我都找了，還是沒有。媽，妳幫幫我，好嗎？,verified_v3_book_locked,ok,,2
custom-story-1785235297869,我的錢包在哪裡？,True,5,medium,4,0,沙發,reverse,Choose the Chinese word for “sofa”.,沙發,sofa,shāfā,N,"[""冰淇淋"", ""咖啡廳"", ""沙發"", ""星期六""]",沙發上面、下面跟旁邊我都找了，還是沒有。媽，妳幫幫我，好嗎？,verified_v3_book_locked,ok,,2
custom-story-1785235297869,我的錢包在哪裡？,True,5,medium,4,0,沙發,listening,🔊 Listen and choose the word you hear.,沙發,sofa,shāfā,N,"[""沙發"", ""冰淇淋"", ""咖啡廳"", ""星期六""]",,verified_v3_book_locked,ok,,2
custom-story-1785235297869,我的錢包在哪裡？,True,5,medium,4,0,沙發,pinyin,Choose the correct pinyin and tone pattern for 「沙發」.,shāfā,sofa,shāfā,N,"[""shāfǎ"", ""shāfà"", ""shāfā"", ""shāfá""]",沙發上面、下面跟旁邊我都找了，還是沒有。媽，妳幫幫我，好嗎？,verified_v3_book_locked,ok,,2
custom-story-1785235297869,我的錢包在哪裡？,True,5,medium,4,0,沙發,cloze,Choose the word that best completes the sentence.,沙發,sofa,shāfā,N,"[""咖啡廳"", ""友美"", ""家""]",____上面、下面跟旁邊我都找了，還是沒有。媽，妳幫幫我，好嗎？,verified_v3_book_locked,ok,,2
custom-story-1785235297869,我的錢包在哪裡？,True,5,medium,4,0,沙發,pos,"In this sentence, what part of speech is 「沙發」?",N,sofa,shāfā,N,"[""Quant"", ""Loc"", ""V""]",沙發上面、下面跟旁邊我都找了，還是沒有。媽，妳幫幫我，好嗎？,verified_v3_book_locked,ok,,2
custom-story-1785235297869,我的錢包在哪裡？,True,5,hard,4,0,沙發,translation,"In 「沙發上面、下面跟旁邊我都找過了。媽，如果妳有空，幫我一起找，好嗎？」, what does 「沙發」 mean?",sofa,sofa,shāfā,N,"[""bed"", ""wallet"", ""book""]",沙發上面、下面跟旁邊我都找過了。媽，如果妳有空，幫我一起找，好嗎？,verified_v3_book_locked,ok,,2
custom-story-1785235297869,我的錢包在哪裡？,True,5,hard,4,0,沙發,reverse,Which Chinese word best matches “sofa” in this lesson context?,沙發,sofa,shāfā,N,"[""書"", ""錢包"", ""沙發"", ""床""]",沙發上面、下面跟旁邊我都找過了。媽，如果妳有空，幫我一起找，好嗎？,verified_v3_book_locked,ok,,2
custom-story-1785235297869,我的錢包在哪裡？,True,5,hard,4,0,沙發,listening,🔊 Listen and choose the word you hear.,沙發,sofa,shāfā,N,"[""書"", ""沙發"", ""錢包"", ""床""]",,verified_v3_book_locked,ok,,2
custom-story-1785235297869,我的錢包在哪裡？,True,5,hard,4,0,沙發,pinyin,Which pinyin exactly matches the lexical tones of 「沙發」?,shāfā,sofa,shāfā,N,"[""shāfá"", ""shāfà"", ""shāfǎ"", ""shāfā""]",沙發上面、下面跟旁邊我都找過了。媽，如果妳有空，幫我一起找，好嗎？,verified_v3_book_locked,ok,,2
custom-story-1785235297869,我的錢包在哪裡？,True,5,hard,4,0,沙發,cloze,Choose the most contextually appropriate word for the blank.,沙發,sofa,shāfā,N,"[""媽"", ""友美"", ""下午""]",____上面、下面跟旁邊我都找過了。媽，如果妳有空，幫我一起找，好嗎？,verified_v3_book_locked,ok,,2
custom-story-1785235297869,我的錢包在哪裡？,True,5,hard,4,0,沙發,pos,Classify the grammatical category of 「沙發」 as used in the sentence.,N,sofa,shāfā,N,"[""Adj"", ""Loc"", ""Pron""]",沙發上面、下面跟旁邊我都找過了。媽，如果妳有空，幫我一起找，好嗎？,verified_v3_book_locked,ok,,2
custom-story-1785235297869,我的錢包在哪裡？,True,5,easy,4,1,上面,translation,上面,on top,on top,shàngmiàn,Loc,"[""to do / make"", ""weekend"", ""to want / need""]",沙發上面、下面跟旁邊都沒有。媽，妳幫我找，好嗎？,verified_v3_book_locked,ok,,2
custom-story-1785235297869,我的錢包在哪裡？,True,5,easy,4,1,上面,reverse,on top,上面,on top,shàngmiàn,Loc,"[""上面"", ""做"", ""要"", ""週末""]",沙發上面、下面跟旁邊都沒有。媽，妳幫我找，好嗎？,verified_v3_book_locked,ok,,2
custom-story-1785235297869,我的錢包在哪裡？,True,5,easy,4,1,上面,listening,🔊 Listen and choose the word you hear.,上面,on top,shàngmiàn,Loc,"[""上面"", ""做"", ""週末"", ""要""]",,verified_v3_book_locked,ok,,2
custom-story-1785235297869,我的錢包在哪裡？,True,5,easy,4,1,上面,pinyin,Choose the correct pinyin for 「上面」.,shàngmiàn,on top,shàngmiàn,Loc,"[""shàngmián"", ""shàngmiàn"", ""shàngmiān"", ""shàngmiǎn""]",沙發上面、下面跟旁邊都沒有。媽，妳幫我找，好嗎？,verified_v3_book_locked,ok,,2
custom-story-1785235297869,我的錢包在哪裡？,True,5,easy,4,1,上面,cloze,Complete the sentence.,上面,on top,shàngmiàn,Loc,"[""下面"", ""附近"", ""旁邊""]",沙發____、下面跟旁邊都沒有。媽，妳幫我找，好嗎？,verified_v3_book_locked,ok,,2
custom-story-1785235297869,我的錢包在哪裡？,True,5,easy,4,1,上面,pos,What is the part of speech of 「上面」?,Loc,on top,shàngmiàn,Loc,"[""N"", ""Prep"", ""V""]",沙發上面、下面跟旁邊都沒有。媽，妳幫我找，好嗎？,verified_v3_book_locked,ok,,2
custom-story-1785235297869,我的錢包在哪裡？,True,5,medium,4,1,上面,translation,Choose the best English meaning of 「上面」.,on top,on top,shàngmiàn,Loc,"[""beside"", ""nearby / vicinity"", ""underneath""]",沙發上面、下面跟旁邊我都找了，還是沒有。媽，妳幫幫我，好嗎？,verified_v3_book_locked,ok,,2
custom-story-1785235297869,我的錢包在哪裡？,True,5,medium,4,1,上面,reverse,Choose the Chinese word for “on top”.,上面,on top,shàngmiàn,Loc,"[""上面"", ""下面"", ""旁邊"", ""附近""]",沙發上面、下面跟旁邊我都找了，還是沒有。媽，妳幫幫我，好嗎？,verified_v3_book_locked,ok,,2
custom-story-1785235297869,我的錢包在哪裡？,True,5,medium,4,1,上面,listening,🔊 Listen and choose the word you hear.,上面,on top,shàngmiàn,Loc,"[""附近"", ""旁邊"", ""下面"", ""上面""]",,verified_v3_book_locked,ok,,2
custom-story-1785235297869,我的錢包在哪裡？,True,5,medium,4,1,上面,pinyin,Choose the correct pinyin and tone pattern for 「上面」.,shàngmiàn,on top,shàngmiàn,Loc,"[""shàngmiàn"", ""shàngmiān"", ""shàngmián"", ""shàngmiǎn""]",沙發上面、下面跟旁邊我都找了，還是沒有。媽，妳幫幫我，好嗎？,verified_v3_book_locked,ok,,2
custom-story-1785235297869,我的錢包在哪裡？,True,5,medium,4,1,上面,cloze,Choose the word that best completes the sentence.,上面,on top,shàngmiàn,Loc,"[""附近"", ""下面"", ""旁邊""]",沙發____、下面跟旁邊我都找了，還是沒有。媽，妳幫幫我，好嗎？,verified_v3_book_locked,ok,,2
custom-story-1785235297869,我的錢包在哪裡？,True,5,medium,4,1,上面,pos,"In this sentence, what part of speech is 「上面」?",Loc,on top,shàngmiàn,Loc,"[""Adj"", ""Pron"", ""Adv""]",沙發上面、下面跟旁邊我都找了，還是沒有。媽，妳幫幫我，好嗎？,verified_v3_book_locked,ok,,2
custom-story-1785235297869,我的錢包在哪裡？,True,5,hard,4,1,上面,translation,"In 「沙發上面、下面跟旁邊我都找過了。媽，如果妳有空，幫我一起找，好嗎？」, what does 「上面」 mean?",on top,on top,shàngmiàn,Loc,"[""left side"", ""inside"", ""beside""]",沙發上面、下面跟旁邊我都找過了。媽，如果妳有空，幫我一起找，好嗎？,verified_v3_book_locked,ok,,2
custom-story-1785235297869,我的錢包在哪裡？,True,5,hard,4,1,上面,reverse,Which Chinese word best matches “on top” in this lesson context?,上面,on top,shàngmiàn,Loc,"[""旁邊"", ""裡面"", ""左邊"", ""上面""]",沙發上面、下面跟旁邊我都找過了。媽，如果妳有空，幫我一起找，好嗎？,verified_v3_book_locked,ok,,2
custom-story-1785235297869,我的錢包在哪裡？,True,5,hard,4,1,上面,listening,🔊 Listen and choose the word you hear.,上面,on top,shàngmiàn,Loc,"[""上面"", ""左邊"", ""旁邊"", ""裡面""]",,verified_v3_book_locked,ok,,2
custom-story-1785235297869,我的錢包在哪裡？,True,5,hard,4,1,上面,pinyin,Which pinyin exactly matches the lexical tones of 「上面」?,shàngmiàn,on top,shàngmiàn,Loc,"[""shàngmiǎn"", ""shàngmiān"", ""shàngmiàn"", ""shàngmián""]",沙發上面、下面跟旁邊我都找過了。媽，如果妳有空，幫我一起找，好嗎？,verified_v3_book_locked,ok,,2
custom-story-1785235297869,我的錢包在哪裡？,True,5,hard,4,1,上面,cloze,Choose the most contextually appropriate word for the blank.,上面,on top,shàngmiàn,Loc,"[""附近"", ""旁邊"", ""下面""]",沙發____、下面跟旁邊我都找過了。媽，如果妳有空，幫我一起找，好嗎？,verified_v3_book_locked,ok,,2
custom-story-1785235297869,我的錢包在哪裡？,True,5,hard,4,1,上面,pos,Classify the grammatical category of 「上面」 as used in the sentence.,Loc,on top,shàngmiàn,Loc,"[""V"", ""Adv"", ""Pron""]",沙發上面、下面跟旁邊我都找過了。媽，如果妳有空，幫我一起找，好嗎？,verified_v3_book_locked,ok,,2
custom-story-1785235297869,我的錢包在哪裡？,True,5,easy,4,2,下面,translation,下面,underneath,underneath,xiàmian,Loc,"[""Youmei (person’s name)"", ""to do / make"", ""I""]",沙發上面、下面跟旁邊都沒有。媽，妳幫我找，好嗎？,verified_v3_book_locked,ok,,2
custom-story-1785235297869,我的錢包在哪裡？,True,5,easy,4,2,下面,reverse,underneath,下面,underneath,xiàmian,Loc,"[""我"", ""做"", ""友美"", ""下面""]",沙發上面、下面跟旁邊都沒有。媽，妳幫我找，好嗎？,verified_v3_book_locked,ok,,2
custom-story-1785235297869,我的錢包在哪裡？,True,5,easy,4,2,下面,listening,🔊 Listen and choose the word you hear.,下面,underneath,xiàmian,Loc,"[""我"", ""友美"", ""下面"", ""做""]",,verified_v3_book_locked,ok,,2
custom-story-1785235297869,我的錢包在哪裡？,True,5,easy,4,2,下面,pinyin,Choose the correct pinyin for 「下面」.,xiàmian,underneath,xiàmian,Loc,"[""xiāmian"", ""xiǎmian"", ""xiámian"", ""xiàmian""]",沙發上面、下面跟旁邊都沒有。媽，妳幫我找，好嗎？,verified_v3_book_locked,ok,,2
custom-story-1785235297869,我的錢包在哪裡？,True,5,easy,4,2,下面,cloze,Complete the sentence.,下面,underneath,xiàmian,Loc,"[""附近"", ""旁邊"", ""上面""]",沙發上面、____跟旁邊都沒有。媽，妳幫我找，好嗎？,verified_v3_book_locked,ok,,2
custom-story-1785235297869,我的錢包在哪裡？,True,5,easy,4,2,下面,pos,What is the part of speech of 「下面」?,Loc,underneath,xiàmian,Loc,"[""Adv"", ""MW"", ""Pron""]",沙發上面、下面跟旁邊都沒有。媽，妳幫我找，好嗎？,verified_v3_book_locked,ok,,2
custom-story-1785235297869,我的錢包在哪裡？,True,5,medium,4,2,下面,translation,Choose the best English meaning of 「下面」.,underneath,underneath,xiàmian,Loc,"[""on top"", ""nearby / vicinity"", ""beside""]",沙發上面、下面跟旁邊我都找了，還是沒有。媽，妳幫幫我，好嗎？,verified_v3_book_locked,ok,,2
custom-story-1785235297869,我的錢包在哪裡？,True,5,medium,4,2,下面,reverse,Choose the Chinese word for “underneath”.,下面,underneath,xiàmian,Loc,"[""上面"", ""旁邊"", ""附近"", ""下面""]",沙發上面、下面跟旁邊我都找了，還是沒有。媽，妳幫幫我，好嗎？,verified_v3_book_locked,ok,,2
custom-story-1785235297869,我的錢包在哪裡？,True,5,medium,4,2,下面,listening,🔊 Listen and choose the word you hear.,下面,underneath,xiàmian,Loc,"[""附近"", ""下面"", ""上面"", ""旁邊""]",,verified_v3_book_locked,ok,,2
custom-story-1785235297869,我的錢包在哪裡？,True,5,medium,4,2,下面,pinyin,Choose the correct pinyin and tone pattern for 「下面」.,xiàmian,underneath,xiàmian,Loc,"[""xiámian"", ""xiāmian"", ""xiǎmian"", ""xiàmian""]",沙發上面、下面跟旁邊我都找了，還是沒有。媽，妳幫幫我，好嗎？,verified_v3_book_locked,ok,,2
custom-story-1785235297869,我的錢包在哪裡？,True,5,medium,4,2,下面,cloze,Choose the word that best completes the sentence.,下面,underneath,xiàmian,Loc,"[""上面"", ""旁邊"", ""附近""]",沙發上面、____跟旁邊我都找了，還是沒有。媽，妳幫幫我，好嗎？,verified_v3_book_locked,ok,,2
custom-story-1785235297869,我的錢包在哪裡？,True,5,medium,4,2,下面,pos,"In this sentence, what part of speech is 「下面」?",Loc,underneath,xiàmian,Loc,"[""Quant"", ""Adj"", ""N""]",沙發上面、下面跟旁邊我都找了，還是沒有。媽，妳幫幫我，好嗎？,verified_v3_book_locked,ok,,2
custom-story-1785235297869,我的錢包在哪裡？,True,5,hard,4,2,下面,translation,"In 「沙發上面、下面跟旁邊我都找過了。媽，如果妳有空，幫我一起找，好嗎？」, what does 「下面」 mean?",underneath,underneath,xiàmian,Loc,"[""nearby / vicinity"", ""outside"", ""inside""]",沙發上面、下面跟旁邊我都找過了。媽，如果妳有空，幫我一起找，好嗎？,verified_v3_book_locked,ok,,2
custom-story-1785235297869,我的錢包在哪裡？,True,5,hard,4,2,下面,reverse,Which Chinese word best matches “underneath” in this lesson context?,下面,underneath,xiàmian,Loc,"[""裡面"", ""下面"", ""外面"", ""附近""]",沙發上面、下面跟旁邊我都找過了。媽，如果妳有空，幫我一起找，好嗎？,verified_v3_book_locked,ok,,2
custom-story-1785235297869,我的錢包在哪裡？,True,5,hard,4,2,下面,listening,🔊 Listen and choose the word you hear.,下面,underneath,xiàmian,Loc,"[""下面"", ""裡面"", ""附近"", ""外面""]",,verified_v3_book_locked,ok,,2
custom-story-1785235297869,我的錢包在哪裡？,True,5,hard,4,2,下面,pinyin,Which pinyin exactly matches the lexical tones of 「下面」?,xiàmian,underneath,xiàmian,Loc,"[""xiàmian"", ""xiāmian"", ""xiǎmian"", ""xiámian""]",沙發上面、下面跟旁邊我都找過了。媽，如果妳有空，幫我一起找，好嗎？,verified_v3_book_locked,ok,,2
custom-story-1785235297869,我的錢包在哪裡？,True,5,hard,4,2,下面,cloze,Choose the most contextually appropriate word for the blank.,下面,underneath,xiàmian,Loc,"[""旁邊"", ""上面"", ""附近""]",沙發上面、____跟旁邊我都找過了。媽，如果妳有空，幫我一起找，好嗎？,verified_v3_book_locked,ok,,2
custom-story-1785235297869,我的錢包在哪裡？,True,5,hard,4,2,下面,pos,Classify the grammatical category of 「下面」 as used in the sentence.,Loc,underneath,xiàmian,Loc,"[""Pron"", ""Quant"", ""V""]",沙發上面、下面跟旁邊我都找過了。媽，如果妳有空，幫我一起找，好嗎？,verified_v3_book_locked,ok,,2
custom-story-1785235297869,我的錢包在哪裡？,True,5,easy,4,3,旁邊,translation,旁邊,beside,beside,pángbiān,Loc,"[""weekend"", ""Youmei (person’s name)"", ""this weekend""]",沙發上面、下面跟旁邊都沒有。媽，妳幫我找，好嗎？,verified_v3_book_locked,ok,,2
custom-story-1785235297869,我的錢包在哪裡？,True,5,easy,4,3,旁邊,reverse,beside,旁邊,beside,pángbiān,Loc,"[""友美"", ""週末"", ""這個週末"", ""旁邊""]",沙發上面、下面跟旁邊都沒有。媽，妳幫我找，好嗎？,verified_v3_book_locked,ok,,2
custom-story-1785235297869,我的錢包在哪裡？,True,5,easy,4,3,旁邊,listening,🔊 Listen and choose the word you hear.,旁邊,beside,pángbiān,Loc,"[""這個週末"", ""旁邊"", ""週末"", ""友美""]",,verified_v3_book_locked,ok,,2
custom-story-1785235297869,我的錢包在哪裡？,True,5,easy,4,3,旁邊,pinyin,Choose the correct pinyin for 「旁邊」.,pángbiān,beside,pángbiān,Loc,"[""pángbián"", ""pángbiān"", ""pángbiǎn"", ""pángbiàn""]",沙發上面、下面跟旁邊都沒有。媽，妳幫我找，好嗎？,verified_v3_book_locked,ok,,2
custom-story-1785235297869,我的錢包在哪裡？,True,5,easy,4,3,旁邊,cloze,Complete the sentence.,旁邊,beside,pángbiān,Loc,"[""下面"", ""上面"", ""附近""]",沙發上面、下面跟____都沒有。媽，妳幫我找，好嗎？,verified_v3_book_locked,ok,,2
custom-story-1785235297869,我的錢包在哪裡？,True,5,easy,4,3,旁邊,pos,What is the part of speech of 「旁邊」?,Loc,beside,pángbiān,Loc,"[""N"", ""MW"", ""Quant""]",沙發上面、下面跟旁邊都沒有。媽，妳幫我找，好嗎？,verified_v3_book_locked,ok,,2
custom-story-1785235297869,我的錢包在哪裡？,True,5,medium,4,3,旁邊,translation,Choose the best English meaning of 「旁邊」.,beside,beside,pángbiān,Loc,"[""on top"", ""underneath"", ""nearby / vicinity""]",沙發上面、下面跟旁邊我都找了，還是沒有。媽，妳幫幫我，好嗎？,verified_v3_book_locked,ok,,2
custom-story-1785235297869,我的錢包在哪裡？,True,5,medium,4,3,旁邊,reverse,Choose the Chinese word for “beside”.,旁邊,beside,pángbiān,Loc,"[""附近"", ""下面"", ""上面"", ""旁邊""]",沙發上面、下面跟旁邊我都找了，還是沒有。媽，妳幫幫我，好嗎？,verified_v3_book_locked,ok,,2
custom-story-1785235297869,我的錢包在哪裡？,True,5,medium,4,3,旁邊,listening,🔊 Listen and choose the word you hear.,旁邊,beside,pángbiān,Loc,"[""附近"", ""下面"", ""旁邊"", ""上面""]",,verified_v3_book_locked,ok,,2
custom-story-1785235297869,我的錢包在哪裡？,True,5,medium,4,3,旁邊,pinyin,Choose the correct pinyin and tone pattern for 「旁邊」.,pángbiān,beside,pángbiān,Loc,"[""pángbiān"", ""pángbiǎn"", ""pángbiàn"", ""pángbián""]",沙發上面、下面跟旁邊我都找了，還是沒有。媽，妳幫幫我，好嗎？,verified_v3_book_locked,ok,,2
custom-story-1785235297869,我的錢包在哪裡？,True,5,medium,4,3,旁邊,cloze,Choose the word that best completes the sentence.,旁邊,beside,pángbiān,Loc,"[""上面"", ""附近"", ""下面""]",沙發上面、下面跟____我都找了，還是沒有。媽，妳幫幫我，好嗎？,verified_v3_book_locked,ok,,2
custom-story-1785235297869,我的錢包在哪裡？,True,5,medium,4,3,旁邊,pos,"In this sentence, what part of speech is 「旁邊」?",Loc,beside,pángbiān,Loc,"[""Adj"", ""Pron"", ""Adv""]",沙發上面、下面跟旁邊我都找了，還是沒有。媽，妳幫幫我，好嗎？,verified_v3_book_locked,ok,,2
custom-story-1785235297869,我的錢包在哪裡？,True,5,hard,4,3,旁邊,translation,"In 「沙發上面、下面跟旁邊我都找過了。媽，如果妳有空，幫我一起找，好嗎？」, what does 「旁邊」 mean?",beside,beside,pángbiān,Loc,"[""inside"", ""left side"", ""nearby / vicinity""]",沙發上面、下面跟旁邊我都找過了。媽，如果妳有空，幫我一起找，好嗎？,verified_v3_book_locked,ok,,2
custom-story-1785235297869,我的錢包在哪裡？,True,5,hard,4,3,旁邊,reverse,Which Chinese word best matches “beside” in this lesson context?,旁邊,beside,pángbiān,Loc,"[""附近"", ""旁邊"", ""左邊"", ""裡面""]",沙發上面、下面跟旁邊我都找過了。媽，如果妳有空，幫我一起找，好嗎？,verified_v3_book_locked,ok,,2
custom-story-1785235297869,我的錢包在哪裡？,True,5,hard,4,3,旁邊,listening,🔊 Listen and choose the word you hear.,旁邊,beside,pángbiān,Loc,"[""旁邊"", ""附近"", ""左邊"", ""裡面""]",,verified_v3_book_locked,ok,,2
custom-story-1785235297869,我的錢包在哪裡？,True,5,hard,4,3,旁邊,pinyin,Which pinyin exactly matches the lexical tones of 「旁邊」?,pángbiān,beside,pángbiān,Loc,"[""pángbiān"", ""pángbiàn"", ""pángbiǎn"", ""pángbián""]",沙發上面、下面跟旁邊我都找過了。媽，如果妳有空，幫我一起找，好嗎？,verified_v3_book_locked,ok,,2
custom-story-1785235297869,我的錢包在哪裡？,True,5,hard,4,3,旁邊,cloze,Choose the most contextually appropriate word for the blank.,旁邊,beside,pángbiān,Loc,"[""下面"", ""附近"", ""上面""]",沙發上面、下面跟____我都找過了。媽，如果妳有空，幫我一起找，好嗎？,verified_v3_book_locked,ok,,2
custom-story-1785235297869,我的錢包在哪裡？,True,5,hard,4,3,旁邊,pos,Classify the grammatical category of 「旁邊」 as used in the sentence.,Loc,beside,pángbiān,Loc,"[""V"", ""N"", ""Quant""]",沙發上面、下面跟旁邊我都找過了。媽，如果妳有空，幫我一起找，好嗎？,verified_v3_book_locked,ok,,2
custom-story-1785235297869,我的錢包在哪裡？,True,5,easy,4,4,媽,translation,媽,mom,mom,mā,N,"[""this weekend"", ""to do / make"", ""to want / need""]",沙發上面、下面跟旁邊都沒有。媽，妳幫我找，好嗎？,verified_v3_book_locked,ok,,2
custom-story-1785235297869,我的錢包在哪裡？,True,5,easy,4,4,媽,reverse,mom,媽,mom,mā,N,"[""這個週末"", ""要"", ""做"", ""媽""]",沙發上面、下面跟旁邊都沒有。媽，妳幫我找，好嗎？,verified_v3_book_locked,ok,,2
custom-story-1785235297869,我的錢包在哪裡？,True,5,easy,4,4,媽,listening,🔊 Listen and choose the word you hear.,媽,mom,mā,N,"[""媽"", ""這個週末"", ""要"", ""做""]",,verified_v3_book_locked,ok,,2
custom-story-1785235297869,我的錢包在哪裡？,True,5,easy,4,4,媽,pinyin,Choose the correct pinyin for 「媽」.,mā,mom,mā,N,"[""má"", ""mà"", ""mā"", ""mǎ""]",沙發上面、下面跟旁邊都沒有。媽，妳幫我找，好嗎？,verified_v3_book_locked,ok,,2
custom-story-1785235297869,我的錢包在哪裡？,True,5,easy,4,4,媽,cloze,Complete the sentence.,媽,mom,mā,N,"[""星期六"", ""家"", ""巧克力""]",沙發上面、下面跟旁邊都沒有。____，妳幫我找，好嗎？,verified_v3_book_locked,ok,,2
custom-story-1785235297869,我的錢包在哪裡？,True,5,easy,4,4,媽,pos,What is the part of speech of 「媽」?,N,mom,mā,N,"[""Pron"", ""Adv"", ""V""]",沙發上面、下面跟旁邊都沒有。媽，妳幫我找，好嗎？,verified_v3_book_locked,ok,,2
custom-story-1785235297869,我的錢包在哪裡？,True,5,medium,4,4,媽,translation,Choose the best English meaning of 「媽」.,mom,mom,mā,N,"[""weekend"", ""home"", ""ice cream""]",沙發上面、下面跟旁邊我都找了，還是沒有。媽，妳幫幫我，好嗎？,verified_v3_book_locked,ok,,2
custom-story-1785235297869,我的錢包在哪裡？,True,5,medium,4,4,媽,reverse,Choose the Chinese word for “mom”.,媽,mom,mā,N,"[""週末"", ""冰淇淋"", ""媽"", ""家""]",沙發上面、下面跟旁邊我都找了，還是沒有。媽，妳幫幫我，好嗎？,verified_v3_book_locked,ok,,2
custom-story-1785235297869,我的錢包在哪裡？,True,5,medium,4,4,媽,listening,🔊 Listen and choose the word you hear.,媽,mom,mā,N,"[""冰淇淋"", ""週末"", ""家"", ""媽""]",,verified_v3_book_locked,ok,,2
custom-story-1785235297869,我的錢包在哪裡？,True,5,medium,4,4,媽,pinyin,Choose the correct pinyin and tone pattern for 「媽」.,mā,mom,mā,N,"[""má"", ""mà"", ""mǎ"", ""mā""]",沙發上面、下面跟旁邊我都找了，還是沒有。媽，妳幫幫我，好嗎？,verified_v3_book_locked,ok,,2
custom-story-1785235297869,我的錢包在哪裡？,True,5,medium,4,4,媽,cloze,Choose the word that best completes the sentence.,媽,mom,mā,N,"[""家"", ""巧克力"", ""冰淇淋""]",沙發上面、下面跟旁邊我都找了，還是沒有。____，妳幫幫我，好嗎？,verified_v3_book_locked,ok,,2
custom-story-1785235297869,我的錢包在哪裡？,True,5,medium,4,4,媽,pos,"In this sentence, what part of speech is 「媽」?",N,mom,mā,N,"[""Loc"", ""Adj"", ""Prep""]",沙發上面、下面跟旁邊我都找了，還是沒有。媽，妳幫幫我，好嗎？,verified_v3_book_locked,ok,,2
custom-story-1785235297869,我的錢包在哪裡？,True,5,hard,4,4,媽,translation,"In 「沙發上面、下面跟旁邊我都找過了。媽，如果妳有空，幫我一起找，好嗎？」, what does 「媽」 mean?",mom,mom,mā,N,"[""older brother"", ""family member"", ""friend""]",沙發上面、下面跟旁邊我都找過了。媽，如果妳有空，幫我一起找，好嗎？,verified_v3_book_locked,ok,,2
custom-story-1785235297869,我的錢包在哪裡？,True,5,hard,4,4,媽,reverse,Which Chinese word best matches “mom” in this lesson context?,媽,mom,mā,N,"[""家人"", ""哥哥"", ""朋友"", ""媽""]",沙發上面、下面跟旁邊我都找過了。媽，如果妳有空，幫我一起找，好嗎？,verified_v3_book_locked,ok,,2
custom-story-1785235297869,我的錢包在哪裡？,True,5,hard,4,4,媽,listening,🔊 Listen and choose the word you hear.,媽,mom,mā,N,"[""媽"", ""哥哥"", ""朋友"", ""家人""]",,verified_v3_book_locked,ok,,2
custom-story-1785235297869,我的錢包在哪裡？,True,5,hard,4,4,媽,pinyin,Which pinyin exactly matches the lexical tones of 「媽」?,mā,mom,mā,N,"[""mā"", ""mà"", ""mǎ"", ""má""]",沙發上面、下面跟旁邊我都找過了。媽，如果妳有空，幫我一起找，好嗎？,verified_v3_book_locked,ok,,2
custom-story-1785235297869,我的錢包在哪裡？,True,5,hard,4,4,媽,cloze,Choose the most contextually appropriate word for the blank.,媽,mom,mā,N,"[""錢包"", ""下午茶"", ""房間""]",沙發上面、下面跟旁邊我都找過了。____，如果妳有空，幫我一起找，好嗎？,verified_v3_book_locked,ok,,2
custom-story-1785235297869,我的錢包在哪裡？,True,5,hard,4,4,媽,pos,Classify the grammatical category of 「媽」 as used in the sentence.,N,mom,mā,N,"[""MW"", ""V"", ""Adv""]",沙發上面、下面跟旁邊我都找過了。媽，如果妳有空，幫我一起找，好嗎？,verified_v3_book_locked,ok,,2
custom-story-1785235297869,我的錢包在哪裡？,True,5,easy,4,5,幫,translation,幫,help,help,bāng,V,"[""to want / need"", ""at / in"", ""this weekend""]",沙發上面、下面跟旁邊都沒有。媽，妳幫我找，好嗎？,verified_v3_book_locked,ok,,2
custom-story-1785235297869,我的錢包在哪裡？,True,5,easy,4,5,幫,reverse,help,幫,help,bāng,V,"[""要"", ""在"", ""這個週末"", ""幫""]",沙發上面、下面跟旁邊都沒有。媽，妳幫我找，好嗎？,verified_v3_book_locked,ok,,2
custom-story-1785235297869,我的錢包在哪裡？,True,5,easy,4,5,幫,listening,🔊 Listen and choose the word you hear.,幫,help,bāng,V,"[""這個週末"", ""在"", ""幫"", ""要""]",,verified_v3_book_locked,ok,,2
custom-story-1785235297869,我的錢包在哪裡？,True,5,easy,4,5,幫,pinyin,Choose the correct pinyin for 「幫」.,bāng,help,bāng,V,"[""bàng"", ""bǎng"", ""báng"", ""bāng""]",沙發上面、下面跟旁邊都沒有。媽，妳幫我找，好嗎？,verified_v3_book_locked,ok,,2
custom-story-1785235297869,我的錢包在哪裡？,True,5,easy,4,5,幫,cloze,Complete the sentence.,幫,help,bāng,V,"[""想"", ""喝"", ""有""]",沙發上面、下面跟旁邊都沒有。媽，妳____我找，好嗎？,verified_v3_book_locked,ok,,2
custom-story-1785235297869,我的錢包在哪裡？,True,5,easy,4,5,幫,pos,What is the part of speech of 「幫」?,V,help,bāng,V,"[""MW"", ""Loc"", ""Quant""]",沙發上面、下面跟旁邊都沒有。媽，妳幫我找，好嗎？,verified_v3_book_locked,ok,,2
custom-story-1785235297869,我的錢包在哪裡？,True,5,medium,4,5,幫,translation,Choose the best English meaning of 「幫」.,help,help,bāng,V,"[""know"", ""to listen to music"", ""to want / need""]",沙發上面、下面跟旁邊我都找了，還是沒有。媽，妳幫幫我，好嗎？,verified_v3_book_locked,ok,,2
custom-story-1785235297869,我的錢包在哪裡？,True,5,medium,4,5,幫,reverse,Choose the Chinese word for “help”.,幫,help,bāng,V,"[""聽音樂"", ""要"", ""知道"", ""幫""]",沙發上面、下面跟旁邊我都找了，還是沒有。媽，妳幫幫我，好嗎？,verified_v3_book_locked,ok,,2
custom-story-1785235297869,我的錢包在哪裡？,True,5,medium,4,5,幫,listening,🔊 Listen and choose the word you hear.,幫,help,bāng,V,"[""知道"", ""要"", ""幫"", ""聽音樂""]",,verified_v3_book_locked,ok,,2
custom-story-1785235297869,我的錢包在哪裡？,True,5,medium,4,5,幫,pinyin,Choose the correct pinyin and tone pattern for 「幫」.,bāng,help,bāng,V,"[""bāng"", ""báng"", ""bàng"", ""bǎng""]",沙發上面、下面跟旁邊我都找了，還是沒有。媽，妳幫幫我，好嗎？,verified_v3_book_locked,ok,,2
custom-story-1785235297869,我的錢包在哪裡？,True,5,medium,4,5,幫,cloze,Choose the word that best completes the sentence.,幫,help,bāng,V,"[""想"", ""要"", ""有""]",沙發上面、下面跟旁邊我都找了，還是沒有。媽，妳____我，好嗎？,verified_v3_book_locked,ok,,2
custom-story-1785235297869,我的錢包在哪裡？,True,5,medium,4,5,幫,pos,"In this sentence, what part of speech is 「幫」?",V,help,bāng,V,"[""Quant"", ""Adj"", ""MW""]",沙發上面、下面跟旁邊我都找了，還是沒有。媽，妳幫幫我，好嗎？,verified_v3_book_locked,ok,,2
custom-story-1785235297869,我的錢包在哪裡？,True,5,hard,4,5,幫,translation,"In 「沙發上面、下面跟旁邊我都找過了。媽，如果妳有空，幫我一起找，好嗎？」, what does 「幫」 mean?",help,help,bāng,V,"[""watch TV"", ""have"", ""to swim""]",沙發上面、下面跟旁邊我都找過了。媽，如果妳有空，幫我一起找，好嗎？,verified_v3_book_locked,ok,,2
custom-story-1785235297869,我的錢包在哪裡？,True,5,hard,4,5,幫,reverse,Which Chinese word best matches “help” in this lesson context?,幫,help,bāng,V,"[""有"", ""看電視"", ""幫"", ""游泳""]",沙發上面、下面跟旁邊我都找過了。媽，如果妳有空，幫我一起找，好嗎？,verified_v3_book_locked,ok,,2
custom-story-1785235297869,我的錢包在哪裡？,True,5,hard,4,5,幫,listening,🔊 Listen and choose the word you hear.,幫,help,bāng,V,"[""有"", ""看電視"", ""游泳"", ""幫""]",,verified_v3_book_locked,ok,,2
custom-story-1785235297869,我的錢包在哪裡？,True,5,hard,4,5,幫,pinyin,Which pinyin exactly matches the lexical tones of 「幫」?,bāng,help,bāng,V,"[""bǎng"", ""bàng"", ""bāng"", ""báng""]",沙發上面、下面跟旁邊我都找過了。媽，如果妳有空，幫我一起找，好嗎？,verified_v3_book_locked,ok,,2
custom-story-1785235297869,我的錢包在哪裡？,True,5,hard,4,5,幫,cloze,Choose the most contextually appropriate word for the blank.,幫,help,bāng,V,"[""聽音樂"", ""喝"", ""有""]",沙發上面、下面跟旁邊我都找過了。媽，如果妳有空，____我一起找，好嗎？,verified_v3_book_locked,ok,,2
custom-story-1785235297869,我的錢包在哪裡？,True,5,hard,4,5,幫,pos,Classify the grammatical category of 「幫」 as used in the sentence.,V,help,bāng,V,"[""Prep"", ""Loc"", ""MW""]",沙發上面、下面跟旁邊我都找過了。媽，如果妳有空，幫我一起找，好嗎？,verified_v3_book_locked,ok,,2
custom-story-1785235297869,我的錢包在哪裡？,True,5,easy,4,6,好嗎,translation,好嗎,okay?,okay?,hǎo ma,DiscourseExpr,"[""I"", ""this weekend"", ""to want / need""]",沙發上面、下面跟旁邊都沒有。媽，妳幫我找，好嗎？,verified_v3_book_locked,ok,,2
custom-story-1785235297869,我的錢包在哪裡？,True,5,easy,4,6,好嗎,reverse,okay?,好嗎,okay?,hǎo ma,DiscourseExpr,"[""我"", ""要"", ""這個週末"", ""好嗎""]",沙發上面、下面跟旁邊都沒有。媽，妳幫我找，好嗎？,verified_v3_book_locked,ok,,2
custom-story-1785235297869,我的錢包在哪裡？,True,5,easy,4,6,好嗎,listening,🔊 Listen and choose the word you hear.,好嗎,okay?,hǎo ma,DiscourseExpr,"[""要"", ""我"", ""好嗎"", ""這個週末""]",,verified_v3_book_locked,ok,,2
custom-story-1785235297869,我的錢包在哪裡？,True,5,easy,4,6,好嗎,pinyin,Choose the correct pinyin for 「好嗎」.,hǎo ma,okay?,hǎo ma,DiscourseExpr,"[""hāo ma"", ""hào ma"", ""hǎo ma"", ""háo ma""]",沙發上面、下面跟旁邊都沒有。媽，妳幫我找，好嗎？,verified_v3_book_locked,ok,,2
custom-story-1785235297869,我的錢包在哪裡？,True,5,easy,4,6,好嗎,cloze,Complete the sentence.,好嗎,okay?,hǎo ma,DiscourseExpr,"[""我"", ""什麼"", ""週末""]",沙發上面、下面跟旁邊都沒有。媽，妳幫我找，____？,verified_v3_book_locked,ok,,2
custom-story-1785235297869,我的錢包在哪裡？,True,5,medium,4,6,好嗎,translation,Choose the best English meaning of 「好嗎」.,okay?,okay?,hǎo ma,DiscourseExpr,"[""what happened?"", ""who is it?"", ""why""]",沙發上面、下面跟旁邊我都找了，還是沒有。媽，妳幫幫我，好嗎？,verified_v3_book_locked,ok,,2
custom-story-1785235297869,我的錢包在哪裡？,True,5,medium,4,6,好嗎,reverse,Choose the Chinese word for “okay?”.,好嗎,okay?,hǎo ma,DiscourseExpr,"[""為什麼"", ""是誰"", ""怎麼了"", ""好嗎""]",沙發上面、下面跟旁邊我都找了，還是沒有。媽，妳幫幫我，好嗎？,verified_v3_book_locked,ok,,2
custom-story-1785235297869,我的錢包在哪裡？,True,5,medium,4,6,好嗎,listening,🔊 Listen and choose the word you hear.,好嗎,okay?,hǎo ma,DiscourseExpr,"[""好嗎"", ""為什麼"", ""怎麼了"", ""是誰""]",,verified_v3_book_locked,ok,,2
custom-story-1785235297869,我的錢包在哪裡？,True,5,medium,4,6,好嗎,pinyin,Choose the correct pinyin and tone pattern for 「好嗎」.,hǎo ma,okay?,hǎo ma,DiscourseExpr,"[""hǎo ma"", ""hāo ma"", ""hào ma"", ""háo ma""]",沙發上面、下面跟旁邊我都找了，還是沒有。媽，妳幫幫我，好嗎？,verified_v3_book_locked,ok,,2
custom-story-1785235297869,我的錢包在哪裡？,True,5,medium,4,6,好嗎,cloze,Choose the word that best completes the sentence.,好嗎,okay?,hǎo ma,DiscourseExpr,"[""真的嗎"", ""怎麼了"", ""為什麼""]",沙發上面、下面跟旁邊我都找了，還是沒有。媽，妳幫幫我，____？,verified_v3_book_locked,ok,,2
custom-story-1785235297869,我的錢包在哪裡？,True,5,hard,4,6,好嗎,translation,"In 「沙發上面、下面跟旁邊我都找過了。媽，如果妳有空，幫我一起找，好嗎？」, what does 「好嗎」 mean?",okay?,okay?,hǎo ma,DiscourseExpr,"[""why"", ""who is it?"", ""what happened?""]",沙發上面、下面跟旁邊我都找過了。媽，如果妳有空，幫我一起找，好嗎？,verified_v3_book_locked,ok,,2
custom-story-1785235297869,我的錢包在哪裡？,True,5,hard,4,6,好嗎,reverse,Which Chinese word best matches “okay?” in this lesson context?,好嗎,okay?,hǎo ma,DiscourseExpr,"[""好嗎"", ""為什麼"", ""怎麼了"", ""是誰""]",沙發上面、下面跟旁邊我都找過了。媽，如果妳有空，幫我一起找，好嗎？,verified_v3_book_locked,ok,,2
custom-story-1785235297869,我的錢包在哪裡？,True,5,hard,4,6,好嗎,listening,🔊 Listen and choose the word you hear.,好嗎,okay?,hǎo ma,DiscourseExpr,"[""為什麼"", ""好嗎"", ""是誰"", ""怎麼了""]",,verified_v3_book_locked,ok,,2
custom-story-1785235297869,我的錢包在哪裡？,True,5,hard,4,6,好嗎,pinyin,Which pinyin exactly matches the lexical tones of 「好嗎」?,hǎo ma,okay?,hǎo ma,DiscourseExpr,"[""hāo ma"", ""hào ma"", ""hǎo ma"", ""háo ma""]",沙發上面、下面跟旁邊我都找過了。媽，如果妳有空，幫我一起找，好嗎？,verified_v3_book_locked,ok,,2
custom-story-1785235297869,我的錢包在哪裡？,True,5,hard,4,6,好嗎,cloze,Choose the most contextually appropriate word for the blank.,好嗎,okay?,hǎo ma,DiscourseExpr,"[""真的嗎"", ""是誰"", ""怎麼了""]",沙發上面、下面跟旁邊我都找過了。媽，如果妳有空，幫我一起找，____？,verified_v3_book_locked,ok,,2
custom-story-1785235297869,我的錢包在哪裡？,True,5,easy,5,0,忙,translation,忙,busy,busy,máng,Adj,"[""to want / need"", ""to do / make"", ""weekend""]",我很忙，現在要去廚房做飯，你再去房間找吧。,verified_v3_book_locked,ok,,2
custom-story-1785235297869,我的錢包在哪裡？,True,5,easy,5,0,忙,reverse,busy,忙,busy,máng,Adj,"[""要"", ""做"", ""週末"", ""忙""]",我很忙，現在要去廚房做飯，你再去房間找吧。,verified_v3_book_locked,ok,,2
custom-story-1785235297869,我的錢包在哪裡？,True,5,easy,5,0,忙,listening,🔊 Listen and choose the word you hear.,忙,busy,máng,Adj,"[""週末"", ""忙"", ""要"", ""做""]",,verified_v3_book_locked,ok,,2
custom-story-1785235297869,我的錢包在哪裡？,True,5,easy,5,0,忙,pinyin,Choose the correct pinyin for 「忙」.,máng,busy,máng,Adj,"[""máng"", ""màng"", ""mǎng"", ""māng""]",我很忙，現在要去廚房做飯，你再去房間找吧。,verified_v3_book_locked,ok,,2
custom-story-1785235297869,我的錢包在哪裡？,True,5,easy,5,0,忙,cloze,Complete the sentence.,忙,busy,máng,Adj,"[""有趣"", ""好吃"", ""漂亮""]",我很____，現在要去廚房做飯，你再去房間找吧。,verified_v3_book_locked,ok,,2
custom-story-1785235297869,我的錢包在哪裡？,True,5,easy,5,0,忙,pos,What is the part of speech of 「忙」?,Adj,busy,máng,Adj,"[""N"", ""MW"", ""Pron""]",我很忙，現在要去廚房做飯，你再去房間找吧。,verified_v3_book_locked,ok,,2
custom-story-1785235297869,我的錢包在哪裡？,True,5,easy,5,0,忙,synonym,Which word or phrase is closest in meaning to 「忙」?,忙碌,busy,máng,Adj,"[""做"", ""週末"", ""這個週末""]",我很忙，現在要去廚房做飯，你再去房間找吧。,verified_v3_book_locked,ok,,2
custom-story-1785235297869,我的錢包在哪裡？,True,5,medium,5,0,忙,translation,Choose the best English meaning of 「忙」.,busy,busy,máng,Adj,"[""convenient"", ""comfortable"", ""good / okay""]",我現在很忙，快要去廚房做飯了，你自己再去房間找一次吧。,verified_v3_book_locked,ok,,2
custom-story-1785235297869,我的錢包在哪裡？,True,5,medium,5,0,忙,reverse,Choose the Chinese word for “busy”.,忙,busy,máng,Adj,"[""方便"", ""舒服"", ""好"", ""忙""]",我現在很忙，快要去廚房做飯了，你自己再去房間找一次吧。,verified_v3_book_locked,ok,,2
custom-story-1785235297869,我的錢包在哪裡？,True,5,medium,5,0,忙,listening,🔊 Listen and choose the word you hear.,忙,busy,máng,Adj,"[""忙"", ""舒服"", ""方便"", ""好""]",,verified_v3_book_locked,ok,,2
custom-story-1785235297869,我的錢包在哪裡？,True,5,medium,5,0,忙,pinyin,Choose the correct pinyin and tone pattern for 「忙」.,máng,busy,máng,Adj,"[""máng"", ""màng"", ""māng"", ""mǎng""]",我現在很忙，快要去廚房做飯了，你自己再去房間找一次吧。,verified_v3_book_locked,ok,,2
custom-story-1785235297869,我的錢包在哪裡？,True,5,medium,5,0,忙,cloze,Choose the word that best completes the sentence.,忙,busy,máng,Adj,"[""舒服"", ""好"", ""方便""]",我現在很____，快要去廚房做飯了，你自己再去房間找一次吧。,verified_v3_book_locked,ok,,2
custom-story-1785235297869,我的錢包在哪裡？,True,5,medium,5,0,忙,pos,"In this sentence, what part of speech is 「忙」?",Adj,busy,máng,Adj,"[""Loc"", ""N"", ""MW""]",我現在很忙，快要去廚房做飯了，你自己再去房間找一次吧。,verified_v3_book_locked,ok,,2
custom-story-1785235297869,我的錢包在哪裡？,True,5,medium,5,0,忙,synonym,"In this lesson context, which expression is closest in meaning to 「忙」?",忙碌,busy,máng,Adj,"[""舒服"", ""好吃"", ""好""]",我現在很忙，快要去廚房做飯了，你自己再去房間找一次吧。,verified_v3_book_locked,ok,,2
custom-story-1785235297869,我的錢包在哪裡？,True,5,hard,5,0,忙,translation,"In 「我今天真的很忙，也沒空幫你找，現在要去廚房做飯，你再去房間仔細找一次吧。」, what does 「忙」 mean?",busy,busy,máng,Adj,"[""happy"", ""cheap"", ""good / okay""]",我今天真的很忙，也沒空幫你找，現在要去廚房做飯，你再去房間仔細找一次吧。,verified_v3_book_locked,ok,,2
custom-story-1785235297869,我的錢包在哪裡？,True,5,hard,5,0,忙,reverse,Which Chinese word best matches “busy” in this lesson context?,忙,busy,máng,Adj,"[""便宜"", ""好"", ""忙"", ""開心""]",我今天真的很忙，也沒空幫你找，現在要去廚房做飯，你再去房間仔細找一次吧。,verified_v3_book_locked,ok,,2
custom-story-1785235297869,我的錢包在哪裡？,True,5,hard,5,0,忙,listening,🔊 Listen and choose the word you hear.,忙,busy,máng,Adj,"[""開心"", ""便宜"", ""好"", ""忙""]",,verified_v3_book_locked,ok,,2
custom-story-1785235297869,我的錢包在哪裡？,True,5,hard,5,0,忙,pinyin,Which pinyin exactly matches the lexical tones of 「忙」?,máng,busy,máng,Adj,"[""màng"", ""máng"", ""māng"", ""mǎng""]",我今天真的很忙，也沒空幫你找，現在要去廚房做飯，你再去房間仔細找一次吧。,verified_v3_book_locked,ok,,2
custom-story-1785235297869,我的錢包在哪裡？,True,5,hard,5,0,忙,cloze,Choose the most contextually appropriate word for the blank.,忙,busy,máng,Adj,"[""好吃"", ""有趣"", ""新的""]",我今天真的很____，也沒空幫你找，現在要去廚房做飯，你再去房間仔細找一次吧。,verified_v3_book_locked,ok,,2
custom-story-1785235297869,我的錢包在哪裡？,True,5,hard,5,0,忙,pos,Classify the grammatical category of 「忙」 as used in the sentence.,Adj,busy,máng,Adj,"[""MW"", ""Pron"", ""V""]",我今天真的很忙，也沒空幫你找，現在要去廚房做飯，你再去房間仔細找一次吧。,verified_v3_book_locked,ok,,2
custom-story-1785235297869,我的錢包在哪裡？,True,5,hard,5,0,忙,synonym,Which expression can best replace 「忙」 without changing the intended meaning?,忙碌,busy,máng,Adj,"[""流行"", ""安靜"", ""方便""]",我今天真的很忙，也沒空幫你找，現在要去廚房做飯，你再去房間仔細找一次吧。,verified_v3_book_locked,ok,,2
custom-story-1785235297869,我的錢包在哪裡？,True,5,easy,5,1,廚房,translation,廚房,kitchen,kitchen,chúfáng,N,"[""what"", ""to do / make"", ""weekend""]",我很忙，現在要去廚房做飯，你再去房間找吧。,verified_v3_book_locked,ok,,2
custom-story-1785235297869,我的錢包在哪裡？,True,5,easy,5,1,廚房,reverse,kitchen,廚房,kitchen,chúfáng,N,"[""什麼"", ""做"", ""週末"", ""廚房""]",我很忙，現在要去廚房做飯，你再去房間找吧。,verified_v3_book_locked,ok,,2
custom-story-1785235297869,我的錢包在哪裡？,True,5,easy,5,1,廚房,listening,🔊 Listen and choose the word you hear.,廚房,kitchen,chúfáng,N,"[""什麼"", ""廚房"", ""週末"", ""做""]",,verified_v3_book_locked,ok,,2
custom-story-1785235297869,我的錢包在哪裡？,True,5,easy,5,1,廚房,pinyin,Choose the correct pinyin for 「廚房」.,chúfáng,kitchen,chúfáng,N,"[""chúfáng"", ""chúfǎng"", ""chúfàng"", ""chúfāng""]",我很忙，現在要去廚房做飯，你再去房間找吧。,verified_v3_book_locked,ok,,2
custom-story-1785235297869,我的錢包在哪裡？,True,5,easy,5,1,廚房,cloze,Complete the sentence.,廚房,kitchen,chúfáng,N,"[""咖啡廳"", ""星期六"", ""冰淇淋""]",我很忙，現在要去____做飯，你再去房間找吧。,verified_v3_book_locked,ok,,2
custom-story-1785235297869,我的錢包在哪裡？,True,5,easy,5,1,廚房,pos,What is the part of speech of 「廚房」?,N,kitchen,chúfáng,N,"[""Adj"", ""V"", ""Pron""]",我很忙，現在要去廚房做飯，你再去房間找吧。,verified_v3_book_locked,ok,,2
custom-story-1785235297869,我的錢包在哪裡？,True,5,medium,5,1,廚房,translation,Choose the best English meaning of 「廚房」.,kitchen,kitchen,chúfáng,N,"[""ice cream"", ""weekend"", ""Saturday""]",我現在很忙，快要去廚房做飯了，你自己再去房間找一次吧。,verified_v3_book_locked,ok,,2
custom-story-1785235297869,我的錢包在哪裡？,True,5,medium,5,1,廚房,reverse,Choose the Chinese word for “kitchen”.,廚房,kitchen,chúfáng,N,"[""週末"", ""廚房"", ""冰淇淋"", ""星期六""]",我現在很忙，快要去廚房做飯了，你自己再去房間找一次吧。,verified_v3_book_locked,ok,,2
custom-story-1785235297869,我的錢包在哪裡？,True,5,medium,5,1,廚房,listening,🔊 Listen and choose the word you hear.,廚房,kitchen,chúfáng,N,"[""週末"", ""冰淇淋"", ""廚房"", ""星期六""]",,verified_v3_book_locked,ok,,2
custom-story-1785235297869,我的錢包在哪裡？,True,5,medium,5,1,廚房,pinyin,Choose the correct pinyin and tone pattern for 「廚房」.,chúfáng,kitchen,chúfáng,N,"[""chúfāng"", ""chúfáng"", ""chúfǎng"", ""chúfàng""]",我現在很忙，快要去廚房做飯了，你自己再去房間找一次吧。,verified_v3_book_locked,ok,,2
custom-story-1785235297869,我的錢包在哪裡？,True,5,medium,5,1,廚房,cloze,Choose the word that best completes the sentence.,廚房,kitchen,chúfáng,N,"[""星期六"", ""媽"", ""冰淇淋""]",我現在很忙，快要去____做飯了，你自己再去房間找一次吧。,verified_v3_book_locked,ok,,2
custom-story-1785235297869,我的錢包在哪裡？,True,5,medium,5,1,廚房,pos,"In this sentence, what part of speech is 「廚房」?",N,kitchen,chúfáng,N,"[""Loc"", ""Prep"", ""Quant""]",我現在很忙，快要去廚房做飯了，你自己再去房間找一次吧。,verified_v3_book_locked,ok,,2
custom-story-1785235297869,我的錢包在哪裡？,True,5,hard,5,1,廚房,translation,"In 「我今天真的很忙，也沒空幫你找，現在要去廚房做飯，你再去房間仔細找一次吧。」, what does 「廚房」 mean?",kitchen,kitchen,chúfáng,N,"[""supermarket"", ""cafe"", ""living room""]",我今天真的很忙，也沒空幫你找，現在要去廚房做飯，你再去房間仔細找一次吧。,verified_v3_book_locked,ok,,2
custom-story-1785235297869,我的錢包在哪裡？,True,5,hard,5,1,廚房,reverse,Which Chinese word best matches “kitchen” in this lesson context?,廚房,kitchen,chúfáng,N,"[""超級市場"", ""咖啡廳"", ""客廳"", ""廚房""]",我今天真的很忙，也沒空幫你找，現在要去廚房做飯，你再去房間仔細找一次吧。,verified_v3_book_locked,ok,,2
custom-story-1785235297869,我的錢包在哪裡？,True,5,hard,5,1,廚房,listening,🔊 Listen and choose the word you hear.,廚房,kitchen,chúfáng,N,"[""超級市場"", ""廚房"", ""咖啡廳"", ""客廳""]",,verified_v3_book_locked,ok,,2
custom-story-1785235297869,我的錢包在哪裡？,True,5,hard,5,1,廚房,pinyin,Which pinyin exactly matches the lexical tones of 「廚房」?,chúfáng,kitchen,chúfáng,N,"[""chúfáng"", ""chúfāng"", ""chúfàng"", ""chúfǎng""]",我今天真的很忙，也沒空幫你找，現在要去廚房做飯，你再去房間仔細找一次吧。,verified_v3_book_locked,ok,,2
custom-story-1785235297869,我的錢包在哪裡？,True,5,hard,5,1,廚房,cloze,Choose the most contextually appropriate word for the blank.,廚房,kitchen,chúfáng,N,"[""友美"", ""星期六"", ""週末""]",我今天真的很忙，也沒空幫你找，現在要去____做飯，你再去房間仔細找一次吧。,verified_v3_book_locked,ok,,2
custom-story-1785235297869,我的錢包在哪裡？,True,5,hard,5,1,廚房,pos,Classify the grammatical category of 「廚房」 as used in the sentence.,N,kitchen,chúfáng,N,"[""Loc"", ""Quant"", ""MW""]",我今天真的很忙，也沒空幫你找，現在要去廚房做飯，你再去房間仔細找一次吧。,verified_v3_book_locked,ok,,2
custom-story-1785235297869,我的錢包在哪裡？,True,5,easy,5,2,做飯,translation,做飯,cook meal,cook meal,zuò fàn,V,"[""to want / need"", ""what"", ""this weekend""]",我很忙，現在要去廚房做飯，你再去房間找吧。,verified_v3_book_locked,ok,,2
custom-story-1785235297869,我的錢包在哪裡？,True,5,easy,5,2,做飯,reverse,cook meal,做飯,cook meal,zuò fàn,V,"[""什麼"", ""這個週末"", ""做飯"", ""要""]",我很忙，現在要去廚房做飯，你再去房間找吧。,verified_v3_book_locked,ok,,2
custom-story-1785235297869,我的錢包在哪裡？,True,5,easy,5,2,做飯,listening,🔊 Listen and choose the word you hear.,做飯,cook meal,zuò fàn,V,"[""要"", ""做飯"", ""這個週末"", ""什麼""]",,verified_v3_book_locked,ok,,2
custom-story-1785235297869,我的錢包在哪裡？,True,5,easy,5,2,做飯,pinyin,Choose the correct pinyin for 「做飯」.,zuò fàn,cook meal,zuò fàn,V,"[""zuò fán"", ""zuò fǎn"", ""zuò fān"", ""zuò fàn""]",我很忙，現在要去廚房做飯，你再去房間找吧。,verified_v3_book_locked,ok,,2
custom-story-1785235297869,我的錢包在哪裡？,True,5,easy,5,2,做飯,cloze,Complete the sentence.,做飯,cook meal,zuò fàn,V,"[""想"", ""做"", ""聽音樂""]",我很忙，現在要去廚房____，你再去房間找吧。,verified_v3_book_locked,ok,,2
custom-story-1785235297869,我的錢包在哪裡？,True,5,easy,5,2,做飯,pos,What is the part of speech of 「做飯」?,V,cook meal,zuò fàn,V,"[""Adv"", ""Quant"", ""N""]",我很忙，現在要去廚房做飯，你再去房間找吧。,verified_v3_book_locked,ok,,2
custom-story-1785235297869,我的錢包在哪裡？,True,5,medium,5,2,做飯,translation,Choose the best English meaning of 「做飯」.,cook meal,cook meal,zuò fàn,V,"[""drink"", ""to want"", ""to do / make""]",我現在很忙，快要去廚房做飯了，你自己再去房間找一次吧。,verified_v3_book_locked,ok,,2
custom-story-1785235297869,我的錢包在哪裡？,True,5,medium,5,2,做飯,reverse,Choose the Chinese word for “cook meal”.,做飯,cook meal,zuò fàn,V,"[""想"", ""做"", ""做飯"", ""喝""]",我現在很忙，快要去廚房做飯了，你自己再去房間找一次吧。,verified_v3_book_locked,ok,,2
custom-story-1785235297869,我的錢包在哪裡？,True,5,medium,5,2,做飯,listening,🔊 Listen and choose the word you hear.,做飯,cook meal,zuò fàn,V,"[""做"", ""想"", ""喝"", ""做飯""]",,verified_v3_book_locked,ok,,2
custom-story-1785235297869,我的錢包在哪裡？,True,5,medium,5,2,做飯,pinyin,Choose the correct pinyin and tone pattern for 「做飯」.,zuò fàn,cook meal,zuò fàn,V,"[""zuò fán"", ""zuò fǎn"", ""zuò fàn"", ""zuò fān""]",我現在很忙，快要去廚房做飯了，你自己再去房間找一次吧。,verified_v3_book_locked,ok,,2
custom-story-1785235297869,我的錢包在哪裡？,True,5,medium,5,2,做飯,cloze,Choose the word that best completes the sentence.,做飯,cook meal,zuò fàn,V,"[""幫"", ""知道"", ""想""]",我現在很忙，快要去廚房____了，你自己再去房間找一次吧。,verified_v3_book_locked,ok,,2
custom-story-1785235297869,我的錢包在哪裡？,True,5,medium,5,2,做飯,pos,"In this sentence, what part of speech is 「做飯」?",V,cook meal,zuò fàn,V,"[""N"", ""Adv"", ""Prep""]",我現在很忙，快要去廚房做飯了，你自己再去房間找一次吧。,verified_v3_book_locked,ok,,2
custom-story-1785235297869,我的錢包在哪裡？,True,5,hard,5,2,做飯,translation,"In 「我今天真的很忙，也沒空幫你找，現在要去廚房做飯，你再去房間仔細找一次吧。」, what does 「做飯」 mean?",cook meal,cook meal,zuò fàn,V,"[""to rest"", ""have"", ""to listen to music""]",我今天真的很忙，也沒空幫你找，現在要去廚房做飯，你再去房間仔細找一次吧。,verified_v3_book_locked,ok,,2
custom-story-1785235297869,我的錢包在哪裡？,True,5,hard,5,2,做飯,reverse,Which Chinese word best matches “cook meal” in this lesson context?,做飯,cook meal,zuò fàn,V,"[""有"", ""做飯"", ""休息"", ""聽音樂""]",我今天真的很忙，也沒空幫你找，現在要去廚房做飯，你再去房間仔細找一次吧。,verified_v3_book_locked,ok,,2
custom-story-1785235297869,我的錢包在哪裡？,True,5,hard,5,2,做飯,listening,🔊 Listen and choose the word you hear.,做飯,cook meal,zuò fàn,V,"[""聽音樂"", ""休息"", ""做飯"", ""有""]",,verified_v3_book_locked,ok,,2
custom-story-1785235297869,我的錢包在哪裡？,True,5,hard,5,2,做飯,pinyin,Which pinyin exactly matches the lexical tones of 「做飯」?,zuò fàn,cook meal,zuò fàn,V,"[""zuò fàn"", ""zuò fǎn"", ""zuò fán"", ""zuò fān""]",我今天真的很忙，也沒空幫你找，現在要去廚房做飯，你再去房間仔細找一次吧。,verified_v3_book_locked,ok,,2
custom-story-1785235297869,我的錢包在哪裡？,True,5,hard,5,2,做飯,cloze,Choose the most contextually appropriate word for the blank.,做飯,cook meal,zuò fàn,V,"[""喝"", ""要"", ""想""]",我今天真的很忙，也沒空幫你找，現在要去廚房____，你再去房間仔細找一次吧。,verified_v3_book_locked,ok,,2
custom-story-1785235297869,我的錢包在哪裡？,True,5,hard,5,2,做飯,pos,Classify the grammatical category of 「做飯」 as used in the sentence.,V,cook meal,zuò fàn,V,"[""N"", ""Adj"", ""Prep""]",我今天真的很忙，也沒空幫你找，現在要去廚房做飯，你再去房間仔細找一次吧。,verified_v3_book_locked,ok,,2
custom-story-1785235297869,我的錢包在哪裡？,True,5,easy,5,3,房間,translation,房間,room,room,fángjiān,N,"[""at / in"", ""weekend"", ""what""]",我很忙，現在要去廚房做飯，你再去房間找吧。,verified_v3_book_locked,ok,,2
custom-story-1785235297869,我的錢包在哪裡？,True,5,easy,5,3,房間,reverse,room,房間,room,fángjiān,N,"[""什麼"", ""週末"", ""在"", ""房間""]",我很忙，現在要去廚房做飯，你再去房間找吧。,verified_v3_book_locked,ok,,2
custom-story-1785235297869,我的錢包在哪裡？,True,5,easy,5,3,房間,listening,🔊 Listen and choose the word you hear.,房間,room,fángjiān,N,"[""房間"", ""什麼"", ""週末"", ""在""]",,verified_v3_book_locked,ok,,2
custom-story-1785235297869,我的錢包在哪裡？,True,5,easy,5,3,房間,pinyin,Choose the correct pinyin for 「房間」.,fángjiān,room,fángjiān,N,"[""fángjiǎn"", ""fángjiān"", ""fángjián"", ""fángjiàn""]",我很忙，現在要去廚房做飯，你再去房間找吧。,verified_v3_book_locked,ok,,2
custom-story-1785235297869,我的錢包在哪裡？,True,5,easy,5,3,房間,cloze,Complete the sentence.,房間,room,fángjiān,N,"[""友美"", ""星期六"", ""咖啡廳""]",我很忙，現在要去廚房做飯，你再去____找吧。,verified_v3_book_locked,ok,,2
custom-story-1785235297869,我的錢包在哪裡？,True,5,easy,5,3,房間,pos,What is the part of speech of 「房間」?,N,room,fángjiān,N,"[""Loc"", ""V"", ""MW""]",我很忙，現在要去廚房做飯，你再去房間找吧。,verified_v3_book_locked,ok,,2
custom-story-1785235297869,我的錢包在哪裡？,True,5,medium,5,3,房間,translation,Choose the best English meaning of 「房間」.,room,room,fángjiān,N,"[""weekend"", ""Youmei (person’s name)"", ""Saturday""]",我現在很忙，快要去廚房做飯了，你自己再去房間找一次吧。,verified_v3_book_locked,ok,,2
custom-story-1785235297869,我的錢包在哪裡？,True,5,medium,5,3,房間,reverse,Choose the Chinese word for “room”.,房間,room,fángjiān,N,"[""週末"", ""友美"", ""房間"", ""星期六""]",我現在很忙，快要去廚房做飯了，你自己再去房間找一次吧。,verified_v3_book_locked,ok,,2
custom-story-1785235297869,我的錢包在哪裡？,True,5,medium,5,3,房間,listening,🔊 Listen and choose the word you hear.,房間,room,fángjiān,N,"[""房間"", ""星期六"", ""友美"", ""週末""]",,verified_v3_book_locked,ok,,2
custom-story-1785235297869,我的錢包在哪裡？,True,5,medium,5,3,房間,pinyin,Choose the correct pinyin and tone pattern for 「房間」.,fángjiān,room,fángjiān,N,"[""fángjiǎn"", ""fángjiān"", ""fángjiàn"", ""fángjián""]",我現在很忙，快要去廚房做飯了，你自己再去房間找一次吧。,verified_v3_book_locked,ok,,2
custom-story-1785235297869,我的錢包在哪裡？,True,5,medium,5,3,房間,cloze,Choose the word that best completes the sentence.,房間,room,fángjiān,N,"[""星期六"", ""巧克力"", ""咖啡廳""]",我現在很忙，快要去廚房做飯了，你自己再去____找一次吧。,verified_v3_book_locked,ok,,2
custom-story-1785235297869,我的錢包在哪裡？,True,5,medium,5,3,房間,pos,"In this sentence, what part of speech is 「房間」?",N,room,fángjiān,N,"[""Pron"", ""Quant"", ""Prep""]",我現在很忙，快要去廚房做飯了，你自己再去房間找一次吧。,verified_v3_book_locked,ok,,2
custom-story-1785235297869,我的錢包在哪裡？,True,5,hard,5,3,房間,translation,"In 「我今天真的很忙，也沒空幫你找，現在要去廚房做飯，你再去房間仔細找一次吧。」, what does 「房間」 mean?",room,room,fángjiān,N,"[""restaurant"", ""home"", ""kitchen""]",我今天真的很忙，也沒空幫你找，現在要去廚房做飯，你再去房間仔細找一次吧。,verified_v3_book_locked,ok,,2
custom-story-1785235297869,我的錢包在哪裡？,True,5,hard,5,3,房間,reverse,Which Chinese word best matches “room” in this lesson context?,房間,room,fángjiān,N,"[""家"", ""餐廳"", ""廚房"", ""房間""]",我今天真的很忙，也沒空幫你找，現在要去廚房做飯，你再去房間仔細找一次吧。,verified_v3_book_locked,ok,,2
custom-story-1785235297869,我的錢包在哪裡？,True,5,hard,5,3,房間,listening,🔊 Listen and choose the word you hear.,房間,room,fángjiān,N,"[""廚房"", ""餐廳"", ""房間"", ""家""]",,verified_v3_book_locked,ok,,2
custom-story-1785235297869,我的錢包在哪裡？,True,5,hard,5,3,房間,pinyin,Which pinyin exactly matches the lexical tones of 「房間」?,fángjiān,room,fángjiān,N,"[""fángjiān"", ""fángjián"", ""fángjiǎn"", ""fángjiàn""]",我今天真的很忙，也沒空幫你找，現在要去廚房做飯，你再去房間仔細找一次吧。,verified_v3_book_locked,ok,,2
custom-story-1785235297869,我的錢包在哪裡？,True,5,hard,5,3,房間,cloze,Choose the most contextually appropriate word for the blank.,房間,room,fángjiān,N,"[""冰淇淋"", ""星期六"", ""桌子""]",我今天真的很忙，也沒空幫你找，現在要去廚房做飯，你再去____仔細找一次吧。,verified_v3_book_locked,ok,,2
custom-story-1785235297869,我的錢包在哪裡？,True,5,hard,5,3,房間,pos,Classify the grammatical category of 「房間」 as used in the sentence.,N,room,fángjiān,N,"[""Adv"", ""Quant"", ""Loc""]",我今天真的很忙，也沒空幫你找，現在要去廚房做飯，你再去房間仔細找一次吧。,verified_v3_book_locked,ok,,2
custom-story-1785235297869,我的錢包在哪裡？,True,5,easy,6,0,錢包,translation,錢包,wallet,wallet,qiánbāo,N,"[""what"", ""weekend"", ""to do / make""]",啊！在這裡！錢包在我的書下面。,verified_v3_book_locked,ok,,2
custom-story-1785235297869,我的錢包在哪裡？,True,5,easy,6,0,錢包,reverse,wallet,錢包,wallet,qiánbāo,N,"[""做"", ""什麼"", ""週末"", ""錢包""]",啊！在這裡！錢包在我的書下面。,verified_v3_book_locked,ok,,2
custom-story-1785235297869,我的錢包在哪裡？,True,5,easy,6,0,錢包,listening,🔊 Listen and choose the word you hear.,錢包,wallet,qiánbāo,N,"[""做"", ""什麼"", ""週末"", ""錢包""]",,verified_v3_book_locked,ok,,2
custom-story-1785235297869,我的錢包在哪裡？,True,5,easy,6,0,錢包,pinyin,Choose the correct pinyin for 「錢包」.,qiánbāo,wallet,qiánbāo,N,"[""qiánbào"", ""qiánbǎo"", ""qiánbáo"", ""qiánbāo""]",啊！在這裡！錢包在我的書下面。,verified_v3_book_locked,ok,,2
custom-story-1785235297869,我的錢包在哪裡？,True,5,easy,6,0,錢包,cloze,Complete the sentence.,錢包,wallet,qiánbāo,N,"[""冰淇淋"", ""咖啡廳"", ""友美""]",啊！在這裡！____在我的書下面。,verified_v3_book_locked,ok,,2
custom-story-1785235297869,我的錢包在哪裡？,True,5,easy,6,0,錢包,pos,What is the part of speech of 「錢包」?,N,wallet,qiánbāo,N,"[""Loc"", ""Adj"", ""Quant""]",啊！在這裡！錢包在我的書下面。,verified_v3_book_locked,ok,,2
custom-story-1785235297869,我的錢包在哪裡？,True,5,easy,6,0,錢包,synonym,Which word or phrase is closest in meaning to 「錢包」?,皮夾,wallet,qiánbāo,N,"[""做"", ""在"", ""要""]",啊！在這裡！錢包在我的書下面。,verified_v3_book_locked,ok,,2
custom-story-1785235297869,我的錢包在哪裡？,True,5,medium,6,0,錢包,translation,Choose the best English meaning of 「錢包」.,wallet,wallet,qiánbāo,N,"[""afternoon"", ""cafe"", ""ice cream""]",啊！在這裡！原來錢包在我的書下面。,verified_v3_book_locked,ok,,2
custom-story-1785235297869,我的錢包在哪裡？,True,5,medium,6,0,錢包,reverse,Choose the Chinese word for “wallet”.,錢包,wallet,qiánbāo,N,"[""咖啡廳"", ""下午"", ""冰淇淋"", ""錢包""]",啊！在這裡！原來錢包在我的書下面。,verified_v3_book_locked,ok,,2
custom-story-1785235297869,我的錢包在哪裡？,True,5,medium,6,0,錢包,listening,🔊 Listen and choose the word you hear.,錢包,wallet,qiánbāo,N,"[""下午"", ""冰淇淋"", ""咖啡廳"", ""錢包""]",,verified_v3_book_locked,ok,,2
custom-story-1785235297869,我的錢包在哪裡？,True,5,medium,6,0,錢包,pinyin,Choose the correct pinyin and tone pattern for 「錢包」.,qiánbāo,wallet,qiánbāo,N,"[""qiánbāo"", ""qiánbào"", ""qiánbǎo"", ""qiánbáo""]",啊！在這裡！原來錢包在我的書下面。,verified_v3_book_locked,ok,,2
custom-story-1785235297869,我的錢包在哪裡？,True,5,medium,6,0,錢包,cloze,Choose the word that best completes the sentence.,錢包,wallet,qiánbāo,N,"[""週末"", ""下午"", ""下午茶""]",啊！在這裡！原來____在我的書下面。,verified_v3_book_locked,ok,,2
custom-story-1785235297869,我的錢包在哪裡？,True,5,medium,6,0,錢包,pos,"In this sentence, what part of speech is 「錢包」?",N,wallet,qiánbāo,N,"[""Adj"", ""MW"", ""Quant""]",啊！在這裡！原來錢包在我的書下面。,verified_v3_book_locked,ok,,2
custom-story-1785235297869,我的錢包在哪裡？,True,5,medium,6,0,錢包,synonym,"In this lesson context, which expression is closest in meaning to 「錢包」?",皮夾,wallet,qiánbāo,N,"[""家"", ""星期六"", ""週末""]",啊！在這裡！原來錢包在我的書下面。,verified_v3_book_locked,ok,,2
custom-story-1785235297869,我的錢包在哪裡？,True,5,hard,6,0,錢包,translation,"In 「啊！找到了！原來錢包一直在我的書下面。」, what does 「錢包」 mean?",wallet,wallet,qiánbāo,N,"[""handbag"", ""thing / item"", ""money""]",啊！找到了！原來錢包一直在我的書下面。,verified_v3_book_locked,ok,,2
custom-story-1785235297869,我的錢包在哪裡？,True,5,hard,6,0,錢包,reverse,Which Chinese word best matches “wallet” in this lesson context?,錢包,wallet,qiánbāo,N,"[""錢"", ""錢包"", ""東西"", ""皮包""]",啊！找到了！原來錢包一直在我的書下面。,verified_v3_book_locked,ok,,2
custom-story-1785235297869,我的錢包在哪裡？,True,5,hard,6,0,錢包,listening,🔊 Listen and choose the word you hear.,錢包,wallet,qiánbāo,N,"[""皮包"", ""錢"", ""錢包"", ""東西""]",,verified_v3_book_locked,ok,,2
custom-story-1785235297869,我的錢包在哪裡？,True,5,hard,6,0,錢包,pinyin,Which pinyin exactly matches the lexical tones of 「錢包」?,qiánbāo,wallet,qiánbāo,N,"[""qiánbào"", ""qiánbāo"", ""qiánbǎo"", ""qiánbáo""]",啊！找到了！原來錢包一直在我的書下面。,verified_v3_book_locked,ok,,2
custom-story-1785235297869,我的錢包在哪裡？,True,5,hard,6,0,錢包,cloze,Choose the most contextually appropriate word for the blank.,錢包,wallet,qiánbāo,N,"[""週末"", ""星期六"", ""咖啡廳""]",啊！找到了！原來____一直在我的書下面。,verified_v3_book_locked,ok,,2
custom-story-1785235297869,我的錢包在哪裡？,True,5,hard,6,0,錢包,pos,Classify the grammatical category of 「錢包」 as used in the sentence.,N,wallet,qiánbāo,N,"[""V"", ""Adj"", ""MW""]",啊！找到了！原來錢包一直在我的書下面。,verified_v3_book_locked,ok,,2
custom-story-1785235297869,我的錢包在哪裡？,True,5,hard,6,0,錢包,synonym,Which expression can best replace 「錢包」 without changing the intended meaning?,皮夾,wallet,qiánbāo,N,"[""錢"", ""衣服"", ""眼鏡""]",啊！找到了！原來錢包一直在我的書下面。,verified_v3_book_locked,ok,,2
custom-story-1785235297869,我的錢包在哪裡？,True,5,easy,6,1,書,translation,書,book,book,shū,N,"[""Youmei (person’s name)"", ""to do / make"", ""to want / need""]",啊！在這裡！錢包在我的書下面。,verified_v3_book_locked,ok,,2
custom-story-1785235297869,我的錢包在哪裡？,True,5,easy,6,1,書,reverse,book,書,book,shū,N,"[""要"", ""書"", ""做"", ""友美""]",啊！在這裡！錢包在我的書下面。,verified_v3_book_locked,ok,,2
custom-story-1785235297869,我的錢包在哪裡？,True,5,easy,6,1,書,listening,🔊 Listen and choose the word you hear.,書,book,shū,N,"[""書"", ""要"", ""友美"", ""做""]",,verified_v3_book_locked,ok,,2
custom-story-1785235297869,我的錢包在哪裡？,True,5,easy,6,1,書,pinyin,Choose the correct pinyin for 「書」.,shū,book,shū,N,"[""shū"", ""shǔ"", ""shù"", ""shú""]",啊！在這裡！錢包在我的書下面。,verified_v3_book_locked,ok,,2
custom-story-1785235297869,我的錢包在哪裡？,True,5,easy,6,1,書,cloze,Complete the sentence.,書,book,shū,N,"[""週末"", ""咖啡廳"", ""星期六""]",啊！在這裡！錢包在我的____下面。,verified_v3_book_locked,ok,,2
custom-story-1785235297869,我的錢包在哪裡？,True,5,easy,6,1,書,pos,What is the part of speech of 「書」?,N,book,shū,N,"[""Adv"", ""Prep"", ""MW""]",啊！在這裡！錢包在我的書下面。,verified_v3_book_locked,ok,,2
custom-story-1785235297869,我的錢包在哪裡？,True,5,medium,6,1,書,translation,Choose the best English meaning of 「書」.,book,book,shū,N,"[""home"", ""afternoon"", ""ice cream""]",啊！在這裡！原來錢包在我的書下面。,verified_v3_book_locked,ok,,2
custom-story-1785235297869,我的錢包在哪裡？,True,5,medium,6,1,書,reverse,Choose the Chinese word for “book”.,書,book,shū,N,"[""冰淇淋"", ""家"", ""書"", ""下午""]",啊！在這裡！原來錢包在我的書下面。,verified_v3_book_locked,ok,,2
custom-story-1785235297869,我的錢包在哪裡？,True,5,medium,6,1,書,listening,🔊 Listen and choose the word you hear.,書,book,shū,N,"[""下午"", ""書"", ""家"", ""冰淇淋""]",,verified_v3_book_locked,ok,,2
custom-story-1785235297869,我的錢包在哪裡？,True,5,medium,6,1,書,pinyin,Choose the correct pinyin and tone pattern for 「書」.,shū,book,shū,N,"[""shù"", ""shú"", ""shū"", ""shǔ""]",啊！在這裡！原來錢包在我的書下面。,verified_v3_book_locked,ok,,2
custom-story-1785235297869,我的錢包在哪裡？,True,5,medium,6,1,書,cloze,Choose the word that best completes the sentence.,書,book,shū,N,"[""下午茶"", ""下午"", ""星期六""]",啊！在這裡！原來錢包在我的____下面。,verified_v3_book_locked,ok,,2
custom-story-1785235297869,我的錢包在哪裡？,True,5,medium,6,1,書,pos,"In this sentence, what part of speech is 「書」?",N,book,shū,N,"[""Pron"", ""Loc"", ""Prep""]",啊！在這裡！原來錢包在我的書下面。,verified_v3_book_locked,ok,,2
custom-story-1785235297869,我的錢包在哪裡？,True,5,hard,6,1,書,translation,"In 「啊！找到了！原來錢包一直在我的書下面。」, what does 「書」 mean?",book,book,shū,N,"[""wallet"", ""lamp"", ""door""]",啊！找到了！原來錢包一直在我的書下面。,verified_v3_book_locked,ok,,2
custom-story-1785235297869,我的錢包在哪裡？,True,5,hard,6,1,書,reverse,Which Chinese word best matches “book” in this lesson context?,書,book,shū,N,"[""書"", ""燈"", ""門"", ""錢包""]",啊！找到了！原來錢包一直在我的書下面。,verified_v3_book_locked,ok,,2
custom-story-1785235297869,我的錢包在哪裡？,True,5,hard,6,1,書,listening,🔊 Listen and choose the word you hear.,書,book,shū,N,"[""燈"", ""書"", ""錢包"", ""門""]",,verified_v3_book_locked,ok,,2
custom-story-1785235297869,我的錢包在哪裡？,True,5,hard,6,1,書,pinyin,Which pinyin exactly matches the lexical tones of 「書」?,shū,book,shū,N,"[""shú"", ""shǔ"", ""shù"", ""shū""]",啊！找到了！原來錢包一直在我的書下面。,verified_v3_book_locked,ok,,2
custom-story-1785235297869,我的錢包在哪裡？,True,5,hard,6,1,書,cloze,Choose the most contextually appropriate word for the blank.,書,book,shū,N,"[""巧克力"", ""下午"", ""冰淇淋""]",啊！找到了！原來錢包一直在我的____下面。,verified_v3_book_locked,ok,,2
custom-story-1785235297869,我的錢包在哪裡？,True,5,hard,6,1,書,pos,Classify the grammatical category of 「書」 as used in the sentence.,N,book,shū,N,"[""Prep"", ""Loc"", ""Quant""]",啊！找到了！原來錢包一直在我的書下面。,verified_v3_book_locked,ok,,2
custom-story-1785235297869,我的錢包在哪裡？,True,5,easy,6,2,下面,translation,下面,underneath,underneath,xiàmian,Loc,"[""to want / need"", ""Youmei (person’s name)"", ""to do / make""]",啊！在這裡！錢包在我的書下面。,verified_v3_book_locked,ok,,2
custom-story-1785235297869,我的錢包在哪裡？,True,5,easy,6,2,下面,reverse,underneath,下面,underneath,xiàmian,Loc,"[""做"", ""要"", ""下面"", ""友美""]",啊！在這裡！錢包在我的書下面。,verified_v3_book_locked,ok,,2
custom-story-1785235297869,我的錢包在哪裡？,True,5,easy,6,2,下面,listening,🔊 Listen and choose the word you hear.,下面,underneath,xiàmian,Loc,"[""友美"", ""要"", ""下面"", ""做""]",,verified_v3_book_locked,ok,,2
custom-story-1785235297869,我的錢包在哪裡？,True,5,easy,6,2,下面,pinyin,Choose the correct pinyin for 「下面」.,xiàmian,underneath,xiàmian,Loc,"[""xiāmian"", ""xiàmian"", ""xiámian"", ""xiǎmian""]",啊！在這裡！錢包在我的書下面。,verified_v3_book_locked,ok,,2
custom-story-1785235297869,我的錢包在哪裡？,True,5,easy,6,2,下面,cloze,Complete the sentence.,下面,underneath,xiàmian,Loc,"[""附近"", ""上面"", ""旁邊""]",啊！在這裡！錢包在我的書____。,verified_v3_book_locked,ok,,2
custom-story-1785235297869,我的錢包在哪裡？,True,5,easy,6,2,下面,pos,What is the part of speech of 「下面」?,Loc,underneath,xiàmian,Loc,"[""Adv"", ""MW"", ""Pron""]",啊！在這裡！錢包在我的書下面。,verified_v3_book_locked,ok,,2
custom-story-1785235297869,我的錢包在哪裡？,True,5,medium,6,2,下面,translation,Choose the best English meaning of 「下面」.,underneath,underneath,xiàmian,Loc,"[""beside"", ""on top"", ""nearby / vicinity""]",啊！在這裡！原來錢包在我的書下面。,verified_v3_book_locked,ok,,2
custom-story-1785235297869,我的錢包在哪裡？,True,5,medium,6,2,下面,reverse,Choose the Chinese word for “underneath”.,下面,underneath,xiàmian,Loc,"[""附近"", ""下面"", ""上面"", ""旁邊""]",啊！在這裡！原來錢包在我的書下面。,verified_v3_book_locked,ok,,2
custom-story-1785235297869,我的錢包在哪裡？,True,5,medium,6,2,下面,listening,🔊 Listen and choose the word you hear.,下面,underneath,xiàmian,Loc,"[""上面"", ""旁邊"", ""附近"", ""下面""]",,verified_v3_book_locked,ok,,2
custom-story-1785235297869,我的錢包在哪裡？,True,5,medium,6,2,下面,pinyin,Choose the correct pinyin and tone pattern for 「下面」.,xiàmian,underneath,xiàmian,Loc,"[""xiǎmian"", ""xiámian"", ""xiāmian"", ""xiàmian""]",啊！在這裡！原來錢包在我的書下面。,verified_v3_book_locked,ok,,2
custom-story-1785235297869,我的錢包在哪裡？,True,5,medium,6,2,下面,cloze,Choose the word that best completes the sentence.,下面,underneath,xiàmian,Loc,"[""附近"", ""旁邊"", ""上面""]",啊！在這裡！原來錢包在我的書____。,verified_v3_book_locked,ok,,2
custom-story-1785235297869,我的錢包在哪裡？,True,5,medium,6,2,下面,pos,"In this sentence, what part of speech is 「下面」?",Loc,underneath,xiàmian,Loc,"[""Quant"", ""Adj"", ""N""]",啊！在這裡！原來錢包在我的書下面。,verified_v3_book_locked,ok,,2
custom-story-1785235297869,我的錢包在哪裡？,True,5,hard,6,2,下面,translation,"In 「啊！找到了！原來錢包一直在我的書下面。」, what does 「下面」 mean?",underneath,underneath,xiàmian,Loc,"[""left side"", ""right side"", ""on top""]",啊！找到了！原來錢包一直在我的書下面。,verified_v3_book_locked,ok,,2
custom-story-1785235297869,我的錢包在哪裡？,True,5,hard,6,2,下面,reverse,Which Chinese word best matches “underneath” in this lesson context?,下面,underneath,xiàmian,Loc,"[""右邊"", ""上面"", ""左邊"", ""下面""]",啊！找到了！原來錢包一直在我的書下面。,verified_v3_book_locked,ok,,2
custom-story-1785235297869,我的錢包在哪裡？,True,5,hard,6,2,下面,listening,🔊 Listen and choose the word you hear.,下面,underneath,xiàmian,Loc,"[""右邊"", ""左邊"", ""上面"", ""下面""]",,verified_v3_book_locked,ok,,2
custom-story-1785235297869,我的錢包在哪裡？,True,5,hard,6,2,下面,pinyin,Which pinyin exactly matches the lexical tones of 「下面」?,xiàmian,underneath,xiàmian,Loc,"[""xiāmian"", ""xiàmian"", ""xiǎmian"", ""xiámian""]",啊！找到了！原來錢包一直在我的書下面。,verified_v3_book_locked,ok,,2
custom-story-1785235297869,我的錢包在哪裡？,True,5,hard,6,2,下面,cloze,Choose the most contextually appropriate word for the blank.,下面,underneath,xiàmian,Loc,"[""旁邊"", ""上面"", ""附近""]",啊！找到了！原來錢包一直在我的書____。,verified_v3_book_locked,ok,,2
custom-story-1785235297869,我的錢包在哪裡？,True,5,hard,6,2,下面,pos,Classify the grammatical category of 「下面」 as used in the sentence.,Loc,underneath,xiàmian,Loc,"[""Pron"", ""Quant"", ""V""]",啊！找到了！原來錢包一直在我的書下面。,verified_v3_book_locked,ok,,2
custom-story-1785310310407,我的房間,True,5,easy,0,0,房間,translation,房間,room,room,fángjiān,N,"[""Youmei (person’s name)"", ""what"", ""this weekend""]",我的房間裡有一張桌子、一張床跟一張沙發。,verified_v3_book_locked,ok,,3
custom-story-1785310310407,我的房間,True,5,easy,0,0,房間,reverse,room,房間,room,fángjiān,N,"[""友美"", ""這個週末"", ""房間"", ""什麼""]",我的房間裡有一張桌子、一張床跟一張沙發。,verified_v3_book_locked,ok,,3
custom-story-1785310310407,我的房間,True,5,easy,0,0,房間,listening,🔊 Listen and choose the word you hear.,房間,room,fángjiān,N,"[""什麼"", ""友美"", ""房間"", ""這個週末""]",,verified_v3_book_locked,ok,,3
custom-story-1785310310407,我的房間,True,5,easy,0,0,房間,pinyin,Choose the correct pinyin for 「房間」.,fángjiān,room,fángjiān,N,"[""fángjiān"", ""fángjiàn"", ""fángjián"", ""fángjiǎn""]",我的房間裡有一張桌子、一張床跟一張沙發。,verified_v3_book_locked,ok,,3
custom-story-1785310310407,我的房間,True,5,easy,0,0,房間,cloze,Complete the sentence.,房間,room,fángjiān,N,"[""下午茶"", ""冰淇淋"", ""星期六""]",我的____裡有一張桌子、一張床跟一張沙發。,verified_v3_book_locked,ok,,3
custom-story-1785310310407,我的房間,True,5,easy,0,0,房間,pos,What is the part of speech of 「房間」?,N,room,fángjiān,N,"[""Loc"", ""V"", ""MW""]",我的房間裡有一張桌子、一張床跟一張沙發。,verified_v3_book_locked,ok,,3
custom-story-1785310310407,我的房間,True,5,medium,0,0,房間,translation,Choose the best English meaning of 「房間」.,room,room,fángjiān,N,"[""ice cream"", ""home"", ""afternoon tea""]",我的房間不大，可是很舒服，裡面有一張桌子、一張床跟一張沙發。,verified_v3_book_locked,ok,,3
custom-story-1785310310407,我的房間,True,5,medium,0,0,房間,reverse,Choose the Chinese word for “room”.,房間,room,fángjiān,N,"[""冰淇淋"", ""下午茶"", ""家"", ""房間""]",我的房間不大，可是很舒服，裡面有一張桌子、一張床跟一張沙發。,verified_v3_book_locked,ok,,3
custom-story-1785310310407,我的房間,True,5,medium,0,0,房間,listening,🔊 Listen and choose the word you hear.,房間,room,fángjiān,N,"[""冰淇淋"", ""房間"", ""下午茶"", ""家""]",,verified_v3_book_locked,ok,,3
custom-story-1785310310407,我的房間,True,5,medium,0,0,房間,pinyin,Choose the correct pinyin and tone pattern for 「房間」.,fángjiān,room,fángjiān,N,"[""fángjián"", ""fángjiàn"", ""fángjiān"", ""fángjiǎn""]",我的房間不大，可是很舒服，裡面有一張桌子、一張床跟一張沙發。,verified_v3_book_locked,ok,,3
custom-story-1785310310407,我的房間,True,5,medium,0,0,房間,cloze,Choose the word that best completes the sentence.,房間,room,fángjiān,N,"[""下午茶"", ""冰淇淋"", ""星期六""]",我的____不大，可是很舒服，裡面有一張桌子、一張床跟一張沙發。,verified_v3_book_locked,ok,,3
custom-story-1785310310407,我的房間,True,5,medium,0,0,房間,pos,"In this sentence, what part of speech is 「房間」?",N,room,fángjiān,N,"[""Pron"", ""Quant"", ""Prep""]",我的房間不大，可是很舒服，裡面有一張桌子、一張床跟一張沙發。,verified_v3_book_locked,ok,,3
custom-story-1785310310407,我的房間,True,5,hard,0,0,房間,translation,"In 「我的房間雖然不大，可是我很喜歡，裡面有一張桌子、一張床跟一張沙發。」, what does 「房間」 mean?",room,room,fángjiān,N,"[""dormitory"", ""post office"", ""department store""]",我的房間雖然不大，可是我很喜歡，裡面有一張桌子、一張床跟一張沙發。,verified_v3_book_locked,ok,,3
custom-story-1785310310407,我的房間,True,5,hard,0,0,房間,reverse,Which Chinese word best matches “room” in this lesson context?,房間,room,fángjiān,N,"[""郵局"", ""百貨公司"", ""宿舍"", ""房間""]",我的房間雖然不大，可是我很喜歡，裡面有一張桌子、一張床跟一張沙發。,verified_v3_book_locked,ok,,3
custom-story-1785310310407,我的房間,True,5,hard,0,0,房間,listening,🔊 Listen and choose the word you hear.,房間,room,fángjiān,N,"[""宿舍"", ""郵局"", ""百貨公司"", ""房間""]",,verified_v3_book_locked,ok,,3
custom-story-1785310310407,我的房間,True,5,hard,0,0,房間,pinyin,Which pinyin exactly matches the lexical tones of 「房間」?,fángjiān,room,fángjiān,N,"[""fángjián"", ""fángjiǎn"", ""fángjiān"", ""fángjiàn""]",我的房間雖然不大，可是我很喜歡，裡面有一張桌子、一張床跟一張沙發。,verified_v3_book_locked,ok,,3
custom-story-1785310310407,我的房間,True,5,hard,0,0,房間,cloze,Choose the most contextually appropriate word for the blank.,房間,room,fángjiān,N,"[""媽"", ""下午"", ""巧克力""]",我的____雖然不大，可是我很喜歡，裡面有一張桌子、一張床跟一張沙發。,verified_v3_book_locked,ok,,3
custom-story-1785310310407,我的房間,True,5,hard,0,0,房間,pos,Classify the grammatical category of 「房間」 as used in the sentence.,N,room,fángjiān,N,"[""Adv"", ""Quant"", ""Loc""]",我的房間雖然不大，可是我很喜歡，裡面有一張桌子、一張床跟一張沙發。,verified_v3_book_locked,ok,,3
custom-story-1785310310407,我的房間,True,5,easy,0,1,桌子,translation,桌子,table,table,zhuō zǐ,N,"[""to want / need"", ""at / in"", ""this weekend""]",我的房間裡有一張桌子、一張床跟一張沙發。,verified_v3_book_locked,ok,,3
custom-story-1785310310407,我的房間,True,5,easy,0,1,桌子,reverse,table,桌子,table,zhuō zǐ,N,"[""桌子"", ""要"", ""這個週末"", ""在""]",我的房間裡有一張桌子、一張床跟一張沙發。,verified_v3_book_locked,ok,,3
custom-story-1785310310407,我的房間,True,5,easy,0,1,桌子,listening,🔊 Listen and choose the word you hear.,桌子,table,zhuō zǐ,N,"[""這個週末"", ""要"", ""桌子"", ""在""]",,verified_v3_book_locked,ok,,3
custom-story-1785310310407,我的房間,True,5,easy,0,1,桌子,pinyin,Choose the correct pinyin for 「桌子」.,zhuō zǐ,table,zhuō zǐ,N,"[""zhuō zí"", ""zhuō zī"", ""zhuō zì"", ""zhuō zǐ""]",我的房間裡有一張桌子、一張床跟一張沙發。,verified_v3_book_locked,ok,,3
custom-story-1785310310407,我的房間,True,5,easy,0,1,桌子,cloze,Complete the sentence.,桌子,table,zhuō zǐ,N,"[""友美"", ""家"", ""巧克力""]",我的房間裡有一張____、一張床跟一張沙發。,verified_v3_book_locked,ok,,3
custom-story-1785310310407,我的房間,True,5,easy,0,1,桌子,pos,What is the part of speech of 「桌子」?,N,table,zhuō zǐ,N,"[""Adv"", ""Adj"", ""MW""]",我的房間裡有一張桌子、一張床跟一張沙發。,verified_v3_book_locked,ok,,3
custom-story-1785310310407,我的房間,True,5,easy,0,1,桌子,synonym,Which word or phrase is closest in meaning to 「桌子」?,桌,table,zhuō zǐ,N,"[""什麼"", ""我"", ""這個週末""]",我的房間裡有一張桌子、一張床跟一張沙發。,verified_v3_book_locked,ok,,3
custom-story-1785310310407,我的房間,True,5,medium,0,1,桌子,translation,Choose the best English meaning of 「桌子」.,table,table,zhuō zǐ,N,"[""Youmei (person’s name)"", ""afternoon tea"", ""afternoon""]",我的房間不大，可是很舒服，裡面有一張桌子、一張床跟一張沙發。,verified_v3_book_locked,ok,,3
custom-story-1785310310407,我的房間,True,5,medium,0,1,桌子,reverse,Choose the Chinese word for “table”.,桌子,table,zhuō zǐ,N,"[""下午"", ""桌子"", ""友美"", ""下午茶""]",我的房間不大，可是很舒服，裡面有一張桌子、一張床跟一張沙發。,verified_v3_book_locked,ok,,3
custom-story-1785310310407,我的房間,True,5,medium,0,1,桌子,listening,🔊 Listen and choose the word you hear.,桌子,table,zhuō zǐ,N,"[""友美"", ""桌子"", ""下午茶"", ""下午""]",,verified_v3_book_locked,ok,,3
custom-story-1785310310407,我的房間,True,5,medium,0,1,桌子,pinyin,Choose the correct pinyin and tone pattern for 「桌子」.,zhuō zǐ,table,zhuō zǐ,N,"[""zhuō zí"", ""zhuō zì"", ""zhuō zǐ"", ""zhuō zī""]",我的房間不大，可是很舒服，裡面有一張桌子、一張床跟一張沙發。,verified_v3_book_locked,ok,,3
custom-story-1785310310407,我的房間,True,5,medium,0,1,桌子,cloze,Choose the word that best completes the sentence.,桌子,table,zhuō zǐ,N,"[""下午茶"", ""週末"", ""巧克力""]",我的房間不大，可是很舒服，裡面有一張____、一張床跟一張沙發。,verified_v3_book_locked,ok,,3
custom-story-1785310310407,我的房間,True,5,medium,0,1,桌子,pos,"In this sentence, what part of speech is 「桌子」?",N,table,zhuō zǐ,N,"[""V"", ""Pron"", ""Loc""]",我的房間不大，可是很舒服，裡面有一張桌子、一張床跟一張沙發。,verified_v3_book_locked,ok,,3
custom-story-1785310310407,我的房間,True,5,medium,0,1,桌子,synonym,"In this lesson context, which expression is closest in meaning to 「桌子」?",桌,table,zhuō zǐ,N,"[""下午"", ""週末"", ""咖啡廳""]",我的房間不大，可是很舒服，裡面有一張桌子、一張床跟一張沙發。,verified_v3_book_locked,ok,,3
custom-story-1785310310407,我的房間,True,5,hard,0,1,桌子,translation,"In 「我的房間雖然不大，可是我很喜歡，裡面有一張桌子、一張床跟一張沙發。」, what does 「桌子」 mean?",table,table,zhuō zǐ,N,"[""wardrobe"", ""window"", ""TV""]",我的房間雖然不大，可是我很喜歡，裡面有一張桌子、一張床跟一張沙發。,verified_v3_book_locked,ok,,3
custom-story-1785310310407,我的房間,True,5,hard,0,1,桌子,reverse,Which Chinese word best matches “table” in this lesson context?,桌子,table,zhuō zǐ,N,"[""桌子"", ""窗戶"", ""衣櫃"", ""電視機""]",我的房間雖然不大，可是我很喜歡，裡面有一張桌子、一張床跟一張沙發。,verified_v3_book_locked,ok,,3
custom-story-1785310310407,我的房間,True,5,hard,0,1,桌子,listening,🔊 Listen and choose the word you hear.,桌子,table,zhuō zǐ,N,"[""桌子"", ""電視機"", ""衣櫃"", ""窗戶""]",,verified_v3_book_locked,ok,,3
custom-story-1785310310407,我的房間,True,5,hard,0,1,桌子,pinyin,Which pinyin exactly matches the lexical tones of 「桌子」?,zhuō zǐ,table,zhuō zǐ,N,"[""zhuō zī"", ""zhuō zì"", ""zhuō zǐ"", ""zhuō zí""]",我的房間雖然不大，可是我很喜歡，裡面有一張桌子、一張床跟一張沙發。,verified_v3_book_locked,ok,,3
custom-story-1785310310407,我的房間,True,5,hard,0,1,桌子,cloze,Choose the most contextually appropriate word for the blank.,桌子,table,zhuō zǐ,N,"[""星期六"", ""友美"", ""下午茶""]",我的房間雖然不大，可是我很喜歡，裡面有一張____、一張床跟一張沙發。,verified_v3_book_locked,ok,,3
custom-story-1785310310407,我的房間,True,5,hard,0,1,桌子,pos,Classify the grammatical category of 「桌子」 as used in the sentence.,N,table,zhuō zǐ,N,"[""Loc"", ""Prep"", ""MW""]",我的房間雖然不大，可是我很喜歡，裡面有一張桌子、一張床跟一張沙發。,verified_v3_book_locked,ok,,3
custom-story-1785310310407,我的房間,True,5,hard,0,1,桌子,synonym,Which expression can best replace 「桌子」 without changing the intended meaning?,桌,table,zhuō zǐ,N,"[""沙發"", ""電視機"", ""錢包""]",我的房間雖然不大，可是我很喜歡，裡面有一張桌子、一張床跟一張沙發。,verified_v3_book_locked,ok,,3
custom-story-1785310310407,我的房間,True,5,easy,0,2,床,translation,床,bed,bed,chuáng,N,"[""Youmei (person’s name)"", ""to do / make"", ""this weekend""]",我的房間裡有一張桌子、一張床跟一張沙發。,verified_v3_book_locked,ok,,3
custom-story-1785310310407,我的房間,True,5,easy,0,2,床,reverse,bed,床,bed,chuáng,N,"[""友美"", ""這個週末"", ""床"", ""做""]",我的房間裡有一張桌子、一張床跟一張沙發。,verified_v3_book_locked,ok,,3
custom-story-1785310310407,我的房間,True,5,easy,0,2,床,listening,🔊 Listen and choose the word you hear.,床,bed,chuáng,N,"[""做"", ""這個週末"", ""友美"", ""床""]",,verified_v3_book_locked,ok,,3
custom-story-1785310310407,我的房間,True,5,easy,0,2,床,pinyin,Choose the correct pinyin for 「床」.,chuáng,bed,chuáng,N,"[""chuāng"", ""chuáng"", ""chuàng"", ""chuǎng""]",我的房間裡有一張桌子、一張床跟一張沙發。,verified_v3_book_locked,ok,,3
custom-story-1785310310407,我的房間,True,5,easy,0,2,床,cloze,Complete the sentence.,床,bed,chuáng,N,"[""星期六"", ""下午"", ""咖啡廳""]",我的房間裡有一張桌子、一張____跟一張沙發。,verified_v3_book_locked,ok,,3
custom-story-1785310310407,我的房間,True,5,easy,0,2,床,pos,What is the part of speech of 「床」?,N,bed,chuáng,N,"[""Adj"", ""Quant"", ""Prep""]",我的房間裡有一張桌子、一張床跟一張沙發。,verified_v3_book_locked,ok,,3
custom-story-1785310310407,我的房間,True,5,easy,0,2,床,synonym,Which word or phrase is closest in meaning to 「床」?,床鋪,bed,chuáng,N,"[""這個週末"", ""週末"", ""什麼""]",我的房間裡有一張桌子、一張床跟一張沙發。,verified_v3_book_locked,ok,,3
custom-story-1785310310407,我的房間,True,5,medium,0,2,床,translation,Choose the best English meaning of 「床」.,bed,bed,chuáng,N,"[""Youmei (person’s name)"", ""Saturday"", ""home""]",我的房間不大，可是很舒服，裡面有一張桌子、一張床跟一張沙發。,verified_v3_book_locked,ok,,3
custom-story-1785310310407,我的房間,True,5,medium,0,2,床,reverse,Choose the Chinese word for “bed”.,床,bed,chuáng,N,"[""家"", ""星期六"", ""友美"", ""床""]",我的房間不大，可是很舒服，裡面有一張桌子、一張床跟一張沙發。,verified_v3_book_locked,ok,,3
custom-story-1785310310407,我的房間,True,5,medium,0,2,床,listening,🔊 Listen and choose the word you hear.,床,bed,chuáng,N,"[""星期六"", ""家"", ""友美"", ""床""]",,verified_v3_book_locked,ok,,3
custom-story-1785310310407,我的房間,True,5,medium,0,2,床,pinyin,Choose the correct pinyin and tone pattern for 「床」.,chuáng,bed,chuáng,N,"[""chuàng"", ""chuáng"", ""chuǎng"", ""chuāng""]",我的房間不大，可是很舒服，裡面有一張桌子、一張床跟一張沙發。,verified_v3_book_locked,ok,,3
custom-story-1785310310407,我的房間,True,5,medium,0,2,床,cloze,Choose the word that best completes the sentence.,床,bed,chuáng,N,"[""家"", ""友美"", ""咖啡廳""]",我的房間不大，可是很舒服，裡面有一張桌子、一張____跟一張沙發。,verified_v3_book_locked,ok,,3
custom-story-1785310310407,我的房間,True,5,medium,0,2,床,pos,"In this sentence, what part of speech is 「床」?",N,bed,chuáng,N,"[""V"", ""Loc"", ""Quant""]",我的房間不大，可是很舒服，裡面有一張桌子、一張床跟一張沙發。,verified_v3_book_locked,ok,,3
custom-story-1785310310407,我的房間,True,5,medium,0,2,床,synonym,"In this lesson context, which expression is closest in meaning to 「床」?",床鋪,bed,chuáng,N,"[""咖啡廳"", ""星期六"", ""週末""]",我的房間不大，可是很舒服，裡面有一張桌子、一張床跟一張沙發。,verified_v3_book_locked,ok,,3
custom-story-1785310310407,我的房間,True,5,hard,0,2,床,translation,"In 「我的房間雖然不大，可是我很喜歡，裡面有一張桌子、一張床跟一張沙發。」, what does 「床」 mean?",bed,bed,chuáng,N,"[""table"", ""window"", ""book""]",我的房間雖然不大，可是我很喜歡，裡面有一張桌子、一張床跟一張沙發。,verified_v3_book_locked,ok,,3
custom-story-1785310310407,我的房間,True,5,hard,0,2,床,reverse,Which Chinese word best matches “bed” in this lesson context?,床,bed,chuáng,N,"[""桌子"", ""窗戶"", ""床"", ""書""]",我的房間雖然不大，可是我很喜歡，裡面有一張桌子、一張床跟一張沙發。,verified_v3_book_locked,ok,,3
custom-story-1785310310407,我的房間,True,5,hard,0,2,床,listening,🔊 Listen and choose the word you hear.,床,bed,chuáng,N,"[""書"", ""窗戶"", ""床"", ""桌子""]",,verified_v3_book_locked,ok,,3
custom-story-1785310310407,我的房間,True,5,hard,0,2,床,pinyin,Which pinyin exactly matches the lexical tones of 「床」?,chuáng,bed,chuáng,N,"[""chuáng"", ""chuāng"", ""chuǎng"", ""chuàng""]",我的房間雖然不大，可是我很喜歡，裡面有一張桌子、一張床跟一張沙發。,verified_v3_book_locked,ok,,3
custom-story-1785310310407,我的房間,True,5,hard,0,2,床,cloze,Choose the most contextually appropriate word for the blank.,床,bed,chuáng,N,"[""媽"", ""下午茶"", ""友美""]",我的房間雖然不大，可是我很喜歡，裡面有一張桌子、一張____跟一張沙發。,verified_v3_book_locked,ok,,3
custom-story-1785310310407,我的房間,True,5,hard,0,2,床,pos,Classify the grammatical category of 「床」 as used in the sentence.,N,bed,chuáng,N,"[""Quant"", ""Pron"", ""MW""]",我的房間雖然不大，可是我很喜歡，裡面有一張桌子、一張床跟一張沙發。,verified_v3_book_locked,ok,,3
custom-story-1785310310407,我的房間,True,5,hard,0,2,床,synonym,Which expression can best replace 「床」 without changing the intended meaning?,床鋪,bed,chuáng,N,"[""沙發"", ""椅子"", ""燈""]",我的房間雖然不大，可是我很喜歡，裡面有一張桌子、一張床跟一張沙發。,verified_v3_book_locked,ok,,3
custom-story-1785310310407,我的房間,True,5,easy,0,3,沙發,translation,沙發,sofa,sofa,shāfā,N,"[""at / in"", ""to do / make"", ""to want / need""]",我的房間裡有一張桌子、一張床跟一張沙發。,verified_v3_book_locked,ok,,3
custom-story-1785310310407,我的房間,True,5,easy,0,3,沙發,reverse,sofa,沙發,sofa,shāfā,N,"[""在"", ""要"", ""沙發"", ""做""]",我的房間裡有一張桌子、一張床跟一張沙發。,verified_v3_book_locked,ok,,3
custom-story-1785310310407,我的房間,True,5,easy,0,3,沙發,listening,🔊 Listen and choose the word you hear.,沙發,sofa,shāfā,N,"[""要"", ""做"", ""在"", ""沙發""]",,verified_v3_book_locked,ok,,3
custom-story-1785310310407,我的房間,True,5,easy,0,3,沙發,pinyin,Choose the correct pinyin for 「沙發」.,shāfā,sofa,shāfā,N,"[""shāfá"", ""shāfǎ"", ""shāfà"", ""shāfā""]",我的房間裡有一張桌子、一張床跟一張沙發。,verified_v3_book_locked,ok,,3
custom-story-1785310310407,我的房間,True,5,easy,0,3,沙發,cloze,Complete the sentence.,沙發,sofa,shāfā,N,"[""巧克力"", ""家"", ""週末""]",我的房間裡有一張桌子、一張床跟一張____。,verified_v3_book_locked,ok,,3
custom-story-1785310310407,我的房間,True,5,easy,0,3,沙發,pos,What is the part of speech of 「沙發」?,N,sofa,shāfā,N,"[""Pron"", ""Quant"", ""Adv""]",我的房間裡有一張桌子、一張床跟一張沙發。,verified_v3_book_locked,ok,,3
custom-story-1785310310407,我的房間,True,5,medium,0,3,沙發,translation,Choose the best English meaning of 「沙發」.,sofa,sofa,shāfā,N,"[""weekend"", ""afternoon"", ""afternoon tea""]",我的房間不大，可是很舒服，裡面有一張桌子、一張床跟一張沙發。,verified_v3_book_locked,ok,,3
custom-story-1785310310407,我的房間,True,5,medium,0,3,沙發,reverse,Choose the Chinese word for “sofa”.,沙發,sofa,shāfā,N,"[""下午"", ""下午茶"", ""沙發"", ""週末""]",我的房間不大，可是很舒服，裡面有一張桌子、一張床跟一張沙發。,verified_v3_book_locked,ok,,3
custom-story-1785310310407,我的房間,True,5,medium,0,3,沙發,listening,🔊 Listen and choose the word you hear.,沙發,sofa,shāfā,N,"[""週末"", ""下午"", ""沙發"", ""下午茶""]",,verified_v3_book_locked,ok,,3
custom-story-1785310310407,我的房間,True,5,medium,0,3,沙發,pinyin,Choose the correct pinyin and tone pattern for 「沙發」.,shāfā,sofa,shāfā,N,"[""shāfá"", ""shāfǎ"", ""shāfā"", ""shāfà""]",我的房間不大，可是很舒服，裡面有一張桌子、一張床跟一張沙發。,verified_v3_book_locked,ok,,3
custom-story-1785310310407,我的房間,True,5,medium,0,3,沙發,cloze,Choose the word that best completes the sentence.,沙發,sofa,shāfā,N,"[""咖啡廳"", ""媽"", ""友美""]",我的房間不大，可是很舒服，裡面有一張桌子、一張床跟一張____。,verified_v3_book_locked,ok,,3
custom-story-1785310310407,我的房間,True,5,medium,0,3,沙發,pos,"In this sentence, what part of speech is 「沙發」?",N,sofa,shāfā,N,"[""Quant"", ""Loc"", ""V""]",我的房間不大，可是很舒服，裡面有一張桌子、一張床跟一張沙發。,verified_v3_book_locked,ok,,3
custom-story-1785310310407,我的房間,True,5,hard,0,3,沙發,translation,"In 「我的房間雖然不大，可是我很喜歡，裡面有一張桌子、一張床跟一張沙發。」, what does 「沙發」 mean?",sofa,sofa,shāfā,N,"[""window"", ""lamp"", ""TV""]",我的房間雖然不大，可是我很喜歡，裡面有一張桌子、一張床跟一張沙發。,verified_v3_book_locked,ok,,3
custom-story-1785310310407,我的房間,True,5,hard,0,3,沙發,reverse,Which Chinese word best matches “sofa” in this lesson context?,沙發,sofa,shāfā,N,"[""電視機"", ""窗戶"", ""沙發"", ""燈""]",我的房間雖然不大，可是我很喜歡，裡面有一張桌子、一張床跟一張沙發。,verified_v3_book_locked,ok,,3
custom-story-1785310310407,我的房間,True,5,hard,0,3,沙發,listening,🔊 Listen and choose the word you hear.,沙發,sofa,shāfā,N,"[""沙發"", ""電視機"", ""窗戶"", ""燈""]",,verified_v3_book_locked,ok,,3
custom-story-1785310310407,我的房間,True,5,hard,0,3,沙發,pinyin,Which pinyin exactly matches the lexical tones of 「沙發」?,shāfā,sofa,shāfā,N,"[""shāfǎ"", ""shāfā"", ""shāfá"", ""shāfà""]",我的房間雖然不大，可是我很喜歡，裡面有一張桌子、一張床跟一張沙發。,verified_v3_book_locked,ok,,3
custom-story-1785310310407,我的房間,True,5,hard,0,3,沙發,cloze,Choose the most contextually appropriate word for the blank.,沙發,sofa,shāfā,N,"[""星期六"", ""友美"", ""巧克力""]",我的房間雖然不大，可是我很喜歡，裡面有一張桌子、一張床跟一張____。,verified_v3_book_locked,ok,,3
custom-story-1785310310407,我的房間,True,5,hard,0,3,沙發,pos,Classify the grammatical category of 「沙發」 as used in the sentence.,N,sofa,shāfā,N,"[""Adj"", ""Loc"", ""Pron""]",我的房間雖然不大，可是我很喜歡，裡面有一張桌子、一張床跟一張沙發。,verified_v3_book_locked,ok,,3
custom-story-1785310310407,我的房間,True,5,easy,1,0,沙發,translation,沙發,sofa,sofa,shāfā,N,"[""weekend"", ""at / in"", ""to do / make""]",沙發前面有一台很新的電視機，可是我不常看電視，我最喜歡在沙發上看書。,verified_v3_book_locked,ok,,3
custom-story-1785310310407,我的房間,True,5,easy,1,0,沙發,reverse,sofa,沙發,sofa,shāfā,N,"[""做"", ""週末"", ""沙發"", ""在""]",沙發前面有一台很新的電視機，可是我不常看電視，我最喜歡在沙發上看書。,verified_v3_book_locked,ok,,3
custom-story-1785310310407,我的房間,True,5,easy,1,0,沙發,listening,🔊 Listen and choose the word you hear.,沙發,sofa,shāfā,N,"[""做"", ""沙發"", ""週末"", ""在""]",,verified_v3_book_locked,ok,,3
custom-story-1785310310407,我的房間,True,5,easy,1,0,沙發,pinyin,Choose the correct pinyin for 「沙發」.,shāfā,sofa,shāfā,N,"[""shāfǎ"", ""shāfá"", ""shāfā"", ""shāfà""]",沙發前面有一台很新的電視機，可是我不常看電視，我最喜歡在沙發上看書。,verified_v3_book_locked,ok,,3
custom-story-1785310310407,我的房間,True,5,easy,1,0,沙發,cloze,Complete the sentence.,沙發,sofa,shāfā,N,"[""咖啡廳"", ""下午"", ""媽""]",____前面有一台很新的電視機，可是我不常看電視，我最喜歡在上看書。,verified_v3_book_locked,ok,,3
custom-story-1785310310407,我的房間,True,5,easy,1,0,沙發,pos,What is the part of speech of 「沙發」?,N,sofa,shāfā,N,"[""Pron"", ""Quant"", ""Adv""]",沙發前面有一台很新的電視機，可是我不常看電視，我最喜歡在沙發上看書。,verified_v3_book_locked,ok,,3
custom-story-1785310310407,我的房間,True,5,medium,1,0,沙發,translation,Choose the best English meaning of 「沙發」.,sofa,sofa,shāfā,N,"[""afternoon tea"", ""home"", ""Saturday""]",沙發前面有一台非常新的電視機，可是我平常不看電視，最喜歡坐在沙發上看書。,verified_v3_book_locked,ok,,3
custom-story-1785310310407,我的房間,True,5,medium,1,0,沙發,reverse,Choose the Chinese word for “sofa”.,沙發,sofa,shāfā,N,"[""沙發"", ""家"", ""下午茶"", ""星期六""]",沙發前面有一台非常新的電視機，可是我平常不看電視，最喜歡坐在沙發上看書。,verified_v3_book_locked,ok,,3
custom-story-1785310310407,我的房間,True,5,medium,1,0,沙發,listening,🔊 Listen and choose the word you hear.,沙發,sofa,shāfā,N,"[""沙發"", ""家"", ""下午茶"", ""星期六""]",,verified_v3_book_locked,ok,,3
custom-story-1785310310407,我的房間,True,5,medium,1,0,沙發,pinyin,Choose the correct pinyin and tone pattern for 「沙發」.,shāfā,sofa,shāfā,N,"[""shāfà"", ""shāfā"", ""shāfá"", ""shāfǎ""]",沙發前面有一台非常新的電視機，可是我平常不看電視，最喜歡坐在沙發上看書。,verified_v3_book_locked,ok,,3
custom-story-1785310310407,我的房間,True,5,medium,1,0,沙發,cloze,Choose the word that best completes the sentence.,沙發,sofa,shāfā,N,"[""媽"", ""友美"", ""下午茶""]",____前面有一台非常新的電視機，可是我平常不看電視，最喜歡坐在上看書。,verified_v3_book_locked,ok,,3
custom-story-1785310310407,我的房間,True,5,medium,1,0,沙發,pos,"In this sentence, what part of speech is 「沙發」?",N,sofa,shāfā,N,"[""Quant"", ""Loc"", ""V""]",沙發前面有一台非常新的電視機，可是我平常不看電視，最喜歡坐在沙發上看書。,verified_v3_book_locked,ok,,3
custom-story-1785310310407,我的房間,True,5,hard,1,0,沙發,translation,"In 「沙發前面那台新的電視機很好，可是我已經很久沒看電視了，我覺得在沙發上看書最舒服。」, what does 「沙發」 mean?",sofa,sofa,shāfā,N,"[""lamp"", ""TV"", ""book""]",沙發前面那台新的電視機很好，可是我已經很久沒看電視了，我覺得在沙發上看書最舒服。,verified_v3_book_locked,ok,,3
custom-story-1785310310407,我的房間,True,5,hard,1,0,沙發,reverse,Which Chinese word best matches “sofa” in this lesson context?,沙發,sofa,shāfā,N,"[""書"", ""燈"", ""電視機"", ""沙發""]",沙發前面那台新的電視機很好，可是我已經很久沒看電視了，我覺得在沙發上看書最舒服。,verified_v3_book_locked,ok,,3
custom-story-1785310310407,我的房間,True,5,hard,1,0,沙發,listening,🔊 Listen and choose the word you hear.,沙發,sofa,shāfā,N,"[""燈"", ""沙發"", ""書"", ""電視機""]",,verified_v3_book_locked,ok,,3
custom-story-1785310310407,我的房間,True,5,hard,1,0,沙發,pinyin,Which pinyin exactly matches the lexical tones of 「沙發」?,shāfā,sofa,shāfā,N,"[""shāfá"", ""shāfā"", ""shāfǎ"", ""shāfà""]",沙發前面那台新的電視機很好，可是我已經很久沒看電視了，我覺得在沙發上看書最舒服。,verified_v3_book_locked,ok,,3
custom-story-1785310310407,我的房間,True,5,hard,1,0,沙發,cloze,Choose the most contextually appropriate word for the blank.,沙發,sofa,shāfā,N,"[""星期六"", ""家"", ""下午茶""]",____前面那台新的電視機很好，可是我已經很久沒看電視了，我覺得在上看書最舒服。,verified_v3_book_locked,ok,,3
custom-story-1785310310407,我的房間,True,5,hard,1,0,沙發,pos,Classify the grammatical category of 「沙發」 as used in the sentence.,N,sofa,shāfā,N,"[""Adj"", ""Loc"", ""Pron""]",沙發前面那台新的電視機很好，可是我已經很久沒看電視了，我覺得在沙發上看書最舒服。,verified_v3_book_locked,ok,,3
custom-story-1785310310407,我的房間,True,5,easy,1,1,電視機,translation,電視機,TV,TV,diànshìjī,N,"[""this weekend"", ""I"", ""what""]",沙發前面有一台很新的電視機，可是我不常看電視，我最喜歡在沙發上看書。,verified_v3_book_locked,ok,,3
custom-story-1785310310407,我的房間,True,5,easy,1,1,電視機,reverse,TV,電視機,TV,diànshìjī,N,"[""什麼"", ""電視機"", ""這個週末"", ""我""]",沙發前面有一台很新的電視機，可是我不常看電視，我最喜歡在沙發上看書。,verified_v3_book_locked,ok,,3
custom-story-1785310310407,我的房間,True,5,easy,1,1,電視機,listening,🔊 Listen and choose the word you hear.,電視機,TV,diànshìjī,N,"[""我"", ""電視機"", ""什麼"", ""這個週末""]",,verified_v3_book_locked,ok,,3
custom-story-1785310310407,我的房間,True,5,easy,1,1,電視機,pinyin,Choose the correct pinyin for 「電視機」.,diànshìjī,TV,diànshìjī,N,"[""diànshìjī"", ""diànshìjì"", ""diànshìjí"", ""diànshìjǐ""]",沙發前面有一台很新的電視機，可是我不常看電視，我最喜歡在沙發上看書。,verified_v3_book_locked,ok,,3
custom-story-1785310310407,我的房間,True,5,easy,1,1,電視機,cloze,Complete the sentence.,電視機,TV,diànshìjī,N,"[""媽"", ""友美"", ""星期六""]",沙發前面有一台很新的____，可是我不常看電視，我最喜歡在沙發上看書。,verified_v3_book_locked,ok,,3
custom-story-1785310310407,我的房間,True,5,easy,1,1,電視機,pos,What is the part of speech of 「電視機」?,N,TV,diànshìjī,N,"[""V"", ""Adv"", ""Loc""]",沙發前面有一台很新的電視機，可是我不常看電視，我最喜歡在沙發上看書。,verified_v3_book_locked,ok,,3
custom-story-1785310310407,我的房間,True,5,easy,1,1,電視機,synonym,Which word or phrase is closest in meaning to 「電視機」?,電視,TV,diànshìjī,N,"[""做"", ""這個週末"", ""在""]",沙發前面有一台很新的電視機，可是我不常看電視，我最喜歡在沙發上看書。,verified_v3_book_locked,ok,,3
custom-story-1785310310407,我的房間,True,5,medium,1,1,電視機,translation,Choose the best English meaning of 「電視機」.,TV,TV,diànshìjī,N,"[""afternoon"", ""Saturday"", ""ice cream""]",沙發前面有一台非常新的電視機，可是我平常不看電視，最喜歡坐在沙發上看書。,verified_v3_book_locked,ok,,3
custom-story-1785310310407,我的房間,True,5,medium,1,1,電視機,reverse,Choose the Chinese word for “TV”.,電視機,TV,diànshìjī,N,"[""星期六"", ""電視機"", ""冰淇淋"", ""下午""]",沙發前面有一台非常新的電視機，可是我平常不看電視，最喜歡坐在沙發上看書。,verified_v3_book_locked,ok,,3
custom-story-1785310310407,我的房間,True,5,medium,1,1,電視機,listening,🔊 Listen and choose the word you hear.,電視機,TV,diànshìjī,N,"[""下午"", ""冰淇淋"", ""電視機"", ""星期六""]",,verified_v3_book_locked,ok,,3
custom-story-1785310310407,我的房間,True,5,medium,1,1,電視機,pinyin,Choose the correct pinyin and tone pattern for 「電視機」.,diànshìjī,TV,diànshìjī,N,"[""diànshìjí"", ""diànshìjī"", ""diànshìjì"", ""diànshìjǐ""]",沙發前面有一台非常新的電視機，可是我平常不看電視，最喜歡坐在沙發上看書。,verified_v3_book_locked,ok,,3
custom-story-1785310310407,我的房間,True,5,medium,1,1,電視機,cloze,Choose the word that best completes the sentence.,電視機,TV,diànshìjī,N,"[""冰淇淋"", ""媽"", ""巧克力""]",沙發前面有一台非常新的____，可是我平常不看電視，最喜歡坐在沙發上看書。,verified_v3_book_locked,ok,,3
custom-story-1785310310407,我的房間,True,5,medium,1,1,電視機,pos,"In this sentence, what part of speech is 「電視機」?",N,TV,diànshìjī,N,"[""V"", ""Prep"", ""Pron""]",沙發前面有一台非常新的電視機，可是我平常不看電視，最喜歡坐在沙發上看書。,verified_v3_book_locked,ok,,3
custom-story-1785310310407,我的房間,True,5,medium,1,1,電視機,synonym,"In this lesson context, which expression is closest in meaning to 「電視機」?",電視,TV,diànshìjī,N,"[""下午"", ""家"", ""冰淇淋""]",沙發前面有一台非常新的電視機，可是我平常不看電視，最喜歡坐在沙發上看書。,verified_v3_book_locked,ok,,3
custom-story-1785310310407,我的房間,True,5,hard,1,1,電視機,translation,"In 「沙發前面那台新的電視機很好，可是我已經很久沒看電視了，我覺得在沙發上看書最舒服。」, what does 「電視機」 mean?",TV,TV,diànshìjī,N,"[""wardrobe"", ""table"", ""chair""]",沙發前面那台新的電視機很好，可是我已經很久沒看電視了，我覺得在沙發上看書最舒服。,verified_v3_book_locked,ok,,3
custom-story-1785310310407,我的房間,True,5,hard,1,1,電視機,reverse,Which Chinese word best matches “TV” in this lesson context?,電視機,TV,diànshìjī,N,"[""電視機"", ""桌子"", ""椅子"", ""衣櫃""]",沙發前面那台新的電視機很好，可是我已經很久沒看電視了，我覺得在沙發上看書最舒服。,verified_v3_book_locked,ok,,3
custom-story-1785310310407,我的房間,True,5,hard,1,1,電視機,listening,🔊 Listen and choose the word you hear.,電視機,TV,diànshìjī,N,"[""椅子"", ""衣櫃"", ""桌子"", ""電視機""]",,verified_v3_book_locked,ok,,3
custom-story-1785310310407,我的房間,True,5,hard,1,1,電視機,pinyin,Which pinyin exactly matches the lexical tones of 「電視機」?,diànshìjī,TV,diànshìjī,N,"[""diànshìjí"", ""diànshìjī"", ""diànshìjì"", ""diànshìjǐ""]",沙發前面那台新的電視機很好，可是我已經很久沒看電視了，我覺得在沙發上看書最舒服。,verified_v3_book_locked,ok,,3
custom-story-1785310310407,我的房間,True,5,hard,1,1,電視機,cloze,Choose the most contextually appropriate word for the blank.,電視機,TV,diànshìjī,N,"[""媽"", ""家"", ""冰淇淋""]",沙發前面那台新的____很好，可是我已經很久沒看電視了，我覺得在沙發上看書最舒服。,verified_v3_book_locked,ok,,3
custom-story-1785310310407,我的房間,True,5,hard,1,1,電視機,pos,Classify the grammatical category of 「電視機」 as used in the sentence.,N,TV,diànshìjī,N,"[""Loc"", ""MW"", ""Adv""]",沙發前面那台新的電視機很好，可是我已經很久沒看電視了，我覺得在沙發上看書最舒服。,verified_v3_book_locked,ok,,3
custom-story-1785310310407,我的房間,True,5,hard,1,1,電視機,synonym,Which expression can best replace 「電視機」 without changing the intended meaning?,電視,TV,diànshìjī,N,"[""桌子"", ""書"", ""門""]",沙發前面那台新的電視機很好，可是我已經很久沒看電視了，我覺得在沙發上看書最舒服。,verified_v3_book_locked,ok,,3
custom-story-1785310310407,我的房間,True,5,easy,1,2,新的,translation,新的,new,new,xīn de,Adj,"[""to do / make"", ""I"", ""what""]",沙發前面有一台很新的電視機，可是我不常看電視，我最喜歡在沙發上看書。,verified_v3_book_locked,ok,,3
custom-story-1785310310407,我的房間,True,5,easy,1,2,新的,reverse,new,新的,new,xīn de,Adj,"[""我"", ""做"", ""新的"", ""什麼""]",沙發前面有一台很新的電視機，可是我不常看電視，我最喜歡在沙發上看書。,verified_v3_book_locked,ok,,3
custom-story-1785310310407,我的房間,True,5,easy,1,2,新的,listening,🔊 Listen and choose the word you hear.,新的,new,xīn de,Adj,"[""我"", ""做"", ""什麼"", ""新的""]",,verified_v3_book_locked,ok,,3
custom-story-1785310310407,我的房間,True,5,easy,1,2,新的,pinyin,Choose the correct pinyin for 「新的」.,xīn de,new,xīn de,Adj,"[""xín de"", ""xìn de"", ""xǐn de"", ""xīn de""]",沙發前面有一台很新的電視機，可是我不常看電視，我最喜歡在沙發上看書。,verified_v3_book_locked,ok,,3
custom-story-1785310310407,我的房間,True,5,easy,1,2,新的,cloze,Complete the sentence.,新的,new,xīn de,Adj,"[""流行"", ""大"", ""好""]",沙發前面有一台很____電視機，可是我不常看電視，我最喜歡在沙發上看書。,verified_v3_book_locked,ok,,3
custom-story-1785310310407,我的房間,True,5,easy,1,2,新的,pos,What is the part of speech of 「新的」?,Adj,new,xīn de,Adj,"[""MW"", ""N"", ""V""]",沙發前面有一台很新的電視機，可是我不常看電視，我最喜歡在沙發上看書。,verified_v3_book_locked,ok,,3
custom-story-1785310310407,我的房間,True,5,easy,1,2,新的,synonym,Which word or phrase is closest in meaning to 「新的」?,全新,new,xīn de,Adj,"[""什麼"", ""在"", ""週末""]",沙發前面有一台很新的電視機，可是我不常看電視，我最喜歡在沙發上看書。,verified_v3_book_locked,ok,,3
custom-story-1785310310407,我的房間,True,5,medium,1,2,新的,translation,Choose the best English meaning of 「新的」.,new,new,xīn de,Adj,"[""beautiful"", ""big"", ""delicious""]",沙發前面有一台非常新的電視機，可是我平常不看電視，最喜歡坐在沙發上看書。,verified_v3_book_locked,ok,,3
custom-story-1785310310407,我的房間,True,5,medium,1,2,新的,reverse,Choose the Chinese word for “new”.,新的,new,xīn de,Adj,"[""漂亮"", ""好吃"", ""新的"", ""大""]",沙發前面有一台非常新的電視機，可是我平常不看電視，最喜歡坐在沙發上看書。,verified_v3_book_locked,ok,,3
custom-story-1785310310407,我的房間,True,5,medium,1,2,新的,listening,🔊 Listen and choose the word you hear.,新的,new,xīn de,Adj,"[""新的"", ""大"", ""好吃"", ""漂亮""]",,verified_v3_book_locked,ok,,3
custom-story-1785310310407,我的房間,True,5,medium,1,2,新的,pinyin,Choose the correct pinyin and tone pattern for 「新的」.,xīn de,new,xīn de,Adj,"[""xǐn de"", ""xín de"", ""xīn de"", ""xìn de""]",沙發前面有一台非常新的電視機，可是我平常不看電視，最喜歡坐在沙發上看書。,verified_v3_book_locked,ok,,3
custom-story-1785310310407,我的房間,True,5,medium,1,2,新的,cloze,Choose the word that best completes the sentence.,新的,new,xīn de,Adj,"[""有趣"", ""方便"", ""好吃""]",沙發前面有一台非常____電視機，可是我平常不看電視，最喜歡坐在沙發上看書。,verified_v3_book_locked,ok,,3
custom-story-1785310310407,我的房間,True,5,medium,1,2,新的,pos,"In this sentence, what part of speech is 「新的」?",Adj,new,xīn de,Adj,"[""N"", ""Loc"", ""V""]",沙發前面有一台非常新的電視機，可是我平常不看電視，最喜歡坐在沙發上看書。,verified_v3_book_locked,ok,,3
custom-story-1785310310407,我的房間,True,5,medium,1,2,新的,synonym,"In this lesson context, which expression is closest in meaning to 「新的」?",全新,new,xīn de,Adj,"[""方便"", ""好"", ""漂亮""]",沙發前面有一台非常新的電視機，可是我平常不看電視，最喜歡坐在沙發上看書。,verified_v3_book_locked,ok,,3
custom-story-1785310310407,我的房間,True,5,hard,1,2,新的,translation,"In 「沙發前面那台新的電視機很好，可是我已經很久沒看電視了，我覺得在沙發上看書最舒服。」, what does 「新的」 mean?",new,new,xīn de,Adj,"[""convenient"", ""popular"", ""big""]",沙發前面那台新的電視機很好，可是我已經很久沒看電視了，我覺得在沙發上看書最舒服。,verified_v3_book_locked,ok,,3
custom-story-1785310310407,我的房間,True,5,hard,1,2,新的,reverse,Which Chinese word best matches “new” in this lesson context?,新的,new,xīn de,Adj,"[""新的"", ""流行"", ""方便"", ""大""]",沙發前面那台新的電視機很好，可是我已經很久沒看電視了，我覺得在沙發上看書最舒服。,verified_v3_book_locked,ok,,3
custom-story-1785310310407,我的房間,True,5,hard,1,2,新的,listening,🔊 Listen and choose the word you hear.,新的,new,xīn de,Adj,"[""流行"", ""大"", ""新的"", ""方便""]",,verified_v3_book_locked,ok,,3
custom-story-1785310310407,我的房間,True,5,hard,1,2,新的,pinyin,Which pinyin exactly matches the lexical tones of 「新的」?,xīn de,new,xīn de,Adj,"[""xìn de"", ""xín de"", ""xǐn de"", ""xīn de""]",沙發前面那台新的電視機很好，可是我已經很久沒看電視了，我覺得在沙發上看書最舒服。,verified_v3_book_locked,ok,,3
custom-story-1785310310407,我的房間,True,5,hard,1,2,新的,cloze,Choose the most contextually appropriate word for the blank.,新的,new,xīn de,Adj,"[""舒服"", ""方便"", ""年輕""]",沙發前面那台____電視機很好，可是我已經很久沒看電視了，我覺得在沙發上看書最舒服。,verified_v3_book_locked,ok,,3
custom-story-1785310310407,我的房間,True,5,hard,1,2,新的,pos,Classify the grammatical category of 「新的」 as used in the sentence.,Adj,new,xīn de,Adj,"[""Adv"", ""MW"", ""Loc""]",沙發前面那台新的電視機很好，可是我已經很久沒看電視了，我覺得在沙發上看書最舒服。,verified_v3_book_locked,ok,,3
custom-story-1785310310407,我的房間,True,5,hard,1,2,新的,synonym,Which expression can best replace 「新的」 without changing the intended meaning?,全新,new,xīn de,Adj,"[""忙"", ""舒服"", ""年輕""]",沙發前面那台新的電視機很好，可是我已經很久沒看電視了，我覺得在沙發上看書最舒服。,verified_v3_book_locked,ok,,3
custom-story-1785310310407,我的房間,True,5,easy,1,3,看書,translation,看書,to read,to read,kànshū,V,"[""this weekend"", ""weekend"", ""what""]",沙發前面有一台很新的電視機，可是我不常看電視，我最喜歡在沙發上看書。,verified_v3_book_locked,ok,,3
custom-story-1785310310407,我的房間,True,5,easy,1,3,看書,reverse,to read,看書,to read,kànshū,V,"[""週末"", ""這個週末"", ""什麼"", ""看書""]",沙發前面有一台很新的電視機，可是我不常看電視，我最喜歡在沙發上看書。,verified_v3_book_locked,ok,,3
custom-story-1785310310407,我的房間,True,5,easy,1,3,看書,listening,🔊 Listen and choose the word you hear.,看書,to read,kànshū,V,"[""這個週末"", ""看書"", ""週末"", ""什麼""]",,verified_v3_book_locked,ok,,3
custom-story-1785310310407,我的房間,True,5,easy,1,3,看書,pinyin,Choose the correct pinyin for 「看書」.,kànshū,to read,kànshū,V,"[""kànshū"", ""kànshú"", ""kànshù"", ""kànshǔ""]",沙發前面有一台很新的電視機，可是我不常看電視，我最喜歡在沙發上看書。,verified_v3_book_locked,ok,,3
custom-story-1785310310407,我的房間,True,5,easy,1,3,看書,cloze,Complete the sentence.,看書,to read,kànshū,V,"[""要"", ""去"", ""喝""]",沙發前面有一台很新的電視機，可是我不常看電視，我最喜歡在沙發上____。,verified_v3_book_locked,ok,,3
custom-story-1785310310407,我的房間,True,5,easy,1,3,看書,pos,What is the part of speech of 「看書」?,V,to read,kànshū,V,"[""N"", ""MW"", ""Loc""]",沙發前面有一台很新的電視機，可是我不常看電視，我最喜歡在沙發上看書。,verified_v3_book_locked,ok,,3
custom-story-1785310310407,我的房間,True,5,easy,1,3,看書,synonym,Which word or phrase is closest in meaning to 「看書」?,閱讀,to read,kànshū,V,"[""做"", ""什麼"", ""我""]",沙發前面有一台很新的電視機，可是我不常看電視，我最喜歡在沙發上看書。,verified_v3_book_locked,ok,,3
custom-story-1785310310407,我的房間,True,5,medium,1,3,看書,translation,Choose the best English meaning of 「看書」.,to read,to read,kànshū,V,"[""to go"", ""to do / make"", ""drink""]",沙發前面有一台非常新的電視機，可是我平常不看電視，最喜歡坐在沙發上看書。,verified_v3_book_locked,ok,,3
custom-story-1785310310407,我的房間,True,5,medium,1,3,看書,reverse,Choose the Chinese word for “to read”.,看書,to read,kànshū,V,"[""去"", ""做"", ""喝"", ""看書""]",沙發前面有一台非常新的電視機，可是我平常不看電視，最喜歡坐在沙發上看書。,verified_v3_book_locked,ok,,3
custom-story-1785310310407,我的房間,True,5,medium,1,3,看書,listening,🔊 Listen and choose the word you hear.,看書,to read,kànshū,V,"[""做"", ""喝"", ""去"", ""看書""]",,verified_v3_book_locked,ok,,3
custom-story-1785310310407,我的房間,True,5,medium,1,3,看書,pinyin,Choose the correct pinyin and tone pattern for 「看書」.,kànshū,to read,kànshū,V,"[""kànshū"", ""kànshù"", ""kànshú"", ""kànshǔ""]",沙發前面有一台非常新的電視機，可是我平常不看電視，最喜歡坐在沙發上看書。,verified_v3_book_locked,ok,,3
custom-story-1785310310407,我的房間,True,5,medium,1,3,看書,cloze,Choose the word that best completes the sentence.,看書,to read,kànshū,V,"[""幫"", ""做"", ""喝""]",沙發前面有一台非常新的電視機，可是我平常不看電視，最喜歡坐在沙發上____。,verified_v3_book_locked,ok,,3
custom-story-1785310310407,我的房間,True,5,medium,1,3,看書,pos,"In this sentence, what part of speech is 「看書」?",V,to read,kànshū,V,"[""Adv"", ""MW"", ""N""]",沙發前面有一台非常新的電視機，可是我平常不看電視，最喜歡坐在沙發上看書。,verified_v3_book_locked,ok,,3
custom-story-1785310310407,我的房間,True,5,medium,1,3,看書,synonym,"In this lesson context, which expression is closest in meaning to 「看書」?",閱讀,to read,kànshū,V,"[""去"", ""知道"", ""想""]",沙發前面有一台非常新的電視機，可是我平常不看電視，最喜歡坐在沙發上看書。,verified_v3_book_locked,ok,,3
custom-story-1785310310407,我的房間,True,5,hard,1,3,看書,translation,"In 「沙發前面那台新的電視機很好，可是我已經很久沒看電視了，我覺得在沙發上看書最舒服。」, what does 「看書」 mean?",to read,to read,kànshū,V,"[""to eat"", ""to work"", ""to go""]",沙發前面那台新的電視機很好，可是我已經很久沒看電視了，我覺得在沙發上看書最舒服。,verified_v3_book_locked,ok,,3
custom-story-1785310310407,我的房間,True,5,hard,1,3,看書,reverse,Which Chinese word best matches “to read” in this lesson context?,看書,to read,kànshū,V,"[""吃飯"", ""工作"", ""去"", ""看書""]",沙發前面那台新的電視機很好，可是我已經很久沒看電視了，我覺得在沙發上看書最舒服。,verified_v3_book_locked,ok,,3
custom-story-1785310310407,我的房間,True,5,hard,1,3,看書,listening,🔊 Listen and choose the word you hear.,看書,to read,kànshū,V,"[""工作"", ""去"", ""看書"", ""吃飯""]",,verified_v3_book_locked,ok,,3
custom-story-1785310310407,我的房間,True,5,hard,1,3,看書,pinyin,Which pinyin exactly matches the lexical tones of 「看書」?,kànshū,to read,kànshū,V,"[""kànshù"", ""kànshú"", ""kànshū"", ""kànshǔ""]",沙發前面那台新的電視機很好，可是我已經很久沒看電視了，我覺得在沙發上看書最舒服。,verified_v3_book_locked,ok,,3
custom-story-1785310310407,我的房間,True,5,hard,1,3,看書,cloze,Choose the most contextually appropriate word for the blank.,看書,to read,kànshū,V,"[""去"", ""幫"", ""想""]",沙發前面那台新的電視機很好，可是我已經很久沒看電視了，我覺得在沙發上____最舒服。,verified_v3_book_locked,ok,,3
custom-story-1785310310407,我的房間,True,5,hard,1,3,看書,pos,Classify the grammatical category of 「看書」 as used in the sentence.,V,to read,kànshū,V,"[""Loc"", ""Adj"", ""N""]",沙發前面那台新的電視機很好，可是我已經很久沒看電視了，我覺得在沙發上看書最舒服。,verified_v3_book_locked,ok,,3
custom-story-1785310310407,我的房間,True,5,hard,1,3,看書,synonym,Which expression can best replace 「看書」 without changing the intended meaning?,閱讀,to read,kànshū,V,"[""做"", ""想"", ""吃飯""]",沙發前面那台新的電視機很好，可是我已經很久沒看電視了，我覺得在沙發上看書最舒服。,verified_v3_book_locked,ok,,3
custom-story-1785310310407,我的房間,True,5,easy,1,4,看電視,translation,看電視,watch TV,watch TV,kàn diànshì,V,"[""to do / make"", ""at / in"", ""Youmei (person’s name)""]",沙發前面有一台很新的電視機，可是我不常看電視，我最喜歡在沙發上看書。,verified_v3_book_locked,ok,,3
custom-story-1785310310407,我的房間,True,5,easy,1,4,看電視,reverse,watch TV,看電視,watch TV,kàn diànshì,V,"[""在"", ""做"", ""友美"", ""看電視""]",沙發前面有一台很新的電視機，可是我不常看電視，我最喜歡在沙發上看書。,verified_v3_book_locked,ok,,3
custom-story-1785310310407,我的房間,True,5,easy,1,4,看電視,listening,🔊 Listen and choose the word you hear.,看電視,watch TV,kàn diànshì,V,"[""做"", ""友美"", ""看電視"", ""在""]",,verified_v3_book_locked,ok,,3
custom-story-1785310310407,我的房間,True,5,easy,1,4,看電視,pinyin,Choose the correct pinyin for 「看電視」.,kàn diànshì,watch TV,kàn diànshì,V,"[""kàn diànshí"", ""kàn diànshī"", ""kàn diànshǐ"", ""kàn diànshì""]",沙發前面有一台很新的電視機，可是我不常看電視，我最喜歡在沙發上看書。,verified_v3_book_locked,ok,,3
custom-story-1785310310407,我的房間,True,5,easy,1,4,看電視,cloze,Complete the sentence.,看電視,watch TV,kàn diànshì,V,"[""看書"", ""幫"", ""有""]",沙發前面有一台很新的電視機，可是我不常____，我最喜歡在沙發上看書。,verified_v3_book_locked,ok,,3
custom-story-1785310310407,我的房間,True,5,easy,1,4,看電視,pos,What is the part of speech of 「看電視」?,V,watch TV,kàn diànshì,V,"[""N"", ""MW"", ""Quant""]",沙發前面有一台很新的電視機，可是我不常看電視，我最喜歡在沙發上看書。,verified_v3_book_locked,ok,,3
custom-story-1785310310407,我的房間,True,5,medium,1,4,看電視,translation,Choose the best English meaning of 「看電視」.,watch TV,watch TV,kàn diànshì,V,"[""to listen to music"", ""to want"", ""to read""]",沙發前面有一台非常新的電視機，可是我平常不看電視，最喜歡坐在沙發上看書。,verified_v3_book_locked,ok,,3
custom-story-1785310310407,我的房間,True,5,medium,1,4,看電視,reverse,Choose the Chinese word for “watch TV”.,看電視,watch TV,kàn diànshì,V,"[""看電視"", ""聽音樂"", ""想"", ""看書""]",沙發前面有一台非常新的電視機，可是我平常不看電視，最喜歡坐在沙發上看書。,verified_v3_book_locked,ok,,3
custom-story-1785310310407,我的房間,True,5,medium,1,4,看電視,listening,🔊 Listen and choose the word you hear.,看電視,watch TV,kàn diànshì,V,"[""想"", ""看電視"", ""看書"", ""聽音樂""]",,verified_v3_book_locked,ok,,3
custom-story-1785310310407,我的房間,True,5,medium,1,4,看電視,pinyin,Choose the correct pinyin and tone pattern for 「看電視」.,kàn diànshì,watch TV,kàn diànshì,V,"[""kàn diànshí"", ""kàn diànshì"", ""kàn diànshī"", ""kàn diànshǐ""]",沙發前面有一台非常新的電視機，可是我平常不看電視，最喜歡坐在沙發上看書。,verified_v3_book_locked,ok,,3
custom-story-1785310310407,我的房間,True,5,medium,1,4,看電視,cloze,Choose the word that best completes the sentence.,看電視,watch TV,kàn diànshì,V,"[""聽音樂"", ""要"", ""想""]",沙發前面有一台非常新的電視機，可是我平常不____，最喜歡坐在沙發上看書。,verified_v3_book_locked,ok,,3
custom-story-1785310310407,我的房間,True,5,medium,1,4,看電視,pos,"In this sentence, what part of speech is 「看電視」?",V,watch TV,kàn diànshì,V,"[""MW"", ""Adj"", ""Quant""]",沙發前面有一台非常新的電視機，可是我平常不看電視，最喜歡坐在沙發上看書。,verified_v3_book_locked,ok,,3
custom-story-1785310310407,我的房間,True,5,hard,1,4,看電視,translation,"In 「沙發前面那台新的電視機很好，可是我已經很久沒看電視了，我覺得在沙發上看書最舒服。」, what does 「看電視」 mean?",watch TV,watch TV,kàn diànshì,V,"[""to jog"", ""drink"", ""to work""]",沙發前面那台新的電視機很好，可是我已經很久沒看電視了，我覺得在沙發上看書最舒服。,verified_v3_book_locked,ok,,3
custom-story-1785310310407,我的房間,True,5,hard,1,4,看電視,reverse,Which Chinese word best matches “watch TV” in this lesson context?,看電視,watch TV,kàn diànshì,V,"[""工作"", ""看電視"", ""喝"", ""跑步""]",沙發前面那台新的電視機很好，可是我已經很久沒看電視了，我覺得在沙發上看書最舒服。,verified_v3_book_locked,ok,,3
custom-story-1785310310407,我的房間,True,5,hard,1,4,看電視,listening,🔊 Listen and choose the word you hear.,看電視,watch TV,kàn diànshì,V,"[""看電視"", ""工作"", ""喝"", ""跑步""]",,verified_v3_book_locked,ok,,3
custom-story-1785310310407,我的房間,True,5,hard,1,4,看電視,pinyin,Which pinyin exactly matches the lexical tones of 「看電視」?,kàn diànshì,watch TV,kàn diànshì,V,"[""kàn diànshī"", ""kàn diànshì"", ""kàn diànshí"", ""kàn diànshǐ""]",沙發前面那台新的電視機很好，可是我已經很久沒看電視了，我覺得在沙發上看書最舒服。,verified_v3_book_locked,ok,,3
custom-story-1785310310407,我的房間,True,5,hard,1,4,看電視,cloze,Choose the most contextually appropriate word for the blank.,看電視,watch TV,kàn diànshì,V,"[""要"", ""知道"", ""看書""]",沙發前面那台新的電視機很好，可是我已經很久沒____了，我覺得在沙發上看書最舒服。,verified_v3_book_locked,ok,,3
custom-story-1785310310407,我的房間,True,5,hard,1,4,看電視,pos,Classify the grammatical category of 「看電視」 as used in the sentence.,V,watch TV,kàn diànshì,V,"[""Loc"", ""Prep"", ""N""]",沙發前面那台新的電視機很好，可是我已經很久沒看電視了，我覺得在沙發上看書最舒服。,verified_v3_book_locked,ok,,3
custom-story-1785310310407,我的房間,True,5,easy,2,0,書,translation,書,book,book,shū,N,"[""to want / need"", ""weekend"", ""what""]",我的書很多，有中文書，也有英文書。,verified_v3_book_locked,ok,,3
custom-story-1785310310407,我的房間,True,5,easy,2,0,書,reverse,book,書,book,shū,N,"[""週末"", ""要"", ""書"", ""什麼""]",我的書很多，有中文書，也有英文書。,verified_v3_book_locked,ok,,3
custom-story-1785310310407,我的房間,True,5,easy,2,0,書,listening,🔊 Listen and choose the word you hear.,書,book,shū,N,"[""書"", ""週末"", ""什麼"", ""要""]",,verified_v3_book_locked,ok,,3
custom-story-1785310310407,我的房間,True,5,easy,2,0,書,pinyin,Choose the correct pinyin for 「書」.,shū,book,shū,N,"[""shū"", ""shǔ"", ""shù"", ""shú""]",我的書很多，有中文書，也有英文書。,verified_v3_book_locked,ok,,3
custom-story-1785310310407,我的房間,True,5,easy,2,0,書,cloze,Complete the sentence.,書,book,shū,N,"[""媽"", ""下午"", ""家""]",我的____很多，有中文，也有英文。,verified_v3_book_locked,ok,,3
custom-story-1785310310407,我的房間,True,5,easy,2,0,書,pos,What is the part of speech of 「書」?,N,book,shū,N,"[""Adv"", ""Prep"", ""MW""]",我的書很多，有中文書，也有英文書。,verified_v3_book_locked,ok,,3
custom-story-1785310310407,我的房間,True,5,medium,2,0,書,translation,Choose the best English meaning of 「書」.,book,book,shū,N,"[""afternoon"", ""afternoon tea"", ""home""]",我的書很多，中文書、英文書我都有，每一本都很好看。,verified_v3_book_locked,ok,,3
custom-story-1785310310407,我的房間,True,5,medium,2,0,書,reverse,Choose the Chinese word for “book”.,書,book,shū,N,"[""書"", ""下午茶"", ""下午"", ""家""]",我的書很多，中文書、英文書我都有，每一本都很好看。,verified_v3_book_locked,ok,,3
custom-story-1785310310407,我的房間,True,5,medium,2,0,書,listening,🔊 Listen and choose the word you hear.,書,book,shū,N,"[""家"", ""書"", ""下午茶"", ""下午""]",,verified_v3_book_locked,ok,,3
custom-story-1785310310407,我的房間,True,5,medium,2,0,書,pinyin,Choose the correct pinyin and tone pattern for 「書」.,shū,book,shū,N,"[""shù"", ""shū"", ""shú"", ""shǔ""]",我的書很多，中文書、英文書我都有，每一本都很好看。,verified_v3_book_locked,ok,,3
custom-story-1785310310407,我的房間,True,5,medium,2,0,書,cloze,Choose the word that best completes the sentence.,書,book,shū,N,"[""星期六"", ""冰淇淋"", ""週末""]",我的____很多，中文、英文我都有，每一本都很好看。,verified_v3_book_locked,ok,,3
custom-story-1785310310407,我的房間,True,5,medium,2,0,書,pos,"In this sentence, what part of speech is 「書」?",N,book,shū,N,"[""Pron"", ""Loc"", ""Prep""]",我的書很多，中文書、英文書我都有，每一本都很好看。,verified_v3_book_locked,ok,,3
custom-story-1785310310407,我的房間,True,5,hard,2,0,書,translation,"In 「我的書很多，中文書、英文書我都看過，常看的幾本放在桌子上。」, what does 「書」 mean?",book,book,shū,N,"[""bed"", ""door"", ""sofa""]",我的書很多，中文書、英文書我都看過，常看的幾本放在桌子上。,verified_v3_book_locked,ok,,3
custom-story-1785310310407,我的房間,True,5,hard,2,0,書,reverse,Which Chinese word best matches “book” in this lesson context?,書,book,shū,N,"[""門"", ""床"", ""書"", ""沙發""]",我的書很多，中文書、英文書我都看過，常看的幾本放在桌子上。,verified_v3_book_locked,ok,,3
custom-story-1785310310407,我的房間,True,5,hard,2,0,書,listening,🔊 Listen and choose the word you hear.,書,book,shū,N,"[""床"", ""沙發"", ""書"", ""門""]",,verified_v3_book_locked,ok,,3
custom-story-1785310310407,我的房間,True,5,hard,2,0,書,pinyin,Which pinyin exactly matches the lexical tones of 「書」?,shū,book,shū,N,"[""shǔ"", ""shù"", ""shú"", ""shū""]",我的書很多，中文書、英文書我都看過，常看的幾本放在桌子上。,verified_v3_book_locked,ok,,3
custom-story-1785310310407,我的房間,True,5,hard,2,0,書,cloze,Choose the most contextually appropriate word for the blank.,書,book,shū,N,"[""巧克力"", ""媽"", ""下午""]",我的____很多，中文、英文我都看過，常看的幾本放在桌子上。,verified_v3_book_locked,ok,,3
custom-story-1785310310407,我的房間,True,5,hard,2,0,書,pos,Classify the grammatical category of 「書」 as used in the sentence.,N,book,shū,N,"[""Prep"", ""Loc"", ""Quant""]",我的書很多，中文書、英文書我都看過，常看的幾本放在桌子上。,verified_v3_book_locked,ok,,3
custom-story-1785310310407,我的房間,True,5,easy,2,1,很多,translation,很多,many,many,hěn duō,Quant,"[""to do / make"", ""what"", ""weekend""]",我的書很多，有中文書，也有英文書。,verified_v3_book_locked,ok,,3
custom-story-1785310310407,我的房間,True,5,easy,2,1,很多,reverse,many,很多,many,hěn duō,Quant,"[""什麼"", ""週末"", ""做"", ""很多""]",我的書很多，有中文書，也有英文書。,verified_v3_book_locked,ok,,3
custom-story-1785310310407,我的房間,True,5,easy,2,1,很多,listening,🔊 Listen and choose the word you hear.,很多,many,hěn duō,Quant,"[""什麼"", ""週末"", ""很多"", ""做""]",,verified_v3_book_locked,ok,,3
custom-story-1785310310407,我的房間,True,5,easy,2,1,很多,pinyin,Choose the correct pinyin for 「很多」.,hěn duō,many,hěn duō,Quant,"[""hěn duō"", ""hěn duǒ"", ""hěn duó"", ""hěn duò""]",我的書很多，有中文書，也有英文書。,verified_v3_book_locked,ok,,3
custom-story-1785310310407,我的房間,True,5,easy,2,1,很多,cloze,Complete the sentence.,很多,many,hěn duō,Quant,"[""做"", ""家"", ""要""]",我的書____，有中文書，也有英文書。,verified_v3_book_locked,ok,,3
custom-story-1785310310407,我的房間,True,5,easy,2,1,很多,pos,What is the part of speech of 「很多」?,Quant,many,hěn duō,Quant,"[""Prep"", ""Pron"", ""N""]",我的書很多，有中文書，也有英文書。,verified_v3_book_locked,ok,,3
custom-story-1785310310407,我的房間,True,5,easy,2,1,很多,synonym,Which word or phrase is closest in meaning to 「很多」?,許多,many,hěn duō,Quant,"[""我"", ""在"", ""這個週末""]",我的書很多，有中文書，也有英文書。,verified_v3_book_locked,ok,,3
custom-story-1785310310407,我的房間,True,5,medium,2,1,很多,translation,Choose the best English meaning of 「很多」.,many,many,hěn duō,Quant,"[""a few / minority"", ""some"", ""a little""]",我的書很多，中文書、英文書我都有，每一本都很好看。,verified_v3_book_locked,ok,,3
custom-story-1785310310407,我的房間,True,5,medium,2,1,很多,reverse,Choose the Chinese word for “many”.,很多,many,hěn duō,Quant,"[""很多"", ""一點"", ""少數"", ""一些""]",我的書很多，中文書、英文書我都有，每一本都很好看。,verified_v3_book_locked,ok,,3
custom-story-1785310310407,我的房間,True,5,medium,2,1,很多,listening,🔊 Listen and choose the word you hear.,很多,many,hěn duō,Quant,"[""一些"", ""很多"", ""少數"", ""一點""]",,verified_v3_book_locked,ok,,3
custom-story-1785310310407,我的房間,True,5,medium,2,1,很多,pinyin,Choose the correct pinyin and tone pattern for 「很多」.,hěn duō,many,hěn duō,Quant,"[""hěn duò"", ""hěn duō"", ""hěn duǒ"", ""hěn duó""]",我的書很多，中文書、英文書我都有，每一本都很好看。,verified_v3_book_locked,ok,,3
custom-story-1785310310407,我的房間,True,5,medium,2,1,很多,cloze,Choose the word that best completes the sentence.,很多,many,hěn duō,Quant,"[""幾個"", ""一些"", ""少數""]",我的書____，中文書、英文書我都有，每一本都很好看。,verified_v3_book_locked,ok,,3
custom-story-1785310310407,我的房間,True,5,medium,2,1,很多,pos,"In this sentence, what part of speech is 「很多」?",Quant,many,hěn duō,Quant,"[""N"", ""Adv"", ""Adj""]",我的書很多，中文書、英文書我都有，每一本都很好看。,verified_v3_book_locked,ok,,3
custom-story-1785310310407,我的房間,True,5,medium,2,1,很多,synonym,"In this lesson context, which expression is closest in meaning to 「很多」?",許多,many,hěn duō,Quant,"[""一點"", ""少數"", ""幾個""]",我的書很多，中文書、英文書我都有，每一本都很好看。,verified_v3_book_locked,ok,,3
custom-story-1785310310407,我的房間,True,5,hard,2,1,很多,translation,"In 「我的書很多，中文書、英文書我都看過，常看的幾本放在桌子上。」, what does 「很多」 mean?",many,many,hěn duō,Quant,"[""several"", ""some"", ""a little""]",我的書很多，中文書、英文書我都看過，常看的幾本放在桌子上。,verified_v3_book_locked,ok,,3
custom-story-1785310310407,我的房間,True,5,hard,2,1,很多,reverse,Which Chinese word best matches “many” in this lesson context?,很多,many,hěn duō,Quant,"[""很多"", ""一些"", ""幾個"", ""一點""]",我的書很多，中文書、英文書我都看過，常看的幾本放在桌子上。,verified_v3_book_locked,ok,,3
custom-story-1785310310407,我的房間,True,5,hard,2,1,很多,listening,🔊 Listen and choose the word you hear.,很多,many,hěn duō,Quant,"[""很多"", ""一些"", ""幾個"", ""一點""]",,verified_v3_book_locked,ok,,3
custom-story-1785310310407,我的房間,True,5,hard,2,1,很多,pinyin,Which pinyin exactly matches the lexical tones of 「很多」?,hěn duō,many,hěn duō,Quant,"[""hěn duó"", ""hěn duǒ"", ""hěn duō"", ""hěn duò""]",我的書很多，中文書、英文書我都看過，常看的幾本放在桌子上。,verified_v3_book_locked,ok,,3
custom-story-1785310310407,我的房間,True,5,hard,2,1,很多,cloze,Choose the most contextually appropriate word for the blank.,很多,many,hěn duō,Quant,"[""幾個"", ""一些"", ""少數""]",我的書____，中文書、英文書我都看過，常看的幾本放在桌子上。,verified_v3_book_locked,ok,,3
custom-story-1785310310407,我的房間,True,5,hard,2,1,很多,pos,Classify the grammatical category of 「很多」 as used in the sentence.,Quant,many,hěn duō,Quant,"[""MW"", ""Prep"", ""V""]",我的書很多，中文書、英文書我都看過，常看的幾本放在桌子上。,verified_v3_book_locked,ok,,3
custom-story-1785310310407,我的房間,True,5,hard,2,1,很多,synonym,Which expression can best replace 「很多」 without changing the intended meaning?,許多,many,hěn duō,Quant,"[""一點"", ""少數"", ""幾個""]",我的書很多，中文書、英文書我都看過，常看的幾本放在桌子上。,verified_v3_book_locked,ok,,3
custom-story-1785310310407,我的房間,True,5,easy,2,2,中文,translation,中文,Chinese language,Chinese language,zhōng wén,N,"[""at / in"", ""to do / make"", ""to want / need""]",我的書很多，有中文書，也有英文書。,verified_v3_book_locked,ok,,3
custom-story-1785310310407,我的房間,True,5,easy,2,2,中文,reverse,Chinese language,中文,Chinese language,zhōng wén,N,"[""要"", ""在"", ""做"", ""中文""]",我的書很多，有中文書，也有英文書。,verified_v3_book_locked,ok,,3
custom-story-1785310310407,我的房間,True,5,easy,2,2,中文,listening,🔊 Listen and choose the word you hear.,中文,Chinese language,zhōng wén,N,"[""做"", ""在"", ""中文"", ""要""]",,verified_v3_book_locked,ok,,3
custom-story-1785310310407,我的房間,True,5,easy,2,2,中文,pinyin,Choose the correct pinyin for 「中文」.,zhōng wén,Chinese language,zhōng wén,N,"[""zhōng wén"", ""zhōng wěn"", ""zhōng wēn"", ""zhōng wèn""]",我的書很多，有中文書，也有英文書。,verified_v3_book_locked,ok,,3
custom-story-1785310310407,我的房間,True,5,easy,2,2,中文,cloze,Complete the sentence.,中文,Chinese language,zhōng wén,N,"[""冰淇淋"", ""巧克力"", ""週末""]",我的書很多，有____書，也有英文書。,verified_v3_book_locked,ok,,3
custom-story-1785310310407,我的房間,True,5,easy,2,2,中文,pos,What is the part of speech of 「中文」?,N,Chinese language,zhōng wén,N,"[""Adj"", ""Prep"", ""Adv""]",我的書很多，有中文書，也有英文書。,verified_v3_book_locked,ok,,3
custom-story-1785310310407,我的房間,True,5,easy,2,2,中文,synonym,Which word or phrase is closest in meaning to 「中文」?,漢語,Chinese language,zhōng wén,N,"[""週末"", ""友美"", ""我""]",我的書很多，有中文書，也有英文書。,verified_v3_book_locked,ok,,3
custom-story-1785310310407,我的房間,True,5,medium,2,2,中文,translation,Choose the best English meaning of 「中文」.,Chinese language,Chinese language,zhōng wén,N,"[""ice cream"", ""weekend"", ""cafe""]",我的書很多，中文書、英文書我都有，每一本都很好看。,verified_v3_book_locked,ok,,3
custom-story-1785310310407,我的房間,True,5,medium,2,2,中文,reverse,Choose the Chinese word for “Chinese language”.,中文,Chinese language,zhōng wén,N,"[""中文"", ""週末"", ""冰淇淋"", ""咖啡廳""]",我的書很多，中文書、英文書我都有，每一本都很好看。,verified_v3_book_locked,ok,,3
custom-story-1785310310407,我的房間,True,5,medium,2,2,中文,listening,🔊 Listen and choose the word you hear.,中文,Chinese language,zhōng wén,N,"[""週末"", ""冰淇淋"", ""咖啡廳"", ""中文""]",,verified_v3_book_locked,ok,,3
custom-story-1785310310407,我的房間,True,5,medium,2,2,中文,pinyin,Choose the correct pinyin and tone pattern for 「中文」.,zhōng wén,Chinese language,zhōng wén,N,"[""zhōng wēn"", ""zhōng wèn"", ""zhōng wěn"", ""zhōng wén""]",我的書很多，中文書、英文書我都有，每一本都很好看。,verified_v3_book_locked,ok,,3
custom-story-1785310310407,我的房間,True,5,medium,2,2,中文,cloze,Choose the word that best completes the sentence.,中文,Chinese language,zhōng wén,N,"[""週末"", ""家"", ""冰淇淋""]",我的書很多，____書、英文書我都有，每一本都很好看。,verified_v3_book_locked,ok,,3
custom-story-1785310310407,我的房間,True,5,medium,2,2,中文,pos,"In this sentence, what part of speech is 「中文」?",N,Chinese language,zhōng wén,N,"[""V"", ""Quant"", ""Pron""]",我的書很多，中文書、英文書我都有，每一本都很好看。,verified_v3_book_locked,ok,,3
custom-story-1785310310407,我的房間,True,5,medium,2,2,中文,synonym,"In this lesson context, which expression is closest in meaning to 「中文」?",漢語,Chinese language,zhōng wén,N,"[""週末"", ""下午茶"", ""冰淇淋""]",我的書很多，中文書、英文書我都有，每一本都很好看。,verified_v3_book_locked,ok,,3
custom-story-1785310310407,我的房間,True,5,hard,2,2,中文,translation,"In 「我的書很多，中文書、英文書我都看過，常看的幾本放在桌子上。」, what does 「中文」 mean?",Chinese language,Chinese language,zhōng wén,N,"[""scenery"", ""exercise / sports"", ""movie""]",我的書很多，中文書、英文書我都看過，常看的幾本放在桌子上。,verified_v3_book_locked,ok,,3
custom-story-1785310310407,我的房間,True,5,hard,2,2,中文,reverse,Which Chinese word best matches “Chinese language” in this lesson context?,中文,Chinese language,zhōng wén,N,"[""運動"", ""中文"", ""風景"", ""電影""]",我的書很多，中文書、英文書我都看過，常看的幾本放在桌子上。,verified_v3_book_locked,ok,,3
custom-story-1785310310407,我的房間,True,5,hard,2,2,中文,listening,🔊 Listen and choose the word you hear.,中文,Chinese language,zhōng wén,N,"[""中文"", ""風景"", ""運動"", ""電影""]",,verified_v3_book_locked,ok,,3
custom-story-1785310310407,我的房間,True,5,hard,2,2,中文,pinyin,Which pinyin exactly matches the lexical tones of 「中文」?,zhōng wén,Chinese language,zhōng wén,N,"[""zhōng wēn"", ""zhōng wèn"", ""zhōng wěn"", ""zhōng wén""]",我的書很多，中文書、英文書我都看過，常看的幾本放在桌子上。,verified_v3_book_locked,ok,,3
custom-story-1785310310407,我的房間,True,5,hard,2,2,中文,cloze,Choose the most contextually appropriate word for the blank.,中文,Chinese language,zhōng wén,N,"[""下午"", ""下午茶"", ""家""]",我的書很多，____書、英文書我都看過，常看的幾本放在桌子上。,verified_v3_book_locked,ok,,3
custom-story-1785310310407,我的房間,True,5,hard,2,2,中文,pos,Classify the grammatical category of 「中文」 as used in the sentence.,N,Chinese language,zhōng wén,N,"[""Quant"", ""Adj"", ""Loc""]",我的書很多，中文書、英文書我都看過，常看的幾本放在桌子上。,verified_v3_book_locked,ok,,3
custom-story-1785310310407,我的房間,True,5,hard,2,2,中文,synonym,Which expression can best replace 「中文」 without changing the intended meaning?,漢語,Chinese language,zhōng wén,N,"[""音樂"", ""雜誌"", ""英文""]",我的書很多，中文書、英文書我都看過，常看的幾本放在桌子上。,verified_v3_book_locked,ok,,3
custom-story-1785310310407,我的房間,True,5,easy,2,3,英文,translation,英文,English language,English language,yīng wén,N,"[""I"", ""Youmei (person’s name)"", ""at / in""]",我的書很多，有中文書，也有英文書。,verified_v3_book_locked,ok,,3
custom-story-1785310310407,我的房間,True,5,easy,2,3,英文,reverse,English language,英文,English language,yīng wén,N,"[""友美"", ""我"", ""在"", ""英文""]",我的書很多，有中文書，也有英文書。,verified_v3_book_locked,ok,,3
custom-story-1785310310407,我的房間,True,5,easy,2,3,英文,listening,🔊 Listen and choose the word you hear.,英文,English language,yīng wén,N,"[""友美"", ""我"", ""在"", ""英文""]",,verified_v3_book_locked,ok,,3
custom-story-1785310310407,我的房間,True,5,easy,2,3,英文,pinyin,Choose the correct pinyin for 「英文」.,yīng wén,English language,yīng wén,N,"[""yīng wēn"", ""yīng wén"", ""yīng wèn"", ""yīng wěn""]",我的書很多，有中文書，也有英文書。,verified_v3_book_locked,ok,,3
custom-story-1785310310407,我的房間,True,5,easy,2,3,英文,cloze,Complete the sentence.,英文,English language,yīng wén,N,"[""下午"", ""媽"", ""家""]",我的書很多，有中文書，也有____書。,verified_v3_book_locked,ok,,3
custom-story-1785310310407,我的房間,True,5,easy,2,3,英文,pos,What is the part of speech of 「英文」?,N,English language,yīng wén,N,"[""V"", ""Loc"", ""Prep""]",我的書很多，有中文書，也有英文書。,verified_v3_book_locked,ok,,3
custom-story-1785310310407,我的房間,True,5,easy,2,3,英文,synonym,Which word or phrase is closest in meaning to 「英文」?,英語,English language,yīng wén,N,"[""週末"", ""什麼"", ""要""]",我的書很多，有中文書，也有英文書。,verified_v3_book_locked,ok,,3
custom-story-1785310310407,我的房間,True,5,medium,2,3,英文,translation,Choose the best English meaning of 「英文」.,English language,English language,yīng wén,N,"[""ice cream"", ""afternoon tea"", ""home""]",我的書很多，中文書、英文書我都有，每一本都很好看。,verified_v3_book_locked,ok,,3
custom-story-1785310310407,我的房間,True,5,medium,2,3,英文,reverse,Choose the Chinese word for “English language”.,英文,English language,yīng wén,N,"[""下午茶"", ""英文"", ""家"", ""冰淇淋""]",我的書很多，中文書、英文書我都有，每一本都很好看。,verified_v3_book_locked,ok,,3
custom-story-1785310310407,我的房間,True,5,medium,2,3,英文,listening,🔊 Listen and choose the word you hear.,英文,English language,yīng wén,N,"[""冰淇淋"", ""家"", ""下午茶"", ""英文""]",,verified_v3_book_locked,ok,,3
custom-story-1785310310407,我的房間,True,5,medium,2,3,英文,pinyin,Choose the correct pinyin and tone pattern for 「英文」.,yīng wén,English language,yīng wén,N,"[""yīng wēn"", ""yīng wěn"", ""yīng wén"", ""yīng wèn""]",我的書很多，中文書、英文書我都有，每一本都很好看。,verified_v3_book_locked,ok,,3
custom-story-1785310310407,我的房間,True,5,medium,2,3,英文,cloze,Choose the word that best completes the sentence.,英文,English language,yīng wén,N,"[""咖啡廳"", ""週末"", ""冰淇淋""]",我的書很多，中文書、____書我都有，每一本都很好看。,verified_v3_book_locked,ok,,3
custom-story-1785310310407,我的房間,True,5,medium,2,3,英文,pos,"In this sentence, what part of speech is 「英文」?",N,English language,yīng wén,N,"[""Pron"", ""MW"", ""Prep""]",我的書很多，中文書、英文書我都有，每一本都很好看。,verified_v3_book_locked,ok,,3
custom-story-1785310310407,我的房間,True,5,medium,2,3,英文,synonym,"In this lesson context, which expression is closest in meaning to 「英文」?",英語,English language,yīng wén,N,"[""友美"", ""咖啡廳"", ""下午茶""]",我的書很多，中文書、英文書我都有，每一本都很好看。,verified_v3_book_locked,ok,,3
custom-story-1785310310407,我的房間,True,5,hard,2,3,英文,translation,"In 「我的書很多，中文書、英文書我都看過，常看的幾本放在桌子上。」, what does 「英文」 mean?",English language,English language,yīng wén,N,"[""scenery"", ""tennis"", ""basketball""]",我的書很多，中文書、英文書我都看過，常看的幾本放在桌子上。,verified_v3_book_locked,ok,,3
custom-story-1785310310407,我的房間,True,5,hard,2,3,英文,reverse,Which Chinese word best matches “English language” in this lesson context?,英文,English language,yīng wén,N,"[""英文"", ""網球"", ""風景"", ""籃球""]",我的書很多，中文書、英文書我都看過，常看的幾本放在桌子上。,verified_v3_book_locked,ok,,3
custom-story-1785310310407,我的房間,True,5,hard,2,3,英文,listening,🔊 Listen and choose the word you hear.,英文,English language,yīng wén,N,"[""風景"", ""籃球"", ""英文"", ""網球""]",,verified_v3_book_locked,ok,,3
custom-story-1785310310407,我的房間,True,5,hard,2,3,英文,pinyin,Which pinyin exactly matches the lexical tones of 「英文」?,yīng wén,English language,yīng wén,N,"[""yīng wèn"", ""yīng wēn"", ""yīng wěn"", ""yīng wén""]",我的書很多，中文書、英文書我都看過，常看的幾本放在桌子上。,verified_v3_book_locked,ok,,3
custom-story-1785310310407,我的房間,True,5,hard,2,3,英文,cloze,Choose the most contextually appropriate word for the blank.,英文,English language,yīng wén,N,"[""下午"", ""下午茶"", ""週末""]",我的書很多，中文書、____書我都看過，常看的幾本放在桌子上。,verified_v3_book_locked,ok,,3
custom-story-1785310310407,我的房間,True,5,hard,2,3,英文,pos,Classify the grammatical category of 「英文」 as used in the sentence.,N,English language,yīng wén,N,"[""Adv"", ""Quant"", ""Loc""]",我的書很多，中文書、英文書我都看過，常看的幾本放在桌子上。,verified_v3_book_locked,ok,,3
custom-story-1785310310407,我的房間,True,5,hard,2,3,英文,synonym,Which expression can best replace 「英文」 without changing the intended meaning?,英語,English language,yīng wén,N,"[""雜誌"", ""網球"", ""報紙""]",我的書很多，中文書、英文書我都看過，常看的幾本放在桌子上。,verified_v3_book_locked,ok,,3
custom-story-1785310310407,我的房間,True,5,easy,3,0,房間,translation,房間,room,room,fángjiān,N,"[""at / in"", ""I"", ""to do / make""]",我房間的窗戶很大，我的貓喜歡在窗戶旁邊曬太陽。,verified_v3_book_locked,ok,,3
custom-story-1785310310407,我的房間,True,5,easy,3,0,房間,reverse,room,房間,room,fángjiān,N,"[""做"", ""房間"", ""我"", ""在""]",我房間的窗戶很大，我的貓喜歡在窗戶旁邊曬太陽。,verified_v3_book_locked,ok,,3
custom-story-1785310310407,我的房間,True,5,easy,3,0,房間,listening,🔊 Listen and choose the word you hear.,房間,room,fángjiān,N,"[""做"", ""我"", ""房間"", ""在""]",,verified_v3_book_locked,ok,,3
custom-story-1785310310407,我的房間,True,5,easy,3,0,房間,pinyin,Choose the correct pinyin for 「房間」.,fángjiān,room,fángjiān,N,"[""fángjiǎn"", ""fángjiān"", ""fángjián"", ""fángjiàn""]",我房間的窗戶很大，我的貓喜歡在窗戶旁邊曬太陽。,verified_v3_book_locked,ok,,3
custom-story-1785310310407,我的房間,True,5,easy,3,0,房間,cloze,Complete the sentence.,房間,room,fángjiān,N,"[""週末"", ""友美"", ""下午茶""]",我____的窗戶很大，我的貓喜歡在窗戶旁邊曬太陽。,verified_v3_book_locked,ok,,3
custom-story-1785310310407,我的房間,True,5,easy,3,0,房間,pos,What is the part of speech of 「房間」?,N,room,fángjiān,N,"[""Loc"", ""V"", ""MW""]",我房間的窗戶很大，我的貓喜歡在窗戶旁邊曬太陽。,verified_v3_book_locked,ok,,3
custom-story-1785310310407,我的房間,True,5,medium,3,0,房間,translation,Choose the best English meaning of 「房間」.,room,room,fángjiān,N,"[""Youmei (person’s name)"", ""ice cream"", ""cafe""]",我房間的窗戶很大，每天下午我的貓都喜歡在窗戶旁邊曬太陽。,verified_v3_book_locked,ok,,3
custom-story-1785310310407,我的房間,True,5,medium,3,0,房間,reverse,Choose the Chinese word for “room”.,房間,room,fángjiān,N,"[""房間"", ""冰淇淋"", ""友美"", ""咖啡廳""]",我房間的窗戶很大，每天下午我的貓都喜歡在窗戶旁邊曬太陽。,verified_v3_book_locked,ok,,3
custom-story-1785310310407,我的房間,True,5,medium,3,0,房間,listening,🔊 Listen and choose the word you hear.,房間,room,fángjiān,N,"[""房間"", ""冰淇淋"", ""友美"", ""咖啡廳""]",,verified_v3_book_locked,ok,,3
custom-story-1785310310407,我的房間,True,5,medium,3,0,房間,pinyin,Choose the correct pinyin and tone pattern for 「房間」.,fángjiān,room,fángjiān,N,"[""fángjiàn"", ""fángjián"", ""fángjiān"", ""fángjiǎn""]",我房間的窗戶很大，每天下午我的貓都喜歡在窗戶旁邊曬太陽。,verified_v3_book_locked,ok,,3
custom-story-1785310310407,我的房間,True,5,medium,3,0,房間,cloze,Choose the word that best completes the sentence.,房間,room,fángjiān,N,"[""下午茶"", ""家"", ""友美""]",我____的窗戶很大，每天下午我的貓都喜歡在窗戶旁邊曬太陽。,verified_v3_book_locked,ok,,3
custom-story-1785310310407,我的房間,True,5,medium,3,0,房間,pos,"In this sentence, what part of speech is 「房間」?",N,room,fángjiān,N,"[""Pron"", ""Quant"", ""Prep""]",我房間的窗戶很大，每天下午我的貓都喜歡在窗戶旁邊曬太陽。,verified_v3_book_locked,ok,,3
custom-story-1785310310407,我的房間,True,5,hard,3,0,房間,translation,"In 「我房間的窗戶比房門還大，所以我的貓很喜歡每天下午在窗戶旁邊曬太陽。」, what does 「房間」 mean?",room,room,fángjiān,N,"[""supermarket"", ""dormitory"", ""kitchen""]",我房間的窗戶比房門還大，所以我的貓很喜歡每天下午在窗戶旁邊曬太陽。,verified_v3_book_locked,ok,,3
custom-story-1785310310407,我的房間,True,5,hard,3,0,房間,reverse,Which Chinese word best matches “room” in this lesson context?,房間,room,fángjiān,N,"[""廚房"", ""房間"", ""宿舍"", ""超級市場""]",我房間的窗戶比房門還大，所以我的貓很喜歡每天下午在窗戶旁邊曬太陽。,verified_v3_book_locked,ok,,3
custom-story-1785310310407,我的房間,True,5,hard,3,0,房間,listening,🔊 Listen and choose the word you hear.,房間,room,fángjiān,N,"[""宿舍"", ""廚房"", ""超級市場"", ""房間""]",,verified_v3_book_locked,ok,,3
custom-story-1785310310407,我的房間,True,5,hard,3,0,房間,pinyin,Which pinyin exactly matches the lexical tones of 「房間」?,fángjiān,room,fángjiān,N,"[""fángjiān"", ""fángjián"", ""fángjiàn"", ""fángjiǎn""]",我房間的窗戶比房門還大，所以我的貓很喜歡每天下午在窗戶旁邊曬太陽。,verified_v3_book_locked,ok,,3
custom-story-1785310310407,我的房間,True,5,hard,3,0,房間,cloze,Choose the most contextually appropriate word for the blank.,房間,room,fángjiān,N,"[""友美"", ""媽"", ""下午""]",我____的窗戶比房門還大，所以我的貓很喜歡每天下午在窗戶旁邊曬太陽。,verified_v3_book_locked,ok,,3
custom-story-1785310310407,我的房間,True,5,hard,3,0,房間,pos,Classify the grammatical category of 「房間」 as used in the sentence.,N,room,fángjiān,N,"[""Adv"", ""Quant"", ""Loc""]",我房間的窗戶比房門還大，所以我的貓很喜歡每天下午在窗戶旁邊曬太陽。,verified_v3_book_locked,ok,,3
custom-story-1785310310407,我的房間,True,5,easy,3,1,窗戶,translation,窗戶,window,window,chuāng hù,N,"[""to do / make"", ""this weekend"", ""at / in""]",我房間的窗戶很大，我的貓喜歡在窗戶旁邊曬太陽。,verified_v3_book_locked,ok,,3
custom-story-1785310310407,我的房間,True,5,easy,3,1,窗戶,reverse,window,窗戶,window,chuāng hù,N,"[""做"", ""窗戶"", ""在"", ""這個週末""]",我房間的窗戶很大，我的貓喜歡在窗戶旁邊曬太陽。,verified_v3_book_locked,ok,,3
custom-story-1785310310407,我的房間,True,5,easy,3,1,窗戶,listening,🔊 Listen and choose the word you hear.,窗戶,window,chuāng hù,N,"[""做"", ""窗戶"", ""這個週末"", ""在""]",,verified_v3_book_locked,ok,,3
custom-story-1785310310407,我的房間,True,5,easy,3,1,窗戶,pinyin,Choose the correct pinyin for 「窗戶」.,chuāng hù,window,chuāng hù,N,"[""chuāng hū"", ""chuāng hǔ"", ""chuāng hù"", ""chuāng hú""]",我房間的窗戶很大，我的貓喜歡在窗戶旁邊曬太陽。,verified_v3_book_locked,ok,,3
custom-story-1785310310407,我的房間,True,5,easy,3,1,窗戶,cloze,Complete the sentence.,窗戶,window,chuāng hù,N,"[""冰淇淋"", ""週末"", ""下午茶""]",我房間的____很大，我的貓喜歡在旁邊曬太陽。,verified_v3_book_locked,ok,,3
custom-story-1785310310407,我的房間,True,5,easy,3,1,窗戶,pos,What is the part of speech of 「窗戶」?,N,window,chuāng hù,N,"[""V"", ""Prep"", ""Adj""]",我房間的窗戶很大，我的貓喜歡在窗戶旁邊曬太陽。,verified_v3_book_locked,ok,,3
custom-story-1785310310407,我的房間,True,5,medium,3,1,窗戶,translation,Choose the best English meaning of 「窗戶」.,window,window,chuāng hù,N,"[""afternoon tea"", ""home"", ""cafe""]",我房間的窗戶很大，每天下午我的貓都喜歡在窗戶旁邊曬太陽。,verified_v3_book_locked,ok,,3
custom-story-1785310310407,我的房間,True,5,medium,3,1,窗戶,reverse,Choose the Chinese word for “window”.,窗戶,window,chuāng hù,N,"[""家"", ""窗戶"", ""咖啡廳"", ""下午茶""]",我房間的窗戶很大，每天下午我的貓都喜歡在窗戶旁邊曬太陽。,verified_v3_book_locked,ok,,3
custom-story-1785310310407,我的房間,True,5,medium,3,1,窗戶,listening,🔊 Listen and choose the word you hear.,窗戶,window,chuāng hù,N,"[""家"", ""窗戶"", ""咖啡廳"", ""下午茶""]",,verified_v3_book_locked,ok,,3
custom-story-1785310310407,我的房間,True,5,medium,3,1,窗戶,pinyin,Choose the correct pinyin and tone pattern for 「窗戶」.,chuāng hù,window,chuāng hù,N,"[""chuāng hǔ"", ""chuāng hù"", ""chuāng hū"", ""chuāng hú""]",我房間的窗戶很大，每天下午我的貓都喜歡在窗戶旁邊曬太陽。,verified_v3_book_locked,ok,,3
custom-story-1785310310407,我的房間,True,5,medium,3,1,窗戶,cloze,Choose the word that best completes the sentence.,窗戶,window,chuāng hù,N,"[""媽"", ""週末"", ""友美""]",我房間的____很大，每天下午我的貓都喜歡在旁邊曬太陽。,verified_v3_book_locked,ok,,3
custom-story-1785310310407,我的房間,True,5,medium,3,1,窗戶,pos,"In this sentence, what part of speech is 「窗戶」?",N,window,chuāng hù,N,"[""Quant"", ""V"", ""Adj""]",我房間的窗戶很大，每天下午我的貓都喜歡在窗戶旁邊曬太陽。,verified_v3_book_locked,ok,,3
custom-story-1785310310407,我的房間,True,5,hard,3,1,窗戶,translation,"In 「我房間的窗戶比房門還大，所以我的貓很喜歡每天下午在窗戶旁邊曬太陽。」, what does 「窗戶」 mean?",window,window,chuāng hù,N,"[""wardrobe"", ""chair"", ""lamp""]",我房間的窗戶比房門還大，所以我的貓很喜歡每天下午在窗戶旁邊曬太陽。,verified_v3_book_locked,ok,,3
custom-story-1785310310407,我的房間,True,5,hard,3,1,窗戶,reverse,Which Chinese word best matches “window” in this lesson context?,窗戶,window,chuāng hù,N,"[""衣櫃"", ""椅子"", ""窗戶"", ""燈""]",我房間的窗戶比房門還大，所以我的貓很喜歡每天下午在窗戶旁邊曬太陽。,verified_v3_book_locked,ok,,3
custom-story-1785310310407,我的房間,True,5,hard,3,1,窗戶,listening,🔊 Listen and choose the word you hear.,窗戶,window,chuāng hù,N,"[""衣櫃"", ""窗戶"", ""燈"", ""椅子""]",,verified_v3_book_locked,ok,,3
custom-story-1785310310407,我的房間,True,5,hard,3,1,窗戶,pinyin,Which pinyin exactly matches the lexical tones of 「窗戶」?,chuāng hù,window,chuāng hù,N,"[""chuāng hǔ"", ""chuāng hù"", ""chuāng hū"", ""chuāng hú""]",我房間的窗戶比房門還大，所以我的貓很喜歡每天下午在窗戶旁邊曬太陽。,verified_v3_book_locked,ok,,3
custom-story-1785310310407,我的房間,True,5,hard,3,1,窗戶,cloze,Choose the most contextually appropriate word for the blank.,窗戶,window,chuāng hù,N,"[""家"", ""咖啡廳"", ""友美""]",我房間的____比房門還大，所以我的貓很喜歡每天下午在旁邊曬太陽。,verified_v3_book_locked,ok,,3
custom-story-1785310310407,我的房間,True,5,hard,3,1,窗戶,pos,Classify the grammatical category of 「窗戶」 as used in the sentence.,N,window,chuāng hù,N,"[""Prep"", ""Adv"", ""MW""]",我房間的窗戶比房門還大，所以我的貓很喜歡每天下午在窗戶旁邊曬太陽。,verified_v3_book_locked,ok,,3
custom-story-1785310310407,我的房間,True,5,easy,3,2,大,translation,大,big,big,dà,Adj,"[""I"", ""to do / make"", ""this weekend""]",我房間的窗戶很大，我的貓喜歡在窗戶旁邊曬太陽。,verified_v3_book_locked,ok,,3
custom-story-1785310310407,我的房間,True,5,easy,3,2,大,reverse,big,大,big,dà,Adj,"[""我"", ""這個週末"", ""做"", ""大""]",我房間的窗戶很大，我的貓喜歡在窗戶旁邊曬太陽。,verified_v3_book_locked,ok,,3
custom-story-1785310310407,我的房間,True,5,easy,3,2,大,listening,🔊 Listen and choose the word you hear.,大,big,dà,Adj,"[""大"", ""我"", ""這個週末"", ""做""]",,verified_v3_book_locked,ok,,3
custom-story-1785310310407,我的房間,True,5,easy,3,2,大,pinyin,Choose the correct pinyin for 「大」.,dà,big,dà,Adj,"[""dà"", ""dǎ"", ""dā"", ""dá""]",我房間的窗戶很大，我的貓喜歡在窗戶旁邊曬太陽。,verified_v3_book_locked,ok,,3
custom-story-1785310310407,我的房間,True,5,easy,3,2,大,cloze,Complete the sentence.,大,big,dà,Adj,"[""新的"", ""舒服"", ""忙""]",我房間的窗戶很____，我的貓喜歡在窗戶旁邊曬太陽。,verified_v3_book_locked,ok,,3
custom-story-1785310310407,我的房間,True,5,easy,3,2,大,pos,What is the part of speech of 「大」?,Adj,big,dà,Adj,"[""Adv"", ""Prep"", ""N""]",我房間的窗戶很大，我的貓喜歡在窗戶旁邊曬太陽。,verified_v3_book_locked,ok,,3
custom-story-1785310310407,我的房間,True,5,medium,3,2,大,translation,Choose the best English meaning of 「大」.,big,big,dà,Adj,"[""good / okay"", ""busy"", ""interesting""]",我房間的窗戶很大，每天下午我的貓都喜歡在窗戶旁邊曬太陽。,verified_v3_book_locked,ok,,3
custom-story-1785310310407,我的房間,True,5,medium,3,2,大,reverse,Choose the Chinese word for “big”.,大,big,dà,Adj,"[""大"", ""有趣"", ""忙"", ""好""]",我房間的窗戶很大，每天下午我的貓都喜歡在窗戶旁邊曬太陽。,verified_v3_book_locked,ok,,3
custom-story-1785310310407,我的房間,True,5,medium,3,2,大,listening,🔊 Listen and choose the word you hear.,大,big,dà,Adj,"[""忙"", ""大"", ""有趣"", ""好""]",,verified_v3_book_locked,ok,,3
custom-story-1785310310407,我的房間,True,5,medium,3,2,大,pinyin,Choose the correct pinyin and tone pattern for 「大」.,dà,big,dà,Adj,"[""dá"", ""dǎ"", ""dā"", ""dà""]",我房間的窗戶很大，每天下午我的貓都喜歡在窗戶旁邊曬太陽。,verified_v3_book_locked,ok,,3
custom-story-1785310310407,我的房間,True,5,medium,3,2,大,cloze,Choose the word that best completes the sentence.,大,big,dà,Adj,"[""好"", ""年輕"", ""有趣""]",我房間的窗戶很____，每天下午我的貓都喜歡在窗戶旁邊曬太陽。,verified_v3_book_locked,ok,,3
custom-story-1785310310407,我的房間,True,5,medium,3,2,大,pos,"In this sentence, what part of speech is 「大」?",Adj,big,dà,Adj,"[""Pron"", ""MW"", ""Adv""]",我房間的窗戶很大，每天下午我的貓都喜歡在窗戶旁邊曬太陽。,verified_v3_book_locked,ok,,3
custom-story-1785310310407,我的房間,True,5,hard,3,2,大,translation,"In 「我房間的窗戶比房門還大，所以我的貓很喜歡每天下午在窗戶旁邊曬太陽。」, what does 「大」 mean?",big,big,dà,Adj,"[""delicious"", ""cheap"", ""quiet""]",我房間的窗戶比房門還大，所以我的貓很喜歡每天下午在窗戶旁邊曬太陽。,verified_v3_book_locked,ok,,3
custom-story-1785310310407,我的房間,True,5,hard,3,2,大,reverse,Which Chinese word best matches “big” in this lesson context?,大,big,dà,Adj,"[""便宜"", ""大"", ""好吃"", ""安靜""]",我房間的窗戶比房門還大，所以我的貓很喜歡每天下午在窗戶旁邊曬太陽。,verified_v3_book_locked,ok,,3
custom-story-1785310310407,我的房間,True,5,hard,3,2,大,listening,🔊 Listen and choose the word you hear.,大,big,dà,Adj,"[""便宜"", ""好吃"", ""安靜"", ""大""]",,verified_v3_book_locked,ok,,3
custom-story-1785310310407,我的房間,True,5,hard,3,2,大,pinyin,Which pinyin exactly matches the lexical tones of 「大」?,dà,big,dà,Adj,"[""dǎ"", ""dá"", ""dà"", ""dā""]",我房間的窗戶比房門還大，所以我的貓很喜歡每天下午在窗戶旁邊曬太陽。,verified_v3_book_locked,ok,,3
custom-story-1785310310407,我的房間,True,5,hard,3,2,大,cloze,Choose the most contextually appropriate word for the blank.,大,big,dà,Adj,"[""忙"", ""方便"", ""年輕""]",我房間的窗戶比房門還____，所以我的貓很喜歡每天下午在窗戶旁邊曬太陽。,verified_v3_book_locked,ok,,3
custom-story-1785310310407,我的房間,True,5,hard,3,2,大,pos,Classify the grammatical category of 「大」 as used in the sentence.,Adj,big,dà,Adj,"[""Adv"", ""V"", ""MW""]",我房間的窗戶比房門還大，所以我的貓很喜歡每天下午在窗戶旁邊曬太陽。,verified_v3_book_locked,ok,,3
custom-story-1785310310407,我的房間,True,5,easy,3,3,貓,translation,貓,cat,cat,māo,N,"[""to want / need"", ""this weekend"", ""weekend""]",我房間的窗戶很大，我的貓喜歡在窗戶旁邊曬太陽。,verified_v3_book_locked,ok,,3
custom-story-1785310310407,我的房間,True,5,easy,3,3,貓,reverse,cat,貓,cat,māo,N,"[""週末"", ""貓"", ""這個週末"", ""要""]",我房間的窗戶很大，我的貓喜歡在窗戶旁邊曬太陽。,verified_v3_book_locked,ok,,3
custom-story-1785310310407,我的房間,True,5,easy,3,3,貓,listening,🔊 Listen and choose the word you hear.,貓,cat,māo,N,"[""週末"", ""要"", ""貓"", ""這個週末""]",,verified_v3_book_locked,ok,,3
custom-story-1785310310407,我的房間,True,5,easy,3,3,貓,pinyin,Choose the correct pinyin for 「貓」.,māo,cat,māo,N,"[""mǎo"", ""māo"", ""mào"", ""máo""]",我房間的窗戶很大，我的貓喜歡在窗戶旁邊曬太陽。,verified_v3_book_locked,ok,,3
custom-story-1785310310407,我的房間,True,5,easy,3,3,貓,cloze,Complete the sentence.,貓,cat,māo,N,"[""咖啡廳"", ""友美"", ""媽""]",我房間的窗戶很大，我的____喜歡在窗戶旁邊曬太陽。,verified_v3_book_locked,ok,,3
custom-story-1785310310407,我的房間,True,5,easy,3,3,貓,pos,What is the part of speech of 「貓」?,N,cat,māo,N,"[""V"", ""Prep"", ""MW""]",我房間的窗戶很大，我的貓喜歡在窗戶旁邊曬太陽。,verified_v3_book_locked,ok,,3
custom-story-1785310310407,我的房間,True,5,medium,3,3,貓,translation,Choose the best English meaning of 「貓」.,cat,cat,māo,N,"[""afternoon"", ""Saturday"", ""afternoon tea""]",我房間的窗戶很大，每天下午我的貓都喜歡在窗戶旁邊曬太陽。,verified_v3_book_locked,ok,,3
custom-story-1785310310407,我的房間,True,5,medium,3,3,貓,reverse,Choose the Chinese word for “cat”.,貓,cat,māo,N,"[""星期六"", ""下午茶"", ""貓"", ""下午""]",我房間的窗戶很大，每天下午我的貓都喜歡在窗戶旁邊曬太陽。,verified_v3_book_locked,ok,,3
custom-story-1785310310407,我的房間,True,5,medium,3,3,貓,listening,🔊 Listen and choose the word you hear.,貓,cat,māo,N,"[""下午"", ""貓"", ""星期六"", ""下午茶""]",,verified_v3_book_locked,ok,,3
custom-story-1785310310407,我的房間,True,5,medium,3,3,貓,pinyin,Choose the correct pinyin and tone pattern for 「貓」.,māo,cat,māo,N,"[""mào"", ""máo"", ""māo"", ""mǎo""]",我房間的窗戶很大，每天下午我的貓都喜歡在窗戶旁邊曬太陽。,verified_v3_book_locked,ok,,3
custom-story-1785310310407,我的房間,True,5,medium,3,3,貓,cloze,Choose the word that best completes the sentence.,貓,cat,māo,N,"[""媽"", ""咖啡廳"", ""家""]",我房間的窗戶很大，每天下午我的____都喜歡在窗戶旁邊曬太陽。,verified_v3_book_locked,ok,,3
custom-story-1785310310407,我的房間,True,5,medium,3,3,貓,pos,"In this sentence, what part of speech is 「貓」?",N,cat,māo,N,"[""Pron"", ""Prep"", ""Adv""]",我房間的窗戶很大，每天下午我的貓都喜歡在窗戶旁邊曬太陽。,verified_v3_book_locked,ok,,3
custom-story-1785310310407,我的房間,True,5,hard,3,3,貓,translation,"In 「我房間的窗戶比房門還大，所以我的貓很喜歡每天下午在窗戶旁邊曬太陽。」, what does 「貓」 mean?",cat,cat,māo,N,"[""afternoon"", ""ice cream"", ""cafe""]",我房間的窗戶比房門還大，所以我的貓很喜歡每天下午在窗戶旁邊曬太陽。,verified_v3_book_locked,ok,,3
custom-story-1785310310407,我的房間,True,5,hard,3,3,貓,reverse,Which Chinese word best matches “cat” in this lesson context?,貓,cat,māo,N,"[""下午"", ""咖啡廳"", ""貓"", ""冰淇淋""]",我房間的窗戶比房門還大，所以我的貓很喜歡每天下午在窗戶旁邊曬太陽。,verified_v3_book_locked,ok,,3
custom-story-1785310310407,我的房間,True,5,hard,3,3,貓,listening,🔊 Listen and choose the word you hear.,貓,cat,māo,N,"[""貓"", ""下午"", ""咖啡廳"", ""冰淇淋""]",,verified_v3_book_locked,ok,,3
custom-story-1785310310407,我的房間,True,5,hard,3,3,貓,pinyin,Which pinyin exactly matches the lexical tones of 「貓」?,māo,cat,māo,N,"[""mào"", ""máo"", ""mǎo"", ""māo""]",我房間的窗戶比房門還大，所以我的貓很喜歡每天下午在窗戶旁邊曬太陽。,verified_v3_book_locked,ok,,3
custom-story-1785310310407,我的房間,True,5,hard,3,3,貓,cloze,Choose the most contextually appropriate word for the blank.,貓,cat,māo,N,"[""週末"", ""咖啡廳"", ""家""]",我房間的窗戶比房門還大，所以我的____很喜歡每天下午在窗戶旁邊曬太陽。,verified_v3_book_locked,ok,,3
custom-story-1785310310407,我的房間,True,5,hard,3,3,貓,pos,Classify the grammatical category of 「貓」 as used in the sentence.,N,cat,māo,N,"[""MW"", ""Adj"", ""Prep""]",我房間的窗戶比房門還大，所以我的貓很喜歡每天下午在窗戶旁邊曬太陽。,verified_v3_book_locked,ok,,3
custom-story-1785310310407,我的房間,True,5,easy,3,4,喜歡,translation,喜歡,like,like,xǐ huān,V,"[""Youmei (person’s name)"", ""this weekend"", ""I""]",我房間的窗戶很大，我的貓喜歡在窗戶旁邊曬太陽。,verified_v3_book_locked,ok,,3
custom-story-1785310310407,我的房間,True,5,easy,3,4,喜歡,reverse,like,喜歡,like,xǐ huān,V,"[""這個週末"", ""我"", ""喜歡"", ""友美""]",我房間的窗戶很大，我的貓喜歡在窗戶旁邊曬太陽。,verified_v3_book_locked,ok,,3
custom-story-1785310310407,我的房間,True,5,easy,3,4,喜歡,listening,🔊 Listen and choose the word you hear.,喜歡,like,xǐ huān,V,"[""喜歡"", ""我"", ""友美"", ""這個週末""]",,verified_v3_book_locked,ok,,3
custom-story-1785310310407,我的房間,True,5,easy,3,4,喜歡,pinyin,Choose the correct pinyin for 「喜歡」.,xǐ huān,like,xǐ huān,V,"[""xǐ huān"", ""xǐ huàn"", ""xǐ huǎn"", ""xǐ huán""]",我房間的窗戶很大，我的貓喜歡在窗戶旁邊曬太陽。,verified_v3_book_locked,ok,,3
custom-story-1785310310407,我的房間,True,5,easy,3,4,喜歡,cloze,Complete the sentence.,喜歡,like,xǐ huān,V,"[""想"", ""去"", ""幫""]",我房間的窗戶很大，我的貓____在窗戶旁邊曬太陽。,verified_v3_book_locked,ok,,3
custom-story-1785310310407,我的房間,True,5,easy,3,4,喜歡,pos,What is the part of speech of 「喜歡」?,V,like,xǐ huān,V,"[""Adj"", ""Adv"", ""Loc""]",我房間的窗戶很大，我的貓喜歡在窗戶旁邊曬太陽。,verified_v3_book_locked,ok,,3
custom-story-1785310310407,我的房間,True,5,easy,3,4,喜歡,synonym,Which word or phrase is closest in meaning to 「喜歡」?,喜愛,like,xǐ huān,V,"[""週末"", ""做"", ""什麼""]",我房間的窗戶很大，我的貓喜歡在窗戶旁邊曬太陽。,verified_v3_book_locked,ok,,3
custom-story-1785310310407,我的房間,True,5,medium,3,4,喜歡,translation,Choose the best English meaning of 「喜歡」.,like,like,xǐ huān,V,"[""know"", ""to listen to music"", ""to do / make""]",我房間的窗戶很大，每天下午我的貓都喜歡在窗戶旁邊曬太陽。,verified_v3_book_locked,ok,,3
custom-story-1785310310407,我的房間,True,5,medium,3,4,喜歡,reverse,Choose the Chinese word for “like”.,喜歡,like,xǐ huān,V,"[""做"", ""喜歡"", ""知道"", ""聽音樂""]",我房間的窗戶很大，每天下午我的貓都喜歡在窗戶旁邊曬太陽。,verified_v3_book_locked,ok,,3
custom-story-1785310310407,我的房間,True,5,medium,3,4,喜歡,listening,🔊 Listen and choose the word you hear.,喜歡,like,xǐ huān,V,"[""知道"", ""聽音樂"", ""喜歡"", ""做""]",,verified_v3_book_locked,ok,,3
custom-story-1785310310407,我的房間,True,5,medium,3,4,喜歡,pinyin,Choose the correct pinyin and tone pattern for 「喜歡」.,xǐ huān,like,xǐ huān,V,"[""xǐ huān"", ""xǐ huán"", ""xǐ huǎn"", ""xǐ huàn""]",我房間的窗戶很大，每天下午我的貓都喜歡在窗戶旁邊曬太陽。,verified_v3_book_locked,ok,,3
custom-story-1785310310407,我的房間,True,5,medium,3,4,喜歡,cloze,Choose the word that best completes the sentence.,喜歡,like,xǐ huān,V,"[""有"", ""要"", ""喝""]",我房間的窗戶很大，每天下午我的貓都____在窗戶旁邊曬太陽。,verified_v3_book_locked,ok,,3
custom-story-1785310310407,我的房間,True,5,medium,3,4,喜歡,pos,"In this sentence, what part of speech is 「喜歡」?",V,like,xǐ huān,V,"[""Adv"", ""Pron"", ""N""]",我房間的窗戶很大，每天下午我的貓都喜歡在窗戶旁邊曬太陽。,verified_v3_book_locked,ok,,3
custom-story-1785310310407,我的房間,True,5,medium,3,4,喜歡,synonym,"In this lesson context, which expression is closest in meaning to 「喜歡」?",喜愛,like,xǐ huān,V,"[""要"", ""做"", ""看書""]",我房間的窗戶很大，每天下午我的貓都喜歡在窗戶旁邊曬太陽。,verified_v3_book_locked,ok,,3
custom-story-1785310310407,我的房間,True,5,hard,3,4,喜歡,translation,"In 「我房間的窗戶比房門還大，所以我的貓很喜歡每天下午在窗戶旁邊曬太陽。」, what does 「喜歡」 mean?",like,like,xǐ huān,V,"[""to swim"", ""to do / make"", ""cook meal""]",我房間的窗戶比房門還大，所以我的貓很喜歡每天下午在窗戶旁邊曬太陽。,verified_v3_book_locked,ok,,3
custom-story-1785310310407,我的房間,True,5,hard,3,4,喜歡,reverse,Which Chinese word best matches “like” in this lesson context?,喜歡,like,xǐ huān,V,"[""做飯"", ""做"", ""游泳"", ""喜歡""]",我房間的窗戶比房門還大，所以我的貓很喜歡每天下午在窗戶旁邊曬太陽。,verified_v3_book_locked,ok,,3
custom-story-1785310310407,我的房間,True,5,hard,3,4,喜歡,listening,🔊 Listen and choose the word you hear.,喜歡,like,xǐ huān,V,"[""做"", ""做飯"", ""游泳"", ""喜歡""]",,verified_v3_book_locked,ok,,3
custom-story-1785310310407,我的房間,True,5,hard,3,4,喜歡,pinyin,Which pinyin exactly matches the lexical tones of 「喜歡」?,xǐ huān,like,xǐ huān,V,"[""xǐ huàn"", ""xǐ huān"", ""xǐ huǎn"", ""xǐ huán""]",我房間的窗戶比房門還大，所以我的貓很喜歡每天下午在窗戶旁邊曬太陽。,verified_v3_book_locked,ok,,3
custom-story-1785310310407,我的房間,True,5,hard,3,4,喜歡,cloze,Choose the most contextually appropriate word for the blank.,喜歡,like,xǐ huān,V,"[""有"", ""幫"", ""知道""]",我房間的窗戶比房門還大，所以我的貓很____每天下午在窗戶旁邊曬太陽。,verified_v3_book_locked,ok,,3
custom-story-1785310310407,我的房間,True,5,hard,3,4,喜歡,pos,Classify the grammatical category of 「喜歡」 as used in the sentence.,V,like,xǐ huān,V,"[""N"", ""Loc"", ""Adj""]",我房間的窗戶比房門還大，所以我的貓很喜歡每天下午在窗戶旁邊曬太陽。,verified_v3_book_locked,ok,,3
custom-story-1785310310407,我的房間,True,5,hard,3,4,喜歡,synonym,Which expression can best replace 「喜歡」 without changing the intended meaning?,喜愛,like,xǐ huān,V,"[""知道"", ""休息"", ""唱歌""]",我房間的窗戶比房門還大，所以我的貓很喜歡每天下午在窗戶旁邊曬太陽。,verified_v3_book_locked,ok,,3
custom-story-1785310310407,我的房間,True,5,easy,3,5,曬太陽,translation,曬太陽,sunbathe,sunbathe,shài tài yáng,V,"[""this weekend"", ""to want / need"", ""to do / make""]",我房間的窗戶很大，我的貓喜歡在窗戶旁邊曬太陽。,verified_v3_book_locked,ok,,3
custom-story-1785310310407,我的房間,True,5,easy,3,5,曬太陽,reverse,sunbathe,曬太陽,sunbathe,shài tài yáng,V,"[""這個週末"", ""曬太陽"", ""要"", ""做""]",我房間的窗戶很大，我的貓喜歡在窗戶旁邊曬太陽。,verified_v3_book_locked,ok,,3
custom-story-1785310310407,我的房間,True,5,easy,3,5,曬太陽,listening,🔊 Listen and choose the word you hear.,曬太陽,sunbathe,shài tài yáng,V,"[""這個週末"", ""曬太陽"", ""做"", ""要""]",,verified_v3_book_locked,ok,,3
custom-story-1785310310407,我的房間,True,5,easy,3,5,曬太陽,pinyin,Choose the correct pinyin for 「曬太陽」.,shài tài yáng,sunbathe,shài tài yáng,V,"[""shài tài yàng"", ""shài tài yáng"", ""shài tài yāng"", ""shài tài yǎng""]",我房間的窗戶很大，我的貓喜歡在窗戶旁邊曬太陽。,verified_v3_book_locked,ok,,3
custom-story-1785310310407,我的房間,True,5,easy,3,5,曬太陽,cloze,Complete the sentence.,曬太陽,sunbathe,shài tài yáng,V,"[""看書"", ""喝"", ""做""]",我房間的窗戶很大，我的貓喜歡在窗戶旁邊____。,verified_v3_book_locked,ok,,3
custom-story-1785310310407,我的房間,True,5,easy,3,5,曬太陽,pos,What is the part of speech of 「曬太陽」?,V,sunbathe,shài tài yáng,V,"[""Loc"", ""Quant"", ""Pron""]",我房間的窗戶很大，我的貓喜歡在窗戶旁邊曬太陽。,verified_v3_book_locked,ok,,3
custom-story-1785310310407,我的房間,True,5,medium,3,5,曬太陽,translation,Choose the best English meaning of 「曬太陽」.,sunbathe,sunbathe,shài tài yáng,V,"[""drink"", ""to want"", ""to listen to music""]",我房間的窗戶很大，每天下午我的貓都喜歡在窗戶旁邊曬太陽。,verified_v3_book_locked,ok,,3
custom-story-1785310310407,我的房間,True,5,medium,3,5,曬太陽,reverse,Choose the Chinese word for “sunbathe”.,曬太陽,sunbathe,shài tài yáng,V,"[""想"", ""曬太陽"", ""聽音樂"", ""喝""]",我房間的窗戶很大，每天下午我的貓都喜歡在窗戶旁邊曬太陽。,verified_v3_book_locked,ok,,3
custom-story-1785310310407,我的房間,True,5,medium,3,5,曬太陽,listening,🔊 Listen and choose the word you hear.,曬太陽,sunbathe,shài tài yáng,V,"[""想"", ""曬太陽"", ""喝"", ""聽音樂""]",,verified_v3_book_locked,ok,,3
custom-story-1785310310407,我的房間,True,5,medium,3,5,曬太陽,pinyin,Choose the correct pinyin and tone pattern for 「曬太陽」.,shài tài yáng,sunbathe,shài tài yáng,V,"[""shài tài yáng"", ""shài tài yāng"", ""shài tài yàng"", ""shài tài yǎng""]",我房間的窗戶很大，每天下午我的貓都喜歡在窗戶旁邊曬太陽。,verified_v3_book_locked,ok,,3
custom-story-1785310310407,我的房間,True,5,medium,3,5,曬太陽,cloze,Choose the word that best completes the sentence.,曬太陽,sunbathe,shài tài yáng,V,"[""去"", ""想"", ""做""]",我房間的窗戶很大，每天下午我的貓都喜歡在窗戶旁邊____。,verified_v3_book_locked,ok,,3
custom-story-1785310310407,我的房間,True,5,medium,3,5,曬太陽,pos,"In this sentence, what part of speech is 「曬太陽」?",V,sunbathe,shài tài yáng,V,"[""Pron"", ""Adv"", ""Adj""]",我房間的窗戶很大，每天下午我的貓都喜歡在窗戶旁邊曬太陽。,verified_v3_book_locked,ok,,3
custom-story-1785310310407,我的房間,True,5,hard,3,5,曬太陽,translation,"In 「我房間的窗戶比房門還大，所以我的貓很喜歡每天下午在窗戶旁邊曬太陽。」, what does 「曬太陽」 mean?",sunbathe,sunbathe,shài tài yáng,V,"[""to listen to music"", ""to work"", ""to rest""]",我房間的窗戶比房門還大，所以我的貓很喜歡每天下午在窗戶旁邊曬太陽。,verified_v3_book_locked,ok,,3
custom-story-1785310310407,我的房間,True,5,hard,3,5,曬太陽,reverse,Which Chinese word best matches “sunbathe” in this lesson context?,曬太陽,sunbathe,shài tài yáng,V,"[""曬太陽"", ""工作"", ""休息"", ""聽音樂""]",我房間的窗戶比房門還大，所以我的貓很喜歡每天下午在窗戶旁邊曬太陽。,verified_v3_book_locked,ok,,3
custom-story-1785310310407,我的房間,True,5,hard,3,5,曬太陽,listening,🔊 Listen and choose the word you hear.,曬太陽,sunbathe,shài tài yáng,V,"[""工作"", ""休息"", ""曬太陽"", ""聽音樂""]",,verified_v3_book_locked,ok,,3
custom-story-1785310310407,我的房間,True,5,hard,3,5,曬太陽,pinyin,Which pinyin exactly matches the lexical tones of 「曬太陽」?,shài tài yáng,sunbathe,shài tài yáng,V,"[""shài tài yǎng"", ""shài tài yàng"", ""shài tài yáng"", ""shài tài yāng""]",我房間的窗戶比房門還大，所以我的貓很喜歡每天下午在窗戶旁邊曬太陽。,verified_v3_book_locked,ok,,3
custom-story-1785310310407,我的房間,True,5,hard,3,5,曬太陽,cloze,Choose the most contextually appropriate word for the blank.,曬太陽,sunbathe,shài tài yáng,V,"[""知道"", ""想"", ""看書""]",我房間的窗戶比房門還大，所以我的貓很喜歡每天下午在窗戶旁邊____。,verified_v3_book_locked,ok,,3
custom-story-1785310310407,我的房間,True,5,hard,3,5,曬太陽,pos,Classify the grammatical category of 「曬太陽」 as used in the sentence.,V,sunbathe,shài tài yáng,V,"[""Quant"", ""Loc"", ""Pron""]",我房間的窗戶比房門還大，所以我的貓很喜歡每天下午在窗戶旁邊曬太陽。,verified_v3_book_locked,ok,,3
modern-chinese-l6-dialogue-1,第6課 對話一：週末去打網球吧！,True,6,easy,0,0,天氣,translation,天氣,weather,weather,tiānqì,N,"[""to swim"", ""tennis"", ""movie""]",國安：今天天氣不錯，海邊的風景也很漂亮，我想去游泳，你們想去嗎？,verified_v3_book_locked,ok,,1
modern-chinese-l6-dialogue-1,第6課 對話一：週末去打網球吧！,True,6,easy,0,0,天氣,reverse,weather,天氣,weather,tiānqì,N,"[""游泳"", ""電影"", ""網球"", ""天氣""]",國安：今天天氣不錯，海邊的風景也很漂亮，我想去游泳，你們想去嗎？,verified_v3_book_locked,ok,,1
modern-chinese-l6-dialogue-1,第6課 對話一：週末去打網球吧！,True,6,easy,0,0,天氣,listening,🔊 Listen and choose the word you hear.,天氣,weather,tiānqì,N,"[""游泳"", ""電影"", ""天氣"", ""網球""]",,verified_v3_book_locked,ok,,1
modern-chinese-l6-dialogue-1,第6課 對話一：週末去打網球吧！,True,6,easy,0,0,天氣,pinyin,Choose the correct pinyin for 「天氣」.,tiānqì,weather,tiānqì,N,"[""tiānqǐ"", ""tiānqì"", ""tiānqī"", ""tiānqí""]",國安：今天天氣不錯，海邊的風景也很漂亮，我想去游泳，你們想去嗎？,verified_v3_book_locked,ok,,1
modern-chinese-l6-dialogue-1,第6課 對話一：週末去打網球吧！,True,6,easy,0,0,天氣,cloze,Complete the sentence.,天氣,weather,tiānqì,N,"[""朋友"", ""腳踏車"", ""電影""]",國安：今天____不錯，海邊的風景也很漂亮，我想去游泳，你們想去嗎？,verified_v3_book_locked,ok,,1
modern-chinese-l6-dialogue-1,第6課 對話一：週末去打網球吧！,True,6,easy,0,0,天氣,pos,What is the part of speech of 「天氣」?,N,weather,tiānqì,N,"[""V"", ""Loc"", ""Adv""]",國安：今天天氣不錯，海邊的風景也很漂亮，我想去游泳，你們想去嗎？,verified_v3_book_locked,ok,,1
modern-chinese-l6-dialogue-1,第6課 對話一：週末去打網球吧！,True,6,medium,0,0,天氣,translation,Choose the best English meaning of 「天氣」.,weather,weather,tiānqì,N,"[""scenery"", ""tennis"", ""music""]",國安：今天天氣不錯，海邊的風景也很漂亮，我想去游泳。你們也想一起去嗎？,verified_v3_book_locked,ok,,1
modern-chinese-l6-dialogue-1,第6課 對話一：週末去打網球吧！,True,6,medium,0,0,天氣,reverse,Choose the Chinese word for “weather”.,天氣,weather,tiānqì,N,"[""音樂"", ""網球"", ""天氣"", ""風景""]",國安：今天天氣不錯，海邊的風景也很漂亮，我想去游泳。你們也想一起去嗎？,verified_v3_book_locked,ok,,1
modern-chinese-l6-dialogue-1,第6課 對話一：週末去打網球吧！,True,6,medium,0,0,天氣,listening,🔊 Listen and choose the word you hear.,天氣,weather,tiānqì,N,"[""風景"", ""天氣"", ""網球"", ""音樂""]",,verified_v3_book_locked,ok,,1
modern-chinese-l6-dialogue-1,第6課 對話一：週末去打網球吧！,True,6,medium,0,0,天氣,pinyin,Choose the correct pinyin and tone pattern for 「天氣」.,tiānqì,weather,tiānqì,N,"[""tiānqǐ"", ""tiānqì"", ""tiānqí"", ""tiānqī""]",國安：今天天氣不錯，海邊的風景也很漂亮，我想去游泳。你們也想一起去嗎？,verified_v3_book_locked,ok,,1
modern-chinese-l6-dialogue-1,第6課 對話一：週末去打網球吧！,True,6,medium,0,0,天氣,cloze,Choose the word that best completes the sentence.,天氣,weather,tiānqì,N,"[""中文"", ""友美"", ""音樂""]",國安：今天____不錯，海邊的風景也很漂亮，我想去游泳。你們也想一起去嗎？,verified_v3_book_locked,ok,,1
modern-chinese-l6-dialogue-1,第6課 對話一：週末去打網球吧！,True,6,medium,0,0,天氣,pos,"In this sentence, what part of speech is 「天氣」?",N,weather,tiānqì,N,"[""Adj"", ""Adv"", ""Loc""]",國安：今天天氣不錯，海邊的風景也很漂亮，我想去游泳。你們也想一起去嗎？,verified_v3_book_locked,ok,,1
modern-chinese-l6-dialogue-1,第6課 對話一：週末去打網球吧！,True,6,hard,0,0,天氣,translation,"In 「國安：今天天氣不錯，海邊的風景也很漂亮，我很想去游泳。如果你們下午有空，我們一起去海邊，怎麼樣？」, what does 「天氣」 mean?",weather,weather,tiānqì,N,"[""climate"", ""temperature"", ""season""]",國安：今天天氣不錯，海邊的風景也很漂亮，我很想去游泳。如果你們下午有空，我們一起去海邊，怎麼樣？,verified_v3_book_locked,ok,,1
modern-chinese-l6-dialogue-1,第6課 對話一：週末去打網球吧！,True,6,hard,0,0,天氣,reverse,Which Chinese word best matches “weather” in this lesson context?,天氣,weather,tiānqì,N,"[""溫度"", ""季節"", ""天氣"", ""氣候""]",國安：今天天氣不錯，海邊的風景也很漂亮，我很想去游泳。如果你們下午有空，我們一起去海邊，怎麼樣？,verified_v3_book_locked,ok,,1
modern-chinese-l6-dialogue-1,第6課 對話一：週末去打網球吧！,True,6,hard,0,0,天氣,listening,🔊 Listen and choose the word you hear.,天氣,weather,tiānqì,N,"[""季節"", ""氣候"", ""溫度"", ""天氣""]",,verified_v3_book_locked,ok,,1
modern-chinese-l6-dialogue-1,第6課 對話一：週末去打網球吧！,True,6,hard,0,0,天氣,pinyin,Which pinyin exactly matches the lexical tones of 「天氣」?,tiānqì,weather,tiānqì,N,"[""tiānqī"", ""tiānqì"", ""tiānqǐ"", ""tiānqí""]",國安：今天天氣不錯，海邊的風景也很漂亮，我很想去游泳。如果你們下午有空，我們一起去海邊，怎麼樣？,verified_v3_book_locked,ok,,1
modern-chinese-l6-dialogue-1,第6課 對話一：週末去打網球吧！,True,6,hard,0,0,天氣,cloze,Choose the most contextually appropriate word for the blank.,天氣,weather,tiānqì,N,"[""音樂"", ""腳踏車"", ""網球""]",國安：今天____不錯，海邊的風景也很漂亮，我很想去游泳。如果你們下午有空，我們一起去海邊，怎麼樣？,verified_v3_book_locked,ok,,1
modern-chinese-l6-dialogue-1,第6課 對話一：週末去打網球吧！,True,6,hard,0,0,天氣,pos,Classify the grammatical category of 「天氣」 as used in the sentence.,N,weather,tiānqì,N,"[""Prep"", ""MW"", ""Adv""]",國安：今天天氣不錯，海邊的風景也很漂亮，我很想去游泳。如果你們下午有空，我們一起去海邊，怎麼樣？,verified_v3_book_locked,ok,,1
modern-chinese-l6-dialogue-1,第6課 對話一：週末去打網球吧！,True,6,easy,0,1,風景,translation,風景,scenery,scenery,fēngjǐng,N,"[""interesting"", ""to jog"", ""to swim""]",國安：今天天氣不錯，海邊的風景也很漂亮，我想去游泳，你們想去嗎？,verified_v3_book_locked,ok,,1
modern-chinese-l6-dialogue-1,第6課 對話一：週末去打網球吧！,True,6,easy,0,1,風景,reverse,scenery,風景,scenery,fēngjǐng,N,"[""風景"", ""游泳"", ""跑步"", ""有趣""]",國安：今天天氣不錯，海邊的風景也很漂亮，我想去游泳，你們想去嗎？,verified_v3_book_locked,ok,,1
modern-chinese-l6-dialogue-1,第6課 對話一：週末去打網球吧！,True,6,easy,0,1,風景,listening,🔊 Listen and choose the word you hear.,風景,scenery,fēngjǐng,N,"[""有趣"", ""游泳"", ""風景"", ""跑步""]",,verified_v3_book_locked,ok,,1
modern-chinese-l6-dialogue-1,第6課 對話一：週末去打網球吧！,True,6,easy,0,1,風景,pinyin,Choose the correct pinyin for 「風景」.,fēngjǐng,scenery,fēngjǐng,N,"[""fēngjíng"", ""fēngjīng"", ""fēngjǐng"", ""fēngjìng""]",國安：今天天氣不錯，海邊的風景也很漂亮，我想去游泳，你們想去嗎？,verified_v3_book_locked,ok,,1
modern-chinese-l6-dialogue-1,第6課 對話一：週末去打網球吧！,True,6,easy,0,1,風景,cloze,Complete the sentence.,風景,scenery,fēngjǐng,N,"[""電影"", ""朋友"", ""運動""]",國安：今天天氣不錯，海邊的____也很漂亮，我想去游泳，你們想去嗎？,verified_v3_book_locked,ok,,1
modern-chinese-l6-dialogue-1,第6課 對話一：週末去打網球吧！,True,6,easy,0,1,風景,pos,What is the part of speech of 「風景」?,N,scenery,fēngjǐng,N,"[""Adj"", ""Adv"", ""V""]",國安：今天天氣不錯，海邊的風景也很漂亮，我想去游泳，你們想去嗎？,verified_v3_book_locked,ok,,1
modern-chinese-l6-dialogue-1,第6課 對話一：週末去打網球吧！,True,6,easy,0,1,風景,synonym,Which word or phrase is closest in meaning to 「風景」?,景色,scenery,fēngjǐng,N,"[""網球"", ""游泳"", ""休息""]",國安：今天天氣不錯，海邊的風景也很漂亮，我想去游泳，你們想去嗎？,verified_v3_book_locked,ok,,1
modern-chinese-l6-dialogue-1,第6課 對話一：週末去打網球吧！,True,6,medium,0,1,風景,translation,Choose the best English meaning of 「風景」.,scenery,scenery,fēngjǐng,N,"[""friend"", ""weather"", ""music""]",國安：今天天氣不錯，海邊的風景也很漂亮，我想去游泳。你們也想一起去嗎？,verified_v3_book_locked,ok,,1
modern-chinese-l6-dialogue-1,第6課 對話一：週末去打網球吧！,True,6,medium,0,1,風景,reverse,Choose the Chinese word for “scenery”.,風景,scenery,fēngjǐng,N,"[""朋友"", ""風景"", ""天氣"", ""音樂""]",國安：今天天氣不錯，海邊的風景也很漂亮，我想去游泳。你們也想一起去嗎？,verified_v3_book_locked,ok,,1
modern-chinese-l6-dialogue-1,第6課 對話一：週末去打網球吧！,True,6,medium,0,1,風景,listening,🔊 Listen and choose the word you hear.,風景,scenery,fēngjǐng,N,"[""天氣"", ""音樂"", ""風景"", ""朋友""]",,verified_v3_book_locked,ok,,1
modern-chinese-l6-dialogue-1,第6課 對話一：週末去打網球吧！,True,6,medium,0,1,風景,pinyin,Choose the correct pinyin and tone pattern for 「風景」.,fēngjǐng,scenery,fēngjǐng,N,"[""fēngjǐng"", ""fēngjīng"", ""fēngjíng"", ""fēngjìng""]",國安：今天天氣不錯，海邊的風景也很漂亮，我想去游泳。你們也想一起去嗎？,verified_v3_book_locked,ok,,1
modern-chinese-l6-dialogue-1,第6課 對話一：週末去打網球吧！,True,6,medium,0,1,風景,cloze,Choose the word that best completes the sentence.,風景,scenery,fēngjǐng,N,"[""音樂"", ""腳踏車"", ""電影""]",國安：今天天氣不錯，海邊的____也很漂亮，我想去游泳。你們也想一起去嗎？,verified_v3_book_locked,ok,,1
modern-chinese-l6-dialogue-1,第6課 對話一：週末去打網球吧！,True,6,medium,0,1,風景,pos,"In this sentence, what part of speech is 「風景」?",N,scenery,fēngjǐng,N,"[""Quant"", ""Adj"", ""Pron""]",國安：今天天氣不錯，海邊的風景也很漂亮，我想去游泳。你們也想一起去嗎？,verified_v3_book_locked,ok,,1
modern-chinese-l6-dialogue-1,第6課 對話一：週末去打網球吧！,True,6,medium,0,1,風景,synonym,"In this lesson context, which expression is closest in meaning to 「風景」?",景色,scenery,fēngjǐng,N,"[""音樂"", ""腳踏車"", ""朋友""]",國安：今天天氣不錯，海邊的風景也很漂亮，我想去游泳。你們也想一起去嗎？,verified_v3_book_locked,ok,,1
modern-chinese-l6-dialogue-1,第6課 對話一：週末去打網球吧！,True,6,hard,0,1,風景,translation,"In 「國安：今天天氣不錯，海邊的風景也很漂亮，我很想去游泳。如果你們下午有空，我們一起去海邊，怎麼樣？」, what does 「風景」 mean?",scenery,scenery,fēngjǐng,N,"[""weather"", ""temperature"", ""climate""]",國安：今天天氣不錯，海邊的風景也很漂亮，我很想去游泳。如果你們下午有空，我們一起去海邊，怎麼樣？,verified_v3_book_locked,ok,,1
modern-chinese-l6-dialogue-1,第6課 對話一：週末去打網球吧！,True,6,hard,0,1,風景,reverse,Which Chinese word best matches “scenery” in this lesson context?,風景,scenery,fēngjǐng,N,"[""溫度"", ""風景"", ""天氣"", ""氣候""]",國安：今天天氣不錯，海邊的風景也很漂亮，我很想去游泳。如果你們下午有空，我們一起去海邊，怎麼樣？,verified_v3_book_locked,ok,,1
modern-chinese-l6-dialogue-1,第6課 對話一：週末去打網球吧！,True,6,hard,0,1,風景,listening,🔊 Listen and choose the word you hear.,風景,scenery,fēngjǐng,N,"[""溫度"", ""氣候"", ""風景"", ""天氣""]",,verified_v3_book_locked,ok,,1
modern-chinese-l6-dialogue-1,第6課 對話一：週末去打網球吧！,True,6,hard,0,1,風景,pinyin,Which pinyin exactly matches the lexical tones of 「風景」?,fēngjǐng,scenery,fēngjǐng,N,"[""fēngjìng"", ""fēngjíng"", ""fēngjīng"", ""fēngjǐng""]",國安：今天天氣不錯，海邊的風景也很漂亮，我很想去游泳。如果你們下午有空，我們一起去海邊，怎麼樣？,verified_v3_book_locked,ok,,1
modern-chinese-l6-dialogue-1,第6課 對話一：週末去打網球吧！,True,6,hard,0,1,風景,cloze,Choose the most contextually appropriate word for the blank.,風景,scenery,fēngjǐng,N,"[""音樂"", ""腳踏車"", ""週末""]",國安：今天天氣不錯，海邊的____也很漂亮，我很想去游泳。如果你們下午有空，我們一起去海邊，怎麼樣？,verified_v3_book_locked,ok,,1
modern-chinese-l6-dialogue-1,第6課 對話一：週末去打網球吧！,True,6,hard,0,1,風景,pos,Classify the grammatical category of 「風景」 as used in the sentence.,N,scenery,fēngjǐng,N,"[""Loc"", ""Quant"", ""V""]",國安：今天天氣不錯，海邊的風景也很漂亮，我很想去游泳。如果你們下午有空，我們一起去海邊，怎麼樣？,verified_v3_book_locked,ok,,1
modern-chinese-l6-dialogue-1,第6課 對話一：週末去打網球吧！,True,6,hard,0,1,風景,synonym,Which expression can best replace 「風景」 without changing the intended meaning?,景色,scenery,fēngjǐng,N,"[""季節"", ""溫度"", ""氣候""]",國安：今天天氣不錯，海邊的風景也很漂亮，我很想去游泳。如果你們下午有空，我們一起去海邊，怎麼樣？,verified_v3_book_locked,ok,,1
modern-chinese-l6-dialogue-1,第6課 對話一：週末去打網球吧！,True,6,easy,0,2,漂亮,translation,漂亮,beautiful,beautiful,piàoliang,Adj,"[""to swim"", ""to jog"", ""to rest""]",國安：今天天氣不錯，海邊的風景也很漂亮，我想去游泳，你們想去嗎？,verified_v3_book_locked,ok,,1
modern-chinese-l6-dialogue-1,第6課 對話一：週末去打網球吧！,True,6,easy,0,2,漂亮,reverse,beautiful,漂亮,beautiful,piàoliang,Adj,"[""游泳"", ""漂亮"", ""休息"", ""跑步""]",國安：今天天氣不錯，海邊的風景也很漂亮，我想去游泳，你們想去嗎？,verified_v3_book_locked,ok,,1
modern-chinese-l6-dialogue-1,第6課 對話一：週末去打網球吧！,True,6,easy,0,2,漂亮,listening,🔊 Listen and choose the word you hear.,漂亮,beautiful,piàoliang,Adj,"[""跑步"", ""游泳"", ""漂亮"", ""休息""]",,verified_v3_book_locked,ok,,1
modern-chinese-l6-dialogue-1,第6課 對話一：週末去打網球吧！,True,6,easy,0,2,漂亮,pinyin,Choose the correct pinyin for 「漂亮」.,piàoliang,beautiful,piàoliang,Adj,"[""piàoliang"", ""piáoliang"", ""piǎoliang"", ""piāoliang""]",國安：今天天氣不錯，海邊的風景也很漂亮，我想去游泳，你們想去嗎？,verified_v3_book_locked,ok,,1
modern-chinese-l6-dialogue-1,第6課 對話一：週末去打網球吧！,True,6,easy,0,2,漂亮,cloze,Complete the sentence.,漂亮,beautiful,piàoliang,Adj,"[""流行"", ""方便"", ""忙""]",國安：今天天氣不錯，海邊的風景也很____，我想去游泳，你們想去嗎？,verified_v3_book_locked,ok,,1
modern-chinese-l6-dialogue-1,第6課 對話一：週末去打網球吧！,True,6,easy,0,2,漂亮,pos,What is the part of speech of 「漂亮」?,Adj,beautiful,piàoliang,Adj,"[""Loc"", ""Quant"", ""Pron""]",國安：今天天氣不錯，海邊的風景也很漂亮，我想去游泳，你們想去嗎？,verified_v3_book_locked,ok,,1
modern-chinese-l6-dialogue-1,第6課 對話一：週末去打網球吧！,True,6,easy,0,2,漂亮,synonym,Which word or phrase is closest in meaning to 「漂亮」?,美麗,beautiful,piàoliang,Adj,"[""游泳"", ""天氣"", ""休息""]",國安：今天天氣不錯，海邊的風景也很漂亮，我想去游泳，你們想去嗎？,verified_v3_book_locked,ok,,1
modern-chinese-l6-dialogue-1,第6課 對話一：週末去打網球吧！,True,6,medium,0,2,漂亮,translation,Choose the best English meaning of 「漂亮」.,beautiful,beautiful,piàoliang,Adj,"[""delicious"", ""interesting"", ""good / okay""]",國安：今天天氣不錯，海邊的風景也很漂亮，我想去游泳。你們也想一起去嗎？,verified_v3_book_locked,ok,,1
modern-chinese-l6-dialogue-1,第6課 對話一：週末去打網球吧！,True,6,medium,0,2,漂亮,reverse,Choose the Chinese word for “beautiful”.,漂亮,beautiful,piàoliang,Adj,"[""有趣"", ""好"", ""好吃"", ""漂亮""]",國安：今天天氣不錯，海邊的風景也很漂亮，我想去游泳。你們也想一起去嗎？,verified_v3_book_locked,ok,,1
modern-chinese-l6-dialogue-1,第6課 對話一：週末去打網球吧！,True,6,medium,0,2,漂亮,listening,🔊 Listen and choose the word you hear.,漂亮,beautiful,piàoliang,Adj,"[""好"", ""漂亮"", ""有趣"", ""好吃""]",,verified_v3_book_locked,ok,,1
modern-chinese-l6-dialogue-1,第6課 對話一：週末去打網球吧！,True,6,medium,0,2,漂亮,pinyin,Choose the correct pinyin and tone pattern for 「漂亮」.,piàoliang,beautiful,piàoliang,Adj,"[""piáoliang"", ""piǎoliang"", ""piāoliang"", ""piàoliang""]",國安：今天天氣不錯，海邊的風景也很漂亮，我想去游泳。你們也想一起去嗎？,verified_v3_book_locked,ok,,1
modern-chinese-l6-dialogue-1,第6課 對話一：週末去打網球吧！,True,6,medium,0,2,漂亮,cloze,Choose the word that best completes the sentence.,漂亮,beautiful,piàoliang,Adj,"[""舒服"", ""新的"", ""好吃""]",國安：今天天氣不錯，海邊的風景也很____，我想去游泳。你們也想一起去嗎？,verified_v3_book_locked,ok,,1
modern-chinese-l6-dialogue-1,第6課 對話一：週末去打網球吧！,True,6,medium,0,2,漂亮,pos,"In this sentence, what part of speech is 「漂亮」?",Adj,beautiful,piàoliang,Adj,"[""Loc"", ""MW"", ""V""]",國安：今天天氣不錯，海邊的風景也很漂亮，我想去游泳。你們也想一起去嗎？,verified_v3_book_locked,ok,,1
modern-chinese-l6-dialogue-1,第6課 對話一：週末去打網球吧！,True,6,medium,0,2,漂亮,synonym,"In this lesson context, which expression is closest in meaning to 「漂亮」?",美麗,beautiful,piàoliang,Adj,"[""新的"", ""好吃"", ""大""]",國安：今天天氣不錯，海邊的風景也很漂亮，我想去游泳。你們也想一起去嗎？,verified_v3_book_locked,ok,,1
modern-chinese-l6-dialogue-1,第6課 對話一：週末去打網球吧！,True,6,hard,0,2,漂亮,translation,"In 「國安：今天天氣不錯，海邊的風景也很漂亮，我很想去游泳。如果你們下午有空，我們一起去海邊，怎麼樣？」, what does 「漂亮」 mean?",beautiful,beautiful,piàoliang,Adj,"[""delicious"", ""busy"", ""comfortable""]",國安：今天天氣不錯，海邊的風景也很漂亮，我很想去游泳。如果你們下午有空，我們一起去海邊，怎麼樣？,verified_v3_book_locked,ok,,1
modern-chinese-l6-dialogue-1,第6課 對話一：週末去打網球吧！,True,6,hard,0,2,漂亮,reverse,Which Chinese word best matches “beautiful” in this lesson context?,漂亮,beautiful,piàoliang,Adj,"[""漂亮"", ""好吃"", ""忙"", ""舒服""]",國安：今天天氣不錯，海邊的風景也很漂亮，我很想去游泳。如果你們下午有空，我們一起去海邊，怎麼樣？,verified_v3_book_locked,ok,,1
modern-chinese-l6-dialogue-1,第6課 對話一：週末去打網球吧！,True,6,hard,0,2,漂亮,listening,🔊 Listen and choose the word you hear.,漂亮,beautiful,piàoliang,Adj,"[""舒服"", ""忙"", ""好吃"", ""漂亮""]",,verified_v3_book_locked,ok,,1
modern-chinese-l6-dialogue-1,第6課 對話一：週末去打網球吧！,True,6,hard,0,2,漂亮,pinyin,Which pinyin exactly matches the lexical tones of 「漂亮」?,piàoliang,beautiful,piàoliang,Adj,"[""piáoliang"", ""piāoliang"", ""piàoliang"", ""piǎoliang""]",國安：今天天氣不錯，海邊的風景也很漂亮，我很想去游泳。如果你們下午有空，我們一起去海邊，怎麼樣？,verified_v3_book_locked,ok,,1
modern-chinese-l6-dialogue-1,第6課 對話一：週末去打網球吧！,True,6,hard,0,2,漂亮,cloze,Choose the most contextually appropriate word for the blank.,漂亮,beautiful,piàoliang,Adj,"[""舒服"", ""大"", ""新的""]",國安：今天天氣不錯，海邊的風景也很____，我很想去游泳。如果你們下午有空，我們一起去海邊，怎麼樣？,verified_v3_book_locked,ok,,1
modern-chinese-l6-dialogue-1,第6課 對話一：週末去打網球吧！,True,6,hard,0,2,漂亮,pos,Classify the grammatical category of 「漂亮」 as used in the sentence.,Adj,beautiful,piàoliang,Adj,"[""V"", ""Pron"", ""Quant""]",國安：今天天氣不錯，海邊的風景也很漂亮，我很想去游泳。如果你們下午有空，我們一起去海邊，怎麼樣？,verified_v3_book_locked,ok,,1
modern-chinese-l6-dialogue-1,第6課 對話一：週末去打網球吧！,True,6,hard,0,2,漂亮,synonym,Which expression can best replace 「漂亮」 without changing the intended meaning?,美麗,beautiful,piàoliang,Adj,"[""忙"", ""好"", ""好吃""]",國安：今天天氣不錯，海邊的風景也很漂亮，我很想去游泳。如果你們下午有空，我們一起去海邊，怎麼樣？,verified_v3_book_locked,ok,,1
modern-chinese-l6-dialogue-1,第6課 對話一：週末去打網球吧！,True,6,easy,0,3,游泳,translation,游泳,to swim,to swim,yóuyǒng,V,"[""beautiful"", ""to jog"", ""weather""]",國安：今天天氣不錯，海邊的風景也很漂亮，我想去游泳，你們想去嗎？,verified_v3_book_locked,ok,,1
modern-chinese-l6-dialogue-1,第6課 對話一：週末去打網球吧！,True,6,easy,0,3,游泳,reverse,to swim,游泳,to swim,yóuyǒng,V,"[""漂亮"", ""天氣"", ""游泳"", ""跑步""]",國安：今天天氣不錯，海邊的風景也很漂亮，我想去游泳，你們想去嗎？,verified_v3_book_locked,ok,,1
modern-chinese-l6-dialogue-1,第6課 對話一：週末去打網球吧！,True,6,easy,0,3,游泳,listening,🔊 Listen and choose the word you hear.,游泳,to swim,yóuyǒng,V,"[""漂亮"", ""跑步"", ""天氣"", ""游泳""]",,verified_v3_book_locked,ok,,1
modern-chinese-l6-dialogue-1,第6課 對話一：週末去打網球吧！,True,6,easy,0,3,游泳,pinyin,Choose the correct pinyin for 「游泳」.,yóuyǒng,to swim,yóuyǒng,V,"[""yóuyǒng"", ""yóuyóng"", ""yóuyòng"", ""yóuyōng""]",國安：今天天氣不錯，海邊的風景也很漂亮，我想去游泳，你們想去嗎？,verified_v3_book_locked,ok,,1
modern-chinese-l6-dialogue-1,第6課 對話一：週末去打網球吧！,True,6,easy,0,3,游泳,cloze,Complete the sentence.,游泳,to swim,yóuyǒng,V,"[""想"", ""看書"", ""休息""]",國安：今天天氣不錯，海邊的風景也很漂亮，我想去____，你們想去嗎？,verified_v3_book_locked,ok,,1
modern-chinese-l6-dialogue-1,第6課 對話一：週末去打網球吧！,True,6,easy,0,3,游泳,pos,What is the part of speech of 「游泳」?,V,to swim,yóuyǒng,V,"[""Adv"", ""Adj"", ""Loc""]",國安：今天天氣不錯，海邊的風景也很漂亮，我想去游泳，你們想去嗎？,verified_v3_book_locked,ok,,1
modern-chinese-l6-dialogue-1,第6課 對話一：週末去打網球吧！,True,6,medium,0,3,游泳,translation,Choose the best English meaning of 「游泳」.,to swim,to swim,yóuyǒng,V,"[""to want / need"", ""to listen to music"", ""to rest""]",國安：今天天氣不錯，海邊的風景也很漂亮，我想去游泳。你們也想一起去嗎？,verified_v3_book_locked,ok,,1
modern-chinese-l6-dialogue-1,第6課 對話一：週末去打網球吧！,True,6,medium,0,3,游泳,reverse,Choose the Chinese word for “to swim”.,游泳,to swim,yóuyǒng,V,"[""要"", ""休息"", ""游泳"", ""聽音樂""]",國安：今天天氣不錯，海邊的風景也很漂亮，我想去游泳。你們也想一起去嗎？,verified_v3_book_locked,ok,,1
modern-chinese-l6-dialogue-1,第6課 對話一：週末去打網球吧！,True,6,medium,0,3,游泳,listening,🔊 Listen and choose the word you hear.,游泳,to swim,yóuyǒng,V,"[""要"", ""休息"", ""游泳"", ""聽音樂""]",,verified_v3_book_locked,ok,,1
modern-chinese-l6-dialogue-1,第6課 對話一：週末去打網球吧！,True,6,medium,0,3,游泳,pinyin,Choose the correct pinyin and tone pattern for 「游泳」.,yóuyǒng,to swim,yóuyǒng,V,"[""yóuyòng"", ""yóuyōng"", ""yóuyóng"", ""yóuyǒng""]",國安：今天天氣不錯，海邊的風景也很漂亮，我想去游泳。你們也想一起去嗎？,verified_v3_book_locked,ok,,1
modern-chinese-l6-dialogue-1,第6課 對話一：週末去打網球吧！,True,6,medium,0,3,游泳,cloze,Choose the word that best completes the sentence.,游泳,to swim,yóuyǒng,V,"[""要"", ""做"", ""看書""]",國安：今天天氣不錯，海邊的風景也很漂亮，我想去____。你們也想一起去嗎？,verified_v3_book_locked,ok,,1
modern-chinese-l6-dialogue-1,第6課 對話一：週末去打網球吧！,True,6,medium,0,3,游泳,pos,"In this sentence, what part of speech is 「游泳」?",V,to swim,yóuyǒng,V,"[""Pron"", ""Quant"", ""N""]",國安：今天天氣不錯，海邊的風景也很漂亮，我想去游泳。你們也想一起去嗎？,verified_v3_book_locked,ok,,1
modern-chinese-l6-dialogue-1,第6課 對話一：週末去打網球吧！,True,6,hard,0,3,游泳,translation,"In 「國安：今天天氣不錯，海邊的風景也很漂亮，我很想去游泳。如果你們下午有空，我們一起去海邊，怎麼樣？」, what does 「游泳」 mean?",to swim,to swim,yóuyǒng,V,"[""to walk"", ""know"", ""to sing""]",國安：今天天氣不錯，海邊的風景也很漂亮，我很想去游泳。如果你們下午有空，我們一起去海邊，怎麼樣？,verified_v3_book_locked,ok,,1
modern-chinese-l6-dialogue-1,第6課 對話一：週末去打網球吧！,True,6,hard,0,3,游泳,reverse,Which Chinese word best matches “to swim” in this lesson context?,游泳,to swim,yóuyǒng,V,"[""唱歌"", ""知道"", ""走路"", ""游泳""]",國安：今天天氣不錯，海邊的風景也很漂亮，我很想去游泳。如果你們下午有空，我們一起去海邊，怎麼樣？,verified_v3_book_locked,ok,,1
modern-chinese-l6-dialogue-1,第6課 對話一：週末去打網球吧！,True,6,hard,0,3,游泳,listening,🔊 Listen and choose the word you hear.,游泳,to swim,yóuyǒng,V,"[""走路"", ""唱歌"", ""游泳"", ""知道""]",,verified_v3_book_locked,ok,,1
modern-chinese-l6-dialogue-1,第6課 對話一：週末去打網球吧！,True,6,hard,0,3,游泳,pinyin,Which pinyin exactly matches the lexical tones of 「游泳」?,yóuyǒng,to swim,yóuyǒng,V,"[""yóuyóng"", ""yóuyǒng"", ""yóuyòng"", ""yóuyōng""]",國安：今天天氣不錯，海邊的風景也很漂亮，我很想去游泳。如果你們下午有空，我們一起去海邊，怎麼樣？,verified_v3_book_locked,ok,,1
modern-chinese-l6-dialogue-1,第6課 對話一：週末去打網球吧！,True,6,hard,0,3,游泳,cloze,Choose the most contextually appropriate word for the blank.,游泳,to swim,yóuyǒng,V,"[""聽音樂"", ""要"", ""幫""]",國安：今天天氣不錯，海邊的風景也很漂亮，我很想去____。如果你們下午有空，我們一起去海邊，怎麼樣？,verified_v3_book_locked,ok,,1
modern-chinese-l6-dialogue-1,第6課 對話一：週末去打網球吧！,True,6,hard,0,3,游泳,pos,Classify the grammatical category of 「游泳」 as used in the sentence.,V,to swim,yóuyǒng,V,"[""Pron"", ""MW"", ""Loc""]",國安：今天天氣不錯，海邊的風景也很漂亮，我很想去游泳。如果你們下午有空，我們一起去海邊，怎麼樣？,verified_v3_book_locked,ok,,1
modern-chinese-l6-dialogue-1,第6課 對話一：週末去打網球吧！,True,6,easy,1,0,游泳,translation,游泳,to swim,to swim,yóuyǒng,V,"[""scenery"", ""tennis"", ""movie""]",友美：我不會游泳。宜文，你會游泳嗎？,verified_v3_book_locked,ok,,1
modern-chinese-l6-dialogue-1,第6課 對話一：週末去打網球吧！,True,6,easy,1,0,游泳,reverse,to swim,游泳,to swim,yóuyǒng,V,"[""網球"", ""游泳"", ""風景"", ""電影""]",友美：我不會游泳。宜文，你會游泳嗎？,verified_v3_book_locked,ok,,1
modern-chinese-l6-dialogue-1,第6課 對話一：週末去打網球吧！,True,6,easy,1,0,游泳,listening,🔊 Listen and choose the word you hear.,游泳,to swim,yóuyǒng,V,"[""電影"", ""網球"", ""風景"", ""游泳""]",,verified_v3_book_locked,ok,,1
modern-chinese-l6-dialogue-1,第6課 對話一：週末去打網球吧！,True,6,easy,1,0,游泳,pinyin,Choose the correct pinyin for 「游泳」.,yóuyǒng,to swim,yóuyǒng,V,"[""yóuyòng"", ""yóuyōng"", ""yóuyóng"", ""yóuyǒng""]",友美：我不會游泳。宜文，你會游泳嗎？,verified_v3_book_locked,ok,,1
modern-chinese-l6-dialogue-1,第6課 對話一：週末去打網球吧！,True,6,easy,1,0,游泳,cloze,Complete the sentence.,游泳,to swim,yóuyǒng,V,"[""跑步"", ""休息"", ""去""]",友美：我不會____。,verified_v3_book_locked,ok,,1
modern-chinese-l6-dialogue-1,第6課 對話一：週末去打網球吧！,True,6,easy,1,0,游泳,pos,What is the part of speech of 「游泳」?,V,to swim,yóuyǒng,V,"[""Adv"", ""Adj"", ""Loc""]",友美：我不會游泳。宜文，你會游泳嗎？,verified_v3_book_locked,ok,,1
modern-chinese-l6-dialogue-1,第6課 對話一：週末去打網球吧！,True,6,medium,1,0,游泳,translation,Choose the best English meaning of 「游泳」.,to swim,to swim,yóuyǒng,V,"[""to do / make"", ""to read"", ""to jog""]",友美：可是我不會游泳。宜文，你會游泳嗎？,verified_v3_book_locked,ok,,1
modern-chinese-l6-dialogue-1,第6課 對話一：週末去打網球吧！,True,6,medium,1,0,游泳,reverse,Choose the Chinese word for “to swim”.,游泳,to swim,yóuyǒng,V,"[""跑步"", ""做"", ""游泳"", ""看書""]",友美：可是我不會游泳。宜文，你會游泳嗎？,verified_v3_book_locked,ok,,1
modern-chinese-l6-dialogue-1,第6課 對話一：週末去打網球吧！,True,6,medium,1,0,游泳,listening,🔊 Listen and choose the word you hear.,游泳,to swim,yóuyǒng,V,"[""做"", ""跑步"", ""看書"", ""游泳""]",,verified_v3_book_locked,ok,,1
modern-chinese-l6-dialogue-1,第6課 對話一：週末去打網球吧！,True,6,medium,1,0,游泳,pinyin,Choose the correct pinyin and tone pattern for 「游泳」.,yóuyǒng,to swim,yóuyǒng,V,"[""yóuyòng"", ""yóuyōng"", ""yóuyǒng"", ""yóuyóng""]",友美：可是我不會游泳。宜文，你會游泳嗎？,verified_v3_book_locked,ok,,1
modern-chinese-l6-dialogue-1,第6課 對話一：週末去打網球吧！,True,6,medium,1,0,游泳,cloze,Choose the word that best completes the sentence.,游泳,to swim,yóuyǒng,V,"[""想"", ""聽音樂"", ""休息""]",友美：可是我不會____。,verified_v3_book_locked,ok,,1
modern-chinese-l6-dialogue-1,第6課 對話一：週末去打網球吧！,True,6,medium,1,0,游泳,pos,"In this sentence, what part of speech is 「游泳」?",V,to swim,yóuyǒng,V,"[""Pron"", ""Quant"", ""N""]",友美：可是我不會游泳。宜文，你會游泳嗎？,verified_v3_book_locked,ok,,1
modern-chinese-l6-dialogue-1,第6課 對話一：週末去打網球吧！,True,6,hard,1,0,游泳,translation,"In 「友美：我不會游泳，所以有一點擔心。宜文，你會游泳嗎？你游得怎麼樣？」, what does 「游泳」 mean?",to swim,to swim,yóuyǒng,V,"[""to go"", ""to study"", ""know""]",友美：我不會游泳，所以有一點擔心。宜文，你會游泳嗎？你游得怎麼樣？,verified_v3_book_locked,ok,,1
modern-chinese-l6-dialogue-1,第6課 對話一：週末去打網球吧！,True,6,hard,1,0,游泳,reverse,Which Chinese word best matches “to swim” in this lesson context?,游泳,to swim,yóuyǒng,V,"[""游泳"", ""學習"", ""知道"", ""去""]",友美：我不會游泳，所以有一點擔心。宜文，你會游泳嗎？你游得怎麼樣？,verified_v3_book_locked,ok,,1
modern-chinese-l6-dialogue-1,第6課 對話一：週末去打網球吧！,True,6,hard,1,0,游泳,listening,🔊 Listen and choose the word you hear.,游泳,to swim,yóuyǒng,V,"[""學習"", ""去"", ""游泳"", ""知道""]",,verified_v3_book_locked,ok,,1
modern-chinese-l6-dialogue-1,第6課 對話一：週末去打網球吧！,True,6,hard,1,0,游泳,pinyin,Which pinyin exactly matches the lexical tones of 「游泳」?,yóuyǒng,to swim,yóuyǒng,V,"[""yóuyǒng"", ""yóuyōng"", ""yóuyòng"", ""yóuyóng""]",友美：我不會游泳，所以有一點擔心。宜文，你會游泳嗎？你游得怎麼樣？,verified_v3_book_locked,ok,,1
modern-chinese-l6-dialogue-1,第6課 對話一：週末去打網球吧！,True,6,hard,1,0,游泳,cloze,Choose the most contextually appropriate word for the blank.,游泳,to swim,yóuyǒng,V,"[""做"", ""喝"", ""要""]",友美：我不會____，所以有一點擔心。,verified_v3_book_locked,ok,,1
modern-chinese-l6-dialogue-1,第6課 對話一：週末去打網球吧！,True,6,hard,1,0,游泳,pos,Classify the grammatical category of 「游泳」 as used in the sentence.,V,to swim,yóuyǒng,V,"[""Pron"", ""MW"", ""Loc""]",友美：我不會游泳，所以有一點擔心。宜文，你會游泳嗎？你游得怎麼樣？,verified_v3_book_locked,ok,,1
modern-chinese-l6-dialogue-1,第6課 對話一：週末去打網球吧！,True,6,easy,2,0,游泳,translation,游泳,to swim,to swim,yóuyǒng,V,"[""tennis"", ""weather"", ""scenery""]",宜文：我會游泳，可是游得不太好。,verified_v3_book_locked,ok,,1
modern-chinese-l6-dialogue-1,第6課 對話一：週末去打網球吧！,True,6,easy,2,0,游泳,reverse,to swim,游泳,to swim,yóuyǒng,V,"[""網球"", ""風景"", ""天氣"", ""游泳""]",宜文：我會游泳，可是游得不太好。,verified_v3_book_locked,ok,,1
modern-chinese-l6-dialogue-1,第6課 對話一：週末去打網球吧！,True,6,easy,2,0,游泳,listening,🔊 Listen and choose the word you hear.,游泳,to swim,yóuyǒng,V,"[""風景"", ""游泳"", ""天氣"", ""網球""]",,verified_v3_book_locked,ok,,1
modern-chinese-l6-dialogue-1,第6課 對話一：週末去打網球吧！,True,6,easy,2,0,游泳,pinyin,Choose the correct pinyin for 「游泳」.,yóuyǒng,to swim,yóuyǒng,V,"[""yóuyòng"", ""yóuyóng"", ""yóuyōng"", ""yóuyǒng""]",宜文：我會游泳，可是游得不太好。,verified_v3_book_locked,ok,,1
modern-chinese-l6-dialogue-1,第6課 對話一：週末去打網球吧！,True,6,easy,2,0,游泳,cloze,Complete the sentence.,游泳,to swim,yóuyǒng,V,"[""聽音樂"", ""跑步"", ""想""]",宜文：我會____，可是游得不太好。,verified_v3_book_locked,ok,,1
modern-chinese-l6-dialogue-1,第6課 對話一：週末去打網球吧！,True,6,easy,2,0,游泳,pos,What is the part of speech of 「游泳」?,V,to swim,yóuyǒng,V,"[""Adv"", ""Adj"", ""Loc""]",宜文：我會游泳，可是游得不太好。,verified_v3_book_locked,ok,,1
modern-chinese-l6-dialogue-1,第6課 對話一：週末去打網球吧！,True,6,medium,2,0,游泳,translation,Choose the best English meaning of 「游泳」.,to swim,to swim,yóuyǒng,V,"[""to want / need"", ""to jog"", ""to listen to music""]",宜文：我會游泳，可是游得不太好，所以不敢游太遠。,verified_v3_book_locked,ok,,1
modern-chinese-l6-dialogue-1,第6課 對話一：週末去打網球吧！,True,6,medium,2,0,游泳,reverse,Choose the Chinese word for “to swim”.,游泳,to swim,yóuyǒng,V,"[""游泳"", ""要"", ""聽音樂"", ""跑步""]",宜文：我會游泳，可是游得不太好，所以不敢游太遠。,verified_v3_book_locked,ok,,1
modern-chinese-l6-dialogue-1,第6課 對話一：週末去打網球吧！,True,6,medium,2,0,游泳,listening,🔊 Listen and choose the word you hear.,游泳,to swim,yóuyǒng,V,"[""跑步"", ""要"", ""聽音樂"", ""游泳""]",,verified_v3_book_locked,ok,,1
modern-chinese-l6-dialogue-1,第6課 對話一：週末去打網球吧！,True,6,medium,2,0,游泳,pinyin,Choose the correct pinyin and tone pattern for 「游泳」.,yóuyǒng,to swim,yóuyǒng,V,"[""yóuyòng"", ""yóuyóng"", ""yóuyǒng"", ""yóuyōng""]",宜文：我會游泳，可是游得不太好，所以不敢游太遠。,verified_v3_book_locked,ok,,1
modern-chinese-l6-dialogue-1,第6課 對話一：週末去打網球吧！,True,6,medium,2,0,游泳,cloze,Choose the word that best completes the sentence.,游泳,to swim,yóuyǒng,V,"[""想"", ""看書"", ""喝""]",宜文：我會____，可是游得不太好，所以不敢游太遠。,verified_v3_book_locked,ok,,1
modern-chinese-l6-dialogue-1,第6課 對話一：週末去打網球吧！,True,6,medium,2,0,游泳,pos,"In this sentence, what part of speech is 「游泳」?",V,to swim,yóuyǒng,V,"[""Pron"", ""Quant"", ""N""]",宜文：我會游泳，可是游得不太好，所以不敢游太遠。,verified_v3_book_locked,ok,,1
modern-chinese-l6-dialogue-1,第6課 對話一：週末去打網球吧！,True,6,hard,2,0,游泳,translation,"In 「宜文：我會游泳，可是游得不太好。如果去海邊，我想先在比較安全的地方練習。」, what does 「游泳」 mean?",to swim,to swim,yóuyǒng,V,"[""to read"", ""help"", ""to go""]",宜文：我會游泳，可是游得不太好。如果去海邊，我想先在比較安全的地方練習。,verified_v3_book_locked,ok,,1
modern-chinese-l6-dialogue-1,第6課 對話一：週末去打網球吧！,True,6,hard,2,0,游泳,reverse,Which Chinese word best matches “to swim” in this lesson context?,游泳,to swim,yóuyǒng,V,"[""幫"", ""看書"", ""游泳"", ""去""]",宜文：我會游泳，可是游得不太好。如果去海邊，我想先在比較安全的地方練習。,verified_v3_book_locked,ok,,1
modern-chinese-l6-dialogue-1,第6課 對話一：週末去打網球吧！,True,6,hard,2,0,游泳,listening,🔊 Listen and choose the word you hear.,游泳,to swim,yóuyǒng,V,"[""游泳"", ""看書"", ""去"", ""幫""]",,verified_v3_book_locked,ok,,1
modern-chinese-l6-dialogue-1,第6課 對話一：週末去打網球吧！,True,6,hard,2,0,游泳,pinyin,Which pinyin exactly matches the lexical tones of 「游泳」?,yóuyǒng,to swim,yóuyǒng,V,"[""yóuyōng"", ""yóuyǒng"", ""yóuyóng"", ""yóuyòng""]",宜文：我會游泳，可是游得不太好。如果去海邊，我想先在比較安全的地方練習。,verified_v3_book_locked,ok,,1
modern-chinese-l6-dialogue-1,第6課 對話一：週末去打網球吧！,True,6,hard,2,0,游泳,cloze,Choose the most contextually appropriate word for the blank.,游泳,to swim,yóuyǒng,V,"[""有"", ""聽音樂"", ""看書""]",宜文：我會____，可是游得不太好。如果去海邊，我想先在比較安全的地方練習。,verified_v3_book_locked,ok,,1
modern-chinese-l6-dialogue-1,第6課 對話一：週末去打網球吧！,True,6,hard,2,0,游泳,pos,Classify the grammatical category of 「游泳」 as used in the sentence.,V,to swim,yóuyǒng,V,"[""Pron"", ""MW"", ""Loc""]",宜文：我會游泳，可是游得不太好。如果去海邊，我想先在比較安全的地方練習。,verified_v3_book_locked,ok,,1
modern-chinese-l6-dialogue-1,第6課 對話一：週末去打網球吧！,True,6,easy,3,0,跑步,translation,跑步,to jog,to jog,pǎobù,V,"[""to rest"", ""weather"", ""interesting""]",國安：我們去跑步，怎麼樣？,verified_v3_book_locked,ok,,1
modern-chinese-l6-dialogue-1,第6課 對話一：週末去打網球吧！,True,6,easy,3,0,跑步,reverse,to jog,跑步,to jog,pǎobù,V,"[""天氣"", ""休息"", ""跑步"", ""有趣""]",國安：我們去跑步，怎麼樣？,verified_v3_book_locked,ok,,1
modern-chinese-l6-dialogue-1,第6課 對話一：週末去打網球吧！,True,6,easy,3,0,跑步,listening,🔊 Listen and choose the word you hear.,跑步,to jog,pǎobù,V,"[""休息"", ""有趣"", ""天氣"", ""跑步""]",,verified_v3_book_locked,ok,,1
modern-chinese-l6-dialogue-1,第6課 對話一：週末去打網球吧！,True,6,easy,3,0,跑步,pinyin,Choose the correct pinyin for 「跑步」.,pǎobù,to jog,pǎobù,V,"[""pǎobú"", ""pǎobū"", ""pǎobù"", ""pǎobǔ""]",國安：我們去跑步，怎麼樣？,verified_v3_book_locked,ok,,1
modern-chinese-l6-dialogue-1,第6課 對話一：週末去打網球吧！,True,6,easy,3,0,跑步,cloze,Complete the sentence.,跑步,to jog,pǎobù,V,"[""游泳"", ""喝"", ""看書""]",國安：我們去____，怎麼樣？,verified_v3_book_locked,ok,,1
modern-chinese-l6-dialogue-1,第6課 對話一：週末去打網球吧！,True,6,easy,3,0,跑步,pos,What is the part of speech of 「跑步」?,V,to jog,pǎobù,V,"[""Loc"", ""Adv"", ""Pron""]",國安：我們去跑步，怎麼樣？,verified_v3_book_locked,ok,,1
modern-chinese-l6-dialogue-1,第6課 對話一：週末去打網球吧！,True,6,medium,3,0,跑步,translation,Choose the best English meaning of 「跑步」.,to jog,to jog,pǎobù,V,"[""to swim"", ""to sing"", ""to listen to music""]",國安：如果不去游泳，我們去跑步，怎麼樣？,verified_v3_book_locked,ok,,1
modern-chinese-l6-dialogue-1,第6課 對話一：週末去打網球吧！,True,6,medium,3,0,跑步,reverse,Choose the Chinese word for “to jog”.,跑步,to jog,pǎobù,V,"[""跑步"", ""聽音樂"", ""游泳"", ""唱歌""]",國安：如果不去游泳，我們去跑步，怎麼樣？,verified_v3_book_locked,ok,,1
modern-chinese-l6-dialogue-1,第6課 對話一：週末去打網球吧！,True,6,medium,3,0,跑步,listening,🔊 Listen and choose the word you hear.,跑步,to jog,pǎobù,V,"[""聽音樂"", ""唱歌"", ""跑步"", ""游泳""]",,verified_v3_book_locked,ok,,1
modern-chinese-l6-dialogue-1,第6課 對話一：週末去打網球吧！,True,6,medium,3,0,跑步,pinyin,Choose the correct pinyin and tone pattern for 「跑步」.,pǎobù,to jog,pǎobù,V,"[""pǎobú"", ""pǎobù"", ""pǎobǔ"", ""pǎobū""]",國安：如果不去游泳，我們去跑步，怎麼樣？,verified_v3_book_locked,ok,,1
modern-chinese-l6-dialogue-1,第6課 對話一：週末去打網球吧！,True,6,medium,3,0,跑步,cloze,Choose the word that best completes the sentence.,跑步,to jog,pǎobù,V,"[""想"", ""聽音樂"", ""休息""]",國安：如果不去游泳，我們去____，怎麼樣？,verified_v3_book_locked,ok,,1
modern-chinese-l6-dialogue-1,第6課 對話一：週末去打網球吧！,True,6,medium,3,0,跑步,pos,"In this sentence, what part of speech is 「跑步」?",V,to jog,pǎobù,V,"[""MW"", ""Adv"", ""N""]",國安：如果不去游泳，我們去跑步，怎麼樣？,verified_v3_book_locked,ok,,1
modern-chinese-l6-dialogue-1,第6課 對話一：週末去打網球吧！,True,6,hard,3,0,跑步,translation,"In 「國安：如果大家不想游泳，我們也可以去跑步。天氣這麼好，在外面運動應該很舒服。」, what does 「跑步」 mean?",to jog,to jog,pǎobù,V,"[""to rest"", ""to swim"", ""have""]",國安：如果大家不想游泳，我們也可以去跑步。天氣這麼好，在外面運動應該很舒服。,verified_v3_book_locked,ok,,1
modern-chinese-l6-dialogue-1,第6課 對話一：週末去打網球吧！,True,6,hard,3,0,跑步,reverse,Which Chinese word best matches “to jog” in this lesson context?,跑步,to jog,pǎobù,V,"[""游泳"", ""有"", ""休息"", ""跑步""]",國安：如果大家不想游泳，我們也可以去跑步。天氣這麼好，在外面運動應該很舒服。,verified_v3_book_locked,ok,,1
modern-chinese-l6-dialogue-1,第6課 對話一：週末去打網球吧！,True,6,hard,3,0,跑步,listening,🔊 Listen and choose the word you hear.,跑步,to jog,pǎobù,V,"[""有"", ""休息"", ""跑步"", ""游泳""]",,verified_v3_book_locked,ok,,1
modern-chinese-l6-dialogue-1,第6課 對話一：週末去打網球吧！,True,6,hard,3,0,跑步,pinyin,Which pinyin exactly matches the lexical tones of 「跑步」?,pǎobù,to jog,pǎobù,V,"[""pǎobú"", ""pǎobù"", ""pǎobū"", ""pǎobǔ""]",國安：如果大家不想游泳，我們也可以去跑步。天氣這麼好，在外面運動應該很舒服。,verified_v3_book_locked,ok,,1
modern-chinese-l6-dialogue-1,第6課 對話一：週末去打網球吧！,True,6,hard,3,0,跑步,cloze,Choose the most contextually appropriate word for the blank.,跑步,to jog,pǎobù,V,"[""要"", ""聽音樂"", ""想""]",國安：如果大家不想游泳，我們也可以去____。天氣這麼好，在外面運動應該很舒服。,verified_v3_book_locked,ok,,1
modern-chinese-l6-dialogue-1,第6課 對話一：週末去打網球吧！,True,6,hard,3,0,跑步,pos,Classify the grammatical category of 「跑步」 as used in the sentence.,V,to jog,pǎobù,V,"[""MW"", ""Prep"", ""Adv""]",國安：如果大家不想游泳，我們也可以去跑步。天氣這麼好，在外面運動應該很舒服。,verified_v3_book_locked,ok,,1
modern-chinese-l6-dialogue-1,第6課 對話一：週末去打網球吧！,True,6,easy,4,0,跑步,translation,跑步,to jog,to jog,pǎobù,V,"[""to swim"", ""interesting"", ""movie""]",友美：我不喜歡跑步，我跑步跑得很慢。,verified_v3_book_locked,ok,,1
modern-chinese-l6-dialogue-1,第6課 對話一：週末去打網球吧！,True,6,easy,4,0,跑步,reverse,to jog,跑步,to jog,pǎobù,V,"[""電影"", ""跑步"", ""游泳"", ""有趣""]",友美：我不喜歡跑步，我跑步跑得很慢。,verified_v3_book_locked,ok,,1
modern-chinese-l6-dialogue-1,第6課 對話一：週末去打網球吧！,True,6,easy,4,0,跑步,listening,🔊 Listen and choose the word you hear.,跑步,to jog,pǎobù,V,"[""游泳"", ""電影"", ""跑步"", ""有趣""]",,verified_v3_book_locked,ok,,1
modern-chinese-l6-dialogue-1,第6課 對話一：週末去打網球吧！,True,6,easy,4,0,跑步,pinyin,Choose the correct pinyin for 「跑步」.,pǎobù,to jog,pǎobù,V,"[""pǎobù"", ""pǎobǔ"", ""pǎobū"", ""pǎobú""]",友美：我不喜歡跑步，我跑步跑得很慢。,verified_v3_book_locked,ok,,1
modern-chinese-l6-dialogue-1,第6課 對話一：週末去打網球吧！,True,6,easy,4,0,跑步,cloze,Complete the sentence.,跑步,to jog,pǎobù,V,"[""去"", ""唱歌"", ""游泳""]",友美：我不喜歡____，我跑得很慢。,verified_v3_book_locked,ok,,1
modern-chinese-l6-dialogue-1,第6課 對話一：週末去打網球吧！,True,6,easy,4,0,跑步,pos,What is the part of speech of 「跑步」?,V,to jog,pǎobù,V,"[""Loc"", ""Adv"", ""Pron""]",友美：我不喜歡跑步，我跑步跑得很慢。,verified_v3_book_locked,ok,,1
modern-chinese-l6-dialogue-1,第6課 對話一：週末去打網球吧！,True,6,medium,4,0,跑步,translation,Choose the best English meaning of 「跑步」.,to jog,to jog,pǎobù,V,"[""to sing"", ""to rest"", ""to listen to music""]",友美：我不太喜歡跑步，而且我跑步跑得很慢。,verified_v3_book_locked,ok,,1
modern-chinese-l6-dialogue-1,第6課 對話一：週末去打網球吧！,True,6,medium,4,0,跑步,reverse,Choose the Chinese word for “to jog”.,跑步,to jog,pǎobù,V,"[""跑步"", ""唱歌"", ""聽音樂"", ""休息""]",友美：我不太喜歡跑步，而且我跑步跑得很慢。,verified_v3_book_locked,ok,,1
modern-chinese-l6-dialogue-1,第6課 對話一：週末去打網球吧！,True,6,medium,4,0,跑步,listening,🔊 Listen and choose the word you hear.,跑步,to jog,pǎobù,V,"[""聽音樂"", ""休息"", ""唱歌"", ""跑步""]",,verified_v3_book_locked,ok,,1
modern-chinese-l6-dialogue-1,第6課 對話一：週末去打網球吧！,True,6,medium,4,0,跑步,pinyin,Choose the correct pinyin and tone pattern for 「跑步」.,pǎobù,to jog,pǎobù,V,"[""pǎobù"", ""pǎobū"", ""pǎobú"", ""pǎobǔ""]",友美：我不太喜歡跑步，而且我跑步跑得很慢。,verified_v3_book_locked,ok,,1
modern-chinese-l6-dialogue-1,第6課 對話一：週末去打網球吧！,True,6,medium,4,0,跑步,cloze,Choose the word that best completes the sentence.,跑步,to jog,pǎobù,V,"[""聽音樂"", ""看書"", ""游泳""]",友美：我不太喜歡____，而且我跑得很慢。,verified_v3_book_locked,ok,,1
modern-chinese-l6-dialogue-1,第6課 對話一：週末去打網球吧！,True,6,medium,4,0,跑步,pos,"In this sentence, what part of speech is 「跑步」?",V,to jog,pǎobù,V,"[""MW"", ""Adv"", ""N""]",友美：我不太喜歡跑步，而且我跑步跑得很慢。,verified_v3_book_locked,ok,,1
modern-chinese-l6-dialogue-1,第6課 對話一：週末去打網球吧！,True,6,hard,4,0,跑步,translation,"In 「友美：我不喜歡跑步，因為我跑步跑得很慢，跑一會兒就覺得累。」, what does 「跑步」 mean?",to jog,to jog,pǎobù,V,"[""watch TV"", ""to eat"", ""sunbathe""]",友美：我不喜歡跑步，因為我跑步跑得很慢，跑一會兒就覺得累。,verified_v3_book_locked,ok,,1
modern-chinese-l6-dialogue-1,第6課 對話一：週末去打網球吧！,True,6,hard,4,0,跑步,reverse,Which Chinese word best matches “to jog” in this lesson context?,跑步,to jog,pǎobù,V,"[""曬太陽"", ""跑步"", ""看電視"", ""吃飯""]",友美：我不喜歡跑步，因為我跑步跑得很慢，跑一會兒就覺得累。,verified_v3_book_locked,ok,,1
modern-chinese-l6-dialogue-1,第6課 對話一：週末去打網球吧！,True,6,hard,4,0,跑步,listening,🔊 Listen and choose the word you hear.,跑步,to jog,pǎobù,V,"[""看電視"", ""跑步"", ""吃飯"", ""曬太陽""]",,verified_v3_book_locked,ok,,1
modern-chinese-l6-dialogue-1,第6課 對話一：週末去打網球吧！,True,6,hard,4,0,跑步,pinyin,Which pinyin exactly matches the lexical tones of 「跑步」?,pǎobù,to jog,pǎobù,V,"[""pǎobù"", ""pǎobú"", ""pǎobǔ"", ""pǎobū""]",友美：我不喜歡跑步，因為我跑步跑得很慢，跑一會兒就覺得累。,verified_v3_book_locked,ok,,1
modern-chinese-l6-dialogue-1,第6課 對話一：週末去打網球吧！,True,6,hard,4,0,跑步,cloze,Choose the most contextually appropriate word for the blank.,跑步,to jog,pǎobù,V,"[""做"", ""幫"", ""要""]",友美：我不喜歡____，因為我跑得很慢，跑一會兒就覺得累。,verified_v3_book_locked,ok,,1
modern-chinese-l6-dialogue-1,第6課 對話一：週末去打網球吧！,True,6,hard,4,0,跑步,pos,Classify the grammatical category of 「跑步」 as used in the sentence.,V,to jog,pǎobù,V,"[""MW"", ""Prep"", ""Adv""]",友美：我不喜歡跑步，因為我跑步跑得很慢，跑一會兒就覺得累。,verified_v3_book_locked,ok,,1
modern-chinese-l6-dialogue-1,第6課 對話一：週末去打網球吧！,True,6,easy,5,0,網球,translation,網球,tennis,tennis,wǎngqiú,N,"[""beautiful"", ""weather"", ""scenery""]",宜文：打網球怎麼樣？中明說妳的網球打得很好，我們一起去打吧。,verified_v3_book_locked,ok,,1
modern-chinese-l6-dialogue-1,第6課 對話一：週末去打網球吧！,True,6,easy,5,0,網球,reverse,tennis,網球,tennis,wǎngqiú,N,"[""風景"", ""漂亮"", ""天氣"", ""網球""]",宜文：打網球怎麼樣？中明說妳的網球打得很好，我們一起去打吧。,verified_v3_book_locked,ok,,1
modern-chinese-l6-dialogue-1,第6課 對話一：週末去打網球吧！,True,6,easy,5,0,網球,listening,🔊 Listen and choose the word you hear.,網球,tennis,wǎngqiú,N,"[""漂亮"", ""風景"", ""天氣"", ""網球""]",,verified_v3_book_locked,ok,,1
modern-chinese-l6-dialogue-1,第6課 對話一：週末去打網球吧！,True,6,easy,5,0,網球,pinyin,Choose the correct pinyin for 「網球」.,wǎngqiú,tennis,wǎngqiú,N,"[""wǎngqiù"", ""wǎngqiǔ"", ""wǎngqiú"", ""wǎngqiū""]",宜文：打網球怎麼樣？中明說妳的網球打得很好，我們一起去打吧。,verified_v3_book_locked,ok,,1
modern-chinese-l6-dialogue-1,第6課 對話一：週末去打網球吧！,True,6,easy,5,0,網球,cloze,Complete the sentence.,網球,tennis,wǎngqiú,N,"[""電影"", ""風景"", ""友美""]",中明說妳的____打得很好，我們一起去打吧。,verified_v3_book_locked,ok,,1
modern-chinese-l6-dialogue-1,第6課 對話一：週末去打網球吧！,True,6,easy,5,0,網球,pos,What is the part of speech of 「網球」?,N,tennis,wǎngqiú,N,"[""Pron"", ""Quant"", ""Loc""]",宜文：打網球怎麼樣？中明說妳的網球打得很好，我們一起去打吧。,verified_v3_book_locked,ok,,1
modern-chinese-l6-dialogue-1,第6課 對話一：週末去打網球吧！,True,6,medium,5,0,網球,translation,Choose the best English meaning of 「網球」.,tennis,tennis,wǎngqiú,N,"[""weather"", ""bicycle"", ""movie""]",宜文：那打網球怎麼樣？中明說妳的網球打得很好，我們一起去打吧。,verified_v3_book_locked,ok,,1
modern-chinese-l6-dialogue-1,第6課 對話一：週末去打網球吧！,True,6,medium,5,0,網球,reverse,Choose the Chinese word for “tennis”.,網球,tennis,wǎngqiú,N,"[""電影"", ""腳踏車"", ""網球"", ""天氣""]",宜文：那打網球怎麼樣？中明說妳的網球打得很好，我們一起去打吧。,verified_v3_book_locked,ok,,1
modern-chinese-l6-dialogue-1,第6課 對話一：週末去打網球吧！,True,6,medium,5,0,網球,listening,🔊 Listen and choose the word you hear.,網球,tennis,wǎngqiú,N,"[""電影"", ""腳踏車"", ""天氣"", ""網球""]",,verified_v3_book_locked,ok,,1
modern-chinese-l6-dialogue-1,第6課 對話一：週末去打網球吧！,True,6,medium,5,0,網球,pinyin,Choose the correct pinyin and tone pattern for 「網球」.,wǎngqiú,tennis,wǎngqiú,N,"[""wǎngqiū"", ""wǎngqiù"", ""wǎngqiú"", ""wǎngqiǔ""]",宜文：那打網球怎麼樣？中明說妳的網球打得很好，我們一起去打吧。,verified_v3_book_locked,ok,,1
modern-chinese-l6-dialogue-1,第6課 對話一：週末去打網球吧！,True,6,medium,5,0,網球,cloze,Choose the word that best completes the sentence.,網球,tennis,wǎngqiú,N,"[""中文"", ""運動"", ""週末""]",中明說妳的____打得很好，我們一起去打吧。,verified_v3_book_locked,ok,,1
modern-chinese-l6-dialogue-1,第6課 對話一：週末去打網球吧！,True,6,medium,5,0,網球,pos,"In this sentence, what part of speech is 「網球」?",N,tennis,wǎngqiú,N,"[""V"", ""Adv"", ""Loc""]",宜文：那打網球怎麼樣？中明說妳的網球打得很好，我們一起去打吧。,verified_v3_book_locked,ok,,1
modern-chinese-l6-dialogue-1,第6課 對話一：週末去打網球吧！,True,6,hard,5,0,網球,translation,"In 「宜文：那我們改打網球怎麼樣？中明說妳的網球打得很好，我也想跟妳學，我們一起去打吧。」, what does 「網球」 mean?",tennis,tennis,wǎngqiú,N,"[""newspaper"", ""scenery"", ""magazine""]",宜文：那我們改打網球怎麼樣？中明說妳的網球打得很好，我也想跟妳學，我們一起去打吧。,verified_v3_book_locked,ok,,1
modern-chinese-l6-dialogue-1,第6課 對話一：週末去打網球吧！,True,6,hard,5,0,網球,reverse,Which Chinese word best matches “tennis” in this lesson context?,網球,tennis,wǎngqiú,N,"[""網球"", ""報紙"", ""雜誌"", ""風景""]",宜文：那我們改打網球怎麼樣？中明說妳的網球打得很好，我也想跟妳學，我們一起去打吧。,verified_v3_book_locked,ok,,1
modern-chinese-l6-dialogue-1,第6課 對話一：週末去打網球吧！,True,6,hard,5,0,網球,listening,🔊 Listen and choose the word you hear.,網球,tennis,wǎngqiú,N,"[""報紙"", ""雜誌"", ""風景"", ""網球""]",,verified_v3_book_locked,ok,,1
modern-chinese-l6-dialogue-1,第6課 對話一：週末去打網球吧！,True,6,hard,5,0,網球,pinyin,Which pinyin exactly matches the lexical tones of 「網球」?,wǎngqiú,tennis,wǎngqiú,N,"[""wǎngqiǔ"", ""wǎngqiū"", ""wǎngqiù"", ""wǎngqiú""]",宜文：那我們改打網球怎麼樣？中明說妳的網球打得很好，我也想跟妳學，我們一起去打吧。,verified_v3_book_locked,ok,,1
modern-chinese-l6-dialogue-1,第6課 對話一：週末去打網球吧！,True,6,hard,5,0,網球,cloze,Choose the most contextually appropriate word for the blank.,網球,tennis,wǎngqiú,N,"[""腳踏車"", ""週末"", ""天氣""]",中明說妳的____打得很好，我也想跟妳學，我們一起去打吧。,verified_v3_book_locked,ok,,1
modern-chinese-l6-dialogue-1,第6課 對話一：週末去打網球吧！,True,6,hard,5,0,網球,pos,Classify the grammatical category of 「網球」 as used in the sentence.,N,tennis,wǎngqiú,N,"[""Adv"", ""Loc"", ""Adj""]",宜文：那我們改打網球怎麼樣？中明說妳的網球打得很好，我也想跟妳學，我們一起去打吧。,verified_v3_book_locked,ok,,1
modern-chinese-l6-dialogue-2,第6課 對話二：週末去打網球吧！,True,6,easy,0,0,電影,translation,電影,movie,movie,diànyǐng,N,"[""interesting"", ""to swim"", ""tennis""]",國安：聽說這部電影很有趣，我們晚上一起去看，好不好？,verified_v3_book_locked,ok,,2
modern-chinese-l6-dialogue-2,第6課 對話二：週末去打網球吧！,True,6,easy,0,0,電影,reverse,movie,電影,movie,diànyǐng,N,"[""游泳"", ""有趣"", ""電影"", ""網球""]",國安：聽說這部電影很有趣，我們晚上一起去看，好不好？,verified_v3_book_locked,ok,,2
modern-chinese-l6-dialogue-2,第6課 對話二：週末去打網球吧！,True,6,easy,0,0,電影,listening,🔊 Listen and choose the word you hear.,電影,movie,diànyǐng,N,"[""游泳"", ""有趣"", ""網球"", ""電影""]",,verified_v3_book_locked,ok,,2
modern-chinese-l6-dialogue-2,第6課 對話二：週末去打網球吧！,True,6,easy,0,0,電影,pinyin,Choose the correct pinyin for 「電影」.,diànyǐng,movie,diànyǐng,N,"[""diànyǐng"", ""diànyīng"", ""diànyíng"", ""diànyìng""]",國安：聽說這部電影很有趣，我們晚上一起去看，好不好？,verified_v3_book_locked,ok,,2
modern-chinese-l6-dialogue-2,第6課 對話二：週末去打網球吧！,True,6,easy,0,0,電影,cloze,Complete the sentence.,電影,movie,diànyǐng,N,"[""風景"", ""週末"", ""天氣""]",國安：聽說這部____很有趣，我們晚上一起去看，好不好？,verified_v3_book_locked,ok,,2
modern-chinese-l6-dialogue-2,第6課 對話二：週末去打網球吧！,True,6,easy,0,0,電影,pos,What is the part of speech of 「電影」?,N,movie,diànyǐng,N,"[""Loc"", ""Quant"", ""MW""]",國安：聽說這部電影很有趣，我們晚上一起去看，好不好？,verified_v3_book_locked,ok,,2
modern-chinese-l6-dialogue-2,第6課 對話二：週末去打網球吧！,True,6,medium,0,0,電影,translation,Choose the best English meaning of 「電影」.,movie,movie,diànyǐng,N,"[""weather"", ""exercise / sports"", ""scenery""]",國安：聽說這部電影很有趣，我們今天晚上一起去看，好不好？,verified_v3_book_locked,ok,,2
modern-chinese-l6-dialogue-2,第6課 對話二：週末去打網球吧！,True,6,medium,0,0,電影,reverse,Choose the Chinese word for “movie”.,電影,movie,diànyǐng,N,"[""風景"", ""電影"", ""運動"", ""天氣""]",國安：聽說這部電影很有趣，我們今天晚上一起去看，好不好？,verified_v3_book_locked,ok,,2
modern-chinese-l6-dialogue-2,第6課 對話二：週末去打網球吧！,True,6,medium,0,0,電影,listening,🔊 Listen and choose the word you hear.,電影,movie,diànyǐng,N,"[""運動"", ""電影"", ""風景"", ""天氣""]",,verified_v3_book_locked,ok,,2
modern-chinese-l6-dialogue-2,第6課 對話二：週末去打網球吧！,True,6,medium,0,0,電影,pinyin,Choose the correct pinyin and tone pattern for 「電影」.,diànyǐng,movie,diànyǐng,N,"[""diànyíng"", ""diànyǐng"", ""diànyìng"", ""diànyīng""]",國安：聽說這部電影很有趣，我們今天晚上一起去看，好不好？,verified_v3_book_locked,ok,,2
modern-chinese-l6-dialogue-2,第6課 對話二：週末去打網球吧！,True,6,medium,0,0,電影,cloze,Choose the word that best completes the sentence.,電影,movie,diànyǐng,N,"[""運動"", ""天氣"", ""朋友""]",國安：聽說這部____很有趣，我們今天晚上一起去看，好不好？,verified_v3_book_locked,ok,,2
modern-chinese-l6-dialogue-2,第6課 對話二：週末去打網球吧！,True,6,medium,0,0,電影,pos,"In this sentence, what part of speech is 「電影」?",N,movie,diànyǐng,N,"[""Prep"", ""Adj"", ""Adv""]",國安：聽說這部電影很有趣，我們今天晚上一起去看，好不好？,verified_v3_book_locked,ok,,2
modern-chinese-l6-dialogue-2,第6課 對話二：週末去打網球吧！,True,6,hard,0,0,電影,translation,"In 「國安：我聽朋友說這部電影很有趣，而且今天晚上還有票。我們一起去看，好不好？」, what does 「電影」 mean?",movie,movie,diànyǐng,N,"[""Chinese language"", ""tennis"", ""English language""]",國安：我聽朋友說這部電影很有趣，而且今天晚上還有票。我們一起去看，好不好？,verified_v3_book_locked,ok,,2
modern-chinese-l6-dialogue-2,第6課 對話二：週末去打網球吧！,True,6,hard,0,0,電影,reverse,Which Chinese word best matches “movie” in this lesson context?,電影,movie,diànyǐng,N,"[""電影"", ""英文"", ""網球"", ""中文""]",國安：我聽朋友說這部電影很有趣，而且今天晚上還有票。我們一起去看，好不好？,verified_v3_book_locked,ok,,2
modern-chinese-l6-dialogue-2,第6課 對話二：週末去打網球吧！,True,6,hard,0,0,電影,listening,🔊 Listen and choose the word you hear.,電影,movie,diànyǐng,N,"[""中文"", ""電影"", ""英文"", ""網球""]",,verified_v3_book_locked,ok,,2
modern-chinese-l6-dialogue-2,第6課 對話二：週末去打網球吧！,True,6,hard,0,0,電影,pinyin,Which pinyin exactly matches the lexical tones of 「電影」?,diànyǐng,movie,diànyǐng,N,"[""diànyíng"", ""diànyìng"", ""diànyīng"", ""diànyǐng""]",國安：我聽朋友說這部電影很有趣，而且今天晚上還有票。我們一起去看，好不好？,verified_v3_book_locked,ok,,2
modern-chinese-l6-dialogue-2,第6課 對話二：週末去打網球吧！,True,6,hard,0,0,電影,cloze,Choose the most contextually appropriate word for the blank.,電影,movie,diànyǐng,N,"[""下午"", ""友美"", ""下午茶""]",國安：我聽朋友說這部____很有趣，而且今天晚上還有票。我們一起去看，好不好？,verified_v3_book_locked,ok,,2
modern-chinese-l6-dialogue-2,第6課 對話二：週末去打網球吧！,True,6,hard,0,0,電影,pos,Classify the grammatical category of 「電影」 as used in the sentence.,N,movie,diànyǐng,N,"[""Loc"", ""Prep"", ""V""]",國安：我聽朋友說這部電影很有趣，而且今天晚上還有票。我們一起去看，好不好？,verified_v3_book_locked,ok,,2
modern-chinese-l6-dialogue-2,第6課 對話二：週末去打網球吧！,True,6,easy,0,1,有趣,translation,有趣,interesting,interesting,yǒuqù,Adj,"[""to rest"", ""weather"", ""beautiful""]",國安：聽說這部電影很有趣，我們晚上一起去看，好不好？,verified_v3_book_locked,ok,,2
modern-chinese-l6-dialogue-2,第6課 對話二：週末去打網球吧！,True,6,easy,0,1,有趣,reverse,interesting,有趣,interesting,yǒuqù,Adj,"[""漂亮"", ""有趣"", ""休息"", ""天氣""]",國安：聽說這部電影很有趣，我們晚上一起去看，好不好？,verified_v3_book_locked,ok,,2
modern-chinese-l6-dialogue-2,第6課 對話二：週末去打網球吧！,True,6,easy,0,1,有趣,listening,🔊 Listen and choose the word you hear.,有趣,interesting,yǒuqù,Adj,"[""有趣"", ""休息"", ""天氣"", ""漂亮""]",,verified_v3_book_locked,ok,,2
modern-chinese-l6-dialogue-2,第6課 對話二：週末去打網球吧！,True,6,easy,0,1,有趣,pinyin,Choose the correct pinyin for 「有趣」.,yǒuqù,interesting,yǒuqù,Adj,"[""yǒuqū"", ""yǒuqú"", ""yǒuqù"", ""yǒuqǔ""]",國安：聽說這部電影很有趣，我們晚上一起去看，好不好？,verified_v3_book_locked,ok,,2
modern-chinese-l6-dialogue-2,第6課 對話二：週末去打網球吧！,True,6,easy,0,1,有趣,cloze,Complete the sentence.,有趣,interesting,yǒuqù,Adj,"[""舒服"", ""年輕"", ""忙""]",國安：聽說這部電影很____，我們晚上一起去看，好不好？,verified_v3_book_locked,ok,,2
modern-chinese-l6-dialogue-2,第6課 對話二：週末去打網球吧！,True,6,easy,0,1,有趣,pos,What is the part of speech of 「有趣」?,Adj,interesting,yǒuqù,Adj,"[""Quant"", ""Loc"", ""Adv""]",國安：聽說這部電影很有趣，我們晚上一起去看，好不好？,verified_v3_book_locked,ok,,2
modern-chinese-l6-dialogue-2,第6課 對話二：週末去打網球吧！,True,6,easy,0,1,有趣,synonym,Which word or phrase is closest in meaning to 「有趣」?,好玩,interesting,yǒuqù,Adj,"[""網球"", ""天氣"", ""游泳""]",國安：聽說這部電影很有趣，我們晚上一起去看，好不好？,verified_v3_book_locked,ok,,2
modern-chinese-l6-dialogue-2,第6課 對話二：週末去打網球吧！,True,6,medium,0,1,有趣,translation,Choose the best English meaning of 「有趣」.,interesting,interesting,yǒuqù,Adj,"[""busy"", ""beautiful"", ""delicious""]",國安：聽說這部電影很有趣，我們今天晚上一起去看，好不好？,verified_v3_book_locked,ok,,2
modern-chinese-l6-dialogue-2,第6課 對話二：週末去打網球吧！,True,6,medium,0,1,有趣,reverse,Choose the Chinese word for “interesting”.,有趣,interesting,yǒuqù,Adj,"[""漂亮"", ""好吃"", ""忙"", ""有趣""]",國安：聽說這部電影很有趣，我們今天晚上一起去看，好不好？,verified_v3_book_locked,ok,,2
modern-chinese-l6-dialogue-2,第6課 對話二：週末去打網球吧！,True,6,medium,0,1,有趣,listening,🔊 Listen and choose the word you hear.,有趣,interesting,yǒuqù,Adj,"[""有趣"", ""漂亮"", ""好吃"", ""忙""]",,verified_v3_book_locked,ok,,2
modern-chinese-l6-dialogue-2,第6課 對話二：週末去打網球吧！,True,6,medium,0,1,有趣,pinyin,Choose the correct pinyin and tone pattern for 「有趣」.,yǒuqù,interesting,yǒuqù,Adj,"[""yǒuqǔ"", ""yǒuqú"", ""yǒuqū"", ""yǒuqù""]",國安：聽說這部電影很有趣，我們今天晚上一起去看，好不好？,verified_v3_book_locked,ok,,2
modern-chinese-l6-dialogue-2,第6課 對話二：週末去打網球吧！,True,6,medium,0,1,有趣,cloze,Choose the word that best completes the sentence.,有趣,interesting,yǒuqù,Adj,"[""新的"", ""方便"", ""好""]",國安：聽說這部電影很____，我們今天晚上一起去看，好不好？,verified_v3_book_locked,ok,,2
modern-chinese-l6-dialogue-2,第6課 對話二：週末去打網球吧！,True,6,medium,0,1,有趣,pos,"In this sentence, what part of speech is 「有趣」?",Adj,interesting,yǒuqù,Adj,"[""Prep"", ""Loc"", ""Pron""]",國安：聽說這部電影很有趣，我們今天晚上一起去看，好不好？,verified_v3_book_locked,ok,,2
modern-chinese-l6-dialogue-2,第6課 對話二：週末去打網球吧！,True,6,medium,0,1,有趣,synonym,"In this lesson context, which expression is closest in meaning to 「有趣」?",好玩,interesting,yǒuqù,Adj,"[""大"", ""方便"", ""新的""]",國安：聽說這部電影很有趣，我們今天晚上一起去看，好不好？,verified_v3_book_locked,ok,,2
modern-chinese-l6-dialogue-2,第6課 對話二：週末去打網球吧！,True,6,hard,0,1,有趣,translation,"In 「國安：我聽朋友說這部電影很有趣，而且今天晚上還有票。我們一起去看，好不好？」, what does 「有趣」 mean?",interesting,interesting,yǒuqù,Adj,"[""quiet"", ""cheap"", ""new""]",國安：我聽朋友說這部電影很有趣，而且今天晚上還有票。我們一起去看，好不好？,verified_v3_book_locked,ok,,2
modern-chinese-l6-dialogue-2,第6課 對話二：週末去打網球吧！,True,6,hard,0,1,有趣,reverse,Which Chinese word best matches “interesting” in this lesson context?,有趣,interesting,yǒuqù,Adj,"[""有趣"", ""便宜"", ""安靜"", ""新的""]",國安：我聽朋友說這部電影很有趣，而且今天晚上還有票。我們一起去看，好不好？,verified_v3_book_locked,ok,,2
modern-chinese-l6-dialogue-2,第6課 對話二：週末去打網球吧！,True,6,hard,0,1,有趣,listening,🔊 Listen and choose the word you hear.,有趣,interesting,yǒuqù,Adj,"[""便宜"", ""新的"", ""安靜"", ""有趣""]",,verified_v3_book_locked,ok,,2
modern-chinese-l6-dialogue-2,第6課 對話二：週末去打網球吧！,True,6,hard,0,1,有趣,pinyin,Which pinyin exactly matches the lexical tones of 「有趣」?,yǒuqù,interesting,yǒuqù,Adj,"[""yǒuqǔ"", ""yǒuqù"", ""yǒuqū"", ""yǒuqú""]",國安：我聽朋友說這部電影很有趣，而且今天晚上還有票。我們一起去看，好不好？,verified_v3_book_locked,ok,,2
modern-chinese-l6-dialogue-2,第6課 對話二：週末去打網球吧！,True,6,hard,0,1,有趣,cloze,Choose the most contextually appropriate word for the blank.,有趣,interesting,yǒuqù,Adj,"[""流行"", ""大"", ""年輕""]",國安：我聽朋友說這部電影很____，而且今天晚上還有票。我們一起去看，好不好？,verified_v3_book_locked,ok,,2
modern-chinese-l6-dialogue-2,第6課 對話二：週末去打網球吧！,True,6,hard,0,1,有趣,pos,Classify the grammatical category of 「有趣」 as used in the sentence.,Adj,interesting,yǒuqù,Adj,"[""Loc"", ""Pron"", ""Adv""]",國安：我聽朋友說這部電影很有趣，而且今天晚上還有票。我們一起去看，好不好？,verified_v3_book_locked,ok,,2
modern-chinese-l6-dialogue-2,第6課 對話二：週末去打網球吧！,True,6,hard,0,1,有趣,synonym,Which expression can best replace 「有趣」 without changing the intended meaning?,好玩,interesting,yǒuqù,Adj,"[""忙"", ""舒服"", ""好""]",國安：我聽朋友說這部電影很有趣，而且今天晚上還有票。我們一起去看，好不好？,verified_v3_book_locked,ok,,2
modern-chinese-l6-dialogue-2,第6課 對話二：週末去打網球吧！,True,6,easy,1,0,休息,translation,休息,to rest,to rest,xiūxi,V,"[""beautiful"", ""movie"", ""weather""]",中明：我覺得有一點兒累，我想回家休息。,verified_v3_book_locked,ok,,2
modern-chinese-l6-dialogue-2,第6課 對話二：週末去打網球吧！,True,6,easy,1,0,休息,reverse,to rest,休息,to rest,xiūxi,V,"[""電影"", ""天氣"", ""漂亮"", ""休息""]",中明：我覺得有一點兒累，我想回家休息。,verified_v3_book_locked,ok,,2
modern-chinese-l6-dialogue-2,第6課 對話二：週末去打網球吧！,True,6,easy,1,0,休息,listening,🔊 Listen and choose the word you hear.,休息,to rest,xiūxi,V,"[""漂亮"", ""休息"", ""電影"", ""天氣""]",,verified_v3_book_locked,ok,,2
modern-chinese-l6-dialogue-2,第6課 對話二：週末去打網球吧！,True,6,easy,1,0,休息,pinyin,Choose the correct pinyin for 「休息」.,xiūxi,to rest,xiūxi,V,"[""xiùxi"", ""xiǔxi"", ""xiúxi"", ""xiūxi""]",中明：我覺得有一點兒累，我想回家休息。,verified_v3_book_locked,ok,,2
modern-chinese-l6-dialogue-2,第6課 對話二：週末去打網球吧！,True,6,easy,1,0,休息,cloze,Complete the sentence.,休息,to rest,xiūxi,V,"[""唱歌"", ""想"", ""要""]",中明：我覺得有一點兒累，我想回家____。,verified_v3_book_locked,ok,,2
modern-chinese-l6-dialogue-2,第6課 對話二：週末去打網球吧！,True,6,easy,1,0,休息,pos,What is the part of speech of 「休息」?,V,to rest,xiūxi,V,"[""Loc"", ""Quant"", ""MW""]",中明：我覺得有一點兒累，我想回家休息。,verified_v3_book_locked,ok,,2
modern-chinese-l6-dialogue-2,第6課 對話二：週末去打網球吧！,True,6,medium,1,0,休息,translation,Choose the best English meaning of 「休息」.,to rest,to rest,xiūxi,V,"[""to read"", ""to swim"", ""to sing""]",中明：可是我今天覺得有一點兒累，我想早一點回家休息。,verified_v3_book_locked,ok,,2
modern-chinese-l6-dialogue-2,第6課 對話二：週末去打網球吧！,True,6,medium,1,0,休息,reverse,Choose the Chinese word for “to rest”.,休息,to rest,xiūxi,V,"[""看書"", ""休息"", ""游泳"", ""唱歌""]",中明：可是我今天覺得有一點兒累，我想早一點回家休息。,verified_v3_book_locked,ok,,2
modern-chinese-l6-dialogue-2,第6課 對話二：週末去打網球吧！,True,6,medium,1,0,休息,listening,🔊 Listen and choose the word you hear.,休息,to rest,xiūxi,V,"[""看書"", ""唱歌"", ""休息"", ""游泳""]",,verified_v3_book_locked,ok,,2
modern-chinese-l6-dialogue-2,第6課 對話二：週末去打網球吧！,True,6,medium,1,0,休息,pinyin,Choose the correct pinyin and tone pattern for 「休息」.,xiūxi,to rest,xiūxi,V,"[""xiūxi"", ""xiùxi"", ""xiǔxi"", ""xiúxi""]",中明：可是我今天覺得有一點兒累，我想早一點回家休息。,verified_v3_book_locked,ok,,2
modern-chinese-l6-dialogue-2,第6課 對話二：週末去打網球吧！,True,6,medium,1,0,休息,cloze,Choose the word that best completes the sentence.,休息,to rest,xiūxi,V,"[""想"", ""唱歌"", ""去""]",中明：可是我今天覺得有一點兒累，我想早一點回家____。,verified_v3_book_locked,ok,,2
modern-chinese-l6-dialogue-2,第6課 對話二：週末去打網球吧！,True,6,medium,1,0,休息,pos,"In this sentence, what part of speech is 「休息」?",V,to rest,xiūxi,V,"[""Adv"", ""Loc"", ""Quant""]",中明：可是我今天覺得有一點兒累，我想早一點回家休息。,verified_v3_book_locked,ok,,2
modern-chinese-l6-dialogue-2,第6課 對話二：週末去打網球吧！,True,6,hard,1,0,休息,translation,"In 「中明：我今天上課上了一整天，覺得有一點兒累，所以想先回家休息，改天再看電影。」, what does 「休息」 mean?",to rest,to rest,xiūxi,V,"[""to sing"", ""to write"", ""to want""]",中明：我今天上課上了一整天，覺得有一點兒累，所以想先回家休息，改天再看電影。,verified_v3_book_locked,ok,,2
modern-chinese-l6-dialogue-2,第6課 對話二：週末去打網球吧！,True,6,hard,1,0,休息,reverse,Which Chinese word best matches “to rest” in this lesson context?,休息,to rest,xiūxi,V,"[""唱歌"", ""想"", ""寫字"", ""休息""]",中明：我今天上課上了一整天，覺得有一點兒累，所以想先回家休息，改天再看電影。,verified_v3_book_locked,ok,,2
modern-chinese-l6-dialogue-2,第6課 對話二：週末去打網球吧！,True,6,hard,1,0,休息,listening,🔊 Listen and choose the word you hear.,休息,to rest,xiūxi,V,"[""寫字"", ""唱歌"", ""想"", ""休息""]",,verified_v3_book_locked,ok,,2
modern-chinese-l6-dialogue-2,第6課 對話二：週末去打網球吧！,True,6,hard,1,0,休息,pinyin,Which pinyin exactly matches the lexical tones of 「休息」?,xiūxi,to rest,xiūxi,V,"[""xiǔxi"", ""xiūxi"", ""xiùxi"", ""xiúxi""]",中明：我今天上課上了一整天，覺得有一點兒累，所以想先回家休息，改天再看電影。,verified_v3_book_locked,ok,,2
modern-chinese-l6-dialogue-2,第6課 對話二：週末去打網球吧！,True,6,hard,1,0,休息,cloze,Choose the most contextually appropriate word for the blank.,休息,to rest,xiūxi,V,"[""聽音樂"", ""要"", ""知道""]",中明：我今天上課上了一整天，覺得有一點兒累，所以想先回家____，改天再看電影。,verified_v3_book_locked,ok,,2
modern-chinese-l6-dialogue-2,第6課 對話二：週末去打網球吧！,True,6,hard,1,0,休息,pos,Classify the grammatical category of 「休息」 as used in the sentence.,V,to rest,xiūxi,V,"[""MW"", ""Loc"", ""Adj""]",中明：我今天上課上了一整天，覺得有一點兒累，所以想先回家休息，改天再看電影。,verified_v3_book_locked,ok,,2
modern-chinese-l6-dialogue-2,第6課 對話二：週末去打網球吧！,True,6,easy,2,0,運動,translation,運動,exercise / sports,exercise / sports,yùndòng,N,"[""beautiful"", ""interesting"", ""to jog""]",國安：你不要常常在家上網、看電腦、玩手機，應該去運動。明天我有空，我們可以一起去騎腳踏車。,verified_v3_book_locked,ok,,2
modern-chinese-l6-dialogue-2,第6課 對話二：週末去打網球吧！,True,6,easy,2,0,運動,reverse,exercise / sports,運動,exercise / sports,yùndòng,N,"[""跑步"", ""運動"", ""漂亮"", ""有趣""]",國安：你不要常常在家上網、看電腦、玩手機，應該去運動。明天我有空，我們可以一起去騎腳踏車。,verified_v3_book_locked,ok,,2
modern-chinese-l6-dialogue-2,第6課 對話二：週末去打網球吧！,True,6,easy,2,0,運動,listening,🔊 Listen and choose the word you hear.,運動,exercise / sports,yùndòng,N,"[""跑步"", ""漂亮"", ""有趣"", ""運動""]",,verified_v3_book_locked,ok,,2
modern-chinese-l6-dialogue-2,第6課 對話二：週末去打網球吧！,True,6,easy,2,0,運動,pinyin,Choose the correct pinyin for 「運動」.,yùndòng,exercise / sports,yùndòng,N,"[""yùndōng"", ""yùndǒng"", ""yùndóng"", ""yùndòng""]",國安：你不要常常在家上網、看電腦、玩手機，應該去運動。明天我有空，我們可以一起去騎腳踏車。,verified_v3_book_locked,ok,,2
modern-chinese-l6-dialogue-2,第6課 對話二：週末去打網球吧！,True,6,easy,2,0,運動,cloze,Complete the sentence.,運動,exercise / sports,yùndòng,N,"[""友美"", ""腳踏車"", ""週末""]",國安：你不要常常在家上網、看電腦、玩手機，應該去____。明天我有空，我們可以一起去騎腳踏車。,verified_v3_book_locked,ok,,2
modern-chinese-l6-dialogue-2,第6課 對話二：週末去打網球吧！,True,6,easy,2,0,運動,pos,What is the part of speech of 「運動」?,N,exercise / sports,yùndòng,N,"[""Pron"", ""Quant"", ""Loc""]",國安：你不要常常在家上網、看電腦、玩手機，應該去運動。明天我有空，我們可以一起去騎腳踏車。,verified_v3_book_locked,ok,,2
modern-chinese-l6-dialogue-2,第6課 對話二：週末去打網球吧！,True,6,medium,2,0,運動,translation,Choose the best English meaning of 「運動」.,exercise / sports,exercise / sports,yùndòng,N,"[""friend"", ""music"", ""tennis""]",國安：你不要常常在家上網、看電腦、玩手機，應該多去運動。明天我有空，我們可以一起去騎腳踏車。,verified_v3_book_locked,ok,,2
modern-chinese-l6-dialogue-2,第6課 對話二：週末去打網球吧！,True,6,medium,2,0,運動,reverse,Choose the Chinese word for “exercise / sports”.,運動,exercise / sports,yùndòng,N,"[""朋友"", ""音樂"", ""運動"", ""網球""]",國安：你不要常常在家上網、看電腦、玩手機，應該多去運動。明天我有空，我們可以一起去騎腳踏車。,verified_v3_book_locked,ok,,2
modern-chinese-l6-dialogue-2,第6課 對話二：週末去打網球吧！,True,6,medium,2,0,運動,listening,🔊 Listen and choose the word you hear.,運動,exercise / sports,yùndòng,N,"[""網球"", ""音樂"", ""朋友"", ""運動""]",,verified_v3_book_locked,ok,,2
modern-chinese-l6-dialogue-2,第6課 對話二：週末去打網球吧！,True,6,medium,2,0,運動,pinyin,Choose the correct pinyin and tone pattern for 「運動」.,yùndòng,exercise / sports,yùndòng,N,"[""yùndòng"", ""yùndōng"", ""yùndǒng"", ""yùndóng""]",國安：你不要常常在家上網、看電腦、玩手機，應該多去運動。明天我有空，我們可以一起去騎腳踏車。,verified_v3_book_locked,ok,,2
modern-chinese-l6-dialogue-2,第6課 對話二：週末去打網球吧！,True,6,medium,2,0,運動,cloze,Choose the word that best completes the sentence.,運動,exercise / sports,yùndòng,N,"[""週末"", ""友美"", ""腳踏車""]",國安：你不要常常在家上網、看電腦、玩手機，應該多去____。明天我有空，我們可以一起去騎腳踏車。,verified_v3_book_locked,ok,,2
modern-chinese-l6-dialogue-2,第6課 對話二：週末去打網球吧！,True,6,medium,2,0,運動,pos,"In this sentence, what part of speech is 「運動」?",N,exercise / sports,yùndòng,N,"[""Prep"", ""Loc"", ""Adj""]",國安：你不要常常在家上網、看電腦、玩手機，應該多去運動。明天我有空，我們可以一起去騎腳踏車。,verified_v3_book_locked,ok,,2
modern-chinese-l6-dialogue-2,第6課 對話二：週末去打網球吧！,True,6,hard,2,0,運動,translation,"In 「國安：你不要常常在家上網、看電腦、玩手機，坐太久對身體不好，應該多去運動。明天我有空，我們可以一起去騎腳踏車。」, what does 「運動」 mean?",exercise / sports,exercise / sports,yùndòng,N,"[""English language"", ""map"", ""magazine""]",國安：你不要常常在家上網、看電腦、玩手機，坐太久對身體不好，應該多去運動。明天我有空，我們可以一起去騎腳踏車。,verified_v3_book_locked,ok,,2
modern-chinese-l6-dialogue-2,第6課 對話二：週末去打網球吧！,True,6,hard,2,0,運動,reverse,Which Chinese word best matches “exercise / sports” in this lesson context?,運動,exercise / sports,yùndòng,N,"[""運動"", ""地圖"", ""雜誌"", ""英文""]",國安：你不要常常在家上網、看電腦、玩手機，坐太久對身體不好，應該多去運動。明天我有空，我們可以一起去騎腳踏車。,verified_v3_book_locked,ok,,2
modern-chinese-l6-dialogue-2,第6課 對話二：週末去打網球吧！,True,6,hard,2,0,運動,listening,🔊 Listen and choose the word you hear.,運動,exercise / sports,yùndòng,N,"[""運動"", ""雜誌"", ""英文"", ""地圖""]",,verified_v3_book_locked,ok,,2
modern-chinese-l6-dialogue-2,第6課 對話二：週末去打網球吧！,True,6,hard,2,0,運動,pinyin,Which pinyin exactly matches the lexical tones of 「運動」?,yùndòng,exercise / sports,yùndòng,N,"[""yùndóng"", ""yùndòng"", ""yùndǒng"", ""yùndōng""]",國安：你不要常常在家上網、看電腦、玩手機，坐太久對身體不好，應該多去運動。明天我有空，我們可以一起去騎腳踏車。,verified_v3_book_locked,ok,,2
modern-chinese-l6-dialogue-2,第6課 對話二：週末去打網球吧！,True,6,hard,2,0,運動,cloze,Choose the most contextually appropriate word for the blank.,運動,exercise / sports,yùndòng,N,"[""下午"", ""星期六"", ""咖啡廳""]",國安：你不要常常在家上網、看電腦、玩手機，坐太久對身體不好，應該多去____。明天我有空，我們可以一起去騎腳踏車。,verified_v3_book_locked,ok,,2
modern-chinese-l6-dialogue-2,第6課 對話二：週末去打網球吧！,True,6,hard,2,0,運動,pos,Classify the grammatical category of 「運動」 as used in the sentence.,N,exercise / sports,yùndòng,N,"[""V"", ""Adv"", ""Prep""]",國安：你不要常常在家上網、看電腦、玩手機，坐太久對身體不好，應該多去運動。明天我有空，我們可以一起去騎腳踏車。,verified_v3_book_locked,ok,,2
modern-chinese-l6-dialogue-2,第6課 對話二：週末去打網球吧！,True,6,easy,2,1,腳踏車,translation,腳踏車,bicycle,bicycle,jiǎotàchē,N,"[""movie"", ""interesting"", ""scenery""]",國安：你不要常常在家上網、看電腦、玩手機，應該去運動。明天我有空，我們可以一起去騎腳踏車。,verified_v3_book_locked,ok,,2
modern-chinese-l6-dialogue-2,第6課 對話二：週末去打網球吧！,True,6,easy,2,1,腳踏車,reverse,bicycle,腳踏車,bicycle,jiǎotàchē,N,"[""腳踏車"", ""電影"", ""有趣"", ""風景""]",國安：你不要常常在家上網、看電腦、玩手機，應該去運動。明天我有空，我們可以一起去騎腳踏車。,verified_v3_book_locked,ok,,2
modern-chinese-l6-dialogue-2,第6課 對話二：週末去打網球吧！,True,6,easy,2,1,腳踏車,listening,🔊 Listen and choose the word you hear.,腳踏車,bicycle,jiǎotàchē,N,"[""風景"", ""腳踏車"", ""有趣"", ""電影""]",,verified_v3_book_locked,ok,,2
modern-chinese-l6-dialogue-2,第6課 對話二：週末去打網球吧！,True,6,easy,2,1,腳踏車,pinyin,Choose the correct pinyin for 「腳踏車」.,jiǎotàchē,bicycle,jiǎotàchē,N,"[""jiǎotàché"", ""jiǎotàchè"", ""jiǎotàchě"", ""jiǎotàchē""]",國安：你不要常常在家上網、看電腦、玩手機，應該去運動。明天我有空，我們可以一起去騎腳踏車。,verified_v3_book_locked,ok,,2
modern-chinese-l6-dialogue-2,第6課 對話二：週末去打網球吧！,True,6,easy,2,1,腳踏車,cloze,Complete the sentence.,腳踏車,bicycle,jiǎotàchē,N,"[""網球"", ""運動"", ""週末""]",國安：你不要常常在家上網、看電腦、玩手機，應該去運動。明天我有空，我們可以一起去騎____。,verified_v3_book_locked,ok,,2
modern-chinese-l6-dialogue-2,第6課 對話二：週末去打網球吧！,True,6,easy,2,1,腳踏車,pos,What is the part of speech of 「腳踏車」?,N,bicycle,jiǎotàchē,N,"[""Loc"", ""MW"", ""Pron""]",國安：你不要常常在家上網、看電腦、玩手機，應該去運動。明天我有空，我們可以一起去騎腳踏車。,verified_v3_book_locked,ok,,2
modern-chinese-l6-dialogue-2,第6課 對話二：週末去打網球吧！,True,6,medium,2,1,腳踏車,translation,Choose the best English meaning of 「腳踏車」.,bicycle,bicycle,jiǎotàchē,N,"[""movie"", ""weekend"", ""weather""]",國安：你不要常常在家上網、看電腦、玩手機，應該多去運動。明天我有空，我們可以一起去騎腳踏車。,verified_v3_book_locked,ok,,2
modern-chinese-l6-dialogue-2,第6課 對話二：週末去打網球吧！,True,6,medium,2,1,腳踏車,reverse,Choose the Chinese word for “bicycle”.,腳踏車,bicycle,jiǎotàchē,N,"[""腳踏車"", ""天氣"", ""週末"", ""電影""]",國安：你不要常常在家上網、看電腦、玩手機，應該多去運動。明天我有空，我們可以一起去騎腳踏車。,verified_v3_book_locked,ok,,2
modern-chinese-l6-dialogue-2,第6課 對話二：週末去打網球吧！,True,6,medium,2,1,腳踏車,listening,🔊 Listen and choose the word you hear.,腳踏車,bicycle,jiǎotàchē,N,"[""天氣"", ""電影"", ""週末"", ""腳踏車""]",,verified_v3_book_locked,ok,,2
modern-chinese-l6-dialogue-2,第6課 對話二：週末去打網球吧！,True,6,medium,2,1,腳踏車,pinyin,Choose the correct pinyin and tone pattern for 「腳踏車」.,jiǎotàchē,bicycle,jiǎotàchē,N,"[""jiǎotàchě"", ""jiǎotàchē"", ""jiǎotàchè"", ""jiǎotàché""]",國安：你不要常常在家上網、看電腦、玩手機，應該多去運動。明天我有空，我們可以一起去騎腳踏車。,verified_v3_book_locked,ok,,2
modern-chinese-l6-dialogue-2,第6課 對話二：週末去打網球吧！,True,6,medium,2,1,腳踏車,cloze,Choose the word that best completes the sentence.,腳踏車,bicycle,jiǎotàchē,N,"[""週末"", ""運動"", ""友美""]",國安：你不要常常在家上網、看電腦、玩手機，應該多去運動。明天我有空，我們可以一起去騎____。,verified_v3_book_locked,ok,,2
modern-chinese-l6-dialogue-2,第6課 對話二：週末去打網球吧！,True,6,medium,2,1,腳踏車,pos,"In this sentence, what part of speech is 「腳踏車」?",N,bicycle,jiǎotàchē,N,"[""Loc"", ""V"", ""MW""]",國安：你不要常常在家上網、看電腦、玩手機，應該多去運動。明天我有空，我們可以一起去騎腳踏車。,verified_v3_book_locked,ok,,2
modern-chinese-l6-dialogue-2,第6課 對話二：週末去打網球吧！,True,6,hard,2,1,腳踏車,translation,"In 「國安：你不要常常在家上網、看電腦、玩手機，坐太久對身體不好，應該多去運動。明天我有空，我們可以一起去騎腳踏車。」, what does 「腳踏車」 mean?",bicycle,bicycle,jiǎotàchē,N,"[""airplane"", ""MRT"", ""train""]",國安：你不要常常在家上網、看電腦、玩手機，坐太久對身體不好，應該多去運動。明天我有空，我們可以一起去騎腳踏車。,verified_v3_book_locked,ok,,2
modern-chinese-l6-dialogue-2,第6課 對話二：週末去打網球吧！,True,6,hard,2,1,腳踏車,reverse,Which Chinese word best matches “bicycle” in this lesson context?,腳踏車,bicycle,jiǎotàchē,N,"[""火車"", ""捷運"", ""飛機"", ""腳踏車""]",國安：你不要常常在家上網、看電腦、玩手機，坐太久對身體不好，應該多去運動。明天我有空，我們可以一起去騎腳踏車。,verified_v3_book_locked,ok,,2
modern-chinese-l6-dialogue-2,第6課 對話二：週末去打網球吧！,True,6,hard,2,1,腳踏車,listening,🔊 Listen and choose the word you hear.,腳踏車,bicycle,jiǎotàchē,N,"[""火車"", ""飛機"", ""捷運"", ""腳踏車""]",,verified_v3_book_locked,ok,,2
modern-chinese-l6-dialogue-2,第6課 對話二：週末去打網球吧！,True,6,hard,2,1,腳踏車,pinyin,Which pinyin exactly matches the lexical tones of 「腳踏車」?,jiǎotàchē,bicycle,jiǎotàchē,N,"[""jiǎotàchè"", ""jiǎotàchě"", ""jiǎotàché"", ""jiǎotàchē""]",國安：你不要常常在家上網、看電腦、玩手機，坐太久對身體不好，應該多去運動。明天我有空，我們可以一起去騎腳踏車。,verified_v3_book_locked,ok,,2
modern-chinese-l6-dialogue-2,第6課 對話二：週末去打網球吧！,True,6,hard,2,1,腳踏車,cloze,Choose the most contextually appropriate word for the blank.,腳踏車,bicycle,jiǎotàchē,N,"[""天氣"", ""網球"", ""朋友""]",國安：你不要常常在家上網、看電腦、玩手機，坐太久對身體不好，應該多去運動。明天我有空，我們可以一起去騎____。,verified_v3_book_locked,ok,,2
modern-chinese-l6-dialogue-2,第6課 對話二：週末去打網球吧！,True,6,hard,2,1,腳踏車,pos,Classify the grammatical category of 「腳踏車」 as used in the sentence.,N,bicycle,jiǎotàchē,N,"[""MW"", ""Adj"", ""Pron""]",國安：你不要常常在家上網、看電腦、玩手機，坐太久對身體不好，應該多去運動。明天我有空，我們可以一起去騎腳踏車。,verified_v3_book_locked,ok,,2
modern-chinese-l6-dialogue-2,第6課 對話二：週末去打網球吧！,True,6,easy,3,0,音樂,translation,音樂,music,music,yīnyuè,N,"[""beautiful"", ""movie"", ""scenery""]",中明：可是我只想聽音樂、睡覺。,verified_v3_book_locked,ok,,2
modern-chinese-l6-dialogue-2,第6課 對話二：週末去打網球吧！,True,6,easy,3,0,音樂,reverse,music,音樂,music,yīnyuè,N,"[""電影"", ""風景"", ""音樂"", ""漂亮""]",中明：可是我只想聽音樂、睡覺。,verified_v3_book_locked,ok,,2
modern-chinese-l6-dialogue-2,第6課 對話二：週末去打網球吧！,True,6,easy,3,0,音樂,listening,🔊 Listen and choose the word you hear.,音樂,music,yīnyuè,N,"[""電影"", ""音樂"", ""漂亮"", ""風景""]",,verified_v3_book_locked,ok,,2
modern-chinese-l6-dialogue-2,第6課 對話二：週末去打網球吧！,True,6,easy,3,0,音樂,pinyin,Choose the correct pinyin for 「音樂」.,yīnyuè,music,yīnyuè,N,"[""yīnyuè"", ""yīnyué"", ""yīnyuē"", ""yīnyuě""]",中明：可是我只想聽音樂、睡覺。,verified_v3_book_locked,ok,,2
modern-chinese-l6-dialogue-2,第6課 對話二：週末去打網球吧！,True,6,easy,3,0,音樂,cloze,Complete the sentence.,音樂,music,yīnyuè,N,"[""網球"", ""中文"", ""週末""]",中明：可是我只想聽____、睡覺。,verified_v3_book_locked,ok,,2
modern-chinese-l6-dialogue-2,第6課 對話二：週末去打網球吧！,True,6,easy,3,0,音樂,pos,What is the part of speech of 「音樂」?,N,music,yīnyuè,N,"[""Prep"", ""V"", ""Adj""]",中明：可是我只想聽音樂、睡覺。,verified_v3_book_locked,ok,,2
modern-chinese-l6-dialogue-2,第6課 對話二：週末去打網球吧！,True,6,medium,3,0,音樂,translation,Choose the best English meaning of 「音樂」.,music,music,yīnyuè,N,"[""exercise / sports"", ""friend"", ""weekend""]",中明：可是我今天只想在家聽音樂、睡覺，什麼都不想做。,verified_v3_book_locked,ok,,2
modern-chinese-l6-dialogue-2,第6課 對話二：週末去打網球吧！,True,6,medium,3,0,音樂,reverse,Choose the Chinese word for “music”.,音樂,music,yīnyuè,N,"[""運動"", ""朋友"", ""音樂"", ""週末""]",中明：可是我今天只想在家聽音樂、睡覺，什麼都不想做。,verified_v3_book_locked,ok,,2
modern-chinese-l6-dialogue-2,第6課 對話二：週末去打網球吧！,True,6,medium,3,0,音樂,listening,🔊 Listen and choose the word you hear.,音樂,music,yīnyuè,N,"[""運動"", ""週末"", ""音樂"", ""朋友""]",,verified_v3_book_locked,ok,,2
modern-chinese-l6-dialogue-2,第6課 對話二：週末去打網球吧！,True,6,medium,3,0,音樂,pinyin,Choose the correct pinyin and tone pattern for 「音樂」.,yīnyuè,music,yīnyuè,N,"[""yīnyuè"", ""yīnyuē"", ""yīnyué"", ""yīnyuě""]",中明：可是我今天只想在家聽音樂、睡覺，什麼都不想做。,verified_v3_book_locked,ok,,2
modern-chinese-l6-dialogue-2,第6課 對話二：週末去打網球吧！,True,6,medium,3,0,音樂,cloze,Choose the word that best completes the sentence.,音樂,music,yīnyuè,N,"[""週末"", ""中文"", ""朋友""]",中明：可是我今天只想在家聽____、睡覺，什麼都不想做。,verified_v3_book_locked,ok,,2
modern-chinese-l6-dialogue-2,第6課 對話二：週末去打網球吧！,True,6,medium,3,0,音樂,pos,"In this sentence, what part of speech is 「音樂」?",N,music,yīnyuè,N,"[""Loc"", ""V"", ""MW""]",中明：可是我今天只想在家聽音樂、睡覺，什麼都不想做。,verified_v3_book_locked,ok,,2
modern-chinese-l6-dialogue-2,第6課 對話二：週末去打網球吧！,True,6,hard,3,0,音樂,translation,"In 「中明：可是我真的很累，今天只想在家聽音樂、睡覺。等我休息好了，我們再一起出去。」, what does 「音樂」 mean?",music,music,yīnyuè,N,"[""magazine"", ""tennis"", ""Chinese language""]",中明：可是我真的很累，今天只想在家聽音樂、睡覺。等我休息好了，我們再一起出去。,verified_v3_book_locked,ok,,2
modern-chinese-l6-dialogue-2,第6課 對話二：週末去打網球吧！,True,6,hard,3,0,音樂,reverse,Which Chinese word best matches “music” in this lesson context?,音樂,music,yīnyuè,N,"[""音樂"", ""雜誌"", ""中文"", ""網球""]",中明：可是我真的很累，今天只想在家聽音樂、睡覺。等我休息好了，我們再一起出去。,verified_v3_book_locked,ok,,2
modern-chinese-l6-dialogue-2,第6課 對話二：週末去打網球吧！,True,6,hard,3,0,音樂,listening,🔊 Listen and choose the word you hear.,音樂,music,yīnyuè,N,"[""中文"", ""音樂"", ""雜誌"", ""網球""]",,verified_v3_book_locked,ok,,2
modern-chinese-l6-dialogue-2,第6課 對話二：週末去打網球吧！,True,6,hard,3,0,音樂,pinyin,Which pinyin exactly matches the lexical tones of 「音樂」?,yīnyuè,music,yīnyuè,N,"[""yīnyué"", ""yīnyuē"", ""yīnyuè"", ""yīnyuě""]",中明：可是我真的很累，今天只想在家聽音樂、睡覺。等我休息好了，我們再一起出去。,verified_v3_book_locked,ok,,2
modern-chinese-l6-dialogue-2,第6課 對話二：週末去打網球吧！,True,6,hard,3,0,音樂,cloze,Choose the most contextually appropriate word for the blank.,音樂,music,yīnyuè,N,"[""友美"", ""星期六"", ""腳踏車""]",中明：可是我真的很累，今天只想在家聽____、睡覺。等我休息好了，我們再一起出去。,verified_v3_book_locked,ok,,2
modern-chinese-l6-dialogue-2,第6課 對話二：週末去打網球吧！,True,6,hard,3,0,音樂,pos,Classify the grammatical category of 「音樂」 as used in the sentence.,N,music,yīnyuè,N,"[""Quant"", ""MW"", ""Loc""]",中明：可是我真的很累，今天只想在家聽音樂、睡覺。等我休息好了，我們再一起出去。,verified_v3_book_locked,ok,,2
modern-chinese-l6-dialogue-2,第6課 對話二：週末去打網球吧！,True,6,easy,5,0,天氣,translation,天氣,weather,weather,tiānqì,N,"[""to rest"", ""scenery"", ""movie""]",中明：這兩天天氣有點兒冷，我們週末去，好嗎？,verified_v3_book_locked,ok,,2
modern-chinese-l6-dialogue-2,第6課 對話二：週末去打網球吧！,True,6,easy,5,0,天氣,reverse,weather,天氣,weather,tiānqì,N,"[""天氣"", ""風景"", ""電影"", ""休息""]",中明：這兩天天氣有點兒冷，我們週末去，好嗎？,verified_v3_book_locked,ok,,2
modern-chinese-l6-dialogue-2,第6課 對話二：週末去打網球吧！,True,6,easy,5,0,天氣,listening,🔊 Listen and choose the word you hear.,天氣,weather,tiānqì,N,"[""風景"", ""天氣"", ""電影"", ""休息""]",,verified_v3_book_locked,ok,,2
modern-chinese-l6-dialogue-2,第6課 對話二：週末去打網球吧！,True,6,easy,5,0,天氣,pinyin,Choose the correct pinyin for 「天氣」.,tiānqì,weather,tiānqì,N,"[""tiānqǐ"", ""tiānqì"", ""tiānqī"", ""tiānqí""]",中明：這兩天天氣有點兒冷，我們週末去，好嗎？,verified_v3_book_locked,ok,,2
modern-chinese-l6-dialogue-2,第6課 對話二：週末去打網球吧！,True,6,easy,5,0,天氣,cloze,Complete the sentence.,天氣,weather,tiānqì,N,"[""中文"", ""電影"", ""運動""]",中明：這兩天____有點兒冷，我們週末去，好嗎？,verified_v3_book_locked,ok,,2
modern-chinese-l6-dialogue-2,第6課 對話二：週末去打網球吧！,True,6,easy,5,0,天氣,pos,What is the part of speech of 「天氣」?,N,weather,tiānqì,N,"[""V"", ""Loc"", ""Adv""]",中明：這兩天天氣有點兒冷，我們週末去，好嗎？,verified_v3_book_locked,ok,,2
modern-chinese-l6-dialogue-2,第6課 對話二：週末去打網球吧！,True,6,medium,5,0,天氣,translation,Choose the best English meaning of 「天氣」.,weather,weather,tiānqì,N,"[""tennis"", ""music"", ""exercise / sports""]",中明：這兩天天氣有點兒冷，我們週末天氣暖一點再去，好嗎？,verified_v3_book_locked,ok,,2
modern-chinese-l6-dialogue-2,第6課 對話二：週末去打網球吧！,True,6,medium,5,0,天氣,reverse,Choose the Chinese word for “weather”.,天氣,weather,tiānqì,N,"[""網球"", ""天氣"", ""音樂"", ""運動""]",中明：這兩天天氣有點兒冷，我們週末天氣暖一點再去，好嗎？,verified_v3_book_locked,ok,,2
modern-chinese-l6-dialogue-2,第6課 對話二：週末去打網球吧！,True,6,medium,5,0,天氣,listening,🔊 Listen and choose the word you hear.,天氣,weather,tiānqì,N,"[""運動"", ""音樂"", ""天氣"", ""網球""]",,verified_v3_book_locked,ok,,2
modern-chinese-l6-dialogue-2,第6課 對話二：週末去打網球吧！,True,6,medium,5,0,天氣,pinyin,Choose the correct pinyin and tone pattern for 「天氣」.,tiānqì,weather,tiānqì,N,"[""tiānqǐ"", ""tiānqí"", ""tiānqì"", ""tiānqī""]",中明：這兩天天氣有點兒冷，我們週末天氣暖一點再去，好嗎？,verified_v3_book_locked,ok,,2
modern-chinese-l6-dialogue-2,第6課 對話二：週末去打網球吧！,True,6,medium,5,0,天氣,cloze,Choose the word that best completes the sentence.,天氣,weather,tiānqì,N,"[""中文"", ""朋友"", ""友美""]",中明：這兩天____有點兒冷，我們週末暖一點再去，好嗎？,verified_v3_book_locked,ok,,2
modern-chinese-l6-dialogue-2,第6課 對話二：週末去打網球吧！,True,6,medium,5,0,天氣,pos,"In this sentence, what part of speech is 「天氣」?",N,weather,tiānqì,N,"[""Adj"", ""Adv"", ""Loc""]",中明：這兩天天氣有點兒冷，我們週末天氣暖一點再去，好嗎？,verified_v3_book_locked,ok,,2
modern-chinese-l6-dialogue-2,第6課 對話二：週末去打網球吧！,True,6,hard,5,0,天氣,translation,"In 「中明：這兩天天氣有點兒冷，騎車可能不太舒服。我們等到週末，如果天氣暖一點再去，好嗎？」, what does 「天氣」 mean?",weather,weather,tiānqì,N,"[""air"", ""season"", ""scenery""]",中明：這兩天天氣有點兒冷，騎車可能不太舒服。我們等到週末，如果天氣暖一點再去，好嗎？,verified_v3_book_locked,ok,,2
modern-chinese-l6-dialogue-2,第6課 對話二：週末去打網球吧！,True,6,hard,5,0,天氣,reverse,Which Chinese word best matches “weather” in this lesson context?,天氣,weather,tiānqì,N,"[""天氣"", ""風景"", ""季節"", ""空氣""]",中明：這兩天天氣有點兒冷，騎車可能不太舒服。我們等到週末，如果天氣暖一點再去，好嗎？,verified_v3_book_locked,ok,,2
modern-chinese-l6-dialogue-2,第6課 對話二：週末去打網球吧！,True,6,hard,5,0,天氣,listening,🔊 Listen and choose the word you hear.,天氣,weather,tiānqì,N,"[""風景"", ""季節"", ""天氣"", ""空氣""]",,verified_v3_book_locked,ok,,2
modern-chinese-l6-dialogue-2,第6課 對話二：週末去打網球吧！,True,6,hard,5,0,天氣,pinyin,Which pinyin exactly matches the lexical tones of 「天氣」?,tiānqì,weather,tiānqì,N,"[""tiānqǐ"", ""tiānqì"", ""tiānqí"", ""tiānqī""]",中明：這兩天天氣有點兒冷，騎車可能不太舒服。我們等到週末，如果天氣暖一點再去，好嗎？,verified_v3_book_locked,ok,,2
modern-chinese-l6-dialogue-2,第6課 對話二：週末去打網球吧！,True,6,hard,5,0,天氣,cloze,Choose the most contextually appropriate word for the blank.,天氣,weather,tiānqì,N,"[""家"", ""運動"", ""中文""]",中明：這兩天____有點兒冷，騎車可能不太舒服。,verified_v3_book_locked,ok,,2
modern-chinese-l6-dialogue-2,第6課 對話二：週末去打網球吧！,True,6,hard,5,0,天氣,pos,Classify the grammatical category of 「天氣」 as used in the sentence.,N,weather,tiānqì,N,"[""Prep"", ""MW"", ""Adv""]",中明：這兩天天氣有點兒冷，騎車可能不太舒服。我們等到週末，如果天氣暖一點再去，好嗎？,verified_v3_book_locked,ok,,2
modern-chinese-l6-dialogue-2,第6課 對話二：週末去打網球吧！,True,6,easy,5,1,週末,translation,週末,weekend,weekend,zhōu mò,N,"[""scenery"", ""to swim"", ""interesting""]",中明：這兩天天氣有點兒冷，我們週末去，好嗎？,verified_v3_book_locked,ok,,2
modern-chinese-l6-dialogue-2,第6課 對話二：週末去打網球吧！,True,6,easy,5,1,週末,reverse,weekend,週末,weekend,zhōu mò,N,"[""週末"", ""游泳"", ""風景"", ""有趣""]",中明：這兩天天氣有點兒冷，我們週末去，好嗎？,verified_v3_book_locked,ok,,2
modern-chinese-l6-dialogue-2,第6課 對話二：週末去打網球吧！,True,6,easy,5,1,週末,listening,🔊 Listen and choose the word you hear.,週末,weekend,zhōu mò,N,"[""有趣"", ""游泳"", ""風景"", ""週末""]",,verified_v3_book_locked,ok,,2
modern-chinese-l6-dialogue-2,第6課 對話二：週末去打網球吧！,True,6,easy,5,1,週末,pinyin,Choose the correct pinyin for 「週末」.,zhōu mò,weekend,zhōu mò,N,"[""zhōu mò"", ""zhōu mǒ"", ""zhōu mó"", ""zhōu mō""]",中明：這兩天天氣有點兒冷，我們週末去，好嗎？,verified_v3_book_locked,ok,,2
modern-chinese-l6-dialogue-2,第6課 對話二：週末去打網球吧！,True,6,easy,5,1,週末,cloze,Complete the sentence.,週末,weekend,zhōu mò,N,"[""天氣"", ""風景"", ""朋友""]",中明：這兩天天氣有點兒冷，我們____去，好嗎？,verified_v3_book_locked,ok,,2
modern-chinese-l6-dialogue-2,第6課 對話二：週末去打網球吧！,True,6,easy,5,1,週末,pos,What is the part of speech of 「週末」?,N,weekend,zhōu mò,N,"[""Pron"", ""Adj"", ""V""]",中明：這兩天天氣有點兒冷，我們週末去，好嗎？,verified_v3_book_locked,ok,,2
modern-chinese-l6-dialogue-2,第6課 對話二：週末去打網球吧！,True,6,medium,5,1,週末,translation,Choose the best English meaning of 「週末」.,weekend,weekend,zhōu mò,N,"[""exercise / sports"", ""bicycle"", ""movie""]",中明：這兩天天氣有點兒冷，我們週末天氣暖一點再去，好嗎？,verified_v3_book_locked,ok,,2
modern-chinese-l6-dialogue-2,第6課 對話二：週末去打網球吧！,True,6,medium,5,1,週末,reverse,Choose the Chinese word for “weekend”.,週末,weekend,zhōu mò,N,"[""腳踏車"", ""週末"", ""運動"", ""電影""]",中明：這兩天天氣有點兒冷，我們週末天氣暖一點再去，好嗎？,verified_v3_book_locked,ok,,2
modern-chinese-l6-dialogue-2,第6課 對話二：週末去打網球吧！,True,6,medium,5,1,週末,listening,🔊 Listen and choose the word you hear.,週末,weekend,zhōu mò,N,"[""電影"", ""運動"", ""週末"", ""腳踏車""]",,verified_v3_book_locked,ok,,2
modern-chinese-l6-dialogue-2,第6課 對話二：週末去打網球吧！,True,6,medium,5,1,週末,pinyin,Choose the correct pinyin and tone pattern for 「週末」.,zhōu mò,weekend,zhōu mò,N,"[""zhōu mō"", ""zhōu mǒ"", ""zhōu mó"", ""zhōu mò""]",中明：這兩天天氣有點兒冷，我們週末天氣暖一點再去，好嗎？,verified_v3_book_locked,ok,,2
modern-chinese-l6-dialogue-2,第6課 對話二：週末去打網球吧！,True,6,medium,5,1,週末,cloze,Choose the word that best completes the sentence.,週末,weekend,zhōu mò,N,"[""運動"", ""天氣"", ""網球""]",中明：這兩天天氣有點兒冷，我們____天氣暖一點再去，好嗎？,verified_v3_book_locked,ok,,2
modern-chinese-l6-dialogue-2,第6課 對話二：週末去打網球吧！,True,6,medium,5,1,週末,pos,"In this sentence, what part of speech is 「週末」?",N,weekend,zhōu mò,N,"[""Loc"", ""MW"", ""V""]",中明：這兩天天氣有點兒冷，我們週末天氣暖一點再去，好嗎？,verified_v3_book_locked,ok,,2
modern-chinese-l6-dialogue-2,第6課 對話二：週末去打網球吧！,True,6,hard,5,1,週末,translation,"In 「中明：這兩天天氣有點兒冷，騎車可能不太舒服。我們等到週末，如果天氣暖一點再去，好嗎？」, what does 「週末」 mean?",weekend,weekend,zhōu mò,N,"[""Saturday"", ""afternoon"", ""birthday""]",中明：這兩天天氣有點兒冷，騎車可能不太舒服。我們等到週末，如果天氣暖一點再去，好嗎？,verified_v3_book_locked,ok,,2
modern-chinese-l6-dialogue-2,第6課 對話二：週末去打網球吧！,True,6,hard,5,1,週末,reverse,Which Chinese word best matches “weekend” in this lesson context?,週末,weekend,zhōu mò,N,"[""下午"", ""星期六"", ""週末"", ""生日""]",中明：這兩天天氣有點兒冷，騎車可能不太舒服。我們等到週末，如果天氣暖一點再去，好嗎？,verified_v3_book_locked,ok,,2
modern-chinese-l6-dialogue-2,第6課 對話二：週末去打網球吧！,True,6,hard,5,1,週末,listening,🔊 Listen and choose the word you hear.,週末,weekend,zhōu mò,N,"[""生日"", ""星期六"", ""下午"", ""週末""]",,verified_v3_book_locked,ok,,2
modern-chinese-l6-dialogue-2,第6課 對話二：週末去打網球吧！,True,6,hard,5,1,週末,pinyin,Which pinyin exactly matches the lexical tones of 「週末」?,zhōu mò,weekend,zhōu mò,N,"[""zhōu mǒ"", ""zhōu mō"", ""zhōu mó"", ""zhōu mò""]",中明：這兩天天氣有點兒冷，騎車可能不太舒服。我們等到週末，如果天氣暖一點再去，好嗎？,verified_v3_book_locked,ok,,2
modern-chinese-l6-dialogue-2,第6課 對話二：週末去打網球吧！,True,6,hard,5,1,週末,cloze,Choose the most contextually appropriate word for the blank.,週末,weekend,zhōu mò,N,"[""音樂"", ""友美"", ""運動""]",中明：這兩天天氣有點兒冷，騎車可能不太舒服。我們等到____，如果天氣暖一點再去，好嗎？,verified_v3_book_locked,ok,,2
modern-chinese-l6-dialogue-2,第6課 對話二：週末去打網球吧！,True,6,hard,5,1,週末,pos,Classify the grammatical category of 「週末」 as used in the sentence.,N,weekend,zhōu mò,N,"[""Prep"", ""Quant"", ""MW""]",中明：這兩天天氣有點兒冷，騎車可能不太舒服。我們等到週末，如果天氣暖一點再去，好嗎？,verified_v3_book_locked,ok,,2
modern-chinese-l6-reading,第6課 短文：我的興趣,True,6,easy,0,0,朋友,translation,朋友,friend,friend,péngyǒu,N,"[""interesting"", ""to swim"", ""weather""]",我有幾個好朋友。,verified_v3_book_locked,ok,,3
modern-chinese-l6-reading,第6課 短文：我的興趣,True,6,easy,0,0,朋友,reverse,friend,朋友,friend,péngyǒu,N,"[""游泳"", ""天氣"", ""朋友"", ""有趣""]",我有幾個好朋友。,verified_v3_book_locked,ok,,3
modern-chinese-l6-reading,第6課 短文：我的興趣,True,6,easy,0,0,朋友,listening,🔊 Listen and choose the word you hear.,朋友,friend,péngyǒu,N,"[""天氣"", ""有趣"", ""游泳"", ""朋友""]",,verified_v3_book_locked,ok,,3
modern-chinese-l6-reading,第6課 短文：我的興趣,True,6,easy,0,0,朋友,pinyin,Choose the correct pinyin for 「朋友」.,péngyǒu,friend,péngyǒu,N,"[""péngyōu"", ""péngyòu"", ""péngyóu"", ""péngyǒu""]",我有幾個好朋友。,verified_v3_book_locked,ok,,3
modern-chinese-l6-reading,第6課 短文：我的興趣,True,6,easy,0,0,朋友,cloze,Complete the sentence.,朋友,friend,péngyǒu,N,"[""中文"", ""電影"", ""腳踏車""]",我有幾個好____。,verified_v3_book_locked,ok,,3
modern-chinese-l6-reading,第6課 短文：我的興趣,True,6,easy,0,0,朋友,pos,What is the part of speech of 「朋友」?,N,friend,péngyǒu,N,"[""V"", ""Pron"", ""Adv""]",我有幾個好朋友。,verified_v3_book_locked,ok,,3
modern-chinese-l6-reading,第6課 短文：我的興趣,True,6,easy,0,0,朋友,synonym,Which word or phrase is closest in meaning to 「朋友」?,友人,friend,péngyǒu,N,"[""風景"", ""有趣"", ""漂亮""]",我有幾個好朋友。,verified_v3_book_locked,ok,,3
modern-chinese-l6-reading,第6課 短文：我的興趣,True,6,medium,0,0,朋友,translation,Choose the best English meaning of 「朋友」.,friend,friend,péngyǒu,N,"[""bicycle"", ""movie"", ""scenery""]",我有幾個很好的朋友，我們常常一起活動。,verified_v3_book_locked,ok,,3
modern-chinese-l6-reading,第6課 短文：我的興趣,True,6,medium,0,0,朋友,reverse,Choose the Chinese word for “friend”.,朋友,friend,péngyǒu,N,"[""風景"", ""腳踏車"", ""電影"", ""朋友""]",我有幾個很好的朋友，我們常常一起活動。,verified_v3_book_locked,ok,,3
modern-chinese-l6-reading,第6課 短文：我的興趣,True,6,medium,0,0,朋友,listening,🔊 Listen and choose the word you hear.,朋友,friend,péngyǒu,N,"[""風景"", ""電影"", ""腳踏車"", ""朋友""]",,verified_v3_book_locked,ok,,3
modern-chinese-l6-reading,第6課 短文：我的興趣,True,6,medium,0,0,朋友,pinyin,Choose the correct pinyin and tone pattern for 「朋友」.,péngyǒu,friend,péngyǒu,N,"[""péngyǒu"", ""péngyōu"", ""péngyòu"", ""péngyóu""]",我有幾個很好的朋友，我們常常一起活動。,verified_v3_book_locked,ok,,3
modern-chinese-l6-reading,第6課 短文：我的興趣,True,6,medium,0,0,朋友,cloze,Choose the word that best completes the sentence.,朋友,friend,péngyǒu,N,"[""風景"", ""腳踏車"", ""電影""]",我有幾個很好的____，我們常常一起活動。,verified_v3_book_locked,ok,,3
modern-chinese-l6-reading,第6課 短文：我的興趣,True,6,medium,0,0,朋友,pos,"In this sentence, what part of speech is 「朋友」?",N,friend,péngyǒu,N,"[""MW"", ""Quant"", ""Adj""]",我有幾個很好的朋友，我們常常一起活動。,verified_v3_book_locked,ok,,3
modern-chinese-l6-reading,第6課 短文：我的興趣,True,6,medium,0,0,朋友,synonym,"In this lesson context, which expression is closest in meaning to 「朋友」?",友人,friend,péngyǒu,N,"[""腳踏車"", ""風景"", ""音樂""]",我有幾個很好的朋友，我們常常一起活動。,verified_v3_book_locked,ok,,3
modern-chinese-l6-reading,第6課 短文：我的興趣,True,6,hard,0,0,朋友,translation,"In 「我有幾個很好的朋友。雖然大家平常都很忙，可是有時間的時候，我們常常一起活動。」, what does 「朋友」 mean?",friend,friend,péngyǒu,N,"[""Youmei (person’s name)"", ""family member"", ""mom""]",我有幾個很好的朋友。雖然大家平常都很忙，可是有時間的時候，我們常常一起活動。,verified_v3_book_locked,ok,,3
modern-chinese-l6-reading,第6課 短文：我的興趣,True,6,hard,0,0,朋友,reverse,Which Chinese word best matches “friend” in this lesson context?,朋友,friend,péngyǒu,N,"[""友美"", ""朋友"", ""家人"", ""媽""]",我有幾個很好的朋友。雖然大家平常都很忙，可是有時間的時候，我們常常一起活動。,verified_v3_book_locked,ok,,3
modern-chinese-l6-reading,第6課 短文：我的興趣,True,6,hard,0,0,朋友,listening,🔊 Listen and choose the word you hear.,朋友,friend,péngyǒu,N,"[""友美"", ""家人"", ""媽"", ""朋友""]",,verified_v3_book_locked,ok,,3
modern-chinese-l6-reading,第6課 短文：我的興趣,True,6,hard,0,0,朋友,pinyin,Which pinyin exactly matches the lexical tones of 「朋友」?,péngyǒu,friend,péngyǒu,N,"[""péngyóu"", ""péngyǒu"", ""péngyōu"", ""péngyòu""]",我有幾個很好的朋友。雖然大家平常都很忙，可是有時間的時候，我們常常一起活動。,verified_v3_book_locked,ok,,3
modern-chinese-l6-reading,第6課 短文：我的興趣,True,6,hard,0,0,朋友,cloze,Choose the most contextually appropriate word for the blank.,朋友,friend,péngyǒu,N,"[""友美"", ""運動"", ""網球""]",我有幾個很好的____。雖然大家平常都很忙，可是有時間的時候，我們常常一起活動。,verified_v3_book_locked,ok,,3
modern-chinese-l6-reading,第6課 短文：我的興趣,True,6,hard,0,0,朋友,pos,Classify the grammatical category of 「朋友」 as used in the sentence.,N,friend,péngyǒu,N,"[""MW"", ""Loc"", ""Pron""]",我有幾個很好的朋友。雖然大家平常都很忙，可是有時間的時候，我們常常一起活動。,verified_v3_book_locked,ok,,3
modern-chinese-l6-reading,第6課 短文：我的興趣,True,6,hard,0,0,朋友,synonym,Which expression can best replace 「朋友」 without changing the intended meaning?,友人,friend,péngyǒu,N,"[""哥哥"", ""同學"", ""媽""]",我有幾個很好的朋友。雖然大家平常都很忙，可是有時間的時候，我們常常一起活動。,verified_v3_book_locked,ok,,3
modern-chinese-l6-reading,第6課 短文：我的興趣,True,6,easy,1,0,音樂,translation,音樂,music,music,yīnyuè,N,"[""movie"", ""weather"", ""to swim""]",我們都喜歡學中文、聽音樂、唱歌。,verified_v3_book_locked,ok,,3
modern-chinese-l6-reading,第6課 短文：我的興趣,True,6,easy,1,0,音樂,reverse,music,音樂,music,yīnyuè,N,"[""音樂"", ""游泳"", ""電影"", ""天氣""]",我們都喜歡學中文、聽音樂、唱歌。,verified_v3_book_locked,ok,,3
modern-chinese-l6-reading,第6課 短文：我的興趣,True,6,easy,1,0,音樂,listening,🔊 Listen and choose the word you hear.,音樂,music,yīnyuè,N,"[""天氣"", ""音樂"", ""游泳"", ""電影""]",,verified_v3_book_locked,ok,,3
modern-chinese-l6-reading,第6課 短文：我的興趣,True,6,easy,1,0,音樂,pinyin,Choose the correct pinyin for 「音樂」.,yīnyuè,music,yīnyuè,N,"[""yīnyuè"", ""yīnyué"", ""yīnyuē"", ""yīnyuě""]",我們都喜歡學中文、聽音樂、唱歌。,verified_v3_book_locked,ok,,3
modern-chinese-l6-reading,第6課 短文：我的興趣,True,6,easy,1,0,音樂,cloze,Complete the sentence.,音樂,music,yīnyuè,N,"[""友美"", ""天氣"", ""電影""]",我們都喜歡學中文、聽____、唱歌。,verified_v3_book_locked,ok,,3
modern-chinese-l6-reading,第6課 短文：我的興趣,True,6,easy,1,0,音樂,pos,What is the part of speech of 「音樂」?,N,music,yīnyuè,N,"[""Prep"", ""V"", ""Adj""]",我們都喜歡學中文、聽音樂、唱歌。,verified_v3_book_locked,ok,,3
modern-chinese-l6-reading,第6課 短文：我的興趣,True,6,medium,1,0,音樂,translation,Choose the best English meaning of 「音樂」.,music,music,yīnyuè,N,"[""friend"", ""bicycle"", ""scenery""]",我們都喜歡學中文、聽音樂，也很喜歡唱歌。,verified_v3_book_locked,ok,,3
modern-chinese-l6-reading,第6課 短文：我的興趣,True,6,medium,1,0,音樂,reverse,Choose the Chinese word for “music”.,音樂,music,yīnyuè,N,"[""音樂"", ""腳踏車"", ""朋友"", ""風景""]",我們都喜歡學中文、聽音樂，也很喜歡唱歌。,verified_v3_book_locked,ok,,3
modern-chinese-l6-reading,第6課 短文：我的興趣,True,6,medium,1,0,音樂,listening,🔊 Listen and choose the word you hear.,音樂,music,yīnyuè,N,"[""風景"", ""音樂"", ""朋友"", ""腳踏車""]",,verified_v3_book_locked,ok,,3
modern-chinese-l6-reading,第6課 短文：我的興趣,True,6,medium,1,0,音樂,pinyin,Choose the correct pinyin and tone pattern for 「音樂」.,yīnyuè,music,yīnyuè,N,"[""yīnyuě"", ""yīnyuē"", ""yīnyué"", ""yīnyuè""]",我們都喜歡學中文、聽音樂，也很喜歡唱歌。,verified_v3_book_locked,ok,,3
modern-chinese-l6-reading,第6課 短文：我的興趣,True,6,medium,1,0,音樂,cloze,Choose the word that best completes the sentence.,音樂,music,yīnyuè,N,"[""網球"", ""天氣"", ""友美""]",我們都喜歡學中文、聽____，也很喜歡唱歌。,verified_v3_book_locked,ok,,3
modern-chinese-l6-reading,第6課 短文：我的興趣,True,6,medium,1,0,音樂,pos,"In this sentence, what part of speech is 「音樂」?",N,music,yīnyuè,N,"[""Loc"", ""V"", ""MW""]",我們都喜歡學中文、聽音樂，也很喜歡唱歌。,verified_v3_book_locked,ok,,3
modern-chinese-l6-reading,第6課 短文：我的興趣,True,6,hard,1,0,音樂,translation,"In 「我們有很多共同的興趣，都喜歡學中文、聽音樂、唱歌，所以在一起的時候總有很多事可以做。」, what does 「音樂」 mean?",music,music,yīnyuè,N,"[""exercise / sports"", ""map"", ""Chinese language""]",我們有很多共同的興趣，都喜歡學中文、聽音樂、唱歌，所以在一起的時候總有很多事可以做。,verified_v3_book_locked,ok,,3
modern-chinese-l6-reading,第6課 短文：我的興趣,True,6,hard,1,0,音樂,reverse,Which Chinese word best matches “music” in this lesson context?,音樂,music,yīnyuè,N,"[""中文"", ""運動"", ""地圖"", ""音樂""]",我們有很多共同的興趣，都喜歡學中文、聽音樂、唱歌，所以在一起的時候總有很多事可以做。,verified_v3_book_locked,ok,,3
modern-chinese-l6-reading,第6課 短文：我的興趣,True,6,hard,1,0,音樂,listening,🔊 Listen and choose the word you hear.,音樂,music,yīnyuè,N,"[""地圖"", ""中文"", ""音樂"", ""運動""]",,verified_v3_book_locked,ok,,3
modern-chinese-l6-reading,第6課 短文：我的興趣,True,6,hard,1,0,音樂,pinyin,Which pinyin exactly matches the lexical tones of 「音樂」?,yīnyuè,music,yīnyuè,N,"[""yīnyuè"", ""yīnyué"", ""yīnyuě"", ""yīnyuē""]",我們有很多共同的興趣，都喜歡學中文、聽音樂、唱歌，所以在一起的時候總有很多事可以做。,verified_v3_book_locked,ok,,3
modern-chinese-l6-reading,第6課 短文：我的興趣,True,6,hard,1,0,音樂,cloze,Choose the most contextually appropriate word for the blank.,音樂,music,yīnyuè,N,"[""週末"", ""朋友"", ""下午茶""]",我們有很多共同的興趣，都喜歡學中文、聽____、唱歌，所以在一起的時候總有很多事可以做。,verified_v3_book_locked,ok,,3
modern-chinese-l6-reading,第6課 短文：我的興趣,True,6,hard,1,0,音樂,pos,Classify the grammatical category of 「音樂」 as used in the sentence.,N,music,yīnyuè,N,"[""Quant"", ""MW"", ""Loc""]",我們有很多共同的興趣，都喜歡學中文、聽音樂、唱歌，所以在一起的時候總有很多事可以做。,verified_v3_book_locked,ok,,3
modern-chinese-l6-reading,第6課 短文：我的興趣,True,6,easy,1,1,中文,translation,中文,Chinese language,Chinese language,zhōng wén,N,"[""to swim"", ""weather"", ""movie""]",我們都喜歡學中文、聽音樂、唱歌。,verified_v3_book_locked,ok,,3
modern-chinese-l6-reading,第6課 短文：我的興趣,True,6,easy,1,1,中文,reverse,Chinese language,中文,Chinese language,zhōng wén,N,"[""中文"", ""游泳"", ""天氣"", ""電影""]",我們都喜歡學中文、聽音樂、唱歌。,verified_v3_book_locked,ok,,3
modern-chinese-l6-reading,第6課 短文：我的興趣,True,6,easy,1,1,中文,listening,🔊 Listen and choose the word you hear.,中文,Chinese language,zhōng wén,N,"[""中文"", ""游泳"", ""天氣"", ""電影""]",,verified_v3_book_locked,ok,,3
modern-chinese-l6-reading,第6課 短文：我的興趣,True,6,easy,1,1,中文,pinyin,Choose the correct pinyin for 「中文」.,zhōng wén,Chinese language,zhōng wén,N,"[""zhōng wén"", ""zhōng wěn"", ""zhōng wēn"", ""zhōng wèn""]",我們都喜歡學中文、聽音樂、唱歌。,verified_v3_book_locked,ok,,3
modern-chinese-l6-reading,第6課 短文：我的興趣,True,6,easy,1,1,中文,cloze,Complete the sentence.,中文,Chinese language,zhōng wén,N,"[""週末"", ""網球"", ""音樂""]",我們都喜歡學____、聽音樂、唱歌。,verified_v3_book_locked,ok,,3
modern-chinese-l6-reading,第6課 短文：我的興趣,True,6,easy,1,1,中文,pos,What is the part of speech of 「中文」?,N,Chinese language,zhōng wén,N,"[""Adj"", ""Prep"", ""Adv""]",我們都喜歡學中文、聽音樂、唱歌。,verified_v3_book_locked,ok,,3
modern-chinese-l6-reading,第6課 短文：我的興趣,True,6,easy,1,1,中文,synonym,Which word or phrase is closest in meaning to 「中文」?,漢語,Chinese language,zhōng wén,N,"[""有趣"", ""漂亮"", ""跑步""]",我們都喜歡學中文、聽音樂、唱歌。,verified_v3_book_locked,ok,,3
modern-chinese-l6-reading,第6課 短文：我的興趣,True,6,medium,1,1,中文,translation,Choose the best English meaning of 「中文」.,Chinese language,Chinese language,zhōng wén,N,"[""movie"", ""bicycle"", ""scenery""]",我們都喜歡學中文、聽音樂，也很喜歡唱歌。,verified_v3_book_locked,ok,,3
modern-chinese-l6-reading,第6課 短文：我的興趣,True,6,medium,1,1,中文,reverse,Choose the Chinese word for “Chinese language”.,中文,Chinese language,zhōng wén,N,"[""腳踏車"", ""風景"", ""中文"", ""電影""]",我們都喜歡學中文、聽音樂，也很喜歡唱歌。,verified_v3_book_locked,ok,,3
modern-chinese-l6-reading,第6課 短文：我的興趣,True,6,medium,1,1,中文,listening,🔊 Listen and choose the word you hear.,中文,Chinese language,zhōng wén,N,"[""中文"", ""風景"", ""腳踏車"", ""電影""]",,verified_v3_book_locked,ok,,3
modern-chinese-l6-reading,第6課 短文：我的興趣,True,6,medium,1,1,中文,pinyin,Choose the correct pinyin and tone pattern for 「中文」.,zhōng wén,Chinese language,zhōng wén,N,"[""zhōng wěn"", ""zhōng wēn"", ""zhōng wèn"", ""zhōng wén""]",我們都喜歡學中文、聽音樂，也很喜歡唱歌。,verified_v3_book_locked,ok,,3
modern-chinese-l6-reading,第6課 短文：我的興趣,True,6,medium,1,1,中文,cloze,Choose the word that best completes the sentence.,中文,Chinese language,zhōng wén,N,"[""友美"", ""音樂"", ""朋友""]",我們都喜歡學____、聽音樂，也很喜歡唱歌。,verified_v3_book_locked,ok,,3
modern-chinese-l6-reading,第6課 短文：我的興趣,True,6,medium,1,1,中文,pos,"In this sentence, what part of speech is 「中文」?",N,Chinese language,zhōng wén,N,"[""V"", ""Quant"", ""Pron""]",我們都喜歡學中文、聽音樂，也很喜歡唱歌。,verified_v3_book_locked,ok,,3
modern-chinese-l6-reading,第6課 短文：我的興趣,True,6,medium,1,1,中文,synonym,"In this lesson context, which expression is closest in meaning to 「中文」?",漢語,Chinese language,zhōng wén,N,"[""腳踏車"", ""網球"", ""運動""]",我們都喜歡學中文、聽音樂，也很喜歡唱歌。,verified_v3_book_locked,ok,,3
modern-chinese-l6-reading,第6課 短文：我的興趣,True,6,hard,1,1,中文,translation,"In 「我們有很多共同的興趣，都喜歡學中文、聽音樂、唱歌，所以在一起的時候總有很多事可以做。」, what does 「中文」 mean?",Chinese language,Chinese language,zhōng wén,N,"[""movie"", ""English language"", ""soccer""]",我們有很多共同的興趣，都喜歡學中文、聽音樂、唱歌，所以在一起的時候總有很多事可以做。,verified_v3_book_locked,ok,,3
modern-chinese-l6-reading,第6課 短文：我的興趣,True,6,hard,1,1,中文,reverse,Which Chinese word best matches “Chinese language” in this lesson context?,中文,Chinese language,zhōng wén,N,"[""英文"", ""電影"", ""足球"", ""中文""]",我們有很多共同的興趣，都喜歡學中文、聽音樂、唱歌，所以在一起的時候總有很多事可以做。,verified_v3_book_locked,ok,,3
modern-chinese-l6-reading,第6課 短文：我的興趣,True,6,hard,1,1,中文,listening,🔊 Listen and choose the word you hear.,中文,Chinese language,zhōng wén,N,"[""中文"", ""足球"", ""英文"", ""電影""]",,verified_v3_book_locked,ok,,3
modern-chinese-l6-reading,第6課 短文：我的興趣,True,6,hard,1,1,中文,pinyin,Which pinyin exactly matches the lexical tones of 「中文」?,zhōng wén,Chinese language,zhōng wén,N,"[""zhōng wèn"", ""zhōng wēn"", ""zhōng wén"", ""zhōng wěn""]",我們有很多共同的興趣，都喜歡學中文、聽音樂、唱歌，所以在一起的時候總有很多事可以做。,verified_v3_book_locked,ok,,3
modern-chinese-l6-reading,第6課 短文：我的興趣,True,6,hard,1,1,中文,cloze,Choose the most contextually appropriate word for the blank.,中文,Chinese language,zhōng wén,N,"[""下午"", ""朋友"", ""咖啡廳""]",我們有很多共同的興趣，都喜歡學____、聽音樂、唱歌，所以在一起的時候總有很多事可以做。,verified_v3_book_locked,ok,,3
modern-chinese-l6-reading,第6課 短文：我的興趣,True,6,hard,1,1,中文,pos,Classify the grammatical category of 「中文」 as used in the sentence.,N,Chinese language,zhōng wén,N,"[""Quant"", ""Adj"", ""Loc""]",我們有很多共同的興趣，都喜歡學中文、聽音樂、唱歌，所以在一起的時候總有很多事可以做。,verified_v3_book_locked,ok,,3
modern-chinese-l6-reading,第6課 短文：我的興趣,True,6,hard,1,1,中文,synonym,Which expression can best replace 「中文」 without changing the intended meaning?,漢語,Chinese language,zhōng wén,N,"[""網球"", ""英文"", ""足球""]",我們有很多共同的興趣，都喜歡學中文、聽音樂、唱歌，所以在一起的時候總有很多事可以做。,verified_v3_book_locked,ok,,3
modern-chinese-l6-reading,第6課 短文：我的興趣,True,6,easy,1,2,唱歌,translation,唱歌,to sing,to sing,chànggē,V,"[""tennis"", ""movie"", ""beautiful""]",我們都喜歡學中文、聽音樂、唱歌。,verified_v3_book_locked,ok,,3
modern-chinese-l6-reading,第6課 短文：我的興趣,True,6,easy,1,2,唱歌,reverse,to sing,唱歌,to sing,chànggē,V,"[""唱歌"", ""電影"", ""網球"", ""漂亮""]",我們都喜歡學中文、聽音樂、唱歌。,verified_v3_book_locked,ok,,3
modern-chinese-l6-reading,第6課 短文：我的興趣,True,6,easy,1,2,唱歌,listening,🔊 Listen and choose the word you hear.,唱歌,to sing,chànggē,V,"[""網球"", ""唱歌"", ""漂亮"", ""電影""]",,verified_v3_book_locked,ok,,3
modern-chinese-l6-reading,第6課 短文：我的興趣,True,6,easy,1,2,唱歌,pinyin,Choose the correct pinyin for 「唱歌」.,chànggē,to sing,chànggē,V,"[""chànggè"", ""chànggē"", ""chànggé"", ""chànggě""]",我們都喜歡學中文、聽音樂、唱歌。,verified_v3_book_locked,ok,,3
modern-chinese-l6-reading,第6課 短文：我的興趣,True,6,easy,1,2,唱歌,cloze,Complete the sentence.,唱歌,to sing,chànggē,V,"[""聽音樂"", ""喝"", ""想""]",我們都喜歡學中文、聽音樂、____。,verified_v3_book_locked,ok,,3
modern-chinese-l6-reading,第6課 短文：我的興趣,True,6,easy,1,2,唱歌,pos,What is the part of speech of 「唱歌」?,V,to sing,chànggē,V,"[""Adv"", ""Quant"", ""Prep""]",我們都喜歡學中文、聽音樂、唱歌。,verified_v3_book_locked,ok,,3
modern-chinese-l6-reading,第6課 短文：我的興趣,True,6,easy,1,2,唱歌,synonym,Which word or phrase is closest in meaning to 「唱歌」?,歌唱,to sing,chànggē,V,"[""有趣"", ""網球"", ""電影""]",我們都喜歡學中文、聽音樂、唱歌。,verified_v3_book_locked,ok,,3
modern-chinese-l6-reading,第6課 短文：我的興趣,True,6,medium,1,2,唱歌,translation,Choose the best English meaning of 「唱歌」.,to sing,to sing,chànggē,V,"[""to listen to music"", ""to want / need"", ""to read""]",我們都喜歡學中文、聽音樂，也很喜歡唱歌。,verified_v3_book_locked,ok,,3
modern-chinese-l6-reading,第6課 短文：我的興趣,True,6,medium,1,2,唱歌,reverse,Choose the Chinese word for “to sing”.,唱歌,to sing,chànggē,V,"[""要"", ""聽音樂"", ""看書"", ""唱歌""]",我們都喜歡學中文、聽音樂，也很喜歡唱歌。,verified_v3_book_locked,ok,,3
modern-chinese-l6-reading,第6課 短文：我的興趣,True,6,medium,1,2,唱歌,listening,🔊 Listen and choose the word you hear.,唱歌,to sing,chànggē,V,"[""聽音樂"", ""唱歌"", ""看書"", ""要""]",,verified_v3_book_locked,ok,,3
modern-chinese-l6-reading,第6課 短文：我的興趣,True,6,medium,1,2,唱歌,pinyin,Choose the correct pinyin and tone pattern for 「唱歌」.,chànggē,to sing,chànggē,V,"[""chànggé"", ""chànggè"", ""chànggě"", ""chànggē""]",我們都喜歡學中文、聽音樂，也很喜歡唱歌。,verified_v3_book_locked,ok,,3
modern-chinese-l6-reading,第6課 短文：我的興趣,True,6,medium,1,2,唱歌,cloze,Choose the word that best completes the sentence.,唱歌,to sing,chànggē,V,"[""想"", ""跑步"", ""游泳""]",我們都喜歡學中文、聽音樂，也很喜歡____。,verified_v3_book_locked,ok,,3
modern-chinese-l6-reading,第6課 短文：我的興趣,True,6,medium,1,2,唱歌,pos,"In this sentence, what part of speech is 「唱歌」?",V,to sing,chànggē,V,"[""MW"", ""Adv"", ""Adj""]",我們都喜歡學中文、聽音樂，也很喜歡唱歌。,verified_v3_book_locked,ok,,3
modern-chinese-l6-reading,第6課 短文：我的興趣,True,6,medium,1,2,唱歌,synonym,"In this lesson context, which expression is closest in meaning to 「唱歌」?",歌唱,to sing,chànggē,V,"[""聽音樂"", ""要"", ""休息""]",我們都喜歡學中文、聽音樂，也很喜歡唱歌。,verified_v3_book_locked,ok,,3
modern-chinese-l6-reading,第6課 短文：我的興趣,True,6,hard,1,2,唱歌,translation,"In 「我們有很多共同的興趣，都喜歡學中文、聽音樂、唱歌，所以在一起的時候總有很多事可以做。」, what does 「唱歌」 mean?",to sing,to sing,chànggē,V,"[""drink"", ""to listen to music"", ""help""]",我們有很多共同的興趣，都喜歡學中文、聽音樂、唱歌，所以在一起的時候總有很多事可以做。,verified_v3_book_locked,ok,,3
modern-chinese-l6-reading,第6課 短文：我的興趣,True,6,hard,1,2,唱歌,reverse,Which Chinese word best matches “to sing” in this lesson context?,唱歌,to sing,chànggē,V,"[""聽音樂"", ""幫"", ""唱歌"", ""喝""]",我們有很多共同的興趣，都喜歡學中文、聽音樂、唱歌，所以在一起的時候總有很多事可以做。,verified_v3_book_locked,ok,,3
modern-chinese-l6-reading,第6課 短文：我的興趣,True,6,hard,1,2,唱歌,listening,🔊 Listen and choose the word you hear.,唱歌,to sing,chànggē,V,"[""聽音樂"", ""喝"", ""唱歌"", ""幫""]",,verified_v3_book_locked,ok,,3
modern-chinese-l6-reading,第6課 短文：我的興趣,True,6,hard,1,2,唱歌,pinyin,Which pinyin exactly matches the lexical tones of 「唱歌」?,chànggē,to sing,chànggē,V,"[""chànggē"", ""chànggé"", ""chànggě"", ""chànggè""]",我們有很多共同的興趣，都喜歡學中文、聽音樂、唱歌，所以在一起的時候總有很多事可以做。,verified_v3_book_locked,ok,,3
modern-chinese-l6-reading,第6課 短文：我的興趣,True,6,hard,1,2,唱歌,cloze,Choose the most contextually appropriate word for the blank.,唱歌,to sing,chànggē,V,"[""幫"", ""看書"", ""喝""]",我們有很多共同的興趣，都喜歡學中文、聽音樂、____，所以在一起的時候總有很多事可以做。,verified_v3_book_locked,ok,,3
modern-chinese-l6-reading,第6課 短文：我的興趣,True,6,hard,1,2,唱歌,pos,Classify the grammatical category of 「唱歌」 as used in the sentence.,V,to sing,chànggē,V,"[""Pron"", ""Quant"", ""Prep""]",我們有很多共同的興趣，都喜歡學中文、聽音樂、唱歌，所以在一起的時候總有很多事可以做。,verified_v3_book_locked,ok,,3
modern-chinese-l6-reading,第6課 短文：我的興趣,True,6,hard,1,2,唱歌,synonym,Which expression can best replace 「唱歌」 without changing the intended meaning?,歌唱,to sing,chànggē,V,"[""去"", ""學習"", ""幫""]",我們有很多共同的興趣，都喜歡學中文、聽音樂、唱歌，所以在一起的時候總有很多事可以做。,verified_v3_book_locked,ok,,3
modern-chinese-l6-reading,第6課 短文：我的興趣,True,6,easy,2,0,唱歌,translation,唱歌,to sing,to sing,chànggē,V,"[""tennis"", ""weather"", ""interesting""]",中明最愛唱歌。,verified_v3_book_locked,ok,,3
modern-chinese-l6-reading,第6課 短文：我的興趣,True,6,easy,2,0,唱歌,reverse,to sing,唱歌,to sing,chànggē,V,"[""有趣"", ""天氣"", ""唱歌"", ""網球""]",中明最愛唱歌。,verified_v3_book_locked,ok,,3
modern-chinese-l6-reading,第6課 短文：我的興趣,True,6,easy,2,0,唱歌,listening,🔊 Listen and choose the word you hear.,唱歌,to sing,chànggē,V,"[""天氣"", ""唱歌"", ""網球"", ""有趣""]",,verified_v3_book_locked,ok,,3
modern-chinese-l6-reading,第6課 短文：我的興趣,True,6,easy,2,0,唱歌,pinyin,Choose the correct pinyin for 「唱歌」.,chànggē,to sing,chànggē,V,"[""chànggè"", ""chànggē"", ""chànggé"", ""chànggě""]",中明最愛唱歌。,verified_v3_book_locked,ok,,3
modern-chinese-l6-reading,第6課 短文：我的興趣,True,6,easy,2,0,唱歌,cloze,Complete the sentence.,唱歌,to sing,chànggē,V,"[""喝"", ""做"", ""聽音樂""]",中明最愛____。,verified_v3_book_locked,ok,,3
modern-chinese-l6-reading,第6課 短文：我的興趣,True,6,easy,2,0,唱歌,pos,What is the part of speech of 「唱歌」?,V,to sing,chànggē,V,"[""Adv"", ""Quant"", ""Prep""]",中明最愛唱歌。,verified_v3_book_locked,ok,,3
modern-chinese-l6-reading,第6課 短文：我的興趣,True,6,easy,2,0,唱歌,synonym,Which word or phrase is closest in meaning to 「唱歌」?,歌唱,to sing,chànggē,V,"[""跑步"", ""漂亮"", ""有趣""]",中明最愛唱歌。,verified_v3_book_locked,ok,,3
modern-chinese-l6-reading,第6課 短文：我的興趣,True,6,medium,2,0,唱歌,translation,Choose the best English meaning of 「唱歌」.,to sing,to sing,chànggē,V,"[""to read"", ""to listen to music"", ""to do / make""]",中明最愛唱歌，只要有時間就會唱。,verified_v3_book_locked,ok,,3
modern-chinese-l6-reading,第6課 短文：我的興趣,True,6,medium,2,0,唱歌,reverse,Choose the Chinese word for “to sing”.,唱歌,to sing,chànggē,V,"[""做"", ""看書"", ""聽音樂"", ""唱歌""]",中明最愛唱歌，只要有時間就會唱。,verified_v3_book_locked,ok,,3
modern-chinese-l6-reading,第6課 短文：我的興趣,True,6,medium,2,0,唱歌,listening,🔊 Listen and choose the word you hear.,唱歌,to sing,chànggē,V,"[""唱歌"", ""看書"", ""聽音樂"", ""做""]",,verified_v3_book_locked,ok,,3
modern-chinese-l6-reading,第6課 短文：我的興趣,True,6,medium,2,0,唱歌,pinyin,Choose the correct pinyin and tone pattern for 「唱歌」.,chànggē,to sing,chànggē,V,"[""chànggě"", ""chànggè"", ""chànggé"", ""chànggē""]",中明最愛唱歌，只要有時間就會唱。,verified_v3_book_locked,ok,,3
modern-chinese-l6-reading,第6課 短文：我的興趣,True,6,medium,2,0,唱歌,cloze,Choose the word that best completes the sentence.,唱歌,to sing,chànggē,V,"[""想"", ""看書"", ""喝""]",中明最愛____，只要有時間就會唱。,verified_v3_book_locked,ok,,3
modern-chinese-l6-reading,第6課 短文：我的興趣,True,6,medium,2,0,唱歌,pos,"In this sentence, what part of speech is 「唱歌」?",V,to sing,chànggē,V,"[""MW"", ""Adv"", ""Adj""]",中明最愛唱歌，只要有時間就會唱。,verified_v3_book_locked,ok,,3
modern-chinese-l6-reading,第6課 短文：我的興趣,True,6,medium,2,0,唱歌,synonym,"In this lesson context, which expression is closest in meaning to 「唱歌」?",歌唱,to sing,chànggē,V,"[""要"", ""游泳"", ""聽音樂""]",中明最愛唱歌，只要有時間就會唱。,verified_v3_book_locked,ok,,3
modern-chinese-l6-reading,第6課 短文：我的興趣,True,6,hard,2,0,唱歌,translation,"In 「中明最愛唱歌，他常常找新的歌來學，也喜歡唱給我們聽。」, what does 「唱歌」 mean?",to sing,to sing,chànggē,V,"[""to study"", ""like"", ""to read""]",中明最愛唱歌，他常常找新的歌來學，也喜歡唱給我們聽。,verified_v3_book_locked,ok,,3
modern-chinese-l6-reading,第6課 短文：我的興趣,True,6,hard,2,0,唱歌,reverse,Which Chinese word best matches “to sing” in this lesson context?,唱歌,to sing,chànggē,V,"[""學習"", ""看書"", ""唱歌"", ""喜歡""]",中明最愛唱歌，他常常找新的歌來學，也喜歡唱給我們聽。,verified_v3_book_locked,ok,,3
modern-chinese-l6-reading,第6課 短文：我的興趣,True,6,hard,2,0,唱歌,listening,🔊 Listen and choose the word you hear.,唱歌,to sing,chànggē,V,"[""唱歌"", ""看書"", ""喜歡"", ""學習""]",,verified_v3_book_locked,ok,,3
modern-chinese-l6-reading,第6課 短文：我的興趣,True,6,hard,2,0,唱歌,pinyin,Which pinyin exactly matches the lexical tones of 「唱歌」?,chànggē,to sing,chànggē,V,"[""chànggē"", ""chànggè"", ""chànggě"", ""chànggé""]",中明最愛唱歌，他常常找新的歌來學，也喜歡唱給我們聽。,verified_v3_book_locked,ok,,3
modern-chinese-l6-reading,第6課 短文：我的興趣,True,6,hard,2,0,唱歌,cloze,Choose the most contextually appropriate word for the blank.,唱歌,to sing,chànggē,V,"[""知道"", ""做"", ""聽音樂""]",中明最愛____，他常常找新的歌來學，也喜歡唱給我們聽。,verified_v3_book_locked,ok,,3
modern-chinese-l6-reading,第6課 短文：我的興趣,True,6,hard,2,0,唱歌,pos,Classify the grammatical category of 「唱歌」 as used in the sentence.,V,to sing,chànggē,V,"[""Pron"", ""Quant"", ""Prep""]",中明最愛唱歌，他常常找新的歌來學，也喜歡唱給我們聽。,verified_v3_book_locked,ok,,3
modern-chinese-l6-reading,第6課 短文：我的興趣,True,6,hard,2,0,唱歌,synonym,Which expression can best replace 「唱歌」 without changing the intended meaning?,歌唱,to sing,chànggē,V,"[""看電視"", ""工作"", ""有""]",中明最愛唱歌，他常常找新的歌來學，也喜歡唱給我們聽。,verified_v3_book_locked,ok,,3
modern-chinese-l6-reading,第6課 短文：我的興趣,True,6,easy,3,0,中文,translation,中文,Chinese language,Chinese language,zhōng wén,N,"[""tennis"", ""weather"", ""movie""]",他的中文歌唱得很好。,verified_v3_book_locked,ok,,3
modern-chinese-l6-reading,第6課 短文：我的興趣,True,6,easy,3,0,中文,reverse,Chinese language,中文,Chinese language,zhōng wén,N,"[""電影"", ""中文"", ""網球"", ""天氣""]",他的中文歌唱得很好。,verified_v3_book_locked,ok,,3
modern-chinese-l6-reading,第6課 短文：我的興趣,True,6,easy,3,0,中文,listening,🔊 Listen and choose the word you hear.,中文,Chinese language,zhōng wén,N,"[""網球"", ""中文"", ""天氣"", ""電影""]",,verified_v3_book_locked,ok,,3
modern-chinese-l6-reading,第6課 短文：我的興趣,True,6,easy,3,0,中文,pinyin,Choose the correct pinyin for 「中文」.,zhōng wén,Chinese language,zhōng wén,N,"[""zhōng wēn"", ""zhōng wén"", ""zhōng wěn"", ""zhōng wèn""]",他的中文歌唱得很好。,verified_v3_book_locked,ok,,3
modern-chinese-l6-reading,第6課 短文：我的興趣,True,6,easy,3,0,中文,cloze,Complete the sentence.,中文,Chinese language,zhōng wén,N,"[""音樂"", ""腳踏車"", ""友美""]",他的____歌唱得很好。,verified_v3_book_locked,ok,,3
modern-chinese-l6-reading,第6課 短文：我的興趣,True,6,easy,3,0,中文,pos,What is the part of speech of 「中文」?,N,Chinese language,zhōng wén,N,"[""Adj"", ""Prep"", ""Adv""]",他的中文歌唱得很好。,verified_v3_book_locked,ok,,3
modern-chinese-l6-reading,第6課 短文：我的興趣,True,6,easy,3,0,中文,synonym,Which word or phrase is closest in meaning to 「中文」?,漢語,Chinese language,zhōng wén,N,"[""漂亮"", ""電影"", ""風景""]",他的中文歌唱得很好。,verified_v3_book_locked,ok,,3
modern-chinese-l6-reading,第6課 短文：我的興趣,True,6,medium,3,0,中文,translation,Choose the best English meaning of 「中文」.,Chinese language,Chinese language,zhōng wén,N,"[""weekend"", ""weather"", ""tennis""]",他的中文歌唱得很好，我們都很喜歡聽。,verified_v3_book_locked,ok,,3
modern-chinese-l6-reading,第6課 短文：我的興趣,True,6,medium,3,0,中文,reverse,Choose the Chinese word for “Chinese language”.,中文,Chinese language,zhōng wén,N,"[""中文"", ""天氣"", ""網球"", ""週末""]",他的中文歌唱得很好，我們都很喜歡聽。,verified_v3_book_locked,ok,,3
modern-chinese-l6-reading,第6課 短文：我的興趣,True,6,medium,3,0,中文,listening,🔊 Listen and choose the word you hear.,中文,Chinese language,zhōng wén,N,"[""週末"", ""中文"", ""網球"", ""天氣""]",,verified_v3_book_locked,ok,,3
modern-chinese-l6-reading,第6課 短文：我的興趣,True,6,medium,3,0,中文,pinyin,Choose the correct pinyin and tone pattern for 「中文」.,zhōng wén,Chinese language,zhōng wén,N,"[""zhōng wèn"", ""zhōng wēn"", ""zhōng wěn"", ""zhōng wén""]",他的中文歌唱得很好，我們都很喜歡聽。,verified_v3_book_locked,ok,,3
modern-chinese-l6-reading,第6課 短文：我的興趣,True,6,medium,3,0,中文,cloze,Choose the word that best completes the sentence.,中文,Chinese language,zhōng wén,N,"[""風景"", ""天氣"", ""腳踏車""]",他的____歌唱得很好，我們都很喜歡聽。,verified_v3_book_locked,ok,,3
modern-chinese-l6-reading,第6課 短文：我的興趣,True,6,medium,3,0,中文,pos,"In this sentence, what part of speech is 「中文」?",N,Chinese language,zhōng wén,N,"[""V"", ""Quant"", ""Pron""]",他的中文歌唱得很好，我們都很喜歡聽。,verified_v3_book_locked,ok,,3
modern-chinese-l6-reading,第6課 短文：我的興趣,True,6,medium,3,0,中文,synonym,"In this lesson context, which expression is closest in meaning to 「中文」?",漢語,Chinese language,zhōng wén,N,"[""週末"", ""運動"", ""風景""]",他的中文歌唱得很好，我們都很喜歡聽。,verified_v3_book_locked,ok,,3
modern-chinese-l6-reading,第6課 短文：我的興趣,True,6,hard,3,0,中文,translation,"In 「他的中文歌唱得很好，不但發音清楚，而且很有感情，所以大家都喜歡聽。」, what does 「中文」 mean?",Chinese language,Chinese language,zhōng wén,N,"[""movie"", ""English language"", ""magazine""]",他的中文歌唱得很好，不但發音清楚，而且很有感情，所以大家都喜歡聽。,verified_v3_book_locked,ok,,3
modern-chinese-l6-reading,第6課 短文：我的興趣,True,6,hard,3,0,中文,reverse,Which Chinese word best matches “Chinese language” in this lesson context?,中文,Chinese language,zhōng wén,N,"[""英文"", ""中文"", ""電影"", ""雜誌""]",他的中文歌唱得很好，不但發音清楚，而且很有感情，所以大家都喜歡聽。,verified_v3_book_locked,ok,,3
modern-chinese-l6-reading,第6課 短文：我的興趣,True,6,hard,3,0,中文,listening,🔊 Listen and choose the word you hear.,中文,Chinese language,zhōng wén,N,"[""英文"", ""電影"", ""雜誌"", ""中文""]",,verified_v3_book_locked,ok,,3
modern-chinese-l6-reading,第6課 短文：我的興趣,True,6,hard,3,0,中文,pinyin,Which pinyin exactly matches the lexical tones of 「中文」?,zhōng wén,Chinese language,zhōng wén,N,"[""zhōng wēn"", ""zhōng wén"", ""zhōng wèn"", ""zhōng wěn""]",他的中文歌唱得很好，不但發音清楚，而且很有感情，所以大家都喜歡聽。,verified_v3_book_locked,ok,,3
modern-chinese-l6-reading,第6課 短文：我的興趣,True,6,hard,3,0,中文,cloze,Choose the most contextually appropriate word for the blank.,中文,Chinese language,zhōng wén,N,"[""咖啡廳"", ""腳踏車"", ""朋友""]",他的____歌唱得很好，不但發音清楚，而且很有感情，所以大家都喜歡聽。,verified_v3_book_locked,ok,,3
modern-chinese-l6-reading,第6課 短文：我的興趣,True,6,hard,3,0,中文,pos,Classify the grammatical category of 「中文」 as used in the sentence.,N,Chinese language,zhōng wén,N,"[""Quant"", ""Adj"", ""Loc""]",他的中文歌唱得很好，不但發音清楚，而且很有感情，所以大家都喜歡聽。,verified_v3_book_locked,ok,,3
modern-chinese-l6-reading,第6課 短文：我的興趣,True,6,hard,3,0,中文,synonym,Which expression can best replace 「中文」 without changing the intended meaning?,漢語,Chinese language,zhōng wén,N,"[""籃球"", ""地圖"", ""雜誌""]",他的中文歌唱得很好，不但發音清楚，而且很有感情，所以大家都喜歡聽。,verified_v3_book_locked,ok,,3
modern-chinese-l6-reading,第6課 短文：我的興趣,True,6,easy,5,0,運動,translation,運動,exercise / sports,exercise / sports,yùndòng,N,"[""tennis"", ""scenery"", ""interesting""]",可是週末我們常一起去運動。,verified_v3_book_locked,ok,,3
modern-chinese-l6-reading,第6課 短文：我的興趣,True,6,easy,5,0,運動,reverse,exercise / sports,運動,exercise / sports,yùndòng,N,"[""運動"", ""網球"", ""風景"", ""有趣""]",可是週末我們常一起去運動。,verified_v3_book_locked,ok,,3
modern-chinese-l6-reading,第6課 短文：我的興趣,True,6,easy,5,0,運動,listening,🔊 Listen and choose the word you hear.,運動,exercise / sports,yùndòng,N,"[""網球"", ""運動"", ""風景"", ""有趣""]",,verified_v3_book_locked,ok,,3
modern-chinese-l6-reading,第6課 短文：我的興趣,True,6,easy,5,0,運動,pinyin,Choose the correct pinyin for 「運動」.,yùndòng,exercise / sports,yùndòng,N,"[""yùndòng"", ""yùndóng"", ""yùndōng"", ""yùndǒng""]",可是週末我們常一起去運動。,verified_v3_book_locked,ok,,3
modern-chinese-l6-reading,第6課 短文：我的興趣,True,6,easy,5,0,運動,cloze,Complete the sentence.,運動,exercise / sports,yùndòng,N,"[""電影"", ""腳踏車"", ""朋友""]",可是週末我們常一起去____。,verified_v3_book_locked,ok,,3
modern-chinese-l6-reading,第6課 短文：我的興趣,True,6,easy,5,0,運動,pos,What is the part of speech of 「運動」?,N,exercise / sports,yùndòng,N,"[""Pron"", ""Quant"", ""Loc""]",可是週末我們常一起去運動。,verified_v3_book_locked,ok,,3
modern-chinese-l6-reading,第6課 短文：我的興趣,True,6,medium,5,0,運動,translation,Choose the best English meaning of 「運動」.,exercise / sports,exercise / sports,yùndòng,N,"[""movie"", ""weather"", ""tennis""]",可是到了週末，我們常一起去運動。,verified_v3_book_locked,ok,,3
modern-chinese-l6-reading,第6課 短文：我的興趣,True,6,medium,5,0,運動,reverse,Choose the Chinese word for “exercise / sports”.,運動,exercise / sports,yùndòng,N,"[""網球"", ""天氣"", ""運動"", ""電影""]",可是到了週末，我們常一起去運動。,verified_v3_book_locked,ok,,3
modern-chinese-l6-reading,第6課 短文：我的興趣,True,6,medium,5,0,運動,listening,🔊 Listen and choose the word you hear.,運動,exercise / sports,yùndòng,N,"[""天氣"", ""運動"", ""網球"", ""電影""]",,verified_v3_book_locked,ok,,3
modern-chinese-l6-reading,第6課 短文：我的興趣,True,6,medium,5,0,運動,pinyin,Choose the correct pinyin and tone pattern for 「運動」.,yùndòng,exercise / sports,yùndòng,N,"[""yùndǒng"", ""yùndōng"", ""yùndóng"", ""yùndòng""]",可是到了週末，我們常一起去運動。,verified_v3_book_locked,ok,,3
modern-chinese-l6-reading,第6課 短文：我的興趣,True,6,medium,5,0,運動,cloze,Choose the word that best completes the sentence.,運動,exercise / sports,yùndòng,N,"[""電影"", ""朋友"", ""週末""]",可是到了週末，我們常一起去____。,verified_v3_book_locked,ok,,3
modern-chinese-l6-reading,第6課 短文：我的興趣,True,6,medium,5,0,運動,pos,"In this sentence, what part of speech is 「運動」?",N,exercise / sports,yùndòng,N,"[""Prep"", ""Loc"", ""Adj""]",可是到了週末，我們常一起去運動。,verified_v3_book_locked,ok,,3
modern-chinese-l6-reading,第6課 短文：我的興趣,True,6,hard,5,0,運動,translation,"In 「可是到了週末，只要大家有空，我們就常一起去運動，順便聊天和休息。」, what does 「運動」 mean?",exercise / sports,exercise / sports,yùndòng,N,"[""music"", ""Chinese language"", ""movie""]",可是到了週末，只要大家有空，我們就常一起去運動，順便聊天和休息。,verified_v3_book_locked,ok,,3
modern-chinese-l6-reading,第6課 短文：我的興趣,True,6,hard,5,0,運動,reverse,Which Chinese word best matches “exercise / sports” in this lesson context?,運動,exercise / sports,yùndòng,N,"[""中文"", ""運動"", ""音樂"", ""電影""]",可是到了週末，只要大家有空，我們就常一起去運動，順便聊天和休息。,verified_v3_book_locked,ok,,3
modern-chinese-l6-reading,第6課 短文：我的興趣,True,6,hard,5,0,運動,listening,🔊 Listen and choose the word you hear.,運動,exercise / sports,yùndòng,N,"[""運動"", ""音樂"", ""中文"", ""電影""]",,verified_v3_book_locked,ok,,3
modern-chinese-l6-reading,第6課 短文：我的興趣,True,6,hard,5,0,運動,pinyin,Which pinyin exactly matches the lexical tones of 「運動」?,yùndòng,exercise / sports,yùndòng,N,"[""yùndōng"", ""yùndǒng"", ""yùndòng"", ""yùndóng""]",可是到了週末，只要大家有空，我們就常一起去運動，順便聊天和休息。,verified_v3_book_locked,ok,,3
modern-chinese-l6-reading,第6課 短文：我的興趣,True,6,hard,5,0,運動,cloze,Choose the most contextually appropriate word for the blank.,運動,exercise / sports,yùndòng,N,"[""下午"", ""天氣"", ""下午茶""]",可是到了週末，只要大家有空，我們就常一起去____，順便聊天和休息。,verified_v3_book_locked,ok,,3
modern-chinese-l6-reading,第6課 短文：我的興趣,True,6,hard,5,0,運動,pos,Classify the grammatical category of 「運動」 as used in the sentence.,N,exercise / sports,yùndòng,N,"[""V"", ""Adv"", ""Prep""]",可是到了週末，只要大家有空，我們就常一起去運動，順便聊天和休息。,verified_v3_book_locked,ok,,3
modern-chinese-l6-reading,第6課 短文：我的興趣,True,6,easy,5,1,週末,translation,週末,weekend,weekend,zhōu mò,N,"[""weather"", ""beautiful"", ""interesting""]",可是週末我們常一起去運動。,verified_v3_book_locked,ok,,3
modern-chinese-l6-reading,第6課 短文：我的興趣,True,6,easy,5,1,週末,reverse,weekend,週末,weekend,zhōu mò,N,"[""週末"", ""漂亮"", ""天氣"", ""有趣""]",可是週末我們常一起去運動。,verified_v3_book_locked,ok,,3
modern-chinese-l6-reading,第6課 短文：我的興趣,True,6,easy,5,1,週末,listening,🔊 Listen and choose the word you hear.,週末,weekend,zhōu mò,N,"[""有趣"", ""漂亮"", ""天氣"", ""週末""]",,verified_v3_book_locked,ok,,3
modern-chinese-l6-reading,第6課 短文：我的興趣,True,6,easy,5,1,週末,pinyin,Choose the correct pinyin for 「週末」.,zhōu mò,weekend,zhōu mò,N,"[""zhōu mò"", ""zhōu mǒ"", ""zhōu mó"", ""zhōu mō""]",可是週末我們常一起去運動。,verified_v3_book_locked,ok,,3
modern-chinese-l6-reading,第6課 短文：我的興趣,True,6,easy,5,1,週末,cloze,Complete the sentence.,週末,weekend,zhōu mò,N,"[""音樂"", ""朋友"", ""中文""]",可是____我們常一起去運動。,verified_v3_book_locked,ok,,3
modern-chinese-l6-reading,第6課 短文：我的興趣,True,6,easy,5,1,週末,pos,What is the part of speech of 「週末」?,N,weekend,zhōu mò,N,"[""Pron"", ""Adj"", ""V""]",可是週末我們常一起去運動。,verified_v3_book_locked,ok,,3
modern-chinese-l6-reading,第6課 短文：我的興趣,True,6,medium,5,1,週末,translation,Choose the best English meaning of 「週末」.,weekend,weekend,zhōu mò,N,"[""tennis"", ""exercise / sports"", ""bicycle""]",可是到了週末，我們常一起去運動。,verified_v3_book_locked,ok,,3
modern-chinese-l6-reading,第6課 短文：我的興趣,True,6,medium,5,1,週末,reverse,Choose the Chinese word for “weekend”.,週末,weekend,zhōu mò,N,"[""運動"", ""週末"", ""網球"", ""腳踏車""]",可是到了週末，我們常一起去運動。,verified_v3_book_locked,ok,,3
modern-chinese-l6-reading,第6課 短文：我的興趣,True,6,medium,5,1,週末,listening,🔊 Listen and choose the word you hear.,週末,weekend,zhōu mò,N,"[""腳踏車"", ""網球"", ""週末"", ""運動""]",,verified_v3_book_locked,ok,,3
modern-chinese-l6-reading,第6課 短文：我的興趣,True,6,medium,5,1,週末,pinyin,Choose the correct pinyin and tone pattern for 「週末」.,zhōu mò,weekend,zhōu mò,N,"[""zhōu mō"", ""zhōu mǒ"", ""zhōu mó"", ""zhōu mò""]",可是到了週末，我們常一起去運動。,verified_v3_book_locked,ok,,3
modern-chinese-l6-reading,第6課 短文：我的興趣,True,6,medium,5,1,週末,cloze,Choose the word that best completes the sentence.,週末,weekend,zhōu mò,N,"[""腳踏車"", ""朋友"", ""電影""]",可是到了____，我們常一起去運動。,verified_v3_book_locked,ok,,3
modern-chinese-l6-reading,第6課 短文：我的興趣,True,6,medium,5,1,週末,pos,"In this sentence, what part of speech is 「週末」?",N,weekend,zhōu mò,N,"[""Loc"", ""MW"", ""V""]",可是到了週末，我們常一起去運動。,verified_v3_book_locked,ok,,3
modern-chinese-l6-reading,第6課 短文：我的興趣,True,6,hard,5,1,週末,translation,"In 「可是到了週末，只要大家有空，我們就常一起去運動，順便聊天和休息。」, what does 「週末」 mean?",weekend,weekend,zhōu mò,N,"[""afternoon"", ""birthday"", ""Saturday""]",可是到了週末，只要大家有空，我們就常一起去運動，順便聊天和休息。,verified_v3_book_locked,ok,,3
modern-chinese-l6-reading,第6課 短文：我的興趣,True,6,hard,5,1,週末,reverse,Which Chinese word best matches “weekend” in this lesson context?,週末,weekend,zhōu mò,N,"[""生日"", ""下午"", ""週末"", ""星期六""]",可是到了週末，只要大家有空，我們就常一起去運動，順便聊天和休息。,verified_v3_book_locked,ok,,3
modern-chinese-l6-reading,第6課 短文：我的興趣,True,6,hard,5,1,週末,listening,🔊 Listen and choose the word you hear.,週末,weekend,zhōu mò,N,"[""星期六"", ""下午"", ""生日"", ""週末""]",,verified_v3_book_locked,ok,,3
modern-chinese-l6-reading,第6課 短文：我的興趣,True,6,hard,5,1,週末,pinyin,Which pinyin exactly matches the lexical tones of 「週末」?,zhōu mò,weekend,zhōu mò,N,"[""zhōu mǒ"", ""zhōu mō"", ""zhōu mó"", ""zhōu mò""]",可是到了週末，只要大家有空，我們就常一起去運動，順便聊天和休息。,verified_v3_book_locked,ok,,3
modern-chinese-l6-reading,第6課 短文：我的興趣,True,6,hard,5,1,週末,cloze,Choose the most contextually appropriate word for the blank.,週末,weekend,zhōu mò,N,"[""音樂"", ""天氣"", ""網球""]",可是到了____，只要大家有空，我們就常一起去運動，順便聊天和休息。,verified_v3_book_locked,ok,,3
modern-chinese-l6-reading,第6課 短文：我的興趣,True,6,hard,5,1,週末,pos,Classify the grammatical category of 「週末」 as used in the sentence.,N,weekend,zhōu mò,N,"[""Prep"", ""Quant"", ""MW""]",可是到了週末，只要大家有空，我們就常一起去運動，順便聊天和休息。,verified_v3_book_locked,ok,,3
modern-chinese-l6-reading,第6課 短文：我的興趣,True,6,easy,6,0,游泳,translation,游泳,to swim,to swim,yóuyǒng,V,"[""to jog"", ""to rest"", ""scenery""]",宜文游泳游得不錯。,verified_v3_book_locked,ok,,3
modern-chinese-l6-reading,第6課 短文：我的興趣,True,6,easy,6,0,游泳,reverse,to swim,游泳,to swim,yóuyǒng,V,"[""游泳"", ""跑步"", ""休息"", ""風景""]",宜文游泳游得不錯。,verified_v3_book_locked,ok,,3
modern-chinese-l6-reading,第6課 短文：我的興趣,True,6,easy,6,0,游泳,listening,🔊 Listen and choose the word you hear.,游泳,to swim,yóuyǒng,V,"[""風景"", ""休息"", ""游泳"", ""跑步""]",,verified_v3_book_locked,ok,,3
modern-chinese-l6-reading,第6課 短文：我的興趣,True,6,easy,6,0,游泳,pinyin,Choose the correct pinyin for 「游泳」.,yóuyǒng,to swim,yóuyǒng,V,"[""yóuyóng"", ""yóuyōng"", ""yóuyǒng"", ""yóuyòng""]",宜文游泳游得不錯。,verified_v3_book_locked,ok,,3
modern-chinese-l6-reading,第6課 短文：我的興趣,True,6,easy,6,0,游泳,cloze,Complete the sentence.,游泳,to swim,yóuyǒng,V,"[""唱歌"", ""看書"", ""想""]",宜文____游得不錯。,verified_v3_book_locked,ok,,3
modern-chinese-l6-reading,第6課 短文：我的興趣,True,6,easy,6,0,游泳,pos,What is the part of speech of 「游泳」?,V,to swim,yóuyǒng,V,"[""Adv"", ""Adj"", ""Loc""]",宜文游泳游得不錯。,verified_v3_book_locked,ok,,3
modern-chinese-l6-reading,第6課 短文：我的興趣,True,6,medium,6,0,游泳,translation,Choose the best English meaning of 「游泳」.,to swim,to swim,yóuyǒng,V,"[""to read"", ""to rest"", ""to do / make""]",宜文游泳游得不錯，她常常教我們。,verified_v3_book_locked,ok,,3
modern-chinese-l6-reading,第6課 短文：我的興趣,True,6,medium,6,0,游泳,reverse,Choose the Chinese word for “to swim”.,游泳,to swim,yóuyǒng,V,"[""看書"", ""做"", ""休息"", ""游泳""]",宜文游泳游得不錯，她常常教我們。,verified_v3_book_locked,ok,,3
modern-chinese-l6-reading,第6課 短文：我的興趣,True,6,medium,6,0,游泳,listening,🔊 Listen and choose the word you hear.,游泳,to swim,yóuyǒng,V,"[""看書"", ""做"", ""休息"", ""游泳""]",,verified_v3_book_locked,ok,,3
modern-chinese-l6-reading,第6課 短文：我的興趣,True,6,medium,6,0,游泳,pinyin,Choose the correct pinyin and tone pattern for 「游泳」.,yóuyǒng,to swim,yóuyǒng,V,"[""yóuyōng"", ""yóuyóng"", ""yóuyòng"", ""yóuyǒng""]",宜文游泳游得不錯，她常常教我們。,verified_v3_book_locked,ok,,3
modern-chinese-l6-reading,第6課 短文：我的興趣,True,6,medium,6,0,游泳,cloze,Choose the word that best completes the sentence.,游泳,to swim,yóuyǒng,V,"[""要"", ""去"", ""聽音樂""]",宜文____游得不錯，她常常教我們。,verified_v3_book_locked,ok,,3
modern-chinese-l6-reading,第6課 短文：我的興趣,True,6,medium,6,0,游泳,pos,"In this sentence, what part of speech is 「游泳」?",V,to swim,yóuyǒng,V,"[""Pron"", ""Quant"", ""N""]",宜文游泳游得不錯，她常常教我們。,verified_v3_book_locked,ok,,3
modern-chinese-l6-reading,第6課 短文：我的興趣,True,6,hard,6,0,游泳,translation,"In 「宜文游泳游得不錯，不但速度很快，也很會教剛開始學的人。」, what does 「游泳」 mean?",to swim,to swim,yóuyǒng,V,"[""to eat"", ""have"", ""to sing""]",宜文游泳游得不錯，不但速度很快，也很會教剛開始學的人。,verified_v3_book_locked,ok,,3
modern-chinese-l6-reading,第6課 短文：我的興趣,True,6,hard,6,0,游泳,reverse,Which Chinese word best matches “to swim” in this lesson context?,游泳,to swim,yóuyǒng,V,"[""吃飯"", ""唱歌"", ""有"", ""游泳""]",宜文游泳游得不錯，不但速度很快，也很會教剛開始學的人。,verified_v3_book_locked,ok,,3
modern-chinese-l6-reading,第6課 短文：我的興趣,True,6,hard,6,0,游泳,listening,🔊 Listen and choose the word you hear.,游泳,to swim,yóuyǒng,V,"[""有"", ""吃飯"", ""游泳"", ""唱歌""]",,verified_v3_book_locked,ok,,3
modern-chinese-l6-reading,第6課 短文：我的興趣,True,6,hard,6,0,游泳,pinyin,Which pinyin exactly matches the lexical tones of 「游泳」?,yóuyǒng,to swim,yóuyǒng,V,"[""yóuyǒng"", ""yóuyóng"", ""yóuyōng"", ""yóuyòng""]",宜文游泳游得不錯，不但速度很快，也很會教剛開始學的人。,verified_v3_book_locked,ok,,3
modern-chinese-l6-reading,第6課 短文：我的興趣,True,6,hard,6,0,游泳,cloze,Choose the most contextually appropriate word for the blank.,游泳,to swim,yóuyǒng,V,"[""做"", ""喝"", ""幫""]",宜文____游得不錯，不但速度很快，也很會教剛開始學的人。,verified_v3_book_locked,ok,,3
modern-chinese-l6-reading,第6課 短文：我的興趣,True,6,hard,6,0,游泳,pos,Classify the grammatical category of 「游泳」 as used in the sentence.,V,to swim,yóuyǒng,V,"[""Pron"", ""MW"", ""Loc""]",宜文游泳游得不錯，不但速度很快，也很會教剛開始學的人。,verified_v3_book_locked,ok,,3
modern-chinese-l6-reading,第6課 短文：我的興趣,True,6,easy,8,0,網球,translation,網球,tennis,tennis,wǎngqiú,N,"[""to rest"", ""to jog"", ""to swim""]",我喜歡打網球。,verified_v3_book_locked,ok,,3
modern-chinese-l6-reading,第6課 短文：我的興趣,True,6,easy,8,0,網球,reverse,tennis,網球,tennis,wǎngqiú,N,"[""游泳"", ""網球"", ""跑步"", ""休息""]",我喜歡打網球。,verified_v3_book_locked,ok,,3
modern-chinese-l6-reading,第6課 短文：我的興趣,True,6,easy,8,0,網球,listening,🔊 Listen and choose the word you hear.,網球,tennis,wǎngqiú,N,"[""跑步"", ""網球"", ""游泳"", ""休息""]",,verified_v3_book_locked,ok,,3
modern-chinese-l6-reading,第6課 短文：我的興趣,True,6,easy,8,0,網球,pinyin,Choose the correct pinyin for 「網球」.,wǎngqiú,tennis,wǎngqiú,N,"[""wǎngqiù"", ""wǎngqiú"", ""wǎngqiū"", ""wǎngqiǔ""]",我喜歡打網球。,verified_v3_book_locked,ok,,3
modern-chinese-l6-reading,第6課 短文：我的興趣,True,6,easy,8,0,網球,cloze,Complete the sentence.,網球,tennis,wǎngqiú,N,"[""運動"", ""電影"", ""腳踏車""]",我喜歡打____。,verified_v3_book_locked,ok,,3
modern-chinese-l6-reading,第6課 短文：我的興趣,True,6,easy,8,0,網球,pos,What is the part of speech of 「網球」?,N,tennis,wǎngqiú,N,"[""Pron"", ""Quant"", ""Loc""]",我喜歡打網球。,verified_v3_book_locked,ok,,3
modern-chinese-l6-reading,第6課 短文：我的興趣,True,6,medium,8,0,網球,translation,Choose the best English meaning of 「網球」.,tennis,tennis,wǎngqiú,N,"[""weather"", ""music"", ""friend""]",我喜歡打網球，有空的時候就會去打。,verified_v3_book_locked,ok,,3
modern-chinese-l6-reading,第6課 短文：我的興趣,True,6,medium,8,0,網球,reverse,Choose the Chinese word for “tennis”.,網球,tennis,wǎngqiú,N,"[""朋友"", ""音樂"", ""天氣"", ""網球""]",我喜歡打網球，有空的時候就會去打。,verified_v3_book_locked,ok,,3
modern-chinese-l6-reading,第6課 短文：我的興趣,True,6,medium,8,0,網球,listening,🔊 Listen and choose the word you hear.,網球,tennis,wǎngqiú,N,"[""朋友"", ""網球"", ""音樂"", ""天氣""]",,verified_v3_book_locked,ok,,3
modern-chinese-l6-reading,第6課 短文：我的興趣,True,6,medium,8,0,網球,pinyin,Choose the correct pinyin and tone pattern for 「網球」.,wǎngqiú,tennis,wǎngqiú,N,"[""wǎngqiù"", ""wǎngqiū"", ""wǎngqiú"", ""wǎngqiǔ""]",我喜歡打網球，有空的時候就會去打。,verified_v3_book_locked,ok,,3
modern-chinese-l6-reading,第6課 短文：我的興趣,True,6,medium,8,0,網球,cloze,Choose the word that best completes the sentence.,網球,tennis,wǎngqiú,N,"[""音樂"", ""風景"", ""友美""]",我喜歡打____，有空的時候就會去打。,verified_v3_book_locked,ok,,3
modern-chinese-l6-reading,第6課 短文：我的興趣,True,6,medium,8,0,網球,pos,"In this sentence, what part of speech is 「網球」?",N,tennis,wǎngqiú,N,"[""V"", ""Adv"", ""Loc""]",我喜歡打網球，有空的時候就會去打。,verified_v3_book_locked,ok,,3
modern-chinese-l6-reading,第6課 短文：我的興趣,True,6,hard,8,0,網球,translation,"In 「我最喜歡打網球，因為一邊運動一邊和朋友比賽，讓我覺得很有趣。」, what does 「網球」 mean?",tennis,tennis,wǎngqiú,N,"[""Chinese language"", ""scenery"", ""music""]",我最喜歡打網球，因為一邊運動一邊和朋友比賽，讓我覺得很有趣。,verified_v3_book_locked,ok,,3
modern-chinese-l6-reading,第6課 短文：我的興趣,True,6,hard,8,0,網球,reverse,Which Chinese word best matches “tennis” in this lesson context?,網球,tennis,wǎngqiú,N,"[""中文"", ""音樂"", ""網球"", ""風景""]",我最喜歡打網球，因為一邊運動一邊和朋友比賽，讓我覺得很有趣。,verified_v3_book_locked,ok,,3
modern-chinese-l6-reading,第6課 短文：我的興趣,True,6,hard,8,0,網球,listening,🔊 Listen and choose the word you hear.,網球,tennis,wǎngqiú,N,"[""音樂"", ""網球"", ""中文"", ""風景""]",,verified_v3_book_locked,ok,,3
modern-chinese-l6-reading,第6課 短文：我的興趣,True,6,hard,8,0,網球,pinyin,Which pinyin exactly matches the lexical tones of 「網球」?,wǎngqiú,tennis,wǎngqiú,N,"[""wǎngqiǔ"", ""wǎngqiù"", ""wǎngqiú"", ""wǎngqiū""]",我最喜歡打網球，因為一邊運動一邊和朋友比賽，讓我覺得很有趣。,verified_v3_book_locked,ok,,3
modern-chinese-l6-reading,第6課 短文：我的興趣,True,6,hard,8,0,網球,cloze,Choose the most contextually appropriate word for the blank.,網球,tennis,wǎngqiú,N,"[""腳踏車"", ""星期六"", ""家""]",我最喜歡打____，因為一邊運動一邊和朋友比賽，讓我覺得很有趣。,verified_v3_book_locked,ok,,3
modern-chinese-l6-reading,第6課 短文：我的興趣,True,6,hard,8,0,網球,pos,Classify the grammatical category of 「網球」 as used in the sentence.,N,tennis,wǎngqiú,N,"[""Adv"", ""Loc"", ""Adj""]",我最喜歡打網球，因為一邊運動一邊和朋友比賽，讓我覺得很有趣。,verified_v3_book_locked,ok,,3
modern-chinese-l6-reading,第6課 短文：我的興趣,True,6,easy,9,0,運動,translation,運動,exercise / sports,exercise / sports,yùndòng,N,"[""beautiful"", ""movie"", ""tennis""]",有時候我們也一起去看運動比賽。,verified_v3_book_locked,ok,,3
modern-chinese-l6-reading,第6課 短文：我的興趣,True,6,easy,9,0,運動,reverse,exercise / sports,運動,exercise / sports,yùndòng,N,"[""運動"", ""電影"", ""漂亮"", ""網球""]",有時候我們也一起去看運動比賽。,verified_v3_book_locked,ok,,3
modern-chinese-l6-reading,第6課 短文：我的興趣,True,6,easy,9,0,運動,listening,🔊 Listen and choose the word you hear.,運動,exercise / sports,yùndòng,N,"[""電影"", ""運動"", ""網球"", ""漂亮""]",,verified_v3_book_locked,ok,,3
modern-chinese-l6-reading,第6課 短文：我的興趣,True,6,easy,9,0,運動,pinyin,Choose the correct pinyin for 「運動」.,yùndòng,exercise / sports,yùndòng,N,"[""yùndǒng"", ""yùndóng"", ""yùndōng"", ""yùndòng""]",有時候我們也一起去看運動比賽。,verified_v3_book_locked,ok,,3
modern-chinese-l6-reading,第6課 短文：我的興趣,True,6,easy,9,0,運動,cloze,Complete the sentence.,運動,exercise / sports,yùndòng,N,"[""天氣"", ""朋友"", ""網球""]",有時候我們也一起去看____比賽。,verified_v3_book_locked,ok,,3
modern-chinese-l6-reading,第6課 短文：我的興趣,True,6,easy,9,0,運動,pos,What is the part of speech of 「運動」?,N,exercise / sports,yùndòng,N,"[""Pron"", ""Quant"", ""Loc""]",有時候我們也一起去看運動比賽。,verified_v3_book_locked,ok,,3
modern-chinese-l6-reading,第6課 短文：我的興趣,True,6,medium,9,0,運動,translation,Choose the best English meaning of 「運動」.,exercise / sports,exercise / sports,yùndòng,N,"[""tennis"", ""weekend"", ""scenery""]",有時候我們也一起去看運動比賽，替喜歡的隊加油。,verified_v3_book_locked,ok,,3
modern-chinese-l6-reading,第6課 短文：我的興趣,True,6,medium,9,0,運動,reverse,Choose the Chinese word for “exercise / sports”.,運動,exercise / sports,yùndòng,N,"[""運動"", ""週末"", ""網球"", ""風景""]",有時候我們也一起去看運動比賽，替喜歡的隊加油。,verified_v3_book_locked,ok,,3
modern-chinese-l6-reading,第6課 短文：我的興趣,True,6,medium,9,0,運動,listening,🔊 Listen and choose the word you hear.,運動,exercise / sports,yùndòng,N,"[""網球"", ""風景"", ""週末"", ""運動""]",,verified_v3_book_locked,ok,,3
modern-chinese-l6-reading,第6課 短文：我的興趣,True,6,medium,9,0,運動,pinyin,Choose the correct pinyin and tone pattern for 「運動」.,yùndòng,exercise / sports,yùndòng,N,"[""yùndòng"", ""yùndóng"", ""yùndǒng"", ""yùndōng""]",有時候我們也一起去看運動比賽，替喜歡的隊加油。,verified_v3_book_locked,ok,,3
modern-chinese-l6-reading,第6課 短文：我的興趣,True,6,medium,9,0,運動,cloze,Choose the word that best completes the sentence.,運動,exercise / sports,yùndòng,N,"[""音樂"", ""網球"", ""電影""]",有時候我們也一起去看____比賽，替喜歡的隊加油。,verified_v3_book_locked,ok,,3
modern-chinese-l6-reading,第6課 短文：我的興趣,True,6,medium,9,0,運動,pos,"In this sentence, what part of speech is 「運動」?",N,exercise / sports,yùndòng,N,"[""Prep"", ""Loc"", ""Adj""]",有時候我們也一起去看運動比賽，替喜歡的隊加油。,verified_v3_book_locked,ok,,3
modern-chinese-l6-reading,第6課 短文：我的興趣,True,6,hard,9,0,運動,translation,"In 「除了自己運動以外，有時候我們也一起去看運動比賽，大家一邊看一邊聊天，非常熱鬧。」, what does 「運動」 mean?",exercise / sports,exercise / sports,yùndòng,N,"[""newspaper"", ""English language"", ""tennis""]",除了自己運動以外，有時候我們也一起去看運動比賽，大家一邊看一邊聊天，非常熱鬧。,verified_v3_book_locked,ok,,3
modern-chinese-l6-reading,第6課 短文：我的興趣,True,6,hard,9,0,運動,reverse,Which Chinese word best matches “exercise / sports” in this lesson context?,運動,exercise / sports,yùndòng,N,"[""網球"", ""報紙"", ""英文"", ""運動""]",除了自己運動以外，有時候我們也一起去看運動比賽，大家一邊看一邊聊天，非常熱鬧。,verified_v3_book_locked,ok,,3
modern-chinese-l6-reading,第6課 短文：我的興趣,True,6,hard,9,0,運動,listening,🔊 Listen and choose the word you hear.,運動,exercise / sports,yùndòng,N,"[""英文"", ""運動"", ""網球"", ""報紙""]",,verified_v3_book_locked,ok,,3
modern-chinese-l6-reading,第6課 短文：我的興趣,True,6,hard,9,0,運動,pinyin,Which pinyin exactly matches the lexical tones of 「運動」?,yùndòng,exercise / sports,yùndòng,N,"[""yùndóng"", ""yùndōng"", ""yùndǒng"", ""yùndòng""]",除了自己運動以外，有時候我們也一起去看運動比賽，大家一邊看一邊聊天，非常熱鬧。,verified_v3_book_locked,ok,,3
modern-chinese-l6-reading,第6課 短文：我的興趣,True,6,hard,9,0,運動,cloze,Choose the most contextually appropriate word for the blank.,運動,exercise / sports,yùndòng,N,"[""下午茶"", ""友美"", ""星期六""]",除了自己____以外，有時候我們也一起去看比賽，大家一邊看一邊聊天，非常熱鬧。,verified_v3_book_locked,ok,,3
modern-chinese-l6-reading,第6課 短文：我的興趣,True,6,hard,9,0,運動,pos,Classify the grammatical category of 「運動」 as used in the sentence.,N,exercise / sports,yùndòng,N,"[""V"", ""Adv"", ""Prep""]",除了自己運動以外，有時候我們也一起去看運動比賽，大家一邊看一邊聊天，非常熱鬧。,verified_v3_book_locked,ok,,3
modern-chinese-l6-reading,第6課 短文：我的興趣,True,6,easy,10,0,朋友,translation,朋友,friend,friend,péngyǒu,N,"[""tennis"", ""beautiful"", ""to jog""]",有這幾個好朋友，我真高興！,verified_v3_book_locked,ok,,3
modern-chinese-l6-reading,第6課 短文：我的興趣,True,6,easy,10,0,朋友,reverse,friend,朋友,friend,péngyǒu,N,"[""朋友"", ""跑步"", ""網球"", ""漂亮""]",有這幾個好朋友，我真高興！,verified_v3_book_locked,ok,,3
modern-chinese-l6-reading,第6課 短文：我的興趣,True,6,easy,10,0,朋友,listening,🔊 Listen and choose the word you hear.,朋友,friend,péngyǒu,N,"[""跑步"", ""漂亮"", ""朋友"", ""網球""]",,verified_v3_book_locked,ok,,3
modern-chinese-l6-reading,第6課 短文：我的興趣,True,6,easy,10,0,朋友,pinyin,Choose the correct pinyin for 「朋友」.,péngyǒu,friend,péngyǒu,N,"[""péngyòu"", ""péngyǒu"", ""péngyōu"", ""péngyóu""]",有這幾個好朋友，我真高興！,verified_v3_book_locked,ok,,3
modern-chinese-l6-reading,第6課 短文：我的興趣,True,6,easy,10,0,朋友,cloze,Complete the sentence.,朋友,friend,péngyǒu,N,"[""天氣"", ""運動"", ""中文""]",有這幾個好____，我真高興！,verified_v3_book_locked,ok,,3
modern-chinese-l6-reading,第6課 短文：我的興趣,True,6,easy,10,0,朋友,pos,What is the part of speech of 「朋友」?,N,friend,péngyǒu,N,"[""V"", ""Pron"", ""Adv""]",有這幾個好朋友，我真高興！,verified_v3_book_locked,ok,,3
modern-chinese-l6-reading,第6課 短文：我的興趣,True,6,easy,10,0,朋友,synonym,Which word or phrase is closest in meaning to 「朋友」?,友人,friend,péngyǒu,N,"[""有趣"", ""風景"", ""網球""]",有這幾個好朋友，我真高興！,verified_v3_book_locked,ok,,3
modern-chinese-l6-reading,第6課 短文：我的興趣,True,6,medium,10,0,朋友,translation,Choose the best English meaning of 「朋友」.,friend,friend,péngyǒu,N,"[""exercise / sports"", ""scenery"", ""tennis""]",有這幾個好朋友，我真的覺得很高興！,verified_v3_book_locked,ok,,3
modern-chinese-l6-reading,第6課 短文：我的興趣,True,6,medium,10,0,朋友,reverse,Choose the Chinese word for “friend”.,朋友,friend,péngyǒu,N,"[""網球"", ""風景"", ""運動"", ""朋友""]",有這幾個好朋友，我真的覺得很高興！,verified_v3_book_locked,ok,,3
modern-chinese-l6-reading,第6課 短文：我的興趣,True,6,medium,10,0,朋友,listening,🔊 Listen and choose the word you hear.,朋友,friend,péngyǒu,N,"[""網球"", ""運動"", ""風景"", ""朋友""]",,verified_v3_book_locked,ok,,3
modern-chinese-l6-reading,第6課 短文：我的興趣,True,6,medium,10,0,朋友,pinyin,Choose the correct pinyin and tone pattern for 「朋友」.,péngyǒu,friend,péngyǒu,N,"[""péngyǒu"", ""péngyóu"", ""péngyòu"", ""péngyōu""]",有這幾個好朋友，我真的覺得很高興！,verified_v3_book_locked,ok,,3
modern-chinese-l6-reading,第6課 短文：我的興趣,True,6,medium,10,0,朋友,cloze,Choose the word that best completes the sentence.,朋友,friend,péngyǒu,N,"[""天氣"", ""中文"", ""電影""]",有這幾個好____，我真的覺得很高興！,verified_v3_book_locked,ok,,3
modern-chinese-l6-reading,第6課 短文：我的興趣,True,6,medium,10,0,朋友,pos,"In this sentence, what part of speech is 「朋友」?",N,friend,péngyǒu,N,"[""MW"", ""Quant"", ""Adj""]",有這幾個好朋友，我真的覺得很高興！,verified_v3_book_locked,ok,,3
modern-chinese-l6-reading,第6課 短文：我的興趣,True,6,medium,10,0,朋友,synonym,"In this lesson context, which expression is closest in meaning to 「朋友」?",友人,friend,péngyǒu,N,"[""電影"", ""週末"", ""音樂""]",有這幾個好朋友，我真的覺得很高興！,verified_v3_book_locked,ok,,3
modern-chinese-l6-reading,第6課 短文：我的興趣,True,6,hard,10,0,朋友,translation,"In 「有這幾個好朋友，我真高興！我們興趣相近，也常常互相陪伴，所以週末總是很開心。」, what does 「朋友」 mean?",friend,friend,péngyǒu,N,"[""older brother"", ""teacher"", ""Youmei (person’s name)""]",有這幾個好朋友，我真高興！我們興趣相近，也常常互相陪伴，所以週末總是很開心。,verified_v3_book_locked,ok,,3
modern-chinese-l6-reading,第6課 短文：我的興趣,True,6,hard,10,0,朋友,reverse,Which Chinese word best matches “friend” in this lesson context?,朋友,friend,péngyǒu,N,"[""朋友"", ""友美"", ""哥哥"", ""老師""]",有這幾個好朋友，我真高興！我們興趣相近，也常常互相陪伴，所以週末總是很開心。,verified_v3_book_locked,ok,,3
modern-chinese-l6-reading,第6課 短文：我的興趣,True,6,hard,10,0,朋友,listening,🔊 Listen and choose the word you hear.,朋友,friend,péngyǒu,N,"[""老師"", ""朋友"", ""友美"", ""哥哥""]",,verified_v3_book_locked,ok,,3
modern-chinese-l6-reading,第6課 短文：我的興趣,True,6,hard,10,0,朋友,pinyin,Which pinyin exactly matches the lexical tones of 「朋友」?,péngyǒu,friend,péngyǒu,N,"[""péngyòu"", ""péngyōu"", ""péngyǒu"", ""péngyóu""]",有這幾個好朋友，我真高興！我們興趣相近，也常常互相陪伴，所以週末總是很開心。,verified_v3_book_locked,ok,,3
modern-chinese-l6-reading,第6課 短文：我的興趣,True,6,hard,10,0,朋友,cloze,Choose the most contextually appropriate word for the blank.,朋友,friend,péngyǒu,N,"[""風景"", ""腳踏車"", ""音樂""]",有這幾個好____，我真高興！我們興趣相近，也常常互相陪伴，所以週末總是很開心。,verified_v3_book_locked,ok,,3
modern-chinese-l6-reading,第6課 短文：我的興趣,True,6,hard,10,0,朋友,pos,Classify the grammatical category of 「朋友」 as used in the sentence.,N,friend,péngyǒu,N,"[""MW"", ""Loc"", ""Pron""]",有這幾個好朋友，我真高興！我們興趣相近，也常常互相陪伴，所以週末總是很開心。,verified_v3_book_locked,ok,,3
modern-chinese-l6-reading,第6課 短文：我的興趣,True,6,hard,10,0,朋友,synonym,Which expression can best replace 「朋友」 without changing the intended meaning?,友人,friend,péngyǒu,N,"[""同學"", ""友美"", ""老師""]",有這幾個好朋友，我真高興！我們興趣相近，也常常互相陪伴，所以週末總是很開心。,verified_v3_book_locked,ok,,3
modern-chinese-l7-dialogue-1,第7課 對話一：怎麼去天美飯店？,True,7,easy,0,0,朋友,translation,朋友,friend,friend,péngyǒu,N,"[""bus"", ""to walk"", ""map""]",友美：元真，我們明天幾點去找你的韓國朋友？,verified_v3_book_locked,ok,,1
modern-chinese-l7-dialogue-1,第7課 對話一：怎麼去天美飯店？,True,7,easy,0,0,朋友,reverse,friend,朋友,friend,péngyǒu,N,"[""走路"", ""地圖"", ""朋友"", ""公車""]",友美：元真，我們明天幾點去找你的韓國朋友？,verified_v3_book_locked,ok,,1
modern-chinese-l7-dialogue-1,第7課 對話一：怎麼去天美飯店？,True,7,easy,0,0,朋友,listening,🔊 Listen and choose the word you hear.,朋友,friend,péngyǒu,N,"[""地圖"", ""公車"", ""走路"", ""朋友""]",,verified_v3_book_locked,ok,,1
modern-chinese-l7-dialogue-1,第7課 對話一：怎麼去天美飯店？,True,7,easy,0,0,朋友,pinyin,Choose the correct pinyin for 「朋友」.,péngyǒu,friend,péngyǒu,N,"[""péngyōu"", ""péngyòu"", ""péngyóu"", ""péngyǒu""]",友美：元真，我們明天幾點去找你的韓國朋友？,verified_v3_book_locked,ok,,1
modern-chinese-l7-dialogue-1,第7課 對話一：怎麼去天美飯店？,True,7,easy,0,0,朋友,cloze,Complete the sentence.,朋友,friend,péngyǒu,N,"[""飯店"", ""郵局"", ""週末""]",友美：元真，我們明天幾點去找你的韓國____？,verified_v3_book_locked,ok,,1
modern-chinese-l7-dialogue-1,第7課 對話一：怎麼去天美飯店？,True,7,easy,0,0,朋友,pos,What is the part of speech of 「朋友」?,N,friend,péngyǒu,N,"[""V"", ""Pron"", ""Adv""]",友美：元真，我們明天幾點去找你的韓國朋友？,verified_v3_book_locked,ok,,1
modern-chinese-l7-dialogue-1,第7課 對話一：怎麼去天美飯店？,True,7,easy,0,0,朋友,synonym,Which word or phrase is closest in meaning to 「朋友」?,友人,friend,péngyǒu,N,"[""飯店"", ""郵局"", ""附近""]",友美：元真，我們明天幾點去找你的韓國朋友？,verified_v3_book_locked,ok,,1
modern-chinese-l7-dialogue-1,第7課 對話一：怎麼去天美飯店？,True,7,medium,0,0,朋友,translation,Choose the best English meaning of 「朋友」.,friend,friend,péngyǒu,N,"[""MRT"", ""map"", ""school""]",友美：元真，我們明天幾點去找你的韓國朋友？要不要早一點出發？,verified_v3_book_locked,ok,,1
modern-chinese-l7-dialogue-1,第7課 對話一：怎麼去天美飯店？,True,7,medium,0,0,朋友,reverse,Choose the Chinese word for “friend”.,朋友,friend,péngyǒu,N,"[""學校"", ""捷運"", ""地圖"", ""朋友""]",友美：元真，我們明天幾點去找你的韓國朋友？要不要早一點出發？,verified_v3_book_locked,ok,,1
modern-chinese-l7-dialogue-1,第7課 對話一：怎麼去天美飯店？,True,7,medium,0,0,朋友,listening,🔊 Listen and choose the word you hear.,朋友,friend,péngyǒu,N,"[""學校"", ""地圖"", ""捷運"", ""朋友""]",,verified_v3_book_locked,ok,,1
modern-chinese-l7-dialogue-1,第7課 對話一：怎麼去天美飯店？,True,7,medium,0,0,朋友,pinyin,Choose the correct pinyin and tone pattern for 「朋友」.,péngyǒu,friend,péngyǒu,N,"[""péngyǒu"", ""péngyōu"", ""péngyòu"", ""péngyóu""]",友美：元真，我們明天幾點去找你的韓國朋友？要不要早一點出發？,verified_v3_book_locked,ok,,1
modern-chinese-l7-dialogue-1,第7課 對話一：怎麼去天美飯店？,True,7,medium,0,0,朋友,cloze,Choose the word that best completes the sentence.,朋友,friend,péngyǒu,N,"[""地圖"", ""電影"", ""運動""]",友美：元真，我們明天幾點去找你的韓國____？要不要早一點出發？,verified_v3_book_locked,ok,,1
modern-chinese-l7-dialogue-1,第7課 對話一：怎麼去天美飯店？,True,7,medium,0,0,朋友,pos,"In this sentence, what part of speech is 「朋友」?",N,friend,péngyǒu,N,"[""MW"", ""Quant"", ""Adj""]",友美：元真，我們明天幾點去找你的韓國朋友？要不要早一點出發？,verified_v3_book_locked,ok,,1
modern-chinese-l7-dialogue-1,第7課 對話一：怎麼去天美飯店？,True,7,medium,0,0,朋友,synonym,"In this lesson context, which expression is closest in meaning to 「朋友」?",友人,friend,péngyǒu,N,"[""捷運"", ""超級市場"", ""學校""]",友美：元真，我們明天幾點去找你的韓國朋友？要不要早一點出發？,verified_v3_book_locked,ok,,1
modern-chinese-l7-dialogue-1,第7課 對話一：怎麼去天美飯店？,True,7,hard,0,0,朋友,translation,"In 「友美：元真，我們明天幾點去找你的韓國朋友？我怕路上花時間，所以想先確認出發的時間。」, what does 「朋友」 mean?",friend,friend,péngyǒu,N,"[""teacher"", ""Youmei (person’s name)"", ""classmate""]",友美：元真，我們明天幾點去找你的韓國朋友？我怕路上花時間，所以想先確認出發的時間。,verified_v3_book_locked,ok,,1
modern-chinese-l7-dialogue-1,第7課 對話一：怎麼去天美飯店？,True,7,hard,0,0,朋友,reverse,Which Chinese word best matches “friend” in this lesson context?,朋友,friend,péngyǒu,N,"[""老師"", ""朋友"", ""友美"", ""同學""]",友美：元真，我們明天幾點去找你的韓國朋友？我怕路上花時間，所以想先確認出發的時間。,verified_v3_book_locked,ok,,1
modern-chinese-l7-dialogue-1,第7課 對話一：怎麼去天美飯店？,True,7,hard,0,0,朋友,listening,🔊 Listen and choose the word you hear.,朋友,friend,péngyǒu,N,"[""老師"", ""友美"", ""同學"", ""朋友""]",,verified_v3_book_locked,ok,,1
modern-chinese-l7-dialogue-1,第7課 對話一：怎麼去天美飯店？,True,7,hard,0,0,朋友,pinyin,Which pinyin exactly matches the lexical tones of 「朋友」?,péngyǒu,friend,péngyǒu,N,"[""péngyóu"", ""péngyǒu"", ""péngyōu"", ""péngyòu""]",友美：元真，我們明天幾點去找你的韓國朋友？我怕路上花時間，所以想先確認出發的時間。,verified_v3_book_locked,ok,,1
modern-chinese-l7-dialogue-1,第7課 對話一：怎麼去天美飯店？,True,7,hard,0,0,朋友,cloze,Choose the most contextually appropriate word for the blank.,朋友,friend,péngyǒu,N,"[""學校"", ""運動"", ""電影""]",友美：元真，我們明天幾點去找你的韓國____？我怕路上花時間，所以想先確認出發的時間。,verified_v3_book_locked,ok,,1
modern-chinese-l7-dialogue-1,第7課 對話一：怎麼去天美飯店？,True,7,hard,0,0,朋友,pos,Classify the grammatical category of 「朋友」 as used in the sentence.,N,friend,péngyǒu,N,"[""MW"", ""Loc"", ""Pron""]",友美：元真，我們明天幾點去找你的韓國朋友？我怕路上花時間，所以想先確認出發的時間。,verified_v3_book_locked,ok,,1
modern-chinese-l7-dialogue-1,第7課 對話一：怎麼去天美飯店？,True,7,hard,0,0,朋友,synonym,Which expression can best replace 「朋友」 without changing the intended meaning?,友人,friend,péngyǒu,N,"[""家人"", ""媽"", ""友美""]",友美：元真，我們明天幾點去找你的韓國朋友？我怕路上花時間，所以想先確認出發的時間。,verified_v3_book_locked,ok,,1
modern-chinese-l7-dialogue-1,第7課 對話一：怎麼去天美飯店？,True,7,easy,1,0,飯店,translation,飯店,hotel,hotel,fàndiàn,N,"[""bus"", ""nearby / vicinity"", ""to walk""]",元真：我們下午四點要到天美飯店，她在那裡等我們。,verified_v3_book_locked,ok,,1
modern-chinese-l7-dialogue-1,第7課 對話一：怎麼去天美飯店？,True,7,easy,1,0,飯店,reverse,hotel,飯店,hotel,fàndiàn,N,"[""公車"", ""附近"", ""走路"", ""飯店""]",元真：我們下午四點要到天美飯店，她在那裡等我們。,verified_v3_book_locked,ok,,1
modern-chinese-l7-dialogue-1,第7課 對話一：怎麼去天美飯店？,True,7,easy,1,0,飯店,listening,🔊 Listen and choose the word you hear.,飯店,hotel,fàndiàn,N,"[""附近"", ""走路"", ""飯店"", ""公車""]",,verified_v3_book_locked,ok,,1
modern-chinese-l7-dialogue-1,第7課 對話一：怎麼去天美飯店？,True,7,easy,1,0,飯店,pinyin,Choose the correct pinyin for 「飯店」.,fàndiàn,hotel,fàndiàn,N,"[""fàndián"", ""fàndiǎn"", ""fàndiān"", ""fàndiàn""]",元真：我們下午四點要到天美飯店，她在那裡等我們。,verified_v3_book_locked,ok,,1
modern-chinese-l7-dialogue-1,第7課 對話一：怎麼去天美飯店？,True,7,easy,1,0,飯店,cloze,Complete the sentence.,飯店,hotel,fàndiàn,N,"[""朋友"", ""郵局"", ""捷運""]",元真：我們下午四點要到天美____，她在那裡等我們。,verified_v3_book_locked,ok,,1
modern-chinese-l7-dialogue-1,第7課 對話一：怎麼去天美飯店？,True,7,easy,1,0,飯店,pos,What is the part of speech of 「飯店」?,N,hotel,fàndiàn,N,"[""Adv"", ""Prep"", ""V""]",元真：我們下午四點要到天美飯店，她在那裡等我們。,verified_v3_book_locked,ok,,1
modern-chinese-l7-dialogue-1,第7課 對話一：怎麼去天美飯店？,True,7,easy,1,0,飯店,synonym,Which word or phrase is closest in meaning to 「飯店」?,旅館,hotel,fàndiàn,N,"[""地圖"", ""朋友"", ""學校""]",元真：我們下午四點要到天美飯店，她在那裡等我們。,verified_v3_book_locked,ok,,1
modern-chinese-l7-dialogue-1,第7課 對話一：怎麼去天美飯店？,True,7,medium,1,0,飯店,translation,Choose the best English meaning of 「飯店」.,hotel,hotel,fàndiàn,N,"[""school"", ""bus"", ""movie""]",元真：我們下午四點要到天美飯店，她會在那裡等我們。,verified_v3_book_locked,ok,,1
modern-chinese-l7-dialogue-1,第7課 對話一：怎麼去天美飯店？,True,7,medium,1,0,飯店,reverse,Choose the Chinese word for “hotel”.,飯店,hotel,fàndiàn,N,"[""學校"", ""飯店"", ""公車"", ""電影""]",元真：我們下午四點要到天美飯店，她會在那裡等我們。,verified_v3_book_locked,ok,,1
modern-chinese-l7-dialogue-1,第7課 對話一：怎麼去天美飯店？,True,7,medium,1,0,飯店,listening,🔊 Listen and choose the word you hear.,飯店,hotel,fàndiàn,N,"[""飯店"", ""公車"", ""學校"", ""電影""]",,verified_v3_book_locked,ok,,1
modern-chinese-l7-dialogue-1,第7課 對話一：怎麼去天美飯店？,True,7,medium,1,0,飯店,pinyin,Choose the correct pinyin and tone pattern for 「飯店」.,fàndiàn,hotel,fàndiàn,N,"[""fàndiān"", ""fàndiǎn"", ""fàndián"", ""fàndiàn""]",元真：我們下午四點要到天美飯店，她會在那裡等我們。,verified_v3_book_locked,ok,,1
modern-chinese-l7-dialogue-1,第7課 對話一：怎麼去天美飯店？,True,7,medium,1,0,飯店,cloze,Choose the word that best completes the sentence.,飯店,hotel,fàndiàn,N,"[""郵局"", ""朋友"", ""運動""]",元真：我們下午四點要到天美____，她會在那裡等我們。,verified_v3_book_locked,ok,,1
modern-chinese-l7-dialogue-1,第7課 對話一：怎麼去天美飯店？,True,7,medium,1,0,飯店,pos,"In this sentence, what part of speech is 「飯店」?",N,hotel,fàndiàn,N,"[""Adv"", ""Pron"", ""Loc""]",元真：我們下午四點要到天美飯店，她會在那裡等我們。,verified_v3_book_locked,ok,,1
modern-chinese-l7-dialogue-1,第7課 對話一：怎麼去天美飯店？,True,7,medium,1,0,飯店,synonym,"In this lesson context, which expression is closest in meaning to 「飯店」?",旅館,hotel,fàndiàn,N,"[""公車"", ""郵局"", ""地圖""]",元真：我們下午四點要到天美飯店，她會在那裡等我們。,verified_v3_book_locked,ok,,1
modern-chinese-l7-dialogue-1,第7課 對話一：怎麼去天美飯店？,True,7,hard,1,0,飯店,translation,"In 「元真：我們下午四點以前要到天美飯店，因為她會在那裡等我們，所以最好不要遲到。」, what does 「飯店」 mean?",hotel,hotel,fàndiàn,N,"[""supermarket"", ""restaurant"", ""classroom""]",元真：我們下午四點以前要到天美飯店，因為她會在那裡等我們，所以最好不要遲到。,verified_v3_book_locked,ok,,1
modern-chinese-l7-dialogue-1,第7課 對話一：怎麼去天美飯店？,True,7,hard,1,0,飯店,reverse,Which Chinese word best matches “hotel” in this lesson context?,飯店,hotel,fàndiàn,N,"[""飯店"", ""教室"", ""超級市場"", ""餐廳""]",元真：我們下午四點以前要到天美飯店，因為她會在那裡等我們，所以最好不要遲到。,verified_v3_book_locked,ok,,1
modern-chinese-l7-dialogue-1,第7課 對話一：怎麼去天美飯店？,True,7,hard,1,0,飯店,listening,🔊 Listen and choose the word you hear.,飯店,hotel,fàndiàn,N,"[""教室"", ""超級市場"", ""餐廳"", ""飯店""]",,verified_v3_book_locked,ok,,1
modern-chinese-l7-dialogue-1,第7課 對話一：怎麼去天美飯店？,True,7,hard,1,0,飯店,pinyin,Which pinyin exactly matches the lexical tones of 「飯店」?,fàndiàn,hotel,fàndiàn,N,"[""fàndiàn"", ""fàndián"", ""fàndiǎn"", ""fàndiān""]",元真：我們下午四點以前要到天美飯店，因為她會在那裡等我們，所以最好不要遲到。,verified_v3_book_locked,ok,,1
modern-chinese-l7-dialogue-1,第7課 對話一：怎麼去天美飯店？,True,7,hard,1,0,飯店,cloze,Choose the most contextually appropriate word for the blank.,飯店,hotel,fàndiàn,N,"[""家"", ""風景"", ""地圖""]",元真：我們下午四點以前要到天美____，因為她會在那裡等我們，所以最好不要遲到。,verified_v3_book_locked,ok,,1
modern-chinese-l7-dialogue-1,第7課 對話一：怎麼去天美飯店？,True,7,hard,1,0,飯店,pos,Classify the grammatical category of 「飯店」 as used in the sentence.,N,hotel,fàndiàn,N,"[""Adj"", ""Prep"", ""Pron""]",元真：我們下午四點以前要到天美飯店，因為她會在那裡等我們，所以最好不要遲到。,verified_v3_book_locked,ok,,1
modern-chinese-l7-dialogue-1,第7課 對話一：怎麼去天美飯店？,True,7,hard,1,0,飯店,synonym,Which expression can best replace 「飯店」 without changing the intended meaning?,旅館,hotel,fàndiàn,N,"[""學校"", ""咖啡廳"", ""機場""]",元真：我們下午四點以前要到天美飯店，因為她會在那裡等我們，所以最好不要遲到。,verified_v3_book_locked,ok,,1
modern-chinese-l7-dialogue-1,第7課 對話一：怎麼去天美飯店？,True,7,easy,2,0,捷運,translation,捷運,MRT,MRT,jiéyùn,N,"[""hotel"", ""to walk"", ""map""]",友美：我們要怎麼去？坐捷運還是坐公車？,verified_v3_book_locked,ok,,1
modern-chinese-l7-dialogue-1,第7課 對話一：怎麼去天美飯店？,True,7,easy,2,0,捷運,reverse,MRT,捷運,MRT,jiéyùn,N,"[""飯店"", ""捷運"", ""走路"", ""地圖""]",友美：我們要怎麼去？坐捷運還是坐公車？,verified_v3_book_locked,ok,,1
modern-chinese-l7-dialogue-1,第7課 對話一：怎麼去天美飯店？,True,7,easy,2,0,捷運,listening,🔊 Listen and choose the word you hear.,捷運,MRT,jiéyùn,N,"[""飯店"", ""地圖"", ""捷運"", ""走路""]",,verified_v3_book_locked,ok,,1
modern-chinese-l7-dialogue-1,第7課 對話一：怎麼去天美飯店？,True,7,easy,2,0,捷運,pinyin,Choose the correct pinyin for 「捷運」.,jiéyùn,MRT,jiéyùn,N,"[""jiéyùn"", ""jiéyǔn"", ""jiéyūn"", ""jiéyún""]",友美：我們要怎麼去？坐捷運還是坐公車？,verified_v3_book_locked,ok,,1
modern-chinese-l7-dialogue-1,第7課 對話一：怎麼去天美飯店？,True,7,easy,2,0,捷運,cloze,Complete the sentence.,捷運,MRT,jiéyùn,N,"[""電影"", ""飯店"", ""運動""]",友美：我們要怎麼去？坐____還是坐公車？,verified_v3_book_locked,ok,,1
modern-chinese-l7-dialogue-1,第7課 對話一：怎麼去天美飯店？,True,7,easy,2,0,捷運,pos,What is the part of speech of 「捷運」?,N,MRT,jiéyùn,N,"[""Prep"", ""Pron"", ""Adv""]",友美：我們要怎麼去？坐捷運還是坐公車？,verified_v3_book_locked,ok,,1
modern-chinese-l7-dialogue-1,第7課 對話一：怎麼去天美飯店？,True,7,medium,2,0,捷運,translation,Choose the best English meaning of 「捷運」.,MRT,MRT,jiéyùn,N,"[""friend"", ""movie"", ""hotel""]",友美：那我們要怎麼去？坐捷運比較快，還是坐公車比較方便？,verified_v3_book_locked,ok,,1
modern-chinese-l7-dialogue-1,第7課 對話一：怎麼去天美飯店？,True,7,medium,2,0,捷運,reverse,Choose the Chinese word for “MRT”.,捷運,MRT,jiéyùn,N,"[""電影"", ""朋友"", ""飯店"", ""捷運""]",友美：那我們要怎麼去？坐捷運比較快，還是坐公車比較方便？,verified_v3_book_locked,ok,,1
modern-chinese-l7-dialogue-1,第7課 對話一：怎麼去天美飯店？,True,7,medium,2,0,捷運,listening,🔊 Listen and choose the word you hear.,捷運,MRT,jiéyùn,N,"[""電影"", ""朋友"", ""捷運"", ""飯店""]",,verified_v3_book_locked,ok,,1
modern-chinese-l7-dialogue-1,第7課 對話一：怎麼去天美飯店？,True,7,medium,2,0,捷運,pinyin,Choose the correct pinyin and tone pattern for 「捷運」.,jiéyùn,MRT,jiéyùn,N,"[""jiéyǔn"", ""jiéyùn"", ""jiéyūn"", ""jiéyún""]",友美：那我們要怎麼去？坐捷運比較快，還是坐公車比較方便？,verified_v3_book_locked,ok,,1
modern-chinese-l7-dialogue-1,第7課 對話一：怎麼去天美飯店？,True,7,medium,2,0,捷運,cloze,Choose the word that best completes the sentence.,捷運,MRT,jiéyùn,N,"[""地圖"", ""郵局"", ""運動""]",友美：那我們要怎麼去？坐____比較快，還是坐公車比較方便？,verified_v3_book_locked,ok,,1
modern-chinese-l7-dialogue-1,第7課 對話一：怎麼去天美飯店？,True,7,medium,2,0,捷運,pos,"In this sentence, what part of speech is 「捷運」?",N,MRT,jiéyùn,N,"[""Loc"", ""Pron"", ""Adv""]",友美：那我們要怎麼去？坐捷運比較快，還是坐公車比較方便？,verified_v3_book_locked,ok,,1
modern-chinese-l7-dialogue-1,第7課 對話一：怎麼去天美飯店？,True,7,hard,2,0,捷運,translation,"In 「友美：我們要怎麼去比較好？坐捷運可能比較快，坐公車也很方便，你比較想坐哪一個？」, what does 「捷運」 mean?",MRT,MRT,jiéyùn,N,"[""scooter"", ""airplane"", ""taxi""]",友美：我們要怎麼去比較好？坐捷運可能比較快，坐公車也很方便，你比較想坐哪一個？,verified_v3_book_locked,ok,,1
modern-chinese-l7-dialogue-1,第7課 對話一：怎麼去天美飯店？,True,7,hard,2,0,捷運,reverse,Which Chinese word best matches “MRT” in this lesson context?,捷運,MRT,jiéyùn,N,"[""捷運"", ""機車"", ""計程車"", ""飛機""]",友美：我們要怎麼去比較好？坐捷運可能比較快，坐公車也很方便，你比較想坐哪一個？,verified_v3_book_locked,ok,,1
modern-chinese-l7-dialogue-1,第7課 對話一：怎麼去天美飯店？,True,7,hard,2,0,捷運,listening,🔊 Listen and choose the word you hear.,捷運,MRT,jiéyùn,N,"[""計程車"", ""捷運"", ""機車"", ""飛機""]",,verified_v3_book_locked,ok,,1
modern-chinese-l7-dialogue-1,第7課 對話一：怎麼去天美飯店？,True,7,hard,2,0,捷運,pinyin,Which pinyin exactly matches the lexical tones of 「捷運」?,jiéyùn,MRT,jiéyùn,N,"[""jiéyūn"", ""jiéyǔn"", ""jiéyùn"", ""jiéyún""]",友美：我們要怎麼去比較好？坐捷運可能比較快，坐公車也很方便，你比較想坐哪一個？,verified_v3_book_locked,ok,,1
modern-chinese-l7-dialogue-1,第7課 對話一：怎麼去天美飯店？,True,7,hard,2,0,捷運,cloze,Choose the most contextually appropriate word for the blank.,捷運,MRT,jiéyùn,N,"[""地圖"", ""飯店"", ""機場""]",友美：我們要怎麼去比較好？坐____可能比較快，坐公車也很方便，你比較想坐哪一個？,verified_v3_book_locked,ok,,1
modern-chinese-l7-dialogue-1,第7課 對話一：怎麼去天美飯店？,True,7,hard,2,0,捷運,pos,Classify the grammatical category of 「捷運」 as used in the sentence.,N,MRT,jiéyùn,N,"[""Prep"", ""Pron"", ""Adj""]",友美：我們要怎麼去比較好？坐捷運可能比較快，坐公車也很方便，你比較想坐哪一個？,verified_v3_book_locked,ok,,1
modern-chinese-l7-dialogue-1,第7課 對話一：怎麼去天美飯店？,True,7,easy,2,1,公車,translation,公車,bus,bus,gōngchē,N,"[""friend"", ""school"", ""to walk""]",友美：我們要怎麼去？坐捷運還是坐公車？,verified_v3_book_locked,ok,,1
modern-chinese-l7-dialogue-1,第7課 對話一：怎麼去天美飯店？,True,7,easy,2,1,公車,reverse,bus,公車,bus,gōngchē,N,"[""公車"", ""朋友"", ""學校"", ""走路""]",友美：我們要怎麼去？坐捷運還是坐公車？,verified_v3_book_locked,ok,,1
modern-chinese-l7-dialogue-1,第7課 對話一：怎麼去天美飯店？,True,7,easy,2,1,公車,listening,🔊 Listen and choose the word you hear.,公車,bus,gōngchē,N,"[""走路"", ""朋友"", ""公車"", ""學校""]",,verified_v3_book_locked,ok,,1
modern-chinese-l7-dialogue-1,第7課 對話一：怎麼去天美飯店？,True,7,easy,2,1,公車,pinyin,Choose the correct pinyin for 「公車」.,gōngchē,bus,gōngchē,N,"[""gōngché"", ""gōngchè"", ""gōngchē"", ""gōngchě""]",友美：我們要怎麼去？坐捷運還是坐公車？,verified_v3_book_locked,ok,,1
modern-chinese-l7-dialogue-1,第7課 對話一：怎麼去天美飯店？,True,7,easy,2,1,公車,cloze,Complete the sentence.,公車,bus,gōngchē,N,"[""電影"", ""地圖"", ""郵局""]",友美：我們要怎麼去？坐捷運還是坐____？,verified_v3_book_locked,ok,,1
modern-chinese-l7-dialogue-1,第7課 對話一：怎麼去天美飯店？,True,7,easy,2,1,公車,pos,What is the part of speech of 「公車」?,N,bus,gōngchē,N,"[""Adv"", ""MW"", ""Adj""]",友美：我們要怎麼去？坐捷運還是坐公車？,verified_v3_book_locked,ok,,1
modern-chinese-l7-dialogue-1,第7課 對話一：怎麼去天美飯店？,True,7,easy,2,1,公車,synonym,Which word or phrase is closest in meaning to 「公車」?,公共汽車,bus,gōngchē,N,"[""郵局"", ""地圖"", ""學校""]",友美：我們要怎麼去？坐捷運還是坐公車？,verified_v3_book_locked,ok,,1
modern-chinese-l7-dialogue-1,第7課 對話一：怎麼去天美飯店？,True,7,medium,2,1,公車,translation,Choose the best English meaning of 「公車」.,bus,bus,gōngchē,N,"[""MRT"", ""school"", ""map""]",友美：那我們要怎麼去？坐捷運比較快，還是坐公車比較方便？,verified_v3_book_locked,ok,,1
modern-chinese-l7-dialogue-1,第7課 對話一：怎麼去天美飯店？,True,7,medium,2,1,公車,reverse,Choose the Chinese word for “bus”.,公車,bus,gōngchē,N,"[""學校"", ""公車"", ""地圖"", ""捷運""]",友美：那我們要怎麼去？坐捷運比較快，還是坐公車比較方便？,verified_v3_book_locked,ok,,1
modern-chinese-l7-dialogue-1,第7課 對話一：怎麼去天美飯店？,True,7,medium,2,1,公車,listening,🔊 Listen and choose the word you hear.,公車,bus,gōngchē,N,"[""地圖"", ""公車"", ""學校"", ""捷運""]",,verified_v3_book_locked,ok,,1
modern-chinese-l7-dialogue-1,第7課 對話一：怎麼去天美飯店？,True,7,medium,2,1,公車,pinyin,Choose the correct pinyin and tone pattern for 「公車」.,gōngchē,bus,gōngchē,N,"[""gōngchē"", ""gōngchě"", ""gōngché"", ""gōngchè""]",友美：那我們要怎麼去？坐捷運比較快，還是坐公車比較方便？,verified_v3_book_locked,ok,,1
modern-chinese-l7-dialogue-1,第7課 對話一：怎麼去天美飯店？,True,7,medium,2,1,公車,cloze,Choose the word that best completes the sentence.,公車,bus,gōngchē,N,"[""地圖"", ""飯店"", ""週末""]",友美：那我們要怎麼去？坐捷運比較快，還是坐____比較方便？,verified_v3_book_locked,ok,,1
modern-chinese-l7-dialogue-1,第7課 對話一：怎麼去天美飯店？,True,7,medium,2,1,公車,pos,"In this sentence, what part of speech is 「公車」?",N,bus,gōngchē,N,"[""Pron"", ""Adv"", ""Adj""]",友美：那我們要怎麼去？坐捷運比較快，還是坐公車比較方便？,verified_v3_book_locked,ok,,1
modern-chinese-l7-dialogue-1,第7課 對話一：怎麼去天美飯店？,True,7,medium,2,1,公車,synonym,"In this lesson context, which expression is closest in meaning to 「公車」?",公共汽車,bus,gōngchē,N,"[""學校"", ""飯店"", ""郵局""]",友美：那我們要怎麼去？坐捷運比較快，還是坐公車比較方便？,verified_v3_book_locked,ok,,1
modern-chinese-l7-dialogue-1,第7課 對話一：怎麼去天美飯店？,True,7,hard,2,1,公車,translation,"In 「友美：我們要怎麼去比較好？坐捷運可能比較快，坐公車也很方便，你比較想坐哪一個？」, what does 「公車」 mean?",bus,bus,gōngchē,N,"[""MRT"", ""scooter"", ""train""]",友美：我們要怎麼去比較好？坐捷運可能比較快，坐公車也很方便，你比較想坐哪一個？,verified_v3_book_locked,ok,,1
modern-chinese-l7-dialogue-1,第7課 對話一：怎麼去天美飯店？,True,7,hard,2,1,公車,reverse,Which Chinese word best matches “bus” in this lesson context?,公車,bus,gōngchē,N,"[""機車"", ""捷運"", ""公車"", ""火車""]",友美：我們要怎麼去比較好？坐捷運可能比較快，坐公車也很方便，你比較想坐哪一個？,verified_v3_book_locked,ok,,1
modern-chinese-l7-dialogue-1,第7課 對話一：怎麼去天美飯店？,True,7,hard,2,1,公車,listening,🔊 Listen and choose the word you hear.,公車,bus,gōngchē,N,"[""捷運"", ""機車"", ""火車"", ""公車""]",,verified_v3_book_locked,ok,,1
modern-chinese-l7-dialogue-1,第7課 對話一：怎麼去天美飯店？,True,7,hard,2,1,公車,pinyin,Which pinyin exactly matches the lexical tones of 「公車」?,gōngchē,bus,gōngchē,N,"[""gōngchè"", ""gōngché"", ""gōngchě"", ""gōngchē""]",友美：我們要怎麼去比較好？坐捷運可能比較快，坐公車也很方便，你比較想坐哪一個？,verified_v3_book_locked,ok,,1
modern-chinese-l7-dialogue-1,第7課 對話一：怎麼去天美飯店？,True,7,hard,2,1,公車,cloze,Choose the most contextually appropriate word for the blank.,公車,bus,gōngchē,N,"[""飯店"", ""學校"", ""電影""]",友美：我們要怎麼去比較好？坐捷運可能比較快，坐____也很方便，你比較想坐哪一個？,verified_v3_book_locked,ok,,1
modern-chinese-l7-dialogue-1,第7課 對話一：怎麼去天美飯店？,True,7,hard,2,1,公車,pos,Classify the grammatical category of 「公車」 as used in the sentence.,N,bus,gōngchē,N,"[""Quant"", ""Prep"", ""Adj""]",友美：我們要怎麼去比較好？坐捷運可能比較快，坐公車也很方便，你比較想坐哪一個？,verified_v3_book_locked,ok,,1
modern-chinese-l7-dialogue-1,第7課 對話一：怎麼去天美飯店？,True,7,hard,2,1,公車,synonym,Which expression can best replace 「公車」 without changing the intended meaning?,公共汽車,bus,gōngchē,N,"[""飛機"", ""計程車"", ""電梯""]",友美：我們要怎麼去比較好？坐捷運可能比較快，坐公車也很方便，你比較想坐哪一個？,verified_v3_book_locked,ok,,1
modern-chinese-l7-dialogue-1,第7課 對話一：怎麼去天美飯店？,True,7,easy,3,0,飯店,translation,飯店,hotel,hotel,fàndiàn,N,"[""MRT"", ""post office"", ""bus""]",元真：聽說那家飯店不遠，我想我們可以從學校走路去。,verified_v3_book_locked,ok,,1
modern-chinese-l7-dialogue-1,第7課 對話一：怎麼去天美飯店？,True,7,easy,3,0,飯店,reverse,hotel,飯店,hotel,fàndiàn,N,"[""飯店"", ""公車"", ""郵局"", ""捷運""]",元真：聽說那家飯店不遠，我想我們可以從學校走路去。,verified_v3_book_locked,ok,,1
modern-chinese-l7-dialogue-1,第7課 對話一：怎麼去天美飯店？,True,7,easy,3,0,飯店,listening,🔊 Listen and choose the word you hear.,飯店,hotel,fàndiàn,N,"[""公車"", ""郵局"", ""捷運"", ""飯店""]",,verified_v3_book_locked,ok,,1
modern-chinese-l7-dialogue-1,第7課 對話一：怎麼去天美飯店？,True,7,easy,3,0,飯店,pinyin,Choose the correct pinyin for 「飯店」.,fàndiàn,hotel,fàndiàn,N,"[""fàndiǎn"", ""fàndián"", ""fàndiàn"", ""fàndiān""]",元真：聽說那家飯店不遠，我想我們可以從學校走路去。,verified_v3_book_locked,ok,,1
modern-chinese-l7-dialogue-1,第7課 對話一：怎麼去天美飯店？,True,7,easy,3,0,飯店,cloze,Complete the sentence.,飯店,hotel,fàndiàn,N,"[""電影"", ""地圖"", ""公車""]",元真：聽說那家____不遠，我想我們可以從學校走路去。,verified_v3_book_locked,ok,,1
modern-chinese-l7-dialogue-1,第7課 對話一：怎麼去天美飯店？,True,7,easy,3,0,飯店,pos,What is the part of speech of 「飯店」?,N,hotel,fàndiàn,N,"[""Adv"", ""Prep"", ""V""]",元真：聽說那家飯店不遠，我想我們可以從學校走路去。,verified_v3_book_locked,ok,,1
modern-chinese-l7-dialogue-1,第7課 對話一：怎麼去天美飯店？,True,7,easy,3,0,飯店,synonym,Which word or phrase is closest in meaning to 「飯店」?,旅館,hotel,fàndiàn,N,"[""走路"", ""捷運"", ""公車""]",元真：聽說那家飯店不遠，我想我們可以從學校走路去。,verified_v3_book_locked,ok,,1
modern-chinese-l7-dialogue-1,第7課 對話一：怎麼去天美飯店？,True,7,medium,3,0,飯店,translation,Choose the best English meaning of 「飯店」.,hotel,hotel,fàndiàn,N,"[""post office"", ""MRT"", ""bus""]",元真：聽說那家飯店離這裡不遠，我想我們可以從學校直接走路去。,verified_v3_book_locked,ok,,1
modern-chinese-l7-dialogue-1,第7課 對話一：怎麼去天美飯店？,True,7,medium,3,0,飯店,reverse,Choose the Chinese word for “hotel”.,飯店,hotel,fàndiàn,N,"[""飯店"", ""郵局"", ""捷運"", ""公車""]",元真：聽說那家飯店離這裡不遠，我想我們可以從學校直接走路去。,verified_v3_book_locked,ok,,1
modern-chinese-l7-dialogue-1,第7課 對話一：怎麼去天美飯店？,True,7,medium,3,0,飯店,listening,🔊 Listen and choose the word you hear.,飯店,hotel,fàndiàn,N,"[""郵局"", ""捷運"", ""公車"", ""飯店""]",,verified_v3_book_locked,ok,,1
modern-chinese-l7-dialogue-1,第7課 對話一：怎麼去天美飯店？,True,7,medium,3,0,飯店,pinyin,Choose the correct pinyin and tone pattern for 「飯店」.,fàndiàn,hotel,fàndiàn,N,"[""fàndiàn"", ""fàndián"", ""fàndiān"", ""fàndiǎn""]",元真：聽說那家飯店離這裡不遠，我想我們可以從學校直接走路去。,verified_v3_book_locked,ok,,1
modern-chinese-l7-dialogue-1,第7課 對話一：怎麼去天美飯店？,True,7,medium,3,0,飯店,cloze,Choose the word that best completes the sentence.,飯店,hotel,fàndiàn,N,"[""公車"", ""超級市場"", ""地圖""]",元真：聽說那家____離這裡不遠，我想我們可以從學校直接走路去。,verified_v3_book_locked,ok,,1
modern-chinese-l7-dialogue-1,第7課 對話一：怎麼去天美飯店？,True,7,medium,3,0,飯店,pos,"In this sentence, what part of speech is 「飯店」?",N,hotel,fàndiàn,N,"[""Adv"", ""Pron"", ""Loc""]",元真：聽說那家飯店離這裡不遠，我想我們可以從學校直接走路去。,verified_v3_book_locked,ok,,1
modern-chinese-l7-dialogue-1,第7課 對話一：怎麼去天美飯店？,True,7,medium,3,0,飯店,synonym,"In this lesson context, which expression is closest in meaning to 「飯店」?",旅館,hotel,fàndiàn,N,"[""學校"", ""公車"", ""地圖""]",元真：聽說那家飯店離這裡不遠，我想我們可以從學校直接走路去。,verified_v3_book_locked,ok,,1
modern-chinese-l7-dialogue-1,第7課 對話一：怎麼去天美飯店？,True,7,hard,3,0,飯店,translation,"In 「元真：我聽同學說那家飯店離學校不遠，如果天氣不錯，我想我們可以從學校走路去，還可以看看附近。」, what does 「飯店」 mean?",hotel,hotel,fàndiàn,N,"[""classroom"", ""airport"", ""department store""]",元真：我聽同學說那家飯店離學校不遠，如果天氣不錯，我想我們可以從學校走路去，還可以看看附近。,verified_v3_book_locked,ok,,1
modern-chinese-l7-dialogue-1,第7課 對話一：怎麼去天美飯店？,True,7,hard,3,0,飯店,reverse,Which Chinese word best matches “hotel” in this lesson context?,飯店,hotel,fàndiàn,N,"[""教室"", ""機場"", ""飯店"", ""百貨公司""]",元真：我聽同學說那家飯店離學校不遠，如果天氣不錯，我想我們可以從學校走路去，還可以看看附近。,verified_v3_book_locked,ok,,1
modern-chinese-l7-dialogue-1,第7課 對話一：怎麼去天美飯店？,True,7,hard,3,0,飯店,listening,🔊 Listen and choose the word you hear.,飯店,hotel,fàndiàn,N,"[""飯店"", ""教室"", ""機場"", ""百貨公司""]",,verified_v3_book_locked,ok,,1
modern-chinese-l7-dialogue-1,第7課 對話一：怎麼去天美飯店？,True,7,hard,3,0,飯店,pinyin,Which pinyin exactly matches the lexical tones of 「飯店」?,fàndiàn,hotel,fàndiàn,N,"[""fàndiān"", ""fàndián"", ""fàndiǎn"", ""fàndiàn""]",元真：我聽同學說那家飯店離學校不遠，如果天氣不錯，我想我們可以從學校走路去，還可以看看附近。,verified_v3_book_locked,ok,,1
modern-chinese-l7-dialogue-1,第7課 對話一：怎麼去天美飯店？,True,7,hard,3,0,飯店,cloze,Choose the most contextually appropriate word for the blank.,飯店,hotel,fàndiàn,N,"[""地圖"", ""捷運"", ""家""]",元真：我聽同學說那家____離學校不遠，如果天氣不錯，我想我們可以從學校走路去，還可以看看附近。,verified_v3_book_locked,ok,,1
modern-chinese-l7-dialogue-1,第7課 對話一：怎麼去天美飯店？,True,7,hard,3,0,飯店,pos,Classify the grammatical category of 「飯店」 as used in the sentence.,N,hotel,fàndiàn,N,"[""Adj"", ""Prep"", ""Pron""]",元真：我聽同學說那家飯店離學校不遠，如果天氣不錯，我想我們可以從學校走路去，還可以看看附近。,verified_v3_book_locked,ok,,1
modern-chinese-l7-dialogue-1,第7課 對話一：怎麼去天美飯店？,True,7,hard,3,0,飯店,synonym,Which expression can best replace 「飯店」 without changing the intended meaning?,旅館,hotel,fàndiàn,N,"[""家"", ""咖啡廳"", ""百貨公司""]",元真：我聽同學說那家飯店離學校不遠，如果天氣不錯，我想我們可以從學校走路去，還可以看看附近。,verified_v3_book_locked,ok,,1
modern-chinese-l7-dialogue-1,第7課 對話一：怎麼去天美飯店？,True,7,easy,3,1,學校,translation,學校,school,school,xuéxiào,N,"[""hotel"", ""to walk"", ""friend""]",元真：聽說那家飯店不遠，我想我們可以從學校走路去。,verified_v3_book_locked,ok,,1
modern-chinese-l7-dialogue-1,第7課 對話一：怎麼去天美飯店？,True,7,easy,3,1,學校,reverse,school,學校,school,xuéxiào,N,"[""朋友"", ""飯店"", ""走路"", ""學校""]",元真：聽說那家飯店不遠，我想我們可以從學校走路去。,verified_v3_book_locked,ok,,1
modern-chinese-l7-dialogue-1,第7課 對話一：怎麼去天美飯店？,True,7,easy,3,1,學校,listening,🔊 Listen and choose the word you hear.,學校,school,xuéxiào,N,"[""走路"", ""朋友"", ""飯店"", ""學校""]",,verified_v3_book_locked,ok,,1
modern-chinese-l7-dialogue-1,第7課 對話一：怎麼去天美飯店？,True,7,easy,3,1,學校,pinyin,Choose the correct pinyin for 「學校」.,xuéxiào,school,xuéxiào,N,"[""xuéxiào"", ""xuéxiāo"", ""xuéxiǎo"", ""xuéxiáo""]",元真：聽說那家飯店不遠，我想我們可以從學校走路去。,verified_v3_book_locked,ok,,1
modern-chinese-l7-dialogue-1,第7課 對話一：怎麼去天美飯店？,True,7,easy,3,1,學校,cloze,Complete the sentence.,學校,school,xuéxiào,N,"[""郵局"", ""地圖"", ""捷運""]",元真：聽說那家飯店不遠，我想我們可以從____走路去。,verified_v3_book_locked,ok,,1
modern-chinese-l7-dialogue-1,第7課 對話一：怎麼去天美飯店？,True,7,easy,3,1,學校,pos,What is the part of speech of 「學校」?,N,school,xuéxiào,N,"[""Quant"", ""Adj"", ""Pron""]",元真：聽說那家飯店不遠，我想我們可以從學校走路去。,verified_v3_book_locked,ok,,1
modern-chinese-l7-dialogue-1,第7課 對話一：怎麼去天美飯店？,True,7,medium,3,1,學校,translation,Choose the best English meaning of 「學校」.,school,school,xuéxiào,N,"[""movie"", ""supermarket"", ""friend""]",元真：聽說那家飯店離這裡不遠，我想我們可以從學校直接走路去。,verified_v3_book_locked,ok,,1
modern-chinese-l7-dialogue-1,第7課 對話一：怎麼去天美飯店？,True,7,medium,3,1,學校,reverse,Choose the Chinese word for “school”.,學校,school,xuéxiào,N,"[""超級市場"", ""朋友"", ""電影"", ""學校""]",元真：聽說那家飯店離這裡不遠，我想我們可以從學校直接走路去。,verified_v3_book_locked,ok,,1
modern-chinese-l7-dialogue-1,第7課 對話一：怎麼去天美飯店？,True,7,medium,3,1,學校,listening,🔊 Listen and choose the word you hear.,學校,school,xuéxiào,N,"[""學校"", ""電影"", ""超級市場"", ""朋友""]",,verified_v3_book_locked,ok,,1
modern-chinese-l7-dialogue-1,第7課 對話一：怎麼去天美飯店？,True,7,medium,3,1,學校,pinyin,Choose the correct pinyin and tone pattern for 「學校」.,xuéxiào,school,xuéxiào,N,"[""xuéxiǎo"", ""xuéxiáo"", ""xuéxiào"", ""xuéxiāo""]",元真：聽說那家飯店離這裡不遠，我想我們可以從學校直接走路去。,verified_v3_book_locked,ok,,1
modern-chinese-l7-dialogue-1,第7課 對話一：怎麼去天美飯店？,True,7,medium,3,1,學校,cloze,Choose the word that best completes the sentence.,學校,school,xuéxiào,N,"[""運動"", ""飯店"", ""電影""]",元真：聽說那家飯店離這裡不遠，我想我們可以從____直接走路去。,verified_v3_book_locked,ok,,1
modern-chinese-l7-dialogue-1,第7課 對話一：怎麼去天美飯店？,True,7,medium,3,1,學校,pos,"In this sentence, what part of speech is 「學校」?",N,school,xuéxiào,N,"[""Adv"", ""Prep"", ""Adj""]",元真：聽說那家飯店離這裡不遠，我想我們可以從學校直接走路去。,verified_v3_book_locked,ok,,1
modern-chinese-l7-dialogue-1,第7課 對話一：怎麼去天美飯店？,True,7,hard,3,1,學校,translation,"In 「元真：我聽同學說那家飯店離學校不遠，如果天氣不錯，我想我們可以從學校走路去，還可以看看附近。」, what does 「學校」 mean?",school,school,xuéxiào,N,"[""supermarket"", ""room"", ""kitchen""]",元真：我聽同學說那家飯店離學校不遠，如果天氣不錯，我想我們可以從學校走路去，還可以看看附近。,verified_v3_book_locked,ok,,1
modern-chinese-l7-dialogue-1,第7課 對話一：怎麼去天美飯店？,True,7,hard,3,1,學校,reverse,Which Chinese word best matches “school” in this lesson context?,學校,school,xuéxiào,N,"[""超級市場"", ""廚房"", ""學校"", ""房間""]",元真：我聽同學說那家飯店離學校不遠，如果天氣不錯，我想我們可以從學校走路去，還可以看看附近。,verified_v3_book_locked,ok,,1
modern-chinese-l7-dialogue-1,第7課 對話一：怎麼去天美飯店？,True,7,hard,3,1,學校,listening,🔊 Listen and choose the word you hear.,學校,school,xuéxiào,N,"[""學校"", ""房間"", ""超級市場"", ""廚房""]",,verified_v3_book_locked,ok,,1
modern-chinese-l7-dialogue-1,第7課 對話一：怎麼去天美飯店？,True,7,hard,3,1,學校,pinyin,Which pinyin exactly matches the lexical tones of 「學校」?,xuéxiào,school,xuéxiào,N,"[""xuéxiào"", ""xuéxiáo"", ""xuéxiāo"", ""xuéxiǎo""]",元真：我聽同學說那家飯店離學校不遠，如果天氣不錯，我想我們可以從學校走路去，還可以看看附近。,verified_v3_book_locked,ok,,1
modern-chinese-l7-dialogue-1,第7課 對話一：怎麼去天美飯店？,True,7,hard,3,1,學校,cloze,Choose the most contextually appropriate word for the blank.,學校,school,xuéxiào,N,"[""公車"", ""週末"", ""捷運""]",元真：我聽同學說那家飯店離____不遠，如果天氣不錯，我想我們可以從走路去，還可以看看附近。,verified_v3_book_locked,ok,,1
modern-chinese-l7-dialogue-1,第7課 對話一：怎麼去天美飯店？,True,7,hard,3,1,學校,pos,Classify the grammatical category of 「學校」 as used in the sentence.,N,school,xuéxiào,N,"[""MW"", ""Loc"", ""Pron""]",元真：我聽同學說那家飯店離學校不遠，如果天氣不錯，我想我們可以從學校走路去，還可以看看附近。,verified_v3_book_locked,ok,,1
modern-chinese-l7-dialogue-1,第7課 對話一：怎麼去天美飯店？,True,7,easy,3,2,走路,translation,走路,to walk,to walk,zǒulù,V,"[""map"", ""friend"", ""MRT""]",元真：聽說那家飯店不遠，我想我們可以從學校走路去。,verified_v3_book_locked,ok,,1
modern-chinese-l7-dialogue-1,第7課 對話一：怎麼去天美飯店？,True,7,easy,3,2,走路,reverse,to walk,走路,to walk,zǒulù,V,"[""地圖"", ""捷運"", ""朋友"", ""走路""]",元真：聽說那家飯店不遠，我想我們可以從學校走路去。,verified_v3_book_locked,ok,,1
modern-chinese-l7-dialogue-1,第7課 對話一：怎麼去天美飯店？,True,7,easy,3,2,走路,listening,🔊 Listen and choose the word you hear.,走路,to walk,zǒulù,V,"[""走路"", ""朋友"", ""捷運"", ""地圖""]",,verified_v3_book_locked,ok,,1
modern-chinese-l7-dialogue-1,第7課 對話一：怎麼去天美飯店？,True,7,easy,3,2,走路,pinyin,Choose the correct pinyin for 「走路」.,zǒulù,to walk,zǒulù,V,"[""zǒulù"", ""zǒulū"", ""zǒulǔ"", ""zǒulú""]",元真：聽說那家飯店不遠，我想我們可以從學校走路去。,verified_v3_book_locked,ok,,1
modern-chinese-l7-dialogue-1,第7課 對話一：怎麼去天美飯店？,True,7,easy,3,2,走路,cloze,Complete the sentence.,走路,to walk,zǒulù,V,"[""喝"", ""幫"", ""知道""]",元真：聽說那家飯店不遠，我想我們可以從學校____去。,verified_v3_book_locked,ok,,1
modern-chinese-l7-dialogue-1,第7課 對話一：怎麼去天美飯店？,True,7,easy,3,2,走路,pos,What is the part of speech of 「走路」?,V,to walk,zǒulù,V,"[""N"", ""Adj"", ""Prep""]",元真：聽說那家飯店不遠，我想我們可以從學校走路去。,verified_v3_book_locked,ok,,1
modern-chinese-l7-dialogue-1,第7課 對話一：怎麼去天美飯店？,True,7,easy,3,2,走路,synonym,Which word or phrase is closest in meaning to 「走路」?,步行,to walk,zǒulù,V,"[""飯店"", ""捷運"", ""公車""]",元真：聽說那家飯店不遠，我想我們可以從學校走路去。,verified_v3_book_locked,ok,,1
modern-chinese-l7-dialogue-1,第7課 對話一：怎麼去天美飯店？,True,7,medium,3,2,走路,translation,Choose the best English meaning of 「走路」.,to walk,to walk,zǒulù,V,"[""to do / make"", ""to want"", ""to listen to music""]",元真：聽說那家飯店離這裡不遠，我想我們可以從學校直接走路去。,verified_v3_book_locked,ok,,1
modern-chinese-l7-dialogue-1,第7課 對話一：怎麼去天美飯店？,True,7,medium,3,2,走路,reverse,Choose the Chinese word for “to walk”.,走路,to walk,zǒulù,V,"[""做"", ""想"", ""聽音樂"", ""走路""]",元真：聽說那家飯店離這裡不遠，我想我們可以從學校直接走路去。,verified_v3_book_locked,ok,,1
modern-chinese-l7-dialogue-1,第7課 對話一：怎麼去天美飯店？,True,7,medium,3,2,走路,listening,🔊 Listen and choose the word you hear.,走路,to walk,zǒulù,V,"[""想"", ""聽音樂"", ""走路"", ""做""]",,verified_v3_book_locked,ok,,1
modern-chinese-l7-dialogue-1,第7課 對話一：怎麼去天美飯店？,True,7,medium,3,2,走路,pinyin,Choose the correct pinyin and tone pattern for 「走路」.,zǒulù,to walk,zǒulù,V,"[""zǒulú"", ""zǒulū"", ""zǒulù"", ""zǒulǔ""]",元真：聽說那家飯店離這裡不遠，我想我們可以從學校直接走路去。,verified_v3_book_locked,ok,,1
modern-chinese-l7-dialogue-1,第7課 對話一：怎麼去天美飯店？,True,7,medium,3,2,走路,cloze,Choose the word that best completes the sentence.,走路,to walk,zǒulù,V,"[""看書"", ""去"", ""做""]",元真：聽說那家飯店離這裡不遠，我想我們可以從學校直接____去。,verified_v3_book_locked,ok,,1
modern-chinese-l7-dialogue-1,第7課 對話一：怎麼去天美飯店？,True,7,medium,3,2,走路,pos,"In this sentence, what part of speech is 「走路」?",V,to walk,zǒulù,V,"[""Adv"", ""Pron"", ""Loc""]",元真：聽說那家飯店離這裡不遠，我想我們可以從學校直接走路去。,verified_v3_book_locked,ok,,1
modern-chinese-l7-dialogue-1,第7課 對話一：怎麼去天美飯店？,True,7,medium,3,2,走路,synonym,"In this lesson context, which expression is closest in meaning to 「走路」?",步行,to walk,zǒulù,V,"[""喝"", ""看書"", ""去""]",元真：聽說那家飯店離這裡不遠，我想我們可以從學校直接走路去。,verified_v3_book_locked,ok,,1
modern-chinese-l7-dialogue-1,第7課 對話一：怎麼去天美飯店？,True,7,hard,3,2,走路,translation,"In 「元真：我聽同學說那家飯店離學校不遠，如果天氣不錯，我想我們可以從學校走路去，還可以看看附近。」, what does 「走路」 mean?",to walk,to walk,zǒulù,V,"[""to read"", ""to rest"", ""watch TV""]",元真：我聽同學說那家飯店離學校不遠，如果天氣不錯，我想我們可以從學校走路去，還可以看看附近。,verified_v3_book_locked,ok,,1
modern-chinese-l7-dialogue-1,第7課 對話一：怎麼去天美飯店？,True,7,hard,3,2,走路,reverse,Which Chinese word best matches “to walk” in this lesson context?,走路,to walk,zǒulù,V,"[""看書"", ""看電視"", ""走路"", ""休息""]",元真：我聽同學說那家飯店離學校不遠，如果天氣不錯，我想我們可以從學校走路去，還可以看看附近。,verified_v3_book_locked,ok,,1
modern-chinese-l7-dialogue-1,第7課 對話一：怎麼去天美飯店？,True,7,hard,3,2,走路,listening,🔊 Listen and choose the word you hear.,走路,to walk,zǒulù,V,"[""休息"", ""看電視"", ""走路"", ""看書""]",,verified_v3_book_locked,ok,,1
modern-chinese-l7-dialogue-1,第7課 對話一：怎麼去天美飯店？,True,7,hard,3,2,走路,pinyin,Which pinyin exactly matches the lexical tones of 「走路」?,zǒulù,to walk,zǒulù,V,"[""zǒulù"", ""zǒulū"", ""zǒulǔ"", ""zǒulú""]",元真：我聽同學說那家飯店離學校不遠，如果天氣不錯，我想我們可以從學校走路去，還可以看看附近。,verified_v3_book_locked,ok,,1
modern-chinese-l7-dialogue-1,第7課 對話一：怎麼去天美飯店？,True,7,hard,3,2,走路,cloze,Choose the most contextually appropriate word for the blank.,走路,to walk,zǒulù,V,"[""喝"", ""要"", ""聽音樂""]",元真：我聽同學說那家飯店離學校不遠，如果天氣不錯，我想我們可以從學校____去，還可以看看附近。,verified_v3_book_locked,ok,,1
modern-chinese-l7-dialogue-1,第7課 對話一：怎麼去天美飯店？,True,7,hard,3,2,走路,pos,Classify the grammatical category of 「走路」 as used in the sentence.,V,to walk,zǒulù,V,"[""Adj"", ""N"", ""Prep""]",元真：我聽同學說那家飯店離學校不遠，如果天氣不錯，我想我們可以從學校走路去，還可以看看附近。,verified_v3_book_locked,ok,,1
modern-chinese-l7-dialogue-1,第7課 對話一：怎麼去天美飯店？,True,7,hard,3,2,走路,synonym,Which expression can best replace 「走路」 without changing the intended meaning?,步行,to walk,zǒulù,V,"[""寫字"", ""知道"", ""聽音樂""]",元真：我聽同學說那家飯店離學校不遠，如果天氣不錯，我想我們可以從學校走路去，還可以看看附近。,verified_v3_book_locked,ok,,1
modern-chinese-l7-dialogue-1,第7課 對話一：怎麼去天美飯店？,True,7,easy,5,0,地圖,translation,地圖,map,map,dìtú,N,"[""post office"", ""nearby / vicinity"", ""hotel""]",元真：我也不知道。我們可以先上網看地圖。,verified_v3_book_locked,ok,,1
modern-chinese-l7-dialogue-1,第7課 對話一：怎麼去天美飯店？,True,7,easy,5,0,地圖,reverse,map,地圖,map,dìtú,N,"[""飯店"", ""附近"", ""地圖"", ""郵局""]",元真：我也不知道。我們可以先上網看地圖。,verified_v3_book_locked,ok,,1
modern-chinese-l7-dialogue-1,第7課 對話一：怎麼去天美飯店？,True,7,easy,5,0,地圖,listening,🔊 Listen and choose the word you hear.,地圖,map,dìtú,N,"[""飯店"", ""郵局"", ""地圖"", ""附近""]",,verified_v3_book_locked,ok,,1
modern-chinese-l7-dialogue-1,第7課 對話一：怎麼去天美飯店？,True,7,easy,5,0,地圖,pinyin,Choose the correct pinyin for 「地圖」.,dìtú,map,dìtú,N,"[""dìtù"", ""dìtǔ"", ""dìtú"", ""dìtū""]",元真：我也不知道。我們可以先上網看地圖。,verified_v3_book_locked,ok,,1
modern-chinese-l7-dialogue-1,第7課 對話一：怎麼去天美飯店？,True,7,easy,5,0,地圖,cloze,Complete the sentence.,地圖,map,dìtú,N,"[""超級市場"", ""電影"", ""郵局""]",元真：我也不知道。我們可以先上網看____。,verified_v3_book_locked,ok,,1
modern-chinese-l7-dialogue-1,第7課 對話一：怎麼去天美飯店？,True,7,easy,5,0,地圖,pos,What is the part of speech of 「地圖」?,N,map,dìtú,N,"[""Pron"", ""Adj"", ""Prep""]",元真：我也不知道。我們可以先上網看地圖。,verified_v3_book_locked,ok,,1
modern-chinese-l7-dialogue-1,第7課 對話一：怎麼去天美飯店？,True,7,medium,5,0,地圖,translation,Choose the best English meaning of 「地圖」.,map,map,dìtú,N,"[""post office"", ""friend"", ""movie""]",元真：我也不知道。我們可以先上網看地圖，再決定怎麼去。,verified_v3_book_locked,ok,,1
modern-chinese-l7-dialogue-1,第7課 對話一：怎麼去天美飯店？,True,7,medium,5,0,地圖,reverse,Choose the Chinese word for “map”.,地圖,map,dìtú,N,"[""地圖"", ""電影"", ""朋友"", ""郵局""]",元真：我也不知道。我們可以先上網看地圖，再決定怎麼去。,verified_v3_book_locked,ok,,1
modern-chinese-l7-dialogue-1,第7課 對話一：怎麼去天美飯店？,True,7,medium,5,0,地圖,listening,🔊 Listen and choose the word you hear.,地圖,map,dìtú,N,"[""地圖"", ""電影"", ""朋友"", ""郵局""]",,verified_v3_book_locked,ok,,1
modern-chinese-l7-dialogue-1,第7課 對話一：怎麼去天美飯店？,True,7,medium,5,0,地圖,pinyin,Choose the correct pinyin and tone pattern for 「地圖」.,dìtú,map,dìtú,N,"[""dìtǔ"", ""dìtú"", ""dìtū"", ""dìtù""]",元真：我也不知道。我們可以先上網看地圖，再決定怎麼去。,verified_v3_book_locked,ok,,1
modern-chinese-l7-dialogue-1,第7課 對話一：怎麼去天美飯店？,True,7,medium,5,0,地圖,cloze,Choose the word that best completes the sentence.,地圖,map,dìtú,N,"[""超級市場"", ""週末"", ""學校""]",元真：我也不知道。我們可以先上網看____，再決定怎麼去。,verified_v3_book_locked,ok,,1
modern-chinese-l7-dialogue-1,第7課 對話一：怎麼去天美飯店？,True,7,medium,5,0,地圖,pos,"In this sentence, what part of speech is 「地圖」?",N,map,dìtú,N,"[""Pron"", ""V"", ""Prep""]",元真：我也不知道。我們可以先上網看地圖，再決定怎麼去。,verified_v3_book_locked,ok,,1
modern-chinese-l7-dialogue-1,第7課 對話一：怎麼去天美飯店？,True,7,hard,5,0,地圖,translation,"In 「元真：我也不太清楚。不過我們可以先上網看地圖，看看距離和路線，再決定走路還是坐車。」, what does 「地圖」 mean?",map,map,dìtú,N,"[""newspaper"", ""music"", ""tennis""]",元真：我也不太清楚。不過我們可以先上網看地圖，看看距離和路線，再決定走路還是坐車。,verified_v3_book_locked,ok,,1
modern-chinese-l7-dialogue-1,第7課 對話一：怎麼去天美飯店？,True,7,hard,5,0,地圖,reverse,Which Chinese word best matches “map” in this lesson context?,地圖,map,dìtú,N,"[""地圖"", ""報紙"", ""音樂"", ""網球""]",元真：我也不太清楚。不過我們可以先上網看地圖，看看距離和路線，再決定走路還是坐車。,verified_v3_book_locked,ok,,1
modern-chinese-l7-dialogue-1,第7課 對話一：怎麼去天美飯店？,True,7,hard,5,0,地圖,listening,🔊 Listen and choose the word you hear.,地圖,map,dìtú,N,"[""網球"", ""地圖"", ""音樂"", ""報紙""]",,verified_v3_book_locked,ok,,1
modern-chinese-l7-dialogue-1,第7課 對話一：怎麼去天美飯店？,True,7,hard,5,0,地圖,pinyin,Which pinyin exactly matches the lexical tones of 「地圖」?,dìtú,map,dìtú,N,"[""dìtǔ"", ""dìtū"", ""dìtù"", ""dìtú""]",元真：我也不太清楚。不過我們可以先上網看地圖，看看距離和路線，再決定走路還是坐車。,verified_v3_book_locked,ok,,1
modern-chinese-l7-dialogue-1,第7課 對話一：怎麼去天美飯店？,True,7,hard,5,0,地圖,cloze,Choose the most contextually appropriate word for the blank.,地圖,map,dìtú,N,"[""學校"", ""捷運"", ""超級市場""]",元真：我也不太清楚。不過我們可以先上網看____，看看距離和路線，再決定走路還是坐車。,verified_v3_book_locked,ok,,1
modern-chinese-l7-dialogue-1,第7課 對話一：怎麼去天美飯店？,True,7,hard,5,0,地圖,pos,Classify the grammatical category of 「地圖」 as used in the sentence.,N,map,dìtú,N,"[""Loc"", ""Quant"", ""V""]",元真：我也不太清楚。不過我們可以先上網看地圖，看看距離和路線，再決定走路還是坐車。,verified_v3_book_locked,ok,,1
modern-chinese-l7-dialogue-2,第7課 對話二：坐捷運去吧！,True,7,easy,0,0,飯店,translation,飯店,hotel,hotel,fàndiàn,N,"[""school"", ""post office"", ""to walk""]",元真：友美，妳看，天美飯店在大學路。我現在知道怎麼走了。,verified_v3_book_locked,ok,,2
modern-chinese-l7-dialogue-2,第7課 對話二：坐捷運去吧！,True,7,easy,0,0,飯店,reverse,hotel,飯店,hotel,fàndiàn,N,"[""飯店"", ""走路"", ""郵局"", ""學校""]",元真：友美，妳看，天美飯店在大學路。我現在知道怎麼走了。,verified_v3_book_locked,ok,,2
modern-chinese-l7-dialogue-2,第7課 對話二：坐捷運去吧！,True,7,easy,0,0,飯店,listening,🔊 Listen and choose the word you hear.,飯店,hotel,fàndiàn,N,"[""郵局"", ""學校"", ""走路"", ""飯店""]",,verified_v3_book_locked,ok,,2
modern-chinese-l7-dialogue-2,第7課 對話二：坐捷運去吧！,True,7,easy,0,0,飯店,pinyin,Choose the correct pinyin for 「飯店」.,fàndiàn,hotel,fàndiàn,N,"[""fàndián"", ""fàndiān"", ""fàndiàn"", ""fàndiǎn""]",元真：友美，妳看，天美飯店在大學路。我現在知道怎麼走了。,verified_v3_book_locked,ok,,2
modern-chinese-l7-dialogue-2,第7課 對話二：坐捷運去吧！,True,7,easy,0,0,飯店,cloze,Complete the sentence.,飯店,hotel,fàndiàn,N,"[""超級市場"", ""地圖"", ""電影""]",元真：友美，妳看，天美____在大學路。我現在知道怎麼走了。,verified_v3_book_locked,ok,,2
modern-chinese-l7-dialogue-2,第7課 對話二：坐捷運去吧！,True,7,easy,0,0,飯店,pos,What is the part of speech of 「飯店」?,N,hotel,fàndiàn,N,"[""Adv"", ""Prep"", ""V""]",元真：友美，妳看，天美飯店在大學路。我現在知道怎麼走了。,verified_v3_book_locked,ok,,2
modern-chinese-l7-dialogue-2,第7課 對話二：坐捷運去吧！,True,7,easy,0,0,飯店,synonym,Which word or phrase is closest in meaning to 「飯店」?,旅館,hotel,fàndiàn,N,"[""學校"", ""附近"", ""公車""]",元真：友美，妳看，天美飯店在大學路。我現在知道怎麼走了。,verified_v3_book_locked,ok,,2
modern-chinese-l7-dialogue-2,第7課 對話二：坐捷運去吧！,True,7,medium,0,0,飯店,translation,Choose the best English meaning of 「飯店」.,hotel,hotel,fàndiàn,N,"[""map"", ""school"", ""supermarket""]",元真：友美，妳看，天美飯店在大學路。我現在知道要怎麼走了。,verified_v3_book_locked,ok,,2
modern-chinese-l7-dialogue-2,第7課 對話二：坐捷運去吧！,True,7,medium,0,0,飯店,reverse,Choose the Chinese word for “hotel”.,飯店,hotel,fàndiàn,N,"[""學校"", ""飯店"", ""超級市場"", ""地圖""]",元真：友美，妳看，天美飯店在大學路。我現在知道要怎麼走了。,verified_v3_book_locked,ok,,2
modern-chinese-l7-dialogue-2,第7課 對話二：坐捷運去吧！,True,7,medium,0,0,飯店,listening,🔊 Listen and choose the word you hear.,飯店,hotel,fàndiàn,N,"[""地圖"", ""飯店"", ""超級市場"", ""學校""]",,verified_v3_book_locked,ok,,2
modern-chinese-l7-dialogue-2,第7課 對話二：坐捷運去吧！,True,7,medium,0,0,飯店,pinyin,Choose the correct pinyin and tone pattern for 「飯店」.,fàndiàn,hotel,fàndiàn,N,"[""fàndiǎn"", ""fàndián"", ""fàndiān"", ""fàndiàn""]",元真：友美，妳看，天美飯店在大學路。我現在知道要怎麼走了。,verified_v3_book_locked,ok,,2
modern-chinese-l7-dialogue-2,第7課 對話二：坐捷運去吧！,True,7,medium,0,0,飯店,cloze,Choose the word that best completes the sentence.,飯店,hotel,fàndiàn,N,"[""超級市場"", ""朋友"", ""捷運""]",元真：友美，妳看，天美____在大學路。我現在知道要怎麼走了。,verified_v3_book_locked,ok,,2
modern-chinese-l7-dialogue-2,第7課 對話二：坐捷運去吧！,True,7,medium,0,0,飯店,pos,"In this sentence, what part of speech is 「飯店」?",N,hotel,fàndiàn,N,"[""Adv"", ""Pron"", ""Loc""]",元真：友美，妳看，天美飯店在大學路。我現在知道要怎麼走了。,verified_v3_book_locked,ok,,2
modern-chinese-l7-dialogue-2,第7課 對話二：坐捷運去吧！,True,7,medium,0,0,飯店,synonym,"In this lesson context, which expression is closest in meaning to 「飯店」?",旅館,hotel,fàndiàn,N,"[""地圖"", ""超級市場"", ""公車""]",元真：友美，妳看，天美飯店在大學路。我現在知道要怎麼走了。,verified_v3_book_locked,ok,,2
modern-chinese-l7-dialogue-2,第7課 對話二：坐捷運去吧！,True,7,hard,0,0,飯店,translation,"In 「元真：友美，妳看地圖，天美飯店就在大學路。我現在知道怎麼走了，路線比我想的簡單。」, what does 「飯店」 mean?",hotel,hotel,fàndiàn,N,"[""cafe"", ""living room"", ""classroom""]",元真：友美，妳看地圖，天美飯店就在大學路。我現在知道怎麼走了，路線比我想的簡單。,verified_v3_book_locked,ok,,2
modern-chinese-l7-dialogue-2,第7課 對話二：坐捷運去吧！,True,7,hard,0,0,飯店,reverse,Which Chinese word best matches “hotel” in this lesson context?,飯店,hotel,fàndiàn,N,"[""飯店"", ""客廳"", ""教室"", ""咖啡廳""]",元真：友美，妳看地圖，天美飯店就在大學路。我現在知道怎麼走了，路線比我想的簡單。,verified_v3_book_locked,ok,,2
modern-chinese-l7-dialogue-2,第7課 對話二：坐捷運去吧！,True,7,hard,0,0,飯店,listening,🔊 Listen and choose the word you hear.,飯店,hotel,fàndiàn,N,"[""客廳"", ""飯店"", ""教室"", ""咖啡廳""]",,verified_v3_book_locked,ok,,2
modern-chinese-l7-dialogue-2,第7課 對話二：坐捷運去吧！,True,7,hard,0,0,飯店,pinyin,Which pinyin exactly matches the lexical tones of 「飯店」?,fàndiàn,hotel,fàndiàn,N,"[""fàndiǎn"", ""fàndiàn"", ""fàndián"", ""fàndiān""]",元真：友美，妳看地圖，天美飯店就在大學路。我現在知道怎麼走了，路線比我想的簡單。,verified_v3_book_locked,ok,,2
modern-chinese-l7-dialogue-2,第7課 對話二：坐捷運去吧！,True,7,hard,0,0,飯店,cloze,Choose the most contextually appropriate word for the blank.,飯店,hotel,fàndiàn,N,"[""電影"", ""捷運"", ""風景""]",元真：友美，妳看地圖，天美____就在大學路。我現在知道怎麼走了，路線比我想的簡單。,verified_v3_book_locked,ok,,2
modern-chinese-l7-dialogue-2,第7課 對話二：坐捷運去吧！,True,7,hard,0,0,飯店,pos,Classify the grammatical category of 「飯店」 as used in the sentence.,N,hotel,fàndiàn,N,"[""Adj"", ""Prep"", ""Pron""]",元真：友美，妳看地圖，天美飯店就在大學路。我現在知道怎麼走了，路線比我想的簡單。,verified_v3_book_locked,ok,,2
modern-chinese-l7-dialogue-2,第7課 對話二：坐捷運去吧！,True,7,hard,0,0,飯店,synonym,Which expression can best replace 「飯店」 without changing the intended meaning?,旅館,hotel,fàndiàn,N,"[""廚房"", ""超級市場"", ""宿舍""]",元真：友美，妳看地圖，天美飯店就在大學路。我現在知道怎麼走了，路線比我想的簡單。,verified_v3_book_locked,ok,,2
modern-chinese-l7-dialogue-2,第7課 對話二：坐捷運去吧！,True,7,easy,1,0,飯店,translation,飯店,hotel,hotel,fàndiàn,N,"[""nearby / vicinity"", ""map"", ""school""]",友美：啊！天美飯店在這裡！我知道這個地方，附近有郵局跟超級市場。,verified_v3_book_locked,ok,,2
modern-chinese-l7-dialogue-2,第7課 對話二：坐捷運去吧！,True,7,easy,1,0,飯店,reverse,hotel,飯店,hotel,fàndiàn,N,"[""附近"", ""地圖"", ""學校"", ""飯店""]",友美：啊！天美飯店在這裡！我知道這個地方，附近有郵局跟超級市場。,verified_v3_book_locked,ok,,2
modern-chinese-l7-dialogue-2,第7課 對話二：坐捷運去吧！,True,7,easy,1,0,飯店,listening,🔊 Listen and choose the word you hear.,飯店,hotel,fàndiàn,N,"[""地圖"", ""學校"", ""飯店"", ""附近""]",,verified_v3_book_locked,ok,,2
modern-chinese-l7-dialogue-2,第7課 對話二：坐捷運去吧！,True,7,easy,1,0,飯店,pinyin,Choose the correct pinyin for 「飯店」.,fàndiàn,hotel,fàndiàn,N,"[""fàndián"", ""fàndiǎn"", ""fàndiān"", ""fàndiàn""]",友美：啊！天美飯店在這裡！我知道這個地方，附近有郵局跟超級市場。,verified_v3_book_locked,ok,,2
modern-chinese-l7-dialogue-2,第7課 對話二：坐捷運去吧！,True,7,easy,1,0,飯店,cloze,Complete the sentence.,飯店,hotel,fàndiàn,N,"[""學校"", ""週末"", ""郵局""]",友美：啊！天美____在這裡！我知道這個地方，附近有郵局跟超級市場。,verified_v3_book_locked,ok,,2
modern-chinese-l7-dialogue-2,第7課 對話二：坐捷運去吧！,True,7,easy,1,0,飯店,pos,What is the part of speech of 「飯店」?,N,hotel,fàndiàn,N,"[""Adv"", ""Prep"", ""V""]",友美：啊！天美飯店在這裡！我知道這個地方，附近有郵局跟超級市場。,verified_v3_book_locked,ok,,2
modern-chinese-l7-dialogue-2,第7課 對話二：坐捷運去吧！,True,7,easy,1,0,飯店,synonym,Which word or phrase is closest in meaning to 「飯店」?,旅館,hotel,fàndiàn,N,"[""學校"", ""走路"", ""朋友""]",友美：啊！天美飯店在這裡！我知道這個地方，附近有郵局跟超級市場。,verified_v3_book_locked,ok,,2
modern-chinese-l7-dialogue-2,第7課 對話二：坐捷運去吧！,True,7,medium,1,0,飯店,translation,Choose the best English meaning of 「飯店」.,hotel,hotel,fàndiàn,N,"[""friend"", ""post office"", ""map""]",友美：啊！原來天美飯店在這裡！我知道這個地方，附近有郵局跟超級市場。,verified_v3_book_locked,ok,,2
modern-chinese-l7-dialogue-2,第7課 對話二：坐捷運去吧！,True,7,medium,1,0,飯店,reverse,Choose the Chinese word for “hotel”.,飯店,hotel,fàndiàn,N,"[""朋友"", ""飯店"", ""郵局"", ""地圖""]",友美：啊！原來天美飯店在這裡！我知道這個地方，附近有郵局跟超級市場。,verified_v3_book_locked,ok,,2
modern-chinese-l7-dialogue-2,第7課 對話二：坐捷運去吧！,True,7,medium,1,0,飯店,listening,🔊 Listen and choose the word you hear.,飯店,hotel,fàndiàn,N,"[""飯店"", ""郵局"", ""朋友"", ""地圖""]",,verified_v3_book_locked,ok,,2
modern-chinese-l7-dialogue-2,第7課 對話二：坐捷運去吧！,True,7,medium,1,0,飯店,pinyin,Choose the correct pinyin and tone pattern for 「飯店」.,fàndiàn,hotel,fàndiàn,N,"[""fàndiān"", ""fàndiǎn"", ""fàndián"", ""fàndiàn""]",友美：啊！原來天美飯店在這裡！我知道這個地方，附近有郵局跟超級市場。,verified_v3_book_locked,ok,,2
modern-chinese-l7-dialogue-2,第7課 對話二：坐捷運去吧！,True,7,medium,1,0,飯店,cloze,Choose the word that best completes the sentence.,飯店,hotel,fàndiàn,N,"[""捷運"", ""公車"", ""超級市場""]",友美：啊！原來天美____在這裡！我知道這個地方，附近有郵局跟超級市場。,verified_v3_book_locked,ok,,2
modern-chinese-l7-dialogue-2,第7課 對話二：坐捷運去吧！,True,7,medium,1,0,飯店,pos,"In this sentence, what part of speech is 「飯店」?",N,hotel,fàndiàn,N,"[""Adv"", ""Pron"", ""Loc""]",友美：啊！原來天美飯店在這裡！我知道這個地方，附近有郵局跟超級市場。,verified_v3_book_locked,ok,,2
modern-chinese-l7-dialogue-2,第7課 對話二：坐捷運去吧！,True,7,medium,1,0,飯店,synonym,"In this lesson context, which expression is closest in meaning to 「飯店」?",旅館,hotel,fàndiàn,N,"[""朋友"", ""郵局"", ""公車""]",友美：啊！原來天美飯店在這裡！我知道這個地方，附近有郵局跟超級市場。,verified_v3_book_locked,ok,,2
modern-chinese-l7-dialogue-2,第7課 對話二：坐捷運去吧！,True,7,hard,1,0,飯店,translation,"In 「友美：啊！原來天美飯店在這裡！我以前來過這個地方，附近有郵局跟超級市場，所以我有印象。」, what does 「飯店」 mean?",hotel,hotel,fàndiàn,N,"[""school"", ""airport"", ""department store""]",友美：啊！原來天美飯店在這裡！我以前來過這個地方，附近有郵局跟超級市場，所以我有印象。,verified_v3_book_locked,ok,,2
modern-chinese-l7-dialogue-2,第7課 對話二：坐捷運去吧！,True,7,hard,1,0,飯店,reverse,Which Chinese word best matches “hotel” in this lesson context?,飯店,hotel,fàndiàn,N,"[""飯店"", ""百貨公司"", ""學校"", ""機場""]",友美：啊！原來天美飯店在這裡！我以前來過這個地方，附近有郵局跟超級市場，所以我有印象。,verified_v3_book_locked,ok,,2
modern-chinese-l7-dialogue-2,第7課 對話二：坐捷運去吧！,True,7,hard,1,0,飯店,listening,🔊 Listen and choose the word you hear.,飯店,hotel,fàndiàn,N,"[""百貨公司"", ""學校"", ""機場"", ""飯店""]",,verified_v3_book_locked,ok,,2
modern-chinese-l7-dialogue-2,第7課 對話二：坐捷運去吧！,True,7,hard,1,0,飯店,pinyin,Which pinyin exactly matches the lexical tones of 「飯店」?,fàndiàn,hotel,fàndiàn,N,"[""fàndiàn"", ""fàndián"", ""fàndiǎn"", ""fàndiān""]",友美：啊！原來天美飯店在這裡！我以前來過這個地方，附近有郵局跟超級市場，所以我有印象。,verified_v3_book_locked,ok,,2
modern-chinese-l7-dialogue-2,第7課 對話二：坐捷運去吧！,True,7,hard,1,0,飯店,cloze,Choose the most contextually appropriate word for the blank.,飯店,hotel,fàndiàn,N,"[""電影"", ""捷運"", ""友美""]",友美：啊！原來天美____在這裡！我以前來過這個地方，附近有郵局跟超級市場，所以我有印象。,verified_v3_book_locked,ok,,2
modern-chinese-l7-dialogue-2,第7課 對話二：坐捷運去吧！,True,7,hard,1,0,飯店,pos,Classify the grammatical category of 「飯店」 as used in the sentence.,N,hotel,fàndiàn,N,"[""Adj"", ""Prep"", ""Pron""]",友美：啊！原來天美飯店在這裡！我以前來過這個地方，附近有郵局跟超級市場，所以我有印象。,verified_v3_book_locked,ok,,2
modern-chinese-l7-dialogue-2,第7課 對話二：坐捷運去吧！,True,7,hard,1,0,飯店,synonym,Which expression can best replace 「飯店」 without changing the intended meaning?,旅館,hotel,fàndiàn,N,"[""銀行"", ""學校"", ""廚房""]",友美：啊！原來天美飯店在這裡！我以前來過這個地方，附近有郵局跟超級市場，所以我有印象。,verified_v3_book_locked,ok,,2
modern-chinese-l7-dialogue-2,第7課 對話二：坐捷運去吧！,True,7,easy,1,1,附近,translation,附近,nearby / vicinity,nearby / vicinity,fùjìn,Loc,"[""hotel"", ""post office"", ""map""]",友美：啊！天美飯店在這裡！我知道這個地方，附近有郵局跟超級市場。,verified_v3_book_locked,ok,,2
modern-chinese-l7-dialogue-2,第7課 對話二：坐捷運去吧！,True,7,easy,1,1,附近,reverse,nearby / vicinity,附近,nearby / vicinity,fùjìn,Loc,"[""飯店"", ""地圖"", ""附近"", ""郵局""]",友美：啊！天美飯店在這裡！我知道這個地方，附近有郵局跟超級市場。,verified_v3_book_locked,ok,,2
modern-chinese-l7-dialogue-2,第7課 對話二：坐捷運去吧！,True,7,easy,1,1,附近,listening,🔊 Listen and choose the word you hear.,附近,nearby / vicinity,fùjìn,Loc,"[""飯店"", ""郵局"", ""地圖"", ""附近""]",,verified_v3_book_locked,ok,,2
modern-chinese-l7-dialogue-2,第7課 對話二：坐捷運去吧！,True,7,easy,1,1,附近,pinyin,Choose the correct pinyin for 「附近」.,fùjìn,nearby / vicinity,fùjìn,Loc,"[""fùjín"", ""fùjǐn"", ""fùjìn"", ""fùjīn""]",友美：啊！天美飯店在這裡！我知道這個地方，附近有郵局跟超級市場。,verified_v3_book_locked,ok,,2
modern-chinese-l7-dialogue-2,第7課 對話二：坐捷運去吧！,True,7,easy,1,1,附近,cloze,Complete the sentence.,附近,nearby / vicinity,fùjìn,Loc,"[""上面"", ""旁邊"", ""下面""]",友美：啊！天美飯店在這裡！我知道這個地方，____有郵局跟超級市場。,verified_v3_book_locked,ok,,2
modern-chinese-l7-dialogue-2,第7課 對話二：坐捷運去吧！,True,7,easy,1,1,附近,pos,What is the part of speech of 「附近」?,Loc,nearby / vicinity,fùjìn,Loc,"[""MW"", ""N"", ""Quant""]",友美：啊！天美飯店在這裡！我知道這個地方，附近有郵局跟超級市場。,verified_v3_book_locked,ok,,2
modern-chinese-l7-dialogue-2,第7課 對話二：坐捷運去吧！,True,7,easy,1,1,附近,synonym,Which word or phrase is closest in meaning to 「附近」?,周邊,nearby / vicinity,fùjìn,Loc,"[""地圖"", ""飯店"", ""公車""]",友美：啊！天美飯店在這裡！我知道這個地方，附近有郵局跟超級市場。,verified_v3_book_locked,ok,,2
modern-chinese-l7-dialogue-2,第7課 對話二：坐捷運去吧！,True,7,medium,1,1,附近,translation,Choose the best English meaning of 「附近」.,nearby / vicinity,nearby / vicinity,fùjìn,Loc,"[""beside"", ""on top"", ""underneath""]",友美：啊！原來天美飯店在這裡！我知道這個地方，附近有郵局跟超級市場。,verified_v3_book_locked,ok,,2
modern-chinese-l7-dialogue-2,第7課 對話二：坐捷運去吧！,True,7,medium,1,1,附近,reverse,Choose the Chinese word for “nearby / vicinity”.,附近,nearby / vicinity,fùjìn,Loc,"[""附近"", ""上面"", ""旁邊"", ""下面""]",友美：啊！原來天美飯店在這裡！我知道這個地方，附近有郵局跟超級市場。,verified_v3_book_locked,ok,,2
modern-chinese-l7-dialogue-2,第7課 對話二：坐捷運去吧！,True,7,medium,1,1,附近,listening,🔊 Listen and choose the word you hear.,附近,nearby / vicinity,fùjìn,Loc,"[""旁邊"", ""下面"", ""附近"", ""上面""]",,verified_v3_book_locked,ok,,2
modern-chinese-l7-dialogue-2,第7課 對話二：坐捷運去吧！,True,7,medium,1,1,附近,pinyin,Choose the correct pinyin and tone pattern for 「附近」.,fùjìn,nearby / vicinity,fùjìn,Loc,"[""fùjīn"", ""fùjǐn"", ""fùjín"", ""fùjìn""]",友美：啊！原來天美飯店在這裡！我知道這個地方，附近有郵局跟超級市場。,verified_v3_book_locked,ok,,2
modern-chinese-l7-dialogue-2,第7課 對話二：坐捷運去吧！,True,7,medium,1,1,附近,cloze,Choose the word that best completes the sentence.,附近,nearby / vicinity,fùjìn,Loc,"[""下面"", ""上面"", ""旁邊""]",友美：啊！原來天美飯店在這裡！我知道這個地方，____有郵局跟超級市場。,verified_v3_book_locked,ok,,2
modern-chinese-l7-dialogue-2,第7課 對話二：坐捷運去吧！,True,7,medium,1,1,附近,pos,"In this sentence, what part of speech is 「附近」?",Loc,nearby / vicinity,fùjìn,Loc,"[""MW"", ""V"", ""Pron""]",友美：啊！原來天美飯店在這裡！我知道這個地方，附近有郵局跟超級市場。,verified_v3_book_locked,ok,,2
modern-chinese-l7-dialogue-2,第7課 對話二：坐捷運去吧！,True,7,medium,1,1,附近,synonym,"In this lesson context, which expression is closest in meaning to 「附近」?",周邊,nearby / vicinity,fùjìn,Loc,"[""上面"", ""下面"", ""旁邊""]",友美：啊！原來天美飯店在這裡！我知道這個地方，附近有郵局跟超級市場。,verified_v3_book_locked,ok,,2
modern-chinese-l7-dialogue-2,第7課 對話二：坐捷運去吧！,True,7,hard,1,1,附近,translation,"In 「友美：啊！原來天美飯店在這裡！我以前來過這個地方，附近有郵局跟超級市場，所以我有印象。」, what does 「附近」 mean?",nearby / vicinity,nearby / vicinity,fùjìn,Loc,"[""on top"", ""left side"", ""underneath""]",友美：啊！原來天美飯店在這裡！我以前來過這個地方，附近有郵局跟超級市場，所以我有印象。,verified_v3_book_locked,ok,,2
modern-chinese-l7-dialogue-2,第7課 對話二：坐捷運去吧！,True,7,hard,1,1,附近,reverse,Which Chinese word best matches “nearby / vicinity” in this lesson context?,附近,nearby / vicinity,fùjìn,Loc,"[""左邊"", ""附近"", ""下面"", ""上面""]",友美：啊！原來天美飯店在這裡！我以前來過這個地方，附近有郵局跟超級市場，所以我有印象。,verified_v3_book_locked,ok,,2
modern-chinese-l7-dialogue-2,第7課 對話二：坐捷運去吧！,True,7,hard,1,1,附近,listening,🔊 Listen and choose the word you hear.,附近,nearby / vicinity,fùjìn,Loc,"[""上面"", ""附近"", ""左邊"", ""下面""]",,verified_v3_book_locked,ok,,2
modern-chinese-l7-dialogue-2,第7課 對話二：坐捷運去吧！,True,7,hard,1,1,附近,pinyin,Which pinyin exactly matches the lexical tones of 「附近」?,fùjìn,nearby / vicinity,fùjìn,Loc,"[""fùjīn"", ""fùjín"", ""fùjìn"", ""fùjǐn""]",友美：啊！原來天美飯店在這裡！我以前來過這個地方，附近有郵局跟超級市場，所以我有印象。,verified_v3_book_locked,ok,,2
modern-chinese-l7-dialogue-2,第7課 對話二：坐捷運去吧！,True,7,hard,1,1,附近,cloze,Choose the most contextually appropriate word for the blank.,附近,nearby / vicinity,fùjìn,Loc,"[""下面"", ""旁邊"", ""上面""]",友美：啊！原來天美飯店在這裡！我以前來過這個地方，____有郵局跟超級市場，所以我有印象。,verified_v3_book_locked,ok,,2
modern-chinese-l7-dialogue-2,第7課 對話二：坐捷運去吧！,True,7,hard,1,1,附近,pos,Classify the grammatical category of 「附近」 as used in the sentence.,Loc,nearby / vicinity,fùjìn,Loc,"[""Adv"", ""N"", ""Quant""]",友美：啊！原來天美飯店在這裡！我以前來過這個地方，附近有郵局跟超級市場，所以我有印象。,verified_v3_book_locked,ok,,2
modern-chinese-l7-dialogue-2,第7課 對話二：坐捷運去吧！,True,7,hard,1,1,附近,synonym,Which expression can best replace 「附近」 without changing the intended meaning?,周邊,nearby / vicinity,fùjìn,Loc,"[""左邊"", ""上面"", ""裡面""]",友美：啊！原來天美飯店在這裡！我以前來過這個地方，附近有郵局跟超級市場，所以我有印象。,verified_v3_book_locked,ok,,2
modern-chinese-l7-dialogue-2,第7課 對話二：坐捷運去吧！,True,7,easy,1,2,郵局,translation,郵局,post office,post office,yóujú,N,"[""nearby / vicinity"", ""friend"", ""map""]",友美：啊！天美飯店在這裡！我知道這個地方，附近有郵局跟超級市場。,verified_v3_book_locked,ok,,2
modern-chinese-l7-dialogue-2,第7課 對話二：坐捷運去吧！,True,7,easy,1,2,郵局,reverse,post office,郵局,post office,yóujú,N,"[""地圖"", ""郵局"", ""朋友"", ""附近""]",友美：啊！天美飯店在這裡！我知道這個地方，附近有郵局跟超級市場。,verified_v3_book_locked,ok,,2
modern-chinese-l7-dialogue-2,第7課 對話二：坐捷運去吧！,True,7,easy,1,2,郵局,listening,🔊 Listen and choose the word you hear.,郵局,post office,yóujú,N,"[""朋友"", ""地圖"", ""附近"", ""郵局""]",,verified_v3_book_locked,ok,,2
modern-chinese-l7-dialogue-2,第7課 對話二：坐捷運去吧！,True,7,easy,1,2,郵局,pinyin,Choose the correct pinyin for 「郵局」.,yóujú,post office,yóujú,N,"[""yóujǔ"", ""yóujú"", ""yóujū"", ""yóujù""]",友美：啊！天美飯店在這裡！我知道這個地方，附近有郵局跟超級市場。,verified_v3_book_locked,ok,,2
modern-chinese-l7-dialogue-2,第7課 對話二：坐捷運去吧！,True,7,easy,1,2,郵局,cloze,Complete the sentence.,郵局,post office,yóujú,N,"[""朋友"", ""超級市場"", ""運動""]",友美：啊！天美飯店在這裡！我知道這個地方，附近有____跟超級市場。,verified_v3_book_locked,ok,,2
modern-chinese-l7-dialogue-2,第7課 對話二：坐捷運去吧！,True,7,easy,1,2,郵局,pos,What is the part of speech of 「郵局」?,N,post office,yóujú,N,"[""Adv"", ""Quant"", ""Adj""]",友美：啊！天美飯店在這裡！我知道這個地方，附近有郵局跟超級市場。,verified_v3_book_locked,ok,,2
modern-chinese-l7-dialogue-2,第7課 對話二：坐捷運去吧！,True,7,medium,1,2,郵局,translation,Choose the best English meaning of 「郵局」.,post office,post office,yóujú,N,"[""movie"", ""friend"", ""map""]",友美：啊！原來天美飯店在這裡！我知道這個地方，附近有郵局跟超級市場。,verified_v3_book_locked,ok,,2
modern-chinese-l7-dialogue-2,第7課 對話二：坐捷運去吧！,True,7,medium,1,2,郵局,reverse,Choose the Chinese word for “post office”.,郵局,post office,yóujú,N,"[""電影"", ""地圖"", ""朋友"", ""郵局""]",友美：啊！原來天美飯店在這裡！我知道這個地方，附近有郵局跟超級市場。,verified_v3_book_locked,ok,,2
modern-chinese-l7-dialogue-2,第7課 對話二：坐捷運去吧！,True,7,medium,1,2,郵局,listening,🔊 Listen and choose the word you hear.,郵局,post office,yóujú,N,"[""朋友"", ""電影"", ""郵局"", ""地圖""]",,verified_v3_book_locked,ok,,2
modern-chinese-l7-dialogue-2,第7課 對話二：坐捷運去吧！,True,7,medium,1,2,郵局,pinyin,Choose the correct pinyin and tone pattern for 「郵局」.,yóujú,post office,yóujú,N,"[""yóujù"", ""yóujǔ"", ""yóujú"", ""yóujū""]",友美：啊！原來天美飯店在這裡！我知道這個地方，附近有郵局跟超級市場。,verified_v3_book_locked,ok,,2
modern-chinese-l7-dialogue-2,第7課 對話二：坐捷運去吧！,True,7,medium,1,2,郵局,cloze,Choose the word that best completes the sentence.,郵局,post office,yóujú,N,"[""捷運"", ""電影"", ""學校""]",友美：啊！原來天美飯店在這裡！我知道這個地方，附近有____跟超級市場。,verified_v3_book_locked,ok,,2
modern-chinese-l7-dialogue-2,第7課 對話二：坐捷運去吧！,True,7,medium,1,2,郵局,pos,"In this sentence, what part of speech is 「郵局」?",N,post office,yóujú,N,"[""Pron"", ""Prep"", ""Loc""]",友美：啊！原來天美飯店在這裡！我知道這個地方，附近有郵局跟超級市場。,verified_v3_book_locked,ok,,2
modern-chinese-l7-dialogue-2,第7課 對話二：坐捷運去吧！,True,7,hard,1,2,郵局,translation,"In 「友美：啊！原來天美飯店在這裡！我以前來過這個地方，附近有郵局跟超級市場，所以我有印象。」, what does 「郵局」 mean?",post office,post office,yóujú,N,"[""restaurant"", ""supermarket"", ""living room""]",友美：啊！原來天美飯店在這裡！我以前來過這個地方，附近有郵局跟超級市場，所以我有印象。,verified_v3_book_locked,ok,,2
modern-chinese-l7-dialogue-2,第7課 對話二：坐捷運去吧！,True,7,hard,1,2,郵局,reverse,Which Chinese word best matches “post office” in this lesson context?,郵局,post office,yóujú,N,"[""客廳"", ""餐廳"", ""超級市場"", ""郵局""]",友美：啊！原來天美飯店在這裡！我以前來過這個地方，附近有郵局跟超級市場，所以我有印象。,verified_v3_book_locked,ok,,2
modern-chinese-l7-dialogue-2,第7課 對話二：坐捷運去吧！,True,7,hard,1,2,郵局,listening,🔊 Listen and choose the word you hear.,郵局,post office,yóujú,N,"[""客廳"", ""郵局"", ""超級市場"", ""餐廳""]",,verified_v3_book_locked,ok,,2
modern-chinese-l7-dialogue-2,第7課 對話二：坐捷運去吧！,True,7,hard,1,2,郵局,pinyin,Which pinyin exactly matches the lexical tones of 「郵局」?,yóujú,post office,yóujú,N,"[""yóujú"", ""yóujū"", ""yóujǔ"", ""yóujù""]",友美：啊！原來天美飯店在這裡！我以前來過這個地方，附近有郵局跟超級市場，所以我有印象。,verified_v3_book_locked,ok,,2
modern-chinese-l7-dialogue-2,第7課 對話二：坐捷運去吧！,True,7,hard,1,2,郵局,cloze,Choose the most contextually appropriate word for the blank.,郵局,post office,yóujú,N,"[""捷運"", ""電影"", ""地圖""]",友美：啊！原來天美飯店在這裡！我以前來過這個地方，附近有____跟超級市場，所以我有印象。,verified_v3_book_locked,ok,,2
modern-chinese-l7-dialogue-2,第7課 對話二：坐捷運去吧！,True,7,hard,1,2,郵局,pos,Classify the grammatical category of 「郵局」 as used in the sentence.,N,post office,yóujú,N,"[""Loc"", ""V"", ""Prep""]",友美：啊！原來天美飯店在這裡！我以前來過這個地方，附近有郵局跟超級市場，所以我有印象。,verified_v3_book_locked,ok,,2
modern-chinese-l7-dialogue-2,第7課 對話二：坐捷運去吧！,True,7,easy,1,3,超級市場,translation,超級市場,supermarket,supermarket,chāojí shìchǎng,N,"[""map"", ""MRT"", ""friend""]",友美：啊！天美飯店在這裡！我知道這個地方，附近有郵局跟超級市場。,verified_v3_book_locked,ok,,2
modern-chinese-l7-dialogue-2,第7課 對話二：坐捷運去吧！,True,7,easy,1,3,超級市場,reverse,supermarket,超級市場,supermarket,chāojí shìchǎng,N,"[""朋友"", ""捷運"", ""超級市場"", ""地圖""]",友美：啊！天美飯店在這裡！我知道這個地方，附近有郵局跟超級市場。,verified_v3_book_locked,ok,,2
modern-chinese-l7-dialogue-2,第7課 對話二：坐捷運去吧！,True,7,easy,1,3,超級市場,listening,🔊 Listen and choose the word you hear.,超級市場,supermarket,chāojí shìchǎng,N,"[""朋友"", ""捷運"", ""超級市場"", ""地圖""]",,verified_v3_book_locked,ok,,2
modern-chinese-l7-dialogue-2,第7課 對話二：坐捷運去吧！,True,7,easy,1,3,超級市場,pinyin,Choose the correct pinyin for 「超級市場」.,chāojí shìchǎng,supermarket,chāojí shìchǎng,N,"[""chāojí shìchǎng"", ""chāojí shìchāng"", ""chāojí shìchàng"", ""chāojí shìcháng""]",友美：啊！天美飯店在這裡！我知道這個地方，附近有郵局跟超級市場。,verified_v3_book_locked,ok,,2
modern-chinese-l7-dialogue-2,第7課 對話二：坐捷運去吧！,True,7,easy,1,3,超級市場,cloze,Complete the sentence.,超級市場,supermarket,chāojí shìchǎng,N,"[""捷運"", ""飯店"", ""運動""]",友美：啊！天美飯店在這裡！我知道這個地方，附近有郵局跟____。,verified_v3_book_locked,ok,,2
modern-chinese-l7-dialogue-2,第7課 對話二：坐捷運去吧！,True,7,easy,1,3,超級市場,pos,What is the part of speech of 「超級市場」?,N,supermarket,chāojí shìchǎng,N,"[""Prep"", ""V"", ""Loc""]",友美：啊！天美飯店在這裡！我知道這個地方，附近有郵局跟超級市場。,verified_v3_book_locked,ok,,2
modern-chinese-l7-dialogue-2,第7課 對話二：坐捷運去吧！,True,7,easy,1,3,超級市場,synonym,Which word or phrase is closest in meaning to 「超級市場」?,超市,supermarket,chāojí shìchǎng,N,"[""走路"", ""附近"", ""地圖""]",友美：啊！天美飯店在這裡！我知道這個地方，附近有郵局跟超級市場。,verified_v3_book_locked,ok,,2
modern-chinese-l7-dialogue-2,第7課 對話二：坐捷運去吧！,True,7,medium,1,3,超級市場,translation,Choose the best English meaning of 「超級市場」.,supermarket,supermarket,chāojí shìchǎng,N,"[""hotel"", ""friend"", ""MRT""]",友美：啊！原來天美飯店在這裡！我知道這個地方，附近有郵局跟超級市場。,verified_v3_book_locked,ok,,2
modern-chinese-l7-dialogue-2,第7課 對話二：坐捷運去吧！,True,7,medium,1,3,超級市場,reverse,Choose the Chinese word for “supermarket”.,超級市場,supermarket,chāojí shìchǎng,N,"[""朋友"", ""飯店"", ""捷運"", ""超級市場""]",友美：啊！原來天美飯店在這裡！我知道這個地方，附近有郵局跟超級市場。,verified_v3_book_locked,ok,,2
modern-chinese-l7-dialogue-2,第7課 對話二：坐捷運去吧！,True,7,medium,1,3,超級市場,listening,🔊 Listen and choose the word you hear.,超級市場,supermarket,chāojí shìchǎng,N,"[""飯店"", ""超級市場"", ""捷運"", ""朋友""]",,verified_v3_book_locked,ok,,2
modern-chinese-l7-dialogue-2,第7課 對話二：坐捷運去吧！,True,7,medium,1,3,超級市場,pinyin,Choose the correct pinyin and tone pattern for 「超級市場」.,chāojí shìchǎng,supermarket,chāojí shìchǎng,N,"[""chāojí shìchǎng"", ""chāojí shìchāng"", ""chāojí shìcháng"", ""chāojí shìchàng""]",友美：啊！原來天美飯店在這裡！我知道這個地方，附近有郵局跟超級市場。,verified_v3_book_locked,ok,,2
modern-chinese-l7-dialogue-2,第7課 對話二：坐捷運去吧！,True,7,medium,1,3,超級市場,cloze,Choose the word that best completes the sentence.,超級市場,supermarket,chāojí shìchǎng,N,"[""學校"", ""朋友"", ""地圖""]",友美：啊！原來天美飯店在這裡！我知道這個地方，附近有郵局跟____。,verified_v3_book_locked,ok,,2
modern-chinese-l7-dialogue-2,第7課 對話二：坐捷運去吧！,True,7,medium,1,3,超級市場,pos,"In this sentence, what part of speech is 「超級市場」?",N,supermarket,chāojí shìchǎng,N,"[""MW"", ""Adv"", ""V""]",友美：啊！原來天美飯店在這裡！我知道這個地方，附近有郵局跟超級市場。,verified_v3_book_locked,ok,,2
modern-chinese-l7-dialogue-2,第7課 對話二：坐捷運去吧！,True,7,medium,1,3,超級市場,synonym,"In this lesson context, which expression is closest in meaning to 「超級市場」?",超市,supermarket,chāojí shìchǎng,N,"[""學校"", ""地圖"", ""電影""]",友美：啊！原來天美飯店在這裡！我知道這個地方，附近有郵局跟超級市場。,verified_v3_book_locked,ok,,2
modern-chinese-l7-dialogue-2,第7課 對話二：坐捷運去吧！,True,7,hard,1,3,超級市場,translation,"In 「友美：啊！原來天美飯店在這裡！我以前來過這個地方，附近有郵局跟超級市場，所以我有印象。」, what does 「超級市場」 mean?",supermarket,supermarket,chāojí shìchǎng,N,"[""department store"", ""school"", ""hotel""]",友美：啊！原來天美飯店在這裡！我以前來過這個地方，附近有郵局跟超級市場，所以我有印象。,verified_v3_book_locked,ok,,2
modern-chinese-l7-dialogue-2,第7課 對話二：坐捷運去吧！,True,7,hard,1,3,超級市場,reverse,Which Chinese word best matches “supermarket” in this lesson context?,超級市場,supermarket,chāojí shìchǎng,N,"[""飯店"", ""超級市場"", ""學校"", ""百貨公司""]",友美：啊！原來天美飯店在這裡！我以前來過這個地方，附近有郵局跟超級市場，所以我有印象。,verified_v3_book_locked,ok,,2
modern-chinese-l7-dialogue-2,第7課 對話二：坐捷運去吧！,True,7,hard,1,3,超級市場,listening,🔊 Listen and choose the word you hear.,超級市場,supermarket,chāojí shìchǎng,N,"[""超級市場"", ""百貨公司"", ""學校"", ""飯店""]",,verified_v3_book_locked,ok,,2
modern-chinese-l7-dialogue-2,第7課 對話二：坐捷運去吧！,True,7,hard,1,3,超級市場,pinyin,Which pinyin exactly matches the lexical tones of 「超級市場」?,chāojí shìchǎng,supermarket,chāojí shìchǎng,N,"[""chāojí shìchàng"", ""chāojí shìchāng"", ""chāojí shìchǎng"", ""chāojí shìcháng""]",友美：啊！原來天美飯店在這裡！我以前來過這個地方，附近有郵局跟超級市場，所以我有印象。,verified_v3_book_locked,ok,,2
modern-chinese-l7-dialogue-2,第7課 對話二：坐捷運去吧！,True,7,hard,1,3,超級市場,cloze,Choose the most contextually appropriate word for the blank.,超級市場,supermarket,chāojí shìchǎng,N,"[""捷運"", ""週末"", ""電影""]",友美：啊！原來天美飯店在這裡！我以前來過這個地方，附近有郵局跟____，所以我有印象。,verified_v3_book_locked,ok,,2
modern-chinese-l7-dialogue-2,第7課 對話二：坐捷運去吧！,True,7,hard,1,3,超級市場,pos,Classify the grammatical category of 「超級市場」 as used in the sentence.,N,supermarket,chāojí shìchǎng,N,"[""MW"", ""Adv"", ""Quant""]",友美：啊！原來天美飯店在這裡！我以前來過這個地方，附近有郵局跟超級市場，所以我有印象。,verified_v3_book_locked,ok,,2
modern-chinese-l7-dialogue-2,第7課 對話二：坐捷運去吧！,True,7,hard,1,3,超級市場,synonym,Which expression can best replace 「超級市場」 without changing the intended meaning?,超市,supermarket,chāojí shìchǎng,N,"[""客廳"", ""飯店"", ""廚房""]",友美：啊！原來天美飯店在這裡！我以前來過這個地方，附近有郵局跟超級市場，所以我有印象。,verified_v3_book_locked,ok,,2
modern-chinese-l7-dialogue-2,第7課 對話二：坐捷運去吧！,True,7,easy,2,0,走路,translation,走路,to walk,to walk,zǒulù,V,"[""bus"", ""map"", ""post office""]",元真：我想走路一定沒問題。,verified_v3_book_locked,ok,,2
modern-chinese-l7-dialogue-2,第7課 對話二：坐捷運去吧！,True,7,easy,2,0,走路,reverse,to walk,走路,to walk,zǒulù,V,"[""公車"", ""郵局"", ""走路"", ""地圖""]",元真：我想走路一定沒問題。,verified_v3_book_locked,ok,,2
modern-chinese-l7-dialogue-2,第7課 對話二：坐捷運去吧！,True,7,easy,2,0,走路,listening,🔊 Listen and choose the word you hear.,走路,to walk,zǒulù,V,"[""走路"", ""公車"", ""郵局"", ""地圖""]",,verified_v3_book_locked,ok,,2
modern-chinese-l7-dialogue-2,第7課 對話二：坐捷運去吧！,True,7,easy,2,0,走路,pinyin,Choose the correct pinyin for 「走路」.,zǒulù,to walk,zǒulù,V,"[""zǒulú"", ""zǒulū"", ""zǒulǔ"", ""zǒulù""]",元真：我想走路一定沒問題。,verified_v3_book_locked,ok,,2
modern-chinese-l7-dialogue-2,第7課 對話二：坐捷運去吧！,True,7,easy,2,0,走路,cloze,Complete the sentence.,走路,to walk,zǒulù,V,"[""去"", ""聽音樂"", ""看書""]",元真：我想____一定沒問題。,verified_v3_book_locked,ok,,2
modern-chinese-l7-dialogue-2,第7課 對話二：坐捷運去吧！,True,7,easy,2,0,走路,pos,What is the part of speech of 「走路」?,V,to walk,zǒulù,V,"[""N"", ""Adj"", ""Prep""]",元真：我想走路一定沒問題。,verified_v3_book_locked,ok,,2
modern-chinese-l7-dialogue-2,第7課 對話二：坐捷運去吧！,True,7,easy,2,0,走路,synonym,Which word or phrase is closest in meaning to 「走路」?,步行,to walk,zǒulù,V,"[""捷運"", ""附近"", ""地圖""]",元真：我想走路一定沒問題。,verified_v3_book_locked,ok,,2
modern-chinese-l7-dialogue-2,第7課 對話二：坐捷運去吧！,True,7,medium,2,0,走路,translation,Choose the best English meaning of 「走路」.,to walk,to walk,zǒulù,V,"[""to want"", ""to listen to music"", ""to read""]",元真：看起來不太遠，我想走路一定沒問題。,verified_v3_book_locked,ok,,2
modern-chinese-l7-dialogue-2,第7課 對話二：坐捷運去吧！,True,7,medium,2,0,走路,reverse,Choose the Chinese word for “to walk”.,走路,to walk,zǒulù,V,"[""看書"", ""想"", ""聽音樂"", ""走路""]",元真：看起來不太遠，我想走路一定沒問題。,verified_v3_book_locked,ok,,2
modern-chinese-l7-dialogue-2,第7課 對話二：坐捷運去吧！,True,7,medium,2,0,走路,listening,🔊 Listen and choose the word you hear.,走路,to walk,zǒulù,V,"[""看書"", ""聽音樂"", ""走路"", ""想""]",,verified_v3_book_locked,ok,,2
modern-chinese-l7-dialogue-2,第7課 對話二：坐捷運去吧！,True,7,medium,2,0,走路,pinyin,Choose the correct pinyin and tone pattern for 「走路」.,zǒulù,to walk,zǒulù,V,"[""zǒulǔ"", ""zǒulū"", ""zǒulù"", ""zǒulú""]",元真：看起來不太遠，我想走路一定沒問題。,verified_v3_book_locked,ok,,2
modern-chinese-l7-dialogue-2,第7課 對話二：坐捷運去吧！,True,7,medium,2,0,走路,cloze,Choose the word that best completes the sentence.,走路,to walk,zǒulù,V,"[""聽音樂"", ""想"", ""要""]",元真：看起來不太遠，我想____一定沒問題。,verified_v3_book_locked,ok,,2
modern-chinese-l7-dialogue-2,第7課 對話二：坐捷運去吧！,True,7,medium,2,0,走路,pos,"In this sentence, what part of speech is 「走路」?",V,to walk,zǒulù,V,"[""Adv"", ""Pron"", ""Loc""]",元真：看起來不太遠，我想走路一定沒問題。,verified_v3_book_locked,ok,,2
modern-chinese-l7-dialogue-2,第7課 對話二：坐捷運去吧！,True,7,medium,2,0,走路,synonym,"In this lesson context, which expression is closest in meaning to 「走路」?",步行,to walk,zǒulù,V,"[""要"", ""想"", ""聽音樂""]",元真：看起來不太遠，我想走路一定沒問題。,verified_v3_book_locked,ok,,2
modern-chinese-l7-dialogue-2,第7課 對話二：坐捷運去吧！,True,7,hard,2,0,走路,translation,"In 「元真：從地圖看起來距離不遠，我想我們慢慢走路過去一定沒問題。」, what does 「走路」 mean?",to walk,to walk,zǒulù,V,"[""cook meal"", ""to sing"", ""to listen to music""]",元真：從地圖看起來距離不遠，我想我們慢慢走路過去一定沒問題。,verified_v3_book_locked,ok,,2
modern-chinese-l7-dialogue-2,第7課 對話二：坐捷運去吧！,True,7,hard,2,0,走路,reverse,Which Chinese word best matches “to walk” in this lesson context?,走路,to walk,zǒulù,V,"[""做飯"", ""唱歌"", ""聽音樂"", ""走路""]",元真：從地圖看起來距離不遠，我想我們慢慢走路過去一定沒問題。,verified_v3_book_locked,ok,,2
modern-chinese-l7-dialogue-2,第7課 對話二：坐捷運去吧！,True,7,hard,2,0,走路,listening,🔊 Listen and choose the word you hear.,走路,to walk,zǒulù,V,"[""聽音樂"", ""唱歌"", ""做飯"", ""走路""]",,verified_v3_book_locked,ok,,2
modern-chinese-l7-dialogue-2,第7課 對話二：坐捷運去吧！,True,7,hard,2,0,走路,pinyin,Which pinyin exactly matches the lexical tones of 「走路」?,zǒulù,to walk,zǒulù,V,"[""zǒulǔ"", ""zǒulū"", ""zǒulù"", ""zǒulú""]",元真：從地圖看起來距離不遠，我想我們慢慢走路過去一定沒問題。,verified_v3_book_locked,ok,,2
modern-chinese-l7-dialogue-2,第7課 對話二：坐捷運去吧！,True,7,hard,2,0,走路,cloze,Choose the most contextually appropriate word for the blank.,走路,to walk,zǒulù,V,"[""聽音樂"", ""做"", ""要""]",元真：從地圖看起來距離不遠，我想我們慢慢____過去一定沒問題。,verified_v3_book_locked,ok,,2
modern-chinese-l7-dialogue-2,第7課 對話二：坐捷運去吧！,True,7,hard,2,0,走路,pos,Classify the grammatical category of 「走路」 as used in the sentence.,V,to walk,zǒulù,V,"[""Adj"", ""N"", ""Prep""]",元真：從地圖看起來距離不遠，我想我們慢慢走路過去一定沒問題。,verified_v3_book_locked,ok,,2
modern-chinese-l7-dialogue-2,第7課 對話二：坐捷運去吧！,True,7,hard,2,0,走路,synonym,Which expression can best replace 「走路」 without changing the intended meaning?,步行,to walk,zǒulù,V,"[""喜歡"", ""唱歌"", ""工作""]",元真：從地圖看起來距離不遠，我想我們慢慢走路過去一定沒問題。,verified_v3_book_locked,ok,,2
modern-chinese-l7-dialogue-2,第7課 對話二：坐捷運去吧！,True,7,easy,3,0,走路,translation,走路,to walk,to walk,zǒulù,V,"[""friend"", ""MRT"", ""post office""]",友美：可是我覺得那裡有點兒遠，走路去太累了。,verified_v3_book_locked,ok,,2
modern-chinese-l7-dialogue-2,第7課 對話二：坐捷運去吧！,True,7,easy,3,0,走路,reverse,to walk,走路,to walk,zǒulù,V,"[""朋友"", ""郵局"", ""捷運"", ""走路""]",友美：可是我覺得那裡有點兒遠，走路去太累了。,verified_v3_book_locked,ok,,2
modern-chinese-l7-dialogue-2,第7課 對話二：坐捷運去吧！,True,7,easy,3,0,走路,listening,🔊 Listen and choose the word you hear.,走路,to walk,zǒulù,V,"[""走路"", ""捷運"", ""郵局"", ""朋友""]",,verified_v3_book_locked,ok,,2
modern-chinese-l7-dialogue-2,第7課 對話二：坐捷運去吧！,True,7,easy,3,0,走路,pinyin,Choose the correct pinyin for 「走路」.,zǒulù,to walk,zǒulù,V,"[""zǒulù"", ""zǒulū"", ""zǒulǔ"", ""zǒulú""]",友美：可是我覺得那裡有點兒遠，走路去太累了。,verified_v3_book_locked,ok,,2
modern-chinese-l7-dialogue-2,第7課 對話二：坐捷運去吧！,True,7,easy,3,0,走路,cloze,Complete the sentence.,走路,to walk,zǒulù,V,"[""喝"", ""做"", ""幫""]",友美：可是我覺得那裡有點兒遠，____去太累了。,verified_v3_book_locked,ok,,2
modern-chinese-l7-dialogue-2,第7課 對話二：坐捷運去吧！,True,7,easy,3,0,走路,pos,What is the part of speech of 「走路」?,V,to walk,zǒulù,V,"[""N"", ""Adj"", ""Prep""]",友美：可是我覺得那裡有點兒遠，走路去太累了。,verified_v3_book_locked,ok,,2
modern-chinese-l7-dialogue-2,第7課 對話二：坐捷運去吧！,True,7,easy,3,0,走路,synonym,Which word or phrase is closest in meaning to 「走路」?,步行,to walk,zǒulù,V,"[""飯店"", ""捷運"", ""朋友""]",友美：可是我覺得那裡有點兒遠，走路去太累了。,verified_v3_book_locked,ok,,2
modern-chinese-l7-dialogue-2,第7課 對話二：坐捷運去吧！,True,7,medium,3,0,走路,translation,Choose the best English meaning of 「走路」.,to walk,to walk,zǒulù,V,"[""to do / make"", ""to read"", ""drink""]",友美：可是我覺得那裡有點兒遠，如果走路去可能太累了。,verified_v3_book_locked,ok,,2
modern-chinese-l7-dialogue-2,第7課 對話二：坐捷運去吧！,True,7,medium,3,0,走路,reverse,Choose the Chinese word for “to walk”.,走路,to walk,zǒulù,V,"[""做"", ""看書"", ""喝"", ""走路""]",友美：可是我覺得那裡有點兒遠，如果走路去可能太累了。,verified_v3_book_locked,ok,,2
modern-chinese-l7-dialogue-2,第7課 對話二：坐捷運去吧！,True,7,medium,3,0,走路,listening,🔊 Listen and choose the word you hear.,走路,to walk,zǒulù,V,"[""看書"", ""喝"", ""走路"", ""做""]",,verified_v3_book_locked,ok,,2
modern-chinese-l7-dialogue-2,第7課 對話二：坐捷運去吧！,True,7,medium,3,0,走路,pinyin,Choose the correct pinyin and tone pattern for 「走路」.,zǒulù,to walk,zǒulù,V,"[""zǒulú"", ""zǒulū"", ""zǒulù"", ""zǒulǔ""]",友美：可是我覺得那裡有點兒遠，如果走路去可能太累了。,verified_v3_book_locked,ok,,2
modern-chinese-l7-dialogue-2,第7課 對話二：坐捷運去吧！,True,7,medium,3,0,走路,cloze,Choose the word that best completes the sentence.,走路,to walk,zǒulù,V,"[""知道"", ""幫"", ""去""]",友美：可是我覺得那裡有點兒遠，如果____去可能太累了。,verified_v3_book_locked,ok,,2
modern-chinese-l7-dialogue-2,第7課 對話二：坐捷運去吧！,True,7,medium,3,0,走路,pos,"In this sentence, what part of speech is 「走路」?",V,to walk,zǒulù,V,"[""Adv"", ""Pron"", ""Loc""]",友美：可是我覺得那裡有點兒遠，如果走路去可能太累了。,verified_v3_book_locked,ok,,2
modern-chinese-l7-dialogue-2,第7課 對話二：坐捷運去吧！,True,7,medium,3,0,走路,synonym,"In this lesson context, which expression is closest in meaning to 「走路」?",步行,to walk,zǒulù,V,"[""想"", ""要"", ""聽音樂""]",友美：可是我覺得那裡有點兒遠，如果走路去可能太累了。,verified_v3_book_locked,ok,,2
modern-chinese-l7-dialogue-2,第7課 對話二：坐捷運去吧！,True,7,hard,3,0,走路,translation,"In 「友美：可是我覺得那裡還是有點兒遠，而且明天下午可能很熱，走路去太累了。」, what does 「走路」 mean?",to walk,to walk,zǒulù,V,"[""to work"", ""sunbathe"", ""like""]",友美：可是我覺得那裡還是有點兒遠，而且明天下午可能很熱，走路去太累了。,verified_v3_book_locked,ok,,2
modern-chinese-l7-dialogue-2,第7課 對話二：坐捷運去吧！,True,7,hard,3,0,走路,reverse,Which Chinese word best matches “to walk” in this lesson context?,走路,to walk,zǒulù,V,"[""工作"", ""喜歡"", ""走路"", ""曬太陽""]",友美：可是我覺得那裡還是有點兒遠，而且明天下午可能很熱，走路去太累了。,verified_v3_book_locked,ok,,2
modern-chinese-l7-dialogue-2,第7課 對話二：坐捷運去吧！,True,7,hard,3,0,走路,listening,🔊 Listen and choose the word you hear.,走路,to walk,zǒulù,V,"[""曬太陽"", ""喜歡"", ""走路"", ""工作""]",,verified_v3_book_locked,ok,,2
modern-chinese-l7-dialogue-2,第7課 對話二：坐捷運去吧！,True,7,hard,3,0,走路,pinyin,Which pinyin exactly matches the lexical tones of 「走路」?,zǒulù,to walk,zǒulù,V,"[""zǒulù"", ""zǒulū"", ""zǒulǔ"", ""zǒulú""]",友美：可是我覺得那裡還是有點兒遠，而且明天下午可能很熱，走路去太累了。,verified_v3_book_locked,ok,,2
modern-chinese-l7-dialogue-2,第7課 對話二：坐捷運去吧！,True,7,hard,3,0,走路,cloze,Choose the most contextually appropriate word for the blank.,走路,to walk,zǒulù,V,"[""做"", ""喝"", ""想""]",友美：可是我覺得那裡還是有點兒遠，而且明天下午可能很熱，____去太累了。,verified_v3_book_locked,ok,,2
modern-chinese-l7-dialogue-2,第7課 對話二：坐捷運去吧！,True,7,hard,3,0,走路,pos,Classify the grammatical category of 「走路」 as used in the sentence.,V,to walk,zǒulù,V,"[""Adj"", ""N"", ""Prep""]",友美：可是我覺得那裡還是有點兒遠，而且明天下午可能很熱，走路去太累了。,verified_v3_book_locked,ok,,2
modern-chinese-l7-dialogue-2,第7課 對話二：坐捷運去吧！,True,7,hard,3,0,走路,synonym,Which expression can best replace 「走路」 without changing the intended meaning?,步行,to walk,zǒulù,V,"[""看書"", ""做"", ""吃飯""]",友美：可是我覺得那裡還是有點兒遠，而且明天下午可能很熱，走路去太累了。,verified_v3_book_locked,ok,,2
modern-chinese-l7-dialogue-2,第7課 對話二：坐捷運去吧！,True,7,easy,5,0,捷運,translation,捷運,MRT,MRT,jiéyùn,N,"[""friend"", ""nearby / vicinity"", ""hotel""]",友美：坐捷運又方便又舒服，我們可以坐捷運。,verified_v3_book_locked,ok,,2
modern-chinese-l7-dialogue-2,第7課 對話二：坐捷運去吧！,True,7,easy,5,0,捷運,reverse,MRT,捷運,MRT,jiéyùn,N,"[""附近"", ""飯店"", ""捷運"", ""朋友""]",友美：坐捷運又方便又舒服，我們可以坐捷運。,verified_v3_book_locked,ok,,2
modern-chinese-l7-dialogue-2,第7課 對話二：坐捷運去吧！,True,7,easy,5,0,捷運,listening,🔊 Listen and choose the word you hear.,捷運,MRT,jiéyùn,N,"[""飯店"", ""捷運"", ""附近"", ""朋友""]",,verified_v3_book_locked,ok,,2
modern-chinese-l7-dialogue-2,第7課 對話二：坐捷運去吧！,True,7,easy,5,0,捷運,pinyin,Choose the correct pinyin for 「捷運」.,jiéyùn,MRT,jiéyùn,N,"[""jiéyùn"", ""jiéyūn"", ""jiéyǔn"", ""jiéyún""]",友美：坐捷運又方便又舒服，我們可以坐捷運。,verified_v3_book_locked,ok,,2
modern-chinese-l7-dialogue-2,第7課 對話二：坐捷運去吧！,True,7,easy,5,0,捷運,cloze,Complete the sentence.,捷運,MRT,jiéyùn,N,"[""公車"", ""郵局"", ""朋友""]",友美：坐____又方便又舒服，我們可以坐。,verified_v3_book_locked,ok,,2
modern-chinese-l7-dialogue-2,第7課 對話二：坐捷運去吧！,True,7,easy,5,0,捷運,pos,What is the part of speech of 「捷運」?,N,MRT,jiéyùn,N,"[""Prep"", ""Pron"", ""Adv""]",友美：坐捷運又方便又舒服，我們可以坐捷運。,verified_v3_book_locked,ok,,2
modern-chinese-l7-dialogue-2,第7課 對話二：坐捷運去吧！,True,7,medium,5,0,捷運,translation,Choose the best English meaning of 「捷運」.,MRT,MRT,jiéyùn,N,"[""post office"", ""friend"", ""bus""]",友美：坐捷運又方便又舒服，而且不用走太久，我們可以坐捷運。,verified_v3_book_locked,ok,,2
modern-chinese-l7-dialogue-2,第7課 對話二：坐捷運去吧！,True,7,medium,5,0,捷運,reverse,Choose the Chinese word for “MRT”.,捷運,MRT,jiéyùn,N,"[""郵局"", ""捷運"", ""朋友"", ""公車""]",友美：坐捷運又方便又舒服，而且不用走太久，我們可以坐捷運。,verified_v3_book_locked,ok,,2
modern-chinese-l7-dialogue-2,第7課 對話二：坐捷運去吧！,True,7,medium,5,0,捷運,listening,🔊 Listen and choose the word you hear.,捷運,MRT,jiéyùn,N,"[""公車"", ""郵局"", ""朋友"", ""捷運""]",,verified_v3_book_locked,ok,,2
modern-chinese-l7-dialogue-2,第7課 對話二：坐捷運去吧！,True,7,medium,5,0,捷運,pinyin,Choose the correct pinyin and tone pattern for 「捷運」.,jiéyùn,MRT,jiéyùn,N,"[""jiéyùn"", ""jiéyún"", ""jiéyǔn"", ""jiéyūn""]",友美：坐捷運又方便又舒服，而且不用走太久，我們可以坐捷運。,verified_v3_book_locked,ok,,2
modern-chinese-l7-dialogue-2,第7課 對話二：坐捷運去吧！,True,7,medium,5,0,捷運,cloze,Choose the word that best completes the sentence.,捷運,MRT,jiéyùn,N,"[""超級市場"", ""地圖"", ""週末""]",友美：坐____又方便又舒服，而且不用走太久，我們可以坐。,verified_v3_book_locked,ok,,2
modern-chinese-l7-dialogue-2,第7課 對話二：坐捷運去吧！,True,7,medium,5,0,捷運,pos,"In this sentence, what part of speech is 「捷運」?",N,MRT,jiéyùn,N,"[""Loc"", ""Pron"", ""Adv""]",友美：坐捷運又方便又舒服，而且不用走太久，我們可以坐捷運。,verified_v3_book_locked,ok,,2
modern-chinese-l7-dialogue-2,第7課 對話二：坐捷運去吧！,True,7,hard,5,0,捷運,translation,"In 「友美：我覺得坐捷運又方便又舒服，時間也比較好控制，所以我們可以坐捷運到附近再走過去。」, what does 「捷運」 mean?",MRT,MRT,jiéyùn,N,"[""taxi"", ""elevator"", ""scooter""]",友美：我覺得坐捷運又方便又舒服，時間也比較好控制，所以我們可以坐捷運到附近再走過去。,verified_v3_book_locked,ok,,2
modern-chinese-l7-dialogue-2,第7課 對話二：坐捷運去吧！,True,7,hard,5,0,捷運,reverse,Which Chinese word best matches “MRT” in this lesson context?,捷運,MRT,jiéyùn,N,"[""電梯"", ""計程車"", ""機車"", ""捷運""]",友美：我覺得坐捷運又方便又舒服，時間也比較好控制，所以我們可以坐捷運到附近再走過去。,verified_v3_book_locked,ok,,2
modern-chinese-l7-dialogue-2,第7課 對話二：坐捷運去吧！,True,7,hard,5,0,捷運,listening,🔊 Listen and choose the word you hear.,捷運,MRT,jiéyùn,N,"[""機車"", ""電梯"", ""捷運"", ""計程車""]",,verified_v3_book_locked,ok,,2
modern-chinese-l7-dialogue-2,第7課 對話二：坐捷運去吧！,True,7,hard,5,0,捷運,pinyin,Which pinyin exactly matches the lexical tones of 「捷運」?,jiéyùn,MRT,jiéyùn,N,"[""jiéyūn"", ""jiéyún"", ""jiéyǔn"", ""jiéyùn""]",友美：我覺得坐捷運又方便又舒服，時間也比較好控制，所以我們可以坐捷運到附近再走過去。,verified_v3_book_locked,ok,,2
modern-chinese-l7-dialogue-2,第7課 對話二：坐捷運去吧！,True,7,hard,5,0,捷運,cloze,Choose the most contextually appropriate word for the blank.,捷運,MRT,jiéyùn,N,"[""朋友"", ""週末"", ""運動""]",友美：我覺得坐____又方便又舒服，時間也比較好控制，所以我們可以坐到附近再走過去。,verified_v3_book_locked,ok,,2
modern-chinese-l7-dialogue-2,第7課 對話二：坐捷運去吧！,True,7,hard,5,0,捷運,pos,Classify the grammatical category of 「捷運」 as used in the sentence.,N,MRT,jiéyùn,N,"[""Prep"", ""Pron"", ""Adj""]",友美：我覺得坐捷運又方便又舒服，時間也比較好控制，所以我們可以坐捷運到附近再走過去。,verified_v3_book_locked,ok,,2
modern-chinese-l7-dialogue-2,第7課 對話二：坐捷運去吧！,True,7,easy,5,1,方便,translation,方便,convenient,convenient,fāngbiàn,Adj,"[""bus"", ""friend"", ""map""]",友美：坐捷運又方便又舒服，我們可以坐捷運。,verified_v3_book_locked,ok,,2
modern-chinese-l7-dialogue-2,第7課 對話二：坐捷運去吧！,True,7,easy,5,1,方便,reverse,convenient,方便,convenient,fāngbiàn,Adj,"[""朋友"", ""地圖"", ""公車"", ""方便""]",友美：坐捷運又方便又舒服，我們可以坐捷運。,verified_v3_book_locked,ok,,2
modern-chinese-l7-dialogue-2,第7課 對話二：坐捷運去吧！,True,7,easy,5,1,方便,listening,🔊 Listen and choose the word you hear.,方便,convenient,fāngbiàn,Adj,"[""公車"", ""方便"", ""地圖"", ""朋友""]",,verified_v3_book_locked,ok,,2
modern-chinese-l7-dialogue-2,第7課 對話二：坐捷運去吧！,True,7,easy,5,1,方便,pinyin,Choose the correct pinyin for 「方便」.,fāngbiàn,convenient,fāngbiàn,Adj,"[""fāngbiǎn"", ""fāngbián"", ""fāngbiàn"", ""fāngbiān""]",友美：坐捷運又方便又舒服，我們可以坐捷運。,verified_v3_book_locked,ok,,2
modern-chinese-l7-dialogue-2,第7課 對話二：坐捷運去吧！,True,7,easy,5,1,方便,cloze,Complete the sentence.,方便,convenient,fāngbiàn,Adj,"[""好"", ""年輕"", ""漂亮""]",友美：坐捷運又____又舒服，我們可以坐捷運。,verified_v3_book_locked,ok,,2
modern-chinese-l7-dialogue-2,第7課 對話二：坐捷運去吧！,True,7,easy,5,1,方便,pos,What is the part of speech of 「方便」?,Adj,convenient,fāngbiàn,Adj,"[""MW"", ""Pron"", ""Adv""]",友美：坐捷運又方便又舒服，我們可以坐捷運。,verified_v3_book_locked,ok,,2
modern-chinese-l7-dialogue-2,第7課 對話二：坐捷運去吧！,True,7,easy,5,1,方便,synonym,Which word or phrase is closest in meaning to 「方便」?,便利,convenient,fāngbiàn,Adj,"[""朋友"", ""飯店"", ""公車""]",友美：坐捷運又方便又舒服，我們可以坐捷運。,verified_v3_book_locked,ok,,2
modern-chinese-l7-dialogue-2,第7課 對話二：坐捷運去吧！,True,7,medium,5,1,方便,translation,Choose the best English meaning of 「方便」.,convenient,convenient,fāngbiàn,Adj,"[""good / okay"", ""new"", ""interesting""]",友美：坐捷運又方便又舒服，而且不用走太久，我們可以坐捷運。,verified_v3_book_locked,ok,,2
modern-chinese-l7-dialogue-2,第7課 對話二：坐捷運去吧！,True,7,medium,5,1,方便,reverse,Choose the Chinese word for “convenient”.,方便,convenient,fāngbiàn,Adj,"[""新的"", ""好"", ""有趣"", ""方便""]",友美：坐捷運又方便又舒服，而且不用走太久，我們可以坐捷運。,verified_v3_book_locked,ok,,2
modern-chinese-l7-dialogue-2,第7課 對話二：坐捷運去吧！,True,7,medium,5,1,方便,listening,🔊 Listen and choose the word you hear.,方便,convenient,fāngbiàn,Adj,"[""有趣"", ""好"", ""方便"", ""新的""]",,verified_v3_book_locked,ok,,2
modern-chinese-l7-dialogue-2,第7課 對話二：坐捷運去吧！,True,7,medium,5,1,方便,pinyin,Choose the correct pinyin and tone pattern for 「方便」.,fāngbiàn,convenient,fāngbiàn,Adj,"[""fāngbiān"", ""fāngbiǎn"", ""fāngbiàn"", ""fāngbián""]",友美：坐捷運又方便又舒服，而且不用走太久，我們可以坐捷運。,verified_v3_book_locked,ok,,2
modern-chinese-l7-dialogue-2,第7課 對話二：坐捷運去吧！,True,7,medium,5,1,方便,cloze,Choose the word that best completes the sentence.,方便,convenient,fāngbiàn,Adj,"[""漂亮"", ""好"", ""新的""]",友美：坐捷運又____又舒服，而且不用走太久，我們可以坐捷運。,verified_v3_book_locked,ok,,2
modern-chinese-l7-dialogue-2,第7課 對話二：坐捷運去吧！,True,7,medium,5,1,方便,pos,"In this sentence, what part of speech is 「方便」?",Adj,convenient,fāngbiàn,Adj,"[""Prep"", ""Pron"", ""MW""]",友美：坐捷運又方便又舒服，而且不用走太久，我們可以坐捷運。,verified_v3_book_locked,ok,,2
modern-chinese-l7-dialogue-2,第7課 對話二：坐捷運去吧！,True,7,medium,5,1,方便,synonym,"In this lesson context, which expression is closest in meaning to 「方便」?",便利,convenient,fāngbiàn,Adj,"[""舒服"", ""新的"", ""有趣""]",友美：坐捷運又方便又舒服，而且不用走太久，我們可以坐捷運。,verified_v3_book_locked,ok,,2
modern-chinese-l7-dialogue-2,第7課 對話二：坐捷運去吧！,True,7,hard,5,1,方便,translation,"In 「友美：我覺得坐捷運又方便又舒服，時間也比較好控制，所以我們可以坐捷運到附近再走過去。」, what does 「方便」 mean?",convenient,convenient,fāngbiàn,Adj,"[""popular"", ""cheap"", ""beautiful""]",友美：我覺得坐捷運又方便又舒服，時間也比較好控制，所以我們可以坐捷運到附近再走過去。,verified_v3_book_locked,ok,,2
modern-chinese-l7-dialogue-2,第7課 對話二：坐捷運去吧！,True,7,hard,5,1,方便,reverse,Which Chinese word best matches “convenient” in this lesson context?,方便,convenient,fāngbiàn,Adj,"[""便宜"", ""方便"", ""漂亮"", ""流行""]",友美：我覺得坐捷運又方便又舒服，時間也比較好控制，所以我們可以坐捷運到附近再走過去。,verified_v3_book_locked,ok,,2
modern-chinese-l7-dialogue-2,第7課 對話二：坐捷運去吧！,True,7,hard,5,1,方便,listening,🔊 Listen and choose the word you hear.,方便,convenient,fāngbiàn,Adj,"[""漂亮"", ""流行"", ""方便"", ""便宜""]",,verified_v3_book_locked,ok,,2
modern-chinese-l7-dialogue-2,第7課 對話二：坐捷運去吧！,True,7,hard,5,1,方便,pinyin,Which pinyin exactly matches the lexical tones of 「方便」?,fāngbiàn,convenient,fāngbiàn,Adj,"[""fāngbiǎn"", ""fāngbián"", ""fāngbiān"", ""fāngbiàn""]",友美：我覺得坐捷運又方便又舒服，時間也比較好控制，所以我們可以坐捷運到附近再走過去。,verified_v3_book_locked,ok,,2
modern-chinese-l7-dialogue-2,第7課 對話二：坐捷運去吧！,True,7,hard,5,1,方便,cloze,Choose the most contextually appropriate word for the blank.,方便,convenient,fāngbiàn,Adj,"[""年輕"", ""流行"", ""好吃""]",友美：我覺得坐捷運又____又舒服，時間也比較好控制，所以我們可以坐捷運到附近再走過去。,verified_v3_book_locked,ok,,2
modern-chinese-l7-dialogue-2,第7課 對話二：坐捷運去吧！,True,7,hard,5,1,方便,pos,Classify the grammatical category of 「方便」 as used in the sentence.,Adj,convenient,fāngbiàn,Adj,"[""Loc"", ""MW"", ""Adv""]",友美：我覺得坐捷運又方便又舒服，時間也比較好控制，所以我們可以坐捷運到附近再走過去。,verified_v3_book_locked,ok,,2
modern-chinese-l7-dialogue-2,第7課 對話二：坐捷運去吧！,True,7,hard,5,1,方便,synonym,Which expression can best replace 「方便」 without changing the intended meaning?,便利,convenient,fāngbiàn,Adj,"[""困難"", ""有趣"", ""好""]",友美：我覺得坐捷運又方便又舒服，時間也比較好控制，所以我們可以坐捷運到附近再走過去。,verified_v3_book_locked,ok,,2
modern-chinese-l7-dialogue-2,第7課 對話二：坐捷運去吧！,True,7,easy,5,2,舒服,translation,舒服,comfortable,comfortable,shūfu,Adj,"[""MRT"", ""school"", ""to walk""]",友美：坐捷運又方便又舒服，我們可以坐捷運。,verified_v3_book_locked,ok,,2
modern-chinese-l7-dialogue-2,第7課 對話二：坐捷運去吧！,True,7,easy,5,2,舒服,reverse,comfortable,舒服,comfortable,shūfu,Adj,"[""走路"", ""捷運"", ""舒服"", ""學校""]",友美：坐捷運又方便又舒服，我們可以坐捷運。,verified_v3_book_locked,ok,,2
modern-chinese-l7-dialogue-2,第7課 對話二：坐捷運去吧！,True,7,easy,5,2,舒服,listening,🔊 Listen and choose the word you hear.,舒服,comfortable,shūfu,Adj,"[""學校"", ""走路"", ""捷運"", ""舒服""]",,verified_v3_book_locked,ok,,2
modern-chinese-l7-dialogue-2,第7課 對話二：坐捷運去吧！,True,7,easy,5,2,舒服,pinyin,Choose the correct pinyin for 「舒服」.,shūfu,comfortable,shūfu,Adj,"[""shùfu"", ""shūfu"", ""shǔfu"", ""shúfu""]",友美：坐捷運又方便又舒服，我們可以坐捷運。,verified_v3_book_locked,ok,,2
modern-chinese-l7-dialogue-2,第7課 對話二：坐捷運去吧！,True,7,easy,5,2,舒服,cloze,Complete the sentence.,舒服,comfortable,shūfu,Adj,"[""有趣"", ""漂亮"", ""年輕""]",友美：坐捷運又方便又____，我們可以坐捷運。,verified_v3_book_locked,ok,,2
modern-chinese-l7-dialogue-2,第7課 對話二：坐捷運去吧！,True,7,easy,5,2,舒服,pos,What is the part of speech of 「舒服」?,Adj,comfortable,shūfu,Adj,"[""Pron"", ""Adv"", ""N""]",友美：坐捷運又方便又舒服，我們可以坐捷運。,verified_v3_book_locked,ok,,2
modern-chinese-l7-dialogue-2,第7課 對話二：坐捷運去吧！,True,7,easy,5,2,舒服,synonym,Which word or phrase is closest in meaning to 「舒服」?,舒適,comfortable,shūfu,Adj,"[""飯店"", ""地圖"", ""學校""]",友美：坐捷運又方便又舒服，我們可以坐捷運。,verified_v3_book_locked,ok,,2
modern-chinese-l7-dialogue-2,第7課 對話二：坐捷運去吧！,True,7,medium,5,2,舒服,translation,Choose the best English meaning of 「舒服」.,comfortable,comfortable,shūfu,Adj,"[""good / okay"", ""big"", ""delicious""]",友美：坐捷運又方便又舒服，而且不用走太久，我們可以坐捷運。,verified_v3_book_locked,ok,,2
modern-chinese-l7-dialogue-2,第7課 對話二：坐捷運去吧！,True,7,medium,5,2,舒服,reverse,Choose the Chinese word for “comfortable”.,舒服,comfortable,shūfu,Adj,"[""大"", ""舒服"", ""好"", ""好吃""]",友美：坐捷運又方便又舒服，而且不用走太久，我們可以坐捷運。,verified_v3_book_locked,ok,,2
modern-chinese-l7-dialogue-2,第7課 對話二：坐捷運去吧！,True,7,medium,5,2,舒服,listening,🔊 Listen and choose the word you hear.,舒服,comfortable,shūfu,Adj,"[""舒服"", ""大"", ""好"", ""好吃""]",,verified_v3_book_locked,ok,,2
modern-chinese-l7-dialogue-2,第7課 對話二：坐捷運去吧！,True,7,medium,5,2,舒服,pinyin,Choose the correct pinyin and tone pattern for 「舒服」.,shūfu,comfortable,shūfu,Adj,"[""shúfu"", ""shǔfu"", ""shūfu"", ""shùfu""]",友美：坐捷運又方便又舒服，而且不用走太久，我們可以坐捷運。,verified_v3_book_locked,ok,,2
modern-chinese-l7-dialogue-2,第7課 對話二：坐捷運去吧！,True,7,medium,5,2,舒服,cloze,Choose the word that best completes the sentence.,舒服,comfortable,shūfu,Adj,"[""方便"", ""年輕"", ""大""]",友美：坐捷運又方便又____，而且不用走太久，我們可以坐捷運。,verified_v3_book_locked,ok,,2
modern-chinese-l7-dialogue-2,第7課 對話二：坐捷運去吧！,True,7,medium,5,2,舒服,pos,"In this sentence, what part of speech is 「舒服」?",Adj,comfortable,shūfu,Adj,"[""Quant"", ""Pron"", ""Adv""]",友美：坐捷運又方便又舒服，而且不用走太久，我們可以坐捷運。,verified_v3_book_locked,ok,,2
modern-chinese-l7-dialogue-2,第7課 對話二：坐捷運去吧！,True,7,medium,5,2,舒服,synonym,"In this lesson context, which expression is closest in meaning to 「舒服」?",舒適,comfortable,shūfu,Adj,"[""漂亮"", ""大"", ""新的""]",友美：坐捷運又方便又舒服，而且不用走太久，我們可以坐捷運。,verified_v3_book_locked,ok,,2
modern-chinese-l7-dialogue-2,第7課 對話二：坐捷運去吧！,True,7,hard,5,2,舒服,translation,"In 「友美：我覺得坐捷運又方便又舒服，時間也比較好控制，所以我們可以坐捷運到附近再走過去。」, what does 「舒服」 mean?",comfortable,comfortable,shūfu,Adj,"[""delicious"", ""convenient"", ""popular""]",友美：我覺得坐捷運又方便又舒服，時間也比較好控制，所以我們可以坐捷運到附近再走過去。,verified_v3_book_locked,ok,,2
modern-chinese-l7-dialogue-2,第7課 對話二：坐捷運去吧！,True,7,hard,5,2,舒服,reverse,Which Chinese word best matches “comfortable” in this lesson context?,舒服,comfortable,shūfu,Adj,"[""好吃"", ""方便"", ""流行"", ""舒服""]",友美：我覺得坐捷運又方便又舒服，時間也比較好控制，所以我們可以坐捷運到附近再走過去。,verified_v3_book_locked,ok,,2
modern-chinese-l7-dialogue-2,第7課 對話二：坐捷運去吧！,True,7,hard,5,2,舒服,listening,🔊 Listen and choose the word you hear.,舒服,comfortable,shūfu,Adj,"[""好吃"", ""流行"", ""方便"", ""舒服""]",,verified_v3_book_locked,ok,,2
modern-chinese-l7-dialogue-2,第7課 對話二：坐捷運去吧！,True,7,hard,5,2,舒服,pinyin,Which pinyin exactly matches the lexical tones of 「舒服」?,shūfu,comfortable,shūfu,Adj,"[""shǔfu"", ""shūfu"", ""shùfu"", ""shúfu""]",友美：我覺得坐捷運又方便又舒服，時間也比較好控制，所以我們可以坐捷運到附近再走過去。,verified_v3_book_locked,ok,,2
modern-chinese-l7-dialogue-2,第7課 對話二：坐捷運去吧！,True,7,hard,5,2,舒服,cloze,Choose the most contextually appropriate word for the blank.,舒服,comfortable,shūfu,Adj,"[""好吃"", ""年輕"", ""漂亮""]",友美：我覺得坐捷運又方便又____，時間也比較好控制，所以我們可以坐捷運到附近再走過去。,verified_v3_book_locked,ok,,2
modern-chinese-l7-dialogue-2,第7課 對話二：坐捷運去吧！,True,7,hard,5,2,舒服,pos,Classify the grammatical category of 「舒服」 as used in the sentence.,Adj,comfortable,shūfu,Adj,"[""Pron"", ""MW"", ""Prep""]",友美：我覺得坐捷運又方便又舒服，時間也比較好控制，所以我們可以坐捷運到附近再走過去。,verified_v3_book_locked,ok,,2
modern-chinese-l7-dialogue-2,第7課 對話二：坐捷運去吧！,True,7,hard,5,2,舒服,synonym,Which expression can best replace 「舒服」 without changing the intended meaning?,舒適,comfortable,shūfu,Adj,"[""年輕"", ""安靜"", ""大""]",友美：我覺得坐捷運又方便又舒服，時間也比較好控制，所以我們可以坐捷運到附近再走過去。,verified_v3_book_locked,ok,,2
modern-chinese-l7-dialogue-2,第7課 對話二：坐捷運去吧！,True,7,easy,6,0,捷運,translation,捷運,MRT,MRT,jiéyùn,N,"[""map"", ""to walk"", ""hotel""]",元真：好，我們明天坐捷運去吧。,verified_v3_book_locked,ok,,2
modern-chinese-l7-dialogue-2,第7課 對話二：坐捷運去吧！,True,7,easy,6,0,捷運,reverse,MRT,捷運,MRT,jiéyùn,N,"[""捷運"", ""走路"", ""地圖"", ""飯店""]",元真：好，我們明天坐捷運去吧。,verified_v3_book_locked,ok,,2
modern-chinese-l7-dialogue-2,第7課 對話二：坐捷運去吧！,True,7,easy,6,0,捷運,listening,🔊 Listen and choose the word you hear.,捷運,MRT,jiéyùn,N,"[""飯店"", ""走路"", ""捷運"", ""地圖""]",,verified_v3_book_locked,ok,,2
modern-chinese-l7-dialogue-2,第7課 對話二：坐捷運去吧！,True,7,easy,6,0,捷運,pinyin,Choose the correct pinyin for 「捷運」.,jiéyùn,MRT,jiéyùn,N,"[""jiéyūn"", ""jiéyùn"", ""jiéyún"", ""jiéyǔn""]",元真：好，我們明天坐捷運去吧。,verified_v3_book_locked,ok,,2
modern-chinese-l7-dialogue-2,第7課 對話二：坐捷運去吧！,True,7,easy,6,0,捷運,cloze,Complete the sentence.,捷運,MRT,jiéyùn,N,"[""運動"", ""學校"", ""週末""]",元真：好，我們明天坐____去吧。,verified_v3_book_locked,ok,,2
modern-chinese-l7-dialogue-2,第7課 對話二：坐捷運去吧！,True,7,easy,6,0,捷運,pos,What is the part of speech of 「捷運」?,N,MRT,jiéyùn,N,"[""Prep"", ""Pron"", ""Adv""]",元真：好，我們明天坐捷運去吧。,verified_v3_book_locked,ok,,2
modern-chinese-l7-dialogue-2,第7課 對話二：坐捷運去吧！,True,7,medium,6,0,捷運,translation,Choose the best English meaning of 「捷運」.,MRT,MRT,jiéyùn,N,"[""map"", ""hotel"", ""school""]",元真：好，那我們明天下午坐捷運去吧。,verified_v3_book_locked,ok,,2
modern-chinese-l7-dialogue-2,第7課 對話二：坐捷運去吧！,True,7,medium,6,0,捷運,reverse,Choose the Chinese word for “MRT”.,捷運,MRT,jiéyùn,N,"[""學校"", ""飯店"", ""地圖"", ""捷運""]",元真：好，那我們明天下午坐捷運去吧。,verified_v3_book_locked,ok,,2
modern-chinese-l7-dialogue-2,第7課 對話二：坐捷運去吧！,True,7,medium,6,0,捷運,listening,🔊 Listen and choose the word you hear.,捷運,MRT,jiéyùn,N,"[""捷運"", ""飯店"", ""地圖"", ""學校""]",,verified_v3_book_locked,ok,,2
modern-chinese-l7-dialogue-2,第7課 對話二：坐捷運去吧！,True,7,medium,6,0,捷運,pinyin,Choose the correct pinyin and tone pattern for 「捷運」.,jiéyùn,MRT,jiéyùn,N,"[""jiéyǔn"", ""jiéyūn"", ""jiéyún"", ""jiéyùn""]",元真：好，那我們明天下午坐捷運去吧。,verified_v3_book_locked,ok,,2
modern-chinese-l7-dialogue-2,第7課 對話二：坐捷運去吧！,True,7,medium,6,0,捷運,cloze,Choose the word that best completes the sentence.,捷運,MRT,jiéyùn,N,"[""電影"", ""朋友"", ""超級市場""]",元真：好，那我們明天下午坐____去吧。,verified_v3_book_locked,ok,,2
modern-chinese-l7-dialogue-2,第7課 對話二：坐捷運去吧！,True,7,medium,6,0,捷運,pos,"In this sentence, what part of speech is 「捷運」?",N,MRT,jiéyùn,N,"[""Loc"", ""Pron"", ""Adv""]",元真：好，那我們明天下午坐捷運去吧。,verified_v3_book_locked,ok,,2
modern-chinese-l7-dialogue-2,第7課 對話二：坐捷運去吧！,True,7,hard,6,0,捷運,translation,"In 「元真：好，就這麼決定。我們明天下午提早一點出發，坐捷運去吧，這樣比較不會遲到。」, what does 「捷運」 mean?",MRT,MRT,jiéyùn,N,"[""airplane"", ""bus"", ""elevator""]",元真：好，就這麼決定。我們明天下午提早一點出發，坐捷運去吧，這樣比較不會遲到。,verified_v3_book_locked,ok,,2
modern-chinese-l7-dialogue-2,第7課 對話二：坐捷運去吧！,True,7,hard,6,0,捷運,reverse,Which Chinese word best matches “MRT” in this lesson context?,捷運,MRT,jiéyùn,N,"[""電梯"", ""捷運"", ""飛機"", ""公車""]",元真：好，就這麼決定。我們明天下午提早一點出發，坐捷運去吧，這樣比較不會遲到。,verified_v3_book_locked,ok,,2
modern-chinese-l7-dialogue-2,第7課 對話二：坐捷運去吧！,True,7,hard,6,0,捷運,listening,🔊 Listen and choose the word you hear.,捷運,MRT,jiéyùn,N,"[""飛機"", ""電梯"", ""公車"", ""捷運""]",,verified_v3_book_locked,ok,,2
modern-chinese-l7-dialogue-2,第7課 對話二：坐捷運去吧！,True,7,hard,6,0,捷運,pinyin,Which pinyin exactly matches the lexical tones of 「捷運」?,jiéyùn,MRT,jiéyùn,N,"[""jiéyùn"", ""jiéyún"", ""jiéyǔn"", ""jiéyūn""]",元真：好，就這麼決定。我們明天下午提早一點出發，坐捷運去吧，這樣比較不會遲到。,verified_v3_book_locked,ok,,2
modern-chinese-l7-dialogue-2,第7課 對話二：坐捷運去吧！,True,7,hard,6,0,捷運,cloze,Choose the most contextually appropriate word for the blank.,捷運,MRT,jiéyùn,N,"[""超級市場"", ""地圖"", ""學校""]",元真：好，就這麼決定。我們明天下午提早一點出發，坐____去吧，這樣比較不會遲到。,verified_v3_book_locked,ok,,2
modern-chinese-l7-dialogue-2,第7課 對話二：坐捷運去吧！,True,7,hard,6,0,捷運,pos,Classify the grammatical category of 「捷運」 as used in the sentence.,N,MRT,jiéyùn,N,"[""Prep"", ""Pron"", ""Adj""]",元真：好，就這麼決定。我們明天下午提早一點出發，坐捷運去吧，這樣比較不會遲到。,verified_v3_book_locked,ok,,2
modern-chinese-l7-reading,第7課 短文：從我家坐捷運很方便,True,7,easy,0,0,捷運,translation,捷運,MRT,MRT,jiéyùn,N,"[""post office"", ""to walk"", ""bus""]",我家附近有三條捷運線。,verified_v3_book_locked,ok,,3
modern-chinese-l7-reading,第7課 短文：從我家坐捷運很方便,True,7,easy,0,0,捷運,reverse,MRT,捷運,MRT,jiéyùn,N,"[""走路"", ""郵局"", ""公車"", ""捷運""]",我家附近有三條捷運線。,verified_v3_book_locked,ok,,3
modern-chinese-l7-reading,第7課 短文：從我家坐捷運很方便,True,7,easy,0,0,捷運,listening,🔊 Listen and choose the word you hear.,捷運,MRT,jiéyùn,N,"[""郵局"", ""捷運"", ""走路"", ""公車""]",,verified_v3_book_locked,ok,,3
modern-chinese-l7-reading,第7課 短文：從我家坐捷運很方便,True,7,easy,0,0,捷運,pinyin,Choose the correct pinyin for 「捷運」.,jiéyùn,MRT,jiéyùn,N,"[""jiéyùn"", ""jiéyǔn"", ""jiéyún"", ""jiéyūn""]",我家附近有三條捷運線。,verified_v3_book_locked,ok,,3
modern-chinese-l7-reading,第7課 短文：從我家坐捷運很方便,True,7,easy,0,0,捷運,cloze,Complete the sentence.,捷運,MRT,jiéyùn,N,"[""週末"", ""學校"", ""地圖""]",我家附近有三條____線。,verified_v3_book_locked,ok,,3
modern-chinese-l7-reading,第7課 短文：從我家坐捷運很方便,True,7,easy,0,0,捷運,pos,What is the part of speech of 「捷運」?,N,MRT,jiéyùn,N,"[""Prep"", ""Pron"", ""Adv""]",我家附近有三條捷運線。,verified_v3_book_locked,ok,,3
modern-chinese-l7-reading,第7課 短文：從我家坐捷運很方便,True,7,medium,0,0,捷運,translation,Choose the best English meaning of 「捷運」.,MRT,MRT,jiéyùn,N,"[""school"", ""movie"", ""map""]",我家附近有三條捷運線，所以去哪裡都很方便。,verified_v3_book_locked,ok,,3
modern-chinese-l7-reading,第7課 短文：從我家坐捷運很方便,True,7,medium,0,0,捷運,reverse,Choose the Chinese word for “MRT”.,捷運,MRT,jiéyùn,N,"[""學校"", ""地圖"", ""電影"", ""捷運""]",我家附近有三條捷運線，所以去哪裡都很方便。,verified_v3_book_locked,ok,,3
modern-chinese-l7-reading,第7課 短文：從我家坐捷運很方便,True,7,medium,0,0,捷運,listening,🔊 Listen and choose the word you hear.,捷運,MRT,jiéyùn,N,"[""學校"", ""電影"", ""地圖"", ""捷運""]",,verified_v3_book_locked,ok,,3
modern-chinese-l7-reading,第7課 短文：從我家坐捷運很方便,True,7,medium,0,0,捷運,pinyin,Choose the correct pinyin and tone pattern for 「捷運」.,jiéyùn,MRT,jiéyùn,N,"[""jiéyùn"", ""jiéyǔn"", ""jiéyūn"", ""jiéyún""]",我家附近有三條捷運線，所以去哪裡都很方便。,verified_v3_book_locked,ok,,3
modern-chinese-l7-reading,第7課 短文：從我家坐捷運很方便,True,7,medium,0,0,捷運,cloze,Choose the word that best completes the sentence.,捷運,MRT,jiéyùn,N,"[""學校"", ""電影"", ""公車""]",我家附近有三條____線，所以去哪裡都很方便。,verified_v3_book_locked,ok,,3
modern-chinese-l7-reading,第7課 短文：從我家坐捷運很方便,True,7,medium,0,0,捷運,pos,"In this sentence, what part of speech is 「捷運」?",N,MRT,jiéyùn,N,"[""Loc"", ""Pron"", ""Adv""]",我家附近有三條捷運線，所以去哪裡都很方便。,verified_v3_book_locked,ok,,3
modern-chinese-l7-reading,第7課 短文：從我家坐捷運很方便,True,7,hard,0,0,捷運,translation,"In 「我家附近有三條捷運線，可以去城市的不同地方，所以平常出門非常方便。」, what does 「捷運」 mean?",MRT,MRT,jiéyùn,N,"[""bicycle"", ""taxi"", ""elevator""]",我家附近有三條捷運線，可以去城市的不同地方，所以平常出門非常方便。,verified_v3_book_locked,ok,,3
modern-chinese-l7-reading,第7課 短文：從我家坐捷運很方便,True,7,hard,0,0,捷運,reverse,Which Chinese word best matches “MRT” in this lesson context?,捷運,MRT,jiéyùn,N,"[""計程車"", ""電梯"", ""腳踏車"", ""捷運""]",我家附近有三條捷運線，可以去城市的不同地方，所以平常出門非常方便。,verified_v3_book_locked,ok,,3
modern-chinese-l7-reading,第7課 短文：從我家坐捷運很方便,True,7,hard,0,0,捷運,listening,🔊 Listen and choose the word you hear.,捷運,MRT,jiéyùn,N,"[""捷運"", ""腳踏車"", ""計程車"", ""電梯""]",,verified_v3_book_locked,ok,,3
modern-chinese-l7-reading,第7課 短文：從我家坐捷運很方便,True,7,hard,0,0,捷運,pinyin,Which pinyin exactly matches the lexical tones of 「捷運」?,jiéyùn,MRT,jiéyùn,N,"[""jiéyùn"", ""jiéyūn"", ""jiéyǔn"", ""jiéyún""]",我家附近有三條捷運線，可以去城市的不同地方，所以平常出門非常方便。,verified_v3_book_locked,ok,,3
modern-chinese-l7-reading,第7課 短文：從我家坐捷運很方便,True,7,hard,0,0,捷運,cloze,Choose the most contextually appropriate word for the blank.,捷運,MRT,jiéyùn,N,"[""朋友"", ""運動"", ""電影""]",我家附近有三條____線，可以去城市的不同地方，所以平常出門非常方便。,verified_v3_book_locked,ok,,3
modern-chinese-l7-reading,第7課 短文：從我家坐捷運很方便,True,7,hard,0,0,捷運,pos,Classify the grammatical category of 「捷運」 as used in the sentence.,N,MRT,jiéyùn,N,"[""Prep"", ""Pron"", ""Adj""]",我家附近有三條捷運線，可以去城市的不同地方，所以平常出門非常方便。,verified_v3_book_locked,ok,,3
modern-chinese-l7-reading,第7課 短文：從我家坐捷運很方便,True,7,easy,0,1,附近,translation,附近,nearby / vicinity,nearby / vicinity,fùjìn,Loc,"[""school"", ""hotel"", ""MRT""]",我家附近有三條捷運線。,verified_v3_book_locked,ok,,3
modern-chinese-l7-reading,第7課 短文：從我家坐捷運很方便,True,7,easy,0,1,附近,reverse,nearby / vicinity,附近,nearby / vicinity,fùjìn,Loc,"[""飯店"", ""捷運"", ""附近"", ""學校""]",我家附近有三條捷運線。,verified_v3_book_locked,ok,,3
modern-chinese-l7-reading,第7課 短文：從我家坐捷運很方便,True,7,easy,0,1,附近,listening,🔊 Listen and choose the word you hear.,附近,nearby / vicinity,fùjìn,Loc,"[""飯店"", ""捷運"", ""附近"", ""學校""]",,verified_v3_book_locked,ok,,3
modern-chinese-l7-reading,第7課 短文：從我家坐捷運很方便,True,7,easy,0,1,附近,pinyin,Choose the correct pinyin for 「附近」.,fùjìn,nearby / vicinity,fùjìn,Loc,"[""fùjín"", ""fùjìn"", ""fùjǐn"", ""fùjīn""]",我家附近有三條捷運線。,verified_v3_book_locked,ok,,3
modern-chinese-l7-reading,第7課 短文：從我家坐捷運很方便,True,7,easy,0,1,附近,cloze,Complete the sentence.,附近,nearby / vicinity,fùjìn,Loc,"[""旁邊"", ""上面"", ""下面""]",我家____有三條捷運線。,verified_v3_book_locked,ok,,3
modern-chinese-l7-reading,第7課 短文：從我家坐捷運很方便,True,7,easy,0,1,附近,pos,What is the part of speech of 「附近」?,Loc,nearby / vicinity,fùjìn,Loc,"[""MW"", ""N"", ""Quant""]",我家附近有三條捷運線。,verified_v3_book_locked,ok,,3
modern-chinese-l7-reading,第7課 短文：從我家坐捷運很方便,True,7,easy,0,1,附近,synonym,Which word or phrase is closest in meaning to 「附近」?,周邊,nearby / vicinity,fùjìn,Loc,"[""飯店"", ""地圖"", ""走路""]",我家附近有三條捷運線。,verified_v3_book_locked,ok,,3
modern-chinese-l7-reading,第7課 短文：從我家坐捷運很方便,True,7,medium,0,1,附近,translation,Choose the best English meaning of 「附近」.,nearby / vicinity,nearby / vicinity,fùjìn,Loc,"[""on top"", ""beside"", ""underneath""]",我家附近有三條捷運線，所以去哪裡都很方便。,verified_v3_book_locked,ok,,3
modern-chinese-l7-reading,第7課 短文：從我家坐捷運很方便,True,7,medium,0,1,附近,reverse,Choose the Chinese word for “nearby / vicinity”.,附近,nearby / vicinity,fùjìn,Loc,"[""下面"", ""附近"", ""上面"", ""旁邊""]",我家附近有三條捷運線，所以去哪裡都很方便。,verified_v3_book_locked,ok,,3
modern-chinese-l7-reading,第7課 短文：從我家坐捷運很方便,True,7,medium,0,1,附近,listening,🔊 Listen and choose the word you hear.,附近,nearby / vicinity,fùjìn,Loc,"[""附近"", ""旁邊"", ""上面"", ""下面""]",,verified_v3_book_locked,ok,,3
modern-chinese-l7-reading,第7課 短文：從我家坐捷運很方便,True,7,medium,0,1,附近,pinyin,Choose the correct pinyin and tone pattern for 「附近」.,fùjìn,nearby / vicinity,fùjìn,Loc,"[""fùjǐn"", ""fùjìn"", ""fùjīn"", ""fùjín""]",我家附近有三條捷運線，所以去哪裡都很方便。,verified_v3_book_locked,ok,,3
modern-chinese-l7-reading,第7課 短文：從我家坐捷運很方便,True,7,medium,0,1,附近,cloze,Choose the word that best completes the sentence.,附近,nearby / vicinity,fùjìn,Loc,"[""旁邊"", ""下面"", ""上面""]",我家____有三條捷運線，所以去哪裡都很方便。,verified_v3_book_locked,ok,,3
modern-chinese-l7-reading,第7課 短文：從我家坐捷運很方便,True,7,medium,0,1,附近,pos,"In this sentence, what part of speech is 「附近」?",Loc,nearby / vicinity,fùjìn,Loc,"[""MW"", ""V"", ""Pron""]",我家附近有三條捷運線，所以去哪裡都很方便。,verified_v3_book_locked,ok,,3
modern-chinese-l7-reading,第7課 短文：從我家坐捷運很方便,True,7,medium,0,1,附近,synonym,"In this lesson context, which expression is closest in meaning to 「附近」?",周邊,nearby / vicinity,fùjìn,Loc,"[""下面"", ""上面"", ""旁邊""]",我家附近有三條捷運線，所以去哪裡都很方便。,verified_v3_book_locked,ok,,3
modern-chinese-l7-reading,第7課 短文：從我家坐捷運很方便,True,7,hard,0,1,附近,translation,"In 「我家附近有三條捷運線，可以去城市的不同地方，所以平常出門非常方便。」, what does 「附近」 mean?",nearby / vicinity,nearby / vicinity,fùjìn,Loc,"[""on top"", ""right side"", ""beside""]",我家附近有三條捷運線，可以去城市的不同地方，所以平常出門非常方便。,verified_v3_book_locked,ok,,3
modern-chinese-l7-reading,第7課 短文：從我家坐捷運很方便,True,7,hard,0,1,附近,reverse,Which Chinese word best matches “nearby / vicinity” in this lesson context?,附近,nearby / vicinity,fùjìn,Loc,"[""旁邊"", ""上面"", ""右邊"", ""附近""]",我家附近有三條捷運線，可以去城市的不同地方，所以平常出門非常方便。,verified_v3_book_locked,ok,,3
modern-chinese-l7-reading,第7課 短文：從我家坐捷運很方便,True,7,hard,0,1,附近,listening,🔊 Listen and choose the word you hear.,附近,nearby / vicinity,fùjìn,Loc,"[""附近"", ""上面"", ""旁邊"", ""右邊""]",,verified_v3_book_locked,ok,,3
modern-chinese-l7-reading,第7課 短文：從我家坐捷運很方便,True,7,hard,0,1,附近,pinyin,Which pinyin exactly matches the lexical tones of 「附近」?,fùjìn,nearby / vicinity,fùjìn,Loc,"[""fùjīn"", ""fùjín"", ""fùjìn"", ""fùjǐn""]",我家附近有三條捷運線，可以去城市的不同地方，所以平常出門非常方便。,verified_v3_book_locked,ok,,3
modern-chinese-l7-reading,第7課 短文：從我家坐捷運很方便,True,7,hard,0,1,附近,cloze,Choose the most contextually appropriate word for the blank.,附近,nearby / vicinity,fùjìn,Loc,"[""下面"", ""上面"", ""旁邊""]",我家____有三條捷運線，可以去城市的不同地方，所以平常出門非常方便。,verified_v3_book_locked,ok,,3
modern-chinese-l7-reading,第7課 短文：從我家坐捷運很方便,True,7,hard,0,1,附近,pos,Classify the grammatical category of 「附近」 as used in the sentence.,Loc,nearby / vicinity,fùjìn,Loc,"[""Adv"", ""N"", ""Quant""]",我家附近有三條捷運線，可以去城市的不同地方，所以平常出門非常方便。,verified_v3_book_locked,ok,,3
modern-chinese-l7-reading,第7課 短文：從我家坐捷運很方便,True,7,hard,0,1,附近,synonym,Which expression can best replace 「附近」 without changing the intended meaning?,周邊,nearby / vicinity,fùjìn,Loc,"[""外面"", ""上面"", ""裡面""]",我家附近有三條捷運線，可以去城市的不同地方，所以平常出門非常方便。,verified_v3_book_locked,ok,,3
modern-chinese-l7-reading,第7課 短文：從我家坐捷運很方便,True,7,easy,2,0,學校,translation,學校,school,school,xuéxiào,N,"[""MRT"", ""map"", ""nearby / vicinity""]",我平常坐紅線去學校上課。,verified_v3_book_locked,ok,,3
modern-chinese-l7-reading,第7課 短文：從我家坐捷運很方便,True,7,easy,2,0,學校,reverse,school,學校,school,xuéxiào,N,"[""捷運"", ""附近"", ""地圖"", ""學校""]",我平常坐紅線去學校上課。,verified_v3_book_locked,ok,,3
modern-chinese-l7-reading,第7課 短文：從我家坐捷運很方便,True,7,easy,2,0,學校,listening,🔊 Listen and choose the word you hear.,學校,school,xuéxiào,N,"[""地圖"", ""捷運"", ""附近"", ""學校""]",,verified_v3_book_locked,ok,,3
modern-chinese-l7-reading,第7課 短文：從我家坐捷運很方便,True,7,easy,2,0,學校,pinyin,Choose the correct pinyin for 「學校」.,xuéxiào,school,xuéxiào,N,"[""xuéxiāo"", ""xuéxiáo"", ""xuéxiào"", ""xuéxiǎo""]",我平常坐紅線去學校上課。,verified_v3_book_locked,ok,,3
modern-chinese-l7-reading,第7課 短文：從我家坐捷運很方便,True,7,easy,2,0,學校,cloze,Complete the sentence.,學校,school,xuéxiào,N,"[""運動"", ""地圖"", ""捷運""]",我平常坐紅線去____上課。,verified_v3_book_locked,ok,,3
modern-chinese-l7-reading,第7課 短文：從我家坐捷運很方便,True,7,easy,2,0,學校,pos,What is the part of speech of 「學校」?,N,school,xuéxiào,N,"[""Quant"", ""Adj"", ""Pron""]",我平常坐紅線去學校上課。,verified_v3_book_locked,ok,,3
modern-chinese-l7-reading,第7課 短文：從我家坐捷運很方便,True,7,medium,2,0,學校,translation,Choose the best English meaning of 「學校」.,school,school,xuéxiào,N,"[""bus"", ""post office"", ""supermarket""]",我平常坐紅線去學校上課，時間很固定。,verified_v3_book_locked,ok,,3
modern-chinese-l7-reading,第7課 短文：從我家坐捷運很方便,True,7,medium,2,0,學校,reverse,Choose the Chinese word for “school”.,學校,school,xuéxiào,N,"[""郵局"", ""學校"", ""超級市場"", ""公車""]",我平常坐紅線去學校上課，時間很固定。,verified_v3_book_locked,ok,,3
modern-chinese-l7-reading,第7課 短文：從我家坐捷運很方便,True,7,medium,2,0,學校,listening,🔊 Listen and choose the word you hear.,學校,school,xuéxiào,N,"[""郵局"", ""學校"", ""超級市場"", ""公車""]",,verified_v3_book_locked,ok,,3
modern-chinese-l7-reading,第7課 短文：從我家坐捷運很方便,True,7,medium,2,0,學校,pinyin,Choose the correct pinyin and tone pattern for 「學校」.,xuéxiào,school,xuéxiào,N,"[""xuéxiáo"", ""xuéxiǎo"", ""xuéxiāo"", ""xuéxiào""]",我平常坐紅線去學校上課，時間很固定。,verified_v3_book_locked,ok,,3
modern-chinese-l7-reading,第7課 短文：從我家坐捷運很方便,True,7,medium,2,0,學校,cloze,Choose the word that best completes the sentence.,學校,school,xuéxiào,N,"[""超級市場"", ""電影"", ""週末""]",我平常坐紅線去____上課，時間很固定。,verified_v3_book_locked,ok,,3
modern-chinese-l7-reading,第7課 短文：從我家坐捷運很方便,True,7,medium,2,0,學校,pos,"In this sentence, what part of speech is 「學校」?",N,school,xuéxiào,N,"[""Adv"", ""Prep"", ""Adj""]",我平常坐紅線去學校上課，時間很固定。,verified_v3_book_locked,ok,,3
modern-chinese-l7-reading,第7課 短文：從我家坐捷運很方便,True,7,hard,2,0,學校,translation,"In 「我平常坐紅線去學校上課，因為不用換車，所以每天都可以很快到學校。」, what does 「學校」 mean?",school,school,xuéxiào,N,"[""hotel"", ""room"", ""classroom""]",我平常坐紅線去學校上課，因為不用換車，所以每天都可以很快到學校。,verified_v3_book_locked,ok,,3
modern-chinese-l7-reading,第7課 短文：從我家坐捷運很方便,True,7,hard,2,0,學校,reverse,Which Chinese word best matches “school” in this lesson context?,學校,school,xuéxiào,N,"[""學校"", ""飯店"", ""教室"", ""房間""]",我平常坐紅線去學校上課，因為不用換車，所以每天都可以很快到學校。,verified_v3_book_locked,ok,,3
modern-chinese-l7-reading,第7課 短文：從我家坐捷運很方便,True,7,hard,2,0,學校,listening,🔊 Listen and choose the word you hear.,學校,school,xuéxiào,N,"[""教室"", ""房間"", ""學校"", ""飯店""]",,verified_v3_book_locked,ok,,3
modern-chinese-l7-reading,第7課 短文：從我家坐捷運很方便,True,7,hard,2,0,學校,pinyin,Which pinyin exactly matches the lexical tones of 「學校」?,xuéxiào,school,xuéxiào,N,"[""xuéxiào"", ""xuéxiǎo"", ""xuéxiāo"", ""xuéxiáo""]",我平常坐紅線去學校上課，因為不用換車，所以每天都可以很快到學校。,verified_v3_book_locked,ok,,3
modern-chinese-l7-reading,第7課 短文：從我家坐捷運很方便,True,7,hard,2,0,學校,cloze,Choose the most contextually appropriate word for the blank.,學校,school,xuéxiào,N,"[""地圖"", ""風景"", ""公車""]",我平常坐紅線去____上課，因為不用換車，所以每天都可以很快到。,verified_v3_book_locked,ok,,3
modern-chinese-l7-reading,第7課 短文：從我家坐捷運很方便,True,7,hard,2,0,學校,pos,Classify the grammatical category of 「學校」 as used in the sentence.,N,school,xuéxiào,N,"[""MW"", ""Loc"", ""Pron""]",我平常坐紅線去學校上課，因為不用換車，所以每天都可以很快到學校。,verified_v3_book_locked,ok,,3
modern-chinese-l7-reading,第7課 短文：從我家坐捷運很方便,True,7,easy,3,0,電影,translation,電影,movie,movie,diànyǐng,N,"[""map"", ""MRT"", ""friend""]",週末也坐捷運去運動、看電影。,verified_v3_book_locked,ok,,3
modern-chinese-l7-reading,第7課 短文：從我家坐捷運很方便,True,7,easy,3,0,電影,reverse,movie,電影,movie,diànyǐng,N,"[""地圖"", ""捷運"", ""朋友"", ""電影""]",週末也坐捷運去運動、看電影。,verified_v3_book_locked,ok,,3
modern-chinese-l7-reading,第7課 短文：從我家坐捷運很方便,True,7,easy,3,0,電影,listening,🔊 Listen and choose the word you hear.,電影,movie,diànyǐng,N,"[""地圖"", ""朋友"", ""捷運"", ""電影""]",,verified_v3_book_locked,ok,,3
modern-chinese-l7-reading,第7課 短文：從我家坐捷運很方便,True,7,easy,3,0,電影,pinyin,Choose the correct pinyin for 「電影」.,diànyǐng,movie,diànyǐng,N,"[""diànyīng"", ""diànyíng"", ""diànyìng"", ""diànyǐng""]",週末也坐捷運去運動、看電影。,verified_v3_book_locked,ok,,3
modern-chinese-l7-reading,第7課 短文：從我家坐捷運很方便,True,7,easy,3,0,電影,cloze,Complete the sentence.,電影,movie,diànyǐng,N,"[""超級市場"", ""捷運"", ""飯店""]",週末也坐捷運去運動、看____。,verified_v3_book_locked,ok,,3
modern-chinese-l7-reading,第7課 短文：從我家坐捷運很方便,True,7,easy,3,0,電影,pos,What is the part of speech of 「電影」?,N,movie,diànyǐng,N,"[""Loc"", ""Quant"", ""MW""]",週末也坐捷運去運動、看電影。,verified_v3_book_locked,ok,,3
modern-chinese-l7-reading,第7課 短文：從我家坐捷運很方便,True,7,medium,3,0,電影,translation,Choose the best English meaning of 「電影」.,movie,movie,diànyǐng,N,"[""MRT"", ""friend"", ""map""]",到了週末，我也坐捷運去運動、看電影。,verified_v3_book_locked,ok,,3
modern-chinese-l7-reading,第7課 短文：從我家坐捷運很方便,True,7,medium,3,0,電影,reverse,Choose the Chinese word for “movie”.,電影,movie,diànyǐng,N,"[""朋友"", ""地圖"", ""電影"", ""捷運""]",到了週末，我也坐捷運去運動、看電影。,verified_v3_book_locked,ok,,3
modern-chinese-l7-reading,第7課 短文：從我家坐捷運很方便,True,7,medium,3,0,電影,listening,🔊 Listen and choose the word you hear.,電影,movie,diànyǐng,N,"[""地圖"", ""朋友"", ""電影"", ""捷運""]",,verified_v3_book_locked,ok,,3
modern-chinese-l7-reading,第7課 短文：從我家坐捷運很方便,True,7,medium,3,0,電影,pinyin,Choose the correct pinyin and tone pattern for 「電影」.,diànyǐng,movie,diànyǐng,N,"[""diànyǐng"", ""diànyīng"", ""diànyìng"", ""diànyíng""]",到了週末，我也坐捷運去運動、看電影。,verified_v3_book_locked,ok,,3
modern-chinese-l7-reading,第7課 短文：從我家坐捷運很方便,True,7,medium,3,0,電影,cloze,Choose the word that best completes the sentence.,電影,movie,diànyǐng,N,"[""飯店"", ""朋友"", ""運動""]",到了週末，我也坐捷運去運動、看____。,verified_v3_book_locked,ok,,3
modern-chinese-l7-reading,第7課 短文：從我家坐捷運很方便,True,7,medium,3,0,電影,pos,"In this sentence, what part of speech is 「電影」?",N,movie,diànyǐng,N,"[""Prep"", ""Adj"", ""Adv""]",到了週末，我也坐捷運去運動、看電影。,verified_v3_book_locked,ok,,3
modern-chinese-l7-reading,第7課 短文：從我家坐捷運很方便,True,7,hard,3,0,電影,translation,"In 「週末我也常坐捷運去運動、看電影，不用開車找停車位，對我來說很方便。」, what does 「電影」 mean?",movie,movie,diànyǐng,N,"[""music"", ""map"", ""newspaper""]",週末我也常坐捷運去運動、看電影，不用開車找停車位，對我來說很方便。,verified_v3_book_locked,ok,,3
modern-chinese-l7-reading,第7課 短文：從我家坐捷運很方便,True,7,hard,3,0,電影,reverse,Which Chinese word best matches “movie” in this lesson context?,電影,movie,diànyǐng,N,"[""報紙"", ""電影"", ""地圖"", ""音樂""]",週末我也常坐捷運去運動、看電影，不用開車找停車位，對我來說很方便。,verified_v3_book_locked,ok,,3
modern-chinese-l7-reading,第7課 短文：從我家坐捷運很方便,True,7,hard,3,0,電影,listening,🔊 Listen and choose the word you hear.,電影,movie,diànyǐng,N,"[""電影"", ""地圖"", ""音樂"", ""報紙""]",,verified_v3_book_locked,ok,,3
modern-chinese-l7-reading,第7課 短文：從我家坐捷運很方便,True,7,hard,3,0,電影,pinyin,Which pinyin exactly matches the lexical tones of 「電影」?,diànyǐng,movie,diànyǐng,N,"[""diànyǐng"", ""diànyìng"", ""diànyīng"", ""diànyíng""]",週末我也常坐捷運去運動、看電影，不用開車找停車位，對我來說很方便。,verified_v3_book_locked,ok,,3
modern-chinese-l7-reading,第7課 短文：從我家坐捷運很方便,True,7,hard,3,0,電影,cloze,Choose the most contextually appropriate word for the blank.,電影,movie,diànyǐng,N,"[""學校"", ""超級市場"", ""捷運""]",週末我也常坐捷運去運動、看____，不用開車找停車位，對我來說很方便。,verified_v3_book_locked,ok,,3
modern-chinese-l7-reading,第7課 短文：從我家坐捷運很方便,True,7,hard,3,0,電影,pos,Classify the grammatical category of 「電影」 as used in the sentence.,N,movie,diànyǐng,N,"[""Loc"", ""Prep"", ""V""]",週末我也常坐捷運去運動、看電影，不用開車找停車位，對我來說很方便。,verified_v3_book_locked,ok,,3
modern-chinese-l7-reading,第7課 短文：從我家坐捷運很方便,True,7,easy,3,1,運動,translation,運動,exercise / sports,exercise / sports,yùndòng,N,"[""bus"", ""map"", ""school""]",週末也坐捷運去運動、看電影。,verified_v3_book_locked,ok,,3
modern-chinese-l7-reading,第7課 短文：從我家坐捷運很方便,True,7,easy,3,1,運動,reverse,exercise / sports,運動,exercise / sports,yùndòng,N,"[""地圖"", ""運動"", ""公車"", ""學校""]",週末也坐捷運去運動、看電影。,verified_v3_book_locked,ok,,3
modern-chinese-l7-reading,第7課 短文：從我家坐捷運很方便,True,7,easy,3,1,運動,listening,🔊 Listen and choose the word you hear.,運動,exercise / sports,yùndòng,N,"[""學校"", ""公車"", ""地圖"", ""運動""]",,verified_v3_book_locked,ok,,3
modern-chinese-l7-reading,第7課 短文：從我家坐捷運很方便,True,7,easy,3,1,運動,pinyin,Choose the correct pinyin for 「運動」.,yùndòng,exercise / sports,yùndòng,N,"[""yùndòng"", ""yùndǒng"", ""yùndóng"", ""yùndōng""]",週末也坐捷運去運動、看電影。,verified_v3_book_locked,ok,,3
modern-chinese-l7-reading,第7課 短文：從我家坐捷運很方便,True,7,easy,3,1,運動,cloze,Complete the sentence.,運動,exercise / sports,yùndòng,N,"[""週末"", ""捷運"", ""朋友""]",週末也坐捷運去____、看電影。,verified_v3_book_locked,ok,,3
modern-chinese-l7-reading,第7課 短文：從我家坐捷運很方便,True,7,easy,3,1,運動,pos,What is the part of speech of 「運動」?,N,exercise / sports,yùndòng,N,"[""Pron"", ""Quant"", ""Loc""]",週末也坐捷運去運動、看電影。,verified_v3_book_locked,ok,,3
modern-chinese-l7-reading,第7課 短文：從我家坐捷運很方便,True,7,medium,3,1,運動,translation,Choose the best English meaning of 「運動」.,exercise / sports,exercise / sports,yùndòng,N,"[""bus"", ""supermarket"", ""friend""]",到了週末，我也坐捷運去運動、看電影。,verified_v3_book_locked,ok,,3
modern-chinese-l7-reading,第7課 短文：從我家坐捷運很方便,True,7,medium,3,1,運動,reverse,Choose the Chinese word for “exercise / sports”.,運動,exercise / sports,yùndòng,N,"[""朋友"", ""超級市場"", ""公車"", ""運動""]",到了週末，我也坐捷運去運動、看電影。,verified_v3_book_locked,ok,,3
modern-chinese-l7-reading,第7課 短文：從我家坐捷運很方便,True,7,medium,3,1,運動,listening,🔊 Listen and choose the word you hear.,運動,exercise / sports,yùndòng,N,"[""公車"", ""超級市場"", ""運動"", ""朋友""]",,verified_v3_book_locked,ok,,3
modern-chinese-l7-reading,第7課 短文：從我家坐捷運很方便,True,7,medium,3,1,運動,pinyin,Choose the correct pinyin and tone pattern for 「運動」.,yùndòng,exercise / sports,yùndòng,N,"[""yùndòng"", ""yùndōng"", ""yùndǒng"", ""yùndóng""]",到了週末，我也坐捷運去運動、看電影。,verified_v3_book_locked,ok,,3
modern-chinese-l7-reading,第7課 短文：從我家坐捷運很方便,True,7,medium,3,1,運動,cloze,Choose the word that best completes the sentence.,運動,exercise / sports,yùndòng,N,"[""朋友"", ""郵局"", ""超級市場""]",到了週末，我也坐捷運去____、看電影。,verified_v3_book_locked,ok,,3
modern-chinese-l7-reading,第7課 短文：從我家坐捷運很方便,True,7,medium,3,1,運動,pos,"In this sentence, what part of speech is 「運動」?",N,exercise / sports,yùndòng,N,"[""Prep"", ""Loc"", ""Adj""]",到了週末，我也坐捷運去運動、看電影。,verified_v3_book_locked,ok,,3
modern-chinese-l7-reading,第7課 短文：從我家坐捷運很方便,True,7,hard,3,1,運動,translation,"In 「週末我也常坐捷運去運動、看電影，不用開車找停車位，對我來說很方便。」, what does 「運動」 mean?",exercise / sports,exercise / sports,yùndòng,N,"[""map"", ""newspaper"", ""Chinese language""]",週末我也常坐捷運去運動、看電影，不用開車找停車位，對我來說很方便。,verified_v3_book_locked,ok,,3
modern-chinese-l7-reading,第7課 短文：從我家坐捷運很方便,True,7,hard,3,1,運動,reverse,Which Chinese word best matches “exercise / sports” in this lesson context?,運動,exercise / sports,yùndòng,N,"[""地圖"", ""運動"", ""報紙"", ""中文""]",週末我也常坐捷運去運動、看電影，不用開車找停車位，對我來說很方便。,verified_v3_book_locked,ok,,3
modern-chinese-l7-reading,第7課 短文：從我家坐捷運很方便,True,7,hard,3,1,運動,listening,🔊 Listen and choose the word you hear.,運動,exercise / sports,yùndòng,N,"[""運動"", ""地圖"", ""中文"", ""報紙""]",,verified_v3_book_locked,ok,,3
modern-chinese-l7-reading,第7課 短文：從我家坐捷運很方便,True,7,hard,3,1,運動,pinyin,Which pinyin exactly matches the lexical tones of 「運動」?,yùndòng,exercise / sports,yùndòng,N,"[""yùndǒng"", ""yùndòng"", ""yùndōng"", ""yùndóng""]",週末我也常坐捷運去運動、看電影，不用開車找停車位，對我來說很方便。,verified_v3_book_locked,ok,,3
modern-chinese-l7-reading,第7課 短文：從我家坐捷運很方便,True,7,hard,3,1,運動,cloze,Choose the most contextually appropriate word for the blank.,運動,exercise / sports,yùndòng,N,"[""學校"", ""機場"", ""友美""]",週末我也常坐捷運去____、看電影，不用開車找停車位，對我來說很方便。,verified_v3_book_locked,ok,,3
modern-chinese-l7-reading,第7課 短文：從我家坐捷運很方便,True,7,hard,3,1,運動,pos,Classify the grammatical category of 「運動」 as used in the sentence.,N,exercise / sports,yùndòng,N,"[""V"", ""Adv"", ""Prep""]",週末我也常坐捷運去運動、看電影，不用開車找停車位，對我來說很方便。,verified_v3_book_locked,ok,,3
modern-chinese-l7-reading,第7課 短文：從我家坐捷運很方便,True,7,easy,3,2,週末,translation,週末,weekend,weekend,zhōu mò,N,"[""friend"", ""bus"", ""map""]",週末也坐捷運去運動、看電影。,verified_v3_book_locked,ok,,3
modern-chinese-l7-reading,第7課 短文：從我家坐捷運很方便,True,7,easy,3,2,週末,reverse,weekend,週末,weekend,zhōu mò,N,"[""地圖"", ""朋友"", ""公車"", ""週末""]",週末也坐捷運去運動、看電影。,verified_v3_book_locked,ok,,3
modern-chinese-l7-reading,第7課 短文：從我家坐捷運很方便,True,7,easy,3,2,週末,listening,🔊 Listen and choose the word you hear.,週末,weekend,zhōu mò,N,"[""朋友"", ""地圖"", ""週末"", ""公車""]",,verified_v3_book_locked,ok,,3
modern-chinese-l7-reading,第7課 短文：從我家坐捷運很方便,True,7,easy,3,2,週末,pinyin,Choose the correct pinyin for 「週末」.,zhōu mò,weekend,zhōu mò,N,"[""zhōu mò"", ""zhōu mō"", ""zhōu mó"", ""zhōu mǒ""]",週末也坐捷運去運動、看電影。,verified_v3_book_locked,ok,,3
modern-chinese-l7-reading,第7課 短文：從我家坐捷運很方便,True,7,easy,3,2,週末,cloze,Complete the sentence.,週末,weekend,zhōu mò,N,"[""電影"", ""郵局"", ""公車""]",____也坐捷運去運動、看電影。,verified_v3_book_locked,ok,,3
modern-chinese-l7-reading,第7課 短文：從我家坐捷運很方便,True,7,easy,3,2,週末,pos,What is the part of speech of 「週末」?,N,weekend,zhōu mò,N,"[""Pron"", ""Adj"", ""V""]",週末也坐捷運去運動、看電影。,verified_v3_book_locked,ok,,3
modern-chinese-l7-reading,第7課 短文：從我家坐捷運很方便,True,7,medium,3,2,週末,translation,Choose the best English meaning of 「週末」.,weekend,weekend,zhōu mò,N,"[""friend"", ""bus"", ""school""]",到了週末，我也坐捷運去運動、看電影。,verified_v3_book_locked,ok,,3
modern-chinese-l7-reading,第7課 短文：從我家坐捷運很方便,True,7,medium,3,2,週末,reverse,Choose the Chinese word for “weekend”.,週末,weekend,zhōu mò,N,"[""學校"", ""公車"", ""朋友"", ""週末""]",到了週末，我也坐捷運去運動、看電影。,verified_v3_book_locked,ok,,3
modern-chinese-l7-reading,第7課 短文：從我家坐捷運很方便,True,7,medium,3,2,週末,listening,🔊 Listen and choose the word you hear.,週末,weekend,zhōu mò,N,"[""學校"", ""公車"", ""朋友"", ""週末""]",,verified_v3_book_locked,ok,,3
modern-chinese-l7-reading,第7課 短文：從我家坐捷運很方便,True,7,medium,3,2,週末,pinyin,Choose the correct pinyin and tone pattern for 「週末」.,zhōu mò,weekend,zhōu mò,N,"[""zhōu mō"", ""zhōu mó"", ""zhōu mǒ"", ""zhōu mò""]",到了週末，我也坐捷運去運動、看電影。,verified_v3_book_locked,ok,,3
modern-chinese-l7-reading,第7課 短文：從我家坐捷運很方便,True,7,medium,3,2,週末,cloze,Choose the word that best completes the sentence.,週末,weekend,zhōu mò,N,"[""朋友"", ""電影"", ""郵局""]",到了____，我也坐捷運去運動、看電影。,verified_v3_book_locked,ok,,3
modern-chinese-l7-reading,第7課 短文：從我家坐捷運很方便,True,7,medium,3,2,週末,pos,"In this sentence, what part of speech is 「週末」?",N,weekend,zhōu mò,N,"[""Loc"", ""MW"", ""V""]",到了週末，我也坐捷運去運動、看電影。,verified_v3_book_locked,ok,,3
modern-chinese-l7-reading,第7課 短文：從我家坐捷運很方便,True,7,hard,3,2,週末,translation,"In 「週末我也常坐捷運去運動、看電影，不用開車找停車位，對我來說很方便。」, what does 「週末」 mean?",weekend,weekend,zhōu mò,N,"[""Saturday"", ""afternoon"", ""birthday""]",週末我也常坐捷運去運動、看電影，不用開車找停車位，對我來說很方便。,verified_v3_book_locked,ok,,3
modern-chinese-l7-reading,第7課 短文：從我家坐捷運很方便,True,7,hard,3,2,週末,reverse,Which Chinese word best matches “weekend” in this lesson context?,週末,weekend,zhōu mò,N,"[""星期六"", ""下午"", ""週末"", ""生日""]",週末我也常坐捷運去運動、看電影，不用開車找停車位，對我來說很方便。,verified_v3_book_locked,ok,,3
modern-chinese-l7-reading,第7課 短文：從我家坐捷運很方便,True,7,hard,3,2,週末,listening,🔊 Listen and choose the word you hear.,週末,weekend,zhōu mò,N,"[""生日"", ""下午"", ""週末"", ""星期六""]",,verified_v3_book_locked,ok,,3
modern-chinese-l7-reading,第7課 短文：從我家坐捷運很方便,True,7,hard,3,2,週末,pinyin,Which pinyin exactly matches the lexical tones of 「週末」?,zhōu mò,weekend,zhōu mò,N,"[""zhōu mó"", ""zhōu mò"", ""zhōu mǒ"", ""zhōu mō""]",週末我也常坐捷運去運動、看電影，不用開車找停車位，對我來說很方便。,verified_v3_book_locked,ok,,3
modern-chinese-l7-reading,第7課 短文：從我家坐捷運很方便,True,7,hard,3,2,週末,cloze,Choose the most contextually appropriate word for the blank.,週末,weekend,zhōu mò,N,"[""電影"", ""朋友"", ""學校""]",____我也常坐捷運去運動、看電影，不用開車找停車位，對我來說很方便。,verified_v3_book_locked,ok,,3
modern-chinese-l7-reading,第7課 短文：從我家坐捷運很方便,True,7,hard,3,2,週末,pos,Classify the grammatical category of 「週末」 as used in the sentence.,N,weekend,zhōu mò,N,"[""Prep"", ""Quant"", ""MW""]",週末我也常坐捷運去運動、看電影，不用開車找停車位，對我來說很方便。,verified_v3_book_locked,ok,,3
modern-chinese-l7-reading,第7課 短文：從我家坐捷運很方便,True,7,easy,3,3,捷運,translation,捷運,MRT,MRT,jiéyùn,N,"[""post office"", ""to walk"", ""nearby / vicinity""]",週末也坐捷運去運動、看電影。,verified_v3_book_locked,ok,,3
modern-chinese-l7-reading,第7課 短文：從我家坐捷運很方便,True,7,easy,3,3,捷運,reverse,MRT,捷運,MRT,jiéyùn,N,"[""附近"", ""捷運"", ""郵局"", ""走路""]",週末也坐捷運去運動、看電影。,verified_v3_book_locked,ok,,3
modern-chinese-l7-reading,第7課 短文：從我家坐捷運很方便,True,7,easy,3,3,捷運,listening,🔊 Listen and choose the word you hear.,捷運,MRT,jiéyùn,N,"[""捷運"", ""走路"", ""附近"", ""郵局""]",,verified_v3_book_locked,ok,,3
modern-chinese-l7-reading,第7課 短文：從我家坐捷運很方便,True,7,easy,3,3,捷運,pinyin,Choose the correct pinyin for 「捷運」.,jiéyùn,MRT,jiéyùn,N,"[""jiéyùn"", ""jiéyūn"", ""jiéyǔn"", ""jiéyún""]",週末也坐捷運去運動、看電影。,verified_v3_book_locked,ok,,3
modern-chinese-l7-reading,第7課 短文：從我家坐捷運很方便,True,7,easy,3,3,捷運,cloze,Complete the sentence.,捷運,MRT,jiéyùn,N,"[""郵局"", ""運動"", ""電影""]",週末也坐____去運動、看電影。,verified_v3_book_locked,ok,,3
modern-chinese-l7-reading,第7課 短文：從我家坐捷運很方便,True,7,easy,3,3,捷運,pos,What is the part of speech of 「捷運」?,N,MRT,jiéyùn,N,"[""Prep"", ""Pron"", ""Adv""]",週末也坐捷運去運動、看電影。,verified_v3_book_locked,ok,,3
modern-chinese-l7-reading,第7課 短文：從我家坐捷運很方便,True,7,medium,3,3,捷運,translation,Choose the best English meaning of 「捷運」.,MRT,MRT,jiéyùn,N,"[""school"", ""hotel"", ""supermarket""]",到了週末，我也坐捷運去運動、看電影。,verified_v3_book_locked,ok,,3
modern-chinese-l7-reading,第7課 短文：從我家坐捷運很方便,True,7,medium,3,3,捷運,reverse,Choose the Chinese word for “MRT”.,捷運,MRT,jiéyùn,N,"[""飯店"", ""捷運"", ""超級市場"", ""學校""]",到了週末，我也坐捷運去運動、看電影。,verified_v3_book_locked,ok,,3
modern-chinese-l7-reading,第7課 短文：從我家坐捷運很方便,True,7,medium,3,3,捷運,listening,🔊 Listen and choose the word you hear.,捷運,MRT,jiéyùn,N,"[""飯店"", ""學校"", ""超級市場"", ""捷運""]",,verified_v3_book_locked,ok,,3
modern-chinese-l7-reading,第7課 短文：從我家坐捷運很方便,True,7,medium,3,3,捷運,pinyin,Choose the correct pinyin and tone pattern for 「捷運」.,jiéyùn,MRT,jiéyùn,N,"[""jiéyún"", ""jiéyūn"", ""jiéyùn"", ""jiéyǔn""]",到了週末，我也坐捷運去運動、看電影。,verified_v3_book_locked,ok,,3
modern-chinese-l7-reading,第7課 短文：從我家坐捷運很方便,True,7,medium,3,3,捷運,cloze,Choose the word that best completes the sentence.,捷運,MRT,jiéyùn,N,"[""公車"", ""運動"", ""週末""]",到了週末，我也坐____去運動、看電影。,verified_v3_book_locked,ok,,3
modern-chinese-l7-reading,第7課 短文：從我家坐捷運很方便,True,7,medium,3,3,捷運,pos,"In this sentence, what part of speech is 「捷運」?",N,MRT,jiéyùn,N,"[""Loc"", ""Pron"", ""Adv""]",到了週末，我也坐捷運去運動、看電影。,verified_v3_book_locked,ok,,3
modern-chinese-l7-reading,第7課 短文：從我家坐捷運很方便,True,7,hard,3,3,捷運,translation,"In 「週末我也常坐捷運去運動、看電影，不用開車找停車位，對我來說很方便。」, what does 「捷運」 mean?",MRT,MRT,jiéyùn,N,"[""elevator"", ""airplane"", ""bicycle""]",週末我也常坐捷運去運動、看電影，不用開車找停車位，對我來說很方便。,verified_v3_book_locked,ok,,3
modern-chinese-l7-reading,第7課 短文：從我家坐捷運很方便,True,7,hard,3,3,捷運,reverse,Which Chinese word best matches “MRT” in this lesson context?,捷運,MRT,jiéyùn,N,"[""飛機"", ""腳踏車"", ""捷運"", ""電梯""]",週末我也常坐捷運去運動、看電影，不用開車找停車位，對我來說很方便。,verified_v3_book_locked,ok,,3
modern-chinese-l7-reading,第7課 短文：從我家坐捷運很方便,True,7,hard,3,3,捷運,listening,🔊 Listen and choose the word you hear.,捷運,MRT,jiéyùn,N,"[""電梯"", ""腳踏車"", ""捷運"", ""飛機""]",,verified_v3_book_locked,ok,,3
modern-chinese-l7-reading,第7課 短文：從我家坐捷運很方便,True,7,hard,3,3,捷運,pinyin,Which pinyin exactly matches the lexical tones of 「捷運」?,jiéyùn,MRT,jiéyùn,N,"[""jiéyùn"", ""jiéyǔn"", ""jiéyūn"", ""jiéyún""]",週末我也常坐捷運去運動、看電影，不用開車找停車位，對我來說很方便。,verified_v3_book_locked,ok,,3
modern-chinese-l7-reading,第7課 短文：從我家坐捷運很方便,True,7,hard,3,3,捷運,cloze,Choose the most contextually appropriate word for the blank.,捷運,MRT,jiéyùn,N,"[""學校"", ""週末"", ""電影""]",週末我也常坐____去運動、看電影，不用開車找停車位，對我來說很方便。,verified_v3_book_locked,ok,,3
modern-chinese-l7-reading,第7課 短文：從我家坐捷運很方便,True,7,hard,3,3,捷運,pos,Classify the grammatical category of 「捷運」 as used in the sentence.,N,MRT,jiéyùn,N,"[""Prep"", ""Pron"", ""Adj""]",週末我也常坐捷運去運動、看電影，不用開車找停車位，對我來說很方便。,verified_v3_book_locked,ok,,3
modern-chinese-l7-reading,第7課 短文：從我家坐捷運很方便,True,7,easy,4,0,朋友,translation,朋友,friend,friend,péngyǒu,N,"[""school"", ""hotel"", ""post office""]",朋友常來找我。,verified_v3_book_locked,ok,,3
modern-chinese-l7-reading,第7課 短文：從我家坐捷運很方便,True,7,easy,4,0,朋友,reverse,friend,朋友,friend,péngyǒu,N,"[""朋友"", ""學校"", ""郵局"", ""飯店""]",朋友常來找我。,verified_v3_book_locked,ok,,3
modern-chinese-l7-reading,第7課 短文：從我家坐捷運很方便,True,7,easy,4,0,朋友,listening,🔊 Listen and choose the word you hear.,朋友,friend,péngyǒu,N,"[""學校"", ""飯店"", ""郵局"", ""朋友""]",,verified_v3_book_locked,ok,,3
modern-chinese-l7-reading,第7課 短文：從我家坐捷運很方便,True,7,easy,4,0,朋友,pinyin,Choose the correct pinyin for 「朋友」.,péngyǒu,friend,péngyǒu,N,"[""péngyóu"", ""péngyōu"", ""péngyòu"", ""péngyǒu""]",朋友常來找我。,verified_v3_book_locked,ok,,3
modern-chinese-l7-reading,第7課 短文：從我家坐捷運很方便,True,7,easy,4,0,朋友,cloze,Complete the sentence.,朋友,friend,péngyǒu,N,"[""公車"", ""飯店"", ""運動""]",____常來找我。,verified_v3_book_locked,ok,,3
modern-chinese-l7-reading,第7課 短文：從我家坐捷運很方便,True,7,easy,4,0,朋友,pos,What is the part of speech of 「朋友」?,N,friend,péngyǒu,N,"[""V"", ""Pron"", ""Adv""]",朋友常來找我。,verified_v3_book_locked,ok,,3
modern-chinese-l7-reading,第7課 短文：從我家坐捷運很方便,True,7,easy,4,0,朋友,synonym,Which word or phrase is closest in meaning to 「朋友」?,友人,friend,péngyǒu,N,"[""走路"", ""飯店"", ""郵局""]",朋友常來找我。,verified_v3_book_locked,ok,,3
modern-chinese-l7-reading,第7課 短文：從我家坐捷運很方便,True,7,medium,4,0,朋友,translation,Choose the best English meaning of 「朋友」.,friend,friend,péngyǒu,N,"[""supermarket"", ""post office"", ""bus""]",朋友也常坐捷運來找我，我們一起吃飯聊天。,verified_v3_book_locked,ok,,3
modern-chinese-l7-reading,第7課 短文：從我家坐捷運很方便,True,7,medium,4,0,朋友,reverse,Choose the Chinese word for “friend”.,朋友,friend,péngyǒu,N,"[""公車"", ""郵局"", ""朋友"", ""超級市場""]",朋友也常坐捷運來找我，我們一起吃飯聊天。,verified_v3_book_locked,ok,,3
modern-chinese-l7-reading,第7課 短文：從我家坐捷運很方便,True,7,medium,4,0,朋友,listening,🔊 Listen and choose the word you hear.,朋友,friend,péngyǒu,N,"[""公車"", ""郵局"", ""超級市場"", ""朋友""]",,verified_v3_book_locked,ok,,3
modern-chinese-l7-reading,第7課 短文：從我家坐捷運很方便,True,7,medium,4,0,朋友,pinyin,Choose the correct pinyin and tone pattern for 「朋友」.,péngyǒu,friend,péngyǒu,N,"[""péngyǒu"", ""péngyóu"", ""péngyōu"", ""péngyòu""]",朋友也常坐捷運來找我，我們一起吃飯聊天。,verified_v3_book_locked,ok,,3
modern-chinese-l7-reading,第7課 短文：從我家坐捷運很方便,True,7,medium,4,0,朋友,cloze,Choose the word that best completes the sentence.,朋友,friend,péngyǒu,N,"[""電影"", ""飯店"", ""地圖""]",____也常坐捷運來找我，我們一起吃飯聊天。,verified_v3_book_locked,ok,,3
modern-chinese-l7-reading,第7課 短文：從我家坐捷運很方便,True,7,medium,4,0,朋友,pos,"In this sentence, what part of speech is 「朋友」?",N,friend,péngyǒu,N,"[""MW"", ""Quant"", ""Adj""]",朋友也常坐捷運來找我，我們一起吃飯聊天。,verified_v3_book_locked,ok,,3
modern-chinese-l7-reading,第7課 短文：從我家坐捷運很方便,True,7,medium,4,0,朋友,synonym,"In this lesson context, which expression is closest in meaning to 「朋友」?",友人,friend,péngyǒu,N,"[""公車"", ""郵局"", ""超級市場""]",朋友也常坐捷運來找我，我們一起吃飯聊天。,verified_v3_book_locked,ok,,3
modern-chinese-l7-reading,第7課 短文：從我家坐捷運很方便,True,7,hard,4,0,朋友,translation,"In 「朋友常來找我，因為交通方便，所以就算住得比較遠，也願意坐捷運過來。」, what does 「朋友」 mean?",friend,friend,péngyǒu,N,"[""Youmei (person’s name)"", ""coworker"", ""classmate""]",朋友常來找我，因為交通方便，所以就算住得比較遠，也願意坐捷運過來。,verified_v3_book_locked,ok,,3
modern-chinese-l7-reading,第7課 短文：從我家坐捷運很方便,True,7,hard,4,0,朋友,reverse,Which Chinese word best matches “friend” in this lesson context?,朋友,friend,péngyǒu,N,"[""友美"", ""同事"", ""朋友"", ""同學""]",朋友常來找我，因為交通方便，所以就算住得比較遠，也願意坐捷運過來。,verified_v3_book_locked,ok,,3
modern-chinese-l7-reading,第7課 短文：從我家坐捷運很方便,True,7,hard,4,0,朋友,listening,🔊 Listen and choose the word you hear.,朋友,friend,péngyǒu,N,"[""友美"", ""同學"", ""朋友"", ""同事""]",,verified_v3_book_locked,ok,,3
modern-chinese-l7-reading,第7課 短文：從我家坐捷運很方便,True,7,hard,4,0,朋友,pinyin,Which pinyin exactly matches the lexical tones of 「朋友」?,péngyǒu,friend,péngyǒu,N,"[""péngyòu"", ""péngyóu"", ""péngyǒu"", ""péngyōu""]",朋友常來找我，因為交通方便，所以就算住得比較遠，也願意坐捷運過來。,verified_v3_book_locked,ok,,3
modern-chinese-l7-reading,第7課 短文：從我家坐捷運很方便,True,7,hard,4,0,朋友,cloze,Choose the most contextually appropriate word for the blank.,朋友,friend,péngyǒu,N,"[""公車"", ""運動"", ""電影""]",____常來找我，因為交通方便，所以就算住得比較遠，也願意坐捷運過來。,verified_v3_book_locked,ok,,3
modern-chinese-l7-reading,第7課 短文：從我家坐捷運很方便,True,7,hard,4,0,朋友,pos,Classify the grammatical category of 「朋友」 as used in the sentence.,N,friend,péngyǒu,N,"[""MW"", ""Loc"", ""Pron""]",朋友常來找我，因為交通方便，所以就算住得比較遠，也願意坐捷運過來。,verified_v3_book_locked,ok,,3
modern-chinese-l7-reading,第7課 短文：從我家坐捷運很方便,True,7,hard,4,0,朋友,synonym,Which expression can best replace 「朋友」 without changing the intended meaning?,友人,friend,péngyǒu,N,"[""媽"", ""友美"", ""同事""]",朋友常來找我，因為交通方便，所以就算住得比較遠，也願意坐捷運過來。,verified_v3_book_locked,ok,,3
modern-chinese-l7-reading,第7課 短文：從我家坐捷運很方便,True,7,easy,5,0,捷運,translation,捷運,MRT,MRT,jiéyùn,N,"[""nearby / vicinity"", ""friend"", ""hotel""]",他們都覺得坐捷運來我家，又快又方便。,verified_v3_book_locked,ok,,3
modern-chinese-l7-reading,第7課 短文：從我家坐捷運很方便,True,7,easy,5,0,捷運,reverse,MRT,捷運,MRT,jiéyùn,N,"[""朋友"", ""飯店"", ""捷運"", ""附近""]",他們都覺得坐捷運來我家，又快又方便。,verified_v3_book_locked,ok,,3
modern-chinese-l7-reading,第7課 短文：從我家坐捷運很方便,True,7,easy,5,0,捷運,listening,🔊 Listen and choose the word you hear.,捷運,MRT,jiéyùn,N,"[""飯店"", ""捷運"", ""朋友"", ""附近""]",,verified_v3_book_locked,ok,,3
modern-chinese-l7-reading,第7課 短文：從我家坐捷運很方便,True,7,easy,5,0,捷運,pinyin,Choose the correct pinyin for 「捷運」.,jiéyùn,MRT,jiéyùn,N,"[""jiéyùn"", ""jiéyūn"", ""jiéyǔn"", ""jiéyún""]",他們都覺得坐捷運來我家，又快又方便。,verified_v3_book_locked,ok,,3
modern-chinese-l7-reading,第7課 短文：從我家坐捷運很方便,True,7,easy,5,0,捷運,cloze,Complete the sentence.,捷運,MRT,jiéyùn,N,"[""運動"", ""電影"", ""朋友""]",他們都覺得坐____來我家，又快又方便。,verified_v3_book_locked,ok,,3
modern-chinese-l7-reading,第7課 短文：從我家坐捷運很方便,True,7,easy,5,0,捷運,pos,What is the part of speech of 「捷運」?,N,MRT,jiéyùn,N,"[""Prep"", ""Pron"", ""Adv""]",他們都覺得坐捷運來我家，又快又方便。,verified_v3_book_locked,ok,,3
modern-chinese-l7-reading,第7課 短文：從我家坐捷運很方便,True,7,medium,5,0,捷運,translation,Choose the best English meaning of 「捷運」.,MRT,MRT,jiéyùn,N,"[""hotel"", ""school"", ""post office""]",他們都覺得坐捷運來我家，又快又方便，而且不用走很久。,verified_v3_book_locked,ok,,3
modern-chinese-l7-reading,第7課 短文：從我家坐捷運很方便,True,7,medium,5,0,捷運,reverse,Choose the Chinese word for “MRT”.,捷運,MRT,jiéyùn,N,"[""飯店"", ""捷運"", ""學校"", ""郵局""]",他們都覺得坐捷運來我家，又快又方便，而且不用走很久。,verified_v3_book_locked,ok,,3
modern-chinese-l7-reading,第7課 短文：從我家坐捷運很方便,True,7,medium,5,0,捷運,listening,🔊 Listen and choose the word you hear.,捷運,MRT,jiéyùn,N,"[""郵局"", ""飯店"", ""學校"", ""捷運""]",,verified_v3_book_locked,ok,,3
modern-chinese-l7-reading,第7課 短文：從我家坐捷運很方便,True,7,medium,5,0,捷運,pinyin,Choose the correct pinyin and tone pattern for 「捷運」.,jiéyùn,MRT,jiéyùn,N,"[""jiéyùn"", ""jiéyún"", ""jiéyǔn"", ""jiéyūn""]",他們都覺得坐捷運來我家，又快又方便，而且不用走很久。,verified_v3_book_locked,ok,,3
modern-chinese-l7-reading,第7課 短文：從我家坐捷運很方便,True,7,medium,5,0,捷運,cloze,Choose the word that best completes the sentence.,捷運,MRT,jiéyùn,N,"[""飯店"", ""朋友"", ""週末""]",他們都覺得坐____來我家，又快又方便，而且不用走很久。,verified_v3_book_locked,ok,,3
modern-chinese-l7-reading,第7課 短文：從我家坐捷運很方便,True,7,medium,5,0,捷運,pos,"In this sentence, what part of speech is 「捷運」?",N,MRT,jiéyùn,N,"[""Loc"", ""Pron"", ""Adv""]",他們都覺得坐捷運來我家，又快又方便，而且不用走很久。,verified_v3_book_locked,ok,,3
modern-chinese-l7-reading,第7課 短文：從我家坐捷運很方便,True,7,hard,5,0,捷運,translation,"In 「他們都覺得坐捷運來我家又快又方便，不但不用擔心塞車，下車以後也不用走很久。」, what does 「捷運」 mean?",MRT,MRT,jiéyùn,N,"[""scooter"", ""train"", ""airplane""]",他們都覺得坐捷運來我家又快又方便，不但不用擔心塞車，下車以後也不用走很久。,verified_v3_book_locked,ok,,3
modern-chinese-l7-reading,第7課 短文：從我家坐捷運很方便,True,7,hard,5,0,捷運,reverse,Which Chinese word best matches “MRT” in this lesson context?,捷運,MRT,jiéyùn,N,"[""火車"", ""機車"", ""飛機"", ""捷運""]",他們都覺得坐捷運來我家又快又方便，不但不用擔心塞車，下車以後也不用走很久。,verified_v3_book_locked,ok,,3
modern-chinese-l7-reading,第7課 短文：從我家坐捷運很方便,True,7,hard,5,0,捷運,listening,🔊 Listen and choose the word you hear.,捷運,MRT,jiéyùn,N,"[""飛機"", ""火車"", ""捷運"", ""機車""]",,verified_v3_book_locked,ok,,3
modern-chinese-l7-reading,第7課 短文：從我家坐捷運很方便,True,7,hard,5,0,捷運,pinyin,Which pinyin exactly matches the lexical tones of 「捷運」?,jiéyùn,MRT,jiéyùn,N,"[""jiéyūn"", ""jiéyún"", ""jiéyǔn"", ""jiéyùn""]",他們都覺得坐捷運來我家又快又方便，不但不用擔心塞車，下車以後也不用走很久。,verified_v3_book_locked,ok,,3
modern-chinese-l7-reading,第7課 短文：從我家坐捷運很方便,True,7,hard,5,0,捷運,cloze,Choose the most contextually appropriate word for the blank.,捷運,MRT,jiéyùn,N,"[""學校"", ""週末"", ""運動""]",他們都覺得坐____來我家又快又方便，不但不用擔心塞車，下車以後也不用走很久。,verified_v3_book_locked,ok,,3
modern-chinese-l7-reading,第7課 短文：從我家坐捷運很方便,True,7,hard,5,0,捷運,pos,Classify the grammatical category of 「捷運」 as used in the sentence.,N,MRT,jiéyùn,N,"[""Prep"", ""Pron"", ""Adj""]",他們都覺得坐捷運來我家又快又方便，不但不用擔心塞車，下車以後也不用走很久。,verified_v3_book_locked,ok,,3
modern-chinese-l7-reading,第7課 短文：從我家坐捷運很方便,True,7,easy,5,1,方便,translation,方便,convenient,convenient,fāngbiàn,Adj,"[""to walk"", ""friend"", ""map""]",他們都覺得坐捷運來我家，又快又方便。,verified_v3_book_locked,ok,,3
modern-chinese-l7-reading,第7課 短文：從我家坐捷運很方便,True,7,easy,5,1,方便,reverse,convenient,方便,convenient,fāngbiàn,Adj,"[""朋友"", ""地圖"", ""走路"", ""方便""]",他們都覺得坐捷運來我家，又快又方便。,verified_v3_book_locked,ok,,3
modern-chinese-l7-reading,第7課 短文：從我家坐捷運很方便,True,7,easy,5,1,方便,listening,🔊 Listen and choose the word you hear.,方便,convenient,fāngbiàn,Adj,"[""走路"", ""方便"", ""地圖"", ""朋友""]",,verified_v3_book_locked,ok,,3
modern-chinese-l7-reading,第7課 短文：從我家坐捷運很方便,True,7,easy,5,1,方便,pinyin,Choose the correct pinyin for 「方便」.,fāngbiàn,convenient,fāngbiàn,Adj,"[""fāngbiǎn"", ""fāngbián"", ""fāngbiàn"", ""fāngbiān""]",他們都覺得坐捷運來我家，又快又方便。,verified_v3_book_locked,ok,,3
modern-chinese-l7-reading,第7課 短文：從我家坐捷運很方便,True,7,easy,5,1,方便,cloze,Complete the sentence.,方便,convenient,fāngbiàn,Adj,"[""好"", ""流行"", ""新的""]",他們都覺得坐捷運來我家，又快又____。,verified_v3_book_locked,ok,,3
modern-chinese-l7-reading,第7課 短文：從我家坐捷運很方便,True,7,easy,5,1,方便,pos,What is the part of speech of 「方便」?,Adj,convenient,fāngbiàn,Adj,"[""MW"", ""Pron"", ""Adv""]",他們都覺得坐捷運來我家，又快又方便。,verified_v3_book_locked,ok,,3
modern-chinese-l7-reading,第7課 短文：從我家坐捷運很方便,True,7,easy,5,1,方便,synonym,Which word or phrase is closest in meaning to 「方便」?,便利,convenient,fāngbiàn,Adj,"[""走路"", ""飯店"", ""公車""]",他們都覺得坐捷運來我家，又快又方便。,verified_v3_book_locked,ok,,3
modern-chinese-l7-reading,第7課 短文：從我家坐捷運很方便,True,7,medium,5,1,方便,translation,Choose the best English meaning of 「方便」.,convenient,convenient,fāngbiàn,Adj,"[""delicious"", ""beautiful"", ""good / okay""]",他們都覺得坐捷運來我家，又快又方便，而且不用走很久。,verified_v3_book_locked,ok,,3
modern-chinese-l7-reading,第7課 短文：從我家坐捷運很方便,True,7,medium,5,1,方便,reverse,Choose the Chinese word for “convenient”.,方便,convenient,fāngbiàn,Adj,"[""漂亮"", ""好吃"", ""好"", ""方便""]",他們都覺得坐捷運來我家，又快又方便，而且不用走很久。,verified_v3_book_locked,ok,,3
modern-chinese-l7-reading,第7課 短文：從我家坐捷運很方便,True,7,medium,5,1,方便,listening,🔊 Listen and choose the word you hear.,方便,convenient,fāngbiàn,Adj,"[""好"", ""好吃"", ""方便"", ""漂亮""]",,verified_v3_book_locked,ok,,3
modern-chinese-l7-reading,第7課 短文：從我家坐捷運很方便,True,7,medium,5,1,方便,pinyin,Choose the correct pinyin and tone pattern for 「方便」.,fāngbiàn,convenient,fāngbiàn,Adj,"[""fāngbiān"", ""fāngbiǎn"", ""fāngbiàn"", ""fāngbián""]",他們都覺得坐捷運來我家，又快又方便，而且不用走很久。,verified_v3_book_locked,ok,,3
modern-chinese-l7-reading,第7課 短文：從我家坐捷運很方便,True,7,medium,5,1,方便,cloze,Choose the word that best completes the sentence.,方便,convenient,fāngbiàn,Adj,"[""舒服"", ""好"", ""漂亮""]",他們都覺得坐捷運來我家，又快又____，而且不用走很久。,verified_v3_book_locked,ok,,3
modern-chinese-l7-reading,第7課 短文：從我家坐捷運很方便,True,7,medium,5,1,方便,pos,"In this sentence, what part of speech is 「方便」?",Adj,convenient,fāngbiàn,Adj,"[""Prep"", ""Pron"", ""MW""]",他們都覺得坐捷運來我家，又快又方便，而且不用走很久。,verified_v3_book_locked,ok,,3
modern-chinese-l7-reading,第7課 短文：從我家坐捷運很方便,True,7,medium,5,1,方便,synonym,"In this lesson context, which expression is closest in meaning to 「方便」?",便利,convenient,fāngbiàn,Adj,"[""漂亮"", ""舒服"", ""忙""]",他們都覺得坐捷運來我家，又快又方便，而且不用走很久。,verified_v3_book_locked,ok,,3
modern-chinese-l7-reading,第7課 短文：從我家坐捷運很方便,True,7,hard,5,1,方便,translation,"In 「他們都覺得坐捷運來我家又快又方便，不但不用擔心塞車，下車以後也不用走很久。」, what does 「方便」 mean?",convenient,convenient,fāngbiàn,Adj,"[""interesting"", ""delicious"", ""beautiful""]",他們都覺得坐捷運來我家又快又方便，不但不用擔心塞車，下車以後也不用走很久。,verified_v3_book_locked,ok,,3
modern-chinese-l7-reading,第7課 短文：從我家坐捷運很方便,True,7,hard,5,1,方便,reverse,Which Chinese word best matches “convenient” in this lesson context?,方便,convenient,fāngbiàn,Adj,"[""好吃"", ""方便"", ""漂亮"", ""有趣""]",他們都覺得坐捷運來我家又快又方便，不但不用擔心塞車，下車以後也不用走很久。,verified_v3_book_locked,ok,,3
modern-chinese-l7-reading,第7課 短文：從我家坐捷運很方便,True,7,hard,5,1,方便,listening,🔊 Listen and choose the word you hear.,方便,convenient,fāngbiàn,Adj,"[""漂亮"", ""有趣"", ""方便"", ""好吃""]",,verified_v3_book_locked,ok,,3
modern-chinese-l7-reading,第7課 短文：從我家坐捷運很方便,True,7,hard,5,1,方便,pinyin,Which pinyin exactly matches the lexical tones of 「方便」?,fāngbiàn,convenient,fāngbiàn,Adj,"[""fāngbiǎn"", ""fāngbián"", ""fāngbiān"", ""fāngbiàn""]",他們都覺得坐捷運來我家又快又方便，不但不用擔心塞車，下車以後也不用走很久。,verified_v3_book_locked,ok,,3
modern-chinese-l7-reading,第7課 短文：從我家坐捷運很方便,True,7,hard,5,1,方便,cloze,Choose the most contextually appropriate word for the blank.,方便,convenient,fāngbiàn,Adj,"[""忙"", ""漂亮"", ""舒服""]",他們都覺得坐捷運來我家又快又____，不但不用擔心塞車，下車以後也不用走很久。,verified_v3_book_locked,ok,,3
modern-chinese-l7-reading,第7課 短文：從我家坐捷運很方便,True,7,hard,5,1,方便,pos,Classify the grammatical category of 「方便」 as used in the sentence.,Adj,convenient,fāngbiàn,Adj,"[""Loc"", ""MW"", ""Adv""]",他們都覺得坐捷運來我家又快又方便，不但不用擔心塞車，下車以後也不用走很久。,verified_v3_book_locked,ok,,3
modern-chinese-l7-reading,第7課 短文：從我家坐捷運很方便,True,7,hard,5,1,方便,synonym,Which expression can best replace 「方便」 without changing the intended meaning?,便利,convenient,fāngbiàn,Adj,"[""流行"", ""好吃"", ""新的""]",他們都覺得坐捷運來我家又快又方便，不但不用擔心塞車，下車以後也不用走很久。,verified_v3_book_locked,ok,,3
modern-chinese-l7-reading,第7課 短文：從我家坐捷運很方便,True,7,easy,6,0,機場,translation,機場,airport,airport,jīchǎng,N,"[""to walk"", ""hotel"", ""nearby / vicinity""]",從我家到機場也不遠。,verified_v3_book_locked,ok,,3
modern-chinese-l7-reading,第7課 短文：從我家坐捷運很方便,True,7,easy,6,0,機場,reverse,airport,機場,airport,jīchǎng,N,"[""機場"", ""附近"", ""飯店"", ""走路""]",從我家到機場也不遠。,verified_v3_book_locked,ok,,3
modern-chinese-l7-reading,第7課 短文：從我家坐捷運很方便,True,7,easy,6,0,機場,listening,🔊 Listen and choose the word you hear.,機場,airport,jīchǎng,N,"[""機場"", ""飯店"", ""走路"", ""附近""]",,verified_v3_book_locked,ok,,3
modern-chinese-l7-reading,第7課 短文：從我家坐捷運很方便,True,7,easy,6,0,機場,pinyin,Choose the correct pinyin for 「機場」.,jīchǎng,airport,jīchǎng,N,"[""jīchàng"", ""jīchǎng"", ""jīcháng"", ""jīchāng""]",從我家到機場也不遠。,verified_v3_book_locked,ok,,3
modern-chinese-l7-reading,第7課 短文：從我家坐捷運很方便,True,7,easy,6,0,機場,cloze,Complete the sentence.,機場,airport,jīchǎng,N,"[""電影"", ""朋友"", ""運動""]",從我家到____也不遠。,verified_v3_book_locked,ok,,3
modern-chinese-l7-reading,第7課 短文：從我家坐捷運很方便,True,7,easy,6,0,機場,pos,What is the part of speech of 「機場」?,N,airport,jīchǎng,N,"[""MW"", ""Adv"", ""Loc""]",從我家到機場也不遠。,verified_v3_book_locked,ok,,3
modern-chinese-l7-reading,第7課 短文：從我家坐捷運很方便,True,7,easy,6,0,機場,synonym,Which word or phrase is closest in meaning to 「機場」?,飛機場,airport,jīchǎng,N,"[""走路"", ""附近"", ""飯店""]",從我家到機場也不遠。,verified_v3_book_locked,ok,,3
modern-chinese-l7-reading,第7課 短文：從我家坐捷運很方便,True,7,medium,6,0,機場,translation,Choose the best English meaning of 「機場」.,airport,airport,jīchǎng,N,"[""friend"", ""map"", ""supermarket""]",從我家到機場也不遠，大概不用很久。,verified_v3_book_locked,ok,,3
modern-chinese-l7-reading,第7課 短文：從我家坐捷運很方便,True,7,medium,6,0,機場,reverse,Choose the Chinese word for “airport”.,機場,airport,jīchǎng,N,"[""朋友"", ""機場"", ""超級市場"", ""地圖""]",從我家到機場也不遠，大概不用很久。,verified_v3_book_locked,ok,,3
modern-chinese-l7-reading,第7課 短文：從我家坐捷運很方便,True,7,medium,6,0,機場,listening,🔊 Listen and choose the word you hear.,機場,airport,jīchǎng,N,"[""機場"", ""地圖"", ""朋友"", ""超級市場""]",,verified_v3_book_locked,ok,,3
modern-chinese-l7-reading,第7課 短文：從我家坐捷運很方便,True,7,medium,6,0,機場,pinyin,Choose the correct pinyin and tone pattern for 「機場」.,jīchǎng,airport,jīchǎng,N,"[""jīchǎng"", ""jīcháng"", ""jīchàng"", ""jīchāng""]",從我家到機場也不遠，大概不用很久。,verified_v3_book_locked,ok,,3
modern-chinese-l7-reading,第7課 短文：從我家坐捷運很方便,True,7,medium,6,0,機場,cloze,Choose the word that best completes the sentence.,機場,airport,jīchǎng,N,"[""飯店"", ""電影"", ""運動""]",從我家到____也不遠，大概不用很久。,verified_v3_book_locked,ok,,3
modern-chinese-l7-reading,第7課 短文：從我家坐捷運很方便,True,7,medium,6,0,機場,pos,"In this sentence, what part of speech is 「機場」?",N,airport,jīchǎng,N,"[""V"", ""Pron"", ""Loc""]",從我家到機場也不遠，大概不用很久。,verified_v3_book_locked,ok,,3
modern-chinese-l7-reading,第7課 短文：從我家坐捷運很方便,True,7,medium,6,0,機場,synonym,"In this lesson context, which expression is closest in meaning to 「機場」?",飛機場,airport,jīchǎng,N,"[""學校"", ""超級市場"", ""捷運""]",從我家到機場也不遠，大概不用很久。,verified_v3_book_locked,ok,,3
modern-chinese-l7-reading,第7課 短文：從我家坐捷運很方便,True,7,hard,6,0,機場,translation,"In 「從我家到機場也不遠，所以要搭飛機的時候，我通常不需要太早出門。」, what does 「機場」 mean?",airport,airport,jīchǎng,N,"[""post office"", ""room"", ""classroom""]",從我家到機場也不遠，所以要搭飛機的時候，我通常不需要太早出門。,verified_v3_book_locked,ok,,3
modern-chinese-l7-reading,第7課 短文：從我家坐捷運很方便,True,7,hard,6,0,機場,reverse,Which Chinese word best matches “airport” in this lesson context?,機場,airport,jīchǎng,N,"[""房間"", ""郵局"", ""教室"", ""機場""]",從我家到機場也不遠，所以要搭飛機的時候，我通常不需要太早出門。,verified_v3_book_locked,ok,,3
modern-chinese-l7-reading,第7課 短文：從我家坐捷運很方便,True,7,hard,6,0,機場,listening,🔊 Listen and choose the word you hear.,機場,airport,jīchǎng,N,"[""教室"", ""房間"", ""郵局"", ""機場""]",,verified_v3_book_locked,ok,,3
modern-chinese-l7-reading,第7課 短文：從我家坐捷運很方便,True,7,hard,6,0,機場,pinyin,Which pinyin exactly matches the lexical tones of 「機場」?,jīchǎng,airport,jīchǎng,N,"[""jīchǎng"", ""jīchàng"", ""jīchāng"", ""jīcháng""]",從我家到機場也不遠，所以要搭飛機的時候，我通常不需要太早出門。,verified_v3_book_locked,ok,,3
modern-chinese-l7-reading,第7課 短文：從我家坐捷運很方便,True,7,hard,6,0,機場,cloze,Choose the most contextually appropriate word for the blank.,機場,airport,jīchǎng,N,"[""朋友"", ""友美"", ""捷運""]",從我家到____也不遠，所以要搭飛機的時候，我通常不需要太早出門。,verified_v3_book_locked,ok,,3
modern-chinese-l7-reading,第7課 短文：從我家坐捷運很方便,True,7,hard,6,0,機場,pos,Classify the grammatical category of 「機場」 as used in the sentence.,N,airport,jīchǎng,N,"[""MW"", ""Adj"", ""V""]",從我家到機場也不遠，所以要搭飛機的時候，我通常不需要太早出門。,verified_v3_book_locked,ok,,3
modern-chinese-l7-reading,第7課 短文：從我家坐捷運很方便,True,7,hard,6,0,機場,synonym,Which expression can best replace 「機場」 without changing the intended meaning?,飛機場,airport,jīchǎng,N,"[""客廳"", ""宿舍"", ""廚房""]",從我家到機場也不遠，所以要搭飛機的時候，我通常不需要太早出門。,verified_v3_book_locked,ok,,3
modern-chinese-l7-reading,第7課 短文：從我家坐捷運很方便,True,7,easy,7,0,捷運,translation,捷運,MRT,MRT,jiéyùn,N,"[""friend"", ""hotel"", ""to walk""]",開車去、坐捷運去都可以。,verified_v3_book_locked,ok,,3
modern-chinese-l7-reading,第7課 短文：從我家坐捷運很方便,True,7,easy,7,0,捷運,reverse,MRT,捷運,MRT,jiéyùn,N,"[""走路"", ""飯店"", ""朋友"", ""捷運""]",開車去、坐捷運去都可以。,verified_v3_book_locked,ok,,3
modern-chinese-l7-reading,第7課 短文：從我家坐捷運很方便,True,7,easy,7,0,捷運,listening,🔊 Listen and choose the word you hear.,捷運,MRT,jiéyùn,N,"[""走路"", ""朋友"", ""捷運"", ""飯店""]",,verified_v3_book_locked,ok,,3
modern-chinese-l7-reading,第7課 短文：從我家坐捷運很方便,True,7,easy,7,0,捷運,pinyin,Choose the correct pinyin for 「捷運」.,jiéyùn,MRT,jiéyùn,N,"[""jiéyǔn"", ""jiéyùn"", ""jiéyūn"", ""jiéyún""]",開車去、坐捷運去都可以。,verified_v3_book_locked,ok,,3
modern-chinese-l7-reading,第7課 短文：從我家坐捷運很方便,True,7,easy,7,0,捷運,cloze,Complete the sentence.,捷運,MRT,jiéyùn,N,"[""運動"", ""飯店"", ""超級市場""]",開車去、坐____去都可以。,verified_v3_book_locked,ok,,3
modern-chinese-l7-reading,第7課 短文：從我家坐捷運很方便,True,7,easy,7,0,捷運,pos,What is the part of speech of 「捷運」?,N,MRT,jiéyùn,N,"[""Prep"", ""Pron"", ""Adv""]",開車去、坐捷運去都可以。,verified_v3_book_locked,ok,,3
modern-chinese-l7-reading,第7課 短文：從我家坐捷運很方便,True,7,medium,7,0,捷運,translation,Choose the best English meaning of 「捷運」.,MRT,MRT,jiéyùn,N,"[""friend"", ""movie"", ""map""]",開車去、坐捷運去都可以，看當天的情況。,verified_v3_book_locked,ok,,3
modern-chinese-l7-reading,第7課 短文：從我家坐捷運很方便,True,7,medium,7,0,捷運,reverse,Choose the Chinese word for “MRT”.,捷運,MRT,jiéyùn,N,"[""朋友"", ""捷運"", ""地圖"", ""電影""]",開車去、坐捷運去都可以，看當天的情況。,verified_v3_book_locked,ok,,3
modern-chinese-l7-reading,第7課 短文：從我家坐捷運很方便,True,7,medium,7,0,捷運,listening,🔊 Listen and choose the word you hear.,捷運,MRT,jiéyùn,N,"[""地圖"", ""捷運"", ""電影"", ""朋友""]",,verified_v3_book_locked,ok,,3
modern-chinese-l7-reading,第7課 短文：從我家坐捷運很方便,True,7,medium,7,0,捷運,pinyin,Choose the correct pinyin and tone pattern for 「捷運」.,jiéyùn,MRT,jiéyùn,N,"[""jiéyún"", ""jiéyǔn"", ""jiéyùn"", ""jiéyūn""]",開車去、坐捷運去都可以，看當天的情況。,verified_v3_book_locked,ok,,3
modern-chinese-l7-reading,第7課 短文：從我家坐捷運很方便,True,7,medium,7,0,捷運,cloze,Choose the word that best completes the sentence.,捷運,MRT,jiéyùn,N,"[""地圖"", ""電影"", ""學校""]",開車去、坐____去都可以，看當天的情況。,verified_v3_book_locked,ok,,3
modern-chinese-l7-reading,第7課 短文：從我家坐捷運很方便,True,7,medium,7,0,捷運,pos,"In this sentence, what part of speech is 「捷運」?",N,MRT,jiéyùn,N,"[""Loc"", ""Pron"", ""Adv""]",開車去、坐捷運去都可以，看當天的情況。,verified_v3_book_locked,ok,,3
modern-chinese-l7-reading,第7課 短文：從我家坐捷運很方便,True,7,hard,7,0,捷運,translation,"In 「去機場的交通方式很多，開車去、坐捷運去都可以，我通常會看行李多少再決定。」, what does 「捷運」 mean?",MRT,MRT,jiéyùn,N,"[""airplane"", ""scooter"", ""elevator""]",去機場的交通方式很多，開車去、坐捷運去都可以，我通常會看行李多少再決定。,verified_v3_book_locked,ok,,3
modern-chinese-l7-reading,第7課 短文：從我家坐捷運很方便,True,7,hard,7,0,捷運,reverse,Which Chinese word best matches “MRT” in this lesson context?,捷運,MRT,jiéyùn,N,"[""電梯"", ""機車"", ""飛機"", ""捷運""]",去機場的交通方式很多，開車去、坐捷運去都可以，我通常會看行李多少再決定。,verified_v3_book_locked,ok,,3
modern-chinese-l7-reading,第7課 短文：從我家坐捷運很方便,True,7,hard,7,0,捷運,listening,🔊 Listen and choose the word you hear.,捷運,MRT,jiéyùn,N,"[""機車"", ""飛機"", ""電梯"", ""捷運""]",,verified_v3_book_locked,ok,,3
modern-chinese-l7-reading,第7課 短文：從我家坐捷運很方便,True,7,hard,7,0,捷運,pinyin,Which pinyin exactly matches the lexical tones of 「捷運」?,jiéyùn,MRT,jiéyùn,N,"[""jiéyún"", ""jiéyùn"", ""jiéyǔn"", ""jiéyūn""]",去機場的交通方式很多，開車去、坐捷運去都可以，我通常會看行李多少再決定。,verified_v3_book_locked,ok,,3
modern-chinese-l7-reading,第7課 短文：從我家坐捷運很方便,True,7,hard,7,0,捷運,cloze,Choose the most contextually appropriate word for the blank.,捷運,MRT,jiéyùn,N,"[""郵局"", ""飯店"", ""學校""]",去機場的交通方式很多，開車去、坐____去都可以，我通常會看行李多少再決定。,verified_v3_book_locked,ok,,3
modern-chinese-l7-reading,第7課 短文：從我家坐捷運很方便,True,7,hard,7,0,捷運,pos,Classify the grammatical category of 「捷運」 as used in the sentence.,N,MRT,jiéyùn,N,"[""Prep"", ""Pron"", ""Adj""]",去機場的交通方式很多，開車去、坐捷運去都可以，我通常會看行李多少再決定。,verified_v3_book_locked,ok,,3
modern-chinese-l7-reading,第7課 短文：從我家坐捷運很方便,True,7,easy,8,0,風景,translation,風景,scenery,scenery,fēngjǐng,N,"[""hotel"", ""bus"", ""nearby / vicinity""]",機場附近的風景也很漂亮。,verified_v3_book_locked,ok,,3
modern-chinese-l7-reading,第7課 短文：從我家坐捷運很方便,True,7,easy,8,0,風景,reverse,scenery,風景,scenery,fēngjǐng,N,"[""附近"", ""公車"", ""風景"", ""飯店""]",機場附近的風景也很漂亮。,verified_v3_book_locked,ok,,3
modern-chinese-l7-reading,第7課 短文：從我家坐捷運很方便,True,7,easy,8,0,風景,listening,🔊 Listen and choose the word you hear.,風景,scenery,fēngjǐng,N,"[""附近"", ""公車"", ""風景"", ""飯店""]",,verified_v3_book_locked,ok,,3
modern-chinese-l7-reading,第7課 短文：從我家坐捷運很方便,True,7,easy,8,0,風景,pinyin,Choose the correct pinyin for 「風景」.,fēngjǐng,scenery,fēngjǐng,N,"[""fēngjǐng"", ""fēngjíng"", ""fēngjìng"", ""fēngjīng""]",機場附近的風景也很漂亮。,verified_v3_book_locked,ok,,3
modern-chinese-l7-reading,第7課 短文：從我家坐捷運很方便,True,7,easy,8,0,風景,cloze,Complete the sentence.,風景,scenery,fēngjǐng,N,"[""朋友"", ""電影"", ""飯店""]",機場附近的____也很漂亮。,verified_v3_book_locked,ok,,3
modern-chinese-l7-reading,第7課 短文：從我家坐捷運很方便,True,7,easy,8,0,風景,pos,What is the part of speech of 「風景」?,N,scenery,fēngjǐng,N,"[""Adj"", ""Adv"", ""V""]",機場附近的風景也很漂亮。,verified_v3_book_locked,ok,,3
modern-chinese-l7-reading,第7課 短文：從我家坐捷運很方便,True,7,easy,8,0,風景,synonym,Which word or phrase is closest in meaning to 「風景」?,景色,scenery,fēngjǐng,N,"[""朋友"", ""捷運"", ""學校""]",機場附近的風景也很漂亮。,verified_v3_book_locked,ok,,3
modern-chinese-l7-reading,第7課 短文：從我家坐捷運很方便,True,7,medium,8,0,風景,translation,Choose the best English meaning of 「風景」.,scenery,scenery,fēngjǐng,N,"[""friend"", ""post office"", ""bus""]",機場附近的風景也很漂亮，有空可以去走走。,verified_v3_book_locked,ok,,3
modern-chinese-l7-reading,第7課 短文：從我家坐捷運很方便,True,7,medium,8,0,風景,reverse,Choose the Chinese word for “scenery”.,風景,scenery,fēngjǐng,N,"[""郵局"", ""朋友"", ""公車"", ""風景""]",機場附近的風景也很漂亮，有空可以去走走。,verified_v3_book_locked,ok,,3
modern-chinese-l7-reading,第7課 短文：從我家坐捷運很方便,True,7,medium,8,0,風景,listening,🔊 Listen and choose the word you hear.,風景,scenery,fēngjǐng,N,"[""風景"", ""郵局"", ""公車"", ""朋友""]",,verified_v3_book_locked,ok,,3
modern-chinese-l7-reading,第7課 短文：從我家坐捷運很方便,True,7,medium,8,0,風景,pinyin,Choose the correct pinyin and tone pattern for 「風景」.,fēngjǐng,scenery,fēngjǐng,N,"[""fēngjíng"", ""fēngjìng"", ""fēngjǐng"", ""fēngjīng""]",機場附近的風景也很漂亮，有空可以去走走。,verified_v3_book_locked,ok,,3
modern-chinese-l7-reading,第7課 短文：從我家坐捷運很方便,True,7,medium,8,0,風景,cloze,Choose the word that best completes the sentence.,風景,scenery,fēngjǐng,N,"[""郵局"", ""地圖"", ""公車""]",機場附近的____也很漂亮，有空可以去走走。,verified_v3_book_locked,ok,,3
modern-chinese-l7-reading,第7課 短文：從我家坐捷運很方便,True,7,medium,8,0,風景,pos,"In this sentence, what part of speech is 「風景」?",N,scenery,fēngjǐng,N,"[""Quant"", ""Adj"", ""Pron""]",機場附近的風景也很漂亮，有空可以去走走。,verified_v3_book_locked,ok,,3
modern-chinese-l7-reading,第7課 短文：從我家坐捷運很方便,True,7,medium,8,0,風景,synonym,"In this lesson context, which expression is closest in meaning to 「風景」?",景色,scenery,fēngjǐng,N,"[""地圖"", ""學校"", ""公車""]",機場附近的風景也很漂亮，有空可以去走走。,verified_v3_book_locked,ok,,3
modern-chinese-l7-reading,第7課 短文：從我家坐捷運很方便,True,7,hard,8,0,風景,translation,"In 「機場附近的風景也很漂亮，天氣好的時候，可以看到很遠的地方。」, what does 「風景」 mean?",scenery,scenery,fēngjǐng,N,"[""temperature"", ""air"", ""season""]",機場附近的風景也很漂亮，天氣好的時候，可以看到很遠的地方。,verified_v3_book_locked,ok,,3
modern-chinese-l7-reading,第7課 短文：從我家坐捷運很方便,True,7,hard,8,0,風景,reverse,Which Chinese word best matches “scenery” in this lesson context?,風景,scenery,fēngjǐng,N,"[""季節"", ""空氣"", ""風景"", ""溫度""]",機場附近的風景也很漂亮，天氣好的時候，可以看到很遠的地方。,verified_v3_book_locked,ok,,3
modern-chinese-l7-reading,第7課 短文：從我家坐捷運很方便,True,7,hard,8,0,風景,listening,🔊 Listen and choose the word you hear.,風景,scenery,fēngjǐng,N,"[""風景"", ""溫度"", ""季節"", ""空氣""]",,verified_v3_book_locked,ok,,3
modern-chinese-l7-reading,第7課 短文：從我家坐捷運很方便,True,7,hard,8,0,風景,pinyin,Which pinyin exactly matches the lexical tones of 「風景」?,fēngjǐng,scenery,fēngjǐng,N,"[""fēngjǐng"", ""fēngjìng"", ""fēngjíng"", ""fēngjīng""]",機場附近的風景也很漂亮，天氣好的時候，可以看到很遠的地方。,verified_v3_book_locked,ok,,3
modern-chinese-l7-reading,第7課 短文：從我家坐捷運很方便,True,7,hard,8,0,風景,cloze,Choose the most contextually appropriate word for the blank.,風景,scenery,fēngjǐng,N,"[""郵局"", ""捷運"", ""朋友""]",機場附近的____也很漂亮，天氣好的時候，可以看到很遠的地方。,verified_v3_book_locked,ok,,3
modern-chinese-l7-reading,第7課 短文：從我家坐捷運很方便,True,7,hard,8,0,風景,pos,Classify the grammatical category of 「風景」 as used in the sentence.,N,scenery,fēngjǐng,N,"[""Loc"", ""Quant"", ""V""]",機場附近的風景也很漂亮，天氣好的時候，可以看到很遠的地方。,verified_v3_book_locked,ok,,3
modern-chinese-l7-reading,第7課 短文：從我家坐捷運很方便,True,7,hard,8,0,風景,synonym,Which expression can best replace 「風景」 without changing the intended meaning?,景色,scenery,fēngjǐng,N,"[""季節"", ""空氣"", ""天氣""]",機場附近的風景也很漂亮，天氣好的時候，可以看到很遠的地方。,verified_v3_book_locked,ok,,3
modern-chinese-l7-reading,第7課 短文：從我家坐捷運很方便,True,7,easy,8,1,漂亮,translation,漂亮,beautiful,beautiful,piàoliang,Adj,"[""MRT"", ""map"", ""hotel""]",機場附近的風景也很漂亮。,verified_v3_book_locked,ok,,3
modern-chinese-l7-reading,第7課 短文：從我家坐捷運很方便,True,7,easy,8,1,漂亮,reverse,beautiful,漂亮,beautiful,piàoliang,Adj,"[""漂亮"", ""捷運"", ""飯店"", ""地圖""]",機場附近的風景也很漂亮。,verified_v3_book_locked,ok,,3
modern-chinese-l7-reading,第7課 短文：從我家坐捷運很方便,True,7,easy,8,1,漂亮,listening,🔊 Listen and choose the word you hear.,漂亮,beautiful,piàoliang,Adj,"[""地圖"", ""飯店"", ""漂亮"", ""捷運""]",,verified_v3_book_locked,ok,,3
modern-chinese-l7-reading,第7課 短文：從我家坐捷運很方便,True,7,easy,8,1,漂亮,pinyin,Choose the correct pinyin for 「漂亮」.,piàoliang,beautiful,piàoliang,Adj,"[""piàoliang"", ""piáoliang"", ""piǎoliang"", ""piāoliang""]",機場附近的風景也很漂亮。,verified_v3_book_locked,ok,,3
modern-chinese-l7-reading,第7課 短文：從我家坐捷運很方便,True,7,easy,8,1,漂亮,cloze,Complete the sentence.,漂亮,beautiful,piàoliang,Adj,"[""忙"", ""好"", ""有趣""]",機場附近的風景也很____。,verified_v3_book_locked,ok,,3
modern-chinese-l7-reading,第7課 短文：從我家坐捷運很方便,True,7,easy,8,1,漂亮,pos,What is the part of speech of 「漂亮」?,Adj,beautiful,piàoliang,Adj,"[""Loc"", ""Quant"", ""Pron""]",機場附近的風景也很漂亮。,verified_v3_book_locked,ok,,3
modern-chinese-l7-reading,第7課 短文：從我家坐捷運很方便,True,7,easy,8,1,漂亮,synonym,Which word or phrase is closest in meaning to 「漂亮」?,美麗,beautiful,piàoliang,Adj,"[""捷運"", ""走路"", ""地圖""]",機場附近的風景也很漂亮。,verified_v3_book_locked,ok,,3
modern-chinese-l7-reading,第7課 短文：從我家坐捷運很方便,True,7,medium,8,1,漂亮,translation,Choose the best English meaning of 「漂亮」.,beautiful,beautiful,piàoliang,Adj,"[""convenient"", ""interesting"", ""busy""]",機場附近的風景也很漂亮，有空可以去走走。,verified_v3_book_locked,ok,,3
modern-chinese-l7-reading,第7課 短文：從我家坐捷運很方便,True,7,medium,8,1,漂亮,reverse,Choose the Chinese word for “beautiful”.,漂亮,beautiful,piàoliang,Adj,"[""方便"", ""漂亮"", ""有趣"", ""忙""]",機場附近的風景也很漂亮，有空可以去走走。,verified_v3_book_locked,ok,,3
modern-chinese-l7-reading,第7課 短文：從我家坐捷運很方便,True,7,medium,8,1,漂亮,listening,🔊 Listen and choose the word you hear.,漂亮,beautiful,piàoliang,Adj,"[""漂亮"", ""有趣"", ""方便"", ""忙""]",,verified_v3_book_locked,ok,,3
modern-chinese-l7-reading,第7課 短文：從我家坐捷運很方便,True,7,medium,8,1,漂亮,pinyin,Choose the correct pinyin and tone pattern for 「漂亮」.,piàoliang,beautiful,piàoliang,Adj,"[""piáoliang"", ""piǎoliang"", ""piāoliang"", ""piàoliang""]",機場附近的風景也很漂亮，有空可以去走走。,verified_v3_book_locked,ok,,3
modern-chinese-l7-reading,第7課 短文：從我家坐捷運很方便,True,7,medium,8,1,漂亮,cloze,Choose the word that best completes the sentence.,漂亮,beautiful,piàoliang,Adj,"[""新的"", ""流行"", ""好""]",機場附近的風景也很____，有空可以去走走。,verified_v3_book_locked,ok,,3
modern-chinese-l7-reading,第7課 短文：從我家坐捷運很方便,True,7,medium,8,1,漂亮,pos,"In this sentence, what part of speech is 「漂亮」?",Adj,beautiful,piàoliang,Adj,"[""Loc"", ""MW"", ""V""]",機場附近的風景也很漂亮，有空可以去走走。,verified_v3_book_locked,ok,,3
modern-chinese-l7-reading,第7課 短文：從我家坐捷運很方便,True,7,medium,8,1,漂亮,synonym,"In this lesson context, which expression is closest in meaning to 「漂亮」?",美麗,beautiful,piàoliang,Adj,"[""方便"", ""好"", ""舒服""]",機場附近的風景也很漂亮，有空可以去走走。,verified_v3_book_locked,ok,,3
modern-chinese-l7-reading,第7課 短文：從我家坐捷運很方便,True,7,hard,8,1,漂亮,translation,"In 「機場附近的風景也很漂亮，天氣好的時候，可以看到很遠的地方。」, what does 「漂亮」 mean?",beautiful,beautiful,piàoliang,Adj,"[""good / okay"", ""busy"", ""convenient""]",機場附近的風景也很漂亮，天氣好的時候，可以看到很遠的地方。,verified_v3_book_locked,ok,,3
modern-chinese-l7-reading,第7課 短文：從我家坐捷運很方便,True,7,hard,8,1,漂亮,reverse,Which Chinese word best matches “beautiful” in this lesson context?,漂亮,beautiful,piàoliang,Adj,"[""方便"", ""好"", ""忙"", ""漂亮""]",機場附近的風景也很漂亮，天氣好的時候，可以看到很遠的地方。,verified_v3_book_locked,ok,,3
modern-chinese-l7-reading,第7課 短文：從我家坐捷運很方便,True,7,hard,8,1,漂亮,listening,🔊 Listen and choose the word you hear.,漂亮,beautiful,piàoliang,Adj,"[""漂亮"", ""忙"", ""方便"", ""好""]",,verified_v3_book_locked,ok,,3
modern-chinese-l7-reading,第7課 短文：從我家坐捷運很方便,True,7,hard,8,1,漂亮,pinyin,Which pinyin exactly matches the lexical tones of 「漂亮」?,piàoliang,beautiful,piàoliang,Adj,"[""piǎoliang"", ""piāoliang"", ""piáoliang"", ""piàoliang""]",機場附近的風景也很漂亮，天氣好的時候，可以看到很遠的地方。,verified_v3_book_locked,ok,,3
modern-chinese-l7-reading,第7課 短文：從我家坐捷運很方便,True,7,hard,8,1,漂亮,cloze,Choose the most contextually appropriate word for the blank.,漂亮,beautiful,piàoliang,Adj,"[""流行"", ""有趣"", ""新的""]",機場附近的風景也很____，天氣好的時候，可以看到很遠的地方。,verified_v3_book_locked,ok,,3
modern-chinese-l7-reading,第7課 短文：從我家坐捷運很方便,True,7,hard,8,1,漂亮,pos,Classify the grammatical category of 「漂亮」 as used in the sentence.,Adj,beautiful,piàoliang,Adj,"[""V"", ""Pron"", ""Quant""]",機場附近的風景也很漂亮，天氣好的時候，可以看到很遠的地方。,verified_v3_book_locked,ok,,3
modern-chinese-l7-reading,第7課 短文：從我家坐捷運很方便,True,7,hard,8,1,漂亮,synonym,Which expression can best replace 「漂亮」 without changing the intended meaning?,美麗,beautiful,piàoliang,Adj,"[""舒服"", ""忙"", ""方便""]",機場附近的風景也很漂亮，天氣好的時候，可以看到很遠的地方。,verified_v3_book_locked,ok,,3
modern-chinese-l7-reading,第7課 短文：從我家坐捷運很方便,True,7,easy,8,2,附近,translation,附近,nearby / vicinity,nearby / vicinity,fùjìn,Loc,"[""school"", ""map"", ""MRT""]",機場附近的風景也很漂亮。,verified_v3_book_locked,ok,,3
modern-chinese-l7-reading,第7課 短文：從我家坐捷運很方便,True,7,easy,8,2,附近,reverse,nearby / vicinity,附近,nearby / vicinity,fùjìn,Loc,"[""附近"", ""地圖"", ""學校"", ""捷運""]",機場附近的風景也很漂亮。,verified_v3_book_locked,ok,,3
modern-chinese-l7-reading,第7課 短文：從我家坐捷運很方便,True,7,easy,8,2,附近,listening,🔊 Listen and choose the word you hear.,附近,nearby / vicinity,fùjìn,Loc,"[""附近"", ""學校"", ""地圖"", ""捷運""]",,verified_v3_book_locked,ok,,3
modern-chinese-l7-reading,第7課 短文：從我家坐捷運很方便,True,7,easy,8,2,附近,pinyin,Choose the correct pinyin for 「附近」.,fùjìn,nearby / vicinity,fùjìn,Loc,"[""fùjǐn"", ""fùjín"", ""fùjīn"", ""fùjìn""]",機場附近的風景也很漂亮。,verified_v3_book_locked,ok,,3
modern-chinese-l7-reading,第7課 短文：從我家坐捷運很方便,True,7,easy,8,2,附近,cloze,Complete the sentence.,附近,nearby / vicinity,fùjìn,Loc,"[""上面"", ""旁邊"", ""下面""]",機場____的風景也很漂亮。,verified_v3_book_locked,ok,,3
modern-chinese-l7-reading,第7課 短文：從我家坐捷運很方便,True,7,easy,8,2,附近,pos,What is the part of speech of 「附近」?,Loc,nearby / vicinity,fùjìn,Loc,"[""MW"", ""N"", ""Quant""]",機場附近的風景也很漂亮。,verified_v3_book_locked,ok,,3
modern-chinese-l7-reading,第7課 短文：從我家坐捷運很方便,True,7,easy,8,2,附近,synonym,Which word or phrase is closest in meaning to 「附近」?,周邊,nearby / vicinity,fùjìn,Loc,"[""飯店"", ""郵局"", ""朋友""]",機場附近的風景也很漂亮。,verified_v3_book_locked,ok,,3
modern-chinese-l7-reading,第7課 短文：從我家坐捷運很方便,True,7,medium,8,2,附近,translation,Choose the best English meaning of 「附近」.,nearby / vicinity,nearby / vicinity,fùjìn,Loc,"[""beside"", ""on top"", ""underneath""]",機場附近的風景也很漂亮，有空可以去走走。,verified_v3_book_locked,ok,,3
modern-chinese-l7-reading,第7課 短文：從我家坐捷運很方便,True,7,medium,8,2,附近,reverse,Choose the Chinese word for “nearby / vicinity”.,附近,nearby / vicinity,fùjìn,Loc,"[""上面"", ""下面"", ""旁邊"", ""附近""]",機場附近的風景也很漂亮，有空可以去走走。,verified_v3_book_locked,ok,,3
modern-chinese-l7-reading,第7課 短文：從我家坐捷運很方便,True,7,medium,8,2,附近,listening,🔊 Listen and choose the word you hear.,附近,nearby / vicinity,fùjìn,Loc,"[""上面"", ""下面"", ""旁邊"", ""附近""]",,verified_v3_book_locked,ok,,3
modern-chinese-l7-reading,第7課 短文：從我家坐捷運很方便,True,7,medium,8,2,附近,pinyin,Choose the correct pinyin and tone pattern for 「附近」.,fùjìn,nearby / vicinity,fùjìn,Loc,"[""fùjìn"", ""fùjín"", ""fùjǐn"", ""fùjīn""]",機場附近的風景也很漂亮，有空可以去走走。,verified_v3_book_locked,ok,,3
modern-chinese-l7-reading,第7課 短文：從我家坐捷運很方便,True,7,medium,8,2,附近,cloze,Choose the word that best completes the sentence.,附近,nearby / vicinity,fùjìn,Loc,"[""上面"", ""旁邊"", ""下面""]",機場____的風景也很漂亮，有空可以去走走。,verified_v3_book_locked,ok,,3
modern-chinese-l7-reading,第7課 短文：從我家坐捷運很方便,True,7,medium,8,2,附近,pos,"In this sentence, what part of speech is 「附近」?",Loc,nearby / vicinity,fùjìn,Loc,"[""MW"", ""V"", ""Pron""]",機場附近的風景也很漂亮，有空可以去走走。,verified_v3_book_locked,ok,,3
modern-chinese-l7-reading,第7課 短文：從我家坐捷運很方便,True,7,medium,8,2,附近,synonym,"In this lesson context, which expression is closest in meaning to 「附近」?",周邊,nearby / vicinity,fùjìn,Loc,"[""上面"", ""旁邊"", ""下面""]",機場附近的風景也很漂亮，有空可以去走走。,verified_v3_book_locked,ok,,3
modern-chinese-l7-reading,第7課 短文：從我家坐捷運很方便,True,7,hard,8,2,附近,translation,"In 「機場附近的風景也很漂亮，天氣好的時候，可以看到很遠的地方。」, what does 「附近」 mean?",nearby / vicinity,nearby / vicinity,fùjìn,Loc,"[""outside"", ""right side"", ""underneath""]",機場附近的風景也很漂亮，天氣好的時候，可以看到很遠的地方。,verified_v3_book_locked,ok,,3
modern-chinese-l7-reading,第7課 短文：從我家坐捷運很方便,True,7,hard,8,2,附近,reverse,Which Chinese word best matches “nearby / vicinity” in this lesson context?,附近,nearby / vicinity,fùjìn,Loc,"[""附近"", ""外面"", ""右邊"", ""下面""]",機場附近的風景也很漂亮，天氣好的時候，可以看到很遠的地方。,verified_v3_book_locked,ok,,3
modern-chinese-l7-reading,第7課 短文：從我家坐捷運很方便,True,7,hard,8,2,附近,listening,🔊 Listen and choose the word you hear.,附近,nearby / vicinity,fùjìn,Loc,"[""下面"", ""外面"", ""右邊"", ""附近""]",,verified_v3_book_locked,ok,,3
modern-chinese-l7-reading,第7課 短文：從我家坐捷運很方便,True,7,hard,8,2,附近,pinyin,Which pinyin exactly matches the lexical tones of 「附近」?,fùjìn,nearby / vicinity,fùjìn,Loc,"[""fùjǐn"", ""fùjìn"", ""fùjīn"", ""fùjín""]",機場附近的風景也很漂亮，天氣好的時候，可以看到很遠的地方。,verified_v3_book_locked,ok,,3
modern-chinese-l7-reading,第7課 短文：從我家坐捷運很方便,True,7,hard,8,2,附近,cloze,Choose the most contextually appropriate word for the blank.,附近,nearby / vicinity,fùjìn,Loc,"[""上面"", ""下面"", ""旁邊""]",機場____的風景也很漂亮，天氣好的時候，可以看到很遠的地方。,verified_v3_book_locked,ok,,3
modern-chinese-l7-reading,第7課 短文：從我家坐捷運很方便,True,7,hard,8,2,附近,pos,Classify the grammatical category of 「附近」 as used in the sentence.,Loc,nearby / vicinity,fùjìn,Loc,"[""Adv"", ""N"", ""Quant""]",機場附近的風景也很漂亮，天氣好的時候，可以看到很遠的地方。,verified_v3_book_locked,ok,,3
modern-chinese-l7-reading,第7課 短文：從我家坐捷運很方便,True,7,hard,8,2,附近,synonym,Which expression can best replace 「附近」 without changing the intended meaning?,周邊,nearby / vicinity,fùjìn,Loc,"[""裡面"", ""旁邊"", ""下面""]",機場附近的風景也很漂亮，天氣好的時候，可以看到很遠的地方。,verified_v3_book_locked,ok,,3
modern-chinese-l7-reading,第7課 短文：從我家坐捷運很方便,True,7,easy,8,3,機場,translation,機場,airport,airport,jīchǎng,N,"[""bus"", ""MRT"", ""hotel""]",機場附近的風景也很漂亮。,verified_v3_book_locked,ok,,3
modern-chinese-l7-reading,第7課 短文：從我家坐捷運很方便,True,7,easy,8,3,機場,reverse,airport,機場,airport,jīchǎng,N,"[""公車"", ""機場"", ""捷運"", ""飯店""]",機場附近的風景也很漂亮。,verified_v3_book_locked,ok,,3
modern-chinese-l7-reading,第7課 短文：從我家坐捷運很方便,True,7,easy,8,3,機場,listening,🔊 Listen and choose the word you hear.,機場,airport,jīchǎng,N,"[""捷運"", ""機場"", ""公車"", ""飯店""]",,verified_v3_book_locked,ok,,3
modern-chinese-l7-reading,第7課 短文：從我家坐捷運很方便,True,7,easy,8,3,機場,pinyin,Choose the correct pinyin for 「機場」.,jīchǎng,airport,jīchǎng,N,"[""jīchàng"", ""jīchāng"", ""jīcháng"", ""jīchǎng""]",機場附近的風景也很漂亮。,verified_v3_book_locked,ok,,3
modern-chinese-l7-reading,第7課 短文：從我家坐捷運很方便,True,7,easy,8,3,機場,cloze,Complete the sentence.,機場,airport,jīchǎng,N,"[""運動"", ""郵局"", ""超級市場""]",____附近的風景也很漂亮。,verified_v3_book_locked,ok,,3
modern-chinese-l7-reading,第7課 短文：從我家坐捷運很方便,True,7,easy,8,3,機場,pos,What is the part of speech of 「機場」?,N,airport,jīchǎng,N,"[""MW"", ""Adv"", ""Loc""]",機場附近的風景也很漂亮。,verified_v3_book_locked,ok,,3
modern-chinese-l7-reading,第7課 短文：從我家坐捷運很方便,True,7,easy,8,3,機場,synonym,Which word or phrase is closest in meaning to 「機場」?,飛機場,airport,jīchǎng,N,"[""捷運"", ""飯店"", ""學校""]",機場附近的風景也很漂亮。,verified_v3_book_locked,ok,,3
modern-chinese-l7-reading,第7課 短文：從我家坐捷運很方便,True,7,medium,8,3,機場,translation,Choose the best English meaning of 「機場」.,airport,airport,jīchǎng,N,"[""hotel"", ""school"", ""MRT""]",機場附近的風景也很漂亮，有空可以去走走。,verified_v3_book_locked,ok,,3
modern-chinese-l7-reading,第7課 短文：從我家坐捷運很方便,True,7,medium,8,3,機場,reverse,Choose the Chinese word for “airport”.,機場,airport,jīchǎng,N,"[""捷運"", ""學校"", ""機場"", ""飯店""]",機場附近的風景也很漂亮，有空可以去走走。,verified_v3_book_locked,ok,,3
modern-chinese-l7-reading,第7課 短文：從我家坐捷運很方便,True,7,medium,8,3,機場,listening,🔊 Listen and choose the word you hear.,機場,airport,jīchǎng,N,"[""機場"", ""捷運"", ""學校"", ""飯店""]",,verified_v3_book_locked,ok,,3
modern-chinese-l7-reading,第7課 短文：從我家坐捷運很方便,True,7,medium,8,3,機場,pinyin,Choose the correct pinyin and tone pattern for 「機場」.,jīchǎng,airport,jīchǎng,N,"[""jīchǎng"", ""jīchàng"", ""jīcháng"", ""jīchāng""]",機場附近的風景也很漂亮，有空可以去走走。,verified_v3_book_locked,ok,,3
modern-chinese-l7-reading,第7課 短文：從我家坐捷運很方便,True,7,medium,8,3,機場,cloze,Choose the word that best completes the sentence.,機場,airport,jīchǎng,N,"[""捷運"", ""郵局"", ""朋友""]",____附近的風景也很漂亮，有空可以去走走。,verified_v3_book_locked,ok,,3
modern-chinese-l7-reading,第7課 短文：從我家坐捷運很方便,True,7,medium,8,3,機場,pos,"In this sentence, what part of speech is 「機場」?",N,airport,jīchǎng,N,"[""V"", ""Pron"", ""Loc""]",機場附近的風景也很漂亮，有空可以去走走。,verified_v3_book_locked,ok,,3
modern-chinese-l7-reading,第7課 短文：從我家坐捷運很方便,True,7,medium,8,3,機場,synonym,"In this lesson context, which expression is closest in meaning to 「機場」?",飛機場,airport,jīchǎng,N,"[""朋友"", ""超級市場"", ""捷運""]",機場附近的風景也很漂亮，有空可以去走走。,verified_v3_book_locked,ok,,3
modern-chinese-l7-reading,第7課 短文：從我家坐捷運很方便,True,7,hard,8,3,機場,translation,"In 「機場附近的風景也很漂亮，天氣好的時候，可以看到很遠的地方。」, what does 「機場」 mean?",airport,airport,jīchǎng,N,"[""kitchen"", ""living room"", ""classroom""]",機場附近的風景也很漂亮，天氣好的時候，可以看到很遠的地方。,verified_v3_book_locked,ok,,3
modern-chinese-l7-reading,第7課 短文：從我家坐捷運很方便,True,7,hard,8,3,機場,reverse,Which Chinese word best matches “airport” in this lesson context?,機場,airport,jīchǎng,N,"[""教室"", ""廚房"", ""機場"", ""客廳""]",機場附近的風景也很漂亮，天氣好的時候，可以看到很遠的地方。,verified_v3_book_locked,ok,,3
modern-chinese-l7-reading,第7課 短文：從我家坐捷運很方便,True,7,hard,8,3,機場,listening,🔊 Listen and choose the word you hear.,機場,airport,jīchǎng,N,"[""客廳"", ""機場"", ""廚房"", ""教室""]",,verified_v3_book_locked,ok,,3
modern-chinese-l7-reading,第7課 短文：從我家坐捷運很方便,True,7,hard,8,3,機場,pinyin,Which pinyin exactly matches the lexical tones of 「機場」?,jīchǎng,airport,jīchǎng,N,"[""jīcháng"", ""jīchǎng"", ""jīchāng"", ""jīchàng""]",機場附近的風景也很漂亮，天氣好的時候，可以看到很遠的地方。,verified_v3_book_locked,ok,,3
modern-chinese-l7-reading,第7課 短文：從我家坐捷運很方便,True,7,hard,8,3,機場,cloze,Choose the most contextually appropriate word for the blank.,機場,airport,jīchǎng,N,"[""地圖"", ""運動"", ""家""]",____附近的風景也很漂亮，天氣好的時候，可以看到很遠的地方。,verified_v3_book_locked,ok,,3
modern-chinese-l7-reading,第7課 短文：從我家坐捷運很方便,True,7,hard,8,3,機場,pos,Classify the grammatical category of 「機場」 as used in the sentence.,N,airport,jīchǎng,N,"[""MW"", ""Adj"", ""V""]",機場附近的風景也很漂亮，天氣好的時候，可以看到很遠的地方。,verified_v3_book_locked,ok,,3
modern-chinese-l7-reading,第7課 短文：從我家坐捷運很方便,True,7,hard,8,3,機場,synonym,Which expression can best replace 「機場」 without changing the intended meaning?,飛機場,airport,jīchǎng,N,"[""宿舍"", ""客廳"", ""咖啡廳""]",機場附近的風景也很漂亮，天氣好的時候，可以看到很遠的地方。,verified_v3_book_locked,ok,,3
modern-chinese-l7-reading,第7課 短文：從我家坐捷運很方便,True,7,easy,9,0,風景,translation,風景,scenery,scenery,fēngjǐng,N,"[""hotel"", ""friend"", ""to walk""]",我常常去看風景、看飛機。,verified_v3_book_locked,ok,,3
modern-chinese-l7-reading,第7課 短文：從我家坐捷運很方便,True,7,easy,9,0,風景,reverse,scenery,風景,scenery,fēngjǐng,N,"[""飯店"", ""風景"", ""走路"", ""朋友""]",我常常去看風景、看飛機。,verified_v3_book_locked,ok,,3
modern-chinese-l7-reading,第7課 短文：從我家坐捷運很方便,True,7,easy,9,0,風景,listening,🔊 Listen and choose the word you hear.,風景,scenery,fēngjǐng,N,"[""飯店"", ""風景"", ""朋友"", ""走路""]",,verified_v3_book_locked,ok,,3
modern-chinese-l7-reading,第7課 短文：從我家坐捷運很方便,True,7,easy,9,0,風景,pinyin,Choose the correct pinyin for 「風景」.,fēngjǐng,scenery,fēngjǐng,N,"[""fēngjìng"", ""fēngjǐng"", ""fēngjíng"", ""fēngjīng""]",我常常去看風景、看飛機。,verified_v3_book_locked,ok,,3
modern-chinese-l7-reading,第7課 短文：從我家坐捷運很方便,True,7,easy,9,0,風景,cloze,Complete the sentence.,風景,scenery,fēngjǐng,N,"[""捷運"", ""郵局"", ""電影""]",我常常去看____、看飛機。,verified_v3_book_locked,ok,,3
modern-chinese-l7-reading,第7課 短文：從我家坐捷運很方便,True,7,easy,9,0,風景,pos,What is the part of speech of 「風景」?,N,scenery,fēngjǐng,N,"[""Adj"", ""Adv"", ""V""]",我常常去看風景、看飛機。,verified_v3_book_locked,ok,,3
modern-chinese-l7-reading,第7課 短文：從我家坐捷運很方便,True,7,easy,9,0,風景,synonym,Which word or phrase is closest in meaning to 「風景」?,景色,scenery,fēngjǐng,N,"[""附近"", ""公車"", ""地圖""]",我常常去看風景、看飛機。,verified_v3_book_locked,ok,,3
modern-chinese-l7-reading,第7課 短文：從我家坐捷運很方便,True,7,medium,9,0,風景,translation,Choose the best English meaning of 「風景」.,scenery,scenery,fēngjǐng,N,"[""MRT"", ""map"", ""friend""]",我常常去看風景、看飛機，覺得很有意思。,verified_v3_book_locked,ok,,3
modern-chinese-l7-reading,第7課 短文：從我家坐捷運很方便,True,7,medium,9,0,風景,reverse,Choose the Chinese word for “scenery”.,風景,scenery,fēngjǐng,N,"[""風景"", ""捷運"", ""地圖"", ""朋友""]",我常常去看風景、看飛機，覺得很有意思。,verified_v3_book_locked,ok,,3
modern-chinese-l7-reading,第7課 短文：從我家坐捷運很方便,True,7,medium,9,0,風景,listening,🔊 Listen and choose the word you hear.,風景,scenery,fēngjǐng,N,"[""朋友"", ""地圖"", ""捷運"", ""風景""]",,verified_v3_book_locked,ok,,3
modern-chinese-l7-reading,第7課 短文：從我家坐捷運很方便,True,7,medium,9,0,風景,pinyin,Choose the correct pinyin and tone pattern for 「風景」.,fēngjǐng,scenery,fēngjǐng,N,"[""fēngjíng"", ""fēngjīng"", ""fēngjǐng"", ""fēngjìng""]",我常常去看風景、看飛機，覺得很有意思。,verified_v3_book_locked,ok,,3
modern-chinese-l7-reading,第7課 短文：從我家坐捷運很方便,True,7,medium,9,0,風景,cloze,Choose the word that best completes the sentence.,風景,scenery,fēngjǐng,N,"[""公車"", ""電影"", ""郵局""]",我常常去看____、看飛機，覺得很有意思。,verified_v3_book_locked,ok,,3
modern-chinese-l7-reading,第7課 短文：從我家坐捷運很方便,True,7,medium,9,0,風景,pos,"In this sentence, what part of speech is 「風景」?",N,scenery,fēngjǐng,N,"[""Quant"", ""Adj"", ""Pron""]",我常常去看風景、看飛機，覺得很有意思。,verified_v3_book_locked,ok,,3
modern-chinese-l7-reading,第7課 短文：從我家坐捷運很方便,True,7,medium,9,0,風景,synonym,"In this lesson context, which expression is closest in meaning to 「風景」?",景色,scenery,fēngjǐng,N,"[""郵局"", ""朋友"", ""公車""]",我常常去看風景、看飛機，覺得很有意思。,verified_v3_book_locked,ok,,3
modern-chinese-l7-reading,第7課 短文：從我家坐捷運很方便,True,7,hard,9,0,風景,translation,"In 「所以我常常去看風景、看飛機，有時候還會拍照，這也是我喜歡住在這裡的原因。」, what does 「風景」 mean?",scenery,scenery,fēngjǐng,N,"[""climate"", ""temperature"", ""weather""]",所以我常常去看風景、看飛機，有時候還會拍照，這也是我喜歡住在這裡的原因。,verified_v3_book_locked,ok,,3
modern-chinese-l7-reading,第7課 短文：從我家坐捷運很方便,True,7,hard,9,0,風景,reverse,Which Chinese word best matches “scenery” in this lesson context?,風景,scenery,fēngjǐng,N,"[""溫度"", ""氣候"", ""風景"", ""天氣""]",所以我常常去看風景、看飛機，有時候還會拍照，這也是我喜歡住在這裡的原因。,verified_v3_book_locked,ok,,3
modern-chinese-l7-reading,第7課 短文：從我家坐捷運很方便,True,7,hard,9,0,風景,listening,🔊 Listen and choose the word you hear.,風景,scenery,fēngjǐng,N,"[""風景"", ""天氣"", ""溫度"", ""氣候""]",,verified_v3_book_locked,ok,,3
modern-chinese-l7-reading,第7課 短文：從我家坐捷運很方便,True,7,hard,9,0,風景,pinyin,Which pinyin exactly matches the lexical tones of 「風景」?,fēngjǐng,scenery,fēngjǐng,N,"[""fēngjǐng"", ""fēngjìng"", ""fēngjíng"", ""fēngjīng""]",所以我常常去看風景、看飛機，有時候還會拍照，這也是我喜歡住在這裡的原因。,verified_v3_book_locked,ok,,3
modern-chinese-l7-reading,第7課 短文：從我家坐捷運很方便,True,7,hard,9,0,風景,cloze,Choose the most contextually appropriate word for the blank.,風景,scenery,fēngjǐng,N,"[""公車"", ""朋友"", ""學校""]",所以我常常去看____、看飛機，有時候還會拍照，這也是我喜歡住在這裡的原因。,verified_v3_book_locked,ok,,3
modern-chinese-l7-reading,第7課 短文：從我家坐捷運很方便,True,7,hard,9,0,風景,pos,Classify the grammatical category of 「風景」 as used in the sentence.,N,scenery,fēngjǐng,N,"[""Loc"", ""Quant"", ""V""]",所以我常常去看風景、看飛機，有時候還會拍照，這也是我喜歡住在這裡的原因。,verified_v3_book_locked,ok,,3
modern-chinese-l7-reading,第7課 短文：從我家坐捷運很方便,True,7,hard,9,0,風景,synonym,Which expression can best replace 「風景」 without changing the intended meaning?,景色,scenery,fēngjǐng,N,"[""天氣"", ""季節"", ""空氣""]",所以我常常去看風景、看飛機，有時候還會拍照，這也是我喜歡住在這裡的原因。,verified_v3_book_locked,ok,,3
modern-chinese-l8-dialogue-1,第8課 對話一：我想買新衣服,True,8,easy,0,0,裙子,translation,裙子,skirt,skirt,qúnzi,N,"[""clothes"", ""weekend"", ""pants""]",宜文：元真，妳的這條裙子真好看，我很喜歡。,verified_v3_book_locked,ok,,1
modern-chinese-l8-dialogue-1,第8課 對話一：我想買新衣服,True,8,easy,0,0,裙子,reverse,skirt,裙子,skirt,qúnzi,N,"[""週末"", ""褲子"", ""裙子"", ""衣服""]",宜文：元真，妳的這條裙子真好看，我很喜歡。,verified_v3_book_locked,ok,,1
modern-chinese-l8-dialogue-1,第8課 對話一：我想買新衣服,True,8,easy,0,0,裙子,listening,🔊 Listen and choose the word you hear.,裙子,skirt,qúnzi,N,"[""週末"", ""裙子"", ""褲子"", ""衣服""]",,verified_v3_book_locked,ok,,1
modern-chinese-l8-dialogue-1,第8課 對話一：我想買新衣服,True,8,easy,0,0,裙子,pinyin,Choose the correct pinyin for 「裙子」.,qúnzi,skirt,qúnzi,N,"[""qùnzi"", ""qūnzi"", ""qǔnzi"", ""qúnzi""]",宜文：元真，妳的這條裙子真好看，我很喜歡。,verified_v3_book_locked,ok,,1
modern-chinese-l8-dialogue-1,第8課 對話一：我想買新衣服,True,8,easy,0,0,裙子,cloze,Complete the sentence.,裙子,skirt,qúnzi,N,"[""電梯"", ""錢"", ""友美""]",宜文：元真，妳的這條____真好看，我很喜歡。,verified_v3_book_locked,ok,,1
modern-chinese-l8-dialogue-1,第8課 對話一：我想買新衣服,True,8,easy,0,0,裙子,pos,What is the part of speech of 「裙子」?,N,skirt,qúnzi,N,"[""MW"", ""Loc"", ""V""]",宜文：元真，妳的這條裙子真好看，我很喜歡。,verified_v3_book_locked,ok,,1
modern-chinese-l8-dialogue-1,第8課 對話一：我想買新衣服,True,8,medium,0,0,裙子,translation,Choose the best English meaning of 「裙子」.,skirt,skirt,qúnzi,N,"[""weekend"", ""thing / item"", ""elevator""]",宜文：元真，妳的這條裙子真好看，顏色也很適合妳，我很喜歡。,verified_v3_book_locked,ok,,1
modern-chinese-l8-dialogue-1,第8課 對話一：我想買新衣服,True,8,medium,0,0,裙子,reverse,Choose the Chinese word for “skirt”.,裙子,skirt,qúnzi,N,"[""裙子"", ""東西"", ""電梯"", ""週末""]",宜文：元真，妳的這條裙子真好看，顏色也很適合妳，我很喜歡。,verified_v3_book_locked,ok,,1
modern-chinese-l8-dialogue-1,第8課 對話一：我想買新衣服,True,8,medium,0,0,裙子,listening,🔊 Listen and choose the word you hear.,裙子,skirt,qúnzi,N,"[""週末"", ""電梯"", ""東西"", ""裙子""]",,verified_v3_book_locked,ok,,1
modern-chinese-l8-dialogue-1,第8課 對話一：我想買新衣服,True,8,medium,0,0,裙子,pinyin,Choose the correct pinyin and tone pattern for 「裙子」.,qúnzi,skirt,qúnzi,N,"[""qúnzi"", ""qǔnzi"", ""qùnzi"", ""qūnzi""]",宜文：元真，妳的這條裙子真好看，顏色也很適合妳，我很喜歡。,verified_v3_book_locked,ok,,1
modern-chinese-l8-dialogue-1,第8課 對話一：我想買新衣服,True,8,medium,0,0,裙子,cloze,Choose the word that best completes the sentence.,裙子,skirt,qúnzi,N,"[""百貨公司"", ""褲子"", ""友美""]",宜文：元真，妳的這條____真好看，顏色也很適合妳，我很喜歡。,verified_v3_book_locked,ok,,1
modern-chinese-l8-dialogue-1,第8課 對話一：我想買新衣服,True,8,medium,0,0,裙子,pos,"In this sentence, what part of speech is 「裙子」?",N,skirt,qúnzi,N,"[""Adj"", ""Adv"", ""V""]",宜文：元真，妳的這條裙子真好看，顏色也很適合妳，我很喜歡。,verified_v3_book_locked,ok,,1
modern-chinese-l8-dialogue-1,第8課 對話一：我想買新衣服,True,8,hard,0,0,裙子,translation,"In 「宜文：元真，妳的這條裙子真好看，不但顏色很適合妳，樣子也很特別，我很喜歡。」, what does 「裙子」 mean?",skirt,skirt,qúnzi,N,"[""coat"", ""wallet"", ""handbag""]",宜文：元真，妳的這條裙子真好看，不但顏色很適合妳，樣子也很特別，我很喜歡。,verified_v3_book_locked,ok,,1
modern-chinese-l8-dialogue-1,第8課 對話一：我想買新衣服,True,8,hard,0,0,裙子,reverse,Which Chinese word best matches “skirt” in this lesson context?,裙子,skirt,qúnzi,N,"[""皮包"", ""錢包"", ""裙子"", ""外套""]",宜文：元真，妳的這條裙子真好看，不但顏色很適合妳，樣子也很特別，我很喜歡。,verified_v3_book_locked,ok,,1
modern-chinese-l8-dialogue-1,第8課 對話一：我想買新衣服,True,8,hard,0,0,裙子,listening,🔊 Listen and choose the word you hear.,裙子,skirt,qúnzi,N,"[""外套"", ""裙子"", ""皮包"", ""錢包""]",,verified_v3_book_locked,ok,,1
modern-chinese-l8-dialogue-1,第8課 對話一：我想買新衣服,True,8,hard,0,0,裙子,pinyin,Which pinyin exactly matches the lexical tones of 「裙子」?,qúnzi,skirt,qúnzi,N,"[""qúnzi"", ""qǔnzi"", ""qūnzi"", ""qùnzi""]",宜文：元真，妳的這條裙子真好看，不但顏色很適合妳，樣子也很特別，我很喜歡。,verified_v3_book_locked,ok,,1
modern-chinese-l8-dialogue-1,第8課 對話一：我想買新衣服,True,8,hard,0,0,裙子,cloze,Choose the most contextually appropriate word for the blank.,裙子,skirt,qúnzi,N,"[""百貨公司"", ""星期六"", ""下午茶""]",宜文：元真，妳的這條____真好看，不但顏色很適合妳，樣子也很特別，我很喜歡。,verified_v3_book_locked,ok,,1
modern-chinese-l8-dialogue-1,第8課 對話一：我想買新衣服,True,8,hard,0,0,裙子,pos,Classify the grammatical category of 「裙子」 as used in the sentence.,N,skirt,qúnzi,N,"[""Adv"", ""MW"", ""Prep""]",宜文：元真，妳的這條裙子真好看，不但顏色很適合妳，樣子也很特別，我很喜歡。,verified_v3_book_locked,ok,,1
modern-chinese-l8-dialogue-1,第8課 對話一：我想買新衣服,True,8,easy,1,0,生日,translation,生日,birthday,birthday,shēngrì,N,"[""skirt"", ""department store"", ""pants""]",元真：謝謝，這是我去年的生日禮物。,verified_v3_book_locked,ok,,1
modern-chinese-l8-dialogue-1,第8課 對話一：我想買新衣服,True,8,easy,1,0,生日,reverse,birthday,生日,birthday,shēngrì,N,"[""褲子"", ""裙子"", ""生日"", ""百貨公司""]",元真：謝謝，這是我去年的生日禮物。,verified_v3_book_locked,ok,,1
modern-chinese-l8-dialogue-1,第8課 對話一：我想買新衣服,True,8,easy,1,0,生日,listening,🔊 Listen and choose the word you hear.,生日,birthday,shēngrì,N,"[""裙子"", ""生日"", ""褲子"", ""百貨公司""]",,verified_v3_book_locked,ok,,1
modern-chinese-l8-dialogue-1,第8課 對話一：我想買新衣服,True,8,easy,1,0,生日,pinyin,Choose the correct pinyin for 「生日」.,shēngrì,birthday,shēngrì,N,"[""shēngrǐ"", ""shēngrī"", ""shēngrì"", ""shēngrí""]",元真：謝謝，這是我去年的生日禮物。,verified_v3_book_locked,ok,,1
modern-chinese-l8-dialogue-1,第8課 對話一：我想買新衣服,True,8,easy,1,0,生日,cloze,Complete the sentence.,生日,birthday,shēngrì,N,"[""錢"", ""褲子"", ""鞋子""]",元真：謝謝，這是我去年的____禮物。,verified_v3_book_locked,ok,,1
modern-chinese-l8-dialogue-1,第8課 對話一：我想買新衣服,True,8,easy,1,0,生日,pos,What is the part of speech of 「生日」?,N,birthday,shēngrì,N,"[""V"", ""MW"", ""Loc""]",元真：謝謝，這是我去年的生日禮物。,verified_v3_book_locked,ok,,1
modern-chinese-l8-dialogue-1,第8課 對話一：我想買新衣服,True,8,medium,1,0,生日,translation,Choose the best English meaning of 「生日」.,birthday,birthday,shēngrì,N,"[""department store"", ""shoes"", ""pants""]",元真：謝謝，這是我去年的生日禮物，是家人送我的。,verified_v3_book_locked,ok,,1
modern-chinese-l8-dialogue-1,第8課 對話一：我想買新衣服,True,8,medium,1,0,生日,reverse,Choose the Chinese word for “birthday”.,生日,birthday,shēngrì,N,"[""生日"", ""褲子"", ""鞋子"", ""百貨公司""]",元真：謝謝，這是我去年的生日禮物，是家人送我的。,verified_v3_book_locked,ok,,1
modern-chinese-l8-dialogue-1,第8課 對話一：我想買新衣服,True,8,medium,1,0,生日,listening,🔊 Listen and choose the word you hear.,生日,birthday,shēngrì,N,"[""百貨公司"", ""鞋子"", ""生日"", ""褲子""]",,verified_v3_book_locked,ok,,1
modern-chinese-l8-dialogue-1,第8課 對話一：我想買新衣服,True,8,medium,1,0,生日,pinyin,Choose the correct pinyin and tone pattern for 「生日」.,shēngrì,birthday,shēngrì,N,"[""shēngrí"", ""shēngrǐ"", ""shēngrī"", ""shēngrì""]",元真：謝謝，這是我去年的生日禮物，是家人送我的。,verified_v3_book_locked,ok,,1
modern-chinese-l8-dialogue-1,第8課 對話一：我想買新衣服,True,8,medium,1,0,生日,cloze,Choose the word that best completes the sentence.,生日,birthday,shēngrì,N,"[""百貨公司"", ""裙子"", ""友美""]",元真：謝謝，這是我去年的____禮物，是家人送我的。,verified_v3_book_locked,ok,,1
modern-chinese-l8-dialogue-1,第8課 對話一：我想買新衣服,True,8,medium,1,0,生日,pos,"In this sentence, what part of speech is 「生日」?",N,birthday,shēngrì,N,"[""Pron"", ""MW"", ""Adj""]",元真：謝謝，這是我去年的生日禮物，是家人送我的。,verified_v3_book_locked,ok,,1
modern-chinese-l8-dialogue-1,第8課 對話一：我想買新衣服,True,8,hard,1,0,生日,translation,"In 「元真：謝謝，這是我去年的生日禮物，家人特別幫我選的，所以我一直很喜歡。」, what does 「生日」 mean?",birthday,birthday,shēngrì,N,"[""weekend"", ""afternoon"", ""Saturday""]",元真：謝謝，這是我去年的生日禮物，家人特別幫我選的，所以我一直很喜歡。,verified_v3_book_locked,ok,,1
modern-chinese-l8-dialogue-1,第8課 對話一：我想買新衣服,True,8,hard,1,0,生日,reverse,Which Chinese word best matches “birthday” in this lesson context?,生日,birthday,shēngrì,N,"[""生日"", ""週末"", ""星期六"", ""下午""]",元真：謝謝，這是我去年的生日禮物，家人特別幫我選的，所以我一直很喜歡。,verified_v3_book_locked,ok,,1
modern-chinese-l8-dialogue-1,第8課 對話一：我想買新衣服,True,8,hard,1,0,生日,listening,🔊 Listen and choose the word you hear.,生日,birthday,shēngrì,N,"[""生日"", ""週末"", ""星期六"", ""下午""]",,verified_v3_book_locked,ok,,1
modern-chinese-l8-dialogue-1,第8課 對話一：我想買新衣服,True,8,hard,1,0,生日,pinyin,Which pinyin exactly matches the lexical tones of 「生日」?,shēngrì,birthday,shēngrì,N,"[""shēngrī"", ""shēngrì"", ""shēngrí"", ""shēngrǐ""]",元真：謝謝，這是我去年的生日禮物，家人特別幫我選的，所以我一直很喜歡。,verified_v3_book_locked,ok,,1
modern-chinese-l8-dialogue-1,第8課 對話一：我想買新衣服,True,8,hard,1,0,生日,cloze,Choose the most contextually appropriate word for the blank.,生日,birthday,shēngrì,N,"[""裙子"", ""褲子"", ""鞋子""]",元真：謝謝，這是我去年的____禮物，家人特別幫我選的，所以我一直很喜歡。,verified_v3_book_locked,ok,,1
modern-chinese-l8-dialogue-1,第8課 對話一：我想買新衣服,True,8,hard,1,0,生日,pos,Classify the grammatical category of 「生日」 as used in the sentence.,N,birthday,shēngrì,N,"[""Prep"", ""Quant"", ""Loc""]",元真：謝謝，這是我去年的生日禮物，家人特別幫我選的，所以我一直很喜歡。,verified_v3_book_locked,ok,,1
modern-chinese-l8-dialogue-1,第8課 對話一：我想買新衣服,True,8,easy,2,0,東西,translation,東西,thing / item,thing / item,dōngxi,N,"[""clothes"", ""birthday"", ""pants""]",宜文：聽說這個牌子的東西很貴，可是很多人喜歡。,verified_v3_book_locked,ok,,1
modern-chinese-l8-dialogue-1,第8課 對話一：我想買新衣服,True,8,easy,2,0,東西,reverse,thing / item,東西,thing / item,dōngxi,N,"[""生日"", ""衣服"", ""東西"", ""褲子""]",宜文：聽說這個牌子的東西很貴，可是很多人喜歡。,verified_v3_book_locked,ok,,1
modern-chinese-l8-dialogue-1,第8課 對話一：我想買新衣服,True,8,easy,2,0,東西,listening,🔊 Listen and choose the word you hear.,東西,thing / item,dōngxi,N,"[""褲子"", ""東西"", ""生日"", ""衣服""]",,verified_v3_book_locked,ok,,1
modern-chinese-l8-dialogue-1,第8課 對話一：我想買新衣服,True,8,easy,2,0,東西,pinyin,Choose the correct pinyin for 「東西」.,dōngxi,thing / item,dōngxi,N,"[""dōngxi"", ""dóngxi"", ""dòngxi"", ""dǒngxi""]",宜文：聽說這個牌子的東西很貴，可是很多人喜歡。,verified_v3_book_locked,ok,,1
modern-chinese-l8-dialogue-1,第8課 對話一：我想買新衣服,True,8,easy,2,0,東西,cloze,Complete the sentence.,東西,thing / item,dōngxi,N,"[""裙子"", ""友美"", ""電梯""]",宜文：聽說這個牌子的____很貴，可是很多人喜歡。,verified_v3_book_locked,ok,,1
modern-chinese-l8-dialogue-1,第8課 對話一：我想買新衣服,True,8,easy,2,0,東西,pos,What is the part of speech of 「東西」?,N,thing / item,dōngxi,N,"[""V"", ""Prep"", ""Loc""]",宜文：聽說這個牌子的東西很貴，可是很多人喜歡。,verified_v3_book_locked,ok,,1
modern-chinese-l8-dialogue-1,第8課 對話一：我想買新衣服,True,8,easy,2,0,東西,synonym,Which word or phrase is closest in meaning to 「東西」?,物品,thing / item,dōngxi,N,"[""週末"", ""衣服"", ""百貨公司""]",宜文：聽說這個牌子的東西很貴，可是很多人喜歡。,verified_v3_book_locked,ok,,1
modern-chinese-l8-dialogue-1,第8課 對話一：我想買新衣服,True,8,medium,2,0,東西,translation,Choose the best English meaning of 「東西」.,thing / item,thing / item,dōngxi,N,"[""department store"", ""birthday"", ""shoes""]",宜文：聽說這個牌子的東西很貴，可是設計很好看，所以很多人喜歡。,verified_v3_book_locked,ok,,1
modern-chinese-l8-dialogue-1,第8課 對話一：我想買新衣服,True,8,medium,2,0,東西,reverse,Choose the Chinese word for “thing / item”.,東西,thing / item,dōngxi,N,"[""生日"", ""百貨公司"", ""東西"", ""鞋子""]",宜文：聽說這個牌子的東西很貴，可是設計很好看，所以很多人喜歡。,verified_v3_book_locked,ok,,1
modern-chinese-l8-dialogue-1,第8課 對話一：我想買新衣服,True,8,medium,2,0,東西,listening,🔊 Listen and choose the word you hear.,東西,thing / item,dōngxi,N,"[""生日"", ""鞋子"", ""百貨公司"", ""東西""]",,verified_v3_book_locked,ok,,1
modern-chinese-l8-dialogue-1,第8課 對話一：我想買新衣服,True,8,medium,2,0,東西,pinyin,Choose the correct pinyin and tone pattern for 「東西」.,dōngxi,thing / item,dōngxi,N,"[""dòngxi"", ""dóngxi"", ""dōngxi"", ""dǒngxi""]",宜文：聽說這個牌子的東西很貴，可是設計很好看，所以很多人喜歡。,verified_v3_book_locked,ok,,1
modern-chinese-l8-dialogue-1,第8課 對話一：我想買新衣服,True,8,medium,2,0,東西,cloze,Choose the word that best completes the sentence.,東西,thing / item,dōngxi,N,"[""鞋子"", ""友美"", ""裙子""]",宜文：聽說這個牌子的____很貴，可是設計很好看，所以很多人喜歡。,verified_v3_book_locked,ok,,1
modern-chinese-l8-dialogue-1,第8課 對話一：我想買新衣服,True,8,medium,2,0,東西,pos,"In this sentence, what part of speech is 「東西」?",N,thing / item,dōngxi,N,"[""MW"", ""Adv"", ""Adj""]",宜文：聽說這個牌子的東西很貴，可是設計很好看，所以很多人喜歡。,verified_v3_book_locked,ok,,1
modern-chinese-l8-dialogue-1,第8課 對話一：我想買新衣服,True,8,medium,2,0,東西,synonym,"In this lesson context, which expression is closest in meaning to 「東西」?",物品,thing / item,dōngxi,N,"[""衣服"", ""百貨公司"", ""週末""]",宜文：聽說這個牌子的東西很貴，可是設計很好看，所以很多人喜歡。,verified_v3_book_locked,ok,,1
modern-chinese-l8-dialogue-1,第8課 對話一：我想買新衣服,True,8,hard,2,0,東西,translation,"In 「宜文：我聽說這個牌子的東西很貴，可是品質和設計都不錯，所以還是有很多人喜歡。」, what does 「東西」 mean?",thing / item,thing / item,dōngxi,N,"[""coat"", ""glasses"", ""hat""]",宜文：我聽說這個牌子的東西很貴，可是品質和設計都不錯，所以還是有很多人喜歡。,verified_v3_book_locked,ok,,1
modern-chinese-l8-dialogue-1,第8課 對話一：我想買新衣服,True,8,hard,2,0,東西,reverse,Which Chinese word best matches “thing / item” in this lesson context?,東西,thing / item,dōngxi,N,"[""眼鏡"", ""東西"", ""帽子"", ""外套""]",宜文：我聽說這個牌子的東西很貴，可是品質和設計都不錯，所以還是有很多人喜歡。,verified_v3_book_locked,ok,,1
modern-chinese-l8-dialogue-1,第8課 對話一：我想買新衣服,True,8,hard,2,0,東西,listening,🔊 Listen and choose the word you hear.,東西,thing / item,dōngxi,N,"[""帽子"", ""眼鏡"", ""東西"", ""外套""]",,verified_v3_book_locked,ok,,1
modern-chinese-l8-dialogue-1,第8課 對話一：我想買新衣服,True,8,hard,2,0,東西,pinyin,Which pinyin exactly matches the lexical tones of 「東西」?,dōngxi,thing / item,dōngxi,N,"[""dóngxi"", ""dǒngxi"", ""dòngxi"", ""dōngxi""]",宜文：我聽說這個牌子的東西很貴，可是品質和設計都不錯，所以還是有很多人喜歡。,verified_v3_book_locked,ok,,1
modern-chinese-l8-dialogue-1,第8課 對話一：我想買新衣服,True,8,hard,2,0,東西,cloze,Choose the most contextually appropriate word for the blank.,東西,thing / item,dōngxi,N,"[""下午茶"", ""生日"", ""家""]",宜文：我聽說這個牌子的____很貴，可是品質和設計都不錯，所以還是有很多人喜歡。,verified_v3_book_locked,ok,,1
modern-chinese-l8-dialogue-1,第8課 對話一：我想買新衣服,True,8,hard,2,0,東西,pos,Classify the grammatical category of 「東西」 as used in the sentence.,N,thing / item,dōngxi,N,"[""Quant"", ""Prep"", ""MW""]",宜文：我聽說這個牌子的東西很貴，可是品質和設計都不錯，所以還是有很多人喜歡。,verified_v3_book_locked,ok,,1
modern-chinese-l8-dialogue-1,第8課 對話一：我想買新衣服,True,8,hard,2,0,東西,synonym,Which expression can best replace 「東西」 without changing the intended meaning?,物品,thing / item,dōngxi,N,"[""鞋子"", ""衣服"", ""眼鏡""]",宜文：我聽說這個牌子的東西很貴，可是品質和設計都不錯，所以還是有很多人喜歡。,verified_v3_book_locked,ok,,1
modern-chinese-l8-dialogue-1,第8課 對話一：我想買新衣服,True,8,easy,3,0,衣服,translation,衣服,clothes,clothes,yīfu,N,"[""popular"", ""beautiful"", ""skirt""]",元真：是啊，因為這個牌子很有名，衣服、褲子和裙子也都很好看，所以很多人買。,verified_v3_book_locked,ok,,1
modern-chinese-l8-dialogue-1,第8課 對話一：我想買新衣服,True,8,easy,3,0,衣服,reverse,clothes,衣服,clothes,yīfu,N,"[""衣服"", ""裙子"", ""流行"", ""漂亮""]",元真：是啊，因為這個牌子很有名，衣服、褲子和裙子也都很好看，所以很多人買。,verified_v3_book_locked,ok,,1
modern-chinese-l8-dialogue-1,第8課 對話一：我想買新衣服,True,8,easy,3,0,衣服,listening,🔊 Listen and choose the word you hear.,衣服,clothes,yīfu,N,"[""裙子"", ""流行"", ""漂亮"", ""衣服""]",,verified_v3_book_locked,ok,,1
modern-chinese-l8-dialogue-1,第8課 對話一：我想買新衣服,True,8,easy,3,0,衣服,pinyin,Choose the correct pinyin for 「衣服」.,yīfu,clothes,yīfu,N,"[""yífu"", ""yīfu"", ""yìfu"", ""yǐfu""]",元真：是啊，因為這個牌子很有名，衣服、褲子和裙子也都很好看，所以很多人買。,verified_v3_book_locked,ok,,1
modern-chinese-l8-dialogue-1,第8課 對話一：我想買新衣服,True,8,easy,3,0,衣服,cloze,Complete the sentence.,衣服,clothes,yīfu,N,"[""裙子"", ""週末"", ""友美""]",元真：是啊，因為這個牌子很有名，____、褲子和裙子也都很好看，所以很多人買。,verified_v3_book_locked,ok,,1
modern-chinese-l8-dialogue-1,第8課 對話一：我想買新衣服,True,8,easy,3,0,衣服,pos,What is the part of speech of 「衣服」?,N,clothes,yīfu,N,"[""Loc"", ""Prep"", ""V""]",元真：是啊，因為這個牌子很有名，衣服、褲子和裙子也都很好看，所以很多人買。,verified_v3_book_locked,ok,,1
modern-chinese-l8-dialogue-1,第8課 對話一：我想買新衣服,True,8,easy,3,0,衣服,synonym,Which word or phrase is closest in meaning to 「衣服」?,衣物,clothes,yīfu,N,"[""褲子"", ""週末"", ""流行""]",元真：是啊，因為這個牌子很有名，衣服、褲子和裙子也都很好看，所以很多人買。,verified_v3_book_locked,ok,,1
modern-chinese-l8-dialogue-1,第8課 對話一：我想買新衣服,True,8,medium,3,0,衣服,translation,Choose the best English meaning of 「衣服」.,clothes,clothes,yīfu,N,"[""thing / item"", ""birthday"", ""pants""]",元真：是啊，因為這個牌子很有名，而且衣服、褲子和裙子也都很好看，所以很多人買。,verified_v3_book_locked,ok,,1
modern-chinese-l8-dialogue-1,第8課 對話一：我想買新衣服,True,8,medium,3,0,衣服,reverse,Choose the Chinese word for “clothes”.,衣服,clothes,yīfu,N,"[""東西"", ""衣服"", ""褲子"", ""生日""]",元真：是啊，因為這個牌子很有名，而且衣服、褲子和裙子也都很好看，所以很多人買。,verified_v3_book_locked,ok,,1
modern-chinese-l8-dialogue-1,第8課 對話一：我想買新衣服,True,8,medium,3,0,衣服,listening,🔊 Listen and choose the word you hear.,衣服,clothes,yīfu,N,"[""衣服"", ""生日"", ""褲子"", ""東西""]",,verified_v3_book_locked,ok,,1
modern-chinese-l8-dialogue-1,第8課 對話一：我想買新衣服,True,8,medium,3,0,衣服,pinyin,Choose the correct pinyin and tone pattern for 「衣服」.,yīfu,clothes,yīfu,N,"[""yǐfu"", ""yìfu"", ""yífu"", ""yīfu""]",元真：是啊，因為這個牌子很有名，而且衣服、褲子和裙子也都很好看，所以很多人買。,verified_v3_book_locked,ok,,1
modern-chinese-l8-dialogue-1,第8課 對話一：我想買新衣服,True,8,medium,3,0,衣服,cloze,Choose the word that best completes the sentence.,衣服,clothes,yīfu,N,"[""友美"", ""電梯"", ""褲子""]",元真：是啊，因為這個牌子很有名，而且____、褲子和裙子也都很好看，所以很多人買。,verified_v3_book_locked,ok,,1
modern-chinese-l8-dialogue-1,第8課 對話一：我想買新衣服,True,8,medium,3,0,衣服,pos,"In this sentence, what part of speech is 「衣服」?",N,clothes,yīfu,N,"[""Adv"", ""Adj"", ""Quant""]",元真：是啊，因為這個牌子很有名，而且衣服、褲子和裙子也都很好看，所以很多人買。,verified_v3_book_locked,ok,,1
modern-chinese-l8-dialogue-1,第8課 對話一：我想買新衣服,True,8,medium,3,0,衣服,synonym,"In this lesson context, which expression is closest in meaning to 「衣服」?",衣物,clothes,yīfu,N,"[""百貨公司"", ""褲子"", ""生日""]",元真：是啊，因為這個牌子很有名，而且衣服、褲子和裙子也都很好看，所以很多人買。,verified_v3_book_locked,ok,,1
modern-chinese-l8-dialogue-1,第8課 對話一：我想買新衣服,True,8,hard,3,0,衣服,translation,"In 「元真：是啊，因為這個牌子很有名，而且每一季的衣服、褲子和裙子都很好看，所以就算價格比較高，還是很多人買。」, what does 「衣服」 mean?",clothes,clothes,yīfu,N,"[""shoes"", ""wallet"", ""thing / item""]",元真：是啊，因為這個牌子很有名，而且每一季的衣服、褲子和裙子都很好看，所以就算價格比較高，還是很多人買。,verified_v3_book_locked,ok,,1
modern-chinese-l8-dialogue-1,第8課 對話一：我想買新衣服,True,8,hard,3,0,衣服,reverse,Which Chinese word best matches “clothes” in this lesson context?,衣服,clothes,yīfu,N,"[""錢包"", ""衣服"", ""東西"", ""鞋子""]",元真：是啊，因為這個牌子很有名，而且每一季的衣服、褲子和裙子都很好看，所以就算價格比較高，還是很多人買。,verified_v3_book_locked,ok,,1
modern-chinese-l8-dialogue-1,第8課 對話一：我想買新衣服,True,8,hard,3,0,衣服,listening,🔊 Listen and choose the word you hear.,衣服,clothes,yīfu,N,"[""東西"", ""衣服"", ""鞋子"", ""錢包""]",,verified_v3_book_locked,ok,,1
modern-chinese-l8-dialogue-1,第8課 對話一：我想買新衣服,True,8,hard,3,0,衣服,pinyin,Which pinyin exactly matches the lexical tones of 「衣服」?,yīfu,clothes,yīfu,N,"[""yìfu"", ""yīfu"", ""yǐfu"", ""yífu""]",元真：是啊，因為這個牌子很有名，而且每一季的衣服、褲子和裙子都很好看，所以就算價格比較高，還是很多人買。,verified_v3_book_locked,ok,,1
modern-chinese-l8-dialogue-1,第8課 對話一：我想買新衣服,True,8,hard,3,0,衣服,cloze,Choose the most contextually appropriate word for the blank.,衣服,clothes,yīfu,N,"[""百貨公司"", ""家"", ""下午""]",元真：是啊，因為這個牌子很有名，而且每一季的____、褲子和裙子都很好看，所以就算價格比較高，還是很多人買。,verified_v3_book_locked,ok,,1
modern-chinese-l8-dialogue-1,第8課 對話一：我想買新衣服,True,8,hard,3,0,衣服,pos,Classify the grammatical category of 「衣服」 as used in the sentence.,N,clothes,yīfu,N,"[""Adj"", ""Prep"", ""V""]",元真：是啊，因為這個牌子很有名，而且每一季的衣服、褲子和裙子都很好看，所以就算價格比較高，還是很多人買。,verified_v3_book_locked,ok,,1
modern-chinese-l8-dialogue-1,第8課 對話一：我想買新衣服,True,8,hard,3,0,衣服,synonym,Which expression can best replace 「衣服」 without changing the intended meaning?,衣物,clothes,yīfu,N,"[""帽子"", ""錢包"", ""裙子""]",元真：是啊，因為這個牌子很有名，而且每一季的衣服、褲子和裙子都很好看，所以就算價格比較高，還是很多人買。,verified_v3_book_locked,ok,,1
modern-chinese-l8-dialogue-1,第8課 對話一：我想買新衣服,True,8,easy,3,1,褲子,translation,褲子,pants,pants,kùzi,N,"[""popular"", ""department store"", ""skirt""]",元真：是啊，因為這個牌子很有名，衣服、褲子和裙子也都很好看，所以很多人買。,verified_v3_book_locked,ok,,1
modern-chinese-l8-dialogue-1,第8課 對話一：我想買新衣服,True,8,easy,3,1,褲子,reverse,pants,褲子,pants,kùzi,N,"[""百貨公司"", ""裙子"", ""褲子"", ""流行""]",元真：是啊，因為這個牌子很有名，衣服、褲子和裙子也都很好看，所以很多人買。,verified_v3_book_locked,ok,,1
modern-chinese-l8-dialogue-1,第8課 對話一：我想買新衣服,True,8,easy,3,1,褲子,listening,🔊 Listen and choose the word you hear.,褲子,pants,kùzi,N,"[""流行"", ""褲子"", ""裙子"", ""百貨公司""]",,verified_v3_book_locked,ok,,1
modern-chinese-l8-dialogue-1,第8課 對話一：我想買新衣服,True,8,easy,3,1,褲子,pinyin,Choose the correct pinyin for 「褲子」.,kùzi,pants,kùzi,N,"[""kǔzi"", ""kùzi"", ""kúzi"", ""kūzi""]",元真：是啊，因為這個牌子很有名，衣服、褲子和裙子也都很好看，所以很多人買。,verified_v3_book_locked,ok,,1
modern-chinese-l8-dialogue-1,第8課 對話一：我想買新衣服,True,8,easy,3,1,褲子,cloze,Complete the sentence.,褲子,pants,kùzi,N,"[""百貨公司"", ""衣服"", ""錢""]",元真：是啊，因為這個牌子很有名，衣服、____和裙子也都很好看，所以很多人買。,verified_v3_book_locked,ok,,1
modern-chinese-l8-dialogue-1,第8課 對話一：我想買新衣服,True,8,easy,3,1,褲子,pos,What is the part of speech of 「褲子」?,N,pants,kùzi,N,"[""Loc"", ""Prep"", ""Pron""]",元真：是啊，因為這個牌子很有名，衣服、褲子和裙子也都很好看，所以很多人買。,verified_v3_book_locked,ok,,1
modern-chinese-l8-dialogue-1,第8課 對話一：我想買新衣服,True,8,medium,3,1,褲子,translation,Choose the best English meaning of 「褲子」.,pants,pants,kùzi,N,"[""clothes"", ""shoes"", ""department store""]",元真：是啊，因為這個牌子很有名，而且衣服、褲子和裙子也都很好看，所以很多人買。,verified_v3_book_locked,ok,,1
modern-chinese-l8-dialogue-1,第8課 對話一：我想買新衣服,True,8,medium,3,1,褲子,reverse,Choose the Chinese word for “pants”.,褲子,pants,kùzi,N,"[""衣服"", ""褲子"", ""百貨公司"", ""鞋子""]",元真：是啊，因為這個牌子很有名，而且衣服、褲子和裙子也都很好看，所以很多人買。,verified_v3_book_locked,ok,,1
modern-chinese-l8-dialogue-1,第8課 對話一：我想買新衣服,True,8,medium,3,1,褲子,listening,🔊 Listen and choose the word you hear.,褲子,pants,kùzi,N,"[""鞋子"", ""衣服"", ""褲子"", ""百貨公司""]",,verified_v3_book_locked,ok,,1
modern-chinese-l8-dialogue-1,第8課 對話一：我想買新衣服,True,8,medium,3,1,褲子,pinyin,Choose the correct pinyin and tone pattern for 「褲子」.,kùzi,pants,kùzi,N,"[""kúzi"", ""kǔzi"", ""kùzi"", ""kūzi""]",元真：是啊，因為這個牌子很有名，而且衣服、褲子和裙子也都很好看，所以很多人買。,verified_v3_book_locked,ok,,1
modern-chinese-l8-dialogue-1,第8課 對話一：我想買新衣服,True,8,medium,3,1,褲子,cloze,Choose the word that best completes the sentence.,褲子,pants,kùzi,N,"[""友美"", ""東西"", ""錢""]",元真：是啊，因為這個牌子很有名，而且衣服、____和裙子也都很好看，所以很多人買。,verified_v3_book_locked,ok,,1
modern-chinese-l8-dialogue-1,第8課 對話一：我想買新衣服,True,8,medium,3,1,褲子,pos,"In this sentence, what part of speech is 「褲子」?",N,pants,kùzi,N,"[""Adv"", ""V"", ""Prep""]",元真：是啊，因為這個牌子很有名，而且衣服、褲子和裙子也都很好看，所以很多人買。,verified_v3_book_locked,ok,,1
modern-chinese-l8-dialogue-1,第8課 對話一：我想買新衣服,True,8,hard,3,1,褲子,translation,"In 「元真：是啊，因為這個牌子很有名，而且每一季的衣服、褲子和裙子都很好看，所以就算價格比較高，還是很多人買。」, what does 「褲子」 mean?",pants,pants,kùzi,N,"[""wallet"", ""clothes"", ""money""]",元真：是啊，因為這個牌子很有名，而且每一季的衣服、褲子和裙子都很好看，所以就算價格比較高，還是很多人買。,verified_v3_book_locked,ok,,1
modern-chinese-l8-dialogue-1,第8課 對話一：我想買新衣服,True,8,hard,3,1,褲子,reverse,Which Chinese word best matches “pants” in this lesson context?,褲子,pants,kùzi,N,"[""錢"", ""褲子"", ""衣服"", ""錢包""]",元真：是啊，因為這個牌子很有名，而且每一季的衣服、褲子和裙子都很好看，所以就算價格比較高，還是很多人買。,verified_v3_book_locked,ok,,1
modern-chinese-l8-dialogue-1,第8課 對話一：我想買新衣服,True,8,hard,3,1,褲子,listening,🔊 Listen and choose the word you hear.,褲子,pants,kùzi,N,"[""錢"", ""褲子"", ""錢包"", ""衣服""]",,verified_v3_book_locked,ok,,1
modern-chinese-l8-dialogue-1,第8課 對話一：我想買新衣服,True,8,hard,3,1,褲子,pinyin,Which pinyin exactly matches the lexical tones of 「褲子」?,kùzi,pants,kùzi,N,"[""kūzi"", ""kǔzi"", ""kùzi"", ""kúzi""]",元真：是啊，因為這個牌子很有名，而且每一季的衣服、褲子和裙子都很好看，所以就算價格比較高，還是很多人買。,verified_v3_book_locked,ok,,1
modern-chinese-l8-dialogue-1,第8課 對話一：我想買新衣服,True,8,hard,3,1,褲子,cloze,Choose the most contextually appropriate word for the blank.,褲子,pants,kùzi,N,"[""家"", ""電梯"", ""週末""]",元真：是啊，因為這個牌子很有名，而且每一季的衣服、____和裙子都很好看，所以就算價格比較高，還是很多人買。,verified_v3_book_locked,ok,,1
modern-chinese-l8-dialogue-1,第8課 對話一：我想買新衣服,True,8,hard,3,1,褲子,pos,Classify the grammatical category of 「褲子」 as used in the sentence.,N,pants,kùzi,N,"[""Adj"", ""Loc"", ""V""]",元真：是啊，因為這個牌子很有名，而且每一季的衣服、褲子和裙子都很好看，所以就算價格比較高，還是很多人買。,verified_v3_book_locked,ok,,1
modern-chinese-l8-dialogue-1,第8課 對話一：我想買新衣服,True,8,easy,3,2,裙子,translation,裙子,skirt,skirt,qúnzi,N,"[""thing / item"", ""beautiful"", ""pants""]",元真：是啊，因為這個牌子很有名，衣服、褲子和裙子也都很好看，所以很多人買。,verified_v3_book_locked,ok,,1
modern-chinese-l8-dialogue-1,第8課 對話一：我想買新衣服,True,8,easy,3,2,裙子,reverse,skirt,裙子,skirt,qúnzi,N,"[""裙子"", ""漂亮"", ""褲子"", ""東西""]",元真：是啊，因為這個牌子很有名，衣服、褲子和裙子也都很好看，所以很多人買。,verified_v3_book_locked,ok,,1
modern-chinese-l8-dialogue-1,第8課 對話一：我想買新衣服,True,8,easy,3,2,裙子,listening,🔊 Listen and choose the word you hear.,裙子,skirt,qúnzi,N,"[""褲子"", ""漂亮"", ""裙子"", ""東西""]",,verified_v3_book_locked,ok,,1
modern-chinese-l8-dialogue-1,第8課 對話一：我想買新衣服,True,8,easy,3,2,裙子,pinyin,Choose the correct pinyin for 「裙子」.,qúnzi,skirt,qúnzi,N,"[""qúnzi"", ""qǔnzi"", ""qūnzi"", ""qùnzi""]",元真：是啊，因為這個牌子很有名，衣服、褲子和裙子也都很好看，所以很多人買。,verified_v3_book_locked,ok,,1
modern-chinese-l8-dialogue-1,第8課 對話一：我想買新衣服,True,8,easy,3,2,裙子,cloze,Complete the sentence.,裙子,skirt,qúnzi,N,"[""友美"", ""錢"", ""東西""]",元真：是啊，因為這個牌子很有名，衣服、褲子和____也都很好看，所以很多人買。,verified_v3_book_locked,ok,,1
modern-chinese-l8-dialogue-1,第8課 對話一：我想買新衣服,True,8,easy,3,2,裙子,pos,What is the part of speech of 「裙子」?,N,skirt,qúnzi,N,"[""MW"", ""Loc"", ""V""]",元真：是啊，因為這個牌子很有名，衣服、褲子和裙子也都很好看，所以很多人買。,verified_v3_book_locked,ok,,1
modern-chinese-l8-dialogue-1,第8課 對話一：我想買新衣服,True,8,medium,3,2,裙子,translation,Choose the best English meaning of 「裙子」.,skirt,skirt,qúnzi,N,"[""weekend"", ""pants"", ""birthday""]",元真：是啊，因為這個牌子很有名，而且衣服、褲子和裙子也都很好看，所以很多人買。,verified_v3_book_locked,ok,,1
modern-chinese-l8-dialogue-1,第8課 對話一：我想買新衣服,True,8,medium,3,2,裙子,reverse,Choose the Chinese word for “skirt”.,裙子,skirt,qúnzi,N,"[""生日"", ""裙子"", ""褲子"", ""週末""]",元真：是啊，因為這個牌子很有名，而且衣服、褲子和裙子也都很好看，所以很多人買。,verified_v3_book_locked,ok,,1
modern-chinese-l8-dialogue-1,第8課 對話一：我想買新衣服,True,8,medium,3,2,裙子,listening,🔊 Listen and choose the word you hear.,裙子,skirt,qúnzi,N,"[""褲子"", ""週末"", ""裙子"", ""生日""]",,verified_v3_book_locked,ok,,1
modern-chinese-l8-dialogue-1,第8課 對話一：我想買新衣服,True,8,medium,3,2,裙子,pinyin,Choose the correct pinyin and tone pattern for 「裙子」.,qúnzi,skirt,qúnzi,N,"[""qūnzi"", ""qǔnzi"", ""qùnzi"", ""qúnzi""]",元真：是啊，因為這個牌子很有名，而且衣服、褲子和裙子也都很好看，所以很多人買。,verified_v3_book_locked,ok,,1
modern-chinese-l8-dialogue-1,第8課 對話一：我想買新衣服,True,8,medium,3,2,裙子,cloze,Choose the word that best completes the sentence.,裙子,skirt,qúnzi,N,"[""衣服"", ""電梯"", ""東西""]",元真：是啊，因為這個牌子很有名，而且衣服、褲子和____也都很好看，所以很多人買。,verified_v3_book_locked,ok,,1
modern-chinese-l8-dialogue-1,第8課 對話一：我想買新衣服,True,8,medium,3,2,裙子,pos,"In this sentence, what part of speech is 「裙子」?",N,skirt,qúnzi,N,"[""Adj"", ""Adv"", ""V""]",元真：是啊，因為這個牌子很有名，而且衣服、褲子和裙子也都很好看，所以很多人買。,verified_v3_book_locked,ok,,1
modern-chinese-l8-dialogue-1,第8課 對話一：我想買新衣服,True,8,hard,3,2,裙子,translation,"In 「元真：是啊，因為這個牌子很有名，而且每一季的衣服、褲子和裙子都很好看，所以就算價格比較高，還是很多人買。」, what does 「裙子」 mean?",skirt,skirt,qúnzi,N,"[""wallet"", ""handbag"", ""thing / item""]",元真：是啊，因為這個牌子很有名，而且每一季的衣服、褲子和裙子都很好看，所以就算價格比較高，還是很多人買。,verified_v3_book_locked,ok,,1
modern-chinese-l8-dialogue-1,第8課 對話一：我想買新衣服,True,8,hard,3,2,裙子,reverse,Which Chinese word best matches “skirt” in this lesson context?,裙子,skirt,qúnzi,N,"[""錢包"", ""東西"", ""皮包"", ""裙子""]",元真：是啊，因為這個牌子很有名，而且每一季的衣服、褲子和裙子都很好看，所以就算價格比較高，還是很多人買。,verified_v3_book_locked,ok,,1
modern-chinese-l8-dialogue-1,第8課 對話一：我想買新衣服,True,8,hard,3,2,裙子,listening,🔊 Listen and choose the word you hear.,裙子,skirt,qúnzi,N,"[""錢包"", ""皮包"", ""裙子"", ""東西""]",,verified_v3_book_locked,ok,,1
modern-chinese-l8-dialogue-1,第8課 對話一：我想買新衣服,True,8,hard,3,2,裙子,pinyin,Which pinyin exactly matches the lexical tones of 「裙子」?,qúnzi,skirt,qúnzi,N,"[""qúnzi"", ""qǔnzi"", ""qūnzi"", ""qùnzi""]",元真：是啊，因為這個牌子很有名，而且每一季的衣服、褲子和裙子都很好看，所以就算價格比較高，還是很多人買。,verified_v3_book_locked,ok,,1
modern-chinese-l8-dialogue-1,第8課 對話一：我想買新衣服,True,8,hard,3,2,裙子,cloze,Choose the most contextually appropriate word for the blank.,裙子,skirt,qúnzi,N,"[""週末"", ""家"", ""星期六""]",元真：是啊，因為這個牌子很有名，而且每一季的衣服、褲子和____都很好看，所以就算價格比較高，還是很多人買。,verified_v3_book_locked,ok,,1
modern-chinese-l8-dialogue-1,第8課 對話一：我想買新衣服,True,8,hard,3,2,裙子,pos,Classify the grammatical category of 「裙子」 as used in the sentence.,N,skirt,qúnzi,N,"[""Adv"", ""MW"", ""Prep""]",元真：是啊，因為這個牌子很有名，而且每一季的衣服、褲子和裙子都很好看，所以就算價格比較高，還是很多人買。,verified_v3_book_locked,ok,,1
modern-chinese-l8-dialogue-1,第8課 對話一：我想買新衣服,True,8,easy,4,0,衣服,translation,衣服,clothes,clothes,yīfu,N,"[""skirt"", ""beautiful"", ""thing / item""]",宜文：妳知道去哪裡買這個牌子的衣服嗎？,verified_v3_book_locked,ok,,1
modern-chinese-l8-dialogue-1,第8課 對話一：我想買新衣服,True,8,easy,4,0,衣服,reverse,clothes,衣服,clothes,yīfu,N,"[""東西"", ""漂亮"", ""衣服"", ""裙子""]",宜文：妳知道去哪裡買這個牌子的衣服嗎？,verified_v3_book_locked,ok,,1
modern-chinese-l8-dialogue-1,第8課 對話一：我想買新衣服,True,8,easy,4,0,衣服,listening,🔊 Listen and choose the word you hear.,衣服,clothes,yīfu,N,"[""衣服"", ""漂亮"", ""東西"", ""裙子""]",,verified_v3_book_locked,ok,,1
modern-chinese-l8-dialogue-1,第8課 對話一：我想買新衣服,True,8,easy,4,0,衣服,pinyin,Choose the correct pinyin for 「衣服」.,yīfu,clothes,yīfu,N,"[""yìfu"", ""yífu"", ""yīfu"", ""yǐfu""]",宜文：妳知道去哪裡買這個牌子的衣服嗎？,verified_v3_book_locked,ok,,1
modern-chinese-l8-dialogue-1,第8課 對話一：我想買新衣服,True,8,easy,4,0,衣服,cloze,Complete the sentence.,衣服,clothes,yīfu,N,"[""鞋子"", ""友美"", ""裙子""]",宜文：妳知道去哪裡買這個牌子的____嗎？,verified_v3_book_locked,ok,,1
modern-chinese-l8-dialogue-1,第8課 對話一：我想買新衣服,True,8,easy,4,0,衣服,pos,What is the part of speech of 「衣服」?,N,clothes,yīfu,N,"[""Loc"", ""Prep"", ""V""]",宜文：妳知道去哪裡買這個牌子的衣服嗎？,verified_v3_book_locked,ok,,1
modern-chinese-l8-dialogue-1,第8課 對話一：我想買新衣服,True,8,easy,4,0,衣服,synonym,Which word or phrase is closest in meaning to 「衣服」?,衣物,clothes,yīfu,N,"[""百貨公司"", ""裙子"", ""週末""]",宜文：妳知道去哪裡買這個牌子的衣服嗎？,verified_v3_book_locked,ok,,1
modern-chinese-l8-dialogue-1,第8課 對話一：我想買新衣服,True,8,medium,4,0,衣服,translation,Choose the best English meaning of 「衣服」.,clothes,clothes,yīfu,N,"[""pants"", ""weekend"", ""skirt""]",宜文：那妳知道去哪裡買這個牌子的衣服嗎？我也想去看看。,verified_v3_book_locked,ok,,1
modern-chinese-l8-dialogue-1,第8課 對話一：我想買新衣服,True,8,medium,4,0,衣服,reverse,Choose the Chinese word for “clothes”.,衣服,clothes,yīfu,N,"[""裙子"", ""衣服"", ""週末"", ""褲子""]",宜文：那妳知道去哪裡買這個牌子的衣服嗎？我也想去看看。,verified_v3_book_locked,ok,,1
modern-chinese-l8-dialogue-1,第8課 對話一：我想買新衣服,True,8,medium,4,0,衣服,listening,🔊 Listen and choose the word you hear.,衣服,clothes,yīfu,N,"[""褲子"", ""裙子"", ""衣服"", ""週末""]",,verified_v3_book_locked,ok,,1
modern-chinese-l8-dialogue-1,第8課 對話一：我想買新衣服,True,8,medium,4,0,衣服,pinyin,Choose the correct pinyin and tone pattern for 「衣服」.,yīfu,clothes,yīfu,N,"[""yǐfu"", ""yífu"", ""yīfu"", ""yìfu""]",宜文：那妳知道去哪裡買這個牌子的衣服嗎？我也想去看看。,verified_v3_book_locked,ok,,1
modern-chinese-l8-dialogue-1,第8課 對話一：我想買新衣服,True,8,medium,4,0,衣服,cloze,Choose the word that best completes the sentence.,衣服,clothes,yīfu,N,"[""裙子"", ""錢"", ""東西""]",宜文：那妳知道去哪裡買這個牌子的____嗎？我也想去看看。,verified_v3_book_locked,ok,,1
modern-chinese-l8-dialogue-1,第8課 對話一：我想買新衣服,True,8,medium,4,0,衣服,pos,"In this sentence, what part of speech is 「衣服」?",N,clothes,yīfu,N,"[""Adv"", ""Adj"", ""Quant""]",宜文：那妳知道去哪裡買這個牌子的衣服嗎？我也想去看看。,verified_v3_book_locked,ok,,1
modern-chinese-l8-dialogue-1,第8課 對話一：我想買新衣服,True,8,medium,4,0,衣服,synonym,"In this lesson context, which expression is closest in meaning to 「衣服」?",衣物,clothes,yīfu,N,"[""褲子"", ""電梯"", ""東西""]",宜文：那妳知道去哪裡買這個牌子的衣服嗎？我也想去看看。,verified_v3_book_locked,ok,,1
modern-chinese-l8-dialogue-1,第8課 對話一：我想買新衣服,True,8,hard,4,0,衣服,translation,"In 「宜文：妳知道去哪裡買這個牌子的衣服嗎？我最近想買幾件新的，所以想先去試穿看看。」, what does 「衣服」 mean?",clothes,clothes,yīfu,N,"[""pants"", ""skirt"", ""money""]",宜文：妳知道去哪裡買這個牌子的衣服嗎？我最近想買幾件新的，所以想先去試穿看看。,verified_v3_book_locked,ok,,1
modern-chinese-l8-dialogue-1,第8課 對話一：我想買新衣服,True,8,hard,4,0,衣服,reverse,Which Chinese word best matches “clothes” in this lesson context?,衣服,clothes,yīfu,N,"[""錢"", ""褲子"", ""裙子"", ""衣服""]",宜文：妳知道去哪裡買這個牌子的衣服嗎？我最近想買幾件新的，所以想先去試穿看看。,verified_v3_book_locked,ok,,1
modern-chinese-l8-dialogue-1,第8課 對話一：我想買新衣服,True,8,hard,4,0,衣服,listening,🔊 Listen and choose the word you hear.,衣服,clothes,yīfu,N,"[""衣服"", ""褲子"", ""錢"", ""裙子""]",,verified_v3_book_locked,ok,,1
modern-chinese-l8-dialogue-1,第8課 對話一：我想買新衣服,True,8,hard,4,0,衣服,pinyin,Which pinyin exactly matches the lexical tones of 「衣服」?,yīfu,clothes,yīfu,N,"[""yīfu"", ""yìfu"", ""yǐfu"", ""yífu""]",宜文：妳知道去哪裡買這個牌子的衣服嗎？我最近想買幾件新的，所以想先去試穿看看。,verified_v3_book_locked,ok,,1
modern-chinese-l8-dialogue-1,第8課 對話一：我想買新衣服,True,8,hard,4,0,衣服,cloze,Choose the most contextually appropriate word for the blank.,衣服,clothes,yīfu,N,"[""下午"", ""百貨公司"", ""生日""]",宜文：妳知道去哪裡買這個牌子的____嗎？我最近想買幾件新的，所以想先去試穿看看。,verified_v3_book_locked,ok,,1
modern-chinese-l8-dialogue-1,第8課 對話一：我想買新衣服,True,8,hard,4,0,衣服,pos,Classify the grammatical category of 「衣服」 as used in the sentence.,N,clothes,yīfu,N,"[""Adj"", ""Prep"", ""V""]",宜文：妳知道去哪裡買這個牌子的衣服嗎？我最近想買幾件新的，所以想先去試穿看看。,verified_v3_book_locked,ok,,1
modern-chinese-l8-dialogue-1,第8課 對話一：我想買新衣服,True,8,hard,4,0,衣服,synonym,Which expression can best replace 「衣服」 without changing the intended meaning?,衣物,clothes,yīfu,N,"[""錢包"", ""錢"", ""鞋子""]",宜文：妳知道去哪裡買這個牌子的衣服嗎？我最近想買幾件新的，所以想先去試穿看看。,verified_v3_book_locked,ok,,1
modern-chinese-l8-dialogue-1,第8課 對話一：我想買新衣服,True,8,easy,5,0,百貨公司,translation,百貨公司,department store,department store,bǎihuò gōngsī,N,"[""skirt"", ""beautiful"", ""birthday""]",元真：知道，百貨公司都有，不難找。,verified_v3_book_locked,ok,,1
modern-chinese-l8-dialogue-1,第8課 對話一：我想買新衣服,True,8,easy,5,0,百貨公司,reverse,department store,百貨公司,department store,bǎihuò gōngsī,N,"[""漂亮"", ""裙子"", ""生日"", ""百貨公司""]",元真：知道，百貨公司都有，不難找。,verified_v3_book_locked,ok,,1
modern-chinese-l8-dialogue-1,第8課 對話一：我想買新衣服,True,8,easy,5,0,百貨公司,listening,🔊 Listen and choose the word you hear.,百貨公司,department store,bǎihuò gōngsī,N,"[""百貨公司"", ""裙子"", ""生日"", ""漂亮""]",,verified_v3_book_locked,ok,,1
modern-chinese-l8-dialogue-1,第8課 對話一：我想買新衣服,True,8,easy,5,0,百貨公司,pinyin,Choose the correct pinyin for 「百貨公司」.,bǎihuò gōngsī,department store,bǎihuò gōngsī,N,"[""bǎihuò gōngsí"", ""bǎihuò gōngsì"", ""bǎihuò gōngsī"", ""bǎihuò gōngsǐ""]",元真：知道，百貨公司都有，不難找。,verified_v3_book_locked,ok,,1
modern-chinese-l8-dialogue-1,第8課 對話一：我想買新衣服,True,8,easy,5,0,百貨公司,cloze,Complete the sentence.,百貨公司,department store,bǎihuò gōngsī,N,"[""電梯"", ""生日"", ""鞋子""]",元真：知道，____都有，不難找。,verified_v3_book_locked,ok,,1
modern-chinese-l8-dialogue-1,第8課 對話一：我想買新衣服,True,8,easy,5,0,百貨公司,pos,What is the part of speech of 「百貨公司」?,N,department store,bǎihuò gōngsī,N,"[""MW"", ""Adj"", ""Quant""]",元真：知道，百貨公司都有，不難找。,verified_v3_book_locked,ok,,1
modern-chinese-l8-dialogue-1,第8課 對話一：我想買新衣服,True,8,easy,5,0,百貨公司,synonym,Which word or phrase is closest in meaning to 「百貨公司」?,百貨商場,department store,bǎihuò gōngsī,N,"[""裙子"", ""生日"", ""週末""]",元真：知道，百貨公司都有，不難找。,verified_v3_book_locked,ok,,1
modern-chinese-l8-dialogue-1,第8課 對話一：我想買新衣服,True,8,medium,5,0,百貨公司,translation,Choose the best English meaning of 「百貨公司」.,department store,department store,bǎihuò gōngsī,N,"[""clothes"", ""pants"", ""thing / item""]",元真：知道，很多百貨公司都有這個牌子，所以不難找。,verified_v3_book_locked,ok,,1
modern-chinese-l8-dialogue-1,第8課 對話一：我想買新衣服,True,8,medium,5,0,百貨公司,reverse,Choose the Chinese word for “department store”.,百貨公司,department store,bǎihuò gōngsī,N,"[""東西"", ""褲子"", ""百貨公司"", ""衣服""]",元真：知道，很多百貨公司都有這個牌子，所以不難找。,verified_v3_book_locked,ok,,1
modern-chinese-l8-dialogue-1,第8課 對話一：我想買新衣服,True,8,medium,5,0,百貨公司,listening,🔊 Listen and choose the word you hear.,百貨公司,department store,bǎihuò gōngsī,N,"[""東西"", ""褲子"", ""百貨公司"", ""衣服""]",,verified_v3_book_locked,ok,,1
modern-chinese-l8-dialogue-1,第8課 對話一：我想買新衣服,True,8,medium,5,0,百貨公司,pinyin,Choose the correct pinyin and tone pattern for 「百貨公司」.,bǎihuò gōngsī,department store,bǎihuò gōngsī,N,"[""bǎihuò gōngsī"", ""bǎihuò gōngsì"", ""bǎihuò gōngsí"", ""bǎihuò gōngsǐ""]",元真：知道，很多百貨公司都有這個牌子，所以不難找。,verified_v3_book_locked,ok,,1
modern-chinese-l8-dialogue-1,第8課 對話一：我想買新衣服,True,8,medium,5,0,百貨公司,cloze,Choose the word that best completes the sentence.,百貨公司,department store,bǎihuò gōngsī,N,"[""東西"", ""友美"", ""鞋子""]",元真：知道，很多____都有這個牌子，所以不難找。,verified_v3_book_locked,ok,,1
modern-chinese-l8-dialogue-1,第8課 對話一：我想買新衣服,True,8,medium,5,0,百貨公司,pos,"In this sentence, what part of speech is 「百貨公司」?",N,department store,bǎihuò gōngsī,N,"[""Loc"", ""Quant"", ""Pron""]",元真：知道，很多百貨公司都有這個牌子，所以不難找。,verified_v3_book_locked,ok,,1
modern-chinese-l8-dialogue-1,第8課 對話一：我想買新衣服,True,8,medium,5,0,百貨公司,synonym,"In this lesson context, which expression is closest in meaning to 「百貨公司」?",百貨商場,department store,bǎihuò gōngsī,N,"[""電梯"", ""裙子"", ""衣服""]",元真：知道，很多百貨公司都有這個牌子，所以不難找。,verified_v3_book_locked,ok,,1
modern-chinese-l8-dialogue-1,第8課 對話一：我想買新衣服,True,8,hard,5,0,百貨公司,translation,"In 「元真：知道，市區幾家百貨公司都有這個牌子的專櫃，交通也很方便，所以不難找。」, what does 「百貨公司」 mean?",department store,department store,bǎihuò gōngsī,N,"[""living room"", ""cafe"", ""dormitory""]",元真：知道，市區幾家百貨公司都有這個牌子的專櫃，交通也很方便，所以不難找。,verified_v3_book_locked,ok,,1
modern-chinese-l8-dialogue-1,第8課 對話一：我想買新衣服,True,8,hard,5,0,百貨公司,reverse,Which Chinese word best matches “department store” in this lesson context?,百貨公司,department store,bǎihuò gōngsī,N,"[""客廳"", ""宿舍"", ""咖啡廳"", ""百貨公司""]",元真：知道，市區幾家百貨公司都有這個牌子的專櫃，交通也很方便，所以不難找。,verified_v3_book_locked,ok,,1
modern-chinese-l8-dialogue-1,第8課 對話一：我想買新衣服,True,8,hard,5,0,百貨公司,listening,🔊 Listen and choose the word you hear.,百貨公司,department store,bǎihuò gōngsī,N,"[""宿舍"", ""客廳"", ""百貨公司"", ""咖啡廳""]",,verified_v3_book_locked,ok,,1
modern-chinese-l8-dialogue-1,第8課 對話一：我想買新衣服,True,8,hard,5,0,百貨公司,pinyin,Which pinyin exactly matches the lexical tones of 「百貨公司」?,bǎihuò gōngsī,department store,bǎihuò gōngsī,N,"[""bǎihuò gōngsǐ"", ""bǎihuò gōngsí"", ""bǎihuò gōngsì"", ""bǎihuò gōngsī""]",元真：知道，市區幾家百貨公司都有這個牌子的專櫃，交通也很方便，所以不難找。,verified_v3_book_locked,ok,,1
modern-chinese-l8-dialogue-1,第8課 對話一：我想買新衣服,True,8,hard,5,0,百貨公司,cloze,Choose the most contextually appropriate word for the blank.,百貨公司,department store,bǎihuò gōngsī,N,"[""裙子"", ""衣服"", ""週末""]",元真：知道，市區幾家____都有這個牌子的專櫃，交通也很方便，所以不難找。,verified_v3_book_locked,ok,,1
modern-chinese-l8-dialogue-1,第8課 對話一：我想買新衣服,True,8,hard,5,0,百貨公司,pos,Classify the grammatical category of 「百貨公司」 as used in the sentence.,N,department store,bǎihuò gōngsī,N,"[""V"", ""MW"", ""Prep""]",元真：知道，市區幾家百貨公司都有這個牌子的專櫃，交通也很方便，所以不難找。,verified_v3_book_locked,ok,,1
modern-chinese-l8-dialogue-1,第8課 對話一：我想買新衣服,True,8,hard,5,0,百貨公司,synonym,Which expression can best replace 「百貨公司」 without changing the intended meaning?,百貨商場,department store,bǎihuò gōngsī,N,"[""宿舍"", ""學校"", ""郵局""]",元真：知道，市區幾家百貨公司都有這個牌子的專櫃，交通也很方便，所以不難找。,verified_v3_book_locked,ok,,1
modern-chinese-l8-dialogue-1,第8課 對話一：我想買新衣服,True,8,easy,6,0,衣服,translation,衣服,clothes,clothes,yīfu,N,"[""birthday"", ""popular"", ""thing / item""]",宜文：我很想去看，可是我最近胖了五公斤，我怕衣服不好買。,verified_v3_book_locked,ok,,1
modern-chinese-l8-dialogue-1,第8課 對話一：我想買新衣服,True,8,easy,6,0,衣服,reverse,clothes,衣服,clothes,yīfu,N,"[""生日"", ""東西"", ""衣服"", ""流行""]",宜文：我很想去看，可是我最近胖了五公斤，我怕衣服不好買。,verified_v3_book_locked,ok,,1
modern-chinese-l8-dialogue-1,第8課 對話一：我想買新衣服,True,8,easy,6,0,衣服,listening,🔊 Listen and choose the word you hear.,衣服,clothes,yīfu,N,"[""東西"", ""流行"", ""生日"", ""衣服""]",,verified_v3_book_locked,ok,,1
modern-chinese-l8-dialogue-1,第8課 對話一：我想買新衣服,True,8,easy,6,0,衣服,pinyin,Choose the correct pinyin for 「衣服」.,yīfu,clothes,yīfu,N,"[""yìfu"", ""yīfu"", ""yífu"", ""yǐfu""]",宜文：我很想去看，可是我最近胖了五公斤，我怕衣服不好買。,verified_v3_book_locked,ok,,1
modern-chinese-l8-dialogue-1,第8課 對話一：我想買新衣服,True,8,easy,6,0,衣服,cloze,Complete the sentence.,衣服,clothes,yīfu,N,"[""鞋子"", ""生日"", ""百貨公司""]",宜文：我很想去看，可是我最近胖了五公斤，我怕____不好買。,verified_v3_book_locked,ok,,1
modern-chinese-l8-dialogue-1,第8課 對話一：我想買新衣服,True,8,easy,6,0,衣服,pos,What is the part of speech of 「衣服」?,N,clothes,yīfu,N,"[""Loc"", ""Prep"", ""V""]",宜文：我很想去看，可是我最近胖了五公斤，我怕衣服不好買。,verified_v3_book_locked,ok,,1
modern-chinese-l8-dialogue-1,第8課 對話一：我想買新衣服,True,8,easy,6,0,衣服,synonym,Which word or phrase is closest in meaning to 「衣服」?,衣物,clothes,yīfu,N,"[""生日"", ""東西"", ""裙子""]",宜文：我很想去看，可是我最近胖了五公斤，我怕衣服不好買。,verified_v3_book_locked,ok,,1
modern-chinese-l8-dialogue-1,第8課 對話一：我想買新衣服,True,8,medium,6,0,衣服,translation,Choose the best English meaning of 「衣服」.,clothes,clothes,yīfu,N,"[""thing / item"", ""department store"", ""pants""]",宜文：我很想去看，可是我最近胖了五公斤，所以有點擔心衣服不好買。,verified_v3_book_locked,ok,,1
modern-chinese-l8-dialogue-1,第8課 對話一：我想買新衣服,True,8,medium,6,0,衣服,reverse,Choose the Chinese word for “clothes”.,衣服,clothes,yīfu,N,"[""衣服"", ""東西"", ""百貨公司"", ""褲子""]",宜文：我很想去看，可是我最近胖了五公斤，所以有點擔心衣服不好買。,verified_v3_book_locked,ok,,1
modern-chinese-l8-dialogue-1,第8課 對話一：我想買新衣服,True,8,medium,6,0,衣服,listening,🔊 Listen and choose the word you hear.,衣服,clothes,yīfu,N,"[""衣服"", ""東西"", ""褲子"", ""百貨公司""]",,verified_v3_book_locked,ok,,1
modern-chinese-l8-dialogue-1,第8課 對話一：我想買新衣服,True,8,medium,6,0,衣服,pinyin,Choose the correct pinyin and tone pattern for 「衣服」.,yīfu,clothes,yīfu,N,"[""yǐfu"", ""yífu"", ""yīfu"", ""yìfu""]",宜文：我很想去看，可是我最近胖了五公斤，所以有點擔心衣服不好買。,verified_v3_book_locked,ok,,1
modern-chinese-l8-dialogue-1,第8課 對話一：我想買新衣服,True,8,medium,6,0,衣服,cloze,Choose the word that best completes the sentence.,衣服,clothes,yīfu,N,"[""東西"", ""生日"", ""褲子""]",宜文：我很想去看，可是我最近胖了五公斤，所以有點擔心____不好買。,verified_v3_book_locked,ok,,1
modern-chinese-l8-dialogue-1,第8課 對話一：我想買新衣服,True,8,medium,6,0,衣服,pos,"In this sentence, what part of speech is 「衣服」?",N,clothes,yīfu,N,"[""Adv"", ""Adj"", ""Quant""]",宜文：我很想去看，可是我最近胖了五公斤，所以有點擔心衣服不好買。,verified_v3_book_locked,ok,,1
modern-chinese-l8-dialogue-1,第8課 對話一：我想買新衣服,True,8,medium,6,0,衣服,synonym,"In this lesson context, which expression is closest in meaning to 「衣服」?",衣物,clothes,yīfu,N,"[""鞋子"", ""百貨公司"", ""電梯""]",宜文：我很想去看，可是我最近胖了五公斤，所以有點擔心衣服不好買。,verified_v3_book_locked,ok,,1
modern-chinese-l8-dialogue-1,第8課 對話一：我想買新衣服,True,8,hard,6,0,衣服,translation,"In 「宜文：我很想去看，可是我最近胖了五公斤，原來的衣服有些變緊了，所以我怕合適的衣服不好買。」, what does 「衣服」 mean?",clothes,clothes,yīfu,N,"[""skirt"", ""glasses"", ""money""]",宜文：我很想去看，可是我最近胖了五公斤，原來的衣服有些變緊了，所以我怕合適的衣服不好買。,verified_v3_book_locked,ok,,1
modern-chinese-l8-dialogue-1,第8課 對話一：我想買新衣服,True,8,hard,6,0,衣服,reverse,Which Chinese word best matches “clothes” in this lesson context?,衣服,clothes,yīfu,N,"[""裙子"", ""衣服"", ""眼鏡"", ""錢""]",宜文：我很想去看，可是我最近胖了五公斤，原來的衣服有些變緊了，所以我怕合適的衣服不好買。,verified_v3_book_locked,ok,,1
modern-chinese-l8-dialogue-1,第8課 對話一：我想買新衣服,True,8,hard,6,0,衣服,listening,🔊 Listen and choose the word you hear.,衣服,clothes,yīfu,N,"[""裙子"", ""錢"", ""眼鏡"", ""衣服""]",,verified_v3_book_locked,ok,,1
modern-chinese-l8-dialogue-1,第8課 對話一：我想買新衣服,True,8,hard,6,0,衣服,pinyin,Which pinyin exactly matches the lexical tones of 「衣服」?,yīfu,clothes,yīfu,N,"[""yífu"", ""yīfu"", ""yǐfu"", ""yìfu""]",宜文：我很想去看，可是我最近胖了五公斤，原來的衣服有些變緊了，所以我怕合適的衣服不好買。,verified_v3_book_locked,ok,,1
modern-chinese-l8-dialogue-1,第8課 對話一：我想買新衣服,True,8,hard,6,0,衣服,cloze,Choose the most contextually appropriate word for the blank.,衣服,clothes,yīfu,N,"[""星期六"", ""百貨公司"", ""電梯""]",宜文：我很想去看，可是我最近胖了五公斤，原來的____有些變緊了，所以我怕合適的不好買。,verified_v3_book_locked,ok,,1
modern-chinese-l8-dialogue-1,第8課 對話一：我想買新衣服,True,8,hard,6,0,衣服,pos,Classify the grammatical category of 「衣服」 as used in the sentence.,N,clothes,yīfu,N,"[""Adj"", ""Prep"", ""V""]",宜文：我很想去看，可是我最近胖了五公斤，原來的衣服有些變緊了，所以我怕合適的衣服不好買。,verified_v3_book_locked,ok,,1
modern-chinese-l8-dialogue-1,第8課 對話一：我想買新衣服,True,8,hard,6,0,衣服,synonym,Which expression can best replace 「衣服」 without changing the intended meaning?,衣物,clothes,yīfu,N,"[""裙子"", ""鞋子"", ""錢""]",宜文：我很想去看，可是我最近胖了五公斤，原來的衣服有些變緊了，所以我怕合適的衣服不好買。,verified_v3_book_locked,ok,,1
modern-chinese-l8-dialogue-1,第8課 對話一：我想買新衣服,True,8,easy,7,0,衣服,translation,衣服,clothes,clothes,yīfu,N,"[""birthday"", ""thing / item"", ""pants""]",元真：妳胖了嗎？我不覺得啊，我跟妳一起去看。我也想去買今年夏天的新衣服。,verified_v3_book_locked,ok,,1
modern-chinese-l8-dialogue-1,第8課 對話一：我想買新衣服,True,8,easy,7,0,衣服,reverse,clothes,衣服,clothes,yīfu,N,"[""褲子"", ""東西"", ""衣服"", ""生日""]",元真：妳胖了嗎？我不覺得啊，我跟妳一起去看。我也想去買今年夏天的新衣服。,verified_v3_book_locked,ok,,1
modern-chinese-l8-dialogue-1,第8課 對話一：我想買新衣服,True,8,easy,7,0,衣服,listening,🔊 Listen and choose the word you hear.,衣服,clothes,yīfu,N,"[""衣服"", ""東西"", ""生日"", ""褲子""]",,verified_v3_book_locked,ok,,1
modern-chinese-l8-dialogue-1,第8課 對話一：我想買新衣服,True,8,easy,7,0,衣服,pinyin,Choose the correct pinyin for 「衣服」.,yīfu,clothes,yīfu,N,"[""yīfu"", ""yìfu"", ""yǐfu"", ""yífu""]",元真：妳胖了嗎？我不覺得啊，我跟妳一起去看。我也想去買今年夏天的新衣服。,verified_v3_book_locked,ok,,1
modern-chinese-l8-dialogue-1,第8課 對話一：我想買新衣服,True,8,easy,7,0,衣服,cloze,Complete the sentence.,衣服,clothes,yīfu,N,"[""裙子"", ""百貨公司"", ""週末""]",元真：妳胖了嗎？我不覺得啊，我跟妳一起去看。我也想去買今年夏天的新____。,verified_v3_book_locked,ok,,1
modern-chinese-l8-dialogue-1,第8課 對話一：我想買新衣服,True,8,easy,7,0,衣服,pos,What is the part of speech of 「衣服」?,N,clothes,yīfu,N,"[""Loc"", ""Prep"", ""V""]",元真：妳胖了嗎？我不覺得啊，我跟妳一起去看。我也想去買今年夏天的新衣服。,verified_v3_book_locked,ok,,1
modern-chinese-l8-dialogue-1,第8課 對話一：我想買新衣服,True,8,easy,7,0,衣服,synonym,Which word or phrase is closest in meaning to 「衣服」?,衣物,clothes,yīfu,N,"[""週末"", ""百貨公司"", ""東西""]",元真：妳胖了嗎？我不覺得啊，我跟妳一起去看。我也想去買今年夏天的新衣服。,verified_v3_book_locked,ok,,1
modern-chinese-l8-dialogue-1,第8課 對話一：我想買新衣服,True,8,medium,7,0,衣服,translation,Choose the best English meaning of 「衣服」.,clothes,clothes,yīfu,N,"[""thing / item"", ""skirt"", ""elevator""]",元真：妳胖了嗎？我真的不覺得啊。我跟妳一起去看，而且我也想去買今年夏天的新衣服。,verified_v3_book_locked,ok,,1
modern-chinese-l8-dialogue-1,第8課 對話一：我想買新衣服,True,8,medium,7,0,衣服,reverse,Choose the Chinese word for “clothes”.,衣服,clothes,yīfu,N,"[""衣服"", ""東西"", ""裙子"", ""電梯""]",元真：妳胖了嗎？我真的不覺得啊。我跟妳一起去看，而且我也想去買今年夏天的新衣服。,verified_v3_book_locked,ok,,1
modern-chinese-l8-dialogue-1,第8課 對話一：我想買新衣服,True,8,medium,7,0,衣服,listening,🔊 Listen and choose the word you hear.,衣服,clothes,yīfu,N,"[""衣服"", ""電梯"", ""東西"", ""裙子""]",,verified_v3_book_locked,ok,,1
modern-chinese-l8-dialogue-1,第8課 對話一：我想買新衣服,True,8,medium,7,0,衣服,pinyin,Choose the correct pinyin and tone pattern for 「衣服」.,yīfu,clothes,yīfu,N,"[""yǐfu"", ""yìfu"", ""yífu"", ""yīfu""]",元真：妳胖了嗎？我真的不覺得啊。我跟妳一起去看，而且我也想去買今年夏天的新衣服。,verified_v3_book_locked,ok,,1
modern-chinese-l8-dialogue-1,第8課 對話一：我想買新衣服,True,8,medium,7,0,衣服,cloze,Choose the word that best completes the sentence.,衣服,clothes,yīfu,N,"[""鞋子"", ""百貨公司"", ""裙子""]",元真：妳胖了嗎？我真的不覺得啊。我跟妳一起去看，而且我也想去買今年夏天的新____。,verified_v3_book_locked,ok,,1
modern-chinese-l8-dialogue-1,第8課 對話一：我想買新衣服,True,8,medium,7,0,衣服,pos,"In this sentence, what part of speech is 「衣服」?",N,clothes,yīfu,N,"[""Adv"", ""Adj"", ""Quant""]",元真：妳胖了嗎？我真的不覺得啊。我跟妳一起去看，而且我也想去買今年夏天的新衣服。,verified_v3_book_locked,ok,,1
modern-chinese-l8-dialogue-1,第8課 對話一：我想買新衣服,True,8,medium,7,0,衣服,synonym,"In this lesson context, which expression is closest in meaning to 「衣服」?",衣物,clothes,yīfu,N,"[""東西"", ""褲子"", ""裙子""]",元真：妳胖了嗎？我真的不覺得啊。我跟妳一起去看，而且我也想去買今年夏天的新衣服。,verified_v3_book_locked,ok,,1
modern-chinese-l8-dialogue-1,第8課 對話一：我想買新衣服,True,8,hard,7,0,衣服,translation,"In 「元真：妳胖了嗎？我完全不覺得啊。別擔心，我跟妳一起去看，也可以幫妳選。我自己也想買今年夏天的新衣服。」, what does 「衣服」 mean?",clothes,clothes,yīfu,N,"[""thing / item"", ""glasses"", ""shoes""]",元真：妳胖了嗎？我完全不覺得啊。別擔心，我跟妳一起去看，也可以幫妳選。我自己也想買今年夏天的新衣服。,verified_v3_book_locked,ok,,1
modern-chinese-l8-dialogue-1,第8課 對話一：我想買新衣服,True,8,hard,7,0,衣服,reverse,Which Chinese word best matches “clothes” in this lesson context?,衣服,clothes,yīfu,N,"[""鞋子"", ""東西"", ""眼鏡"", ""衣服""]",元真：妳胖了嗎？我完全不覺得啊。別擔心，我跟妳一起去看，也可以幫妳選。我自己也想買今年夏天的新衣服。,verified_v3_book_locked,ok,,1
modern-chinese-l8-dialogue-1,第8課 對話一：我想買新衣服,True,8,hard,7,0,衣服,listening,🔊 Listen and choose the word you hear.,衣服,clothes,yīfu,N,"[""鞋子"", ""東西"", ""眼鏡"", ""衣服""]",,verified_v3_book_locked,ok,,1
modern-chinese-l8-dialogue-1,第8課 對話一：我想買新衣服,True,8,hard,7,0,衣服,pinyin,Which pinyin exactly matches the lexical tones of 「衣服」?,yīfu,clothes,yīfu,N,"[""yīfu"", ""yìfu"", ""yífu"", ""yǐfu""]",元真：妳胖了嗎？我完全不覺得啊。別擔心，我跟妳一起去看，也可以幫妳選。我自己也想買今年夏天的新衣服。,verified_v3_book_locked,ok,,1
modern-chinese-l8-dialogue-1,第8課 對話一：我想買新衣服,True,8,hard,7,0,衣服,cloze,Choose the most contextually appropriate word for the blank.,衣服,clothes,yīfu,N,"[""下午茶"", ""家"", ""生日""]",元真：妳胖了嗎？我完全不覺得啊。別擔心，我跟妳一起去看，也可以幫妳選。我自己也想買今年夏天的新____。,verified_v3_book_locked,ok,,1
modern-chinese-l8-dialogue-1,第8課 對話一：我想買新衣服,True,8,hard,7,0,衣服,pos,Classify the grammatical category of 「衣服」 as used in the sentence.,N,clothes,yīfu,N,"[""Adj"", ""Prep"", ""V""]",元真：妳胖了嗎？我完全不覺得啊。別擔心，我跟妳一起去看，也可以幫妳選。我自己也想買今年夏天的新衣服。,verified_v3_book_locked,ok,,1
modern-chinese-l8-dialogue-1,第8課 對話一：我想買新衣服,True,8,hard,7,0,衣服,synonym,Which expression can best replace 「衣服」 without changing the intended meaning?,衣物,clothes,yīfu,N,"[""外套"", ""東西"", ""裙子""]",元真：妳胖了嗎？我完全不覺得啊。別擔心，我跟妳一起去看，也可以幫妳選。我自己也想買今年夏天的新衣服。,verified_v3_book_locked,ok,,1
modern-chinese-l8-dialogue-2,第8課 對話二：這條褲子太小了,True,8,easy,0,0,褲子,translation,褲子,pants,pants,kùzi,N,"[""beautiful"", ""birthday"", ""skirt""]",宜文：妳看，這條黃色的褲子不錯吧？,verified_v3_book_locked,ok,,2
modern-chinese-l8-dialogue-2,第8課 對話二：這條褲子太小了,True,8,easy,0,0,褲子,reverse,pants,褲子,pants,kùzi,N,"[""裙子"", ""褲子"", ""生日"", ""漂亮""]",宜文：妳看，這條黃色的褲子不錯吧？,verified_v3_book_locked,ok,,2
modern-chinese-l8-dialogue-2,第8課 對話二：這條褲子太小了,True,8,easy,0,0,褲子,listening,🔊 Listen and choose the word you hear.,褲子,pants,kùzi,N,"[""裙子"", ""生日"", ""褲子"", ""漂亮""]",,verified_v3_book_locked,ok,,2
modern-chinese-l8-dialogue-2,第8課 對話二：這條褲子太小了,True,8,easy,0,0,褲子,pinyin,Choose the correct pinyin for 「褲子」.,kùzi,pants,kùzi,N,"[""kùzi"", ""kūzi"", ""kúzi"", ""kǔzi""]",宜文：妳看，這條黃色的褲子不錯吧？,verified_v3_book_locked,ok,,2
modern-chinese-l8-dialogue-2,第8課 對話二：這條褲子太小了,True,8,easy,0,0,褲子,cloze,Complete the sentence.,褲子,pants,kùzi,N,"[""衣服"", ""錢"", ""裙子""]",宜文：妳看，這條黃色的____不錯吧？,verified_v3_book_locked,ok,,2
modern-chinese-l8-dialogue-2,第8課 對話二：這條褲子太小了,True,8,easy,0,0,褲子,pos,What is the part of speech of 「褲子」?,N,pants,kùzi,N,"[""Loc"", ""Prep"", ""Pron""]",宜文：妳看，這條黃色的褲子不錯吧？,verified_v3_book_locked,ok,,2
modern-chinese-l8-dialogue-2,第8課 對話二：這條褲子太小了,True,8,medium,0,0,褲子,translation,Choose the best English meaning of 「褲子」.,pants,pants,kùzi,N,"[""clothes"", ""skirt"", ""elevator""]",宜文：妳看，這條黃色的褲子不錯吧？顏色很亮。,verified_v3_book_locked,ok,,2
modern-chinese-l8-dialogue-2,第8課 對話二：這條褲子太小了,True,8,medium,0,0,褲子,reverse,Choose the Chinese word for “pants”.,褲子,pants,kùzi,N,"[""裙子"", ""電梯"", ""褲子"", ""衣服""]",宜文：妳看，這條黃色的褲子不錯吧？顏色很亮。,verified_v3_book_locked,ok,,2
modern-chinese-l8-dialogue-2,第8課 對話二：這條褲子太小了,True,8,medium,0,0,褲子,listening,🔊 Listen and choose the word you hear.,褲子,pants,kùzi,N,"[""衣服"", ""裙子"", ""電梯"", ""褲子""]",,verified_v3_book_locked,ok,,2
modern-chinese-l8-dialogue-2,第8課 對話二：這條褲子太小了,True,8,medium,0,0,褲子,pinyin,Choose the correct pinyin and tone pattern for 「褲子」.,kùzi,pants,kùzi,N,"[""kùzi"", ""kǔzi"", ""kúzi"", ""kūzi""]",宜文：妳看，這條黃色的褲子不錯吧？顏色很亮。,verified_v3_book_locked,ok,,2
modern-chinese-l8-dialogue-2,第8課 對話二：這條褲子太小了,True,8,medium,0,0,褲子,cloze,Choose the word that best completes the sentence.,褲子,pants,kùzi,N,"[""百貨公司"", ""錢"", ""生日""]",宜文：妳看，這條黃色的____不錯吧？顏色很亮。,verified_v3_book_locked,ok,,2
modern-chinese-l8-dialogue-2,第8課 對話二：這條褲子太小了,True,8,medium,0,0,褲子,pos,"In this sentence, what part of speech is 「褲子」?",N,pants,kùzi,N,"[""Adv"", ""V"", ""Prep""]",宜文：妳看，這條黃色的褲子不錯吧？顏色很亮。,verified_v3_book_locked,ok,,2
modern-chinese-l8-dialogue-2,第8課 對話二：這條褲子太小了,True,8,hard,0,0,褲子,translation,"In 「宜文：妳看，這條黃色的褲子不錯吧？我覺得顏色很特別，而且很好搭衣服。」, what does 「褲子」 mean?",pants,pants,kùzi,N,"[""clothes"", ""handbag"", ""wallet""]",宜文：妳看，這條黃色的褲子不錯吧？我覺得顏色很特別，而且很好搭衣服。,verified_v3_book_locked,ok,,2
modern-chinese-l8-dialogue-2,第8課 對話二：這條褲子太小了,True,8,hard,0,0,褲子,reverse,Which Chinese word best matches “pants” in this lesson context?,褲子,pants,kùzi,N,"[""錢包"", ""皮包"", ""褲子"", ""衣服""]",宜文：妳看，這條黃色的褲子不錯吧？我覺得顏色很特別，而且很好搭衣服。,verified_v3_book_locked,ok,,2
modern-chinese-l8-dialogue-2,第8課 對話二：這條褲子太小了,True,8,hard,0,0,褲子,listening,🔊 Listen and choose the word you hear.,褲子,pants,kùzi,N,"[""錢包"", ""皮包"", ""褲子"", ""衣服""]",,verified_v3_book_locked,ok,,2
modern-chinese-l8-dialogue-2,第8課 對話二：這條褲子太小了,True,8,hard,0,0,褲子,pinyin,Which pinyin exactly matches the lexical tones of 「褲子」?,kùzi,pants,kùzi,N,"[""kùzi"", ""kūzi"", ""kǔzi"", ""kúzi""]",宜文：妳看，這條黃色的褲子不錯吧？我覺得顏色很特別，而且很好搭衣服。,verified_v3_book_locked,ok,,2
modern-chinese-l8-dialogue-2,第8課 對話二：這條褲子太小了,True,8,hard,0,0,褲子,cloze,Choose the most contextually appropriate word for the blank.,褲子,pants,kùzi,N,"[""生日"", ""家"", ""星期六""]",宜文：妳看，這條黃色的____不錯吧？我覺得顏色很特別，而且很好搭衣服。,verified_v3_book_locked,ok,,2
modern-chinese-l8-dialogue-2,第8課 對話二：這條褲子太小了,True,8,hard,0,0,褲子,pos,Classify the grammatical category of 「褲子」 as used in the sentence.,N,pants,kùzi,N,"[""Adj"", ""Loc"", ""V""]",宜文：妳看，這條黃色的褲子不錯吧？我覺得顏色很特別，而且很好搭衣服。,verified_v3_book_locked,ok,,2
modern-chinese-l8-dialogue-2,第8課 對話二：這條褲子太小了,True,8,easy,1,0,漂亮,translation,漂亮,beautiful,beautiful,piàoliang,Adj,"[""weekend"", ""thing / item"", ""birthday""]",元真：很好看。這條藍的也很漂亮，藍色是今年很流行的顏色。,verified_v3_book_locked,ok,,2
modern-chinese-l8-dialogue-2,第8課 對話二：這條褲子太小了,True,8,easy,1,0,漂亮,reverse,beautiful,漂亮,beautiful,piàoliang,Adj,"[""週末"", ""漂亮"", ""東西"", ""生日""]",元真：很好看。這條藍的也很漂亮，藍色是今年很流行的顏色。,verified_v3_book_locked,ok,,2
modern-chinese-l8-dialogue-2,第8課 對話二：這條褲子太小了,True,8,easy,1,0,漂亮,listening,🔊 Listen and choose the word you hear.,漂亮,beautiful,piàoliang,Adj,"[""生日"", ""漂亮"", ""東西"", ""週末""]",,verified_v3_book_locked,ok,,2
modern-chinese-l8-dialogue-2,第8課 對話二：這條褲子太小了,True,8,easy,1,0,漂亮,pinyin,Choose the correct pinyin for 「漂亮」.,piàoliang,beautiful,piàoliang,Adj,"[""piǎoliang"", ""piāoliang"", ""piàoliang"", ""piáoliang""]",元真：很好看。這條藍的也很漂亮，藍色是今年很流行的顏色。,verified_v3_book_locked,ok,,2
modern-chinese-l8-dialogue-2,第8課 對話二：這條褲子太小了,True,8,easy,1,0,漂亮,cloze,Complete the sentence.,漂亮,beautiful,piàoliang,Adj,"[""新的"", ""年輕"", ""大""]",元真：很好看。這條藍的也很____，藍色是今年很流行的顏色。,verified_v3_book_locked,ok,,2
modern-chinese-l8-dialogue-2,第8課 對話二：這條褲子太小了,True,8,easy,1,0,漂亮,pos,What is the part of speech of 「漂亮」?,Adj,beautiful,piàoliang,Adj,"[""Loc"", ""Quant"", ""Pron""]",元真：很好看。這條藍的也很漂亮，藍色是今年很流行的顏色。,verified_v3_book_locked,ok,,2
modern-chinese-l8-dialogue-2,第8課 對話二：這條褲子太小了,True,8,easy,1,0,漂亮,synonym,Which word or phrase is closest in meaning to 「漂亮」?,美麗,beautiful,piàoliang,Adj,"[""褲子"", ""流行"", ""週末""]",元真：很好看。這條藍的也很漂亮，藍色是今年很流行的顏色。,verified_v3_book_locked,ok,,2
modern-chinese-l8-dialogue-2,第8課 對話二：這條褲子太小了,True,8,medium,1,0,漂亮,translation,Choose the best English meaning of 「漂亮」.,beautiful,beautiful,piàoliang,Adj,"[""good / okay"", ""interesting"", ""popular""]",元真：很好看。這條藍的也很漂亮，藍色是今年很流行的顏色，妳也可以試試看。,verified_v3_book_locked,ok,,2
modern-chinese-l8-dialogue-2,第8課 對話二：這條褲子太小了,True,8,medium,1,0,漂亮,reverse,Choose the Chinese word for “beautiful”.,漂亮,beautiful,piàoliang,Adj,"[""好"", ""漂亮"", ""有趣"", ""流行""]",元真：很好看。這條藍的也很漂亮，藍色是今年很流行的顏色，妳也可以試試看。,verified_v3_book_locked,ok,,2
modern-chinese-l8-dialogue-2,第8課 對話二：這條褲子太小了,True,8,medium,1,0,漂亮,listening,🔊 Listen and choose the word you hear.,漂亮,beautiful,piàoliang,Adj,"[""漂亮"", ""有趣"", ""流行"", ""好""]",,verified_v3_book_locked,ok,,2
modern-chinese-l8-dialogue-2,第8課 對話二：這條褲子太小了,True,8,medium,1,0,漂亮,pinyin,Choose the correct pinyin and tone pattern for 「漂亮」.,piàoliang,beautiful,piàoliang,Adj,"[""piǎoliang"", ""piàoliang"", ""piáoliang"", ""piāoliang""]",元真：很好看。這條藍的也很漂亮，藍色是今年很流行的顏色，妳也可以試試看。,verified_v3_book_locked,ok,,2
modern-chinese-l8-dialogue-2,第8課 對話二：這條褲子太小了,True,8,medium,1,0,漂亮,cloze,Choose the word that best completes the sentence.,漂亮,beautiful,piàoliang,Adj,"[""方便"", ""大"", ""新的""]",元真：很好看。這條藍的也很____，藍色是今年很流行的顏色，妳也可以試試看。,verified_v3_book_locked,ok,,2
modern-chinese-l8-dialogue-2,第8課 對話二：這條褲子太小了,True,8,medium,1,0,漂亮,pos,"In this sentence, what part of speech is 「漂亮」?",Adj,beautiful,piàoliang,Adj,"[""Loc"", ""MW"", ""V""]",元真：很好看。這條藍的也很漂亮，藍色是今年很流行的顏色，妳也可以試試看。,verified_v3_book_locked,ok,,2
modern-chinese-l8-dialogue-2,第8課 對話二：這條褲子太小了,True,8,medium,1,0,漂亮,synonym,"In this lesson context, which expression is closest in meaning to 「漂亮」?",美麗,beautiful,piàoliang,Adj,"[""忙"", ""流行"", ""好吃""]",元真：很好看。這條藍的也很漂亮，藍色是今年很流行的顏色，妳也可以試試看。,verified_v3_book_locked,ok,,2
modern-chinese-l8-dialogue-2,第8課 對話二：這條褲子太小了,True,8,hard,1,0,漂亮,translation,"In 「元真：黃色的很好看，不過這條藍的也很漂亮，而且藍色是今年很流行的顏色，妳可以兩條都試試。」, what does 「漂亮」 mean?",beautiful,beautiful,piàoliang,Adj,"[""interesting"", ""new"", ""good / okay""]",元真：黃色的很好看，不過這條藍的也很漂亮，而且藍色是今年很流行的顏色，妳可以兩條都試試。,verified_v3_book_locked,ok,,2
modern-chinese-l8-dialogue-2,第8課 對話二：這條褲子太小了,True,8,hard,1,0,漂亮,reverse,Which Chinese word best matches “beautiful” in this lesson context?,漂亮,beautiful,piàoliang,Adj,"[""新的"", ""有趣"", ""好"", ""漂亮""]",元真：黃色的很好看，不過這條藍的也很漂亮，而且藍色是今年很流行的顏色，妳可以兩條都試試。,verified_v3_book_locked,ok,,2
modern-chinese-l8-dialogue-2,第8課 對話二：這條褲子太小了,True,8,hard,1,0,漂亮,listening,🔊 Listen and choose the word you hear.,漂亮,beautiful,piàoliang,Adj,"[""有趣"", ""新的"", ""好"", ""漂亮""]",,verified_v3_book_locked,ok,,2
modern-chinese-l8-dialogue-2,第8課 對話二：這條褲子太小了,True,8,hard,1,0,漂亮,pinyin,Which pinyin exactly matches the lexical tones of 「漂亮」?,piàoliang,beautiful,piàoliang,Adj,"[""piāoliang"", ""piáoliang"", ""piàoliang"", ""piǎoliang""]",元真：黃色的很好看，不過這條藍的也很漂亮，而且藍色是今年很流行的顏色，妳可以兩條都試試。,verified_v3_book_locked,ok,,2
modern-chinese-l8-dialogue-2,第8課 對話二：這條褲子太小了,True,8,hard,1,0,漂亮,cloze,Choose the most contextually appropriate word for the blank.,漂亮,beautiful,piàoliang,Adj,"[""流行"", ""忙"", ""新的""]",元真：黃色的很好看，不過這條藍的也很____，而且藍色是今年很流行的顏色，妳可以兩條都試試。,verified_v3_book_locked,ok,,2
modern-chinese-l8-dialogue-2,第8課 對話二：這條褲子太小了,True,8,hard,1,0,漂亮,pos,Classify the grammatical category of 「漂亮」 as used in the sentence.,Adj,beautiful,piàoliang,Adj,"[""V"", ""Pron"", ""Quant""]",元真：黃色的很好看，不過這條藍的也很漂亮，而且藍色是今年很流行的顏色，妳可以兩條都試試。,verified_v3_book_locked,ok,,2
modern-chinese-l8-dialogue-2,第8課 對話二：這條褲子太小了,True,8,hard,1,0,漂亮,synonym,Which expression can best replace 「漂亮」 without changing the intended meaning?,美麗,beautiful,piàoliang,Adj,"[""忙"", ""大"", ""好吃""]",元真：黃色的很好看，不過這條藍的也很漂亮，而且藍色是今年很流行的顏色，妳可以兩條都試試。,verified_v3_book_locked,ok,,2
modern-chinese-l8-dialogue-2,第8課 對話二：這條褲子太小了,True,8,easy,1,1,流行,translation,流行,popular,popular,liúxíng,Adj,"[""birthday"", ""pants"", ""skirt""]",元真：很好看。這條藍的也很漂亮，藍色是今年很流行的顏色。,verified_v3_book_locked,ok,,2
modern-chinese-l8-dialogue-2,第8課 對話二：這條褲子太小了,True,8,easy,1,1,流行,reverse,popular,流行,popular,liúxíng,Adj,"[""流行"", ""生日"", ""裙子"", ""褲子""]",元真：很好看。這條藍的也很漂亮，藍色是今年很流行的顏色。,verified_v3_book_locked,ok,,2
modern-chinese-l8-dialogue-2,第8課 對話二：這條褲子太小了,True,8,easy,1,1,流行,listening,🔊 Listen and choose the word you hear.,流行,popular,liúxíng,Adj,"[""流行"", ""褲子"", ""生日"", ""裙子""]",,verified_v3_book_locked,ok,,2
modern-chinese-l8-dialogue-2,第8課 對話二：這條褲子太小了,True,8,easy,1,1,流行,pinyin,Choose the correct pinyin for 「流行」.,liúxíng,popular,liúxíng,Adj,"[""liúxǐng"", ""liúxíng"", ""liúxīng"", ""liúxìng""]",元真：很好看。這條藍的也很漂亮，藍色是今年很流行的顏色。,verified_v3_book_locked,ok,,2
modern-chinese-l8-dialogue-2,第8課 對話二：這條褲子太小了,True,8,easy,1,1,流行,cloze,Complete the sentence.,流行,popular,liúxíng,Adj,"[""年輕"", ""好"", ""舒服""]",元真：很好看。這條藍的也很漂亮，藍色是今年很____的顏色。,verified_v3_book_locked,ok,,2
modern-chinese-l8-dialogue-2,第8課 對話二：這條褲子太小了,True,8,easy,1,1,流行,pos,What is the part of speech of 「流行」?,Adj,popular,liúxíng,Adj,"[""Prep"", ""Pron"", ""Adv""]",元真：很好看。這條藍的也很漂亮，藍色是今年很流行的顏色。,verified_v3_book_locked,ok,,2
modern-chinese-l8-dialogue-2,第8課 對話二：這條褲子太小了,True,8,easy,1,1,流行,synonym,Which word or phrase is closest in meaning to 「流行」?,時髦,popular,liúxíng,Adj,"[""生日"", ""衣服"", ""週末""]",元真：很好看。這條藍的也很漂亮，藍色是今年很流行的顏色。,verified_v3_book_locked,ok,,2
modern-chinese-l8-dialogue-2,第8課 對話二：這條褲子太小了,True,8,medium,1,1,流行,translation,Choose the best English meaning of 「流行」.,popular,popular,liúxíng,Adj,"[""interesting"", ""beautiful"", ""delicious""]",元真：很好看。這條藍的也很漂亮，藍色是今年很流行的顏色，妳也可以試試看。,verified_v3_book_locked,ok,,2
modern-chinese-l8-dialogue-2,第8課 對話二：這條褲子太小了,True,8,medium,1,1,流行,reverse,Choose the Chinese word for “popular”.,流行,popular,liúxíng,Adj,"[""漂亮"", ""好吃"", ""流行"", ""有趣""]",元真：很好看。這條藍的也很漂亮，藍色是今年很流行的顏色，妳也可以試試看。,verified_v3_book_locked,ok,,2
modern-chinese-l8-dialogue-2,第8課 對話二：這條褲子太小了,True,8,medium,1,1,流行,listening,🔊 Listen and choose the word you hear.,流行,popular,liúxíng,Adj,"[""好吃"", ""有趣"", ""流行"", ""漂亮""]",,verified_v3_book_locked,ok,,2
modern-chinese-l8-dialogue-2,第8課 對話二：這條褲子太小了,True,8,medium,1,1,流行,pinyin,Choose the correct pinyin and tone pattern for 「流行」.,liúxíng,popular,liúxíng,Adj,"[""liúxíng"", ""liúxǐng"", ""liúxīng"", ""liúxìng""]",元真：很好看。這條藍的也很漂亮，藍色是今年很流行的顏色，妳也可以試試看。,verified_v3_book_locked,ok,,2
modern-chinese-l8-dialogue-2,第8課 對話二：這條褲子太小了,True,8,medium,1,1,流行,cloze,Choose the word that best completes the sentence.,流行,popular,liúxíng,Adj,"[""新的"", ""大"", ""有趣""]",元真：很好看。這條藍的也很漂亮，藍色是今年很____的顏色，妳也可以試試看。,verified_v3_book_locked,ok,,2
modern-chinese-l8-dialogue-2,第8課 對話二：這條褲子太小了,True,8,medium,1,1,流行,pos,"In this sentence, what part of speech is 「流行」?",Adj,popular,liúxíng,Adj,"[""Loc"", ""MW"", ""Adv""]",元真：很好看。這條藍的也很漂亮，藍色是今年很流行的顏色，妳也可以試試看。,verified_v3_book_locked,ok,,2
modern-chinese-l8-dialogue-2,第8課 對話二：這條褲子太小了,True,8,medium,1,1,流行,synonym,"In this lesson context, which expression is closest in meaning to 「流行」?",時髦,popular,liúxíng,Adj,"[""大"", ""年輕"", ""好吃""]",元真：很好看。這條藍的也很漂亮，藍色是今年很流行的顏色，妳也可以試試看。,verified_v3_book_locked,ok,,2
modern-chinese-l8-dialogue-2,第8課 對話二：這條褲子太小了,True,8,hard,1,1,流行,translation,"In 「元真：黃色的很好看，不過這條藍的也很漂亮，而且藍色是今年很流行的顏色，妳可以兩條都試試。」, what does 「流行」 mean?",popular,popular,liúxíng,Adj,"[""new"", ""convenient"", ""happy""]",元真：黃色的很好看，不過這條藍的也很漂亮，而且藍色是今年很流行的顏色，妳可以兩條都試試。,verified_v3_book_locked,ok,,2
modern-chinese-l8-dialogue-2,第8課 對話二：這條褲子太小了,True,8,hard,1,1,流行,reverse,Which Chinese word best matches “popular” in this lesson context?,流行,popular,liúxíng,Adj,"[""方便"", ""流行"", ""開心"", ""新的""]",元真：黃色的很好看，不過這條藍的也很漂亮，而且藍色是今年很流行的顏色，妳可以兩條都試試。,verified_v3_book_locked,ok,,2
modern-chinese-l8-dialogue-2,第8課 對話二：這條褲子太小了,True,8,hard,1,1,流行,listening,🔊 Listen and choose the word you hear.,流行,popular,liúxíng,Adj,"[""新的"", ""開心"", ""流行"", ""方便""]",,verified_v3_book_locked,ok,,2
modern-chinese-l8-dialogue-2,第8課 對話二：這條褲子太小了,True,8,hard,1,1,流行,pinyin,Which pinyin exactly matches the lexical tones of 「流行」?,liúxíng,popular,liúxíng,Adj,"[""liúxìng"", ""liúxīng"", ""liúxǐng"", ""liúxíng""]",元真：黃色的很好看，不過這條藍的也很漂亮，而且藍色是今年很流行的顏色，妳可以兩條都試試。,verified_v3_book_locked,ok,,2
modern-chinese-l8-dialogue-2,第8課 對話二：這條褲子太小了,True,8,hard,1,1,流行,cloze,Choose the most contextually appropriate word for the blank.,流行,popular,liúxíng,Adj,"[""好吃"", ""年輕"", ""好""]",元真：黃色的很好看，不過這條藍的也很漂亮，而且藍色是今年很____的顏色，妳可以兩條都試試。,verified_v3_book_locked,ok,,2
modern-chinese-l8-dialogue-2,第8課 對話二：這條褲子太小了,True,8,hard,1,1,流行,pos,Classify the grammatical category of 「流行」 as used in the sentence.,Adj,popular,liúxíng,Adj,"[""Adv"", ""Pron"", ""Prep""]",元真：黃色的很好看，不過這條藍的也很漂亮，而且藍色是今年很流行的顏色，妳可以兩條都試試。,verified_v3_book_locked,ok,,2
modern-chinese-l8-dialogue-2,第8課 對話二：這條褲子太小了,True,8,hard,1,1,流行,synonym,Which expression can best replace 「流行」 without changing the intended meaning?,時髦,popular,liúxíng,Adj,"[""困難"", ""方便"", ""漂亮""]",元真：黃色的很好看，不過這條藍的也很漂亮，而且藍色是今年很流行的顏色，妳可以兩條都試試。,verified_v3_book_locked,ok,,2
modern-chinese-l8-dialogue-2,第8課 對話二：這條褲子太小了,True,8,easy,5,0,週末,translation,週末,weekend,weekend,zhōu mò,N,"[""department store"", ""skirt"", ""popular""]",元真：沒關係，我們可以下個週末再來看。對了，妳要買鞋子吧？,verified_v3_book_locked,ok,,2
modern-chinese-l8-dialogue-2,第8課 對話二：這條褲子太小了,True,8,easy,5,0,週末,reverse,weekend,週末,weekend,zhōu mò,N,"[""週末"", ""裙子"", ""百貨公司"", ""流行""]",元真：沒關係，我們可以下個週末再來看。對了，妳要買鞋子吧？,verified_v3_book_locked,ok,,2
modern-chinese-l8-dialogue-2,第8課 對話二：這條褲子太小了,True,8,easy,5,0,週末,listening,🔊 Listen and choose the word you hear.,週末,weekend,zhōu mò,N,"[""流行"", ""裙子"", ""百貨公司"", ""週末""]",,verified_v3_book_locked,ok,,2
modern-chinese-l8-dialogue-2,第8課 對話二：這條褲子太小了,True,8,easy,5,0,週末,pinyin,Choose the correct pinyin for 「週末」.,zhōu mò,weekend,zhōu mò,N,"[""zhōu mò"", ""zhōu mǒ"", ""zhōu mó"", ""zhōu mō""]",元真：沒關係，我們可以下個週末再來看。對了，妳要買鞋子吧？,verified_v3_book_locked,ok,,2
modern-chinese-l8-dialogue-2,第8課 對話二：這條褲子太小了,True,8,easy,5,0,週末,cloze,Complete the sentence.,週末,weekend,zhōu mò,N,"[""百貨公司"", ""電梯"", ""衣服""]",元真：沒關係，我們可以下個____再來看。對了，妳要買鞋子吧？,verified_v3_book_locked,ok,,2
modern-chinese-l8-dialogue-2,第8課 對話二：這條褲子太小了,True,8,easy,5,0,週末,pos,What is the part of speech of 「週末」?,N,weekend,zhōu mò,N,"[""Pron"", ""Adj"", ""V""]",元真：沒關係，我們可以下個週末再來看。對了，妳要買鞋子吧？,verified_v3_book_locked,ok,,2
modern-chinese-l8-dialogue-2,第8課 對話二：這條褲子太小了,True,8,medium,5,0,週末,translation,Choose the best English meaning of 「週末」.,weekend,weekend,zhōu mò,N,"[""shoes"", ""pants"", ""elevator""]",元真：沒關係，我們可以下個週末再來看。對了，妳不是還要買鞋子嗎？,verified_v3_book_locked,ok,,2
modern-chinese-l8-dialogue-2,第8課 對話二：這條褲子太小了,True,8,medium,5,0,週末,reverse,Choose the Chinese word for “weekend”.,週末,weekend,zhōu mò,N,"[""褲子"", ""週末"", ""鞋子"", ""電梯""]",元真：沒關係，我們可以下個週末再來看。對了，妳不是還要買鞋子嗎？,verified_v3_book_locked,ok,,2
modern-chinese-l8-dialogue-2,第8課 對話二：這條褲子太小了,True,8,medium,5,0,週末,listening,🔊 Listen and choose the word you hear.,週末,weekend,zhōu mò,N,"[""電梯"", ""鞋子"", ""週末"", ""褲子""]",,verified_v3_book_locked,ok,,2
modern-chinese-l8-dialogue-2,第8課 對話二：這條褲子太小了,True,8,medium,5,0,週末,pinyin,Choose the correct pinyin and tone pattern for 「週末」.,zhōu mò,weekend,zhōu mò,N,"[""zhōu mō"", ""zhōu mǒ"", ""zhōu mó"", ""zhōu mò""]",元真：沒關係，我們可以下個週末再來看。對了，妳不是還要買鞋子嗎？,verified_v3_book_locked,ok,,2
modern-chinese-l8-dialogue-2,第8課 對話二：這條褲子太小了,True,8,medium,5,0,週末,cloze,Choose the word that best completes the sentence.,週末,weekend,zhōu mò,N,"[""電梯"", ""褲子"", ""友美""]",元真：沒關係，我們可以下個____再來看。對了，妳不是還要買鞋子嗎？,verified_v3_book_locked,ok,,2
modern-chinese-l8-dialogue-2,第8課 對話二：這條褲子太小了,True,8,medium,5,0,週末,pos,"In this sentence, what part of speech is 「週末」?",N,weekend,zhōu mò,N,"[""Loc"", ""MW"", ""V""]",元真：沒關係，我們可以下個週末再來看。對了，妳不是還要買鞋子嗎？,verified_v3_book_locked,ok,,2
modern-chinese-l8-dialogue-2,第8課 對話二：這條褲子太小了,True,8,hard,5,0,週末,translation,"In 「元真：沒關係，今天沒有合適的，我們可以下個週末再來看。對了，妳要買鞋子吧？趁關門以前先去看看。」, what does 「週末」 mean?",weekend,weekend,zhōu mò,N,"[""Saturday"", ""birthday"", ""afternoon""]",元真：沒關係，今天沒有合適的，我們可以下個週末再來看。對了，妳要買鞋子吧？趁關門以前先去看看。,verified_v3_book_locked,ok,,2
modern-chinese-l8-dialogue-2,第8課 對話二：這條褲子太小了,True,8,hard,5,0,週末,reverse,Which Chinese word best matches “weekend” in this lesson context?,週末,weekend,zhōu mò,N,"[""生日"", ""星期六"", ""週末"", ""下午""]",元真：沒關係，今天沒有合適的，我們可以下個週末再來看。對了，妳要買鞋子吧？趁關門以前先去看看。,verified_v3_book_locked,ok,,2
modern-chinese-l8-dialogue-2,第8課 對話二：這條褲子太小了,True,8,hard,5,0,週末,listening,🔊 Listen and choose the word you hear.,週末,weekend,zhōu mò,N,"[""下午"", ""星期六"", ""生日"", ""週末""]",,verified_v3_book_locked,ok,,2
modern-chinese-l8-dialogue-2,第8課 對話二：這條褲子太小了,True,8,hard,5,0,週末,pinyin,Which pinyin exactly matches the lexical tones of 「週末」?,zhōu mò,weekend,zhōu mò,N,"[""zhōu mǒ"", ""zhōu mō"", ""zhōu mó"", ""zhōu mò""]",元真：沒關係，今天沒有合適的，我們可以下個週末再來看。對了，妳要買鞋子吧？趁關門以前先去看看。,verified_v3_book_locked,ok,,2
modern-chinese-l8-dialogue-2,第8課 對話二：這條褲子太小了,True,8,hard,5,0,週末,cloze,Choose the most contextually appropriate word for the blank.,週末,weekend,zhōu mò,N,"[""鞋子"", ""百貨公司"", ""電梯""]",元真：沒關係，今天沒有合適的，我們可以下個____再來看。對了，妳要買鞋子吧？趁關門以前先去看看。,verified_v3_book_locked,ok,,2
modern-chinese-l8-dialogue-2,第8課 對話二：這條褲子太小了,True,8,hard,5,0,週末,pos,Classify the grammatical category of 「週末」 as used in the sentence.,N,weekend,zhōu mò,N,"[""Prep"", ""Quant"", ""MW""]",元真：沒關係，今天沒有合適的，我們可以下個週末再來看。對了，妳要買鞋子吧？趁關門以前先去看看。,verified_v3_book_locked,ok,,2
modern-chinese-l8-dialogue-2,第8課 對話二：這條褲子太小了,True,8,easy,5,1,鞋子,translation,鞋子,shoes,shoes,xiézi,N,"[""department store"", ""clothes"", ""beautiful""]",元真：沒關係，我們可以下個週末再來看。對了，妳要買鞋子吧？,verified_v3_book_locked,ok,,2
modern-chinese-l8-dialogue-2,第8課 對話二：這條褲子太小了,True,8,easy,5,1,鞋子,reverse,shoes,鞋子,shoes,xiézi,N,"[""百貨公司"", ""漂亮"", ""鞋子"", ""衣服""]",元真：沒關係，我們可以下個週末再來看。對了，妳要買鞋子吧？,verified_v3_book_locked,ok,,2
modern-chinese-l8-dialogue-2,第8課 對話二：這條褲子太小了,True,8,easy,5,1,鞋子,listening,🔊 Listen and choose the word you hear.,鞋子,shoes,xiézi,N,"[""漂亮"", ""鞋子"", ""衣服"", ""百貨公司""]",,verified_v3_book_locked,ok,,2
modern-chinese-l8-dialogue-2,第8課 對話二：這條褲子太小了,True,8,easy,5,1,鞋子,pinyin,Choose the correct pinyin for 「鞋子」.,xiézi,shoes,xiézi,N,"[""xiězi"", ""xiézi"", ""xiēzi"", ""xièzi""]",元真：沒關係，我們可以下個週末再來看。對了，妳要買鞋子吧？,verified_v3_book_locked,ok,,2
modern-chinese-l8-dialogue-2,第8課 對話二：這條褲子太小了,True,8,easy,5,1,鞋子,cloze,Complete the sentence.,鞋子,shoes,xiézi,N,"[""衣服"", ""電梯"", ""百貨公司""]",元真：沒關係，我們可以下個週末再來看。對了，妳要買____吧？,verified_v3_book_locked,ok,,2
modern-chinese-l8-dialogue-2,第8課 對話二：這條褲子太小了,True,8,easy,5,1,鞋子,pos,What is the part of speech of 「鞋子」?,N,shoes,xiézi,N,"[""MW"", ""V"", ""Pron""]",元真：沒關係，我們可以下個週末再來看。對了，妳要買鞋子吧？,verified_v3_book_locked,ok,,2
modern-chinese-l8-dialogue-2,第8課 對話二：這條褲子太小了,True,8,easy,5,1,鞋子,synonym,Which word or phrase is closest in meaning to 「鞋子」?,鞋,shoes,xiézi,N,"[""東西"", ""褲子"", ""漂亮""]",元真：沒關係，我們可以下個週末再來看。對了，妳要買鞋子吧？,verified_v3_book_locked,ok,,2
modern-chinese-l8-dialogue-2,第8課 對話二：這條褲子太小了,True,8,medium,5,1,鞋子,translation,Choose the best English meaning of 「鞋子」.,shoes,shoes,xiézi,N,"[""thing / item"", ""department store"", ""weekend""]",元真：沒關係，我們可以下個週末再來看。對了，妳不是還要買鞋子嗎？,verified_v3_book_locked,ok,,2
modern-chinese-l8-dialogue-2,第8課 對話二：這條褲子太小了,True,8,medium,5,1,鞋子,reverse,Choose the Chinese word for “shoes”.,鞋子,shoes,xiézi,N,"[""百貨公司"", ""鞋子"", ""週末"", ""東西""]",元真：沒關係，我們可以下個週末再來看。對了，妳不是還要買鞋子嗎？,verified_v3_book_locked,ok,,2
modern-chinese-l8-dialogue-2,第8課 對話二：這條褲子太小了,True,8,medium,5,1,鞋子,listening,🔊 Listen and choose the word you hear.,鞋子,shoes,xiézi,N,"[""週末"", ""百貨公司"", ""鞋子"", ""東西""]",,verified_v3_book_locked,ok,,2
modern-chinese-l8-dialogue-2,第8課 對話二：這條褲子太小了,True,8,medium,5,1,鞋子,pinyin,Choose the correct pinyin and tone pattern for 「鞋子」.,xiézi,shoes,xiézi,N,"[""xièzi"", ""xiězi"", ""xiézi"", ""xiēzi""]",元真：沒關係，我們可以下個週末再來看。對了，妳不是還要買鞋子嗎？,verified_v3_book_locked,ok,,2
modern-chinese-l8-dialogue-2,第8課 對話二：這條褲子太小了,True,8,medium,5,1,鞋子,cloze,Choose the word that best completes the sentence.,鞋子,shoes,xiézi,N,"[""週末"", ""友美"", ""褲子""]",元真：沒關係，我們可以下個週末再來看。對了，妳不是還要買____嗎？,verified_v3_book_locked,ok,,2
modern-chinese-l8-dialogue-2,第8課 對話二：這條褲子太小了,True,8,medium,5,1,鞋子,pos,"In this sentence, what part of speech is 「鞋子」?",N,shoes,xiézi,N,"[""Pron"", ""Adj"", ""Loc""]",元真：沒關係，我們可以下個週末再來看。對了，妳不是還要買鞋子嗎？,verified_v3_book_locked,ok,,2
modern-chinese-l8-dialogue-2,第8課 對話二：這條褲子太小了,True,8,medium,5,1,鞋子,synonym,"In this lesson context, which expression is closest in meaning to 「鞋子」?",鞋,shoes,xiézi,N,"[""褲子"", ""衣服"", ""週末""]",元真：沒關係，我們可以下個週末再來看。對了，妳不是還要買鞋子嗎？,verified_v3_book_locked,ok,,2
modern-chinese-l8-dialogue-2,第8課 對話二：這條褲子太小了,True,8,hard,5,1,鞋子,translation,"In 「元真：沒關係，今天沒有合適的，我們可以下個週末再來看。對了，妳要買鞋子吧？趁關門以前先去看看。」, what does 「鞋子」 mean?",shoes,shoes,xiézi,N,"[""hat"", ""skirt"", ""glasses""]",元真：沒關係，今天沒有合適的，我們可以下個週末再來看。對了，妳要買鞋子吧？趁關門以前先去看看。,verified_v3_book_locked,ok,,2
modern-chinese-l8-dialogue-2,第8課 對話二：這條褲子太小了,True,8,hard,5,1,鞋子,reverse,Which Chinese word best matches “shoes” in this lesson context?,鞋子,shoes,xiézi,N,"[""帽子"", ""裙子"", ""鞋子"", ""眼鏡""]",元真：沒關係，今天沒有合適的，我們可以下個週末再來看。對了，妳要買鞋子吧？趁關門以前先去看看。,verified_v3_book_locked,ok,,2
modern-chinese-l8-dialogue-2,第8課 對話二：這條褲子太小了,True,8,hard,5,1,鞋子,listening,🔊 Listen and choose the word you hear.,鞋子,shoes,xiézi,N,"[""帽子"", ""裙子"", ""眼鏡"", ""鞋子""]",,verified_v3_book_locked,ok,,2
modern-chinese-l8-dialogue-2,第8課 對話二：這條褲子太小了,True,8,hard,5,1,鞋子,pinyin,Which pinyin exactly matches the lexical tones of 「鞋子」?,xiézi,shoes,xiézi,N,"[""xiézi"", ""xièzi"", ""xiēzi"", ""xiězi""]",元真：沒關係，今天沒有合適的，我們可以下個週末再來看。對了，妳要買鞋子吧？趁關門以前先去看看。,verified_v3_book_locked,ok,,2
modern-chinese-l8-dialogue-2,第8課 對話二：這條褲子太小了,True,8,hard,5,1,鞋子,cloze,Choose the most contextually appropriate word for the blank.,鞋子,shoes,xiézi,N,"[""下午"", ""電梯"", ""家""]",元真：沒關係，今天沒有合適的，我們可以下個週末再來看。對了，妳要買____吧？趁關門以前先去看看。,verified_v3_book_locked,ok,,2
modern-chinese-l8-dialogue-2,第8課 對話二：這條褲子太小了,True,8,hard,5,1,鞋子,pos,Classify the grammatical category of 「鞋子」 as used in the sentence.,N,shoes,xiézi,N,"[""Prep"", ""Pron"", ""Loc""]",元真：沒關係，今天沒有合適的，我們可以下個週末再來看。對了，妳要買鞋子吧？趁關門以前先去看看。,verified_v3_book_locked,ok,,2
modern-chinese-l8-dialogue-2,第8課 對話二：這條褲子太小了,True,8,hard,5,1,鞋子,synonym,Which expression can best replace 「鞋子」 without changing the intended meaning?,鞋,shoes,xiézi,N,"[""裙子"", ""東西"", ""皮包""]",元真：沒關係，今天沒有合適的，我們可以下個週末再來看。對了，妳要買鞋子吧？趁關門以前先去看看。,verified_v3_book_locked,ok,,2
modern-chinese-l8-dialogue-2,第8課 對話二：這條褲子太小了,True,8,easy,7,0,百貨公司,translation,百貨公司,department store,department store,bǎihuò gōngsī,N,"[""birthday"", ""pants"", ""popular""]",元真：鞋子都在一樓，我們到樓下去吧！九點了，百貨公司快要關了。,verified_v3_book_locked,ok,,2
modern-chinese-l8-dialogue-2,第8課 對話二：這條褲子太小了,True,8,easy,7,0,百貨公司,reverse,department store,百貨公司,department store,bǎihuò gōngsī,N,"[""生日"", ""褲子"", ""流行"", ""百貨公司""]",元真：鞋子都在一樓，我們到樓下去吧！九點了，百貨公司快要關了。,verified_v3_book_locked,ok,,2
modern-chinese-l8-dialogue-2,第8課 對話二：這條褲子太小了,True,8,easy,7,0,百貨公司,listening,🔊 Listen and choose the word you hear.,百貨公司,department store,bǎihuò gōngsī,N,"[""生日"", ""百貨公司"", ""褲子"", ""流行""]",,verified_v3_book_locked,ok,,2
modern-chinese-l8-dialogue-2,第8課 對話二：這條褲子太小了,True,8,easy,7,0,百貨公司,pinyin,Choose the correct pinyin for 「百貨公司」.,bǎihuò gōngsī,department store,bǎihuò gōngsī,N,"[""bǎihuò gōngsǐ"", ""bǎihuò gōngsí"", ""bǎihuò gōngsī"", ""bǎihuò gōngsì""]",元真：鞋子都在一樓，我們到樓下去吧！九點了，百貨公司快要關了。,verified_v3_book_locked,ok,,2
modern-chinese-l8-dialogue-2,第8課 對話二：這條褲子太小了,True,8,easy,7,0,百貨公司,cloze,Complete the sentence.,百貨公司,department store,bǎihuò gōngsī,N,"[""衣服"", ""鞋子"", ""東西""]",元真：鞋子都在一樓，我們到樓下去吧！九點了，____快要關了。,verified_v3_book_locked,ok,,2
modern-chinese-l8-dialogue-2,第8課 對話二：這條褲子太小了,True,8,easy,7,0,百貨公司,pos,What is the part of speech of 「百貨公司」?,N,department store,bǎihuò gōngsī,N,"[""MW"", ""Adj"", ""Quant""]",元真：鞋子都在一樓，我們到樓下去吧！九點了，百貨公司快要關了。,verified_v3_book_locked,ok,,2
modern-chinese-l8-dialogue-2,第8課 對話二：這條褲子太小了,True,8,easy,7,0,百貨公司,synonym,Which word or phrase is closest in meaning to 「百貨公司」?,百貨商場,department store,bǎihuò gōngsī,N,"[""衣服"", ""週末"", ""流行""]",元真：鞋子都在一樓，我們到樓下去吧！九點了，百貨公司快要關了。,verified_v3_book_locked,ok,,2
modern-chinese-l8-dialogue-2,第8課 對話二：這條褲子太小了,True,8,medium,7,0,百貨公司,translation,Choose the best English meaning of 「百貨公司」.,department store,department store,bǎihuò gōngsī,N,"[""shoes"", ""birthday"", ""elevator""]",元真：鞋子都在一樓，我們到樓下去吧！已經九點了，百貨公司快要關了。,verified_v3_book_locked,ok,,2
modern-chinese-l8-dialogue-2,第8課 對話二：這條褲子太小了,True,8,medium,7,0,百貨公司,reverse,Choose the Chinese word for “department store”.,百貨公司,department store,bǎihuò gōngsī,N,"[""百貨公司"", ""鞋子"", ""生日"", ""電梯""]",元真：鞋子都在一樓，我們到樓下去吧！已經九點了，百貨公司快要關了。,verified_v3_book_locked,ok,,2
modern-chinese-l8-dialogue-2,第8課 對話二：這條褲子太小了,True,8,medium,7,0,百貨公司,listening,🔊 Listen and choose the word you hear.,百貨公司,department store,bǎihuò gōngsī,N,"[""鞋子"", ""電梯"", ""生日"", ""百貨公司""]",,verified_v3_book_locked,ok,,2
modern-chinese-l8-dialogue-2,第8課 對話二：這條褲子太小了,True,8,medium,7,0,百貨公司,pinyin,Choose the correct pinyin and tone pattern for 「百貨公司」.,bǎihuò gōngsī,department store,bǎihuò gōngsī,N,"[""bǎihuò gōngsī"", ""bǎihuò gōngsǐ"", ""bǎihuò gōngsì"", ""bǎihuò gōngsí""]",元真：鞋子都在一樓，我們到樓下去吧！已經九點了，百貨公司快要關了。,verified_v3_book_locked,ok,,2
modern-chinese-l8-dialogue-2,第8課 對話二：這條褲子太小了,True,8,medium,7,0,百貨公司,cloze,Choose the word that best completes the sentence.,百貨公司,department store,bǎihuò gōngsī,N,"[""衣服"", ""友美"", ""生日""]",元真：鞋子都在一樓，我們到樓下去吧！已經九點了，____快要關了。,verified_v3_book_locked,ok,,2
modern-chinese-l8-dialogue-2,第8課 對話二：這條褲子太小了,True,8,medium,7,0,百貨公司,pos,"In this sentence, what part of speech is 「百貨公司」?",N,department store,bǎihuò gōngsī,N,"[""Loc"", ""Quant"", ""Pron""]",元真：鞋子都在一樓，我們到樓下去吧！已經九點了，百貨公司快要關了。,verified_v3_book_locked,ok,,2
modern-chinese-l8-dialogue-2,第8課 對話二：這條褲子太小了,True,8,medium,7,0,百貨公司,synonym,"In this lesson context, which expression is closest in meaning to 「百貨公司」?",百貨商場,department store,bǎihuò gōngsī,N,"[""褲子"", ""裙子"", ""衣服""]",元真：鞋子都在一樓，我們到樓下去吧！已經九點了，百貨公司快要關了。,verified_v3_book_locked,ok,,2
modern-chinese-l8-dialogue-2,第8課 對話二：這條褲子太小了,True,8,hard,7,0,百貨公司,translation,"In 「元真：鞋子都在一樓，我們趕快到樓下去吧！已經九點了，百貨公司快要關了，再不去可能來不及。」, what does 「百貨公司」 mean?",department store,department store,bǎihuò gōngsī,N,"[""kitchen"", ""supermarket"", ""bank""]",元真：鞋子都在一樓，我們趕快到樓下去吧！已經九點了，百貨公司快要關了，再不去可能來不及。,verified_v3_book_locked,ok,,2
modern-chinese-l8-dialogue-2,第8課 對話二：這條褲子太小了,True,8,hard,7,0,百貨公司,reverse,Which Chinese word best matches “department store” in this lesson context?,百貨公司,department store,bǎihuò gōngsī,N,"[""廚房"", ""超級市場"", ""銀行"", ""百貨公司""]",元真：鞋子都在一樓，我們趕快到樓下去吧！已經九點了，百貨公司快要關了，再不去可能來不及。,verified_v3_book_locked,ok,,2
modern-chinese-l8-dialogue-2,第8課 對話二：這條褲子太小了,True,8,hard,7,0,百貨公司,listening,🔊 Listen and choose the word you hear.,百貨公司,department store,bǎihuò gōngsī,N,"[""廚房"", ""超級市場"", ""百貨公司"", ""銀行""]",,verified_v3_book_locked,ok,,2
modern-chinese-l8-dialogue-2,第8課 對話二：這條褲子太小了,True,8,hard,7,0,百貨公司,pinyin,Which pinyin exactly matches the lexical tones of 「百貨公司」?,bǎihuò gōngsī,department store,bǎihuò gōngsī,N,"[""bǎihuò gōngsǐ"", ""bǎihuò gōngsì"", ""bǎihuò gōngsī"", ""bǎihuò gōngsí""]",元真：鞋子都在一樓，我們趕快到樓下去吧！已經九點了，百貨公司快要關了，再不去可能來不及。,verified_v3_book_locked,ok,,2
modern-chinese-l8-dialogue-2,第8課 對話二：這條褲子太小了,True,8,hard,7,0,百貨公司,cloze,Choose the most contextually appropriate word for the blank.,百貨公司,department store,bǎihuò gōngsī,N,"[""裙子"", ""友美"", ""鞋子""]",元真：鞋子都在一樓，我們趕快到樓下去吧！已經九點了，____快要關了，再不去可能來不及。,verified_v3_book_locked,ok,,2
modern-chinese-l8-dialogue-2,第8課 對話二：這條褲子太小了,True,8,hard,7,0,百貨公司,pos,Classify the grammatical category of 「百貨公司」 as used in the sentence.,N,department store,bǎihuò gōngsī,N,"[""V"", ""MW"", ""Prep""]",元真：鞋子都在一樓，我們趕快到樓下去吧！已經九點了，百貨公司快要關了，再不去可能來不及。,verified_v3_book_locked,ok,,2
modern-chinese-l8-dialogue-2,第8課 對話二：這條褲子太小了,True,8,hard,7,0,百貨公司,synonym,Which expression can best replace 「百貨公司」 without changing the intended meaning?,百貨商場,department store,bǎihuò gōngsī,N,"[""宿舍"", ""學校"", ""房間""]",元真：鞋子都在一樓，我們趕快到樓下去吧！已經九點了，百貨公司快要關了，再不去可能來不及。,verified_v3_book_locked,ok,,2
modern-chinese-l8-dialogue-2,第8課 對話二：這條褲子太小了,True,8,easy,7,1,鞋子,translation,鞋子,shoes,shoes,xiézi,N,"[""thing / item"", ""pants"", ""birthday""]",元真：鞋子都在一樓，我們到樓下去吧！九點了，百貨公司快要關了。,verified_v3_book_locked,ok,,2
modern-chinese-l8-dialogue-2,第8課 對話二：這條褲子太小了,True,8,easy,7,1,鞋子,reverse,shoes,鞋子,shoes,xiézi,N,"[""東西"", ""褲子"", ""鞋子"", ""生日""]",元真：鞋子都在一樓，我們到樓下去吧！九點了，百貨公司快要關了。,verified_v3_book_locked,ok,,2
modern-chinese-l8-dialogue-2,第8課 對話二：這條褲子太小了,True,8,easy,7,1,鞋子,listening,🔊 Listen and choose the word you hear.,鞋子,shoes,xiézi,N,"[""鞋子"", ""褲子"", ""東西"", ""生日""]",,verified_v3_book_locked,ok,,2
modern-chinese-l8-dialogue-2,第8課 對話二：這條褲子太小了,True,8,easy,7,1,鞋子,pinyin,Choose the correct pinyin for 「鞋子」.,xiézi,shoes,xiézi,N,"[""xiēzi"", ""xièzi"", ""xiězi"", ""xiézi""]",元真：鞋子都在一樓，我們到樓下去吧！九點了，百貨公司快要關了。,verified_v3_book_locked,ok,,2
modern-chinese-l8-dialogue-2,第8課 對話二：這條褲子太小了,True,8,easy,7,1,鞋子,cloze,Complete the sentence.,鞋子,shoes,xiézi,N,"[""衣服"", ""錢"", ""百貨公司""]",元真：____都在一樓，我們到樓下去吧！九點了，百貨公司快要關了。,verified_v3_book_locked,ok,,2
modern-chinese-l8-dialogue-2,第8課 對話二：這條褲子太小了,True,8,easy,7,1,鞋子,pos,What is the part of speech of 「鞋子」?,N,shoes,xiézi,N,"[""MW"", ""V"", ""Pron""]",元真：鞋子都在一樓，我們到樓下去吧！九點了，百貨公司快要關了。,verified_v3_book_locked,ok,,2
modern-chinese-l8-dialogue-2,第8課 對話二：這條褲子太小了,True,8,easy,7,1,鞋子,synonym,Which word or phrase is closest in meaning to 「鞋子」?,鞋,shoes,xiézi,N,"[""生日"", ""漂亮"", ""東西""]",元真：鞋子都在一樓，我們到樓下去吧！九點了，百貨公司快要關了。,verified_v3_book_locked,ok,,2
modern-chinese-l8-dialogue-2,第8課 對話二：這條褲子太小了,True,8,medium,7,1,鞋子,translation,Choose the best English meaning of 「鞋子」.,shoes,shoes,xiézi,N,"[""skirt"", ""pants"", ""clothes""]",元真：鞋子都在一樓，我們到樓下去吧！已經九點了，百貨公司快要關了。,verified_v3_book_locked,ok,,2
modern-chinese-l8-dialogue-2,第8課 對話二：這條褲子太小了,True,8,medium,7,1,鞋子,reverse,Choose the Chinese word for “shoes”.,鞋子,shoes,xiézi,N,"[""鞋子"", ""褲子"", ""裙子"", ""衣服""]",元真：鞋子都在一樓，我們到樓下去吧！已經九點了，百貨公司快要關了。,verified_v3_book_locked,ok,,2
modern-chinese-l8-dialogue-2,第8課 對話二：這條褲子太小了,True,8,medium,7,1,鞋子,listening,🔊 Listen and choose the word you hear.,鞋子,shoes,xiézi,N,"[""鞋子"", ""衣服"", ""裙子"", ""褲子""]",,verified_v3_book_locked,ok,,2
modern-chinese-l8-dialogue-2,第8課 對話二：這條褲子太小了,True,8,medium,7,1,鞋子,pinyin,Choose the correct pinyin and tone pattern for 「鞋子」.,xiézi,shoes,xiézi,N,"[""xiézi"", ""xiězi"", ""xiēzi"", ""xièzi""]",元真：鞋子都在一樓，我們到樓下去吧！已經九點了，百貨公司快要關了。,verified_v3_book_locked,ok,,2
modern-chinese-l8-dialogue-2,第8課 對話二：這條褲子太小了,True,8,medium,7,1,鞋子,cloze,Choose the word that best completes the sentence.,鞋子,shoes,xiézi,N,"[""錢"", ""裙子"", ""生日""]",元真：____都在一樓，我們到樓下去吧！已經九點了，百貨公司快要關了。,verified_v3_book_locked,ok,,2
modern-chinese-l8-dialogue-2,第8課 對話二：這條褲子太小了,True,8,medium,7,1,鞋子,pos,"In this sentence, what part of speech is 「鞋子」?",N,shoes,xiézi,N,"[""Pron"", ""Adj"", ""Loc""]",元真：鞋子都在一樓，我們到樓下去吧！已經九點了，百貨公司快要關了。,verified_v3_book_locked,ok,,2
modern-chinese-l8-dialogue-2,第8課 對話二：這條褲子太小了,True,8,medium,7,1,鞋子,synonym,"In this lesson context, which expression is closest in meaning to 「鞋子」?",鞋,shoes,xiézi,N,"[""衣服"", ""電梯"", ""褲子""]",元真：鞋子都在一樓，我們到樓下去吧！已經九點了，百貨公司快要關了。,verified_v3_book_locked,ok,,2
modern-chinese-l8-dialogue-2,第8課 對話二：這條褲子太小了,True,8,hard,7,1,鞋子,translation,"In 「元真：鞋子都在一樓，我們趕快到樓下去吧！已經九點了，百貨公司快要關了，再不去可能來不及。」, what does 「鞋子」 mean?",shoes,shoes,xiézi,N,"[""skirt"", ""thing / item"", ""money""]",元真：鞋子都在一樓，我們趕快到樓下去吧！已經九點了，百貨公司快要關了，再不去可能來不及。,verified_v3_book_locked,ok,,2
modern-chinese-l8-dialogue-2,第8課 對話二：這條褲子太小了,True,8,hard,7,1,鞋子,reverse,Which Chinese word best matches “shoes” in this lesson context?,鞋子,shoes,xiézi,N,"[""裙子"", ""東西"", ""錢"", ""鞋子""]",元真：鞋子都在一樓，我們趕快到樓下去吧！已經九點了，百貨公司快要關了，再不去可能來不及。,verified_v3_book_locked,ok,,2
modern-chinese-l8-dialogue-2,第8課 對話二：這條褲子太小了,True,8,hard,7,1,鞋子,listening,🔊 Listen and choose the word you hear.,鞋子,shoes,xiézi,N,"[""鞋子"", ""裙子"", ""錢"", ""東西""]",,verified_v3_book_locked,ok,,2
modern-chinese-l8-dialogue-2,第8課 對話二：這條褲子太小了,True,8,hard,7,1,鞋子,pinyin,Which pinyin exactly matches the lexical tones of 「鞋子」?,xiézi,shoes,xiézi,N,"[""xièzi"", ""xiézi"", ""xiězi"", ""xiēzi""]",元真：鞋子都在一樓，我們趕快到樓下去吧！已經九點了，百貨公司快要關了，再不去可能來不及。,verified_v3_book_locked,ok,,2
modern-chinese-l8-dialogue-2,第8課 對話二：這條褲子太小了,True,8,hard,7,1,鞋子,cloze,Choose the most contextually appropriate word for the blank.,鞋子,shoes,xiézi,N,"[""週末"", ""下午"", ""星期六""]",元真：____都在一樓，我們趕快到樓下去吧！已經九點了，百貨公司快要關了，再不去可能來不及。,verified_v3_book_locked,ok,,2
modern-chinese-l8-dialogue-2,第8課 對話二：這條褲子太小了,True,8,hard,7,1,鞋子,pos,Classify the grammatical category of 「鞋子」 as used in the sentence.,N,shoes,xiézi,N,"[""Prep"", ""Pron"", ""Loc""]",元真：鞋子都在一樓，我們趕快到樓下去吧！已經九點了，百貨公司快要關了，再不去可能來不及。,verified_v3_book_locked,ok,,2
modern-chinese-l8-dialogue-2,第8課 對話二：這條褲子太小了,True,8,hard,7,1,鞋子,synonym,Which expression can best replace 「鞋子」 without changing the intended meaning?,鞋,shoes,xiézi,N,"[""皮包"", ""裙子"", ""帽子""]",元真：鞋子都在一樓，我們趕快到樓下去吧！已經九點了，百貨公司快要關了，再不去可能來不及。,verified_v3_book_locked,ok,,2
modern-chinese-l8-dialogue-2,第8課 對話二：這條褲子太小了,True,8,easy,8,0,電梯,translation,電梯,elevator,elevator,diàntī,N,"[""department store"", ""clothes"", ""thing / item""]",宜文：電梯在那裡！我們現在去買。,verified_v3_book_locked,ok,,2
modern-chinese-l8-dialogue-2,第8課 對話二：這條褲子太小了,True,8,easy,8,0,電梯,reverse,elevator,電梯,elevator,diàntī,N,"[""百貨公司"", ""衣服"", ""電梯"", ""東西""]",宜文：電梯在那裡！我們現在去買。,verified_v3_book_locked,ok,,2
modern-chinese-l8-dialogue-2,第8課 對話二：這條褲子太小了,True,8,easy,8,0,電梯,listening,🔊 Listen and choose the word you hear.,電梯,elevator,diàntī,N,"[""電梯"", ""百貨公司"", ""衣服"", ""東西""]",,verified_v3_book_locked,ok,,2
modern-chinese-l8-dialogue-2,第8課 對話二：這條褲子太小了,True,8,easy,8,0,電梯,pinyin,Choose the correct pinyin for 「電梯」.,diàntī,elevator,diàntī,N,"[""diàntí"", ""diàntī"", ""diàntǐ"", ""diàntì""]",宜文：電梯在那裡！我們現在去買。,verified_v3_book_locked,ok,,2
modern-chinese-l8-dialogue-2,第8課 對話二：這條褲子太小了,True,8,easy,8,0,電梯,cloze,Complete the sentence.,電梯,elevator,diàntī,N,"[""東西"", ""友美"", ""百貨公司""]",宜文：____在那裡！我們現在去買。,verified_v3_book_locked,ok,,2
modern-chinese-l8-dialogue-2,第8課 對話二：這條褲子太小了,True,8,easy,8,0,電梯,pos,What is the part of speech of 「電梯」?,N,elevator,diàntī,N,"[""Prep"", ""V"", ""Quant""]",宜文：電梯在那裡！我們現在去買。,verified_v3_book_locked,ok,,2
modern-chinese-l8-dialogue-2,第8課 對話二：這條褲子太小了,True,8,medium,8,0,電梯,translation,Choose the best English meaning of 「電梯」.,elevator,elevator,diàntī,N,"[""shoes"", ""department store"", ""birthday""]",宜文：電梯在那裡！我們現在就去買吧。,verified_v3_book_locked,ok,,2
modern-chinese-l8-dialogue-2,第8課 對話二：這條褲子太小了,True,8,medium,8,0,電梯,reverse,Choose the Chinese word for “elevator”.,電梯,elevator,diàntī,N,"[""百貨公司"", ""電梯"", ""鞋子"", ""生日""]",宜文：電梯在那裡！我們現在就去買吧。,verified_v3_book_locked,ok,,2
modern-chinese-l8-dialogue-2,第8課 對話二：這條褲子太小了,True,8,medium,8,0,電梯,listening,🔊 Listen and choose the word you hear.,電梯,elevator,diàntī,N,"[""電梯"", ""生日"", ""百貨公司"", ""鞋子""]",,verified_v3_book_locked,ok,,2
modern-chinese-l8-dialogue-2,第8課 對話二：這條褲子太小了,True,8,medium,8,0,電梯,pinyin,Choose the correct pinyin and tone pattern for 「電梯」.,diàntī,elevator,diàntī,N,"[""diàntī"", ""diàntì"", ""diàntǐ"", ""diàntí""]",宜文：電梯在那裡！我們現在就去買吧。,verified_v3_book_locked,ok,,2
modern-chinese-l8-dialogue-2,第8課 對話二：這條褲子太小了,True,8,medium,8,0,電梯,cloze,Choose the word that best completes the sentence.,電梯,elevator,diàntī,N,"[""東西"", ""百貨公司"", ""衣服""]",宜文：____在那裡！我們現在就去買吧。,verified_v3_book_locked,ok,,2
modern-chinese-l8-dialogue-2,第8課 對話二：這條褲子太小了,True,8,medium,8,0,電梯,pos,"In this sentence, what part of speech is 「電梯」?",N,elevator,diàntī,N,"[""MW"", ""Adj"", ""V""]",宜文：電梯在那裡！我們現在就去買吧。,verified_v3_book_locked,ok,,2
modern-chinese-l8-dialogue-2,第8課 對話二：這條褲子太小了,True,8,hard,8,0,電梯,translation,"In 「宜文：好，電梯就在那裡！我們現在下樓去買，希望還有時間試穿。」, what does 「電梯」 mean?",elevator,elevator,diàntī,N,"[""airplane"", ""MRT"", ""scooter""]",宜文：好，電梯就在那裡！我們現在下樓去買，希望還有時間試穿。,verified_v3_book_locked,ok,,2
modern-chinese-l8-dialogue-2,第8課 對話二：這條褲子太小了,True,8,hard,8,0,電梯,reverse,Which Chinese word best matches “elevator” in this lesson context?,電梯,elevator,diàntī,N,"[""機車"", ""電梯"", ""捷運"", ""飛機""]",宜文：好，電梯就在那裡！我們現在下樓去買，希望還有時間試穿。,verified_v3_book_locked,ok,,2
modern-chinese-l8-dialogue-2,第8課 對話二：這條褲子太小了,True,8,hard,8,0,電梯,listening,🔊 Listen and choose the word you hear.,電梯,elevator,diàntī,N,"[""捷運"", ""機車"", ""飛機"", ""電梯""]",,verified_v3_book_locked,ok,,2
modern-chinese-l8-dialogue-2,第8課 對話二：這條褲子太小了,True,8,hard,8,0,電梯,pinyin,Which pinyin exactly matches the lexical tones of 「電梯」?,diàntī,elevator,diàntī,N,"[""diàntī"", ""diàntǐ"", ""diàntì"", ""diàntí""]",宜文：好，電梯就在那裡！我們現在下樓去買，希望還有時間試穿。,verified_v3_book_locked,ok,,2
modern-chinese-l8-dialogue-2,第8課 對話二：這條褲子太小了,True,8,hard,8,0,電梯,cloze,Choose the most contextually appropriate word for the blank.,電梯,elevator,diàntī,N,"[""百貨公司"", ""週末"", ""鞋子""]",宜文：好，____就在那裡！我們現在下樓去買，希望還有時間試穿。,verified_v3_book_locked,ok,,2
modern-chinese-l8-dialogue-2,第8課 對話二：這條褲子太小了,True,8,hard,8,0,電梯,pos,Classify the grammatical category of 「電梯」 as used in the sentence.,N,elevator,diàntī,N,"[""Quant"", ""Adv"", ""V""]",宜文：好，電梯就在那裡！我們現在下樓去買，希望還有時間試穿。,verified_v3_book_locked,ok,,2
modern-chinese-l8-reading,第8課 短文：年輕人喜歡新東西,True,8,easy,0,0,衣服,translation,衣服,clothes,clothes,yīfu,N,"[""weekend"", ""skirt"", ""thing / item""]",百貨公司裡有很多衣服、鞋子和皮包。,verified_v3_book_locked,ok,,3
modern-chinese-l8-reading,第8課 短文：年輕人喜歡新東西,True,8,easy,0,0,衣服,reverse,clothes,衣服,clothes,yīfu,N,"[""衣服"", ""裙子"", ""週末"", ""東西""]",百貨公司裡有很多衣服、鞋子和皮包。,verified_v3_book_locked,ok,,3
modern-chinese-l8-reading,第8課 短文：年輕人喜歡新東西,True,8,easy,0,0,衣服,listening,🔊 Listen and choose the word you hear.,衣服,clothes,yīfu,N,"[""裙子"", ""東西"", ""衣服"", ""週末""]",,verified_v3_book_locked,ok,,3
modern-chinese-l8-reading,第8課 短文：年輕人喜歡新東西,True,8,easy,0,0,衣服,pinyin,Choose the correct pinyin for 「衣服」.,yīfu,clothes,yīfu,N,"[""yìfu"", ""yīfu"", ""yífu"", ""yǐfu""]",百貨公司裡有很多衣服、鞋子和皮包。,verified_v3_book_locked,ok,,3
modern-chinese-l8-reading,第8課 短文：年輕人喜歡新東西,True,8,easy,0,0,衣服,cloze,Complete the sentence.,衣服,clothes,yīfu,N,"[""錢"", ""百貨公司"", ""鞋子""]",百貨公司裡有很多____、鞋子和皮包。,verified_v3_book_locked,ok,,3
modern-chinese-l8-reading,第8課 短文：年輕人喜歡新東西,True,8,easy,0,0,衣服,pos,What is the part of speech of 「衣服」?,N,clothes,yīfu,N,"[""Loc"", ""Prep"", ""V""]",百貨公司裡有很多衣服、鞋子和皮包。,verified_v3_book_locked,ok,,3
modern-chinese-l8-reading,第8課 短文：年輕人喜歡新東西,True,8,easy,0,0,衣服,synonym,Which word or phrase is closest in meaning to 「衣服」?,衣物,clothes,yīfu,N,"[""漂亮"", ""週末"", ""褲子""]",百貨公司裡有很多衣服、鞋子和皮包。,verified_v3_book_locked,ok,,3
modern-chinese-l8-reading,第8課 短文：年輕人喜歡新東西,True,8,medium,0,0,衣服,translation,Choose the best English meaning of 「衣服」.,clothes,clothes,yīfu,N,"[""weekend"", ""skirt"", ""birthday""]",百貨公司裡有很多衣服、鞋子和皮包，選擇非常多。,verified_v3_book_locked,ok,,3
modern-chinese-l8-reading,第8課 短文：年輕人喜歡新東西,True,8,medium,0,0,衣服,reverse,Choose the Chinese word for “clothes”.,衣服,clothes,yīfu,N,"[""衣服"", ""裙子"", ""週末"", ""生日""]",百貨公司裡有很多衣服、鞋子和皮包，選擇非常多。,verified_v3_book_locked,ok,,3
modern-chinese-l8-reading,第8課 短文：年輕人喜歡新東西,True,8,medium,0,0,衣服,listening,🔊 Listen and choose the word you hear.,衣服,clothes,yīfu,N,"[""裙子"", ""生日"", ""週末"", ""衣服""]",,verified_v3_book_locked,ok,,3
modern-chinese-l8-reading,第8課 短文：年輕人喜歡新東西,True,8,medium,0,0,衣服,pinyin,Choose the correct pinyin and tone pattern for 「衣服」.,yīfu,clothes,yīfu,N,"[""yǐfu"", ""yífu"", ""yīfu"", ""yìfu""]",百貨公司裡有很多衣服、鞋子和皮包，選擇非常多。,verified_v3_book_locked,ok,,3
modern-chinese-l8-reading,第8課 短文：年輕人喜歡新東西,True,8,medium,0,0,衣服,cloze,Choose the word that best completes the sentence.,衣服,clothes,yīfu,N,"[""百貨公司"", ""裙子"", ""東西""]",百貨公司裡有很多____、鞋子和皮包，選擇非常多。,verified_v3_book_locked,ok,,3
modern-chinese-l8-reading,第8課 短文：年輕人喜歡新東西,True,8,medium,0,0,衣服,pos,"In this sentence, what part of speech is 「衣服」?",N,clothes,yīfu,N,"[""Adv"", ""Adj"", ""Quant""]",百貨公司裡有很多衣服、鞋子和皮包，選擇非常多。,verified_v3_book_locked,ok,,3
modern-chinese-l8-reading,第8課 短文：年輕人喜歡新東西,True,8,medium,0,0,衣服,synonym,"In this lesson context, which expression is closest in meaning to 「衣服」?",衣物,clothes,yīfu,N,"[""週末"", ""褲子"", ""裙子""]",百貨公司裡有很多衣服、鞋子和皮包，選擇非常多。,verified_v3_book_locked,ok,,3
modern-chinese-l8-reading,第8課 短文：年輕人喜歡新東西,True,8,hard,0,0,衣服,translation,"In 「百貨公司裡有很多衣服、鞋子和皮包，不同樓層賣不同的商品，所以逛一次常常要花不少時間。」, what does 「衣服」 mean?",clothes,clothes,yīfu,N,"[""glasses"", ""hat"", ""shoes""]",百貨公司裡有很多衣服、鞋子和皮包，不同樓層賣不同的商品，所以逛一次常常要花不少時間。,verified_v3_book_locked,ok,,3
modern-chinese-l8-reading,第8課 短文：年輕人喜歡新東西,True,8,hard,0,0,衣服,reverse,Which Chinese word best matches “clothes” in this lesson context?,衣服,clothes,yīfu,N,"[""帽子"", ""鞋子"", ""衣服"", ""眼鏡""]",百貨公司裡有很多衣服、鞋子和皮包，不同樓層賣不同的商品，所以逛一次常常要花不少時間。,verified_v3_book_locked,ok,,3
modern-chinese-l8-reading,第8課 短文：年輕人喜歡新東西,True,8,hard,0,0,衣服,listening,🔊 Listen and choose the word you hear.,衣服,clothes,yīfu,N,"[""帽子"", ""鞋子"", ""衣服"", ""眼鏡""]",,verified_v3_book_locked,ok,,3
modern-chinese-l8-reading,第8課 短文：年輕人喜歡新東西,True,8,hard,0,0,衣服,pinyin,Which pinyin exactly matches the lexical tones of 「衣服」?,yīfu,clothes,yīfu,N,"[""yǐfu"", ""yīfu"", ""yífu"", ""yìfu""]",百貨公司裡有很多衣服、鞋子和皮包，不同樓層賣不同的商品，所以逛一次常常要花不少時間。,verified_v3_book_locked,ok,,3
modern-chinese-l8-reading,第8課 短文：年輕人喜歡新東西,True,8,hard,0,0,衣服,cloze,Choose the most contextually appropriate word for the blank.,衣服,clothes,yīfu,N,"[""家"", ""下午茶"", ""友美""]",百貨公司裡有很多____、鞋子和皮包，不同樓層賣不同的商品，所以逛一次常常要花不少時間。,verified_v3_book_locked,ok,,3
modern-chinese-l8-reading,第8課 短文：年輕人喜歡新東西,True,8,hard,0,0,衣服,pos,Classify the grammatical category of 「衣服」 as used in the sentence.,N,clothes,yīfu,N,"[""Adj"", ""Prep"", ""V""]",百貨公司裡有很多衣服、鞋子和皮包，不同樓層賣不同的商品，所以逛一次常常要花不少時間。,verified_v3_book_locked,ok,,3
modern-chinese-l8-reading,第8課 短文：年輕人喜歡新東西,True,8,hard,0,0,衣服,synonym,Which expression can best replace 「衣服」 without changing the intended meaning?,衣物,clothes,yīfu,N,"[""東西"", ""外套"", ""裙子""]",百貨公司裡有很多衣服、鞋子和皮包，不同樓層賣不同的商品，所以逛一次常常要花不少時間。,verified_v3_book_locked,ok,,3
modern-chinese-l8-reading,第8課 短文：年輕人喜歡新東西,True,8,easy,0,1,百貨公司,translation,百貨公司,department store,department store,bǎihuò gōngsī,N,"[""birthday"", ""popular"", ""pants""]",百貨公司裡有很多衣服、鞋子和皮包。,verified_v3_book_locked,ok,,3
modern-chinese-l8-reading,第8課 短文：年輕人喜歡新東西,True,8,easy,0,1,百貨公司,reverse,department store,百貨公司,department store,bǎihuò gōngsī,N,"[""生日"", ""百貨公司"", ""流行"", ""褲子""]",百貨公司裡有很多衣服、鞋子和皮包。,verified_v3_book_locked,ok,,3
modern-chinese-l8-reading,第8課 短文：年輕人喜歡新東西,True,8,easy,0,1,百貨公司,listening,🔊 Listen and choose the word you hear.,百貨公司,department store,bǎihuò gōngsī,N,"[""流行"", ""百貨公司"", ""生日"", ""褲子""]",,verified_v3_book_locked,ok,,3
modern-chinese-l8-reading,第8課 短文：年輕人喜歡新東西,True,8,easy,0,1,百貨公司,pinyin,Choose the correct pinyin for 「百貨公司」.,bǎihuò gōngsī,department store,bǎihuò gōngsī,N,"[""bǎihuò gōngsí"", ""bǎihuò gōngsī"", ""bǎihuò gōngsì"", ""bǎihuò gōngsǐ""]",百貨公司裡有很多衣服、鞋子和皮包。,verified_v3_book_locked,ok,,3
modern-chinese-l8-reading,第8課 短文：年輕人喜歡新東西,True,8,easy,0,1,百貨公司,cloze,Complete the sentence.,百貨公司,department store,bǎihuò gōngsī,N,"[""電梯"", ""錢"", ""週末""]",____裡有很多衣服、鞋子和皮包。,verified_v3_book_locked,ok,,3
modern-chinese-l8-reading,第8課 短文：年輕人喜歡新東西,True,8,easy,0,1,百貨公司,pos,What is the part of speech of 「百貨公司」?,N,department store,bǎihuò gōngsī,N,"[""MW"", ""Adj"", ""Quant""]",百貨公司裡有很多衣服、鞋子和皮包。,verified_v3_book_locked,ok,,3
modern-chinese-l8-reading,第8課 短文：年輕人喜歡新東西,True,8,easy,0,1,百貨公司,synonym,Which word or phrase is closest in meaning to 「百貨公司」?,百貨商場,department store,bǎihuò gōngsī,N,"[""流行"", ""週末"", ""漂亮""]",百貨公司裡有很多衣服、鞋子和皮包。,verified_v3_book_locked,ok,,3
modern-chinese-l8-reading,第8課 短文：年輕人喜歡新東西,True,8,medium,0,1,百貨公司,translation,Choose the best English meaning of 「百貨公司」.,department store,department store,bǎihuò gōngsī,N,"[""elevator"", ""shoes"", ""thing / item""]",百貨公司裡有很多衣服、鞋子和皮包，選擇非常多。,verified_v3_book_locked,ok,,3
modern-chinese-l8-reading,第8課 短文：年輕人喜歡新東西,True,8,medium,0,1,百貨公司,reverse,Choose the Chinese word for “department store”.,百貨公司,department store,bǎihuò gōngsī,N,"[""鞋子"", ""東西"", ""百貨公司"", ""電梯""]",百貨公司裡有很多衣服、鞋子和皮包，選擇非常多。,verified_v3_book_locked,ok,,3
modern-chinese-l8-reading,第8課 短文：年輕人喜歡新東西,True,8,medium,0,1,百貨公司,listening,🔊 Listen and choose the word you hear.,百貨公司,department store,bǎihuò gōngsī,N,"[""電梯"", ""百貨公司"", ""東西"", ""鞋子""]",,verified_v3_book_locked,ok,,3
modern-chinese-l8-reading,第8課 短文：年輕人喜歡新東西,True,8,medium,0,1,百貨公司,pinyin,Choose the correct pinyin and tone pattern for 「百貨公司」.,bǎihuò gōngsī,department store,bǎihuò gōngsī,N,"[""bǎihuò gōngsī"", ""bǎihuò gōngsí"", ""bǎihuò gōngsǐ"", ""bǎihuò gōngsì""]",百貨公司裡有很多衣服、鞋子和皮包，選擇非常多。,verified_v3_book_locked,ok,,3
modern-chinese-l8-reading,第8課 短文：年輕人喜歡新東西,True,8,medium,0,1,百貨公司,cloze,Choose the word that best completes the sentence.,百貨公司,department store,bǎihuò gōngsī,N,"[""友美"", ""生日"", ""電梯""]",____裡有很多衣服、鞋子和皮包，選擇非常多。,verified_v3_book_locked,ok,,3
modern-chinese-l8-reading,第8課 短文：年輕人喜歡新東西,True,8,medium,0,1,百貨公司,pos,"In this sentence, what part of speech is 「百貨公司」?",N,department store,bǎihuò gōngsī,N,"[""Loc"", ""Quant"", ""Pron""]",百貨公司裡有很多衣服、鞋子和皮包，選擇非常多。,verified_v3_book_locked,ok,,3
modern-chinese-l8-reading,第8課 短文：年輕人喜歡新東西,True,8,medium,0,1,百貨公司,synonym,"In this lesson context, which expression is closest in meaning to 「百貨公司」?",百貨商場,department store,bǎihuò gōngsī,N,"[""裙子"", ""褲子"", ""東西""]",百貨公司裡有很多衣服、鞋子和皮包，選擇非常多。,verified_v3_book_locked,ok,,3
modern-chinese-l8-reading,第8課 短文：年輕人喜歡新東西,True,8,hard,0,1,百貨公司,translation,"In 「百貨公司裡有很多衣服、鞋子和皮包，不同樓層賣不同的商品，所以逛一次常常要花不少時間。」, what does 「百貨公司」 mean?",department store,department store,bǎihuò gōngsī,N,"[""room"", ""living room"", ""classroom""]",百貨公司裡有很多衣服、鞋子和皮包，不同樓層賣不同的商品，所以逛一次常常要花不少時間。,verified_v3_book_locked,ok,,3
modern-chinese-l8-reading,第8課 短文：年輕人喜歡新東西,True,8,hard,0,1,百貨公司,reverse,Which Chinese word best matches “department store” in this lesson context?,百貨公司,department store,bǎihuò gōngsī,N,"[""客廳"", ""房間"", ""教室"", ""百貨公司""]",百貨公司裡有很多衣服、鞋子和皮包，不同樓層賣不同的商品，所以逛一次常常要花不少時間。,verified_v3_book_locked,ok,,3
modern-chinese-l8-reading,第8課 短文：年輕人喜歡新東西,True,8,hard,0,1,百貨公司,listening,🔊 Listen and choose the word you hear.,百貨公司,department store,bǎihuò gōngsī,N,"[""教室"", ""客廳"", ""房間"", ""百貨公司""]",,verified_v3_book_locked,ok,,3
modern-chinese-l8-reading,第8課 短文：年輕人喜歡新東西,True,8,hard,0,1,百貨公司,pinyin,Which pinyin exactly matches the lexical tones of 「百貨公司」?,bǎihuò gōngsī,department store,bǎihuò gōngsī,N,"[""bǎihuò gōngsī"", ""bǎihuò gōngsì"", ""bǎihuò gōngsǐ"", ""bǎihuò gōngsí""]",百貨公司裡有很多衣服、鞋子和皮包，不同樓層賣不同的商品，所以逛一次常常要花不少時間。,verified_v3_book_locked,ok,,3
modern-chinese-l8-reading,第8課 短文：年輕人喜歡新東西,True,8,hard,0,1,百貨公司,cloze,Choose the most contextually appropriate word for the blank.,百貨公司,department store,bǎihuò gōngsī,N,"[""鞋子"", ""電梯"", ""衣服""]",____裡有很多衣服、鞋子和皮包，不同樓層賣不同的商品，所以逛一次常常要花不少時間。,verified_v3_book_locked,ok,,3
modern-chinese-l8-reading,第8課 短文：年輕人喜歡新東西,True,8,hard,0,1,百貨公司,pos,Classify the grammatical category of 「百貨公司」 as used in the sentence.,N,department store,bǎihuò gōngsī,N,"[""V"", ""MW"", ""Prep""]",百貨公司裡有很多衣服、鞋子和皮包，不同樓層賣不同的商品，所以逛一次常常要花不少時間。,verified_v3_book_locked,ok,,3
modern-chinese-l8-reading,第8課 短文：年輕人喜歡新東西,True,8,hard,0,1,百貨公司,synonym,Which expression can best replace 「百貨公司」 without changing the intended meaning?,百貨商場,department store,bǎihuò gōngsī,N,"[""家"", ""教室"", ""餐廳""]",百貨公司裡有很多衣服、鞋子和皮包，不同樓層賣不同的商品，所以逛一次常常要花不少時間。,verified_v3_book_locked,ok,,3
modern-chinese-l8-reading,第8課 短文：年輕人喜歡新東西,True,8,easy,0,2,鞋子,translation,鞋子,shoes,shoes,xiézi,N,"[""popular"", ""pants"", ""skirt""]",百貨公司裡有很多衣服、鞋子和皮包。,verified_v3_book_locked,ok,,3
modern-chinese-l8-reading,第8課 短文：年輕人喜歡新東西,True,8,easy,0,2,鞋子,reverse,shoes,鞋子,shoes,xiézi,N,"[""流行"", ""鞋子"", ""褲子"", ""裙子""]",百貨公司裡有很多衣服、鞋子和皮包。,verified_v3_book_locked,ok,,3
modern-chinese-l8-reading,第8課 短文：年輕人喜歡新東西,True,8,easy,0,2,鞋子,listening,🔊 Listen and choose the word you hear.,鞋子,shoes,xiézi,N,"[""裙子"", ""褲子"", ""鞋子"", ""流行""]",,verified_v3_book_locked,ok,,3
modern-chinese-l8-reading,第8課 短文：年輕人喜歡新東西,True,8,easy,0,2,鞋子,pinyin,Choose the correct pinyin for 「鞋子」.,xiézi,shoes,xiézi,N,"[""xiēzi"", ""xiézi"", ""xièzi"", ""xiězi""]",百貨公司裡有很多衣服、鞋子和皮包。,verified_v3_book_locked,ok,,3
modern-chinese-l8-reading,第8課 短文：年輕人喜歡新東西,True,8,easy,0,2,鞋子,cloze,Complete the sentence.,鞋子,shoes,xiézi,N,"[""衣服"", ""週末"", ""褲子""]",百貨公司裡有很多衣服、____和皮包。,verified_v3_book_locked,ok,,3
modern-chinese-l8-reading,第8課 短文：年輕人喜歡新東西,True,8,easy,0,2,鞋子,pos,What is the part of speech of 「鞋子」?,N,shoes,xiézi,N,"[""MW"", ""V"", ""Pron""]",百貨公司裡有很多衣服、鞋子和皮包。,verified_v3_book_locked,ok,,3
modern-chinese-l8-reading,第8課 短文：年輕人喜歡新東西,True,8,easy,0,2,鞋子,synonym,Which word or phrase is closest in meaning to 「鞋子」?,鞋,shoes,xiézi,N,"[""裙子"", ""流行"", ""百貨公司""]",百貨公司裡有很多衣服、鞋子和皮包。,verified_v3_book_locked,ok,,3
modern-chinese-l8-reading,第8課 短文：年輕人喜歡新東西,True,8,medium,0,2,鞋子,translation,Choose the best English meaning of 「鞋子」.,shoes,shoes,xiézi,N,"[""weekend"", ""skirt"", ""department store""]",百貨公司裡有很多衣服、鞋子和皮包，選擇非常多。,verified_v3_book_locked,ok,,3
modern-chinese-l8-reading,第8課 短文：年輕人喜歡新東西,True,8,medium,0,2,鞋子,reverse,Choose the Chinese word for “shoes”.,鞋子,shoes,xiézi,N,"[""裙子"", ""鞋子"", ""週末"", ""百貨公司""]",百貨公司裡有很多衣服、鞋子和皮包，選擇非常多。,verified_v3_book_locked,ok,,3
modern-chinese-l8-reading,第8課 短文：年輕人喜歡新東西,True,8,medium,0,2,鞋子,listening,🔊 Listen and choose the word you hear.,鞋子,shoes,xiézi,N,"[""裙子"", ""週末"", ""鞋子"", ""百貨公司""]",,verified_v3_book_locked,ok,,3
modern-chinese-l8-reading,第8課 短文：年輕人喜歡新東西,True,8,medium,0,2,鞋子,pinyin,Choose the correct pinyin and tone pattern for 「鞋子」.,xiézi,shoes,xiézi,N,"[""xiězi"", ""xièzi"", ""xiēzi"", ""xiézi""]",百貨公司裡有很多衣服、鞋子和皮包，選擇非常多。,verified_v3_book_locked,ok,,3
modern-chinese-l8-reading,第8課 短文：年輕人喜歡新東西,True,8,medium,0,2,鞋子,cloze,Choose the word that best completes the sentence.,鞋子,shoes,xiézi,N,"[""裙子"", ""褲子"", ""錢""]",百貨公司裡有很多衣服、____和皮包，選擇非常多。,verified_v3_book_locked,ok,,3
modern-chinese-l8-reading,第8課 短文：年輕人喜歡新東西,True,8,medium,0,2,鞋子,pos,"In this sentence, what part of speech is 「鞋子」?",N,shoes,xiézi,N,"[""Pron"", ""Adj"", ""Loc""]",百貨公司裡有很多衣服、鞋子和皮包，選擇非常多。,verified_v3_book_locked,ok,,3
modern-chinese-l8-reading,第8課 短文：年輕人喜歡新東西,True,8,medium,0,2,鞋子,synonym,"In this lesson context, which expression is closest in meaning to 「鞋子」?",鞋,shoes,xiézi,N,"[""電梯"", ""褲子"", ""東西""]",百貨公司裡有很多衣服、鞋子和皮包，選擇非常多。,verified_v3_book_locked,ok,,3
modern-chinese-l8-reading,第8課 短文：年輕人喜歡新東西,True,8,hard,0,2,鞋子,translation,"In 「百貨公司裡有很多衣服、鞋子和皮包，不同樓層賣不同的商品，所以逛一次常常要花不少時間。」, what does 「鞋子」 mean?",shoes,shoes,xiézi,N,"[""skirt"", ""wallet"", ""hat""]",百貨公司裡有很多衣服、鞋子和皮包，不同樓層賣不同的商品，所以逛一次常常要花不少時間。,verified_v3_book_locked,ok,,3
modern-chinese-l8-reading,第8課 短文：年輕人喜歡新東西,True,8,hard,0,2,鞋子,reverse,Which Chinese word best matches “shoes” in this lesson context?,鞋子,shoes,xiézi,N,"[""帽子"", ""鞋子"", ""裙子"", ""錢包""]",百貨公司裡有很多衣服、鞋子和皮包，不同樓層賣不同的商品，所以逛一次常常要花不少時間。,verified_v3_book_locked,ok,,3
modern-chinese-l8-reading,第8課 短文：年輕人喜歡新東西,True,8,hard,0,2,鞋子,listening,🔊 Listen and choose the word you hear.,鞋子,shoes,xiézi,N,"[""鞋子"", ""帽子"", ""錢包"", ""裙子""]",,verified_v3_book_locked,ok,,3
modern-chinese-l8-reading,第8課 短文：年輕人喜歡新東西,True,8,hard,0,2,鞋子,pinyin,Which pinyin exactly matches the lexical tones of 「鞋子」?,xiézi,shoes,xiézi,N,"[""xiézi"", ""xiēzi"", ""xièzi"", ""xiězi""]",百貨公司裡有很多衣服、鞋子和皮包，不同樓層賣不同的商品，所以逛一次常常要花不少時間。,verified_v3_book_locked,ok,,3
modern-chinese-l8-reading,第8課 短文：年輕人喜歡新東西,True,8,hard,0,2,鞋子,cloze,Choose the most contextually appropriate word for the blank.,鞋子,shoes,xiézi,N,"[""友美"", ""星期六"", ""咖啡廳""]",百貨公司裡有很多衣服、____和皮包，不同樓層賣不同的商品，所以逛一次常常要花不少時間。,verified_v3_book_locked,ok,,3
modern-chinese-l8-reading,第8課 短文：年輕人喜歡新東西,True,8,hard,0,2,鞋子,pos,Classify the grammatical category of 「鞋子」 as used in the sentence.,N,shoes,xiézi,N,"[""Prep"", ""Pron"", ""Loc""]",百貨公司裡有很多衣服、鞋子和皮包，不同樓層賣不同的商品，所以逛一次常常要花不少時間。,verified_v3_book_locked,ok,,3
modern-chinese-l8-reading,第8課 短文：年輕人喜歡新東西,True,8,hard,0,2,鞋子,synonym,Which expression can best replace 「鞋子」 without changing the intended meaning?,鞋,shoes,xiézi,N,"[""裙子"", ""皮包"", ""帽子""]",百貨公司裡有很多衣服、鞋子和皮包，不同樓層賣不同的商品，所以逛一次常常要花不少時間。,verified_v3_book_locked,ok,,3
modern-chinese-l8-reading,第8課 短文：年輕人喜歡新東西,True,8,easy,1,0,東西,translation,東西,thing / item,thing / item,dōngxi,N,"[""department store"", ""beautiful"", ""pants""]",這些東西都是最新的。,verified_v3_book_locked,ok,,3
modern-chinese-l8-reading,第8課 短文：年輕人喜歡新東西,True,8,easy,1,0,東西,reverse,thing / item,東西,thing / item,dōngxi,N,"[""百貨公司"", ""褲子"", ""漂亮"", ""東西""]",這些東西都是最新的。,verified_v3_book_locked,ok,,3
modern-chinese-l8-reading,第8課 短文：年輕人喜歡新東西,True,8,easy,1,0,東西,listening,🔊 Listen and choose the word you hear.,東西,thing / item,dōngxi,N,"[""褲子"", ""漂亮"", ""東西"", ""百貨公司""]",,verified_v3_book_locked,ok,,3
modern-chinese-l8-reading,第8課 短文：年輕人喜歡新東西,True,8,easy,1,0,東西,pinyin,Choose the correct pinyin for 「東西」.,dōngxi,thing / item,dōngxi,N,"[""dōngxi"", ""dòngxi"", ""dóngxi"", ""dǒngxi""]",這些東西都是最新的。,verified_v3_book_locked,ok,,3
modern-chinese-l8-reading,第8課 短文：年輕人喜歡新東西,True,8,easy,1,0,東西,cloze,Complete the sentence.,東西,thing / item,dōngxi,N,"[""褲子"", ""生日"", ""週末""]",這些____都是最新的。,verified_v3_book_locked,ok,,3
modern-chinese-l8-reading,第8課 短文：年輕人喜歡新東西,True,8,easy,1,0,東西,pos,What is the part of speech of 「東西」?,N,thing / item,dōngxi,N,"[""V"", ""Prep"", ""Loc""]",這些東西都是最新的。,verified_v3_book_locked,ok,,3
modern-chinese-l8-reading,第8課 短文：年輕人喜歡新東西,True,8,easy,1,0,東西,synonym,Which word or phrase is closest in meaning to 「東西」?,物品,thing / item,dōngxi,N,"[""漂亮"", ""百貨公司"", ""週末""]",這些東西都是最新的。,verified_v3_book_locked,ok,,3
modern-chinese-l8-reading,第8課 短文：年輕人喜歡新東西,True,8,medium,1,0,東西,translation,Choose the best English meaning of 「東西」.,thing / item,thing / item,dōngxi,N,"[""skirt"", ""clothes"", ""birthday""]",這些東西很多都是最新的，所以常常吸引年輕人。,verified_v3_book_locked,ok,,3
modern-chinese-l8-reading,第8課 短文：年輕人喜歡新東西,True,8,medium,1,0,東西,reverse,Choose the Chinese word for “thing / item”.,東西,thing / item,dōngxi,N,"[""生日"", ""東西"", ""裙子"", ""衣服""]",這些東西很多都是最新的，所以常常吸引年輕人。,verified_v3_book_locked,ok,,3
modern-chinese-l8-reading,第8課 短文：年輕人喜歡新東西,True,8,medium,1,0,東西,listening,🔊 Listen and choose the word you hear.,東西,thing / item,dōngxi,N,"[""東西"", ""衣服"", ""裙子"", ""生日""]",,verified_v3_book_locked,ok,,3
modern-chinese-l8-reading,第8課 短文：年輕人喜歡新東西,True,8,medium,1,0,東西,pinyin,Choose the correct pinyin and tone pattern for 「東西」.,dōngxi,thing / item,dōngxi,N,"[""dóngxi"", ""dōngxi"", ""dǒngxi"", ""dòngxi""]",這些東西很多都是最新的，所以常常吸引年輕人。,verified_v3_book_locked,ok,,3
modern-chinese-l8-reading,第8課 短文：年輕人喜歡新東西,True,8,medium,1,0,東西,cloze,Choose the word that best completes the sentence.,東西,thing / item,dōngxi,N,"[""錢"", ""生日"", ""週末""]",這些____很多都是最新的，所以常常吸引年輕人。,verified_v3_book_locked,ok,,3
modern-chinese-l8-reading,第8課 短文：年輕人喜歡新東西,True,8,medium,1,0,東西,pos,"In this sentence, what part of speech is 「東西」?",N,thing / item,dōngxi,N,"[""MW"", ""Adv"", ""Adj""]",這些東西很多都是最新的，所以常常吸引年輕人。,verified_v3_book_locked,ok,,3
modern-chinese-l8-reading,第8課 短文：年輕人喜歡新東西,True,8,medium,1,0,東西,synonym,"In this lesson context, which expression is closest in meaning to 「東西」?",物品,thing / item,dōngxi,N,"[""鞋子"", ""百貨公司"", ""週末""]",這些東西很多都是最新的，所以常常吸引年輕人。,verified_v3_book_locked,ok,,3
modern-chinese-l8-reading,第8課 短文：年輕人喜歡新東西,True,8,hard,1,0,東西,translation,"In 「店裡會一直換新的商品，這些東西都是最新的，因此喜歡流行的人常常會去看看。」, what does 「東西」 mean?",thing / item,thing / item,dōngxi,N,"[""pants"", ""hat"", ""wallet""]",店裡會一直換新的商品，這些東西都是最新的，因此喜歡流行的人常常會去看看。,verified_v3_book_locked,ok,,3
modern-chinese-l8-reading,第8課 短文：年輕人喜歡新東西,True,8,hard,1,0,東西,reverse,Which Chinese word best matches “thing / item” in this lesson context?,東西,thing / item,dōngxi,N,"[""褲子"", ""錢包"", ""帽子"", ""東西""]",店裡會一直換新的商品，這些東西都是最新的，因此喜歡流行的人常常會去看看。,verified_v3_book_locked,ok,,3
modern-chinese-l8-reading,第8課 短文：年輕人喜歡新東西,True,8,hard,1,0,東西,listening,🔊 Listen and choose the word you hear.,東西,thing / item,dōngxi,N,"[""帽子"", ""褲子"", ""錢包"", ""東西""]",,verified_v3_book_locked,ok,,3
modern-chinese-l8-reading,第8課 短文：年輕人喜歡新東西,True,8,hard,1,0,東西,pinyin,Which pinyin exactly matches the lexical tones of 「東西」?,dōngxi,thing / item,dōngxi,N,"[""dǒngxi"", ""dòngxi"", ""dōngxi"", ""dóngxi""]",店裡會一直換新的商品，這些東西都是最新的，因此喜歡流行的人常常會去看看。,verified_v3_book_locked,ok,,3
modern-chinese-l8-reading,第8課 短文：年輕人喜歡新東西,True,8,hard,1,0,東西,cloze,Choose the most contextually appropriate word for the blank.,東西,thing / item,dōngxi,N,"[""電梯"", ""咖啡廳"", ""下午茶""]",店裡會一直換新的商品，這些____都是最新的，因此喜歡流行的人常常會去看看。,verified_v3_book_locked,ok,,3
modern-chinese-l8-reading,第8課 短文：年輕人喜歡新東西,True,8,hard,1,0,東西,pos,Classify the grammatical category of 「東西」 as used in the sentence.,N,thing / item,dōngxi,N,"[""Quant"", ""Prep"", ""MW""]",店裡會一直換新的商品，這些東西都是最新的，因此喜歡流行的人常常會去看看。,verified_v3_book_locked,ok,,3
modern-chinese-l8-reading,第8課 短文：年輕人喜歡新東西,True,8,hard,1,0,東西,synonym,Which expression can best replace 「東西」 without changing the intended meaning?,物品,thing / item,dōngxi,N,"[""外套"", ""衣服"", ""褲子""]",店裡會一直換新的商品，這些東西都是最新的，因此喜歡流行的人常常會去看看。,verified_v3_book_locked,ok,,3
modern-chinese-l8-reading,第8課 短文：年輕人喜歡新東西,True,8,easy,2,0,百貨公司,translation,百貨公司,department store,department store,bǎihuò gōngsī,N,"[""popular"", ""thing / item"", ""pants""]",很多年輕女生喜歡到百貨公司去。,verified_v3_book_locked,ok,,3
modern-chinese-l8-reading,第8課 短文：年輕人喜歡新東西,True,8,easy,2,0,百貨公司,reverse,department store,百貨公司,department store,bǎihuò gōngsī,N,"[""流行"", ""褲子"", ""百貨公司"", ""東西""]",很多年輕女生喜歡到百貨公司去。,verified_v3_book_locked,ok,,3
modern-chinese-l8-reading,第8課 短文：年輕人喜歡新東西,True,8,easy,2,0,百貨公司,listening,🔊 Listen and choose the word you hear.,百貨公司,department store,bǎihuò gōngsī,N,"[""百貨公司"", ""東西"", ""流行"", ""褲子""]",,verified_v3_book_locked,ok,,3
modern-chinese-l8-reading,第8課 短文：年輕人喜歡新東西,True,8,easy,2,0,百貨公司,pinyin,Choose the correct pinyin for 「百貨公司」.,bǎihuò gōngsī,department store,bǎihuò gōngsī,N,"[""bǎihuò gōngsī"", ""bǎihuò gōngsǐ"", ""bǎihuò gōngsí"", ""bǎihuò gōngsì""]",很多年輕女生喜歡到百貨公司去。,verified_v3_book_locked,ok,,3
modern-chinese-l8-reading,第8課 短文：年輕人喜歡新東西,True,8,easy,2,0,百貨公司,cloze,Complete the sentence.,百貨公司,department store,bǎihuò gōngsī,N,"[""友美"", ""鞋子"", ""錢""]",很多年輕女生喜歡到____去。,verified_v3_book_locked,ok,,3
modern-chinese-l8-reading,第8課 短文：年輕人喜歡新東西,True,8,easy,2,0,百貨公司,pos,What is the part of speech of 「百貨公司」?,N,department store,bǎihuò gōngsī,N,"[""MW"", ""Adj"", ""Quant""]",很多年輕女生喜歡到百貨公司去。,verified_v3_book_locked,ok,,3
modern-chinese-l8-reading,第8課 短文：年輕人喜歡新東西,True,8,easy,2,0,百貨公司,synonym,Which word or phrase is closest in meaning to 「百貨公司」?,百貨商場,department store,bǎihuò gōngsī,N,"[""褲子"", ""流行"", ""裙子""]",很多年輕女生喜歡到百貨公司去。,verified_v3_book_locked,ok,,3
modern-chinese-l8-reading,第8課 短文：年輕人喜歡新東西,True,8,medium,2,0,百貨公司,translation,Choose the best English meaning of 「百貨公司」.,department store,department store,bǎihuò gōngsī,N,"[""shoes"", ""pants"", ""birthday""]",很多年輕女生喜歡到百貨公司去逛街、看新商品。,verified_v3_book_locked,ok,,3
modern-chinese-l8-reading,第8課 短文：年輕人喜歡新東西,True,8,medium,2,0,百貨公司,reverse,Choose the Chinese word for “department store”.,百貨公司,department store,bǎihuò gōngsī,N,"[""鞋子"", ""百貨公司"", ""生日"", ""褲子""]",很多年輕女生喜歡到百貨公司去逛街、看新商品。,verified_v3_book_locked,ok,,3
modern-chinese-l8-reading,第8課 短文：年輕人喜歡新東西,True,8,medium,2,0,百貨公司,listening,🔊 Listen and choose the word you hear.,百貨公司,department store,bǎihuò gōngsī,N,"[""生日"", ""鞋子"", ""褲子"", ""百貨公司""]",,verified_v3_book_locked,ok,,3
modern-chinese-l8-reading,第8課 短文：年輕人喜歡新東西,True,8,medium,2,0,百貨公司,pinyin,Choose the correct pinyin and tone pattern for 「百貨公司」.,bǎihuò gōngsī,department store,bǎihuò gōngsī,N,"[""bǎihuò gōngsī"", ""bǎihuò gōngsí"", ""bǎihuò gōngsì"", ""bǎihuò gōngsǐ""]",很多年輕女生喜歡到百貨公司去逛街、看新商品。,verified_v3_book_locked,ok,,3
modern-chinese-l8-reading,第8課 短文：年輕人喜歡新東西,True,8,medium,2,0,百貨公司,cloze,Choose the word that best completes the sentence.,百貨公司,department store,bǎihuò gōngsī,N,"[""錢"", ""友美"", ""生日""]",很多年輕女生喜歡到____去逛街、看新商品。,verified_v3_book_locked,ok,,3
modern-chinese-l8-reading,第8課 短文：年輕人喜歡新東西,True,8,medium,2,0,百貨公司,pos,"In this sentence, what part of speech is 「百貨公司」?",N,department store,bǎihuò gōngsī,N,"[""Loc"", ""Quant"", ""Pron""]",很多年輕女生喜歡到百貨公司去逛街、看新商品。,verified_v3_book_locked,ok,,3
modern-chinese-l8-reading,第8課 短文：年輕人喜歡新東西,True,8,medium,2,0,百貨公司,synonym,"In this lesson context, which expression is closest in meaning to 「百貨公司」?",百貨商場,department store,bǎihuò gōngsī,N,"[""電梯"", ""褲子"", ""衣服""]",很多年輕女生喜歡到百貨公司去逛街、看新商品。,verified_v3_book_locked,ok,,3
modern-chinese-l8-reading,第8課 短文：年輕人喜歡新東西,True,8,hard,2,0,百貨公司,translation,"In 「很多年輕女生喜歡到百貨公司去，除了買需要的東西，也會看看今年有哪些新的流行款式。」, what does 「百貨公司」 mean?",department store,department store,bǎihuò gōngsī,N,"[""bank"", ""supermarket"", ""cafe""]",很多年輕女生喜歡到百貨公司去，除了買需要的東西，也會看看今年有哪些新的流行款式。,verified_v3_book_locked,ok,,3
modern-chinese-l8-reading,第8課 短文：年輕人喜歡新東西,True,8,hard,2,0,百貨公司,reverse,Which Chinese word best matches “department store” in this lesson context?,百貨公司,department store,bǎihuò gōngsī,N,"[""銀行"", ""百貨公司"", ""超級市場"", ""咖啡廳""]",很多年輕女生喜歡到百貨公司去，除了買需要的東西，也會看看今年有哪些新的流行款式。,verified_v3_book_locked,ok,,3
modern-chinese-l8-reading,第8課 短文：年輕人喜歡新東西,True,8,hard,2,0,百貨公司,listening,🔊 Listen and choose the word you hear.,百貨公司,department store,bǎihuò gōngsī,N,"[""超級市場"", ""銀行"", ""百貨公司"", ""咖啡廳""]",,verified_v3_book_locked,ok,,3
modern-chinese-l8-reading,第8課 短文：年輕人喜歡新東西,True,8,hard,2,0,百貨公司,pinyin,Which pinyin exactly matches the lexical tones of 「百貨公司」?,bǎihuò gōngsī,department store,bǎihuò gōngsī,N,"[""bǎihuò gōngsī"", ""bǎihuò gōngsì"", ""bǎihuò gōngsǐ"", ""bǎihuò gōngsí""]",很多年輕女生喜歡到百貨公司去，除了買需要的東西，也會看看今年有哪些新的流行款式。,verified_v3_book_locked,ok,,3
modern-chinese-l8-reading,第8課 短文：年輕人喜歡新東西,True,8,hard,2,0,百貨公司,cloze,Choose the most contextually appropriate word for the blank.,百貨公司,department store,bǎihuò gōngsī,N,"[""電梯"", ""友美"", ""生日""]",很多年輕女生喜歡到____去，除了買需要的東西，也會看看今年有哪些新的流行款式。,verified_v3_book_locked,ok,,3
modern-chinese-l8-reading,第8課 短文：年輕人喜歡新東西,True,8,hard,2,0,百貨公司,pos,Classify the grammatical category of 「百貨公司」 as used in the sentence.,N,department store,bǎihuò gōngsī,N,"[""V"", ""MW"", ""Prep""]",很多年輕女生喜歡到百貨公司去，除了買需要的東西，也會看看今年有哪些新的流行款式。,verified_v3_book_locked,ok,,3
modern-chinese-l8-reading,第8課 短文：年輕人喜歡新東西,True,8,hard,2,0,百貨公司,synonym,Which expression can best replace 「百貨公司」 without changing the intended meaning?,百貨商場,department store,bǎihuò gōngsī,N,"[""學校"", ""家"", ""飯店""]",很多年輕女生喜歡到百貨公司去，除了買需要的東西，也會看看今年有哪些新的流行款式。,verified_v3_book_locked,ok,,3
modern-chinese-l8-reading,第8課 短文：年輕人喜歡新東西,True,8,easy,2,1,年輕,translation,年輕,young,young,niánqīng,Adj,"[""beautiful"", ""clothes"", ""thing / item""]",很多年輕女生喜歡到百貨公司去。,verified_v3_book_locked,ok,,3
modern-chinese-l8-reading,第8課 短文：年輕人喜歡新東西,True,8,easy,2,1,年輕,reverse,young,年輕,young,niánqīng,Adj,"[""漂亮"", ""衣服"", ""年輕"", ""東西""]",很多年輕女生喜歡到百貨公司去。,verified_v3_book_locked,ok,,3
modern-chinese-l8-reading,第8課 短文：年輕人喜歡新東西,True,8,easy,2,1,年輕,listening,🔊 Listen and choose the word you hear.,年輕,young,niánqīng,Adj,"[""衣服"", ""漂亮"", ""東西"", ""年輕""]",,verified_v3_book_locked,ok,,3
modern-chinese-l8-reading,第8課 短文：年輕人喜歡新東西,True,8,easy,2,1,年輕,pinyin,Choose the correct pinyin for 「年輕」.,niánqīng,young,niánqīng,Adj,"[""niánqīng"", ""niánqìng"", ""niánqǐng"", ""niánqíng""]",很多年輕女生喜歡到百貨公司去。,verified_v3_book_locked,ok,,3
modern-chinese-l8-reading,第8課 短文：年輕人喜歡新東西,True,8,easy,2,1,年輕,cloze,Complete the sentence.,年輕,young,niánqīng,Adj,"[""大"", ""好"", ""忙""]",很多____女生喜歡到百貨公司去。,verified_v3_book_locked,ok,,3
modern-chinese-l8-reading,第8課 短文：年輕人喜歡新東西,True,8,easy,2,1,年輕,pos,What is the part of speech of 「年輕」?,Adj,young,niánqīng,Adj,"[""N"", ""Adv"", ""V""]",很多年輕女生喜歡到百貨公司去。,verified_v3_book_locked,ok,,3
modern-chinese-l8-reading,第8課 短文：年輕人喜歡新東西,True,8,easy,2,1,年輕,synonym,Which word or phrase is closest in meaning to 「年輕」?,年少,young,niánqīng,Adj,"[""生日"", ""褲子"", ""漂亮""]",很多年輕女生喜歡到百貨公司去。,verified_v3_book_locked,ok,,3
modern-chinese-l8-reading,第8課 短文：年輕人喜歡新東西,True,8,medium,2,1,年輕,translation,Choose the best English meaning of 「年輕」.,young,young,niánqīng,Adj,"[""interesting"", ""new"", ""beautiful""]",很多年輕女生喜歡到百貨公司去逛街、看新商品。,verified_v3_book_locked,ok,,3
modern-chinese-l8-reading,第8課 短文：年輕人喜歡新東西,True,8,medium,2,1,年輕,reverse,Choose the Chinese word for “young”.,年輕,young,niánqīng,Adj,"[""新的"", ""漂亮"", ""有趣"", ""年輕""]",很多年輕女生喜歡到百貨公司去逛街、看新商品。,verified_v3_book_locked,ok,,3
modern-chinese-l8-reading,第8課 短文：年輕人喜歡新東西,True,8,medium,2,1,年輕,listening,🔊 Listen and choose the word you hear.,年輕,young,niánqīng,Adj,"[""漂亮"", ""新的"", ""有趣"", ""年輕""]",,verified_v3_book_locked,ok,,3
modern-chinese-l8-reading,第8課 短文：年輕人喜歡新東西,True,8,medium,2,1,年輕,pinyin,Choose the correct pinyin and tone pattern for 「年輕」.,niánqīng,young,niánqīng,Adj,"[""niánqǐng"", ""niánqīng"", ""niánqíng"", ""niánqìng""]",很多年輕女生喜歡到百貨公司去逛街、看新商品。,verified_v3_book_locked,ok,,3
modern-chinese-l8-reading,第8課 短文：年輕人喜歡新東西,True,8,medium,2,1,年輕,cloze,Choose the word that best completes the sentence.,年輕,young,niánqīng,Adj,"[""好"", ""漂亮"", ""忙""]",很多____女生喜歡到百貨公司去逛街、看新商品。,verified_v3_book_locked,ok,,3
modern-chinese-l8-reading,第8課 短文：年輕人喜歡新東西,True,8,medium,2,1,年輕,pos,"In this sentence, what part of speech is 「年輕」?",Adj,young,niánqīng,Adj,"[""N"", ""V"", ""Loc""]",很多年輕女生喜歡到百貨公司去逛街、看新商品。,verified_v3_book_locked,ok,,3
modern-chinese-l8-reading,第8課 短文：年輕人喜歡新東西,True,8,medium,2,1,年輕,synonym,"In this lesson context, which expression is closest in meaning to 「年輕」?",年少,young,niánqīng,Adj,"[""忙"", ""新的"", ""好""]",很多年輕女生喜歡到百貨公司去逛街、看新商品。,verified_v3_book_locked,ok,,3
modern-chinese-l8-reading,第8課 短文：年輕人喜歡新東西,True,8,hard,2,1,年輕,translation,"In 「很多年輕女生喜歡到百貨公司去，除了買需要的東西，也會看看今年有哪些新的流行款式。」, what does 「年輕」 mean?",young,young,niánqīng,Adj,"[""quiet"", ""interesting"", ""big""]",很多年輕女生喜歡到百貨公司去，除了買需要的東西，也會看看今年有哪些新的流行款式。,verified_v3_book_locked,ok,,3
modern-chinese-l8-reading,第8課 短文：年輕人喜歡新東西,True,8,hard,2,1,年輕,reverse,Which Chinese word best matches “young” in this lesson context?,年輕,young,niánqīng,Adj,"[""有趣"", ""大"", ""安靜"", ""年輕""]",很多年輕女生喜歡到百貨公司去，除了買需要的東西，也會看看今年有哪些新的流行款式。,verified_v3_book_locked,ok,,3
modern-chinese-l8-reading,第8課 短文：年輕人喜歡新東西,True,8,hard,2,1,年輕,listening,🔊 Listen and choose the word you hear.,年輕,young,niánqīng,Adj,"[""有趣"", ""安靜"", ""大"", ""年輕""]",,verified_v3_book_locked,ok,,3
modern-chinese-l8-reading,第8課 短文：年輕人喜歡新東西,True,8,hard,2,1,年輕,pinyin,Which pinyin exactly matches the lexical tones of 「年輕」?,niánqīng,young,niánqīng,Adj,"[""niánqìng"", ""niánqǐng"", ""niánqīng"", ""niánqíng""]",很多年輕女生喜歡到百貨公司去，除了買需要的東西，也會看看今年有哪些新的流行款式。,verified_v3_book_locked,ok,,3
modern-chinese-l8-reading,第8課 短文：年輕人喜歡新東西,True,8,hard,2,1,年輕,cloze,Choose the most contextually appropriate word for the blank.,年輕,young,niánqīng,Adj,"[""舒服"", ""大"", ""新的""]",很多____女生喜歡到百貨公司去，除了買需要的東西，也會看看今年有哪些新的流行款式。,verified_v3_book_locked,ok,,3
modern-chinese-l8-reading,第8課 短文：年輕人喜歡新東西,True,8,hard,2,1,年輕,pos,Classify the grammatical category of 「年輕」 as used in the sentence.,Adj,young,niánqīng,Adj,"[""MW"", ""N"", ""Loc""]",很多年輕女生喜歡到百貨公司去，除了買需要的東西，也會看看今年有哪些新的流行款式。,verified_v3_book_locked,ok,,3
modern-chinese-l8-reading,第8課 短文：年輕人喜歡新東西,True,8,hard,2,1,年輕,synonym,Which expression can best replace 「年輕」 without changing the intended meaning?,年少,young,niánqīng,Adj,"[""大"", ""開心"", ""有趣""]",很多年輕女生喜歡到百貨公司去，除了買需要的東西，也會看看今年有哪些新的流行款式。,verified_v3_book_locked,ok,,3
modern-chinese-l8-reading,第8課 短文：年輕人喜歡新東西,True,8,easy,3,0,漂亮,translation,漂亮,beautiful,beautiful,piàoliang,Adj,"[""weekend"", ""pants"", ""clothes""]",漂亮的、流行的衣服，她們都想穿穿看。,verified_v3_book_locked,ok,,3
modern-chinese-l8-reading,第8課 短文：年輕人喜歡新東西,True,8,easy,3,0,漂亮,reverse,beautiful,漂亮,beautiful,piàoliang,Adj,"[""衣服"", ""漂亮"", ""褲子"", ""週末""]",漂亮的、流行的衣服，她們都想穿穿看。,verified_v3_book_locked,ok,,3
modern-chinese-l8-reading,第8課 短文：年輕人喜歡新東西,True,8,easy,3,0,漂亮,listening,🔊 Listen and choose the word you hear.,漂亮,beautiful,piàoliang,Adj,"[""週末"", ""漂亮"", ""衣服"", ""褲子""]",,verified_v3_book_locked,ok,,3
modern-chinese-l8-reading,第8課 短文：年輕人喜歡新東西,True,8,easy,3,0,漂亮,pinyin,Choose the correct pinyin for 「漂亮」.,piàoliang,beautiful,piàoliang,Adj,"[""piàoliang"", ""piāoliang"", ""piáoliang"", ""piǎoliang""]",漂亮的、流行的衣服，她們都想穿穿看。,verified_v3_book_locked,ok,,3
modern-chinese-l8-reading,第8課 短文：年輕人喜歡新東西,True,8,easy,3,0,漂亮,cloze,Complete the sentence.,漂亮,beautiful,piàoliang,Adj,"[""方便"", ""好吃"", ""新的""]",____的、流行的衣服，她們都想穿穿看。,verified_v3_book_locked,ok,,3
modern-chinese-l8-reading,第8課 短文：年輕人喜歡新東西,True,8,easy,3,0,漂亮,pos,What is the part of speech of 「漂亮」?,Adj,beautiful,piàoliang,Adj,"[""Loc"", ""Quant"", ""Pron""]",漂亮的、流行的衣服，她們都想穿穿看。,verified_v3_book_locked,ok,,3
modern-chinese-l8-reading,第8課 短文：年輕人喜歡新東西,True,8,easy,3,0,漂亮,synonym,Which word or phrase is closest in meaning to 「漂亮」?,美麗,beautiful,piàoliang,Adj,"[""裙子"", ""百貨公司"", ""流行""]",漂亮的、流行的衣服，她們都想穿穿看。,verified_v3_book_locked,ok,,3
modern-chinese-l8-reading,第8課 短文：年輕人喜歡新東西,True,8,medium,3,0,漂亮,translation,Choose the best English meaning of 「漂亮」.,beautiful,beautiful,piàoliang,Adj,"[""popular"", ""new"", ""delicious""]",漂亮的、流行的衣服，她們都想穿穿看，再決定要不要買。,verified_v3_book_locked,ok,,3
modern-chinese-l8-reading,第8課 短文：年輕人喜歡新東西,True,8,medium,3,0,漂亮,reverse,Choose the Chinese word for “beautiful”.,漂亮,beautiful,piàoliang,Adj,"[""流行"", ""漂亮"", ""好吃"", ""新的""]",漂亮的、流行的衣服，她們都想穿穿看，再決定要不要買。,verified_v3_book_locked,ok,,3
modern-chinese-l8-reading,第8課 短文：年輕人喜歡新東西,True,8,medium,3,0,漂亮,listening,🔊 Listen and choose the word you hear.,漂亮,beautiful,piàoliang,Adj,"[""流行"", ""好吃"", ""漂亮"", ""新的""]",,verified_v3_book_locked,ok,,3
modern-chinese-l8-reading,第8課 短文：年輕人喜歡新東西,True,8,medium,3,0,漂亮,pinyin,Choose the correct pinyin and tone pattern for 「漂亮」.,piàoliang,beautiful,piàoliang,Adj,"[""piàoliang"", ""piáoliang"", ""piāoliang"", ""piǎoliang""]",漂亮的、流行的衣服，她們都想穿穿看，再決定要不要買。,verified_v3_book_locked,ok,,3
modern-chinese-l8-reading,第8課 短文：年輕人喜歡新東西,True,8,medium,3,0,漂亮,cloze,Choose the word that best completes the sentence.,漂亮,beautiful,piàoliang,Adj,"[""忙"", ""舒服"", ""流行""]",____的、流行的衣服，她們都想穿穿看，再決定要不要買。,verified_v3_book_locked,ok,,3
modern-chinese-l8-reading,第8課 短文：年輕人喜歡新東西,True,8,medium,3,0,漂亮,pos,"In this sentence, what part of speech is 「漂亮」?",Adj,beautiful,piàoliang,Adj,"[""Loc"", ""MW"", ""V""]",漂亮的、流行的衣服，她們都想穿穿看，再決定要不要買。,verified_v3_book_locked,ok,,3
modern-chinese-l8-reading,第8課 短文：年輕人喜歡新東西,True,8,medium,3,0,漂亮,synonym,"In this lesson context, which expression is closest in meaning to 「漂亮」?",美麗,beautiful,piàoliang,Adj,"[""新的"", ""好"", ""好吃""]",漂亮的、流行的衣服，她們都想穿穿看，再決定要不要買。,verified_v3_book_locked,ok,,3
modern-chinese-l8-reading,第8課 短文：年輕人喜歡新東西,True,8,hard,3,0,漂亮,translation,"In 「看到漂亮的、流行的衣服，她們常常都想穿穿看，比較顏色和尺寸以後，再決定是不是真的適合自己。」, what does 「漂亮」 mean?",beautiful,beautiful,piàoliang,Adj,"[""interesting"", ""good / okay"", ""new""]",看到漂亮的、流行的衣服，她們常常都想穿穿看，比較顏色和尺寸以後，再決定是不是真的適合自己。,verified_v3_book_locked,ok,,3
modern-chinese-l8-reading,第8課 短文：年輕人喜歡新東西,True,8,hard,3,0,漂亮,reverse,Which Chinese word best matches “beautiful” in this lesson context?,漂亮,beautiful,piàoliang,Adj,"[""漂亮"", ""好"", ""有趣"", ""新的""]",看到漂亮的、流行的衣服，她們常常都想穿穿看，比較顏色和尺寸以後，再決定是不是真的適合自己。,verified_v3_book_locked,ok,,3
modern-chinese-l8-reading,第8課 短文：年輕人喜歡新東西,True,8,hard,3,0,漂亮,listening,🔊 Listen and choose the word you hear.,漂亮,beautiful,piàoliang,Adj,"[""新的"", ""有趣"", ""漂亮"", ""好""]",,verified_v3_book_locked,ok,,3
modern-chinese-l8-reading,第8課 短文：年輕人喜歡新東西,True,8,hard,3,0,漂亮,pinyin,Which pinyin exactly matches the lexical tones of 「漂亮」?,piàoliang,beautiful,piàoliang,Adj,"[""piàoliang"", ""piǎoliang"", ""piáoliang"", ""piāoliang""]",看到漂亮的、流行的衣服，她們常常都想穿穿看，比較顏色和尺寸以後，再決定是不是真的適合自己。,verified_v3_book_locked,ok,,3
modern-chinese-l8-reading,第8課 短文：年輕人喜歡新東西,True,8,hard,3,0,漂亮,cloze,Choose the most contextually appropriate word for the blank.,漂亮,beautiful,piàoliang,Adj,"[""新的"", ""好吃"", ""忙""]",看到____的、流行的衣服，她們常常都想穿穿看，比較顏色和尺寸以後，再決定是不是真的適合自己。,verified_v3_book_locked,ok,,3
modern-chinese-l8-reading,第8課 短文：年輕人喜歡新東西,True,8,hard,3,0,漂亮,pos,Classify the grammatical category of 「漂亮」 as used in the sentence.,Adj,beautiful,piàoliang,Adj,"[""V"", ""Pron"", ""Quant""]",看到漂亮的、流行的衣服，她們常常都想穿穿看，比較顏色和尺寸以後，再決定是不是真的適合自己。,verified_v3_book_locked,ok,,3
modern-chinese-l8-reading,第8課 短文：年輕人喜歡新東西,True,8,hard,3,0,漂亮,synonym,Which expression can best replace 「漂亮」 without changing the intended meaning?,美麗,beautiful,piàoliang,Adj,"[""好吃"", ""有趣"", ""流行""]",看到漂亮的、流行的衣服，她們常常都想穿穿看，比較顏色和尺寸以後，再決定是不是真的適合自己。,verified_v3_book_locked,ok,,3
modern-chinese-l8-reading,第8課 短文：年輕人喜歡新東西,True,8,easy,3,1,衣服,translation,衣服,clothes,clothes,yīfu,N,"[""beautiful"", ""skirt"", ""popular""]",漂亮的、流行的衣服，她們都想穿穿看。,verified_v3_book_locked,ok,,3
modern-chinese-l8-reading,第8課 短文：年輕人喜歡新東西,True,8,easy,3,1,衣服,reverse,clothes,衣服,clothes,yīfu,N,"[""衣服"", ""流行"", ""漂亮"", ""裙子""]",漂亮的、流行的衣服，她們都想穿穿看。,verified_v3_book_locked,ok,,3
modern-chinese-l8-reading,第8課 短文：年輕人喜歡新東西,True,8,easy,3,1,衣服,listening,🔊 Listen and choose the word you hear.,衣服,clothes,yīfu,N,"[""流行"", ""漂亮"", ""裙子"", ""衣服""]",,verified_v3_book_locked,ok,,3
modern-chinese-l8-reading,第8課 短文：年輕人喜歡新東西,True,8,easy,3,1,衣服,pinyin,Choose the correct pinyin for 「衣服」.,yīfu,clothes,yīfu,N,"[""yífu"", ""yīfu"", ""yìfu"", ""yǐfu""]",漂亮的、流行的衣服，她們都想穿穿看。,verified_v3_book_locked,ok,,3
modern-chinese-l8-reading,第8課 短文：年輕人喜歡新東西,True,8,easy,3,1,衣服,cloze,Complete the sentence.,衣服,clothes,yīfu,N,"[""鞋子"", ""生日"", ""電梯""]",漂亮的、流行的____，她們都想穿穿看。,verified_v3_book_locked,ok,,3
modern-chinese-l8-reading,第8課 短文：年輕人喜歡新東西,True,8,easy,3,1,衣服,pos,What is the part of speech of 「衣服」?,N,clothes,yīfu,N,"[""Loc"", ""Prep"", ""V""]",漂亮的、流行的衣服，她們都想穿穿看。,verified_v3_book_locked,ok,,3
modern-chinese-l8-reading,第8課 短文：年輕人喜歡新東西,True,8,easy,3,1,衣服,synonym,Which word or phrase is closest in meaning to 「衣服」?,衣物,clothes,yīfu,N,"[""流行"", ""東西"", ""週末""]",漂亮的、流行的衣服，她們都想穿穿看。,verified_v3_book_locked,ok,,3
modern-chinese-l8-reading,第8課 短文：年輕人喜歡新東西,True,8,medium,3,1,衣服,translation,Choose the best English meaning of 「衣服」.,clothes,clothes,yīfu,N,"[""skirt"", ""shoes"", ""pants""]",漂亮的、流行的衣服，她們都想穿穿看，再決定要不要買。,verified_v3_book_locked,ok,,3
modern-chinese-l8-reading,第8課 短文：年輕人喜歡新東西,True,8,medium,3,1,衣服,reverse,Choose the Chinese word for “clothes”.,衣服,clothes,yīfu,N,"[""裙子"", ""衣服"", ""褲子"", ""鞋子""]",漂亮的、流行的衣服，她們都想穿穿看，再決定要不要買。,verified_v3_book_locked,ok,,3
modern-chinese-l8-reading,第8課 短文：年輕人喜歡新東西,True,8,medium,3,1,衣服,listening,🔊 Listen and choose the word you hear.,衣服,clothes,yīfu,N,"[""衣服"", ""鞋子"", ""褲子"", ""裙子""]",,verified_v3_book_locked,ok,,3
modern-chinese-l8-reading,第8課 短文：年輕人喜歡新東西,True,8,medium,3,1,衣服,pinyin,Choose the correct pinyin and tone pattern for 「衣服」.,yīfu,clothes,yīfu,N,"[""yǐfu"", ""yìfu"", ""yífu"", ""yīfu""]",漂亮的、流行的衣服，她們都想穿穿看，再決定要不要買。,verified_v3_book_locked,ok,,3
modern-chinese-l8-reading,第8課 短文：年輕人喜歡新東西,True,8,medium,3,1,衣服,cloze,Choose the word that best completes the sentence.,衣服,clothes,yīfu,N,"[""百貨公司"", ""生日"", ""鞋子""]",漂亮的、流行的____，她們都想穿穿看，再決定要不要買。,verified_v3_book_locked,ok,,3
modern-chinese-l8-reading,第8課 短文：年輕人喜歡新東西,True,8,medium,3,1,衣服,pos,"In this sentence, what part of speech is 「衣服」?",N,clothes,yīfu,N,"[""Adv"", ""Adj"", ""Quant""]",漂亮的、流行的衣服，她們都想穿穿看，再決定要不要買。,verified_v3_book_locked,ok,,3
modern-chinese-l8-reading,第8課 短文：年輕人喜歡新東西,True,8,medium,3,1,衣服,synonym,"In this lesson context, which expression is closest in meaning to 「衣服」?",衣物,clothes,yīfu,N,"[""電梯"", ""鞋子"", ""東西""]",漂亮的、流行的衣服，她們都想穿穿看，再決定要不要買。,verified_v3_book_locked,ok,,3
modern-chinese-l8-reading,第8課 短文：年輕人喜歡新東西,True,8,hard,3,1,衣服,translation,"In 「看到漂亮的、流行的衣服，她們常常都想穿穿看，比較顏色和尺寸以後，再決定是不是真的適合自己。」, what does 「衣服」 mean?",clothes,clothes,yīfu,N,"[""skirt"", ""glasses"", ""hat""]",看到漂亮的、流行的衣服，她們常常都想穿穿看，比較顏色和尺寸以後，再決定是不是真的適合自己。,verified_v3_book_locked,ok,,3
modern-chinese-l8-reading,第8課 短文：年輕人喜歡新東西,True,8,hard,3,1,衣服,reverse,Which Chinese word best matches “clothes” in this lesson context?,衣服,clothes,yīfu,N,"[""眼鏡"", ""衣服"", ""帽子"", ""裙子""]",看到漂亮的、流行的衣服，她們常常都想穿穿看，比較顏色和尺寸以後，再決定是不是真的適合自己。,verified_v3_book_locked,ok,,3
modern-chinese-l8-reading,第8課 短文：年輕人喜歡新東西,True,8,hard,3,1,衣服,listening,🔊 Listen and choose the word you hear.,衣服,clothes,yīfu,N,"[""帽子"", ""衣服"", ""裙子"", ""眼鏡""]",,verified_v3_book_locked,ok,,3
modern-chinese-l8-reading,第8課 短文：年輕人喜歡新東西,True,8,hard,3,1,衣服,pinyin,Which pinyin exactly matches the lexical tones of 「衣服」?,yīfu,clothes,yīfu,N,"[""yìfu"", ""yīfu"", ""yǐfu"", ""yífu""]",看到漂亮的、流行的衣服，她們常常都想穿穿看，比較顏色和尺寸以後，再決定是不是真的適合自己。,verified_v3_book_locked,ok,,3
modern-chinese-l8-reading,第8課 短文：年輕人喜歡新東西,True,8,hard,3,1,衣服,cloze,Choose the most contextually appropriate word for the blank.,衣服,clothes,yīfu,N,"[""週末"", ""下午"", ""星期六""]",看到漂亮的、流行的____，她們常常都想穿穿看，比較顏色和尺寸以後，再決定是不是真的適合自己。,verified_v3_book_locked,ok,,3
modern-chinese-l8-reading,第8課 短文：年輕人喜歡新東西,True,8,hard,3,1,衣服,pos,Classify the grammatical category of 「衣服」 as used in the sentence.,N,clothes,yīfu,N,"[""Adj"", ""Prep"", ""V""]",看到漂亮的、流行的衣服，她們常常都想穿穿看，比較顏色和尺寸以後，再決定是不是真的適合自己。,verified_v3_book_locked,ok,,3
modern-chinese-l8-reading,第8課 短文：年輕人喜歡新東西,True,8,hard,3,1,衣服,synonym,Which expression can best replace 「衣服」 without changing the intended meaning?,衣物,clothes,yīfu,N,"[""外套"", ""錢包"", ""東西""]",看到漂亮的、流行的衣服，她們常常都想穿穿看，比較顏色和尺寸以後，再決定是不是真的適合自己。,verified_v3_book_locked,ok,,3
modern-chinese-l8-reading,第8課 短文：年輕人喜歡新東西,True,8,easy,3,2,流行,translation,流行,popular,popular,liúxíng,Adj,"[""clothes"", ""pants"", ""thing / item""]",漂亮的、流行的衣服，她們都想穿穿看。,verified_v3_book_locked,ok,,3
modern-chinese-l8-reading,第8課 短文：年輕人喜歡新東西,True,8,easy,3,2,流行,reverse,popular,流行,popular,liúxíng,Adj,"[""衣服"", ""流行"", ""褲子"", ""東西""]",漂亮的、流行的衣服，她們都想穿穿看。,verified_v3_book_locked,ok,,3
modern-chinese-l8-reading,第8課 短文：年輕人喜歡新東西,True,8,easy,3,2,流行,listening,🔊 Listen and choose the word you hear.,流行,popular,liúxíng,Adj,"[""衣服"", ""褲子"", ""流行"", ""東西""]",,verified_v3_book_locked,ok,,3
modern-chinese-l8-reading,第8課 短文：年輕人喜歡新東西,True,8,easy,3,2,流行,pinyin,Choose the correct pinyin for 「流行」.,liúxíng,popular,liúxíng,Adj,"[""liúxìng"", ""liúxíng"", ""liúxīng"", ""liúxǐng""]",漂亮的、流行的衣服，她們都想穿穿看。,verified_v3_book_locked,ok,,3
modern-chinese-l8-reading,第8課 短文：年輕人喜歡新東西,True,8,easy,3,2,流行,cloze,Complete the sentence.,流行,popular,liúxíng,Adj,"[""好吃"", ""忙"", ""年輕""]",漂亮的、____的衣服，她們都想穿穿看。,verified_v3_book_locked,ok,,3
modern-chinese-l8-reading,第8課 短文：年輕人喜歡新東西,True,8,easy,3,2,流行,pos,What is the part of speech of 「流行」?,Adj,popular,liúxíng,Adj,"[""Prep"", ""Pron"", ""Adv""]",漂亮的、流行的衣服，她們都想穿穿看。,verified_v3_book_locked,ok,,3
modern-chinese-l8-reading,第8課 短文：年輕人喜歡新東西,True,8,easy,3,2,流行,synonym,Which word or phrase is closest in meaning to 「流行」?,時髦,popular,liúxíng,Adj,"[""裙子"", ""週末"", ""褲子""]",漂亮的、流行的衣服，她們都想穿穿看。,verified_v3_book_locked,ok,,3
modern-chinese-l8-reading,第8課 短文：年輕人喜歡新東西,True,8,medium,3,2,流行,translation,Choose the best English meaning of 「流行」.,popular,popular,liúxíng,Adj,"[""interesting"", ""delicious"", ""young""]",漂亮的、流行的衣服，她們都想穿穿看，再決定要不要買。,verified_v3_book_locked,ok,,3
modern-chinese-l8-reading,第8課 短文：年輕人喜歡新東西,True,8,medium,3,2,流行,reverse,Choose the Chinese word for “popular”.,流行,popular,liúxíng,Adj,"[""年輕"", ""有趣"", ""流行"", ""好吃""]",漂亮的、流行的衣服，她們都想穿穿看，再決定要不要買。,verified_v3_book_locked,ok,,3
modern-chinese-l8-reading,第8課 短文：年輕人喜歡新東西,True,8,medium,3,2,流行,listening,🔊 Listen and choose the word you hear.,流行,popular,liúxíng,Adj,"[""年輕"", ""有趣"", ""好吃"", ""流行""]",,verified_v3_book_locked,ok,,3
modern-chinese-l8-reading,第8課 短文：年輕人喜歡新東西,True,8,medium,3,2,流行,pinyin,Choose the correct pinyin and tone pattern for 「流行」.,liúxíng,popular,liúxíng,Adj,"[""liúxǐng"", ""liúxīng"", ""liúxíng"", ""liúxìng""]",漂亮的、流行的衣服，她們都想穿穿看，再決定要不要買。,verified_v3_book_locked,ok,,3
modern-chinese-l8-reading,第8課 短文：年輕人喜歡新東西,True,8,medium,3,2,流行,cloze,Choose the word that best completes the sentence.,流行,popular,liúxíng,Adj,"[""漂亮"", ""好"", ""有趣""]",漂亮的、____的衣服，她們都想穿穿看，再決定要不要買。,verified_v3_book_locked,ok,,3
modern-chinese-l8-reading,第8課 短文：年輕人喜歡新東西,True,8,medium,3,2,流行,pos,"In this sentence, what part of speech is 「流行」?",Adj,popular,liúxíng,Adj,"[""Loc"", ""MW"", ""Adv""]",漂亮的、流行的衣服，她們都想穿穿看，再決定要不要買。,verified_v3_book_locked,ok,,3
modern-chinese-l8-reading,第8課 短文：年輕人喜歡新東西,True,8,medium,3,2,流行,synonym,"In this lesson context, which expression is closest in meaning to 「流行」?",時髦,popular,liúxíng,Adj,"[""好吃"", ""年輕"", ""大""]",漂亮的、流行的衣服，她們都想穿穿看，再決定要不要買。,verified_v3_book_locked,ok,,3
modern-chinese-l8-reading,第8課 短文：年輕人喜歡新東西,True,8,hard,3,2,流行,translation,"In 「看到漂亮的、流行的衣服，她們常常都想穿穿看，比較顏色和尺寸以後，再決定是不是真的適合自己。」, what does 「流行」 mean?",popular,popular,liúxíng,Adj,"[""cheap"", ""delicious"", ""happy""]",看到漂亮的、流行的衣服，她們常常都想穿穿看，比較顏色和尺寸以後，再決定是不是真的適合自己。,verified_v3_book_locked,ok,,3
modern-chinese-l8-reading,第8課 短文：年輕人喜歡新東西,True,8,hard,3,2,流行,reverse,Which Chinese word best matches “popular” in this lesson context?,流行,popular,liúxíng,Adj,"[""開心"", ""好吃"", ""流行"", ""便宜""]",看到漂亮的、流行的衣服，她們常常都想穿穿看，比較顏色和尺寸以後，再決定是不是真的適合自己。,verified_v3_book_locked,ok,,3
modern-chinese-l8-reading,第8課 短文：年輕人喜歡新東西,True,8,hard,3,2,流行,listening,🔊 Listen and choose the word you hear.,流行,popular,liúxíng,Adj,"[""好吃"", ""流行"", ""便宜"", ""開心""]",,verified_v3_book_locked,ok,,3
modern-chinese-l8-reading,第8課 短文：年輕人喜歡新東西,True,8,hard,3,2,流行,pinyin,Which pinyin exactly matches the lexical tones of 「流行」?,liúxíng,popular,liúxíng,Adj,"[""liúxíng"", ""liúxīng"", ""liúxǐng"", ""liúxìng""]",看到漂亮的、流行的衣服，她們常常都想穿穿看，比較顏色和尺寸以後，再決定是不是真的適合自己。,verified_v3_book_locked,ok,,3
modern-chinese-l8-reading,第8課 短文：年輕人喜歡新東西,True,8,hard,3,2,流行,cloze,Choose the most contextually appropriate word for the blank.,流行,popular,liúxíng,Adj,"[""有趣"", ""新的"", ""方便""]",看到漂亮的、____的衣服，她們常常都想穿穿看，比較顏色和尺寸以後，再決定是不是真的適合自己。,verified_v3_book_locked,ok,,3
modern-chinese-l8-reading,第8課 短文：年輕人喜歡新東西,True,8,hard,3,2,流行,pos,Classify the grammatical category of 「流行」 as used in the sentence.,Adj,popular,liúxíng,Adj,"[""Adv"", ""Pron"", ""Prep""]",看到漂亮的、流行的衣服，她們常常都想穿穿看，比較顏色和尺寸以後，再決定是不是真的適合自己。,verified_v3_book_locked,ok,,3
modern-chinese-l8-reading,第8課 短文：年輕人喜歡新東西,True,8,hard,3,2,流行,synonym,Which expression can best replace 「流行」 without changing the intended meaning?,時髦,popular,liúxíng,Adj,"[""新的"", ""舒服"", ""好""]",看到漂亮的、流行的衣服，她們常常都想穿穿看，比較顏色和尺寸以後，再決定是不是真的適合自己。,verified_v3_book_locked,ok,,3
modern-chinese-l8-reading,第8課 短文：年輕人喜歡新東西,True,8,easy,4,0,年輕,translation,年輕,young,young,niánqīng,Adj,"[""clothes"", ""skirt"", ""thing / item""]",很多年輕男生愛在書店看汽車雜誌。,verified_v3_book_locked,ok,,3
modern-chinese-l8-reading,第8課 短文：年輕人喜歡新東西,True,8,easy,4,0,年輕,reverse,young,年輕,young,niánqīng,Adj,"[""年輕"", ""衣服"", ""裙子"", ""東西""]",很多年輕男生愛在書店看汽車雜誌。,verified_v3_book_locked,ok,,3
modern-chinese-l8-reading,第8課 短文：年輕人喜歡新東西,True,8,easy,4,0,年輕,listening,🔊 Listen and choose the word you hear.,年輕,young,niánqīng,Adj,"[""衣服"", ""裙子"", ""東西"", ""年輕""]",,verified_v3_book_locked,ok,,3
modern-chinese-l8-reading,第8課 短文：年輕人喜歡新東西,True,8,easy,4,0,年輕,pinyin,Choose the correct pinyin for 「年輕」.,niánqīng,young,niánqīng,Adj,"[""niánqìng"", ""niánqīng"", ""niánqíng"", ""niánqǐng""]",很多年輕男生愛在書店看汽車雜誌。,verified_v3_book_locked,ok,,3
modern-chinese-l8-reading,第8課 短文：年輕人喜歡新東西,True,8,easy,4,0,年輕,cloze,Complete the sentence.,年輕,young,niánqīng,Adj,"[""有趣"", ""新的"", ""方便""]",很多____男生愛在書店看汽車雜誌。,verified_v3_book_locked,ok,,3
modern-chinese-l8-reading,第8課 短文：年輕人喜歡新東西,True,8,easy,4,0,年輕,pos,What is the part of speech of 「年輕」?,Adj,young,niánqīng,Adj,"[""N"", ""Adv"", ""V""]",很多年輕男生愛在書店看汽車雜誌。,verified_v3_book_locked,ok,,3
modern-chinese-l8-reading,第8課 短文：年輕人喜歡新東西,True,8,easy,4,0,年輕,synonym,Which word or phrase is closest in meaning to 「年輕」?,年少,young,niánqīng,Adj,"[""褲子"", ""裙子"", ""衣服""]",很多年輕男生愛在書店看汽車雜誌。,verified_v3_book_locked,ok,,3
modern-chinese-l8-reading,第8課 短文：年輕人喜歡新東西,True,8,medium,4,0,年輕,translation,Choose the best English meaning of 「年輕」.,young,young,niánqīng,Adj,"[""good / okay"", ""new"", ""beautiful""]",很多年輕男生愛在書店看汽車雜誌，了解不同的新車。,verified_v3_book_locked,ok,,3
modern-chinese-l8-reading,第8課 短文：年輕人喜歡新東西,True,8,medium,4,0,年輕,reverse,Choose the Chinese word for “young”.,年輕,young,niánqīng,Adj,"[""新的"", ""漂亮"", ""年輕"", ""好""]",很多年輕男生愛在書店看汽車雜誌，了解不同的新車。,verified_v3_book_locked,ok,,3
modern-chinese-l8-reading,第8課 短文：年輕人喜歡新東西,True,8,medium,4,0,年輕,listening,🔊 Listen and choose the word you hear.,年輕,young,niánqīng,Adj,"[""年輕"", ""好"", ""漂亮"", ""新的""]",,verified_v3_book_locked,ok,,3
modern-chinese-l8-reading,第8課 短文：年輕人喜歡新東西,True,8,medium,4,0,年輕,pinyin,Choose the correct pinyin and tone pattern for 「年輕」.,niánqīng,young,niánqīng,Adj,"[""niánqìng"", ""niánqíng"", ""niánqǐng"", ""niánqīng""]",很多年輕男生愛在書店看汽車雜誌，了解不同的新車。,verified_v3_book_locked,ok,,3
modern-chinese-l8-reading,第8課 短文：年輕人喜歡新東西,True,8,medium,4,0,年輕,cloze,Choose the word that best completes the sentence.,年輕,young,niánqīng,Adj,"[""有趣"", ""好"", ""大""]",很多____男生愛在書店看汽車雜誌，了解不同的新車。,verified_v3_book_locked,ok,,3
modern-chinese-l8-reading,第8課 短文：年輕人喜歡新東西,True,8,medium,4,0,年輕,pos,"In this sentence, what part of speech is 「年輕」?",Adj,young,niánqīng,Adj,"[""N"", ""V"", ""Loc""]",很多年輕男生愛在書店看汽車雜誌，了解不同的新車。,verified_v3_book_locked,ok,,3
modern-chinese-l8-reading,第8課 短文：年輕人喜歡新東西,True,8,medium,4,0,年輕,synonym,"In this lesson context, which expression is closest in meaning to 「年輕」?",年少,young,niánqīng,Adj,"[""好吃"", ""有趣"", ""漂亮""]",很多年輕男生愛在書店看汽車雜誌，了解不同的新車。,verified_v3_book_locked,ok,,3
modern-chinese-l8-reading,第8課 短文：年輕人喜歡新東西,True,8,hard,4,0,年輕,translation,"In 「很多年輕男生愛在書店看汽車雜誌，即使暫時不買車，也喜歡了解新的車型和功能。」, what does 「年輕」 mean?",young,young,niánqīng,Adj,"[""difficult"", ""convenient"", ""good / okay""]",很多年輕男生愛在書店看汽車雜誌，即使暫時不買車，也喜歡了解新的車型和功能。,verified_v3_book_locked,ok,,3
modern-chinese-l8-reading,第8課 短文：年輕人喜歡新東西,True,8,hard,4,0,年輕,reverse,Which Chinese word best matches “young” in this lesson context?,年輕,young,niánqīng,Adj,"[""好"", ""年輕"", ""困難"", ""方便""]",很多年輕男生愛在書店看汽車雜誌，即使暫時不買車，也喜歡了解新的車型和功能。,verified_v3_book_locked,ok,,3
modern-chinese-l8-reading,第8課 短文：年輕人喜歡新東西,True,8,hard,4,0,年輕,listening,🔊 Listen and choose the word you hear.,年輕,young,niánqīng,Adj,"[""年輕"", ""方便"", ""困難"", ""好""]",,verified_v3_book_locked,ok,,3
modern-chinese-l8-reading,第8課 短文：年輕人喜歡新東西,True,8,hard,4,0,年輕,pinyin,Which pinyin exactly matches the lexical tones of 「年輕」?,niánqīng,young,niánqīng,Adj,"[""niánqīng"", ""niánqíng"", ""niánqǐng"", ""niánqìng""]",很多年輕男生愛在書店看汽車雜誌，即使暫時不買車，也喜歡了解新的車型和功能。,verified_v3_book_locked,ok,,3
modern-chinese-l8-reading,第8課 短文：年輕人喜歡新東西,True,8,hard,4,0,年輕,cloze,Choose the most contextually appropriate word for the blank.,年輕,young,niánqīng,Adj,"[""好"", ""新的"", ""方便""]",很多____男生愛在書店看汽車雜誌，即使暫時不買車，也喜歡了解新的車型和功能。,verified_v3_book_locked,ok,,3
modern-chinese-l8-reading,第8課 短文：年輕人喜歡新東西,True,8,hard,4,0,年輕,pos,Classify the grammatical category of 「年輕」 as used in the sentence.,Adj,young,niánqīng,Adj,"[""MW"", ""N"", ""Loc""]",很多年輕男生愛在書店看汽車雜誌，即使暫時不買車，也喜歡了解新的車型和功能。,verified_v3_book_locked,ok,,3
modern-chinese-l8-reading,第8課 短文：年輕人喜歡新東西,True,8,hard,4,0,年輕,synonym,Which expression can best replace 「年輕」 without changing the intended meaning?,年少,young,niánqīng,Adj,"[""漂亮"", ""方便"", ""好吃""]",很多年輕男生愛在書店看汽車雜誌，即使暫時不買車，也喜歡了解新的車型和功能。,verified_v3_book_locked,ok,,3
modern-chinese-l8-reading,第8課 短文：年輕人喜歡新東西,True,8,easy,8,0,東西,translation,東西,thing / item,thing / item,dōngxi,N,"[""skirt"", ""pants"", ""beautiful""]",我覺得有的舊東西很不錯。,verified_v3_book_locked,ok,,3
modern-chinese-l8-reading,第8課 短文：年輕人喜歡新東西,True,8,easy,8,0,東西,reverse,thing / item,東西,thing / item,dōngxi,N,"[""漂亮"", ""褲子"", ""東西"", ""裙子""]",我覺得有的舊東西很不錯。,verified_v3_book_locked,ok,,3
modern-chinese-l8-reading,第8課 短文：年輕人喜歡新東西,True,8,easy,8,0,東西,listening,🔊 Listen and choose the word you hear.,東西,thing / item,dōngxi,N,"[""東西"", ""褲子"", ""漂亮"", ""裙子""]",,verified_v3_book_locked,ok,,3
modern-chinese-l8-reading,第8課 短文：年輕人喜歡新東西,True,8,easy,8,0,東西,pinyin,Choose the correct pinyin for 「東西」.,dōngxi,thing / item,dōngxi,N,"[""dōngxi"", ""dǒngxi"", ""dòngxi"", ""dóngxi""]",我覺得有的舊東西很不錯。,verified_v3_book_locked,ok,,3
modern-chinese-l8-reading,第8課 短文：年輕人喜歡新東西,True,8,easy,8,0,東西,cloze,Complete the sentence.,東西,thing / item,dōngxi,N,"[""友美"", ""生日"", ""錢""]",我覺得有的舊____很不錯。,verified_v3_book_locked,ok,,3
modern-chinese-l8-reading,第8課 短文：年輕人喜歡新東西,True,8,easy,8,0,東西,pos,What is the part of speech of 「東西」?,N,thing / item,dōngxi,N,"[""V"", ""Prep"", ""Loc""]",我覺得有的舊東西很不錯。,verified_v3_book_locked,ok,,3
modern-chinese-l8-reading,第8課 短文：年輕人喜歡新東西,True,8,easy,8,0,東西,synonym,Which word or phrase is closest in meaning to 「東西」?,物品,thing / item,dōngxi,N,"[""百貨公司"", ""漂亮"", ""褲子""]",我覺得有的舊東西很不錯。,verified_v3_book_locked,ok,,3
modern-chinese-l8-reading,第8課 短文：年輕人喜歡新東西,True,8,medium,8,0,東西,translation,Choose the best English meaning of 「東西」.,thing / item,thing / item,dōngxi,N,"[""department store"", ""pants"", ""elevator""]",我覺得有的舊東西很不錯，不一定要換新的。,verified_v3_book_locked,ok,,3
modern-chinese-l8-reading,第8課 短文：年輕人喜歡新東西,True,8,medium,8,0,東西,reverse,Choose the Chinese word for “thing / item”.,東西,thing / item,dōngxi,N,"[""百貨公司"", ""電梯"", ""褲子"", ""東西""]",我覺得有的舊東西很不錯，不一定要換新的。,verified_v3_book_locked,ok,,3
modern-chinese-l8-reading,第8課 短文：年輕人喜歡新東西,True,8,medium,8,0,東西,listening,🔊 Listen and choose the word you hear.,東西,thing / item,dōngxi,N,"[""百貨公司"", ""褲子"", ""電梯"", ""東西""]",,verified_v3_book_locked,ok,,3
modern-chinese-l8-reading,第8課 短文：年輕人喜歡新東西,True,8,medium,8,0,東西,pinyin,Choose the correct pinyin and tone pattern for 「東西」.,dōngxi,thing / item,dōngxi,N,"[""dōngxi"", ""dòngxi"", ""dóngxi"", ""dǒngxi""]",我覺得有的舊東西很不錯，不一定要換新的。,verified_v3_book_locked,ok,,3
modern-chinese-l8-reading,第8課 短文：年輕人喜歡新東西,True,8,medium,8,0,東西,cloze,Choose the word that best completes the sentence.,東西,thing / item,dōngxi,N,"[""週末"", ""百貨公司"", ""鞋子""]",我覺得有的舊____很不錯，不一定要換新的。,verified_v3_book_locked,ok,,3
modern-chinese-l8-reading,第8課 短文：年輕人喜歡新東西,True,8,medium,8,0,東西,pos,"In this sentence, what part of speech is 「東西」?",N,thing / item,dōngxi,N,"[""MW"", ""Adv"", ""Adj""]",我覺得有的舊東西很不錯，不一定要換新的。,verified_v3_book_locked,ok,,3
modern-chinese-l8-reading,第8課 短文：年輕人喜歡新東西,True,8,medium,8,0,東西,synonym,"In this lesson context, which expression is closest in meaning to 「東西」?",物品,thing / item,dōngxi,N,"[""鞋子"", ""生日"", ""褲子""]",我覺得有的舊東西很不錯，不一定要換新的。,verified_v3_book_locked,ok,,3
modern-chinese-l8-reading,第8課 短文：年輕人喜歡新東西,True,8,hard,8,0,東西,translation,"In 「我覺得有的舊東西很不錯，只要還能用、也適合自己，就不一定需要馬上換掉。」, what does 「東西」 mean?",thing / item,thing / item,dōngxi,N,"[""money"", ""coat"", ""handbag""]",我覺得有的舊東西很不錯，只要還能用、也適合自己，就不一定需要馬上換掉。,verified_v3_book_locked,ok,,3
modern-chinese-l8-reading,第8課 短文：年輕人喜歡新東西,True,8,hard,8,0,東西,reverse,Which Chinese word best matches “thing / item” in this lesson context?,東西,thing / item,dōngxi,N,"[""錢"", ""皮包"", ""外套"", ""東西""]",我覺得有的舊東西很不錯，只要還能用、也適合自己，就不一定需要馬上換掉。,verified_v3_book_locked,ok,,3
modern-chinese-l8-reading,第8課 短文：年輕人喜歡新東西,True,8,hard,8,0,東西,listening,🔊 Listen and choose the word you hear.,東西,thing / item,dōngxi,N,"[""皮包"", ""錢"", ""東西"", ""外套""]",,verified_v3_book_locked,ok,,3
modern-chinese-l8-reading,第8課 短文：年輕人喜歡新東西,True,8,hard,8,0,東西,pinyin,Which pinyin exactly matches the lexical tones of 「東西」?,dōngxi,thing / item,dōngxi,N,"[""dōngxi"", ""dòngxi"", ""dóngxi"", ""dǒngxi""]",我覺得有的舊東西很不錯，只要還能用、也適合自己，就不一定需要馬上換掉。,verified_v3_book_locked,ok,,3
modern-chinese-l8-reading,第8課 短文：年輕人喜歡新東西,True,8,hard,8,0,東西,cloze,Choose the most contextually appropriate word for the blank.,東西,thing / item,dōngxi,N,"[""週末"", ""下午"", ""電梯""]",我覺得有的舊____很不錯，只要還能用、也適合自己，就不一定需要馬上換掉。,verified_v3_book_locked,ok,,3
modern-chinese-l8-reading,第8課 短文：年輕人喜歡新東西,True,8,hard,8,0,東西,pos,Classify the grammatical category of 「東西」 as used in the sentence.,N,thing / item,dōngxi,N,"[""Quant"", ""Prep"", ""MW""]",我覺得有的舊東西很不錯，只要還能用、也適合自己，就不一定需要馬上換掉。,verified_v3_book_locked,ok,,3
modern-chinese-l8-reading,第8課 短文：年輕人喜歡新東西,True,8,hard,8,0,東西,synonym,Which expression can best replace 「東西」 without changing the intended meaning?,物品,thing / item,dōngxi,N,"[""帽子"", ""眼鏡"", ""鞋子""]",我覺得有的舊東西很不錯，只要還能用、也適合自己，就不一定需要馬上換掉。,verified_v3_book_locked,ok,,3
modern-chinese-l8-reading,第8課 短文：年輕人喜歡新東西,True,8,easy,9,0,有趣,translation,有趣,interesting,interesting,yǒuqù,Adj,"[""department store"", ""pants"", ""clothes""]",有的新東西也很有趣。,verified_v3_book_locked,ok,,3
modern-chinese-l8-reading,第8課 短文：年輕人喜歡新東西,True,8,easy,9,0,有趣,reverse,interesting,有趣,interesting,yǒuqù,Adj,"[""有趣"", ""褲子"", ""百貨公司"", ""衣服""]",有的新東西也很有趣。,verified_v3_book_locked,ok,,3
modern-chinese-l8-reading,第8課 短文：年輕人喜歡新東西,True,8,easy,9,0,有趣,listening,🔊 Listen and choose the word you hear.,有趣,interesting,yǒuqù,Adj,"[""衣服"", ""有趣"", ""褲子"", ""百貨公司""]",,verified_v3_book_locked,ok,,3
modern-chinese-l8-reading,第8課 短文：年輕人喜歡新東西,True,8,easy,9,0,有趣,pinyin,Choose the correct pinyin for 「有趣」.,yǒuqù,interesting,yǒuqù,Adj,"[""yǒuqǔ"", ""yǒuqù"", ""yǒuqú"", ""yǒuqū""]",有的新東西也很有趣。,verified_v3_book_locked,ok,,3
modern-chinese-l8-reading,第8課 短文：年輕人喜歡新東西,True,8,easy,9,0,有趣,cloze,Complete the sentence.,有趣,interesting,yǒuqù,Adj,"[""新的"", ""大"", ""舒服""]",有的新東西也很____。,verified_v3_book_locked,ok,,3
modern-chinese-l8-reading,第8課 短文：年輕人喜歡新東西,True,8,easy,9,0,有趣,pos,What is the part of speech of 「有趣」?,Adj,interesting,yǒuqù,Adj,"[""Quant"", ""Loc"", ""Adv""]",有的新東西也很有趣。,verified_v3_book_locked,ok,,3
modern-chinese-l8-reading,第8課 短文：年輕人喜歡新東西,True,8,easy,9,0,有趣,synonym,Which word or phrase is closest in meaning to 「有趣」?,好玩,interesting,yǒuqù,Adj,"[""漂亮"", ""裙子"", ""衣服""]",有的新東西也很有趣。,verified_v3_book_locked,ok,,3
modern-chinese-l8-reading,第8課 短文：年輕人喜歡新東西,True,8,medium,9,0,有趣,translation,Choose the best English meaning of 「有趣」.,interesting,interesting,yǒuqù,Adj,"[""beautiful"", ""popular"", ""big""]",有的新東西也很有趣，可以帶來不同的使用經驗。,verified_v3_book_locked,ok,,3
modern-chinese-l8-reading,第8課 短文：年輕人喜歡新東西,True,8,medium,9,0,有趣,reverse,Choose the Chinese word for “interesting”.,有趣,interesting,yǒuqù,Adj,"[""大"", ""有趣"", ""漂亮"", ""流行""]",有的新東西也很有趣，可以帶來不同的使用經驗。,verified_v3_book_locked,ok,,3
modern-chinese-l8-reading,第8課 短文：年輕人喜歡新東西,True,8,medium,9,0,有趣,listening,🔊 Listen and choose the word you hear.,有趣,interesting,yǒuqù,Adj,"[""有趣"", ""漂亮"", ""流行"", ""大""]",,verified_v3_book_locked,ok,,3
modern-chinese-l8-reading,第8課 短文：年輕人喜歡新東西,True,8,medium,9,0,有趣,pinyin,Choose the correct pinyin and tone pattern for 「有趣」.,yǒuqù,interesting,yǒuqù,Adj,"[""yǒuqú"", ""yǒuqù"", ""yǒuqū"", ""yǒuqǔ""]",有的新東西也很有趣，可以帶來不同的使用經驗。,verified_v3_book_locked,ok,,3
modern-chinese-l8-reading,第8課 短文：年輕人喜歡新東西,True,8,medium,9,0,有趣,cloze,Choose the word that best completes the sentence.,有趣,interesting,yǒuqù,Adj,"[""好吃"", ""大"", ""忙""]",有的新東西也很____，可以帶來不同的使用經驗。,verified_v3_book_locked,ok,,3
modern-chinese-l8-reading,第8課 短文：年輕人喜歡新東西,True,8,medium,9,0,有趣,pos,"In this sentence, what part of speech is 「有趣」?",Adj,interesting,yǒuqù,Adj,"[""Prep"", ""Loc"", ""Pron""]",有的新東西也很有趣，可以帶來不同的使用經驗。,verified_v3_book_locked,ok,,3
modern-chinese-l8-reading,第8課 短文：年輕人喜歡新東西,True,8,medium,9,0,有趣,synonym,"In this lesson context, which expression is closest in meaning to 「有趣」?",好玩,interesting,yǒuqù,Adj,"[""新的"", ""年輕"", ""好吃""]",有的新東西也很有趣，可以帶來不同的使用經驗。,verified_v3_book_locked,ok,,3
modern-chinese-l8-reading,第8課 短文：年輕人喜歡新東西,True,8,hard,9,0,有趣,translation,"In 「當然，有的新東西也很有趣，新的設計或功能有時候真的會讓生活更方便。」, what does 「有趣」 mean?",interesting,interesting,yǒuqù,Adj,"[""comfortable"", ""convenient"", ""busy""]",當然，有的新東西也很有趣，新的設計或功能有時候真的會讓生活更方便。,verified_v3_book_locked,ok,,3
modern-chinese-l8-reading,第8課 短文：年輕人喜歡新東西,True,8,hard,9,0,有趣,reverse,Which Chinese word best matches “interesting” in this lesson context?,有趣,interesting,yǒuqù,Adj,"[""有趣"", ""舒服"", ""忙"", ""方便""]",當然，有的新東西也很有趣，新的設計或功能有時候真的會讓生活更方便。,verified_v3_book_locked,ok,,3
modern-chinese-l8-reading,第8課 短文：年輕人喜歡新東西,True,8,hard,9,0,有趣,listening,🔊 Listen and choose the word you hear.,有趣,interesting,yǒuqù,Adj,"[""方便"", ""忙"", ""舒服"", ""有趣""]",,verified_v3_book_locked,ok,,3
modern-chinese-l8-reading,第8課 短文：年輕人喜歡新東西,True,8,hard,9,0,有趣,pinyin,Which pinyin exactly matches the lexical tones of 「有趣」?,yǒuqù,interesting,yǒuqù,Adj,"[""yǒuqū"", ""yǒuqù"", ""yǒuqú"", ""yǒuqǔ""]",當然，有的新東西也很有趣，新的設計或功能有時候真的會讓生活更方便。,verified_v3_book_locked,ok,,3
modern-chinese-l8-reading,第8課 短文：年輕人喜歡新東西,True,8,hard,9,0,有趣,cloze,Choose the most contextually appropriate word for the blank.,有趣,interesting,yǒuqù,Adj,"[""好吃"", ""流行"", ""大""]",當然，有的新東西也很____，新的設計或功能有時候真的會讓生活更方便。,verified_v3_book_locked,ok,,3
modern-chinese-l8-reading,第8課 短文：年輕人喜歡新東西,True,8,hard,9,0,有趣,pos,Classify the grammatical category of 「有趣」 as used in the sentence.,Adj,interesting,yǒuqù,Adj,"[""Loc"", ""Pron"", ""Adv""]",當然，有的新東西也很有趣，新的設計或功能有時候真的會讓生活更方便。,verified_v3_book_locked,ok,,3
modern-chinese-l8-reading,第8課 短文：年輕人喜歡新東西,True,8,hard,9,0,有趣,synonym,Which expression can best replace 「有趣」 without changing the intended meaning?,好玩,interesting,yǒuqù,Adj,"[""大"", ""年輕"", ""困難""]",當然，有的新東西也很有趣，新的設計或功能有時候真的會讓生活更方便。,verified_v3_book_locked,ok,,3
modern-chinese-l8-reading,第8課 短文：年輕人喜歡新東西,True,8,easy,9,1,東西,translation,東西,thing / item,thing / item,dōngxi,N,"[""weekend"", ""beautiful"", ""skirt""]",有的新東西也很有趣。,verified_v3_book_locked,ok,,3
modern-chinese-l8-reading,第8課 短文：年輕人喜歡新東西,True,8,easy,9,1,東西,reverse,thing / item,東西,thing / item,dōngxi,N,"[""漂亮"", ""裙子"", ""週末"", ""東西""]",有的新東西也很有趣。,verified_v3_book_locked,ok,,3
modern-chinese-l8-reading,第8課 短文：年輕人喜歡新東西,True,8,easy,9,1,東西,listening,🔊 Listen and choose the word you hear.,東西,thing / item,dōngxi,N,"[""週末"", ""漂亮"", ""裙子"", ""東西""]",,verified_v3_book_locked,ok,,3
modern-chinese-l8-reading,第8課 短文：年輕人喜歡新東西,True,8,easy,9,1,東西,pinyin,Choose the correct pinyin for 「東西」.,dōngxi,thing / item,dōngxi,N,"[""dóngxi"", ""dōngxi"", ""dǒngxi"", ""dòngxi""]",有的新東西也很有趣。,verified_v3_book_locked,ok,,3
modern-chinese-l8-reading,第8課 短文：年輕人喜歡新東西,True,8,easy,9,1,東西,cloze,Complete the sentence.,東西,thing / item,dōngxi,N,"[""友美"", ""週末"", ""衣服""]",有的新____也很有趣。,verified_v3_book_locked,ok,,3
modern-chinese-l8-reading,第8課 短文：年輕人喜歡新東西,True,8,easy,9,1,東西,pos,What is the part of speech of 「東西」?,N,thing / item,dōngxi,N,"[""V"", ""Prep"", ""Loc""]",有的新東西也很有趣。,verified_v3_book_locked,ok,,3
modern-chinese-l8-reading,第8課 短文：年輕人喜歡新東西,True,8,easy,9,1,東西,synonym,Which word or phrase is closest in meaning to 「東西」?,物品,thing / item,dōngxi,N,"[""漂亮"", ""褲子"", ""生日""]",有的新東西也很有趣。,verified_v3_book_locked,ok,,3
modern-chinese-l8-reading,第8課 短文：年輕人喜歡新東西,True,8,medium,9,1,東西,translation,Choose the best English meaning of 「東西」.,thing / item,thing / item,dōngxi,N,"[""weekend"", ""department store"", ""birthday""]",有的新東西也很有趣，可以帶來不同的使用經驗。,verified_v3_book_locked,ok,,3
modern-chinese-l8-reading,第8課 短文：年輕人喜歡新東西,True,8,medium,9,1,東西,reverse,Choose the Chinese word for “thing / item”.,東西,thing / item,dōngxi,N,"[""東西"", ""百貨公司"", ""生日"", ""週末""]",有的新東西也很有趣，可以帶來不同的使用經驗。,verified_v3_book_locked,ok,,3
modern-chinese-l8-reading,第8課 短文：年輕人喜歡新東西,True,8,medium,9,1,東西,listening,🔊 Listen and choose the word you hear.,東西,thing / item,dōngxi,N,"[""生日"", ""週末"", ""東西"", ""百貨公司""]",,verified_v3_book_locked,ok,,3
modern-chinese-l8-reading,第8課 短文：年輕人喜歡新東西,True,8,medium,9,1,東西,pinyin,Choose the correct pinyin and tone pattern for 「東西」.,dōngxi,thing / item,dōngxi,N,"[""dóngxi"", ""dòngxi"", ""dǒngxi"", ""dōngxi""]",有的新東西也很有趣，可以帶來不同的使用經驗。,verified_v3_book_locked,ok,,3
modern-chinese-l8-reading,第8課 短文：年輕人喜歡新東西,True,8,medium,9,1,東西,cloze,Choose the word that best completes the sentence.,東西,thing / item,dōngxi,N,"[""衣服"", ""週末"", ""褲子""]",有的新____也很有趣，可以帶來不同的使用經驗。,verified_v3_book_locked,ok,,3
modern-chinese-l8-reading,第8課 短文：年輕人喜歡新東西,True,8,medium,9,1,東西,pos,"In this sentence, what part of speech is 「東西」?",N,thing / item,dōngxi,N,"[""MW"", ""Adv"", ""Adj""]",有的新東西也很有趣，可以帶來不同的使用經驗。,verified_v3_book_locked,ok,,3
modern-chinese-l8-reading,第8課 短文：年輕人喜歡新東西,True,8,medium,9,1,東西,synonym,"In this lesson context, which expression is closest in meaning to 「東西」?",物品,thing / item,dōngxi,N,"[""褲子"", ""生日"", ""週末""]",有的新東西也很有趣，可以帶來不同的使用經驗。,verified_v3_book_locked,ok,,3
modern-chinese-l8-reading,第8課 短文：年輕人喜歡新東西,True,8,hard,9,1,東西,translation,"In 「當然，有的新東西也很有趣，新的設計或功能有時候真的會讓生活更方便。」, what does 「東西」 mean?",thing / item,thing / item,dōngxi,N,"[""hat"", ""handbag"", ""clothes""]",當然，有的新東西也很有趣，新的設計或功能有時候真的會讓生活更方便。,verified_v3_book_locked,ok,,3
modern-chinese-l8-reading,第8課 短文：年輕人喜歡新東西,True,8,hard,9,1,東西,reverse,Which Chinese word best matches “thing / item” in this lesson context?,東西,thing / item,dōngxi,N,"[""東西"", ""皮包"", ""帽子"", ""衣服""]",當然，有的新東西也很有趣，新的設計或功能有時候真的會讓生活更方便。,verified_v3_book_locked,ok,,3
modern-chinese-l8-reading,第8課 短文：年輕人喜歡新東西,True,8,hard,9,1,東西,listening,🔊 Listen and choose the word you hear.,東西,thing / item,dōngxi,N,"[""帽子"", ""衣服"", ""東西"", ""皮包""]",,verified_v3_book_locked,ok,,3
modern-chinese-l8-reading,第8課 短文：年輕人喜歡新東西,True,8,hard,9,1,東西,pinyin,Which pinyin exactly matches the lexical tones of 「東西」?,dōngxi,thing / item,dōngxi,N,"[""dóngxi"", ""dǒngxi"", ""dōngxi"", ""dòngxi""]",當然，有的新東西也很有趣，新的設計或功能有時候真的會讓生活更方便。,verified_v3_book_locked,ok,,3
modern-chinese-l8-reading,第8課 短文：年輕人喜歡新東西,True,8,hard,9,1,東西,cloze,Choose the most contextually appropriate word for the blank.,東西,thing / item,dōngxi,N,"[""百貨公司"", ""週末"", ""電梯""]",當然，有的新____也很有趣，新的設計或功能有時候真的會讓生活更方便。,verified_v3_book_locked,ok,,3
modern-chinese-l8-reading,第8課 短文：年輕人喜歡新東西,True,8,hard,9,1,東西,pos,Classify the grammatical category of 「東西」 as used in the sentence.,N,thing / item,dōngxi,N,"[""Quant"", ""Prep"", ""MW""]",當然，有的新東西也很有趣，新的設計或功能有時候真的會讓生活更方便。,verified_v3_book_locked,ok,,3
modern-chinese-l8-reading,第8課 短文：年輕人喜歡新東西,True,8,hard,9,1,東西,synonym,Which expression can best replace 「東西」 without changing the intended meaning?,物品,thing / item,dōngxi,N,"[""眼鏡"", ""錢"", ""皮包""]",當然，有的新東西也很有趣，新的設計或功能有時候真的會讓生活更方便。,verified_v3_book_locked,ok,,3
modern-chinese-l8-reading,第8課 短文：年輕人喜歡新東西,True,8,easy,10,0,衣服,translation,衣服,clothes,clothes,yīfu,N,"[""weekend"", ""popular"", ""beautiful""]",我很喜歡看新車、新衣服。,verified_v3_book_locked,ok,,3
modern-chinese-l8-reading,第8課 短文：年輕人喜歡新東西,True,8,easy,10,0,衣服,reverse,clothes,衣服,clothes,yīfu,N,"[""週末"", ""漂亮"", ""流行"", ""衣服""]",我很喜歡看新車、新衣服。,verified_v3_book_locked,ok,,3
modern-chinese-l8-reading,第8課 短文：年輕人喜歡新東西,True,8,easy,10,0,衣服,listening,🔊 Listen and choose the word you hear.,衣服,clothes,yīfu,N,"[""衣服"", ""週末"", ""漂亮"", ""流行""]",,verified_v3_book_locked,ok,,3
modern-chinese-l8-reading,第8課 短文：年輕人喜歡新東西,True,8,easy,10,0,衣服,pinyin,Choose the correct pinyin for 「衣服」.,yīfu,clothes,yīfu,N,"[""yìfu"", ""yīfu"", ""yǐfu"", ""yífu""]",我很喜歡看新車、新衣服。,verified_v3_book_locked,ok,,3
modern-chinese-l8-reading,第8課 短文：年輕人喜歡新東西,True,8,easy,10,0,衣服,cloze,Complete the sentence.,衣服,clothes,yīfu,N,"[""電梯"", ""週末"", ""裙子""]",我很喜歡看新車、新____。,verified_v3_book_locked,ok,,3
modern-chinese-l8-reading,第8課 短文：年輕人喜歡新東西,True,8,easy,10,0,衣服,pos,What is the part of speech of 「衣服」?,N,clothes,yīfu,N,"[""Loc"", ""Prep"", ""V""]",我很喜歡看新車、新衣服。,verified_v3_book_locked,ok,,3
modern-chinese-l8-reading,第8課 短文：年輕人喜歡新東西,True,8,easy,10,0,衣服,synonym,Which word or phrase is closest in meaning to 「衣服」?,衣物,clothes,yīfu,N,"[""褲子"", ""生日"", ""東西""]",我很喜歡看新車、新衣服。,verified_v3_book_locked,ok,,3
modern-chinese-l8-reading,第8課 短文：年輕人喜歡新東西,True,8,medium,10,0,衣服,translation,Choose the best English meaning of 「衣服」.,clothes,clothes,yīfu,N,"[""department store"", ""skirt"", ""elevator""]",我很喜歡看新車、新衣服，可是通常只是看看。,verified_v3_book_locked,ok,,3
modern-chinese-l8-reading,第8課 短文：年輕人喜歡新東西,True,8,medium,10,0,衣服,reverse,Choose the Chinese word for “clothes”.,衣服,clothes,yīfu,N,"[""百貨公司"", ""衣服"", ""裙子"", ""電梯""]",我很喜歡看新車、新衣服，可是通常只是看看。,verified_v3_book_locked,ok,,3
modern-chinese-l8-reading,第8課 短文：年輕人喜歡新東西,True,8,medium,10,0,衣服,listening,🔊 Listen and choose the word you hear.,衣服,clothes,yīfu,N,"[""百貨公司"", ""電梯"", ""裙子"", ""衣服""]",,verified_v3_book_locked,ok,,3
modern-chinese-l8-reading,第8課 短文：年輕人喜歡新東西,True,8,medium,10,0,衣服,pinyin,Choose the correct pinyin and tone pattern for 「衣服」.,yīfu,clothes,yīfu,N,"[""yǐfu"", ""yìfu"", ""yífu"", ""yīfu""]",我很喜歡看新車、新衣服，可是通常只是看看。,verified_v3_book_locked,ok,,3
modern-chinese-l8-reading,第8課 短文：年輕人喜歡新東西,True,8,medium,10,0,衣服,cloze,Choose the word that best completes the sentence.,衣服,clothes,yīfu,N,"[""友美"", ""褲子"", ""錢""]",我很喜歡看新車、新____，可是通常只是看看。,verified_v3_book_locked,ok,,3
modern-chinese-l8-reading,第8課 短文：年輕人喜歡新東西,True,8,medium,10,0,衣服,pos,"In this sentence, what part of speech is 「衣服」?",N,clothes,yīfu,N,"[""Adv"", ""Adj"", ""Quant""]",我很喜歡看新車、新衣服，可是通常只是看看。,verified_v3_book_locked,ok,,3
modern-chinese-l8-reading,第8課 短文：年輕人喜歡新東西,True,8,medium,10,0,衣服,synonym,"In this lesson context, which expression is closest in meaning to 「衣服」?",衣物,clothes,yīfu,N,"[""東西"", ""鞋子"", ""電梯""]",我很喜歡看新車、新衣服，可是通常只是看看。,verified_v3_book_locked,ok,,3
modern-chinese-l8-reading,第8課 短文：年輕人喜歡新東西,True,8,hard,10,0,衣服,translation,"In 「我很喜歡看新車、新衣服，因為可以知道現在流行什麼，但我不會看到喜歡的就立刻買。」, what does 「衣服」 mean?",clothes,clothes,yīfu,N,"[""pants"", ""hat"", ""shoes""]",我很喜歡看新車、新衣服，因為可以知道現在流行什麼，但我不會看到喜歡的就立刻買。,verified_v3_book_locked,ok,,3
modern-chinese-l8-reading,第8課 短文：年輕人喜歡新東西,True,8,hard,10,0,衣服,reverse,Which Chinese word best matches “clothes” in this lesson context?,衣服,clothes,yīfu,N,"[""鞋子"", ""褲子"", ""衣服"", ""帽子""]",我很喜歡看新車、新衣服，因為可以知道現在流行什麼，但我不會看到喜歡的就立刻買。,verified_v3_book_locked,ok,,3
modern-chinese-l8-reading,第8課 短文：年輕人喜歡新東西,True,8,hard,10,0,衣服,listening,🔊 Listen and choose the word you hear.,衣服,clothes,yīfu,N,"[""鞋子"", ""褲子"", ""衣服"", ""帽子""]",,verified_v3_book_locked,ok,,3
modern-chinese-l8-reading,第8課 短文：年輕人喜歡新東西,True,8,hard,10,0,衣服,pinyin,Which pinyin exactly matches the lexical tones of 「衣服」?,yīfu,clothes,yīfu,N,"[""yīfu"", ""yìfu"", ""yǐfu"", ""yífu""]",我很喜歡看新車、新衣服，因為可以知道現在流行什麼，但我不會看到喜歡的就立刻買。,verified_v3_book_locked,ok,,3
modern-chinese-l8-reading,第8課 短文：年輕人喜歡新東西,True,8,hard,10,0,衣服,cloze,Choose the most contextually appropriate word for the blank.,衣服,clothes,yīfu,N,"[""咖啡廳"", ""百貨公司"", ""下午""]",我很喜歡看新車、新____，因為可以知道現在流行什麼，但我不會看到喜歡的就立刻買。,verified_v3_book_locked,ok,,3
modern-chinese-l8-reading,第8課 短文：年輕人喜歡新東西,True,8,hard,10,0,衣服,pos,Classify the grammatical category of 「衣服」 as used in the sentence.,N,clothes,yīfu,N,"[""Adj"", ""Prep"", ""V""]",我很喜歡看新車、新衣服，因為可以知道現在流行什麼，但我不會看到喜歡的就立刻買。,verified_v3_book_locked,ok,,3
modern-chinese-l8-reading,第8課 短文：年輕人喜歡新東西,True,8,hard,10,0,衣服,synonym,Which expression can best replace 「衣服」 without changing the intended meaning?,衣物,clothes,yīfu,N,"[""眼鏡"", ""皮包"", ""錢""]",我很喜歡看新車、新衣服，因為可以知道現在流行什麼，但我不會看到喜歡的就立刻買。,verified_v3_book_locked,ok,,3
modern-chinese-l8-reading,第8課 短文：年輕人喜歡新東西,True,8,easy,11,0,錢,translation,錢,money,money,qián,N,"[""clothes"", ""birthday"", ""thing / item""]",可是我的錢不多。,verified_v3_book_locked,ok,,3
modern-chinese-l8-reading,第8課 短文：年輕人喜歡新東西,True,8,easy,11,0,錢,reverse,money,錢,money,qián,N,"[""東西"", ""衣服"", ""生日"", ""錢""]",可是我的錢不多。,verified_v3_book_locked,ok,,3
modern-chinese-l8-reading,第8課 短文：年輕人喜歡新東西,True,8,easy,11,0,錢,listening,🔊 Listen and choose the word you hear.,錢,money,qián,N,"[""錢"", ""生日"", ""衣服"", ""東西""]",,verified_v3_book_locked,ok,,3
modern-chinese-l8-reading,第8課 短文：年輕人喜歡新東西,True,8,easy,11,0,錢,pinyin,Choose the correct pinyin for 「錢」.,qián,money,qián,N,"[""qiān"", ""qiǎn"", ""qiàn"", ""qián""]",可是我的錢不多。,verified_v3_book_locked,ok,,3
modern-chinese-l8-reading,第8課 短文：年輕人喜歡新東西,True,8,easy,11,0,錢,cloze,Complete the sentence.,錢,money,qián,N,"[""褲子"", ""東西"", ""週末""]",可是我的____不多。,verified_v3_book_locked,ok,,3
modern-chinese-l8-reading,第8課 短文：年輕人喜歡新東西,True,8,easy,11,0,錢,pos,What is the part of speech of 「錢」?,N,money,qián,N,"[""Prep"", ""V"", ""Pron""]",可是我的錢不多。,verified_v3_book_locked,ok,,3
modern-chinese-l8-reading,第8課 短文：年輕人喜歡新東西,True,8,easy,11,0,錢,synonym,Which word or phrase is closest in meaning to 「錢」?,金錢,money,qián,N,"[""百貨公司"", ""褲子"", ""漂亮""]",可是我的錢不多。,verified_v3_book_locked,ok,,3
modern-chinese-l8-reading,第8課 短文：年輕人喜歡新東西,True,8,medium,11,0,錢,translation,Choose the best English meaning of 「錢」.,money,money,qián,N,"[""birthday"", ""weekend"", ""pants""]",可是我的錢不多，所以買東西以前會先想清楚。,verified_v3_book_locked,ok,,3
modern-chinese-l8-reading,第8課 短文：年輕人喜歡新東西,True,8,medium,11,0,錢,reverse,Choose the Chinese word for “money”.,錢,money,qián,N,"[""生日"", ""週末"", ""錢"", ""褲子""]",可是我的錢不多，所以買東西以前會先想清楚。,verified_v3_book_locked,ok,,3
modern-chinese-l8-reading,第8課 短文：年輕人喜歡新東西,True,8,medium,11,0,錢,listening,🔊 Listen and choose the word you hear.,錢,money,qián,N,"[""生日"", ""錢"", ""週末"", ""褲子""]",,verified_v3_book_locked,ok,,3
modern-chinese-l8-reading,第8課 短文：年輕人喜歡新東西,True,8,medium,11,0,錢,pinyin,Choose the correct pinyin and tone pattern for 「錢」.,qián,money,qián,N,"[""qián"", ""qiǎn"", ""qiàn"", ""qiān""]",可是我的錢不多，所以買東西以前會先想清楚。,verified_v3_book_locked,ok,,3
modern-chinese-l8-reading,第8課 短文：年輕人喜歡新東西,True,8,medium,11,0,錢,cloze,Choose the word that best completes the sentence.,錢,money,qián,N,"[""褲子"", ""週末"", ""裙子""]",可是我的____不多，所以買東西以前會先想清楚。,verified_v3_book_locked,ok,,3
modern-chinese-l8-reading,第8課 短文：年輕人喜歡新東西,True,8,medium,11,0,錢,pos,"In this sentence, what part of speech is 「錢」?",N,money,qián,N,"[""Prep"", ""Adv"", ""Adj""]",可是我的錢不多，所以買東西以前會先想清楚。,verified_v3_book_locked,ok,,3
modern-chinese-l8-reading,第8課 短文：年輕人喜歡新東西,True,8,medium,11,0,錢,synonym,"In this lesson context, which expression is closest in meaning to 「錢」?",金錢,money,qián,N,"[""生日"", ""衣服"", ""百貨公司""]",可是我的錢不多，所以買東西以前會先想清楚。,verified_v3_book_locked,ok,,3
modern-chinese-l8-reading,第8課 短文：年輕人喜歡新東西,True,8,hard,11,0,錢,translation,"In 「可是我的錢不多，每個月可以花在購物上的金額有限，所以我會先分清楚需要和想要的東西。」, what does 「錢」 mean?",money,money,qián,N,"[""thing / item"", ""wallet"", ""hat""]",可是我的錢不多，每個月可以花在購物上的金額有限，所以我會先分清楚需要和想要的東西。,verified_v3_book_locked,ok,,3
modern-chinese-l8-reading,第8課 短文：年輕人喜歡新東西,True,8,hard,11,0,錢,reverse,Which Chinese word best matches “money” in this lesson context?,錢,money,qián,N,"[""帽子"", ""錢"", ""東西"", ""錢包""]",可是我的錢不多，每個月可以花在購物上的金額有限，所以我會先分清楚需要和想要的東西。,verified_v3_book_locked,ok,,3
modern-chinese-l8-reading,第8課 短文：年輕人喜歡新東西,True,8,hard,11,0,錢,listening,🔊 Listen and choose the word you hear.,錢,money,qián,N,"[""帽子"", ""錢包"", ""東西"", ""錢""]",,verified_v3_book_locked,ok,,3
modern-chinese-l8-reading,第8課 短文：年輕人喜歡新東西,True,8,hard,11,0,錢,pinyin,Which pinyin exactly matches the lexical tones of 「錢」?,qián,money,qián,N,"[""qiān"", ""qiǎn"", ""qiàn"", ""qián""]",可是我的錢不多，每個月可以花在購物上的金額有限，所以我會先分清楚需要和想要的東西。,verified_v3_book_locked,ok,,3
modern-chinese-l8-reading,第8課 短文：年輕人喜歡新東西,True,8,hard,11,0,錢,cloze,Choose the most contextually appropriate word for the blank.,錢,money,qián,N,"[""下午茶"", ""電梯"", ""咖啡廳""]",可是我的____不多，每個月可以花在購物上的金額有限，所以我會先分清楚需要和想要的東西。,verified_v3_book_locked,ok,,3
modern-chinese-l8-reading,第8課 短文：年輕人喜歡新東西,True,8,hard,11,0,錢,pos,Classify the grammatical category of 「錢」 as used in the sentence.,N,money,qián,N,"[""Loc"", ""Prep"", ""Adv""]",可是我的錢不多，每個月可以花在購物上的金額有限，所以我會先分清楚需要和想要的東西。,verified_v3_book_locked,ok,,3
modern-chinese-l8-reading,第8課 短文：年輕人喜歡新東西,True,8,hard,11,0,錢,synonym,Which expression can best replace 「錢」 without changing the intended meaning?,金錢,money,qián,N,"[""皮包"", ""東西"", ""裙子""]",可是我的錢不多，每個月可以花在購物上的金額有限，所以我會先分清楚需要和想要的東西。,verified_v3_book_locked,ok,,3
