lesson_number,lesson_sub_order,story_id,story_title,published,frame_index,image_url,prompt,prompt_medium,prompt_hard,suggested_answer,suggested_answer_medium,suggested_answer_hard,vocabulary,vocabulary_translation,vocabulary_pinyin,vocabulary_pos,phrases,phrases_translation,listen_script,listen_script_medium,listen_script_hard,frame_json
5,1,custom-story-1785137028726,我們去喝下午茶,True,0,/uploads/images/custom-story-1785137028726-frame-1-645307.png,Ask about the friend’s weekend plans.,Ask about the friend’s weekend plans.,Ask about the friend’s weekend plans.,友美，妳這個週末要做什麼？,友美，週末快到了，妳這個週末想做什麼？,友美，這個星期快結束了，妳這個週末打算做什麼？,"友美, 週末, 做, 這個週末, 什麼","Youmei (person’s name), weekend, to do / make, this weekend, what","yǒu měi, zhōu mò, zuò, zhè ge zhōumò, shénme","N, N, V, TimeExpr, Pron",這個週末,this weekend,友美，妳這個週末要做什麼？,友美，週末快到了，妳這個週末想做什麼？,友美，這個星期快結束了，妳這個週末打算做什麼？,"{""prompt"":""Ask about the friend’s weekend plans."",""phrases"":""這個週末"",""imageUrl"":""/uploads/images/custom-story-1785137028726-frame-1-645307.png"",""promptHard"":""Ask about the friend’s weekend plans."",""vocabulary"":""友美, 週末, 做, 這個週末, 什麼"",""phrasesHard"":""這個星期, 週末, 打算做什麼"",""imageUrlHard"":""/uploads/images/custom-story-1785137028726-frame-1-hard-210136.png"",""listenScript"":""友美，妳這個週末要做什麼？"",""promptMedium"":""Ask about the friend’s weekend plans."",""phrasesMedium"":""週末, 想做什麼"",""vocabularyPos"":""N, N, V, TimeExpr, Pron"",""grammarExample"":null,""grammarPattern"":null,""imageUrlMedium"":""/uploads/images/custom-story-1785137028726-frame-1-medium-101434.png"",""listenAudioUrl"":""/uploads/audio/custom-story-1785137028726-frame-1-audio-539878.wav"",""vocabularyHard"":""友美, 週末, 做, 這個週末, 什麼"",""suggestedAnswer"":""友美，妳這個週末要做什麼？"",""vocabularyCloze"":null,""listenScriptHard"":""友美，這個星期快結束了，妳這個週末打算做什麼？"",""vocabularyGroups"":null,""vocabularyMedium"":""友美, 週末, 做, 這個週末, 什麼"",""vocabularyPinyin"":""yǒu měi, zhōu mò, zuò, zhè ge zhōumò, shénme"",""listenAudioSource"":""teacher"",""vocabularyPosHard"":""N, N, V, TimeExpr, Pron"",""vocabularySynonym"":null,""listenAudioUrlHard"":null,""listenScriptMedium"":""友美，週末快到了，妳這個週末想做什麼？"",""phrasesTranslation"":""this weekend"",""suggestedAnswerHard"":""友美，這個星期快結束了，妳這個週末打算做什麼？"",""vocabularyAudioUrls"":null,""vocabularyPosMedium"":""N, N, V, TimeExpr, Pron"",""listenAudioUrlMedium"":null,""vocabularyPinyinHard"":""yǒu měi, zhōu mò, zuò, zhè ge zhōumò, shénme"",""listenAudioSourceHard"":null,""suggestedAnswerMedium"":""友美，週末快到了，妳這個週末想做什麼？"",""vocabularyDistractors"":""[[\""friendship\"",\""beauty\"",\""nickname\"",\""beautiful friend\"",\""nice person\""],[\""holiday\"",\""vacation\"",\""festival\"",\""leisure time\""],[\""create\"",\""build\"",\""prepare\"",\""to make\"",\""to create\"",\""to prepare\""]]"",""vocabularyTranslation"":""Youmei (person’s name), weekend, to do / make, this weekend, what"",""phrasesTranslationHard"":""this week, weekend, plan to do what"",""vocabularyPinyinMedium"":""yǒu měi, zhōu mò, zuò, zhè ge zhōumò, shénme"",""listenAudioSourceMedium"":null,""sentenceReferenceCurves"":null,""vocabularyAudioUrlsHard"":null,""phrasesTranslationMedium"":""weekend, want to do what"",""vocabularyAudioUrlsMedium"":null,""vocabularyReferenceCurves"":null,""vocabularyTranslationHard"":""Youmei (person’s name), weekend, to do / make, this weekend, what"",""sentenceReferenceCurvesHard"":null,""vocabularyTranslationMedium"":""Youmei (person’s name), weekend, to do / make, this weekend, what"",""sentenceReferenceCurvesMedium"":null,""vocabularyReferenceCurvesHard"":null,""vocabularyReferenceCurvesMedium"":null}"
5,1,custom-story-1785137028726,我們去喝下午茶,True,1,/uploads/images/custom-story-1785137028726-frame-2-645313.png,Tell what the speaker plans to do at home.,Tell what the speaker plans to do at home.,Tell what the speaker plans to do at home.,我要在家看書、聽音樂。,我要在家看書、聽音樂，好好休息。,這個星期我太忙了，所以週末我要在家看書、聽音樂，好好休息一下。,"我, 要, 在, 家, 看書, 聽音樂","I, to want / need, at / in, home, to read, to listen to music","wǒ, yào, zài, jiā, kànshū, tīng yīnyuè","Pron, V, Prep, N, V, V",在家,at home,我要在家看書、聽音樂。,我要在家看書、聽音樂，好好休息。,這個星期我太忙了，所以週末我要在家看書、聽音樂，好好休息一下。,"{""prompt"":""Tell what the speaker plans to do at home."",""phrases"":""在家"",""imageUrl"":""/uploads/images/custom-story-1785137028726-frame-2-645313.png"",""promptHard"":""Tell what the speaker plans to do at home."",""vocabulary"":""我, 要, 在, 家, 看書, 聽音樂"",""phrasesHard"":""這個星期, 好好休息, 週末"",""imageUrlHard"":""/uploads/images/custom-story-1785137028726-frame-2-hard-210139.png"",""listenScript"":""我要在家看書、聽音樂。"",""promptMedium"":""Tell what the speaker plans to do at home."",""phrasesMedium"":""好好休息, 在家"",""vocabularyPos"":""Pron, V, Prep, N, V, V"",""grammarExample"":null,""grammarPattern"":null,""imageUrlMedium"":""/uploads/images/custom-story-1785137028726-frame-2-medium-101437.png"",""listenAudioUrl"":""/uploads/audio/custom-story-1785137028726-frame-2-audio-513982.wav"",""vocabularyHard"":""我, 要, 在, 家, 看書, 聽音樂"",""suggestedAnswer"":""我要在家看書、聽音樂。"",""vocabularyCloze"":null,""listenScriptHard"":""這個星期我太忙了，所以週末我要在家看書、聽音樂，好好休息一下。"",""vocabularyGroups"":null,""vocabularyMedium"":""我, 要, 在, 家, 看書, 聽音樂"",""vocabularyPinyin"":""wǒ, yào, zài, jiā, kànshū, tīng yīnyuè"",""listenAudioSource"":""teacher"",""vocabularyPosHard"":""Pron, V, Prep, N, V, V"",""vocabularySynonym"":null,""listenAudioUrlHard"":null,""listenScriptMedium"":""我要在家看書、聽音樂，好好休息。"",""phrasesTranslation"":""at home"",""suggestedAnswerHard"":""這個星期我太忙了，所以週末我要在家看書、聽音樂，好好休息一下。"",""vocabularyAudioUrls"":null,""vocabularyPosMedium"":""Pron, V, Prep, N, V, V"",""listenAudioUrlMedium"":null,""vocabularyPinyinHard"":""wǒ, yào, zài, jiā, kànshū, tīng yīnyuè"",""listenAudioSourceHard"":null,""suggestedAnswerMedium"":""我要在家看書、聽音樂，好好休息。"",""vocabularyDistractors"":""[[\""we\"",\""us\"",\""ours\""],[\""need\"",\""must\"",\""should\"",\""to need\"",\""to require\"",\""to wish\""],[\""with\"",\""from\"",\""during\"",\""on\""],[\""office\"",\""school\"",\""store\"",\""household\"",\""family\"",\""village\""],[\""watch movie\"",\""play game\"",\""browse internet\"",\""to watch\"",\""to observe\"",\""to glance\""],[\""watch concert\"",\""play instrument\"",\""dance\"",\""to play music\"",\""to compose\"",\""to sing\""]]"",""vocabularyTranslation"":""I, to want / need, at / in, home, to read, to listen to music"",""phrasesTranslationHard"":""this week, rest well, weekend"",""vocabularyPinyinMedium"":""wǒ, yào, zài, jiā, kànshū, tīng yīnyuè"",""listenAudioSourceMedium"":null,""sentenceReferenceCurves"":null,""vocabularyAudioUrlsHard"":null,""phrasesTranslationMedium"":""rest well, at home"",""vocabularyAudioUrlsMedium"":null,""vocabularyReferenceCurves"":null,""vocabularyTranslationHard"":""I, to want / need, at / in, home, to read, to listen to music"",""sentenceReferenceCurvesHard"":null,""vocabularyTranslationMedium"":""I, to want / need, at / in, home, to read, to listen to music"",""sentenceReferenceCurvesMedium"":null,""vocabularyReferenceCurvesHard"":null,""vocabularyReferenceCurvesMedium"":null}"
5,1,custom-story-1785137028726,我們去喝下午茶,True,2,/uploads/images/custom-story-1785137028726-frame-3-645329.png,Invite the friend to have afternoon tea.,Invite the friend to have afternoon tea.,Invite the friend to have afternoon tea.,妳星期六下午有空嗎？我們一起去喝下午茶，怎麼樣？,妳星期六下午有空嗎？我們一起去咖啡廳喝下午茶，怎麼樣？,如果妳星期六下午有空，我們一起去喝下午茶，怎麼樣？,"星期六, 下午, 有空, 一起, 喝, 下午茶","Saturday, afternoon, have time, together, drink, afternoon tea","xīngqíliù, xiàwǔ, yǒu kòng, yīqǐ, hē, xiàwǔchá","N, N, VerbPhrase, Adv, V, N",怎麼樣,how about it,妳星期六下午有空嗎？我們一起去喝下午茶，怎麼樣？,妳星期六下午有空嗎？我們一起去咖啡廳喝下午茶，怎麼樣？,如果妳星期六下午有空，我們一起去喝下午茶，怎麼樣？,"{""prompt"":""Invite the friend to have afternoon tea."",""phrases"":""怎麼樣"",""imageUrl"":""/uploads/images/custom-story-1785137028726-frame-3-645329.png"",""promptHard"":""Invite the friend to have afternoon tea."",""vocabulary"":""星期六, 下午, 有空, 一起, 喝, 下午茶"",""phrasesHard"":""星期六下午, 有空, 怎麼樣"",""imageUrlHard"":""/uploads/images/custom-story-1785137028726-frame-3-hard-210141.png"",""listenScript"":""妳星期六下午有空嗎？我們一起去喝下午茶，怎麼樣？"",""promptMedium"":""Invite the friend to have afternoon tea."",""phrasesMedium"":""星期六下午, 怎麼樣"",""vocabularyPos"":""N, N, VerbPhrase, Adv, V, N"",""grammarExample"":null,""grammarPattern"":null,""imageUrlMedium"":""/uploads/images/custom-story-1785137028726-frame-3-medium-101438.png"",""listenAudioUrl"":null,""vocabularyHard"":""星期六, 下午, 有空, 一起, 喝, 下午茶"",""suggestedAnswer"":""妳星期六下午有空嗎？我們一起去喝下午茶，怎麼樣？"",""vocabularyCloze"":null,""listenScriptHard"":""如果妳星期六下午有空，我們一起去喝下午茶，怎麼樣？"",""vocabularyGroups"":null,""vocabularyMedium"":""星期六, 下午, 有空, 一起, 喝, 下午茶"",""vocabularyPinyin"":""xīngqíliù, xiàwǔ, yǒu kòng, yīqǐ, hē, xiàwǔchá"",""listenAudioSource"":null,""vocabularyPosHard"":""N, N, VerbPhrase, Adv, V, N"",""vocabularySynonym"":null,""listenAudioUrlHard"":null,""listenScriptMedium"":""妳星期六下午有空嗎？我們一起去咖啡廳喝下午茶，怎麼樣？"",""phrasesTranslation"":""how about it"",""suggestedAnswerHard"":""如果妳星期六下午有空，我們一起去喝下午茶，怎麼樣？"",""vocabularyAudioUrls"":null,""vocabularyPosMedium"":""N, N, VerbPhrase, Adv, V, N"",""listenAudioUrlMedium"":null,""vocabularyPinyinHard"":""xīngqíliù, xiàwǔ, yǒu kòng, yīqǐ, hē, xiàwǔchá"",""listenAudioSourceHard"":null,""suggestedAnswerMedium"":""妳星期六下午有空嗎？我們一起去咖啡廳喝下午茶，怎麼樣？"",""vocabularyDistractors"":""[[\""Sunday\"",\""Monday\"",\""Tuesday\"",\""Friday\""],[\""morning\"",\""evening\"",\""night\"",\""nighttime\""],[\""be busy\"",\""be free\"",\""have money\"",\""to be busy\"",\""to be free\"",\""to have leisure\""],[\""alone\"",\""separately\"",\""apart\""],[\""eat\"",\""smell\"",\""taste\"",\""to eat\"",\""to smell\"",\""to taste\""],[\""breakfast\"",\""lunch\"",\""dinner\"",\""morning coffee\"",\""evening snack\"",\""midnight meal\""]]"",""vocabularyTranslation"":""Saturday, afternoon, have time, together, drink, afternoon tea"",""phrasesTranslationHard"":""Saturday afternoon, have time, how about it"",""vocabularyPinyinMedium"":""xīngqíliù, xiàwǔ, yǒu kòng, yīqǐ, hē, xiàwǔchá"",""listenAudioSourceMedium"":null,""sentenceReferenceCurves"":null,""vocabularyAudioUrlsHard"":null,""phrasesTranslationMedium"":""Saturday afternoon, how about it"",""vocabularyAudioUrlsMedium"":null,""vocabularyReferenceCurves"":null,""vocabularyTranslationHard"":""Saturday, afternoon, have time, together, drink, afternoon tea"",""sentenceReferenceCurvesHard"":null,""vocabularyTranslationMedium"":""Saturday, afternoon, have time, together, drink, afternoon tea"",""sentenceReferenceCurvesMedium"":null,""vocabularyReferenceCurvesHard"":null,""vocabularyReferenceCurvesMedium"":null}"
5,1,custom-story-1785137028726,我們去喝下午茶,True,3,/uploads/images/custom-story-1785137028726-frame-4-645331.png,Accept the invitation and ask where to go.,Accept the invitation and ask where to go.,Accept the invitation and ask where to go.,好啊！你想去哪裡？,好啊！可是你想去哪裡？,好啊！我很久沒喝下午茶了，你想去哪裡？,"好啊, 你, 想, 去, 哪裡","okay / sure, you, to want, to go, where","hǎo a, nǐ, xiǎng, qù, nǎlǐ","DiscourseExpr, Pron, V, V, Pron",去哪裡,go where,好啊！你想去哪裡？,好啊！可是你想去哪裡？,好啊！我很久沒喝下午茶了，你想去哪裡？,"{""prompt"":""Accept the invitation and ask where to go."",""phrases"":""去哪裡"",""imageUrl"":""/uploads/images/custom-story-1785137028726-frame-4-645331.png"",""promptHard"":""Accept the invitation and ask where to go."",""vocabulary"":""好啊, 你, 想, 去, 哪裡"",""phrasesHard"":""很久沒, 你想去, 去哪裡"",""imageUrlHard"":""/uploads/images/custom-story-1785137028726-frame-4-hard-210143.png"",""listenScript"":""好啊！你想去哪裡？"",""promptMedium"":""Accept the invitation and ask where to go."",""phrasesMedium"":""你想去, 去哪裡"",""vocabularyPos"":""DiscourseExpr, Pron, V, V, Pron"",""grammarExample"":null,""grammarPattern"":null,""imageUrlMedium"":""/uploads/images/custom-story-1785137028726-frame-4-medium-101446.png"",""listenAudioUrl"":null,""vocabularyHard"":""好啊, 你, 想, 去, 哪裡"",""suggestedAnswer"":""好啊！你想去哪裡？"",""vocabularyCloze"":null,""listenScriptHard"":""好啊！我很久沒喝下午茶了，你想去哪裡？"",""vocabularyGroups"":null,""vocabularyMedium"":""好啊, 你, 想, 去, 哪裡"",""vocabularyPinyin"":""hǎo a, nǐ, xiǎng, qù, nǎlǐ"",""listenAudioSource"":null,""vocabularyPosHard"":""DiscourseExpr, Pron, V, V, Pron"",""vocabularySynonym"":null,""listenAudioUrlHard"":null,""listenScriptMedium"":""好啊！可是你想去哪裡？"",""phrasesTranslation"":""go where"",""suggestedAnswerHard"":""好啊！我很久沒喝下午茶了，你想去哪裡？"",""vocabularyAudioUrls"":null,""vocabularyPosMedium"":""DiscourseExpr, Pron, V, V, Pron"",""listenAudioUrlMedium"":null,""vocabularyPinyinHard"":""hǎo a, nǐ, xiǎng, qù, nǎlǐ"",""listenAudioSourceHard"":null,""suggestedAnswerMedium"":""好啊！可是你想去哪裡？"",""vocabularyDistractors"":""[[\""bad\"",\""terrible\"",\""awful\""],[\""he\"",\""she\"",\""it\""],[\""forget\"",\""remember\"",\""know\"",\""to forget\"",\""to ignore\"",\""to neglect\""],[\""come\"",\""stay\"",\""return\"",\""to come\"",\""to stay\"",\""to remain\""],[\""when\"",\""why\"",\""how\""]]"",""vocabularyTranslation"":""okay / sure, you, to want, to go, where"",""phrasesTranslationHard"":""haven't for a long time, you want to go, where to go"",""vocabularyPinyinMedium"":""hǎo a, nǐ, xiǎng, qù, nǎlǐ"",""listenAudioSourceMedium"":null,""sentenceReferenceCurves"":null,""vocabularyAudioUrlsHard"":null,""phrasesTranslationMedium"":""you want to go, where to go"",""vocabularyAudioUrlsMedium"":null,""vocabularyReferenceCurves"":null,""vocabularyTranslationHard"":""okay / sure, you, to want, to go, where"",""sentenceReferenceCurvesHard"":null,""vocabularyTranslationMedium"":""okay / sure, you, to want, to go, where"",""sentenceReferenceCurvesMedium"":null,""vocabularyReferenceCurvesHard"":null,""vocabularyReferenceCurvesMedium"":null}"
5,1,custom-story-1785137028726,我們去喝下午茶,True,4,/uploads/images/custom-story-1785137028726-frame-5-645332.png,Recommend a café and explain why it is good.,Recommend a café and explain why it is good.,Recommend a café and explain why it is good.,我知道一家很不錯的咖啡廳，那裡的冰淇淋很好吃。,我知道一家很不錯的咖啡廳，那裡的冰淇淋非常好吃。,我知道一家很不錯的咖啡廳，我以前去過，那裡的冰淇淋比別家的好吃。,"知道, 咖啡廳, 冰淇淋, 好吃","know, cafe, ice cream, delicious","zhīdào, kāfēitīng, bīngqílín, hǎochī","V, N, N, Adj",很好吃,tastes good,我知道一家很不錯的咖啡廳，那裡的冰淇淋很好吃。,我知道一家很不錯的咖啡廳，那裡的冰淇淋非常好吃。,我知道一家很不錯的咖啡廳，我以前去過，那裡的冰淇淋比別家的好吃。,"{""prompt"":""Recommend a café and explain why it is good."",""phrases"":""很好吃"",""imageUrl"":""/uploads/images/custom-story-1785137028726-frame-5-645332.png"",""promptHard"":""Recommend a café and explain why it is good."",""vocabulary"":""知道, 咖啡廳, 冰淇淋, 好吃"",""phrasesHard"":""去過, 很不錯, 比別家的"",""imageUrlHard"":""/uploads/images/custom-story-1785137028726-frame-5-hard-210145.png"",""listenScript"":""我知道一家很不錯的咖啡廳，那裡的冰淇淋很好吃。"",""promptMedium"":""Recommend a café and explain why it is good."",""phrasesMedium"":""很不錯, 非常好吃"",""vocabularyPos"":""V, N, N, Adj"",""grammarExample"":null,""grammarPattern"":null,""imageUrlMedium"":""/uploads/images/custom-story-1785137028726-frame-5-medium-101447.png"",""listenAudioUrl"":null,""vocabularyHard"":""知道, 咖啡廳, 冰淇淋, 好吃"",""suggestedAnswer"":""我知道一家很不錯的咖啡廳，那裡的冰淇淋很好吃。"",""vocabularyCloze"":null,""listenScriptHard"":""我知道一家很不錯的咖啡廳，我以前去過，那裡的冰淇淋比別家的好吃。"",""vocabularyGroups"":null,""vocabularyMedium"":""知道, 咖啡廳, 冰淇淋, 好吃"",""vocabularyPinyin"":""zhīdào, kāfēitīng, bīngqílín, hǎochī"",""listenAudioSource"":null,""vocabularyPosHard"":""V, N, N, Adj"",""vocabularySynonym"":null,""listenAudioUrlHard"":null,""listenScriptMedium"":""我知道一家很不錯的咖啡廳，那裡的冰淇淋非常好吃。"",""phrasesTranslation"":""tastes good"",""suggestedAnswerHard"":""我知道一家很不錯的咖啡廳，我以前去過，那裡的冰淇淋比別家的好吃。"",""vocabularyAudioUrls"":null,""vocabularyPosMedium"":""V, N, N, Adj"",""listenAudioUrlMedium"":null,""vocabularyPinyinHard"":""zhīdào, kāfēitīng, bīngqílín, hǎochī"",""listenAudioSourceHard"":null,""suggestedAnswerMedium"":""我知道一家很不錯的咖啡廳，那裡的冰淇淋非常好吃。"",""vocabularyDistractors"":""[[\""ignore\"",\""forget\"",\""deny\"",\""to forget\"",\""to ignore\"",\""to misunderstand\""],[\""restaurant\"",\""bar\"",\""hotel\"",\""bookstore\"",\""library\"",\""museum\""],[\""cake\"",\""pastry\"",\""candy\"",\""frozen treat\"",\""cold dessert\"",\""sweet snack\""],[\""tasty\"",\""bitter\"",\""sour\"",\""spicy\""]]"",""vocabularyTranslation"":""know, cafe, ice cream, delicious"",""phrasesTranslationHard"":""have been to, very good, better than others"",""vocabularyPinyinMedium"":""zhīdào, kāfēitīng, bīngqílín, hǎochī"",""listenAudioSourceMedium"":null,""sentenceReferenceCurves"":null,""vocabularyAudioUrlsHard"":null,""phrasesTranslationMedium"":""very good, extremely delicious"",""vocabularyAudioUrlsMedium"":null,""vocabularyReferenceCurves"":null,""vocabularyTranslationHard"":""know, cafe, ice cream, delicious"",""sentenceReferenceCurvesHard"":null,""vocabularyTranslationMedium"":""know, cafe, ice cream, delicious"",""sentenceReferenceCurvesMedium"":null,""vocabularyReferenceCurvesHard"":null,""vocabularyReferenceCurvesMedium"":null}"
5,1,custom-story-1785137028726,我們去喝下午茶,True,5,/uploads/images/custom-story-1785137028726-frame-6-645340.png,Ask whether the café has chocolate ice cream.,Ask whether the café has chocolate ice cream.,Ask whether the café has chocolate ice cream.,他們有巧克力冰淇淋嗎？,真的嗎？他們有巧克力冰淇淋嗎？,真的嗎？他們有沒有巧克力冰淇淋？,"巧克力, 冰淇淋","chocolate, ice cream","qiǎokèlì, bīngqílín","N, N",,,他們有巧克力冰淇淋嗎？,真的嗎？他們有巧克力冰淇淋嗎？,真的嗎？他們有沒有巧克力冰淇淋？,"{""prompt"":""Ask whether the café has chocolate ice cream."",""phrases"":null,""imageUrl"":""/uploads/images/custom-story-1785137028726-frame-6-645340.png"",""promptHard"":""Ask whether the café has chocolate ice cream."",""vocabulary"":""巧克力, 冰淇淋"",""phrasesHard"":""真的嗎, 有沒有, 巧克力冰淇淋"",""imageUrlHard"":""/uploads/images/custom-story-1785137028726-frame-6-hard-210146.png"",""listenScript"":""他們有巧克力冰淇淋嗎？"",""promptMedium"":""Ask whether the café has chocolate ice cream."",""phrasesMedium"":""真的嗎"",""vocabularyPos"":""N, N"",""grammarExample"":null,""grammarPattern"":null,""imageUrlMedium"":""/uploads/images/custom-story-1785137028726-frame-6-medium-101447.png"",""listenAudioUrl"":null,""vocabularyHard"":""巧克力, 冰淇淋"",""suggestedAnswer"":""他們有巧克力冰淇淋嗎？"",""vocabularyCloze"":null,""listenScriptHard"":""真的嗎？他們有沒有巧克力冰淇淋？"",""vocabularyGroups"":null,""vocabularyMedium"":""巧克力, 冰淇淋"",""vocabularyPinyin"":""qiǎokèlì, bīngqílín"",""listenAudioSource"":null,""vocabularyPosHard"":""N, N"",""vocabularySynonym"":null,""listenAudioUrlHard"":null,""listenScriptMedium"":""真的嗎？他們有巧克力冰淇淋嗎？"",""phrasesTranslation"":null,""suggestedAnswerHard"":""真的嗎？他們有沒有巧克力冰淇淋？"",""vocabularyAudioUrls"":null,""vocabularyPosMedium"":""N, N"",""listenAudioUrlMedium"":null,""vocabularyPinyinHard"":""qiǎokèlì, bīngqílín"",""listenAudioSourceHard"":null,""suggestedAnswerMedium"":""真的嗎？他們有巧克力冰淇淋嗎？"",""vocabularyDistractors"":""[[\""caramel\"",\""vanilla\"",\""strawberry\"",\""candy\"",\""cookie\"",\""pastry\""],[\""cake\"",\""pastry\"",\""candy\"",\""frozen treat\"",\""cold dessert\"",\""sweet snack\""]]"",""vocabularyTranslation"":""chocolate, ice cream"",""phrasesTranslationHard"":""really?, have or not, chocolate ice cream"",""vocabularyPinyinMedium"":""qiǎokèlì, bīngqílín"",""listenAudioSourceMedium"":null,""sentenceReferenceCurves"":null,""vocabularyAudioUrlsHard"":null,""phrasesTranslationMedium"":""really?"",""vocabularyAudioUrlsMedium"":null,""vocabularyReferenceCurves"":null,""vocabularyTranslationHard"":""chocolate, ice cream"",""sentenceReferenceCurvesHard"":null,""vocabularyTranslationMedium"":""chocolate, ice cream"",""sentenceReferenceCurvesMedium"":null,""vocabularyReferenceCurvesHard"":null,""vocabularyReferenceCurvesMedium"":null}"
5,1,custom-story-1785137028726,我們去喝下午茶,True,6,/uploads/images/custom-story-1785137028726-frame-7-645340.png,Answer and describe the ice-cream choices.,Answer and describe the ice-cream choices.,Answer and describe the ice-cream choices.,有啊！他們有很多種冰淇淋。,有啊！他們有很多種冰淇淋，每種都很好吃。,有啊！他們有很多種冰淇淋，我覺得巧克力的最好吃。,"有, 很多, 種, 冰淇淋","have, many, kind / type, ice cream","yǒu, hěn duō, zhǒng, bīngqílín","V, Quant, MW, N",很多種,many kinds of,有啊！他們有很多種冰淇淋。,有啊！他們有很多種冰淇淋，每種都很好吃。,有啊！他們有很多種冰淇淋，我覺得巧克力的最好吃。,"{""prompt"":""Answer and describe the ice-cream choices."",""phrases"":""很多種"",""imageUrl"":""/uploads/images/custom-story-1785137028726-frame-7-645340.png"",""promptHard"":""Answer and describe the ice-cream choices."",""vocabulary"":""有, 很多, 種, 冰淇淋"",""phrasesHard"":""我覺得, 最好吃, 很多種"",""imageUrlHard"":""/uploads/images/custom-story-1785137028726-frame-7-hard-210150.png"",""listenScript"":""有啊！他們有很多種冰淇淋。"",""promptMedium"":""Answer and describe the ice-cream choices."",""phrasesMedium"":""每種, 很好吃"",""vocabularyPos"":""V, Quant, MW, N"",""grammarExample"":null,""grammarPattern"":null,""imageUrlMedium"":""/uploads/images/custom-story-1785137028726-frame-7-medium-101456.png"",""listenAudioUrl"":null,""vocabularyHard"":""有, 很多, 種, 冰淇淋"",""suggestedAnswer"":""有啊！他們有很多種冰淇淋。"",""vocabularyCloze"":null,""listenScriptHard"":""有啊！他們有很多種冰淇淋，我覺得巧克力的最好吃。"",""vocabularyGroups"":null,""vocabularyMedium"":""有, 很多, 種, 冰淇淋"",""vocabularyPinyin"":""yǒu, hěn duō, zhǒng, bīngqílín"",""listenAudioSource"":null,""vocabularyPosHard"":""V, Quant, MW, N"",""vocabularySynonym"":null,""listenAudioUrlHard"":null,""listenScriptMedium"":""有啊！他們有很多種冰淇淋，每種都很好吃。"",""phrasesTranslation"":""many kinds of"",""suggestedAnswerHard"":""有啊！他們有很多種冰淇淋，我覺得巧克力的最好吃。"",""vocabularyAudioUrls"":null,""vocabularyPosMedium"":""V, Quant, MW, N"",""listenAudioUrlMedium"":null,""vocabularyPinyinHard"":""yǒu, hěn duō, zhǒng, bīngqílín"",""listenAudioSourceHard"":null,""suggestedAnswerMedium"":""有啊！他們有很多種冰淇淋，每種都很好吃。"",""vocabularyDistractors"":""[[\""lack\"",\""need\"",\""want\"",\""to lack\"",\""to need\"",\""to require\""],[\""few\"",\""little\"",\""none\"",\""a few\"",\""some\""],[\""type\"",\""style\"",\""brand\"",\""class\""],[\""cake\"",\""pastry\"",\""candy\"",\""frozen treat\"",\""cold dessert\"",\""sweet snack\""]]"",""vocabularyTranslation"":""have, many, kind / type, ice cream"",""phrasesTranslationHard"":""I think, tastes best, many kinds"",""vocabularyPinyinMedium"":""yǒu, hěn duō, zhǒng, bīngqílín"",""listenAudioSourceMedium"":null,""sentenceReferenceCurves"":null,""vocabularyAudioUrlsHard"":null,""phrasesTranslationMedium"":""each kind, very delicious"",""vocabularyAudioUrlsMedium"":null,""vocabularyReferenceCurves"":null,""vocabularyTranslationHard"":""have, many, kind / type, ice cream"",""sentenceReferenceCurvesHard"":null,""vocabularyTranslationMedium"":""have, many, kind / type, ice cream"",""sentenceReferenceCurvesMedium"":null,""vocabularyReferenceCurvesHard"":null,""vocabularyReferenceCurvesMedium"":null}"
5,1,custom-story-1785137028726,我們去喝下午茶,True,7,/uploads/images/custom-story-1785137028726-frame-8-645352.png,Agree on the meeting time.,Agree on the meeting time.,Agree on the meeting time.,我們這個星期六下午兩點半去吧。,太好了！我們這個星期六下午兩點半去吧。,太好了！那我們這個星期六下午兩點半去吧。,"星期六, 下午, 兩點半","Saturday, afternoon, two thirty","xīngqíliù, xiàwǔ, liǎng diǎn bàn","N, N, TimeExpr",這個星期六,this Saturday,我們這個星期六下午兩點半去吧。,太好了！我們這個星期六下午兩點半去吧。,太好了！那我們這個星期六下午兩點半去吧。,"{""prompt"":""Agree on the meeting time."",""phrases"":""這個星期六"",""imageUrl"":""/uploads/images/custom-story-1785137028726-frame-8-645352.png"",""promptHard"":""Agree on the meeting time."",""vocabulary"":""星期六, 下午, 兩點半"",""phrasesHard"":""這個星期六, 下午, 去吧"",""imageUrlHard"":""/uploads/images/custom-story-1785137028726-frame-8-hard-210151.png"",""listenScript"":""我們這個星期六下午兩點半去吧。"",""promptMedium"":""Agree on the meeting time."",""phrasesMedium"":""這個星期六, 下午兩點半"",""vocabularyPos"":""N, N, TimeExpr"",""grammarExample"":null,""grammarPattern"":null,""imageUrlMedium"":""/uploads/images/custom-story-1785137028726-frame-8-medium-101458.png"",""listenAudioUrl"":null,""vocabularyHard"":""星期六, 下午, 兩點半"",""suggestedAnswer"":""我們這個星期六下午兩點半去吧。"",""vocabularyCloze"":null,""listenScriptHard"":""太好了！那我們這個星期六下午兩點半去吧。"",""vocabularyGroups"":null,""vocabularyMedium"":""星期六, 下午, 兩點半"",""vocabularyPinyin"":""xīngqíliù, xiàwǔ, liǎng diǎn bàn"",""listenAudioSource"":null,""vocabularyPosHard"":""N, N, TimeExpr"",""vocabularySynonym"":null,""listenAudioUrlHard"":null,""listenScriptMedium"":""太好了！我們這個星期六下午兩點半去吧。"",""phrasesTranslation"":""this Saturday"",""suggestedAnswerHard"":""太好了！那我們這個星期六下午兩點半去吧。"",""vocabularyAudioUrls"":null,""vocabularyPosMedium"":""N, N, TimeExpr"",""listenAudioUrlMedium"":null,""vocabularyPinyinHard"":""xīngqíliù, xiàwǔ, liǎng diǎn bàn"",""listenAudioSourceHard"":null,""suggestedAnswerMedium"":""太好了！我們這個星期六下午兩點半去吧。"",""vocabularyDistractors"":""[[\""Sunday\"",\""Monday\"",\""Tuesday\"",\""Friday\""],[\""morning\"",\""evening\"",\""night\"",\""nighttime\""],[\""one o'clock\"",\""three o'clock\"",\""four o'clock\"",\""four thirty\""]]"",""vocabularyTranslation"":""Saturday, afternoon, two thirty"",""phrasesTranslationHard"":""this Saturday, afternoon, let's go"",""vocabularyPinyinMedium"":""xīngqíliù, xiàwǔ, liǎng diǎn bàn"",""listenAudioSourceMedium"":null,""sentenceReferenceCurves"":null,""vocabularyAudioUrlsHard"":null,""phrasesTranslationMedium"":""this Saturday, at two thirty in the afternoon"",""vocabularyAudioUrlsMedium"":null,""vocabularyReferenceCurves"":null,""vocabularyTranslationHard"":""Saturday, afternoon, two thirty"",""sentenceReferenceCurvesHard"":null,""vocabularyTranslationMedium"":""Saturday, afternoon, two thirty"",""sentenceReferenceCurvesMedium"":null,""vocabularyReferenceCurvesHard"":null,""vocabularyReferenceCurvesMedium"":null}"
5,1,custom-story-1785137028726,我們去喝下午茶,True,8,/uploads/images/custom-story-1785137028726-frame-9-645365.png,Confirm the plan.,Confirm the plan.,Confirm the plan.,好。,好，星期六下午見！,好啊，那就星期六下午兩點半見！,好,good / okay,hǎo,Adj,,,好。,好，星期六下午見！,好啊，那就星期六下午兩點半見！,"{""prompt"":""Confirm the plan."",""phrases"":null,""imageUrl"":""/uploads/images/custom-story-1785137028726-frame-9-645365.png"",""promptHard"":""Confirm the plan."",""vocabulary"":""好"",""phrasesHard"":""星期六, 下午, 見"",""imageUrlHard"":""/uploads/images/custom-story-1785137028726-frame-9-hard-210156.png"",""listenScript"":""好。"",""promptMedium"":""Confirm the plan."",""phrasesMedium"":""星期六, 見, 下午見"",""vocabularyPos"":""Adj"",""grammarExample"":null,""grammarPattern"":null,""imageUrlMedium"":""/uploads/images/custom-story-1785137028726-frame-9-medium-101461.png"",""listenAudioUrl"":null,""vocabularyHard"":""好"",""suggestedAnswer"":""好。"",""vocabularyCloze"":null,""listenScriptHard"":""好啊，那就星期六下午兩點半見！"",""vocabularyGroups"":null,""vocabularyMedium"":""好"",""vocabularyPinyin"":""hǎo"",""listenAudioSource"":null,""vocabularyPosHard"":""Adj"",""vocabularySynonym"":null,""listenAudioUrlHard"":null,""listenScriptMedium"":""好，星期六下午見！"",""phrasesTranslation"":null,""suggestedAnswerHard"":""好啊，那就星期六下午兩點半見！"",""vocabularyAudioUrls"":null,""vocabularyPosMedium"":""Adj"",""listenAudioUrlMedium"":null,""vocabularyPinyinHard"":""hǎo"",""listenAudioSourceHard"":null,""suggestedAnswerMedium"":""好，星期六下午見！"",""vocabularyDistractors"":""[[\""bad\"",\""terrible\"",\""awful\"",\""excellent\""]]"",""vocabularyTranslation"":""good / okay"",""phrasesTranslationHard"":""Saturday, afternoon, see you"",""vocabularyPinyinMedium"":""hǎo"",""listenAudioSourceMedium"":null,""sentenceReferenceCurves"":null,""vocabularyAudioUrlsHard"":null,""phrasesTranslationMedium"":""Saturday, see you, see you in the afternoon"",""vocabularyAudioUrlsMedium"":null,""vocabularyReferenceCurves"":null,""vocabularyTranslationHard"":""good / okay"",""sentenceReferenceCurvesHard"":null,""vocabularyTranslationMedium"":""good / okay"",""sentenceReferenceCurvesMedium"":null,""vocabularyReferenceCurvesHard"":null,""vocabularyReferenceCurvesMedium"":null}"
5,2,custom-story-1785235297869,我的錢包在哪裡？,True,0,/uploads/images/custom-story-1785235297869-frame-1-259160.png,Explain that the wallet is missing before going out.,Explain that the wallet is missing before going out.,Explain that the wallet is missing before going out.,媽，我跟友美要去喝下午茶，可是我的錢包不在房間裡。,媽，我跟友美兩點半要去喝下午茶，可是我的錢包不見了，房間裡到處都沒有。,媽，我跟友美兩點半要去喝下午茶，可是我的錢包不見了。我把房間找了半天還是沒有，快要遲到了。,"媽, 友美, 下午茶, 錢包, 房間","mom, Youmei (person’s name), afternoon tea, wallet, room","mā, yǒu měi, xiàwǔchá, qiánbāo, fángjiān","N, N, N, N, N",要去,going to,媽，我跟友美要去喝下午茶，可是我的錢包不在房間裡。,媽，我跟友美兩點半要去喝下午茶，可是我的錢包不見了，房間裡到處都沒有。,媽，我跟友美兩點半要去喝下午茶，可是我的錢包不見了。我把房間找了半天還是沒有，快要遲到了。,"{""prompt"":""Explain that the wallet is missing before going out."",""phrases"":""要去"",""imageUrl"":""/uploads/images/custom-story-1785235297869-frame-1-259160.png"",""promptHard"":""Explain that the wallet is missing before going out."",""vocabulary"":""媽, 友美, 下午茶, 錢包, 房間"",""phrasesHard"":""要去, 半天, 快遲到了"",""imageUrlHard"":""/uploads/images/custom-story-1785235297869-frame-1-hard-259174.png"",""listenScript"":""媽，我跟友美要去喝下午茶，可是我的錢包不在房間裡。"",""promptMedium"":""Explain that the wallet is missing before going out."",""phrasesMedium"":""到處都沒有, 要去"",""vocabularyPos"":""N, N, N, N, N"",""grammarExample"":null,""grammarPattern"":null,""imageUrlMedium"":""/uploads/images/custom-story-1785235297869-frame-1-medium-259172.png"",""listenAudioUrl"":null,""vocabularyHard"":""媽, 友美, 下午茶, 錢包, 房間"",""suggestedAnswer"":""媽，我跟友美要去喝下午茶，可是我的錢包不在房間裡。"",""vocabularyCloze"":""[[],[],[],[],[]]"",""listenScriptHard"":""媽，我跟友美兩點半要去喝下午茶，可是我的錢包不見了。我把房間找了半天還是沒有，快要遲到了。"",""vocabularyGroups"":null,""vocabularyMedium"":""媽, 友美, 下午茶, 錢包, 房間"",""vocabularyPinyin"":""mā, yǒu měi, xiàwǔchá, qiánbāo, fángjiān"",""vocabularyPosHard"":""N, N, N, N, N"",""vocabularySynonym"":""[[],[],[],[],[]]"",""listenAudioUrlHard"":null,""listenScriptMedium"":""媽，我跟友美兩點半要去喝下午茶，可是我的錢包不見了，房間裡到處都沒有。"",""phrasesTranslation"":""going to"",""suggestedAnswerHard"":""媽，我跟友美兩點半要去喝下午茶，可是我的錢包不見了。我把房間找了半天還是沒有，快要遲到了。"",""vocabularyLookalike"":""[[],[],[],[],[]]"",""vocabularyPosMedium"":""N, N, N, N, N"",""listenAudioUrlMedium"":null,""vocabularyPinyinHard"":""mā, yǒu měi, xiàwǔchá, qiánbāo, fángjiān"",""suggestedAnswerMedium"":""媽，我跟友美兩點半要去喝下午茶，可是我的錢包不見了，房間裡到處都沒有。"",""vocabularyDistractors"":""[[\""aunt\"",\""sister\"",\""grandma\"",\""nanny\"",\""governess\"",\""housekeeper\"",\""auntie\"",\""matriarch\""],[\""classmate\"",\""neighbor\"",\""coworker\"",\""pen pal\"",\""acquaintance\"",\""class president\""],[\""morning coffee\"",\""dinner party\"",\""midnight snack\"",\""lunch break\"",\""coffee time\"",\""happy hour\"",\""brunch\"",\""dessert\""],[\""phone\"",\""keys\"",\""purse\"",\""checkbook\"",\""credit card\"",\""receipt\"",\""clutch\"",\""pouch\""],[\""garden\"",\""kitchen\"",\""attic\"",\""corridor\"",\""stairway\"",\""elevator\"",\""suite\"",\""unit\""]]"",""vocabularyTranslation"":""mom, Youmei (person’s name), afternoon tea, wallet, room"",""phrasesTranslationHard"":""going to, half a day, almost late"",""vocabularyPinyinMedium"":""mā, yǒu měi, xiàwǔchá, qiánbāo, fángjiān"",""phrasesTranslationMedium"":""nowhere to be found, going to"",""vocabularyTranslationHard"":""mom, Youmei (person’s name), afternoon tea, wallet, room"",""vocabularyTranslationMedium"":""mom, Youmei (person’s name), afternoon tea, wallet, room""}"
5,2,custom-story-1785235297869,我的錢包在哪裡？,True,1,/uploads/images/custom-story-1785235297869-frame-2-259175.png,Suggest a possible place where the wallet may be.,Suggest a possible place where the wallet may be.,Suggest a possible place where the wallet may be.,客廳的桌子上有一個錢包，是不是你的？,我記得客廳的桌子上有一個錢包，那個是不是你的？,我剛剛看過，客廳的桌子上有一個錢包，那個是不是你的？,"客廳, 桌子, 錢包","living room, table, wallet","kè tīng, zhuō zǐ, qiánbāo","N, N, N",是不是,is it,客廳的桌子上有一個錢包，是不是你的？,我記得客廳的桌子上有一個錢包，那個是不是你的？,我剛剛看過，客廳的桌子上有一個錢包，那個是不是你的？,"{""prompt"":""Suggest a possible place where the wallet may be."",""phrases"":""是不是"",""imageUrl"":""/uploads/images/custom-story-1785235297869-frame-2-259175.png"",""promptHard"":""Suggest a possible place where the wallet may be."",""vocabulary"":""客廳, 桌子, 錢包"",""phrasesHard"":""剛剛看過, 是不是, 桌子上"",""imageUrlHard"":""/uploads/images/custom-story-1785235297869-frame-2-hard-259194.png"",""listenScript"":""客廳的桌子上有一個錢包，是不是你的？"",""promptMedium"":""Suggest a possible place where the wallet may be."",""phrasesMedium"":""桌子上, 是不是"",""vocabularyPos"":""N, N, N"",""grammarExample"":null,""grammarPattern"":null,""imageUrlMedium"":""/uploads/images/custom-story-1785235297869-frame-2-medium-259191.png"",""listenAudioUrl"":null,""vocabularyHard"":""客廳, 桌子, 錢包"",""suggestedAnswer"":""客廳的桌子上有一個錢包，是不是你的？"",""vocabularyCloze"":""[[],[],[]]"",""listenScriptHard"":""我剛剛看過，客廳的桌子上有一個錢包，那個是不是你的？"",""vocabularyGroups"":null,""vocabularyMedium"":""客廳, 桌子, 錢包"",""vocabularyPinyin"":""kè tīng, zhuō zǐ, qiánbāo"",""vocabularyPosHard"":""N, N, N"",""vocabularySynonym"":""[[],[],[]]"",""listenAudioUrlHard"":null,""listenScriptMedium"":""我記得客廳的桌子上有一個錢包，那個是不是你的？"",""phrasesTranslation"":""is it"",""suggestedAnswerHard"":""我剛剛看過，客廳的桌子上有一個錢包，那個是不是你的？"",""vocabularyLookalike"":""[[],[],[]]"",""vocabularyPosMedium"":""N, N, N"",""listenAudioUrlMedium"":null,""vocabularyPinyinHard"":""kè tīng, zhuō zǐ, qiánbāo"",""suggestedAnswerMedium"":""我記得客廳的桌子上有一個錢包，那個是不是你的？"",""vocabularyDistractors"":""[[\""bedroom\"",\""office\"",\""basement\"",\""garden\"",\""park\"",\""playground\"",\""lobby\"",\""foyer\""],[\""chair\"",\""bookshelf\"",\""cabinet\"",\""shelf\"",\""counter\"",\""rack\""],[\""phone\"",\""keys\"",\""purse\"",\""checkbook\"",\""credit card\"",\""receipt\""]]"",""vocabularyTranslation"":""living room, table, wallet"",""phrasesTranslationHard"":""just saw, is it, on the table"",""vocabularyPinyinMedium"":""kè tīng, zhuō zǐ, qiánbāo"",""phrasesTranslationMedium"":""on the table, is it"",""vocabularyTranslationHard"":""living room, table, wallet"",""vocabularyTranslationMedium"":""living room, table, wallet""}"
5,2,custom-story-1785235297869,我的錢包在哪裡？,True,2,/uploads/images/custom-story-1785235297869-frame-3-259203.png,Explain why that wallet is not the speaker’s.,Explain why that wallet is not the speaker’s.,Explain why that wallet is not the speaker’s.,那不是我的，是哥哥的。我的錢包不在客廳裡。,那個錢包不是我的，是哥哥的。客廳我每個地方都看了，真的沒有。,那個錢包比我的大一點，是哥哥的。客廳我也找過了，真的沒有。,"哥哥, 錢包, 客廳","older brother, wallet, living room","gēge, qiánbāo, kè tīng","N, N, N",不在,not in,那不是我的，是哥哥的。我的錢包不在客廳裡。,那個錢包不是我的，是哥哥的。客廳我每個地方都看了，真的沒有。,那個錢包比我的大一點，是哥哥的。客廳我也找過了，真的沒有。,"{""prompt"":""Explain why that wallet is not the speaker’s."",""phrases"":""不在"",""imageUrl"":""/uploads/images/custom-story-1785235297869-frame-3-259203.png"",""promptHard"":""Explain why that wallet is not the speaker’s."",""vocabulary"":""哥哥, 錢包, 客廳"",""phrasesHard"":""比我的大, 我也找過了, 真的沒有"",""imageUrlHard"":""/uploads/images/custom-story-1785235297869-frame-3-hard-259219.png"",""listenScript"":""那不是我的，是哥哥的。我的錢包不在客廳裡。"",""promptMedium"":""Explain why that wallet is not the speaker’s."",""phrasesMedium"":""每個地方, 真的沒有"",""vocabularyPos"":""N, N, N"",""grammarExample"":null,""grammarPattern"":null,""imageUrlMedium"":""/uploads/images/custom-story-1785235297869-frame-3-medium-259210.png"",""listenAudioUrl"":null,""vocabularyHard"":""哥哥, 錢包, 客廳"",""suggestedAnswer"":""那不是我的，是哥哥的。我的錢包不在客廳裡。"",""vocabularyCloze"":""[[],[],[]]"",""listenScriptHard"":""那個錢包比我的大一點，是哥哥的。客廳我也找過了，真的沒有。"",""vocabularyGroups"":null,""vocabularyMedium"":""哥哥, 錢包, 客廳"",""vocabularyPinyin"":""gēge, qiánbāo, kè tīng"",""vocabularyPosHard"":""N, N, N"",""vocabularySynonym"":""[[],[],[]]"",""listenAudioUrlHard"":null,""listenScriptMedium"":""那個錢包不是我的，是哥哥的。客廳我每個地方都看了，真的沒有。"",""phrasesTranslation"":""not in"",""suggestedAnswerHard"":""那個錢包比我的大一點，是哥哥的。客廳我也找過了，真的沒有。"",""vocabularyLookalike"":""[[],[],[]]"",""vocabularyPosMedium"":""N, N, N"",""listenAudioUrlMedium"":null,""vocabularyPinyinHard"":""gēge, qiánbāo, kè tīng"",""suggestedAnswerMedium"":""那個錢包不是我的，是哥哥的。客廳我每個地方都看了，真的沒有。"",""vocabularyDistractors"":""[[\""father\"",\""uncle\"",\""cousin\"",\""male cousin\"",\""stepbrother\"",\""nephew\""],[\""checkbook\"",\""credit card\"",\""receipt\""],[\""garden\"",\""park\"",\""playground\""]]"",""vocabularyTranslation"":""older brother, wallet, living room"",""phrasesTranslationHard"":""bigger than mine, I've also looked for, really don't have"",""vocabularyPinyinMedium"":""gēge, qiánbāo, kè tīng"",""phrasesTranslationMedium"":""every place, really no"",""vocabularyTranslationHard"":""older brother, wallet, living room"",""vocabularyTranslationMedium"":""older brother, wallet, living room""}"
5,2,custom-story-1785235297869,我的錢包在哪裡？,True,3,/uploads/images/custom-story-1785235297869-frame-4-259226.png,Suggest checking under the sofa.,Suggest checking under the sofa.,Suggest checking under the sofa.,沙發下面呢？,沙發下面呢？你找了沒有？,沙發下面呢？那裡最容易掉東西了。,"沙發, 下面","sofa, underneath","shāfā, xiàmian","N, Loc",下面,underneath,沙發下面呢？,沙發下面呢？你找了沒有？,沙發下面呢？那裡最容易掉東西了。,"{""prompt"":""Suggest checking under the sofa."",""phrases"":""下面"",""imageUrl"":""/uploads/images/custom-story-1785235297869-frame-4-259226.png"",""promptHard"":""Suggest checking under the sofa."",""vocabulary"":""沙發, 下面"",""phrasesHard"":""下面呢, 最容易, 掉東西"",""imageUrlHard"":""/uploads/images/custom-story-1785235297869-frame-4-hard-259239.png"",""listenScript"":""沙發下面呢？"",""promptMedium"":""Suggest checking under the sofa."",""phrasesMedium"":""下面呢, 找了沒有"",""vocabularyPos"":""N, Loc"",""grammarExample"":null,""grammarPattern"":null,""imageUrlMedium"":""/uploads/images/custom-story-1785235297869-frame-4-medium-259231.png"",""listenAudioUrl"":null,""vocabularyHard"":""沙發, 下面"",""suggestedAnswer"":""沙發下面呢？"",""vocabularyCloze"":""[[],[]]"",""listenScriptHard"":""沙發下面呢？那裡最容易掉東西了。"",""vocabularyGroups"":null,""vocabularyMedium"":""沙發, 下面"",""vocabularyPinyin"":""shāfā, xiàmian"",""vocabularyPosHard"":""N, Loc"",""vocabularySynonym"":""[[],[]]"",""listenAudioUrlHard"":null,""listenScriptMedium"":""沙發下面呢？你找了沒有？"",""phrasesTranslation"":""underneath"",""suggestedAnswerHard"":""沙發下面呢？那裡最容易掉東西了。"",""vocabularyLookalike"":""[[],[]]"",""vocabularyPosMedium"":""N, Loc"",""listenAudioUrlMedium"":null,""vocabularyPinyinHard"":""shāfā, xiàmian"",""suggestedAnswerMedium"":""沙發下面呢？你找了沒有？"",""vocabularyDistractors"":""[[\""recliner\"",\""love seat\"",\""futon\"",\""daybed\"",\""couchette\""],[\""on the edge\"",\""in the middle\"",\""at the top\"",\""within\"",\""among\"",\""amidst\""]]"",""vocabularyTranslation"":""sofa, underneath"",""phrasesTranslationHard"":""underneath, easiest to, drop things"",""vocabularyPinyinMedium"":""shāfā, xiàmian"",""phrasesTranslationMedium"":""what's below, have you found"",""vocabularyTranslationHard"":""sofa, underneath"",""vocabularyTranslationMedium"":""sofa, underneath""}"
5,2,custom-story-1785235297869,我的錢包在哪裡？,True,4,/uploads/images/custom-story-1785235297869-frame-5-259242.png,Describe where the speaker already searched and ask for help.,Describe where the speaker already searched and ask for help.,Describe where the speaker already searched and ask for help.,沙發上面、下面跟旁邊都沒有。媽，妳幫我找，好嗎？,沙發上面、下面跟旁邊我都找了，還是沒有。媽，妳幫幫我，好嗎？,沙發上面、下面跟旁邊我都找過了。媽，如果妳有空，幫我一起找，好嗎？,"沙發, 上面, 下面, 旁邊, 媽, 幫, 好嗎","sofa, on top, underneath, beside, mom, help, okay?","shāfā, shàngmiàn, xiàmian, pángbiān, mā, bāng, hǎo ma","N, Loc, Loc, Loc, N, V, DiscourseExpr",上面、下面跟旁邊,everywhere around,沙發上面、下面跟旁邊都沒有。媽，妳幫我找，好嗎？,沙發上面、下面跟旁邊我都找了，還是沒有。媽，妳幫幫我，好嗎？,沙發上面、下面跟旁邊我都找過了。媽，如果妳有空，幫我一起找，好嗎？,"{""prompt"":""Describe where the speaker already searched and ask for help."",""phrases"":""上面、下面跟旁邊"",""imageUrl"":""/uploads/images/custom-story-1785235297869-frame-5-259242.png"",""promptHard"":""Describe where the speaker already searched and ask for help."",""vocabulary"":""沙發, 上面, 下面, 旁邊, 媽, 幫, 好嗎"",""phrasesHard"":""上面, 下面, 幫我一起"",""imageUrlHard"":""/uploads/images/custom-story-1785235297869-frame-5-hard-259252.png"",""listenScript"":""沙發上面、下面跟旁邊都沒有。媽，妳幫我找，好嗎？"",""promptMedium"":""Describe where the speaker already searched and ask for help."",""phrasesMedium"":""上面、下面跟旁邊, 幫幫我"",""vocabularyPos"":""N, Loc, Loc, Loc, N, V, DiscourseExpr"",""grammarExample"":null,""grammarPattern"":null,""imageUrlMedium"":""/uploads/images/custom-story-1785235297869-frame-5-medium-259252.png"",""listenAudioUrl"":null,""vocabularyHard"":""沙發, 上面, 下面, 旁邊, 媽, 幫, 好嗎"",""suggestedAnswer"":""沙發上面、下面跟旁邊都沒有。媽，妳幫我找，好嗎？"",""vocabularyCloze"":""[[],[],[],[],[],[],[]]"",""listenScriptHard"":""沙發上面、下面跟旁邊我都找過了。媽，如果妳有空，幫我一起找，好嗎？"",""vocabularyGroups"":null,""vocabularyMedium"":""沙發, 上面, 下面, 旁邊, 媽, 幫, 好嗎"",""vocabularyPinyin"":""shāfā, shàngmiàn, xiàmian, pángbiān, mā, bāng, hǎo ma"",""vocabularyPosHard"":""N, Loc, Loc, Loc, N, V, DiscourseExpr"",""vocabularySynonym"":""[[],[],[],[],[],[],[]]"",""listenAudioUrlHard"":null,""listenScriptMedium"":""沙發上面、下面跟旁邊我都找了，還是沒有。媽，妳幫幫我，好嗎？"",""phrasesTranslation"":""everywhere around"",""suggestedAnswerHard"":""沙發上面、下面跟旁邊我都找過了。媽，如果妳有空，幫我一起找，好嗎？"",""vocabularyLookalike"":""[[],[],[],[],[],[],[]]"",""vocabularyPosMedium"":""N, Loc, Loc, Loc, N, V, DiscourseExpr"",""listenAudioUrlMedium"":null,""vocabularyPinyinHard"":""shāfā, shàngmiàn, xiàmian, pángbiān, mā, bāng, hǎo ma"",""suggestedAnswerMedium"":""沙發上面、下面跟旁邊我都找了，還是沒有。媽，妳幫幫我，好嗎？"",""vocabularyDistractors"":""[[\""recliner\"",\""love seat\"",\""futon\""],[\""in front\"",\""behind\"",\""between\"",\""against\"",\""alongside\"",\""adjacent to\""],[\""on the edge\"",\""in the middle\"",\""at the top\""],[\""opposite\"",\""diagonal\"",\""adjacent\"",\""across from\"",\""facing\"",\""in line with\""],[\""nanny\"",\""governess\"",\""housekeeper\""],[\""hinder\"",\""obstruct\"",\""delay\"",\""support\"",\""assist\"",\""accompany\""],[\""yes\"",\""no\"",\""maybe\"",\""is that alright\"",\""are you sure\"",\""does that work\""]]"",""vocabularyTranslation"":""sofa, on top, underneath, beside, mom, help, okay?"",""phrasesTranslationHard"":""on top, below, help me together"",""vocabularyPinyinMedium"":""shāfā, shàngmiàn, xiàmian, pángbiān, mā, bāng, hǎo ma"",""phrasesTranslationMedium"":""everywhere, help me"",""vocabularyTranslationHard"":""sofa, on top, underneath, beside, mom, help, okay?"",""vocabularyTranslationMedium"":""sofa, on top, underneath, beside, mom, help, okay?""}"
5,2,custom-story-1785235297869,我的錢包在哪裡？,True,5,/uploads/images/custom-story-1785235297869-frame-6-259252.png,Explain why the mother cannot help and suggest searching again.,Explain why the mother cannot help and suggest searching again.,Explain why the mother cannot help and suggest searching again.,我很忙，現在要去廚房做飯，你再去房間找吧。,我現在很忙，快要去廚房做飯了，你自己再去房間找一次吧。,我今天真的很忙，也沒空幫你找，現在要去廚房做飯，你再去房間仔細找一次吧。,"忙, 廚房, 做飯, 房間","busy, kitchen, cook meal, room","máng, chúfáng, zuò fàn, fángjiān","Adj, N, V, N",現在要去,now going to,我很忙，現在要去廚房做飯，你再去房間找吧。,我現在很忙，快要去廚房做飯了，你自己再去房間找一次吧。,我今天真的很忙，也沒空幫你找，現在要去廚房做飯，你再去房間仔細找一次吧。,"{""prompt"":""Explain why the mother cannot help and suggest searching again."",""phrases"":""現在要去"",""imageUrl"":""/uploads/images/custom-story-1785235297869-frame-6-259252.png"",""promptHard"":""Explain why the mother cannot help and suggest searching again."",""vocabulary"":""忙, 廚房, 做飯, 房間"",""phrasesHard"":""真的沒空, 去廚房, 仔細找"",""imageUrlHard"":""/uploads/images/custom-story-1785235297869-frame-6-hard-259252.png"",""listenScript"":""我很忙，現在要去廚房做飯，你再去房間找吧。"",""promptMedium"":""Explain why the mother cannot help and suggest searching again."",""phrasesMedium"":""自己再去, 找一次"",""vocabularyPos"":""Adj, N, V, N"",""grammarExample"":null,""grammarPattern"":null,""imageUrlMedium"":""/uploads/images/custom-story-1785235297869-frame-6-medium-259252.png"",""listenAudioUrl"":null,""vocabularyHard"":""忙, 廚房, 做飯, 房間"",""suggestedAnswer"":""我很忙，現在要去廚房做飯，你再去房間找吧。"",""vocabularyCloze"":""[[],[],[],[]]"",""listenScriptHard"":""我今天真的很忙，也沒空幫你找，現在要去廚房做飯，你再去房間仔細找一次吧。"",""vocabularyGroups"":null,""vocabularyMedium"":""忙, 廚房, 做飯, 房間"",""vocabularyPinyin"":""máng, chúfáng, zuò fàn, fángjiān"",""vocabularyPosHard"":""Adj, N, V, N"",""vocabularySynonym"":""[[],[],[],[]]"",""listenAudioUrlHard"":null,""listenScriptMedium"":""我現在很忙，快要去廚房做飯了，你自己再去房間找一次吧。"",""phrasesTranslation"":""now going to"",""suggestedAnswerHard"":""我今天真的很忙，也沒空幫你找，現在要去廚房做飯，你再去房間仔細找一次吧。"",""vocabularyLookalike"":""[[],[],[],[]]"",""vocabularyPosMedium"":""Adj, N, V, N"",""listenAudioUrlMedium"":null,""vocabularyPinyinHard"":""máng, chúfáng, zuò fàn, fángjiān"",""suggestedAnswerMedium"":""我現在很忙，快要去廚房做飯了，你自己再去房間找一次吧。"",""vocabularyDistractors"":""[[\""tired\"",\""relaxed\"",\""excited\"",\""stressed\"",\""preoccupied\""],[\""pantry\"",\""laundry\"",\""bathroom\"",\""dining area\"",\""break room\""],[\""bake cake\"",\""make tea\"",\""grill meat\"",\""bake\"",\""grill\"",\""barbecue\""],[\""corridor\"",\""stairway\"",\""elevator\""]]"",""vocabularyTranslation"":""busy, kitchen, cook meal, room"",""phrasesTranslationHard"":""really have no time, go to the kitchen, search carefully"",""vocabularyPinyinMedium"":""máng, chúfáng, zuò fàn, fángjiān"",""phrasesTranslationMedium"":""go by yourself again, look again"",""vocabularyTranslationHard"":""busy, kitchen, cook meal, room"",""vocabularyTranslationMedium"":""busy, kitchen, cook meal, room""}"
5,2,custom-story-1785235297869,我的錢包在哪裡？,True,6,/uploads/images/custom-story-1785235297869-frame-7-259265.png,Tell where the wallet is finally found.,Tell where the wallet is finally found.,Tell where the wallet is finally found.,啊！在這裡！錢包在我的書下面。,啊！在這裡！原來錢包在我的書下面。,啊！找到了！原來錢包一直在我的書下面。,"錢包, 書, 下面","wallet, book, underneath","qiánbāo, shū, xiàmian","N, N, Loc",在這裡,here,啊！在這裡！錢包在我的書下面。,啊！在這裡！原來錢包在我的書下面。,啊！找到了！原來錢包一直在我的書下面。,"{""prompt"":""Tell where the wallet is finally found."",""phrases"":""在這裡"",""imageUrl"":""/uploads/images/custom-story-1785235297869-frame-7-259265.png"",""promptHard"":""Tell where the wallet is finally found."",""vocabulary"":""錢包, 書, 下面"",""phrasesHard"":""找到了, 原來, 在我的"",""imageUrlHard"":""/uploads/images/custom-story-1785235297869-frame-7-hard-259277.png"",""listenScript"":""啊！在這裡！錢包在我的書下面。"",""promptMedium"":""Tell where the wallet is finally found."",""phrasesMedium"":""在這裡, 在我的"",""vocabularyPos"":""N, N, Loc"",""grammarExample"":null,""grammarPattern"":null,""imageUrlMedium"":""/uploads/images/custom-story-1785235297869-frame-7-medium-259265.png"",""listenAudioUrl"":null,""vocabularyHard"":""錢包, 書, 下面"",""suggestedAnswer"":""啊！在這裡！錢包在我的書下面。"",""vocabularyCloze"":""[[],[],[]]"",""listenScriptHard"":""啊！找到了！原來錢包一直在我的書下面。"",""vocabularyGroups"":null,""vocabularyMedium"":""錢包, 書, 下面"",""vocabularyPinyin"":""qiánbāo, shū, xiàmian"",""vocabularyPosHard"":""N, N, Loc"",""vocabularySynonym"":""[[],[],[]]"",""listenAudioUrlHard"":null,""listenScriptMedium"":""啊！在這裡！原來錢包在我的書下面。"",""phrasesTranslation"":""here"",""suggestedAnswerHard"":""啊！找到了！原來錢包一直在我的書下面。"",""vocabularyLookalike"":""[[],[],[]]"",""vocabularyPosMedium"":""N, N, Loc"",""listenAudioUrlMedium"":null,""vocabularyPinyinHard"":""qiánbāo, shū, xiàmian"",""suggestedAnswerMedium"":""啊！在這裡！原來錢包在我的書下面。"",""vocabularyDistractors"":""[[\""checkbook\"",\""credit card\"",\""receipt\""],[\""magazine\"",\""newspaper\"",\""pamphlet\"",\""manual\"",\""guide\"",\""textbook\""],[\""on the edge\"",\""in the middle\"",\""at the top\""]]"",""vocabularyTranslation"":""wallet, book, underneath"",""phrasesTranslationHard"":""found it, it turns out, under mine"",""vocabularyPinyinMedium"":""qiánbāo, shū, xiàmian"",""phrasesTranslationMedium"":""here, in my"",""vocabularyTranslationHard"":""wallet, book, underneath"",""vocabularyTranslationMedium"":""wallet, book, underneath""}"
5,3,custom-story-1785310310407,我的房間,True,0,/uploads/images/custom-story-1785310310407-frame-1-513754.png,Describe the main furniture in the room.,Describe the main furniture in the room.,Describe the main furniture in the room.,我的房間裡有一張桌子、一張床跟一張沙發。,我的房間不大，可是很舒服，裡面有一張桌子、一張床跟一張沙發。,我的房間雖然不大，可是我很喜歡，裡面有一張桌子、一張床跟一張沙發。,"房間, 桌子, 床, 沙發","room, table, bed, sofa","fángjiān, zhuō zǐ, chuáng, shāfā","N, N, N, N",跟,and,我的房間裡有一張桌子、一張床跟一張沙發。,我的房間不大，可是很舒服，裡面有一張桌子、一張床跟一張沙發。,我的房間雖然不大，可是我很喜歡，裡面有一張桌子、一張床跟一張沙發。,"{""prompt"":""Describe the main furniture in the room."",""phrases"":""跟"",""imageUrl"":""/uploads/images/custom-story-1785310310407-frame-1-513754.png"",""promptHard"":""Describe the main furniture in the room."",""vocabulary"":""房間, 桌子, 床, 沙發"",""phrasesHard"":""雖然不大, 很喜歡, 裡面有一張"",""imageUrlHard"":""/uploads/images/custom-story-1785310310407-frame-1-hard-513765.png"",""listenScript"":""我的房間裡有一張桌子、一張床跟一張沙發。"",""promptMedium"":""Describe the main furniture in the room."",""phrasesMedium"":""可是很, 裡面有一張"",""vocabularyPos"":""N, N, N, N"",""grammarExample"":null,""grammarPattern"":null,""imageUrlMedium"":""/uploads/images/custom-story-1785310310407-frame-1-medium-513762.png"",""listenAudioUrl"":null,""vocabularyHard"":""房間, 桌子, 床, 沙發"",""suggestedAnswer"":""我的房間裡有一張桌子、一張床跟一張沙發。"",""vocabularyCloze"":""[[{\""sentence\"":\""我房間的窗戶很大。\"",\""distractors\"":[\""教室\"",\""客廳\"",\""廚房\""]},{\""sentence\"":\""我最喜歡在我的房間裡學習。\"",\""distractors\"":[\""教室\"",\""圖書館\"",\""公園\""]}],[{\""sentence\"":\""我的房間裡有一張桌子。\"",\""distractors\"":[\""沙發\"",\""床\"",\""椅子\""]},{\""sentence\"":\""客廳裡有一張很大的桌子。\"",\""distractors\"":[\""椅子\"",\""床\"",\""電視機\""]}],[{\""sentence\"":\""我每天晚上都會睡在床上。\"",\""distractors\"":[\""桌子\"",\""沙發\"",\""地板\""]}],[{\""sentence\"":\""我最喜歡在沙發上看電視。\"",\""distractors\"":[\""床\"",\""桌子\"",\""地毯\""]},{\""sentence\"":\""我最喜歡在沙發上看書。\"",\""distractors\"":[\""床\"",\""桌子\"",\""書架\""]}]]"",""listenScriptHard"":""我的房間雖然不大，可是我很喜歡，裡面有一張桌子、一張床跟一張沙發。"",""vocabularyGroups"":null,""vocabularyMedium"":""房間, 桌子, 床, 沙發"",""vocabularyPinyin"":""fángjiān, zhuō zǐ, chuáng, shāfā"",""vocabularyPosHard"":""N, N, N, N"",""vocabularySynonym"":""[[],[],[],[]]"",""listenAudioUrlHard"":null,""listenScriptMedium"":""我的房間不大，可是很舒服，裡面有一張桌子、一張床跟一張沙發。"",""phrasesTranslation"":""and"",""suggestedAnswerHard"":""我的房間雖然不大，可是我很喜歡，裡面有一張桌子、一張床跟一張沙發。"",""vocabularyLookalike"":""[[\""芳間\"",\""方間\"",\""防間\"",\""芳香\"",\""方正\"",\""防護\""],[\""碇子\"",\""箋子\"",\""脹子\"",\""碇點\"",\""箋紙\"",\""脹氣\""],[\""凳\"",\""被\"",\""騈\"",\""凳子\"",\""被單\"",\""騈鬧\""],[\""砂發\"",\""殺發\"",\""傻發\"",\""砂石\"",\""殺傷\"",\""傻笑\""]]"",""vocabularyPosMedium"":""N, N, N, N"",""listenAudioUrlMedium"":null,""vocabularyPinyinHard"":""fángjiān, zhuō zǐ, chuáng, shāfā"",""suggestedAnswerMedium"":""我的房間不大，可是很舒服，裡面有一張桌子、一張床跟一張沙發。"",""vocabularyDistractors"":""[[\""cellar\"",\""basement\"",\""garage\"",\""den\"",\""parlor\"",\""study\""],[\""desk\"",\""shelf\"",\""cabinet\"",\""counter\"",\""bar\"",\""bench\""],[\""couch\"",\""mattress\"",\""pillow\"",\""cot\"",\""hammock\"",\""recliner\""],[\""ottoman\"",\""footstool\"",\""beanbag\"",\""daybed\"",\""divan\"",\""settee\""]]"",""vocabularyTranslation"":""room, table, bed, sofa"",""phrasesTranslationHard"":""not big, like very much, has a"",""vocabularyPinyinMedium"":""fángjiān, zhuō zǐ, chuáng, shāfā"",""phrasesTranslationMedium"":""but very, there is a"",""vocabularyTranslationHard"":""room, table, bed, sofa"",""vocabularyTranslationMedium"":""room, table, bed, sofa""}"
5,3,custom-story-1785310310407,我的房間,True,1,/uploads/images/custom-story-1785310310407-frame-2-513767.png,Describe the TV and the speaker’s preferred activity.,Describe the TV and the speaker’s preferred activity.,Describe the TV and the speaker’s preferred activity.,沙發前面有一台很新的電視機，可是我不常看電視，我最喜歡在沙發上看書。,沙發前面有一台非常新的電視機，可是我平常不看電視，最喜歡坐在沙發上看書。,沙發前面那台新的電視機很好，可是我已經很久沒看電視了，我覺得在沙發上看書最舒服。,"沙發, 電視機, 新的, 看書, 看電視","sofa, TV, new, to read, watch TV","shāfā, diànshìjī, xīn de, kànshū, kàn diànshì","N, N, Adj, V, V",前面,in front of,沙發前面有一台很新的電視機，可是我不常看電視，我最喜歡在沙發上看書。,沙發前面有一台非常新的電視機，可是我平常不看電視，最喜歡坐在沙發上看書。,沙發前面那台新的電視機很好，可是我已經很久沒看電視了，我覺得在沙發上看書最舒服。,"{""prompt"":""Describe the TV and the speaker’s preferred activity."",""phrases"":""前面"",""imageUrl"":""/uploads/images/custom-story-1785310310407-frame-2-513767.png"",""promptHard"":""Describe the TV and the speaker’s preferred activity."",""vocabulary"":""沙發, 電視機, 新的, 看書, 看電視"",""phrasesHard"":""前面, 很久沒, 最舒服"",""imageUrlHard"":""/uploads/images/custom-story-1785310310407-frame-2-hard-513780.png"",""listenScript"":""沙發前面有一台很新的電視機，可是我不常看電視，我最喜歡在沙發上看書。"",""promptMedium"":""Describe the TV and the speaker’s preferred activity."",""phrasesMedium"":""前面, 最喜歡"",""vocabularyPos"":""N, N, Adj, V, V"",""grammarExample"":null,""grammarPattern"":null,""imageUrlMedium"":""/uploads/images/custom-story-1785310310407-frame-2-medium-513777.png"",""listenAudioUrl"":null,""vocabularyHard"":""沙發, 電視機, 新的, 看書, 看電視"",""suggestedAnswer"":""沙發前面有一台很新的電視機，可是我不常看電視，我最喜歡在沙發上看書。"",""vocabularyCloze"":""[[{\""sentence\"":\""我最喜歡在沙發上看電視。\"",\""distractors\"":[\""床\"",\""桌子\"",\""地毯\""]},{\""sentence\"":\""我最喜歡在沙發上看書。\"",\""distractors\"":[\""床\"",\""桌子\"",\""書架\""]}],[{\""sentence\"":\""客廳裡有一臺新的電視機。\"",\""distractors\"":[\""電腦\"",\""收音機\"",\""電話\""]}],[{\""sentence\"":\""我買了一臺新的手機。\"",\""distractors\"":[\""舊的\"",\""大 的\"",\""紅色的\""]},{\""sentence\"":\""我買了一臺新的電腦。\"",\""distractors\"":[\""大的\"",\""小的\"",\""舊的\""]}],[{\""sentence\"":\""我最喜歡看書。\"",\""distractors\"":[\""看電影\"",\""玩遊戲\"",\""聽音樂\""]}],[{\""sentence\"":\""我每天晚上都會看電視。\"",\""distractors\"":[\""看電影\"",\""玩遊戲\"",\""讀報紙\""]}]]"",""listenScriptHard"":""沙發前面那台新的電視機很好，可是我已經很久沒看電視了，我覺得在沙發上看書最舒服。"",""vocabularyGroups"":null,""vocabularyMedium"":""沙發, 電視機, 新的, 看書, 看電視"",""vocabularyPinyin"":""shāfā, diànshìjī, xīn de, kànshū, kàn diànshì"",""vocabularyPosHard"":""N, N, Adj, V, V"",""vocabularySynonym"":""[[],[{\""synonym\"":\""電視\"",\""distractors\"":[\""電腦\"",\""收音機\"",\""冰箱\""]}],[],[{\""synonym\"":\""閱讀\"",\""distractors\"":[\""看電影\"",\""聽音樂\"",\""玩遊戲\""]}],[{\""synonym\"":\""觀看電視\"",\""distractors\"":[\""看電影\"",\""玩電腦\"",\""聽收音機\""]}]]"",""listenAudioUrlHard"":null,""listenScriptMedium"":""沙發前面有一台非常新的電視機，可是我平常不看電視，最喜歡坐在沙發上看書。"",""phrasesTranslation"":""in front of"",""suggestedAnswerHard"":""沙發前面那台新的電視機很好，可是我已經很久沒看電視了，我覺得在沙發上看書最舒服。"",""vocabularyLookalike"":""[[\""砂發\"",\""殺發\"",\""傻發\"",\""砂石\"",\""殺傷\"",\""傻笑\""],[\""電視姬\"",\""電視忌\"",\""電視幾\"",\""電梯\"",\""電視塔\"",\""電腦\""],[\""年底\"",\""年歲\"",\""年歲的\"",\""年輕\"",\""年齡\""],[\""勞書\"",\""考書\"",\""口書\"",\""勞動\"",\""考試\"",\""口才\""],[\""勞電視\"",\""考電視\"",\""口電視\"",\""勞累\"",\""考慮\"",\""口語\""]]"",""vocabularyPosMedium"":""N, N, Adj, V, V"",""listenAudioUrlMedium"":null,""vocabularyPinyinHard"":""shāfā, diànshìjī, xīn de, kànshū, kàn diànshì"",""suggestedAnswerMedium"":""沙發前面有一台非常新的電視機，可是我平常不看電視，最喜歡坐在沙發上看書。"",""vocabularyDistractors"":""[[\""ottoman\"",\""footstool\"",\""beanbag\"",\""daybed\"",\""divan\"",\""settee\""],[\""radio\"",\""computer\"",\""projector\"",\""monitor\"",\""screen\"",\""console\""],[\""expensive\"",\""foreign\"",\""complex\"",\""modern\"",\""fashionable\"",\""trendy\""],[\""write books\"",\""buy books\"",\""collect books\"",\""study texts\"",\""review notes\"",\""skim articles\""],[\""play video games\"",\""listen to music\"",\""browse internet\"",\""stream videos\"",\""play games\"",\""browse channels\""]]"",""vocabularyTranslation"":""sofa, TV, new, to read, watch TV"",""phrasesTranslationHard"":""in front of, haven't for a long time, most comfortable"",""vocabularyPinyinMedium"":""shāfā, diànshìjī, xīn de, kànshū, kàn diànshì"",""phrasesTranslationMedium"":""in front of, love to"",""vocabularyTranslationHard"":""sofa, TV, new, to read, watch TV"",""vocabularyTranslationMedium"":""sofa, TV, new, to read, watch TV""}"
5,3,custom-story-1785310310407,我的房間,True,2,/uploads/images/custom-story-1785310310407-frame-3-513784.png,Describe the books in the room.,Describe the books in the room.,Describe the books in the room.,我的書很多，有中文書，也有英文書。,我的書很多，中文書、英文書我都有，每一本都很好看。,我的書很多，中文書、英文書我都看過，常看的幾本放在桌子上。,"書, 很多, 中文, 英文","book, many, Chinese language, English language","shū, hěn duō, zhōng wén, yīng wén","N, Quant, N, N",有中文書，也有英文書,have both Chinese and English books,我的書很多，有中文書，也有英文書。,我的書很多，中文書、英文書我都有，每一本都很好看。,我的書很多，中文書、英文書我都看過，常看的幾本放在桌子上。,"{""prompt"":""Describe the books in the room."",""phrases"":""有中文書，也有英文書"",""imageUrl"":""/uploads/images/custom-story-1785310310407-frame-3-513784.png"",""promptHard"":""Describe the books in the room."",""vocabulary"":""書, 很多, 中文, 英文"",""phrasesHard"":""很多, 放在, 幾本"",""imageUrlHard"":""/uploads/images/custom-story-1785310310407-frame-3-hard-513794.png"",""listenScript"":""我的書很多，有中文書，也有英文書。"",""promptMedium"":""Describe the books in the room."",""phrasesMedium"":""我都有, 每一本"",""vocabularyPos"":""N, Quant, N, N"",""grammarExample"":null,""grammarPattern"":null,""imageUrlMedium"":""/uploads/images/custom-story-1785310310407-frame-3-medium-513792.png"",""listenAudioUrl"":null,""vocabularyHard"":""書, 很多, 中文, 英文"",""suggestedAnswer"":""我的書很多，有中文書，也有英文書。"",""vocabularyCloze"":""[[{\""sentence\"":\""我有一本很厚的書。\"",\""distractors\"":[\""雜誌\"",\""報紙\"",\""照片\""]}],[{\""sentence\"":\""我有很多的朋友。\"",\""distractors\"":[\""很少\"",\""太多\"",\""幾個\""]}],[{\""sentence\"":\""我會說中文。\"",\""distractors\"":[\""英文\"",\""日文\"",\""韓文\""]}],[{\""sentence\"":\""我正在學英文。\"",\""distractors\"":[\""中文\"",\""日文\"",\""韓文\""]}]]"",""listenScriptHard"":""我的書很多，中文書、英文書我都看過，常看的幾本放在桌子上。"",""vocabularyGroups"":null,""vocabularyMedium"":""書, 很多, 中文, 英文"",""vocabularyPinyin"":""shū, hěn duō, zhōng wén, yīng wén"",""vocabularyPosHard"":""N, Quant, N, N"",""vocabularySynonym"":""[[],[{\""synonym\"":\""大量\"",\""distractors\"":[\""少量\"",\""小數\"",\""輕便\""]}],[{\""synonym\"":\""漢語\"",\""distractors\"":[\""英文\"",\""日語\"",\""法語\""]}],[{\""synonym\"":\""英語\"",\""distractors\"":[\""中文\"",\""日語\"",\""德語\""]}]]"",""listenAudioUrlHard"":null,""listenScriptMedium"":""我的書很多，中文書、英文書我都有，每一本都很好看。"",""phrasesTranslation"":""have both Chinese and English books"",""suggestedAnswerHard"":""我的書很多，中文書、英文書我都看過，常看的幾本放在桌子上。"",""vocabularyLookalike"":""[[\""樹\"",\""輸\"",\""術\""],[\""費了\"",\""非了\"",\""匪了\"",\""非法\"",\""匪徒\"",\""飛躍\""],[\""川津\"",\""川震\"",\""川真\"",\""川流\"",\""川島\"",\""川菜\""],[\""園林\"",\""園蔭\"",\""圓林\"",\""園藝\"",\""圓舞\""]]"",""vocabularyPosMedium"":""N, Quant, N, N"",""listenAudioUrlMedium"":null,""vocabularyPinyinHard"":""shū, hěn duō, zhōng wén, yīng wén"",""suggestedAnswerMedium"":""我的書很多，中文書、英文書我都有，每一本都很好看。"",""vocabularyDistractors"":""[[\""magazine\"",\""newspaper\"",\""pamphlet\"",\""manual\"",\""guide\"",\""brochure\""],[\""enough\"",\""sufficient\"",\""excessive\"",\""plenty\"",\""abundant\"",\""numerous\""],[\""dialect\"",\""slang\"",\""jargon\"",\""Mandarin dialect\"",\""Taiwanese language\"",\""Cantonese\""],[\""slang\"",\""colloquialism\"",\""idiom\"",\""American language\"",\""British dialect\"",\""Australian slang\""]]"",""vocabularyTranslation"":""book, many, Chinese language, English language"",""phrasesTranslationHard"":""a lot, put on, a few"",""vocabularyPinyinMedium"":""shū, hěn duō, zhōng wén, yīng wén"",""phrasesTranslationMedium"":""I also have, each one"",""vocabularyTranslationHard"":""book, many, Chinese language, English language"",""vocabularyTranslationMedium"":""book, many, Chinese language, English language""}"
5,3,custom-story-1785310310407,我的房間,True,3,/uploads/images/custom-story-1785310310407-frame-4-513797.png,Describe the window and what the cat likes to do there.,Describe the window and what the cat likes to do there.,Describe the window and what the cat likes to do there.,我房間的窗戶很大，我的貓喜歡在窗戶旁邊曬太陽。,我房間的窗戶很大，每天下午我的貓都喜歡在窗戶旁邊曬太陽。,我房間的窗戶比房門還大，所以我的貓很喜歡每天下午在窗戶旁邊曬太陽。,"房間, 窗戶, 大, 貓, 喜歡, 曬太陽","room, window, big, cat, like, sunbathe","fángjiān, chuāng hù, dà, māo, xǐ huān, shài tài yáng","N, N, Adj, N, V, V",在窗戶旁邊,by the window,我房間的窗戶很大，我的貓喜歡在窗戶旁邊曬太陽。,我房間的窗戶很大，每天下午我的貓都喜歡在窗戶旁邊曬太陽。,我房間的窗戶比房門還大，所以我的貓很喜歡每天下午在窗戶旁邊曬太陽。,"{""prompt"":""Describe the window and what the cat likes to do there."",""phrases"":""在窗戶旁邊"",""imageUrl"":""/uploads/images/custom-story-1785310310407-frame-4-513797.png"",""promptHard"":""Describe the window and what the cat likes to do there."",""vocabulary"":""房間, 窗戶, 大, 貓, 喜歡, 曬太陽"",""phrasesHard"":""所以, 每天下午"",""imageUrlHard"":""/uploads/images/custom-story-1785310310407-frame-4-hard-513808.png"",""listenScript"":""我房間的窗戶很大，我的貓喜歡在窗戶旁邊曬太陽。"",""promptMedium"":""Describe the window and what the cat likes to do there."",""phrasesMedium"":""每天下午, 在窗戶旁邊"",""vocabularyPos"":""N, N, Adj, N, V, V"",""grammarExample"":null,""grammarPattern"":null,""imageUrlMedium"":""/uploads/images/custom-story-1785310310407-frame-4-medium-513806.png"",""listenAudioUrl"":null,""vocabularyHard"":""房間, 窗戶, 大, 貓, 喜歡, 曬太陽"",""suggestedAnswer"":""我房間的窗戶很大，我的貓喜歡在窗戶旁邊曬太陽。"",""vocabularyCloze"":""[[{\""sentence\"":\""我房間的窗戶很大。\"",\""distractors\"":[\""教室\"",\""客廳\"",\""廚房\""]},{\""sentence\"":\""我最喜歡在我的房間裡學習。\"",\""distractors\"":[\""教室\"",\""圖書館\"",\""公園\""]}],[{\""sentence\"":\""我房間的窗戶很大。\"",\""distractors\"":[\""門\"",\""牆\"",\""地板\""]}],[{\""sentence\"":\""我房間的窗戶很大。\"",\""distractors\"":[\""小\"",\""紅\"",\""圓\""]}],[{\""sentence\"":\""我有一隻很可愛的貓。\"",\""distractors\"":[\""狗\"",\""鳥\"",\""魚\""]}],[{\""sentence\"":\""我喜歡吃水果。\"",\""distractors\"":[\""討厭\"",\""愛\"",\""恨\""]}],[{\""sentence\"":\""我的貓喜歡在窗戶旁邊曬太陽。\"",\""distractors\"":[\""看書\"",\""玩遊戲\"",\""聽音樂\""]}]]"",""listenScriptHard"":""我房間的窗戶比房門還大，所以我的貓很喜歡每天下午在窗戶旁邊曬太陽。"",""vocabularyGroups"":null,""vocabularyMedium"":""房間, 窗戶, 大, 貓, 喜歡, 曬太陽"",""vocabularyPinyin"":""fángjiān, chuāng hù, dà, māo, xǐ huān, shài tài yáng"",""vocabularyPosHard"":""N, N, Adj, N, V, V"",""vocabularySynonym"":""[[],[{\""synonym\"":\""窗\"",\""distractors\"":[\""門\"",\""牆\"",\""天花板\""]}],[{\""synonym\"":\""巨大\"",\""distractors\"":[\""小\"",\""快\"",\""遠\""]}],[],[{\""synonym\"":\""愛好\"",\""distractors\"":[\""討厭\"",\""害怕\"",\""忽視\""]}],[]]"",""listenAudioUrlHard"":null,""listenScriptMedium"":""我房間的窗戶很大，每天下午我的貓都喜歡在窗戶旁邊曬太陽。"",""phrasesTranslation"":""by the window"",""suggestedAnswerHard"":""我房間的窗戶比房門還大，所以我的貓很喜歡每天下午在窗戶旁邊曬太陽。"",""vocabularyLookalike"":""[[\""芳間\"",\""方間\"",\""防間\"",\""芳香\"",\""方正\"",\""防護\""],[\""窓戶\"",\""朊戶\"",\""頸戶\"",\""朊粒\"",\""頸部\"",\""頸飾\""],[\""太\"",\""戴\"",\""歹\"",\""太陽\"",\""戴帽\"",\""歹徒\""],[\""蟲\"",\""蛆\"",\""鼷\"",\""蟲子\"",\""蛆蟲\"",\""鼷鼠\""],[\""希懇\"",\""禧懇\"",\""曦懇\"",\""希求\"",\""禧年\"",\""曦光\""],[\""硯太陽\"",\""硯太空\"",\""硯太虛\"",\""硯臺\"",\""硯墨\"",\""硯石\""]]"",""vocabularyPosMedium"":""N, N, Adj, N, V, V"",""listenAudioUrlMedium"":null,""vocabularyPinyinHard"":""fángjiān, chuāng hù, dà, māo, xǐ huān, shài tài yáng"",""suggestedAnswerMedium"":""我房間的窗戶很大，每天下午我的貓都喜歡在窗戶旁邊曬太陽。"",""vocabularyDistractors"":""[[\""cellar\"",\""basement\"",\""garage\"",\""den\"",\""parlor\"",\""study\""],[\""door\"",\""gate\"",\""fence\"",\""skylight\"",\""porthole\"",\""transom\""],[\""old\"",\""heavy\"",\""expensive\"",\""tall\"",\""long\"",\""wide\""],[\""dog\"",\""bird\"",\""fish\"",\""kitten\"",\""tomcat\"",\""tabby\""],[\""hate\"",\""fear\"",\""ignore\"",\""enjoy\"",\""appreciate\"",\""adore\""],[\""take a walk\"",\""go for a run\"",\""play sports\"",\""get a tan\"",\""soak up rays\"",\""bask in warmth\""]]"",""vocabularyTranslation"":""room, window, big, cat, like, sunbathe"",""phrasesTranslationHard"":""so, every afternoon"",""vocabularyPinyinMedium"":""fángjiān, chuāng hù, dà, māo, xǐ huān, shài tài yáng"",""phrasesTranslationMedium"":""every afternoon, by the window"",""vocabularyTranslationHard"":""room, window, big, cat, like, sunbathe"",""vocabularyTranslationMedium"":""room, window, big, cat, like, sunbathe""}"
6,1,modern-chinese-l6-dialogue-1,第6課 對話一：週末去打網球吧！,True,0,/uploads/images/lesson-6-8-full-v3-final/l6d1-1.png,請看圖，說出這一句。,請用完整句子說明。,請加上原因或感受。,國安：今天天氣不錯，海邊的風景也很漂亮，我想去游泳，你們想去嗎？,國安：今天天氣不錯，海邊的風景也很漂亮，我想去游泳。你們也想一起去嗎？,國安：今天天氣不錯，海邊的風景也很漂亮，我很想去游泳。如果你們下午有空，我們一起去海邊，怎麼樣？,"天氣,風景,漂亮,游泳","weather, scenery, beautiful, to swim","tiānqì, fēngjǐng, piàoliang, yóuyǒng","N, N, Adj, V",,,,,,"{""prompt"":""請看圖，說出這一句。"",""phrases"":null,""imageUrl"":""/uploads/images/lesson-6-8-full-v3-final/l6d1-1.png"",""promptHard"":""請加上原因或感受。"",""vocabulary"":""天氣,風景,漂亮,游泳"",""phrasesHard"":null,""imageUrlHard"":""/uploads/images/lesson-6-8-full-v3-final/l6d1-1.png"",""listenScript"":null,""promptMedium"":""請用完整句子說明。"",""phrasesMedium"":null,""vocabularyPos"":""N, N, Adj, V"",""grammarExample"":null,""grammarPattern"":null,""imageUrlMedium"":""/uploads/images/lesson-6-8-full-v3-final/l6d1-1.png"",""listenAudioUrl"":null,""vocabularyHard"":""天氣,風景,漂亮,游泳"",""suggestedAnswer"":""國安：今天天氣不錯，海邊的風景也很漂亮，我想去游泳，你們想去嗎？"",""vocabularyCloze"":""[[{\""sentence\"":\""國安：今天天氣不錯，海邊的風景也很漂亮，我想去游泳，你們想去嗎？\"",\""distractors\"":[\""朋友\"",\""學校\"",\""飯店\""]}],[{\""sentence\"":\""國安：今天天氣不錯，海邊的風景也很漂亮，我想去游泳，你們想去嗎？\"",\""distractors\"":[\""朋友\"",\""學校\"",\""飯店\""]}],[{\""sentence\"":\""國安：今天天氣不錯，海邊的風景也很漂亮，我想去游泳，你們想去嗎？\"",\""distractors\"":[\""方便\"",\""有趣\""]}],[{\""sentence\"":\""國安：今天天氣不錯，海邊的風景也很漂亮，我想去游泳，你們想去嗎？\"",\""distractors\"":[\""跑步\"",\""休息\""]}]]"",""listenScriptHard"":null,""vocabularyGroups"":null,""vocabularyMedium"":""天氣,風景,漂亮,游泳"",""vocabularyPinyin"":""tiānqì, fēngjǐng, piàoliang, yóuyǒng"",""listenAudioSource"":null,""vocabularyPosHard"":null,""vocabularySynonym"":""[[],[],[],[]]"",""listenAudioUrlHard"":null,""listenScriptMedium"":null,""phrasesTranslation"":null,""suggestedAnswerHard"":""國安：今天天氣不錯，海邊的風景也很漂亮，我很想去游泳。如果你們下午有空，我們一起去海邊，怎麼樣？"",""vocabularyAudioUrls"":null,""vocabularyLookalike"":""[[],[],[],[]]"",""vocabularyPosMedium"":null,""listenAudioUrlMedium"":null,""vocabularyPinyinHard"":null,""listenAudioSourceHard"":null,""suggestedAnswerMedium"":""國安：今天天氣不錯，海邊的風景也很漂亮，我想去游泳。你們也想一起去嗎？"",""vocabularyDistractors"":""[[],[],[],[]]"",""vocabularyTranslation"":""weather, scenery, beautiful, to swim"",""phrasesTranslationHard"":null,""vocabularyPinyinMedium"":null,""listenAudioSourceMedium"":null,""sentenceReferenceCurves"":null,""vocabularyAudioUrlsHard"":null,""phrasesTranslationMedium"":null,""vocabularyAudioUrlsMedium"":null,""vocabularyReferenceCurves"":null,""vocabularyTranslationHard"":null,""sentenceReferenceCurvesHard"":null,""vocabularyTranslationMedium"":null,""sentenceReferenceCurvesMedium"":null,""vocabularyReferenceCurvesHard"":null,""vocabularyReferenceCurvesMedium"":null}"
6,1,modern-chinese-l6-dialogue-1,第6課 對話一：週末去打網球吧！,True,1,/uploads/images/lesson-6-8-full-v3-final/l6d1-2.png,請看圖，說出這一句。,請用完整句子說明。,請加上原因或感受。,友美：我不會游泳。宜文，你會游泳嗎？,友美：可是我不會游泳。宜文，你會游泳嗎？,友美：我不會游泳，所以有一點擔心。宜文，你會游泳嗎？你游得怎麼樣？,游泳,to swim,yóuyǒng,V,,,,,,"{""prompt"":""請看圖，說出這一句。"",""phrases"":null,""imageUrl"":""/uploads/images/lesson-6-8-full-v3-final/l6d1-2.png"",""promptHard"":""請加上原因或感受。"",""vocabulary"":""游泳"",""phrasesHard"":null,""imageUrlHard"":""/uploads/images/lesson-6-8-full-v3-final/l6d1-2.png"",""listenScript"":null,""promptMedium"":""請用完整句子說明。"",""phrasesMedium"":null,""vocabularyPos"":""V"",""grammarExample"":null,""grammarPattern"":null,""imageUrlMedium"":""/uploads/images/lesson-6-8-full-v3-final/l6d1-2.png"",""listenAudioUrl"":null,""vocabularyHard"":""游泳"",""suggestedAnswer"":""友美：我不會游泳。宜文，你會游泳嗎？"",""vocabularyCloze"":""[[]]"",""listenScriptHard"":null,""vocabularyGroups"":null,""vocabularyMedium"":""游泳"",""vocabularyPinyin"":""yóuyǒng"",""listenAudioSource"":null,""vocabularyPosHard"":null,""vocabularySynonym"":""[[]]"",""listenAudioUrlHard"":null,""listenScriptMedium"":null,""phrasesTranslation"":null,""suggestedAnswerHard"":""友美：我不會游泳，所以有一點擔心。宜文，你會游泳嗎？你游得怎麼樣？"",""vocabularyAudioUrls"":null,""vocabularyLookalike"":""[[]]"",""vocabularyPosMedium"":null,""listenAudioUrlMedium"":null,""vocabularyPinyinHard"":null,""listenAudioSourceHard"":null,""suggestedAnswerMedium"":""友美：可是我不會游泳。宜文，你會游泳嗎？"",""vocabularyDistractors"":""[[]]"",""vocabularyTranslation"":""to swim"",""phrasesTranslationHard"":null,""vocabularyPinyinMedium"":null,""listenAudioSourceMedium"":null,""sentenceReferenceCurves"":null,""vocabularyAudioUrlsHard"":null,""phrasesTranslationMedium"":null,""vocabularyAudioUrlsMedium"":null,""vocabularyReferenceCurves"":null,""vocabularyTranslationHard"":null,""sentenceReferenceCurvesHard"":null,""vocabularyTranslationMedium"":null,""sentenceReferenceCurvesMedium"":null,""vocabularyReferenceCurvesHard"":null,""vocabularyReferenceCurvesMedium"":null}"
6,1,modern-chinese-l6-dialogue-1,第6課 對話一：週末去打網球吧！,True,2,/uploads/images/lesson-6-8-full-v3-final/l6d1-3.png,請看圖，說出這一句。,請用完整句子說明。,請加上原因或感受。,宜文：我會游泳，可是游得不太好。,宜文：我會游泳，可是游得不太好，所以不敢游太遠。,宜文：我會游泳，可是游得不太好。如果去海邊，我想先在比較安全的地方練習。,游泳,to swim,yóuyǒng,V,,,,,,"{""prompt"":""請看圖，說出這一句。"",""phrases"":null,""imageUrl"":""/uploads/images/lesson-6-8-full-v3-final/l6d1-3.png"",""promptHard"":""請加上原因或感受。"",""vocabulary"":""游泳"",""phrasesHard"":null,""imageUrlHard"":""/uploads/images/lesson-6-8-full-v3-final/l6d1-3.png"",""listenScript"":null,""promptMedium"":""請用完整句子說明。"",""phrasesMedium"":null,""vocabularyPos"":""V"",""grammarExample"":null,""grammarPattern"":null,""imageUrlMedium"":""/uploads/images/lesson-6-8-full-v3-final/l6d1-3.png"",""listenAudioUrl"":null,""vocabularyHard"":""游泳"",""suggestedAnswer"":""宜文：我會游泳，可是游得不太好。"",""vocabularyCloze"":""[[{\""sentence\"":\""宜文：我會游泳，可是游得不太好。\"",\""distractors\"":[\""跑步\"",\""休息\""]}]]"",""listenScriptHard"":null,""vocabularyGroups"":null,""vocabularyMedium"":""游泳"",""vocabularyPinyin"":""yóuyǒng"",""listenAudioSource"":null,""vocabularyPosHard"":null,""vocabularySynonym"":""[[]]"",""listenAudioUrlHard"":null,""listenScriptMedium"":null,""phrasesTranslation"":null,""suggestedAnswerHard"":""宜文：我會游泳，可是游得不太好。如果去海邊，我想先在比較安全的地方練習。"",""vocabularyAudioUrls"":null,""vocabularyLookalike"":""[[]]"",""vocabularyPosMedium"":null,""listenAudioUrlMedium"":null,""vocabularyPinyinHard"":null,""listenAudioSourceHard"":null,""suggestedAnswerMedium"":""宜文：我會游泳，可是游得不太好，所以不敢游太遠。"",""vocabularyDistractors"":""[[]]"",""vocabularyTranslation"":""to swim"",""phrasesTranslationHard"":null,""vocabularyPinyinMedium"":null,""listenAudioSourceMedium"":null,""sentenceReferenceCurves"":null,""vocabularyAudioUrlsHard"":null,""phrasesTranslationMedium"":null,""vocabularyAudioUrlsMedium"":null,""vocabularyReferenceCurves"":null,""vocabularyTranslationHard"":null,""sentenceReferenceCurvesHard"":null,""vocabularyTranslationMedium"":null,""sentenceReferenceCurvesMedium"":null,""vocabularyReferenceCurvesHard"":null,""vocabularyReferenceCurvesMedium"":null}"
6,1,modern-chinese-l6-dialogue-1,第6課 對話一：週末去打網球吧！,True,3,/uploads/images/lesson-6-8-full-v3-final/l6d1-4.png,請看圖，說出這一句。,請用完整句子說明。,請加上原因或感受。,國安：我們去跑步，怎麼樣？,國安：如果不去游泳，我們去跑步，怎麼樣？,國安：如果大家不想游泳，我們也可以去跑步。天氣這麼好，在外面運動應該很舒服。,跑步,to jog,pǎobù,V,,,,,,"{""prompt"":""請看圖，說出這一句。"",""phrases"":null,""imageUrl"":""/uploads/images/lesson-6-8-full-v3-final/l6d1-4.png"",""promptHard"":""請加上原因或感受。"",""vocabulary"":""跑步"",""phrasesHard"":null,""imageUrlHard"":""/uploads/images/lesson-6-8-full-v3-final/l6d1-4.png"",""listenScript"":null,""promptMedium"":""請用完整句子說明。"",""phrasesMedium"":null,""vocabularyPos"":""V"",""grammarExample"":null,""grammarPattern"":null,""imageUrlMedium"":""/uploads/images/lesson-6-8-full-v3-final/l6d1-4.png"",""listenAudioUrl"":null,""vocabularyHard"":""跑步"",""suggestedAnswer"":""國安：我們去跑步，怎麼樣？"",""vocabularyCloze"":""[[{\""sentence\"":\""國安：我們去跑步，怎麼樣？\"",\""distractors\"":[\""游泳\"",\""休息\""]}]]"",""listenScriptHard"":null,""vocabularyGroups"":null,""vocabularyMedium"":""跑步"",""vocabularyPinyin"":""pǎobù"",""listenAudioSource"":null,""vocabularyPosHard"":null,""vocabularySynonym"":""[[]]"",""listenAudioUrlHard"":null,""listenScriptMedium"":null,""phrasesTranslation"":null,""suggestedAnswerHard"":""國安：如果大家不想游泳，我們也可以去跑步。天氣這麼好，在外面運動應該很舒服。"",""vocabularyAudioUrls"":null,""vocabularyLookalike"":""[[]]"",""vocabularyPosMedium"":null,""listenAudioUrlMedium"":null,""vocabularyPinyinHard"":null,""listenAudioSourceHard"":null,""suggestedAnswerMedium"":""國安：如果不去游泳，我們去跑步，怎麼樣？"",""vocabularyDistractors"":""[[]]"",""vocabularyTranslation"":""to jog"",""phrasesTranslationHard"":null,""vocabularyPinyinMedium"":null,""listenAudioSourceMedium"":null,""sentenceReferenceCurves"":null,""vocabularyAudioUrlsHard"":null,""phrasesTranslationMedium"":null,""vocabularyAudioUrlsMedium"":null,""vocabularyReferenceCurves"":null,""vocabularyTranslationHard"":null,""sentenceReferenceCurvesHard"":null,""vocabularyTranslationMedium"":null,""sentenceReferenceCurvesMedium"":null,""vocabularyReferenceCurvesHard"":null,""vocabularyReferenceCurvesMedium"":null}"
6,1,modern-chinese-l6-dialogue-1,第6課 對話一：週末去打網球吧！,True,4,/uploads/images/lesson-6-8-full-v3-final/l6d1-5.png,請看圖，說出這一句。,請用完整句子說明。,請加上原因或感受。,友美：我不喜歡跑步，我跑步跑得很慢。,友美：我不太喜歡跑步，而且我跑步跑得很慢。,友美：我不喜歡跑步，因為我跑步跑得很慢，跑一會兒就覺得累。,跑步,to jog,pǎobù,V,,,,,,"{""prompt"":""請看圖，說出這一句。"",""phrases"":null,""imageUrl"":""/uploads/images/lesson-6-8-full-v3-final/l6d1-5.png"",""promptHard"":""請加上原因或感受。"",""vocabulary"":""跑步"",""phrasesHard"":null,""imageUrlHard"":""/uploads/images/lesson-6-8-full-v3-final/l6d1-5.png"",""listenScript"":null,""promptMedium"":""請用完整句子說明。"",""phrasesMedium"":null,""vocabularyPos"":""V"",""grammarExample"":null,""grammarPattern"":null,""imageUrlMedium"":""/uploads/images/lesson-6-8-full-v3-final/l6d1-5.png"",""listenAudioUrl"":null,""vocabularyHard"":""跑步"",""suggestedAnswer"":""友美：我不喜歡跑步，我跑步跑得很慢。"",""vocabularyCloze"":""[[]]"",""listenScriptHard"":null,""vocabularyGroups"":null,""vocabularyMedium"":""跑步"",""vocabularyPinyin"":""pǎobù"",""listenAudioSource"":null,""vocabularyPosHard"":null,""vocabularySynonym"":""[[]]"",""listenAudioUrlHard"":null,""listenScriptMedium"":null,""phrasesTranslation"":null,""suggestedAnswerHard"":""友美：我不喜歡跑步，因為我跑步跑得很慢，跑一會兒就覺得累。"",""vocabularyAudioUrls"":null,""vocabularyLookalike"":""[[]]"",""vocabularyPosMedium"":null,""listenAudioUrlMedium"":null,""vocabularyPinyinHard"":null,""listenAudioSourceHard"":null,""suggestedAnswerMedium"":""友美：我不太喜歡跑步，而且我跑步跑得很慢。"",""vocabularyDistractors"":""[[]]"",""vocabularyTranslation"":""to jog"",""phrasesTranslationHard"":null,""vocabularyPinyinMedium"":null,""listenAudioSourceMedium"":null,""sentenceReferenceCurves"":null,""vocabularyAudioUrlsHard"":null,""phrasesTranslationMedium"":null,""vocabularyAudioUrlsMedium"":null,""vocabularyReferenceCurves"":null,""vocabularyTranslationHard"":null,""sentenceReferenceCurvesHard"":null,""vocabularyTranslationMedium"":null,""sentenceReferenceCurvesMedium"":null,""vocabularyReferenceCurvesHard"":null,""vocabularyReferenceCurvesMedium"":null}"
6,1,modern-chinese-l6-dialogue-1,第6課 對話一：週末去打網球吧！,True,5,/uploads/images/lesson-6-8-full-v3-final/l6d1-6.png,請看圖，說出這一句。,請用完整句子說明。,請加上原因或感受。,宜文：打網球怎麼樣？中明說妳的網球打得很好，我們一起去打吧。,宜文：那打網球怎麼樣？中明說妳的網球打得很好，我們一起去打吧。,宜文：那我們改打網球怎麼樣？中明說妳的網球打得很好，我也想跟妳學，我們一起去打吧。,網球,tennis,wǎngqiú,N,,,,,,"{""prompt"":""請看圖，說出這一句。"",""phrases"":null,""imageUrl"":""/uploads/images/lesson-6-8-full-v3-final/l6d1-6.png"",""promptHard"":""請加上原因或感受。"",""vocabulary"":""網球"",""phrasesHard"":null,""imageUrlHard"":""/uploads/images/lesson-6-8-full-v3-final/l6d1-6.png"",""listenScript"":null,""promptMedium"":""請用完整句子說明。"",""phrasesMedium"":null,""vocabularyPos"":""N"",""grammarExample"":null,""grammarPattern"":null,""imageUrlMedium"":""/uploads/images/lesson-6-8-full-v3-final/l6d1-6.png"",""listenAudioUrl"":null,""vocabularyHard"":""網球"",""suggestedAnswer"":""宜文：打網球怎麼樣？中明說妳的網球打得很好，我們一起去打吧。"",""vocabularyCloze"":""[[]]"",""listenScriptHard"":null,""vocabularyGroups"":null,""vocabularyMedium"":""網球"",""vocabularyPinyin"":""wǎngqiú"",""listenAudioSource"":null,""vocabularyPosHard"":null,""vocabularySynonym"":""[[]]"",""listenAudioUrlHard"":null,""listenScriptMedium"":null,""phrasesTranslation"":null,""suggestedAnswerHard"":""宜文：那我們改打網球怎麼樣？中明說妳的網球打得很好，我也想跟妳學，我們一起去打吧。"",""vocabularyAudioUrls"":null,""vocabularyLookalike"":""[[]]"",""vocabularyPosMedium"":null,""listenAudioUrlMedium"":null,""vocabularyPinyinHard"":null,""listenAudioSourceHard"":null,""suggestedAnswerMedium"":""宜文：那打網球怎麼樣？中明說妳的網球打得很好，我們一起去打吧。"",""vocabularyDistractors"":""[[]]"",""vocabularyTranslation"":""tennis"",""phrasesTranslationHard"":null,""vocabularyPinyinMedium"":null,""listenAudioSourceMedium"":null,""sentenceReferenceCurves"":null,""vocabularyAudioUrlsHard"":null,""phrasesTranslationMedium"":null,""vocabularyAudioUrlsMedium"":null,""vocabularyReferenceCurves"":null,""vocabularyTranslationHard"":null,""sentenceReferenceCurvesHard"":null,""vocabularyTranslationMedium"":null,""sentenceReferenceCurvesMedium"":null,""vocabularyReferenceCurvesHard"":null,""vocabularyReferenceCurvesMedium"":null}"
6,1,modern-chinese-l6-dialogue-1,第6課 對話一：週末去打網球吧！,True,6,/uploads/images/lesson-6-8-full-v3-final/l6d1-7.png,請看圖，說出這一句。,請用完整句子說明。,請加上原因或感受。,友美：好啊。,友美：好啊，那我們就去打網球。,友美：好啊，我也很久沒打了。那我們週末一起去打網球吧。,,,,,,,,,,"{""prompt"":""請看圖，說出這一句。"",""phrases"":null,""imageUrl"":""/uploads/images/lesson-6-8-full-v3-final/l6d1-7.png"",""promptHard"":""請加上原因或感受。"",""vocabulary"":"""",""phrasesHard"":null,""imageUrlHard"":""/uploads/images/lesson-6-8-full-v3-final/l6d1-7.png"",""listenScript"":null,""promptMedium"":""請用完整句子說明。"",""phrasesMedium"":null,""vocabularyPos"":null,""grammarExample"":null,""grammarPattern"":null,""imageUrlMedium"":""/uploads/images/lesson-6-8-full-v3-final/l6d1-7.png"",""listenAudioUrl"":null,""vocabularyHard"":"""",""suggestedAnswer"":""友美：好啊。"",""vocabularyCloze"":null,""listenScriptHard"":null,""vocabularyGroups"":null,""vocabularyMedium"":"""",""vocabularyPinyin"":null,""listenAudioSource"":null,""vocabularyPosHard"":null,""vocabularySynonym"":null,""listenAudioUrlHard"":null,""listenScriptMedium"":null,""phrasesTranslation"":null,""suggestedAnswerHard"":""友美：好啊，我也很久沒打了。那我們週末一起去打網球吧。"",""vocabularyAudioUrls"":null,""vocabularyLookalike"":null,""vocabularyPosMedium"":null,""listenAudioUrlMedium"":null,""vocabularyPinyinHard"":null,""listenAudioSourceHard"":null,""suggestedAnswerMedium"":""友美：好啊，那我們就去打網球。"",""vocabularyDistractors"":null,""vocabularyTranslation"":null,""phrasesTranslationHard"":null,""vocabularyPinyinMedium"":null,""listenAudioSourceMedium"":null,""sentenceReferenceCurves"":null,""vocabularyAudioUrlsHard"":null,""phrasesTranslationMedium"":null,""vocabularyAudioUrlsMedium"":null,""vocabularyReferenceCurves"":null,""vocabularyTranslationHard"":null,""sentenceReferenceCurvesHard"":null,""vocabularyTranslationMedium"":null,""sentenceReferenceCurvesMedium"":null,""vocabularyReferenceCurvesHard"":null,""vocabularyReferenceCurvesMedium"":null}"
6,2,modern-chinese-l6-dialogue-2,第6課 對話二：週末去打網球吧！,True,0,/uploads/images/lesson-6-8-full-v3-final/l6d2-1.png,請看圖，說出這一句。,請用完整句子說明。,請加上原因或感受。,國安：聽說這部電影很有趣，我們晚上一起去看，好不好？,國安：聽說這部電影很有趣，我們今天晚上一起去看，好不好？,國安：我聽朋友說這部電影很有趣，而且今天晚上還有票。我們一起去看，好不好？,"電影,有趣","movie, interesting","diànyǐng, yǒuqù","N, Adj",,,,,,"{""prompt"":""請看圖，說出這一句。"",""phrases"":null,""imageUrl"":""/uploads/images/lesson-6-8-full-v3-final/l6d2-1.png"",""promptHard"":""請加上原因或感受。"",""vocabulary"":""電影,有趣"",""phrasesHard"":null,""imageUrlHard"":""/uploads/images/lesson-6-8-full-v3-final/l6d2-1.png"",""listenScript"":null,""promptMedium"":""請用完整句子說明。"",""phrasesMedium"":null,""vocabularyPos"":""N, Adj"",""grammarExample"":null,""grammarPattern"":null,""imageUrlMedium"":""/uploads/images/lesson-6-8-full-v3-final/l6d2-1.png"",""listenAudioUrl"":null,""vocabularyHard"":""電影,有趣"",""suggestedAnswer"":""國安：聽說這部電影很有趣，我們晚上一起去看，好不好？"",""vocabularyCloze"":""[[{\""sentence\"":\""國安：聽說這部電影很有趣，我們晚上一起去看，好不好？\"",\""distractors\"":[\""朋友\"",\""學校\"",\""飯店\""]}],[{\""sentence\"":\""國安：聽說這部電影很有趣，我們晚上一起去看，好不好？\"",\""distractors\"":[\""漂亮\"",\""方便\""]}]]"",""listenScriptHard"":null,""vocabularyGroups"":null,""vocabularyMedium"":""電影,有趣"",""vocabularyPinyin"":""diànyǐng, yǒuqù"",""listenAudioSource"":null,""vocabularyPosHard"":null,""vocabularySynonym"":""[[],[]]"",""listenAudioUrlHard"":null,""listenScriptMedium"":null,""phrasesTranslation"":null,""suggestedAnswerHard"":""國安：我聽朋友說這部電影很有趣，而且今天晚上還有票。我們一起去看，好不好？"",""vocabularyAudioUrls"":null,""vocabularyLookalike"":""[[],[]]"",""vocabularyPosMedium"":null,""listenAudioUrlMedium"":null,""vocabularyPinyinHard"":null,""listenAudioSourceHard"":null,""suggestedAnswerMedium"":""國安：聽說這部電影很有趣，我們今天晚上一起去看，好不好？"",""vocabularyDistractors"":""[[],[]]"",""vocabularyTranslation"":""movie, interesting"",""phrasesTranslationHard"":null,""vocabularyPinyinMedium"":null,""listenAudioSourceMedium"":null,""sentenceReferenceCurves"":null,""vocabularyAudioUrlsHard"":null,""phrasesTranslationMedium"":null,""vocabularyAudioUrlsMedium"":null,""vocabularyReferenceCurves"":null,""vocabularyTranslationHard"":null,""sentenceReferenceCurvesHard"":null,""vocabularyTranslationMedium"":null,""sentenceReferenceCurvesMedium"":null,""vocabularyReferenceCurvesHard"":null,""vocabularyReferenceCurvesMedium"":null}"
6,2,modern-chinese-l6-dialogue-2,第6課 對話二：週末去打網球吧！,True,1,/uploads/images/lesson-6-8-full-v3-final/l6d2-2.png,請看圖，說出這一句。,請用完整句子說明。,請加上原因或感受。,中明：我覺得有一點兒累，我想回家休息。,中明：可是我今天覺得有一點兒累，我想早一點回家休息。,中明：我今天上課上了一整天，覺得有一點兒累，所以想先回家休息，改天再看電影。,休息,to rest,xiūxi,V,,,,,,"{""prompt"":""請看圖，說出這一句。"",""phrases"":null,""imageUrl"":""/uploads/images/lesson-6-8-full-v3-final/l6d2-2.png"",""promptHard"":""請加上原因或感受。"",""vocabulary"":""休息"",""phrasesHard"":null,""imageUrlHard"":""/uploads/images/lesson-6-8-full-v3-final/l6d2-2.png"",""listenScript"":null,""promptMedium"":""請用完整句子說明。"",""phrasesMedium"":null,""vocabularyPos"":""V"",""grammarExample"":null,""grammarPattern"":null,""imageUrlMedium"":""/uploads/images/lesson-6-8-full-v3-final/l6d2-2.png"",""listenAudioUrl"":null,""vocabularyHard"":""休息"",""suggestedAnswer"":""中明：我覺得有一點兒累，我想回家休息。"",""vocabularyCloze"":""[[{\""sentence\"":\""中明：我覺得有一點兒累，我想回家休息。\"",\""distractors\"":[\""游泳\"",\""跑步\""]}]]"",""listenScriptHard"":null,""vocabularyGroups"":null,""vocabularyMedium"":""休息"",""vocabularyPinyin"":""xiūxi"",""listenAudioSource"":null,""vocabularyPosHard"":null,""vocabularySynonym"":""[[]]"",""listenAudioUrlHard"":null,""listenScriptMedium"":null,""phrasesTranslation"":null,""suggestedAnswerHard"":""中明：我今天上課上了一整天，覺得有一點兒累，所以想先回家休息，改天再看電影。"",""vocabularyAudioUrls"":null,""vocabularyLookalike"":""[[]]"",""vocabularyPosMedium"":null,""listenAudioUrlMedium"":null,""vocabularyPinyinHard"":null,""listenAudioSourceHard"":null,""suggestedAnswerMedium"":""中明：可是我今天覺得有一點兒累，我想早一點回家休息。"",""vocabularyDistractors"":""[[]]"",""vocabularyTranslation"":""to rest"",""phrasesTranslationHard"":null,""vocabularyPinyinMedium"":null,""listenAudioSourceMedium"":null,""sentenceReferenceCurves"":null,""vocabularyAudioUrlsHard"":null,""phrasesTranslationMedium"":null,""vocabularyAudioUrlsMedium"":null,""vocabularyReferenceCurves"":null,""vocabularyTranslationHard"":null,""sentenceReferenceCurvesHard"":null,""vocabularyTranslationMedium"":null,""sentenceReferenceCurvesMedium"":null,""vocabularyReferenceCurvesHard"":null,""vocabularyReferenceCurvesMedium"":null}"
6,2,modern-chinese-l6-dialogue-2,第6課 對話二：週末去打網球吧！,True,2,/uploads/images/lesson-6-8-full-v3-final/l6d2-3.png,請看圖，說出這一句。,請用完整句子說明。,請加上原因或感受。,國安：你不要常常在家上網、看電腦、玩手機，應該去運動。明天我有空，我們可以一起去騎腳踏車。,國安：你不要常常在家上網、看電腦、玩手機，應該多去運動。明天我有空，我們可以一起去騎腳踏車。,國安：你不要常常在家上網、看電腦、玩手機，坐太久對身體不好，應該多去運動。明天我有空，我們可以一起去騎腳踏車。,"運動,腳踏車","exercise, bicycle","yùndòng, jiǎotàchē","N, N",,,,,,"{""prompt"":""請看圖，說出這一句。"",""phrases"":null,""imageUrl"":""/uploads/images/lesson-6-8-full-v3-final/l6d2-3.png"",""promptHard"":""請加上原因或感受。"",""vocabulary"":""運動,腳踏車"",""phrasesHard"":null,""imageUrlHard"":""/uploads/images/lesson-6-8-full-v3-final/l6d2-3.png"",""listenScript"":null,""promptMedium"":""請用完整句子說明。"",""phrasesMedium"":null,""vocabularyPos"":""N, N"",""grammarExample"":null,""grammarPattern"":null,""imageUrlMedium"":""/uploads/images/lesson-6-8-full-v3-final/l6d2-3.png"",""listenAudioUrl"":null,""vocabularyHard"":""運動,腳踏車"",""suggestedAnswer"":""國安：你不要常常在家上網、看電腦、玩手機，應該去運動。明天我有空，我們可以一起去騎腳踏車。"",""vocabularyCloze"":""[[{\""sentence\"":\""國安：你不要常常在家上網、看電腦、玩手機，應該去運動。明天我有空，我們可以一起去騎腳踏車。\"",\""distractors\"":[\""朋友\"",\""學校\"",\""飯店\""]}],[{\""sentence\"":\""國安：你不要常常在家上網、看電腦、玩手機，應該去運動。明天我有空，我們可以一起去騎腳踏車。\"",\""distractors\"":[\""朋友\"",\""學校\"",\""飯店\""]}]]"",""listenScriptHard"":null,""vocabularyGroups"":null,""vocabularyMedium"":""運動,腳踏車"",""vocabularyPinyin"":""yùndòng, jiǎotàchē"",""listenAudioSource"":null,""vocabularyPosHard"":null,""vocabularySynonym"":""[[],[]]"",""listenAudioUrlHard"":null,""listenScriptMedium"":null,""phrasesTranslation"":null,""suggestedAnswerHard"":""國安：你不要常常在家上網、看電腦、玩手機，坐太久對身體不好，應該多去運動。明天我有空，我們可以一起去騎腳踏車。"",""vocabularyAudioUrls"":null,""vocabularyLookalike"":""[[],[]]"",""vocabularyPosMedium"":null,""listenAudioUrlMedium"":null,""vocabularyPinyinHard"":null,""listenAudioSourceHard"":null,""suggestedAnswerMedium"":""國安：你不要常常在家上網、看電腦、玩手機，應該多去運動。明天我有空，我們可以一起去騎腳踏車。"",""vocabularyDistractors"":""[[],[]]"",""vocabularyTranslation"":""exercise, bicycle"",""phrasesTranslationHard"":null,""vocabularyPinyinMedium"":null,""listenAudioSourceMedium"":null,""sentenceReferenceCurves"":null,""vocabularyAudioUrlsHard"":null,""phrasesTranslationMedium"":null,""vocabularyAudioUrlsMedium"":null,""vocabularyReferenceCurves"":null,""vocabularyTranslationHard"":null,""sentenceReferenceCurvesHard"":null,""vocabularyTranslationMedium"":null,""sentenceReferenceCurvesMedium"":null,""vocabularyReferenceCurvesHard"":null,""vocabularyReferenceCurvesMedium"":null}"
6,2,modern-chinese-l6-dialogue-2,第6課 對話二：週末去打網球吧！,True,3,/uploads/images/lesson-6-8-full-v3-final/l6d2-4.png,請看圖，說出這一句。,請用完整句子說明。,請加上原因或感受。,中明：可是我只想聽音樂、睡覺。,中明：可是我今天只想在家聽音樂、睡覺，什麼都不想做。,中明：可是我真的很累，今天只想在家聽音樂、睡覺。等我休息好了，我們再一起出去。,音樂,music,yīnyuè,N,,,,,,"{""prompt"":""請看圖，說出這一句。"",""phrases"":null,""imageUrl"":""/uploads/images/lesson-6-8-full-v3-final/l6d2-4.png"",""promptHard"":""請加上原因或感受。"",""vocabulary"":""音樂"",""phrasesHard"":null,""imageUrlHard"":""/uploads/images/lesson-6-8-full-v3-final/l6d2-4.png"",""listenScript"":null,""promptMedium"":""請用完整句子說明。"",""phrasesMedium"":null,""vocabularyPos"":""N"",""grammarExample"":null,""grammarPattern"":null,""imageUrlMedium"":""/uploads/images/lesson-6-8-full-v3-final/l6d2-4.png"",""listenAudioUrl"":null,""vocabularyHard"":""音樂"",""suggestedAnswer"":""中明：可是我只想聽音樂、睡覺。"",""vocabularyCloze"":""[[{\""sentence\"":\""中明：可是我只想聽音樂、睡覺。\"",\""distractors\"":[\""朋友\"",\""學校\"",\""飯店\""]}]]"",""listenScriptHard"":null,""vocabularyGroups"":null,""vocabularyMedium"":""音樂"",""vocabularyPinyin"":""yīnyuè"",""listenAudioSource"":null,""vocabularyPosHard"":null,""vocabularySynonym"":""[[]]"",""listenAudioUrlHard"":null,""listenScriptMedium"":null,""phrasesTranslation"":null,""suggestedAnswerHard"":""中明：可是我真的很累，今天只想在家聽音樂、睡覺。等我休息好了，我們再一起出去。"",""vocabularyAudioUrls"":null,""vocabularyLookalike"":""[[]]"",""vocabularyPosMedium"":null,""listenAudioUrlMedium"":null,""vocabularyPinyinHard"":null,""listenAudioSourceHard"":null,""suggestedAnswerMedium"":""中明：可是我今天只想在家聽音樂、睡覺，什麼都不想做。"",""vocabularyDistractors"":""[[]]"",""vocabularyTranslation"":""music"",""phrasesTranslationHard"":null,""vocabularyPinyinMedium"":null,""listenAudioSourceMedium"":null,""sentenceReferenceCurves"":null,""vocabularyAudioUrlsHard"":null,""phrasesTranslationMedium"":null,""vocabularyAudioUrlsMedium"":null,""vocabularyReferenceCurves"":null,""vocabularyTranslationHard"":null,""sentenceReferenceCurvesHard"":null,""vocabularyTranslationMedium"":null,""sentenceReferenceCurvesMedium"":null,""vocabularyReferenceCurvesHard"":null,""vocabularyReferenceCurvesMedium"":null}"
6,2,modern-chinese-l6-dialogue-2,第6課 對話二：週末去打網球吧！,True,4,/uploads/images/lesson-6-8-full-v3-final/l6d2-5.png,請看圖，說出這一句。,請用完整句子說明。,請加上原因或感受。,國安：後天去呢？,國安：那後天去呢？你後天有空嗎？,國安：如果明天不方便，那後天去呢？你休息一天以後應該比較有精神。,,,,,,,,,,"{""prompt"":""請看圖，說出這一句。"",""phrases"":null,""imageUrl"":""/uploads/images/lesson-6-8-full-v3-final/l6d2-5.png"",""promptHard"":""請加上原因或感受。"",""vocabulary"":"""",""phrasesHard"":null,""imageUrlHard"":""/uploads/images/lesson-6-8-full-v3-final/l6d2-5.png"",""listenScript"":null,""promptMedium"":""請用完整句子說明。"",""phrasesMedium"":null,""vocabularyPos"":null,""grammarExample"":null,""grammarPattern"":null,""imageUrlMedium"":""/uploads/images/lesson-6-8-full-v3-final/l6d2-5.png"",""listenAudioUrl"":null,""vocabularyHard"":"""",""suggestedAnswer"":""國安：後天去呢？"",""vocabularyCloze"":null,""listenScriptHard"":null,""vocabularyGroups"":null,""vocabularyMedium"":"""",""vocabularyPinyin"":null,""listenAudioSource"":null,""vocabularyPosHard"":null,""vocabularySynonym"":null,""listenAudioUrlHard"":null,""listenScriptMedium"":null,""phrasesTranslation"":null,""suggestedAnswerHard"":""國安：如果明天不方便，那後天去呢？你休息一天以後應該比較有精神。"",""vocabularyAudioUrls"":null,""vocabularyLookalike"":null,""vocabularyPosMedium"":null,""listenAudioUrlMedium"":null,""vocabularyPinyinHard"":null,""listenAudioSourceHard"":null,""suggestedAnswerMedium"":""國安：那後天去呢？你後天有空嗎？"",""vocabularyDistractors"":null,""vocabularyTranslation"":null,""phrasesTranslationHard"":null,""vocabularyPinyinMedium"":null,""listenAudioSourceMedium"":null,""sentenceReferenceCurves"":null,""vocabularyAudioUrlsHard"":null,""phrasesTranslationMedium"":null,""vocabularyAudioUrlsMedium"":null,""vocabularyReferenceCurves"":null,""vocabularyTranslationHard"":null,""sentenceReferenceCurvesHard"":null,""vocabularyTranslationMedium"":null,""sentenceReferenceCurvesMedium"":null,""vocabularyReferenceCurvesHard"":null,""vocabularyReferenceCurvesMedium"":null}"
6,2,modern-chinese-l6-dialogue-2,第6課 對話二：週末去打網球吧！,True,5,/uploads/images/lesson-6-8-full-v3-final/l6d2-6.png,請看圖，說出這一句。,請用完整句子說明。,請加上原因或感受。,中明：這兩天天氣有點兒冷，我們週末去，好嗎？,中明：這兩天天氣有點兒冷，我們週末天氣暖一點再去，好嗎？,中明：這兩天天氣有點兒冷，騎車可能不太舒服。我們等到週末，如果天氣暖一點再去，好嗎？,"天氣,週末","weather, weekend","tiānqì, zhōumò","N, N",,,,,,"{""prompt"":""請看圖，說出這一句。"",""phrases"":null,""imageUrl"":""/uploads/images/lesson-6-8-full-v3-final/l6d2-6.png"",""promptHard"":""請加上原因或感受。"",""vocabulary"":""天氣,週末"",""phrasesHard"":null,""imageUrlHard"":""/uploads/images/lesson-6-8-full-v3-final/l6d2-6.png"",""listenScript"":null,""promptMedium"":""請用完整句子說明。"",""phrasesMedium"":null,""vocabularyPos"":""N, N"",""grammarExample"":null,""grammarPattern"":null,""imageUrlMedium"":""/uploads/images/lesson-6-8-full-v3-final/l6d2-6.png"",""listenAudioUrl"":null,""vocabularyHard"":""天氣,週末"",""suggestedAnswer"":""中明：這兩天天氣有點兒冷，我們週末去，好嗎？"",""vocabularyCloze"":""[[{\""sentence\"":\""中明：這兩天天氣有點兒冷，我們週末去，好嗎？\"",\""distractors\"":[\""朋友\"",\""學校\"",\""飯店\""]}],[{\""sentence\"":\""中明：這兩天天氣有點兒冷，我們週末去，好嗎？\"",\""distractors\"":[\""朋友\"",\""學校\"",\""飯店\""]}]]"",""listenScriptHard"":null,""vocabularyGroups"":null,""vocabularyMedium"":""天氣,週末"",""vocabularyPinyin"":""tiānqì, zhōumò"",""listenAudioSource"":null,""vocabularyPosHard"":null,""vocabularySynonym"":""[[],[]]"",""listenAudioUrlHard"":null,""listenScriptMedium"":null,""phrasesTranslation"":null,""suggestedAnswerHard"":""中明：這兩天天氣有點兒冷，騎車可能不太舒服。我們等到週末，如果天氣暖一點再去，好嗎？"",""vocabularyAudioUrls"":null,""vocabularyLookalike"":""[[],[]]"",""vocabularyPosMedium"":null,""listenAudioUrlMedium"":null,""vocabularyPinyinHard"":null,""listenAudioSourceHard"":null,""suggestedAnswerMedium"":""中明：這兩天天氣有點兒冷，我們週末天氣暖一點再去，好嗎？"",""vocabularyDistractors"":""[[],[]]"",""vocabularyTranslation"":""weather, weekend"",""phrasesTranslationHard"":null,""vocabularyPinyinMedium"":null,""listenAudioSourceMedium"":null,""sentenceReferenceCurves"":null,""vocabularyAudioUrlsHard"":null,""phrasesTranslationMedium"":null,""vocabularyAudioUrlsMedium"":null,""vocabularyReferenceCurves"":null,""vocabularyTranslationHard"":null,""sentenceReferenceCurvesHard"":null,""vocabularyTranslationMedium"":null,""sentenceReferenceCurvesMedium"":null,""vocabularyReferenceCurvesHard"":null,""vocabularyReferenceCurvesMedium"":null}"
6,3,modern-chinese-l6-reading,第6課 短文：我的興趣,True,0,/uploads/images/lesson-6-8-bubble/l6r-frame-1.png,請看圖，說出這一句。,請用完整句子說明。,請加上原因或感受。,我有幾個好朋友。,我有幾個很好的朋友，我們常常一起活動。,我有幾個很好的朋友。雖然大家平常都很忙，可是有時間的時候，我們常常一起活動。,朋友,friend,péngyǒu,N,,,,,,"{""prompt"":""請看圖，說出這一句。"",""phrases"":null,""imageUrl"":""/uploads/images/lesson-6-8-bubble/l6r-frame-1.png"",""promptHard"":""請加上原因或感受。"",""vocabulary"":""朋友"",""phrasesHard"":null,""imageUrlHard"":""/uploads/images/lesson-6-8-bubble/l6r-frame-1.png"",""listenScript"":null,""promptMedium"":""請用完整句子說明。"",""phrasesMedium"":null,""vocabularyPos"":""N"",""grammarExample"":null,""grammarPattern"":null,""imageUrlMedium"":""/uploads/images/lesson-6-8-bubble/l6r-frame-1.png"",""listenAudioUrl"":null,""vocabularyHard"":""朋友"",""suggestedAnswer"":""我有幾個好朋友。"",""vocabularyCloze"":""[[{\""sentence\"":\""我有幾個好朋友。\"",\""distractors\"":[\""學校\"",\""飯店\""]}]]"",""listenScriptHard"":null,""vocabularyGroups"":null,""vocabularyMedium"":""朋友"",""vocabularyPinyin"":""péngyǒu"",""listenAudioSource"":null,""vocabularyPosHard"":null,""vocabularySynonym"":""[[]]"",""listenAudioUrlHard"":null,""listenScriptMedium"":null,""phrasesTranslation"":null,""suggestedAnswerHard"":""我有幾個很好的朋友。雖然大家平常都很忙，可是有時間的時候，我們常常一起活動。"",""vocabularyAudioUrls"":null,""vocabularyLookalike"":""[[]]"",""vocabularyPosMedium"":null,""listenAudioUrlMedium"":null,""vocabularyPinyinHard"":null,""listenAudioSourceHard"":null,""suggestedAnswerMedium"":""我有幾個很好的朋友，我們常常一起活動。"",""vocabularyDistractors"":""[[]]"",""vocabularyTranslation"":""friend"",""phrasesTranslationHard"":null,""vocabularyPinyinMedium"":null,""listenAudioSourceMedium"":null,""sentenceReferenceCurves"":null,""vocabularyAudioUrlsHard"":null,""phrasesTranslationMedium"":null,""vocabularyAudioUrlsMedium"":null,""vocabularyReferenceCurves"":null,""vocabularyTranslationHard"":null,""sentenceReferenceCurvesHard"":null,""vocabularyTranslationMedium"":null,""sentenceReferenceCurvesMedium"":null,""vocabularyReferenceCurvesHard"":null,""vocabularyReferenceCurvesMedium"":null}"
6,3,modern-chinese-l6-reading,第6課 短文：我的興趣,True,1,/uploads/images/lesson-6-8-bubble/l6r-frame-2.png,請看圖，說出這一句。,請用完整句子說明。,請加上原因或感受。,我們都喜歡學中文、聽音樂、唱歌。,我們都喜歡學中文、聽音樂，也很喜歡唱歌。,我們有很多共同的興趣，都喜歡學中文、聽音樂、唱歌，所以在一起的時候總有很多事可以做。,"音樂,中文,唱歌","music, Chinese, to sing","yīnyuè, zhōngwén, chànggē","N, N, V",,,,,,"{""prompt"":""請看圖，說出這一句。"",""phrases"":null,""imageUrl"":""/uploads/images/lesson-6-8-bubble/l6r-frame-2.png"",""promptHard"":""請加上原因或感受。"",""vocabulary"":""音樂,中文,唱歌"",""phrasesHard"":null,""imageUrlHard"":""/uploads/images/lesson-6-8-bubble/l6r-frame-2.png"",""listenScript"":null,""promptMedium"":""請用完整句子說明。"",""phrasesMedium"":null,""vocabularyPos"":""N, N, V"",""grammarExample"":null,""grammarPattern"":null,""imageUrlMedium"":""/uploads/images/lesson-6-8-bubble/l6r-frame-2.png"",""listenAudioUrl"":null,""vocabularyHard"":""音樂,中文,唱歌"",""suggestedAnswer"":""我們都喜歡學中文、聽音樂、唱歌。"",""vocabularyCloze"":""[[{\""sentence\"":\""我們都喜歡學中文、聽音樂、唱歌。\"",\""distractors\"":[\""朋友\"",\""學校\"",\""飯店\""]}],[{\""sentence\"":\""我們都喜歡學中文、聽音樂、唱歌。\"",\""distractors\"":[\""朋友\"",\""學校\"",\""飯店\""]}],[{\""sentence\"":\""我們都喜歡學中文、聽音樂、唱歌。\"",\""distractors\"":[\""游泳\"",\""跑步\"",\""休息\""]}]]"",""listenScriptHard"":null,""vocabularyGroups"":null,""vocabularyMedium"":""音樂,中文,唱歌"",""vocabularyPinyin"":""yīnyuè, zhōngwén, chànggē"",""listenAudioSource"":null,""vocabularyPosHard"":null,""vocabularySynonym"":""[[],[],[]]"",""listenAudioUrlHard"":null,""listenScriptMedium"":null,""phrasesTranslation"":null,""suggestedAnswerHard"":""我們有很多共同的興趣，都喜歡學中文、聽音樂、唱歌，所以在一起的時候總有很多事可以做。"",""vocabularyAudioUrls"":null,""vocabularyLookalike"":""[[],[],[]]"",""vocabularyPosMedium"":null,""listenAudioUrlMedium"":null,""vocabularyPinyinHard"":null,""listenAudioSourceHard"":null,""suggestedAnswerMedium"":""我們都喜歡學中文、聽音樂，也很喜歡唱歌。"",""vocabularyDistractors"":""[[],[],[]]"",""vocabularyTranslation"":""music, Chinese, to sing"",""phrasesTranslationHard"":null,""vocabularyPinyinMedium"":null,""listenAudioSourceMedium"":null,""sentenceReferenceCurves"":null,""vocabularyAudioUrlsHard"":null,""phrasesTranslationMedium"":null,""vocabularyAudioUrlsMedium"":null,""vocabularyReferenceCurves"":null,""vocabularyTranslationHard"":null,""sentenceReferenceCurvesHard"":null,""vocabularyTranslationMedium"":null,""sentenceReferenceCurvesMedium"":null,""vocabularyReferenceCurvesHard"":null,""vocabularyReferenceCurvesMedium"":null}"
6,3,modern-chinese-l6-reading,第6課 短文：我的興趣,True,2,/uploads/images/lesson-6-8-bubble/l6r-frame-3.png,請看圖，說出這一句。,請用完整句子說明。,請加上原因或感受。,中明最愛唱歌。,中明最愛唱歌，只要有時間就會唱。,中明最愛唱歌，他常常找新的歌來學，也喜歡唱給我們聽。,唱歌,to sing,chànggē,V,,,,,,"{""prompt"":""請看圖，說出這一句。"",""phrases"":null,""imageUrl"":""/uploads/images/lesson-6-8-bubble/l6r-frame-3.png"",""promptHard"":""請加上原因或感受。"",""vocabulary"":""唱歌"",""phrasesHard"":null,""imageUrlHard"":""/uploads/images/lesson-6-8-bubble/l6r-frame-3.png"",""listenScript"":null,""promptMedium"":""請用完整句子說明。"",""phrasesMedium"":null,""vocabularyPos"":""V"",""grammarExample"":null,""grammarPattern"":null,""imageUrlMedium"":""/uploads/images/lesson-6-8-bubble/l6r-frame-3.png"",""listenAudioUrl"":null,""vocabularyHard"":""唱歌"",""suggestedAnswer"":""中明最愛唱歌。"",""vocabularyCloze"":""[[{\""sentence\"":\""中明最愛唱歌。\"",\""distractors\"":[\""游泳\"",\""跑步\"",\""休息\""]}]]"",""listenScriptHard"":null,""vocabularyGroups"":null,""vocabularyMedium"":""唱歌"",""vocabularyPinyin"":""chànggē"",""listenAudioSource"":null,""vocabularyPosHard"":null,""vocabularySynonym"":""[[]]"",""listenAudioUrlHard"":null,""listenScriptMedium"":null,""phrasesTranslation"":null,""suggestedAnswerHard"":""中明最愛唱歌，他常常找新的歌來學，也喜歡唱給我們聽。"",""vocabularyAudioUrls"":null,""vocabularyLookalike"":""[[]]"",""vocabularyPosMedium"":null,""listenAudioUrlMedium"":null,""vocabularyPinyinHard"":null,""listenAudioSourceHard"":null,""suggestedAnswerMedium"":""中明最愛唱歌，只要有時間就會唱。"",""vocabularyDistractors"":""[[]]"",""vocabularyTranslation"":""to sing"",""phrasesTranslationHard"":null,""vocabularyPinyinMedium"":null,""listenAudioSourceMedium"":null,""sentenceReferenceCurves"":null,""vocabularyAudioUrlsHard"":null,""phrasesTranslationMedium"":null,""vocabularyAudioUrlsMedium"":null,""vocabularyReferenceCurves"":null,""vocabularyTranslationHard"":null,""sentenceReferenceCurvesHard"":null,""vocabularyTranslationMedium"":null,""sentenceReferenceCurvesMedium"":null,""vocabularyReferenceCurvesHard"":null,""vocabularyReferenceCurvesMedium"":null}"
6,3,modern-chinese-l6-reading,第6課 短文：我的興趣,True,3,/uploads/images/lesson-6-8-bubble/l6r-frame-4.png,請看圖，說出這一句。,請用完整句子說明。,請加上原因或感受。,他的中文歌唱得很好。,他的中文歌唱得很好，我們都很喜歡聽。,他的中文歌唱得很好，不但發音清楚，而且很有感情，所以大家都喜歡聽。,中文,Chinese,zhōngwén,N,,,,,,"{""prompt"":""請看圖，說出這一句。"",""phrases"":null,""imageUrl"":""/uploads/images/lesson-6-8-bubble/l6r-frame-4.png"",""promptHard"":""請加上原因或感受。"",""vocabulary"":""中文"",""phrasesHard"":null,""imageUrlHard"":""/uploads/images/lesson-6-8-bubble/l6r-frame-4.png"",""listenScript"":null,""promptMedium"":""請用完整句子說明。"",""phrasesMedium"":null,""vocabularyPos"":""N"",""grammarExample"":null,""grammarPattern"":null,""imageUrlMedium"":""/uploads/images/lesson-6-8-bubble/l6r-frame-4.png"",""listenAudioUrl"":null,""vocabularyHard"":""中文"",""suggestedAnswer"":""他的中文歌唱得很好。"",""vocabularyCloze"":""[[{\""sentence\"":\""他的中文歌唱得很好。\"",\""distractors\"":[\""朋友\"",\""學校\"",\""飯店\""]}]]"",""listenScriptHard"":null,""vocabularyGroups"":null,""vocabularyMedium"":""中文"",""vocabularyPinyin"":""zhōngwén"",""listenAudioSource"":null,""vocabularyPosHard"":null,""vocabularySynonym"":""[[]]"",""listenAudioUrlHard"":null,""listenScriptMedium"":null,""phrasesTranslation"":null,""suggestedAnswerHard"":""他的中文歌唱得很好，不但發音清楚，而且很有感情，所以大家都喜歡聽。"",""vocabularyAudioUrls"":null,""vocabularyLookalike"":""[[]]"",""vocabularyPosMedium"":null,""listenAudioUrlMedium"":null,""vocabularyPinyinHard"":null,""listenAudioSourceHard"":null,""suggestedAnswerMedium"":""他的中文歌唱得很好，我們都很喜歡聽。"",""vocabularyDistractors"":""[[]]"",""vocabularyTranslation"":""Chinese"",""phrasesTranslationHard"":null,""vocabularyPinyinMedium"":null,""listenAudioSourceMedium"":null,""sentenceReferenceCurves"":null,""vocabularyAudioUrlsHard"":null,""phrasesTranslationMedium"":null,""vocabularyAudioUrlsMedium"":null,""vocabularyReferenceCurves"":null,""vocabularyTranslationHard"":null,""sentenceReferenceCurvesHard"":null,""vocabularyTranslationMedium"":null,""sentenceReferenceCurvesMedium"":null,""vocabularyReferenceCurvesHard"":null,""vocabularyReferenceCurvesMedium"":null}"
6,3,modern-chinese-l6-reading,第6課 短文：我的興趣,True,4,/uploads/images/lesson-6-8-bubble/l6r-frame-5.png,請看圖，說出這一句。,請用完整句子說明。,請加上原因或感受。,平常我們都有點兒忙。,平常我們都有點兒忙，所以不一定每天見面。,平常我們都有點兒忙，上課和工作很多，所以通常只有有空的時候才見面。,,,,,,,,,,"{""prompt"":""請看圖，說出這一句。"",""phrases"":null,""imageUrl"":""/uploads/images/lesson-6-8-bubble/l6r-frame-5.png"",""promptHard"":""請加上原因或感受。"",""vocabulary"":"""",""phrasesHard"":null,""imageUrlHard"":""/uploads/images/lesson-6-8-bubble/l6r-frame-5.png"",""listenScript"":null,""promptMedium"":""請用完整句子說明。"",""phrasesMedium"":null,""vocabularyPos"":null,""grammarExample"":null,""grammarPattern"":null,""imageUrlMedium"":""/uploads/images/lesson-6-8-bubble/l6r-frame-5.png"",""listenAudioUrl"":null,""vocabularyHard"":"""",""suggestedAnswer"":""平常我們都有點兒忙。"",""vocabularyCloze"":null,""listenScriptHard"":null,""vocabularyGroups"":null,""vocabularyMedium"":"""",""vocabularyPinyin"":null,""listenAudioSource"":null,""vocabularyPosHard"":null,""vocabularySynonym"":null,""listenAudioUrlHard"":null,""listenScriptMedium"":null,""phrasesTranslation"":null,""suggestedAnswerHard"":""平常我們都有點兒忙，上課和工作很多，所以通常只有有空的時候才見面。"",""vocabularyAudioUrls"":null,""vocabularyLookalike"":null,""vocabularyPosMedium"":null,""listenAudioUrlMedium"":null,""vocabularyPinyinHard"":null,""listenAudioSourceHard"":null,""suggestedAnswerMedium"":""平常我們都有點兒忙，所以不一定每天見面。"",""vocabularyDistractors"":null,""vocabularyTranslation"":null,""phrasesTranslationHard"":null,""vocabularyPinyinMedium"":null,""listenAudioSourceMedium"":null,""sentenceReferenceCurves"":null,""vocabularyAudioUrlsHard"":null,""phrasesTranslationMedium"":null,""vocabularyAudioUrlsMedium"":null,""vocabularyReferenceCurves"":null,""vocabularyTranslationHard"":null,""sentenceReferenceCurvesHard"":null,""vocabularyTranslationMedium"":null,""sentenceReferenceCurvesMedium"":null,""vocabularyReferenceCurvesHard"":null,""vocabularyReferenceCurvesMedium"":null}"
6,3,modern-chinese-l6-reading,第6課 短文：我的興趣,True,5,/uploads/images/lesson-6-8-bubble/l6r-frame-6.png,請看圖，說出這一句。,請用完整句子說明。,請加上原因或感受。,可是週末我們常一起去運動。,可是到了週末，我們常一起去運動。,可是到了週末，只要大家有空，我們就常一起去運動，順便聊天和休息。,"運動,週末","exercise, weekend","yùndòng, zhōumò","N, N",,,,,,"{""prompt"":""請看圖，說出這一句。"",""phrases"":null,""imageUrl"":""/uploads/images/lesson-6-8-bubble/l6r-frame-6.png"",""promptHard"":""請加上原因或感受。"",""vocabulary"":""運動,週末"",""phrasesHard"":null,""imageUrlHard"":""/uploads/images/lesson-6-8-bubble/l6r-frame-6.png"",""listenScript"":null,""promptMedium"":""請用完整句子說明。"",""phrasesMedium"":null,""vocabularyPos"":""N, N"",""grammarExample"":null,""grammarPattern"":null,""imageUrlMedium"":""/uploads/images/lesson-6-8-bubble/l6r-frame-6.png"",""listenAudioUrl"":null,""vocabularyHard"":""運動,週末"",""suggestedAnswer"":""可是週末我們常一起去運動。"",""vocabularyCloze"":""[[{\""sentence\"":\""可是週末我們常一起去運動。\"",\""distractors\"":[\""朋友\"",\""學校\"",\""飯店\""]}],[{\""sentence\"":\""可是週末我們常一起去運動。\"",\""distractors\"":[\""朋友\"",\""學校\"",\""飯店\""]}]]"",""listenScriptHard"":null,""vocabularyGroups"":null,""vocabularyMedium"":""運動,週末"",""vocabularyPinyin"":""yùndòng, zhōumò"",""listenAudioSource"":null,""vocabularyPosHard"":null,""vocabularySynonym"":""[[],[]]"",""listenAudioUrlHard"":null,""listenScriptMedium"":null,""phrasesTranslation"":null,""suggestedAnswerHard"":""可是到了週末，只要大家有空，我們就常一起去運動，順便聊天和休息。"",""vocabularyAudioUrls"":null,""vocabularyLookalike"":""[[],[]]"",""vocabularyPosMedium"":null,""listenAudioUrlMedium"":null,""vocabularyPinyinHard"":null,""listenAudioSourceHard"":null,""suggestedAnswerMedium"":""可是到了週末，我們常一起去運動。"",""vocabularyDistractors"":""[[],[]]"",""vocabularyTranslation"":""exercise, weekend"",""phrasesTranslationHard"":null,""vocabularyPinyinMedium"":null,""listenAudioSourceMedium"":null,""sentenceReferenceCurves"":null,""vocabularyAudioUrlsHard"":null,""phrasesTranslationMedium"":null,""vocabularyAudioUrlsMedium"":null,""vocabularyReferenceCurves"":null,""vocabularyTranslationHard"":null,""sentenceReferenceCurvesHard"":null,""vocabularyTranslationMedium"":null,""sentenceReferenceCurvesMedium"":null,""vocabularyReferenceCurvesHard"":null,""vocabularyReferenceCurvesMedium"":null}"
6,3,modern-chinese-l6-reading,第6課 短文：我的興趣,True,6,/uploads/images/lesson-6-8-bubble/l6r-frame-7.png,請看圖，說出這一句。,請用完整句子說明。,請加上原因或感受。,宜文游泳游得不錯。,宜文游泳游得不錯，她常常教我們。,宜文游泳游得不錯，不但速度很快，也很會教剛開始學的人。,游泳,to swim,yóuyǒng,V,,,,,,"{""prompt"":""請看圖，說出這一句。"",""phrases"":null,""imageUrl"":""/uploads/images/lesson-6-8-bubble/l6r-frame-7.png"",""promptHard"":""請加上原因或感受。"",""vocabulary"":""游泳"",""phrasesHard"":null,""imageUrlHard"":""/uploads/images/lesson-6-8-bubble/l6r-frame-7.png"",""listenScript"":null,""promptMedium"":""請用完整句子說明。"",""phrasesMedium"":null,""vocabularyPos"":""V"",""grammarExample"":null,""grammarPattern"":null,""imageUrlMedium"":""/uploads/images/lesson-6-8-bubble/l6r-frame-7.png"",""listenAudioUrl"":null,""vocabularyHard"":""游泳"",""suggestedAnswer"":""宜文游泳游得不錯。"",""vocabularyCloze"":""[[{\""sentence\"":\""宜文游泳游得不錯。\"",\""distractors\"":[\""跑步\"",\""休息\""]}]]"",""listenScriptHard"":null,""vocabularyGroups"":null,""vocabularyMedium"":""游泳"",""vocabularyPinyin"":""yóuyǒng"",""listenAudioSource"":null,""vocabularyPosHard"":null,""vocabularySynonym"":""[[]]"",""listenAudioUrlHard"":null,""listenScriptMedium"":null,""phrasesTranslation"":null,""suggestedAnswerHard"":""宜文游泳游得不錯，不但速度很快，也很會教剛開始學的人。"",""vocabularyAudioUrls"":null,""vocabularyLookalike"":""[[]]"",""vocabularyPosMedium"":null,""listenAudioUrlMedium"":null,""vocabularyPinyinHard"":null,""listenAudioSourceHard"":null,""suggestedAnswerMedium"":""宜文游泳游得不錯，她常常教我們。"",""vocabularyDistractors"":""[[]]"",""vocabularyTranslation"":""to swim"",""phrasesTranslationHard"":null,""vocabularyPinyinMedium"":null,""listenAudioSourceMedium"":null,""sentenceReferenceCurves"":null,""vocabularyAudioUrlsHard"":null,""phrasesTranslationMedium"":null,""vocabularyAudioUrlsMedium"":null,""vocabularyReferenceCurves"":null,""vocabularyTranslationHard"":null,""sentenceReferenceCurvesHard"":null,""vocabularyTranslationMedium"":null,""sentenceReferenceCurvesMedium"":null,""vocabularyReferenceCurvesHard"":null,""vocabularyReferenceCurvesMedium"":null}"
6,3,modern-chinese-l6-reading,第6課 短文：我的興趣,True,7,/uploads/images/lesson-6-8-bubble/l6r-frame-8.png,請看圖，說出這一句。,請用完整句子說明。,請加上原因或感受。,國安的籃球打得很好。,國安的籃球打得很好，我們常看他打球。,國安的籃球打得很好，他投籃很準，也很會跟別人合作。,,,,,,,,,,"{""prompt"":""請看圖，說出這一句。"",""phrases"":null,""imageUrl"":""/uploads/images/lesson-6-8-bubble/l6r-frame-8.png"",""promptHard"":""請加上原因或感受。"",""vocabulary"":"""",""phrasesHard"":null,""imageUrlHard"":""/uploads/images/lesson-6-8-bubble/l6r-frame-8.png"",""listenScript"":null,""promptMedium"":""請用完整句子說明。"",""phrasesMedium"":null,""vocabularyPos"":null,""grammarExample"":null,""grammarPattern"":null,""imageUrlMedium"":""/uploads/images/lesson-6-8-bubble/l6r-frame-8.png"",""listenAudioUrl"":null,""vocabularyHard"":"""",""suggestedAnswer"":""國安的籃球打得很好。"",""vocabularyCloze"":null,""listenScriptHard"":null,""vocabularyGroups"":null,""vocabularyMedium"":"""",""vocabularyPinyin"":null,""listenAudioSource"":null,""vocabularyPosHard"":null,""vocabularySynonym"":null,""listenAudioUrlHard"":null,""listenScriptMedium"":null,""phrasesTranslation"":null,""suggestedAnswerHard"":""國安的籃球打得很好，他投籃很準，也很會跟別人合作。"",""vocabularyAudioUrls"":null,""vocabularyLookalike"":null,""vocabularyPosMedium"":null,""listenAudioUrlMedium"":null,""vocabularyPinyinHard"":null,""listenAudioSourceHard"":null,""suggestedAnswerMedium"":""國安的籃球打得很好，我們常看他打球。"",""vocabularyDistractors"":null,""vocabularyTranslation"":null,""phrasesTranslationHard"":null,""vocabularyPinyinMedium"":null,""listenAudioSourceMedium"":null,""sentenceReferenceCurves"":null,""vocabularyAudioUrlsHard"":null,""phrasesTranslationMedium"":null,""vocabularyAudioUrlsMedium"":null,""vocabularyReferenceCurves"":null,""vocabularyTranslationHard"":null,""sentenceReferenceCurvesHard"":null,""vocabularyTranslationMedium"":null,""sentenceReferenceCurvesMedium"":null,""vocabularyReferenceCurvesHard"":null,""vocabularyReferenceCurvesMedium"":null}"
6,3,modern-chinese-l6-reading,第6課 短文：我的興趣,True,8,/uploads/images/lesson-6-8-bubble/l6r-frame-9.png,請看圖，說出這一句。,請用完整句子說明。,請加上原因或感受。,我喜歡打網球。,我喜歡打網球，有空的時候就會去打。,我最喜歡打網球，因為一邊運動一邊和朋友比賽，讓我覺得很有趣。,網球,tennis,wǎngqiú,N,,,,,,"{""prompt"":""請看圖，說出這一句。"",""phrases"":null,""imageUrl"":""/uploads/images/lesson-6-8-bubble/l6r-frame-9.png"",""promptHard"":""請加上原因或感受。"",""vocabulary"":""網球"",""phrasesHard"":null,""imageUrlHard"":""/uploads/images/lesson-6-8-bubble/l6r-frame-9.png"",""listenScript"":null,""promptMedium"":""請用完整句子說明。"",""phrasesMedium"":null,""vocabularyPos"":""N"",""grammarExample"":null,""grammarPattern"":null,""imageUrlMedium"":""/uploads/images/lesson-6-8-bubble/l6r-frame-9.png"",""listenAudioUrl"":null,""vocabularyHard"":""網球"",""suggestedAnswer"":""我喜歡打網球。"",""vocabularyCloze"":""[[{\""sentence\"":\""我喜歡打網球。\"",\""distractors\"":[\""朋友\"",\""學校\"",\""飯店\""]}]]"",""listenScriptHard"":null,""vocabularyGroups"":null,""vocabularyMedium"":""網球"",""vocabularyPinyin"":""wǎngqiú"",""listenAudioSource"":null,""vocabularyPosHard"":null,""vocabularySynonym"":""[[]]"",""listenAudioUrlHard"":null,""listenScriptMedium"":null,""phrasesTranslation"":null,""suggestedAnswerHard"":""我最喜歡打網球，因為一邊運動一邊和朋友比賽，讓我覺得很有趣。"",""vocabularyAudioUrls"":null,""vocabularyLookalike"":""[[]]"",""vocabularyPosMedium"":null,""listenAudioUrlMedium"":null,""vocabularyPinyinHard"":null,""listenAudioSourceHard"":null,""suggestedAnswerMedium"":""我喜歡打網球，有空的時候就會去打。"",""vocabularyDistractors"":""[[]]"",""vocabularyTranslation"":""tennis"",""phrasesTranslationHard"":null,""vocabularyPinyinMedium"":null,""listenAudioSourceMedium"":null,""sentenceReferenceCurves"":null,""vocabularyAudioUrlsHard"":null,""phrasesTranslationMedium"":null,""vocabularyAudioUrlsMedium"":null,""vocabularyReferenceCurves"":null,""vocabularyTranslationHard"":null,""sentenceReferenceCurvesHard"":null,""vocabularyTranslationMedium"":null,""sentenceReferenceCurvesMedium"":null,""vocabularyReferenceCurvesHard"":null,""vocabularyReferenceCurvesMedium"":null}"
6,3,modern-chinese-l6-reading,第6課 短文：我的興趣,True,9,/uploads/images/lesson-6-8-bubble/l6r-frame-10.png,請看圖，說出這一句。,請用完整句子說明。,請加上原因或感受。,有時候我們也一起去看運動比賽。,有時候我們也一起去看運動比賽，替喜歡的隊加油。,除了自己運動以外，有時候我們也一起去看運動比賽，大家一邊看一邊聊天，非常熱鬧。,運動,exercise,yùndòng,N,,,,,,"{""prompt"":""請看圖，說出這一句。"",""phrases"":null,""imageUrl"":""/uploads/images/lesson-6-8-bubble/l6r-frame-10.png"",""promptHard"":""請加上原因或感受。"",""vocabulary"":""運動"",""phrasesHard"":null,""imageUrlHard"":""/uploads/images/lesson-6-8-bubble/l6r-frame-10.png"",""listenScript"":null,""promptMedium"":""請用完整句子說明。"",""phrasesMedium"":null,""vocabularyPos"":""N"",""grammarExample"":null,""grammarPattern"":null,""imageUrlMedium"":""/uploads/images/lesson-6-8-bubble/l6r-frame-10.png"",""listenAudioUrl"":null,""vocabularyHard"":""運動"",""suggestedAnswer"":""有時候我們也一起去看運動比賽。"",""vocabularyCloze"":""[[{\""sentence\"":\""有時候我們也一起去看運動比賽。\"",\""distractors\"":[\""朋友\"",\""學校\"",\""飯店\""]}]]"",""listenScriptHard"":null,""vocabularyGroups"":null,""vocabularyMedium"":""運動"",""vocabularyPinyin"":""yùndòng"",""listenAudioSource"":null,""vocabularyPosHard"":null,""vocabularySynonym"":""[[]]"",""listenAudioUrlHard"":null,""listenScriptMedium"":null,""phrasesTranslation"":null,""suggestedAnswerHard"":""除了自己運動以外，有時候我們也一起去看運動比賽，大家一邊看一邊聊天，非常熱鬧。"",""vocabularyAudioUrls"":null,""vocabularyLookalike"":""[[]]"",""vocabularyPosMedium"":null,""listenAudioUrlMedium"":null,""vocabularyPinyinHard"":null,""listenAudioSourceHard"":null,""suggestedAnswerMedium"":""有時候我們也一起去看運動比賽，替喜歡的隊加油。"",""vocabularyDistractors"":""[[]]"",""vocabularyTranslation"":""exercise"",""phrasesTranslationHard"":null,""vocabularyPinyinMedium"":null,""listenAudioSourceMedium"":null,""sentenceReferenceCurves"":null,""vocabularyAudioUrlsHard"":null,""phrasesTranslationMedium"":null,""vocabularyAudioUrlsMedium"":null,""vocabularyReferenceCurves"":null,""vocabularyTranslationHard"":null,""sentenceReferenceCurvesHard"":null,""vocabularyTranslationMedium"":null,""sentenceReferenceCurvesMedium"":null,""vocabularyReferenceCurvesHard"":null,""vocabularyReferenceCurvesMedium"":null}"
6,3,modern-chinese-l6-reading,第6課 短文：我的興趣,True,10,/uploads/images/lesson-6-8-bubble/l6r-frame-11.png,請看圖，說出這一句。,請用完整句子說明。,請加上原因或感受。,有這幾個好朋友，我真高興！,有這幾個好朋友，我真的覺得很高興！,有這幾個好朋友，我真高興！我們興趣相近，也常常互相陪伴，所以週末總是很開心。,朋友,friend,péngyǒu,N,,,,,,"{""prompt"":""請看圖，說出這一句。"",""phrases"":null,""imageUrl"":""/uploads/images/lesson-6-8-bubble/l6r-frame-11.png"",""promptHard"":""請加上原因或感受。"",""vocabulary"":""朋友"",""phrasesHard"":null,""imageUrlHard"":""/uploads/images/lesson-6-8-bubble/l6r-frame-11.png"",""listenScript"":null,""promptMedium"":""請用完整句子說明。"",""phrasesMedium"":null,""vocabularyPos"":""N"",""grammarExample"":null,""grammarPattern"":null,""imageUrlMedium"":""/uploads/images/lesson-6-8-bubble/l6r-frame-11.png"",""listenAudioUrl"":null,""vocabularyHard"":""朋友"",""suggestedAnswer"":""有這幾個好朋友，我真高興！"",""vocabularyCloze"":""[[{\""sentence\"":\""有這幾個好朋友，我真高興！\"",\""distractors\"":[\""學校\"",\""飯店\""]}]]"",""listenScriptHard"":null,""vocabularyGroups"":null,""vocabularyMedium"":""朋友"",""vocabularyPinyin"":""péngyǒu"",""listenAudioSource"":null,""vocabularyPosHard"":null,""vocabularySynonym"":""[[]]"",""listenAudioUrlHard"":null,""listenScriptMedium"":null,""phrasesTranslation"":null,""suggestedAnswerHard"":""有這幾個好朋友，我真高興！我們興趣相近，也常常互相陪伴，所以週末總是很開心。"",""vocabularyAudioUrls"":null,""vocabularyLookalike"":""[[]]"",""vocabularyPosMedium"":null,""listenAudioUrlMedium"":null,""vocabularyPinyinHard"":null,""listenAudioSourceHard"":null,""suggestedAnswerMedium"":""有這幾個好朋友，我真的覺得很高興！"",""vocabularyDistractors"":""[[]]"",""vocabularyTranslation"":""friend"",""phrasesTranslationHard"":null,""vocabularyPinyinMedium"":null,""listenAudioSourceMedium"":null,""sentenceReferenceCurves"":null,""vocabularyAudioUrlsHard"":null,""phrasesTranslationMedium"":null,""vocabularyAudioUrlsMedium"":null,""vocabularyReferenceCurves"":null,""vocabularyTranslationHard"":null,""sentenceReferenceCurvesHard"":null,""vocabularyTranslationMedium"":null,""sentenceReferenceCurvesMedium"":null,""vocabularyReferenceCurvesHard"":null,""vocabularyReferenceCurvesMedium"":null}"
7,1,modern-chinese-l7-dialogue-1,第7課 對話一：怎麼去天美飯店？,True,0,/uploads/images/lesson-6-8-full-v3-final/l7d1-1.png,請看圖，說出這一句。,請用完整句子說明。,請加上原因或感受。,友美：元真，我們明天幾點去找你的韓國朋友？,友美：元真，我們明天幾點去找你的韓國朋友？要不要早一點出發？,友美：元真，我們明天幾點去找你的韓國朋友？我怕路上花時間，所以想先確認出發的時間。,朋友,friend,péngyǒu,N,,,,,,"{""prompt"":""請看圖，說出這一句。"",""phrases"":null,""imageUrl"":""/uploads/images/lesson-6-8-full-v3-final/l7d1-1.png"",""promptHard"":""請加上原因或感受。"",""vocabulary"":""朋友"",""phrasesHard"":null,""imageUrlHard"":""/uploads/images/lesson-6-8-full-v3-final/l7d1-1.png"",""listenScript"":null,""promptMedium"":""請用完整句子說明。"",""phrasesMedium"":null,""vocabularyPos"":""N"",""grammarExample"":null,""grammarPattern"":null,""imageUrlMedium"":""/uploads/images/lesson-6-8-full-v3-final/l7d1-1.png"",""listenAudioUrl"":null,""vocabularyHard"":""朋友"",""suggestedAnswer"":""友美：元真，我們明天幾點去找你的韓國朋友？"",""vocabularyCloze"":""[[{\""sentence\"":\""友美：元真，我們明天幾點去找你的韓國朋友？\"",\""distractors\"":[\""學校\"",\""飯店\""]}]]"",""listenScriptHard"":null,""vocabularyGroups"":null,""vocabularyMedium"":""朋友"",""vocabularyPinyin"":""péngyǒu"",""listenAudioSource"":null,""vocabularyPosHard"":null,""vocabularySynonym"":""[[]]"",""listenAudioUrlHard"":null,""listenScriptMedium"":null,""phrasesTranslation"":null,""suggestedAnswerHard"":""友美：元真，我們明天幾點去找你的韓國朋友？我怕路上花時間，所以想先確認出發的時間。"",""vocabularyAudioUrls"":null,""vocabularyLookalike"":""[[]]"",""vocabularyPosMedium"":null,""listenAudioUrlMedium"":null,""vocabularyPinyinHard"":null,""listenAudioSourceHard"":null,""suggestedAnswerMedium"":""友美：元真，我們明天幾點去找你的韓國朋友？要不要早一點出發？"",""vocabularyDistractors"":""[[]]"",""vocabularyTranslation"":""friend"",""phrasesTranslationHard"":null,""vocabularyPinyinMedium"":null,""listenAudioSourceMedium"":null,""sentenceReferenceCurves"":null,""vocabularyAudioUrlsHard"":null,""phrasesTranslationMedium"":null,""vocabularyAudioUrlsMedium"":null,""vocabularyReferenceCurves"":null,""vocabularyTranslationHard"":null,""sentenceReferenceCurvesHard"":null,""vocabularyTranslationMedium"":null,""sentenceReferenceCurvesMedium"":null,""vocabularyReferenceCurvesHard"":null,""vocabularyReferenceCurvesMedium"":null}"
7,1,modern-chinese-l7-dialogue-1,第7課 對話一：怎麼去天美飯店？,True,1,/uploads/images/lesson-6-8-full-v3-final/l7d1-2.png,請看圖，說出這一句。,請用完整句子說明。,請加上原因或感受。,元真：我們下午四點要到天美飯店，她在那裡等我們。,元真：我們下午四點要到天美飯店，她會在那裡等我們。,元真：我們下午四點以前要到天美飯店，因為她會在那裡等我們，所以最好不要遲到。,飯店,hotel,fàndiàn,N,,,,,,"{""prompt"":""請看圖，說出這一句。"",""phrases"":null,""imageUrl"":""/uploads/images/lesson-6-8-full-v3-final/l7d1-2.png"",""promptHard"":""請加上原因或感受。"",""vocabulary"":""飯店"",""phrasesHard"":null,""imageUrlHard"":""/uploads/images/lesson-6-8-full-v3-final/l7d1-2.png"",""listenScript"":null,""promptMedium"":""請用完整句子說明。"",""phrasesMedium"":null,""vocabularyPos"":""N"",""grammarExample"":null,""grammarPattern"":null,""imageUrlMedium"":""/uploads/images/lesson-6-8-full-v3-final/l7d1-2.png"",""listenAudioUrl"":null,""vocabularyHard"":""飯店"",""suggestedAnswer"":""元真：我們下午四點要到天美飯店，她在那裡等我們。"",""vocabularyCloze"":""[[{\""sentence\"":\""元真：我們下午四點要到天美飯店，她在那裡等我們。\"",\""distractors\"":[\""朋友\"",\""學校\""]}]]"",""listenScriptHard"":null,""vocabularyGroups"":null,""vocabularyMedium"":""飯店"",""vocabularyPinyin"":""fàndiàn"",""listenAudioSource"":null,""vocabularyPosHard"":null,""vocabularySynonym"":""[[]]"",""listenAudioUrlHard"":null,""listenScriptMedium"":null,""phrasesTranslation"":null,""suggestedAnswerHard"":""元真：我們下午四點以前要到天美飯店，因為她會在那裡等我們，所以最好不要遲到。"",""vocabularyAudioUrls"":null,""vocabularyLookalike"":""[[]]"",""vocabularyPosMedium"":null,""listenAudioUrlMedium"":null,""vocabularyPinyinHard"":null,""listenAudioSourceHard"":null,""suggestedAnswerMedium"":""元真：我們下午四點要到天美飯店，她會在那裡等我們。"",""vocabularyDistractors"":""[[]]"",""vocabularyTranslation"":""hotel"",""phrasesTranslationHard"":null,""vocabularyPinyinMedium"":null,""listenAudioSourceMedium"":null,""sentenceReferenceCurves"":null,""vocabularyAudioUrlsHard"":null,""phrasesTranslationMedium"":null,""vocabularyAudioUrlsMedium"":null,""vocabularyReferenceCurves"":null,""vocabularyTranslationHard"":null,""sentenceReferenceCurvesHard"":null,""vocabularyTranslationMedium"":null,""sentenceReferenceCurvesMedium"":null,""vocabularyReferenceCurvesHard"":null,""vocabularyReferenceCurvesMedium"":null}"
7,1,modern-chinese-l7-dialogue-1,第7課 對話一：怎麼去天美飯店？,True,2,/uploads/images/lesson-6-8-full-v3-final/l7d1-3.png,請看圖，說出這一句。,請用完整句子說明。,請加上原因或感受。,友美：我們要怎麼去？坐捷運還是坐公車？,友美：那我們要怎麼去？坐捷運比較快，還是坐公車比較方便？,友美：我們要怎麼去比較好？坐捷運可能比較快，坐公車也很方便，你比較想坐哪一個？,"捷運,公車","MRT, bus","jiéyùn, gōngchē","N, N",,,,,,"{""prompt"":""請看圖，說出這一句。"",""phrases"":null,""imageUrl"":""/uploads/images/lesson-6-8-full-v3-final/l7d1-3.png"",""promptHard"":""請加上原因或感受。"",""vocabulary"":""捷運,公車"",""phrasesHard"":null,""imageUrlHard"":""/uploads/images/lesson-6-8-full-v3-final/l7d1-3.png"",""listenScript"":null,""promptMedium"":""請用完整句子說明。"",""phrasesMedium"":null,""vocabularyPos"":""N, N"",""grammarExample"":null,""grammarPattern"":null,""imageUrlMedium"":""/uploads/images/lesson-6-8-full-v3-final/l7d1-3.png"",""listenAudioUrl"":null,""vocabularyHard"":""捷運,公車"",""suggestedAnswer"":""友美：我們要怎麼去？坐捷運還是坐公車？"",""vocabularyCloze"":""[[{\""sentence\"":\""友美：我們要怎麼去？坐捷運還是坐公車？\"",\""distractors\"":[\""朋友\"",\""學校\"",\""飯店\""]}],[{\""sentence\"":\""友美：我們要怎麼去？坐捷運還是坐公車？\"",\""distractors\"":[\""朋友\"",\""學校\"",\""飯店\""]}]]"",""listenScriptHard"":null,""vocabularyGroups"":null,""vocabularyMedium"":""捷運,公車"",""vocabularyPinyin"":""jiéyùn, gōngchē"",""listenAudioSource"":null,""vocabularyPosHard"":null,""vocabularySynonym"":""[[],[]]"",""listenAudioUrlHard"":null,""listenScriptMedium"":null,""phrasesTranslation"":null,""suggestedAnswerHard"":""友美：我們要怎麼去比較好？坐捷運可能比較快，坐公車也很方便，你比較想坐哪一個？"",""vocabularyAudioUrls"":null,""vocabularyLookalike"":""[[],[]]"",""vocabularyPosMedium"":null,""listenAudioUrlMedium"":null,""vocabularyPinyinHard"":null,""listenAudioSourceHard"":null,""suggestedAnswerMedium"":""友美：那我們要怎麼去？坐捷運比較快，還是坐公車比較方便？"",""vocabularyDistractors"":""[[],[]]"",""vocabularyTranslation"":""MRT, bus"",""phrasesTranslationHard"":null,""vocabularyPinyinMedium"":null,""listenAudioSourceMedium"":null,""sentenceReferenceCurves"":null,""vocabularyAudioUrlsHard"":null,""phrasesTranslationMedium"":null,""vocabularyAudioUrlsMedium"":null,""vocabularyReferenceCurves"":null,""vocabularyTranslationHard"":null,""sentenceReferenceCurvesHard"":null,""vocabularyTranslationMedium"":null,""sentenceReferenceCurvesMedium"":null,""vocabularyReferenceCurvesHard"":null,""vocabularyReferenceCurvesMedium"":null}"
7,1,modern-chinese-l7-dialogue-1,第7課 對話一：怎麼去天美飯店？,True,3,/uploads/images/lesson-6-8-full-v3-final/l7d1-4.png,請看圖，說出這一句。,請用完整句子說明。,請加上原因或感受。,元真：聽說那家飯店不遠，我想我們可以從學校走路去。,元真：聽說那家飯店離這裡不遠，我想我們可以從學校直接走路去。,元真：我聽同學說那家飯店離學校不遠，如果天氣不錯，我想我們可以從學校走路去，還可以看看附近。,"飯店,學校,走路","hotel, school, to walk","fàndiàn, xuéxiào, zǒulù","N, N, V",,,,,,"{""prompt"":""請看圖，說出這一句。"",""phrases"":null,""imageUrl"":""/uploads/images/lesson-6-8-full-v3-final/l7d1-4.png"",""promptHard"":""請加上原因或感受。"",""vocabulary"":""飯店,學校,走路"",""phrasesHard"":null,""imageUrlHard"":""/uploads/images/lesson-6-8-full-v3-final/l7d1-4.png"",""listenScript"":null,""promptMedium"":""請用完整句子說明。"",""phrasesMedium"":null,""vocabularyPos"":""N, N, V"",""grammarExample"":null,""grammarPattern"":null,""imageUrlMedium"":""/uploads/images/lesson-6-8-full-v3-final/l7d1-4.png"",""listenAudioUrl"":null,""vocabularyHard"":""飯店,學校,走路"",""suggestedAnswer"":""元真：聽說那家飯店不遠，我想我們可以從學校走路去。"",""vocabularyCloze"":""[[{\""sentence\"":\""元真：聽說那家飯店不遠，我想我們可以從學校走路去。\"",\""distractors\"":[\""朋友\"",\""學校\""]}],[{\""sentence\"":\""元真：聽說那家飯店不遠，我想我們可以從學校走路去。\"",\""distractors\"":[\""朋友\"",\""飯店\""]}],[{\""sentence\"":\""元真：聽說那家飯店不遠，我想我們可以從學校走路去。\"",\""distractors\"":[\""游泳\"",\""跑步\"",\""休息\""]}]]"",""listenScriptHard"":null,""vocabularyGroups"":null,""vocabularyMedium"":""飯店,學校,走路"",""vocabularyPinyin"":""fàndiàn, xuéxiào, zǒulù"",""listenAudioSource"":null,""vocabularyPosHard"":null,""vocabularySynonym"":""[[],[],[]]"",""listenAudioUrlHard"":null,""listenScriptMedium"":null,""phrasesTranslation"":null,""suggestedAnswerHard"":""元真：我聽同學說那家飯店離學校不遠，如果天氣不錯，我想我們可以從學校走路去，還可以看看附近。"",""vocabularyAudioUrls"":null,""vocabularyLookalike"":""[[],[],[]]"",""vocabularyPosMedium"":null,""listenAudioUrlMedium"":null,""vocabularyPinyinHard"":null,""listenAudioSourceHard"":null,""suggestedAnswerMedium"":""元真：聽說那家飯店離這裡不遠，我想我們可以從學校直接走路去。"",""vocabularyDistractors"":""[[],[],[]]"",""vocabularyTranslation"":""hotel, school, to walk"",""phrasesTranslationHard"":null,""vocabularyPinyinMedium"":null,""listenAudioSourceMedium"":null,""sentenceReferenceCurves"":null,""vocabularyAudioUrlsHard"":null,""phrasesTranslationMedium"":null,""vocabularyAudioUrlsMedium"":null,""vocabularyReferenceCurves"":null,""vocabularyTranslationHard"":null,""sentenceReferenceCurvesHard"":null,""vocabularyTranslationMedium"":null,""sentenceReferenceCurvesMedium"":null,""vocabularyReferenceCurvesHard"":null,""vocabularyReferenceCurvesMedium"":null}"
7,1,modern-chinese-l7-dialogue-1,第7課 對話一：怎麼去天美飯店？,True,4,/uploads/images/lesson-6-8-full-v3-final/l7d1-5.png,請看圖，說出這一句。,請用完整句子說明。,請加上原因或感受。,友美：可是我不知道怎麼走，你知道嗎？,友美：可是我不知道怎麼走，你知道去飯店的路嗎？,友美：可是我不知道怎麼走，而且附近的路我不熟。你知道從學校到飯店要怎麼走嗎？,,,,,,,,,,"{""prompt"":""請看圖，說出這一句。"",""phrases"":null,""imageUrl"":""/uploads/images/lesson-6-8-full-v3-final/l7d1-5.png"",""promptHard"":""請加上原因或感受。"",""vocabulary"":"""",""phrasesHard"":null,""imageUrlHard"":""/uploads/images/lesson-6-8-full-v3-final/l7d1-5.png"",""listenScript"":null,""promptMedium"":""請用完整句子說明。"",""phrasesMedium"":null,""vocabularyPos"":null,""grammarExample"":null,""grammarPattern"":null,""imageUrlMedium"":""/uploads/images/lesson-6-8-full-v3-final/l7d1-5.png"",""listenAudioUrl"":null,""vocabularyHard"":"""",""suggestedAnswer"":""友美：可是我不知道怎麼走，你知道嗎？"",""vocabularyCloze"":null,""listenScriptHard"":null,""vocabularyGroups"":null,""vocabularyMedium"":"""",""vocabularyPinyin"":null,""listenAudioSource"":null,""vocabularyPosHard"":null,""vocabularySynonym"":null,""listenAudioUrlHard"":null,""listenScriptMedium"":null,""phrasesTranslation"":null,""suggestedAnswerHard"":""友美：可是我不知道怎麼走，而且附近的路我不熟。你知道從學校到飯店要怎麼走嗎？"",""vocabularyAudioUrls"":null,""vocabularyLookalike"":null,""vocabularyPosMedium"":null,""listenAudioUrlMedium"":null,""vocabularyPinyinHard"":null,""listenAudioSourceHard"":null,""suggestedAnswerMedium"":""友美：可是我不知道怎麼走，你知道去飯店的路嗎？"",""vocabularyDistractors"":null,""vocabularyTranslation"":null,""phrasesTranslationHard"":null,""vocabularyPinyinMedium"":null,""listenAudioSourceMedium"":null,""sentenceReferenceCurves"":null,""vocabularyAudioUrlsHard"":null,""phrasesTranslationMedium"":null,""vocabularyAudioUrlsMedium"":null,""vocabularyReferenceCurves"":null,""vocabularyTranslationHard"":null,""sentenceReferenceCurvesHard"":null,""vocabularyTranslationMedium"":null,""sentenceReferenceCurvesMedium"":null,""vocabularyReferenceCurvesHard"":null,""vocabularyReferenceCurvesMedium"":null}"
7,1,modern-chinese-l7-dialogue-1,第7課 對話一：怎麼去天美飯店？,True,5,/uploads/images/lesson-6-8-full-v3-final/l7d1-6.png,請看圖，說出這一句。,請用完整句子說明。,請加上原因或感受。,元真：我也不知道。我們可以先上網看地圖。,元真：我也不知道。我們可以先上網看地圖，再決定怎麼去。,元真：我也不太清楚。不過我們可以先上網看地圖，看看距離和路線，再決定走路還是坐車。,地圖,map,dìtú,N,,,,,,"{""prompt"":""請看圖，說出這一句。"",""phrases"":null,""imageUrl"":""/uploads/images/lesson-6-8-full-v3-final/l7d1-6.png"",""promptHard"":""請加上原因或感受。"",""vocabulary"":""地圖"",""phrasesHard"":null,""imageUrlHard"":""/uploads/images/lesson-6-8-full-v3-final/l7d1-6.png"",""listenScript"":null,""promptMedium"":""請用完整句子說明。"",""phrasesMedium"":null,""vocabularyPos"":""N"",""grammarExample"":null,""grammarPattern"":null,""imageUrlMedium"":""/uploads/images/lesson-6-8-full-v3-final/l7d1-6.png"",""listenAudioUrl"":null,""vocabularyHard"":""地圖"",""suggestedAnswer"":""元真：我也不知道。我們可以先上網看地圖。"",""vocabularyCloze"":""[[{\""sentence\"":\""元真：我也不知道。我們可以先上網看地圖。\"",\""distractors\"":[\""朋友\"",\""學校\"",\""飯店\""]}]]"",""listenScriptHard"":null,""vocabularyGroups"":null,""vocabularyMedium"":""地圖"",""vocabularyPinyin"":""dìtú"",""listenAudioSource"":null,""vocabularyPosHard"":null,""vocabularySynonym"":""[[]]"",""listenAudioUrlHard"":null,""listenScriptMedium"":null,""phrasesTranslation"":null,""suggestedAnswerHard"":""元真：我也不太清楚。不過我們可以先上網看地圖，看看距離和路線，再決定走路還是坐車。"",""vocabularyAudioUrls"":null,""vocabularyLookalike"":""[[]]"",""vocabularyPosMedium"":null,""listenAudioUrlMedium"":null,""vocabularyPinyinHard"":null,""listenAudioSourceHard"":null,""suggestedAnswerMedium"":""元真：我也不知道。我們可以先上網看地圖，再決定怎麼去。"",""vocabularyDistractors"":""[[]]"",""vocabularyTranslation"":""map"",""phrasesTranslationHard"":null,""vocabularyPinyinMedium"":null,""listenAudioSourceMedium"":null,""sentenceReferenceCurves"":null,""vocabularyAudioUrlsHard"":null,""phrasesTranslationMedium"":null,""vocabularyAudioUrlsMedium"":null,""vocabularyReferenceCurves"":null,""vocabularyTranslationHard"":null,""sentenceReferenceCurvesHard"":null,""vocabularyTranslationMedium"":null,""sentenceReferenceCurvesMedium"":null,""vocabularyReferenceCurvesHard"":null,""vocabularyReferenceCurvesMedium"":null}"
7,1,modern-chinese-l7-dialogue-1,第7課 對話一：怎麼去天美飯店？,True,6,/uploads/images/lesson-6-8-full-v3-final/l7d1-7.png,請看圖，說出這一句。,請用完整句子說明。,請加上原因或感受。,友美：啊！上課了！我們先上課吧。,友美：啊！已經上課了！我們先上課，下課以後再看吧。,友美：啊！上課了！我們先上課吧，不然要遲到了。下課以後再一起看地圖。,,,,,,,,,,"{""prompt"":""請看圖，說出這一句。"",""phrases"":null,""imageUrl"":""/uploads/images/lesson-6-8-full-v3-final/l7d1-7.png"",""promptHard"":""請加上原因或感受。"",""vocabulary"":"""",""phrasesHard"":null,""imageUrlHard"":""/uploads/images/lesson-6-8-full-v3-final/l7d1-7.png"",""listenScript"":null,""promptMedium"":""請用完整句子說明。"",""phrasesMedium"":null,""vocabularyPos"":null,""grammarExample"":null,""grammarPattern"":null,""imageUrlMedium"":""/uploads/images/lesson-6-8-full-v3-final/l7d1-7.png"",""listenAudioUrl"":null,""vocabularyHard"":"""",""suggestedAnswer"":""友美：啊！上課了！我們先上課吧。"",""vocabularyCloze"":null,""listenScriptHard"":null,""vocabularyGroups"":null,""vocabularyMedium"":"""",""vocabularyPinyin"":null,""listenAudioSource"":null,""vocabularyPosHard"":null,""vocabularySynonym"":null,""listenAudioUrlHard"":null,""listenScriptMedium"":null,""phrasesTranslation"":null,""suggestedAnswerHard"":""友美：啊！上課了！我們先上課吧，不然要遲到了。下課以後再一起看地圖。"",""vocabularyAudioUrls"":null,""vocabularyLookalike"":null,""vocabularyPosMedium"":null,""listenAudioUrlMedium"":null,""vocabularyPinyinHard"":null,""listenAudioSourceHard"":null,""suggestedAnswerMedium"":""友美：啊！已經上課了！我們先上課，下課以後再看吧。"",""vocabularyDistractors"":null,""vocabularyTranslation"":null,""phrasesTranslationHard"":null,""vocabularyPinyinMedium"":null,""listenAudioSourceMedium"":null,""sentenceReferenceCurves"":null,""vocabularyAudioUrlsHard"":null,""phrasesTranslationMedium"":null,""vocabularyAudioUrlsMedium"":null,""vocabularyReferenceCurves"":null,""vocabularyTranslationHard"":null,""sentenceReferenceCurvesHard"":null,""vocabularyTranslationMedium"":null,""sentenceReferenceCurvesMedium"":null,""vocabularyReferenceCurvesHard"":null,""vocabularyReferenceCurvesMedium"":null}"
7,1,modern-chinese-l7-dialogue-1,第7課 對話一：怎麼去天美飯店？,True,7,/uploads/images/lesson-6-8-full-v3-final/l7d1-8.png,請看圖，說出這一句。,請用完整句子說明。,請加上原因或感受。,元真：好。,元真：好，那我們下課再一起看。,元真：好，我們先上課。下課以後我再把飯店的地址找出來。,,,,,,,,,,"{""prompt"":""請看圖，說出這一句。"",""phrases"":null,""imageUrl"":""/uploads/images/lesson-6-8-full-v3-final/l7d1-8.png"",""promptHard"":""請加上原因或感受。"",""vocabulary"":"""",""phrasesHard"":null,""imageUrlHard"":""/uploads/images/lesson-6-8-full-v3-final/l7d1-8.png"",""listenScript"":null,""promptMedium"":""請用完整句子說明。"",""phrasesMedium"":null,""vocabularyPos"":null,""grammarExample"":null,""grammarPattern"":null,""imageUrlMedium"":""/uploads/images/lesson-6-8-full-v3-final/l7d1-8.png"",""listenAudioUrl"":null,""vocabularyHard"":"""",""suggestedAnswer"":""元真：好。"",""vocabularyCloze"":null,""listenScriptHard"":null,""vocabularyGroups"":null,""vocabularyMedium"":"""",""vocabularyPinyin"":null,""listenAudioSource"":null,""vocabularyPosHard"":null,""vocabularySynonym"":null,""listenAudioUrlHard"":null,""listenScriptMedium"":null,""phrasesTranslation"":null,""suggestedAnswerHard"":""元真：好，我們先上課。下課以後我再把飯店的地址找出來。"",""vocabularyAudioUrls"":null,""vocabularyLookalike"":null,""vocabularyPosMedium"":null,""listenAudioUrlMedium"":null,""vocabularyPinyinHard"":null,""listenAudioSourceHard"":null,""suggestedAnswerMedium"":""元真：好，那我們下課再一起看。"",""vocabularyDistractors"":null,""vocabularyTranslation"":null,""phrasesTranslationHard"":null,""vocabularyPinyinMedium"":null,""listenAudioSourceMedium"":null,""sentenceReferenceCurves"":null,""vocabularyAudioUrlsHard"":null,""phrasesTranslationMedium"":null,""vocabularyAudioUrlsMedium"":null,""vocabularyReferenceCurves"":null,""vocabularyTranslationHard"":null,""sentenceReferenceCurvesHard"":null,""vocabularyTranslationMedium"":null,""sentenceReferenceCurvesMedium"":null,""vocabularyReferenceCurvesHard"":null,""vocabularyReferenceCurvesMedium"":null}"
7,2,modern-chinese-l7-dialogue-2,第7課 對話二：坐捷運去吧！,True,0,/uploads/images/lesson-6-8-full-v3-final/l7d2-1.png,請看圖，說出這一句。,請用完整句子說明。,請加上原因或感受。,元真：友美，妳看，天美飯店在大學路。我現在知道怎麼走了。,元真：友美，妳看，天美飯店在大學路。我現在知道要怎麼走了。,元真：友美，妳看地圖，天美飯店就在大學路。我現在知道怎麼走了，路線比我想的簡單。,飯店,hotel,fàndiàn,N,,,,,,"{""prompt"":""請看圖，說出這一句。"",""phrases"":null,""imageUrl"":""/uploads/images/lesson-6-8-full-v3-final/l7d2-1.png"",""promptHard"":""請加上原因或感受。"",""vocabulary"":""飯店"",""phrasesHard"":null,""imageUrlHard"":""/uploads/images/lesson-6-8-full-v3-final/l7d2-1.png"",""listenScript"":null,""promptMedium"":""請用完整句子說明。"",""phrasesMedium"":null,""vocabularyPos"":""N"",""grammarExample"":null,""grammarPattern"":null,""imageUrlMedium"":""/uploads/images/lesson-6-8-full-v3-final/l7d2-1.png"",""listenAudioUrl"":null,""vocabularyHard"":""飯店"",""suggestedAnswer"":""元真：友美，妳看，天美飯店在大學路。我現在知道怎麼走了。"",""vocabularyCloze"":""[[{\""sentence\"":\""元真：友美，妳看，天美飯店在大學路。我現在知道怎麼走了。\"",\""distractors\"":[\""朋友\"",\""學校\""]}]]"",""listenScriptHard"":null,""vocabularyGroups"":null,""vocabularyMedium"":""飯店"",""vocabularyPinyin"":""fàndiàn"",""listenAudioSource"":null,""vocabularyPosHard"":null,""vocabularySynonym"":""[[]]"",""listenAudioUrlHard"":null,""listenScriptMedium"":null,""phrasesTranslation"":null,""suggestedAnswerHard"":""元真：友美，妳看地圖，天美飯店就在大學路。我現在知道怎麼走了，路線比我想的簡單。"",""vocabularyAudioUrls"":null,""vocabularyLookalike"":""[[]]"",""vocabularyPosMedium"":null,""listenAudioUrlMedium"":null,""vocabularyPinyinHard"":null,""listenAudioSourceHard"":null,""suggestedAnswerMedium"":""元真：友美，妳看，天美飯店在大學路。我現在知道要怎麼走了。"",""vocabularyDistractors"":""[[]]"",""vocabularyTranslation"":""hotel"",""phrasesTranslationHard"":null,""vocabularyPinyinMedium"":null,""listenAudioSourceMedium"":null,""sentenceReferenceCurves"":null,""vocabularyAudioUrlsHard"":null,""phrasesTranslationMedium"":null,""vocabularyAudioUrlsMedium"":null,""vocabularyReferenceCurves"":null,""vocabularyTranslationHard"":null,""sentenceReferenceCurvesHard"":null,""vocabularyTranslationMedium"":null,""sentenceReferenceCurvesMedium"":null,""vocabularyReferenceCurvesHard"":null,""vocabularyReferenceCurvesMedium"":null}"
7,2,modern-chinese-l7-dialogue-2,第7課 對話二：坐捷運去吧！,True,1,/uploads/images/lesson-6-8-full-v3-final/l7d2-2.png,請看圖，說出這一句。,請用完整句子說明。,請加上原因或感受。,友美：啊！天美飯店在這裡！我知道這個地方，附近有郵局跟超級市場。,友美：啊！原來天美飯店在這裡！我知道這個地方，附近有郵局跟超級市場。,友美：啊！原來天美飯店在這裡！我以前來過這個地方，附近有郵局跟超級市場，所以我有印象。,"飯店,附近,郵局,超級市場","hotel, nearby, post office, supermarket","fàndiàn, fùjìn, yóujú, chāojí shìchǎng","N, N, N, N",,,,,,"{""prompt"":""請看圖，說出這一句。"",""phrases"":null,""imageUrl"":""/uploads/images/lesson-6-8-full-v3-final/l7d2-2.png"",""promptHard"":""請加上原因或感受。"",""vocabulary"":""飯店,附近,郵局,超級市場"",""phrasesHard"":null,""imageUrlHard"":""/uploads/images/lesson-6-8-full-v3-final/l7d2-2.png"",""listenScript"":null,""promptMedium"":""請用完整句子說明。"",""phrasesMedium"":null,""vocabularyPos"":""N, N, N, N"",""grammarExample"":null,""grammarPattern"":null,""imageUrlMedium"":""/uploads/images/lesson-6-8-full-v3-final/l7d2-2.png"",""listenAudioUrl"":null,""vocabularyHard"":""飯店,附近,郵局,超級市場"",""suggestedAnswer"":""友美：啊！天美飯店在這裡！我知道這個地方，附近有郵局跟超級市場。"",""vocabularyCloze"":""[[{\""sentence\"":\""友美：啊！天美飯店在這裡！我知道這個地方，附近有郵局跟超級市場。\"",\""distractors\"":[\""朋友\"",\""學校\""]}],[{\""sentence\"":\""友美：啊！天美飯店在這裡！我知道這個地方，附近有郵局跟超級市場。\"",\""distractors\"":[\""朋友\"",\""學校\"",\""飯店\""]}],[{\""sentence\"":\""友美：啊！天美飯店在這裡！我知道這個地方，附近有郵局跟超級市場。\"",\""distractors\"":[\""朋友\"",\""學校\"",\""飯店\""]}],[{\""sentence\"":\""友美：啊！天美飯店在這裡！我知道這個地方，附近有郵局跟超級市場。\"",\""distractors\"":[\""朋友\"",\""學校\"",\""飯店\""]}]]"",""listenScriptHard"":null,""vocabularyGroups"":null,""vocabularyMedium"":""飯店,附近,郵局,超級市場"",""vocabularyPinyin"":""fàndiàn, fùjìn, yóujú, chāojí shìchǎng"",""listenAudioSource"":null,""vocabularyPosHard"":null,""vocabularySynonym"":""[[],[],[],[]]"",""listenAudioUrlHard"":null,""listenScriptMedium"":null,""phrasesTranslation"":null,""suggestedAnswerHard"":""友美：啊！原來天美飯店在這裡！我以前來過這個地方，附近有郵局跟超級市場，所以我有印象。"",""vocabularyAudioUrls"":null,""vocabularyLookalike"":""[[],[],[],[]]"",""vocabularyPosMedium"":null,""listenAudioUrlMedium"":null,""vocabularyPinyinHard"":null,""listenAudioSourceHard"":null,""suggestedAnswerMedium"":""友美：啊！原來天美飯店在這裡！我知道這個地方，附近有郵局跟超級市場。"",""vocabularyDistractors"":""[[],[],[],[]]"",""vocabularyTranslation"":""hotel, nearby, post office, supermarket"",""phrasesTranslationHard"":null,""vocabularyPinyinMedium"":null,""listenAudioSourceMedium"":null,""sentenceReferenceCurves"":null,""vocabularyAudioUrlsHard"":null,""phrasesTranslationMedium"":null,""vocabularyAudioUrlsMedium"":null,""vocabularyReferenceCurves"":null,""vocabularyTranslationHard"":null,""sentenceReferenceCurvesHard"":null,""vocabularyTranslationMedium"":null,""sentenceReferenceCurvesMedium"":null,""vocabularyReferenceCurvesHard"":null,""vocabularyReferenceCurvesMedium"":null}"
7,2,modern-chinese-l7-dialogue-2,第7課 對話二：坐捷運去吧！,True,2,/uploads/images/lesson-6-8-full-v3-final/l7d2-3.png,請看圖，說出這一句。,請用完整句子說明。,請加上原因或感受。,元真：我想走路一定沒問題。,元真：看起來不太遠，我想走路一定沒問題。,元真：從地圖看起來距離不遠，我想我們慢慢走路過去一定沒問題。,走路,to walk,zǒulù,V,,,,,,"{""prompt"":""請看圖，說出這一句。"",""phrases"":null,""imageUrl"":""/uploads/images/lesson-6-8-full-v3-final/l7d2-3.png"",""promptHard"":""請加上原因或感受。"",""vocabulary"":""走路"",""phrasesHard"":null,""imageUrlHard"":""/uploads/images/lesson-6-8-full-v3-final/l7d2-3.png"",""listenScript"":null,""promptMedium"":""請用完整句子說明。"",""phrasesMedium"":null,""vocabularyPos"":""V"",""grammarExample"":null,""grammarPattern"":null,""imageUrlMedium"":""/uploads/images/lesson-6-8-full-v3-final/l7d2-3.png"",""listenAudioUrl"":null,""vocabularyHard"":""走路"",""suggestedAnswer"":""元真：我想走路一定沒問題。"",""vocabularyCloze"":""[[{\""sentence\"":\""元真：我想走路一定沒問題。\"",\""distractors\"":[\""游泳\"",\""跑步\"",\""休息\""]}]]"",""listenScriptHard"":null,""vocabularyGroups"":null,""vocabularyMedium"":""走路"",""vocabularyPinyin"":""zǒulù"",""listenAudioSource"":null,""vocabularyPosHard"":null,""vocabularySynonym"":""[[]]"",""listenAudioUrlHard"":null,""listenScriptMedium"":null,""phrasesTranslation"":null,""suggestedAnswerHard"":""元真：從地圖看起來距離不遠，我想我們慢慢走路過去一定沒問題。"",""vocabularyAudioUrls"":null,""vocabularyLookalike"":""[[]]"",""vocabularyPosMedium"":null,""listenAudioUrlMedium"":null,""vocabularyPinyinHard"":null,""listenAudioSourceHard"":null,""suggestedAnswerMedium"":""元真：看起來不太遠，我想走路一定沒問題。"",""vocabularyDistractors"":""[[]]"",""vocabularyTranslation"":""to walk"",""phrasesTranslationHard"":null,""vocabularyPinyinMedium"":null,""listenAudioSourceMedium"":null,""sentenceReferenceCurves"":null,""vocabularyAudioUrlsHard"":null,""phrasesTranslationMedium"":null,""vocabularyAudioUrlsMedium"":null,""vocabularyReferenceCurves"":null,""vocabularyTranslationHard"":null,""sentenceReferenceCurvesHard"":null,""vocabularyTranslationMedium"":null,""sentenceReferenceCurvesMedium"":null,""vocabularyReferenceCurvesHard"":null,""vocabularyReferenceCurvesMedium"":null}"
7,2,modern-chinese-l7-dialogue-2,第7課 對話二：坐捷運去吧！,True,3,/uploads/images/lesson-6-8-full-v3-final/l7d2-4.png,請看圖，說出這一句。,請用完整句子說明。,請加上原因或感受。,友美：可是我覺得那裡有點兒遠，走路去太累了。,友美：可是我覺得那裡有點兒遠，如果走路去可能太累了。,友美：可是我覺得那裡還是有點兒遠，而且明天下午可能很熱，走路去太累了。,走路,to walk,zǒulù,V,,,,,,"{""prompt"":""請看圖，說出這一句。"",""phrases"":null,""imageUrl"":""/uploads/images/lesson-6-8-full-v3-final/l7d2-4.png"",""promptHard"":""請加上原因或感受。"",""vocabulary"":""走路"",""phrasesHard"":null,""imageUrlHard"":""/uploads/images/lesson-6-8-full-v3-final/l7d2-4.png"",""listenScript"":null,""promptMedium"":""請用完整句子說明。"",""phrasesMedium"":null,""vocabularyPos"":""V"",""grammarExample"":null,""grammarPattern"":null,""imageUrlMedium"":""/uploads/images/lesson-6-8-full-v3-final/l7d2-4.png"",""listenAudioUrl"":null,""vocabularyHard"":""走路"",""suggestedAnswer"":""友美：可是我覺得那裡有點兒遠，走路去太累了。"",""vocabularyCloze"":""[[{\""sentence\"":\""友美：可是我覺得那裡有點兒遠，走路去太累了。\"",\""distractors\"":[\""游泳\"",\""跑步\"",\""休息\""]}]]"",""listenScriptHard"":null,""vocabularyGroups"":null,""vocabularyMedium"":""走路"",""vocabularyPinyin"":""zǒulù"",""listenAudioSource"":null,""vocabularyPosHard"":null,""vocabularySynonym"":""[[]]"",""listenAudioUrlHard"":null,""listenScriptMedium"":null,""phrasesTranslation"":null,""suggestedAnswerHard"":""友美：可是我覺得那裡還是有點兒遠，而且明天下午可能很熱，走路去太累了。"",""vocabularyAudioUrls"":null,""vocabularyLookalike"":""[[]]"",""vocabularyPosMedium"":null,""listenAudioUrlMedium"":null,""vocabularyPinyinHard"":null,""listenAudioSourceHard"":null,""suggestedAnswerMedium"":""友美：可是我覺得那裡有點兒遠，如果走路去可能太累了。"",""vocabularyDistractors"":""[[]]"",""vocabularyTranslation"":""to walk"",""phrasesTranslationHard"":null,""vocabularyPinyinMedium"":null,""listenAudioSourceMedium"":null,""sentenceReferenceCurves"":null,""vocabularyAudioUrlsHard"":null,""phrasesTranslationMedium"":null,""vocabularyAudioUrlsMedium"":null,""vocabularyReferenceCurves"":null,""vocabularyTranslationHard"":null,""sentenceReferenceCurvesHard"":null,""vocabularyTranslationMedium"":null,""sentenceReferenceCurvesMedium"":null,""vocabularyReferenceCurvesHard"":null,""vocabularyReferenceCurvesMedium"":null}"
7,2,modern-chinese-l7-dialogue-2,第7課 對話二：坐捷運去吧！,True,4,/uploads/images/lesson-6-8-full-v3-final/l7d2-5.png,請看圖，說出這一句。,請用完整句子說明。,請加上原因或感受。,元真：妳想怎麼去？,元真：那妳想怎麼去？我們可以換別的方法。,元真：如果妳不想走路，那妳想怎麼去？我們比較一下時間和方便程度吧。,,,,,,,,,,"{""prompt"":""請看圖，說出這一句。"",""phrases"":null,""imageUrl"":""/uploads/images/lesson-6-8-full-v3-final/l7d2-5.png"",""promptHard"":""請加上原因或感受。"",""vocabulary"":"""",""phrasesHard"":null,""imageUrlHard"":""/uploads/images/lesson-6-8-full-v3-final/l7d2-5.png"",""listenScript"":null,""promptMedium"":""請用完整句子說明。"",""phrasesMedium"":null,""vocabularyPos"":null,""grammarExample"":null,""grammarPattern"":null,""imageUrlMedium"":""/uploads/images/lesson-6-8-full-v3-final/l7d2-5.png"",""listenAudioUrl"":null,""vocabularyHard"":"""",""suggestedAnswer"":""元真：妳想怎麼去？"",""vocabularyCloze"":null,""listenScriptHard"":null,""vocabularyGroups"":null,""vocabularyMedium"":"""",""vocabularyPinyin"":null,""listenAudioSource"":null,""vocabularyPosHard"":null,""vocabularySynonym"":null,""listenAudioUrlHard"":null,""listenScriptMedium"":null,""phrasesTranslation"":null,""suggestedAnswerHard"":""元真：如果妳不想走路，那妳想怎麼去？我們比較一下時間和方便程度吧。"",""vocabularyAudioUrls"":null,""vocabularyLookalike"":null,""vocabularyPosMedium"":null,""listenAudioUrlMedium"":null,""vocabularyPinyinHard"":null,""listenAudioSourceHard"":null,""suggestedAnswerMedium"":""元真：那妳想怎麼去？我們可以換別的方法。"",""vocabularyDistractors"":null,""vocabularyTranslation"":null,""phrasesTranslationHard"":null,""vocabularyPinyinMedium"":null,""listenAudioSourceMedium"":null,""sentenceReferenceCurves"":null,""vocabularyAudioUrlsHard"":null,""phrasesTranslationMedium"":null,""vocabularyAudioUrlsMedium"":null,""vocabularyReferenceCurves"":null,""vocabularyTranslationHard"":null,""sentenceReferenceCurvesHard"":null,""vocabularyTranslationMedium"":null,""sentenceReferenceCurvesMedium"":null,""vocabularyReferenceCurvesHard"":null,""vocabularyReferenceCurvesMedium"":null}"
7,2,modern-chinese-l7-dialogue-2,第7課 對話二：坐捷運去吧！,True,5,/uploads/images/lesson-6-8-full-v3-final/l7d2-6.png,請看圖，說出這一句。,請用完整句子說明。,請加上原因或感受。,友美：坐捷運又方便又舒服，我們可以坐捷運。,友美：坐捷運又方便又舒服，而且不用走太久，我們可以坐捷運。,友美：我覺得坐捷運又方便又舒服，時間也比較好控制，所以我們可以坐捷運到附近再走過去。,"捷運,方便,舒服","MRT, convenient, comfortable","jiéyùn, fāngbiàn, shūfu","N, Adj, Adj",,,,,,"{""prompt"":""請看圖，說出這一句。"",""phrases"":null,""imageUrl"":""/uploads/images/lesson-6-8-full-v3-final/l7d2-6.png"",""promptHard"":""請加上原因或感受。"",""vocabulary"":""捷運,方便,舒服"",""phrasesHard"":null,""imageUrlHard"":""/uploads/images/lesson-6-8-full-v3-final/l7d2-6.png"",""listenScript"":null,""promptMedium"":""請用完整句子說明。"",""phrasesMedium"":null,""vocabularyPos"":""N, Adj, Adj"",""grammarExample"":null,""grammarPattern"":null,""imageUrlMedium"":""/uploads/images/lesson-6-8-full-v3-final/l7d2-6.png"",""listenAudioUrl"":null,""vocabularyHard"":""捷運,方便,舒服"",""suggestedAnswer"":""友美：坐捷運又方便又舒服，我們可以坐捷運。"",""vocabularyCloze"":""[[],[{\""sentence\"":\""友美：坐捷運又方便又舒服，我們可以坐捷運。\"",\""distractors\"":[\""漂亮\"",\""有趣\""]}],[{\""sentence\"":\""友美：坐捷運又方便又舒服，我們可以坐捷運。\"",\""distractors\"":[\""漂亮\"",\""方便\"",\""有趣\""]}]]"",""listenScriptHard"":null,""vocabularyGroups"":null,""vocabularyMedium"":""捷運,方便,舒服"",""vocabularyPinyin"":""jiéyùn, fāngbiàn, shūfu"",""listenAudioSource"":null,""vocabularyPosHard"":null,""vocabularySynonym"":""[[],[],[]]"",""listenAudioUrlHard"":null,""listenScriptMedium"":null,""phrasesTranslation"":null,""suggestedAnswerHard"":""友美：我覺得坐捷運又方便又舒服，時間也比較好控制，所以我們可以坐捷運到附近再走過去。"",""vocabularyAudioUrls"":null,""vocabularyLookalike"":""[[],[],[]]"",""vocabularyPosMedium"":null,""listenAudioUrlMedium"":null,""vocabularyPinyinHard"":null,""listenAudioSourceHard"":null,""suggestedAnswerMedium"":""友美：坐捷運又方便又舒服，而且不用走太久，我們可以坐捷運。"",""vocabularyDistractors"":""[[],[],[]]"",""vocabularyTranslation"":""MRT, convenient, comfortable"",""phrasesTranslationHard"":null,""vocabularyPinyinMedium"":null,""listenAudioSourceMedium"":null,""sentenceReferenceCurves"":null,""vocabularyAudioUrlsHard"":null,""phrasesTranslationMedium"":null,""vocabularyAudioUrlsMedium"":null,""vocabularyReferenceCurves"":null,""vocabularyTranslationHard"":null,""sentenceReferenceCurvesHard"":null,""vocabularyTranslationMedium"":null,""sentenceReferenceCurvesMedium"":null,""vocabularyReferenceCurvesHard"":null,""vocabularyReferenceCurvesMedium"":null}"
7,2,modern-chinese-l7-dialogue-2,第7課 對話二：坐捷運去吧！,True,6,/uploads/images/lesson-6-8-full-v3-final/l7d2-7.png,請看圖，說出這一句。,請用完整句子說明。,請加上原因或感受。,元真：好，我們明天坐捷運去吧。,元真：好，那我們明天下午坐捷運去吧。,元真：好，就這麼決定。我們明天下午提早一點出發，坐捷運去吧，這樣比較不會遲到。,捷運,MRT,jiéyùn,N,,,,,,"{""prompt"":""請看圖，說出這一句。"",""phrases"":null,""imageUrl"":""/uploads/images/lesson-6-8-full-v3-final/l7d2-7.png"",""promptHard"":""請加上原因或感受。"",""vocabulary"":""捷運"",""phrasesHard"":null,""imageUrlHard"":""/uploads/images/lesson-6-8-full-v3-final/l7d2-7.png"",""listenScript"":null,""promptMedium"":""請用完整句子說明。"",""phrasesMedium"":null,""vocabularyPos"":""N"",""grammarExample"":null,""grammarPattern"":null,""imageUrlMedium"":""/uploads/images/lesson-6-8-full-v3-final/l7d2-7.png"",""listenAudioUrl"":null,""vocabularyHard"":""捷運"",""suggestedAnswer"":""元真：好，我們明天坐捷運去吧。"",""vocabularyCloze"":""[[{\""sentence\"":\""元真：好，我們明天坐捷運去吧。\"",\""distractors\"":[\""朋友\"",\""學校\"",\""飯店\""]}]]"",""listenScriptHard"":null,""vocabularyGroups"":null,""vocabularyMedium"":""捷運"",""vocabularyPinyin"":""jiéyùn"",""listenAudioSource"":null,""vocabularyPosHard"":null,""vocabularySynonym"":""[[]]"",""listenAudioUrlHard"":null,""listenScriptMedium"":null,""phrasesTranslation"":null,""suggestedAnswerHard"":""元真：好，就這麼決定。我們明天下午提早一點出發，坐捷運去吧，這樣比較不會遲到。"",""vocabularyAudioUrls"":null,""vocabularyLookalike"":""[[]]"",""vocabularyPosMedium"":null,""listenAudioUrlMedium"":null,""vocabularyPinyinHard"":null,""listenAudioSourceHard"":null,""suggestedAnswerMedium"":""元真：好，那我們明天下午坐捷運去吧。"",""vocabularyDistractors"":""[[]]"",""vocabularyTranslation"":""MRT"",""phrasesTranslationHard"":null,""vocabularyPinyinMedium"":null,""listenAudioSourceMedium"":null,""sentenceReferenceCurves"":null,""vocabularyAudioUrlsHard"":null,""phrasesTranslationMedium"":null,""vocabularyAudioUrlsMedium"":null,""vocabularyReferenceCurves"":null,""vocabularyTranslationHard"":null,""sentenceReferenceCurvesHard"":null,""vocabularyTranslationMedium"":null,""sentenceReferenceCurvesMedium"":null,""vocabularyReferenceCurvesHard"":null,""vocabularyReferenceCurvesMedium"":null}"
7,3,modern-chinese-l7-reading,第7課 短文：從我家坐捷運很方便,True,0,/uploads/images/lesson-6-8-bubble/l7r-frame-1.png,請看圖，說出這一句。,請用完整句子說明。,請加上原因或感受。,我家附近有三條捷運線。,我家附近有三條捷運線，所以去哪裡都很方便。,我家附近有三條捷運線，可以去城市的不同地方，所以平常出門非常方便。,"捷運,附近","MRT, nearby","jiéyùn, fùjìn","N, N",,,,,,"{""prompt"":""請看圖，說出這一句。"",""phrases"":null,""imageUrl"":""/uploads/images/lesson-6-8-bubble/l7r-frame-1.png"",""promptHard"":""請加上原因或感受。"",""vocabulary"":""捷運,附近"",""phrasesHard"":null,""imageUrlHard"":""/uploads/images/lesson-6-8-bubble/l7r-frame-1.png"",""listenScript"":null,""promptMedium"":""請用完整句子說明。"",""phrasesMedium"":null,""vocabularyPos"":""N, N"",""grammarExample"":null,""grammarPattern"":null,""imageUrlMedium"":""/uploads/images/lesson-6-8-bubble/l7r-frame-1.png"",""listenAudioUrl"":null,""vocabularyHard"":""捷運,附近"",""suggestedAnswer"":""我家附近有三條捷運線。"",""vocabularyCloze"":""[[{\""sentence\"":\""我家附近有三條捷運線。\"",\""distractors\"":[\""朋友\"",\""學校\"",\""飯店\""]}],[{\""sentence\"":\""我家附近有三條捷運線。\"",\""distractors\"":[\""朋友\"",\""學校\"",\""飯店\""]}]]"",""listenScriptHard"":null,""vocabularyGroups"":null,""vocabularyMedium"":""捷運,附近"",""vocabularyPinyin"":""jiéyùn, fùjìn"",""listenAudioSource"":null,""vocabularyPosHard"":null,""vocabularySynonym"":""[[],[]]"",""listenAudioUrlHard"":null,""listenScriptMedium"":null,""phrasesTranslation"":null,""suggestedAnswerHard"":""我家附近有三條捷運線，可以去城市的不同地方，所以平常出門非常方便。"",""vocabularyAudioUrls"":null,""vocabularyLookalike"":""[[],[]]"",""vocabularyPosMedium"":null,""listenAudioUrlMedium"":null,""vocabularyPinyinHard"":null,""listenAudioSourceHard"":null,""suggestedAnswerMedium"":""我家附近有三條捷運線，所以去哪裡都很方便。"",""vocabularyDistractors"":""[[],[]]"",""vocabularyTranslation"":""MRT, nearby"",""phrasesTranslationHard"":null,""vocabularyPinyinMedium"":null,""listenAudioSourceMedium"":null,""sentenceReferenceCurves"":null,""vocabularyAudioUrlsHard"":null,""phrasesTranslationMedium"":null,""vocabularyAudioUrlsMedium"":null,""vocabularyReferenceCurves"":null,""vocabularyTranslationHard"":null,""sentenceReferenceCurvesHard"":null,""vocabularyTranslationMedium"":null,""sentenceReferenceCurvesMedium"":null,""vocabularyReferenceCurvesHard"":null,""vocabularyReferenceCurvesMedium"":null}"
7,3,modern-chinese-l7-reading,第7課 短文：從我家坐捷運很方便,True,1,/uploads/images/lesson-6-8-bubble/l7r-frame-2.png,請看圖，說出這一句。,請用完整句子說明。,請加上原因或感受。,一條紅的、一條綠的和一條藍的。,這三條線一條紅的、一條綠的和一條藍的，很容易分。,三條線的顏色不一樣，一條紅的、一條綠的和一條藍的，所以看地圖的時候很好認。,,,,,,,,,,"{""prompt"":""請看圖，說出這一句。"",""phrases"":null,""imageUrl"":""/uploads/images/lesson-6-8-bubble/l7r-frame-2.png"",""promptHard"":""請加上原因或感受。"",""vocabulary"":"""",""phrasesHard"":null,""imageUrlHard"":""/uploads/images/lesson-6-8-bubble/l7r-frame-2.png"",""listenScript"":null,""promptMedium"":""請用完整句子說明。"",""phrasesMedium"":null,""vocabularyPos"":null,""grammarExample"":null,""grammarPattern"":null,""imageUrlMedium"":""/uploads/images/lesson-6-8-bubble/l7r-frame-2.png"",""listenAudioUrl"":null,""vocabularyHard"":"""",""suggestedAnswer"":""一條紅的、一條綠的和一條藍的。"",""vocabularyCloze"":null,""listenScriptHard"":null,""vocabularyGroups"":null,""vocabularyMedium"":"""",""vocabularyPinyin"":null,""listenAudioSource"":null,""vocabularyPosHard"":null,""vocabularySynonym"":null,""listenAudioUrlHard"":null,""listenScriptMedium"":null,""phrasesTranslation"":null,""suggestedAnswerHard"":""三條線的顏色不一樣，一條紅的、一條綠的和一條藍的，所以看地圖的時候很好認。"",""vocabularyAudioUrls"":null,""vocabularyLookalike"":null,""vocabularyPosMedium"":null,""listenAudioUrlMedium"":null,""vocabularyPinyinHard"":null,""listenAudioSourceHard"":null,""suggestedAnswerMedium"":""這三條線一條紅的、一條綠的和一條藍的，很容易分。"",""vocabularyDistractors"":null,""vocabularyTranslation"":null,""phrasesTranslationHard"":null,""vocabularyPinyinMedium"":null,""listenAudioSourceMedium"":null,""sentenceReferenceCurves"":null,""vocabularyAudioUrlsHard"":null,""phrasesTranslationMedium"":null,""vocabularyAudioUrlsMedium"":null,""vocabularyReferenceCurves"":null,""vocabularyTranslationHard"":null,""sentenceReferenceCurvesHard"":null,""vocabularyTranslationMedium"":null,""sentenceReferenceCurvesMedium"":null,""vocabularyReferenceCurvesHard"":null,""vocabularyReferenceCurvesMedium"":null}"
7,3,modern-chinese-l7-reading,第7課 短文：從我家坐捷運很方便,True,2,/uploads/images/lesson-6-8-bubble/l7r-frame-3.png,請看圖，說出這一句。,請用完整句子說明。,請加上原因或感受。,我平常坐紅線去學校上課。,我平常坐紅線去學校上課，時間很固定。,我平常坐紅線去學校上課，因為不用換車，所以每天都可以很快到學校。,學校,school,xuéxiào,N,,,,,,"{""prompt"":""請看圖，說出這一句。"",""phrases"":null,""imageUrl"":""/uploads/images/lesson-6-8-bubble/l7r-frame-3.png"",""promptHard"":""請加上原因或感受。"",""vocabulary"":""學校"",""phrasesHard"":null,""imageUrlHard"":""/uploads/images/lesson-6-8-bubble/l7r-frame-3.png"",""listenScript"":null,""promptMedium"":""請用完整句子說明。"",""phrasesMedium"":null,""vocabularyPos"":""N"",""grammarExample"":null,""grammarPattern"":null,""imageUrlMedium"":""/uploads/images/lesson-6-8-bubble/l7r-frame-3.png"",""listenAudioUrl"":null,""vocabularyHard"":""學校"",""suggestedAnswer"":""我平常坐紅線去學校上課。"",""vocabularyCloze"":""[[{\""sentence\"":\""我平常坐紅線去學校上課。\"",\""distractors\"":[\""朋友\"",\""飯店\""]}]]"",""listenScriptHard"":null,""vocabularyGroups"":null,""vocabularyMedium"":""學校"",""vocabularyPinyin"":""xuéxiào"",""listenAudioSource"":null,""vocabularyPosHard"":null,""vocabularySynonym"":""[[]]"",""listenAudioUrlHard"":null,""listenScriptMedium"":null,""phrasesTranslation"":null,""suggestedAnswerHard"":""我平常坐紅線去學校上課，因為不用換車，所以每天都可以很快到學校。"",""vocabularyAudioUrls"":null,""vocabularyLookalike"":""[[]]"",""vocabularyPosMedium"":null,""listenAudioUrlMedium"":null,""vocabularyPinyinHard"":null,""listenAudioSourceHard"":null,""suggestedAnswerMedium"":""我平常坐紅線去學校上課，時間很固定。"",""vocabularyDistractors"":""[[]]"",""vocabularyTranslation"":""school"",""phrasesTranslationHard"":null,""vocabularyPinyinMedium"":null,""listenAudioSourceMedium"":null,""sentenceReferenceCurves"":null,""vocabularyAudioUrlsHard"":null,""phrasesTranslationMedium"":null,""vocabularyAudioUrlsMedium"":null,""vocabularyReferenceCurves"":null,""vocabularyTranslationHard"":null,""sentenceReferenceCurvesHard"":null,""vocabularyTranslationMedium"":null,""sentenceReferenceCurvesMedium"":null,""vocabularyReferenceCurvesHard"":null,""vocabularyReferenceCurvesMedium"":null}"
7,3,modern-chinese-l7-reading,第7課 短文：從我家坐捷運很方便,True,3,/uploads/images/lesson-6-8-bubble/l7r-frame-4.png,請看圖，說出這一句。,請用完整句子說明。,請加上原因或感受。,週末也坐捷運去運動、看電影。,到了週末，我也坐捷運去運動、看電影。,週末我也常坐捷運去運動、看電影，不用開車找停車位，對我來說很方便。,"電影,運動,週末,捷運","movie, exercise, weekend, MRT","diànyǐng, yùndòng, zhōumò, jiéyùn","N, N, N, N",,,,,,"{""prompt"":""請看圖，說出這一句。"",""phrases"":null,""imageUrl"":""/uploads/images/lesson-6-8-bubble/l7r-frame-4.png"",""promptHard"":""請加上原因或感受。"",""vocabulary"":""電影,運動,週末,捷運"",""phrasesHard"":null,""imageUrlHard"":""/uploads/images/lesson-6-8-bubble/l7r-frame-4.png"",""listenScript"":null,""promptMedium"":""請用完整句子說明。"",""phrasesMedium"":null,""vocabularyPos"":""N, N, N, N"",""grammarExample"":null,""grammarPattern"":null,""imageUrlMedium"":""/uploads/images/lesson-6-8-bubble/l7r-frame-4.png"",""listenAudioUrl"":null,""vocabularyHard"":""電影,運動,週末,捷運"",""suggestedAnswer"":""週末也坐捷運去運動、看電影。"",""vocabularyCloze"":""[[{\""sentence\"":\""週末也坐捷運去運動、看電影。\"",\""distractors\"":[\""朋友\"",\""學校\"",\""飯店\""]}],[{\""sentence\"":\""週末也坐捷運去運動、看電影。\"",\""distractors\"":[\""朋友\"",\""學校\"",\""飯店\""]}],[{\""sentence\"":\""週末也坐捷運去運動、看電影。\"",\""distractors\"":[\""朋友\"",\""學校\"",\""飯店\""]}],[{\""sentence\"":\""週末也坐捷運去運動、看電影。\"",\""distractors\"":[\""朋友\"",\""學校\"",\""飯店\""]}]]"",""listenScriptHard"":null,""vocabularyGroups"":null,""vocabularyMedium"":""電影,運動,週末,捷運"",""vocabularyPinyin"":""diànyǐng, yùndòng, zhōumò, jiéyùn"",""listenAudioSource"":null,""vocabularyPosHard"":null,""vocabularySynonym"":""[[],[],[],[]]"",""listenAudioUrlHard"":null,""listenScriptMedium"":null,""phrasesTranslation"":null,""suggestedAnswerHard"":""週末我也常坐捷運去運動、看電影，不用開車找停車位，對我來說很方便。"",""vocabularyAudioUrls"":null,""vocabularyLookalike"":""[[],[],[],[]]"",""vocabularyPosMedium"":null,""listenAudioUrlMedium"":null,""vocabularyPinyinHard"":null,""listenAudioSourceHard"":null,""suggestedAnswerMedium"":""到了週末，我也坐捷運去運動、看電影。"",""vocabularyDistractors"":""[[],[],[],[]]"",""vocabularyTranslation"":""movie, exercise, weekend, MRT"",""phrasesTranslationHard"":null,""vocabularyPinyinMedium"":null,""listenAudioSourceMedium"":null,""sentenceReferenceCurves"":null,""vocabularyAudioUrlsHard"":null,""phrasesTranslationMedium"":null,""vocabularyAudioUrlsMedium"":null,""vocabularyReferenceCurves"":null,""vocabularyTranslationHard"":null,""sentenceReferenceCurvesHard"":null,""vocabularyTranslationMedium"":null,""sentenceReferenceCurvesMedium"":null,""vocabularyReferenceCurvesHard"":null,""vocabularyReferenceCurvesMedium"":null}"
7,3,modern-chinese-l7-reading,第7課 短文：從我家坐捷運很方便,True,4,/uploads/images/lesson-6-8-bubble/l7r-frame-5.png,請看圖，說出這一句。,請用完整句子說明。,請加上原因或感受。,朋友常來找我。,朋友也常坐捷運來找我，我們一起吃飯聊天。,朋友常來找我，因為交通方便，所以就算住得比較遠，也願意坐捷運過來。,朋友,friend,péngyǒu,N,,,,,,"{""prompt"":""請看圖，說出這一句。"",""phrases"":null,""imageUrl"":""/uploads/images/lesson-6-8-bubble/l7r-frame-5.png"",""promptHard"":""請加上原因或感受。"",""vocabulary"":""朋友"",""phrasesHard"":null,""imageUrlHard"":""/uploads/images/lesson-6-8-bubble/l7r-frame-5.png"",""listenScript"":null,""promptMedium"":""請用完整句子說明。"",""phrasesMedium"":null,""vocabularyPos"":""N"",""grammarExample"":null,""grammarPattern"":null,""imageUrlMedium"":""/uploads/images/lesson-6-8-bubble/l7r-frame-5.png"",""listenAudioUrl"":null,""vocabularyHard"":""朋友"",""suggestedAnswer"":""朋友常來找我。"",""vocabularyCloze"":""[[{\""sentence\"":\""朋友常來找我。\"",\""distractors\"":[\""學校\"",\""飯店\""]}]]"",""listenScriptHard"":null,""vocabularyGroups"":null,""vocabularyMedium"":""朋友"",""vocabularyPinyin"":""péngyǒu"",""listenAudioSource"":null,""vocabularyPosHard"":null,""vocabularySynonym"":""[[]]"",""listenAudioUrlHard"":null,""listenScriptMedium"":null,""phrasesTranslation"":null,""suggestedAnswerHard"":""朋友常來找我，因為交通方便，所以就算住得比較遠，也願意坐捷運過來。"",""vocabularyAudioUrls"":null,""vocabularyLookalike"":""[[]]"",""vocabularyPosMedium"":null,""listenAudioUrlMedium"":null,""vocabularyPinyinHard"":null,""listenAudioSourceHard"":null,""suggestedAnswerMedium"":""朋友也常坐捷運來找我，我們一起吃飯聊天。"",""vocabularyDistractors"":""[[]]"",""vocabularyTranslation"":""friend"",""phrasesTranslationHard"":null,""vocabularyPinyinMedium"":null,""listenAudioSourceMedium"":null,""sentenceReferenceCurves"":null,""vocabularyAudioUrlsHard"":null,""phrasesTranslationMedium"":null,""vocabularyAudioUrlsMedium"":null,""vocabularyReferenceCurves"":null,""vocabularyTranslationHard"":null,""sentenceReferenceCurvesHard"":null,""vocabularyTranslationMedium"":null,""sentenceReferenceCurvesMedium"":null,""vocabularyReferenceCurvesHard"":null,""vocabularyReferenceCurvesMedium"":null}"
7,3,modern-chinese-l7-reading,第7課 短文：從我家坐捷運很方便,True,5,/uploads/images/lesson-6-8-bubble/l7r-frame-6.png,請看圖，說出這一句。,請用完整句子說明。,請加上原因或感受。,他們都覺得坐捷運來我家，又快又方便。,他們都覺得坐捷運來我家，又快又方便，而且不用走很久。,他們都覺得坐捷運來我家又快又方便，不但不用擔心塞車，下車以後也不用走很久。,"捷運,方便","MRT, convenient","jiéyùn, fāngbiàn","N, Adj",,,,,,"{""prompt"":""請看圖，說出這一句。"",""phrases"":null,""imageUrl"":""/uploads/images/lesson-6-8-bubble/l7r-frame-6.png"",""promptHard"":""請加上原因或感受。"",""vocabulary"":""捷運,方便"",""phrasesHard"":null,""imageUrlHard"":""/uploads/images/lesson-6-8-bubble/l7r-frame-6.png"",""listenScript"":null,""promptMedium"":""請用完整句子說明。"",""phrasesMedium"":null,""vocabularyPos"":""N, Adj"",""grammarExample"":null,""grammarPattern"":null,""imageUrlMedium"":""/uploads/images/lesson-6-8-bubble/l7r-frame-6.png"",""listenAudioUrl"":null,""vocabularyHard"":""捷運,方便"",""suggestedAnswer"":""他們都覺得坐捷運來我家，又快又方便。"",""vocabularyCloze"":""[[{\""sentence\"":\""他們都覺得坐捷運來我家，又快又方便。\"",\""distractors\"":[\""朋友\"",\""學校\"",\""飯店\""]}],[{\""sentence\"":\""他們都覺得坐捷運來我家，又快又方便。\"",\""distractors\"":[\""漂亮\"",\""有趣\""]}]]"",""listenScriptHard"":null,""vocabularyGroups"":null,""vocabularyMedium"":""捷運,方便"",""vocabularyPinyin"":""jiéyùn, fāngbiàn"",""listenAudioSource"":null,""vocabularyPosHard"":null,""vocabularySynonym"":""[[],[]]"",""listenAudioUrlHard"":null,""listenScriptMedium"":null,""phrasesTranslation"":null,""suggestedAnswerHard"":""他們都覺得坐捷運來我家又快又方便，不但不用擔心塞車，下車以後也不用走很久。"",""vocabularyAudioUrls"":null,""vocabularyLookalike"":""[[],[]]"",""vocabularyPosMedium"":null,""listenAudioUrlMedium"":null,""vocabularyPinyinHard"":null,""listenAudioSourceHard"":null,""suggestedAnswerMedium"":""他們都覺得坐捷運來我家，又快又方便，而且不用走很久。"",""vocabularyDistractors"":""[[],[]]"",""vocabularyTranslation"":""MRT, convenient"",""phrasesTranslationHard"":null,""vocabularyPinyinMedium"":null,""listenAudioSourceMedium"":null,""sentenceReferenceCurves"":null,""vocabularyAudioUrlsHard"":null,""phrasesTranslationMedium"":null,""vocabularyAudioUrlsMedium"":null,""vocabularyReferenceCurves"":null,""vocabularyTranslationHard"":null,""sentenceReferenceCurvesHard"":null,""vocabularyTranslationMedium"":null,""sentenceReferenceCurvesMedium"":null,""vocabularyReferenceCurvesHard"":null,""vocabularyReferenceCurvesMedium"":null}"
7,3,modern-chinese-l7-reading,第7課 短文：從我家坐捷運很方便,True,6,/uploads/images/lesson-6-8-bubble/l7r-frame-7.png,請看圖，說出這一句。,請用完整句子說明。,請加上原因或感受。,從我家到機場也不遠。,從我家到機場也不遠，大概不用很久。,從我家到機場也不遠，所以要搭飛機的時候，我通常不需要太早出門。,機場,airport,jīchǎng,N,,,,,,"{""prompt"":""請看圖，說出這一句。"",""phrases"":null,""imageUrl"":""/uploads/images/lesson-6-8-bubble/l7r-frame-7.png"",""promptHard"":""請加上原因或感受。"",""vocabulary"":""機場"",""phrasesHard"":null,""imageUrlHard"":""/uploads/images/lesson-6-8-bubble/l7r-frame-7.png"",""listenScript"":null,""promptMedium"":""請用完整句子說明。"",""phrasesMedium"":null,""vocabularyPos"":""N"",""grammarExample"":null,""grammarPattern"":null,""imageUrlMedium"":""/uploads/images/lesson-6-8-bubble/l7r-frame-7.png"",""listenAudioUrl"":null,""vocabularyHard"":""機場"",""suggestedAnswer"":""從我家到機場也不遠。"",""vocabularyCloze"":""[[{\""sentence\"":\""從我家到機場也不遠。\"",\""distractors\"":[\""朋友\"",\""學校\"",\""飯店\""]}]]"",""listenScriptHard"":null,""vocabularyGroups"":null,""vocabularyMedium"":""機場"",""vocabularyPinyin"":""jīchǎng"",""listenAudioSource"":null,""vocabularyPosHard"":null,""vocabularySynonym"":""[[]]"",""listenAudioUrlHard"":null,""listenScriptMedium"":null,""phrasesTranslation"":null,""suggestedAnswerHard"":""從我家到機場也不遠，所以要搭飛機的時候，我通常不需要太早出門。"",""vocabularyAudioUrls"":null,""vocabularyLookalike"":""[[]]"",""vocabularyPosMedium"":null,""listenAudioUrlMedium"":null,""vocabularyPinyinHard"":null,""listenAudioSourceHard"":null,""suggestedAnswerMedium"":""從我家到機場也不遠，大概不用很久。"",""vocabularyDistractors"":""[[]]"",""vocabularyTranslation"":""airport"",""phrasesTranslationHard"":null,""vocabularyPinyinMedium"":null,""listenAudioSourceMedium"":null,""sentenceReferenceCurves"":null,""vocabularyAudioUrlsHard"":null,""phrasesTranslationMedium"":null,""vocabularyAudioUrlsMedium"":null,""vocabularyReferenceCurves"":null,""vocabularyTranslationHard"":null,""sentenceReferenceCurvesHard"":null,""vocabularyTranslationMedium"":null,""sentenceReferenceCurvesMedium"":null,""vocabularyReferenceCurvesHard"":null,""vocabularyReferenceCurvesMedium"":null}"
7,3,modern-chinese-l7-reading,第7課 短文：從我家坐捷運很方便,True,7,/uploads/images/lesson-6-8-bubble/l7r-frame-8.png,請看圖，說出這一句。,請用完整句子說明。,請加上原因或感受。,開車去、坐捷運去都可以。,開車去、坐捷運去都可以，看當天的情況。,去機場的交通方式很多，開車去、坐捷運去都可以，我通常會看行李多少再決定。,捷運,MRT,jiéyùn,N,,,,,,"{""prompt"":""請看圖，說出這一句。"",""phrases"":null,""imageUrl"":""/uploads/images/lesson-6-8-bubble/l7r-frame-8.png"",""promptHard"":""請加上原因或感受。"",""vocabulary"":""捷運"",""phrasesHard"":null,""imageUrlHard"":""/uploads/images/lesson-6-8-bubble/l7r-frame-8.png"",""listenScript"":null,""promptMedium"":""請用完整句子說明。"",""phrasesMedium"":null,""vocabularyPos"":""N"",""grammarExample"":null,""grammarPattern"":null,""imageUrlMedium"":""/uploads/images/lesson-6-8-bubble/l7r-frame-8.png"",""listenAudioUrl"":null,""vocabularyHard"":""捷運"",""suggestedAnswer"":""開車去、坐捷運去都可以。"",""vocabularyCloze"":""[[{\""sentence\"":\""開車去、坐捷運去都可以。\"",\""distractors\"":[\""朋友\"",\""學校\"",\""飯店\""]}]]"",""listenScriptHard"":null,""vocabularyGroups"":null,""vocabularyMedium"":""捷運"",""vocabularyPinyin"":""jiéyùn"",""listenAudioSource"":null,""vocabularyPosHard"":null,""vocabularySynonym"":""[[]]"",""listenAudioUrlHard"":null,""listenScriptMedium"":null,""phrasesTranslation"":null,""suggestedAnswerHard"":""去機場的交通方式很多，開車去、坐捷運去都可以，我通常會看行李多少再決定。"",""vocabularyAudioUrls"":null,""vocabularyLookalike"":""[[]]"",""vocabularyPosMedium"":null,""listenAudioUrlMedium"":null,""vocabularyPinyinHard"":null,""listenAudioSourceHard"":null,""suggestedAnswerMedium"":""開車去、坐捷運去都可以，看當天的情況。"",""vocabularyDistractors"":""[[]]"",""vocabularyTranslation"":""MRT"",""phrasesTranslationHard"":null,""vocabularyPinyinMedium"":null,""listenAudioSourceMedium"":null,""sentenceReferenceCurves"":null,""vocabularyAudioUrlsHard"":null,""phrasesTranslationMedium"":null,""vocabularyAudioUrlsMedium"":null,""vocabularyReferenceCurves"":null,""vocabularyTranslationHard"":null,""sentenceReferenceCurvesHard"":null,""vocabularyTranslationMedium"":null,""sentenceReferenceCurvesMedium"":null,""vocabularyReferenceCurvesHard"":null,""vocabularyReferenceCurvesMedium"":null}"
7,3,modern-chinese-l7-reading,第7課 短文：從我家坐捷運很方便,True,8,/uploads/images/lesson-6-8-bubble/l7r-frame-9.png,請看圖，說出這一句。,請用完整句子說明。,請加上原因或感受。,機場附近的風景也很漂亮。,機場附近的風景也很漂亮，有空可以去走走。,機場附近的風景也很漂亮，天氣好的時候，可以看到很遠的地方。,"風景,漂亮,附近,機場","scenery, beautiful, nearby, airport","fēngjǐng, piàoliang, fùjìn, jīchǎng","N, Adj, N, N",,,,,,"{""prompt"":""請看圖，說出這一句。"",""phrases"":null,""imageUrl"":""/uploads/images/lesson-6-8-bubble/l7r-frame-9.png"",""promptHard"":""請加上原因或感受。"",""vocabulary"":""風景,漂亮,附近,機場"",""phrasesHard"":null,""imageUrlHard"":""/uploads/images/lesson-6-8-bubble/l7r-frame-9.png"",""listenScript"":null,""promptMedium"":""請用完整句子說明。"",""phrasesMedium"":null,""vocabularyPos"":""N, Adj, N, N"",""grammarExample"":null,""grammarPattern"":null,""imageUrlMedium"":""/uploads/images/lesson-6-8-bubble/l7r-frame-9.png"",""listenAudioUrl"":null,""vocabularyHard"":""風景,漂亮,附近,機場"",""suggestedAnswer"":""機場附近的風景也很漂亮。"",""vocabularyCloze"":""[[{\""sentence\"":\""機場附近的風景也很漂亮。\"",\""distractors\"":[\""朋友\"",\""學校\"",\""飯店\""]}],[{\""sentence\"":\""機場附近的風景也很漂亮。\"",\""distractors\"":[\""方便\"",\""有趣\""]}],[{\""sentence\"":\""機場附近的風景也很漂亮。\"",\""distractors\"":[\""朋友\"",\""學校\"",\""飯店\""]}],[{\""sentence\"":\""機場附近的風景也很漂亮。\"",\""distractors\"":[\""朋友\"",\""學校\"",\""飯店\""]}]]"",""listenScriptHard"":null,""vocabularyGroups"":null,""vocabularyMedium"":""風景,漂亮,附近,機場"",""vocabularyPinyin"":""fēngjǐng, piàoliang, fùjìn, jīchǎng"",""listenAudioSource"":null,""vocabularyPosHard"":null,""vocabularySynonym"":""[[],[],[],[]]"",""listenAudioUrlHard"":null,""listenScriptMedium"":null,""phrasesTranslation"":null,""suggestedAnswerHard"":""機場附近的風景也很漂亮，天氣好的時候，可以看到很遠的地方。"",""vocabularyAudioUrls"":null,""vocabularyLookalike"":""[[],[],[],[]]"",""vocabularyPosMedium"":null,""listenAudioUrlMedium"":null,""vocabularyPinyinHard"":null,""listenAudioSourceHard"":null,""suggestedAnswerMedium"":""機場附近的風景也很漂亮，有空可以去走走。"",""vocabularyDistractors"":""[[],[],[],[]]"",""vocabularyTranslation"":""scenery, beautiful, nearby, airport"",""phrasesTranslationHard"":null,""vocabularyPinyinMedium"":null,""listenAudioSourceMedium"":null,""sentenceReferenceCurves"":null,""vocabularyAudioUrlsHard"":null,""phrasesTranslationMedium"":null,""vocabularyAudioUrlsMedium"":null,""vocabularyReferenceCurves"":null,""vocabularyTranslationHard"":null,""sentenceReferenceCurvesHard"":null,""vocabularyTranslationMedium"":null,""sentenceReferenceCurvesMedium"":null,""vocabularyReferenceCurvesHard"":null,""vocabularyReferenceCurvesMedium"":null}"
7,3,modern-chinese-l7-reading,第7課 短文：從我家坐捷運很方便,True,9,/uploads/images/lesson-6-8-bubble/l7r-frame-10.png,請看圖，說出這一句。,請用完整句子說明。,請加上原因或感受。,我常常去看風景、看飛機。,我常常去看風景、看飛機，覺得很有意思。,所以我常常去看風景、看飛機，有時候還會拍照，這也是我喜歡住在這裡的原因。,風景,scenery,fēngjǐng,N,,,,,,"{""prompt"":""請看圖，說出這一句。"",""phrases"":null,""imageUrl"":""/uploads/images/lesson-6-8-bubble/l7r-frame-10.png"",""promptHard"":""請加上原因或感受。"",""vocabulary"":""風景"",""phrasesHard"":null,""imageUrlHard"":""/uploads/images/lesson-6-8-bubble/l7r-frame-10.png"",""listenScript"":null,""promptMedium"":""請用完整句子說明。"",""phrasesMedium"":null,""vocabularyPos"":""N"",""grammarExample"":null,""grammarPattern"":null,""imageUrlMedium"":""/uploads/images/lesson-6-8-bubble/l7r-frame-10.png"",""listenAudioUrl"":null,""vocabularyHard"":""風景"",""suggestedAnswer"":""我常常去看風景、看飛機。"",""vocabularyCloze"":""[[{\""sentence\"":\""我常常去看風景、看飛機。\"",\""distractors\"":[\""朋友\"",\""學校\"",\""飯店\""]}]]"",""listenScriptHard"":null,""vocabularyGroups"":null,""vocabularyMedium"":""風景"",""vocabularyPinyin"":""fēngjǐng"",""listenAudioSource"":null,""vocabularyPosHard"":null,""vocabularySynonym"":""[[]]"",""listenAudioUrlHard"":null,""listenScriptMedium"":null,""phrasesTranslation"":null,""suggestedAnswerHard"":""所以我常常去看風景、看飛機，有時候還會拍照，這也是我喜歡住在這裡的原因。"",""vocabularyAudioUrls"":null,""vocabularyLookalike"":""[[]]"",""vocabularyPosMedium"":null,""listenAudioUrlMedium"":null,""vocabularyPinyinHard"":null,""listenAudioSourceHard"":null,""suggestedAnswerMedium"":""我常常去看風景、看飛機，覺得很有意思。"",""vocabularyDistractors"":""[[]]"",""vocabularyTranslation"":""scenery"",""phrasesTranslationHard"":null,""vocabularyPinyinMedium"":null,""listenAudioSourceMedium"":null,""sentenceReferenceCurves"":null,""vocabularyAudioUrlsHard"":null,""phrasesTranslationMedium"":null,""vocabularyAudioUrlsMedium"":null,""vocabularyReferenceCurves"":null,""vocabularyTranslationHard"":null,""sentenceReferenceCurvesHard"":null,""vocabularyTranslationMedium"":null,""sentenceReferenceCurvesMedium"":null,""vocabularyReferenceCurvesHard"":null,""vocabularyReferenceCurvesMedium"":null}"
8,1,modern-chinese-l8-dialogue-1,第8課 對話一：我想買新衣服,True,0,/uploads/images/lesson-6-8-full-v3-final/l8d1-1.png,請看圖，說出這一句。,請用完整句子說明。,請加上原因或感受。,宜文：元真，妳的這條裙子真好看，我很喜歡。,宜文：元真，妳的這條裙子真好看，顏色也很適合妳，我很喜歡。,宜文：元真，妳的這條裙子真好看，不但顏色很適合妳，樣子也很特別，我很喜歡。,裙子,skirt,qúnzi,N,,,,,,"{""prompt"":""請看圖，說出這一句。"",""phrases"":null,""imageUrl"":""/uploads/images/lesson-6-8-full-v3-final/l8d1-1.png"",""promptHard"":""請加上原因或感受。"",""vocabulary"":""裙子"",""phrasesHard"":null,""imageUrlHard"":""/uploads/images/lesson-6-8-full-v3-final/l8d1-1.png"",""listenScript"":null,""promptMedium"":""請用完整句子說明。"",""phrasesMedium"":null,""vocabularyPos"":""N"",""grammarExample"":null,""grammarPattern"":null,""imageUrlMedium"":""/uploads/images/lesson-6-8-full-v3-final/l8d1-1.png"",""listenAudioUrl"":null,""vocabularyHard"":""裙子"",""suggestedAnswer"":""宜文：元真，妳的這條裙子真好看，我很喜歡。"",""vocabularyCloze"":""[[{\""sentence\"":\""宜文：元真，妳的這條裙子真好看，我很喜歡。\"",\""distractors\"":[\""朋友\"",\""學校\"",\""飯店\""]}]]"",""listenScriptHard"":null,""vocabularyGroups"":null,""vocabularyMedium"":""裙子"",""vocabularyPinyin"":""qúnzi"",""listenAudioSource"":null,""vocabularyPosHard"":null,""vocabularySynonym"":""[[]]"",""listenAudioUrlHard"":null,""listenScriptMedium"":null,""phrasesTranslation"":null,""suggestedAnswerHard"":""宜文：元真，妳的這條裙子真好看，不但顏色很適合妳，樣子也很特別，我很喜歡。"",""vocabularyAudioUrls"":null,""vocabularyLookalike"":""[[]]"",""vocabularyPosMedium"":null,""listenAudioUrlMedium"":null,""vocabularyPinyinHard"":null,""listenAudioSourceHard"":null,""suggestedAnswerMedium"":""宜文：元真，妳的這條裙子真好看，顏色也很適合妳，我很喜歡。"",""vocabularyDistractors"":""[[]]"",""vocabularyTranslation"":""skirt"",""phrasesTranslationHard"":null,""vocabularyPinyinMedium"":null,""listenAudioSourceMedium"":null,""sentenceReferenceCurves"":null,""vocabularyAudioUrlsHard"":null,""phrasesTranslationMedium"":null,""vocabularyAudioUrlsMedium"":null,""vocabularyReferenceCurves"":null,""vocabularyTranslationHard"":null,""sentenceReferenceCurvesHard"":null,""vocabularyTranslationMedium"":null,""sentenceReferenceCurvesMedium"":null,""vocabularyReferenceCurvesHard"":null,""vocabularyReferenceCurvesMedium"":null}"
8,1,modern-chinese-l8-dialogue-1,第8課 對話一：我想買新衣服,True,1,/uploads/images/lesson-6-8-full-v3-final/l8d1-2.png,請看圖，說出這一句。,請用完整句子說明。,請加上原因或感受。,元真：謝謝，這是我去年的生日禮物。,元真：謝謝，這是我去年的生日禮物，是家人送我的。,元真：謝謝，這是我去年的生日禮物，家人特別幫我選的，所以我一直很喜歡。,生日,birthday,shēngrì,N,,,,,,"{""prompt"":""請看圖，說出這一句。"",""phrases"":null,""imageUrl"":""/uploads/images/lesson-6-8-full-v3-final/l8d1-2.png"",""promptHard"":""請加上原因或感受。"",""vocabulary"":""生日"",""phrasesHard"":null,""imageUrlHard"":""/uploads/images/lesson-6-8-full-v3-final/l8d1-2.png"",""listenScript"":null,""promptMedium"":""請用完整句子說明。"",""phrasesMedium"":null,""vocabularyPos"":""N"",""grammarExample"":null,""grammarPattern"":null,""imageUrlMedium"":""/uploads/images/lesson-6-8-full-v3-final/l8d1-2.png"",""listenAudioUrl"":null,""vocabularyHard"":""生日"",""suggestedAnswer"":""元真：謝謝，這是我去年的生日禮物。"",""vocabularyCloze"":""[[{\""sentence\"":\""元真：謝謝，這是我去年的生日禮物。\"",\""distractors\"":[\""朋友\"",\""學校\"",\""飯店\""]}]]"",""listenScriptHard"":null,""vocabularyGroups"":null,""vocabularyMedium"":""生日"",""vocabularyPinyin"":""shēngrì"",""listenAudioSource"":null,""vocabularyPosHard"":null,""vocabularySynonym"":""[[]]"",""listenAudioUrlHard"":null,""listenScriptMedium"":null,""phrasesTranslation"":null,""suggestedAnswerHard"":""元真：謝謝，這是我去年的生日禮物，家人特別幫我選的，所以我一直很喜歡。"",""vocabularyAudioUrls"":null,""vocabularyLookalike"":""[[]]"",""vocabularyPosMedium"":null,""listenAudioUrlMedium"":null,""vocabularyPinyinHard"":null,""listenAudioSourceHard"":null,""suggestedAnswerMedium"":""元真：謝謝，這是我去年的生日禮物，是家人送我的。"",""vocabularyDistractors"":""[[]]"",""vocabularyTranslation"":""birthday"",""phrasesTranslationHard"":null,""vocabularyPinyinMedium"":null,""listenAudioSourceMedium"":null,""sentenceReferenceCurves"":null,""vocabularyAudioUrlsHard"":null,""phrasesTranslationMedium"":null,""vocabularyAudioUrlsMedium"":null,""vocabularyReferenceCurves"":null,""vocabularyTranslationHard"":null,""sentenceReferenceCurvesHard"":null,""vocabularyTranslationMedium"":null,""sentenceReferenceCurvesMedium"":null,""vocabularyReferenceCurvesHard"":null,""vocabularyReferenceCurvesMedium"":null}"
8,1,modern-chinese-l8-dialogue-1,第8課 對話一：我想買新衣服,True,2,/uploads/images/lesson-6-8-full-v3-final/l8d1-3.png,請看圖，說出這一句。,請用完整句子說明。,請加上原因或感受。,宜文：聽說這個牌子的東西很貴，可是很多人喜歡。,宜文：聽說這個牌子的東西很貴，可是設計很好看，所以很多人喜歡。,宜文：我聽說這個牌子的東西很貴，可是品質和設計都不錯，所以還是有很多人喜歡。,東西,thing,dōngxi,N,,,,,,"{""prompt"":""請看圖，說出這一句。"",""phrases"":null,""imageUrl"":""/uploads/images/lesson-6-8-full-v3-final/l8d1-3.png"",""promptHard"":""請加上原因或感受。"",""vocabulary"":""東西"",""phrasesHard"":null,""imageUrlHard"":""/uploads/images/lesson-6-8-full-v3-final/l8d1-3.png"",""listenScript"":null,""promptMedium"":""請用完整句子說明。"",""phrasesMedium"":null,""vocabularyPos"":""N"",""grammarExample"":null,""grammarPattern"":null,""imageUrlMedium"":""/uploads/images/lesson-6-8-full-v3-final/l8d1-3.png"",""listenAudioUrl"":null,""vocabularyHard"":""東西"",""suggestedAnswer"":""宜文：聽說這個牌子的東西很貴，可是很多人喜歡。"",""vocabularyCloze"":""[[{\""sentence\"":\""宜文：聽說這個牌子的東西很貴，可是很多人喜歡。\"",\""distractors\"":[\""朋友\"",\""學校\"",\""飯店\""]}]]"",""listenScriptHard"":null,""vocabularyGroups"":null,""vocabularyMedium"":""東西"",""vocabularyPinyin"":""dōngxi"",""listenAudioSource"":null,""vocabularyPosHard"":null,""vocabularySynonym"":""[[]]"",""listenAudioUrlHard"":null,""listenScriptMedium"":null,""phrasesTranslation"":null,""suggestedAnswerHard"":""宜文：我聽說這個牌子的東西很貴，可是品質和設計都不錯，所以還是有很多人喜歡。"",""vocabularyAudioUrls"":null,""vocabularyLookalike"":""[[]]"",""vocabularyPosMedium"":null,""listenAudioUrlMedium"":null,""vocabularyPinyinHard"":null,""listenAudioSourceHard"":null,""suggestedAnswerMedium"":""宜文：聽說這個牌子的東西很貴，可是設計很好看，所以很多人喜歡。"",""vocabularyDistractors"":""[[]]"",""vocabularyTranslation"":""thing"",""phrasesTranslationHard"":null,""vocabularyPinyinMedium"":null,""listenAudioSourceMedium"":null,""sentenceReferenceCurves"":null,""vocabularyAudioUrlsHard"":null,""phrasesTranslationMedium"":null,""vocabularyAudioUrlsMedium"":null,""vocabularyReferenceCurves"":null,""vocabularyTranslationHard"":null,""sentenceReferenceCurvesHard"":null,""vocabularyTranslationMedium"":null,""sentenceReferenceCurvesMedium"":null,""vocabularyReferenceCurvesHard"":null,""vocabularyReferenceCurvesMedium"":null}"
8,1,modern-chinese-l8-dialogue-1,第8課 對話一：我想買新衣服,True,3,/uploads/images/lesson-6-8-full-v3-final/l8d1-4.png,請看圖，說出這一句。,請用完整句子說明。,請加上原因或感受。,元真：是啊，因為這個牌子很有名，衣服、褲子和裙子也都很好看，所以很多人買。,元真：是啊，因為這個牌子很有名，而且衣服、褲子和裙子也都很好看，所以很多人買。,元真：是啊，因為這個牌子很有名，而且每一季的衣服、褲子和裙子都很好看，所以就算價格比較高，還是很多人買。,"衣服,褲子,裙子","clothes, pants, skirt","yīfu, kùzi, qúnzi","N, N, N",,,,,,"{""prompt"":""請看圖，說出這一句。"",""phrases"":null,""imageUrl"":""/uploads/images/lesson-6-8-full-v3-final/l8d1-4.png"",""promptHard"":""請加上原因或感受。"",""vocabulary"":""衣服,褲子,裙子"",""phrasesHard"":null,""imageUrlHard"":""/uploads/images/lesson-6-8-full-v3-final/l8d1-4.png"",""listenScript"":null,""promptMedium"":""請用完整句子說明。"",""phrasesMedium"":null,""vocabularyPos"":""N, N, N"",""grammarExample"":null,""grammarPattern"":null,""imageUrlMedium"":""/uploads/images/lesson-6-8-full-v3-final/l8d1-4.png"",""listenAudioUrl"":null,""vocabularyHard"":""衣服,褲子,裙子"",""suggestedAnswer"":""元真：是啊，因為這個牌子很有名，衣服、褲子和裙子也都很好看，所以很多人買。"",""vocabularyCloze"":""[[{\""sentence\"":\""元真：是啊，因為這個牌子很有名，衣服、褲子和裙子也都很好看，所以很多人買。\"",\""distractors\"":[\""朋友\"",\""學校\"",\""飯店\""]}],[{\""sentence\"":\""元真：是啊，因為這個牌子很有名，衣服、褲子和裙子也都很好看，所以很多人買。\"",\""distractors\"":[\""朋友\"",\""學校\"",\""飯店\""]}],[{\""sentence\"":\""元真：是啊，因為這個牌子很有名，衣服、褲子和裙子也都很好看，所以很多人買。\"",\""distractors\"":[\""朋友\"",\""學校\"",\""飯店\""]}]]"",""listenScriptHard"":null,""vocabularyGroups"":null,""vocabularyMedium"":""衣服,褲子,裙子"",""vocabularyPinyin"":""yīfu, kùzi, qúnzi"",""listenAudioSource"":null,""vocabularyPosHard"":null,""vocabularySynonym"":""[[],[],[]]"",""listenAudioUrlHard"":null,""listenScriptMedium"":null,""phrasesTranslation"":null,""suggestedAnswerHard"":""元真：是啊，因為這個牌子很有名，而且每一季的衣服、褲子和裙子都很好看，所以就算價格比較高，還是很多人買。"",""vocabularyAudioUrls"":null,""vocabularyLookalike"":""[[],[],[]]"",""vocabularyPosMedium"":null,""listenAudioUrlMedium"":null,""vocabularyPinyinHard"":null,""listenAudioSourceHard"":null,""suggestedAnswerMedium"":""元真：是啊，因為這個牌子很有名，而且衣服、褲子和裙子也都很好看，所以很多人買。"",""vocabularyDistractors"":""[[],[],[]]"",""vocabularyTranslation"":""clothes, pants, skirt"",""phrasesTranslationHard"":null,""vocabularyPinyinMedium"":null,""listenAudioSourceMedium"":null,""sentenceReferenceCurves"":null,""vocabularyAudioUrlsHard"":null,""phrasesTranslationMedium"":null,""vocabularyAudioUrlsMedium"":null,""vocabularyReferenceCurves"":null,""vocabularyTranslationHard"":null,""sentenceReferenceCurvesHard"":null,""vocabularyTranslationMedium"":null,""sentenceReferenceCurvesMedium"":null,""vocabularyReferenceCurvesHard"":null,""vocabularyReferenceCurvesMedium"":null}"
8,1,modern-chinese-l8-dialogue-1,第8課 對話一：我想買新衣服,True,4,/uploads/images/lesson-6-8-full-v3-final/l8d1-5.png,請看圖，說出這一句。,請用完整句子說明。,請加上原因或感受。,宜文：妳知道去哪裡買這個牌子的衣服嗎？,宜文：那妳知道去哪裡買這個牌子的衣服嗎？我也想去看看。,宜文：妳知道去哪裡買這個牌子的衣服嗎？我最近想買幾件新的，所以想先去試穿看看。,衣服,clothes,yīfu,N,,,,,,"{""prompt"":""請看圖，說出這一句。"",""phrases"":null,""imageUrl"":""/uploads/images/lesson-6-8-full-v3-final/l8d1-5.png"",""promptHard"":""請加上原因或感受。"",""vocabulary"":""衣服"",""phrasesHard"":null,""imageUrlHard"":""/uploads/images/lesson-6-8-full-v3-final/l8d1-5.png"",""listenScript"":null,""promptMedium"":""請用完整句子說明。"",""phrasesMedium"":null,""vocabularyPos"":""N"",""grammarExample"":null,""grammarPattern"":null,""imageUrlMedium"":""/uploads/images/lesson-6-8-full-v3-final/l8d1-5.png"",""listenAudioUrl"":null,""vocabularyHard"":""衣服"",""suggestedAnswer"":""宜文：妳知道去哪裡買這個牌子的衣服嗎？"",""vocabularyCloze"":""[[{\""sentence\"":\""宜文：妳知道去哪裡買這個牌子的衣服嗎？\"",\""distractors\"":[\""朋友\"",\""學校\"",\""飯店\""]}]]"",""listenScriptHard"":null,""vocabularyGroups"":null,""vocabularyMedium"":""衣服"",""vocabularyPinyin"":""yīfu"",""listenAudioSource"":null,""vocabularyPosHard"":null,""vocabularySynonym"":""[[]]"",""listenAudioUrlHard"":null,""listenScriptMedium"":null,""phrasesTranslation"":null,""suggestedAnswerHard"":""宜文：妳知道去哪裡買這個牌子的衣服嗎？我最近想買幾件新的，所以想先去試穿看看。"",""vocabularyAudioUrls"":null,""vocabularyLookalike"":""[[]]"",""vocabularyPosMedium"":null,""listenAudioUrlMedium"":null,""vocabularyPinyinHard"":null,""listenAudioSourceHard"":null,""suggestedAnswerMedium"":""宜文：那妳知道去哪裡買這個牌子的衣服嗎？我也想去看看。"",""vocabularyDistractors"":""[[]]"",""vocabularyTranslation"":""clothes"",""phrasesTranslationHard"":null,""vocabularyPinyinMedium"":null,""listenAudioSourceMedium"":null,""sentenceReferenceCurves"":null,""vocabularyAudioUrlsHard"":null,""phrasesTranslationMedium"":null,""vocabularyAudioUrlsMedium"":null,""vocabularyReferenceCurves"":null,""vocabularyTranslationHard"":null,""sentenceReferenceCurvesHard"":null,""vocabularyTranslationMedium"":null,""sentenceReferenceCurvesMedium"":null,""vocabularyReferenceCurvesHard"":null,""vocabularyReferenceCurvesMedium"":null}"
8,1,modern-chinese-l8-dialogue-1,第8課 對話一：我想買新衣服,True,5,/uploads/images/lesson-6-8-full-v3-final/l8d1-6.png,請看圖，說出這一句。,請用完整句子說明。,請加上原因或感受。,元真：知道，百貨公司都有，不難找。,元真：知道，很多百貨公司都有這個牌子，所以不難找。,元真：知道，市區幾家百貨公司都有這個牌子的專櫃，交通也很方便，所以不難找。,百貨公司,department store,bǎihuò gōngsī,N,,,,,,"{""prompt"":""請看圖，說出這一句。"",""phrases"":null,""imageUrl"":""/uploads/images/lesson-6-8-full-v3-final/l8d1-6.png"",""promptHard"":""請加上原因或感受。"",""vocabulary"":""百貨公司"",""phrasesHard"":null,""imageUrlHard"":""/uploads/images/lesson-6-8-full-v3-final/l8d1-6.png"",""listenScript"":null,""promptMedium"":""請用完整句子說明。"",""phrasesMedium"":null,""vocabularyPos"":""N"",""grammarExample"":null,""grammarPattern"":null,""imageUrlMedium"":""/uploads/images/lesson-6-8-full-v3-final/l8d1-6.png"",""listenAudioUrl"":null,""vocabularyHard"":""百貨公司"",""suggestedAnswer"":""元真：知道，百貨公司都有，不難找。"",""vocabularyCloze"":""[[{\""sentence\"":\""元真：知道，百貨公司都有，不難找。\"",\""distractors\"":[\""朋友\"",\""學校\"",\""飯店\""]}]]"",""listenScriptHard"":null,""vocabularyGroups"":null,""vocabularyMedium"":""百貨公司"",""vocabularyPinyin"":""bǎihuò gōngsī"",""listenAudioSource"":null,""vocabularyPosHard"":null,""vocabularySynonym"":""[[]]"",""listenAudioUrlHard"":null,""listenScriptMedium"":null,""phrasesTranslation"":null,""suggestedAnswerHard"":""元真：知道，市區幾家百貨公司都有這個牌子的專櫃，交通也很方便，所以不難找。"",""vocabularyAudioUrls"":null,""vocabularyLookalike"":""[[]]"",""vocabularyPosMedium"":null,""listenAudioUrlMedium"":null,""vocabularyPinyinHard"":null,""listenAudioSourceHard"":null,""suggestedAnswerMedium"":""元真：知道，很多百貨公司都有這個牌子，所以不難找。"",""vocabularyDistractors"":""[[]]"",""vocabularyTranslation"":""department store"",""phrasesTranslationHard"":null,""vocabularyPinyinMedium"":null,""listenAudioSourceMedium"":null,""sentenceReferenceCurves"":null,""vocabularyAudioUrlsHard"":null,""phrasesTranslationMedium"":null,""vocabularyAudioUrlsMedium"":null,""vocabularyReferenceCurves"":null,""vocabularyTranslationHard"":null,""sentenceReferenceCurvesHard"":null,""vocabularyTranslationMedium"":null,""sentenceReferenceCurvesMedium"":null,""vocabularyReferenceCurvesHard"":null,""vocabularyReferenceCurvesMedium"":null}"
8,1,modern-chinese-l8-dialogue-1,第8課 對話一：我想買新衣服,True,6,/uploads/images/lesson-6-8-full-v3-final/l8d1-7.png,請看圖，說出這一句。,請用完整句子說明。,請加上原因或感受。,宜文：我很想去看，可是我最近胖了五公斤，我怕衣服不好買。,宜文：我很想去看，可是我最近胖了五公斤，所以有點擔心衣服不好買。,宜文：我很想去看，可是我最近胖了五公斤，原來的衣服有些變緊了，所以我怕合適的衣服不好買。,衣服,clothes,yīfu,N,,,,,,"{""prompt"":""請看圖，說出這一句。"",""phrases"":null,""imageUrl"":""/uploads/images/lesson-6-8-full-v3-final/l8d1-7.png"",""promptHard"":""請加上原因或感受。"",""vocabulary"":""衣服"",""phrasesHard"":null,""imageUrlHard"":""/uploads/images/lesson-6-8-full-v3-final/l8d1-7.png"",""listenScript"":null,""promptMedium"":""請用完整句子說明。"",""phrasesMedium"":null,""vocabularyPos"":""N"",""grammarExample"":null,""grammarPattern"":null,""imageUrlMedium"":""/uploads/images/lesson-6-8-full-v3-final/l8d1-7.png"",""listenAudioUrl"":null,""vocabularyHard"":""衣服"",""suggestedAnswer"":""宜文：我很想去看，可是我最近胖了五公斤，我怕衣服不好買。"",""vocabularyCloze"":""[[{\""sentence\"":\""宜文：我很想去看，可是我最近胖了五公斤，我怕衣服不好買。\"",\""distractors\"":[\""朋友\"",\""學校\"",\""飯店\""]}]]"",""listenScriptHard"":null,""vocabularyGroups"":null,""vocabularyMedium"":""衣服"",""vocabularyPinyin"":""yīfu"",""listenAudioSource"":null,""vocabularyPosHard"":null,""vocabularySynonym"":""[[]]"",""listenAudioUrlHard"":null,""listenScriptMedium"":null,""phrasesTranslation"":null,""suggestedAnswerHard"":""宜文：我很想去看，可是我最近胖了五公斤，原來的衣服有些變緊了，所以我怕合適的衣服不好買。"",""vocabularyAudioUrls"":null,""vocabularyLookalike"":""[[]]"",""vocabularyPosMedium"":null,""listenAudioUrlMedium"":null,""vocabularyPinyinHard"":null,""listenAudioSourceHard"":null,""suggestedAnswerMedium"":""宜文：我很想去看，可是我最近胖了五公斤，所以有點擔心衣服不好買。"",""vocabularyDistractors"":""[[]]"",""vocabularyTranslation"":""clothes"",""phrasesTranslationHard"":null,""vocabularyPinyinMedium"":null,""listenAudioSourceMedium"":null,""sentenceReferenceCurves"":null,""vocabularyAudioUrlsHard"":null,""phrasesTranslationMedium"":null,""vocabularyAudioUrlsMedium"":null,""vocabularyReferenceCurves"":null,""vocabularyTranslationHard"":null,""sentenceReferenceCurvesHard"":null,""vocabularyTranslationMedium"":null,""sentenceReferenceCurvesMedium"":null,""vocabularyReferenceCurvesHard"":null,""vocabularyReferenceCurvesMedium"":null}"
8,1,modern-chinese-l8-dialogue-1,第8課 對話一：我想買新衣服,True,7,/uploads/images/lesson-6-8-full-v3-final/l8d1-8.png,請看圖，說出這一句。,請用完整句子說明。,請加上原因或感受。,元真：妳胖了嗎？我不覺得啊，我跟妳一起去看。我也想去買今年夏天的新衣服。,元真：妳胖了嗎？我真的不覺得啊。我跟妳一起去看，而且我也想去買今年夏天的新衣服。,元真：妳胖了嗎？我完全不覺得啊。別擔心，我跟妳一起去看，也可以幫妳選。我自己也想買今年夏天的新衣服。,衣服,clothes,yīfu,N,,,,,,"{""prompt"":""請看圖，說出這一句。"",""phrases"":null,""imageUrl"":""/uploads/images/lesson-6-8-full-v3-final/l8d1-8.png"",""promptHard"":""請加上原因或感受。"",""vocabulary"":""衣服"",""phrasesHard"":null,""imageUrlHard"":""/uploads/images/lesson-6-8-full-v3-final/l8d1-8.png"",""listenScript"":null,""promptMedium"":""請用完整句子說明。"",""phrasesMedium"":null,""vocabularyPos"":""N"",""grammarExample"":null,""grammarPattern"":null,""imageUrlMedium"":""/uploads/images/lesson-6-8-full-v3-final/l8d1-8.png"",""listenAudioUrl"":null,""vocabularyHard"":""衣服"",""suggestedAnswer"":""元真：妳胖了嗎？我不覺得啊，我跟妳一起去看。我也想去買今年夏天的新衣服。"",""vocabularyCloze"":""[[{\""sentence\"":\""元真：妳胖了嗎？我不覺得啊，我跟妳一起去看。我也想去買今年夏天的新衣服。\"",\""distractors\"":[\""朋友\"",\""學校\"",\""飯店\""]}]]"",""listenScriptHard"":null,""vocabularyGroups"":null,""vocabularyMedium"":""衣服"",""vocabularyPinyin"":""yīfu"",""listenAudioSource"":null,""vocabularyPosHard"":null,""vocabularySynonym"":""[[]]"",""listenAudioUrlHard"":null,""listenScriptMedium"":null,""phrasesTranslation"":null,""suggestedAnswerHard"":""元真：妳胖了嗎？我完全不覺得啊。別擔心，我跟妳一起去看，也可以幫妳選。我自己也想買今年夏天的新衣服。"",""vocabularyAudioUrls"":null,""vocabularyLookalike"":""[[]]"",""vocabularyPosMedium"":null,""listenAudioUrlMedium"":null,""vocabularyPinyinHard"":null,""listenAudioSourceHard"":null,""suggestedAnswerMedium"":""元真：妳胖了嗎？我真的不覺得啊。我跟妳一起去看，而且我也想去買今年夏天的新衣服。"",""vocabularyDistractors"":""[[]]"",""vocabularyTranslation"":""clothes"",""phrasesTranslationHard"":null,""vocabularyPinyinMedium"":null,""listenAudioSourceMedium"":null,""sentenceReferenceCurves"":null,""vocabularyAudioUrlsHard"":null,""phrasesTranslationMedium"":null,""vocabularyAudioUrlsMedium"":null,""vocabularyReferenceCurves"":null,""vocabularyTranslationHard"":null,""sentenceReferenceCurvesHard"":null,""vocabularyTranslationMedium"":null,""sentenceReferenceCurvesMedium"":null,""vocabularyReferenceCurvesHard"":null,""vocabularyReferenceCurvesMedium"":null}"
8,1,modern-chinese-l8-dialogue-1,第8課 對話一：我想買新衣服,True,8,/uploads/images/lesson-6-8-full-v3-final/l8d1-9.png,請看圖，說出這一句。,請用完整句子說明。,請加上原因或感受。,宜文：好，我們找時間一起去。,宜文：好，那我們找一個都有空的時間一起去。,宜文：好啊，那我們看看這個週末有沒有時間，找一個大家都有空的時候一起去。,,,,,,,,,,"{""prompt"":""請看圖，說出這一句。"",""phrases"":null,""imageUrl"":""/uploads/images/lesson-6-8-full-v3-final/l8d1-9.png"",""promptHard"":""請加上原因或感受。"",""vocabulary"":"""",""phrasesHard"":null,""imageUrlHard"":""/uploads/images/lesson-6-8-full-v3-final/l8d1-9.png"",""listenScript"":null,""promptMedium"":""請用完整句子說明。"",""phrasesMedium"":null,""vocabularyPos"":null,""grammarExample"":null,""grammarPattern"":null,""imageUrlMedium"":""/uploads/images/lesson-6-8-full-v3-final/l8d1-9.png"",""listenAudioUrl"":null,""vocabularyHard"":"""",""suggestedAnswer"":""宜文：好，我們找時間一起去。"",""vocabularyCloze"":null,""listenScriptHard"":null,""vocabularyGroups"":null,""vocabularyMedium"":"""",""vocabularyPinyin"":null,""listenAudioSource"":null,""vocabularyPosHard"":null,""vocabularySynonym"":null,""listenAudioUrlHard"":null,""listenScriptMedium"":null,""phrasesTranslation"":null,""suggestedAnswerHard"":""宜文：好啊，那我們看看這個週末有沒有時間，找一個大家都有空的時候一起去。"",""vocabularyAudioUrls"":null,""vocabularyLookalike"":null,""vocabularyPosMedium"":null,""listenAudioUrlMedium"":null,""vocabularyPinyinHard"":null,""listenAudioSourceHard"":null,""suggestedAnswerMedium"":""宜文：好，那我們找一個都有空的時間一起去。"",""vocabularyDistractors"":null,""vocabularyTranslation"":null,""phrasesTranslationHard"":null,""vocabularyPinyinMedium"":null,""listenAudioSourceMedium"":null,""sentenceReferenceCurves"":null,""vocabularyAudioUrlsHard"":null,""phrasesTranslationMedium"":null,""vocabularyAudioUrlsMedium"":null,""vocabularyReferenceCurves"":null,""vocabularyTranslationHard"":null,""sentenceReferenceCurvesHard"":null,""vocabularyTranslationMedium"":null,""sentenceReferenceCurvesMedium"":null,""vocabularyReferenceCurvesHard"":null,""vocabularyReferenceCurvesMedium"":null}"
8,2,modern-chinese-l8-dialogue-2,第8課 對話二：這條褲子太小了,True,0,/uploads/images/lesson-6-8-full-v3-final/l8d2-1.png,請看圖，說出這一句。,請用完整句子說明。,請加上原因或感受。,宜文：妳看，這條黃色的褲子不錯吧？,宜文：妳看，這條黃色的褲子不錯吧？顏色很亮。,宜文：妳看，這條黃色的褲子不錯吧？我覺得顏色很特別，而且很好搭衣服。,褲子,pants,kùzi,N,,,,,,"{""prompt"":""請看圖，說出這一句。"",""phrases"":null,""imageUrl"":""/uploads/images/lesson-6-8-full-v3-final/l8d2-1.png"",""promptHard"":""請加上原因或感受。"",""vocabulary"":""褲子"",""phrasesHard"":null,""imageUrlHard"":""/uploads/images/lesson-6-8-full-v3-final/l8d2-1.png"",""listenScript"":null,""promptMedium"":""請用完整句子說明。"",""phrasesMedium"":null,""vocabularyPos"":""N"",""grammarExample"":null,""grammarPattern"":null,""imageUrlMedium"":""/uploads/images/lesson-6-8-full-v3-final/l8d2-1.png"",""listenAudioUrl"":null,""vocabularyHard"":""褲子"",""suggestedAnswer"":""宜文：妳看，這條黃色的褲子不錯吧？"",""vocabularyCloze"":""[[{\""sentence\"":\""宜文：妳看，這條黃色的褲子不錯吧？\"",\""distractors\"":[\""朋友\"",\""學校\"",\""飯店\""]}]]"",""listenScriptHard"":null,""vocabularyGroups"":null,""vocabularyMedium"":""褲子"",""vocabularyPinyin"":""kùzi"",""listenAudioSource"":null,""vocabularyPosHard"":null,""vocabularySynonym"":""[[]]"",""listenAudioUrlHard"":null,""listenScriptMedium"":null,""phrasesTranslation"":null,""suggestedAnswerHard"":""宜文：妳看，這條黃色的褲子不錯吧？我覺得顏色很特別，而且很好搭衣服。"",""vocabularyAudioUrls"":null,""vocabularyLookalike"":""[[]]"",""vocabularyPosMedium"":null,""listenAudioUrlMedium"":null,""vocabularyPinyinHard"":null,""listenAudioSourceHard"":null,""suggestedAnswerMedium"":""宜文：妳看，這條黃色的褲子不錯吧？顏色很亮。"",""vocabularyDistractors"":""[[]]"",""vocabularyTranslation"":""pants"",""phrasesTranslationHard"":null,""vocabularyPinyinMedium"":null,""listenAudioSourceMedium"":null,""sentenceReferenceCurves"":null,""vocabularyAudioUrlsHard"":null,""phrasesTranslationMedium"":null,""vocabularyAudioUrlsMedium"":null,""vocabularyReferenceCurves"":null,""vocabularyTranslationHard"":null,""sentenceReferenceCurvesHard"":null,""vocabularyTranslationMedium"":null,""sentenceReferenceCurvesMedium"":null,""vocabularyReferenceCurvesHard"":null,""vocabularyReferenceCurvesMedium"":null}"
8,2,modern-chinese-l8-dialogue-2,第8課 對話二：這條褲子太小了,True,1,/uploads/images/lesson-6-8-full-v3-final/l8d2-2.png,請看圖，說出這一句。,請用完整句子說明。,請加上原因或感受。,元真：很好看。這條藍的也很漂亮，藍色是今年很流行的顏色。,元真：很好看。這條藍的也很漂亮，藍色是今年很流行的顏色，妳也可以試試看。,元真：黃色的很好看，不過這條藍的也很漂亮，而且藍色是今年很流行的顏色，妳可以兩條都試試。,"漂亮,流行","beautiful, popular","piàoliang, liúxíng","Adj, Adj",,,,,,"{""prompt"":""請看圖，說出這一句。"",""phrases"":null,""imageUrl"":""/uploads/images/lesson-6-8-full-v3-final/l8d2-2.png"",""promptHard"":""請加上原因或感受。"",""vocabulary"":""漂亮,流行"",""phrasesHard"":null,""imageUrlHard"":""/uploads/images/lesson-6-8-full-v3-final/l8d2-2.png"",""listenScript"":null,""promptMedium"":""請用完整句子說明。"",""phrasesMedium"":null,""vocabularyPos"":""Adj, Adj"",""grammarExample"":null,""grammarPattern"":null,""imageUrlMedium"":""/uploads/images/lesson-6-8-full-v3-final/l8d2-2.png"",""listenAudioUrl"":null,""vocabularyHard"":""漂亮,流行"",""suggestedAnswer"":""元真：很好看。這條藍的也很漂亮，藍色是今年很流行的顏色。"",""vocabularyCloze"":""[[{\""sentence\"":\""元真：很好看。這條藍的也很漂亮，藍色是今年很流行的顏色。\"",\""distractors\"":[\""方便\"",\""有趣\""]}],[{\""sentence\"":\""元真：很好看。這條藍的也很漂亮，藍色是今年很流行的顏色。\"",\""distractors\"":[\""漂亮\"",\""方便\"",\""有趣\""]}]]"",""listenScriptHard"":null,""vocabularyGroups"":null,""vocabularyMedium"":""漂亮,流行"",""vocabularyPinyin"":""piàoliang, liúxíng"",""listenAudioSource"":null,""vocabularyPosHard"":null,""vocabularySynonym"":""[[],[]]"",""listenAudioUrlHard"":null,""listenScriptMedium"":null,""phrasesTranslation"":null,""suggestedAnswerHard"":""元真：黃色的很好看，不過這條藍的也很漂亮，而且藍色是今年很流行的顏色，妳可以兩條都試試。"",""vocabularyAudioUrls"":null,""vocabularyLookalike"":""[[],[]]"",""vocabularyPosMedium"":null,""listenAudioUrlMedium"":null,""vocabularyPinyinHard"":null,""listenAudioSourceHard"":null,""suggestedAnswerMedium"":""元真：很好看。這條藍的也很漂亮，藍色是今年很流行的顏色，妳也可以試試看。"",""vocabularyDistractors"":""[[],[]]"",""vocabularyTranslation"":""beautiful, popular"",""phrasesTranslationHard"":null,""vocabularyPinyinMedium"":null,""listenAudioSourceMedium"":null,""sentenceReferenceCurves"":null,""vocabularyAudioUrlsHard"":null,""phrasesTranslationMedium"":null,""vocabularyAudioUrlsMedium"":null,""vocabularyReferenceCurves"":null,""vocabularyTranslationHard"":null,""sentenceReferenceCurvesHard"":null,""vocabularyTranslationMedium"":null,""sentenceReferenceCurvesMedium"":null,""vocabularyReferenceCurvesHard"":null,""vocabularyReferenceCurvesMedium"":null}"
8,2,modern-chinese-l8-dialogue-2,第8課 對話二：這條褲子太小了,True,2,/uploads/images/lesson-6-8-full-v3-final/l8d2-3.png,請看圖，說出這一句。,請用完整句子說明。,請加上原因或感受。,宜文：這兩條我都去穿穿看。,宜文：好，那這兩條我都去穿穿看，再決定要哪一條。,宜文：好，我先把這兩條都拿去穿穿看，比較一下大小和顏色，再決定哪一條比較適合。,,,,,,,,,,"{""prompt"":""請看圖，說出這一句。"",""phrases"":null,""imageUrl"":""/uploads/images/lesson-6-8-full-v3-final/l8d2-3.png"",""promptHard"":""請加上原因或感受。"",""vocabulary"":"""",""phrasesHard"":null,""imageUrlHard"":""/uploads/images/lesson-6-8-full-v3-final/l8d2-3.png"",""listenScript"":null,""promptMedium"":""請用完整句子說明。"",""phrasesMedium"":null,""vocabularyPos"":null,""grammarExample"":null,""grammarPattern"":null,""imageUrlMedium"":""/uploads/images/lesson-6-8-full-v3-final/l8d2-3.png"",""listenAudioUrl"":null,""vocabularyHard"":"""",""suggestedAnswer"":""宜文：這兩條我都去穿穿看。"",""vocabularyCloze"":null,""listenScriptHard"":null,""vocabularyGroups"":null,""vocabularyMedium"":"""",""vocabularyPinyin"":null,""listenAudioSource"":null,""vocabularyPosHard"":null,""vocabularySynonym"":null,""listenAudioUrlHard"":null,""listenScriptMedium"":null,""phrasesTranslation"":null,""suggestedAnswerHard"":""宜文：好，我先把這兩條都拿去穿穿看，比較一下大小和顏色，再決定哪一條比較適合。"",""vocabularyAudioUrls"":null,""vocabularyLookalike"":null,""vocabularyPosMedium"":null,""listenAudioUrlMedium"":null,""vocabularyPinyinHard"":null,""listenAudioSourceHard"":null,""suggestedAnswerMedium"":""宜文：好，那這兩條我都去穿穿看，再決定要哪一條。"",""vocabularyDistractors"":null,""vocabularyTranslation"":null,""phrasesTranslationHard"":null,""vocabularyPinyinMedium"":null,""listenAudioSourceMedium"":null,""sentenceReferenceCurves"":null,""vocabularyAudioUrlsHard"":null,""phrasesTranslationMedium"":null,""vocabularyAudioUrlsMedium"":null,""vocabularyReferenceCurves"":null,""vocabularyTranslationHard"":null,""sentenceReferenceCurvesHard"":null,""vocabularyTranslationMedium"":null,""sentenceReferenceCurvesMedium"":null,""vocabularyReferenceCurvesHard"":null,""vocabularyReferenceCurvesMedium"":null}"
8,2,modern-chinese-l8-dialogue-2,第8課 對話二：這條褲子太小了,True,3,/uploads/images/lesson-6-8-full-v3-final/l8d2-4.png,請看圖，說出這一句。,請用完整句子說明。,請加上原因或感受。,元真：妳覺得怎麼樣？,元真：妳覺得怎麼樣？哪一條比較合適？,元真：妳穿好了嗎？妳覺得怎麼樣？如果大小不合適，我們可以請店員找別的尺寸。,,,,,,,,,,"{""prompt"":""請看圖，說出這一句。"",""phrases"":null,""imageUrl"":""/uploads/images/lesson-6-8-full-v3-final/l8d2-4.png"",""promptHard"":""請加上原因或感受。"",""vocabulary"":"""",""phrasesHard"":null,""imageUrlHard"":""/uploads/images/lesson-6-8-full-v3-final/l8d2-4.png"",""listenScript"":null,""promptMedium"":""請用完整句子說明。"",""phrasesMedium"":null,""vocabularyPos"":null,""grammarExample"":null,""grammarPattern"":null,""imageUrlMedium"":""/uploads/images/lesson-6-8-full-v3-final/l8d2-4.png"",""listenAudioUrl"":null,""vocabularyHard"":"""",""suggestedAnswer"":""元真：妳覺得怎麼樣？"",""vocabularyCloze"":null,""listenScriptHard"":null,""vocabularyGroups"":null,""vocabularyMedium"":"""",""vocabularyPinyin"":null,""listenAudioSource"":null,""vocabularyPosHard"":null,""vocabularySynonym"":null,""listenAudioUrlHard"":null,""listenScriptMedium"":null,""phrasesTranslation"":null,""suggestedAnswerHard"":""元真：妳穿好了嗎？妳覺得怎麼樣？如果大小不合適，我們可以請店員找別的尺寸。"",""vocabularyAudioUrls"":null,""vocabularyLookalike"":null,""vocabularyPosMedium"":null,""listenAudioUrlMedium"":null,""vocabularyPinyinHard"":null,""listenAudioSourceHard"":null,""suggestedAnswerMedium"":""元真：妳覺得怎麼樣？哪一條比較合適？"",""vocabularyDistractors"":null,""vocabularyTranslation"":null,""phrasesTranslationHard"":null,""vocabularyPinyinMedium"":null,""listenAudioSourceMedium"":null,""sentenceReferenceCurves"":null,""vocabularyAudioUrlsHard"":null,""phrasesTranslationMedium"":null,""vocabularyAudioUrlsMedium"":null,""vocabularyReferenceCurves"":null,""vocabularyTranslationHard"":null,""sentenceReferenceCurvesHard"":null,""vocabularyTranslationMedium"":null,""sentenceReferenceCurvesMedium"":null,""vocabularyReferenceCurvesHard"":null,""vocabularyReferenceCurvesMedium"":null}"
8,2,modern-chinese-l8-dialogue-2,第8課 對話二：這條褲子太小了,True,4,/uploads/images/lesson-6-8-full-v3-final/l8d2-5.png,請看圖，說出這一句。,請用完整句子說明。,請加上原因或感受。,宜文：都太短，也太小了。,宜文：兩條都太短，也太小了，穿起來不太舒服。,宜文：我試過了，兩條都太短，也太小了，尤其坐下來的時候很不舒服，看來要換大一點的尺寸。,,,,,,,,,,"{""prompt"":""請看圖，說出這一句。"",""phrases"":null,""imageUrl"":""/uploads/images/lesson-6-8-full-v3-final/l8d2-5.png"",""promptHard"":""請加上原因或感受。"",""vocabulary"":"""",""phrasesHard"":null,""imageUrlHard"":""/uploads/images/lesson-6-8-full-v3-final/l8d2-5.png"",""listenScript"":null,""promptMedium"":""請用完整句子說明。"",""phrasesMedium"":null,""vocabularyPos"":null,""grammarExample"":null,""grammarPattern"":null,""imageUrlMedium"":""/uploads/images/lesson-6-8-full-v3-final/l8d2-5.png"",""listenAudioUrl"":null,""vocabularyHard"":"""",""suggestedAnswer"":""宜文：都太短，也太小了。"",""vocabularyCloze"":null,""listenScriptHard"":null,""vocabularyGroups"":null,""vocabularyMedium"":"""",""vocabularyPinyin"":null,""listenAudioSource"":null,""vocabularyPosHard"":null,""vocabularySynonym"":null,""listenAudioUrlHard"":null,""listenScriptMedium"":null,""phrasesTranslation"":null,""suggestedAnswerHard"":""宜文：我試過了，兩條都太短，也太小了，尤其坐下來的時候很不舒服，看來要換大一點的尺寸。"",""vocabularyAudioUrls"":null,""vocabularyLookalike"":null,""vocabularyPosMedium"":null,""listenAudioUrlMedium"":null,""vocabularyPinyinHard"":null,""listenAudioSourceHard"":null,""suggestedAnswerMedium"":""宜文：兩條都太短，也太小了，穿起來不太舒服。"",""vocabularyDistractors"":null,""vocabularyTranslation"":null,""phrasesTranslationHard"":null,""vocabularyPinyinMedium"":null,""listenAudioSourceMedium"":null,""sentenceReferenceCurves"":null,""vocabularyAudioUrlsHard"":null,""phrasesTranslationMedium"":null,""vocabularyAudioUrlsMedium"":null,""vocabularyReferenceCurves"":null,""vocabularyTranslationHard"":null,""sentenceReferenceCurvesHard"":null,""vocabularyTranslationMedium"":null,""sentenceReferenceCurvesMedium"":null,""vocabularyReferenceCurvesHard"":null,""vocabularyReferenceCurvesMedium"":null}"
8,2,modern-chinese-l8-dialogue-2,第8課 對話二：這條褲子太小了,True,5,/uploads/images/lesson-6-8-full-v3-final/l8d2-6.png,請看圖，說出這一句。,請用完整句子說明。,請加上原因或感受。,元真：沒關係，我們可以下個週末再來看。對了，妳要買鞋子吧？,元真：沒關係，我們可以下個週末再來看。對了，妳不是還要買鞋子嗎？,元真：沒關係，今天沒有合適的，我們可以下個週末再來看。對了，妳要買鞋子吧？趁關門以前先去看看。,"週末,鞋子","weekend, shoes","zhōumò, xiézi","N, N",,,,,,"{""prompt"":""請看圖，說出這一句。"",""phrases"":null,""imageUrl"":""/uploads/images/lesson-6-8-full-v3-final/l8d2-6.png"",""promptHard"":""請加上原因或感受。"",""vocabulary"":""週末,鞋子"",""phrasesHard"":null,""imageUrlHard"":""/uploads/images/lesson-6-8-full-v3-final/l8d2-6.png"",""listenScript"":null,""promptMedium"":""請用完整句子說明。"",""phrasesMedium"":null,""vocabularyPos"":""N, N"",""grammarExample"":null,""grammarPattern"":null,""imageUrlMedium"":""/uploads/images/lesson-6-8-full-v3-final/l8d2-6.png"",""listenAudioUrl"":null,""vocabularyHard"":""週末,鞋子"",""suggestedAnswer"":""元真：沒關係，我們可以下個週末再來看。對了，妳要買鞋子吧？"",""vocabularyCloze"":""[[{\""sentence\"":\""元真：沒關係，我們可以下個週末再來看。對了，妳要買鞋子吧？\"",\""distractors\"":[\""朋友\"",\""學校\"",\""飯店\""]}],[{\""sentence\"":\""元真：沒關係，我們可以下個週末再來看。對了，妳要買鞋子吧？\"",\""distractors\"":[\""朋友\"",\""學校\"",\""飯店\""]}]]"",""listenScriptHard"":null,""vocabularyGroups"":null,""vocabularyMedium"":""週末,鞋子"",""vocabularyPinyin"":""zhōumò, xiézi"",""listenAudioSource"":null,""vocabularyPosHard"":null,""vocabularySynonym"":""[[],[]]"",""listenAudioUrlHard"":null,""listenScriptMedium"":null,""phrasesTranslation"":null,""suggestedAnswerHard"":""元真：沒關係，今天沒有合適的，我們可以下個週末再來看。對了，妳要買鞋子吧？趁關門以前先去看看。"",""vocabularyAudioUrls"":null,""vocabularyLookalike"":""[[],[]]"",""vocabularyPosMedium"":null,""listenAudioUrlMedium"":null,""vocabularyPinyinHard"":null,""listenAudioSourceHard"":null,""suggestedAnswerMedium"":""元真：沒關係，我們可以下個週末再來看。對了，妳不是還要買鞋子嗎？"",""vocabularyDistractors"":""[[],[]]"",""vocabularyTranslation"":""weekend, shoes"",""phrasesTranslationHard"":null,""vocabularyPinyinMedium"":null,""listenAudioSourceMedium"":null,""sentenceReferenceCurves"":null,""vocabularyAudioUrlsHard"":null,""phrasesTranslationMedium"":null,""vocabularyAudioUrlsMedium"":null,""vocabularyReferenceCurves"":null,""vocabularyTranslationHard"":null,""sentenceReferenceCurvesHard"":null,""vocabularyTranslationMedium"":null,""sentenceReferenceCurvesMedium"":null,""vocabularyReferenceCurvesHard"":null,""vocabularyReferenceCurvesMedium"":null}"
8,2,modern-chinese-l8-dialogue-2,第8課 對話二：這條褲子太小了,True,6,/uploads/images/lesson-6-8-full-v3-final/l8d2-7.png,請看圖，說出這一句。,請用完整句子說明。,請加上原因或感受。,宜文：是啊，我想買一雙黑色的。,宜文：是啊，我想買一雙黑色的，平常上課也可以穿。,宜文：是啊，我想買一雙黑色的，最好簡單一點，這樣上課或出去都可以穿。,,,,,,,,,,"{""prompt"":""請看圖，說出這一句。"",""phrases"":null,""imageUrl"":""/uploads/images/lesson-6-8-full-v3-final/l8d2-7.png"",""promptHard"":""請加上原因或感受。"",""vocabulary"":"""",""phrasesHard"":null,""imageUrlHard"":""/uploads/images/lesson-6-8-full-v3-final/l8d2-7.png"",""listenScript"":null,""promptMedium"":""請用完整句子說明。"",""phrasesMedium"":null,""vocabularyPos"":null,""grammarExample"":null,""grammarPattern"":null,""imageUrlMedium"":""/uploads/images/lesson-6-8-full-v3-final/l8d2-7.png"",""listenAudioUrl"":null,""vocabularyHard"":"""",""suggestedAnswer"":""宜文：是啊，我想買一雙黑色的。"",""vocabularyCloze"":null,""listenScriptHard"":null,""vocabularyGroups"":null,""vocabularyMedium"":"""",""vocabularyPinyin"":null,""listenAudioSource"":null,""vocabularyPosHard"":null,""vocabularySynonym"":null,""listenAudioUrlHard"":null,""listenScriptMedium"":null,""phrasesTranslation"":null,""suggestedAnswerHard"":""宜文：是啊，我想買一雙黑色的，最好簡單一點，這樣上課或出去都可以穿。"",""vocabularyAudioUrls"":null,""vocabularyLookalike"":null,""vocabularyPosMedium"":null,""listenAudioUrlMedium"":null,""vocabularyPinyinHard"":null,""listenAudioSourceHard"":null,""suggestedAnswerMedium"":""宜文：是啊，我想買一雙黑色的，平常上課也可以穿。"",""vocabularyDistractors"":null,""vocabularyTranslation"":null,""phrasesTranslationHard"":null,""vocabularyPinyinMedium"":null,""listenAudioSourceMedium"":null,""sentenceReferenceCurves"":null,""vocabularyAudioUrlsHard"":null,""phrasesTranslationMedium"":null,""vocabularyAudioUrlsMedium"":null,""vocabularyReferenceCurves"":null,""vocabularyTranslationHard"":null,""sentenceReferenceCurvesHard"":null,""vocabularyTranslationMedium"":null,""sentenceReferenceCurvesMedium"":null,""vocabularyReferenceCurvesHard"":null,""vocabularyReferenceCurvesMedium"":null}"
8,2,modern-chinese-l8-dialogue-2,第8課 對話二：這條褲子太小了,True,7,/uploads/images/lesson-6-8-full-v3-final/l8d2-8.png,請看圖，說出這一句。,請用完整句子說明。,請加上原因或感受。,元真：鞋子都在一樓，我們到樓下去吧！九點了，百貨公司快要關了。,元真：鞋子都在一樓，我們到樓下去吧！已經九點了，百貨公司快要關了。,元真：鞋子都在一樓，我們趕快到樓下去吧！已經九點了，百貨公司快要關了，再不去可能來不及。,"百貨公司,鞋子","department store, shoes","bǎihuò gōngsī, xiézi","N, N",,,,,,"{""prompt"":""請看圖，說出這一句。"",""phrases"":null,""imageUrl"":""/uploads/images/lesson-6-8-full-v3-final/l8d2-8.png"",""promptHard"":""請加上原因或感受。"",""vocabulary"":""百貨公司,鞋子"",""phrasesHard"":null,""imageUrlHard"":""/uploads/images/lesson-6-8-full-v3-final/l8d2-8.png"",""listenScript"":null,""promptMedium"":""請用完整句子說明。"",""phrasesMedium"":null,""vocabularyPos"":""N, N"",""grammarExample"":null,""grammarPattern"":null,""imageUrlMedium"":""/uploads/images/lesson-6-8-full-v3-final/l8d2-8.png"",""listenAudioUrl"":null,""vocabularyHard"":""百貨公司,鞋子"",""suggestedAnswer"":""元真：鞋子都在一樓，我們到樓下去吧！九點了，百貨公司快要關了。"",""vocabularyCloze"":""[[{\""sentence\"":\""元真：鞋子都在一樓，我們到樓下去吧！九點了，百貨公司快要關了。\"",\""distractors\"":[\""朋友\"",\""學校\"",\""飯店\""]}],[{\""sentence\"":\""元真：鞋子都在一樓，我們到樓下去吧！九點了，百貨公司快要關了。\"",\""distractors\"":[\""朋友\"",\""學校\"",\""飯店\""]}]]"",""listenScriptHard"":null,""vocabularyGroups"":null,""vocabularyMedium"":""百貨公司,鞋子"",""vocabularyPinyin"":""bǎihuò gōngsī, xiézi"",""listenAudioSource"":null,""vocabularyPosHard"":null,""vocabularySynonym"":""[[],[]]"",""listenAudioUrlHard"":null,""listenScriptMedium"":null,""phrasesTranslation"":null,""suggestedAnswerHard"":""元真：鞋子都在一樓，我們趕快到樓下去吧！已經九點了，百貨公司快要關了，再不去可能來不及。"",""vocabularyAudioUrls"":null,""vocabularyLookalike"":""[[],[]]"",""vocabularyPosMedium"":null,""listenAudioUrlMedium"":null,""vocabularyPinyinHard"":null,""listenAudioSourceHard"":null,""suggestedAnswerMedium"":""元真：鞋子都在一樓，我們到樓下去吧！已經九點了，百貨公司快要關了。"",""vocabularyDistractors"":""[[],[]]"",""vocabularyTranslation"":""department store, shoes"",""phrasesTranslationHard"":null,""vocabularyPinyinMedium"":null,""listenAudioSourceMedium"":null,""sentenceReferenceCurves"":null,""vocabularyAudioUrlsHard"":null,""phrasesTranslationMedium"":null,""vocabularyAudioUrlsMedium"":null,""vocabularyReferenceCurves"":null,""vocabularyTranslationHard"":null,""sentenceReferenceCurvesHard"":null,""vocabularyTranslationMedium"":null,""sentenceReferenceCurvesMedium"":null,""vocabularyReferenceCurvesHard"":null,""vocabularyReferenceCurvesMedium"":null}"
8,2,modern-chinese-l8-dialogue-2,第8課 對話二：這條褲子太小了,True,8,/uploads/images/lesson-6-8-full-v3-final/l8d2-9.png,請看圖，說出這一句。,請用完整句子說明。,請加上原因或感受。,宜文：電梯在那裡！我們現在去買。,宜文：電梯在那裡！我們現在就去買吧。,宜文：好，電梯就在那裡！我們現在下樓去買，希望還有時間試穿。,電梯,elevator,diàntī,N,,,,,,"{""prompt"":""請看圖，說出這一句。"",""phrases"":null,""imageUrl"":""/uploads/images/lesson-6-8-full-v3-final/l8d2-9.png"",""promptHard"":""請加上原因或感受。"",""vocabulary"":""電梯"",""phrasesHard"":null,""imageUrlHard"":""/uploads/images/lesson-6-8-full-v3-final/l8d2-9.png"",""listenScript"":null,""promptMedium"":""請用完整句子說明。"",""phrasesMedium"":null,""vocabularyPos"":""N"",""grammarExample"":null,""grammarPattern"":null,""imageUrlMedium"":""/uploads/images/lesson-6-8-full-v3-final/l8d2-9.png"",""listenAudioUrl"":null,""vocabularyHard"":""電梯"",""suggestedAnswer"":""宜文：電梯在那裡！我們現在去買。"",""vocabularyCloze"":""[[{\""sentence\"":\""宜文：電梯在那裡！我們現在去買。\"",\""distractors\"":[\""朋友\"",\""學校\"",\""飯店\""]}]]"",""listenScriptHard"":null,""vocabularyGroups"":null,""vocabularyMedium"":""電梯"",""vocabularyPinyin"":""diàntī"",""listenAudioSource"":null,""vocabularyPosHard"":null,""vocabularySynonym"":""[[]]"",""listenAudioUrlHard"":null,""listenScriptMedium"":null,""phrasesTranslation"":null,""suggestedAnswerHard"":""宜文：好，電梯就在那裡！我們現在下樓去買，希望還有時間試穿。"",""vocabularyAudioUrls"":null,""vocabularyLookalike"":""[[]]"",""vocabularyPosMedium"":null,""listenAudioUrlMedium"":null,""vocabularyPinyinHard"":null,""listenAudioSourceHard"":null,""suggestedAnswerMedium"":""宜文：電梯在那裡！我們現在就去買吧。"",""vocabularyDistractors"":""[[]]"",""vocabularyTranslation"":""elevator"",""phrasesTranslationHard"":null,""vocabularyPinyinMedium"":null,""listenAudioSourceMedium"":null,""sentenceReferenceCurves"":null,""vocabularyAudioUrlsHard"":null,""phrasesTranslationMedium"":null,""vocabularyAudioUrlsMedium"":null,""vocabularyReferenceCurves"":null,""vocabularyTranslationHard"":null,""sentenceReferenceCurvesHard"":null,""vocabularyTranslationMedium"":null,""sentenceReferenceCurvesMedium"":null,""vocabularyReferenceCurvesHard"":null,""vocabularyReferenceCurvesMedium"":null}"
8,3,modern-chinese-l8-reading,第8課 短文：年輕人喜歡新東西,True,0,/uploads/images/lesson-6-8-bubble/l8r-frame-1.png,請看圖，說出這一句。,請用完整句子說明。,請加上原因或感受。,百貨公司裡有很多衣服、鞋子和皮包。,百貨公司裡有很多衣服、鞋子和皮包，選擇非常多。,百貨公司裡有很多衣服、鞋子和皮包，不同樓層賣不同的商品，所以逛一次常常要花不少時間。,"衣服,百貨公司,鞋子","clothes, department store, shoes","yīfu, bǎihuò gōngsī, xiézi","N, N, N",,,,,,"{""prompt"":""請看圖，說出這一句。"",""phrases"":null,""imageUrl"":""/uploads/images/lesson-6-8-bubble/l8r-frame-1.png"",""promptHard"":""請加上原因或感受。"",""vocabulary"":""衣服,百貨公司,鞋子"",""phrasesHard"":null,""imageUrlHard"":""/uploads/images/lesson-6-8-bubble/l8r-frame-1.png"",""listenScript"":null,""promptMedium"":""請用完整句子說明。"",""phrasesMedium"":null,""vocabularyPos"":""N, N, N"",""grammarExample"":null,""grammarPattern"":null,""imageUrlMedium"":""/uploads/images/lesson-6-8-bubble/l8r-frame-1.png"",""listenAudioUrl"":null,""vocabularyHard"":""衣服,百貨公司,鞋子"",""suggestedAnswer"":""百貨公司裡有很多衣服、鞋子和皮包。"",""vocabularyCloze"":""[[{\""sentence\"":\""百貨公司裡有很多衣服、鞋子和皮包。\"",\""distractors\"":[\""朋友\"",\""學校\"",\""飯店\""]}],[{\""sentence\"":\""百貨公司裡有很多衣服、鞋子和皮包。\"",\""distractors\"":[\""朋友\"",\""學校\"",\""飯店\""]}],[{\""sentence\"":\""百貨公司裡有很多衣服、鞋子和皮包。\"",\""distractors\"":[\""朋友\"",\""學校\"",\""飯店\""]}]]"",""listenScriptHard"":null,""vocabularyGroups"":null,""vocabularyMedium"":""衣服,百貨公司,鞋子"",""vocabularyPinyin"":""yīfu, bǎihuò gōngsī, xiézi"",""listenAudioSource"":null,""vocabularyPosHard"":null,""vocabularySynonym"":""[[],[],[]]"",""listenAudioUrlHard"":null,""listenScriptMedium"":null,""phrasesTranslation"":null,""suggestedAnswerHard"":""百貨公司裡有很多衣服、鞋子和皮包，不同樓層賣不同的商品，所以逛一次常常要花不少時間。"",""vocabularyAudioUrls"":null,""vocabularyLookalike"":""[[],[],[]]"",""vocabularyPosMedium"":null,""listenAudioUrlMedium"":null,""vocabularyPinyinHard"":null,""listenAudioSourceHard"":null,""suggestedAnswerMedium"":""百貨公司裡有很多衣服、鞋子和皮包，選擇非常多。"",""vocabularyDistractors"":""[[],[],[]]"",""vocabularyTranslation"":""clothes, department store, shoes"",""phrasesTranslationHard"":null,""vocabularyPinyinMedium"":null,""listenAudioSourceMedium"":null,""sentenceReferenceCurves"":null,""vocabularyAudioUrlsHard"":null,""phrasesTranslationMedium"":null,""vocabularyAudioUrlsMedium"":null,""vocabularyReferenceCurves"":null,""vocabularyTranslationHard"":null,""sentenceReferenceCurvesHard"":null,""vocabularyTranslationMedium"":null,""sentenceReferenceCurvesMedium"":null,""vocabularyReferenceCurvesHard"":null,""vocabularyReferenceCurvesMedium"":null}"
8,3,modern-chinese-l8-reading,第8課 短文：年輕人喜歡新東西,True,1,/uploads/images/lesson-6-8-bubble/l8r-frame-2.png,請看圖，說出這一句。,請用完整句子說明。,請加上原因或感受。,這些東西都是最新的。,這些東西很多都是最新的，所以常常吸引年輕人。,店裡會一直換新的商品，這些東西都是最新的，因此喜歡流行的人常常會去看看。,東西,thing,dōngxi,N,,,,,,"{""prompt"":""請看圖，說出這一句。"",""phrases"":null,""imageUrl"":""/uploads/images/lesson-6-8-bubble/l8r-frame-2.png"",""promptHard"":""請加上原因或感受。"",""vocabulary"":""東西"",""phrasesHard"":null,""imageUrlHard"":""/uploads/images/lesson-6-8-bubble/l8r-frame-2.png"",""listenScript"":null,""promptMedium"":""請用完整句子說明。"",""phrasesMedium"":null,""vocabularyPos"":""N"",""grammarExample"":null,""grammarPattern"":null,""imageUrlMedium"":""/uploads/images/lesson-6-8-bubble/l8r-frame-2.png"",""listenAudioUrl"":null,""vocabularyHard"":""東西"",""suggestedAnswer"":""這些東西都是最新的。"",""vocabularyCloze"":""[[{\""sentence\"":\""這些東西都是最新的。\"",\""distractors\"":[\""朋友\"",\""學校\"",\""飯店\""]}]]"",""listenScriptHard"":null,""vocabularyGroups"":null,""vocabularyMedium"":""東西"",""vocabularyPinyin"":""dōngxi"",""listenAudioSource"":null,""vocabularyPosHard"":null,""vocabularySynonym"":""[[]]"",""listenAudioUrlHard"":null,""listenScriptMedium"":null,""phrasesTranslation"":null,""suggestedAnswerHard"":""店裡會一直換新的商品，這些東西都是最新的，因此喜歡流行的人常常會去看看。"",""vocabularyAudioUrls"":null,""vocabularyLookalike"":""[[]]"",""vocabularyPosMedium"":null,""listenAudioUrlMedium"":null,""vocabularyPinyinHard"":null,""listenAudioSourceHard"":null,""suggestedAnswerMedium"":""這些東西很多都是最新的，所以常常吸引年輕人。"",""vocabularyDistractors"":""[[]]"",""vocabularyTranslation"":""thing"",""phrasesTranslationHard"":null,""vocabularyPinyinMedium"":null,""listenAudioSourceMedium"":null,""sentenceReferenceCurves"":null,""vocabularyAudioUrlsHard"":null,""phrasesTranslationMedium"":null,""vocabularyAudioUrlsMedium"":null,""vocabularyReferenceCurves"":null,""vocabularyTranslationHard"":null,""sentenceReferenceCurvesHard"":null,""vocabularyTranslationMedium"":null,""sentenceReferenceCurvesMedium"":null,""vocabularyReferenceCurvesHard"":null,""vocabularyReferenceCurvesMedium"":null}"
8,3,modern-chinese-l8-reading,第8課 短文：年輕人喜歡新東西,True,2,/uploads/images/lesson-6-8-bubble/l8r-frame-3.png,請看圖，說出這一句。,請用完整句子說明。,請加上原因或感受。,很多年輕女生喜歡到百貨公司去。,很多年輕女生喜歡到百貨公司去逛街、看新商品。,很多年輕女生喜歡到百貨公司去，除了買需要的東西，也會看看今年有哪些新的流行款式。,"百貨公司,年輕","department store, young","bǎihuò gōngsī, niánqīng","N, Adj",,,,,,"{""prompt"":""請看圖，說出這一句。"",""phrases"":null,""imageUrl"":""/uploads/images/lesson-6-8-bubble/l8r-frame-3.png"",""promptHard"":""請加上原因或感受。"",""vocabulary"":""百貨公司,年輕"",""phrasesHard"":null,""imageUrlHard"":""/uploads/images/lesson-6-8-bubble/l8r-frame-3.png"",""listenScript"":null,""promptMedium"":""請用完整句子說明。"",""phrasesMedium"":null,""vocabularyPos"":""N, Adj"",""grammarExample"":null,""grammarPattern"":null,""imageUrlMedium"":""/uploads/images/lesson-6-8-bubble/l8r-frame-3.png"",""listenAudioUrl"":null,""vocabularyHard"":""百貨公司,年輕"",""suggestedAnswer"":""很多年輕女生喜歡到百貨公司去。"",""vocabularyCloze"":""[[{\""sentence\"":\""很多年輕女生喜歡到百貨公司去。\"",\""distractors\"":[\""朋友\"",\""學校\"",\""飯店\""]}],[{\""sentence\"":\""很多年輕女生喜歡到百貨公司去。\"",\""distractors\"":[\""漂亮\"",\""方便\"",\""有趣\""]}]]"",""listenScriptHard"":null,""vocabularyGroups"":null,""vocabularyMedium"":""百貨公司,年輕"",""vocabularyPinyin"":""bǎihuò gōngsī, niánqīng"",""listenAudioSource"":null,""vocabularyPosHard"":null,""vocabularySynonym"":""[[],[]]"",""listenAudioUrlHard"":null,""listenScriptMedium"":null,""phrasesTranslation"":null,""suggestedAnswerHard"":""很多年輕女生喜歡到百貨公司去，除了買需要的東西，也會看看今年有哪些新的流行款式。"",""vocabularyAudioUrls"":null,""vocabularyLookalike"":""[[],[]]"",""vocabularyPosMedium"":null,""listenAudioUrlMedium"":null,""vocabularyPinyinHard"":null,""listenAudioSourceHard"":null,""suggestedAnswerMedium"":""很多年輕女生喜歡到百貨公司去逛街、看新商品。"",""vocabularyDistractors"":""[[],[]]"",""vocabularyTranslation"":""department store, young"",""phrasesTranslationHard"":null,""vocabularyPinyinMedium"":null,""listenAudioSourceMedium"":null,""sentenceReferenceCurves"":null,""vocabularyAudioUrlsHard"":null,""phrasesTranslationMedium"":null,""vocabularyAudioUrlsMedium"":null,""vocabularyReferenceCurves"":null,""vocabularyTranslationHard"":null,""sentenceReferenceCurvesHard"":null,""vocabularyTranslationMedium"":null,""sentenceReferenceCurvesMedium"":null,""vocabularyReferenceCurvesHard"":null,""vocabularyReferenceCurvesMedium"":null}"
8,3,modern-chinese-l8-reading,第8課 短文：年輕人喜歡新東西,True,3,/uploads/images/lesson-6-8-bubble/l8r-frame-4.png,請看圖，說出這一句。,請用完整句子說明。,請加上原因或感受。,漂亮的、流行的衣服，她們都想穿穿看。,漂亮的、流行的衣服，她們都想穿穿看，再決定要不要買。,看到漂亮的、流行的衣服，她們常常都想穿穿看，比較顏色和尺寸以後，再決定是不是真的適合自己。,"漂亮,衣服,流行","beautiful, clothes, popular","piàoliang, yīfu, liúxíng","Adj, N, Adj",,,,,,"{""prompt"":""請看圖，說出這一句。"",""phrases"":null,""imageUrl"":""/uploads/images/lesson-6-8-bubble/l8r-frame-4.png"",""promptHard"":""請加上原因或感受。"",""vocabulary"":""漂亮,衣服,流行"",""phrasesHard"":null,""imageUrlHard"":""/uploads/images/lesson-6-8-bubble/l8r-frame-4.png"",""listenScript"":null,""promptMedium"":""請用完整句子說明。"",""phrasesMedium"":null,""vocabularyPos"":""Adj, N, Adj"",""grammarExample"":null,""grammarPattern"":null,""imageUrlMedium"":""/uploads/images/lesson-6-8-bubble/l8r-frame-4.png"",""listenAudioUrl"":null,""vocabularyHard"":""漂亮,衣服,流行"",""suggestedAnswer"":""漂亮的、流行的衣服，她們都想穿穿看。"",""vocabularyCloze"":""[[{\""sentence\"":\""漂亮的、流行的衣服，她們都想穿穿看。\"",\""distractors\"":[\""方便\"",\""有趣\""]}],[{\""sentence\"":\""漂亮的、流行的衣服，她們都想穿穿看。\"",\""distractors\"":[\""朋友\"",\""學校\"",\""飯店\""]}],[{\""sentence\"":\""漂亮的、流行的衣服，她們都想穿穿看。\"",\""distractors\"":[\""漂亮\"",\""方便\"",\""有趣\""]}]]"",""listenScriptHard"":null,""vocabularyGroups"":null,""vocabularyMedium"":""漂亮,衣服,流行"",""vocabularyPinyin"":""piàoliang, yīfu, liúxíng"",""listenAudioSource"":null,""vocabularyPosHard"":null,""vocabularySynonym"":""[[],[],[]]"",""listenAudioUrlHard"":null,""listenScriptMedium"":null,""phrasesTranslation"":null,""suggestedAnswerHard"":""看到漂亮的、流行的衣服，她們常常都想穿穿看，比較顏色和尺寸以後，再決定是不是真的適合自己。"",""vocabularyAudioUrls"":null,""vocabularyLookalike"":""[[],[],[]]"",""vocabularyPosMedium"":null,""listenAudioUrlMedium"":null,""vocabularyPinyinHard"":null,""listenAudioSourceHard"":null,""suggestedAnswerMedium"":""漂亮的、流行的衣服，她們都想穿穿看，再決定要不要買。"",""vocabularyDistractors"":""[[],[],[]]"",""vocabularyTranslation"":""beautiful, clothes, popular"",""phrasesTranslationHard"":null,""vocabularyPinyinMedium"":null,""listenAudioSourceMedium"":null,""sentenceReferenceCurves"":null,""vocabularyAudioUrlsHard"":null,""phrasesTranslationMedium"":null,""vocabularyAudioUrlsMedium"":null,""vocabularyReferenceCurves"":null,""vocabularyTranslationHard"":null,""sentenceReferenceCurvesHard"":null,""vocabularyTranslationMedium"":null,""sentenceReferenceCurvesMedium"":null,""vocabularyReferenceCurvesHard"":null,""vocabularyReferenceCurvesMedium"":null}"
8,3,modern-chinese-l8-reading,第8課 短文：年輕人喜歡新東西,True,4,/uploads/images/lesson-6-8-bubble/l8r-frame-5.png,請看圖，說出這一句。,請用完整句子說明。,請加上原因或感受。,很多年輕男生愛在書店看汽車雜誌。,很多年輕男生愛在書店看汽車雜誌，了解不同的新車。,很多年輕男生愛在書店看汽車雜誌，即使暫時不買車，也喜歡了解新的車型和功能。,年輕,young,niánqīng,Adj,,,,,,"{""prompt"":""請看圖，說出這一句。"",""phrases"":null,""imageUrl"":""/uploads/images/lesson-6-8-bubble/l8r-frame-5.png"",""promptHard"":""請加上原因或感受。"",""vocabulary"":""年輕"",""phrasesHard"":null,""imageUrlHard"":""/uploads/images/lesson-6-8-bubble/l8r-frame-5.png"",""listenScript"":null,""promptMedium"":""請用完整句子說明。"",""phrasesMedium"":null,""vocabularyPos"":""Adj"",""grammarExample"":null,""grammarPattern"":null,""imageUrlMedium"":""/uploads/images/lesson-6-8-bubble/l8r-frame-5.png"",""listenAudioUrl"":null,""vocabularyHard"":""年輕"",""suggestedAnswer"":""很多年輕男生愛在書店看汽車雜誌。"",""vocabularyCloze"":""[[{\""sentence\"":\""很多年輕男生愛在書店看汽車雜誌。\"",\""distractors\"":[\""漂亮\"",\""方便\"",\""有趣\""]}]]"",""listenScriptHard"":null,""vocabularyGroups"":null,""vocabularyMedium"":""年輕"",""vocabularyPinyin"":""niánqīng"",""listenAudioSource"":null,""vocabularyPosHard"":null,""vocabularySynonym"":""[[]]"",""listenAudioUrlHard"":null,""listenScriptMedium"":null,""phrasesTranslation"":null,""suggestedAnswerHard"":""很多年輕男生愛在書店看汽車雜誌，即使暫時不買車，也喜歡了解新的車型和功能。"",""vocabularyAudioUrls"":null,""vocabularyLookalike"":""[[]]"",""vocabularyPosMedium"":null,""listenAudioUrlMedium"":null,""vocabularyPinyinHard"":null,""listenAudioSourceHard"":null,""suggestedAnswerMedium"":""很多年輕男生愛在書店看汽車雜誌，了解不同的新車。"",""vocabularyDistractors"":""[[]]"",""vocabularyTranslation"":""young"",""phrasesTranslationHard"":null,""vocabularyPinyinMedium"":null,""listenAudioSourceMedium"":null,""sentenceReferenceCurves"":null,""vocabularyAudioUrlsHard"":null,""phrasesTranslationMedium"":null,""vocabularyAudioUrlsMedium"":null,""vocabularyReferenceCurves"":null,""vocabularyTranslationHard"":null,""sentenceReferenceCurvesHard"":null,""vocabularyTranslationMedium"":null,""sentenceReferenceCurvesMedium"":null,""vocabularyReferenceCurvesHard"":null,""vocabularyReferenceCurvesMedium"":null}"
8,3,modern-chinese-l8-reading,第8課 短文：年輕人喜歡新東西,True,5,/uploads/images/lesson-6-8-bubble/l8r-frame-6.png,請看圖，說出這一句。,請用完整句子說明。,請加上原因或感受。,汽車很貴。,汽車很貴，所以買以前通常要想很久。,汽車很貴，對大部分年輕人來說是一筆很大的花費，所以不能只因為喜歡就馬上買。,,,,,,,,,,"{""prompt"":""請看圖，說出這一句。"",""phrases"":null,""imageUrl"":""/uploads/images/lesson-6-8-bubble/l8r-frame-6.png"",""promptHard"":""請加上原因或感受。"",""vocabulary"":"""",""phrasesHard"":null,""imageUrlHard"":""/uploads/images/lesson-6-8-bubble/l8r-frame-6.png"",""listenScript"":null,""promptMedium"":""請用完整句子說明。"",""phrasesMedium"":null,""vocabularyPos"":null,""grammarExample"":null,""grammarPattern"":null,""imageUrlMedium"":""/uploads/images/lesson-6-8-bubble/l8r-frame-6.png"",""listenAudioUrl"":null,""vocabularyHard"":"""",""suggestedAnswer"":""汽車很貴。"",""vocabularyCloze"":null,""listenScriptHard"":null,""vocabularyGroups"":null,""vocabularyMedium"":"""",""vocabularyPinyin"":null,""listenAudioSource"":null,""vocabularyPosHard"":null,""vocabularySynonym"":null,""listenAudioUrlHard"":null,""listenScriptMedium"":null,""phrasesTranslation"":null,""suggestedAnswerHard"":""汽車很貴，對大部分年輕人來說是一筆很大的花費，所以不能只因為喜歡就馬上買。"",""vocabularyAudioUrls"":null,""vocabularyLookalike"":null,""vocabularyPosMedium"":null,""listenAudioUrlMedium"":null,""vocabularyPinyinHard"":null,""listenAudioSourceHard"":null,""suggestedAnswerMedium"":""汽車很貴，所以買以前通常要想很久。"",""vocabularyDistractors"":null,""vocabularyTranslation"":null,""phrasesTranslationHard"":null,""vocabularyPinyinMedium"":null,""listenAudioSourceMedium"":null,""sentenceReferenceCurves"":null,""vocabularyAudioUrlsHard"":null,""phrasesTranslationMedium"":null,""vocabularyAudioUrlsMedium"":null,""vocabularyReferenceCurves"":null,""vocabularyTranslationHard"":null,""sentenceReferenceCurvesHard"":null,""vocabularyTranslationMedium"":null,""sentenceReferenceCurvesMedium"":null,""vocabularyReferenceCurvesHard"":null,""vocabularyReferenceCurvesMedium"":null}"
8,3,modern-chinese-l8-reading,第8課 短文：年輕人喜歡新東西,True,6,/uploads/images/lesson-6-8-bubble/l8r-frame-7.png,請看圖，說出這一句。,請用完整句子說明。,請加上原因或感受。,他們不一定可以買新車。,他們不一定可以買新車，可是還是喜歡先看看。,因為收入和需要不同，他們不一定可以買新車，所以很多人只是先看資料、比較價格。,,,,,,,,,,"{""prompt"":""請看圖，說出這一句。"",""phrases"":null,""imageUrl"":""/uploads/images/lesson-6-8-bubble/l8r-frame-7.png"",""promptHard"":""請加上原因或感受。"",""vocabulary"":"""",""phrasesHard"":null,""imageUrlHard"":""/uploads/images/lesson-6-8-bubble/l8r-frame-7.png"",""listenScript"":null,""promptMedium"":""請用完整句子說明。"",""phrasesMedium"":null,""vocabularyPos"":null,""grammarExample"":null,""grammarPattern"":null,""imageUrlMedium"":""/uploads/images/lesson-6-8-bubble/l8r-frame-7.png"",""listenAudioUrl"":null,""vocabularyHard"":"""",""suggestedAnswer"":""他們不一定可以買新車。"",""vocabularyCloze"":null,""listenScriptHard"":null,""vocabularyGroups"":null,""vocabularyMedium"":"""",""vocabularyPinyin"":null,""listenAudioSource"":null,""vocabularyPosHard"":null,""vocabularySynonym"":null,""listenAudioUrlHard"":null,""listenScriptMedium"":null,""phrasesTranslation"":null,""suggestedAnswerHard"":""因為收入和需要不同，他們不一定可以買新車，所以很多人只是先看資料、比較價格。"",""vocabularyAudioUrls"":null,""vocabularyLookalike"":null,""vocabularyPosMedium"":null,""listenAudioUrlMedium"":null,""vocabularyPinyinHard"":null,""listenAudioSourceHard"":null,""suggestedAnswerMedium"":""他們不一定可以買新車，可是還是喜歡先看看。"",""vocabularyDistractors"":null,""vocabularyTranslation"":null,""phrasesTranslationHard"":null,""vocabularyPinyinMedium"":null,""listenAudioSourceMedium"":null,""sentenceReferenceCurves"":null,""vocabularyAudioUrlsHard"":null,""phrasesTranslationMedium"":null,""vocabularyAudioUrlsMedium"":null,""vocabularyReferenceCurves"":null,""vocabularyTranslationHard"":null,""sentenceReferenceCurvesHard"":null,""vocabularyTranslationMedium"":null,""sentenceReferenceCurvesMedium"":null,""vocabularyReferenceCurvesHard"":null,""vocabularyReferenceCurvesMedium"":null}"
8,3,modern-chinese-l8-reading,第8課 短文：年輕人喜歡新東西,True,7,/uploads/images/lesson-6-8-bubble/l8r-frame-8.png,請看圖，說出這一句。,請用完整句子說明。,請加上原因或感受。,可是他們都看得很開心。,可是他們都看得很開心，也會跟朋友討論喜歡的車。,雖然不一定會買，可是他們都看得很開心，還會跟朋友討論哪一種車比較漂亮或實用。,,,,,,,,,,"{""prompt"":""請看圖，說出這一句。"",""phrases"":null,""imageUrl"":""/uploads/images/lesson-6-8-bubble/l8r-frame-8.png"",""promptHard"":""請加上原因或感受。"",""vocabulary"":"""",""phrasesHard"":null,""imageUrlHard"":""/uploads/images/lesson-6-8-bubble/l8r-frame-8.png"",""listenScript"":null,""promptMedium"":""請用完整句子說明。"",""phrasesMedium"":null,""vocabularyPos"":null,""grammarExample"":null,""grammarPattern"":null,""imageUrlMedium"":""/uploads/images/lesson-6-8-bubble/l8r-frame-8.png"",""listenAudioUrl"":null,""vocabularyHard"":"""",""suggestedAnswer"":""可是他們都看得很開心。"",""vocabularyCloze"":null,""listenScriptHard"":null,""vocabularyGroups"":null,""vocabularyMedium"":"""",""vocabularyPinyin"":null,""listenAudioSource"":null,""vocabularyPosHard"":null,""vocabularySynonym"":null,""listenAudioUrlHard"":null,""listenScriptMedium"":null,""phrasesTranslation"":null,""suggestedAnswerHard"":""雖然不一定會買，可是他們都看得很開心，還會跟朋友討論哪一種車比較漂亮或實用。"",""vocabularyAudioUrls"":null,""vocabularyLookalike"":null,""vocabularyPosMedium"":null,""listenAudioUrlMedium"":null,""vocabularyPinyinHard"":null,""listenAudioSourceHard"":null,""suggestedAnswerMedium"":""可是他們都看得很開心，也會跟朋友討論喜歡的車。"",""vocabularyDistractors"":null,""vocabularyTranslation"":null,""phrasesTranslationHard"":null,""vocabularyPinyinMedium"":null,""listenAudioSourceMedium"":null,""sentenceReferenceCurves"":null,""vocabularyAudioUrlsHard"":null,""phrasesTranslationMedium"":null,""vocabularyAudioUrlsMedium"":null,""vocabularyReferenceCurves"":null,""vocabularyTranslationHard"":null,""sentenceReferenceCurvesHard"":null,""vocabularyTranslationMedium"":null,""sentenceReferenceCurvesMedium"":null,""vocabularyReferenceCurvesHard"":null,""vocabularyReferenceCurvesMedium"":null}"
8,3,modern-chinese-l8-reading,第8課 短文：年輕人喜歡新東西,True,8,/uploads/images/lesson-6-8-bubble/l8r-frame-9.png,請看圖，說出這一句。,請用完整句子說明。,請加上原因或感受。,我覺得有的舊東西很不錯。,我覺得有的舊東西很不錯，不一定要換新的。,我覺得有的舊東西很不錯，只要還能用、也適合自己，就不一定需要馬上換掉。,東西,thing,dōngxi,N,,,,,,"{""prompt"":""請看圖，說出這一句。"",""phrases"":null,""imageUrl"":""/uploads/images/lesson-6-8-bubble/l8r-frame-9.png"",""promptHard"":""請加上原因或感受。"",""vocabulary"":""東西"",""phrasesHard"":null,""imageUrlHard"":""/uploads/images/lesson-6-8-bubble/l8r-frame-9.png"",""listenScript"":null,""promptMedium"":""請用完整句子說明。"",""phrasesMedium"":null,""vocabularyPos"":""N"",""grammarExample"":null,""grammarPattern"":null,""imageUrlMedium"":""/uploads/images/lesson-6-8-bubble/l8r-frame-9.png"",""listenAudioUrl"":null,""vocabularyHard"":""東西"",""suggestedAnswer"":""我覺得有的舊東西很不錯。"",""vocabularyCloze"":""[[{\""sentence\"":\""我覺得有的舊東西很不錯。\"",\""distractors\"":[\""朋友\"",\""學校\"",\""飯店\""]}]]"",""listenScriptHard"":null,""vocabularyGroups"":null,""vocabularyMedium"":""東西"",""vocabularyPinyin"":""dōngxi"",""listenAudioSource"":null,""vocabularyPosHard"":null,""vocabularySynonym"":""[[]]"",""listenAudioUrlHard"":null,""listenScriptMedium"":null,""phrasesTranslation"":null,""suggestedAnswerHard"":""我覺得有的舊東西很不錯，只要還能用、也適合自己，就不一定需要馬上換掉。"",""vocabularyAudioUrls"":null,""vocabularyLookalike"":""[[]]"",""vocabularyPosMedium"":null,""listenAudioUrlMedium"":null,""vocabularyPinyinHard"":null,""listenAudioSourceHard"":null,""suggestedAnswerMedium"":""我覺得有的舊東西很不錯，不一定要換新的。"",""vocabularyDistractors"":""[[]]"",""vocabularyTranslation"":""thing"",""phrasesTranslationHard"":null,""vocabularyPinyinMedium"":null,""listenAudioSourceMedium"":null,""sentenceReferenceCurves"":null,""vocabularyAudioUrlsHard"":null,""phrasesTranslationMedium"":null,""vocabularyAudioUrlsMedium"":null,""vocabularyReferenceCurves"":null,""vocabularyTranslationHard"":null,""sentenceReferenceCurvesHard"":null,""vocabularyTranslationMedium"":null,""sentenceReferenceCurvesMedium"":null,""vocabularyReferenceCurvesHard"":null,""vocabularyReferenceCurvesMedium"":null}"
8,3,modern-chinese-l8-reading,第8課 短文：年輕人喜歡新東西,True,9,/uploads/images/lesson-6-8-bubble/l8r-frame-10.png,請看圖，說出這一句。,請用完整句子說明。,請加上原因或感受。,有的新東西也很有趣。,有的新東西也很有趣，可以帶來不同的使用經驗。,當然，有的新東西也很有趣，新的設計或功能有時候真的會讓生活更方便。,"有趣,東西","interesting, thing","yǒuqù, dōngxi","Adj, N",,,,,,"{""prompt"":""請看圖，說出這一句。"",""phrases"":null,""imageUrl"":""/uploads/images/lesson-6-8-bubble/l8r-frame-10.png"",""promptHard"":""請加上原因或感受。"",""vocabulary"":""有趣,東西"",""phrasesHard"":null,""imageUrlHard"":""/uploads/images/lesson-6-8-bubble/l8r-frame-10.png"",""listenScript"":null,""promptMedium"":""請用完整句子說明。"",""phrasesMedium"":null,""vocabularyPos"":""Adj, N"",""grammarExample"":null,""grammarPattern"":null,""imageUrlMedium"":""/uploads/images/lesson-6-8-bubble/l8r-frame-10.png"",""listenAudioUrl"":null,""vocabularyHard"":""有趣,東西"",""suggestedAnswer"":""有的新東西也很有趣。"",""vocabularyCloze"":""[[{\""sentence\"":\""有的新東西也很有趣。\"",\""distractors\"":[\""漂亮\"",\""方便\""]}],[{\""sentence\"":\""有的新東西也很有趣。\"",\""distractors\"":[\""朋友\"",\""學校\"",\""飯店\""]}]]"",""listenScriptHard"":null,""vocabularyGroups"":null,""vocabularyMedium"":""有趣,東西"",""vocabularyPinyin"":""yǒuqù, dōngxi"",""listenAudioSource"":null,""vocabularyPosHard"":null,""vocabularySynonym"":""[[],[]]"",""listenAudioUrlHard"":null,""listenScriptMedium"":null,""phrasesTranslation"":null,""suggestedAnswerHard"":""當然，有的新東西也很有趣，新的設計或功能有時候真的會讓生活更方便。"",""vocabularyAudioUrls"":null,""vocabularyLookalike"":""[[],[]]"",""vocabularyPosMedium"":null,""listenAudioUrlMedium"":null,""vocabularyPinyinHard"":null,""listenAudioSourceHard"":null,""suggestedAnswerMedium"":""有的新東西也很有趣，可以帶來不同的使用經驗。"",""vocabularyDistractors"":""[[],[]]"",""vocabularyTranslation"":""interesting, thing"",""phrasesTranslationHard"":null,""vocabularyPinyinMedium"":null,""listenAudioSourceMedium"":null,""sentenceReferenceCurves"":null,""vocabularyAudioUrlsHard"":null,""phrasesTranslationMedium"":null,""vocabularyAudioUrlsMedium"":null,""vocabularyReferenceCurves"":null,""vocabularyTranslationHard"":null,""sentenceReferenceCurvesHard"":null,""vocabularyTranslationMedium"":null,""sentenceReferenceCurvesMedium"":null,""vocabularyReferenceCurvesHard"":null,""vocabularyReferenceCurvesMedium"":null}"
8,3,modern-chinese-l8-reading,第8課 短文：年輕人喜歡新東西,True,10,/uploads/images/lesson-6-8-bubble/l8r-frame-11.png,請看圖，說出這一句。,請用完整句子說明。,請加上原因或感受。,我很喜歡看新車、新衣服。,我很喜歡看新車、新衣服，可是通常只是看看。,我很喜歡看新車、新衣服，因為可以知道現在流行什麼，但我不會看到喜歡的就立刻買。,衣服,clothes,yīfu,N,,,,,,"{""prompt"":""請看圖，說出這一句。"",""phrases"":null,""imageUrl"":""/uploads/images/lesson-6-8-bubble/l8r-frame-11.png"",""promptHard"":""請加上原因或感受。"",""vocabulary"":""衣服"",""phrasesHard"":null,""imageUrlHard"":""/uploads/images/lesson-6-8-bubble/l8r-frame-11.png"",""listenScript"":null,""promptMedium"":""請用完整句子說明。"",""phrasesMedium"":null,""vocabularyPos"":""N"",""grammarExample"":null,""grammarPattern"":null,""imageUrlMedium"":""/uploads/images/lesson-6-8-bubble/l8r-frame-11.png"",""listenAudioUrl"":null,""vocabularyHard"":""衣服"",""suggestedAnswer"":""我很喜歡看新車、新衣服。"",""vocabularyCloze"":""[[{\""sentence\"":\""我很喜歡看新車、新衣服。\"",\""distractors\"":[\""朋友\"",\""學校\"",\""飯店\""]}]]"",""listenScriptHard"":null,""vocabularyGroups"":null,""vocabularyMedium"":""衣服"",""vocabularyPinyin"":""yīfu"",""listenAudioSource"":null,""vocabularyPosHard"":null,""vocabularySynonym"":""[[]]"",""listenAudioUrlHard"":null,""listenScriptMedium"":null,""phrasesTranslation"":null,""suggestedAnswerHard"":""我很喜歡看新車、新衣服，因為可以知道現在流行什麼，但我不會看到喜歡的就立刻買。"",""vocabularyAudioUrls"":null,""vocabularyLookalike"":""[[]]"",""vocabularyPosMedium"":null,""listenAudioUrlMedium"":null,""vocabularyPinyinHard"":null,""listenAudioSourceHard"":null,""suggestedAnswerMedium"":""我很喜歡看新車、新衣服，可是通常只是看看。"",""vocabularyDistractors"":""[[]]"",""vocabularyTranslation"":""clothes"",""phrasesTranslationHard"":null,""vocabularyPinyinMedium"":null,""listenAudioSourceMedium"":null,""sentenceReferenceCurves"":null,""vocabularyAudioUrlsHard"":null,""phrasesTranslationMedium"":null,""vocabularyAudioUrlsMedium"":null,""vocabularyReferenceCurves"":null,""vocabularyTranslationHard"":null,""sentenceReferenceCurvesHard"":null,""vocabularyTranslationMedium"":null,""sentenceReferenceCurvesMedium"":null,""vocabularyReferenceCurvesHard"":null,""vocabularyReferenceCurvesMedium"":null}"
8,3,modern-chinese-l8-reading,第8課 短文：年輕人喜歡新東西,True,11,/uploads/images/lesson-6-8-bubble/l8r-frame-12.png,請看圖，說出這一句。,請用完整句子說明。,請加上原因或感受。,可是我的錢不多。,可是我的錢不多，所以買東西以前會先想清楚。,可是我的錢不多，每個月可以花在購物上的金額有限，所以我會先分清楚需要和想要的東西。,錢,money,qián,N,,,,,,"{""prompt"":""請看圖，說出這一句。"",""phrases"":null,""imageUrl"":""/uploads/images/lesson-6-8-bubble/l8r-frame-12.png"",""promptHard"":""請加上原因或感受。"",""vocabulary"":""錢"",""phrasesHard"":null,""imageUrlHard"":""/uploads/images/lesson-6-8-bubble/l8r-frame-12.png"",""listenScript"":null,""promptMedium"":""請用完整句子說明。"",""phrasesMedium"":null,""vocabularyPos"":""N"",""grammarExample"":null,""grammarPattern"":null,""imageUrlMedium"":""/uploads/images/lesson-6-8-bubble/l8r-frame-12.png"",""listenAudioUrl"":null,""vocabularyHard"":""錢"",""suggestedAnswer"":""可是我的錢不多。"",""vocabularyCloze"":""[[{\""sentence\"":\""可是我的錢不多。\"",\""distractors\"":[\""朋友\"",\""學校\"",\""飯店\""]}]]"",""listenScriptHard"":null,""vocabularyGroups"":null,""vocabularyMedium"":""錢"",""vocabularyPinyin"":""qián"",""listenAudioSource"":null,""vocabularyPosHard"":null,""vocabularySynonym"":""[[]]"",""listenAudioUrlHard"":null,""listenScriptMedium"":null,""phrasesTranslation"":null,""suggestedAnswerHard"":""可是我的錢不多，每個月可以花在購物上的金額有限，所以我會先分清楚需要和想要的東西。"",""vocabularyAudioUrls"":null,""vocabularyLookalike"":""[[]]"",""vocabularyPosMedium"":null,""listenAudioUrlMedium"":null,""vocabularyPinyinHard"":null,""listenAudioSourceHard"":null,""suggestedAnswerMedium"":""可是我的錢不多，所以買東西以前會先想清楚。"",""vocabularyDistractors"":""[[]]"",""vocabularyTranslation"":""money"",""phrasesTranslationHard"":null,""vocabularyPinyinMedium"":null,""listenAudioSourceMedium"":null,""sentenceReferenceCurves"":null,""vocabularyAudioUrlsHard"":null,""phrasesTranslationMedium"":null,""vocabularyAudioUrlsMedium"":null,""vocabularyReferenceCurves"":null,""vocabularyTranslationHard"":null,""sentenceReferenceCurvesHard"":null,""vocabularyTranslationMedium"":null,""sentenceReferenceCurvesMedium"":null,""vocabularyReferenceCurvesHard"":null,""vocabularyReferenceCurvesMedium"":null}"
8,3,modern-chinese-l8-reading,第8課 短文：年輕人喜歡新東西,True,12,/uploads/images/lesson-6-8-bubble/l8r-frame-13.png,請看圖，說出這一句。,請用完整句子說明。,請加上原因或感受。,所以我不常買。,所以我不常買，真的需要的時候才會買。,所以我不常買。我通常先比較價格，也想一想是不是真的需要，確定以後才會付錢。,,,,,,,,,,"{""prompt"":""請看圖，說出這一句。"",""phrases"":null,""imageUrl"":""/uploads/images/lesson-6-8-bubble/l8r-frame-13.png"",""promptHard"":""請加上原因或感受。"",""vocabulary"":"""",""phrasesHard"":null,""imageUrlHard"":""/uploads/images/lesson-6-8-bubble/l8r-frame-13.png"",""listenScript"":null,""promptMedium"":""請用完整句子說明。"",""phrasesMedium"":null,""vocabularyPos"":null,""grammarExample"":null,""grammarPattern"":null,""imageUrlMedium"":""/uploads/images/lesson-6-8-bubble/l8r-frame-13.png"",""listenAudioUrl"":null,""vocabularyHard"":"""",""suggestedAnswer"":""所以我不常買。"",""vocabularyCloze"":null,""listenScriptHard"":null,""vocabularyGroups"":null,""vocabularyMedium"":"""",""vocabularyPinyin"":null,""listenAudioSource"":null,""vocabularyPosHard"":null,""vocabularySynonym"":null,""listenAudioUrlHard"":null,""listenScriptMedium"":null,""phrasesTranslation"":null,""suggestedAnswerHard"":""所以我不常買。我通常先比較價格，也想一想是不是真的需要，確定以後才會付錢。"",""vocabularyAudioUrls"":null,""vocabularyLookalike"":null,""vocabularyPosMedium"":null,""listenAudioUrlMedium"":null,""vocabularyPinyinHard"":null,""listenAudioSourceHard"":null,""suggestedAnswerMedium"":""所以我不常買，真的需要的時候才會買。"",""vocabularyDistractors"":null,""vocabularyTranslation"":null,""phrasesTranslationHard"":null,""vocabularyPinyinMedium"":null,""listenAudioSourceMedium"":null,""sentenceReferenceCurves"":null,""vocabularyAudioUrlsHard"":null,""phrasesTranslationMedium"":null,""vocabularyAudioUrlsMedium"":null,""vocabularyReferenceCurves"":null,""vocabularyTranslationHard"":null,""sentenceReferenceCurvesHard"":null,""vocabularyTranslationMedium"":null,""sentenceReferenceCurvesMedium"":null,""vocabularyReferenceCurvesHard"":null,""vocabularyReferenceCurvesMedium"":null}"
