story_id,story_title,published,lesson_number,tier,frame_index,word_index,word,question_type,prompt,correct_answer,translation,pinyin,part_of_speech,options_from_source,context_sentence,source,validation_status,validation_errors,lesson_sub_order
custom-story-1785137028726,我們去喝下午茶,True,5,easy,0,0,友美,translation,友美,friend's name,friend's name,yǒu měi,N,"[""friendship"", ""beauty"", ""nickname"", ""beautiful friend"", ""nice person""]",,live,ok,,1
custom-story-1785137028726,我們去喝下午茶,True,5,easy,0,0,友美,reverse,friend's name,友美,friend's name,yǒu měi,N,"[""友美"", ""週末"", ""做"", ""這個週末"", ""什麼""]",,live,ok,,1
custom-story-1785137028726,我們去喝下午茶,True,5,easy,0,0,友美,listening,友美,友美,friend's name,yǒu měi,N,"[""友美"", ""週末"", ""做"", ""這個週末"", ""什麼""]",,live,ok,,1
custom-story-1785137028726,我們去喝下午茶,True,5,easy,0,0,友美,pinyin,友美,yǒu měi,friend's name,yǒu měi,N,"[""yǒu měi"", ""zhōu mò"", ""zuò"", ""zhè ge zhōumò"", ""shénme""]",,live,ok,,1
custom-story-1785137028726,我們去喝下午茶,True,5,easy,0,0,友美,pos,友美,N,friend's name,yǒu měi,N,[],,live,ok,,1
custom-story-1785137028726,我們去喝下午茶,True,5,easy,0,1,週末,translation,週末,weekend,weekend,zhōu mò,N,"[""holiday"", ""vacation"", ""festival"", ""leisure time""]",,live,ok,,1
custom-story-1785137028726,我們去喝下午茶,True,5,easy,0,1,週末,reverse,weekend,週末,weekend,zhōu mò,N,"[""友美"", ""週末"", ""做"", ""這個週末"", ""什麼""]",,live,ok,,1
custom-story-1785137028726,我們去喝下午茶,True,5,easy,0,1,週末,listening,週末,週末,weekend,zhōu mò,N,"[""友美"", ""週末"", ""做"", ""這個週末"", ""什麼""]",,live,ok,,1
custom-story-1785137028726,我們去喝下午茶,True,5,easy,0,1,週末,pinyin,週末,zhōu mò,weekend,zhōu mò,N,"[""yǒu měi"", ""zhōu mò"", ""zuò"", ""zhè ge zhōumò"", ""shénme""]",,live,ok,,1
custom-story-1785137028726,我們去喝下午茶,True,5,easy,0,1,週末,pos,週末,N,weekend,zhōu mò,N,[],,live,ok,,1
custom-story-1785137028726,我們去喝下午茶,True,5,easy,0,2,做,translation,做,to do,to do,zuò,V,"[""create"", ""build"", ""prepare"", ""to make"", ""to create"", ""to prepare""]",,live,ok,,1
custom-story-1785137028726,我們去喝下午茶,True,5,easy,0,2,做,reverse,to do,做,to do,zuò,V,"[""友美"", ""週末"", ""做"", ""這個週末"", ""什麼""]",,live,ok,,1
custom-story-1785137028726,我們去喝下午茶,True,5,easy,0,2,做,listening,做,做,to do,zuò,V,"[""友美"", ""週末"", ""做"", ""這個週末"", ""什麼""]",,live,ok,,1
custom-story-1785137028726,我們去喝下午茶,True,5,easy,0,2,做,pinyin,做,zuò,to do,zuò,V,"[""yǒu měi"", ""zhōu mò"", ""zuò"", ""zhè ge zhōumò"", ""shénme""]",,live,ok,,1
custom-story-1785137028726,我們去喝下午茶,True,5,easy,0,2,做,pos,做,V,to do,zuò,V,[],,live,ok,,1
custom-story-1785137028726,我們去喝下午茶,True,5,easy,0,3,這個週末,translation,這個週末,this weekend,this weekend,zhè ge zhōumò,Phrase,[],,live,ok,,1
custom-story-1785137028726,我們去喝下午茶,True,5,easy,0,3,這個週末,reverse,this weekend,這個週末,this weekend,zhè ge zhōumò,Phrase,"[""友美"", ""週末"", ""做"", ""這個週末"", ""什麼""]",,live,ok,,1
custom-story-1785137028726,我們去喝下午茶,True,5,easy,0,3,這個週末,listening,這個週末,這個週末,this weekend,zhè ge zhōumò,Phrase,"[""友美"", ""週末"", ""做"", ""這個週末"", ""什麼""]",,live,ok,,1
custom-story-1785137028726,我們去喝下午茶,True,5,easy,0,3,這個週末,pinyin,這個週末,zhè ge zhōumò,this weekend,zhè ge zhōumò,Phrase,"[""yǒu měi"", ""zhōu mò"", ""zuò"", ""zhè ge zhōumò"", ""shénme""]",,live,ok,,1
custom-story-1785137028726,我們去喝下午茶,True,5,easy,0,3,這個週末,pos,這個週末,Phrase,this weekend,zhè ge zhōumò,Phrase,[],,live,ok,,1
custom-story-1785137028726,我們去喝下午茶,True,5,easy,0,4,什麼,translation,什麼,what,what,shénme,Other,[],,live,ok,,1
custom-story-1785137028726,我們去喝下午茶,True,5,easy,0,4,什麼,reverse,what,什麼,what,shénme,Other,"[""友美"", ""週末"", ""做"", ""這個週末"", ""什麼""]",,live,ok,,1
custom-story-1785137028726,我們去喝下午茶,True,5,easy,0,4,什麼,listening,什麼,什麼,what,shénme,Other,"[""友美"", ""週末"", ""做"", ""這個週末"", ""什麼""]",,live,ok,,1
custom-story-1785137028726,我們去喝下午茶,True,5,easy,0,4,什麼,pinyin,什麼,shénme,what,shénme,Other,"[""yǒu měi"", ""zhōu mò"", ""zuò"", ""zhè ge zhōumò"", ""shénme""]",,live,ok,,1
custom-story-1785137028726,我們去喝下午茶,True,5,easy,0,4,什麼,pos,什麼,Other,what,shénme,Other,[],,live,ok,,1
custom-story-1785137028726,我們去喝下午茶,True,5,medium,0,0,友美,translation,友美,friend's name,friend's name,yǒu měi,N,"[""friendship"", ""beauty"", ""nickname"", ""beautiful friend"", ""nice person""]",,live,ok,,1
custom-story-1785137028726,我們去喝下午茶,True,5,medium,0,0,友美,reverse,friend's name,友美,friend's name,yǒu měi,N,"[""友美"", ""週末"", ""做"", ""這個週末"", ""什麼""]",,live,ok,,1
custom-story-1785137028726,我們去喝下午茶,True,5,medium,0,0,友美,listening,友美,友美,friend's name,yǒu měi,N,"[""友美"", ""週末"", ""做"", ""這個週末"", ""什麼""]",,live,ok,,1
custom-story-1785137028726,我們去喝下午茶,True,5,medium,0,0,友美,pinyin,友美,yǒu měi,friend's name,yǒu měi,N,"[""yǒu měi"", ""zhōu mò"", ""zuò"", ""zhè ge zhōumò"", ""shénme""]",,live,ok,,1
custom-story-1785137028726,我們去喝下午茶,True,5,medium,0,0,友美,pos,友美,N,friend's name,yǒu měi,N,[],,live,ok,,1
custom-story-1785137028726,我們去喝下午茶,True,5,medium,0,1,週末,translation,週末,weekend,weekend,zhōu mò,N,"[""holiday"", ""vacation"", ""festival"", ""leisure time""]",,live,ok,,1
custom-story-1785137028726,我們去喝下午茶,True,5,medium,0,1,週末,reverse,weekend,週末,weekend,zhōu mò,N,"[""友美"", ""週末"", ""做"", ""這個週末"", ""什麼""]",,live,ok,,1
custom-story-1785137028726,我們去喝下午茶,True,5,medium,0,1,週末,listening,週末,週末,weekend,zhōu mò,N,"[""友美"", ""週末"", ""做"", ""這個週末"", ""什麼""]",,live,ok,,1
custom-story-1785137028726,我們去喝下午茶,True,5,medium,0,1,週末,pinyin,週末,zhōu mò,weekend,zhōu mò,N,"[""yǒu měi"", ""zhōu mò"", ""zuò"", ""zhè ge zhōumò"", ""shénme""]",,live,ok,,1
custom-story-1785137028726,我們去喝下午茶,True,5,medium,0,1,週末,pos,週末,N,weekend,zhōu mò,N,[],,live,ok,,1
custom-story-1785137028726,我們去喝下午茶,True,5,medium,0,2,做,translation,做,to do,to do,zuò,V,"[""create"", ""build"", ""prepare"", ""to make"", ""to create"", ""to prepare""]",,live,ok,,1
custom-story-1785137028726,我們去喝下午茶,True,5,medium,0,2,做,reverse,to do,做,to do,zuò,V,"[""友美"", ""週末"", ""做"", ""這個週末"", ""什麼""]",,live,ok,,1
custom-story-1785137028726,我們去喝下午茶,True,5,medium,0,2,做,listening,做,做,to do,zuò,V,"[""友美"", ""週末"", ""做"", ""這個週末"", ""什麼""]",,live,ok,,1
custom-story-1785137028726,我們去喝下午茶,True,5,medium,0,2,做,pinyin,做,zuò,to do,zuò,V,"[""yǒu měi"", ""zhōu mò"", ""zuò"", ""zhè ge zhōumò"", ""shénme""]",,live,ok,,1
custom-story-1785137028726,我們去喝下午茶,True,5,medium,0,2,做,pos,做,V,to do,zuò,V,[],,live,ok,,1
custom-story-1785137028726,我們去喝下午茶,True,5,medium,0,3,這個週末,translation,這個週末,this weekend,this weekend,zhè ge zhōumò,Phrase,[],,live,ok,,1
custom-story-1785137028726,我們去喝下午茶,True,5,medium,0,3,這個週末,reverse,this weekend,這個週末,this weekend,zhè ge zhōumò,Phrase,"[""友美"", ""週末"", ""做"", ""這個週末"", ""什麼""]",,live,ok,,1
custom-story-1785137028726,我們去喝下午茶,True,5,medium,0,3,這個週末,listening,這個週末,這個週末,this weekend,zhè ge zhōumò,Phrase,"[""友美"", ""週末"", ""做"", ""這個週末"", ""什麼""]",,live,ok,,1
custom-story-1785137028726,我們去喝下午茶,True,5,medium,0,3,這個週末,pinyin,這個週末,zhè ge zhōumò,this weekend,zhè ge zhōumò,Phrase,"[""yǒu měi"", ""zhōu mò"", ""zuò"", ""zhè ge zhōumò"", ""shénme""]",,live,ok,,1
custom-story-1785137028726,我們去喝下午茶,True,5,medium,0,3,這個週末,pos,這個週末,Phrase,this weekend,zhè ge zhōumò,Phrase,[],,live,ok,,1
custom-story-1785137028726,我們去喝下午茶,True,5,medium,0,4,什麼,translation,什麼,what,what,shénme,Other,[],,live,ok,,1
custom-story-1785137028726,我們去喝下午茶,True,5,medium,0,4,什麼,reverse,what,什麼,what,shénme,Other,"[""友美"", ""週末"", ""做"", ""這個週末"", ""什麼""]",,live,ok,,1
custom-story-1785137028726,我們去喝下午茶,True,5,medium,0,4,什麼,listening,什麼,什麼,what,shénme,Other,"[""友美"", ""週末"", ""做"", ""這個週末"", ""什麼""]",,live,ok,,1
custom-story-1785137028726,我們去喝下午茶,True,5,medium,0,4,什麼,pinyin,什麼,shénme,what,shénme,Other,"[""yǒu měi"", ""zhōu mò"", ""zuò"", ""zhè ge zhōumò"", ""shénme""]",,live,ok,,1
custom-story-1785137028726,我們去喝下午茶,True,5,medium,0,4,什麼,pos,什麼,Other,what,shénme,Other,[],,live,ok,,1
custom-story-1785137028726,我們去喝下午茶,True,5,hard,0,0,友美,translation,友美,friend's name,friend's name,yǒu měi,N,"[""friendship"", ""beauty"", ""nickname"", ""beautiful friend"", ""nice person""]",,live,ok,,1
custom-story-1785137028726,我們去喝下午茶,True,5,hard,0,0,友美,reverse,friend's name,友美,friend's name,yǒu měi,N,"[""友美"", ""週末"", ""做"", ""這個週末"", ""什麼""]",,live,ok,,1
custom-story-1785137028726,我們去喝下午茶,True,5,hard,0,0,友美,listening,友美,友美,friend's name,yǒu měi,N,"[""友美"", ""週末"", ""做"", ""這個週末"", ""什麼""]",,live,ok,,1
custom-story-1785137028726,我們去喝下午茶,True,5,hard,0,0,友美,pinyin,友美,yǒu měi,friend's name,yǒu měi,N,"[""yǒu měi"", ""zhōu mò"", ""zuò"", ""zhè ge zhōumò"", ""shénme""]",,live,ok,,1
custom-story-1785137028726,我們去喝下午茶,True,5,hard,0,0,友美,pos,友美,N,friend's name,yǒu měi,N,[],,live,ok,,1
custom-story-1785137028726,我們去喝下午茶,True,5,hard,0,1,週末,translation,週末,weekend,weekend,zhōu mò,N,"[""holiday"", ""vacation"", ""festival"", ""leisure time""]",,live,ok,,1
custom-story-1785137028726,我們去喝下午茶,True,5,hard,0,1,週末,reverse,weekend,週末,weekend,zhōu mò,N,"[""友美"", ""週末"", ""做"", ""這個週末"", ""什麼""]",,live,ok,,1
custom-story-1785137028726,我們去喝下午茶,True,5,hard,0,1,週末,listening,週末,週末,weekend,zhōu mò,N,"[""友美"", ""週末"", ""做"", ""這個週末"", ""什麼""]",,live,ok,,1
custom-story-1785137028726,我們去喝下午茶,True,5,hard,0,1,週末,pinyin,週末,zhōu mò,weekend,zhōu mò,N,"[""yǒu měi"", ""zhōu mò"", ""zuò"", ""zhè ge zhōumò"", ""shénme""]",,live,ok,,1
custom-story-1785137028726,我們去喝下午茶,True,5,hard,0,1,週末,pos,週末,N,weekend,zhōu mò,N,[],,live,ok,,1
custom-story-1785137028726,我們去喝下午茶,True,5,hard,0,2,做,translation,做,to do,to do,zuò,V,"[""create"", ""build"", ""prepare"", ""to make"", ""to create"", ""to prepare""]",,live,ok,,1
custom-story-1785137028726,我們去喝下午茶,True,5,hard,0,2,做,reverse,to do,做,to do,zuò,V,"[""友美"", ""週末"", ""做"", ""這個週末"", ""什麼""]",,live,ok,,1
custom-story-1785137028726,我們去喝下午茶,True,5,hard,0,2,做,listening,做,做,to do,zuò,V,"[""友美"", ""週末"", ""做"", ""這個週末"", ""什麼""]",,live,ok,,1
custom-story-1785137028726,我們去喝下午茶,True,5,hard,0,2,做,pinyin,做,zuò,to do,zuò,V,"[""yǒu měi"", ""zhōu mò"", ""zuò"", ""zhè ge zhōumò"", ""shénme""]",,live,ok,,1
custom-story-1785137028726,我們去喝下午茶,True,5,hard,0,2,做,pos,做,V,to do,zuò,V,[],,live,ok,,1
custom-story-1785137028726,我們去喝下午茶,True,5,hard,0,3,這個週末,translation,這個週末,this weekend,this weekend,zhè ge zhōumò,Phrase,[],,live,ok,,1
custom-story-1785137028726,我們去喝下午茶,True,5,hard,0,3,這個週末,reverse,this weekend,這個週末,this weekend,zhè ge zhōumò,Phrase,"[""友美"", ""週末"", ""做"", ""這個週末"", ""什麼""]",,live,ok,,1
custom-story-1785137028726,我們去喝下午茶,True,5,hard,0,3,這個週末,listening,這個週末,這個週末,this weekend,zhè ge zhōumò,Phrase,"[""友美"", ""週末"", ""做"", ""這個週末"", ""什麼""]",,live,ok,,1
custom-story-1785137028726,我們去喝下午茶,True,5,hard,0,3,這個週末,pinyin,這個週末,zhè ge zhōumò,this weekend,zhè ge zhōumò,Phrase,"[""yǒu měi"", ""zhōu mò"", ""zuò"", ""zhè ge zhōumò"", ""shénme""]",,live,ok,,1
custom-story-1785137028726,我們去喝下午茶,True,5,hard,0,3,這個週末,pos,這個週末,Phrase,this weekend,zhè ge zhōumò,Phrase,[],,live,ok,,1
custom-story-1785137028726,我們去喝下午茶,True,5,hard,0,4,什麼,translation,什麼,what,what,shénme,Other,[],,live,ok,,1
custom-story-1785137028726,我們去喝下午茶,True,5,hard,0,4,什麼,reverse,what,什麼,what,shénme,Other,"[""友美"", ""週末"", ""做"", ""這個週末"", ""什麼""]",,live,ok,,1
custom-story-1785137028726,我們去喝下午茶,True,5,hard,0,4,什麼,listening,什麼,什麼,what,shénme,Other,"[""友美"", ""週末"", ""做"", ""這個週末"", ""什麼""]",,live,ok,,1
custom-story-1785137028726,我們去喝下午茶,True,5,hard,0,4,什麼,pinyin,什麼,shénme,what,shénme,Other,"[""yǒu měi"", ""zhōu mò"", ""zuò"", ""zhè ge zhōumò"", ""shénme""]",,live,ok,,1
custom-story-1785137028726,我們去喝下午茶,True,5,hard,0,4,什麼,pos,什麼,Other,what,shénme,Other,[],,live,ok,,1
custom-story-1785137028726,我們去喝下午茶,True,5,easy,1,0,我,translation,我,I,I,wǒ,Pron,"[""we"", ""us"", ""ours""]",,live,ok,,1
custom-story-1785137028726,我們去喝下午茶,True,5,easy,1,0,我,reverse,I,我,I,wǒ,Pron,"[""我"", ""要"", ""在"", ""家"", ""看書"", ""聽音樂""]",,live,ok,,1
custom-story-1785137028726,我們去喝下午茶,True,5,easy,1,0,我,listening,我,我,I,wǒ,Pron,"[""我"", ""要"", ""在"", ""家"", ""看書"", ""聽音樂""]",,live,ok,,1
custom-story-1785137028726,我們去喝下午茶,True,5,easy,1,0,我,pinyin,我,wǒ,I,wǒ,Pron,"[""wǒ"", ""yào"", ""zài"", ""jiā"", ""kànshū"", ""tīng yīnyuè""]",,live,ok,,1
custom-story-1785137028726,我們去喝下午茶,True,5,easy,1,0,我,pos,我,Pron,I,wǒ,Pron,[],,live,ok,,1
custom-story-1785137028726,我們去喝下午茶,True,5,easy,1,1,要,translation,要,to want,to want,yào,V,"[""need"", ""must"", ""should"", ""to need"", ""to require"", ""to wish""]",,live,ok,,1
custom-story-1785137028726,我們去喝下午茶,True,5,easy,1,1,要,reverse,to want,要,to want,yào,V,"[""我"", ""要"", ""在"", ""家"", ""看書"", ""聽音樂""]",,live,ok,,1
custom-story-1785137028726,我們去喝下午茶,True,5,easy,1,1,要,listening,要,要,to want,yào,V,"[""我"", ""要"", ""在"", ""家"", ""看書"", ""聽音樂""]",,live,ok,,1
custom-story-1785137028726,我們去喝下午茶,True,5,easy,1,1,要,pinyin,要,yào,to want,yào,V,"[""wǒ"", ""yào"", ""zài"", ""jiā"", ""kànshū"", ""tīng yīnyuè""]",,live,ok,,1
custom-story-1785137028726,我們去喝下午茶,True,5,easy,1,1,要,pos,要,V,to want,yào,V,[],,live,ok,,1
custom-story-1785137028726,我們去喝下午茶,True,5,easy,1,2,在,translation,在,at,at,zài,Prep,"[""with"", ""from"", ""during"", ""on""]",,live,ok,,1
custom-story-1785137028726,我們去喝下午茶,True,5,easy,1,2,在,reverse,at,在,at,zài,Prep,"[""我"", ""要"", ""在"", ""家"", ""看書"", ""聽音樂""]",,live,ok,,1
custom-story-1785137028726,我們去喝下午茶,True,5,easy,1,2,在,listening,在,在,at,zài,Prep,"[""我"", ""要"", ""在"", ""家"", ""看書"", ""聽音樂""]",,live,ok,,1
custom-story-1785137028726,我們去喝下午茶,True,5,easy,1,2,在,pinyin,在,zài,at,zài,Prep,"[""wǒ"", ""yào"", ""zài"", ""jiā"", ""kànshū"", ""tīng yīnyuè""]",,live,ok,,1
custom-story-1785137028726,我們去喝下午茶,True,5,easy,1,2,在,pos,在,Prep,at,zài,Prep,[],,live,ok,,1
custom-story-1785137028726,我們去喝下午茶,True,5,easy,1,3,家,translation,家,home,home,jiā,N,"[""office"", ""school"", ""store"", ""household"", ""family"", ""village""]",,live,ok,,1
custom-story-1785137028726,我們去喝下午茶,True,5,easy,1,3,家,reverse,home,家,home,jiā,N,"[""我"", ""要"", ""在"", ""家"", ""看書"", ""聽音樂""]",,live,ok,,1
custom-story-1785137028726,我們去喝下午茶,True,5,easy,1,3,家,listening,家,家,home,jiā,N,"[""我"", ""要"", ""在"", ""家"", ""看書"", ""聽音樂""]",,live,ok,,1
custom-story-1785137028726,我們去喝下午茶,True,5,easy,1,3,家,pinyin,家,jiā,home,jiā,N,"[""wǒ"", ""yào"", ""zài"", ""jiā"", ""kànshū"", ""tīng yīnyuè""]",,live,ok,,1
custom-story-1785137028726,我們去喝下午茶,True,5,easy,1,3,家,pos,家,N,home,jiā,N,[],,live,ok,,1
custom-story-1785137028726,我們去喝下午茶,True,5,easy,1,4,看書,translation,看書,to read,to read,kànshū,V,"[""watch movie"", ""play game"", ""browse internet"", ""to watch"", ""to observe"", ""to glance""]",,live,ok,,1
custom-story-1785137028726,我們去喝下午茶,True,5,easy,1,4,看書,reverse,to read,看書,to read,kànshū,V,"[""我"", ""要"", ""在"", ""家"", ""看書"", ""聽音樂""]",,live,ok,,1
custom-story-1785137028726,我們去喝下午茶,True,5,easy,1,4,看書,listening,看書,看書,to read,kànshū,V,"[""我"", ""要"", ""在"", ""家"", ""看書"", ""聽音樂""]",,live,ok,,1
custom-story-1785137028726,我們去喝下午茶,True,5,easy,1,4,看書,pinyin,看書,kànshū,to read,kànshū,V,"[""wǒ"", ""yào"", ""zài"", ""jiā"", ""kànshū"", ""tīng yīnyuè""]",,live,ok,,1
custom-story-1785137028726,我們去喝下午茶,True,5,easy,1,4,看書,pos,看書,V,to read,kànshū,V,[],,live,ok,,1
custom-story-1785137028726,我們去喝下午茶,True,5,easy,1,5,聽音樂,translation,聽音樂,to listen to music,to listen to music,tīng yīnyuè,V,"[""watch concert"", ""play instrument"", ""dance"", ""to play music"", ""to compose"", ""to sing""]",,live,ok,,1
custom-story-1785137028726,我們去喝下午茶,True,5,easy,1,5,聽音樂,reverse,to listen to music,聽音樂,to listen to music,tīng yīnyuè,V,"[""我"", ""要"", ""在"", ""家"", ""看書"", ""聽音樂""]",,live,ok,,1
custom-story-1785137028726,我們去喝下午茶,True,5,easy,1,5,聽音樂,listening,聽音樂,聽音樂,to listen to music,tīng yīnyuè,V,"[""我"", ""要"", ""在"", ""家"", ""看書"", ""聽音樂""]",,live,ok,,1
custom-story-1785137028726,我們去喝下午茶,True,5,easy,1,5,聽音樂,pinyin,聽音樂,tīng yīnyuè,to listen to music,tīng yīnyuè,V,"[""wǒ"", ""yào"", ""zài"", ""jiā"", ""kànshū"", ""tīng yīnyuè""]",,live,ok,,1
custom-story-1785137028726,我們去喝下午茶,True,5,easy,1,5,聽音樂,pos,聽音樂,V,to listen to music,tīng yīnyuè,V,[],,live,ok,,1
custom-story-1785137028726,我們去喝下午茶,True,5,medium,1,0,我,translation,我,I,I,wǒ,Pron,"[""we"", ""us"", ""ours""]",,live,ok,,1
custom-story-1785137028726,我們去喝下午茶,True,5,medium,1,0,我,reverse,I,我,I,wǒ,Pron,"[""我"", ""要"", ""在"", ""家"", ""看書"", ""聽音樂""]",,live,ok,,1
custom-story-1785137028726,我們去喝下午茶,True,5,medium,1,0,我,listening,我,我,I,wǒ,Pron,"[""我"", ""要"", ""在"", ""家"", ""看書"", ""聽音樂""]",,live,ok,,1
custom-story-1785137028726,我們去喝下午茶,True,5,medium,1,0,我,pinyin,我,wǒ,I,wǒ,Pron,"[""wǒ"", ""yào"", ""zài"", ""jiā"", ""kànshū"", ""tīng yīnyuè""]",,live,ok,,1
custom-story-1785137028726,我們去喝下午茶,True,5,medium,1,0,我,pos,我,Pron,I,wǒ,Pron,[],,live,ok,,1
custom-story-1785137028726,我們去喝下午茶,True,5,medium,1,1,要,translation,要,to want,to want,yào,V,"[""need"", ""must"", ""should"", ""to need"", ""to require"", ""to wish""]",,live,ok,,1
custom-story-1785137028726,我們去喝下午茶,True,5,medium,1,1,要,reverse,to want,要,to want,yào,V,"[""我"", ""要"", ""在"", ""家"", ""看書"", ""聽音樂""]",,live,ok,,1
custom-story-1785137028726,我們去喝下午茶,True,5,medium,1,1,要,listening,要,要,to want,yào,V,"[""我"", ""要"", ""在"", ""家"", ""看書"", ""聽音樂""]",,live,ok,,1
custom-story-1785137028726,我們去喝下午茶,True,5,medium,1,1,要,pinyin,要,yào,to want,yào,V,"[""wǒ"", ""yào"", ""zài"", ""jiā"", ""kànshū"", ""tīng yīnyuè""]",,live,ok,,1
custom-story-1785137028726,我們去喝下午茶,True,5,medium,1,1,要,pos,要,V,to want,yào,V,[],,live,ok,,1
custom-story-1785137028726,我們去喝下午茶,True,5,medium,1,2,在,translation,在,at,at,zài,Prep,"[""with"", ""from"", ""during"", ""on""]",,live,ok,,1
custom-story-1785137028726,我們去喝下午茶,True,5,medium,1,2,在,reverse,at,在,at,zài,Prep,"[""我"", ""要"", ""在"", ""家"", ""看書"", ""聽音樂""]",,live,ok,,1
custom-story-1785137028726,我們去喝下午茶,True,5,medium,1,2,在,listening,在,在,at,zài,Prep,"[""我"", ""要"", ""在"", ""家"", ""看書"", ""聽音樂""]",,live,ok,,1
custom-story-1785137028726,我們去喝下午茶,True,5,medium,1,2,在,pinyin,在,zài,at,zài,Prep,"[""wǒ"", ""yào"", ""zài"", ""jiā"", ""kànshū"", ""tīng yīnyuè""]",,live,ok,,1
custom-story-1785137028726,我們去喝下午茶,True,5,medium,1,2,在,pos,在,Prep,at,zài,Prep,[],,live,ok,,1
custom-story-1785137028726,我們去喝下午茶,True,5,medium,1,3,家,translation,家,home,home,jiā,N,"[""office"", ""school"", ""store"", ""household"", ""family"", ""village""]",,live,ok,,1
custom-story-1785137028726,我們去喝下午茶,True,5,medium,1,3,家,reverse,home,家,home,jiā,N,"[""我"", ""要"", ""在"", ""家"", ""看書"", ""聽音樂""]",,live,ok,,1
custom-story-1785137028726,我們去喝下午茶,True,5,medium,1,3,家,listening,家,家,home,jiā,N,"[""我"", ""要"", ""在"", ""家"", ""看書"", ""聽音樂""]",,live,ok,,1
custom-story-1785137028726,我們去喝下午茶,True,5,medium,1,3,家,pinyin,家,jiā,home,jiā,N,"[""wǒ"", ""yào"", ""zài"", ""jiā"", ""kànshū"", ""tīng yīnyuè""]",,live,ok,,1
custom-story-1785137028726,我們去喝下午茶,True,5,medium,1,3,家,pos,家,N,home,jiā,N,[],,live,ok,,1
custom-story-1785137028726,我們去喝下午茶,True,5,medium,1,4,看書,translation,看書,to read,to read,kànshū,V,"[""watch movie"", ""play game"", ""browse internet"", ""to watch"", ""to observe"", ""to glance""]",,live,ok,,1
custom-story-1785137028726,我們去喝下午茶,True,5,medium,1,4,看書,reverse,to read,看書,to read,kànshū,V,"[""我"", ""要"", ""在"", ""家"", ""看書"", ""聽音樂""]",,live,ok,,1
custom-story-1785137028726,我們去喝下午茶,True,5,medium,1,4,看書,listening,看書,看書,to read,kànshū,V,"[""我"", ""要"", ""在"", ""家"", ""看書"", ""聽音樂""]",,live,ok,,1
custom-story-1785137028726,我們去喝下午茶,True,5,medium,1,4,看書,pinyin,看書,kànshū,to read,kànshū,V,"[""wǒ"", ""yào"", ""zài"", ""jiā"", ""kànshū"", ""tīng yīnyuè""]",,live,ok,,1
custom-story-1785137028726,我們去喝下午茶,True,5,medium,1,4,看書,pos,看書,V,to read,kànshū,V,[],,live,ok,,1
custom-story-1785137028726,我們去喝下午茶,True,5,medium,1,5,聽音樂,translation,聽音樂,to listen to music,to listen to music,tīng yīnyuè,V,"[""watch concert"", ""play instrument"", ""dance"", ""to play music"", ""to compose"", ""to sing""]",,live,ok,,1
custom-story-1785137028726,我們去喝下午茶,True,5,medium,1,5,聽音樂,reverse,to listen to music,聽音樂,to listen to music,tīng yīnyuè,V,"[""我"", ""要"", ""在"", ""家"", ""看書"", ""聽音樂""]",,live,ok,,1
custom-story-1785137028726,我們去喝下午茶,True,5,medium,1,5,聽音樂,listening,聽音樂,聽音樂,to listen to music,tīng yīnyuè,V,"[""我"", ""要"", ""在"", ""家"", ""看書"", ""聽音樂""]",,live,ok,,1
custom-story-1785137028726,我們去喝下午茶,True,5,medium,1,5,聽音樂,pinyin,聽音樂,tīng yīnyuè,to listen to music,tīng yīnyuè,V,"[""wǒ"", ""yào"", ""zài"", ""jiā"", ""kànshū"", ""tīng yīnyuè""]",,live,ok,,1
custom-story-1785137028726,我們去喝下午茶,True,5,medium,1,5,聽音樂,pos,聽音樂,V,to listen to music,tīng yīnyuè,V,[],,live,ok,,1
custom-story-1785137028726,我們去喝下午茶,True,5,hard,1,0,我,translation,我,I,I,wǒ,Pron,"[""we"", ""us"", ""ours""]",,live,ok,,1
custom-story-1785137028726,我們去喝下午茶,True,5,hard,1,0,我,reverse,I,我,I,wǒ,Pron,"[""我"", ""要"", ""在"", ""家"", ""看書"", ""聽音樂""]",,live,ok,,1
custom-story-1785137028726,我們去喝下午茶,True,5,hard,1,0,我,listening,我,我,I,wǒ,Pron,"[""我"", ""要"", ""在"", ""家"", ""看書"", ""聽音樂""]",,live,ok,,1
custom-story-1785137028726,我們去喝下午茶,True,5,hard,1,0,我,pinyin,我,wǒ,I,wǒ,Pron,"[""wǒ"", ""yào"", ""zài"", ""jiā"", ""kànshū"", ""tīng yīnyuè""]",,live,ok,,1
custom-story-1785137028726,我們去喝下午茶,True,5,hard,1,0,我,pos,我,Pron,I,wǒ,Pron,[],,live,ok,,1
custom-story-1785137028726,我們去喝下午茶,True,5,hard,1,1,要,translation,要,to want,to want,yào,V,"[""need"", ""must"", ""should"", ""to need"", ""to require"", ""to wish""]",,live,ok,,1
custom-story-1785137028726,我們去喝下午茶,True,5,hard,1,1,要,reverse,to want,要,to want,yào,V,"[""我"", ""要"", ""在"", ""家"", ""看書"", ""聽音樂""]",,live,ok,,1
custom-story-1785137028726,我們去喝下午茶,True,5,hard,1,1,要,listening,要,要,to want,yào,V,"[""我"", ""要"", ""在"", ""家"", ""看書"", ""聽音樂""]",,live,ok,,1
custom-story-1785137028726,我們去喝下午茶,True,5,hard,1,1,要,pinyin,要,yào,to want,yào,V,"[""wǒ"", ""yào"", ""zài"", ""jiā"", ""kànshū"", ""tīng yīnyuè""]",,live,ok,,1
custom-story-1785137028726,我們去喝下午茶,True,5,hard,1,1,要,pos,要,V,to want,yào,V,[],,live,ok,,1
custom-story-1785137028726,我們去喝下午茶,True,5,hard,1,2,在,translation,在,at,at,zài,Prep,"[""with"", ""from"", ""during"", ""on""]",,live,ok,,1
custom-story-1785137028726,我們去喝下午茶,True,5,hard,1,2,在,reverse,at,在,at,zài,Prep,"[""我"", ""要"", ""在"", ""家"", ""看書"", ""聽音樂""]",,live,ok,,1
custom-story-1785137028726,我們去喝下午茶,True,5,hard,1,2,在,listening,在,在,at,zài,Prep,"[""我"", ""要"", ""在"", ""家"", ""看書"", ""聽音樂""]",,live,ok,,1
custom-story-1785137028726,我們去喝下午茶,True,5,hard,1,2,在,pinyin,在,zài,at,zài,Prep,"[""wǒ"", ""yào"", ""zài"", ""jiā"", ""kànshū"", ""tīng yīnyuè""]",,live,ok,,1
custom-story-1785137028726,我們去喝下午茶,True,5,hard,1,2,在,pos,在,Prep,at,zài,Prep,[],,live,ok,,1
custom-story-1785137028726,我們去喝下午茶,True,5,hard,1,3,家,translation,家,home,home,jiā,N,"[""office"", ""school"", ""store"", ""household"", ""family"", ""village""]",,live,ok,,1
custom-story-1785137028726,我們去喝下午茶,True,5,hard,1,3,家,reverse,home,家,home,jiā,N,"[""我"", ""要"", ""在"", ""家"", ""看書"", ""聽音樂""]",,live,ok,,1
custom-story-1785137028726,我們去喝下午茶,True,5,hard,1,3,家,listening,家,家,home,jiā,N,"[""我"", ""要"", ""在"", ""家"", ""看書"", ""聽音樂""]",,live,ok,,1
custom-story-1785137028726,我們去喝下午茶,True,5,hard,1,3,家,pinyin,家,jiā,home,jiā,N,"[""wǒ"", ""yào"", ""zài"", ""jiā"", ""kànshū"", ""tīng yīnyuè""]",,live,ok,,1
custom-story-1785137028726,我們去喝下午茶,True,5,hard,1,3,家,pos,家,N,home,jiā,N,[],,live,ok,,1
custom-story-1785137028726,我們去喝下午茶,True,5,hard,1,4,看書,translation,看書,to read,to read,kànshū,V,"[""watch movie"", ""play game"", ""browse internet"", ""to watch"", ""to observe"", ""to glance""]",,live,ok,,1
custom-story-1785137028726,我們去喝下午茶,True,5,hard,1,4,看書,reverse,to read,看書,to read,kànshū,V,"[""我"", ""要"", ""在"", ""家"", ""看書"", ""聽音樂""]",,live,ok,,1
custom-story-1785137028726,我們去喝下午茶,True,5,hard,1,4,看書,listening,看書,看書,to read,kànshū,V,"[""我"", ""要"", ""在"", ""家"", ""看書"", ""聽音樂""]",,live,ok,,1
custom-story-1785137028726,我們去喝下午茶,True,5,hard,1,4,看書,pinyin,看書,kànshū,to read,kànshū,V,"[""wǒ"", ""yào"", ""zài"", ""jiā"", ""kànshū"", ""tīng yīnyuè""]",,live,ok,,1
custom-story-1785137028726,我們去喝下午茶,True,5,hard,1,4,看書,pos,看書,V,to read,kànshū,V,[],,live,ok,,1
custom-story-1785137028726,我們去喝下午茶,True,5,hard,1,5,聽音樂,translation,聽音樂,to listen to music,to listen to music,tīng yīnyuè,V,"[""watch concert"", ""play instrument"", ""dance"", ""to play music"", ""to compose"", ""to sing""]",,live,ok,,1
custom-story-1785137028726,我們去喝下午茶,True,5,hard,1,5,聽音樂,reverse,to listen to music,聽音樂,to listen to music,tīng yīnyuè,V,"[""我"", ""要"", ""在"", ""家"", ""看書"", ""聽音樂""]",,live,ok,,1
custom-story-1785137028726,我們去喝下午茶,True,5,hard,1,5,聽音樂,listening,聽音樂,聽音樂,to listen to music,tīng yīnyuè,V,"[""我"", ""要"", ""在"", ""家"", ""看書"", ""聽音樂""]",,live,ok,,1
custom-story-1785137028726,我們去喝下午茶,True,5,hard,1,5,聽音樂,pinyin,聽音樂,tīng yīnyuè,to listen to music,tīng yīnyuè,V,"[""wǒ"", ""yào"", ""zài"", ""jiā"", ""kànshū"", ""tīng yīnyuè""]",,live,ok,,1
custom-story-1785137028726,我們去喝下午茶,True,5,hard,1,5,聽音樂,pos,聽音樂,V,to listen to music,tīng yīnyuè,V,[],,live,ok,,1
custom-story-1785137028726,我們去喝下午茶,True,5,easy,2,0,星期六,translation,星期六,Saturday,Saturday,xīngqīliù,N,"[""Sunday"", ""Monday"", ""Tuesday"", ""Friday""]",,live,ok,,1
custom-story-1785137028726,我們去喝下午茶,True,5,easy,2,0,星期六,reverse,Saturday,星期六,Saturday,xīngqīliù,N,"[""星期六"", ""下午"", ""有空"", ""一起"", ""喝"", ""下午茶""]",,live,ok,,1
custom-story-1785137028726,我們去喝下午茶,True,5,easy,2,0,星期六,listening,星期六,星期六,Saturday,xīngqīliù,N,"[""星期六"", ""下午"", ""有空"", ""一起"", ""喝"", ""下午茶""]",,live,ok,,1
custom-story-1785137028726,我們去喝下午茶,True,5,easy,2,0,星期六,pinyin,星期六,xīngqīliù,Saturday,xīngqīliù,N,"[""xīngqīliù"", ""xiàwǔ"", ""yǒu kòng"", ""yīqǐ"", ""hē"", ""xiàwǔchá""]",,live,ok,,1
custom-story-1785137028726,我們去喝下午茶,True,5,easy,2,0,星期六,pos,星期六,N,Saturday,xīngqīliù,N,[],,live,ok,,1
custom-story-1785137028726,我們去喝下午茶,True,5,easy,2,1,下午,translation,下午,afternoon,afternoon,xiàwǔ,N,"[""morning"", ""evening"", ""night"", ""nighttime""]",,live,ok,,1
custom-story-1785137028726,我們去喝下午茶,True,5,easy,2,1,下午,reverse,afternoon,下午,afternoon,xiàwǔ,N,"[""星期六"", ""下午"", ""有空"", ""一起"", ""喝"", ""下午茶""]",,live,ok,,1
custom-story-1785137028726,我們去喝下午茶,True,5,easy,2,1,下午,listening,下午,下午,afternoon,xiàwǔ,N,"[""星期六"", ""下午"", ""有空"", ""一起"", ""喝"", ""下午茶""]",,live,ok,,1
custom-story-1785137028726,我們去喝下午茶,True,5,easy,2,1,下午,pinyin,下午,xiàwǔ,afternoon,xiàwǔ,N,"[""xīngqīliù"", ""xiàwǔ"", ""yǒu kòng"", ""yīqǐ"", ""hē"", ""xiàwǔchá""]",,live,ok,,1
custom-story-1785137028726,我們去喝下午茶,True,5,easy,2,1,下午,pos,下午,N,afternoon,xiàwǔ,N,[],,live,ok,,1
custom-story-1785137028726,我們去喝下午茶,True,5,easy,2,2,有空,translation,有空,have time,have time,yǒu kòng,Phrase,"[""be busy"", ""be free"", ""have money"", ""to be busy"", ""to be free"", ""to have leisure""]",,live,ok,,1
custom-story-1785137028726,我們去喝下午茶,True,5,easy,2,2,有空,reverse,have time,有空,have time,yǒu kòng,Phrase,"[""星期六"", ""下午"", ""有空"", ""一起"", ""喝"", ""下午茶""]",,live,ok,,1
custom-story-1785137028726,我們去喝下午茶,True,5,easy,2,2,有空,listening,有空,有空,have time,yǒu kòng,Phrase,"[""星期六"", ""下午"", ""有空"", ""一起"", ""喝"", ""下午茶""]",,live,ok,,1
custom-story-1785137028726,我們去喝下午茶,True,5,easy,2,2,有空,pinyin,有空,yǒu kòng,have time,yǒu kòng,Phrase,"[""xīngqīliù"", ""xiàwǔ"", ""yǒu kòng"", ""yīqǐ"", ""hē"", ""xiàwǔchá""]",,live,ok,,1
custom-story-1785137028726,我們去喝下午茶,True,5,easy,2,2,有空,pos,有空,Phrase,have time,yǒu kòng,Phrase,[],,live,ok,,1
custom-story-1785137028726,我們去喝下午茶,True,5,easy,2,3,一起,translation,一起,together,together,yīqǐ,Adv,"[""alone"", ""separately"", ""apart""]",,live,ok,,1
custom-story-1785137028726,我們去喝下午茶,True,5,easy,2,3,一起,reverse,together,一起,together,yīqǐ,Adv,"[""星期六"", ""下午"", ""有空"", ""一起"", ""喝"", ""下午茶""]",,live,ok,,1
custom-story-1785137028726,我們去喝下午茶,True,5,easy,2,3,一起,listening,一起,一起,together,yīqǐ,Adv,"[""星期六"", ""下午"", ""有空"", ""一起"", ""喝"", ""下午茶""]",,live,ok,,1
custom-story-1785137028726,我們去喝下午茶,True,5,easy,2,3,一起,pinyin,一起,yīqǐ,together,yīqǐ,Adv,"[""xīngqīliù"", ""xiàwǔ"", ""yǒu kòng"", ""yīqǐ"", ""hē"", ""xiàwǔchá""]",,live,ok,,1
custom-story-1785137028726,我們去喝下午茶,True,5,easy,2,3,一起,pos,一起,Adv,together,yīqǐ,Adv,[],,live,ok,,1
custom-story-1785137028726,我們去喝下午茶,True,5,easy,2,4,喝,translation,喝,drink,drink,hē,V,"[""eat"", ""smell"", ""taste"", ""to eat"", ""to smell"", ""to taste""]",,live,ok,,1
custom-story-1785137028726,我們去喝下午茶,True,5,easy,2,4,喝,reverse,drink,喝,drink,hē,V,"[""星期六"", ""下午"", ""有空"", ""一起"", ""喝"", ""下午茶""]",,live,ok,,1
custom-story-1785137028726,我們去喝下午茶,True,5,easy,2,4,喝,listening,喝,喝,drink,hē,V,"[""星期六"", ""下午"", ""有空"", ""一起"", ""喝"", ""下午茶""]",,live,ok,,1
custom-story-1785137028726,我們去喝下午茶,True,5,easy,2,4,喝,pinyin,喝,hē,drink,hē,V,"[""xīngqīliù"", ""xiàwǔ"", ""yǒu kòng"", ""yīqǐ"", ""hē"", ""xiàwǔchá""]",,live,ok,,1
custom-story-1785137028726,我們去喝下午茶,True,5,easy,2,4,喝,pos,喝,V,drink,hē,V,[],,live,ok,,1
custom-story-1785137028726,我們去喝下午茶,True,5,easy,2,5,下午茶,translation,下午茶,afternoon tea,afternoon tea,xiàwǔchá,N,"[""breakfast"", ""lunch"", ""dinner"", ""morning coffee"", ""evening snack"", ""midnight meal""]",,live,ok,,1
custom-story-1785137028726,我們去喝下午茶,True,5,easy,2,5,下午茶,reverse,afternoon tea,下午茶,afternoon tea,xiàwǔchá,N,"[""星期六"", ""下午"", ""有空"", ""一起"", ""喝"", ""下午茶""]",,live,ok,,1
custom-story-1785137028726,我們去喝下午茶,True,5,easy,2,5,下午茶,listening,下午茶,下午茶,afternoon tea,xiàwǔchá,N,"[""星期六"", ""下午"", ""有空"", ""一起"", ""喝"", ""下午茶""]",,live,ok,,1
custom-story-1785137028726,我們去喝下午茶,True,5,easy,2,5,下午茶,pinyin,下午茶,xiàwǔchá,afternoon tea,xiàwǔchá,N,"[""xīngqīliù"", ""xiàwǔ"", ""yǒu kòng"", ""yīqǐ"", ""hē"", ""xiàwǔchá""]",,live,ok,,1
custom-story-1785137028726,我們去喝下午茶,True,5,easy,2,5,下午茶,pos,下午茶,N,afternoon tea,xiàwǔchá,N,[],,live,ok,,1
custom-story-1785137028726,我們去喝下午茶,True,5,medium,2,0,星期六,translation,星期六,Saturday,Saturday,xīngqīliù,N,"[""Sunday"", ""Monday"", ""Tuesday"", ""Friday""]",,live,ok,,1
custom-story-1785137028726,我們去喝下午茶,True,5,medium,2,0,星期六,reverse,Saturday,星期六,Saturday,xīngqīliù,N,"[""星期六"", ""下午"", ""有空"", ""一起"", ""喝"", ""下午茶""]",,live,ok,,1
custom-story-1785137028726,我們去喝下午茶,True,5,medium,2,0,星期六,listening,星期六,星期六,Saturday,xīngqīliù,N,"[""星期六"", ""下午"", ""有空"", ""一起"", ""喝"", ""下午茶""]",,live,ok,,1
custom-story-1785137028726,我們去喝下午茶,True,5,medium,2,0,星期六,pinyin,星期六,xīngqīliù,Saturday,xīngqīliù,N,"[""xīngqīliù"", ""xiàwǔ"", ""yǒu kòng"", ""yīqǐ"", ""hē"", ""xiàwǔchá""]",,live,ok,,1
custom-story-1785137028726,我們去喝下午茶,True,5,medium,2,0,星期六,pos,星期六,N,Saturday,xīngqīliù,N,[],,live,ok,,1
custom-story-1785137028726,我們去喝下午茶,True,5,medium,2,1,下午,translation,下午,afternoon,afternoon,xiàwǔ,N,"[""morning"", ""evening"", ""night"", ""nighttime""]",,live,ok,,1
custom-story-1785137028726,我們去喝下午茶,True,5,medium,2,1,下午,reverse,afternoon,下午,afternoon,xiàwǔ,N,"[""星期六"", ""下午"", ""有空"", ""一起"", ""喝"", ""下午茶""]",,live,ok,,1
custom-story-1785137028726,我們去喝下午茶,True,5,medium,2,1,下午,listening,下午,下午,afternoon,xiàwǔ,N,"[""星期六"", ""下午"", ""有空"", ""一起"", ""喝"", ""下午茶""]",,live,ok,,1
custom-story-1785137028726,我們去喝下午茶,True,5,medium,2,1,下午,pinyin,下午,xiàwǔ,afternoon,xiàwǔ,N,"[""xīngqīliù"", ""xiàwǔ"", ""yǒu kòng"", ""yīqǐ"", ""hē"", ""xiàwǔchá""]",,live,ok,,1
custom-story-1785137028726,我們去喝下午茶,True,5,medium,2,1,下午,pos,下午,N,afternoon,xiàwǔ,N,[],,live,ok,,1
custom-story-1785137028726,我們去喝下午茶,True,5,medium,2,2,有空,translation,有空,have time,have time,yǒu kòng,Phrase,"[""be busy"", ""be free"", ""have money"", ""to be busy"", ""to be free"", ""to have leisure""]",,live,ok,,1
custom-story-1785137028726,我們去喝下午茶,True,5,medium,2,2,有空,reverse,have time,有空,have time,yǒu kòng,Phrase,"[""星期六"", ""下午"", ""有空"", ""一起"", ""喝"", ""下午茶""]",,live,ok,,1
custom-story-1785137028726,我們去喝下午茶,True,5,medium,2,2,有空,listening,有空,有空,have time,yǒu kòng,Phrase,"[""星期六"", ""下午"", ""有空"", ""一起"", ""喝"", ""下午茶""]",,live,ok,,1
custom-story-1785137028726,我們去喝下午茶,True,5,medium,2,2,有空,pinyin,有空,yǒu kòng,have time,yǒu kòng,Phrase,"[""xīngqīliù"", ""xiàwǔ"", ""yǒu kòng"", ""yīqǐ"", ""hē"", ""xiàwǔchá""]",,live,ok,,1
custom-story-1785137028726,我們去喝下午茶,True,5,medium,2,2,有空,pos,有空,Phrase,have time,yǒu kòng,Phrase,[],,live,ok,,1
custom-story-1785137028726,我們去喝下午茶,True,5,medium,2,3,一起,translation,一起,together,together,yīqǐ,Adv,"[""alone"", ""separately"", ""apart""]",,live,ok,,1
custom-story-1785137028726,我們去喝下午茶,True,5,medium,2,3,一起,reverse,together,一起,together,yīqǐ,Adv,"[""星期六"", ""下午"", ""有空"", ""一起"", ""喝"", ""下午茶""]",,live,ok,,1
custom-story-1785137028726,我們去喝下午茶,True,5,medium,2,3,一起,listening,一起,一起,together,yīqǐ,Adv,"[""星期六"", ""下午"", ""有空"", ""一起"", ""喝"", ""下午茶""]",,live,ok,,1
custom-story-1785137028726,我們去喝下午茶,True,5,medium,2,3,一起,pinyin,一起,yīqǐ,together,yīqǐ,Adv,"[""xīngqīliù"", ""xiàwǔ"", ""yǒu kòng"", ""yīqǐ"", ""hē"", ""xiàwǔchá""]",,live,ok,,1
custom-story-1785137028726,我們去喝下午茶,True,5,medium,2,3,一起,pos,一起,Adv,together,yīqǐ,Adv,[],,live,ok,,1
custom-story-1785137028726,我們去喝下午茶,True,5,medium,2,4,喝,translation,喝,drink,drink,hē,V,"[""eat"", ""smell"", ""taste"", ""to eat"", ""to smell"", ""to taste""]",,live,ok,,1
custom-story-1785137028726,我們去喝下午茶,True,5,medium,2,4,喝,reverse,drink,喝,drink,hē,V,"[""星期六"", ""下午"", ""有空"", ""一起"", ""喝"", ""下午茶""]",,live,ok,,1
custom-story-1785137028726,我們去喝下午茶,True,5,medium,2,4,喝,listening,喝,喝,drink,hē,V,"[""星期六"", ""下午"", ""有空"", ""一起"", ""喝"", ""下午茶""]",,live,ok,,1
custom-story-1785137028726,我們去喝下午茶,True,5,medium,2,4,喝,pinyin,喝,hē,drink,hē,V,"[""xīngqīliù"", ""xiàwǔ"", ""yǒu kòng"", ""yīqǐ"", ""hē"", ""xiàwǔchá""]",,live,ok,,1
custom-story-1785137028726,我們去喝下午茶,True,5,medium,2,4,喝,pos,喝,V,drink,hē,V,[],,live,ok,,1
custom-story-1785137028726,我們去喝下午茶,True,5,medium,2,5,下午茶,translation,下午茶,afternoon tea,afternoon tea,xiàwǔchá,N,"[""breakfast"", ""lunch"", ""dinner"", ""morning coffee"", ""evening snack"", ""midnight meal""]",,live,ok,,1
custom-story-1785137028726,我們去喝下午茶,True,5,medium,2,5,下午茶,reverse,afternoon tea,下午茶,afternoon tea,xiàwǔchá,N,"[""星期六"", ""下午"", ""有空"", ""一起"", ""喝"", ""下午茶""]",,live,ok,,1
custom-story-1785137028726,我們去喝下午茶,True,5,medium,2,5,下午茶,listening,下午茶,下午茶,afternoon tea,xiàwǔchá,N,"[""星期六"", ""下午"", ""有空"", ""一起"", ""喝"", ""下午茶""]",,live,ok,,1
custom-story-1785137028726,我們去喝下午茶,True,5,medium,2,5,下午茶,pinyin,下午茶,xiàwǔchá,afternoon tea,xiàwǔchá,N,"[""xīngqīliù"", ""xiàwǔ"", ""yǒu kòng"", ""yīqǐ"", ""hē"", ""xiàwǔchá""]",,live,ok,,1
custom-story-1785137028726,我們去喝下午茶,True,5,medium,2,5,下午茶,pos,下午茶,N,afternoon tea,xiàwǔchá,N,[],,live,ok,,1
custom-story-1785137028726,我們去喝下午茶,True,5,hard,2,0,星期六,translation,星期六,Saturday,Saturday,xīngqīliù,N,"[""Sunday"", ""Monday"", ""Tuesday"", ""Friday""]",,live,ok,,1
custom-story-1785137028726,我們去喝下午茶,True,5,hard,2,0,星期六,reverse,Saturday,星期六,Saturday,xīngqīliù,N,"[""星期六"", ""下午"", ""有空"", ""一起"", ""喝"", ""下午茶""]",,live,ok,,1
custom-story-1785137028726,我們去喝下午茶,True,5,hard,2,0,星期六,listening,星期六,星期六,Saturday,xīngqīliù,N,"[""星期六"", ""下午"", ""有空"", ""一起"", ""喝"", ""下午茶""]",,live,ok,,1
custom-story-1785137028726,我們去喝下午茶,True,5,hard,2,0,星期六,pinyin,星期六,xīngqīliù,Saturday,xīngqīliù,N,"[""xīngqīliù"", ""xiàwǔ"", ""yǒu kòng"", ""yīqǐ"", ""hē"", ""xiàwǔchá""]",,live,ok,,1
custom-story-1785137028726,我們去喝下午茶,True,5,hard,2,0,星期六,pos,星期六,N,Saturday,xīngqīliù,N,[],,live,ok,,1
custom-story-1785137028726,我們去喝下午茶,True,5,hard,2,1,下午,translation,下午,afternoon,afternoon,xiàwǔ,N,"[""morning"", ""evening"", ""night"", ""nighttime""]",,live,ok,,1
custom-story-1785137028726,我們去喝下午茶,True,5,hard,2,1,下午,reverse,afternoon,下午,afternoon,xiàwǔ,N,"[""星期六"", ""下午"", ""有空"", ""一起"", ""喝"", ""下午茶""]",,live,ok,,1
custom-story-1785137028726,我們去喝下午茶,True,5,hard,2,1,下午,listening,下午,下午,afternoon,xiàwǔ,N,"[""星期六"", ""下午"", ""有空"", ""一起"", ""喝"", ""下午茶""]",,live,ok,,1
custom-story-1785137028726,我們去喝下午茶,True,5,hard,2,1,下午,pinyin,下午,xiàwǔ,afternoon,xiàwǔ,N,"[""xīngqīliù"", ""xiàwǔ"", ""yǒu kòng"", ""yīqǐ"", ""hē"", ""xiàwǔchá""]",,live,ok,,1
custom-story-1785137028726,我們去喝下午茶,True,5,hard,2,1,下午,pos,下午,N,afternoon,xiàwǔ,N,[],,live,ok,,1
custom-story-1785137028726,我們去喝下午茶,True,5,hard,2,2,有空,translation,有空,have time,have time,yǒu kòng,Phrase,"[""be busy"", ""be free"", ""have money"", ""to be busy"", ""to be free"", ""to have leisure""]",,live,ok,,1
custom-story-1785137028726,我們去喝下午茶,True,5,hard,2,2,有空,reverse,have time,有空,have time,yǒu kòng,Phrase,"[""星期六"", ""下午"", ""有空"", ""一起"", ""喝"", ""下午茶""]",,live,ok,,1
custom-story-1785137028726,我們去喝下午茶,True,5,hard,2,2,有空,listening,有空,有空,have time,yǒu kòng,Phrase,"[""星期六"", ""下午"", ""有空"", ""一起"", ""喝"", ""下午茶""]",,live,ok,,1
custom-story-1785137028726,我們去喝下午茶,True,5,hard,2,2,有空,pinyin,有空,yǒu kòng,have time,yǒu kòng,Phrase,"[""xīngqīliù"", ""xiàwǔ"", ""yǒu kòng"", ""yīqǐ"", ""hē"", ""xiàwǔchá""]",,live,ok,,1
custom-story-1785137028726,我們去喝下午茶,True,5,hard,2,2,有空,pos,有空,Phrase,have time,yǒu kòng,Phrase,[],,live,ok,,1
custom-story-1785137028726,我們去喝下午茶,True,5,hard,2,3,一起,translation,一起,together,together,yīqǐ,Adv,"[""alone"", ""separately"", ""apart""]",,live,ok,,1
custom-story-1785137028726,我們去喝下午茶,True,5,hard,2,3,一起,reverse,together,一起,together,yīqǐ,Adv,"[""星期六"", ""下午"", ""有空"", ""一起"", ""喝"", ""下午茶""]",,live,ok,,1
custom-story-1785137028726,我們去喝下午茶,True,5,hard,2,3,一起,listening,一起,一起,together,yīqǐ,Adv,"[""星期六"", ""下午"", ""有空"", ""一起"", ""喝"", ""下午茶""]",,live,ok,,1
custom-story-1785137028726,我們去喝下午茶,True,5,hard,2,3,一起,pinyin,一起,yīqǐ,together,yīqǐ,Adv,"[""xīngqīliù"", ""xiàwǔ"", ""yǒu kòng"", ""yīqǐ"", ""hē"", ""xiàwǔchá""]",,live,ok,,1
custom-story-1785137028726,我們去喝下午茶,True,5,hard,2,3,一起,pos,一起,Adv,together,yīqǐ,Adv,[],,live,ok,,1
custom-story-1785137028726,我們去喝下午茶,True,5,hard,2,4,喝,translation,喝,drink,drink,hē,V,"[""eat"", ""smell"", ""taste"", ""to eat"", ""to smell"", ""to taste""]",,live,ok,,1
custom-story-1785137028726,我們去喝下午茶,True,5,hard,2,4,喝,reverse,drink,喝,drink,hē,V,"[""星期六"", ""下午"", ""有空"", ""一起"", ""喝"", ""下午茶""]",,live,ok,,1
custom-story-1785137028726,我們去喝下午茶,True,5,hard,2,4,喝,listening,喝,喝,drink,hē,V,"[""星期六"", ""下午"", ""有空"", ""一起"", ""喝"", ""下午茶""]",,live,ok,,1
custom-story-1785137028726,我們去喝下午茶,True,5,hard,2,4,喝,pinyin,喝,hē,drink,hē,V,"[""xīngqīliù"", ""xiàwǔ"", ""yǒu kòng"", ""yīqǐ"", ""hē"", ""xiàwǔchá""]",,live,ok,,1
custom-story-1785137028726,我們去喝下午茶,True,5,hard,2,4,喝,pos,喝,V,drink,hē,V,[],,live,ok,,1
custom-story-1785137028726,我們去喝下午茶,True,5,hard,2,5,下午茶,translation,下午茶,afternoon tea,afternoon tea,xiàwǔchá,N,"[""breakfast"", ""lunch"", ""dinner"", ""morning coffee"", ""evening snack"", ""midnight meal""]",,live,ok,,1
custom-story-1785137028726,我們去喝下午茶,True,5,hard,2,5,下午茶,reverse,afternoon tea,下午茶,afternoon tea,xiàwǔchá,N,"[""星期六"", ""下午"", ""有空"", ""一起"", ""喝"", ""下午茶""]",,live,ok,,1
custom-story-1785137028726,我們去喝下午茶,True,5,hard,2,5,下午茶,listening,下午茶,下午茶,afternoon tea,xiàwǔchá,N,"[""星期六"", ""下午"", ""有空"", ""一起"", ""喝"", ""下午茶""]",,live,ok,,1
custom-story-1785137028726,我們去喝下午茶,True,5,hard,2,5,下午茶,pinyin,下午茶,xiàwǔchá,afternoon tea,xiàwǔchá,N,"[""xīngqīliù"", ""xiàwǔ"", ""yǒu kòng"", ""yīqǐ"", ""hē"", ""xiàwǔchá""]",,live,ok,,1
custom-story-1785137028726,我們去喝下午茶,True,5,hard,2,5,下午茶,pos,下午茶,N,afternoon tea,xiàwǔchá,N,[],,live,ok,,1
custom-story-1785137028726,我們去喝下午茶,True,5,easy,3,0,好啊,translation,好啊,good,good,hǎo a,Phrase,"[""bad"", ""terrible"", ""awful""]",,live,ok,,1
custom-story-1785137028726,我們去喝下午茶,True,5,easy,3,0,好啊,reverse,good,好啊,good,hǎo a,Phrase,"[""好啊"", ""你"", ""想"", ""去"", ""哪裡""]",,live,ok,,1
custom-story-1785137028726,我們去喝下午茶,True,5,easy,3,0,好啊,listening,好啊,好啊,good,hǎo a,Phrase,"[""好啊"", ""你"", ""想"", ""去"", ""哪裡""]",,live,ok,,1
custom-story-1785137028726,我們去喝下午茶,True,5,easy,3,0,好啊,pinyin,好啊,hǎo a,good,hǎo a,Phrase,"[""hǎo a"", ""nǐ"", ""xiǎng"", ""qù"", ""nǎlǐ""]",,live,ok,,1
custom-story-1785137028726,我們去喝下午茶,True,5,easy,3,0,好啊,pos,好啊,Phrase,good,hǎo a,Phrase,[],,live,ok,,1
custom-story-1785137028726,我們去喝下午茶,True,5,easy,3,1,你,translation,你,you,you,nǐ,Pron,"[""he"", ""she"", ""it""]",,live,ok,,1
custom-story-1785137028726,我們去喝下午茶,True,5,easy,3,1,你,reverse,you,你,you,nǐ,Pron,"[""好啊"", ""你"", ""想"", ""去"", ""哪裡""]",,live,ok,,1
custom-story-1785137028726,我們去喝下午茶,True,5,easy,3,1,你,listening,你,你,you,nǐ,Pron,"[""好啊"", ""你"", ""想"", ""去"", ""哪裡""]",,live,ok,,1
custom-story-1785137028726,我們去喝下午茶,True,5,easy,3,1,你,pinyin,你,nǐ,you,nǐ,Pron,"[""hǎo a"", ""nǐ"", ""xiǎng"", ""qù"", ""nǎlǐ""]",,live,ok,,1
custom-story-1785137028726,我們去喝下午茶,True,5,easy,3,1,你,pos,你,Pron,you,nǐ,Pron,[],,live,ok,,1
custom-story-1785137028726,我們去喝下午茶,True,5,easy,3,2,想,translation,想,to want,to want,xiǎng,V,"[""forget"", ""remember"", ""know"", ""to forget"", ""to ignore"", ""to neglect""]",,live,ok,,1
custom-story-1785137028726,我們去喝下午茶,True,5,easy,3,2,想,reverse,to want,想,to want,xiǎng,V,"[""好啊"", ""你"", ""想"", ""去"", ""哪裡""]",,live,ok,,1
custom-story-1785137028726,我們去喝下午茶,True,5,easy,3,2,想,listening,想,想,to want,xiǎng,V,"[""好啊"", ""你"", ""想"", ""去"", ""哪裡""]",,live,ok,,1
custom-story-1785137028726,我們去喝下午茶,True,5,easy,3,2,想,pinyin,想,xiǎng,to want,xiǎng,V,"[""hǎo a"", ""nǐ"", ""xiǎng"", ""qù"", ""nǎlǐ""]",,live,ok,,1
custom-story-1785137028726,我們去喝下午茶,True,5,easy,3,2,想,pos,想,V,to want,xiǎng,V,[],,live,ok,,1
custom-story-1785137028726,我們去喝下午茶,True,5,easy,3,3,去,translation,去,to go,to go,qù,V,"[""come"", ""stay"", ""return"", ""to come"", ""to stay"", ""to remain""]",,live,ok,,1
custom-story-1785137028726,我們去喝下午茶,True,5,easy,3,3,去,reverse,to go,去,to go,qù,V,"[""好啊"", ""你"", ""想"", ""去"", ""哪裡""]",,live,ok,,1
custom-story-1785137028726,我們去喝下午茶,True,5,easy,3,3,去,listening,去,去,to go,qù,V,"[""好啊"", ""你"", ""想"", ""去"", ""哪裡""]",,live,ok,,1
custom-story-1785137028726,我們去喝下午茶,True,5,easy,3,3,去,pinyin,去,qù,to go,qù,V,"[""hǎo a"", ""nǐ"", ""xiǎng"", ""qù"", ""nǎlǐ""]",,live,ok,,1
custom-story-1785137028726,我們去喝下午茶,True,5,easy,3,3,去,pos,去,V,to go,qù,V,[],,live,ok,,1
custom-story-1785137028726,我們去喝下午茶,True,5,easy,3,4,哪裡,translation,哪裡,where,where,nǎlǐ,N,"[""when"", ""why"", ""how""]",,live,ok,,1
custom-story-1785137028726,我們去喝下午茶,True,5,easy,3,4,哪裡,reverse,where,哪裡,where,nǎlǐ,N,"[""好啊"", ""你"", ""想"", ""去"", ""哪裡""]",,live,ok,,1
custom-story-1785137028726,我們去喝下午茶,True,5,easy,3,4,哪裡,listening,哪裡,哪裡,where,nǎlǐ,N,"[""好啊"", ""你"", ""想"", ""去"", ""哪裡""]",,live,ok,,1
custom-story-1785137028726,我們去喝下午茶,True,5,easy,3,4,哪裡,pinyin,哪裡,nǎlǐ,where,nǎlǐ,N,"[""hǎo a"", ""nǐ"", ""xiǎng"", ""qù"", ""nǎlǐ""]",,live,ok,,1
custom-story-1785137028726,我們去喝下午茶,True,5,easy,3,4,哪裡,pos,哪裡,N,where,nǎlǐ,N,[],,live,ok,,1
custom-story-1785137028726,我們去喝下午茶,True,5,medium,3,0,好啊,translation,好啊,good,good,hǎo a,Phrase,"[""bad"", ""terrible"", ""awful""]",,live,ok,,1
custom-story-1785137028726,我們去喝下午茶,True,5,medium,3,0,好啊,reverse,good,好啊,good,hǎo a,Phrase,"[""好啊"", ""你"", ""想"", ""去"", ""哪裡""]",,live,ok,,1
custom-story-1785137028726,我們去喝下午茶,True,5,medium,3,0,好啊,listening,好啊,好啊,good,hǎo a,Phrase,"[""好啊"", ""你"", ""想"", ""去"", ""哪裡""]",,live,ok,,1
custom-story-1785137028726,我們去喝下午茶,True,5,medium,3,0,好啊,pinyin,好啊,hǎo a,good,hǎo a,Phrase,"[""hǎo a"", ""nǐ"", ""xiǎng"", ""qù"", ""nǎlǐ""]",,live,ok,,1
custom-story-1785137028726,我們去喝下午茶,True,5,medium,3,0,好啊,pos,好啊,Phrase,good,hǎo a,Phrase,[],,live,ok,,1
custom-story-1785137028726,我們去喝下午茶,True,5,medium,3,1,你,translation,你,you,you,nǐ,Pron,"[""he"", ""she"", ""it""]",,live,ok,,1
custom-story-1785137028726,我們去喝下午茶,True,5,medium,3,1,你,reverse,you,你,you,nǐ,Pron,"[""好啊"", ""你"", ""想"", ""去"", ""哪裡""]",,live,ok,,1
custom-story-1785137028726,我們去喝下午茶,True,5,medium,3,1,你,listening,你,你,you,nǐ,Pron,"[""好啊"", ""你"", ""想"", ""去"", ""哪裡""]",,live,ok,,1
custom-story-1785137028726,我們去喝下午茶,True,5,medium,3,1,你,pinyin,你,nǐ,you,nǐ,Pron,"[""hǎo a"", ""nǐ"", ""xiǎng"", ""qù"", ""nǎlǐ""]",,live,ok,,1
custom-story-1785137028726,我們去喝下午茶,True,5,medium,3,1,你,pos,你,Pron,you,nǐ,Pron,[],,live,ok,,1
custom-story-1785137028726,我們去喝下午茶,True,5,medium,3,2,想,translation,想,to want,to want,xiǎng,V,"[""forget"", ""remember"", ""know"", ""to forget"", ""to ignore"", ""to neglect""]",,live,ok,,1
custom-story-1785137028726,我們去喝下午茶,True,5,medium,3,2,想,reverse,to want,想,to want,xiǎng,V,"[""好啊"", ""你"", ""想"", ""去"", ""哪裡""]",,live,ok,,1
custom-story-1785137028726,我們去喝下午茶,True,5,medium,3,2,想,listening,想,想,to want,xiǎng,V,"[""好啊"", ""你"", ""想"", ""去"", ""哪裡""]",,live,ok,,1
custom-story-1785137028726,我們去喝下午茶,True,5,medium,3,2,想,pinyin,想,xiǎng,to want,xiǎng,V,"[""hǎo a"", ""nǐ"", ""xiǎng"", ""qù"", ""nǎlǐ""]",,live,ok,,1
custom-story-1785137028726,我們去喝下午茶,True,5,medium,3,2,想,pos,想,V,to want,xiǎng,V,[],,live,ok,,1
custom-story-1785137028726,我們去喝下午茶,True,5,medium,3,3,去,translation,去,to go,to go,qù,V,"[""come"", ""stay"", ""return"", ""to come"", ""to stay"", ""to remain""]",,live,ok,,1
custom-story-1785137028726,我們去喝下午茶,True,5,medium,3,3,去,reverse,to go,去,to go,qù,V,"[""好啊"", ""你"", ""想"", ""去"", ""哪裡""]",,live,ok,,1
custom-story-1785137028726,我們去喝下午茶,True,5,medium,3,3,去,listening,去,去,to go,qù,V,"[""好啊"", ""你"", ""想"", ""去"", ""哪裡""]",,live,ok,,1
custom-story-1785137028726,我們去喝下午茶,True,5,medium,3,3,去,pinyin,去,qù,to go,qù,V,"[""hǎo a"", ""nǐ"", ""xiǎng"", ""qù"", ""nǎlǐ""]",,live,ok,,1
custom-story-1785137028726,我們去喝下午茶,True,5,medium,3,3,去,pos,去,V,to go,qù,V,[],,live,ok,,1
custom-story-1785137028726,我們去喝下午茶,True,5,medium,3,4,哪裡,translation,哪裡,where,where,nǎlǐ,N,"[""when"", ""why"", ""how""]",,live,ok,,1
custom-story-1785137028726,我們去喝下午茶,True,5,medium,3,4,哪裡,reverse,where,哪裡,where,nǎlǐ,N,"[""好啊"", ""你"", ""想"", ""去"", ""哪裡""]",,live,ok,,1
custom-story-1785137028726,我們去喝下午茶,True,5,medium,3,4,哪裡,listening,哪裡,哪裡,where,nǎlǐ,N,"[""好啊"", ""你"", ""想"", ""去"", ""哪裡""]",,live,ok,,1
custom-story-1785137028726,我們去喝下午茶,True,5,medium,3,4,哪裡,pinyin,哪裡,nǎlǐ,where,nǎlǐ,N,"[""hǎo a"", ""nǐ"", ""xiǎng"", ""qù"", ""nǎlǐ""]",,live,ok,,1
custom-story-1785137028726,我們去喝下午茶,True,5,medium,3,4,哪裡,pos,哪裡,N,where,nǎlǐ,N,[],,live,ok,,1
custom-story-1785137028726,我們去喝下午茶,True,5,hard,3,0,好啊,translation,好啊,good,good,hǎo a,Phrase,"[""bad"", ""terrible"", ""awful""]",,live,ok,,1
custom-story-1785137028726,我們去喝下午茶,True,5,hard,3,0,好啊,reverse,good,好啊,good,hǎo a,Phrase,"[""好啊"", ""你"", ""想"", ""去"", ""哪裡""]",,live,ok,,1
custom-story-1785137028726,我們去喝下午茶,True,5,hard,3,0,好啊,listening,好啊,好啊,good,hǎo a,Phrase,"[""好啊"", ""你"", ""想"", ""去"", ""哪裡""]",,live,ok,,1
custom-story-1785137028726,我們去喝下午茶,True,5,hard,3,0,好啊,pinyin,好啊,hǎo a,good,hǎo a,Phrase,"[""hǎo a"", ""nǐ"", ""xiǎng"", ""qù"", ""nǎlǐ""]",,live,ok,,1
custom-story-1785137028726,我們去喝下午茶,True,5,hard,3,0,好啊,pos,好啊,Phrase,good,hǎo a,Phrase,[],,live,ok,,1
custom-story-1785137028726,我們去喝下午茶,True,5,hard,3,1,你,translation,你,you,you,nǐ,Pron,"[""he"", ""she"", ""it""]",,live,ok,,1
custom-story-1785137028726,我們去喝下午茶,True,5,hard,3,1,你,reverse,you,你,you,nǐ,Pron,"[""好啊"", ""你"", ""想"", ""去"", ""哪裡""]",,live,ok,,1
custom-story-1785137028726,我們去喝下午茶,True,5,hard,3,1,你,listening,你,你,you,nǐ,Pron,"[""好啊"", ""你"", ""想"", ""去"", ""哪裡""]",,live,ok,,1
custom-story-1785137028726,我們去喝下午茶,True,5,hard,3,1,你,pinyin,你,nǐ,you,nǐ,Pron,"[""hǎo a"", ""nǐ"", ""xiǎng"", ""qù"", ""nǎlǐ""]",,live,ok,,1
custom-story-1785137028726,我們去喝下午茶,True,5,hard,3,1,你,pos,你,Pron,you,nǐ,Pron,[],,live,ok,,1
custom-story-1785137028726,我們去喝下午茶,True,5,hard,3,2,想,translation,想,to want,to want,xiǎng,V,"[""forget"", ""remember"", ""know"", ""to forget"", ""to ignore"", ""to neglect""]",,live,ok,,1
custom-story-1785137028726,我們去喝下午茶,True,5,hard,3,2,想,reverse,to want,想,to want,xiǎng,V,"[""好啊"", ""你"", ""想"", ""去"", ""哪裡""]",,live,ok,,1
custom-story-1785137028726,我們去喝下午茶,True,5,hard,3,2,想,listening,想,想,to want,xiǎng,V,"[""好啊"", ""你"", ""想"", ""去"", ""哪裡""]",,live,ok,,1
custom-story-1785137028726,我們去喝下午茶,True,5,hard,3,2,想,pinyin,想,xiǎng,to want,xiǎng,V,"[""hǎo a"", ""nǐ"", ""xiǎng"", ""qù"", ""nǎlǐ""]",,live,ok,,1
custom-story-1785137028726,我們去喝下午茶,True,5,hard,3,2,想,pos,想,V,to want,xiǎng,V,[],,live,ok,,1
custom-story-1785137028726,我們去喝下午茶,True,5,hard,3,3,去,translation,去,to go,to go,qù,V,"[""come"", ""stay"", ""return"", ""to come"", ""to stay"", ""to remain""]",,live,ok,,1
custom-story-1785137028726,我們去喝下午茶,True,5,hard,3,3,去,reverse,to go,去,to go,qù,V,"[""好啊"", ""你"", ""想"", ""去"", ""哪裡""]",,live,ok,,1
custom-story-1785137028726,我們去喝下午茶,True,5,hard,3,3,去,listening,去,去,to go,qù,V,"[""好啊"", ""你"", ""想"", ""去"", ""哪裡""]",,live,ok,,1
custom-story-1785137028726,我們去喝下午茶,True,5,hard,3,3,去,pinyin,去,qù,to go,qù,V,"[""hǎo a"", ""nǐ"", ""xiǎng"", ""qù"", ""nǎlǐ""]",,live,ok,,1
custom-story-1785137028726,我們去喝下午茶,True,5,hard,3,3,去,pos,去,V,to go,qù,V,[],,live,ok,,1
custom-story-1785137028726,我們去喝下午茶,True,5,hard,3,4,哪裡,translation,哪裡,where,where,nǎlǐ,N,"[""when"", ""why"", ""how""]",,live,ok,,1
custom-story-1785137028726,我們去喝下午茶,True,5,hard,3,4,哪裡,reverse,where,哪裡,where,nǎlǐ,N,"[""好啊"", ""你"", ""想"", ""去"", ""哪裡""]",,live,ok,,1
custom-story-1785137028726,我們去喝下午茶,True,5,hard,3,4,哪裡,listening,哪裡,哪裡,where,nǎlǐ,N,"[""好啊"", ""你"", ""想"", ""去"", ""哪裡""]",,live,ok,,1
custom-story-1785137028726,我們去喝下午茶,True,5,hard,3,4,哪裡,pinyin,哪裡,nǎlǐ,where,nǎlǐ,N,"[""hǎo a"", ""nǐ"", ""xiǎng"", ""qù"", ""nǎlǐ""]",,live,ok,,1
custom-story-1785137028726,我們去喝下午茶,True,5,hard,3,4,哪裡,pos,哪裡,N,where,nǎlǐ,N,[],,live,ok,,1
custom-story-1785137028726,我們去喝下午茶,True,5,easy,4,0,知道,translation,知道,know,know,zhīdào,V,"[""ignore"", ""forget"", ""deny"", ""to forget"", ""to ignore"", ""to misunderstand""]",,live,ok,,1
custom-story-1785137028726,我們去喝下午茶,True,5,easy,4,0,知道,reverse,know,知道,know,zhīdào,V,"[""知道"", ""咖啡廳"", ""冰淇淋"", ""好吃""]",,live,ok,,1
custom-story-1785137028726,我們去喝下午茶,True,5,easy,4,0,知道,listening,知道,知道,know,zhīdào,V,"[""知道"", ""咖啡廳"", ""冰淇淋"", ""好吃""]",,live,ok,,1
custom-story-1785137028726,我們去喝下午茶,True,5,easy,4,0,知道,pinyin,知道,zhīdào,know,zhīdào,V,"[""zhīdào"", ""kāfēitīng"", ""bīngqílín"", ""hǎochī""]",,live,ok,,1
custom-story-1785137028726,我們去喝下午茶,True,5,easy,4,0,知道,pos,知道,V,know,zhīdào,V,[],,live,ok,,1
custom-story-1785137028726,我們去喝下午茶,True,5,easy,4,1,咖啡廳,translation,咖啡廳,cafe,cafe,kāfēitīng,N,"[""restaurant"", ""bar"", ""hotel"", ""bookstore"", ""library"", ""museum""]",,live,ok,,1
custom-story-1785137028726,我們去喝下午茶,True,5,easy,4,1,咖啡廳,reverse,cafe,咖啡廳,cafe,kāfēitīng,N,"[""知道"", ""咖啡廳"", ""冰淇淋"", ""好吃""]",,live,ok,,1
custom-story-1785137028726,我們去喝下午茶,True,5,easy,4,1,咖啡廳,listening,咖啡廳,咖啡廳,cafe,kāfēitīng,N,"[""知道"", ""咖啡廳"", ""冰淇淋"", ""好吃""]",,live,ok,,1
custom-story-1785137028726,我們去喝下午茶,True,5,easy,4,1,咖啡廳,pinyin,咖啡廳,kāfēitīng,cafe,kāfēitīng,N,"[""zhīdào"", ""kāfēitīng"", ""bīngqílín"", ""hǎochī""]",,live,ok,,1
custom-story-1785137028726,我們去喝下午茶,True,5,easy,4,1,咖啡廳,pos,咖啡廳,N,cafe,kāfēitīng,N,[],,live,ok,,1
custom-story-1785137028726,我們去喝下午茶,True,5,easy,4,2,冰淇淋,translation,冰淇淋,ice cream,ice cream,bīngqílín,N,"[""cake"", ""pastry"", ""candy"", ""frozen treat"", ""cold dessert"", ""sweet snack""]",,live,ok,,1
custom-story-1785137028726,我們去喝下午茶,True,5,easy,4,2,冰淇淋,reverse,ice cream,冰淇淋,ice cream,bīngqílín,N,"[""知道"", ""咖啡廳"", ""冰淇淋"", ""好吃""]",,live,ok,,1
custom-story-1785137028726,我們去喝下午茶,True,5,easy,4,2,冰淇淋,listening,冰淇淋,冰淇淋,ice cream,bīngqílín,N,"[""知道"", ""咖啡廳"", ""冰淇淋"", ""好吃""]",,live,ok,,1
custom-story-1785137028726,我們去喝下午茶,True,5,easy,4,2,冰淇淋,pinyin,冰淇淋,bīngqílín,ice cream,bīngqílín,N,"[""zhīdào"", ""kāfēitīng"", ""bīngqílín"", ""hǎochī""]",,live,ok,,1
custom-story-1785137028726,我們去喝下午茶,True,5,easy,4,2,冰淇淋,pos,冰淇淋,N,ice cream,bīngqílín,N,[],,live,ok,,1
custom-story-1785137028726,我們去喝下午茶,True,5,easy,4,3,好吃,translation,好吃,delicious,delicious,hǎochī,Adj,"[""tasty"", ""bitter"", ""sour"", ""spicy""]",,live,ok,,1
custom-story-1785137028726,我們去喝下午茶,True,5,easy,4,3,好吃,reverse,delicious,好吃,delicious,hǎochī,Adj,"[""知道"", ""咖啡廳"", ""冰淇淋"", ""好吃""]",,live,ok,,1
custom-story-1785137028726,我們去喝下午茶,True,5,easy,4,3,好吃,listening,好吃,好吃,delicious,hǎochī,Adj,"[""知道"", ""咖啡廳"", ""冰淇淋"", ""好吃""]",,live,ok,,1
custom-story-1785137028726,我們去喝下午茶,True,5,easy,4,3,好吃,pinyin,好吃,hǎochī,delicious,hǎochī,Adj,"[""zhīdào"", ""kāfēitīng"", ""bīngqílín"", ""hǎochī""]",,live,ok,,1
custom-story-1785137028726,我們去喝下午茶,True,5,easy,4,3,好吃,pos,好吃,Adj,delicious,hǎochī,Adj,[],,live,ok,,1
custom-story-1785137028726,我們去喝下午茶,True,5,medium,4,0,知道,translation,知道,know,know,zhīdào,V,"[""ignore"", ""forget"", ""deny"", ""to forget"", ""to ignore"", ""to misunderstand""]",,live,ok,,1
custom-story-1785137028726,我們去喝下午茶,True,5,medium,4,0,知道,reverse,know,知道,know,zhīdào,V,"[""知道"", ""咖啡廳"", ""冰淇淋"", ""好吃""]",,live,ok,,1
custom-story-1785137028726,我們去喝下午茶,True,5,medium,4,0,知道,listening,知道,知道,know,zhīdào,V,"[""知道"", ""咖啡廳"", ""冰淇淋"", ""好吃""]",,live,ok,,1
custom-story-1785137028726,我們去喝下午茶,True,5,medium,4,0,知道,pinyin,知道,zhīdào,know,zhīdào,V,"[""zhīdào"", ""kāfēitīng"", ""bīngqílín"", ""hǎochī""]",,live,ok,,1
custom-story-1785137028726,我們去喝下午茶,True,5,medium,4,0,知道,pos,知道,V,know,zhīdào,V,[],,live,ok,,1
custom-story-1785137028726,我們去喝下午茶,True,5,medium,4,1,咖啡廳,translation,咖啡廳,cafe,cafe,kāfēitīng,N,"[""restaurant"", ""bar"", ""hotel"", ""bookstore"", ""library"", ""museum""]",,live,ok,,1
custom-story-1785137028726,我們去喝下午茶,True,5,medium,4,1,咖啡廳,reverse,cafe,咖啡廳,cafe,kāfēitīng,N,"[""知道"", ""咖啡廳"", ""冰淇淋"", ""好吃""]",,live,ok,,1
custom-story-1785137028726,我們去喝下午茶,True,5,medium,4,1,咖啡廳,listening,咖啡廳,咖啡廳,cafe,kāfēitīng,N,"[""知道"", ""咖啡廳"", ""冰淇淋"", ""好吃""]",,live,ok,,1
custom-story-1785137028726,我們去喝下午茶,True,5,medium,4,1,咖啡廳,pinyin,咖啡廳,kāfēitīng,cafe,kāfēitīng,N,"[""zhīdào"", ""kāfēitīng"", ""bīngqílín"", ""hǎochī""]",,live,ok,,1
custom-story-1785137028726,我們去喝下午茶,True,5,medium,4,1,咖啡廳,pos,咖啡廳,N,cafe,kāfēitīng,N,[],,live,ok,,1
custom-story-1785137028726,我們去喝下午茶,True,5,medium,4,2,冰淇淋,translation,冰淇淋,ice cream,ice cream,bīngqílín,N,"[""cake"", ""pastry"", ""candy"", ""frozen treat"", ""cold dessert"", ""sweet snack""]",,live,ok,,1
custom-story-1785137028726,我們去喝下午茶,True,5,medium,4,2,冰淇淋,reverse,ice cream,冰淇淋,ice cream,bīngqílín,N,"[""知道"", ""咖啡廳"", ""冰淇淋"", ""好吃""]",,live,ok,,1
custom-story-1785137028726,我們去喝下午茶,True,5,medium,4,2,冰淇淋,listening,冰淇淋,冰淇淋,ice cream,bīngqílín,N,"[""知道"", ""咖啡廳"", ""冰淇淋"", ""好吃""]",,live,ok,,1
custom-story-1785137028726,我們去喝下午茶,True,5,medium,4,2,冰淇淋,pinyin,冰淇淋,bīngqílín,ice cream,bīngqílín,N,"[""zhīdào"", ""kāfēitīng"", ""bīngqílín"", ""hǎochī""]",,live,ok,,1
custom-story-1785137028726,我們去喝下午茶,True,5,medium,4,2,冰淇淋,pos,冰淇淋,N,ice cream,bīngqílín,N,[],,live,ok,,1
custom-story-1785137028726,我們去喝下午茶,True,5,medium,4,3,好吃,translation,好吃,delicious,delicious,hǎochī,Adj,"[""tasty"", ""bitter"", ""sour"", ""spicy""]",,live,ok,,1
custom-story-1785137028726,我們去喝下午茶,True,5,medium,4,3,好吃,reverse,delicious,好吃,delicious,hǎochī,Adj,"[""知道"", ""咖啡廳"", ""冰淇淋"", ""好吃""]",,live,ok,,1
custom-story-1785137028726,我們去喝下午茶,True,5,medium,4,3,好吃,listening,好吃,好吃,delicious,hǎochī,Adj,"[""知道"", ""咖啡廳"", ""冰淇淋"", ""好吃""]",,live,ok,,1
custom-story-1785137028726,我們去喝下午茶,True,5,medium,4,3,好吃,pinyin,好吃,hǎochī,delicious,hǎochī,Adj,"[""zhīdào"", ""kāfēitīng"", ""bīngqílín"", ""hǎochī""]",,live,ok,,1
custom-story-1785137028726,我們去喝下午茶,True,5,medium,4,3,好吃,pos,好吃,Adj,delicious,hǎochī,Adj,[],,live,ok,,1
custom-story-1785137028726,我們去喝下午茶,True,5,hard,4,0,知道,translation,知道,know,know,zhīdào,V,"[""ignore"", ""forget"", ""deny"", ""to forget"", ""to ignore"", ""to misunderstand""]",,live,ok,,1
custom-story-1785137028726,我們去喝下午茶,True,5,hard,4,0,知道,reverse,know,知道,know,zhīdào,V,"[""知道"", ""咖啡廳"", ""冰淇淋"", ""好吃""]",,live,ok,,1
custom-story-1785137028726,我們去喝下午茶,True,5,hard,4,0,知道,listening,知道,知道,know,zhīdào,V,"[""知道"", ""咖啡廳"", ""冰淇淋"", ""好吃""]",,live,ok,,1
custom-story-1785137028726,我們去喝下午茶,True,5,hard,4,0,知道,pinyin,知道,zhīdào,know,zhīdào,V,"[""zhīdào"", ""kāfēitīng"", ""bīngqílín"", ""hǎochī""]",,live,ok,,1
custom-story-1785137028726,我們去喝下午茶,True,5,hard,4,0,知道,pos,知道,V,know,zhīdào,V,[],,live,ok,,1
custom-story-1785137028726,我們去喝下午茶,True,5,hard,4,1,咖啡廳,translation,咖啡廳,cafe,cafe,kāfēitīng,N,"[""restaurant"", ""bar"", ""hotel"", ""bookstore"", ""library"", ""museum""]",,live,ok,,1
custom-story-1785137028726,我們去喝下午茶,True,5,hard,4,1,咖啡廳,reverse,cafe,咖啡廳,cafe,kāfēitīng,N,"[""知道"", ""咖啡廳"", ""冰淇淋"", ""好吃""]",,live,ok,,1
custom-story-1785137028726,我們去喝下午茶,True,5,hard,4,1,咖啡廳,listening,咖啡廳,咖啡廳,cafe,kāfēitīng,N,"[""知道"", ""咖啡廳"", ""冰淇淋"", ""好吃""]",,live,ok,,1
custom-story-1785137028726,我們去喝下午茶,True,5,hard,4,1,咖啡廳,pinyin,咖啡廳,kāfēitīng,cafe,kāfēitīng,N,"[""zhīdào"", ""kāfēitīng"", ""bīngqílín"", ""hǎochī""]",,live,ok,,1
custom-story-1785137028726,我們去喝下午茶,True,5,hard,4,1,咖啡廳,pos,咖啡廳,N,cafe,kāfēitīng,N,[],,live,ok,,1
custom-story-1785137028726,我們去喝下午茶,True,5,hard,4,2,冰淇淋,translation,冰淇淋,ice cream,ice cream,bīngqílín,N,"[""cake"", ""pastry"", ""candy"", ""frozen treat"", ""cold dessert"", ""sweet snack""]",,live,ok,,1
custom-story-1785137028726,我們去喝下午茶,True,5,hard,4,2,冰淇淋,reverse,ice cream,冰淇淋,ice cream,bīngqílín,N,"[""知道"", ""咖啡廳"", ""冰淇淋"", ""好吃""]",,live,ok,,1
custom-story-1785137028726,我們去喝下午茶,True,5,hard,4,2,冰淇淋,listening,冰淇淋,冰淇淋,ice cream,bīngqílín,N,"[""知道"", ""咖啡廳"", ""冰淇淋"", ""好吃""]",,live,ok,,1
custom-story-1785137028726,我們去喝下午茶,True,5,hard,4,2,冰淇淋,pinyin,冰淇淋,bīngqílín,ice cream,bīngqílín,N,"[""zhīdào"", ""kāfēitīng"", ""bīngqílín"", ""hǎochī""]",,live,ok,,1
custom-story-1785137028726,我們去喝下午茶,True,5,hard,4,2,冰淇淋,pos,冰淇淋,N,ice cream,bīngqílín,N,[],,live,ok,,1
custom-story-1785137028726,我們去喝下午茶,True,5,hard,4,3,好吃,translation,好吃,delicious,delicious,hǎochī,Adj,"[""tasty"", ""bitter"", ""sour"", ""spicy""]",,live,ok,,1
custom-story-1785137028726,我們去喝下午茶,True,5,hard,4,3,好吃,reverse,delicious,好吃,delicious,hǎochī,Adj,"[""知道"", ""咖啡廳"", ""冰淇淋"", ""好吃""]",,live,ok,,1
custom-story-1785137028726,我們去喝下午茶,True,5,hard,4,3,好吃,listening,好吃,好吃,delicious,hǎochī,Adj,"[""知道"", ""咖啡廳"", ""冰淇淋"", ""好吃""]",,live,ok,,1
custom-story-1785137028726,我們去喝下午茶,True,5,hard,4,3,好吃,pinyin,好吃,hǎochī,delicious,hǎochī,Adj,"[""zhīdào"", ""kāfēitīng"", ""bīngqílín"", ""hǎochī""]",,live,ok,,1
custom-story-1785137028726,我們去喝下午茶,True,5,hard,4,3,好吃,pos,好吃,Adj,delicious,hǎochī,Adj,[],,live,ok,,1
custom-story-1785137028726,我們去喝下午茶,True,5,easy,5,0,巧克力,translation,巧克力,chocolate,chocolate,qiǎokèlì,N,"[""caramel"", ""vanilla"", ""strawberry"", ""candy"", ""cookie"", ""pastry""]",,live,ok,,1
custom-story-1785137028726,我們去喝下午茶,True,5,easy,5,0,巧克力,reverse,chocolate,巧克力,chocolate,qiǎokèlì,N,"[""巧克力"", ""冰淇淋""]",,live,ok,,1
custom-story-1785137028726,我們去喝下午茶,True,5,easy,5,0,巧克力,listening,巧克力,巧克力,chocolate,qiǎokèlì,N,"[""巧克力"", ""冰淇淋""]",,live,ok,,1
custom-story-1785137028726,我們去喝下午茶,True,5,easy,5,0,巧克力,pinyin,巧克力,qiǎokèlì,chocolate,qiǎokèlì,N,"[""qiǎokèlì"", ""bīngqílīn""]",,live,ok,,1
custom-story-1785137028726,我們去喝下午茶,True,5,easy,5,0,巧克力,pos,巧克力,N,chocolate,qiǎokèlì,N,[],,live,ok,,1
custom-story-1785137028726,我們去喝下午茶,True,5,easy,5,1,冰淇淋,translation,冰淇淋,ice cream,ice cream,bīngqílīn,N,"[""cake"", ""pastry"", ""candy"", ""frozen treat"", ""cold dessert"", ""sweet snack""]",,live,ok,,1
custom-story-1785137028726,我們去喝下午茶,True,5,easy,5,1,冰淇淋,reverse,ice cream,冰淇淋,ice cream,bīngqílīn,N,"[""巧克力"", ""冰淇淋""]",,live,ok,,1
custom-story-1785137028726,我們去喝下午茶,True,5,easy,5,1,冰淇淋,listening,冰淇淋,冰淇淋,ice cream,bīngqílīn,N,"[""巧克力"", ""冰淇淋""]",,live,ok,,1
custom-story-1785137028726,我們去喝下午茶,True,5,easy,5,1,冰淇淋,pinyin,冰淇淋,bīngqílīn,ice cream,bīngqílīn,N,"[""qiǎokèlì"", ""bīngqílīn""]",,live,ok,,1
custom-story-1785137028726,我們去喝下午茶,True,5,easy,5,1,冰淇淋,pos,冰淇淋,N,ice cream,bīngqílīn,N,[],,live,ok,,1
custom-story-1785137028726,我們去喝下午茶,True,5,medium,5,0,巧克力,translation,巧克力,chocolate,chocolate,qiǎokèlì,N,"[""caramel"", ""vanilla"", ""strawberry"", ""candy"", ""cookie"", ""pastry""]",,live,ok,,1
custom-story-1785137028726,我們去喝下午茶,True,5,medium,5,0,巧克力,reverse,chocolate,巧克力,chocolate,qiǎokèlì,N,"[""巧克力"", ""冰淇淋""]",,live,ok,,1
custom-story-1785137028726,我們去喝下午茶,True,5,medium,5,0,巧克力,listening,巧克力,巧克力,chocolate,qiǎokèlì,N,"[""巧克力"", ""冰淇淋""]",,live,ok,,1
custom-story-1785137028726,我們去喝下午茶,True,5,medium,5,0,巧克力,pinyin,巧克力,qiǎokèlì,chocolate,qiǎokèlì,N,"[""qiǎokèlì"", ""bīngqílīn""]",,live,ok,,1
custom-story-1785137028726,我們去喝下午茶,True,5,medium,5,0,巧克力,pos,巧克力,N,chocolate,qiǎokèlì,N,[],,live,ok,,1
custom-story-1785137028726,我們去喝下午茶,True,5,medium,5,1,冰淇淋,translation,冰淇淋,ice cream,ice cream,bīngqílīn,N,"[""cake"", ""pastry"", ""candy"", ""frozen treat"", ""cold dessert"", ""sweet snack""]",,live,ok,,1
custom-story-1785137028726,我們去喝下午茶,True,5,medium,5,1,冰淇淋,reverse,ice cream,冰淇淋,ice cream,bīngqílīn,N,"[""巧克力"", ""冰淇淋""]",,live,ok,,1
custom-story-1785137028726,我們去喝下午茶,True,5,medium,5,1,冰淇淋,listening,冰淇淋,冰淇淋,ice cream,bīngqílīn,N,"[""巧克力"", ""冰淇淋""]",,live,ok,,1
custom-story-1785137028726,我們去喝下午茶,True,5,medium,5,1,冰淇淋,pinyin,冰淇淋,bīngqílīn,ice cream,bīngqílīn,N,"[""qiǎokèlì"", ""bīngqílīn""]",,live,ok,,1
custom-story-1785137028726,我們去喝下午茶,True,5,medium,5,1,冰淇淋,pos,冰淇淋,N,ice cream,bīngqílīn,N,[],,live,ok,,1
custom-story-1785137028726,我們去喝下午茶,True,5,hard,5,0,巧克力,translation,巧克力,chocolate,chocolate,qiǎokèlì,N,"[""caramel"", ""vanilla"", ""strawberry"", ""candy"", ""cookie"", ""pastry""]",,live,ok,,1
custom-story-1785137028726,我們去喝下午茶,True,5,hard,5,0,巧克力,reverse,chocolate,巧克力,chocolate,qiǎokèlì,N,"[""巧克力"", ""冰淇淋""]",,live,ok,,1
custom-story-1785137028726,我們去喝下午茶,True,5,hard,5,0,巧克力,listening,巧克力,巧克力,chocolate,qiǎokèlì,N,"[""巧克力"", ""冰淇淋""]",,live,ok,,1
custom-story-1785137028726,我們去喝下午茶,True,5,hard,5,0,巧克力,pinyin,巧克力,qiǎokèlì,chocolate,qiǎokèlì,N,"[""qiǎokèlì"", ""bīngqílīn""]",,live,ok,,1
custom-story-1785137028726,我們去喝下午茶,True,5,hard,5,0,巧克力,pos,巧克力,N,chocolate,qiǎokèlì,N,[],,live,ok,,1
custom-story-1785137028726,我們去喝下午茶,True,5,hard,5,1,冰淇淋,translation,冰淇淋,ice cream,ice cream,bīngqílīn,N,"[""cake"", ""pastry"", ""candy"", ""frozen treat"", ""cold dessert"", ""sweet snack""]",,live,ok,,1
custom-story-1785137028726,我們去喝下午茶,True,5,hard,5,1,冰淇淋,reverse,ice cream,冰淇淋,ice cream,bīngqílīn,N,"[""巧克力"", ""冰淇淋""]",,live,ok,,1
custom-story-1785137028726,我們去喝下午茶,True,5,hard,5,1,冰淇淋,listening,冰淇淋,冰淇淋,ice cream,bīngqílīn,N,"[""巧克力"", ""冰淇淋""]",,live,ok,,1
custom-story-1785137028726,我們去喝下午茶,True,5,hard,5,1,冰淇淋,pinyin,冰淇淋,bīngqílīn,ice cream,bīngqílīn,N,"[""qiǎokèlì"", ""bīngqílīn""]",,live,ok,,1
custom-story-1785137028726,我們去喝下午茶,True,5,hard,5,1,冰淇淋,pos,冰淇淋,N,ice cream,bīngqílīn,N,[],,live,ok,,1
custom-story-1785137028726,我們去喝下午茶,True,5,easy,6,0,有,translation,有,have,have,yǒu,V,"[""lack"", ""need"", ""want"", ""to lack"", ""to need"", ""to require""]",,live,ok,,1
custom-story-1785137028726,我們去喝下午茶,True,5,easy,6,0,有,reverse,have,有,have,yǒu,V,"[""有"", ""很多"", ""種"", ""冰淇淋""]",,live,ok,,1
custom-story-1785137028726,我們去喝下午茶,True,5,easy,6,0,有,listening,有,有,have,yǒu,V,"[""有"", ""很多"", ""種"", ""冰淇淋""]",,live,ok,,1
custom-story-1785137028726,我們去喝下午茶,True,5,easy,6,0,有,pinyin,有,yǒu,have,yǒu,V,"[""yǒu"", ""hěn duō"", ""zhǒng"", ""bīngqílīn""]",,live,ok,,1
custom-story-1785137028726,我們去喝下午茶,True,5,easy,6,0,有,pos,有,V,have,yǒu,V,[],,live,ok,,1
custom-story-1785137028726,我們去喝下午茶,True,5,easy,6,1,很多,translation,很多,many,many,hěn duō,Quant,"[""few"", ""little"", ""none"", ""a few"", ""some""]",,live,ok,,1
custom-story-1785137028726,我們去喝下午茶,True,5,easy,6,1,很多,reverse,many,很多,many,hěn duō,Quant,"[""有"", ""很多"", ""種"", ""冰淇淋""]",,live,ok,,1
custom-story-1785137028726,我們去喝下午茶,True,5,easy,6,1,很多,listening,很多,很多,many,hěn duō,Quant,"[""有"", ""很多"", ""種"", ""冰淇淋""]",,live,ok,,1
custom-story-1785137028726,我們去喝下午茶,True,5,easy,6,1,很多,pinyin,很多,hěn duō,many,hěn duō,Quant,"[""yǒu"", ""hěn duō"", ""zhǒng"", ""bīngqílīn""]",,live,ok,,1
custom-story-1785137028726,我們去喝下午茶,True,5,easy,6,1,很多,pos,很多,Quant,many,hěn duō,Quant,[],,live,ok,,1
custom-story-1785137028726,我們去喝下午茶,True,5,easy,6,2,種,translation,種,kind,kind,zhǒng,MW,"[""type"", ""style"", ""brand"", ""class""]",,live,ok,,1
custom-story-1785137028726,我們去喝下午茶,True,5,easy,6,2,種,reverse,kind,種,kind,zhǒng,MW,"[""有"", ""很多"", ""種"", ""冰淇淋""]",,live,ok,,1
custom-story-1785137028726,我們去喝下午茶,True,5,easy,6,2,種,listening,種,種,kind,zhǒng,MW,"[""有"", ""很多"", ""種"", ""冰淇淋""]",,live,ok,,1
custom-story-1785137028726,我們去喝下午茶,True,5,easy,6,2,種,pinyin,種,zhǒng,kind,zhǒng,MW,"[""yǒu"", ""hěn duō"", ""zhǒng"", ""bīngqílīn""]",,live,ok,,1
custom-story-1785137028726,我們去喝下午茶,True,5,easy,6,2,種,pos,種,MW,kind,zhǒng,MW,[],,live,ok,,1
custom-story-1785137028726,我們去喝下午茶,True,5,easy,6,3,冰淇淋,translation,冰淇淋,ice cream,ice cream,bīngqílīn,N,"[""cake"", ""pastry"", ""candy"", ""frozen treat"", ""cold dessert"", ""sweet snack""]",,live,ok,,1
custom-story-1785137028726,我們去喝下午茶,True,5,easy,6,3,冰淇淋,reverse,ice cream,冰淇淋,ice cream,bīngqílīn,N,"[""有"", ""很多"", ""種"", ""冰淇淋""]",,live,ok,,1
custom-story-1785137028726,我們去喝下午茶,True,5,easy,6,3,冰淇淋,listening,冰淇淋,冰淇淋,ice cream,bīngqílīn,N,"[""有"", ""很多"", ""種"", ""冰淇淋""]",,live,ok,,1
custom-story-1785137028726,我們去喝下午茶,True,5,easy,6,3,冰淇淋,pinyin,冰淇淋,bīngqílīn,ice cream,bīngqílīn,N,"[""yǒu"", ""hěn duō"", ""zhǒng"", ""bīngqílīn""]",,live,ok,,1
custom-story-1785137028726,我們去喝下午茶,True,5,easy,6,3,冰淇淋,pos,冰淇淋,N,ice cream,bīngqílīn,N,[],,live,ok,,1
custom-story-1785137028726,我們去喝下午茶,True,5,medium,6,0,有,translation,有,have,have,yǒu,V,"[""lack"", ""need"", ""want"", ""to lack"", ""to need"", ""to require""]",,live,ok,,1
custom-story-1785137028726,我們去喝下午茶,True,5,medium,6,0,有,reverse,have,有,have,yǒu,V,"[""有"", ""很多"", ""種"", ""冰淇淋""]",,live,ok,,1
custom-story-1785137028726,我們去喝下午茶,True,5,medium,6,0,有,listening,有,有,have,yǒu,V,"[""有"", ""很多"", ""種"", ""冰淇淋""]",,live,ok,,1
custom-story-1785137028726,我們去喝下午茶,True,5,medium,6,0,有,pinyin,有,yǒu,have,yǒu,V,"[""yǒu"", ""hěn duō"", ""zhǒng"", ""bīngqílīn""]",,live,ok,,1
custom-story-1785137028726,我們去喝下午茶,True,5,medium,6,0,有,pos,有,V,have,yǒu,V,[],,live,ok,,1
custom-story-1785137028726,我們去喝下午茶,True,5,medium,6,1,很多,translation,很多,many,many,hěn duō,Quant,"[""few"", ""little"", ""none"", ""a few"", ""some""]",,live,ok,,1
custom-story-1785137028726,我們去喝下午茶,True,5,medium,6,1,很多,reverse,many,很多,many,hěn duō,Quant,"[""有"", ""很多"", ""種"", ""冰淇淋""]",,live,ok,,1
custom-story-1785137028726,我們去喝下午茶,True,5,medium,6,1,很多,listening,很多,很多,many,hěn duō,Quant,"[""有"", ""很多"", ""種"", ""冰淇淋""]",,live,ok,,1
custom-story-1785137028726,我們去喝下午茶,True,5,medium,6,1,很多,pinyin,很多,hěn duō,many,hěn duō,Quant,"[""yǒu"", ""hěn duō"", ""zhǒng"", ""bīngqílīn""]",,live,ok,,1
custom-story-1785137028726,我們去喝下午茶,True,5,medium,6,1,很多,pos,很多,Quant,many,hěn duō,Quant,[],,live,ok,,1
custom-story-1785137028726,我們去喝下午茶,True,5,medium,6,2,種,translation,種,kind,kind,zhǒng,MW,"[""type"", ""style"", ""brand"", ""class""]",,live,ok,,1
custom-story-1785137028726,我們去喝下午茶,True,5,medium,6,2,種,reverse,kind,種,kind,zhǒng,MW,"[""有"", ""很多"", ""種"", ""冰淇淋""]",,live,ok,,1
custom-story-1785137028726,我們去喝下午茶,True,5,medium,6,2,種,listening,種,種,kind,zhǒng,MW,"[""有"", ""很多"", ""種"", ""冰淇淋""]",,live,ok,,1
custom-story-1785137028726,我們去喝下午茶,True,5,medium,6,2,種,pinyin,種,zhǒng,kind,zhǒng,MW,"[""yǒu"", ""hěn duō"", ""zhǒng"", ""bīngqílīn""]",,live,ok,,1
custom-story-1785137028726,我們去喝下午茶,True,5,medium,6,2,種,pos,種,MW,kind,zhǒng,MW,[],,live,ok,,1
custom-story-1785137028726,我們去喝下午茶,True,5,medium,6,3,冰淇淋,translation,冰淇淋,ice cream,ice cream,bīngqílīn,N,"[""cake"", ""pastry"", ""candy"", ""frozen treat"", ""cold dessert"", ""sweet snack""]",,live,ok,,1
custom-story-1785137028726,我們去喝下午茶,True,5,medium,6,3,冰淇淋,reverse,ice cream,冰淇淋,ice cream,bīngqílīn,N,"[""有"", ""很多"", ""種"", ""冰淇淋""]",,live,ok,,1
custom-story-1785137028726,我們去喝下午茶,True,5,medium,6,3,冰淇淋,listening,冰淇淋,冰淇淋,ice cream,bīngqílīn,N,"[""有"", ""很多"", ""種"", ""冰淇淋""]",,live,ok,,1
custom-story-1785137028726,我們去喝下午茶,True,5,medium,6,3,冰淇淋,pinyin,冰淇淋,bīngqílīn,ice cream,bīngqílīn,N,"[""yǒu"", ""hěn duō"", ""zhǒng"", ""bīngqílīn""]",,live,ok,,1
custom-story-1785137028726,我們去喝下午茶,True,5,medium,6,3,冰淇淋,pos,冰淇淋,N,ice cream,bīngqílīn,N,[],,live,ok,,1
custom-story-1785137028726,我們去喝下午茶,True,5,hard,6,0,有,translation,有,have,have,yǒu,V,"[""lack"", ""need"", ""want"", ""to lack"", ""to need"", ""to require""]",,live,ok,,1
custom-story-1785137028726,我們去喝下午茶,True,5,hard,6,0,有,reverse,have,有,have,yǒu,V,"[""有"", ""很多"", ""種"", ""冰淇淋""]",,live,ok,,1
custom-story-1785137028726,我們去喝下午茶,True,5,hard,6,0,有,listening,有,有,have,yǒu,V,"[""有"", ""很多"", ""種"", ""冰淇淋""]",,live,ok,,1
custom-story-1785137028726,我們去喝下午茶,True,5,hard,6,0,有,pinyin,有,yǒu,have,yǒu,V,"[""yǒu"", ""hěn duō"", ""zhǒng"", ""bīngqílīn""]",,live,ok,,1
custom-story-1785137028726,我們去喝下午茶,True,5,hard,6,0,有,pos,有,V,have,yǒu,V,[],,live,ok,,1
custom-story-1785137028726,我們去喝下午茶,True,5,hard,6,1,很多,translation,很多,many,many,hěn duō,Quant,"[""few"", ""little"", ""none"", ""a few"", ""some""]",,live,ok,,1
custom-story-1785137028726,我們去喝下午茶,True,5,hard,6,1,很多,reverse,many,很多,many,hěn duō,Quant,"[""有"", ""很多"", ""種"", ""冰淇淋""]",,live,ok,,1
custom-story-1785137028726,我們去喝下午茶,True,5,hard,6,1,很多,listening,很多,很多,many,hěn duō,Quant,"[""有"", ""很多"", ""種"", ""冰淇淋""]",,live,ok,,1
custom-story-1785137028726,我們去喝下午茶,True,5,hard,6,1,很多,pinyin,很多,hěn duō,many,hěn duō,Quant,"[""yǒu"", ""hěn duō"", ""zhǒng"", ""bīngqílīn""]",,live,ok,,1
custom-story-1785137028726,我們去喝下午茶,True,5,hard,6,1,很多,pos,很多,Quant,many,hěn duō,Quant,[],,live,ok,,1
custom-story-1785137028726,我們去喝下午茶,True,5,hard,6,2,種,translation,種,kind,kind,zhǒng,MW,"[""type"", ""style"", ""brand"", ""class""]",,live,ok,,1
custom-story-1785137028726,我們去喝下午茶,True,5,hard,6,2,種,reverse,kind,種,kind,zhǒng,MW,"[""有"", ""很多"", ""種"", ""冰淇淋""]",,live,ok,,1
custom-story-1785137028726,我們去喝下午茶,True,5,hard,6,2,種,listening,種,種,kind,zhǒng,MW,"[""有"", ""很多"", ""種"", ""冰淇淋""]",,live,ok,,1
custom-story-1785137028726,我們去喝下午茶,True,5,hard,6,2,種,pinyin,種,zhǒng,kind,zhǒng,MW,"[""yǒu"", ""hěn duō"", ""zhǒng"", ""bīngqílīn""]",,live,ok,,1
custom-story-1785137028726,我們去喝下午茶,True,5,hard,6,2,種,pos,種,MW,kind,zhǒng,MW,[],,live,ok,,1
custom-story-1785137028726,我們去喝下午茶,True,5,hard,6,3,冰淇淋,translation,冰淇淋,ice cream,ice cream,bīngqílīn,N,"[""cake"", ""pastry"", ""candy"", ""frozen treat"", ""cold dessert"", ""sweet snack""]",,live,ok,,1
custom-story-1785137028726,我們去喝下午茶,True,5,hard,6,3,冰淇淋,reverse,ice cream,冰淇淋,ice cream,bīngqílīn,N,"[""有"", ""很多"", ""種"", ""冰淇淋""]",,live,ok,,1
custom-story-1785137028726,我們去喝下午茶,True,5,hard,6,3,冰淇淋,listening,冰淇淋,冰淇淋,ice cream,bīngqílīn,N,"[""有"", ""很多"", ""種"", ""冰淇淋""]",,live,ok,,1
custom-story-1785137028726,我們去喝下午茶,True,5,hard,6,3,冰淇淋,pinyin,冰淇淋,bīngqílīn,ice cream,bīngqílīn,N,"[""yǒu"", ""hěn duō"", ""zhǒng"", ""bīngqílīn""]",,live,ok,,1
custom-story-1785137028726,我們去喝下午茶,True,5,hard,6,3,冰淇淋,pos,冰淇淋,N,ice cream,bīngqílīn,N,[],,live,ok,,1
custom-story-1785137028726,我們去喝下午茶,True,5,easy,7,0,星期六,translation,星期六,Saturday,Saturday,xīngqīliù,N,"[""Sunday"", ""Monday"", ""Tuesday"", ""Friday""]",,live,ok,,1
custom-story-1785137028726,我們去喝下午茶,True,5,easy,7,0,星期六,reverse,Saturday,星期六,Saturday,xīngqīliù,N,"[""星期六"", ""下午"", ""兩點半""]",,live,ok,,1
custom-story-1785137028726,我們去喝下午茶,True,5,easy,7,0,星期六,listening,星期六,星期六,Saturday,xīngqīliù,N,"[""星期六"", ""下午"", ""兩點半""]",,live,ok,,1
custom-story-1785137028726,我們去喝下午茶,True,5,easy,7,0,星期六,pinyin,星期六,xīngqīliù,Saturday,xīngqīliù,N,"[""xīngqīliù"", ""xiàwǔ"", ""liǎng diǎn bàn""]",,live,ok,,1
custom-story-1785137028726,我們去喝下午茶,True,5,easy,7,0,星期六,pos,星期六,N,Saturday,xīngqīliù,N,[],,live,ok,,1
custom-story-1785137028726,我們去喝下午茶,True,5,easy,7,1,下午,translation,下午,afternoon,afternoon,xiàwǔ,N,"[""morning"", ""evening"", ""night"", ""nighttime""]",,live,ok,,1
custom-story-1785137028726,我們去喝下午茶,True,5,easy,7,1,下午,reverse,afternoon,下午,afternoon,xiàwǔ,N,"[""星期六"", ""下午"", ""兩點半""]",,live,ok,,1
custom-story-1785137028726,我們去喝下午茶,True,5,easy,7,1,下午,listening,下午,下午,afternoon,xiàwǔ,N,"[""星期六"", ""下午"", ""兩點半""]",,live,ok,,1
custom-story-1785137028726,我們去喝下午茶,True,5,easy,7,1,下午,pinyin,下午,xiàwǔ,afternoon,xiàwǔ,N,"[""xīngqīliù"", ""xiàwǔ"", ""liǎng diǎn bàn""]",,live,ok,,1
custom-story-1785137028726,我們去喝下午茶,True,5,easy,7,1,下午,pos,下午,N,afternoon,xiàwǔ,N,[],,live,ok,,1
custom-story-1785137028726,我們去喝下午茶,True,5,easy,7,2,兩點半,translation,兩點半,two thirty,two thirty,liǎng diǎn bàn,Time,"[""one o'clock"", ""three o'clock"", ""four o'clock"", ""four thirty""]",,live,ok,,1
custom-story-1785137028726,我們去喝下午茶,True,5,easy,7,2,兩點半,reverse,two thirty,兩點半,two thirty,liǎng diǎn bàn,Time,"[""星期六"", ""下午"", ""兩點半""]",,live,ok,,1
custom-story-1785137028726,我們去喝下午茶,True,5,easy,7,2,兩點半,listening,兩點半,兩點半,two thirty,liǎng diǎn bàn,Time,"[""星期六"", ""下午"", ""兩點半""]",,live,ok,,1
custom-story-1785137028726,我們去喝下午茶,True,5,easy,7,2,兩點半,pinyin,兩點半,liǎng diǎn bàn,two thirty,liǎng diǎn bàn,Time,"[""xīngqīliù"", ""xiàwǔ"", ""liǎng diǎn bàn""]",,live,ok,,1
custom-story-1785137028726,我們去喝下午茶,True,5,easy,7,2,兩點半,pos,兩點半,Time,two thirty,liǎng diǎn bàn,Time,[],,live,ok,,1
custom-story-1785137028726,我們去喝下午茶,True,5,medium,7,0,星期六,translation,星期六,Saturday,Saturday,xīngqīliù,N,"[""Sunday"", ""Monday"", ""Tuesday"", ""Friday""]",,live,ok,,1
custom-story-1785137028726,我們去喝下午茶,True,5,medium,7,0,星期六,reverse,Saturday,星期六,Saturday,xīngqīliù,N,"[""星期六"", ""下午"", ""兩點半""]",,live,ok,,1
custom-story-1785137028726,我們去喝下午茶,True,5,medium,7,0,星期六,listening,星期六,星期六,Saturday,xīngqīliù,N,"[""星期六"", ""下午"", ""兩點半""]",,live,ok,,1
custom-story-1785137028726,我們去喝下午茶,True,5,medium,7,0,星期六,pinyin,星期六,xīngqīliù,Saturday,xīngqīliù,N,"[""xīngqīliù"", ""xiàwǔ"", ""liǎng diǎn bàn""]",,live,ok,,1
custom-story-1785137028726,我們去喝下午茶,True,5,medium,7,0,星期六,pos,星期六,N,Saturday,xīngqīliù,N,[],,live,ok,,1
custom-story-1785137028726,我們去喝下午茶,True,5,medium,7,1,下午,translation,下午,afternoon,afternoon,xiàwǔ,N,"[""morning"", ""evening"", ""night"", ""nighttime""]",,live,ok,,1
custom-story-1785137028726,我們去喝下午茶,True,5,medium,7,1,下午,reverse,afternoon,下午,afternoon,xiàwǔ,N,"[""星期六"", ""下午"", ""兩點半""]",,live,ok,,1
custom-story-1785137028726,我們去喝下午茶,True,5,medium,7,1,下午,listening,下午,下午,afternoon,xiàwǔ,N,"[""星期六"", ""下午"", ""兩點半""]",,live,ok,,1
custom-story-1785137028726,我們去喝下午茶,True,5,medium,7,1,下午,pinyin,下午,xiàwǔ,afternoon,xiàwǔ,N,"[""xīngqīliù"", ""xiàwǔ"", ""liǎng diǎn bàn""]",,live,ok,,1
custom-story-1785137028726,我們去喝下午茶,True,5,medium,7,1,下午,pos,下午,N,afternoon,xiàwǔ,N,[],,live,ok,,1
custom-story-1785137028726,我們去喝下午茶,True,5,medium,7,2,兩點半,translation,兩點半,two thirty,two thirty,liǎng diǎn bàn,Time,"[""one o'clock"", ""three o'clock"", ""four o'clock"", ""four thirty""]",,live,ok,,1
custom-story-1785137028726,我們去喝下午茶,True,5,medium,7,2,兩點半,reverse,two thirty,兩點半,two thirty,liǎng diǎn bàn,Time,"[""星期六"", ""下午"", ""兩點半""]",,live,ok,,1
custom-story-1785137028726,我們去喝下午茶,True,5,medium,7,2,兩點半,listening,兩點半,兩點半,two thirty,liǎng diǎn bàn,Time,"[""星期六"", ""下午"", ""兩點半""]",,live,ok,,1
custom-story-1785137028726,我們去喝下午茶,True,5,medium,7,2,兩點半,pinyin,兩點半,liǎng diǎn bàn,two thirty,liǎng diǎn bàn,Time,"[""xīngqīliù"", ""xiàwǔ"", ""liǎng diǎn bàn""]",,live,ok,,1
custom-story-1785137028726,我們去喝下午茶,True,5,medium,7,2,兩點半,pos,兩點半,Time,two thirty,liǎng diǎn bàn,Time,[],,live,ok,,1
custom-story-1785137028726,我們去喝下午茶,True,5,hard,7,0,星期六,translation,星期六,Saturday,Saturday,xīngqīliù,N,"[""Sunday"", ""Monday"", ""Tuesday"", ""Friday""]",,live,ok,,1
custom-story-1785137028726,我們去喝下午茶,True,5,hard,7,0,星期六,reverse,Saturday,星期六,Saturday,xīngqīliù,N,"[""星期六"", ""下午"", ""兩點半""]",,live,ok,,1
custom-story-1785137028726,我們去喝下午茶,True,5,hard,7,0,星期六,listening,星期六,星期六,Saturday,xīngqīliù,N,"[""星期六"", ""下午"", ""兩點半""]",,live,ok,,1
custom-story-1785137028726,我們去喝下午茶,True,5,hard,7,0,星期六,pinyin,星期六,xīngqīliù,Saturday,xīngqīliù,N,"[""xīngqīliù"", ""xiàwǔ"", ""liǎng diǎn bàn""]",,live,ok,,1
custom-story-1785137028726,我們去喝下午茶,True,5,hard,7,0,星期六,pos,星期六,N,Saturday,xīngqīliù,N,[],,live,ok,,1
custom-story-1785137028726,我們去喝下午茶,True,5,hard,7,1,下午,translation,下午,afternoon,afternoon,xiàwǔ,N,"[""morning"", ""evening"", ""night"", ""nighttime""]",,live,ok,,1
custom-story-1785137028726,我們去喝下午茶,True,5,hard,7,1,下午,reverse,afternoon,下午,afternoon,xiàwǔ,N,"[""星期六"", ""下午"", ""兩點半""]",,live,ok,,1
custom-story-1785137028726,我們去喝下午茶,True,5,hard,7,1,下午,listening,下午,下午,afternoon,xiàwǔ,N,"[""星期六"", ""下午"", ""兩點半""]",,live,ok,,1
custom-story-1785137028726,我們去喝下午茶,True,5,hard,7,1,下午,pinyin,下午,xiàwǔ,afternoon,xiàwǔ,N,"[""xīngqīliù"", ""xiàwǔ"", ""liǎng diǎn bàn""]",,live,ok,,1
custom-story-1785137028726,我們去喝下午茶,True,5,hard,7,1,下午,pos,下午,N,afternoon,xiàwǔ,N,[],,live,ok,,1
custom-story-1785137028726,我們去喝下午茶,True,5,hard,7,2,兩點半,translation,兩點半,two thirty,two thirty,liǎng diǎn bàn,Time,"[""one o'clock"", ""three o'clock"", ""four o'clock"", ""four thirty""]",,live,ok,,1
custom-story-1785137028726,我們去喝下午茶,True,5,hard,7,2,兩點半,reverse,two thirty,兩點半,two thirty,liǎng diǎn bàn,Time,"[""星期六"", ""下午"", ""兩點半""]",,live,ok,,1
custom-story-1785137028726,我們去喝下午茶,True,5,hard,7,2,兩點半,listening,兩點半,兩點半,two thirty,liǎng diǎn bàn,Time,"[""星期六"", ""下午"", ""兩點半""]",,live,ok,,1
custom-story-1785137028726,我們去喝下午茶,True,5,hard,7,2,兩點半,pinyin,兩點半,liǎng diǎn bàn,two thirty,liǎng diǎn bàn,Time,"[""xīngqīliù"", ""xiàwǔ"", ""liǎng diǎn bàn""]",,live,ok,,1
custom-story-1785137028726,我們去喝下午茶,True,5,hard,7,2,兩點半,pos,兩點半,Time,two thirty,liǎng diǎn bàn,Time,[],,live,ok,,1
custom-story-1785137028726,我們去喝下午茶,True,5,easy,8,0,好,translation,好,good,good,hǎo,Adj,"[""bad"", ""terrible"", ""awful"", ""excellent""]",,live,ok,,1
custom-story-1785137028726,我們去喝下午茶,True,5,easy,8,0,好,pinyin,好,hǎo,good,hǎo,Adj,"[""hǎo""]",,live,ok,,1
custom-story-1785137028726,我們去喝下午茶,True,5,easy,8,0,好,pos,好,Adj,good,hǎo,Adj,[],,live,ok,,1
custom-story-1785137028726,我們去喝下午茶,True,5,medium,8,0,好,translation,好,good,good,hǎo,Adj,"[""bad"", ""terrible"", ""awful"", ""excellent""]",,live,ok,,1
custom-story-1785137028726,我們去喝下午茶,True,5,medium,8,0,好,pinyin,好,hǎo,good,hǎo,Adj,"[""hǎo""]",,live,ok,,1
custom-story-1785137028726,我們去喝下午茶,True,5,medium,8,0,好,pos,好,Adj,good,hǎo,Adj,[],,live,ok,,1
custom-story-1785137028726,我們去喝下午茶,True,5,hard,8,0,好,translation,好,good,good,hǎo,Adj,"[""bad"", ""terrible"", ""awful"", ""excellent""]",,live,ok,,1
custom-story-1785137028726,我們去喝下午茶,True,5,hard,8,0,好,pinyin,好,hǎo,good,hǎo,Adj,"[""hǎo""]",,live,ok,,1
custom-story-1785137028726,我們去喝下午茶,True,5,hard,8,0,好,pos,好,Adj,good,hǎo,Adj,[],,live,ok,,1
custom-story-1785235297869,我的錢包在哪裡？,True,5,easy,0,0,媽,translation,媽,mom,mom,mā,N,"[""aunt"", ""sister"", ""grandma"", ""nanny"", ""governess"", ""housekeeper"", ""auntie"", ""matriarch""]",,live,ok,,2
custom-story-1785235297869,我的錢包在哪裡？,True,5,easy,0,0,媽,reverse,mom,媽,mom,mā,N,"[""媽"", ""友美"", ""下午茶"", ""錢包"", ""房間""]",,live,ok,,2
custom-story-1785235297869,我的錢包在哪裡？,True,5,easy,0,0,媽,listening,媽,媽,mom,mā,N,"[""媽"", ""友美"", ""下午茶"", ""錢包"", ""房間""]",,live,ok,,2
custom-story-1785235297869,我的錢包在哪裡？,True,5,easy,0,0,媽,pinyin,媽,mā,mom,mā,N,"[""mā"", ""yǒuměi"", ""xiàwǔchá"", ""qiánbāo"", ""fángjiān""]",,live,ok,,2
custom-story-1785235297869,我的錢包在哪裡？,True,5,easy,0,0,媽,pos,媽,N,mom,mā,N,[],,live,ok,,2
custom-story-1785235297869,我的錢包在哪裡？,True,5,easy,0,1,友美,translation,友美,friend's name,friend's name,yǒuměi,N,"[""classmate"", ""neighbor"", ""coworker"", ""pen pal"", ""acquaintance"", ""class president""]",,live,ok,,2
custom-story-1785235297869,我的錢包在哪裡？,True,5,easy,0,1,友美,reverse,friend's name,友美,friend's name,yǒuměi,N,"[""媽"", ""友美"", ""下午茶"", ""錢包"", ""房間""]",,live,ok,,2
custom-story-1785235297869,我的錢包在哪裡？,True,5,easy,0,1,友美,listening,友美,友美,friend's name,yǒuměi,N,"[""媽"", ""友美"", ""下午茶"", ""錢包"", ""房間""]",,live,ok,,2
custom-story-1785235297869,我的錢包在哪裡？,True,5,easy,0,1,友美,pinyin,友美,yǒuměi,friend's name,yǒuměi,N,"[""mā"", ""yǒuměi"", ""xiàwǔchá"", ""qiánbāo"", ""fángjiān""]",,live,ok,,2
custom-story-1785235297869,我的錢包在哪裡？,True,5,easy,0,1,友美,pos,友美,N,friend's name,yǒuměi,N,[],,live,ok,,2
custom-story-1785235297869,我的錢包在哪裡？,True,5,easy,0,2,下午茶,translation,下午茶,afternoon tea,afternoon tea,xiàwǔchá,N,"[""morning coffee"", ""dinner party"", ""midnight snack"", ""lunch break"", ""coffee time"", ""happy hour"", ""brunch"", ""dessert""]",,live,ok,,2
custom-story-1785235297869,我的錢包在哪裡？,True,5,easy,0,2,下午茶,reverse,afternoon tea,下午茶,afternoon tea,xiàwǔchá,N,"[""媽"", ""友美"", ""下午茶"", ""錢包"", ""房間""]",,live,ok,,2
custom-story-1785235297869,我的錢包在哪裡？,True,5,easy,0,2,下午茶,listening,下午茶,下午茶,afternoon tea,xiàwǔchá,N,"[""媽"", ""友美"", ""下午茶"", ""錢包"", ""房間""]",,live,ok,,2
custom-story-1785235297869,我的錢包在哪裡？,True,5,easy,0,2,下午茶,pinyin,下午茶,xiàwǔchá,afternoon tea,xiàwǔchá,N,"[""mā"", ""yǒuměi"", ""xiàwǔchá"", ""qiánbāo"", ""fángjiān""]",,live,ok,,2
custom-story-1785235297869,我的錢包在哪裡？,True,5,easy,0,2,下午茶,pos,下午茶,N,afternoon tea,xiàwǔchá,N,[],,live,ok,,2
custom-story-1785235297869,我的錢包在哪裡？,True,5,easy,0,3,錢包,translation,錢包,wallet,wallet,qiánbāo,N,"[""phone"", ""keys"", ""purse"", ""checkbook"", ""credit card"", ""receipt"", ""clutch"", ""pouch""]",,live,ok,,2
custom-story-1785235297869,我的錢包在哪裡？,True,5,easy,0,3,錢包,reverse,wallet,錢包,wallet,qiánbāo,N,"[""媽"", ""友美"", ""下午茶"", ""錢包"", ""房間""]",,live,ok,,2
custom-story-1785235297869,我的錢包在哪裡？,True,5,easy,0,3,錢包,listening,錢包,錢包,wallet,qiánbāo,N,"[""媽"", ""友美"", ""下午茶"", ""錢包"", ""房間""]",,live,ok,,2
custom-story-1785235297869,我的錢包在哪裡？,True,5,easy,0,3,錢包,pinyin,錢包,qiánbāo,wallet,qiánbāo,N,"[""mā"", ""yǒuměi"", ""xiàwǔchá"", ""qiánbāo"", ""fángjiān""]",,live,ok,,2
custom-story-1785235297869,我的錢包在哪裡？,True,5,easy,0,3,錢包,pos,錢包,N,wallet,qiánbāo,N,[],,live,ok,,2
custom-story-1785235297869,我的錢包在哪裡？,True,5,easy,0,4,房間,translation,房間,room,room,fángjiān,N,"[""garden"", ""kitchen"", ""attic"", ""corridor"", ""stairway"", ""elevator"", ""suite"", ""unit""]",,live,ok,,2
custom-story-1785235297869,我的錢包在哪裡？,True,5,easy,0,4,房間,reverse,room,房間,room,fángjiān,N,"[""媽"", ""友美"", ""下午茶"", ""錢包"", ""房間""]",,live,ok,,2
custom-story-1785235297869,我的錢包在哪裡？,True,5,easy,0,4,房間,listening,房間,房間,room,fángjiān,N,"[""媽"", ""友美"", ""下午茶"", ""錢包"", ""房間""]",,live,ok,,2
custom-story-1785235297869,我的錢包在哪裡？,True,5,easy,0,4,房間,pinyin,房間,fángjiān,room,fángjiān,N,"[""mā"", ""yǒuměi"", ""xiàwǔchá"", ""qiánbāo"", ""fángjiān""]",,live,ok,,2
custom-story-1785235297869,我的錢包在哪裡？,True,5,easy,0,4,房間,pos,房間,N,room,fángjiān,N,[],,live,ok,,2
custom-story-1785235297869,我的錢包在哪裡？,True,5,medium,0,0,媽,translation,媽,mom,mom,mā,N,"[""aunt"", ""sister"", ""grandma"", ""nanny"", ""governess"", ""housekeeper"", ""auntie"", ""matriarch""]",,live,ok,,2
custom-story-1785235297869,我的錢包在哪裡？,True,5,medium,0,0,媽,reverse,mom,媽,mom,mā,N,"[""媽"", ""友美"", ""下午茶"", ""錢包"", ""房間""]",,live,ok,,2
custom-story-1785235297869,我的錢包在哪裡？,True,5,medium,0,0,媽,listening,媽,媽,mom,mā,N,"[""媽"", ""友美"", ""下午茶"", ""錢包"", ""房間""]",,live,ok,,2
custom-story-1785235297869,我的錢包在哪裡？,True,5,medium,0,0,媽,pinyin,媽,mā,mom,mā,N,"[""mā"", ""yǒuměi"", ""xiàwǔchá"", ""qiánbāo"", ""fángjiān""]",,live,ok,,2
custom-story-1785235297869,我的錢包在哪裡？,True,5,medium,0,0,媽,pos,媽,N,mom,mā,N,[],,live,ok,,2
custom-story-1785235297869,我的錢包在哪裡？,True,5,medium,0,1,友美,translation,友美,friend's name,friend's name,yǒuměi,N,"[""classmate"", ""neighbor"", ""coworker"", ""pen pal"", ""acquaintance"", ""class president""]",,live,ok,,2
custom-story-1785235297869,我的錢包在哪裡？,True,5,medium,0,1,友美,reverse,friend's name,友美,friend's name,yǒuměi,N,"[""媽"", ""友美"", ""下午茶"", ""錢包"", ""房間""]",,live,ok,,2
custom-story-1785235297869,我的錢包在哪裡？,True,5,medium,0,1,友美,listening,友美,友美,friend's name,yǒuměi,N,"[""媽"", ""友美"", ""下午茶"", ""錢包"", ""房間""]",,live,ok,,2
custom-story-1785235297869,我的錢包在哪裡？,True,5,medium,0,1,友美,pinyin,友美,yǒuměi,friend's name,yǒuměi,N,"[""mā"", ""yǒuměi"", ""xiàwǔchá"", ""qiánbāo"", ""fángjiān""]",,live,ok,,2
custom-story-1785235297869,我的錢包在哪裡？,True,5,medium,0,1,友美,pos,友美,N,friend's name,yǒuměi,N,[],,live,ok,,2
custom-story-1785235297869,我的錢包在哪裡？,True,5,medium,0,2,下午茶,translation,下午茶,afternoon tea,afternoon tea,xiàwǔchá,N,"[""morning coffee"", ""dinner party"", ""midnight snack"", ""lunch break"", ""coffee time"", ""happy hour"", ""brunch"", ""dessert""]",,live,ok,,2
custom-story-1785235297869,我的錢包在哪裡？,True,5,medium,0,2,下午茶,reverse,afternoon tea,下午茶,afternoon tea,xiàwǔchá,N,"[""媽"", ""友美"", ""下午茶"", ""錢包"", ""房間""]",,live,ok,,2
custom-story-1785235297869,我的錢包在哪裡？,True,5,medium,0,2,下午茶,listening,下午茶,下午茶,afternoon tea,xiàwǔchá,N,"[""媽"", ""友美"", ""下午茶"", ""錢包"", ""房間""]",,live,ok,,2
custom-story-1785235297869,我的錢包在哪裡？,True,5,medium,0,2,下午茶,pinyin,下午茶,xiàwǔchá,afternoon tea,xiàwǔchá,N,"[""mā"", ""yǒuměi"", ""xiàwǔchá"", ""qiánbāo"", ""fángjiān""]",,live,ok,,2
custom-story-1785235297869,我的錢包在哪裡？,True,5,medium,0,2,下午茶,pos,下午茶,N,afternoon tea,xiàwǔchá,N,[],,live,ok,,2
custom-story-1785235297869,我的錢包在哪裡？,True,5,medium,0,3,錢包,translation,錢包,wallet,wallet,qiánbāo,N,"[""phone"", ""keys"", ""purse"", ""checkbook"", ""credit card"", ""receipt"", ""clutch"", ""pouch""]",,live,ok,,2
custom-story-1785235297869,我的錢包在哪裡？,True,5,medium,0,3,錢包,reverse,wallet,錢包,wallet,qiánbāo,N,"[""媽"", ""友美"", ""下午茶"", ""錢包"", ""房間""]",,live,ok,,2
custom-story-1785235297869,我的錢包在哪裡？,True,5,medium,0,3,錢包,listening,錢包,錢包,wallet,qiánbāo,N,"[""媽"", ""友美"", ""下午茶"", ""錢包"", ""房間""]",,live,ok,,2
custom-story-1785235297869,我的錢包在哪裡？,True,5,medium,0,3,錢包,pinyin,錢包,qiánbāo,wallet,qiánbāo,N,"[""mā"", ""yǒuměi"", ""xiàwǔchá"", ""qiánbāo"", ""fángjiān""]",,live,ok,,2
custom-story-1785235297869,我的錢包在哪裡？,True,5,medium,0,3,錢包,pos,錢包,N,wallet,qiánbāo,N,[],,live,ok,,2
custom-story-1785235297869,我的錢包在哪裡？,True,5,medium,0,4,房間,translation,房間,room,room,fángjiān,N,"[""garden"", ""kitchen"", ""attic"", ""corridor"", ""stairway"", ""elevator"", ""suite"", ""unit""]",,live,ok,,2
custom-story-1785235297869,我的錢包在哪裡？,True,5,medium,0,4,房間,reverse,room,房間,room,fángjiān,N,"[""媽"", ""友美"", ""下午茶"", ""錢包"", ""房間""]",,live,ok,,2
custom-story-1785235297869,我的錢包在哪裡？,True,5,medium,0,4,房間,listening,房間,房間,room,fángjiān,N,"[""媽"", ""友美"", ""下午茶"", ""錢包"", ""房間""]",,live,ok,,2
custom-story-1785235297869,我的錢包在哪裡？,True,5,medium,0,4,房間,pinyin,房間,fángjiān,room,fángjiān,N,"[""mā"", ""yǒuměi"", ""xiàwǔchá"", ""qiánbāo"", ""fángjiān""]",,live,ok,,2
custom-story-1785235297869,我的錢包在哪裡？,True,5,medium,0,4,房間,pos,房間,N,room,fángjiān,N,[],,live,ok,,2
custom-story-1785235297869,我的錢包在哪裡？,True,5,hard,0,0,媽,translation,媽,mom,mom,mā,N,"[""aunt"", ""sister"", ""grandma"", ""nanny"", ""governess"", ""housekeeper"", ""auntie"", ""matriarch""]",,live,ok,,2
custom-story-1785235297869,我的錢包在哪裡？,True,5,hard,0,0,媽,reverse,mom,媽,mom,mā,N,"[""媽"", ""友美"", ""下午茶"", ""錢包"", ""房間""]",,live,ok,,2
custom-story-1785235297869,我的錢包在哪裡？,True,5,hard,0,0,媽,listening,媽,媽,mom,mā,N,"[""媽"", ""友美"", ""下午茶"", ""錢包"", ""房間""]",,live,ok,,2
custom-story-1785235297869,我的錢包在哪裡？,True,5,hard,0,0,媽,pinyin,媽,mā,mom,mā,N,"[""mā"", ""yǒuměi"", ""xiàwǔchá"", ""qiánbāo"", ""fángjiān""]",,live,ok,,2
custom-story-1785235297869,我的錢包在哪裡？,True,5,hard,0,0,媽,pos,媽,N,mom,mā,N,[],,live,ok,,2
custom-story-1785235297869,我的錢包在哪裡？,True,5,hard,0,1,友美,translation,友美,friend's name,friend's name,yǒuměi,N,"[""classmate"", ""neighbor"", ""coworker"", ""pen pal"", ""acquaintance"", ""class president""]",,live,ok,,2
custom-story-1785235297869,我的錢包在哪裡？,True,5,hard,0,1,友美,reverse,friend's name,友美,friend's name,yǒuměi,N,"[""媽"", ""友美"", ""下午茶"", ""錢包"", ""房間""]",,live,ok,,2
custom-story-1785235297869,我的錢包在哪裡？,True,5,hard,0,1,友美,listening,友美,友美,friend's name,yǒuměi,N,"[""媽"", ""友美"", ""下午茶"", ""錢包"", ""房間""]",,live,ok,,2
custom-story-1785235297869,我的錢包在哪裡？,True,5,hard,0,1,友美,pinyin,友美,yǒuměi,friend's name,yǒuměi,N,"[""mā"", ""yǒuměi"", ""xiàwǔchá"", ""qiánbāo"", ""fángjiān""]",,live,ok,,2
custom-story-1785235297869,我的錢包在哪裡？,True,5,hard,0,1,友美,pos,友美,N,friend's name,yǒuměi,N,[],,live,ok,,2
custom-story-1785235297869,我的錢包在哪裡？,True,5,hard,0,2,下午茶,translation,下午茶,afternoon tea,afternoon tea,xiàwǔchá,N,"[""morning coffee"", ""dinner party"", ""midnight snack"", ""lunch break"", ""coffee time"", ""happy hour"", ""brunch"", ""dessert""]",,live,ok,,2
custom-story-1785235297869,我的錢包在哪裡？,True,5,hard,0,2,下午茶,reverse,afternoon tea,下午茶,afternoon tea,xiàwǔchá,N,"[""媽"", ""友美"", ""下午茶"", ""錢包"", ""房間""]",,live,ok,,2
custom-story-1785235297869,我的錢包在哪裡？,True,5,hard,0,2,下午茶,listening,下午茶,下午茶,afternoon tea,xiàwǔchá,N,"[""媽"", ""友美"", ""下午茶"", ""錢包"", ""房間""]",,live,ok,,2
custom-story-1785235297869,我的錢包在哪裡？,True,5,hard,0,2,下午茶,pinyin,下午茶,xiàwǔchá,afternoon tea,xiàwǔchá,N,"[""mā"", ""yǒuměi"", ""xiàwǔchá"", ""qiánbāo"", ""fángjiān""]",,live,ok,,2
custom-story-1785235297869,我的錢包在哪裡？,True,5,hard,0,2,下午茶,pos,下午茶,N,afternoon tea,xiàwǔchá,N,[],,live,ok,,2
custom-story-1785235297869,我的錢包在哪裡？,True,5,hard,0,3,錢包,translation,錢包,wallet,wallet,qiánbāo,N,"[""phone"", ""keys"", ""purse"", ""checkbook"", ""credit card"", ""receipt"", ""clutch"", ""pouch""]",,live,ok,,2
custom-story-1785235297869,我的錢包在哪裡？,True,5,hard,0,3,錢包,reverse,wallet,錢包,wallet,qiánbāo,N,"[""媽"", ""友美"", ""下午茶"", ""錢包"", ""房間""]",,live,ok,,2
custom-story-1785235297869,我的錢包在哪裡？,True,5,hard,0,3,錢包,listening,錢包,錢包,wallet,qiánbāo,N,"[""媽"", ""友美"", ""下午茶"", ""錢包"", ""房間""]",,live,ok,,2
custom-story-1785235297869,我的錢包在哪裡？,True,5,hard,0,3,錢包,pinyin,錢包,qiánbāo,wallet,qiánbāo,N,"[""mā"", ""yǒuměi"", ""xiàwǔchá"", ""qiánbāo"", ""fángjiān""]",,live,ok,,2
custom-story-1785235297869,我的錢包在哪裡？,True,5,hard,0,3,錢包,pos,錢包,N,wallet,qiánbāo,N,[],,live,ok,,2
custom-story-1785235297869,我的錢包在哪裡？,True,5,hard,0,4,房間,translation,房間,room,room,fángjiān,N,"[""garden"", ""kitchen"", ""attic"", ""corridor"", ""stairway"", ""elevator"", ""suite"", ""unit""]",,live,ok,,2
custom-story-1785235297869,我的錢包在哪裡？,True,5,hard,0,4,房間,reverse,room,房間,room,fángjiān,N,"[""媽"", ""友美"", ""下午茶"", ""錢包"", ""房間""]",,live,ok,,2
custom-story-1785235297869,我的錢包在哪裡？,True,5,hard,0,4,房間,listening,房間,房間,room,fángjiān,N,"[""媽"", ""友美"", ""下午茶"", ""錢包"", ""房間""]",,live,ok,,2
custom-story-1785235297869,我的錢包在哪裡？,True,5,hard,0,4,房間,pinyin,房間,fángjiān,room,fángjiān,N,"[""mā"", ""yǒuměi"", ""xiàwǔchá"", ""qiánbāo"", ""fángjiān""]",,live,ok,,2
custom-story-1785235297869,我的錢包在哪裡？,True,5,hard,0,4,房間,pos,房間,N,room,fángjiān,N,[],,live,ok,,2
custom-story-1785235297869,我的錢包在哪裡？,True,5,easy,1,0,客廳,translation,客廳,living room,living room,kè tīng,N,"[""bedroom"", ""office"", ""basement"", ""garden"", ""park"", ""playground"", ""lobby"", ""foyer""]",,live,ok,,2
custom-story-1785235297869,我的錢包在哪裡？,True,5,easy,1,0,客廳,reverse,living room,客廳,living room,kè tīng,N,"[""客廳"", ""桌子"", ""錢包""]",,live,ok,,2
custom-story-1785235297869,我的錢包在哪裡？,True,5,easy,1,0,客廳,listening,客廳,客廳,living room,kè tīng,N,"[""客廳"", ""桌子"", ""錢包""]",,live,ok,,2
custom-story-1785235297869,我的錢包在哪裡？,True,5,easy,1,0,客廳,pinyin,客廳,kè tīng,living room,kè tīng,N,"[""kè tīng"", ""zhuō zǐ"", ""qián bāo""]",,live,ok,,2
custom-story-1785235297869,我的錢包在哪裡？,True,5,easy,1,0,客廳,pos,客廳,N,living room,kè tīng,N,[],,live,ok,,2
custom-story-1785235297869,我的錢包在哪裡？,True,5,easy,1,1,桌子,translation,桌子,table,table,zhuō zǐ,N,"[""chair"", ""bookshelf"", ""cabinet"", ""shelf"", ""counter"", ""rack""]",,live,ok,,2
custom-story-1785235297869,我的錢包在哪裡？,True,5,easy,1,1,桌子,reverse,table,桌子,table,zhuō zǐ,N,"[""客廳"", ""桌子"", ""錢包""]",,live,ok,,2
custom-story-1785235297869,我的錢包在哪裡？,True,5,easy,1,1,桌子,listening,桌子,桌子,table,zhuō zǐ,N,"[""客廳"", ""桌子"", ""錢包""]",,live,ok,,2
custom-story-1785235297869,我的錢包在哪裡？,True,5,easy,1,1,桌子,pinyin,桌子,zhuō zǐ,table,zhuō zǐ,N,"[""kè tīng"", ""zhuō zǐ"", ""qián bāo""]",,live,ok,,2
custom-story-1785235297869,我的錢包在哪裡？,True,5,easy,1,1,桌子,pos,桌子,N,table,zhuō zǐ,N,[],,live,ok,,2
custom-story-1785235297869,我的錢包在哪裡？,True,5,easy,1,2,錢包,translation,錢包,wallet,wallet,qián bāo,N,"[""phone"", ""keys"", ""purse"", ""checkbook"", ""credit card"", ""receipt""]",,live,ok,,2
custom-story-1785235297869,我的錢包在哪裡？,True,5,easy,1,2,錢包,reverse,wallet,錢包,wallet,qián bāo,N,"[""客廳"", ""桌子"", ""錢包""]",,live,ok,,2
custom-story-1785235297869,我的錢包在哪裡？,True,5,easy,1,2,錢包,listening,錢包,錢包,wallet,qián bāo,N,"[""客廳"", ""桌子"", ""錢包""]",,live,ok,,2
custom-story-1785235297869,我的錢包在哪裡？,True,5,easy,1,2,錢包,pinyin,錢包,qián bāo,wallet,qián bāo,N,"[""kè tīng"", ""zhuō zǐ"", ""qián bāo""]",,live,ok,,2
custom-story-1785235297869,我的錢包在哪裡？,True,5,easy,1,2,錢包,pos,錢包,N,wallet,qián bāo,N,[],,live,ok,,2
custom-story-1785235297869,我的錢包在哪裡？,True,5,medium,1,0,客廳,translation,客廳,living room,living room,kè tīng,N,"[""bedroom"", ""office"", ""basement"", ""garden"", ""park"", ""playground"", ""lobby"", ""foyer""]",,live,ok,,2
custom-story-1785235297869,我的錢包在哪裡？,True,5,medium,1,0,客廳,reverse,living room,客廳,living room,kè tīng,N,"[""客廳"", ""桌子"", ""錢包""]",,live,ok,,2
custom-story-1785235297869,我的錢包在哪裡？,True,5,medium,1,0,客廳,listening,客廳,客廳,living room,kè tīng,N,"[""客廳"", ""桌子"", ""錢包""]",,live,ok,,2
custom-story-1785235297869,我的錢包在哪裡？,True,5,medium,1,0,客廳,pinyin,客廳,kè tīng,living room,kè tīng,N,"[""kè tīng"", ""zhuō zǐ"", ""qián bāo""]",,live,ok,,2
custom-story-1785235297869,我的錢包在哪裡？,True,5,medium,1,0,客廳,pos,客廳,N,living room,kè tīng,N,[],,live,ok,,2
custom-story-1785235297869,我的錢包在哪裡？,True,5,medium,1,1,桌子,translation,桌子,table,table,zhuō zǐ,N,"[""chair"", ""bookshelf"", ""cabinet"", ""shelf"", ""counter"", ""rack""]",,live,ok,,2
custom-story-1785235297869,我的錢包在哪裡？,True,5,medium,1,1,桌子,reverse,table,桌子,table,zhuō zǐ,N,"[""客廳"", ""桌子"", ""錢包""]",,live,ok,,2
custom-story-1785235297869,我的錢包在哪裡？,True,5,medium,1,1,桌子,listening,桌子,桌子,table,zhuō zǐ,N,"[""客廳"", ""桌子"", ""錢包""]",,live,ok,,2
custom-story-1785235297869,我的錢包在哪裡？,True,5,medium,1,1,桌子,pinyin,桌子,zhuō zǐ,table,zhuō zǐ,N,"[""kè tīng"", ""zhuō zǐ"", ""qián bāo""]",,live,ok,,2
custom-story-1785235297869,我的錢包在哪裡？,True,5,medium,1,1,桌子,pos,桌子,N,table,zhuō zǐ,N,[],,live,ok,,2
custom-story-1785235297869,我的錢包在哪裡？,True,5,medium,1,2,錢包,translation,錢包,wallet,wallet,qián bāo,N,"[""phone"", ""keys"", ""purse"", ""checkbook"", ""credit card"", ""receipt""]",,live,ok,,2
custom-story-1785235297869,我的錢包在哪裡？,True,5,medium,1,2,錢包,reverse,wallet,錢包,wallet,qián bāo,N,"[""客廳"", ""桌子"", ""錢包""]",,live,ok,,2
custom-story-1785235297869,我的錢包在哪裡？,True,5,medium,1,2,錢包,listening,錢包,錢包,wallet,qián bāo,N,"[""客廳"", ""桌子"", ""錢包""]",,live,ok,,2
custom-story-1785235297869,我的錢包在哪裡？,True,5,medium,1,2,錢包,pinyin,錢包,qián bāo,wallet,qián bāo,N,"[""kè tīng"", ""zhuō zǐ"", ""qián bāo""]",,live,ok,,2
custom-story-1785235297869,我的錢包在哪裡？,True,5,medium,1,2,錢包,pos,錢包,N,wallet,qián bāo,N,[],,live,ok,,2
custom-story-1785235297869,我的錢包在哪裡？,True,5,hard,1,0,客廳,translation,客廳,living room,living room,kè tīng,N,"[""bedroom"", ""office"", ""basement"", ""garden"", ""park"", ""playground"", ""lobby"", ""foyer""]",,live,ok,,2
custom-story-1785235297869,我的錢包在哪裡？,True,5,hard,1,0,客廳,reverse,living room,客廳,living room,kè tīng,N,"[""客廳"", ""桌子"", ""錢包""]",,live,ok,,2
custom-story-1785235297869,我的錢包在哪裡？,True,5,hard,1,0,客廳,listening,客廳,客廳,living room,kè tīng,N,"[""客廳"", ""桌子"", ""錢包""]",,live,ok,,2
custom-story-1785235297869,我的錢包在哪裡？,True,5,hard,1,0,客廳,pinyin,客廳,kè tīng,living room,kè tīng,N,"[""kè tīng"", ""zhuō zǐ"", ""qián bāo""]",,live,ok,,2
custom-story-1785235297869,我的錢包在哪裡？,True,5,hard,1,0,客廳,pos,客廳,N,living room,kè tīng,N,[],,live,ok,,2
custom-story-1785235297869,我的錢包在哪裡？,True,5,hard,1,1,桌子,translation,桌子,table,table,zhuō zǐ,N,"[""chair"", ""bookshelf"", ""cabinet"", ""shelf"", ""counter"", ""rack""]",,live,ok,,2
custom-story-1785235297869,我的錢包在哪裡？,True,5,hard,1,1,桌子,reverse,table,桌子,table,zhuō zǐ,N,"[""客廳"", ""桌子"", ""錢包""]",,live,ok,,2
custom-story-1785235297869,我的錢包在哪裡？,True,5,hard,1,1,桌子,listening,桌子,桌子,table,zhuō zǐ,N,"[""客廳"", ""桌子"", ""錢包""]",,live,ok,,2
custom-story-1785235297869,我的錢包在哪裡？,True,5,hard,1,1,桌子,pinyin,桌子,zhuō zǐ,table,zhuō zǐ,N,"[""kè tīng"", ""zhuō zǐ"", ""qián bāo""]",,live,ok,,2
custom-story-1785235297869,我的錢包在哪裡？,True,5,hard,1,1,桌子,pos,桌子,N,table,zhuō zǐ,N,[],,live,ok,,2
custom-story-1785235297869,我的錢包在哪裡？,True,5,hard,1,2,錢包,translation,錢包,wallet,wallet,qián bāo,N,"[""phone"", ""keys"", ""purse"", ""checkbook"", ""credit card"", ""receipt""]",,live,ok,,2
custom-story-1785235297869,我的錢包在哪裡？,True,5,hard,1,2,錢包,reverse,wallet,錢包,wallet,qián bāo,N,"[""客廳"", ""桌子"", ""錢包""]",,live,ok,,2
custom-story-1785235297869,我的錢包在哪裡？,True,5,hard,1,2,錢包,listening,錢包,錢包,wallet,qián bāo,N,"[""客廳"", ""桌子"", ""錢包""]",,live,ok,,2
custom-story-1785235297869,我的錢包在哪裡？,True,5,hard,1,2,錢包,pinyin,錢包,qián bāo,wallet,qián bāo,N,"[""kè tīng"", ""zhuō zǐ"", ""qián bāo""]",,live,ok,,2
custom-story-1785235297869,我的錢包在哪裡？,True,5,hard,1,2,錢包,pos,錢包,N,wallet,qián bāo,N,[],,live,ok,,2
custom-story-1785235297869,我的錢包在哪裡？,True,5,easy,2,0,哥哥,translation,哥哥,older brother,older brother,gēge,N,"[""father"", ""uncle"", ""cousin"", ""male cousin"", ""stepbrother"", ""nephew""]",,live,ok,,2
custom-story-1785235297869,我的錢包在哪裡？,True,5,easy,2,0,哥哥,reverse,older brother,哥哥,older brother,gēge,N,"[""哥哥"", ""錢包"", ""客廳""]",,live,ok,,2
custom-story-1785235297869,我的錢包在哪裡？,True,5,easy,2,0,哥哥,listening,哥哥,哥哥,older brother,gēge,N,"[""哥哥"", ""錢包"", ""客廳""]",,live,ok,,2
custom-story-1785235297869,我的錢包在哪裡？,True,5,easy,2,0,哥哥,pinyin,哥哥,gēge,older brother,gēge,N,"[""gēge"", ""qiánbāo"", ""kètīng""]",,live,ok,,2
custom-story-1785235297869,我的錢包在哪裡？,True,5,easy,2,0,哥哥,pos,哥哥,N,older brother,gēge,N,[],,live,ok,,2
custom-story-1785235297869,我的錢包在哪裡？,True,5,easy,2,1,錢包,translation,錢包,wallet,wallet,qiánbāo,N,"[""checkbook"", ""credit card"", ""receipt""]",,live,ok,,2
custom-story-1785235297869,我的錢包在哪裡？,True,5,easy,2,1,錢包,reverse,wallet,錢包,wallet,qiánbāo,N,"[""哥哥"", ""錢包"", ""客廳""]",,live,ok,,2
custom-story-1785235297869,我的錢包在哪裡？,True,5,easy,2,1,錢包,listening,錢包,錢包,wallet,qiánbāo,N,"[""哥哥"", ""錢包"", ""客廳""]",,live,ok,,2
custom-story-1785235297869,我的錢包在哪裡？,True,5,easy,2,1,錢包,pinyin,錢包,qiánbāo,wallet,qiánbāo,N,"[""gēge"", ""qiánbāo"", ""kètīng""]",,live,ok,,2
custom-story-1785235297869,我的錢包在哪裡？,True,5,easy,2,1,錢包,pos,錢包,N,wallet,qiánbāo,N,[],,live,ok,,2
custom-story-1785235297869,我的錢包在哪裡？,True,5,easy,2,2,客廳,translation,客廳,living room,living room,kètīng,N,"[""garden"", ""park"", ""playground""]",,live,ok,,2
custom-story-1785235297869,我的錢包在哪裡？,True,5,easy,2,2,客廳,reverse,living room,客廳,living room,kètīng,N,"[""哥哥"", ""錢包"", ""客廳""]",,live,ok,,2
custom-story-1785235297869,我的錢包在哪裡？,True,5,easy,2,2,客廳,listening,客廳,客廳,living room,kètīng,N,"[""哥哥"", ""錢包"", ""客廳""]",,live,ok,,2
custom-story-1785235297869,我的錢包在哪裡？,True,5,easy,2,2,客廳,pinyin,客廳,kètīng,living room,kètīng,N,"[""gēge"", ""qiánbāo"", ""kètīng""]",,live,ok,,2
custom-story-1785235297869,我的錢包在哪裡？,True,5,easy,2,2,客廳,pos,客廳,N,living room,kètīng,N,[],,live,ok,,2
custom-story-1785235297869,我的錢包在哪裡？,True,5,medium,2,0,哥哥,translation,哥哥,older brother,older brother,gēge,N,"[""father"", ""uncle"", ""cousin"", ""male cousin"", ""stepbrother"", ""nephew""]",,live,ok,,2
custom-story-1785235297869,我的錢包在哪裡？,True,5,medium,2,0,哥哥,reverse,older brother,哥哥,older brother,gēge,N,"[""哥哥"", ""錢包"", ""客廳""]",,live,ok,,2
custom-story-1785235297869,我的錢包在哪裡？,True,5,medium,2,0,哥哥,listening,哥哥,哥哥,older brother,gēge,N,"[""哥哥"", ""錢包"", ""客廳""]",,live,ok,,2
custom-story-1785235297869,我的錢包在哪裡？,True,5,medium,2,0,哥哥,pinyin,哥哥,gēge,older brother,gēge,N,"[""gēge"", ""qiánbāo"", ""kètīng""]",,live,ok,,2
custom-story-1785235297869,我的錢包在哪裡？,True,5,medium,2,0,哥哥,pos,哥哥,N,older brother,gēge,N,[],,live,ok,,2
custom-story-1785235297869,我的錢包在哪裡？,True,5,medium,2,1,錢包,translation,錢包,wallet,wallet,qiánbāo,N,"[""checkbook"", ""credit card"", ""receipt""]",,live,ok,,2
custom-story-1785235297869,我的錢包在哪裡？,True,5,medium,2,1,錢包,reverse,wallet,錢包,wallet,qiánbāo,N,"[""哥哥"", ""錢包"", ""客廳""]",,live,ok,,2
custom-story-1785235297869,我的錢包在哪裡？,True,5,medium,2,1,錢包,listening,錢包,錢包,wallet,qiánbāo,N,"[""哥哥"", ""錢包"", ""客廳""]",,live,ok,,2
custom-story-1785235297869,我的錢包在哪裡？,True,5,medium,2,1,錢包,pinyin,錢包,qiánbāo,wallet,qiánbāo,N,"[""gēge"", ""qiánbāo"", ""kètīng""]",,live,ok,,2
custom-story-1785235297869,我的錢包在哪裡？,True,5,medium,2,1,錢包,pos,錢包,N,wallet,qiánbāo,N,[],,live,ok,,2
custom-story-1785235297869,我的錢包在哪裡？,True,5,medium,2,2,客廳,translation,客廳,living room,living room,kètīng,N,"[""garden"", ""park"", ""playground""]",,live,ok,,2
custom-story-1785235297869,我的錢包在哪裡？,True,5,medium,2,2,客廳,reverse,living room,客廳,living room,kètīng,N,"[""哥哥"", ""錢包"", ""客廳""]",,live,ok,,2
custom-story-1785235297869,我的錢包在哪裡？,True,5,medium,2,2,客廳,listening,客廳,客廳,living room,kètīng,N,"[""哥哥"", ""錢包"", ""客廳""]",,live,ok,,2
custom-story-1785235297869,我的錢包在哪裡？,True,5,medium,2,2,客廳,pinyin,客廳,kètīng,living room,kètīng,N,"[""gēge"", ""qiánbāo"", ""kètīng""]",,live,ok,,2
custom-story-1785235297869,我的錢包在哪裡？,True,5,medium,2,2,客廳,pos,客廳,N,living room,kètīng,N,[],,live,ok,,2
custom-story-1785235297869,我的錢包在哪裡？,True,5,hard,2,0,哥哥,translation,哥哥,older brother,older brother,gēge,N,"[""father"", ""uncle"", ""cousin"", ""male cousin"", ""stepbrother"", ""nephew""]",,live,ok,,2
custom-story-1785235297869,我的錢包在哪裡？,True,5,hard,2,0,哥哥,reverse,older brother,哥哥,older brother,gēge,N,"[""哥哥"", ""錢包"", ""客廳""]",,live,ok,,2
custom-story-1785235297869,我的錢包在哪裡？,True,5,hard,2,0,哥哥,listening,哥哥,哥哥,older brother,gēge,N,"[""哥哥"", ""錢包"", ""客廳""]",,live,ok,,2
custom-story-1785235297869,我的錢包在哪裡？,True,5,hard,2,0,哥哥,pinyin,哥哥,gēge,older brother,gēge,N,"[""gēge"", ""qiánbāo"", ""kètīng""]",,live,ok,,2
custom-story-1785235297869,我的錢包在哪裡？,True,5,hard,2,0,哥哥,pos,哥哥,N,older brother,gēge,N,[],,live,ok,,2
custom-story-1785235297869,我的錢包在哪裡？,True,5,hard,2,1,錢包,translation,錢包,wallet,wallet,qiánbāo,N,"[""checkbook"", ""credit card"", ""receipt""]",,live,ok,,2
custom-story-1785235297869,我的錢包在哪裡？,True,5,hard,2,1,錢包,reverse,wallet,錢包,wallet,qiánbāo,N,"[""哥哥"", ""錢包"", ""客廳""]",,live,ok,,2
custom-story-1785235297869,我的錢包在哪裡？,True,5,hard,2,1,錢包,listening,錢包,錢包,wallet,qiánbāo,N,"[""哥哥"", ""錢包"", ""客廳""]",,live,ok,,2
custom-story-1785235297869,我的錢包在哪裡？,True,5,hard,2,1,錢包,pinyin,錢包,qiánbāo,wallet,qiánbāo,N,"[""gēge"", ""qiánbāo"", ""kètīng""]",,live,ok,,2
custom-story-1785235297869,我的錢包在哪裡？,True,5,hard,2,1,錢包,pos,錢包,N,wallet,qiánbāo,N,[],,live,ok,,2
custom-story-1785235297869,我的錢包在哪裡？,True,5,hard,2,2,客廳,translation,客廳,living room,living room,kètīng,N,"[""garden"", ""park"", ""playground""]",,live,ok,,2
custom-story-1785235297869,我的錢包在哪裡？,True,5,hard,2,2,客廳,reverse,living room,客廳,living room,kètīng,N,"[""哥哥"", ""錢包"", ""客廳""]",,live,ok,,2
custom-story-1785235297869,我的錢包在哪裡？,True,5,hard,2,2,客廳,listening,客廳,客廳,living room,kètīng,N,"[""哥哥"", ""錢包"", ""客廳""]",,live,ok,,2
custom-story-1785235297869,我的錢包在哪裡？,True,5,hard,2,2,客廳,pinyin,客廳,kètīng,living room,kètīng,N,"[""gēge"", ""qiánbāo"", ""kètīng""]",,live,ok,,2
custom-story-1785235297869,我的錢包在哪裡？,True,5,hard,2,2,客廳,pos,客廳,N,living room,kètīng,N,[],,live,ok,,2
custom-story-1785235297869,我的錢包在哪裡？,True,5,easy,3,0,沙發,translation,沙發,sofa,sofa,shāfā,N,"[""recliner"", ""love seat"", ""futon"", ""daybed"", ""couchette""]",,live,ok,,2
custom-story-1785235297869,我的錢包在哪裡？,True,5,easy,3,0,沙發,reverse,sofa,沙發,sofa,shāfā,N,"[""沙發"", ""下面""]",,live,ok,,2
custom-story-1785235297869,我的錢包在哪裡？,True,5,easy,3,0,沙發,listening,沙發,沙發,sofa,shāfā,N,"[""沙發"", ""下面""]",,live,ok,,2
custom-story-1785235297869,我的錢包在哪裡？,True,5,easy,3,0,沙發,pinyin,沙發,shāfā,sofa,shāfā,N,"[""shāfā"", ""xiàmian""]",,live,ok,,2
custom-story-1785235297869,我的錢包在哪裡？,True,5,easy,3,0,沙發,pos,沙發,N,sofa,shāfā,N,[],,live,ok,,2
custom-story-1785235297869,我的錢包在哪裡？,True,5,easy,3,1,下面,translation,下面,underneath,underneath,xiàmian,Loc,"[""on the edge"", ""in the middle"", ""at the top"", ""within"", ""among"", ""amidst""]",,live,ok,,2
custom-story-1785235297869,我的錢包在哪裡？,True,5,easy,3,1,下面,reverse,underneath,下面,underneath,xiàmian,Loc,"[""沙發"", ""下面""]",,live,ok,,2
custom-story-1785235297869,我的錢包在哪裡？,True,5,easy,3,1,下面,listening,下面,下面,underneath,xiàmian,Loc,"[""沙發"", ""下面""]",,live,ok,,2
custom-story-1785235297869,我的錢包在哪裡？,True,5,easy,3,1,下面,pinyin,下面,xiàmian,underneath,xiàmian,Loc,"[""shāfā"", ""xiàmian""]",,live,ok,,2
custom-story-1785235297869,我的錢包在哪裡？,True,5,easy,3,1,下面,pos,下面,Loc,underneath,xiàmian,Loc,[],,live,ok,,2
custom-story-1785235297869,我的錢包在哪裡？,True,5,medium,3,0,沙發,translation,沙發,sofa,sofa,shāfā,N,"[""recliner"", ""love seat"", ""futon"", ""daybed"", ""couchette""]",,live,ok,,2
custom-story-1785235297869,我的錢包在哪裡？,True,5,medium,3,0,沙發,reverse,sofa,沙發,sofa,shāfā,N,"[""沙發"", ""下面""]",,live,ok,,2
custom-story-1785235297869,我的錢包在哪裡？,True,5,medium,3,0,沙發,listening,沙發,沙發,sofa,shāfā,N,"[""沙發"", ""下面""]",,live,ok,,2
custom-story-1785235297869,我的錢包在哪裡？,True,5,medium,3,0,沙發,pinyin,沙發,shāfā,sofa,shāfā,N,"[""shāfā"", ""xiàmian""]",,live,ok,,2
custom-story-1785235297869,我的錢包在哪裡？,True,5,medium,3,0,沙發,pos,沙發,N,sofa,shāfā,N,[],,live,ok,,2
custom-story-1785235297869,我的錢包在哪裡？,True,5,medium,3,1,下面,translation,下面,underneath,underneath,xiàmian,Loc,"[""on the edge"", ""in the middle"", ""at the top"", ""within"", ""among"", ""amidst""]",,live,ok,,2
custom-story-1785235297869,我的錢包在哪裡？,True,5,medium,3,1,下面,reverse,underneath,下面,underneath,xiàmian,Loc,"[""沙發"", ""下面""]",,live,ok,,2
custom-story-1785235297869,我的錢包在哪裡？,True,5,medium,3,1,下面,listening,下面,下面,underneath,xiàmian,Loc,"[""沙發"", ""下面""]",,live,ok,,2
custom-story-1785235297869,我的錢包在哪裡？,True,5,medium,3,1,下面,pinyin,下面,xiàmian,underneath,xiàmian,Loc,"[""shāfā"", ""xiàmian""]",,live,ok,,2
custom-story-1785235297869,我的錢包在哪裡？,True,5,medium,3,1,下面,pos,下面,Loc,underneath,xiàmian,Loc,[],,live,ok,,2
custom-story-1785235297869,我的錢包在哪裡？,True,5,hard,3,0,沙發,translation,沙發,sofa,sofa,shāfā,N,"[""recliner"", ""love seat"", ""futon"", ""daybed"", ""couchette""]",,live,ok,,2
custom-story-1785235297869,我的錢包在哪裡？,True,5,hard,3,0,沙發,reverse,sofa,沙發,sofa,shāfā,N,"[""沙發"", ""下面""]",,live,ok,,2
custom-story-1785235297869,我的錢包在哪裡？,True,5,hard,3,0,沙發,listening,沙發,沙發,sofa,shāfā,N,"[""沙發"", ""下面""]",,live,ok,,2
custom-story-1785235297869,我的錢包在哪裡？,True,5,hard,3,0,沙發,pinyin,沙發,shāfā,sofa,shāfā,N,"[""shāfā"", ""xiàmian""]",,live,ok,,2
custom-story-1785235297869,我的錢包在哪裡？,True,5,hard,3,0,沙發,pos,沙發,N,sofa,shāfā,N,[],,live,ok,,2
custom-story-1785235297869,我的錢包在哪裡？,True,5,hard,3,1,下面,translation,下面,underneath,underneath,xiàmian,Loc,"[""on the edge"", ""in the middle"", ""at the top"", ""within"", ""among"", ""amidst""]",,live,ok,,2
custom-story-1785235297869,我的錢包在哪裡？,True,5,hard,3,1,下面,reverse,underneath,下面,underneath,xiàmian,Loc,"[""沙發"", ""下面""]",,live,ok,,2
custom-story-1785235297869,我的錢包在哪裡？,True,5,hard,3,1,下面,listening,下面,下面,underneath,xiàmian,Loc,"[""沙發"", ""下面""]",,live,ok,,2
custom-story-1785235297869,我的錢包在哪裡？,True,5,hard,3,1,下面,pinyin,下面,xiàmian,underneath,xiàmian,Loc,"[""shāfā"", ""xiàmian""]",,live,ok,,2
custom-story-1785235297869,我的錢包在哪裡？,True,5,hard,3,1,下面,pos,下面,Loc,underneath,xiàmian,Loc,[],,live,ok,,2
custom-story-1785235297869,我的錢包在哪裡？,True,5,easy,4,0,沙發,translation,沙發,sofa,sofa,shāfā,N,"[""recliner"", ""love seat"", ""futon""]",,live,ok,,2
custom-story-1785235297869,我的錢包在哪裡？,True,5,easy,4,0,沙發,reverse,sofa,沙發,sofa,shāfā,N,"[""沙發"", ""上面"", ""下面"", ""旁邊"", ""媽"", ""幫"", ""好嗎""]",,live,ok,,2
custom-story-1785235297869,我的錢包在哪裡？,True,5,easy,4,0,沙發,listening,沙發,沙發,sofa,shāfā,N,"[""沙發"", ""上面"", ""下面"", ""旁邊"", ""媽"", ""幫"", ""好嗎""]",,live,ok,,2
custom-story-1785235297869,我的錢包在哪裡？,True,5,easy,4,0,沙發,pinyin,沙發,shāfā,sofa,shāfā,N,"[""shāfā"", ""shàngmiàn"", ""xiàmiàn"", ""pángbiān"", ""mā"", ""bāng"", ""hǎo ma""]",,live,ok,,2
custom-story-1785235297869,我的錢包在哪裡？,True,5,easy,4,0,沙發,pos,沙發,N,sofa,shāfā,N,[],,live,ok,,2
custom-story-1785235297869,我的錢包在哪裡？,True,5,easy,4,1,上面,translation,上面,on top,on top,shàngmiàn,Loc,"[""in front"", ""behind"", ""between"", ""against"", ""alongside"", ""adjacent to""]",,live,ok,,2
custom-story-1785235297869,我的錢包在哪裡？,True,5,easy,4,1,上面,reverse,on top,上面,on top,shàngmiàn,Loc,"[""沙發"", ""上面"", ""下面"", ""旁邊"", ""媽"", ""幫"", ""好嗎""]",,live,ok,,2
custom-story-1785235297869,我的錢包在哪裡？,True,5,easy,4,1,上面,listening,上面,上面,on top,shàngmiàn,Loc,"[""沙發"", ""上面"", ""下面"", ""旁邊"", ""媽"", ""幫"", ""好嗎""]",,live,ok,,2
custom-story-1785235297869,我的錢包在哪裡？,True,5,easy,4,1,上面,pinyin,上面,shàngmiàn,on top,shàngmiàn,Loc,"[""shāfā"", ""shàngmiàn"", ""xiàmiàn"", ""pángbiān"", ""mā"", ""bāng"", ""hǎo ma""]",,live,ok,,2
custom-story-1785235297869,我的錢包在哪裡？,True,5,easy,4,1,上面,pos,上面,Loc,on top,shàngmiàn,Loc,[],,live,ok,,2
custom-story-1785235297869,我的錢包在哪裡？,True,5,easy,4,2,下面,translation,下面,below,below,xiàmiàn,Loc,"[""on the edge"", ""in the middle"", ""at the top""]",,live,ok,,2
custom-story-1785235297869,我的錢包在哪裡？,True,5,easy,4,2,下面,reverse,below,下面,below,xiàmiàn,Loc,"[""沙發"", ""上面"", ""下面"", ""旁邊"", ""媽"", ""幫"", ""好嗎""]",,live,ok,,2
custom-story-1785235297869,我的錢包在哪裡？,True,5,easy,4,2,下面,listening,下面,下面,below,xiàmiàn,Loc,"[""沙發"", ""上面"", ""下面"", ""旁邊"", ""媽"", ""幫"", ""好嗎""]",,live,ok,,2
custom-story-1785235297869,我的錢包在哪裡？,True,5,easy,4,2,下面,pinyin,下面,xiàmiàn,below,xiàmiàn,Loc,"[""shāfā"", ""shàngmiàn"", ""xiàmiàn"", ""pángbiān"", ""mā"", ""bāng"", ""hǎo ma""]",,live,ok,,2
custom-story-1785235297869,我的錢包在哪裡？,True,5,easy,4,2,下面,pos,下面,Loc,below,xiàmiàn,Loc,[],,live,ok,,2
custom-story-1785235297869,我的錢包在哪裡？,True,5,easy,4,3,旁邊,translation,旁邊,beside,beside,pángbiān,Loc,"[""opposite"", ""diagonal"", ""adjacent"", ""across from"", ""facing"", ""in line with""]",,live,ok,,2
custom-story-1785235297869,我的錢包在哪裡？,True,5,easy,4,3,旁邊,reverse,beside,旁邊,beside,pángbiān,Loc,"[""沙發"", ""上面"", ""下面"", ""旁邊"", ""媽"", ""幫"", ""好嗎""]",,live,ok,,2
custom-story-1785235297869,我的錢包在哪裡？,True,5,easy,4,3,旁邊,listening,旁邊,旁邊,beside,pángbiān,Loc,"[""沙發"", ""上面"", ""下面"", ""旁邊"", ""媽"", ""幫"", ""好嗎""]",,live,ok,,2
custom-story-1785235297869,我的錢包在哪裡？,True,5,easy,4,3,旁邊,pinyin,旁邊,pángbiān,beside,pángbiān,Loc,"[""shāfā"", ""shàngmiàn"", ""xiàmiàn"", ""pángbiān"", ""mā"", ""bāng"", ""hǎo ma""]",,live,ok,,2
custom-story-1785235297869,我的錢包在哪裡？,True,5,easy,4,3,旁邊,pos,旁邊,Loc,beside,pángbiān,Loc,[],,live,ok,,2
custom-story-1785235297869,我的錢包在哪裡？,True,5,easy,4,4,媽,translation,媽,mom,mom,mā,N,"[""nanny"", ""governess"", ""housekeeper""]",,live,ok,,2
custom-story-1785235297869,我的錢包在哪裡？,True,5,easy,4,4,媽,reverse,mom,媽,mom,mā,N,"[""沙發"", ""上面"", ""下面"", ""旁邊"", ""媽"", ""幫"", ""好嗎""]",,live,ok,,2
custom-story-1785235297869,我的錢包在哪裡？,True,5,easy,4,4,媽,listening,媽,媽,mom,mā,N,"[""沙發"", ""上面"", ""下面"", ""旁邊"", ""媽"", ""幫"", ""好嗎""]",,live,ok,,2
custom-story-1785235297869,我的錢包在哪裡？,True,5,easy,4,4,媽,pinyin,媽,mā,mom,mā,N,"[""shāfā"", ""shàngmiàn"", ""xiàmiàn"", ""pángbiān"", ""mā"", ""bāng"", ""hǎo ma""]",,live,ok,,2
custom-story-1785235297869,我的錢包在哪裡？,True,5,easy,4,4,媽,pos,媽,N,mom,mā,N,[],,live,ok,,2
custom-story-1785235297869,我的錢包在哪裡？,True,5,easy,4,5,幫,translation,幫,help,help,bāng,V,"[""hinder"", ""obstruct"", ""delay"", ""support"", ""assist"", ""accompany""]",,live,ok,,2
custom-story-1785235297869,我的錢包在哪裡？,True,5,easy,4,5,幫,reverse,help,幫,help,bāng,V,"[""沙發"", ""上面"", ""下面"", ""旁邊"", ""媽"", ""幫"", ""好嗎""]",,live,ok,,2
custom-story-1785235297869,我的錢包在哪裡？,True,5,easy,4,5,幫,listening,幫,幫,help,bāng,V,"[""沙發"", ""上面"", ""下面"", ""旁邊"", ""媽"", ""幫"", ""好嗎""]",,live,ok,,2
custom-story-1785235297869,我的錢包在哪裡？,True,5,easy,4,5,幫,pinyin,幫,bāng,help,bāng,V,"[""shāfā"", ""shàngmiàn"", ""xiàmiàn"", ""pángbiān"", ""mā"", ""bāng"", ""hǎo ma""]",,live,ok,,2
custom-story-1785235297869,我的錢包在哪裡？,True,5,easy,4,5,幫,pos,幫,V,help,bāng,V,[],,live,ok,,2
custom-story-1785235297869,我的錢包在哪裡？,True,5,easy,4,6,好嗎,translation,好嗎,okay?,okay?,hǎo ma,Phrase,"[""yes"", ""no"", ""maybe"", ""is that alright"", ""are you sure"", ""does that work""]",,live,ok,,2
custom-story-1785235297869,我的錢包在哪裡？,True,5,easy,4,6,好嗎,reverse,okay?,好嗎,okay?,hǎo ma,Phrase,"[""沙發"", ""上面"", ""下面"", ""旁邊"", ""媽"", ""幫"", ""好嗎""]",,live,ok,,2
custom-story-1785235297869,我的錢包在哪裡？,True,5,easy,4,6,好嗎,listening,好嗎,好嗎,okay?,hǎo ma,Phrase,"[""沙發"", ""上面"", ""下面"", ""旁邊"", ""媽"", ""幫"", ""好嗎""]",,live,ok,,2
custom-story-1785235297869,我的錢包在哪裡？,True,5,easy,4,6,好嗎,pinyin,好嗎,hǎo ma,okay?,hǎo ma,Phrase,"[""shāfā"", ""shàngmiàn"", ""xiàmiàn"", ""pángbiān"", ""mā"", ""bāng"", ""hǎo ma""]",,live,ok,,2
custom-story-1785235297869,我的錢包在哪裡？,True,5,easy,4,6,好嗎,pos,好嗎,Phrase,okay?,hǎo ma,Phrase,[],,live,ok,,2
custom-story-1785235297869,我的錢包在哪裡？,True,5,medium,4,0,沙發,translation,沙發,sofa,sofa,shāfā,N,"[""recliner"", ""love seat"", ""futon""]",,live,ok,,2
custom-story-1785235297869,我的錢包在哪裡？,True,5,medium,4,0,沙發,reverse,sofa,沙發,sofa,shāfā,N,"[""沙發"", ""上面"", ""下面"", ""旁邊"", ""媽"", ""幫"", ""好嗎""]",,live,ok,,2
custom-story-1785235297869,我的錢包在哪裡？,True,5,medium,4,0,沙發,listening,沙發,沙發,sofa,shāfā,N,"[""沙發"", ""上面"", ""下面"", ""旁邊"", ""媽"", ""幫"", ""好嗎""]",,live,ok,,2
custom-story-1785235297869,我的錢包在哪裡？,True,5,medium,4,0,沙發,pinyin,沙發,shāfā,sofa,shāfā,N,"[""shāfā"", ""shàngmiàn"", ""xiàmiàn"", ""pángbiān"", ""mā"", ""bāng"", ""hǎo ma""]",,live,ok,,2
custom-story-1785235297869,我的錢包在哪裡？,True,5,medium,4,0,沙發,pos,沙發,N,sofa,shāfā,N,[],,live,ok,,2
custom-story-1785235297869,我的錢包在哪裡？,True,5,medium,4,1,上面,translation,上面,on top,on top,shàngmiàn,Loc,"[""in front"", ""behind"", ""between"", ""against"", ""alongside"", ""adjacent to""]",,live,ok,,2
custom-story-1785235297869,我的錢包在哪裡？,True,5,medium,4,1,上面,reverse,on top,上面,on top,shàngmiàn,Loc,"[""沙發"", ""上面"", ""下面"", ""旁邊"", ""媽"", ""幫"", ""好嗎""]",,live,ok,,2
custom-story-1785235297869,我的錢包在哪裡？,True,5,medium,4,1,上面,listening,上面,上面,on top,shàngmiàn,Loc,"[""沙發"", ""上面"", ""下面"", ""旁邊"", ""媽"", ""幫"", ""好嗎""]",,live,ok,,2
custom-story-1785235297869,我的錢包在哪裡？,True,5,medium,4,1,上面,pinyin,上面,shàngmiàn,on top,shàngmiàn,Loc,"[""shāfā"", ""shàngmiàn"", ""xiàmiàn"", ""pángbiān"", ""mā"", ""bāng"", ""hǎo ma""]",,live,ok,,2
custom-story-1785235297869,我的錢包在哪裡？,True,5,medium,4,1,上面,pos,上面,Loc,on top,shàngmiàn,Loc,[],,live,ok,,2
custom-story-1785235297869,我的錢包在哪裡？,True,5,medium,4,2,下面,translation,下面,below,below,xiàmiàn,Loc,"[""on the edge"", ""in the middle"", ""at the top""]",,live,ok,,2
custom-story-1785235297869,我的錢包在哪裡？,True,5,medium,4,2,下面,reverse,below,下面,below,xiàmiàn,Loc,"[""沙發"", ""上面"", ""下面"", ""旁邊"", ""媽"", ""幫"", ""好嗎""]",,live,ok,,2
custom-story-1785235297869,我的錢包在哪裡？,True,5,medium,4,2,下面,listening,下面,下面,below,xiàmiàn,Loc,"[""沙發"", ""上面"", ""下面"", ""旁邊"", ""媽"", ""幫"", ""好嗎""]",,live,ok,,2
custom-story-1785235297869,我的錢包在哪裡？,True,5,medium,4,2,下面,pinyin,下面,xiàmiàn,below,xiàmiàn,Loc,"[""shāfā"", ""shàngmiàn"", ""xiàmiàn"", ""pángbiān"", ""mā"", ""bāng"", ""hǎo ma""]",,live,ok,,2
custom-story-1785235297869,我的錢包在哪裡？,True,5,medium,4,2,下面,pos,下面,Loc,below,xiàmiàn,Loc,[],,live,ok,,2
custom-story-1785235297869,我的錢包在哪裡？,True,5,medium,4,3,旁邊,translation,旁邊,beside,beside,pángbiān,Loc,"[""opposite"", ""diagonal"", ""adjacent"", ""across from"", ""facing"", ""in line with""]",,live,ok,,2
custom-story-1785235297869,我的錢包在哪裡？,True,5,medium,4,3,旁邊,reverse,beside,旁邊,beside,pángbiān,Loc,"[""沙發"", ""上面"", ""下面"", ""旁邊"", ""媽"", ""幫"", ""好嗎""]",,live,ok,,2
custom-story-1785235297869,我的錢包在哪裡？,True,5,medium,4,3,旁邊,listening,旁邊,旁邊,beside,pángbiān,Loc,"[""沙發"", ""上面"", ""下面"", ""旁邊"", ""媽"", ""幫"", ""好嗎""]",,live,ok,,2
custom-story-1785235297869,我的錢包在哪裡？,True,5,medium,4,3,旁邊,pinyin,旁邊,pángbiān,beside,pángbiān,Loc,"[""shāfā"", ""shàngmiàn"", ""xiàmiàn"", ""pángbiān"", ""mā"", ""bāng"", ""hǎo ma""]",,live,ok,,2
custom-story-1785235297869,我的錢包在哪裡？,True,5,medium,4,3,旁邊,pos,旁邊,Loc,beside,pángbiān,Loc,[],,live,ok,,2
custom-story-1785235297869,我的錢包在哪裡？,True,5,medium,4,4,媽,translation,媽,mom,mom,mā,N,"[""nanny"", ""governess"", ""housekeeper""]",,live,ok,,2
custom-story-1785235297869,我的錢包在哪裡？,True,5,medium,4,4,媽,reverse,mom,媽,mom,mā,N,"[""沙發"", ""上面"", ""下面"", ""旁邊"", ""媽"", ""幫"", ""好嗎""]",,live,ok,,2
custom-story-1785235297869,我的錢包在哪裡？,True,5,medium,4,4,媽,listening,媽,媽,mom,mā,N,"[""沙發"", ""上面"", ""下面"", ""旁邊"", ""媽"", ""幫"", ""好嗎""]",,live,ok,,2
custom-story-1785235297869,我的錢包在哪裡？,True,5,medium,4,4,媽,pinyin,媽,mā,mom,mā,N,"[""shāfā"", ""shàngmiàn"", ""xiàmiàn"", ""pángbiān"", ""mā"", ""bāng"", ""hǎo ma""]",,live,ok,,2
custom-story-1785235297869,我的錢包在哪裡？,True,5,medium,4,4,媽,pos,媽,N,mom,mā,N,[],,live,ok,,2
custom-story-1785235297869,我的錢包在哪裡？,True,5,medium,4,5,幫,translation,幫,help,help,bāng,V,"[""hinder"", ""obstruct"", ""delay"", ""support"", ""assist"", ""accompany""]",,live,ok,,2
custom-story-1785235297869,我的錢包在哪裡？,True,5,medium,4,5,幫,reverse,help,幫,help,bāng,V,"[""沙發"", ""上面"", ""下面"", ""旁邊"", ""媽"", ""幫"", ""好嗎""]",,live,ok,,2
custom-story-1785235297869,我的錢包在哪裡？,True,5,medium,4,5,幫,listening,幫,幫,help,bāng,V,"[""沙發"", ""上面"", ""下面"", ""旁邊"", ""媽"", ""幫"", ""好嗎""]",,live,ok,,2
custom-story-1785235297869,我的錢包在哪裡？,True,5,medium,4,5,幫,pinyin,幫,bāng,help,bāng,V,"[""shāfā"", ""shàngmiàn"", ""xiàmiàn"", ""pángbiān"", ""mā"", ""bāng"", ""hǎo ma""]",,live,ok,,2
custom-story-1785235297869,我的錢包在哪裡？,True,5,medium,4,5,幫,pos,幫,V,help,bāng,V,[],,live,ok,,2
custom-story-1785235297869,我的錢包在哪裡？,True,5,medium,4,6,好嗎,translation,好嗎,okay?,okay?,hǎo ma,Phrase,"[""yes"", ""no"", ""maybe"", ""is that alright"", ""are you sure"", ""does that work""]",,live,ok,,2
custom-story-1785235297869,我的錢包在哪裡？,True,5,medium,4,6,好嗎,reverse,okay?,好嗎,okay?,hǎo ma,Phrase,"[""沙發"", ""上面"", ""下面"", ""旁邊"", ""媽"", ""幫"", ""好嗎""]",,live,ok,,2
custom-story-1785235297869,我的錢包在哪裡？,True,5,medium,4,6,好嗎,listening,好嗎,好嗎,okay?,hǎo ma,Phrase,"[""沙發"", ""上面"", ""下面"", ""旁邊"", ""媽"", ""幫"", ""好嗎""]",,live,ok,,2
custom-story-1785235297869,我的錢包在哪裡？,True,5,medium,4,6,好嗎,pinyin,好嗎,hǎo ma,okay?,hǎo ma,Phrase,"[""shāfā"", ""shàngmiàn"", ""xiàmiàn"", ""pángbiān"", ""mā"", ""bāng"", ""hǎo ma""]",,live,ok,,2
custom-story-1785235297869,我的錢包在哪裡？,True,5,medium,4,6,好嗎,pos,好嗎,Phrase,okay?,hǎo ma,Phrase,[],,live,ok,,2
custom-story-1785235297869,我的錢包在哪裡？,True,5,hard,4,0,沙發,translation,沙發,sofa,sofa,shāfā,N,"[""recliner"", ""love seat"", ""futon""]",,live,ok,,2
custom-story-1785235297869,我的錢包在哪裡？,True,5,hard,4,0,沙發,reverse,sofa,沙發,sofa,shāfā,N,"[""沙發"", ""上面"", ""下面"", ""旁邊"", ""媽"", ""幫"", ""好嗎""]",,live,ok,,2
custom-story-1785235297869,我的錢包在哪裡？,True,5,hard,4,0,沙發,listening,沙發,沙發,sofa,shāfā,N,"[""沙發"", ""上面"", ""下面"", ""旁邊"", ""媽"", ""幫"", ""好嗎""]",,live,ok,,2
custom-story-1785235297869,我的錢包在哪裡？,True,5,hard,4,0,沙發,pinyin,沙發,shāfā,sofa,shāfā,N,"[""shāfā"", ""shàngmiàn"", ""xiàmiàn"", ""pángbiān"", ""mā"", ""bāng"", ""hǎo ma""]",,live,ok,,2
custom-story-1785235297869,我的錢包在哪裡？,True,5,hard,4,0,沙發,pos,沙發,N,sofa,shāfā,N,[],,live,ok,,2
custom-story-1785235297869,我的錢包在哪裡？,True,5,hard,4,1,上面,translation,上面,on top,on top,shàngmiàn,Loc,"[""in front"", ""behind"", ""between"", ""against"", ""alongside"", ""adjacent to""]",,live,ok,,2
custom-story-1785235297869,我的錢包在哪裡？,True,5,hard,4,1,上面,reverse,on top,上面,on top,shàngmiàn,Loc,"[""沙發"", ""上面"", ""下面"", ""旁邊"", ""媽"", ""幫"", ""好嗎""]",,live,ok,,2
custom-story-1785235297869,我的錢包在哪裡？,True,5,hard,4,1,上面,listening,上面,上面,on top,shàngmiàn,Loc,"[""沙發"", ""上面"", ""下面"", ""旁邊"", ""媽"", ""幫"", ""好嗎""]",,live,ok,,2
custom-story-1785235297869,我的錢包在哪裡？,True,5,hard,4,1,上面,pinyin,上面,shàngmiàn,on top,shàngmiàn,Loc,"[""shāfā"", ""shàngmiàn"", ""xiàmiàn"", ""pángbiān"", ""mā"", ""bāng"", ""hǎo ma""]",,live,ok,,2
custom-story-1785235297869,我的錢包在哪裡？,True,5,hard,4,1,上面,pos,上面,Loc,on top,shàngmiàn,Loc,[],,live,ok,,2
custom-story-1785235297869,我的錢包在哪裡？,True,5,hard,4,2,下面,translation,下面,below,below,xiàmiàn,Loc,"[""on the edge"", ""in the middle"", ""at the top""]",,live,ok,,2
custom-story-1785235297869,我的錢包在哪裡？,True,5,hard,4,2,下面,reverse,below,下面,below,xiàmiàn,Loc,"[""沙發"", ""上面"", ""下面"", ""旁邊"", ""媽"", ""幫"", ""好嗎""]",,live,ok,,2
custom-story-1785235297869,我的錢包在哪裡？,True,5,hard,4,2,下面,listening,下面,下面,below,xiàmiàn,Loc,"[""沙發"", ""上面"", ""下面"", ""旁邊"", ""媽"", ""幫"", ""好嗎""]",,live,ok,,2
custom-story-1785235297869,我的錢包在哪裡？,True,5,hard,4,2,下面,pinyin,下面,xiàmiàn,below,xiàmiàn,Loc,"[""shāfā"", ""shàngmiàn"", ""xiàmiàn"", ""pángbiān"", ""mā"", ""bāng"", ""hǎo ma""]",,live,ok,,2
custom-story-1785235297869,我的錢包在哪裡？,True,5,hard,4,2,下面,pos,下面,Loc,below,xiàmiàn,Loc,[],,live,ok,,2
custom-story-1785235297869,我的錢包在哪裡？,True,5,hard,4,3,旁邊,translation,旁邊,beside,beside,pángbiān,Loc,"[""opposite"", ""diagonal"", ""adjacent"", ""across from"", ""facing"", ""in line with""]",,live,ok,,2
custom-story-1785235297869,我的錢包在哪裡？,True,5,hard,4,3,旁邊,reverse,beside,旁邊,beside,pángbiān,Loc,"[""沙發"", ""上面"", ""下面"", ""旁邊"", ""媽"", ""幫"", ""好嗎""]",,live,ok,,2
custom-story-1785235297869,我的錢包在哪裡？,True,5,hard,4,3,旁邊,listening,旁邊,旁邊,beside,pángbiān,Loc,"[""沙發"", ""上面"", ""下面"", ""旁邊"", ""媽"", ""幫"", ""好嗎""]",,live,ok,,2
custom-story-1785235297869,我的錢包在哪裡？,True,5,hard,4,3,旁邊,pinyin,旁邊,pángbiān,beside,pángbiān,Loc,"[""shāfā"", ""shàngmiàn"", ""xiàmiàn"", ""pángbiān"", ""mā"", ""bāng"", ""hǎo ma""]",,live,ok,,2
custom-story-1785235297869,我的錢包在哪裡？,True,5,hard,4,3,旁邊,pos,旁邊,Loc,beside,pángbiān,Loc,[],,live,ok,,2
custom-story-1785235297869,我的錢包在哪裡？,True,5,hard,4,4,媽,translation,媽,mom,mom,mā,N,"[""nanny"", ""governess"", ""housekeeper""]",,live,ok,,2
custom-story-1785235297869,我的錢包在哪裡？,True,5,hard,4,4,媽,reverse,mom,媽,mom,mā,N,"[""沙發"", ""上面"", ""下面"", ""旁邊"", ""媽"", ""幫"", ""好嗎""]",,live,ok,,2
custom-story-1785235297869,我的錢包在哪裡？,True,5,hard,4,4,媽,listening,媽,媽,mom,mā,N,"[""沙發"", ""上面"", ""下面"", ""旁邊"", ""媽"", ""幫"", ""好嗎""]",,live,ok,,2
custom-story-1785235297869,我的錢包在哪裡？,True,5,hard,4,4,媽,pinyin,媽,mā,mom,mā,N,"[""shāfā"", ""shàngmiàn"", ""xiàmiàn"", ""pángbiān"", ""mā"", ""bāng"", ""hǎo ma""]",,live,ok,,2
custom-story-1785235297869,我的錢包在哪裡？,True,5,hard,4,4,媽,pos,媽,N,mom,mā,N,[],,live,ok,,2
custom-story-1785235297869,我的錢包在哪裡？,True,5,hard,4,5,幫,translation,幫,help,help,bāng,V,"[""hinder"", ""obstruct"", ""delay"", ""support"", ""assist"", ""accompany""]",,live,ok,,2
custom-story-1785235297869,我的錢包在哪裡？,True,5,hard,4,5,幫,reverse,help,幫,help,bāng,V,"[""沙發"", ""上面"", ""下面"", ""旁邊"", ""媽"", ""幫"", ""好嗎""]",,live,ok,,2
custom-story-1785235297869,我的錢包在哪裡？,True,5,hard,4,5,幫,listening,幫,幫,help,bāng,V,"[""沙發"", ""上面"", ""下面"", ""旁邊"", ""媽"", ""幫"", ""好嗎""]",,live,ok,,2
custom-story-1785235297869,我的錢包在哪裡？,True,5,hard,4,5,幫,pinyin,幫,bāng,help,bāng,V,"[""shāfā"", ""shàngmiàn"", ""xiàmiàn"", ""pángbiān"", ""mā"", ""bāng"", ""hǎo ma""]",,live,ok,,2
custom-story-1785235297869,我的錢包在哪裡？,True,5,hard,4,5,幫,pos,幫,V,help,bāng,V,[],,live,ok,,2
custom-story-1785235297869,我的錢包在哪裡？,True,5,hard,4,6,好嗎,translation,好嗎,okay?,okay?,hǎo ma,Phrase,"[""yes"", ""no"", ""maybe"", ""is that alright"", ""are you sure"", ""does that work""]",,live,ok,,2
custom-story-1785235297869,我的錢包在哪裡？,True,5,hard,4,6,好嗎,reverse,okay?,好嗎,okay?,hǎo ma,Phrase,"[""沙發"", ""上面"", ""下面"", ""旁邊"", ""媽"", ""幫"", ""好嗎""]",,live,ok,,2
custom-story-1785235297869,我的錢包在哪裡？,True,5,hard,4,6,好嗎,listening,好嗎,好嗎,okay?,hǎo ma,Phrase,"[""沙發"", ""上面"", ""下面"", ""旁邊"", ""媽"", ""幫"", ""好嗎""]",,live,ok,,2
custom-story-1785235297869,我的錢包在哪裡？,True,5,hard,4,6,好嗎,pinyin,好嗎,hǎo ma,okay?,hǎo ma,Phrase,"[""shāfā"", ""shàngmiàn"", ""xiàmiàn"", ""pángbiān"", ""mā"", ""bāng"", ""hǎo ma""]",,live,ok,,2
custom-story-1785235297869,我的錢包在哪裡？,True,5,hard,4,6,好嗎,pos,好嗎,Phrase,okay?,hǎo ma,Phrase,[],,live,ok,,2
custom-story-1785235297869,我的錢包在哪裡？,True,5,easy,5,0,忙,translation,忙,busy,busy,máng,Adj,"[""tired"", ""relaxed"", ""excited"", ""stressed"", ""preoccupied""]",,live,ok,,2
custom-story-1785235297869,我的錢包在哪裡？,True,5,easy,5,0,忙,reverse,busy,忙,busy,máng,Adj,"[""忙"", ""廚房"", ""做飯"", ""房間""]",,live,ok,,2
custom-story-1785235297869,我的錢包在哪裡？,True,5,easy,5,0,忙,listening,忙,忙,busy,máng,Adj,"[""忙"", ""廚房"", ""做飯"", ""房間""]",,live,ok,,2
custom-story-1785235297869,我的錢包在哪裡？,True,5,easy,5,0,忙,pinyin,忙,máng,busy,máng,Adj,"[""máng"", ""chúfáng"", ""zuò fàn"", ""fángjiān""]",,live,ok,,2
custom-story-1785235297869,我的錢包在哪裡？,True,5,easy,5,0,忙,pos,忙,Adj,busy,máng,Adj,[],,live,ok,,2
custom-story-1785235297869,我的錢包在哪裡？,True,5,easy,5,1,廚房,translation,廚房,kitchen,kitchen,chúfáng,N,"[""pantry"", ""laundry"", ""bathroom"", ""dining area"", ""break room""]",,live,ok,,2
custom-story-1785235297869,我的錢包在哪裡？,True,5,easy,5,1,廚房,reverse,kitchen,廚房,kitchen,chúfáng,N,"[""忙"", ""廚房"", ""做飯"", ""房間""]",,live,ok,,2
custom-story-1785235297869,我的錢包在哪裡？,True,5,easy,5,1,廚房,listening,廚房,廚房,kitchen,chúfáng,N,"[""忙"", ""廚房"", ""做飯"", ""房間""]",,live,ok,,2
custom-story-1785235297869,我的錢包在哪裡？,True,5,easy,5,1,廚房,pinyin,廚房,chúfáng,kitchen,chúfáng,N,"[""máng"", ""chúfáng"", ""zuò fàn"", ""fángjiān""]",,live,ok,,2
custom-story-1785235297869,我的錢包在哪裡？,True,5,easy,5,1,廚房,pos,廚房,N,kitchen,chúfáng,N,[],,live,ok,,2
custom-story-1785235297869,我的錢包在哪裡？,True,5,easy,5,2,做飯,translation,做飯,cook meal,cook meal,zuò fàn,V,"[""bake cake"", ""make tea"", ""grill meat"", ""bake"", ""grill"", ""barbecue""]",,live,ok,,2
custom-story-1785235297869,我的錢包在哪裡？,True,5,easy,5,2,做飯,reverse,cook meal,做飯,cook meal,zuò fàn,V,"[""忙"", ""廚房"", ""做飯"", ""房間""]",,live,ok,,2
custom-story-1785235297869,我的錢包在哪裡？,True,5,easy,5,2,做飯,listening,做飯,做飯,cook meal,zuò fàn,V,"[""忙"", ""廚房"", ""做飯"", ""房間""]",,live,ok,,2
custom-story-1785235297869,我的錢包在哪裡？,True,5,easy,5,2,做飯,pinyin,做飯,zuò fàn,cook meal,zuò fàn,V,"[""máng"", ""chúfáng"", ""zuò fàn"", ""fángjiān""]",,live,ok,,2
custom-story-1785235297869,我的錢包在哪裡？,True,5,easy,5,2,做飯,pos,做飯,V,cook meal,zuò fàn,V,[],,live,ok,,2
custom-story-1785235297869,我的錢包在哪裡？,True,5,easy,5,3,房間,translation,房間,room,room,fángjiān,N,"[""corridor"", ""stairway"", ""elevator""]",,live,ok,,2
custom-story-1785235297869,我的錢包在哪裡？,True,5,easy,5,3,房間,reverse,room,房間,room,fángjiān,N,"[""忙"", ""廚房"", ""做飯"", ""房間""]",,live,ok,,2
custom-story-1785235297869,我的錢包在哪裡？,True,5,easy,5,3,房間,listening,房間,房間,room,fángjiān,N,"[""忙"", ""廚房"", ""做飯"", ""房間""]",,live,ok,,2
custom-story-1785235297869,我的錢包在哪裡？,True,5,easy,5,3,房間,pinyin,房間,fángjiān,room,fángjiān,N,"[""máng"", ""chúfáng"", ""zuò fàn"", ""fángjiān""]",,live,ok,,2
custom-story-1785235297869,我的錢包在哪裡？,True,5,easy,5,3,房間,pos,房間,N,room,fángjiān,N,[],,live,ok,,2
custom-story-1785235297869,我的錢包在哪裡？,True,5,medium,5,0,忙,translation,忙,busy,busy,máng,Adj,"[""tired"", ""relaxed"", ""excited"", ""stressed"", ""preoccupied""]",,live,ok,,2
custom-story-1785235297869,我的錢包在哪裡？,True,5,medium,5,0,忙,reverse,busy,忙,busy,máng,Adj,"[""忙"", ""廚房"", ""做飯"", ""房間""]",,live,ok,,2
custom-story-1785235297869,我的錢包在哪裡？,True,5,medium,5,0,忙,listening,忙,忙,busy,máng,Adj,"[""忙"", ""廚房"", ""做飯"", ""房間""]",,live,ok,,2
custom-story-1785235297869,我的錢包在哪裡？,True,5,medium,5,0,忙,pinyin,忙,máng,busy,máng,Adj,"[""máng"", ""chúfáng"", ""zuò fàn"", ""fángjiān""]",,live,ok,,2
custom-story-1785235297869,我的錢包在哪裡？,True,5,medium,5,0,忙,pos,忙,Adj,busy,máng,Adj,[],,live,ok,,2
custom-story-1785235297869,我的錢包在哪裡？,True,5,medium,5,1,廚房,translation,廚房,kitchen,kitchen,chúfáng,N,"[""pantry"", ""laundry"", ""bathroom"", ""dining area"", ""break room""]",,live,ok,,2
custom-story-1785235297869,我的錢包在哪裡？,True,5,medium,5,1,廚房,reverse,kitchen,廚房,kitchen,chúfáng,N,"[""忙"", ""廚房"", ""做飯"", ""房間""]",,live,ok,,2
custom-story-1785235297869,我的錢包在哪裡？,True,5,medium,5,1,廚房,listening,廚房,廚房,kitchen,chúfáng,N,"[""忙"", ""廚房"", ""做飯"", ""房間""]",,live,ok,,2
custom-story-1785235297869,我的錢包在哪裡？,True,5,medium,5,1,廚房,pinyin,廚房,chúfáng,kitchen,chúfáng,N,"[""máng"", ""chúfáng"", ""zuò fàn"", ""fángjiān""]",,live,ok,,2
custom-story-1785235297869,我的錢包在哪裡？,True,5,medium,5,1,廚房,pos,廚房,N,kitchen,chúfáng,N,[],,live,ok,,2
custom-story-1785235297869,我的錢包在哪裡？,True,5,medium,5,2,做飯,translation,做飯,cook meal,cook meal,zuò fàn,V,"[""bake cake"", ""make tea"", ""grill meat"", ""bake"", ""grill"", ""barbecue""]",,live,ok,,2
custom-story-1785235297869,我的錢包在哪裡？,True,5,medium,5,2,做飯,reverse,cook meal,做飯,cook meal,zuò fàn,V,"[""忙"", ""廚房"", ""做飯"", ""房間""]",,live,ok,,2
custom-story-1785235297869,我的錢包在哪裡？,True,5,medium,5,2,做飯,listening,做飯,做飯,cook meal,zuò fàn,V,"[""忙"", ""廚房"", ""做飯"", ""房間""]",,live,ok,,2
custom-story-1785235297869,我的錢包在哪裡？,True,5,medium,5,2,做飯,pinyin,做飯,zuò fàn,cook meal,zuò fàn,V,"[""máng"", ""chúfáng"", ""zuò fàn"", ""fángjiān""]",,live,ok,,2
custom-story-1785235297869,我的錢包在哪裡？,True,5,medium,5,2,做飯,pos,做飯,V,cook meal,zuò fàn,V,[],,live,ok,,2
custom-story-1785235297869,我的錢包在哪裡？,True,5,medium,5,3,房間,translation,房間,room,room,fángjiān,N,"[""corridor"", ""stairway"", ""elevator""]",,live,ok,,2
custom-story-1785235297869,我的錢包在哪裡？,True,5,medium,5,3,房間,reverse,room,房間,room,fángjiān,N,"[""忙"", ""廚房"", ""做飯"", ""房間""]",,live,ok,,2
custom-story-1785235297869,我的錢包在哪裡？,True,5,medium,5,3,房間,listening,房間,房間,room,fángjiān,N,"[""忙"", ""廚房"", ""做飯"", ""房間""]",,live,ok,,2
custom-story-1785235297869,我的錢包在哪裡？,True,5,medium,5,3,房間,pinyin,房間,fángjiān,room,fángjiān,N,"[""máng"", ""chúfáng"", ""zuò fàn"", ""fángjiān""]",,live,ok,,2
custom-story-1785235297869,我的錢包在哪裡？,True,5,medium,5,3,房間,pos,房間,N,room,fángjiān,N,[],,live,ok,,2
custom-story-1785235297869,我的錢包在哪裡？,True,5,hard,5,0,忙,translation,忙,busy,busy,máng,Adj,"[""tired"", ""relaxed"", ""excited"", ""stressed"", ""preoccupied""]",,live,ok,,2
custom-story-1785235297869,我的錢包在哪裡？,True,5,hard,5,0,忙,reverse,busy,忙,busy,máng,Adj,"[""忙"", ""廚房"", ""做飯"", ""房間""]",,live,ok,,2
custom-story-1785235297869,我的錢包在哪裡？,True,5,hard,5,0,忙,listening,忙,忙,busy,máng,Adj,"[""忙"", ""廚房"", ""做飯"", ""房間""]",,live,ok,,2
custom-story-1785235297869,我的錢包在哪裡？,True,5,hard,5,0,忙,pinyin,忙,máng,busy,máng,Adj,"[""máng"", ""chúfáng"", ""zuò fàn"", ""fángjiān""]",,live,ok,,2
custom-story-1785235297869,我的錢包在哪裡？,True,5,hard,5,0,忙,pos,忙,Adj,busy,máng,Adj,[],,live,ok,,2
custom-story-1785235297869,我的錢包在哪裡？,True,5,hard,5,1,廚房,translation,廚房,kitchen,kitchen,chúfáng,N,"[""pantry"", ""laundry"", ""bathroom"", ""dining area"", ""break room""]",,live,ok,,2
custom-story-1785235297869,我的錢包在哪裡？,True,5,hard,5,1,廚房,reverse,kitchen,廚房,kitchen,chúfáng,N,"[""忙"", ""廚房"", ""做飯"", ""房間""]",,live,ok,,2
custom-story-1785235297869,我的錢包在哪裡？,True,5,hard,5,1,廚房,listening,廚房,廚房,kitchen,chúfáng,N,"[""忙"", ""廚房"", ""做飯"", ""房間""]",,live,ok,,2
custom-story-1785235297869,我的錢包在哪裡？,True,5,hard,5,1,廚房,pinyin,廚房,chúfáng,kitchen,chúfáng,N,"[""máng"", ""chúfáng"", ""zuò fàn"", ""fángjiān""]",,live,ok,,2
custom-story-1785235297869,我的錢包在哪裡？,True,5,hard,5,1,廚房,pos,廚房,N,kitchen,chúfáng,N,[],,live,ok,,2
custom-story-1785235297869,我的錢包在哪裡？,True,5,hard,5,2,做飯,translation,做飯,cook meal,cook meal,zuò fàn,V,"[""bake cake"", ""make tea"", ""grill meat"", ""bake"", ""grill"", ""barbecue""]",,live,ok,,2
custom-story-1785235297869,我的錢包在哪裡？,True,5,hard,5,2,做飯,reverse,cook meal,做飯,cook meal,zuò fàn,V,"[""忙"", ""廚房"", ""做飯"", ""房間""]",,live,ok,,2
custom-story-1785235297869,我的錢包在哪裡？,True,5,hard,5,2,做飯,listening,做飯,做飯,cook meal,zuò fàn,V,"[""忙"", ""廚房"", ""做飯"", ""房間""]",,live,ok,,2
custom-story-1785235297869,我的錢包在哪裡？,True,5,hard,5,2,做飯,pinyin,做飯,zuò fàn,cook meal,zuò fàn,V,"[""máng"", ""chúfáng"", ""zuò fàn"", ""fángjiān""]",,live,ok,,2
custom-story-1785235297869,我的錢包在哪裡？,True,5,hard,5,2,做飯,pos,做飯,V,cook meal,zuò fàn,V,[],,live,ok,,2
custom-story-1785235297869,我的錢包在哪裡？,True,5,hard,5,3,房間,translation,房間,room,room,fángjiān,N,"[""corridor"", ""stairway"", ""elevator""]",,live,ok,,2
custom-story-1785235297869,我的錢包在哪裡？,True,5,hard,5,3,房間,reverse,room,房間,room,fángjiān,N,"[""忙"", ""廚房"", ""做飯"", ""房間""]",,live,ok,,2
custom-story-1785235297869,我的錢包在哪裡？,True,5,hard,5,3,房間,listening,房間,房間,room,fángjiān,N,"[""忙"", ""廚房"", ""做飯"", ""房間""]",,live,ok,,2
custom-story-1785235297869,我的錢包在哪裡？,True,5,hard,5,3,房間,pinyin,房間,fángjiān,room,fángjiān,N,"[""máng"", ""chúfáng"", ""zuò fàn"", ""fángjiān""]",,live,ok,,2
custom-story-1785235297869,我的錢包在哪裡？,True,5,hard,5,3,房間,pos,房間,N,room,fángjiān,N,[],,live,ok,,2
custom-story-1785235297869,我的錢包在哪裡？,True,5,easy,6,0,錢包,translation,錢包,wallet,wallet,qiánbāo,N,"[""checkbook"", ""credit card"", ""receipt""]",,live,ok,,2
custom-story-1785235297869,我的錢包在哪裡？,True,5,easy,6,0,錢包,reverse,wallet,錢包,wallet,qiánbāo,N,"[""錢包"", ""書"", ""下面""]",,live,ok,,2
custom-story-1785235297869,我的錢包在哪裡？,True,5,easy,6,0,錢包,listening,錢包,錢包,wallet,qiánbāo,N,"[""錢包"", ""書"", ""下面""]",,live,ok,,2
custom-story-1785235297869,我的錢包在哪裡？,True,5,easy,6,0,錢包,pinyin,錢包,qiánbāo,wallet,qiánbāo,N,"[""qiánbāo"", ""shū"", ""xiàmian""]",,live,ok,,2
custom-story-1785235297869,我的錢包在哪裡？,True,5,easy,6,0,錢包,pos,錢包,N,wallet,qiánbāo,N,[],,live,ok,,2
custom-story-1785235297869,我的錢包在哪裡？,True,5,easy,6,1,書,translation,書,book,book,shū,N,"[""magazine"", ""newspaper"", ""pamphlet"", ""manual"", ""guide"", ""textbook""]",,live,ok,,2
custom-story-1785235297869,我的錢包在哪裡？,True,5,easy,6,1,書,reverse,book,書,book,shū,N,"[""錢包"", ""書"", ""下面""]",,live,ok,,2
custom-story-1785235297869,我的錢包在哪裡？,True,5,easy,6,1,書,listening,書,書,book,shū,N,"[""錢包"", ""書"", ""下面""]",,live,ok,,2
custom-story-1785235297869,我的錢包在哪裡？,True,5,easy,6,1,書,pinyin,書,shū,book,shū,N,"[""qiánbāo"", ""shū"", ""xiàmian""]",,live,ok,,2
custom-story-1785235297869,我的錢包在哪裡？,True,5,easy,6,1,書,pos,書,N,book,shū,N,[],,live,ok,,2
custom-story-1785235297869,我的錢包在哪裡？,True,5,easy,6,2,下面,translation,下面,underneath,underneath,xiàmian,Loc,"[""on the edge"", ""in the middle"", ""at the top""]",,live,ok,,2
custom-story-1785235297869,我的錢包在哪裡？,True,5,easy,6,2,下面,reverse,underneath,下面,underneath,xiàmian,Loc,"[""錢包"", ""書"", ""下面""]",,live,ok,,2
custom-story-1785235297869,我的錢包在哪裡？,True,5,easy,6,2,下面,listening,下面,下面,underneath,xiàmian,Loc,"[""錢包"", ""書"", ""下面""]",,live,ok,,2
custom-story-1785235297869,我的錢包在哪裡？,True,5,easy,6,2,下面,pinyin,下面,xiàmian,underneath,xiàmian,Loc,"[""qiánbāo"", ""shū"", ""xiàmian""]",,live,ok,,2
custom-story-1785235297869,我的錢包在哪裡？,True,5,easy,6,2,下面,pos,下面,Loc,underneath,xiàmian,Loc,[],,live,ok,,2
custom-story-1785235297869,我的錢包在哪裡？,True,5,medium,6,0,錢包,translation,錢包,wallet,wallet,qiánbāo,N,"[""checkbook"", ""credit card"", ""receipt""]",,live,ok,,2
custom-story-1785235297869,我的錢包在哪裡？,True,5,medium,6,0,錢包,reverse,wallet,錢包,wallet,qiánbāo,N,"[""錢包"", ""書"", ""下面""]",,live,ok,,2
custom-story-1785235297869,我的錢包在哪裡？,True,5,medium,6,0,錢包,listening,錢包,錢包,wallet,qiánbāo,N,"[""錢包"", ""書"", ""下面""]",,live,ok,,2
custom-story-1785235297869,我的錢包在哪裡？,True,5,medium,6,0,錢包,pinyin,錢包,qiánbāo,wallet,qiánbāo,N,"[""qiánbāo"", ""shū"", ""xiàmian""]",,live,ok,,2
custom-story-1785235297869,我的錢包在哪裡？,True,5,medium,6,0,錢包,pos,錢包,N,wallet,qiánbāo,N,[],,live,ok,,2
custom-story-1785235297869,我的錢包在哪裡？,True,5,medium,6,1,書,translation,書,book,book,shū,N,"[""magazine"", ""newspaper"", ""pamphlet"", ""manual"", ""guide"", ""textbook""]",,live,ok,,2
custom-story-1785235297869,我的錢包在哪裡？,True,5,medium,6,1,書,reverse,book,書,book,shū,N,"[""錢包"", ""書"", ""下面""]",,live,ok,,2
custom-story-1785235297869,我的錢包在哪裡？,True,5,medium,6,1,書,listening,書,書,book,shū,N,"[""錢包"", ""書"", ""下面""]",,live,ok,,2
custom-story-1785235297869,我的錢包在哪裡？,True,5,medium,6,1,書,pinyin,書,shū,book,shū,N,"[""qiánbāo"", ""shū"", ""xiàmian""]",,live,ok,,2
custom-story-1785235297869,我的錢包在哪裡？,True,5,medium,6,1,書,pos,書,N,book,shū,N,[],,live,ok,,2
custom-story-1785235297869,我的錢包在哪裡？,True,5,medium,6,2,下面,translation,下面,underneath,underneath,xiàmian,Loc,"[""on the edge"", ""in the middle"", ""at the top""]",,live,ok,,2
custom-story-1785235297869,我的錢包在哪裡？,True,5,medium,6,2,下面,reverse,underneath,下面,underneath,xiàmian,Loc,"[""錢包"", ""書"", ""下面""]",,live,ok,,2
custom-story-1785235297869,我的錢包在哪裡？,True,5,medium,6,2,下面,listening,下面,下面,underneath,xiàmian,Loc,"[""錢包"", ""書"", ""下面""]",,live,ok,,2
custom-story-1785235297869,我的錢包在哪裡？,True,5,medium,6,2,下面,pinyin,下面,xiàmian,underneath,xiàmian,Loc,"[""qiánbāo"", ""shū"", ""xiàmian""]",,live,ok,,2
custom-story-1785235297869,我的錢包在哪裡？,True,5,medium,6,2,下面,pos,下面,Loc,underneath,xiàmian,Loc,[],,live,ok,,2
custom-story-1785235297869,我的錢包在哪裡？,True,5,hard,6,0,錢包,translation,錢包,wallet,wallet,qiánbāo,N,"[""checkbook"", ""credit card"", ""receipt""]",,live,ok,,2
custom-story-1785235297869,我的錢包在哪裡？,True,5,hard,6,0,錢包,reverse,wallet,錢包,wallet,qiánbāo,N,"[""錢包"", ""書"", ""下面""]",,live,ok,,2
custom-story-1785235297869,我的錢包在哪裡？,True,5,hard,6,0,錢包,listening,錢包,錢包,wallet,qiánbāo,N,"[""錢包"", ""書"", ""下面""]",,live,ok,,2
custom-story-1785235297869,我的錢包在哪裡？,True,5,hard,6,0,錢包,pinyin,錢包,qiánbāo,wallet,qiánbāo,N,"[""qiánbāo"", ""shū"", ""xiàmian""]",,live,ok,,2
custom-story-1785235297869,我的錢包在哪裡？,True,5,hard,6,0,錢包,pos,錢包,N,wallet,qiánbāo,N,[],,live,ok,,2
custom-story-1785235297869,我的錢包在哪裡？,True,5,hard,6,1,書,translation,書,book,book,shū,N,"[""magazine"", ""newspaper"", ""pamphlet"", ""manual"", ""guide"", ""textbook""]",,live,ok,,2
custom-story-1785235297869,我的錢包在哪裡？,True,5,hard,6,1,書,reverse,book,書,book,shū,N,"[""錢包"", ""書"", ""下面""]",,live,ok,,2
custom-story-1785235297869,我的錢包在哪裡？,True,5,hard,6,1,書,listening,書,書,book,shū,N,"[""錢包"", ""書"", ""下面""]",,live,ok,,2
custom-story-1785235297869,我的錢包在哪裡？,True,5,hard,6,1,書,pinyin,書,shū,book,shū,N,"[""qiánbāo"", ""shū"", ""xiàmian""]",,live,ok,,2
custom-story-1785235297869,我的錢包在哪裡？,True,5,hard,6,1,書,pos,書,N,book,shū,N,[],,live,ok,,2
custom-story-1785235297869,我的錢包在哪裡？,True,5,hard,6,2,下面,translation,下面,underneath,underneath,xiàmian,Loc,"[""on the edge"", ""in the middle"", ""at the top""]",,live,ok,,2
custom-story-1785235297869,我的錢包在哪裡？,True,5,hard,6,2,下面,reverse,underneath,下面,underneath,xiàmian,Loc,"[""錢包"", ""書"", ""下面""]",,live,ok,,2
custom-story-1785235297869,我的錢包在哪裡？,True,5,hard,6,2,下面,listening,下面,下面,underneath,xiàmian,Loc,"[""錢包"", ""書"", ""下面""]",,live,ok,,2
custom-story-1785235297869,我的錢包在哪裡？,True,5,hard,6,2,下面,pinyin,下面,xiàmian,underneath,xiàmian,Loc,"[""qiánbāo"", ""shū"", ""xiàmian""]",,live,ok,,2
custom-story-1785235297869,我的錢包在哪裡？,True,5,hard,6,2,下面,pos,下面,Loc,underneath,xiàmian,Loc,[],,live,ok,,2
custom-story-1785310310407,我的房間,True,5,easy,0,0,房間,translation,房間,room,room,fángjiān,N,"[""cellar"", ""basement"", ""garage"", ""den"", ""parlor"", ""study""]",,live,ok,,3
custom-story-1785310310407,我的房間,True,5,easy,0,0,房間,reverse,room,房間,room,fángjiān,N,"[""房間"", ""桌子"", ""床"", ""沙發""]",,live,ok,,3
custom-story-1785310310407,我的房間,True,5,easy,0,0,房間,listening,房間,房間,room,fángjiān,N,"[""房間"", ""桌子"", ""床"", ""沙發""]",,live,ok,,3
custom-story-1785310310407,我的房間,True,5,easy,0,0,房間,pinyin,房間,fángjiān,room,fángjiān,N,"[""fángjiān"", ""zhuōzi"", ""chuáng"", ""shāfā""]",,live,ok,,3
custom-story-1785310310407,我的房間,True,5,easy,0,0,房間,pos,房間,N,room,fángjiān,N,[],,live,ok,,3
custom-story-1785310310407,我的房間,True,5,easy,0,0,房間,cloze,我____的窗戶很大。,房間,room,fángjiān,N,"[""教室"", ""客廳"", ""廚房""]",我房間的窗戶很大。,live,ok,,3
custom-story-1785310310407,我的房間,True,5,easy,0,0,房間,cloze,我最喜歡在我的____裡學習。,房間,room,fángjiān,N,"[""教室"", ""圖書館"", ""公園""]",我最喜歡在我的房間裡學習。,live,ok,,3
custom-story-1785310310407,我的房間,True,5,easy,0,1,桌子,translation,桌子,table,table,zhuōzi,N,"[""desk"", ""shelf"", ""cabinet"", ""counter"", ""bar"", ""bench""]",,live,ok,,3
custom-story-1785310310407,我的房間,True,5,easy,0,1,桌子,reverse,table,桌子,table,zhuōzi,N,"[""房間"", ""桌子"", ""床"", ""沙發""]",,live,ok,,3
custom-story-1785310310407,我的房間,True,5,easy,0,1,桌子,listening,桌子,桌子,table,zhuōzi,N,"[""房間"", ""桌子"", ""床"", ""沙發""]",,live,ok,,3
custom-story-1785310310407,我的房間,True,5,easy,0,1,桌子,pinyin,桌子,zhuōzi,table,zhuōzi,N,"[""fángjiān"", ""zhuōzi"", ""chuáng"", ""shāfā""]",,live,ok,,3
custom-story-1785310310407,我的房間,True,5,easy,0,1,桌子,pos,桌子,N,table,zhuōzi,N,[],,live,ok,,3
custom-story-1785310310407,我的房間,True,5,easy,0,1,桌子,cloze,我的房間裡有一張____。,桌子,table,zhuōzi,N,"[""沙發"", ""床"", ""椅子""]",我的房間裡有一張桌子。,live,ok,,3
custom-story-1785310310407,我的房間,True,5,easy,0,1,桌子,cloze,客廳裡有一張很大的____。,桌子,table,zhuōzi,N,"[""椅子"", ""床"", ""電視機""]",客廳裡有一張很大的桌子。,live,ok,,3
custom-story-1785310310407,我的房間,True,5,easy,0,2,床,translation,床,bed,bed,chuáng,N,"[""couch"", ""mattress"", ""pillow"", ""cot"", ""hammock"", ""recliner""]",,live,ok,,3
custom-story-1785310310407,我的房間,True,5,easy,0,2,床,reverse,bed,床,bed,chuáng,N,"[""房間"", ""桌子"", ""床"", ""沙發""]",,live,ok,,3
custom-story-1785310310407,我的房間,True,5,easy,0,2,床,listening,床,床,bed,chuáng,N,"[""房間"", ""桌子"", ""床"", ""沙發""]",,live,ok,,3
custom-story-1785310310407,我的房間,True,5,easy,0,2,床,pinyin,床,chuáng,bed,chuáng,N,"[""fángjiān"", ""zhuōzi"", ""chuáng"", ""shāfā""]",,live,ok,,3
custom-story-1785310310407,我的房間,True,5,easy,0,2,床,pos,床,N,bed,chuáng,N,[],,live,ok,,3
custom-story-1785310310407,我的房間,True,5,easy,0,2,床,cloze,我每天晚上都會睡在____上。,床,bed,chuáng,N,"[""桌子"", ""沙發"", ""地板""]",我每天晚上都會睡在床上。,live,ok,,3
custom-story-1785310310407,我的房間,True,5,easy,0,3,沙發,translation,沙發,sofa,sofa,shāfā,N,"[""ottoman"", ""footstool"", ""beanbag"", ""daybed"", ""divan"", ""settee""]",,live,ok,,3
custom-story-1785310310407,我的房間,True,5,easy,0,3,沙發,reverse,sofa,沙發,sofa,shāfā,N,"[""房間"", ""桌子"", ""床"", ""沙發""]",,live,ok,,3
custom-story-1785310310407,我的房間,True,5,easy,0,3,沙發,listening,沙發,沙發,sofa,shāfā,N,"[""房間"", ""桌子"", ""床"", ""沙發""]",,live,ok,,3
custom-story-1785310310407,我的房間,True,5,easy,0,3,沙發,pinyin,沙發,shāfā,sofa,shāfā,N,"[""fángjiān"", ""zhuōzi"", ""chuáng"", ""shāfā""]",,live,ok,,3
custom-story-1785310310407,我的房間,True,5,easy,0,3,沙發,pos,沙發,N,sofa,shāfā,N,[],,live,ok,,3
custom-story-1785310310407,我的房間,True,5,easy,0,3,沙發,cloze,我最喜歡在____上看電視。,沙發,sofa,shāfā,N,"[""床"", ""桌子"", ""地毯""]",我最喜歡在沙發上看電視。,live,ok,,3
custom-story-1785310310407,我的房間,True,5,easy,0,3,沙發,cloze,我最喜歡在____上看書。,沙發,sofa,shāfā,N,"[""床"", ""桌子"", ""書架""]",我最喜歡在沙發上看書。,live,ok,,3
custom-story-1785310310407,我的房間,True,5,medium,0,0,房間,translation,房間,room,room,fángjiān,N,"[""cellar"", ""basement"", ""garage"", ""den"", ""parlor"", ""study""]",,live,ok,,3
custom-story-1785310310407,我的房間,True,5,medium,0,0,房間,reverse,room,房間,room,fángjiān,N,"[""房間"", ""桌子"", ""床"", ""沙發""]",,live,ok,,3
custom-story-1785310310407,我的房間,True,5,medium,0,0,房間,listening,房間,房間,room,fángjiān,N,"[""房間"", ""桌子"", ""床"", ""沙發""]",,live,ok,,3
custom-story-1785310310407,我的房間,True,5,medium,0,0,房間,pinyin,房間,fángjiān,room,fángjiān,N,"[""fángjiān"", ""zhuōzi"", ""chuáng"", ""shāfā""]",,live,ok,,3
custom-story-1785310310407,我的房間,True,5,medium,0,0,房間,pos,房間,N,room,fángjiān,N,[],,live,ok,,3
custom-story-1785310310407,我的房間,True,5,medium,0,0,房間,cloze,我____的窗戶很大。,房間,room,fángjiān,N,"[""教室"", ""客廳"", ""廚房""]",我房間的窗戶很大。,live,ok,,3
custom-story-1785310310407,我的房間,True,5,medium,0,0,房間,cloze,我最喜歡在我的____裡學習。,房間,room,fángjiān,N,"[""教室"", ""圖書館"", ""公園""]",我最喜歡在我的房間裡學習。,live,ok,,3
custom-story-1785310310407,我的房間,True,5,medium,0,1,桌子,translation,桌子,table,table,zhuōzi,N,"[""desk"", ""shelf"", ""cabinet"", ""counter"", ""bar"", ""bench""]",,live,ok,,3
custom-story-1785310310407,我的房間,True,5,medium,0,1,桌子,reverse,table,桌子,table,zhuōzi,N,"[""房間"", ""桌子"", ""床"", ""沙發""]",,live,ok,,3
custom-story-1785310310407,我的房間,True,5,medium,0,1,桌子,listening,桌子,桌子,table,zhuōzi,N,"[""房間"", ""桌子"", ""床"", ""沙發""]",,live,ok,,3
custom-story-1785310310407,我的房間,True,5,medium,0,1,桌子,pinyin,桌子,zhuōzi,table,zhuōzi,N,"[""fángjiān"", ""zhuōzi"", ""chuáng"", ""shāfā""]",,live,ok,,3
custom-story-1785310310407,我的房間,True,5,medium,0,1,桌子,pos,桌子,N,table,zhuōzi,N,[],,live,ok,,3
custom-story-1785310310407,我的房間,True,5,medium,0,1,桌子,cloze,我的房間裡有一張____。,桌子,table,zhuōzi,N,"[""沙發"", ""床"", ""椅子""]",我的房間裡有一張桌子。,live,ok,,3
custom-story-1785310310407,我的房間,True,5,medium,0,1,桌子,cloze,客廳裡有一張很大的____。,桌子,table,zhuōzi,N,"[""椅子"", ""床"", ""電視機""]",客廳裡有一張很大的桌子。,live,ok,,3
custom-story-1785310310407,我的房間,True,5,medium,0,2,床,translation,床,bed,bed,chuáng,N,"[""couch"", ""mattress"", ""pillow"", ""cot"", ""hammock"", ""recliner""]",,live,ok,,3
custom-story-1785310310407,我的房間,True,5,medium,0,2,床,reverse,bed,床,bed,chuáng,N,"[""房間"", ""桌子"", ""床"", ""沙發""]",,live,ok,,3
custom-story-1785310310407,我的房間,True,5,medium,0,2,床,listening,床,床,bed,chuáng,N,"[""房間"", ""桌子"", ""床"", ""沙發""]",,live,ok,,3
custom-story-1785310310407,我的房間,True,5,medium,0,2,床,pinyin,床,chuáng,bed,chuáng,N,"[""fángjiān"", ""zhuōzi"", ""chuáng"", ""shāfā""]",,live,ok,,3
custom-story-1785310310407,我的房間,True,5,medium,0,2,床,pos,床,N,bed,chuáng,N,[],,live,ok,,3
custom-story-1785310310407,我的房間,True,5,medium,0,2,床,cloze,我每天晚上都會睡在____上。,床,bed,chuáng,N,"[""桌子"", ""沙發"", ""地板""]",我每天晚上都會睡在床上。,live,ok,,3
custom-story-1785310310407,我的房間,True,5,medium,0,3,沙發,translation,沙發,sofa,sofa,shāfā,N,"[""ottoman"", ""footstool"", ""beanbag"", ""daybed"", ""divan"", ""settee""]",,live,ok,,3
custom-story-1785310310407,我的房間,True,5,medium,0,3,沙發,reverse,sofa,沙發,sofa,shāfā,N,"[""房間"", ""桌子"", ""床"", ""沙發""]",,live,ok,,3
custom-story-1785310310407,我的房間,True,5,medium,0,3,沙發,listening,沙發,沙發,sofa,shāfā,N,"[""房間"", ""桌子"", ""床"", ""沙發""]",,live,ok,,3
custom-story-1785310310407,我的房間,True,5,medium,0,3,沙發,pinyin,沙發,shāfā,sofa,shāfā,N,"[""fángjiān"", ""zhuōzi"", ""chuáng"", ""shāfā""]",,live,ok,,3
custom-story-1785310310407,我的房間,True,5,medium,0,3,沙發,pos,沙發,N,sofa,shāfā,N,[],,live,ok,,3
custom-story-1785310310407,我的房間,True,5,medium,0,3,沙發,cloze,我最喜歡在____上看電視。,沙發,sofa,shāfā,N,"[""床"", ""桌子"", ""地毯""]",我最喜歡在沙發上看電視。,live,ok,,3
custom-story-1785310310407,我的房間,True,5,medium,0,3,沙發,cloze,我最喜歡在____上看書。,沙發,sofa,shāfā,N,"[""床"", ""桌子"", ""書架""]",我最喜歡在沙發上看書。,live,ok,,3
custom-story-1785310310407,我的房間,True,5,hard,0,0,房間,translation,房間,room,room,fángjiān,N,"[""cellar"", ""basement"", ""garage"", ""den"", ""parlor"", ""study""]",,live,ok,,3
custom-story-1785310310407,我的房間,True,5,hard,0,0,房間,reverse,room,房間,room,fángjiān,N,"[""房間"", ""桌子"", ""床"", ""沙發""]",,live,ok,,3
custom-story-1785310310407,我的房間,True,5,hard,0,0,房間,listening,房間,房間,room,fángjiān,N,"[""房間"", ""桌子"", ""床"", ""沙發""]",,live,ok,,3
custom-story-1785310310407,我的房間,True,5,hard,0,0,房間,pinyin,房間,fángjiān,room,fángjiān,N,"[""fángjiān"", ""zhuōzi"", ""chuáng"", ""shāfā""]",,live,ok,,3
custom-story-1785310310407,我的房間,True,5,hard,0,0,房間,pos,房間,N,room,fángjiān,N,[],,live,ok,,3
custom-story-1785310310407,我的房間,True,5,hard,0,0,房間,cloze,我____的窗戶很大。,房間,room,fángjiān,N,"[""教室"", ""客廳"", ""廚房""]",我房間的窗戶很大。,live,ok,,3
custom-story-1785310310407,我的房間,True,5,hard,0,0,房間,cloze,我最喜歡在我的____裡學習。,房間,room,fángjiān,N,"[""教室"", ""圖書館"", ""公園""]",我最喜歡在我的房間裡學習。,live,ok,,3
custom-story-1785310310407,我的房間,True,5,hard,0,1,桌子,translation,桌子,table,table,zhuōzi,N,"[""desk"", ""shelf"", ""cabinet"", ""counter"", ""bar"", ""bench""]",,live,ok,,3
custom-story-1785310310407,我的房間,True,5,hard,0,1,桌子,reverse,table,桌子,table,zhuōzi,N,"[""房間"", ""桌子"", ""床"", ""沙發""]",,live,ok,,3
custom-story-1785310310407,我的房間,True,5,hard,0,1,桌子,listening,桌子,桌子,table,zhuōzi,N,"[""房間"", ""桌子"", ""床"", ""沙發""]",,live,ok,,3
custom-story-1785310310407,我的房間,True,5,hard,0,1,桌子,pinyin,桌子,zhuōzi,table,zhuōzi,N,"[""fángjiān"", ""zhuōzi"", ""chuáng"", ""shāfā""]",,live,ok,,3
custom-story-1785310310407,我的房間,True,5,hard,0,1,桌子,pos,桌子,N,table,zhuōzi,N,[],,live,ok,,3
custom-story-1785310310407,我的房間,True,5,hard,0,1,桌子,cloze,我的房間裡有一張____。,桌子,table,zhuōzi,N,"[""沙發"", ""床"", ""椅子""]",我的房間裡有一張桌子。,live,ok,,3
custom-story-1785310310407,我的房間,True,5,hard,0,1,桌子,cloze,客廳裡有一張很大的____。,桌子,table,zhuōzi,N,"[""椅子"", ""床"", ""電視機""]",客廳裡有一張很大的桌子。,live,ok,,3
custom-story-1785310310407,我的房間,True,5,hard,0,2,床,translation,床,bed,bed,chuáng,N,"[""couch"", ""mattress"", ""pillow"", ""cot"", ""hammock"", ""recliner""]",,live,ok,,3
custom-story-1785310310407,我的房間,True,5,hard,0,2,床,reverse,bed,床,bed,chuáng,N,"[""房間"", ""桌子"", ""床"", ""沙發""]",,live,ok,,3
custom-story-1785310310407,我的房間,True,5,hard,0,2,床,listening,床,床,bed,chuáng,N,"[""房間"", ""桌子"", ""床"", ""沙發""]",,live,ok,,3
custom-story-1785310310407,我的房間,True,5,hard,0,2,床,pinyin,床,chuáng,bed,chuáng,N,"[""fángjiān"", ""zhuōzi"", ""chuáng"", ""shāfā""]",,live,ok,,3
custom-story-1785310310407,我的房間,True,5,hard,0,2,床,pos,床,N,bed,chuáng,N,[],,live,ok,,3
custom-story-1785310310407,我的房間,True,5,hard,0,2,床,cloze,我每天晚上都會睡在____上。,床,bed,chuáng,N,"[""桌子"", ""沙發"", ""地板""]",我每天晚上都會睡在床上。,live,ok,,3
custom-story-1785310310407,我的房間,True,5,hard,0,3,沙發,translation,沙發,sofa,sofa,shāfā,N,"[""ottoman"", ""footstool"", ""beanbag"", ""daybed"", ""divan"", ""settee""]",,live,ok,,3
custom-story-1785310310407,我的房間,True,5,hard,0,3,沙發,reverse,sofa,沙發,sofa,shāfā,N,"[""房間"", ""桌子"", ""床"", ""沙發""]",,live,ok,,3
custom-story-1785310310407,我的房間,True,5,hard,0,3,沙發,listening,沙發,沙發,sofa,shāfā,N,"[""房間"", ""桌子"", ""床"", ""沙發""]",,live,ok,,3
custom-story-1785310310407,我的房間,True,5,hard,0,3,沙發,pinyin,沙發,shāfā,sofa,shāfā,N,"[""fángjiān"", ""zhuōzi"", ""chuáng"", ""shāfā""]",,live,ok,,3
custom-story-1785310310407,我的房間,True,5,hard,0,3,沙發,pos,沙發,N,sofa,shāfā,N,[],,live,ok,,3
custom-story-1785310310407,我的房間,True,5,hard,0,3,沙發,cloze,我最喜歡在____上看電視。,沙發,sofa,shāfā,N,"[""床"", ""桌子"", ""地毯""]",我最喜歡在沙發上看電視。,live,ok,,3
custom-story-1785310310407,我的房間,True,5,hard,0,3,沙發,cloze,我最喜歡在____上看書。,沙發,sofa,shāfā,N,"[""床"", ""桌子"", ""書架""]",我最喜歡在沙發上看書。,live,ok,,3
custom-story-1785310310407,我的房間,True,5,easy,1,0,沙發,translation,沙發,sofa,sofa,shāfā,N,"[""ottoman"", ""footstool"", ""beanbag"", ""daybed"", ""divan"", ""settee""]",,live,ok,,3
custom-story-1785310310407,我的房間,True,5,easy,1,0,沙發,reverse,sofa,沙發,sofa,shāfā,N,"[""沙發"", ""電視機"", ""新的"", ""看書"", ""看電視""]",,live,ok,,3
custom-story-1785310310407,我的房間,True,5,easy,1,0,沙發,listening,沙發,沙發,sofa,shāfā,N,"[""沙發"", ""電視機"", ""新的"", ""看書"", ""看電視""]",,live,ok,,3
custom-story-1785310310407,我的房間,True,5,easy,1,0,沙發,pinyin,沙發,shāfā,sofa,shāfā,N,"[""shāfā"", ""diànshìjī"", ""xīn de"", ""kàn shū"", ""kàn diànshì""]",,live,ok,,3
custom-story-1785310310407,我的房間,True,5,easy,1,0,沙發,pos,沙發,N,sofa,shāfā,N,[],,live,ok,,3
custom-story-1785310310407,我的房間,True,5,easy,1,0,沙發,cloze,我最喜歡在____上看電視。,沙發,sofa,shāfā,N,"[""床"", ""桌子"", ""地毯""]",我最喜歡在沙發上看電視。,live,ok,,3
custom-story-1785310310407,我的房間,True,5,easy,1,0,沙發,cloze,我最喜歡在____上看書。,沙發,sofa,shāfā,N,"[""床"", ""桌子"", ""書架""]",我最喜歡在沙發上看書。,live,ok,,3
custom-story-1785310310407,我的房間,True,5,easy,1,1,電視機,translation,電視機,TV,TV,diànshìjī,N,"[""radio"", ""computer"", ""projector"", ""monitor"", ""screen"", ""console""]",,live,ok,,3
custom-story-1785310310407,我的房間,True,5,easy,1,1,電視機,reverse,TV,電視機,TV,diànshìjī,N,"[""沙發"", ""電視機"", ""新的"", ""看書"", ""看電視""]",,live,ok,,3
custom-story-1785310310407,我的房間,True,5,easy,1,1,電視機,listening,電視機,電視機,TV,diànshìjī,N,"[""沙發"", ""電視機"", ""新的"", ""看書"", ""看電視""]",,live,ok,,3
custom-story-1785310310407,我的房間,True,5,easy,1,1,電視機,pinyin,電視機,diànshìjī,TV,diànshìjī,N,"[""shāfā"", ""diànshìjī"", ""xīn de"", ""kàn shū"", ""kàn diànshì""]",,live,ok,,3
custom-story-1785310310407,我的房間,True,5,easy,1,1,電視機,pos,電視機,N,TV,diànshìjī,N,[],,live,ok,,3
custom-story-1785310310407,我的房間,True,5,easy,1,1,電視機,cloze,客廳裡有一臺新的____。,電視機,TV,diànshìjī,N,"[""電腦"", ""收音機"", ""電話""]",客廳裡有一臺新的電視機。,live,ok,,3
custom-story-1785310310407,我的房間,True,5,easy,1,1,電視機,synonym,電視機,電視,TV,diànshìjī,N,"[""電腦"", ""收音機"", ""冰箱""]",,live,ok,,3
custom-story-1785310310407,我的房間,True,5,easy,1,2,新的,translation,新的,new,new,xīn de,Adj,"[""expensive"", ""foreign"", ""complex"", ""modern"", ""fashionable"", ""trendy""]",,live,ok,,3
custom-story-1785310310407,我的房間,True,5,easy,1,2,新的,reverse,new,新的,new,xīn de,Adj,"[""沙發"", ""電視機"", ""新的"", ""看書"", ""看電視""]",,live,ok,,3
custom-story-1785310310407,我的房間,True,5,easy,1,2,新的,listening,新的,新的,new,xīn de,Adj,"[""沙發"", ""電視機"", ""新的"", ""看書"", ""看電視""]",,live,ok,,3
custom-story-1785310310407,我的房間,True,5,easy,1,2,新的,pinyin,新的,xīn de,new,xīn de,Adj,"[""shāfā"", ""diànshìjī"", ""xīn de"", ""kàn shū"", ""kàn diànshì""]",,live,ok,,3
custom-story-1785310310407,我的房間,True,5,easy,1,2,新的,pos,新的,Adj,new,xīn de,Adj,[],,live,ok,,3
custom-story-1785310310407,我的房間,True,5,easy,1,2,新的,cloze,我買了一臺____手機。,新的,new,xīn de,Adj,"[""舊的"", ""大 的"", ""紅色的""]",我買了一臺新的手機。,live,ok,,3
custom-story-1785310310407,我的房間,True,5,easy,1,2,新的,cloze,我買了一臺____電腦。,新的,new,xīn de,Adj,"[""大的"", ""小的"", ""舊的""]",我買了一臺新的電腦。,live,ok,,3
custom-story-1785310310407,我的房間,True,5,easy,1,3,看書,translation,看書,read books,read books,kàn shū,V,"[""write books"", ""buy books"", ""collect books"", ""study texts"", ""review notes"", ""skim articles""]",,live,ok,,3
custom-story-1785310310407,我的房間,True,5,easy,1,3,看書,reverse,read books,看書,read books,kàn shū,V,"[""沙發"", ""電視機"", ""新的"", ""看書"", ""看電視""]",,live,ok,,3
custom-story-1785310310407,我的房間,True,5,easy,1,3,看書,listening,看書,看書,read books,kàn shū,V,"[""沙發"", ""電視機"", ""新的"", ""看書"", ""看電視""]",,live,ok,,3
custom-story-1785310310407,我的房間,True,5,easy,1,3,看書,pinyin,看書,kàn shū,read books,kàn shū,V,"[""shāfā"", ""diànshìjī"", ""xīn de"", ""kàn shū"", ""kàn diànshì""]",,live,ok,,3
custom-story-1785310310407,我的房間,True,5,easy,1,3,看書,pos,看書,V,read books,kàn shū,V,[],,live,ok,,3
custom-story-1785310310407,我的房間,True,5,easy,1,3,看書,cloze,我最喜歡____。,看書,read books,kàn shū,V,"[""看電影"", ""玩遊戲"", ""聽音樂""]",我最喜歡看書。,live,ok,,3
custom-story-1785310310407,我的房間,True,5,easy,1,3,看書,synonym,看書,閱讀,read books,kàn shū,V,"[""看電影"", ""聽音樂"", ""玩遊戲""]",,live,ok,,3
custom-story-1785310310407,我的房間,True,5,easy,1,4,看電視,translation,看電視,watch TV,watch TV,kàn diànshì,V,"[""play video games"", ""listen to music"", ""browse internet"", ""stream videos"", ""play games"", ""browse channels""]",,live,ok,,3
custom-story-1785310310407,我的房間,True,5,easy,1,4,看電視,reverse,watch TV,看電視,watch TV,kàn diànshì,V,"[""沙發"", ""電視機"", ""新的"", ""看書"", ""看電視""]",,live,ok,,3
custom-story-1785310310407,我的房間,True,5,easy,1,4,看電視,listening,看電視,看電視,watch TV,kàn diànshì,V,"[""沙發"", ""電視機"", ""新的"", ""看書"", ""看電視""]",,live,ok,,3
custom-story-1785310310407,我的房間,True,5,easy,1,4,看電視,pinyin,看電視,kàn diànshì,watch TV,kàn diànshì,V,"[""shāfā"", ""diànshìjī"", ""xīn de"", ""kàn shū"", ""kàn diànshì""]",,live,ok,,3
custom-story-1785310310407,我的房間,True,5,easy,1,4,看電視,pos,看電視,V,watch TV,kàn diànshì,V,[],,live,ok,,3
custom-story-1785310310407,我的房間,True,5,easy,1,4,看電視,cloze,我每天晚上都會____。,看電視,watch TV,kàn diànshì,V,"[""看電影"", ""玩遊戲"", ""讀報紙""]",我每天晚上都會看電視。,live,ok,,3
custom-story-1785310310407,我的房間,True,5,easy,1,4,看電視,synonym,看電視,觀看電視,watch TV,kàn diànshì,V,"[""看電影"", ""玩電腦"", ""聽收音機""]",,live,ok,,3
custom-story-1785310310407,我的房間,True,5,medium,1,0,沙發,translation,沙發,sofa,sofa,shāfā,N,"[""ottoman"", ""footstool"", ""beanbag"", ""daybed"", ""divan"", ""settee""]",,live,ok,,3
custom-story-1785310310407,我的房間,True,5,medium,1,0,沙發,reverse,sofa,沙發,sofa,shāfā,N,"[""沙發"", ""電視機"", ""新的"", ""看書"", ""看電視""]",,live,ok,,3
custom-story-1785310310407,我的房間,True,5,medium,1,0,沙發,listening,沙發,沙發,sofa,shāfā,N,"[""沙發"", ""電視機"", ""新的"", ""看書"", ""看電視""]",,live,ok,,3
custom-story-1785310310407,我的房間,True,5,medium,1,0,沙發,pinyin,沙發,shāfā,sofa,shāfā,N,"[""shāfā"", ""diànshìjī"", ""xīn de"", ""kàn shū"", ""kàn diànshì""]",,live,ok,,3
custom-story-1785310310407,我的房間,True,5,medium,1,0,沙發,pos,沙發,N,sofa,shāfā,N,[],,live,ok,,3
custom-story-1785310310407,我的房間,True,5,medium,1,0,沙發,cloze,我最喜歡在____上看電視。,沙發,sofa,shāfā,N,"[""床"", ""桌子"", ""地毯""]",我最喜歡在沙發上看電視。,live,ok,,3
custom-story-1785310310407,我的房間,True,5,medium,1,0,沙發,cloze,我最喜歡在____上看書。,沙發,sofa,shāfā,N,"[""床"", ""桌子"", ""書架""]",我最喜歡在沙發上看書。,live,ok,,3
custom-story-1785310310407,我的房間,True,5,medium,1,1,電視機,translation,電視機,TV,TV,diànshìjī,N,"[""radio"", ""computer"", ""projector"", ""monitor"", ""screen"", ""console""]",,live,ok,,3
custom-story-1785310310407,我的房間,True,5,medium,1,1,電視機,reverse,TV,電視機,TV,diànshìjī,N,"[""沙發"", ""電視機"", ""新的"", ""看書"", ""看電視""]",,live,ok,,3
custom-story-1785310310407,我的房間,True,5,medium,1,1,電視機,listening,電視機,電視機,TV,diànshìjī,N,"[""沙發"", ""電視機"", ""新的"", ""看書"", ""看電視""]",,live,ok,,3
custom-story-1785310310407,我的房間,True,5,medium,1,1,電視機,pinyin,電視機,diànshìjī,TV,diànshìjī,N,"[""shāfā"", ""diànshìjī"", ""xīn de"", ""kàn shū"", ""kàn diànshì""]",,live,ok,,3
custom-story-1785310310407,我的房間,True,5,medium,1,1,電視機,pos,電視機,N,TV,diànshìjī,N,[],,live,ok,,3
custom-story-1785310310407,我的房間,True,5,medium,1,1,電視機,cloze,客廳裡有一臺新的____。,電視機,TV,diànshìjī,N,"[""電腦"", ""收音機"", ""電話""]",客廳裡有一臺新的電視機。,live,ok,,3
custom-story-1785310310407,我的房間,True,5,medium,1,1,電視機,synonym,電視機,電視,TV,diànshìjī,N,"[""電腦"", ""收音機"", ""冰箱""]",,live,ok,,3
custom-story-1785310310407,我的房間,True,5,medium,1,2,新的,translation,新的,new,new,xīn de,Adj,"[""expensive"", ""foreign"", ""complex"", ""modern"", ""fashionable"", ""trendy""]",,live,ok,,3
custom-story-1785310310407,我的房間,True,5,medium,1,2,新的,reverse,new,新的,new,xīn de,Adj,"[""沙發"", ""電視機"", ""新的"", ""看書"", ""看電視""]",,live,ok,,3
custom-story-1785310310407,我的房間,True,5,medium,1,2,新的,listening,新的,新的,new,xīn de,Adj,"[""沙發"", ""電視機"", ""新的"", ""看書"", ""看電視""]",,live,ok,,3
custom-story-1785310310407,我的房間,True,5,medium,1,2,新的,pinyin,新的,xīn de,new,xīn de,Adj,"[""shāfā"", ""diànshìjī"", ""xīn de"", ""kàn shū"", ""kàn diànshì""]",,live,ok,,3
custom-story-1785310310407,我的房間,True,5,medium,1,2,新的,pos,新的,Adj,new,xīn de,Adj,[],,live,ok,,3
custom-story-1785310310407,我的房間,True,5,medium,1,2,新的,cloze,我買了一臺____手機。,新的,new,xīn de,Adj,"[""舊的"", ""大 的"", ""紅色的""]",我買了一臺新的手機。,live,ok,,3
custom-story-1785310310407,我的房間,True,5,medium,1,2,新的,cloze,我買了一臺____電腦。,新的,new,xīn de,Adj,"[""大的"", ""小的"", ""舊的""]",我買了一臺新的電腦。,live,ok,,3
custom-story-1785310310407,我的房間,True,5,medium,1,3,看書,translation,看書,read books,read books,kàn shū,V,"[""write books"", ""buy books"", ""collect books"", ""study texts"", ""review notes"", ""skim articles""]",,live,ok,,3
custom-story-1785310310407,我的房間,True,5,medium,1,3,看書,reverse,read books,看書,read books,kàn shū,V,"[""沙發"", ""電視機"", ""新的"", ""看書"", ""看電視""]",,live,ok,,3
custom-story-1785310310407,我的房間,True,5,medium,1,3,看書,listening,看書,看書,read books,kàn shū,V,"[""沙發"", ""電視機"", ""新的"", ""看書"", ""看電視""]",,live,ok,,3
custom-story-1785310310407,我的房間,True,5,medium,1,3,看書,pinyin,看書,kàn shū,read books,kàn shū,V,"[""shāfā"", ""diànshìjī"", ""xīn de"", ""kàn shū"", ""kàn diànshì""]",,live,ok,,3
custom-story-1785310310407,我的房間,True,5,medium,1,3,看書,pos,看書,V,read books,kàn shū,V,[],,live,ok,,3
custom-story-1785310310407,我的房間,True,5,medium,1,3,看書,cloze,我最喜歡____。,看書,read books,kàn shū,V,"[""看電影"", ""玩遊戲"", ""聽音樂""]",我最喜歡看書。,live,ok,,3
custom-story-1785310310407,我的房間,True,5,medium,1,3,看書,synonym,看書,閱讀,read books,kàn shū,V,"[""看電影"", ""聽音樂"", ""玩遊戲""]",,live,ok,,3
custom-story-1785310310407,我的房間,True,5,medium,1,4,看電視,translation,看電視,watch TV,watch TV,kàn diànshì,V,"[""play video games"", ""listen to music"", ""browse internet"", ""stream videos"", ""play games"", ""browse channels""]",,live,ok,,3
custom-story-1785310310407,我的房間,True,5,medium,1,4,看電視,reverse,watch TV,看電視,watch TV,kàn diànshì,V,"[""沙發"", ""電視機"", ""新的"", ""看書"", ""看電視""]",,live,ok,,3
custom-story-1785310310407,我的房間,True,5,medium,1,4,看電視,listening,看電視,看電視,watch TV,kàn diànshì,V,"[""沙發"", ""電視機"", ""新的"", ""看書"", ""看電視""]",,live,ok,,3
custom-story-1785310310407,我的房間,True,5,medium,1,4,看電視,pinyin,看電視,kàn diànshì,watch TV,kàn diànshì,V,"[""shāfā"", ""diànshìjī"", ""xīn de"", ""kàn shū"", ""kàn diànshì""]",,live,ok,,3
custom-story-1785310310407,我的房間,True,5,medium,1,4,看電視,pos,看電視,V,watch TV,kàn diànshì,V,[],,live,ok,,3
custom-story-1785310310407,我的房間,True,5,medium,1,4,看電視,cloze,我每天晚上都會____。,看電視,watch TV,kàn diànshì,V,"[""看電影"", ""玩遊戲"", ""讀報紙""]",我每天晚上都會看電視。,live,ok,,3
custom-story-1785310310407,我的房間,True,5,medium,1,4,看電視,synonym,看電視,觀看電視,watch TV,kàn diànshì,V,"[""看電影"", ""玩電腦"", ""聽收音機""]",,live,ok,,3
custom-story-1785310310407,我的房間,True,5,hard,1,0,沙發,translation,沙發,sofa,sofa,shāfā,N,"[""ottoman"", ""footstool"", ""beanbag"", ""daybed"", ""divan"", ""settee""]",,live,ok,,3
custom-story-1785310310407,我的房間,True,5,hard,1,0,沙發,reverse,sofa,沙發,sofa,shāfā,N,"[""沙發"", ""電視機"", ""新的"", ""看書"", ""看電視""]",,live,ok,,3
custom-story-1785310310407,我的房間,True,5,hard,1,0,沙發,listening,沙發,沙發,sofa,shāfā,N,"[""沙發"", ""電視機"", ""新的"", ""看書"", ""看電視""]",,live,ok,,3
custom-story-1785310310407,我的房間,True,5,hard,1,0,沙發,pinyin,沙發,shāfā,sofa,shāfā,N,"[""shāfā"", ""diànshìjī"", ""xīn de"", ""kàn shū"", ""kàn diànshì""]",,live,ok,,3
custom-story-1785310310407,我的房間,True,5,hard,1,0,沙發,pos,沙發,N,sofa,shāfā,N,[],,live,ok,,3
custom-story-1785310310407,我的房間,True,5,hard,1,0,沙發,cloze,我最喜歡在____上看電視。,沙發,sofa,shāfā,N,"[""床"", ""桌子"", ""地毯""]",我最喜歡在沙發上看電視。,live,ok,,3
custom-story-1785310310407,我的房間,True,5,hard,1,0,沙發,cloze,我最喜歡在____上看書。,沙發,sofa,shāfā,N,"[""床"", ""桌子"", ""書架""]",我最喜歡在沙發上看書。,live,ok,,3
custom-story-1785310310407,我的房間,True,5,hard,1,1,電視機,translation,電視機,TV,TV,diànshìjī,N,"[""radio"", ""computer"", ""projector"", ""monitor"", ""screen"", ""console""]",,live,ok,,3
custom-story-1785310310407,我的房間,True,5,hard,1,1,電視機,reverse,TV,電視機,TV,diànshìjī,N,"[""沙發"", ""電視機"", ""新的"", ""看書"", ""看電視""]",,live,ok,,3
custom-story-1785310310407,我的房間,True,5,hard,1,1,電視機,listening,電視機,電視機,TV,diànshìjī,N,"[""沙發"", ""電視機"", ""新的"", ""看書"", ""看電視""]",,live,ok,,3
custom-story-1785310310407,我的房間,True,5,hard,1,1,電視機,pinyin,電視機,diànshìjī,TV,diànshìjī,N,"[""shāfā"", ""diànshìjī"", ""xīn de"", ""kàn shū"", ""kàn diànshì""]",,live,ok,,3
custom-story-1785310310407,我的房間,True,5,hard,1,1,電視機,pos,電視機,N,TV,diànshìjī,N,[],,live,ok,,3
custom-story-1785310310407,我的房間,True,5,hard,1,1,電視機,cloze,客廳裡有一臺新的____。,電視機,TV,diànshìjī,N,"[""電腦"", ""收音機"", ""電話""]",客廳裡有一臺新的電視機。,live,ok,,3
custom-story-1785310310407,我的房間,True,5,hard,1,1,電視機,synonym,電視機,電視,TV,diànshìjī,N,"[""電腦"", ""收音機"", ""冰箱""]",,live,ok,,3
custom-story-1785310310407,我的房間,True,5,hard,1,2,新的,translation,新的,new,new,xīn de,Adj,"[""expensive"", ""foreign"", ""complex"", ""modern"", ""fashionable"", ""trendy""]",,live,ok,,3
custom-story-1785310310407,我的房間,True,5,hard,1,2,新的,reverse,new,新的,new,xīn de,Adj,"[""沙發"", ""電視機"", ""新的"", ""看書"", ""看電視""]",,live,ok,,3
custom-story-1785310310407,我的房間,True,5,hard,1,2,新的,listening,新的,新的,new,xīn de,Adj,"[""沙發"", ""電視機"", ""新的"", ""看書"", ""看電視""]",,live,ok,,3
custom-story-1785310310407,我的房間,True,5,hard,1,2,新的,pinyin,新的,xīn de,new,xīn de,Adj,"[""shāfā"", ""diànshìjī"", ""xīn de"", ""kàn shū"", ""kàn diànshì""]",,live,ok,,3
custom-story-1785310310407,我的房間,True,5,hard,1,2,新的,pos,新的,Adj,new,xīn de,Adj,[],,live,ok,,3
custom-story-1785310310407,我的房間,True,5,hard,1,2,新的,cloze,我買了一臺____手機。,新的,new,xīn de,Adj,"[""舊的"", ""大 的"", ""紅色的""]",我買了一臺新的手機。,live,ok,,3
custom-story-1785310310407,我的房間,True,5,hard,1,2,新的,cloze,我買了一臺____電腦。,新的,new,xīn de,Adj,"[""大的"", ""小的"", ""舊的""]",我買了一臺新的電腦。,live,ok,,3
custom-story-1785310310407,我的房間,True,5,hard,1,3,看書,translation,看書,read books,read books,kàn shū,V,"[""write books"", ""buy books"", ""collect books"", ""study texts"", ""review notes"", ""skim articles""]",,live,ok,,3
custom-story-1785310310407,我的房間,True,5,hard,1,3,看書,reverse,read books,看書,read books,kàn shū,V,"[""沙發"", ""電視機"", ""新的"", ""看書"", ""看電視""]",,live,ok,,3
custom-story-1785310310407,我的房間,True,5,hard,1,3,看書,listening,看書,看書,read books,kàn shū,V,"[""沙發"", ""電視機"", ""新的"", ""看書"", ""看電視""]",,live,ok,,3
custom-story-1785310310407,我的房間,True,5,hard,1,3,看書,pinyin,看書,kàn shū,read books,kàn shū,V,"[""shāfā"", ""diànshìjī"", ""xīn de"", ""kàn shū"", ""kàn diànshì""]",,live,ok,,3
custom-story-1785310310407,我的房間,True,5,hard,1,3,看書,pos,看書,V,read books,kàn shū,V,[],,live,ok,,3
custom-story-1785310310407,我的房間,True,5,hard,1,3,看書,cloze,我最喜歡____。,看書,read books,kàn shū,V,"[""看電影"", ""玩遊戲"", ""聽音樂""]",我最喜歡看書。,live,ok,,3
custom-story-1785310310407,我的房間,True,5,hard,1,3,看書,synonym,看書,閱讀,read books,kàn shū,V,"[""看電影"", ""聽音樂"", ""玩遊戲""]",,live,ok,,3
custom-story-1785310310407,我的房間,True,5,hard,1,4,看電視,translation,看電視,watch TV,watch TV,kàn diànshì,V,"[""play video games"", ""listen to music"", ""browse internet"", ""stream videos"", ""play games"", ""browse channels""]",,live,ok,,3
custom-story-1785310310407,我的房間,True,5,hard,1,4,看電視,reverse,watch TV,看電視,watch TV,kàn diànshì,V,"[""沙發"", ""電視機"", ""新的"", ""看書"", ""看電視""]",,live,ok,,3
custom-story-1785310310407,我的房間,True,5,hard,1,4,看電視,listening,看電視,看電視,watch TV,kàn diànshì,V,"[""沙發"", ""電視機"", ""新的"", ""看書"", ""看電視""]",,live,ok,,3
custom-story-1785310310407,我的房間,True,5,hard,1,4,看電視,pinyin,看電視,kàn diànshì,watch TV,kàn diànshì,V,"[""shāfā"", ""diànshìjī"", ""xīn de"", ""kàn shū"", ""kàn diànshì""]",,live,ok,,3
custom-story-1785310310407,我的房間,True,5,hard,1,4,看電視,pos,看電視,V,watch TV,kàn diànshì,V,[],,live,ok,,3
custom-story-1785310310407,我的房間,True,5,hard,1,4,看電視,cloze,我每天晚上都會____。,看電視,watch TV,kàn diànshì,V,"[""看電影"", ""玩遊戲"", ""讀報紙""]",我每天晚上都會看電視。,live,ok,,3
custom-story-1785310310407,我的房間,True,5,hard,1,4,看電視,synonym,看電視,觀看電視,watch TV,kàn diànshì,V,"[""看電影"", ""玩電腦"", ""聽收音機""]",,live,ok,,3
custom-story-1785310310407,我的房間,True,5,easy,2,0,書,translation,書,book,book,shū,N,"[""magazine"", ""newspaper"", ""pamphlet"", ""manual"", ""guide"", ""brochure""]",,live,ok,,3
custom-story-1785310310407,我的房間,True,5,easy,2,0,書,reverse,book,書,book,shū,N,"[""書"", ""很多"", ""中文"", ""英文""]",,live,ok,,3
custom-story-1785310310407,我的房間,True,5,easy,2,0,書,listening,書,書,book,shū,N,"[""書"", ""很多"", ""中文"", ""英文""]",,live,ok,,3
custom-story-1785310310407,我的房間,True,5,easy,2,0,書,pinyin,書,shū,book,shū,N,"[""shū"", ""hěn duō"", ""zhōng wén"", ""yīng wén""]",,live,ok,,3
custom-story-1785310310407,我的房間,True,5,easy,2,0,書,pos,書,N,book,shū,N,[],,live,ok,,3
custom-story-1785310310407,我的房間,True,5,easy,2,0,書,cloze,我有一本很厚的____。,書,book,shū,N,"[""雜誌"", ""報紙"", ""照片""]",我有一本很厚的書。,live,ok,,3
custom-story-1785310310407,我的房間,True,5,easy,2,1,很多,translation,很多,many,many,hěn duō,Quant,"[""enough"", ""sufficient"", ""excessive"", ""plenty"", ""abundant"", ""numerous""]",,live,ok,,3
custom-story-1785310310407,我的房間,True,5,easy,2,1,很多,reverse,many,很多,many,hěn duō,Quant,"[""書"", ""很多"", ""中文"", ""英文""]",,live,ok,,3
custom-story-1785310310407,我的房間,True,5,easy,2,1,很多,listening,很多,很多,many,hěn duō,Quant,"[""書"", ""很多"", ""中文"", ""英文""]",,live,ok,,3
custom-story-1785310310407,我的房間,True,5,easy,2,1,很多,pinyin,很多,hěn duō,many,hěn duō,Quant,"[""shū"", ""hěn duō"", ""zhōng wén"", ""yīng wén""]",,live,ok,,3
custom-story-1785310310407,我的房間,True,5,easy,2,1,很多,pos,很多,Quant,many,hěn duō,Quant,[],,live,ok,,3
custom-story-1785310310407,我的房間,True,5,easy,2,1,很多,cloze,我有____的朋友。,很多,many,hěn duō,Quant,"[""很少"", ""太多"", ""幾個""]",我有很多的朋友。,live,ok,,3
custom-story-1785310310407,我的房間,True,5,easy,2,1,很多,synonym,很多,大量,many,hěn duō,Quant,"[""少量"", ""小數"", ""輕便""]",,live,ok,,3
custom-story-1785310310407,我的房間,True,5,easy,2,2,中文,translation,中文,Chinese language,Chinese language,zhōng wén,N,"[""dialect"", ""slang"", ""jargon"", ""Mandarin dialect"", ""Taiwanese language"", ""Cantonese""]",,live,ok,,3
custom-story-1785310310407,我的房間,True,5,easy,2,2,中文,reverse,Chinese language,中文,Chinese language,zhōng wén,N,"[""書"", ""很多"", ""中文"", ""英文""]",,live,ok,,3
custom-story-1785310310407,我的房間,True,5,easy,2,2,中文,listening,中文,中文,Chinese language,zhōng wén,N,"[""書"", ""很多"", ""中文"", ""英文""]",,live,ok,,3
custom-story-1785310310407,我的房間,True,5,easy,2,2,中文,pinyin,中文,zhōng wén,Chinese language,zhōng wén,N,"[""shū"", ""hěn duō"", ""zhōng wén"", ""yīng wén""]",,live,ok,,3
custom-story-1785310310407,我的房間,True,5,easy,2,2,中文,pos,中文,N,Chinese language,zhōng wén,N,[],,live,ok,,3
custom-story-1785310310407,我的房間,True,5,easy,2,2,中文,cloze,我會說____。,中文,Chinese language,zhōng wén,N,"[""英文"", ""日文"", ""韓文""]",我會說中文。,live,ok,,3
custom-story-1785310310407,我的房間,True,5,easy,2,2,中文,synonym,中文,漢語,Chinese language,zhōng wén,N,"[""英文"", ""日語"", ""法語""]",,live,ok,,3
custom-story-1785310310407,我的房間,True,5,easy,2,3,英文,translation,英文,English language,English language,yīng wén,N,"[""slang"", ""colloquialism"", ""idiom"", ""American language"", ""British dialect"", ""Australian slang""]",,live,ok,,3
custom-story-1785310310407,我的房間,True,5,easy,2,3,英文,reverse,English language,英文,English language,yīng wén,N,"[""書"", ""很多"", ""中文"", ""英文""]",,live,ok,,3
custom-story-1785310310407,我的房間,True,5,easy,2,3,英文,listening,英文,英文,English language,yīng wén,N,"[""書"", ""很多"", ""中文"", ""英文""]",,live,ok,,3
custom-story-1785310310407,我的房間,True,5,easy,2,3,英文,pinyin,英文,yīng wén,English language,yīng wén,N,"[""shū"", ""hěn duō"", ""zhōng wén"", ""yīng wén""]",,live,ok,,3
custom-story-1785310310407,我的房間,True,5,easy,2,3,英文,pos,英文,N,English language,yīng wén,N,[],,live,ok,,3
custom-story-1785310310407,我的房間,True,5,easy,2,3,英文,cloze,我正在學____。,英文,English language,yīng wén,N,"[""中文"", ""日文"", ""韓文""]",我正在學英文。,live,ok,,3
custom-story-1785310310407,我的房間,True,5,easy,2,3,英文,synonym,英文,英語,English language,yīng wén,N,"[""中文"", ""日語"", ""德語""]",,live,ok,,3
custom-story-1785310310407,我的房間,True,5,medium,2,0,書,translation,書,book,book,shū,N,"[""magazine"", ""newspaper"", ""pamphlet"", ""manual"", ""guide"", ""brochure""]",,live,ok,,3
custom-story-1785310310407,我的房間,True,5,medium,2,0,書,reverse,book,書,book,shū,N,"[""書"", ""很多"", ""中文"", ""英文""]",,live,ok,,3
custom-story-1785310310407,我的房間,True,5,medium,2,0,書,listening,書,書,book,shū,N,"[""書"", ""很多"", ""中文"", ""英文""]",,live,ok,,3
custom-story-1785310310407,我的房間,True,5,medium,2,0,書,pinyin,書,shū,book,shū,N,"[""shū"", ""hěn duō"", ""zhōng wén"", ""yīng wén""]",,live,ok,,3
custom-story-1785310310407,我的房間,True,5,medium,2,0,書,pos,書,N,book,shū,N,[],,live,ok,,3
custom-story-1785310310407,我的房間,True,5,medium,2,0,書,cloze,我有一本很厚的____。,書,book,shū,N,"[""雜誌"", ""報紙"", ""照片""]",我有一本很厚的書。,live,ok,,3
custom-story-1785310310407,我的房間,True,5,medium,2,1,很多,translation,很多,many,many,hěn duō,Quant,"[""enough"", ""sufficient"", ""excessive"", ""plenty"", ""abundant"", ""numerous""]",,live,ok,,3
custom-story-1785310310407,我的房間,True,5,medium,2,1,很多,reverse,many,很多,many,hěn duō,Quant,"[""書"", ""很多"", ""中文"", ""英文""]",,live,ok,,3
custom-story-1785310310407,我的房間,True,5,medium,2,1,很多,listening,很多,很多,many,hěn duō,Quant,"[""書"", ""很多"", ""中文"", ""英文""]",,live,ok,,3
custom-story-1785310310407,我的房間,True,5,medium,2,1,很多,pinyin,很多,hěn duō,many,hěn duō,Quant,"[""shū"", ""hěn duō"", ""zhōng wén"", ""yīng wén""]",,live,ok,,3
custom-story-1785310310407,我的房間,True,5,medium,2,1,很多,pos,很多,Quant,many,hěn duō,Quant,[],,live,ok,,3
custom-story-1785310310407,我的房間,True,5,medium,2,1,很多,cloze,我有____的朋友。,很多,many,hěn duō,Quant,"[""很少"", ""太多"", ""幾個""]",我有很多的朋友。,live,ok,,3
custom-story-1785310310407,我的房間,True,5,medium,2,1,很多,synonym,很多,大量,many,hěn duō,Quant,"[""少量"", ""小數"", ""輕便""]",,live,ok,,3
custom-story-1785310310407,我的房間,True,5,medium,2,2,中文,translation,中文,Chinese language,Chinese language,zhōng wén,N,"[""dialect"", ""slang"", ""jargon"", ""Mandarin dialect"", ""Taiwanese language"", ""Cantonese""]",,live,ok,,3
custom-story-1785310310407,我的房間,True,5,medium,2,2,中文,reverse,Chinese language,中文,Chinese language,zhōng wén,N,"[""書"", ""很多"", ""中文"", ""英文""]",,live,ok,,3
custom-story-1785310310407,我的房間,True,5,medium,2,2,中文,listening,中文,中文,Chinese language,zhōng wén,N,"[""書"", ""很多"", ""中文"", ""英文""]",,live,ok,,3
custom-story-1785310310407,我的房間,True,5,medium,2,2,中文,pinyin,中文,zhōng wén,Chinese language,zhōng wén,N,"[""shū"", ""hěn duō"", ""zhōng wén"", ""yīng wén""]",,live,ok,,3
custom-story-1785310310407,我的房間,True,5,medium,2,2,中文,pos,中文,N,Chinese language,zhōng wén,N,[],,live,ok,,3
custom-story-1785310310407,我的房間,True,5,medium,2,2,中文,cloze,我會說____。,中文,Chinese language,zhōng wén,N,"[""英文"", ""日文"", ""韓文""]",我會說中文。,live,ok,,3
custom-story-1785310310407,我的房間,True,5,medium,2,2,中文,synonym,中文,漢語,Chinese language,zhōng wén,N,"[""英文"", ""日語"", ""法語""]",,live,ok,,3
custom-story-1785310310407,我的房間,True,5,medium,2,3,英文,translation,英文,English language,English language,yīng wén,N,"[""slang"", ""colloquialism"", ""idiom"", ""American language"", ""British dialect"", ""Australian slang""]",,live,ok,,3
custom-story-1785310310407,我的房間,True,5,medium,2,3,英文,reverse,English language,英文,English language,yīng wén,N,"[""書"", ""很多"", ""中文"", ""英文""]",,live,ok,,3
custom-story-1785310310407,我的房間,True,5,medium,2,3,英文,listening,英文,英文,English language,yīng wén,N,"[""書"", ""很多"", ""中文"", ""英文""]",,live,ok,,3
custom-story-1785310310407,我的房間,True,5,medium,2,3,英文,pinyin,英文,yīng wén,English language,yīng wén,N,"[""shū"", ""hěn duō"", ""zhōng wén"", ""yīng wén""]",,live,ok,,3
custom-story-1785310310407,我的房間,True,5,medium,2,3,英文,pos,英文,N,English language,yīng wén,N,[],,live,ok,,3
custom-story-1785310310407,我的房間,True,5,medium,2,3,英文,cloze,我正在學____。,英文,English language,yīng wén,N,"[""中文"", ""日文"", ""韓文""]",我正在學英文。,live,ok,,3
custom-story-1785310310407,我的房間,True,5,medium,2,3,英文,synonym,英文,英語,English language,yīng wén,N,"[""中文"", ""日語"", ""德語""]",,live,ok,,3
custom-story-1785310310407,我的房間,True,5,hard,2,0,書,translation,書,book,book,shū,N,"[""magazine"", ""newspaper"", ""pamphlet"", ""manual"", ""guide"", ""brochure""]",,live,ok,,3
custom-story-1785310310407,我的房間,True,5,hard,2,0,書,reverse,book,書,book,shū,N,"[""書"", ""很多"", ""中文"", ""英文""]",,live,ok,,3
custom-story-1785310310407,我的房間,True,5,hard,2,0,書,listening,書,書,book,shū,N,"[""書"", ""很多"", ""中文"", ""英文""]",,live,ok,,3
custom-story-1785310310407,我的房間,True,5,hard,2,0,書,pinyin,書,shū,book,shū,N,"[""shū"", ""hěn duō"", ""zhōng wén"", ""yīng wén""]",,live,ok,,3
custom-story-1785310310407,我的房間,True,5,hard,2,0,書,pos,書,N,book,shū,N,[],,live,ok,,3
custom-story-1785310310407,我的房間,True,5,hard,2,0,書,cloze,我有一本很厚的____。,書,book,shū,N,"[""雜誌"", ""報紙"", ""照片""]",我有一本很厚的書。,live,ok,,3
custom-story-1785310310407,我的房間,True,5,hard,2,1,很多,translation,很多,many,many,hěn duō,Quant,"[""enough"", ""sufficient"", ""excessive"", ""plenty"", ""abundant"", ""numerous""]",,live,ok,,3
custom-story-1785310310407,我的房間,True,5,hard,2,1,很多,reverse,many,很多,many,hěn duō,Quant,"[""書"", ""很多"", ""中文"", ""英文""]",,live,ok,,3
custom-story-1785310310407,我的房間,True,5,hard,2,1,很多,listening,很多,很多,many,hěn duō,Quant,"[""書"", ""很多"", ""中文"", ""英文""]",,live,ok,,3
custom-story-1785310310407,我的房間,True,5,hard,2,1,很多,pinyin,很多,hěn duō,many,hěn duō,Quant,"[""shū"", ""hěn duō"", ""zhōng wén"", ""yīng wén""]",,live,ok,,3
custom-story-1785310310407,我的房間,True,5,hard,2,1,很多,pos,很多,Quant,many,hěn duō,Quant,[],,live,ok,,3
custom-story-1785310310407,我的房間,True,5,hard,2,1,很多,cloze,我有____的朋友。,很多,many,hěn duō,Quant,"[""很少"", ""太多"", ""幾個""]",我有很多的朋友。,live,ok,,3
custom-story-1785310310407,我的房間,True,5,hard,2,1,很多,synonym,很多,大量,many,hěn duō,Quant,"[""少量"", ""小數"", ""輕便""]",,live,ok,,3
custom-story-1785310310407,我的房間,True,5,hard,2,2,中文,translation,中文,Chinese language,Chinese language,zhōng wén,N,"[""dialect"", ""slang"", ""jargon"", ""Mandarin dialect"", ""Taiwanese language"", ""Cantonese""]",,live,ok,,3
custom-story-1785310310407,我的房間,True,5,hard,2,2,中文,reverse,Chinese language,中文,Chinese language,zhōng wén,N,"[""書"", ""很多"", ""中文"", ""英文""]",,live,ok,,3
custom-story-1785310310407,我的房間,True,5,hard,2,2,中文,listening,中文,中文,Chinese language,zhōng wén,N,"[""書"", ""很多"", ""中文"", ""英文""]",,live,ok,,3
custom-story-1785310310407,我的房間,True,5,hard,2,2,中文,pinyin,中文,zhōng wén,Chinese language,zhōng wén,N,"[""shū"", ""hěn duō"", ""zhōng wén"", ""yīng wén""]",,live,ok,,3
custom-story-1785310310407,我的房間,True,5,hard,2,2,中文,pos,中文,N,Chinese language,zhōng wén,N,[],,live,ok,,3
custom-story-1785310310407,我的房間,True,5,hard,2,2,中文,cloze,我會說____。,中文,Chinese language,zhōng wén,N,"[""英文"", ""日文"", ""韓文""]",我會說中文。,live,ok,,3
custom-story-1785310310407,我的房間,True,5,hard,2,2,中文,synonym,中文,漢語,Chinese language,zhōng wén,N,"[""英文"", ""日語"", ""法語""]",,live,ok,,3
custom-story-1785310310407,我的房間,True,5,hard,2,3,英文,translation,英文,English language,English language,yīng wén,N,"[""slang"", ""colloquialism"", ""idiom"", ""American language"", ""British dialect"", ""Australian slang""]",,live,ok,,3
custom-story-1785310310407,我的房間,True,5,hard,2,3,英文,reverse,English language,英文,English language,yīng wén,N,"[""書"", ""很多"", ""中文"", ""英文""]",,live,ok,,3
custom-story-1785310310407,我的房間,True,5,hard,2,3,英文,listening,英文,英文,English language,yīng wén,N,"[""書"", ""很多"", ""中文"", ""英文""]",,live,ok,,3
custom-story-1785310310407,我的房間,True,5,hard,2,3,英文,pinyin,英文,yīng wén,English language,yīng wén,N,"[""shū"", ""hěn duō"", ""zhōng wén"", ""yīng wén""]",,live,ok,,3
custom-story-1785310310407,我的房間,True,5,hard,2,3,英文,pos,英文,N,English language,yīng wén,N,[],,live,ok,,3
custom-story-1785310310407,我的房間,True,5,hard,2,3,英文,cloze,我正在學____。,英文,English language,yīng wén,N,"[""中文"", ""日文"", ""韓文""]",我正在學英文。,live,ok,,3
custom-story-1785310310407,我的房間,True,5,hard,2,3,英文,synonym,英文,英語,English language,yīng wén,N,"[""中文"", ""日語"", ""德語""]",,live,ok,,3
custom-story-1785310310407,我的房間,True,5,easy,3,0,房間,translation,房間,room,room,fángjiān,N,"[""cellar"", ""basement"", ""garage"", ""den"", ""parlor"", ""study""]",,live,ok,,3
custom-story-1785310310407,我的房間,True,5,easy,3,0,房間,reverse,room,房間,room,fángjiān,N,"[""房間"", ""窗戶"", ""大"", ""貓"", ""喜歡"", ""曬太陽""]",,live,ok,,3
custom-story-1785310310407,我的房間,True,5,easy,3,0,房間,listening,房間,房間,room,fángjiān,N,"[""房間"", ""窗戶"", ""大"", ""貓"", ""喜歡"", ""曬太陽""]",,live,ok,,3
custom-story-1785310310407,我的房間,True,5,easy,3,0,房間,pinyin,房間,fángjiān,room,fángjiān,N,"[""fángjiān"", ""chuāng hù"", ""dà"", ""māo"", ""xǐ huān"", ""shài tài yáng""]",,live,ok,,3
custom-story-1785310310407,我的房間,True,5,easy,3,0,房間,pos,房間,N,room,fángjiān,N,[],,live,ok,,3
custom-story-1785310310407,我的房間,True,5,easy,3,0,房間,cloze,我____的窗戶很大。,房間,room,fángjiān,N,"[""教室"", ""客廳"", ""廚房""]",我房間的窗戶很大。,live,ok,,3
custom-story-1785310310407,我的房間,True,5,easy,3,0,房間,cloze,我最喜歡在我的____裡學習。,房間,room,fángjiān,N,"[""教室"", ""圖書館"", ""公園""]",我最喜歡在我的房間裡學習。,live,ok,,3
custom-story-1785310310407,我的房間,True,5,easy,3,1,窗戶,translation,窗戶,window,window,chuāng hù,N,"[""door"", ""gate"", ""fence"", ""skylight"", ""porthole"", ""transom""]",,live,ok,,3
custom-story-1785310310407,我的房間,True,5,easy,3,1,窗戶,reverse,window,窗戶,window,chuāng hù,N,"[""房間"", ""窗戶"", ""大"", ""貓"", ""喜歡"", ""曬太陽""]",,live,ok,,3
custom-story-1785310310407,我的房間,True,5,easy,3,1,窗戶,listening,窗戶,窗戶,window,chuāng hù,N,"[""房間"", ""窗戶"", ""大"", ""貓"", ""喜歡"", ""曬太陽""]",,live,ok,,3
custom-story-1785310310407,我的房間,True,5,easy,3,1,窗戶,pinyin,窗戶,chuāng hù,window,chuāng hù,N,"[""fángjiān"", ""chuāng hù"", ""dà"", ""māo"", ""xǐ huān"", ""shài tài yáng""]",,live,ok,,3
custom-story-1785310310407,我的房間,True,5,easy,3,1,窗戶,pos,窗戶,N,window,chuāng hù,N,[],,live,ok,,3
custom-story-1785310310407,我的房間,True,5,easy,3,1,窗戶,cloze,我房間的____很大。,窗戶,window,chuāng hù,N,"[""門"", ""牆"", ""地板""]",我房間的窗戶很大。,live,ok,,3
custom-story-1785310310407,我的房間,True,5,easy,3,1,窗戶,synonym,窗戶,窗,window,chuāng hù,N,"[""門"", ""牆"", ""天花板""]",,live,ok,,3
custom-story-1785310310407,我的房間,True,5,easy,3,2,大,translation,大,big,big,dà,Adj,"[""old"", ""heavy"", ""expensive"", ""tall"", ""long"", ""wide""]",,live,ok,,3
custom-story-1785310310407,我的房間,True,5,easy,3,2,大,reverse,big,大,big,dà,Adj,"[""房間"", ""窗戶"", ""大"", ""貓"", ""喜歡"", ""曬太陽""]",,live,ok,,3
custom-story-1785310310407,我的房間,True,5,easy,3,2,大,listening,大,大,big,dà,Adj,"[""房間"", ""窗戶"", ""大"", ""貓"", ""喜歡"", ""曬太陽""]",,live,ok,,3
custom-story-1785310310407,我的房間,True,5,easy,3,2,大,pinyin,大,dà,big,dà,Adj,"[""fángjiān"", ""chuāng hù"", ""dà"", ""māo"", ""xǐ huān"", ""shài tài yáng""]",,live,ok,,3
custom-story-1785310310407,我的房間,True,5,easy,3,2,大,pos,大,Adj,big,dà,Adj,[],,live,ok,,3
custom-story-1785310310407,我的房間,True,5,easy,3,2,大,cloze,我房間的窗戶很____。,大,big,dà,Adj,"[""小"", ""紅"", ""圓""]",我房間的窗戶很大。,live,ok,,3
custom-story-1785310310407,我的房間,True,5,easy,3,2,大,synonym,大,巨大,big,dà,Adj,"[""小"", ""快"", ""遠""]",,live,ok,,3
custom-story-1785310310407,我的房間,True,5,easy,3,3,貓,translation,貓,cat,cat,māo,N,"[""dog"", ""bird"", ""fish"", ""kitten"", ""tomcat"", ""tabby""]",,live,ok,,3
custom-story-1785310310407,我的房間,True,5,easy,3,3,貓,reverse,cat,貓,cat,māo,N,"[""房間"", ""窗戶"", ""大"", ""貓"", ""喜歡"", ""曬太陽""]",,live,ok,,3
custom-story-1785310310407,我的房間,True,5,easy,3,3,貓,listening,貓,貓,cat,māo,N,"[""房間"", ""窗戶"", ""大"", ""貓"", ""喜歡"", ""曬太陽""]",,live,ok,,3
custom-story-1785310310407,我的房間,True,5,easy,3,3,貓,pinyin,貓,māo,cat,māo,N,"[""fángjiān"", ""chuāng hù"", ""dà"", ""māo"", ""xǐ huān"", ""shài tài yáng""]",,live,ok,,3
custom-story-1785310310407,我的房間,True,5,easy,3,3,貓,pos,貓,N,cat,māo,N,[],,live,ok,,3
custom-story-1785310310407,我的房間,True,5,easy,3,3,貓,cloze,我有一隻很可愛的____。,貓,cat,māo,N,"[""狗"", ""鳥"", ""魚""]",我有一隻很可愛的貓。,live,ok,,3
custom-story-1785310310407,我的房間,True,5,easy,3,4,喜歡,translation,喜歡,like,like,xǐ huān,V,"[""hate"", ""fear"", ""ignore"", ""enjoy"", ""appreciate"", ""adore""]",,live,ok,,3
custom-story-1785310310407,我的房間,True,5,easy,3,4,喜歡,reverse,like,喜歡,like,xǐ huān,V,"[""房間"", ""窗戶"", ""大"", ""貓"", ""喜歡"", ""曬太陽""]",,live,ok,,3
custom-story-1785310310407,我的房間,True,5,easy,3,4,喜歡,listening,喜歡,喜歡,like,xǐ huān,V,"[""房間"", ""窗戶"", ""大"", ""貓"", ""喜歡"", ""曬太陽""]",,live,ok,,3
custom-story-1785310310407,我的房間,True,5,easy,3,4,喜歡,pinyin,喜歡,xǐ huān,like,xǐ huān,V,"[""fángjiān"", ""chuāng hù"", ""dà"", ""māo"", ""xǐ huān"", ""shài tài yáng""]",,live,ok,,3
custom-story-1785310310407,我的房間,True,5,easy,3,4,喜歡,pos,喜歡,V,like,xǐ huān,V,[],,live,ok,,3
custom-story-1785310310407,我的房間,True,5,easy,3,4,喜歡,cloze,我____吃水果。,喜歡,like,xǐ huān,V,"[""討厭"", ""愛"", ""恨""]",我喜歡吃水果。,live,ok,,3
custom-story-1785310310407,我的房間,True,5,easy,3,4,喜歡,synonym,喜歡,愛好,like,xǐ huān,V,"[""討厭"", ""害怕"", ""忽視""]",,live,ok,,3
custom-story-1785310310407,我的房間,True,5,easy,3,5,曬太陽,translation,曬太陽,sunbathe,sunbathe,shài tài yáng,V,"[""take a walk"", ""go for a run"", ""play sports"", ""get a tan"", ""soak up rays"", ""bask in warmth""]",,live,ok,,3
custom-story-1785310310407,我的房間,True,5,easy,3,5,曬太陽,reverse,sunbathe,曬太陽,sunbathe,shài tài yáng,V,"[""房間"", ""窗戶"", ""大"", ""貓"", ""喜歡"", ""曬太陽""]",,live,ok,,3
custom-story-1785310310407,我的房間,True,5,easy,3,5,曬太陽,listening,曬太陽,曬太陽,sunbathe,shài tài yáng,V,"[""房間"", ""窗戶"", ""大"", ""貓"", ""喜歡"", ""曬太陽""]",,live,ok,,3
custom-story-1785310310407,我的房間,True,5,easy,3,5,曬太陽,pinyin,曬太陽,shài tài yáng,sunbathe,shài tài yáng,V,"[""fángjiān"", ""chuāng hù"", ""dà"", ""māo"", ""xǐ huān"", ""shài tài yáng""]",,live,ok,,3
custom-story-1785310310407,我的房間,True,5,easy,3,5,曬太陽,pos,曬太陽,V,sunbathe,shài tài yáng,V,[],,live,ok,,3
custom-story-1785310310407,我的房間,True,5,easy,3,5,曬太陽,cloze,我的貓喜歡在窗戶旁邊____。,曬太陽,sunbathe,shài tài yáng,V,"[""看書"", ""玩遊戲"", ""聽音樂""]",我的貓喜歡在窗戶旁邊曬太陽。,live,ok,,3
custom-story-1785310310407,我的房間,True,5,medium,3,0,房間,translation,房間,room,room,fángjiān,N,"[""cellar"", ""basement"", ""garage"", ""den"", ""parlor"", ""study""]",,live,ok,,3
custom-story-1785310310407,我的房間,True,5,medium,3,0,房間,reverse,room,房間,room,fángjiān,N,"[""房間"", ""窗戶"", ""大"", ""貓"", ""喜歡"", ""曬太陽""]",,live,ok,,3
custom-story-1785310310407,我的房間,True,5,medium,3,0,房間,listening,房間,房間,room,fángjiān,N,"[""房間"", ""窗戶"", ""大"", ""貓"", ""喜歡"", ""曬太陽""]",,live,ok,,3
custom-story-1785310310407,我的房間,True,5,medium,3,0,房間,pinyin,房間,fángjiān,room,fángjiān,N,"[""fángjiān"", ""chuāng hù"", ""dà"", ""māo"", ""xǐ huān"", ""shài tài yáng""]",,live,ok,,3
custom-story-1785310310407,我的房間,True,5,medium,3,0,房間,pos,房間,N,room,fángjiān,N,[],,live,ok,,3
custom-story-1785310310407,我的房間,True,5,medium,3,0,房間,cloze,我____的窗戶很大。,房間,room,fángjiān,N,"[""教室"", ""客廳"", ""廚房""]",我房間的窗戶很大。,live,ok,,3
custom-story-1785310310407,我的房間,True,5,medium,3,0,房間,cloze,我最喜歡在我的____裡學習。,房間,room,fángjiān,N,"[""教室"", ""圖書館"", ""公園""]",我最喜歡在我的房間裡學習。,live,ok,,3
custom-story-1785310310407,我的房間,True,5,medium,3,1,窗戶,translation,窗戶,window,window,chuāng hù,N,"[""door"", ""gate"", ""fence"", ""skylight"", ""porthole"", ""transom""]",,live,ok,,3
custom-story-1785310310407,我的房間,True,5,medium,3,1,窗戶,reverse,window,窗戶,window,chuāng hù,N,"[""房間"", ""窗戶"", ""大"", ""貓"", ""喜歡"", ""曬太陽""]",,live,ok,,3
custom-story-1785310310407,我的房間,True,5,medium,3,1,窗戶,listening,窗戶,窗戶,window,chuāng hù,N,"[""房間"", ""窗戶"", ""大"", ""貓"", ""喜歡"", ""曬太陽""]",,live,ok,,3
custom-story-1785310310407,我的房間,True,5,medium,3,1,窗戶,pinyin,窗戶,chuāng hù,window,chuāng hù,N,"[""fángjiān"", ""chuāng hù"", ""dà"", ""māo"", ""xǐ huān"", ""shài tài yáng""]",,live,ok,,3
custom-story-1785310310407,我的房間,True,5,medium,3,1,窗戶,pos,窗戶,N,window,chuāng hù,N,[],,live,ok,,3
custom-story-1785310310407,我的房間,True,5,medium,3,1,窗戶,cloze,我房間的____很大。,窗戶,window,chuāng hù,N,"[""門"", ""牆"", ""地板""]",我房間的窗戶很大。,live,ok,,3
custom-story-1785310310407,我的房間,True,5,medium,3,1,窗戶,synonym,窗戶,窗,window,chuāng hù,N,"[""門"", ""牆"", ""天花板""]",,live,ok,,3
custom-story-1785310310407,我的房間,True,5,medium,3,2,大,translation,大,big,big,dà,Adj,"[""old"", ""heavy"", ""expensive"", ""tall"", ""long"", ""wide""]",,live,ok,,3
custom-story-1785310310407,我的房間,True,5,medium,3,2,大,reverse,big,大,big,dà,Adj,"[""房間"", ""窗戶"", ""大"", ""貓"", ""喜歡"", ""曬太陽""]",,live,ok,,3
custom-story-1785310310407,我的房間,True,5,medium,3,2,大,listening,大,大,big,dà,Adj,"[""房間"", ""窗戶"", ""大"", ""貓"", ""喜歡"", ""曬太陽""]",,live,ok,,3
custom-story-1785310310407,我的房間,True,5,medium,3,2,大,pinyin,大,dà,big,dà,Adj,"[""fángjiān"", ""chuāng hù"", ""dà"", ""māo"", ""xǐ huān"", ""shài tài yáng""]",,live,ok,,3
custom-story-1785310310407,我的房間,True,5,medium,3,2,大,pos,大,Adj,big,dà,Adj,[],,live,ok,,3
custom-story-1785310310407,我的房間,True,5,medium,3,2,大,cloze,我房間的窗戶很____。,大,big,dà,Adj,"[""小"", ""紅"", ""圓""]",我房間的窗戶很大。,live,ok,,3
custom-story-1785310310407,我的房間,True,5,medium,3,2,大,synonym,大,巨大,big,dà,Adj,"[""小"", ""快"", ""遠""]",,live,ok,,3
custom-story-1785310310407,我的房間,True,5,medium,3,3,貓,translation,貓,cat,cat,māo,N,"[""dog"", ""bird"", ""fish"", ""kitten"", ""tomcat"", ""tabby""]",,live,ok,,3
custom-story-1785310310407,我的房間,True,5,medium,3,3,貓,reverse,cat,貓,cat,māo,N,"[""房間"", ""窗戶"", ""大"", ""貓"", ""喜歡"", ""曬太陽""]",,live,ok,,3
custom-story-1785310310407,我的房間,True,5,medium,3,3,貓,listening,貓,貓,cat,māo,N,"[""房間"", ""窗戶"", ""大"", ""貓"", ""喜歡"", ""曬太陽""]",,live,ok,,3
custom-story-1785310310407,我的房間,True,5,medium,3,3,貓,pinyin,貓,māo,cat,māo,N,"[""fángjiān"", ""chuāng hù"", ""dà"", ""māo"", ""xǐ huān"", ""shài tài yáng""]",,live,ok,,3
custom-story-1785310310407,我的房間,True,5,medium,3,3,貓,pos,貓,N,cat,māo,N,[],,live,ok,,3
custom-story-1785310310407,我的房間,True,5,medium,3,3,貓,cloze,我有一隻很可愛的____。,貓,cat,māo,N,"[""狗"", ""鳥"", ""魚""]",我有一隻很可愛的貓。,live,ok,,3
custom-story-1785310310407,我的房間,True,5,medium,3,4,喜歡,translation,喜歡,like,like,xǐ huān,V,"[""hate"", ""fear"", ""ignore"", ""enjoy"", ""appreciate"", ""adore""]",,live,ok,,3
custom-story-1785310310407,我的房間,True,5,medium,3,4,喜歡,reverse,like,喜歡,like,xǐ huān,V,"[""房間"", ""窗戶"", ""大"", ""貓"", ""喜歡"", ""曬太陽""]",,live,ok,,3
custom-story-1785310310407,我的房間,True,5,medium,3,4,喜歡,listening,喜歡,喜歡,like,xǐ huān,V,"[""房間"", ""窗戶"", ""大"", ""貓"", ""喜歡"", ""曬太陽""]",,live,ok,,3
custom-story-1785310310407,我的房間,True,5,medium,3,4,喜歡,pinyin,喜歡,xǐ huān,like,xǐ huān,V,"[""fángjiān"", ""chuāng hù"", ""dà"", ""māo"", ""xǐ huān"", ""shài tài yáng""]",,live,ok,,3
custom-story-1785310310407,我的房間,True,5,medium,3,4,喜歡,pos,喜歡,V,like,xǐ huān,V,[],,live,ok,,3
custom-story-1785310310407,我的房間,True,5,medium,3,4,喜歡,cloze,我____吃水果。,喜歡,like,xǐ huān,V,"[""討厭"", ""愛"", ""恨""]",我喜歡吃水果。,live,ok,,3
custom-story-1785310310407,我的房間,True,5,medium,3,4,喜歡,synonym,喜歡,愛好,like,xǐ huān,V,"[""討厭"", ""害怕"", ""忽視""]",,live,ok,,3
custom-story-1785310310407,我的房間,True,5,medium,3,5,曬太陽,translation,曬太陽,sunbathe,sunbathe,shài tài yáng,V,"[""take a walk"", ""go for a run"", ""play sports"", ""get a tan"", ""soak up rays"", ""bask in warmth""]",,live,ok,,3
custom-story-1785310310407,我的房間,True,5,medium,3,5,曬太陽,reverse,sunbathe,曬太陽,sunbathe,shài tài yáng,V,"[""房間"", ""窗戶"", ""大"", ""貓"", ""喜歡"", ""曬太陽""]",,live,ok,,3
custom-story-1785310310407,我的房間,True,5,medium,3,5,曬太陽,listening,曬太陽,曬太陽,sunbathe,shài tài yáng,V,"[""房間"", ""窗戶"", ""大"", ""貓"", ""喜歡"", ""曬太陽""]",,live,ok,,3
custom-story-1785310310407,我的房間,True,5,medium,3,5,曬太陽,pinyin,曬太陽,shài tài yáng,sunbathe,shài tài yáng,V,"[""fángjiān"", ""chuāng hù"", ""dà"", ""māo"", ""xǐ huān"", ""shài tài yáng""]",,live,ok,,3
custom-story-1785310310407,我的房間,True,5,medium,3,5,曬太陽,pos,曬太陽,V,sunbathe,shài tài yáng,V,[],,live,ok,,3
custom-story-1785310310407,我的房間,True,5,medium,3,5,曬太陽,cloze,我的貓喜歡在窗戶旁邊____。,曬太陽,sunbathe,shài tài yáng,V,"[""看書"", ""玩遊戲"", ""聽音樂""]",我的貓喜歡在窗戶旁邊曬太陽。,live,ok,,3
custom-story-1785310310407,我的房間,True,5,hard,3,0,房間,translation,房間,room,room,fángjiān,N,"[""cellar"", ""basement"", ""garage"", ""den"", ""parlor"", ""study""]",,live,ok,,3
custom-story-1785310310407,我的房間,True,5,hard,3,0,房間,reverse,room,房間,room,fángjiān,N,"[""房間"", ""窗戶"", ""大"", ""貓"", ""喜歡"", ""曬太陽""]",,live,ok,,3
custom-story-1785310310407,我的房間,True,5,hard,3,0,房間,listening,房間,房間,room,fángjiān,N,"[""房間"", ""窗戶"", ""大"", ""貓"", ""喜歡"", ""曬太陽""]",,live,ok,,3
custom-story-1785310310407,我的房間,True,5,hard,3,0,房間,pinyin,房間,fángjiān,room,fángjiān,N,"[""fángjiān"", ""chuāng hù"", ""dà"", ""māo"", ""xǐ huān"", ""shài tài yáng""]",,live,ok,,3
custom-story-1785310310407,我的房間,True,5,hard,3,0,房間,pos,房間,N,room,fángjiān,N,[],,live,ok,,3
custom-story-1785310310407,我的房間,True,5,hard,3,0,房間,cloze,我____的窗戶很大。,房間,room,fángjiān,N,"[""教室"", ""客廳"", ""廚房""]",我房間的窗戶很大。,live,ok,,3
custom-story-1785310310407,我的房間,True,5,hard,3,0,房間,cloze,我最喜歡在我的____裡學習。,房間,room,fángjiān,N,"[""教室"", ""圖書館"", ""公園""]",我最喜歡在我的房間裡學習。,live,ok,,3
custom-story-1785310310407,我的房間,True,5,hard,3,1,窗戶,translation,窗戶,window,window,chuāng hù,N,"[""door"", ""gate"", ""fence"", ""skylight"", ""porthole"", ""transom""]",,live,ok,,3
custom-story-1785310310407,我的房間,True,5,hard,3,1,窗戶,reverse,window,窗戶,window,chuāng hù,N,"[""房間"", ""窗戶"", ""大"", ""貓"", ""喜歡"", ""曬太陽""]",,live,ok,,3
custom-story-1785310310407,我的房間,True,5,hard,3,1,窗戶,listening,窗戶,窗戶,window,chuāng hù,N,"[""房間"", ""窗戶"", ""大"", ""貓"", ""喜歡"", ""曬太陽""]",,live,ok,,3
custom-story-1785310310407,我的房間,True,5,hard,3,1,窗戶,pinyin,窗戶,chuāng hù,window,chuāng hù,N,"[""fángjiān"", ""chuāng hù"", ""dà"", ""māo"", ""xǐ huān"", ""shài tài yáng""]",,live,ok,,3
custom-story-1785310310407,我的房間,True,5,hard,3,1,窗戶,pos,窗戶,N,window,chuāng hù,N,[],,live,ok,,3
custom-story-1785310310407,我的房間,True,5,hard,3,1,窗戶,cloze,我房間的____很大。,窗戶,window,chuāng hù,N,"[""門"", ""牆"", ""地板""]",我房間的窗戶很大。,live,ok,,3
custom-story-1785310310407,我的房間,True,5,hard,3,1,窗戶,synonym,窗戶,窗,window,chuāng hù,N,"[""門"", ""牆"", ""天花板""]",,live,ok,,3
custom-story-1785310310407,我的房間,True,5,hard,3,2,大,translation,大,big,big,dà,Adj,"[""old"", ""heavy"", ""expensive"", ""tall"", ""long"", ""wide""]",,live,ok,,3
custom-story-1785310310407,我的房間,True,5,hard,3,2,大,reverse,big,大,big,dà,Adj,"[""房間"", ""窗戶"", ""大"", ""貓"", ""喜歡"", ""曬太陽""]",,live,ok,,3
custom-story-1785310310407,我的房間,True,5,hard,3,2,大,listening,大,大,big,dà,Adj,"[""房間"", ""窗戶"", ""大"", ""貓"", ""喜歡"", ""曬太陽""]",,live,ok,,3
custom-story-1785310310407,我的房間,True,5,hard,3,2,大,pinyin,大,dà,big,dà,Adj,"[""fángjiān"", ""chuāng hù"", ""dà"", ""māo"", ""xǐ huān"", ""shài tài yáng""]",,live,ok,,3
custom-story-1785310310407,我的房間,True,5,hard,3,2,大,pos,大,Adj,big,dà,Adj,[],,live,ok,,3
custom-story-1785310310407,我的房間,True,5,hard,3,2,大,cloze,我房間的窗戶很____。,大,big,dà,Adj,"[""小"", ""紅"", ""圓""]",我房間的窗戶很大。,live,ok,,3
custom-story-1785310310407,我的房間,True,5,hard,3,2,大,synonym,大,巨大,big,dà,Adj,"[""小"", ""快"", ""遠""]",,live,ok,,3
custom-story-1785310310407,我的房間,True,5,hard,3,3,貓,translation,貓,cat,cat,māo,N,"[""dog"", ""bird"", ""fish"", ""kitten"", ""tomcat"", ""tabby""]",,live,ok,,3
custom-story-1785310310407,我的房間,True,5,hard,3,3,貓,reverse,cat,貓,cat,māo,N,"[""房間"", ""窗戶"", ""大"", ""貓"", ""喜歡"", ""曬太陽""]",,live,ok,,3
custom-story-1785310310407,我的房間,True,5,hard,3,3,貓,listening,貓,貓,cat,māo,N,"[""房間"", ""窗戶"", ""大"", ""貓"", ""喜歡"", ""曬太陽""]",,live,ok,,3
custom-story-1785310310407,我的房間,True,5,hard,3,3,貓,pinyin,貓,māo,cat,māo,N,"[""fángjiān"", ""chuāng hù"", ""dà"", ""māo"", ""xǐ huān"", ""shài tài yáng""]",,live,ok,,3
custom-story-1785310310407,我的房間,True,5,hard,3,3,貓,pos,貓,N,cat,māo,N,[],,live,ok,,3
custom-story-1785310310407,我的房間,True,5,hard,3,3,貓,cloze,我有一隻很可愛的____。,貓,cat,māo,N,"[""狗"", ""鳥"", ""魚""]",我有一隻很可愛的貓。,live,ok,,3
custom-story-1785310310407,我的房間,True,5,hard,3,4,喜歡,translation,喜歡,like,like,xǐ huān,V,"[""hate"", ""fear"", ""ignore"", ""enjoy"", ""appreciate"", ""adore""]",,live,ok,,3
custom-story-1785310310407,我的房間,True,5,hard,3,4,喜歡,reverse,like,喜歡,like,xǐ huān,V,"[""房間"", ""窗戶"", ""大"", ""貓"", ""喜歡"", ""曬太陽""]",,live,ok,,3
custom-story-1785310310407,我的房間,True,5,hard,3,4,喜歡,listening,喜歡,喜歡,like,xǐ huān,V,"[""房間"", ""窗戶"", ""大"", ""貓"", ""喜歡"", ""曬太陽""]",,live,ok,,3
custom-story-1785310310407,我的房間,True,5,hard,3,4,喜歡,pinyin,喜歡,xǐ huān,like,xǐ huān,V,"[""fángjiān"", ""chuāng hù"", ""dà"", ""māo"", ""xǐ huān"", ""shài tài yáng""]",,live,ok,,3
custom-story-1785310310407,我的房間,True,5,hard,3,4,喜歡,pos,喜歡,V,like,xǐ huān,V,[],,live,ok,,3
custom-story-1785310310407,我的房間,True,5,hard,3,4,喜歡,cloze,我____吃水果。,喜歡,like,xǐ huān,V,"[""討厭"", ""愛"", ""恨""]",我喜歡吃水果。,live,ok,,3
custom-story-1785310310407,我的房間,True,5,hard,3,4,喜歡,synonym,喜歡,愛好,like,xǐ huān,V,"[""討厭"", ""害怕"", ""忽視""]",,live,ok,,3
custom-story-1785310310407,我的房間,True,5,hard,3,5,曬太陽,translation,曬太陽,sunbathe,sunbathe,shài tài yáng,V,"[""take a walk"", ""go for a run"", ""play sports"", ""get a tan"", ""soak up rays"", ""bask in warmth""]",,live,ok,,3
custom-story-1785310310407,我的房間,True,5,hard,3,5,曬太陽,reverse,sunbathe,曬太陽,sunbathe,shài tài yáng,V,"[""房間"", ""窗戶"", ""大"", ""貓"", ""喜歡"", ""曬太陽""]",,live,ok,,3
custom-story-1785310310407,我的房間,True,5,hard,3,5,曬太陽,listening,曬太陽,曬太陽,sunbathe,shài tài yáng,V,"[""房間"", ""窗戶"", ""大"", ""貓"", ""喜歡"", ""曬太陽""]",,live,ok,,3
custom-story-1785310310407,我的房間,True,5,hard,3,5,曬太陽,pinyin,曬太陽,shài tài yáng,sunbathe,shài tài yáng,V,"[""fángjiān"", ""chuāng hù"", ""dà"", ""māo"", ""xǐ huān"", ""shài tài yáng""]",,live,ok,,3
custom-story-1785310310407,我的房間,True,5,hard,3,5,曬太陽,pos,曬太陽,V,sunbathe,shài tài yáng,V,[],,live,ok,,3
custom-story-1785310310407,我的房間,True,5,hard,3,5,曬太陽,cloze,我的貓喜歡在窗戶旁邊____。,曬太陽,sunbathe,shài tài yáng,V,"[""看書"", ""玩遊戲"", ""聽音樂""]",我的貓喜歡在窗戶旁邊曬太陽。,live,ok,,3
modern-chinese-l6-dialogue-1,第6課 對話一：週末去打網球吧！,True,6,easy,0,0,天氣,translation,天氣,weather,weather,tiānqì,N,[],,live,ok,,1
modern-chinese-l6-dialogue-1,第6課 對話一：週末去打網球吧！,True,6,easy,0,0,天氣,reverse,weather,天氣,weather,tiānqì,N,"[""天氣"", ""風景"", ""漂亮"", ""游泳""]",,live,ok,,1
modern-chinese-l6-dialogue-1,第6課 對話一：週末去打網球吧！,True,6,easy,0,0,天氣,listening,天氣,天氣,weather,tiānqì,N,"[""天氣"", ""風景"", ""漂亮"", ""游泳""]",,live,ok,,1
modern-chinese-l6-dialogue-1,第6課 對話一：週末去打網球吧！,True,6,easy,0,0,天氣,pinyin,天氣,tiānqì,weather,tiānqì,N,"[""tiānqì"", ""fēngjǐng"", ""piàoliang"", ""yóuyǒng""]",,live,ok,,1
modern-chinese-l6-dialogue-1,第6課 對話一：週末去打網球吧！,True,6,easy,0,0,天氣,pos,天氣,N,weather,tiānqì,N,[],,live,ok,,1
modern-chinese-l6-dialogue-1,第6課 對話一：週末去打網球吧！,True,6,easy,0,0,天氣,cloze,國安：今天____不錯，海邊的風景也很漂亮，我想去游泳，你們想去嗎？,天氣,weather,tiānqì,N,"[""朋友"", ""學校"", ""飯店""]",國安：今天天氣不錯，海邊的風景也很漂亮，我想去游泳，你們想去嗎？,live,ok,,1
modern-chinese-l6-dialogue-1,第6課 對話一：週末去打網球吧！,True,6,easy,0,1,風景,translation,風景,scenery,scenery,fēngjǐng,N,[],,live,ok,,1
modern-chinese-l6-dialogue-1,第6課 對話一：週末去打網球吧！,True,6,easy,0,1,風景,reverse,scenery,風景,scenery,fēngjǐng,N,"[""天氣"", ""風景"", ""漂亮"", ""游泳""]",,live,ok,,1
modern-chinese-l6-dialogue-1,第6課 對話一：週末去打網球吧！,True,6,easy,0,1,風景,listening,風景,風景,scenery,fēngjǐng,N,"[""天氣"", ""風景"", ""漂亮"", ""游泳""]",,live,ok,,1
modern-chinese-l6-dialogue-1,第6課 對話一：週末去打網球吧！,True,6,easy,0,1,風景,pinyin,風景,fēngjǐng,scenery,fēngjǐng,N,"[""tiānqì"", ""fēngjǐng"", ""piàoliang"", ""yóuyǒng""]",,live,ok,,1
modern-chinese-l6-dialogue-1,第6課 對話一：週末去打網球吧！,True,6,easy,0,1,風景,pos,風景,N,scenery,fēngjǐng,N,[],,live,ok,,1
modern-chinese-l6-dialogue-1,第6課 對話一：週末去打網球吧！,True,6,easy,0,1,風景,cloze,國安：今天天氣不錯，海邊的____也很漂亮，我想去游泳，你們想去嗎？,風景,scenery,fēngjǐng,N,"[""朋友"", ""學校"", ""飯店""]",國安：今天天氣不錯，海邊的風景也很漂亮，我想去游泳，你們想去嗎？,live,ok,,1
modern-chinese-l6-dialogue-1,第6課 對話一：週末去打網球吧！,True,6,easy,0,2,漂亮,translation,漂亮,beautiful,beautiful,piàoliang,Adj,[],,live,ok,,1
modern-chinese-l6-dialogue-1,第6課 對話一：週末去打網球吧！,True,6,easy,0,2,漂亮,reverse,beautiful,漂亮,beautiful,piàoliang,Adj,"[""天氣"", ""風景"", ""漂亮"", ""游泳""]",,live,ok,,1
modern-chinese-l6-dialogue-1,第6課 對話一：週末去打網球吧！,True,6,easy,0,2,漂亮,listening,漂亮,漂亮,beautiful,piàoliang,Adj,"[""天氣"", ""風景"", ""漂亮"", ""游泳""]",,live,ok,,1
modern-chinese-l6-dialogue-1,第6課 對話一：週末去打網球吧！,True,6,easy,0,2,漂亮,pinyin,漂亮,piàoliang,beautiful,piàoliang,Adj,"[""tiānqì"", ""fēngjǐng"", ""piàoliang"", ""yóuyǒng""]",,live,ok,,1
modern-chinese-l6-dialogue-1,第6課 對話一：週末去打網球吧！,True,6,easy,0,2,漂亮,pos,漂亮,Adj,beautiful,piàoliang,Adj,[],,live,ok,,1
modern-chinese-l6-dialogue-1,第6課 對話一：週末去打網球吧！,True,6,easy,0,2,漂亮,cloze,國安：今天天氣不錯，海邊的風景也很____，我想去游泳，你們想去嗎？,漂亮,beautiful,piàoliang,Adj,"[""方便"", ""有趣""]",國安：今天天氣不錯，海邊的風景也很漂亮，我想去游泳，你們想去嗎？,live,ok,,1
modern-chinese-l6-dialogue-1,第6課 對話一：週末去打網球吧！,True,6,easy,0,3,游泳,translation,游泳,to swim,to swim,yóuyǒng,V,[],,live,ok,,1
modern-chinese-l6-dialogue-1,第6課 對話一：週末去打網球吧！,True,6,easy,0,3,游泳,reverse,to swim,游泳,to swim,yóuyǒng,V,"[""天氣"", ""風景"", ""漂亮"", ""游泳""]",,live,ok,,1
modern-chinese-l6-dialogue-1,第6課 對話一：週末去打網球吧！,True,6,easy,0,3,游泳,listening,游泳,游泳,to swim,yóuyǒng,V,"[""天氣"", ""風景"", ""漂亮"", ""游泳""]",,live,ok,,1
modern-chinese-l6-dialogue-1,第6課 對話一：週末去打網球吧！,True,6,easy,0,3,游泳,pinyin,游泳,yóuyǒng,to swim,yóuyǒng,V,"[""tiānqì"", ""fēngjǐng"", ""piàoliang"", ""yóuyǒng""]",,live,ok,,1
modern-chinese-l6-dialogue-1,第6課 對話一：週末去打網球吧！,True,6,easy,0,3,游泳,pos,游泳,V,to swim,yóuyǒng,V,[],,live,ok,,1
modern-chinese-l6-dialogue-1,第6課 對話一：週末去打網球吧！,True,6,easy,0,3,游泳,cloze,國安：今天天氣不錯，海邊的風景也很漂亮，我想去____，你們想去嗎？,游泳,to swim,yóuyǒng,V,"[""跑步"", ""休息""]",國安：今天天氣不錯，海邊的風景也很漂亮，我想去游泳，你們想去嗎？,live,ok,,1
modern-chinese-l6-dialogue-1,第6課 對話一：週末去打網球吧！,True,6,medium,0,0,天氣,translation,天氣,weather,weather,tiānqì,N,[],,live,ok,,1
modern-chinese-l6-dialogue-1,第6課 對話一：週末去打網球吧！,True,6,medium,0,0,天氣,reverse,weather,天氣,weather,tiānqì,N,"[""天氣"", ""風景"", ""漂亮"", ""游泳""]",,live,ok,,1
modern-chinese-l6-dialogue-1,第6課 對話一：週末去打網球吧！,True,6,medium,0,0,天氣,listening,天氣,天氣,weather,tiānqì,N,"[""天氣"", ""風景"", ""漂亮"", ""游泳""]",,live,ok,,1
modern-chinese-l6-dialogue-1,第6課 對話一：週末去打網球吧！,True,6,medium,0,0,天氣,pinyin,天氣,tiānqì,weather,tiānqì,N,"[""tiānqì"", ""fēngjǐng"", ""piàoliang"", ""yóuyǒng""]",,live,ok,,1
modern-chinese-l6-dialogue-1,第6課 對話一：週末去打網球吧！,True,6,medium,0,0,天氣,pos,天氣,N,weather,tiānqì,N,[],,live,ok,,1
modern-chinese-l6-dialogue-1,第6課 對話一：週末去打網球吧！,True,6,medium,0,0,天氣,cloze,國安：今天____不錯，海邊的風景也很漂亮，我想去游泳，你們想去嗎？,天氣,weather,tiānqì,N,"[""朋友"", ""學校"", ""飯店""]",國安：今天天氣不錯，海邊的風景也很漂亮，我想去游泳，你們想去嗎？,live,ok,,1
modern-chinese-l6-dialogue-1,第6課 對話一：週末去打網球吧！,True,6,medium,0,1,風景,translation,風景,scenery,scenery,fēngjǐng,N,[],,live,ok,,1
modern-chinese-l6-dialogue-1,第6課 對話一：週末去打網球吧！,True,6,medium,0,1,風景,reverse,scenery,風景,scenery,fēngjǐng,N,"[""天氣"", ""風景"", ""漂亮"", ""游泳""]",,live,ok,,1
modern-chinese-l6-dialogue-1,第6課 對話一：週末去打網球吧！,True,6,medium,0,1,風景,listening,風景,風景,scenery,fēngjǐng,N,"[""天氣"", ""風景"", ""漂亮"", ""游泳""]",,live,ok,,1
modern-chinese-l6-dialogue-1,第6課 對話一：週末去打網球吧！,True,6,medium,0,1,風景,pinyin,風景,fēngjǐng,scenery,fēngjǐng,N,"[""tiānqì"", ""fēngjǐng"", ""piàoliang"", ""yóuyǒng""]",,live,ok,,1
modern-chinese-l6-dialogue-1,第6課 對話一：週末去打網球吧！,True,6,medium,0,1,風景,pos,風景,N,scenery,fēngjǐng,N,[],,live,ok,,1
modern-chinese-l6-dialogue-1,第6課 對話一：週末去打網球吧！,True,6,medium,0,1,風景,cloze,國安：今天天氣不錯，海邊的____也很漂亮，我想去游泳，你們想去嗎？,風景,scenery,fēngjǐng,N,"[""朋友"", ""學校"", ""飯店""]",國安：今天天氣不錯，海邊的風景也很漂亮，我想去游泳，你們想去嗎？,live,ok,,1
modern-chinese-l6-dialogue-1,第6課 對話一：週末去打網球吧！,True,6,medium,0,2,漂亮,translation,漂亮,beautiful,beautiful,piàoliang,Adj,[],,live,ok,,1
modern-chinese-l6-dialogue-1,第6課 對話一：週末去打網球吧！,True,6,medium,0,2,漂亮,reverse,beautiful,漂亮,beautiful,piàoliang,Adj,"[""天氣"", ""風景"", ""漂亮"", ""游泳""]",,live,ok,,1
modern-chinese-l6-dialogue-1,第6課 對話一：週末去打網球吧！,True,6,medium,0,2,漂亮,listening,漂亮,漂亮,beautiful,piàoliang,Adj,"[""天氣"", ""風景"", ""漂亮"", ""游泳""]",,live,ok,,1
modern-chinese-l6-dialogue-1,第6課 對話一：週末去打網球吧！,True,6,medium,0,2,漂亮,pinyin,漂亮,piàoliang,beautiful,piàoliang,Adj,"[""tiānqì"", ""fēngjǐng"", ""piàoliang"", ""yóuyǒng""]",,live,ok,,1
modern-chinese-l6-dialogue-1,第6課 對話一：週末去打網球吧！,True,6,medium,0,2,漂亮,pos,漂亮,Adj,beautiful,piàoliang,Adj,[],,live,ok,,1
modern-chinese-l6-dialogue-1,第6課 對話一：週末去打網球吧！,True,6,medium,0,2,漂亮,cloze,國安：今天天氣不錯，海邊的風景也很____，我想去游泳，你們想去嗎？,漂亮,beautiful,piàoliang,Adj,"[""方便"", ""有趣""]",國安：今天天氣不錯，海邊的風景也很漂亮，我想去游泳，你們想去嗎？,live,ok,,1
modern-chinese-l6-dialogue-1,第6課 對話一：週末去打網球吧！,True,6,medium,0,3,游泳,translation,游泳,to swim,to swim,yóuyǒng,V,[],,live,ok,,1
modern-chinese-l6-dialogue-1,第6課 對話一：週末去打網球吧！,True,6,medium,0,3,游泳,reverse,to swim,游泳,to swim,yóuyǒng,V,"[""天氣"", ""風景"", ""漂亮"", ""游泳""]",,live,ok,,1
modern-chinese-l6-dialogue-1,第6課 對話一：週末去打網球吧！,True,6,medium,0,3,游泳,listening,游泳,游泳,to swim,yóuyǒng,V,"[""天氣"", ""風景"", ""漂亮"", ""游泳""]",,live,ok,,1
modern-chinese-l6-dialogue-1,第6課 對話一：週末去打網球吧！,True,6,medium,0,3,游泳,pinyin,游泳,yóuyǒng,to swim,yóuyǒng,V,"[""tiānqì"", ""fēngjǐng"", ""piàoliang"", ""yóuyǒng""]",,live,ok,,1
modern-chinese-l6-dialogue-1,第6課 對話一：週末去打網球吧！,True,6,medium,0,3,游泳,pos,游泳,V,to swim,yóuyǒng,V,[],,live,ok,,1
modern-chinese-l6-dialogue-1,第6課 對話一：週末去打網球吧！,True,6,medium,0,3,游泳,cloze,國安：今天天氣不錯，海邊的風景也很漂亮，我想去____，你們想去嗎？,游泳,to swim,yóuyǒng,V,"[""跑步"", ""休息""]",國安：今天天氣不錯，海邊的風景也很漂亮，我想去游泳，你們想去嗎？,live,ok,,1
modern-chinese-l6-dialogue-1,第6課 對話一：週末去打網球吧！,True,6,hard,0,0,天氣,translation,天氣,weather,weather,tiānqì,N,[],,live,ok,,1
modern-chinese-l6-dialogue-1,第6課 對話一：週末去打網球吧！,True,6,hard,0,0,天氣,reverse,weather,天氣,weather,tiānqì,N,"[""天氣"", ""風景"", ""漂亮"", ""游泳""]",,live,ok,,1
modern-chinese-l6-dialogue-1,第6課 對話一：週末去打網球吧！,True,6,hard,0,0,天氣,listening,天氣,天氣,weather,tiānqì,N,"[""天氣"", ""風景"", ""漂亮"", ""游泳""]",,live,ok,,1
modern-chinese-l6-dialogue-1,第6課 對話一：週末去打網球吧！,True,6,hard,0,0,天氣,pinyin,天氣,tiānqì,weather,tiānqì,N,"[""tiānqì"", ""fēngjǐng"", ""piàoliang"", ""yóuyǒng""]",,live,ok,,1
modern-chinese-l6-dialogue-1,第6課 對話一：週末去打網球吧！,True,6,hard,0,0,天氣,pos,天氣,N,weather,tiānqì,N,[],,live,ok,,1
modern-chinese-l6-dialogue-1,第6課 對話一：週末去打網球吧！,True,6,hard,0,0,天氣,cloze,國安：今天____不錯，海邊的風景也很漂亮，我想去游泳，你們想去嗎？,天氣,weather,tiānqì,N,"[""朋友"", ""學校"", ""飯店""]",國安：今天天氣不錯，海邊的風景也很漂亮，我想去游泳，你們想去嗎？,live,ok,,1
modern-chinese-l6-dialogue-1,第6課 對話一：週末去打網球吧！,True,6,hard,0,1,風景,translation,風景,scenery,scenery,fēngjǐng,N,[],,live,ok,,1
modern-chinese-l6-dialogue-1,第6課 對話一：週末去打網球吧！,True,6,hard,0,1,風景,reverse,scenery,風景,scenery,fēngjǐng,N,"[""天氣"", ""風景"", ""漂亮"", ""游泳""]",,live,ok,,1
modern-chinese-l6-dialogue-1,第6課 對話一：週末去打網球吧！,True,6,hard,0,1,風景,listening,風景,風景,scenery,fēngjǐng,N,"[""天氣"", ""風景"", ""漂亮"", ""游泳""]",,live,ok,,1
modern-chinese-l6-dialogue-1,第6課 對話一：週末去打網球吧！,True,6,hard,0,1,風景,pinyin,風景,fēngjǐng,scenery,fēngjǐng,N,"[""tiānqì"", ""fēngjǐng"", ""piàoliang"", ""yóuyǒng""]",,live,ok,,1
modern-chinese-l6-dialogue-1,第6課 對話一：週末去打網球吧！,True,6,hard,0,1,風景,pos,風景,N,scenery,fēngjǐng,N,[],,live,ok,,1
modern-chinese-l6-dialogue-1,第6課 對話一：週末去打網球吧！,True,6,hard,0,1,風景,cloze,國安：今天天氣不錯，海邊的____也很漂亮，我想去游泳，你們想去嗎？,風景,scenery,fēngjǐng,N,"[""朋友"", ""學校"", ""飯店""]",國安：今天天氣不錯，海邊的風景也很漂亮，我想去游泳，你們想去嗎？,live,ok,,1
modern-chinese-l6-dialogue-1,第6課 對話一：週末去打網球吧！,True,6,hard,0,2,漂亮,translation,漂亮,beautiful,beautiful,piàoliang,Adj,[],,live,ok,,1
modern-chinese-l6-dialogue-1,第6課 對話一：週末去打網球吧！,True,6,hard,0,2,漂亮,reverse,beautiful,漂亮,beautiful,piàoliang,Adj,"[""天氣"", ""風景"", ""漂亮"", ""游泳""]",,live,ok,,1
modern-chinese-l6-dialogue-1,第6課 對話一：週末去打網球吧！,True,6,hard,0,2,漂亮,listening,漂亮,漂亮,beautiful,piàoliang,Adj,"[""天氣"", ""風景"", ""漂亮"", ""游泳""]",,live,ok,,1
modern-chinese-l6-dialogue-1,第6課 對話一：週末去打網球吧！,True,6,hard,0,2,漂亮,pinyin,漂亮,piàoliang,beautiful,piàoliang,Adj,"[""tiānqì"", ""fēngjǐng"", ""piàoliang"", ""yóuyǒng""]",,live,ok,,1
modern-chinese-l6-dialogue-1,第6課 對話一：週末去打網球吧！,True,6,hard,0,2,漂亮,pos,漂亮,Adj,beautiful,piàoliang,Adj,[],,live,ok,,1
modern-chinese-l6-dialogue-1,第6課 對話一：週末去打網球吧！,True,6,hard,0,2,漂亮,cloze,國安：今天天氣不錯，海邊的風景也很____，我想去游泳，你們想去嗎？,漂亮,beautiful,piàoliang,Adj,"[""方便"", ""有趣""]",國安：今天天氣不錯，海邊的風景也很漂亮，我想去游泳，你們想去嗎？,live,ok,,1
modern-chinese-l6-dialogue-1,第6課 對話一：週末去打網球吧！,True,6,hard,0,3,游泳,translation,游泳,to swim,to swim,yóuyǒng,V,[],,live,ok,,1
modern-chinese-l6-dialogue-1,第6課 對話一：週末去打網球吧！,True,6,hard,0,3,游泳,reverse,to swim,游泳,to swim,yóuyǒng,V,"[""天氣"", ""風景"", ""漂亮"", ""游泳""]",,live,ok,,1
modern-chinese-l6-dialogue-1,第6課 對話一：週末去打網球吧！,True,6,hard,0,3,游泳,listening,游泳,游泳,to swim,yóuyǒng,V,"[""天氣"", ""風景"", ""漂亮"", ""游泳""]",,live,ok,,1
modern-chinese-l6-dialogue-1,第6課 對話一：週末去打網球吧！,True,6,hard,0,3,游泳,pinyin,游泳,yóuyǒng,to swim,yóuyǒng,V,"[""tiānqì"", ""fēngjǐng"", ""piàoliang"", ""yóuyǒng""]",,live,ok,,1
modern-chinese-l6-dialogue-1,第6課 對話一：週末去打網球吧！,True,6,hard,0,3,游泳,pos,游泳,V,to swim,yóuyǒng,V,[],,live,ok,,1
modern-chinese-l6-dialogue-1,第6課 對話一：週末去打網球吧！,True,6,hard,0,3,游泳,cloze,國安：今天天氣不錯，海邊的風景也很漂亮，我想去____，你們想去嗎？,游泳,to swim,yóuyǒng,V,"[""跑步"", ""休息""]",國安：今天天氣不錯，海邊的風景也很漂亮，我想去游泳，你們想去嗎？,live,ok,,1
modern-chinese-l6-dialogue-1,第6課 對話一：週末去打網球吧！,True,6,easy,1,0,游泳,translation,游泳,to swim,to swim,yóuyǒng,V,[],,live,ok,,1
modern-chinese-l6-dialogue-1,第6課 對話一：週末去打網球吧！,True,6,easy,1,0,游泳,pinyin,游泳,yóuyǒng,to swim,yóuyǒng,V,"[""yóuyǒng""]",,live,ok,,1
modern-chinese-l6-dialogue-1,第6課 對話一：週末去打網球吧！,True,6,easy,1,0,游泳,pos,游泳,V,to swim,yóuyǒng,V,[],,live,ok,,1
modern-chinese-l6-dialogue-1,第6課 對話一：週末去打網球吧！,True,6,medium,1,0,游泳,translation,游泳,to swim,to swim,yóuyǒng,V,[],,live,ok,,1
modern-chinese-l6-dialogue-1,第6課 對話一：週末去打網球吧！,True,6,medium,1,0,游泳,pinyin,游泳,yóuyǒng,to swim,yóuyǒng,V,"[""yóuyǒng""]",,live,ok,,1
modern-chinese-l6-dialogue-1,第6課 對話一：週末去打網球吧！,True,6,medium,1,0,游泳,pos,游泳,V,to swim,yóuyǒng,V,[],,live,ok,,1
modern-chinese-l6-dialogue-1,第6課 對話一：週末去打網球吧！,True,6,hard,1,0,游泳,translation,游泳,to swim,to swim,yóuyǒng,V,[],,live,ok,,1
modern-chinese-l6-dialogue-1,第6課 對話一：週末去打網球吧！,True,6,hard,1,0,游泳,pinyin,游泳,yóuyǒng,to swim,yóuyǒng,V,"[""yóuyǒng""]",,live,ok,,1
modern-chinese-l6-dialogue-1,第6課 對話一：週末去打網球吧！,True,6,hard,1,0,游泳,pos,游泳,V,to swim,yóuyǒng,V,[],,live,ok,,1
modern-chinese-l6-dialogue-1,第6課 對話一：週末去打網球吧！,True,6,easy,2,0,游泳,translation,游泳,to swim,to swim,yóuyǒng,V,[],,live,ok,,1
modern-chinese-l6-dialogue-1,第6課 對話一：週末去打網球吧！,True,6,easy,2,0,游泳,pinyin,游泳,yóuyǒng,to swim,yóuyǒng,V,"[""yóuyǒng""]",,live,ok,,1
modern-chinese-l6-dialogue-1,第6課 對話一：週末去打網球吧！,True,6,easy,2,0,游泳,pos,游泳,V,to swim,yóuyǒng,V,[],,live,ok,,1
modern-chinese-l6-dialogue-1,第6課 對話一：週末去打網球吧！,True,6,easy,2,0,游泳,cloze,宜文：我會____，可是游得不太好。,游泳,to swim,yóuyǒng,V,"[""跑步"", ""休息""]",宜文：我會游泳，可是游得不太好。,live,ok,,1
modern-chinese-l6-dialogue-1,第6課 對話一：週末去打網球吧！,True,6,medium,2,0,游泳,translation,游泳,to swim,to swim,yóuyǒng,V,[],,live,ok,,1
modern-chinese-l6-dialogue-1,第6課 對話一：週末去打網球吧！,True,6,medium,2,0,游泳,pinyin,游泳,yóuyǒng,to swim,yóuyǒng,V,"[""yóuyǒng""]",,live,ok,,1
modern-chinese-l6-dialogue-1,第6課 對話一：週末去打網球吧！,True,6,medium,2,0,游泳,pos,游泳,V,to swim,yóuyǒng,V,[],,live,ok,,1
modern-chinese-l6-dialogue-1,第6課 對話一：週末去打網球吧！,True,6,medium,2,0,游泳,cloze,宜文：我會____，可是游得不太好。,游泳,to swim,yóuyǒng,V,"[""跑步"", ""休息""]",宜文：我會游泳，可是游得不太好。,live,ok,,1
modern-chinese-l6-dialogue-1,第6課 對話一：週末去打網球吧！,True,6,hard,2,0,游泳,translation,游泳,to swim,to swim,yóuyǒng,V,[],,live,ok,,1
modern-chinese-l6-dialogue-1,第6課 對話一：週末去打網球吧！,True,6,hard,2,0,游泳,pinyin,游泳,yóuyǒng,to swim,yóuyǒng,V,"[""yóuyǒng""]",,live,ok,,1
modern-chinese-l6-dialogue-1,第6課 對話一：週末去打網球吧！,True,6,hard,2,0,游泳,pos,游泳,V,to swim,yóuyǒng,V,[],,live,ok,,1
modern-chinese-l6-dialogue-1,第6課 對話一：週末去打網球吧！,True,6,hard,2,0,游泳,cloze,宜文：我會____，可是游得不太好。,游泳,to swim,yóuyǒng,V,"[""跑步"", ""休息""]",宜文：我會游泳，可是游得不太好。,live,ok,,1
modern-chinese-l6-dialogue-1,第6課 對話一：週末去打網球吧！,True,6,easy,3,0,跑步,translation,跑步,to jog,to jog,pǎobù,V,[],,live,ok,,1
modern-chinese-l6-dialogue-1,第6課 對話一：週末去打網球吧！,True,6,easy,3,0,跑步,pinyin,跑步,pǎobù,to jog,pǎobù,V,"[""pǎobù""]",,live,ok,,1
modern-chinese-l6-dialogue-1,第6課 對話一：週末去打網球吧！,True,6,easy,3,0,跑步,pos,跑步,V,to jog,pǎobù,V,[],,live,ok,,1
modern-chinese-l6-dialogue-1,第6課 對話一：週末去打網球吧！,True,6,easy,3,0,跑步,cloze,國安：我們去____，怎麼樣？,跑步,to jog,pǎobù,V,"[""游泳"", ""休息""]",國安：我們去跑步，怎麼樣？,live,ok,,1
modern-chinese-l6-dialogue-1,第6課 對話一：週末去打網球吧！,True,6,medium,3,0,跑步,translation,跑步,to jog,to jog,pǎobù,V,[],,live,ok,,1
modern-chinese-l6-dialogue-1,第6課 對話一：週末去打網球吧！,True,6,medium,3,0,跑步,pinyin,跑步,pǎobù,to jog,pǎobù,V,"[""pǎobù""]",,live,ok,,1
modern-chinese-l6-dialogue-1,第6課 對話一：週末去打網球吧！,True,6,medium,3,0,跑步,pos,跑步,V,to jog,pǎobù,V,[],,live,ok,,1
modern-chinese-l6-dialogue-1,第6課 對話一：週末去打網球吧！,True,6,medium,3,0,跑步,cloze,國安：我們去____，怎麼樣？,跑步,to jog,pǎobù,V,"[""游泳"", ""休息""]",國安：我們去跑步，怎麼樣？,live,ok,,1
modern-chinese-l6-dialogue-1,第6課 對話一：週末去打網球吧！,True,6,hard,3,0,跑步,translation,跑步,to jog,to jog,pǎobù,V,[],,live,ok,,1
modern-chinese-l6-dialogue-1,第6課 對話一：週末去打網球吧！,True,6,hard,3,0,跑步,pinyin,跑步,pǎobù,to jog,pǎobù,V,"[""pǎobù""]",,live,ok,,1
modern-chinese-l6-dialogue-1,第6課 對話一：週末去打網球吧！,True,6,hard,3,0,跑步,pos,跑步,V,to jog,pǎobù,V,[],,live,ok,,1
modern-chinese-l6-dialogue-1,第6課 對話一：週末去打網球吧！,True,6,hard,3,0,跑步,cloze,國安：我們去____，怎麼樣？,跑步,to jog,pǎobù,V,"[""游泳"", ""休息""]",國安：我們去跑步，怎麼樣？,live,ok,,1
modern-chinese-l6-dialogue-1,第6課 對話一：週末去打網球吧！,True,6,easy,4,0,跑步,translation,跑步,to jog,to jog,pǎobù,V,[],,live,ok,,1
modern-chinese-l6-dialogue-1,第6課 對話一：週末去打網球吧！,True,6,easy,4,0,跑步,pinyin,跑步,pǎobù,to jog,pǎobù,V,"[""pǎobù""]",,live,ok,,1
modern-chinese-l6-dialogue-1,第6課 對話一：週末去打網球吧！,True,6,easy,4,0,跑步,pos,跑步,V,to jog,pǎobù,V,[],,live,ok,,1
modern-chinese-l6-dialogue-1,第6課 對話一：週末去打網球吧！,True,6,medium,4,0,跑步,translation,跑步,to jog,to jog,pǎobù,V,[],,live,ok,,1
modern-chinese-l6-dialogue-1,第6課 對話一：週末去打網球吧！,True,6,medium,4,0,跑步,pinyin,跑步,pǎobù,to jog,pǎobù,V,"[""pǎobù""]",,live,ok,,1
modern-chinese-l6-dialogue-1,第6課 對話一：週末去打網球吧！,True,6,medium,4,0,跑步,pos,跑步,V,to jog,pǎobù,V,[],,live,ok,,1
modern-chinese-l6-dialogue-1,第6課 對話一：週末去打網球吧！,True,6,hard,4,0,跑步,translation,跑步,to jog,to jog,pǎobù,V,[],,live,ok,,1
modern-chinese-l6-dialogue-1,第6課 對話一：週末去打網球吧！,True,6,hard,4,0,跑步,pinyin,跑步,pǎobù,to jog,pǎobù,V,"[""pǎobù""]",,live,ok,,1
modern-chinese-l6-dialogue-1,第6課 對話一：週末去打網球吧！,True,6,hard,4,0,跑步,pos,跑步,V,to jog,pǎobù,V,[],,live,ok,,1
modern-chinese-l6-dialogue-1,第6課 對話一：週末去打網球吧！,True,6,easy,5,0,網球,translation,網球,tennis,tennis,wǎngqiú,N,[],,live,ok,,1
modern-chinese-l6-dialogue-1,第6課 對話一：週末去打網球吧！,True,6,easy,5,0,網球,pinyin,網球,wǎngqiú,tennis,wǎngqiú,N,"[""wǎngqiú""]",,live,ok,,1
modern-chinese-l6-dialogue-1,第6課 對話一：週末去打網球吧！,True,6,easy,5,0,網球,pos,網球,N,tennis,wǎngqiú,N,[],,live,ok,,1
modern-chinese-l6-dialogue-1,第6課 對話一：週末去打網球吧！,True,6,medium,5,0,網球,translation,網球,tennis,tennis,wǎngqiú,N,[],,live,ok,,1
modern-chinese-l6-dialogue-1,第6課 對話一：週末去打網球吧！,True,6,medium,5,0,網球,pinyin,網球,wǎngqiú,tennis,wǎngqiú,N,"[""wǎngqiú""]",,live,ok,,1
modern-chinese-l6-dialogue-1,第6課 對話一：週末去打網球吧！,True,6,medium,5,0,網球,pos,網球,N,tennis,wǎngqiú,N,[],,live,ok,,1
modern-chinese-l6-dialogue-1,第6課 對話一：週末去打網球吧！,True,6,hard,5,0,網球,translation,網球,tennis,tennis,wǎngqiú,N,[],,live,ok,,1
modern-chinese-l6-dialogue-1,第6課 對話一：週末去打網球吧！,True,6,hard,5,0,網球,pinyin,網球,wǎngqiú,tennis,wǎngqiú,N,"[""wǎngqiú""]",,live,ok,,1
modern-chinese-l6-dialogue-1,第6課 對話一：週末去打網球吧！,True,6,hard,5,0,網球,pos,網球,N,tennis,wǎngqiú,N,[],,live,ok,,1
modern-chinese-l6-dialogue-2,第6課 對話二：週末去打網球吧！,True,6,easy,0,0,電影,translation,電影,movie,movie,diànyǐng,N,[],,live,ok,,2
modern-chinese-l6-dialogue-2,第6課 對話二：週末去打網球吧！,True,6,easy,0,0,電影,reverse,movie,電影,movie,diànyǐng,N,"[""電影"", ""有趣""]",,live,ok,,2
modern-chinese-l6-dialogue-2,第6課 對話二：週末去打網球吧！,True,6,easy,0,0,電影,listening,電影,電影,movie,diànyǐng,N,"[""電影"", ""有趣""]",,live,ok,,2
modern-chinese-l6-dialogue-2,第6課 對話二：週末去打網球吧！,True,6,easy,0,0,電影,pinyin,電影,diànyǐng,movie,diànyǐng,N,"[""diànyǐng"", ""yǒuqù""]",,live,ok,,2
modern-chinese-l6-dialogue-2,第6課 對話二：週末去打網球吧！,True,6,easy,0,0,電影,pos,電影,N,movie,diànyǐng,N,[],,live,ok,,2
modern-chinese-l6-dialogue-2,第6課 對話二：週末去打網球吧！,True,6,easy,0,0,電影,cloze,國安：聽說這部____很有趣，我們晚上一起去看，好不好？,電影,movie,diànyǐng,N,"[""朋友"", ""學校"", ""飯店""]",國安：聽說這部電影很有趣，我們晚上一起去看，好不好？,live,ok,,2
modern-chinese-l6-dialogue-2,第6課 對話二：週末去打網球吧！,True,6,easy,0,1,有趣,translation,有趣,interesting,interesting,yǒuqù,Adj,[],,live,ok,,2
modern-chinese-l6-dialogue-2,第6課 對話二：週末去打網球吧！,True,6,easy,0,1,有趣,reverse,interesting,有趣,interesting,yǒuqù,Adj,"[""電影"", ""有趣""]",,live,ok,,2
modern-chinese-l6-dialogue-2,第6課 對話二：週末去打網球吧！,True,6,easy,0,1,有趣,listening,有趣,有趣,interesting,yǒuqù,Adj,"[""電影"", ""有趣""]",,live,ok,,2
modern-chinese-l6-dialogue-2,第6課 對話二：週末去打網球吧！,True,6,easy,0,1,有趣,pinyin,有趣,yǒuqù,interesting,yǒuqù,Adj,"[""diànyǐng"", ""yǒuqù""]",,live,ok,,2
modern-chinese-l6-dialogue-2,第6課 對話二：週末去打網球吧！,True,6,easy,0,1,有趣,pos,有趣,Adj,interesting,yǒuqù,Adj,[],,live,ok,,2
modern-chinese-l6-dialogue-2,第6課 對話二：週末去打網球吧！,True,6,easy,0,1,有趣,cloze,國安：聽說這部電影很____，我們晚上一起去看，好不好？,有趣,interesting,yǒuqù,Adj,"[""漂亮"", ""方便""]",國安：聽說這部電影很有趣，我們晚上一起去看，好不好？,live,ok,,2
modern-chinese-l6-dialogue-2,第6課 對話二：週末去打網球吧！,True,6,medium,0,0,電影,translation,電影,movie,movie,diànyǐng,N,[],,live,ok,,2
modern-chinese-l6-dialogue-2,第6課 對話二：週末去打網球吧！,True,6,medium,0,0,電影,reverse,movie,電影,movie,diànyǐng,N,"[""電影"", ""有趣""]",,live,ok,,2
modern-chinese-l6-dialogue-2,第6課 對話二：週末去打網球吧！,True,6,medium,0,0,電影,listening,電影,電影,movie,diànyǐng,N,"[""電影"", ""有趣""]",,live,ok,,2
modern-chinese-l6-dialogue-2,第6課 對話二：週末去打網球吧！,True,6,medium,0,0,電影,pinyin,電影,diànyǐng,movie,diànyǐng,N,"[""diànyǐng"", ""yǒuqù""]",,live,ok,,2
modern-chinese-l6-dialogue-2,第6課 對話二：週末去打網球吧！,True,6,medium,0,0,電影,pos,電影,N,movie,diànyǐng,N,[],,live,ok,,2
modern-chinese-l6-dialogue-2,第6課 對話二：週末去打網球吧！,True,6,medium,0,0,電影,cloze,國安：聽說這部____很有趣，我們晚上一起去看，好不好？,電影,movie,diànyǐng,N,"[""朋友"", ""學校"", ""飯店""]",國安：聽說這部電影很有趣，我們晚上一起去看，好不好？,live,ok,,2
modern-chinese-l6-dialogue-2,第6課 對話二：週末去打網球吧！,True,6,medium,0,1,有趣,translation,有趣,interesting,interesting,yǒuqù,Adj,[],,live,ok,,2
modern-chinese-l6-dialogue-2,第6課 對話二：週末去打網球吧！,True,6,medium,0,1,有趣,reverse,interesting,有趣,interesting,yǒuqù,Adj,"[""電影"", ""有趣""]",,live,ok,,2
modern-chinese-l6-dialogue-2,第6課 對話二：週末去打網球吧！,True,6,medium,0,1,有趣,listening,有趣,有趣,interesting,yǒuqù,Adj,"[""電影"", ""有趣""]",,live,ok,,2
modern-chinese-l6-dialogue-2,第6課 對話二：週末去打網球吧！,True,6,medium,0,1,有趣,pinyin,有趣,yǒuqù,interesting,yǒuqù,Adj,"[""diànyǐng"", ""yǒuqù""]",,live,ok,,2
modern-chinese-l6-dialogue-2,第6課 對話二：週末去打網球吧！,True,6,medium,0,1,有趣,pos,有趣,Adj,interesting,yǒuqù,Adj,[],,live,ok,,2
modern-chinese-l6-dialogue-2,第6課 對話二：週末去打網球吧！,True,6,medium,0,1,有趣,cloze,國安：聽說這部電影很____，我們晚上一起去看，好不好？,有趣,interesting,yǒuqù,Adj,"[""漂亮"", ""方便""]",國安：聽說這部電影很有趣，我們晚上一起去看，好不好？,live,ok,,2
modern-chinese-l6-dialogue-2,第6課 對話二：週末去打網球吧！,True,6,hard,0,0,電影,translation,電影,movie,movie,diànyǐng,N,[],,live,ok,,2
modern-chinese-l6-dialogue-2,第6課 對話二：週末去打網球吧！,True,6,hard,0,0,電影,reverse,movie,電影,movie,diànyǐng,N,"[""電影"", ""有趣""]",,live,ok,,2
modern-chinese-l6-dialogue-2,第6課 對話二：週末去打網球吧！,True,6,hard,0,0,電影,listening,電影,電影,movie,diànyǐng,N,"[""電影"", ""有趣""]",,live,ok,,2
modern-chinese-l6-dialogue-2,第6課 對話二：週末去打網球吧！,True,6,hard,0,0,電影,pinyin,電影,diànyǐng,movie,diànyǐng,N,"[""diànyǐng"", ""yǒuqù""]",,live,ok,,2
modern-chinese-l6-dialogue-2,第6課 對話二：週末去打網球吧！,True,6,hard,0,0,電影,pos,電影,N,movie,diànyǐng,N,[],,live,ok,,2
modern-chinese-l6-dialogue-2,第6課 對話二：週末去打網球吧！,True,6,hard,0,0,電影,cloze,國安：聽說這部____很有趣，我們晚上一起去看，好不好？,電影,movie,diànyǐng,N,"[""朋友"", ""學校"", ""飯店""]",國安：聽說這部電影很有趣，我們晚上一起去看，好不好？,live,ok,,2
modern-chinese-l6-dialogue-2,第6課 對話二：週末去打網球吧！,True,6,hard,0,1,有趣,translation,有趣,interesting,interesting,yǒuqù,Adj,[],,live,ok,,2
modern-chinese-l6-dialogue-2,第6課 對話二：週末去打網球吧！,True,6,hard,0,1,有趣,reverse,interesting,有趣,interesting,yǒuqù,Adj,"[""電影"", ""有趣""]",,live,ok,,2
modern-chinese-l6-dialogue-2,第6課 對話二：週末去打網球吧！,True,6,hard,0,1,有趣,listening,有趣,有趣,interesting,yǒuqù,Adj,"[""電影"", ""有趣""]",,live,ok,,2
modern-chinese-l6-dialogue-2,第6課 對話二：週末去打網球吧！,True,6,hard,0,1,有趣,pinyin,有趣,yǒuqù,interesting,yǒuqù,Adj,"[""diànyǐng"", ""yǒuqù""]",,live,ok,,2
modern-chinese-l6-dialogue-2,第6課 對話二：週末去打網球吧！,True,6,hard,0,1,有趣,pos,有趣,Adj,interesting,yǒuqù,Adj,[],,live,ok,,2
modern-chinese-l6-dialogue-2,第6課 對話二：週末去打網球吧！,True,6,hard,0,1,有趣,cloze,國安：聽說這部電影很____，我們晚上一起去看，好不好？,有趣,interesting,yǒuqù,Adj,"[""漂亮"", ""方便""]",國安：聽說這部電影很有趣，我們晚上一起去看，好不好？,live,ok,,2
modern-chinese-l6-dialogue-2,第6課 對話二：週末去打網球吧！,True,6,easy,1,0,休息,translation,休息,to rest,to rest,xiūxi,V,[],,live,ok,,2
modern-chinese-l6-dialogue-2,第6課 對話二：週末去打網球吧！,True,6,easy,1,0,休息,pinyin,休息,xiūxi,to rest,xiūxi,V,"[""xiūxi""]",,live,ok,,2
modern-chinese-l6-dialogue-2,第6課 對話二：週末去打網球吧！,True,6,easy,1,0,休息,pos,休息,V,to rest,xiūxi,V,[],,live,ok,,2
modern-chinese-l6-dialogue-2,第6課 對話二：週末去打網球吧！,True,6,easy,1,0,休息,cloze,中明：我覺得有一點兒累，我想回家____。,休息,to rest,xiūxi,V,"[""游泳"", ""跑步""]",中明：我覺得有一點兒累，我想回家休息。,live,ok,,2
modern-chinese-l6-dialogue-2,第6課 對話二：週末去打網球吧！,True,6,medium,1,0,休息,translation,休息,to rest,to rest,xiūxi,V,[],,live,ok,,2
modern-chinese-l6-dialogue-2,第6課 對話二：週末去打網球吧！,True,6,medium,1,0,休息,pinyin,休息,xiūxi,to rest,xiūxi,V,"[""xiūxi""]",,live,ok,,2
modern-chinese-l6-dialogue-2,第6課 對話二：週末去打網球吧！,True,6,medium,1,0,休息,pos,休息,V,to rest,xiūxi,V,[],,live,ok,,2
modern-chinese-l6-dialogue-2,第6課 對話二：週末去打網球吧！,True,6,medium,1,0,休息,cloze,中明：我覺得有一點兒累，我想回家____。,休息,to rest,xiūxi,V,"[""游泳"", ""跑步""]",中明：我覺得有一點兒累，我想回家休息。,live,ok,,2
modern-chinese-l6-dialogue-2,第6課 對話二：週末去打網球吧！,True,6,hard,1,0,休息,translation,休息,to rest,to rest,xiūxi,V,[],,live,ok,,2
modern-chinese-l6-dialogue-2,第6課 對話二：週末去打網球吧！,True,6,hard,1,0,休息,pinyin,休息,xiūxi,to rest,xiūxi,V,"[""xiūxi""]",,live,ok,,2
modern-chinese-l6-dialogue-2,第6課 對話二：週末去打網球吧！,True,6,hard,1,0,休息,pos,休息,V,to rest,xiūxi,V,[],,live,ok,,2
modern-chinese-l6-dialogue-2,第6課 對話二：週末去打網球吧！,True,6,hard,1,0,休息,cloze,中明：我覺得有一點兒累，我想回家____。,休息,to rest,xiūxi,V,"[""游泳"", ""跑步""]",中明：我覺得有一點兒累，我想回家休息。,live,ok,,2
modern-chinese-l6-dialogue-2,第6課 對話二：週末去打網球吧！,True,6,easy,2,0,運動,translation,運動,exercise,exercise,yùndòng,N,[],,live,ok,,2
modern-chinese-l6-dialogue-2,第6課 對話二：週末去打網球吧！,True,6,easy,2,0,運動,reverse,exercise,運動,exercise,yùndòng,N,"[""運動"", ""腳踏車""]",,live,ok,,2
modern-chinese-l6-dialogue-2,第6課 對話二：週末去打網球吧！,True,6,easy,2,0,運動,listening,運動,運動,exercise,yùndòng,N,"[""運動"", ""腳踏車""]",,live,ok,,2
modern-chinese-l6-dialogue-2,第6課 對話二：週末去打網球吧！,True,6,easy,2,0,運動,pinyin,運動,yùndòng,exercise,yùndòng,N,"[""yùndòng"", ""jiǎotàchē""]",,live,ok,,2
modern-chinese-l6-dialogue-2,第6課 對話二：週末去打網球吧！,True,6,easy,2,0,運動,pos,運動,N,exercise,yùndòng,N,[],,live,ok,,2
modern-chinese-l6-dialogue-2,第6課 對話二：週末去打網球吧！,True,6,easy,2,0,運動,cloze,國安：你不要常常在家上網、看電腦、玩手機，應該去____。明天我有空，我們可以一起去騎腳踏車。,運動,exercise,yùndòng,N,"[""朋友"", ""學校"", ""飯店""]",國安：你不要常常在家上網、看電腦、玩手機，應該去運動。明天我有空，我們可以一起去騎腳踏車。,live,ok,,2
modern-chinese-l6-dialogue-2,第6課 對話二：週末去打網球吧！,True,6,easy,2,1,腳踏車,translation,腳踏車,bicycle,bicycle,jiǎotàchē,N,[],,live,ok,,2
modern-chinese-l6-dialogue-2,第6課 對話二：週末去打網球吧！,True,6,easy,2,1,腳踏車,reverse,bicycle,腳踏車,bicycle,jiǎotàchē,N,"[""運動"", ""腳踏車""]",,live,ok,,2
modern-chinese-l6-dialogue-2,第6課 對話二：週末去打網球吧！,True,6,easy,2,1,腳踏車,listening,腳踏車,腳踏車,bicycle,jiǎotàchē,N,"[""運動"", ""腳踏車""]",,live,ok,,2
modern-chinese-l6-dialogue-2,第6課 對話二：週末去打網球吧！,True,6,easy,2,1,腳踏車,pinyin,腳踏車,jiǎotàchē,bicycle,jiǎotàchē,N,"[""yùndòng"", ""jiǎotàchē""]",,live,ok,,2
modern-chinese-l6-dialogue-2,第6課 對話二：週末去打網球吧！,True,6,easy,2,1,腳踏車,pos,腳踏車,N,bicycle,jiǎotàchē,N,[],,live,ok,,2
modern-chinese-l6-dialogue-2,第6課 對話二：週末去打網球吧！,True,6,easy,2,1,腳踏車,cloze,國安：你不要常常在家上網、看電腦、玩手機，應該去運動。明天我有空，我們可以一起去騎____。,腳踏車,bicycle,jiǎotàchē,N,"[""朋友"", ""學校"", ""飯店""]",國安：你不要常常在家上網、看電腦、玩手機，應該去運動。明天我有空，我們可以一起去騎腳踏車。,live,ok,,2
modern-chinese-l6-dialogue-2,第6課 對話二：週末去打網球吧！,True,6,medium,2,0,運動,translation,運動,exercise,exercise,yùndòng,N,[],,live,ok,,2
modern-chinese-l6-dialogue-2,第6課 對話二：週末去打網球吧！,True,6,medium,2,0,運動,reverse,exercise,運動,exercise,yùndòng,N,"[""運動"", ""腳踏車""]",,live,ok,,2
modern-chinese-l6-dialogue-2,第6課 對話二：週末去打網球吧！,True,6,medium,2,0,運動,listening,運動,運動,exercise,yùndòng,N,"[""運動"", ""腳踏車""]",,live,ok,,2
modern-chinese-l6-dialogue-2,第6課 對話二：週末去打網球吧！,True,6,medium,2,0,運動,pinyin,運動,yùndòng,exercise,yùndòng,N,"[""yùndòng"", ""jiǎotàchē""]",,live,ok,,2
modern-chinese-l6-dialogue-2,第6課 對話二：週末去打網球吧！,True,6,medium,2,0,運動,pos,運動,N,exercise,yùndòng,N,[],,live,ok,,2
modern-chinese-l6-dialogue-2,第6課 對話二：週末去打網球吧！,True,6,medium,2,0,運動,cloze,國安：你不要常常在家上網、看電腦、玩手機，應該去____。明天我有空，我們可以一起去騎腳踏車。,運動,exercise,yùndòng,N,"[""朋友"", ""學校"", ""飯店""]",國安：你不要常常在家上網、看電腦、玩手機，應該去運動。明天我有空，我們可以一起去騎腳踏車。,live,ok,,2
modern-chinese-l6-dialogue-2,第6課 對話二：週末去打網球吧！,True,6,medium,2,1,腳踏車,translation,腳踏車,bicycle,bicycle,jiǎotàchē,N,[],,live,ok,,2
modern-chinese-l6-dialogue-2,第6課 對話二：週末去打網球吧！,True,6,medium,2,1,腳踏車,reverse,bicycle,腳踏車,bicycle,jiǎotàchē,N,"[""運動"", ""腳踏車""]",,live,ok,,2
modern-chinese-l6-dialogue-2,第6課 對話二：週末去打網球吧！,True,6,medium,2,1,腳踏車,listening,腳踏車,腳踏車,bicycle,jiǎotàchē,N,"[""運動"", ""腳踏車""]",,live,ok,,2
modern-chinese-l6-dialogue-2,第6課 對話二：週末去打網球吧！,True,6,medium,2,1,腳踏車,pinyin,腳踏車,jiǎotàchē,bicycle,jiǎotàchē,N,"[""yùndòng"", ""jiǎotàchē""]",,live,ok,,2
modern-chinese-l6-dialogue-2,第6課 對話二：週末去打網球吧！,True,6,medium,2,1,腳踏車,pos,腳踏車,N,bicycle,jiǎotàchē,N,[],,live,ok,,2
modern-chinese-l6-dialogue-2,第6課 對話二：週末去打網球吧！,True,6,medium,2,1,腳踏車,cloze,國安：你不要常常在家上網、看電腦、玩手機，應該去運動。明天我有空，我們可以一起去騎____。,腳踏車,bicycle,jiǎotàchē,N,"[""朋友"", ""學校"", ""飯店""]",國安：你不要常常在家上網、看電腦、玩手機，應該去運動。明天我有空，我們可以一起去騎腳踏車。,live,ok,,2
modern-chinese-l6-dialogue-2,第6課 對話二：週末去打網球吧！,True,6,hard,2,0,運動,translation,運動,exercise,exercise,yùndòng,N,[],,live,ok,,2
modern-chinese-l6-dialogue-2,第6課 對話二：週末去打網球吧！,True,6,hard,2,0,運動,reverse,exercise,運動,exercise,yùndòng,N,"[""運動"", ""腳踏車""]",,live,ok,,2
modern-chinese-l6-dialogue-2,第6課 對話二：週末去打網球吧！,True,6,hard,2,0,運動,listening,運動,運動,exercise,yùndòng,N,"[""運動"", ""腳踏車""]",,live,ok,,2
modern-chinese-l6-dialogue-2,第6課 對話二：週末去打網球吧！,True,6,hard,2,0,運動,pinyin,運動,yùndòng,exercise,yùndòng,N,"[""yùndòng"", ""jiǎotàchē""]",,live,ok,,2
modern-chinese-l6-dialogue-2,第6課 對話二：週末去打網球吧！,True,6,hard,2,0,運動,pos,運動,N,exercise,yùndòng,N,[],,live,ok,,2
modern-chinese-l6-dialogue-2,第6課 對話二：週末去打網球吧！,True,6,hard,2,0,運動,cloze,國安：你不要常常在家上網、看電腦、玩手機，應該去____。明天我有空，我們可以一起去騎腳踏車。,運動,exercise,yùndòng,N,"[""朋友"", ""學校"", ""飯店""]",國安：你不要常常在家上網、看電腦、玩手機，應該去運動。明天我有空，我們可以一起去騎腳踏車。,live,ok,,2
modern-chinese-l6-dialogue-2,第6課 對話二：週末去打網球吧！,True,6,hard,2,1,腳踏車,translation,腳踏車,bicycle,bicycle,jiǎotàchē,N,[],,live,ok,,2
modern-chinese-l6-dialogue-2,第6課 對話二：週末去打網球吧！,True,6,hard,2,1,腳踏車,reverse,bicycle,腳踏車,bicycle,jiǎotàchē,N,"[""運動"", ""腳踏車""]",,live,ok,,2
modern-chinese-l6-dialogue-2,第6課 對話二：週末去打網球吧！,True,6,hard,2,1,腳踏車,listening,腳踏車,腳踏車,bicycle,jiǎotàchē,N,"[""運動"", ""腳踏車""]",,live,ok,,2
modern-chinese-l6-dialogue-2,第6課 對話二：週末去打網球吧！,True,6,hard,2,1,腳踏車,pinyin,腳踏車,jiǎotàchē,bicycle,jiǎotàchē,N,"[""yùndòng"", ""jiǎotàchē""]",,live,ok,,2
modern-chinese-l6-dialogue-2,第6課 對話二：週末去打網球吧！,True,6,hard,2,1,腳踏車,pos,腳踏車,N,bicycle,jiǎotàchē,N,[],,live,ok,,2
modern-chinese-l6-dialogue-2,第6課 對話二：週末去打網球吧！,True,6,hard,2,1,腳踏車,cloze,國安：你不要常常在家上網、看電腦、玩手機，應該去運動。明天我有空，我們可以一起去騎____。,腳踏車,bicycle,jiǎotàchē,N,"[""朋友"", ""學校"", ""飯店""]",國安：你不要常常在家上網、看電腦、玩手機，應該去運動。明天我有空，我們可以一起去騎腳踏車。,live,ok,,2
modern-chinese-l6-dialogue-2,第6課 對話二：週末去打網球吧！,True,6,easy,3,0,音樂,translation,音樂,music,music,yīnyuè,N,[],,live,ok,,2
modern-chinese-l6-dialogue-2,第6課 對話二：週末去打網球吧！,True,6,easy,3,0,音樂,pinyin,音樂,yīnyuè,music,yīnyuè,N,"[""yīnyuè""]",,live,ok,,2
modern-chinese-l6-dialogue-2,第6課 對話二：週末去打網球吧！,True,6,easy,3,0,音樂,pos,音樂,N,music,yīnyuè,N,[],,live,ok,,2
modern-chinese-l6-dialogue-2,第6課 對話二：週末去打網球吧！,True,6,easy,3,0,音樂,cloze,中明：可是我只想聽____、睡覺。,音樂,music,yīnyuè,N,"[""朋友"", ""學校"", ""飯店""]",中明：可是我只想聽音樂、睡覺。,live,ok,,2
modern-chinese-l6-dialogue-2,第6課 對話二：週末去打網球吧！,True,6,medium,3,0,音樂,translation,音樂,music,music,yīnyuè,N,[],,live,ok,,2
modern-chinese-l6-dialogue-2,第6課 對話二：週末去打網球吧！,True,6,medium,3,0,音樂,pinyin,音樂,yīnyuè,music,yīnyuè,N,"[""yīnyuè""]",,live,ok,,2
modern-chinese-l6-dialogue-2,第6課 對話二：週末去打網球吧！,True,6,medium,3,0,音樂,pos,音樂,N,music,yīnyuè,N,[],,live,ok,,2
modern-chinese-l6-dialogue-2,第6課 對話二：週末去打網球吧！,True,6,medium,3,0,音樂,cloze,中明：可是我只想聽____、睡覺。,音樂,music,yīnyuè,N,"[""朋友"", ""學校"", ""飯店""]",中明：可是我只想聽音樂、睡覺。,live,ok,,2
modern-chinese-l6-dialogue-2,第6課 對話二：週末去打網球吧！,True,6,hard,3,0,音樂,translation,音樂,music,music,yīnyuè,N,[],,live,ok,,2
modern-chinese-l6-dialogue-2,第6課 對話二：週末去打網球吧！,True,6,hard,3,0,音樂,pinyin,音樂,yīnyuè,music,yīnyuè,N,"[""yīnyuè""]",,live,ok,,2
modern-chinese-l6-dialogue-2,第6課 對話二：週末去打網球吧！,True,6,hard,3,0,音樂,pos,音樂,N,music,yīnyuè,N,[],,live,ok,,2
modern-chinese-l6-dialogue-2,第6課 對話二：週末去打網球吧！,True,6,hard,3,0,音樂,cloze,中明：可是我只想聽____、睡覺。,音樂,music,yīnyuè,N,"[""朋友"", ""學校"", ""飯店""]",中明：可是我只想聽音樂、睡覺。,live,ok,,2
modern-chinese-l6-dialogue-2,第6課 對話二：週末去打網球吧！,True,6,easy,5,0,天氣,translation,天氣,weather,weather,tiānqì,N,[],,live,ok,,2
modern-chinese-l6-dialogue-2,第6課 對話二：週末去打網球吧！,True,6,easy,5,0,天氣,reverse,weather,天氣,weather,tiānqì,N,"[""天氣"", ""週末""]",,live,ok,,2
modern-chinese-l6-dialogue-2,第6課 對話二：週末去打網球吧！,True,6,easy,5,0,天氣,listening,天氣,天氣,weather,tiānqì,N,"[""天氣"", ""週末""]",,live,ok,,2
modern-chinese-l6-dialogue-2,第6課 對話二：週末去打網球吧！,True,6,easy,5,0,天氣,pinyin,天氣,tiānqì,weather,tiānqì,N,"[""tiānqì"", ""zhōumò""]",,live,ok,,2
modern-chinese-l6-dialogue-2,第6課 對話二：週末去打網球吧！,True,6,easy,5,0,天氣,pos,天氣,N,weather,tiānqì,N,[],,live,ok,,2
modern-chinese-l6-dialogue-2,第6課 對話二：週末去打網球吧！,True,6,easy,5,0,天氣,cloze,中明：這兩天____有點兒冷，我們週末去，好嗎？,天氣,weather,tiānqì,N,"[""朋友"", ""學校"", ""飯店""]",中明：這兩天天氣有點兒冷，我們週末去，好嗎？,live,ok,,2
modern-chinese-l6-dialogue-2,第6課 對話二：週末去打網球吧！,True,6,easy,5,1,週末,translation,週末,weekend,weekend,zhōumò,N,[],,live,ok,,2
modern-chinese-l6-dialogue-2,第6課 對話二：週末去打網球吧！,True,6,easy,5,1,週末,reverse,weekend,週末,weekend,zhōumò,N,"[""天氣"", ""週末""]",,live,ok,,2
modern-chinese-l6-dialogue-2,第6課 對話二：週末去打網球吧！,True,6,easy,5,1,週末,listening,週末,週末,weekend,zhōumò,N,"[""天氣"", ""週末""]",,live,ok,,2
modern-chinese-l6-dialogue-2,第6課 對話二：週末去打網球吧！,True,6,easy,5,1,週末,pinyin,週末,zhōumò,weekend,zhōumò,N,"[""tiānqì"", ""zhōumò""]",,live,ok,,2
modern-chinese-l6-dialogue-2,第6課 對話二：週末去打網球吧！,True,6,easy,5,1,週末,pos,週末,N,weekend,zhōumò,N,[],,live,ok,,2
modern-chinese-l6-dialogue-2,第6課 對話二：週末去打網球吧！,True,6,easy,5,1,週末,cloze,中明：這兩天天氣有點兒冷，我們____去，好嗎？,週末,weekend,zhōumò,N,"[""朋友"", ""學校"", ""飯店""]",中明：這兩天天氣有點兒冷，我們週末去，好嗎？,live,ok,,2
modern-chinese-l6-dialogue-2,第6課 對話二：週末去打網球吧！,True,6,medium,5,0,天氣,translation,天氣,weather,weather,tiānqì,N,[],,live,ok,,2
modern-chinese-l6-dialogue-2,第6課 對話二：週末去打網球吧！,True,6,medium,5,0,天氣,reverse,weather,天氣,weather,tiānqì,N,"[""天氣"", ""週末""]",,live,ok,,2
modern-chinese-l6-dialogue-2,第6課 對話二：週末去打網球吧！,True,6,medium,5,0,天氣,listening,天氣,天氣,weather,tiānqì,N,"[""天氣"", ""週末""]",,live,ok,,2
modern-chinese-l6-dialogue-2,第6課 對話二：週末去打網球吧！,True,6,medium,5,0,天氣,pinyin,天氣,tiānqì,weather,tiānqì,N,"[""tiānqì"", ""zhōumò""]",,live,ok,,2
modern-chinese-l6-dialogue-2,第6課 對話二：週末去打網球吧！,True,6,medium,5,0,天氣,pos,天氣,N,weather,tiānqì,N,[],,live,ok,,2
modern-chinese-l6-dialogue-2,第6課 對話二：週末去打網球吧！,True,6,medium,5,0,天氣,cloze,中明：這兩天____有點兒冷，我們週末去，好嗎？,天氣,weather,tiānqì,N,"[""朋友"", ""學校"", ""飯店""]",中明：這兩天天氣有點兒冷，我們週末去，好嗎？,live,ok,,2
modern-chinese-l6-dialogue-2,第6課 對話二：週末去打網球吧！,True,6,medium,5,1,週末,translation,週末,weekend,weekend,zhōumò,N,[],,live,ok,,2
modern-chinese-l6-dialogue-2,第6課 對話二：週末去打網球吧！,True,6,medium,5,1,週末,reverse,weekend,週末,weekend,zhōumò,N,"[""天氣"", ""週末""]",,live,ok,,2
modern-chinese-l6-dialogue-2,第6課 對話二：週末去打網球吧！,True,6,medium,5,1,週末,listening,週末,週末,weekend,zhōumò,N,"[""天氣"", ""週末""]",,live,ok,,2
modern-chinese-l6-dialogue-2,第6課 對話二：週末去打網球吧！,True,6,medium,5,1,週末,pinyin,週末,zhōumò,weekend,zhōumò,N,"[""tiānqì"", ""zhōumò""]",,live,ok,,2
modern-chinese-l6-dialogue-2,第6課 對話二：週末去打網球吧！,True,6,medium,5,1,週末,pos,週末,N,weekend,zhōumò,N,[],,live,ok,,2
modern-chinese-l6-dialogue-2,第6課 對話二：週末去打網球吧！,True,6,medium,5,1,週末,cloze,中明：這兩天天氣有點兒冷，我們____去，好嗎？,週末,weekend,zhōumò,N,"[""朋友"", ""學校"", ""飯店""]",中明：這兩天天氣有點兒冷，我們週末去，好嗎？,live,ok,,2
modern-chinese-l6-dialogue-2,第6課 對話二：週末去打網球吧！,True,6,hard,5,0,天氣,translation,天氣,weather,weather,tiānqì,N,[],,live,ok,,2
modern-chinese-l6-dialogue-2,第6課 對話二：週末去打網球吧！,True,6,hard,5,0,天氣,reverse,weather,天氣,weather,tiānqì,N,"[""天氣"", ""週末""]",,live,ok,,2
modern-chinese-l6-dialogue-2,第6課 對話二：週末去打網球吧！,True,6,hard,5,0,天氣,listening,天氣,天氣,weather,tiānqì,N,"[""天氣"", ""週末""]",,live,ok,,2
modern-chinese-l6-dialogue-2,第6課 對話二：週末去打網球吧！,True,6,hard,5,0,天氣,pinyin,天氣,tiānqì,weather,tiānqì,N,"[""tiānqì"", ""zhōumò""]",,live,ok,,2
modern-chinese-l6-dialogue-2,第6課 對話二：週末去打網球吧！,True,6,hard,5,0,天氣,pos,天氣,N,weather,tiānqì,N,[],,live,ok,,2
modern-chinese-l6-dialogue-2,第6課 對話二：週末去打網球吧！,True,6,hard,5,0,天氣,cloze,中明：這兩天____有點兒冷，我們週末去，好嗎？,天氣,weather,tiānqì,N,"[""朋友"", ""學校"", ""飯店""]",中明：這兩天天氣有點兒冷，我們週末去，好嗎？,live,ok,,2
modern-chinese-l6-dialogue-2,第6課 對話二：週末去打網球吧！,True,6,hard,5,1,週末,translation,週末,weekend,weekend,zhōumò,N,[],,live,ok,,2
modern-chinese-l6-dialogue-2,第6課 對話二：週末去打網球吧！,True,6,hard,5,1,週末,reverse,weekend,週末,weekend,zhōumò,N,"[""天氣"", ""週末""]",,live,ok,,2
modern-chinese-l6-dialogue-2,第6課 對話二：週末去打網球吧！,True,6,hard,5,1,週末,listening,週末,週末,weekend,zhōumò,N,"[""天氣"", ""週末""]",,live,ok,,2
modern-chinese-l6-dialogue-2,第6課 對話二：週末去打網球吧！,True,6,hard,5,1,週末,pinyin,週末,zhōumò,weekend,zhōumò,N,"[""tiānqì"", ""zhōumò""]",,live,ok,,2
modern-chinese-l6-dialogue-2,第6課 對話二：週末去打網球吧！,True,6,hard,5,1,週末,pos,週末,N,weekend,zhōumò,N,[],,live,ok,,2
modern-chinese-l6-dialogue-2,第6課 對話二：週末去打網球吧！,True,6,hard,5,1,週末,cloze,中明：這兩天天氣有點兒冷，我們____去，好嗎？,週末,weekend,zhōumò,N,"[""朋友"", ""學校"", ""飯店""]",中明：這兩天天氣有點兒冷，我們週末去，好嗎？,live,ok,,2
modern-chinese-l6-reading,第6課 短文：我的興趣,True,6,easy,0,0,朋友,translation,朋友,friend,friend,péngyǒu,N,[],,live,ok,,3
modern-chinese-l6-reading,第6課 短文：我的興趣,True,6,easy,0,0,朋友,pinyin,朋友,péngyǒu,friend,péngyǒu,N,"[""péngyǒu""]",,live,ok,,3
modern-chinese-l6-reading,第6課 短文：我的興趣,True,6,easy,0,0,朋友,pos,朋友,N,friend,péngyǒu,N,[],,live,ok,,3
modern-chinese-l6-reading,第6課 短文：我的興趣,True,6,easy,0,0,朋友,cloze,我有幾個好____。,朋友,friend,péngyǒu,N,"[""學校"", ""飯店""]",我有幾個好朋友。,live,ok,,3
modern-chinese-l6-reading,第6課 短文：我的興趣,True,6,medium,0,0,朋友,translation,朋友,friend,friend,péngyǒu,N,[],,live,ok,,3
modern-chinese-l6-reading,第6課 短文：我的興趣,True,6,medium,0,0,朋友,pinyin,朋友,péngyǒu,friend,péngyǒu,N,"[""péngyǒu""]",,live,ok,,3
modern-chinese-l6-reading,第6課 短文：我的興趣,True,6,medium,0,0,朋友,pos,朋友,N,friend,péngyǒu,N,[],,live,ok,,3
modern-chinese-l6-reading,第6課 短文：我的興趣,True,6,medium,0,0,朋友,cloze,我有幾個好____。,朋友,friend,péngyǒu,N,"[""學校"", ""飯店""]",我有幾個好朋友。,live,ok,,3
modern-chinese-l6-reading,第6課 短文：我的興趣,True,6,hard,0,0,朋友,translation,朋友,friend,friend,péngyǒu,N,[],,live,ok,,3
modern-chinese-l6-reading,第6課 短文：我的興趣,True,6,hard,0,0,朋友,pinyin,朋友,péngyǒu,friend,péngyǒu,N,"[""péngyǒu""]",,live,ok,,3
modern-chinese-l6-reading,第6課 短文：我的興趣,True,6,hard,0,0,朋友,pos,朋友,N,friend,péngyǒu,N,[],,live,ok,,3
modern-chinese-l6-reading,第6課 短文：我的興趣,True,6,hard,0,0,朋友,cloze,我有幾個好____。,朋友,friend,péngyǒu,N,"[""學校"", ""飯店""]",我有幾個好朋友。,live,ok,,3
modern-chinese-l6-reading,第6課 短文：我的興趣,True,6,easy,1,0,音樂,translation,音樂,music,music,yīnyuè,N,[],,live,ok,,3
modern-chinese-l6-reading,第6課 短文：我的興趣,True,6,easy,1,0,音樂,reverse,music,音樂,music,yīnyuè,N,"[""音樂"", ""中文"", ""唱歌""]",,live,ok,,3
modern-chinese-l6-reading,第6課 短文：我的興趣,True,6,easy,1,0,音樂,listening,音樂,音樂,music,yīnyuè,N,"[""音樂"", ""中文"", ""唱歌""]",,live,ok,,3
modern-chinese-l6-reading,第6課 短文：我的興趣,True,6,easy,1,0,音樂,pinyin,音樂,yīnyuè,music,yīnyuè,N,"[""yīnyuè"", ""zhōngwén"", ""chànggē""]",,live,ok,,3
modern-chinese-l6-reading,第6課 短文：我的興趣,True,6,easy,1,0,音樂,pos,音樂,N,music,yīnyuè,N,[],,live,ok,,3
modern-chinese-l6-reading,第6課 短文：我的興趣,True,6,easy,1,0,音樂,cloze,我們都喜歡學中文、聽____、唱歌。,音樂,music,yīnyuè,N,"[""朋友"", ""學校"", ""飯店""]",我們都喜歡學中文、聽音樂、唱歌。,live,ok,,3
modern-chinese-l6-reading,第6課 短文：我的興趣,True,6,easy,1,1,中文,translation,中文,Chinese,Chinese,zhōngwén,N,[],,live,ok,,3
modern-chinese-l6-reading,第6課 短文：我的興趣,True,6,easy,1,1,中文,reverse,Chinese,中文,Chinese,zhōngwén,N,"[""音樂"", ""中文"", ""唱歌""]",,live,ok,,3
modern-chinese-l6-reading,第6課 短文：我的興趣,True,6,easy,1,1,中文,listening,中文,中文,Chinese,zhōngwén,N,"[""音樂"", ""中文"", ""唱歌""]",,live,ok,,3
modern-chinese-l6-reading,第6課 短文：我的興趣,True,6,easy,1,1,中文,pinyin,中文,zhōngwén,Chinese,zhōngwén,N,"[""yīnyuè"", ""zhōngwén"", ""chànggē""]",,live,ok,,3
modern-chinese-l6-reading,第6課 短文：我的興趣,True,6,easy,1,1,中文,pos,中文,N,Chinese,zhōngwén,N,[],,live,ok,,3
modern-chinese-l6-reading,第6課 短文：我的興趣,True,6,easy,1,1,中文,cloze,我們都喜歡學____、聽音樂、唱歌。,中文,Chinese,zhōngwén,N,"[""朋友"", ""學校"", ""飯店""]",我們都喜歡學中文、聽音樂、唱歌。,live,ok,,3
modern-chinese-l6-reading,第6課 短文：我的興趣,True,6,easy,1,2,唱歌,translation,唱歌,to sing,to sing,chànggē,V,[],,live,ok,,3
modern-chinese-l6-reading,第6課 短文：我的興趣,True,6,easy,1,2,唱歌,reverse,to sing,唱歌,to sing,chànggē,V,"[""音樂"", ""中文"", ""唱歌""]",,live,ok,,3
modern-chinese-l6-reading,第6課 短文：我的興趣,True,6,easy,1,2,唱歌,listening,唱歌,唱歌,to sing,chànggē,V,"[""音樂"", ""中文"", ""唱歌""]",,live,ok,,3
modern-chinese-l6-reading,第6課 短文：我的興趣,True,6,easy,1,2,唱歌,pinyin,唱歌,chànggē,to sing,chànggē,V,"[""yīnyuè"", ""zhōngwén"", ""chànggē""]",,live,ok,,3
modern-chinese-l6-reading,第6課 短文：我的興趣,True,6,easy,1,2,唱歌,pos,唱歌,V,to sing,chànggē,V,[],,live,ok,,3
modern-chinese-l6-reading,第6課 短文：我的興趣,True,6,easy,1,2,唱歌,cloze,我們都喜歡學中文、聽音樂、____。,唱歌,to sing,chànggē,V,"[""游泳"", ""跑步"", ""休息""]",我們都喜歡學中文、聽音樂、唱歌。,live,ok,,3
modern-chinese-l6-reading,第6課 短文：我的興趣,True,6,medium,1,0,音樂,translation,音樂,music,music,yīnyuè,N,[],,live,ok,,3
modern-chinese-l6-reading,第6課 短文：我的興趣,True,6,medium,1,0,音樂,reverse,music,音樂,music,yīnyuè,N,"[""音樂"", ""中文"", ""唱歌""]",,live,ok,,3
modern-chinese-l6-reading,第6課 短文：我的興趣,True,6,medium,1,0,音樂,listening,音樂,音樂,music,yīnyuè,N,"[""音樂"", ""中文"", ""唱歌""]",,live,ok,,3
modern-chinese-l6-reading,第6課 短文：我的興趣,True,6,medium,1,0,音樂,pinyin,音樂,yīnyuè,music,yīnyuè,N,"[""yīnyuè"", ""zhōngwén"", ""chànggē""]",,live,ok,,3
modern-chinese-l6-reading,第6課 短文：我的興趣,True,6,medium,1,0,音樂,pos,音樂,N,music,yīnyuè,N,[],,live,ok,,3
modern-chinese-l6-reading,第6課 短文：我的興趣,True,6,medium,1,0,音樂,cloze,我們都喜歡學中文、聽____、唱歌。,音樂,music,yīnyuè,N,"[""朋友"", ""學校"", ""飯店""]",我們都喜歡學中文、聽音樂、唱歌。,live,ok,,3
modern-chinese-l6-reading,第6課 短文：我的興趣,True,6,medium,1,1,中文,translation,中文,Chinese,Chinese,zhōngwén,N,[],,live,ok,,3
modern-chinese-l6-reading,第6課 短文：我的興趣,True,6,medium,1,1,中文,reverse,Chinese,中文,Chinese,zhōngwén,N,"[""音樂"", ""中文"", ""唱歌""]",,live,ok,,3
modern-chinese-l6-reading,第6課 短文：我的興趣,True,6,medium,1,1,中文,listening,中文,中文,Chinese,zhōngwén,N,"[""音樂"", ""中文"", ""唱歌""]",,live,ok,,3
modern-chinese-l6-reading,第6課 短文：我的興趣,True,6,medium,1,1,中文,pinyin,中文,zhōngwén,Chinese,zhōngwén,N,"[""yīnyuè"", ""zhōngwén"", ""chànggē""]",,live,ok,,3
modern-chinese-l6-reading,第6課 短文：我的興趣,True,6,medium,1,1,中文,pos,中文,N,Chinese,zhōngwén,N,[],,live,ok,,3
modern-chinese-l6-reading,第6課 短文：我的興趣,True,6,medium,1,1,中文,cloze,我們都喜歡學____、聽音樂、唱歌。,中文,Chinese,zhōngwén,N,"[""朋友"", ""學校"", ""飯店""]",我們都喜歡學中文、聽音樂、唱歌。,live,ok,,3
modern-chinese-l6-reading,第6課 短文：我的興趣,True,6,medium,1,2,唱歌,translation,唱歌,to sing,to sing,chànggē,V,[],,live,ok,,3
modern-chinese-l6-reading,第6課 短文：我的興趣,True,6,medium,1,2,唱歌,reverse,to sing,唱歌,to sing,chànggē,V,"[""音樂"", ""中文"", ""唱歌""]",,live,ok,,3
modern-chinese-l6-reading,第6課 短文：我的興趣,True,6,medium,1,2,唱歌,listening,唱歌,唱歌,to sing,chànggē,V,"[""音樂"", ""中文"", ""唱歌""]",,live,ok,,3
modern-chinese-l6-reading,第6課 短文：我的興趣,True,6,medium,1,2,唱歌,pinyin,唱歌,chànggē,to sing,chànggē,V,"[""yīnyuè"", ""zhōngwén"", ""chànggē""]",,live,ok,,3
modern-chinese-l6-reading,第6課 短文：我的興趣,True,6,medium,1,2,唱歌,pos,唱歌,V,to sing,chànggē,V,[],,live,ok,,3
modern-chinese-l6-reading,第6課 短文：我的興趣,True,6,medium,1,2,唱歌,cloze,我們都喜歡學中文、聽音樂、____。,唱歌,to sing,chànggē,V,"[""游泳"", ""跑步"", ""休息""]",我們都喜歡學中文、聽音樂、唱歌。,live,ok,,3
modern-chinese-l6-reading,第6課 短文：我的興趣,True,6,hard,1,0,音樂,translation,音樂,music,music,yīnyuè,N,[],,live,ok,,3
modern-chinese-l6-reading,第6課 短文：我的興趣,True,6,hard,1,0,音樂,reverse,music,音樂,music,yīnyuè,N,"[""音樂"", ""中文"", ""唱歌""]",,live,ok,,3
modern-chinese-l6-reading,第6課 短文：我的興趣,True,6,hard,1,0,音樂,listening,音樂,音樂,music,yīnyuè,N,"[""音樂"", ""中文"", ""唱歌""]",,live,ok,,3
modern-chinese-l6-reading,第6課 短文：我的興趣,True,6,hard,1,0,音樂,pinyin,音樂,yīnyuè,music,yīnyuè,N,"[""yīnyuè"", ""zhōngwén"", ""chànggē""]",,live,ok,,3
modern-chinese-l6-reading,第6課 短文：我的興趣,True,6,hard,1,0,音樂,pos,音樂,N,music,yīnyuè,N,[],,live,ok,,3
modern-chinese-l6-reading,第6課 短文：我的興趣,True,6,hard,1,0,音樂,cloze,我們都喜歡學中文、聽____、唱歌。,音樂,music,yīnyuè,N,"[""朋友"", ""學校"", ""飯店""]",我們都喜歡學中文、聽音樂、唱歌。,live,ok,,3
modern-chinese-l6-reading,第6課 短文：我的興趣,True,6,hard,1,1,中文,translation,中文,Chinese,Chinese,zhōngwén,N,[],,live,ok,,3
modern-chinese-l6-reading,第6課 短文：我的興趣,True,6,hard,1,1,中文,reverse,Chinese,中文,Chinese,zhōngwén,N,"[""音樂"", ""中文"", ""唱歌""]",,live,ok,,3
modern-chinese-l6-reading,第6課 短文：我的興趣,True,6,hard,1,1,中文,listening,中文,中文,Chinese,zhōngwén,N,"[""音樂"", ""中文"", ""唱歌""]",,live,ok,,3
modern-chinese-l6-reading,第6課 短文：我的興趣,True,6,hard,1,1,中文,pinyin,中文,zhōngwén,Chinese,zhōngwén,N,"[""yīnyuè"", ""zhōngwén"", ""chànggē""]",,live,ok,,3
modern-chinese-l6-reading,第6課 短文：我的興趣,True,6,hard,1,1,中文,pos,中文,N,Chinese,zhōngwén,N,[],,live,ok,,3
modern-chinese-l6-reading,第6課 短文：我的興趣,True,6,hard,1,1,中文,cloze,我們都喜歡學____、聽音樂、唱歌。,中文,Chinese,zhōngwén,N,"[""朋友"", ""學校"", ""飯店""]",我們都喜歡學中文、聽音樂、唱歌。,live,ok,,3
modern-chinese-l6-reading,第6課 短文：我的興趣,True,6,hard,1,2,唱歌,translation,唱歌,to sing,to sing,chànggē,V,[],,live,ok,,3
modern-chinese-l6-reading,第6課 短文：我的興趣,True,6,hard,1,2,唱歌,reverse,to sing,唱歌,to sing,chànggē,V,"[""音樂"", ""中文"", ""唱歌""]",,live,ok,,3
modern-chinese-l6-reading,第6課 短文：我的興趣,True,6,hard,1,2,唱歌,listening,唱歌,唱歌,to sing,chànggē,V,"[""音樂"", ""中文"", ""唱歌""]",,live,ok,,3
modern-chinese-l6-reading,第6課 短文：我的興趣,True,6,hard,1,2,唱歌,pinyin,唱歌,chànggē,to sing,chànggē,V,"[""yīnyuè"", ""zhōngwén"", ""chànggē""]",,live,ok,,3
modern-chinese-l6-reading,第6課 短文：我的興趣,True,6,hard,1,2,唱歌,pos,唱歌,V,to sing,chànggē,V,[],,live,ok,,3
modern-chinese-l6-reading,第6課 短文：我的興趣,True,6,hard,1,2,唱歌,cloze,我們都喜歡學中文、聽音樂、____。,唱歌,to sing,chànggē,V,"[""游泳"", ""跑步"", ""休息""]",我們都喜歡學中文、聽音樂、唱歌。,live,ok,,3
modern-chinese-l6-reading,第6課 短文：我的興趣,True,6,easy,2,0,唱歌,translation,唱歌,to sing,to sing,chànggē,V,[],,live,ok,,3
modern-chinese-l6-reading,第6課 短文：我的興趣,True,6,easy,2,0,唱歌,pinyin,唱歌,chànggē,to sing,chànggē,V,"[""chànggē""]",,live,ok,,3
modern-chinese-l6-reading,第6課 短文：我的興趣,True,6,easy,2,0,唱歌,pos,唱歌,V,to sing,chànggē,V,[],,live,ok,,3
modern-chinese-l6-reading,第6課 短文：我的興趣,True,6,easy,2,0,唱歌,cloze,中明最愛____。,唱歌,to sing,chànggē,V,"[""游泳"", ""跑步"", ""休息""]",中明最愛唱歌。,live,ok,,3
modern-chinese-l6-reading,第6課 短文：我的興趣,True,6,medium,2,0,唱歌,translation,唱歌,to sing,to sing,chànggē,V,[],,live,ok,,3
modern-chinese-l6-reading,第6課 短文：我的興趣,True,6,medium,2,0,唱歌,pinyin,唱歌,chànggē,to sing,chànggē,V,"[""chànggē""]",,live,ok,,3
modern-chinese-l6-reading,第6課 短文：我的興趣,True,6,medium,2,0,唱歌,pos,唱歌,V,to sing,chànggē,V,[],,live,ok,,3
modern-chinese-l6-reading,第6課 短文：我的興趣,True,6,medium,2,0,唱歌,cloze,中明最愛____。,唱歌,to sing,chànggē,V,"[""游泳"", ""跑步"", ""休息""]",中明最愛唱歌。,live,ok,,3
modern-chinese-l6-reading,第6課 短文：我的興趣,True,6,hard,2,0,唱歌,translation,唱歌,to sing,to sing,chànggē,V,[],,live,ok,,3
modern-chinese-l6-reading,第6課 短文：我的興趣,True,6,hard,2,0,唱歌,pinyin,唱歌,chànggē,to sing,chànggē,V,"[""chànggē""]",,live,ok,,3
modern-chinese-l6-reading,第6課 短文：我的興趣,True,6,hard,2,0,唱歌,pos,唱歌,V,to sing,chànggē,V,[],,live,ok,,3
modern-chinese-l6-reading,第6課 短文：我的興趣,True,6,hard,2,0,唱歌,cloze,中明最愛____。,唱歌,to sing,chànggē,V,"[""游泳"", ""跑步"", ""休息""]",中明最愛唱歌。,live,ok,,3
modern-chinese-l6-reading,第6課 短文：我的興趣,True,6,easy,3,0,中文,translation,中文,Chinese,Chinese,zhōngwén,N,[],,live,ok,,3
modern-chinese-l6-reading,第6課 短文：我的興趣,True,6,easy,3,0,中文,pinyin,中文,zhōngwén,Chinese,zhōngwén,N,"[""zhōngwén""]",,live,ok,,3
modern-chinese-l6-reading,第6課 短文：我的興趣,True,6,easy,3,0,中文,pos,中文,N,Chinese,zhōngwén,N,[],,live,ok,,3
modern-chinese-l6-reading,第6課 短文：我的興趣,True,6,easy,3,0,中文,cloze,他的____歌唱得很好。,中文,Chinese,zhōngwén,N,"[""朋友"", ""學校"", ""飯店""]",他的中文歌唱得很好。,live,ok,,3
modern-chinese-l6-reading,第6課 短文：我的興趣,True,6,medium,3,0,中文,translation,中文,Chinese,Chinese,zhōngwén,N,[],,live,ok,,3
modern-chinese-l6-reading,第6課 短文：我的興趣,True,6,medium,3,0,中文,pinyin,中文,zhōngwén,Chinese,zhōngwén,N,"[""zhōngwén""]",,live,ok,,3
modern-chinese-l6-reading,第6課 短文：我的興趣,True,6,medium,3,0,中文,pos,中文,N,Chinese,zhōngwén,N,[],,live,ok,,3
modern-chinese-l6-reading,第6課 短文：我的興趣,True,6,medium,3,0,中文,cloze,他的____歌唱得很好。,中文,Chinese,zhōngwén,N,"[""朋友"", ""學校"", ""飯店""]",他的中文歌唱得很好。,live,ok,,3
modern-chinese-l6-reading,第6課 短文：我的興趣,True,6,hard,3,0,中文,translation,中文,Chinese,Chinese,zhōngwén,N,[],,live,ok,,3
modern-chinese-l6-reading,第6課 短文：我的興趣,True,6,hard,3,0,中文,pinyin,中文,zhōngwén,Chinese,zhōngwén,N,"[""zhōngwén""]",,live,ok,,3
modern-chinese-l6-reading,第6課 短文：我的興趣,True,6,hard,3,0,中文,pos,中文,N,Chinese,zhōngwén,N,[],,live,ok,,3
modern-chinese-l6-reading,第6課 短文：我的興趣,True,6,hard,3,0,中文,cloze,他的____歌唱得很好。,中文,Chinese,zhōngwén,N,"[""朋友"", ""學校"", ""飯店""]",他的中文歌唱得很好。,live,ok,,3
modern-chinese-l6-reading,第6課 短文：我的興趣,True,6,easy,5,0,運動,translation,運動,exercise,exercise,yùndòng,N,[],,live,ok,,3
modern-chinese-l6-reading,第6課 短文：我的興趣,True,6,easy,5,0,運動,reverse,exercise,運動,exercise,yùndòng,N,"[""運動"", ""週末""]",,live,ok,,3
modern-chinese-l6-reading,第6課 短文：我的興趣,True,6,easy,5,0,運動,listening,運動,運動,exercise,yùndòng,N,"[""運動"", ""週末""]",,live,ok,,3
modern-chinese-l6-reading,第6課 短文：我的興趣,True,6,easy,5,0,運動,pinyin,運動,yùndòng,exercise,yùndòng,N,"[""yùndòng"", ""zhōumò""]",,live,ok,,3
modern-chinese-l6-reading,第6課 短文：我的興趣,True,6,easy,5,0,運動,pos,運動,N,exercise,yùndòng,N,[],,live,ok,,3
modern-chinese-l6-reading,第6課 短文：我的興趣,True,6,easy,5,0,運動,cloze,可是週末我們常一起去____。,運動,exercise,yùndòng,N,"[""朋友"", ""學校"", ""飯店""]",可是週末我們常一起去運動。,live,ok,,3
modern-chinese-l6-reading,第6課 短文：我的興趣,True,6,easy,5,1,週末,translation,週末,weekend,weekend,zhōumò,N,[],,live,ok,,3
modern-chinese-l6-reading,第6課 短文：我的興趣,True,6,easy,5,1,週末,reverse,weekend,週末,weekend,zhōumò,N,"[""運動"", ""週末""]",,live,ok,,3
modern-chinese-l6-reading,第6課 短文：我的興趣,True,6,easy,5,1,週末,listening,週末,週末,weekend,zhōumò,N,"[""運動"", ""週末""]",,live,ok,,3
modern-chinese-l6-reading,第6課 短文：我的興趣,True,6,easy,5,1,週末,pinyin,週末,zhōumò,weekend,zhōumò,N,"[""yùndòng"", ""zhōumò""]",,live,ok,,3
modern-chinese-l6-reading,第6課 短文：我的興趣,True,6,easy,5,1,週末,pos,週末,N,weekend,zhōumò,N,[],,live,ok,,3
modern-chinese-l6-reading,第6課 短文：我的興趣,True,6,easy,5,1,週末,cloze,可是____我們常一起去運動。,週末,weekend,zhōumò,N,"[""朋友"", ""學校"", ""飯店""]",可是週末我們常一起去運動。,live,ok,,3
modern-chinese-l6-reading,第6課 短文：我的興趣,True,6,medium,5,0,運動,translation,運動,exercise,exercise,yùndòng,N,[],,live,ok,,3
modern-chinese-l6-reading,第6課 短文：我的興趣,True,6,medium,5,0,運動,reverse,exercise,運動,exercise,yùndòng,N,"[""運動"", ""週末""]",,live,ok,,3
modern-chinese-l6-reading,第6課 短文：我的興趣,True,6,medium,5,0,運動,listening,運動,運動,exercise,yùndòng,N,"[""運動"", ""週末""]",,live,ok,,3
modern-chinese-l6-reading,第6課 短文：我的興趣,True,6,medium,5,0,運動,pinyin,運動,yùndòng,exercise,yùndòng,N,"[""yùndòng"", ""zhōumò""]",,live,ok,,3
modern-chinese-l6-reading,第6課 短文：我的興趣,True,6,medium,5,0,運動,pos,運動,N,exercise,yùndòng,N,[],,live,ok,,3
modern-chinese-l6-reading,第6課 短文：我的興趣,True,6,medium,5,0,運動,cloze,可是週末我們常一起去____。,運動,exercise,yùndòng,N,"[""朋友"", ""學校"", ""飯店""]",可是週末我們常一起去運動。,live,ok,,3
modern-chinese-l6-reading,第6課 短文：我的興趣,True,6,medium,5,1,週末,translation,週末,weekend,weekend,zhōumò,N,[],,live,ok,,3
modern-chinese-l6-reading,第6課 短文：我的興趣,True,6,medium,5,1,週末,reverse,weekend,週末,weekend,zhōumò,N,"[""運動"", ""週末""]",,live,ok,,3
modern-chinese-l6-reading,第6課 短文：我的興趣,True,6,medium,5,1,週末,listening,週末,週末,weekend,zhōumò,N,"[""運動"", ""週末""]",,live,ok,,3
modern-chinese-l6-reading,第6課 短文：我的興趣,True,6,medium,5,1,週末,pinyin,週末,zhōumò,weekend,zhōumò,N,"[""yùndòng"", ""zhōumò""]",,live,ok,,3
modern-chinese-l6-reading,第6課 短文：我的興趣,True,6,medium,5,1,週末,pos,週末,N,weekend,zhōumò,N,[],,live,ok,,3
modern-chinese-l6-reading,第6課 短文：我的興趣,True,6,medium,5,1,週末,cloze,可是____我們常一起去運動。,週末,weekend,zhōumò,N,"[""朋友"", ""學校"", ""飯店""]",可是週末我們常一起去運動。,live,ok,,3
modern-chinese-l6-reading,第6課 短文：我的興趣,True,6,hard,5,0,運動,translation,運動,exercise,exercise,yùndòng,N,[],,live,ok,,3
modern-chinese-l6-reading,第6課 短文：我的興趣,True,6,hard,5,0,運動,reverse,exercise,運動,exercise,yùndòng,N,"[""運動"", ""週末""]",,live,ok,,3
modern-chinese-l6-reading,第6課 短文：我的興趣,True,6,hard,5,0,運動,listening,運動,運動,exercise,yùndòng,N,"[""運動"", ""週末""]",,live,ok,,3
modern-chinese-l6-reading,第6課 短文：我的興趣,True,6,hard,5,0,運動,pinyin,運動,yùndòng,exercise,yùndòng,N,"[""yùndòng"", ""zhōumò""]",,live,ok,,3
modern-chinese-l6-reading,第6課 短文：我的興趣,True,6,hard,5,0,運動,pos,運動,N,exercise,yùndòng,N,[],,live,ok,,3
modern-chinese-l6-reading,第6課 短文：我的興趣,True,6,hard,5,0,運動,cloze,可是週末我們常一起去____。,運動,exercise,yùndòng,N,"[""朋友"", ""學校"", ""飯店""]",可是週末我們常一起去運動。,live,ok,,3
modern-chinese-l6-reading,第6課 短文：我的興趣,True,6,hard,5,1,週末,translation,週末,weekend,weekend,zhōumò,N,[],,live,ok,,3
modern-chinese-l6-reading,第6課 短文：我的興趣,True,6,hard,5,1,週末,reverse,weekend,週末,weekend,zhōumò,N,"[""運動"", ""週末""]",,live,ok,,3
modern-chinese-l6-reading,第6課 短文：我的興趣,True,6,hard,5,1,週末,listening,週末,週末,weekend,zhōumò,N,"[""運動"", ""週末""]",,live,ok,,3
modern-chinese-l6-reading,第6課 短文：我的興趣,True,6,hard,5,1,週末,pinyin,週末,zhōumò,weekend,zhōumò,N,"[""yùndòng"", ""zhōumò""]",,live,ok,,3
modern-chinese-l6-reading,第6課 短文：我的興趣,True,6,hard,5,1,週末,pos,週末,N,weekend,zhōumò,N,[],,live,ok,,3
modern-chinese-l6-reading,第6課 短文：我的興趣,True,6,hard,5,1,週末,cloze,可是____我們常一起去運動。,週末,weekend,zhōumò,N,"[""朋友"", ""學校"", ""飯店""]",可是週末我們常一起去運動。,live,ok,,3
modern-chinese-l6-reading,第6課 短文：我的興趣,True,6,easy,6,0,游泳,translation,游泳,to swim,to swim,yóuyǒng,V,[],,live,ok,,3
modern-chinese-l6-reading,第6課 短文：我的興趣,True,6,easy,6,0,游泳,pinyin,游泳,yóuyǒng,to swim,yóuyǒng,V,"[""yóuyǒng""]",,live,ok,,3
modern-chinese-l6-reading,第6課 短文：我的興趣,True,6,easy,6,0,游泳,pos,游泳,V,to swim,yóuyǒng,V,[],,live,ok,,3
modern-chinese-l6-reading,第6課 短文：我的興趣,True,6,easy,6,0,游泳,cloze,宜文____游得不錯。,游泳,to swim,yóuyǒng,V,"[""跑步"", ""休息""]",宜文游泳游得不錯。,live,ok,,3
modern-chinese-l6-reading,第6課 短文：我的興趣,True,6,medium,6,0,游泳,translation,游泳,to swim,to swim,yóuyǒng,V,[],,live,ok,,3
modern-chinese-l6-reading,第6課 短文：我的興趣,True,6,medium,6,0,游泳,pinyin,游泳,yóuyǒng,to swim,yóuyǒng,V,"[""yóuyǒng""]",,live,ok,,3
modern-chinese-l6-reading,第6課 短文：我的興趣,True,6,medium,6,0,游泳,pos,游泳,V,to swim,yóuyǒng,V,[],,live,ok,,3
modern-chinese-l6-reading,第6課 短文：我的興趣,True,6,medium,6,0,游泳,cloze,宜文____游得不錯。,游泳,to swim,yóuyǒng,V,"[""跑步"", ""休息""]",宜文游泳游得不錯。,live,ok,,3
modern-chinese-l6-reading,第6課 短文：我的興趣,True,6,hard,6,0,游泳,translation,游泳,to swim,to swim,yóuyǒng,V,[],,live,ok,,3
modern-chinese-l6-reading,第6課 短文：我的興趣,True,6,hard,6,0,游泳,pinyin,游泳,yóuyǒng,to swim,yóuyǒng,V,"[""yóuyǒng""]",,live,ok,,3
modern-chinese-l6-reading,第6課 短文：我的興趣,True,6,hard,6,0,游泳,pos,游泳,V,to swim,yóuyǒng,V,[],,live,ok,,3
modern-chinese-l6-reading,第6課 短文：我的興趣,True,6,hard,6,0,游泳,cloze,宜文____游得不錯。,游泳,to swim,yóuyǒng,V,"[""跑步"", ""休息""]",宜文游泳游得不錯。,live,ok,,3
modern-chinese-l6-reading,第6課 短文：我的興趣,True,6,easy,8,0,網球,translation,網球,tennis,tennis,wǎngqiú,N,[],,live,ok,,3
modern-chinese-l6-reading,第6課 短文：我的興趣,True,6,easy,8,0,網球,pinyin,網球,wǎngqiú,tennis,wǎngqiú,N,"[""wǎngqiú""]",,live,ok,,3
modern-chinese-l6-reading,第6課 短文：我的興趣,True,6,easy,8,0,網球,pos,網球,N,tennis,wǎngqiú,N,[],,live,ok,,3
modern-chinese-l6-reading,第6課 短文：我的興趣,True,6,easy,8,0,網球,cloze,我喜歡打____。,網球,tennis,wǎngqiú,N,"[""朋友"", ""學校"", ""飯店""]",我喜歡打網球。,live,ok,,3
modern-chinese-l6-reading,第6課 短文：我的興趣,True,6,medium,8,0,網球,translation,網球,tennis,tennis,wǎngqiú,N,[],,live,ok,,3
modern-chinese-l6-reading,第6課 短文：我的興趣,True,6,medium,8,0,網球,pinyin,網球,wǎngqiú,tennis,wǎngqiú,N,"[""wǎngqiú""]",,live,ok,,3
modern-chinese-l6-reading,第6課 短文：我的興趣,True,6,medium,8,0,網球,pos,網球,N,tennis,wǎngqiú,N,[],,live,ok,,3
modern-chinese-l6-reading,第6課 短文：我的興趣,True,6,medium,8,0,網球,cloze,我喜歡打____。,網球,tennis,wǎngqiú,N,"[""朋友"", ""學校"", ""飯店""]",我喜歡打網球。,live,ok,,3
modern-chinese-l6-reading,第6課 短文：我的興趣,True,6,hard,8,0,網球,translation,網球,tennis,tennis,wǎngqiú,N,[],,live,ok,,3
modern-chinese-l6-reading,第6課 短文：我的興趣,True,6,hard,8,0,網球,pinyin,網球,wǎngqiú,tennis,wǎngqiú,N,"[""wǎngqiú""]",,live,ok,,3
modern-chinese-l6-reading,第6課 短文：我的興趣,True,6,hard,8,0,網球,pos,網球,N,tennis,wǎngqiú,N,[],,live,ok,,3
modern-chinese-l6-reading,第6課 短文：我的興趣,True,6,hard,8,0,網球,cloze,我喜歡打____。,網球,tennis,wǎngqiú,N,"[""朋友"", ""學校"", ""飯店""]",我喜歡打網球。,live,ok,,3
modern-chinese-l6-reading,第6課 短文：我的興趣,True,6,easy,9,0,運動,translation,運動,exercise,exercise,yùndòng,N,[],,live,ok,,3
modern-chinese-l6-reading,第6課 短文：我的興趣,True,6,easy,9,0,運動,pinyin,運動,yùndòng,exercise,yùndòng,N,"[""yùndòng""]",,live,ok,,3
modern-chinese-l6-reading,第6課 短文：我的興趣,True,6,easy,9,0,運動,pos,運動,N,exercise,yùndòng,N,[],,live,ok,,3
modern-chinese-l6-reading,第6課 短文：我的興趣,True,6,easy,9,0,運動,cloze,有時候我們也一起去看____比賽。,運動,exercise,yùndòng,N,"[""朋友"", ""學校"", ""飯店""]",有時候我們也一起去看運動比賽。,live,ok,,3
modern-chinese-l6-reading,第6課 短文：我的興趣,True,6,medium,9,0,運動,translation,運動,exercise,exercise,yùndòng,N,[],,live,ok,,3
modern-chinese-l6-reading,第6課 短文：我的興趣,True,6,medium,9,0,運動,pinyin,運動,yùndòng,exercise,yùndòng,N,"[""yùndòng""]",,live,ok,,3
modern-chinese-l6-reading,第6課 短文：我的興趣,True,6,medium,9,0,運動,pos,運動,N,exercise,yùndòng,N,[],,live,ok,,3
modern-chinese-l6-reading,第6課 短文：我的興趣,True,6,medium,9,0,運動,cloze,有時候我們也一起去看____比賽。,運動,exercise,yùndòng,N,"[""朋友"", ""學校"", ""飯店""]",有時候我們也一起去看運動比賽。,live,ok,,3
modern-chinese-l6-reading,第6課 短文：我的興趣,True,6,hard,9,0,運動,translation,運動,exercise,exercise,yùndòng,N,[],,live,ok,,3
modern-chinese-l6-reading,第6課 短文：我的興趣,True,6,hard,9,0,運動,pinyin,運動,yùndòng,exercise,yùndòng,N,"[""yùndòng""]",,live,ok,,3
modern-chinese-l6-reading,第6課 短文：我的興趣,True,6,hard,9,0,運動,pos,運動,N,exercise,yùndòng,N,[],,live,ok,,3
modern-chinese-l6-reading,第6課 短文：我的興趣,True,6,hard,9,0,運動,cloze,有時候我們也一起去看____比賽。,運動,exercise,yùndòng,N,"[""朋友"", ""學校"", ""飯店""]",有時候我們也一起去看運動比賽。,live,ok,,3
modern-chinese-l6-reading,第6課 短文：我的興趣,True,6,easy,10,0,朋友,translation,朋友,friend,friend,péngyǒu,N,[],,live,ok,,3
modern-chinese-l6-reading,第6課 短文：我的興趣,True,6,easy,10,0,朋友,pinyin,朋友,péngyǒu,friend,péngyǒu,N,"[""péngyǒu""]",,live,ok,,3
modern-chinese-l6-reading,第6課 短文：我的興趣,True,6,easy,10,0,朋友,pos,朋友,N,friend,péngyǒu,N,[],,live,ok,,3
modern-chinese-l6-reading,第6課 短文：我的興趣,True,6,easy,10,0,朋友,cloze,有這幾個好____，我真高興！,朋友,friend,péngyǒu,N,"[""學校"", ""飯店""]",有這幾個好朋友，我真高興！,live,ok,,3
modern-chinese-l6-reading,第6課 短文：我的興趣,True,6,medium,10,0,朋友,translation,朋友,friend,friend,péngyǒu,N,[],,live,ok,,3
modern-chinese-l6-reading,第6課 短文：我的興趣,True,6,medium,10,0,朋友,pinyin,朋友,péngyǒu,friend,péngyǒu,N,"[""péngyǒu""]",,live,ok,,3
modern-chinese-l6-reading,第6課 短文：我的興趣,True,6,medium,10,0,朋友,pos,朋友,N,friend,péngyǒu,N,[],,live,ok,,3
modern-chinese-l6-reading,第6課 短文：我的興趣,True,6,medium,10,0,朋友,cloze,有這幾個好____，我真高興！,朋友,friend,péngyǒu,N,"[""學校"", ""飯店""]",有這幾個好朋友，我真高興！,live,ok,,3
modern-chinese-l6-reading,第6課 短文：我的興趣,True,6,hard,10,0,朋友,translation,朋友,friend,friend,péngyǒu,N,[],,live,ok,,3
modern-chinese-l6-reading,第6課 短文：我的興趣,True,6,hard,10,0,朋友,pinyin,朋友,péngyǒu,friend,péngyǒu,N,"[""péngyǒu""]",,live,ok,,3
modern-chinese-l6-reading,第6課 短文：我的興趣,True,6,hard,10,0,朋友,pos,朋友,N,friend,péngyǒu,N,[],,live,ok,,3
modern-chinese-l6-reading,第6課 短文：我的興趣,True,6,hard,10,0,朋友,cloze,有這幾個好____，我真高興！,朋友,friend,péngyǒu,N,"[""學校"", ""飯店""]",有這幾個好朋友，我真高興！,live,ok,,3
modern-chinese-l7-dialogue-1,第7課 對話一：怎麼去天美飯店？,True,7,easy,0,0,朋友,translation,朋友,friend,friend,péngyǒu,N,[],,live,ok,,1
modern-chinese-l7-dialogue-1,第7課 對話一：怎麼去天美飯店？,True,7,easy,0,0,朋友,pinyin,朋友,péngyǒu,friend,péngyǒu,N,"[""péngyǒu""]",,live,ok,,1
modern-chinese-l7-dialogue-1,第7課 對話一：怎麼去天美飯店？,True,7,easy,0,0,朋友,pos,朋友,N,friend,péngyǒu,N,[],,live,ok,,1
modern-chinese-l7-dialogue-1,第7課 對話一：怎麼去天美飯店？,True,7,easy,0,0,朋友,cloze,友美：元真，我們明天幾點去找你的韓國____？,朋友,friend,péngyǒu,N,"[""學校"", ""飯店""]",友美：元真，我們明天幾點去找你的韓國朋友？,live,ok,,1
modern-chinese-l7-dialogue-1,第7課 對話一：怎麼去天美飯店？,True,7,medium,0,0,朋友,translation,朋友,friend,friend,péngyǒu,N,[],,live,ok,,1
modern-chinese-l7-dialogue-1,第7課 對話一：怎麼去天美飯店？,True,7,medium,0,0,朋友,pinyin,朋友,péngyǒu,friend,péngyǒu,N,"[""péngyǒu""]",,live,ok,,1
modern-chinese-l7-dialogue-1,第7課 對話一：怎麼去天美飯店？,True,7,medium,0,0,朋友,pos,朋友,N,friend,péngyǒu,N,[],,live,ok,,1
modern-chinese-l7-dialogue-1,第7課 對話一：怎麼去天美飯店？,True,7,medium,0,0,朋友,cloze,友美：元真，我們明天幾點去找你的韓國____？,朋友,friend,péngyǒu,N,"[""學校"", ""飯店""]",友美：元真，我們明天幾點去找你的韓國朋友？,live,ok,,1
modern-chinese-l7-dialogue-1,第7課 對話一：怎麼去天美飯店？,True,7,hard,0,0,朋友,translation,朋友,friend,friend,péngyǒu,N,[],,live,ok,,1
modern-chinese-l7-dialogue-1,第7課 對話一：怎麼去天美飯店？,True,7,hard,0,0,朋友,pinyin,朋友,péngyǒu,friend,péngyǒu,N,"[""péngyǒu""]",,live,ok,,1
modern-chinese-l7-dialogue-1,第7課 對話一：怎麼去天美飯店？,True,7,hard,0,0,朋友,pos,朋友,N,friend,péngyǒu,N,[],,live,ok,,1
modern-chinese-l7-dialogue-1,第7課 對話一：怎麼去天美飯店？,True,7,hard,0,0,朋友,cloze,友美：元真，我們明天幾點去找你的韓國____？,朋友,friend,péngyǒu,N,"[""學校"", ""飯店""]",友美：元真，我們明天幾點去找你的韓國朋友？,live,ok,,1
modern-chinese-l7-dialogue-1,第7課 對話一：怎麼去天美飯店？,True,7,easy,1,0,飯店,translation,飯店,hotel,hotel,fàndiàn,N,[],,live,ok,,1
modern-chinese-l7-dialogue-1,第7課 對話一：怎麼去天美飯店？,True,7,easy,1,0,飯店,pinyin,飯店,fàndiàn,hotel,fàndiàn,N,"[""fàndiàn""]",,live,ok,,1
modern-chinese-l7-dialogue-1,第7課 對話一：怎麼去天美飯店？,True,7,easy,1,0,飯店,pos,飯店,N,hotel,fàndiàn,N,[],,live,ok,,1
modern-chinese-l7-dialogue-1,第7課 對話一：怎麼去天美飯店？,True,7,easy,1,0,飯店,cloze,元真：我們下午四點要到天美____，她在那裡等我們。,飯店,hotel,fàndiàn,N,"[""朋友"", ""學校""]",元真：我們下午四點要到天美飯店，她在那裡等我們。,live,ok,,1
modern-chinese-l7-dialogue-1,第7課 對話一：怎麼去天美飯店？,True,7,medium,1,0,飯店,translation,飯店,hotel,hotel,fàndiàn,N,[],,live,ok,,1
modern-chinese-l7-dialogue-1,第7課 對話一：怎麼去天美飯店？,True,7,medium,1,0,飯店,pinyin,飯店,fàndiàn,hotel,fàndiàn,N,"[""fàndiàn""]",,live,ok,,1
modern-chinese-l7-dialogue-1,第7課 對話一：怎麼去天美飯店？,True,7,medium,1,0,飯店,pos,飯店,N,hotel,fàndiàn,N,[],,live,ok,,1
modern-chinese-l7-dialogue-1,第7課 對話一：怎麼去天美飯店？,True,7,medium,1,0,飯店,cloze,元真：我們下午四點要到天美____，她在那裡等我們。,飯店,hotel,fàndiàn,N,"[""朋友"", ""學校""]",元真：我們下午四點要到天美飯店，她在那裡等我們。,live,ok,,1
modern-chinese-l7-dialogue-1,第7課 對話一：怎麼去天美飯店？,True,7,hard,1,0,飯店,translation,飯店,hotel,hotel,fàndiàn,N,[],,live,ok,,1
modern-chinese-l7-dialogue-1,第7課 對話一：怎麼去天美飯店？,True,7,hard,1,0,飯店,pinyin,飯店,fàndiàn,hotel,fàndiàn,N,"[""fàndiàn""]",,live,ok,,1
modern-chinese-l7-dialogue-1,第7課 對話一：怎麼去天美飯店？,True,7,hard,1,0,飯店,pos,飯店,N,hotel,fàndiàn,N,[],,live,ok,,1
modern-chinese-l7-dialogue-1,第7課 對話一：怎麼去天美飯店？,True,7,hard,1,0,飯店,cloze,元真：我們下午四點要到天美____，她在那裡等我們。,飯店,hotel,fàndiàn,N,"[""朋友"", ""學校""]",元真：我們下午四點要到天美飯店，她在那裡等我們。,live,ok,,1
modern-chinese-l7-dialogue-1,第7課 對話一：怎麼去天美飯店？,True,7,easy,2,0,捷運,translation,捷運,MRT,MRT,jiéyùn,N,[],,live,ok,,1
modern-chinese-l7-dialogue-1,第7課 對話一：怎麼去天美飯店？,True,7,easy,2,0,捷運,reverse,MRT,捷運,MRT,jiéyùn,N,"[""捷運"", ""公車""]",,live,ok,,1
modern-chinese-l7-dialogue-1,第7課 對話一：怎麼去天美飯店？,True,7,easy,2,0,捷運,listening,捷運,捷運,MRT,jiéyùn,N,"[""捷運"", ""公車""]",,live,ok,,1
modern-chinese-l7-dialogue-1,第7課 對話一：怎麼去天美飯店？,True,7,easy,2,0,捷運,pinyin,捷運,jiéyùn,MRT,jiéyùn,N,"[""jiéyùn"", ""gōngchē""]",,live,ok,,1
modern-chinese-l7-dialogue-1,第7課 對話一：怎麼去天美飯店？,True,7,easy,2,0,捷運,pos,捷運,N,MRT,jiéyùn,N,[],,live,ok,,1
modern-chinese-l7-dialogue-1,第7課 對話一：怎麼去天美飯店？,True,7,easy,2,0,捷運,cloze,友美：我們要怎麼去？坐____還是坐公車？,捷運,MRT,jiéyùn,N,"[""朋友"", ""學校"", ""飯店""]",友美：我們要怎麼去？坐捷運還是坐公車？,live,ok,,1
modern-chinese-l7-dialogue-1,第7課 對話一：怎麼去天美飯店？,True,7,easy,2,1,公車,translation,公車,bus,bus,gōngchē,N,[],,live,ok,,1
modern-chinese-l7-dialogue-1,第7課 對話一：怎麼去天美飯店？,True,7,easy,2,1,公車,reverse,bus,公車,bus,gōngchē,N,"[""捷運"", ""公車""]",,live,ok,,1
modern-chinese-l7-dialogue-1,第7課 對話一：怎麼去天美飯店？,True,7,easy,2,1,公車,listening,公車,公車,bus,gōngchē,N,"[""捷運"", ""公車""]",,live,ok,,1
modern-chinese-l7-dialogue-1,第7課 對話一：怎麼去天美飯店？,True,7,easy,2,1,公車,pinyin,公車,gōngchē,bus,gōngchē,N,"[""jiéyùn"", ""gōngchē""]",,live,ok,,1
modern-chinese-l7-dialogue-1,第7課 對話一：怎麼去天美飯店？,True,7,easy,2,1,公車,pos,公車,N,bus,gōngchē,N,[],,live,ok,,1
modern-chinese-l7-dialogue-1,第7課 對話一：怎麼去天美飯店？,True,7,easy,2,1,公車,cloze,友美：我們要怎麼去？坐捷運還是坐____？,公車,bus,gōngchē,N,"[""朋友"", ""學校"", ""飯店""]",友美：我們要怎麼去？坐捷運還是坐公車？,live,ok,,1
modern-chinese-l7-dialogue-1,第7課 對話一：怎麼去天美飯店？,True,7,medium,2,0,捷運,translation,捷運,MRT,MRT,jiéyùn,N,[],,live,ok,,1
modern-chinese-l7-dialogue-1,第7課 對話一：怎麼去天美飯店？,True,7,medium,2,0,捷運,reverse,MRT,捷運,MRT,jiéyùn,N,"[""捷運"", ""公車""]",,live,ok,,1
modern-chinese-l7-dialogue-1,第7課 對話一：怎麼去天美飯店？,True,7,medium,2,0,捷運,listening,捷運,捷運,MRT,jiéyùn,N,"[""捷運"", ""公車""]",,live,ok,,1
modern-chinese-l7-dialogue-1,第7課 對話一：怎麼去天美飯店？,True,7,medium,2,0,捷運,pinyin,捷運,jiéyùn,MRT,jiéyùn,N,"[""jiéyùn"", ""gōngchē""]",,live,ok,,1
modern-chinese-l7-dialogue-1,第7課 對話一：怎麼去天美飯店？,True,7,medium,2,0,捷運,pos,捷運,N,MRT,jiéyùn,N,[],,live,ok,,1
modern-chinese-l7-dialogue-1,第7課 對話一：怎麼去天美飯店？,True,7,medium,2,0,捷運,cloze,友美：我們要怎麼去？坐____還是坐公車？,捷運,MRT,jiéyùn,N,"[""朋友"", ""學校"", ""飯店""]",友美：我們要怎麼去？坐捷運還是坐公車？,live,ok,,1
modern-chinese-l7-dialogue-1,第7課 對話一：怎麼去天美飯店？,True,7,medium,2,1,公車,translation,公車,bus,bus,gōngchē,N,[],,live,ok,,1
modern-chinese-l7-dialogue-1,第7課 對話一：怎麼去天美飯店？,True,7,medium,2,1,公車,reverse,bus,公車,bus,gōngchē,N,"[""捷運"", ""公車""]",,live,ok,,1
modern-chinese-l7-dialogue-1,第7課 對話一：怎麼去天美飯店？,True,7,medium,2,1,公車,listening,公車,公車,bus,gōngchē,N,"[""捷運"", ""公車""]",,live,ok,,1
modern-chinese-l7-dialogue-1,第7課 對話一：怎麼去天美飯店？,True,7,medium,2,1,公車,pinyin,公車,gōngchē,bus,gōngchē,N,"[""jiéyùn"", ""gōngchē""]",,live,ok,,1
modern-chinese-l7-dialogue-1,第7課 對話一：怎麼去天美飯店？,True,7,medium,2,1,公車,pos,公車,N,bus,gōngchē,N,[],,live,ok,,1
modern-chinese-l7-dialogue-1,第7課 對話一：怎麼去天美飯店？,True,7,medium,2,1,公車,cloze,友美：我們要怎麼去？坐捷運還是坐____？,公車,bus,gōngchē,N,"[""朋友"", ""學校"", ""飯店""]",友美：我們要怎麼去？坐捷運還是坐公車？,live,ok,,1
modern-chinese-l7-dialogue-1,第7課 對話一：怎麼去天美飯店？,True,7,hard,2,0,捷運,translation,捷運,MRT,MRT,jiéyùn,N,[],,live,ok,,1
modern-chinese-l7-dialogue-1,第7課 對話一：怎麼去天美飯店？,True,7,hard,2,0,捷運,reverse,MRT,捷運,MRT,jiéyùn,N,"[""捷運"", ""公車""]",,live,ok,,1
modern-chinese-l7-dialogue-1,第7課 對話一：怎麼去天美飯店？,True,7,hard,2,0,捷運,listening,捷運,捷運,MRT,jiéyùn,N,"[""捷運"", ""公車""]",,live,ok,,1
modern-chinese-l7-dialogue-1,第7課 對話一：怎麼去天美飯店？,True,7,hard,2,0,捷運,pinyin,捷運,jiéyùn,MRT,jiéyùn,N,"[""jiéyùn"", ""gōngchē""]",,live,ok,,1
modern-chinese-l7-dialogue-1,第7課 對話一：怎麼去天美飯店？,True,7,hard,2,0,捷運,pos,捷運,N,MRT,jiéyùn,N,[],,live,ok,,1
modern-chinese-l7-dialogue-1,第7課 對話一：怎麼去天美飯店？,True,7,hard,2,0,捷運,cloze,友美：我們要怎麼去？坐____還是坐公車？,捷運,MRT,jiéyùn,N,"[""朋友"", ""學校"", ""飯店""]",友美：我們要怎麼去？坐捷運還是坐公車？,live,ok,,1
modern-chinese-l7-dialogue-1,第7課 對話一：怎麼去天美飯店？,True,7,hard,2,1,公車,translation,公車,bus,bus,gōngchē,N,[],,live,ok,,1
modern-chinese-l7-dialogue-1,第7課 對話一：怎麼去天美飯店？,True,7,hard,2,1,公車,reverse,bus,公車,bus,gōngchē,N,"[""捷運"", ""公車""]",,live,ok,,1
modern-chinese-l7-dialogue-1,第7課 對話一：怎麼去天美飯店？,True,7,hard,2,1,公車,listening,公車,公車,bus,gōngchē,N,"[""捷運"", ""公車""]",,live,ok,,1
modern-chinese-l7-dialogue-1,第7課 對話一：怎麼去天美飯店？,True,7,hard,2,1,公車,pinyin,公車,gōngchē,bus,gōngchē,N,"[""jiéyùn"", ""gōngchē""]",,live,ok,,1
modern-chinese-l7-dialogue-1,第7課 對話一：怎麼去天美飯店？,True,7,hard,2,1,公車,pos,公車,N,bus,gōngchē,N,[],,live,ok,,1
modern-chinese-l7-dialogue-1,第7課 對話一：怎麼去天美飯店？,True,7,hard,2,1,公車,cloze,友美：我們要怎麼去？坐捷運還是坐____？,公車,bus,gōngchē,N,"[""朋友"", ""學校"", ""飯店""]",友美：我們要怎麼去？坐捷運還是坐公車？,live,ok,,1
modern-chinese-l7-dialogue-1,第7課 對話一：怎麼去天美飯店？,True,7,easy,3,0,飯店,translation,飯店,hotel,hotel,fàndiàn,N,[],,live,ok,,1
modern-chinese-l7-dialogue-1,第7課 對話一：怎麼去天美飯店？,True,7,easy,3,0,飯店,reverse,hotel,飯店,hotel,fàndiàn,N,"[""飯店"", ""學校"", ""走路""]",,live,ok,,1
modern-chinese-l7-dialogue-1,第7課 對話一：怎麼去天美飯店？,True,7,easy,3,0,飯店,listening,飯店,飯店,hotel,fàndiàn,N,"[""飯店"", ""學校"", ""走路""]",,live,ok,,1
modern-chinese-l7-dialogue-1,第7課 對話一：怎麼去天美飯店？,True,7,easy,3,0,飯店,pinyin,飯店,fàndiàn,hotel,fàndiàn,N,"[""fàndiàn"", ""xuéxiào"", ""zǒulù""]",,live,ok,,1
modern-chinese-l7-dialogue-1,第7課 對話一：怎麼去天美飯店？,True,7,easy,3,0,飯店,pos,飯店,N,hotel,fàndiàn,N,[],,live,ok,,1
modern-chinese-l7-dialogue-1,第7課 對話一：怎麼去天美飯店？,True,7,easy,3,0,飯店,cloze,元真：聽說那家____不遠，我想我們可以從學校走路去。,飯店,hotel,fàndiàn,N,"[""朋友"", ""學校""]",元真：聽說那家飯店不遠，我想我們可以從學校走路去。,live,ok,,1
modern-chinese-l7-dialogue-1,第7課 對話一：怎麼去天美飯店？,True,7,easy,3,1,學校,translation,學校,school,school,xuéxiào,N,[],,live,ok,,1
modern-chinese-l7-dialogue-1,第7課 對話一：怎麼去天美飯店？,True,7,easy,3,1,學校,reverse,school,學校,school,xuéxiào,N,"[""飯店"", ""學校"", ""走路""]",,live,ok,,1
modern-chinese-l7-dialogue-1,第7課 對話一：怎麼去天美飯店？,True,7,easy,3,1,學校,listening,學校,學校,school,xuéxiào,N,"[""飯店"", ""學校"", ""走路""]",,live,ok,,1
modern-chinese-l7-dialogue-1,第7課 對話一：怎麼去天美飯店？,True,7,easy,3,1,學校,pinyin,學校,xuéxiào,school,xuéxiào,N,"[""fàndiàn"", ""xuéxiào"", ""zǒulù""]",,live,ok,,1
modern-chinese-l7-dialogue-1,第7課 對話一：怎麼去天美飯店？,True,7,easy,3,1,學校,pos,學校,N,school,xuéxiào,N,[],,live,ok,,1
modern-chinese-l7-dialogue-1,第7課 對話一：怎麼去天美飯店？,True,7,easy,3,1,學校,cloze,元真：聽說那家飯店不遠，我想我們可以從____走路去。,學校,school,xuéxiào,N,"[""朋友"", ""飯店""]",元真：聽說那家飯店不遠，我想我們可以從學校走路去。,live,ok,,1
modern-chinese-l7-dialogue-1,第7課 對話一：怎麼去天美飯店？,True,7,easy,3,2,走路,translation,走路,to walk,to walk,zǒulù,V,[],,live,ok,,1
modern-chinese-l7-dialogue-1,第7課 對話一：怎麼去天美飯店？,True,7,easy,3,2,走路,reverse,to walk,走路,to walk,zǒulù,V,"[""飯店"", ""學校"", ""走路""]",,live,ok,,1
modern-chinese-l7-dialogue-1,第7課 對話一：怎麼去天美飯店？,True,7,easy,3,2,走路,listening,走路,走路,to walk,zǒulù,V,"[""飯店"", ""學校"", ""走路""]",,live,ok,,1
modern-chinese-l7-dialogue-1,第7課 對話一：怎麼去天美飯店？,True,7,easy,3,2,走路,pinyin,走路,zǒulù,to walk,zǒulù,V,"[""fàndiàn"", ""xuéxiào"", ""zǒulù""]",,live,ok,,1
modern-chinese-l7-dialogue-1,第7課 對話一：怎麼去天美飯店？,True,7,easy,3,2,走路,pos,走路,V,to walk,zǒulù,V,[],,live,ok,,1
modern-chinese-l7-dialogue-1,第7課 對話一：怎麼去天美飯店？,True,7,easy,3,2,走路,cloze,元真：聽說那家飯店不遠，我想我們可以從學校____去。,走路,to walk,zǒulù,V,"[""游泳"", ""跑步"", ""休息""]",元真：聽說那家飯店不遠，我想我們可以從學校走路去。,live,ok,,1
modern-chinese-l7-dialogue-1,第7課 對話一：怎麼去天美飯店？,True,7,medium,3,0,飯店,translation,飯店,hotel,hotel,fàndiàn,N,[],,live,ok,,1
modern-chinese-l7-dialogue-1,第7課 對話一：怎麼去天美飯店？,True,7,medium,3,0,飯店,reverse,hotel,飯店,hotel,fàndiàn,N,"[""飯店"", ""學校"", ""走路""]",,live,ok,,1
modern-chinese-l7-dialogue-1,第7課 對話一：怎麼去天美飯店？,True,7,medium,3,0,飯店,listening,飯店,飯店,hotel,fàndiàn,N,"[""飯店"", ""學校"", ""走路""]",,live,ok,,1
modern-chinese-l7-dialogue-1,第7課 對話一：怎麼去天美飯店？,True,7,medium,3,0,飯店,pinyin,飯店,fàndiàn,hotel,fàndiàn,N,"[""fàndiàn"", ""xuéxiào"", ""zǒulù""]",,live,ok,,1
modern-chinese-l7-dialogue-1,第7課 對話一：怎麼去天美飯店？,True,7,medium,3,0,飯店,pos,飯店,N,hotel,fàndiàn,N,[],,live,ok,,1
modern-chinese-l7-dialogue-1,第7課 對話一：怎麼去天美飯店？,True,7,medium,3,0,飯店,cloze,元真：聽說那家____不遠，我想我們可以從學校走路去。,飯店,hotel,fàndiàn,N,"[""朋友"", ""學校""]",元真：聽說那家飯店不遠，我想我們可以從學校走路去。,live,ok,,1
modern-chinese-l7-dialogue-1,第7課 對話一：怎麼去天美飯店？,True,7,medium,3,1,學校,translation,學校,school,school,xuéxiào,N,[],,live,ok,,1
modern-chinese-l7-dialogue-1,第7課 對話一：怎麼去天美飯店？,True,7,medium,3,1,學校,reverse,school,學校,school,xuéxiào,N,"[""飯店"", ""學校"", ""走路""]",,live,ok,,1
modern-chinese-l7-dialogue-1,第7課 對話一：怎麼去天美飯店？,True,7,medium,3,1,學校,listening,學校,學校,school,xuéxiào,N,"[""飯店"", ""學校"", ""走路""]",,live,ok,,1
modern-chinese-l7-dialogue-1,第7課 對話一：怎麼去天美飯店？,True,7,medium,3,1,學校,pinyin,學校,xuéxiào,school,xuéxiào,N,"[""fàndiàn"", ""xuéxiào"", ""zǒulù""]",,live,ok,,1
modern-chinese-l7-dialogue-1,第7課 對話一：怎麼去天美飯店？,True,7,medium,3,1,學校,pos,學校,N,school,xuéxiào,N,[],,live,ok,,1
modern-chinese-l7-dialogue-1,第7課 對話一：怎麼去天美飯店？,True,7,medium,3,1,學校,cloze,元真：聽說那家飯店不遠，我想我們可以從____走路去。,學校,school,xuéxiào,N,"[""朋友"", ""飯店""]",元真：聽說那家飯店不遠，我想我們可以從學校走路去。,live,ok,,1
modern-chinese-l7-dialogue-1,第7課 對話一：怎麼去天美飯店？,True,7,medium,3,2,走路,translation,走路,to walk,to walk,zǒulù,V,[],,live,ok,,1
modern-chinese-l7-dialogue-1,第7課 對話一：怎麼去天美飯店？,True,7,medium,3,2,走路,reverse,to walk,走路,to walk,zǒulù,V,"[""飯店"", ""學校"", ""走路""]",,live,ok,,1
modern-chinese-l7-dialogue-1,第7課 對話一：怎麼去天美飯店？,True,7,medium,3,2,走路,listening,走路,走路,to walk,zǒulù,V,"[""飯店"", ""學校"", ""走路""]",,live,ok,,1
modern-chinese-l7-dialogue-1,第7課 對話一：怎麼去天美飯店？,True,7,medium,3,2,走路,pinyin,走路,zǒulù,to walk,zǒulù,V,"[""fàndiàn"", ""xuéxiào"", ""zǒulù""]",,live,ok,,1
modern-chinese-l7-dialogue-1,第7課 對話一：怎麼去天美飯店？,True,7,medium,3,2,走路,pos,走路,V,to walk,zǒulù,V,[],,live,ok,,1
modern-chinese-l7-dialogue-1,第7課 對話一：怎麼去天美飯店？,True,7,medium,3,2,走路,cloze,元真：聽說那家飯店不遠，我想我們可以從學校____去。,走路,to walk,zǒulù,V,"[""游泳"", ""跑步"", ""休息""]",元真：聽說那家飯店不遠，我想我們可以從學校走路去。,live,ok,,1
modern-chinese-l7-dialogue-1,第7課 對話一：怎麼去天美飯店？,True,7,hard,3,0,飯店,translation,飯店,hotel,hotel,fàndiàn,N,[],,live,ok,,1
modern-chinese-l7-dialogue-1,第7課 對話一：怎麼去天美飯店？,True,7,hard,3,0,飯店,reverse,hotel,飯店,hotel,fàndiàn,N,"[""飯店"", ""學校"", ""走路""]",,live,ok,,1
modern-chinese-l7-dialogue-1,第7課 對話一：怎麼去天美飯店？,True,7,hard,3,0,飯店,listening,飯店,飯店,hotel,fàndiàn,N,"[""飯店"", ""學校"", ""走路""]",,live,ok,,1
modern-chinese-l7-dialogue-1,第7課 對話一：怎麼去天美飯店？,True,7,hard,3,0,飯店,pinyin,飯店,fàndiàn,hotel,fàndiàn,N,"[""fàndiàn"", ""xuéxiào"", ""zǒulù""]",,live,ok,,1
modern-chinese-l7-dialogue-1,第7課 對話一：怎麼去天美飯店？,True,7,hard,3,0,飯店,pos,飯店,N,hotel,fàndiàn,N,[],,live,ok,,1
modern-chinese-l7-dialogue-1,第7課 對話一：怎麼去天美飯店？,True,7,hard,3,0,飯店,cloze,元真：聽說那家____不遠，我想我們可以從學校走路去。,飯店,hotel,fàndiàn,N,"[""朋友"", ""學校""]",元真：聽說那家飯店不遠，我想我們可以從學校走路去。,live,ok,,1
modern-chinese-l7-dialogue-1,第7課 對話一：怎麼去天美飯店？,True,7,hard,3,1,學校,translation,學校,school,school,xuéxiào,N,[],,live,ok,,1
modern-chinese-l7-dialogue-1,第7課 對話一：怎麼去天美飯店？,True,7,hard,3,1,學校,reverse,school,學校,school,xuéxiào,N,"[""飯店"", ""學校"", ""走路""]",,live,ok,,1
modern-chinese-l7-dialogue-1,第7課 對話一：怎麼去天美飯店？,True,7,hard,3,1,學校,listening,學校,學校,school,xuéxiào,N,"[""飯店"", ""學校"", ""走路""]",,live,ok,,1
modern-chinese-l7-dialogue-1,第7課 對話一：怎麼去天美飯店？,True,7,hard,3,1,學校,pinyin,學校,xuéxiào,school,xuéxiào,N,"[""fàndiàn"", ""xuéxiào"", ""zǒulù""]",,live,ok,,1
modern-chinese-l7-dialogue-1,第7課 對話一：怎麼去天美飯店？,True,7,hard,3,1,學校,pos,學校,N,school,xuéxiào,N,[],,live,ok,,1
modern-chinese-l7-dialogue-1,第7課 對話一：怎麼去天美飯店？,True,7,hard,3,1,學校,cloze,元真：聽說那家飯店不遠，我想我們可以從____走路去。,學校,school,xuéxiào,N,"[""朋友"", ""飯店""]",元真：聽說那家飯店不遠，我想我們可以從學校走路去。,live,ok,,1
modern-chinese-l7-dialogue-1,第7課 對話一：怎麼去天美飯店？,True,7,hard,3,2,走路,translation,走路,to walk,to walk,zǒulù,V,[],,live,ok,,1
modern-chinese-l7-dialogue-1,第7課 對話一：怎麼去天美飯店？,True,7,hard,3,2,走路,reverse,to walk,走路,to walk,zǒulù,V,"[""飯店"", ""學校"", ""走路""]",,live,ok,,1
modern-chinese-l7-dialogue-1,第7課 對話一：怎麼去天美飯店？,True,7,hard,3,2,走路,listening,走路,走路,to walk,zǒulù,V,"[""飯店"", ""學校"", ""走路""]",,live,ok,,1
modern-chinese-l7-dialogue-1,第7課 對話一：怎麼去天美飯店？,True,7,hard,3,2,走路,pinyin,走路,zǒulù,to walk,zǒulù,V,"[""fàndiàn"", ""xuéxiào"", ""zǒulù""]",,live,ok,,1
modern-chinese-l7-dialogue-1,第7課 對話一：怎麼去天美飯店？,True,7,hard,3,2,走路,pos,走路,V,to walk,zǒulù,V,[],,live,ok,,1
modern-chinese-l7-dialogue-1,第7課 對話一：怎麼去天美飯店？,True,7,hard,3,2,走路,cloze,元真：聽說那家飯店不遠，我想我們可以從學校____去。,走路,to walk,zǒulù,V,"[""游泳"", ""跑步"", ""休息""]",元真：聽說那家飯店不遠，我想我們可以從學校走路去。,live,ok,,1
modern-chinese-l7-dialogue-1,第7課 對話一：怎麼去天美飯店？,True,7,easy,5,0,地圖,translation,地圖,map,map,dìtú,N,[],,live,ok,,1
modern-chinese-l7-dialogue-1,第7課 對話一：怎麼去天美飯店？,True,7,easy,5,0,地圖,pinyin,地圖,dìtú,map,dìtú,N,"[""dìtú""]",,live,ok,,1
modern-chinese-l7-dialogue-1,第7課 對話一：怎麼去天美飯店？,True,7,easy,5,0,地圖,pos,地圖,N,map,dìtú,N,[],,live,ok,,1
modern-chinese-l7-dialogue-1,第7課 對話一：怎麼去天美飯店？,True,7,easy,5,0,地圖,cloze,元真：我也不知道。我們可以先上網看____。,地圖,map,dìtú,N,"[""朋友"", ""學校"", ""飯店""]",元真：我也不知道。我們可以先上網看地圖。,live,ok,,1
modern-chinese-l7-dialogue-1,第7課 對話一：怎麼去天美飯店？,True,7,medium,5,0,地圖,translation,地圖,map,map,dìtú,N,[],,live,ok,,1
modern-chinese-l7-dialogue-1,第7課 對話一：怎麼去天美飯店？,True,7,medium,5,0,地圖,pinyin,地圖,dìtú,map,dìtú,N,"[""dìtú""]",,live,ok,,1
modern-chinese-l7-dialogue-1,第7課 對話一：怎麼去天美飯店？,True,7,medium,5,0,地圖,pos,地圖,N,map,dìtú,N,[],,live,ok,,1
modern-chinese-l7-dialogue-1,第7課 對話一：怎麼去天美飯店？,True,7,medium,5,0,地圖,cloze,元真：我也不知道。我們可以先上網看____。,地圖,map,dìtú,N,"[""朋友"", ""學校"", ""飯店""]",元真：我也不知道。我們可以先上網看地圖。,live,ok,,1
modern-chinese-l7-dialogue-1,第7課 對話一：怎麼去天美飯店？,True,7,hard,5,0,地圖,translation,地圖,map,map,dìtú,N,[],,live,ok,,1
modern-chinese-l7-dialogue-1,第7課 對話一：怎麼去天美飯店？,True,7,hard,5,0,地圖,pinyin,地圖,dìtú,map,dìtú,N,"[""dìtú""]",,live,ok,,1
modern-chinese-l7-dialogue-1,第7課 對話一：怎麼去天美飯店？,True,7,hard,5,0,地圖,pos,地圖,N,map,dìtú,N,[],,live,ok,,1
modern-chinese-l7-dialogue-1,第7課 對話一：怎麼去天美飯店？,True,7,hard,5,0,地圖,cloze,元真：我也不知道。我們可以先上網看____。,地圖,map,dìtú,N,"[""朋友"", ""學校"", ""飯店""]",元真：我也不知道。我們可以先上網看地圖。,live,ok,,1
modern-chinese-l7-dialogue-2,第7課 對話二：坐捷運去吧！,True,7,easy,0,0,飯店,translation,飯店,hotel,hotel,fàndiàn,N,[],,live,ok,,2
modern-chinese-l7-dialogue-2,第7課 對話二：坐捷運去吧！,True,7,easy,0,0,飯店,pinyin,飯店,fàndiàn,hotel,fàndiàn,N,"[""fàndiàn""]",,live,ok,,2
modern-chinese-l7-dialogue-2,第7課 對話二：坐捷運去吧！,True,7,easy,0,0,飯店,pos,飯店,N,hotel,fàndiàn,N,[],,live,ok,,2
modern-chinese-l7-dialogue-2,第7課 對話二：坐捷運去吧！,True,7,easy,0,0,飯店,cloze,元真：友美，妳看，天美____在大學路。我現在知道怎麼走了。,飯店,hotel,fàndiàn,N,"[""朋友"", ""學校""]",元真：友美，妳看，天美飯店在大學路。我現在知道怎麼走了。,live,ok,,2
modern-chinese-l7-dialogue-2,第7課 對話二：坐捷運去吧！,True,7,medium,0,0,飯店,translation,飯店,hotel,hotel,fàndiàn,N,[],,live,ok,,2
modern-chinese-l7-dialogue-2,第7課 對話二：坐捷運去吧！,True,7,medium,0,0,飯店,pinyin,飯店,fàndiàn,hotel,fàndiàn,N,"[""fàndiàn""]",,live,ok,,2
modern-chinese-l7-dialogue-2,第7課 對話二：坐捷運去吧！,True,7,medium,0,0,飯店,pos,飯店,N,hotel,fàndiàn,N,[],,live,ok,,2
modern-chinese-l7-dialogue-2,第7課 對話二：坐捷運去吧！,True,7,medium,0,0,飯店,cloze,元真：友美，妳看，天美____在大學路。我現在知道怎麼走了。,飯店,hotel,fàndiàn,N,"[""朋友"", ""學校""]",元真：友美，妳看，天美飯店在大學路。我現在知道怎麼走了。,live,ok,,2
modern-chinese-l7-dialogue-2,第7課 對話二：坐捷運去吧！,True,7,hard,0,0,飯店,translation,飯店,hotel,hotel,fàndiàn,N,[],,live,ok,,2
modern-chinese-l7-dialogue-2,第7課 對話二：坐捷運去吧！,True,7,hard,0,0,飯店,pinyin,飯店,fàndiàn,hotel,fàndiàn,N,"[""fàndiàn""]",,live,ok,,2
modern-chinese-l7-dialogue-2,第7課 對話二：坐捷運去吧！,True,7,hard,0,0,飯店,pos,飯店,N,hotel,fàndiàn,N,[],,live,ok,,2
modern-chinese-l7-dialogue-2,第7課 對話二：坐捷運去吧！,True,7,hard,0,0,飯店,cloze,元真：友美，妳看，天美____在大學路。我現在知道怎麼走了。,飯店,hotel,fàndiàn,N,"[""朋友"", ""學校""]",元真：友美，妳看，天美飯店在大學路。我現在知道怎麼走了。,live,ok,,2
modern-chinese-l7-dialogue-2,第7課 對話二：坐捷運去吧！,True,7,easy,1,0,飯店,translation,飯店,hotel,hotel,fàndiàn,N,[],,live,ok,,2
modern-chinese-l7-dialogue-2,第7課 對話二：坐捷運去吧！,True,7,easy,1,0,飯店,reverse,hotel,飯店,hotel,fàndiàn,N,"[""飯店"", ""附近"", ""郵局"", ""超級市場""]",,live,ok,,2
modern-chinese-l7-dialogue-2,第7課 對話二：坐捷運去吧！,True,7,easy,1,0,飯店,listening,飯店,飯店,hotel,fàndiàn,N,"[""飯店"", ""附近"", ""郵局"", ""超級市場""]",,live,ok,,2
modern-chinese-l7-dialogue-2,第7課 對話二：坐捷運去吧！,True,7,easy,1,0,飯店,pinyin,飯店,fàndiàn,hotel,fàndiàn,N,"[""fàndiàn"", ""fùjìn"", ""yóujú"", ""chāojí shìchǎng""]",,live,ok,,2
modern-chinese-l7-dialogue-2,第7課 對話二：坐捷運去吧！,True,7,easy,1,0,飯店,pos,飯店,N,hotel,fàndiàn,N,[],,live,ok,,2
modern-chinese-l7-dialogue-2,第7課 對話二：坐捷運去吧！,True,7,easy,1,0,飯店,cloze,友美：啊！天美____在這裡！我知道這個地方，附近有郵局跟超級市場。,飯店,hotel,fàndiàn,N,"[""朋友"", ""學校""]",友美：啊！天美飯店在這裡！我知道這個地方，附近有郵局跟超級市場。,live,ok,,2
modern-chinese-l7-dialogue-2,第7課 對話二：坐捷運去吧！,True,7,easy,1,1,附近,translation,附近,nearby,nearby,fùjìn,N,[],,live,ok,,2
modern-chinese-l7-dialogue-2,第7課 對話二：坐捷運去吧！,True,7,easy,1,1,附近,reverse,nearby,附近,nearby,fùjìn,N,"[""飯店"", ""附近"", ""郵局"", ""超級市場""]",,live,ok,,2
modern-chinese-l7-dialogue-2,第7課 對話二：坐捷運去吧！,True,7,easy,1,1,附近,listening,附近,附近,nearby,fùjìn,N,"[""飯店"", ""附近"", ""郵局"", ""超級市場""]",,live,ok,,2
modern-chinese-l7-dialogue-2,第7課 對話二：坐捷運去吧！,True,7,easy,1,1,附近,pinyin,附近,fùjìn,nearby,fùjìn,N,"[""fàndiàn"", ""fùjìn"", ""yóujú"", ""chāojí shìchǎng""]",,live,ok,,2
modern-chinese-l7-dialogue-2,第7課 對話二：坐捷運去吧！,True,7,easy,1,1,附近,pos,附近,N,nearby,fùjìn,N,[],,live,ok,,2
modern-chinese-l7-dialogue-2,第7課 對話二：坐捷運去吧！,True,7,easy,1,1,附近,cloze,友美：啊！天美飯店在這裡！我知道這個地方，____有郵局跟超級市場。,附近,nearby,fùjìn,N,"[""朋友"", ""學校"", ""飯店""]",友美：啊！天美飯店在這裡！我知道這個地方，附近有郵局跟超級市場。,live,ok,,2
modern-chinese-l7-dialogue-2,第7課 對話二：坐捷運去吧！,True,7,easy,1,2,郵局,translation,郵局,post office,post office,yóujú,N,[],,live,ok,,2
modern-chinese-l7-dialogue-2,第7課 對話二：坐捷運去吧！,True,7,easy,1,2,郵局,reverse,post office,郵局,post office,yóujú,N,"[""飯店"", ""附近"", ""郵局"", ""超級市場""]",,live,ok,,2
modern-chinese-l7-dialogue-2,第7課 對話二：坐捷運去吧！,True,7,easy,1,2,郵局,listening,郵局,郵局,post office,yóujú,N,"[""飯店"", ""附近"", ""郵局"", ""超級市場""]",,live,ok,,2
modern-chinese-l7-dialogue-2,第7課 對話二：坐捷運去吧！,True,7,easy,1,2,郵局,pinyin,郵局,yóujú,post office,yóujú,N,"[""fàndiàn"", ""fùjìn"", ""yóujú"", ""chāojí shìchǎng""]",,live,ok,,2
modern-chinese-l7-dialogue-2,第7課 對話二：坐捷運去吧！,True,7,easy,1,2,郵局,pos,郵局,N,post office,yóujú,N,[],,live,ok,,2
modern-chinese-l7-dialogue-2,第7課 對話二：坐捷運去吧！,True,7,easy,1,2,郵局,cloze,友美：啊！天美飯店在這裡！我知道這個地方，附近有____跟超級市場。,郵局,post office,yóujú,N,"[""朋友"", ""學校"", ""飯店""]",友美：啊！天美飯店在這裡！我知道這個地方，附近有郵局跟超級市場。,live,ok,,2
modern-chinese-l7-dialogue-2,第7課 對話二：坐捷運去吧！,True,7,easy,1,3,超級市場,translation,超級市場,supermarket,supermarket,chāojí shìchǎng,N,[],,live,ok,,2
modern-chinese-l7-dialogue-2,第7課 對話二：坐捷運去吧！,True,7,easy,1,3,超級市場,reverse,supermarket,超級市場,supermarket,chāojí shìchǎng,N,"[""飯店"", ""附近"", ""郵局"", ""超級市場""]",,live,ok,,2
modern-chinese-l7-dialogue-2,第7課 對話二：坐捷運去吧！,True,7,easy,1,3,超級市場,listening,超級市場,超級市場,supermarket,chāojí shìchǎng,N,"[""飯店"", ""附近"", ""郵局"", ""超級市場""]",,live,ok,,2
modern-chinese-l7-dialogue-2,第7課 對話二：坐捷運去吧！,True,7,easy,1,3,超級市場,pinyin,超級市場,chāojí shìchǎng,supermarket,chāojí shìchǎng,N,"[""fàndiàn"", ""fùjìn"", ""yóujú"", ""chāojí shìchǎng""]",,live,ok,,2
modern-chinese-l7-dialogue-2,第7課 對話二：坐捷運去吧！,True,7,easy,1,3,超級市場,pos,超級市場,N,supermarket,chāojí shìchǎng,N,[],,live,ok,,2
modern-chinese-l7-dialogue-2,第7課 對話二：坐捷運去吧！,True,7,easy,1,3,超級市場,cloze,友美：啊！天美飯店在這裡！我知道這個地方，附近有郵局跟____。,超級市場,supermarket,chāojí shìchǎng,N,"[""朋友"", ""學校"", ""飯店""]",友美：啊！天美飯店在這裡！我知道這個地方，附近有郵局跟超級市場。,live,ok,,2
modern-chinese-l7-dialogue-2,第7課 對話二：坐捷運去吧！,True,7,medium,1,0,飯店,translation,飯店,hotel,hotel,fàndiàn,N,[],,live,ok,,2
modern-chinese-l7-dialogue-2,第7課 對話二：坐捷運去吧！,True,7,medium,1,0,飯店,reverse,hotel,飯店,hotel,fàndiàn,N,"[""飯店"", ""附近"", ""郵局"", ""超級市場""]",,live,ok,,2
modern-chinese-l7-dialogue-2,第7課 對話二：坐捷運去吧！,True,7,medium,1,0,飯店,listening,飯店,飯店,hotel,fàndiàn,N,"[""飯店"", ""附近"", ""郵局"", ""超級市場""]",,live,ok,,2
modern-chinese-l7-dialogue-2,第7課 對話二：坐捷運去吧！,True,7,medium,1,0,飯店,pinyin,飯店,fàndiàn,hotel,fàndiàn,N,"[""fàndiàn"", ""fùjìn"", ""yóujú"", ""chāojí shìchǎng""]",,live,ok,,2
modern-chinese-l7-dialogue-2,第7課 對話二：坐捷運去吧！,True,7,medium,1,0,飯店,pos,飯店,N,hotel,fàndiàn,N,[],,live,ok,,2
modern-chinese-l7-dialogue-2,第7課 對話二：坐捷運去吧！,True,7,medium,1,0,飯店,cloze,友美：啊！天美____在這裡！我知道這個地方，附近有郵局跟超級市場。,飯店,hotel,fàndiàn,N,"[""朋友"", ""學校""]",友美：啊！天美飯店在這裡！我知道這個地方，附近有郵局跟超級市場。,live,ok,,2
modern-chinese-l7-dialogue-2,第7課 對話二：坐捷運去吧！,True,7,medium,1,1,附近,translation,附近,nearby,nearby,fùjìn,N,[],,live,ok,,2
modern-chinese-l7-dialogue-2,第7課 對話二：坐捷運去吧！,True,7,medium,1,1,附近,reverse,nearby,附近,nearby,fùjìn,N,"[""飯店"", ""附近"", ""郵局"", ""超級市場""]",,live,ok,,2
modern-chinese-l7-dialogue-2,第7課 對話二：坐捷運去吧！,True,7,medium,1,1,附近,listening,附近,附近,nearby,fùjìn,N,"[""飯店"", ""附近"", ""郵局"", ""超級市場""]",,live,ok,,2
modern-chinese-l7-dialogue-2,第7課 對話二：坐捷運去吧！,True,7,medium,1,1,附近,pinyin,附近,fùjìn,nearby,fùjìn,N,"[""fàndiàn"", ""fùjìn"", ""yóujú"", ""chāojí shìchǎng""]",,live,ok,,2
modern-chinese-l7-dialogue-2,第7課 對話二：坐捷運去吧！,True,7,medium,1,1,附近,pos,附近,N,nearby,fùjìn,N,[],,live,ok,,2
modern-chinese-l7-dialogue-2,第7課 對話二：坐捷運去吧！,True,7,medium,1,1,附近,cloze,友美：啊！天美飯店在這裡！我知道這個地方，____有郵局跟超級市場。,附近,nearby,fùjìn,N,"[""朋友"", ""學校"", ""飯店""]",友美：啊！天美飯店在這裡！我知道這個地方，附近有郵局跟超級市場。,live,ok,,2
modern-chinese-l7-dialogue-2,第7課 對話二：坐捷運去吧！,True,7,medium,1,2,郵局,translation,郵局,post office,post office,yóujú,N,[],,live,ok,,2
modern-chinese-l7-dialogue-2,第7課 對話二：坐捷運去吧！,True,7,medium,1,2,郵局,reverse,post office,郵局,post office,yóujú,N,"[""飯店"", ""附近"", ""郵局"", ""超級市場""]",,live,ok,,2
modern-chinese-l7-dialogue-2,第7課 對話二：坐捷運去吧！,True,7,medium,1,2,郵局,listening,郵局,郵局,post office,yóujú,N,"[""飯店"", ""附近"", ""郵局"", ""超級市場""]",,live,ok,,2
modern-chinese-l7-dialogue-2,第7課 對話二：坐捷運去吧！,True,7,medium,1,2,郵局,pinyin,郵局,yóujú,post office,yóujú,N,"[""fàndiàn"", ""fùjìn"", ""yóujú"", ""chāojí shìchǎng""]",,live,ok,,2
modern-chinese-l7-dialogue-2,第7課 對話二：坐捷運去吧！,True,7,medium,1,2,郵局,pos,郵局,N,post office,yóujú,N,[],,live,ok,,2
modern-chinese-l7-dialogue-2,第7課 對話二：坐捷運去吧！,True,7,medium,1,2,郵局,cloze,友美：啊！天美飯店在這裡！我知道這個地方，附近有____跟超級市場。,郵局,post office,yóujú,N,"[""朋友"", ""學校"", ""飯店""]",友美：啊！天美飯店在這裡！我知道這個地方，附近有郵局跟超級市場。,live,ok,,2
modern-chinese-l7-dialogue-2,第7課 對話二：坐捷運去吧！,True,7,medium,1,3,超級市場,translation,超級市場,supermarket,supermarket,chāojí shìchǎng,N,[],,live,ok,,2
modern-chinese-l7-dialogue-2,第7課 對話二：坐捷運去吧！,True,7,medium,1,3,超級市場,reverse,supermarket,超級市場,supermarket,chāojí shìchǎng,N,"[""飯店"", ""附近"", ""郵局"", ""超級市場""]",,live,ok,,2
modern-chinese-l7-dialogue-2,第7課 對話二：坐捷運去吧！,True,7,medium,1,3,超級市場,listening,超級市場,超級市場,supermarket,chāojí shìchǎng,N,"[""飯店"", ""附近"", ""郵局"", ""超級市場""]",,live,ok,,2
modern-chinese-l7-dialogue-2,第7課 對話二：坐捷運去吧！,True,7,medium,1,3,超級市場,pinyin,超級市場,chāojí shìchǎng,supermarket,chāojí shìchǎng,N,"[""fàndiàn"", ""fùjìn"", ""yóujú"", ""chāojí shìchǎng""]",,live,ok,,2
modern-chinese-l7-dialogue-2,第7課 對話二：坐捷運去吧！,True,7,medium,1,3,超級市場,pos,超級市場,N,supermarket,chāojí shìchǎng,N,[],,live,ok,,2
modern-chinese-l7-dialogue-2,第7課 對話二：坐捷運去吧！,True,7,medium,1,3,超級市場,cloze,友美：啊！天美飯店在這裡！我知道這個地方，附近有郵局跟____。,超級市場,supermarket,chāojí shìchǎng,N,"[""朋友"", ""學校"", ""飯店""]",友美：啊！天美飯店在這裡！我知道這個地方，附近有郵局跟超級市場。,live,ok,,2
modern-chinese-l7-dialogue-2,第7課 對話二：坐捷運去吧！,True,7,hard,1,0,飯店,translation,飯店,hotel,hotel,fàndiàn,N,[],,live,ok,,2
modern-chinese-l7-dialogue-2,第7課 對話二：坐捷運去吧！,True,7,hard,1,0,飯店,reverse,hotel,飯店,hotel,fàndiàn,N,"[""飯店"", ""附近"", ""郵局"", ""超級市場""]",,live,ok,,2
modern-chinese-l7-dialogue-2,第7課 對話二：坐捷運去吧！,True,7,hard,1,0,飯店,listening,飯店,飯店,hotel,fàndiàn,N,"[""飯店"", ""附近"", ""郵局"", ""超級市場""]",,live,ok,,2
modern-chinese-l7-dialogue-2,第7課 對話二：坐捷運去吧！,True,7,hard,1,0,飯店,pinyin,飯店,fàndiàn,hotel,fàndiàn,N,"[""fàndiàn"", ""fùjìn"", ""yóujú"", ""chāojí shìchǎng""]",,live,ok,,2
modern-chinese-l7-dialogue-2,第7課 對話二：坐捷運去吧！,True,7,hard,1,0,飯店,pos,飯店,N,hotel,fàndiàn,N,[],,live,ok,,2
modern-chinese-l7-dialogue-2,第7課 對話二：坐捷運去吧！,True,7,hard,1,0,飯店,cloze,友美：啊！天美____在這裡！我知道這個地方，附近有郵局跟超級市場。,飯店,hotel,fàndiàn,N,"[""朋友"", ""學校""]",友美：啊！天美飯店在這裡！我知道這個地方，附近有郵局跟超級市場。,live,ok,,2
modern-chinese-l7-dialogue-2,第7課 對話二：坐捷運去吧！,True,7,hard,1,1,附近,translation,附近,nearby,nearby,fùjìn,N,[],,live,ok,,2
modern-chinese-l7-dialogue-2,第7課 對話二：坐捷運去吧！,True,7,hard,1,1,附近,reverse,nearby,附近,nearby,fùjìn,N,"[""飯店"", ""附近"", ""郵局"", ""超級市場""]",,live,ok,,2
modern-chinese-l7-dialogue-2,第7課 對話二：坐捷運去吧！,True,7,hard,1,1,附近,listening,附近,附近,nearby,fùjìn,N,"[""飯店"", ""附近"", ""郵局"", ""超級市場""]",,live,ok,,2
modern-chinese-l7-dialogue-2,第7課 對話二：坐捷運去吧！,True,7,hard,1,1,附近,pinyin,附近,fùjìn,nearby,fùjìn,N,"[""fàndiàn"", ""fùjìn"", ""yóujú"", ""chāojí shìchǎng""]",,live,ok,,2
modern-chinese-l7-dialogue-2,第7課 對話二：坐捷運去吧！,True,7,hard,1,1,附近,pos,附近,N,nearby,fùjìn,N,[],,live,ok,,2
modern-chinese-l7-dialogue-2,第7課 對話二：坐捷運去吧！,True,7,hard,1,1,附近,cloze,友美：啊！天美飯店在這裡！我知道這個地方，____有郵局跟超級市場。,附近,nearby,fùjìn,N,"[""朋友"", ""學校"", ""飯店""]",友美：啊！天美飯店在這裡！我知道這個地方，附近有郵局跟超級市場。,live,ok,,2
modern-chinese-l7-dialogue-2,第7課 對話二：坐捷運去吧！,True,7,hard,1,2,郵局,translation,郵局,post office,post office,yóujú,N,[],,live,ok,,2
modern-chinese-l7-dialogue-2,第7課 對話二：坐捷運去吧！,True,7,hard,1,2,郵局,reverse,post office,郵局,post office,yóujú,N,"[""飯店"", ""附近"", ""郵局"", ""超級市場""]",,live,ok,,2
modern-chinese-l7-dialogue-2,第7課 對話二：坐捷運去吧！,True,7,hard,1,2,郵局,listening,郵局,郵局,post office,yóujú,N,"[""飯店"", ""附近"", ""郵局"", ""超級市場""]",,live,ok,,2
modern-chinese-l7-dialogue-2,第7課 對話二：坐捷運去吧！,True,7,hard,1,2,郵局,pinyin,郵局,yóujú,post office,yóujú,N,"[""fàndiàn"", ""fùjìn"", ""yóujú"", ""chāojí shìchǎng""]",,live,ok,,2
modern-chinese-l7-dialogue-2,第7課 對話二：坐捷運去吧！,True,7,hard,1,2,郵局,pos,郵局,N,post office,yóujú,N,[],,live,ok,,2
modern-chinese-l7-dialogue-2,第7課 對話二：坐捷運去吧！,True,7,hard,1,2,郵局,cloze,友美：啊！天美飯店在這裡！我知道這個地方，附近有____跟超級市場。,郵局,post office,yóujú,N,"[""朋友"", ""學校"", ""飯店""]",友美：啊！天美飯店在這裡！我知道這個地方，附近有郵局跟超級市場。,live,ok,,2
modern-chinese-l7-dialogue-2,第7課 對話二：坐捷運去吧！,True,7,hard,1,3,超級市場,translation,超級市場,supermarket,supermarket,chāojí shìchǎng,N,[],,live,ok,,2
modern-chinese-l7-dialogue-2,第7課 對話二：坐捷運去吧！,True,7,hard,1,3,超級市場,reverse,supermarket,超級市場,supermarket,chāojí shìchǎng,N,"[""飯店"", ""附近"", ""郵局"", ""超級市場""]",,live,ok,,2
modern-chinese-l7-dialogue-2,第7課 對話二：坐捷運去吧！,True,7,hard,1,3,超級市場,listening,超級市場,超級市場,supermarket,chāojí shìchǎng,N,"[""飯店"", ""附近"", ""郵局"", ""超級市場""]",,live,ok,,2
modern-chinese-l7-dialogue-2,第7課 對話二：坐捷運去吧！,True,7,hard,1,3,超級市場,pinyin,超級市場,chāojí shìchǎng,supermarket,chāojí shìchǎng,N,"[""fàndiàn"", ""fùjìn"", ""yóujú"", ""chāojí shìchǎng""]",,live,ok,,2
modern-chinese-l7-dialogue-2,第7課 對話二：坐捷運去吧！,True,7,hard,1,3,超級市場,pos,超級市場,N,supermarket,chāojí shìchǎng,N,[],,live,ok,,2
modern-chinese-l7-dialogue-2,第7課 對話二：坐捷運去吧！,True,7,hard,1,3,超級市場,cloze,友美：啊！天美飯店在這裡！我知道這個地方，附近有郵局跟____。,超級市場,supermarket,chāojí shìchǎng,N,"[""朋友"", ""學校"", ""飯店""]",友美：啊！天美飯店在這裡！我知道這個地方，附近有郵局跟超級市場。,live,ok,,2
modern-chinese-l7-dialogue-2,第7課 對話二：坐捷運去吧！,True,7,easy,2,0,走路,translation,走路,to walk,to walk,zǒulù,V,[],,live,ok,,2
modern-chinese-l7-dialogue-2,第7課 對話二：坐捷運去吧！,True,7,easy,2,0,走路,pinyin,走路,zǒulù,to walk,zǒulù,V,"[""zǒulù""]",,live,ok,,2
modern-chinese-l7-dialogue-2,第7課 對話二：坐捷運去吧！,True,7,easy,2,0,走路,pos,走路,V,to walk,zǒulù,V,[],,live,ok,,2
modern-chinese-l7-dialogue-2,第7課 對話二：坐捷運去吧！,True,7,easy,2,0,走路,cloze,元真：我想____一定沒問題。,走路,to walk,zǒulù,V,"[""游泳"", ""跑步"", ""休息""]",元真：我想走路一定沒問題。,live,ok,,2
modern-chinese-l7-dialogue-2,第7課 對話二：坐捷運去吧！,True,7,medium,2,0,走路,translation,走路,to walk,to walk,zǒulù,V,[],,live,ok,,2
modern-chinese-l7-dialogue-2,第7課 對話二：坐捷運去吧！,True,7,medium,2,0,走路,pinyin,走路,zǒulù,to walk,zǒulù,V,"[""zǒulù""]",,live,ok,,2
modern-chinese-l7-dialogue-2,第7課 對話二：坐捷運去吧！,True,7,medium,2,0,走路,pos,走路,V,to walk,zǒulù,V,[],,live,ok,,2
modern-chinese-l7-dialogue-2,第7課 對話二：坐捷運去吧！,True,7,medium,2,0,走路,cloze,元真：我想____一定沒問題。,走路,to walk,zǒulù,V,"[""游泳"", ""跑步"", ""休息""]",元真：我想走路一定沒問題。,live,ok,,2
modern-chinese-l7-dialogue-2,第7課 對話二：坐捷運去吧！,True,7,hard,2,0,走路,translation,走路,to walk,to walk,zǒulù,V,[],,live,ok,,2
modern-chinese-l7-dialogue-2,第7課 對話二：坐捷運去吧！,True,7,hard,2,0,走路,pinyin,走路,zǒulù,to walk,zǒulù,V,"[""zǒulù""]",,live,ok,,2
modern-chinese-l7-dialogue-2,第7課 對話二：坐捷運去吧！,True,7,hard,2,0,走路,pos,走路,V,to walk,zǒulù,V,[],,live,ok,,2
modern-chinese-l7-dialogue-2,第7課 對話二：坐捷運去吧！,True,7,hard,2,0,走路,cloze,元真：我想____一定沒問題。,走路,to walk,zǒulù,V,"[""游泳"", ""跑步"", ""休息""]",元真：我想走路一定沒問題。,live,ok,,2
modern-chinese-l7-dialogue-2,第7課 對話二：坐捷運去吧！,True,7,easy,3,0,走路,translation,走路,to walk,to walk,zǒulù,V,[],,live,ok,,2
modern-chinese-l7-dialogue-2,第7課 對話二：坐捷運去吧！,True,7,easy,3,0,走路,pinyin,走路,zǒulù,to walk,zǒulù,V,"[""zǒulù""]",,live,ok,,2
modern-chinese-l7-dialogue-2,第7課 對話二：坐捷運去吧！,True,7,easy,3,0,走路,pos,走路,V,to walk,zǒulù,V,[],,live,ok,,2
modern-chinese-l7-dialogue-2,第7課 對話二：坐捷運去吧！,True,7,easy,3,0,走路,cloze,友美：可是我覺得那裡有點兒遠，____去太累了。,走路,to walk,zǒulù,V,"[""游泳"", ""跑步"", ""休息""]",友美：可是我覺得那裡有點兒遠，走路去太累了。,live,ok,,2
modern-chinese-l7-dialogue-2,第7課 對話二：坐捷運去吧！,True,7,medium,3,0,走路,translation,走路,to walk,to walk,zǒulù,V,[],,live,ok,,2
modern-chinese-l7-dialogue-2,第7課 對話二：坐捷運去吧！,True,7,medium,3,0,走路,pinyin,走路,zǒulù,to walk,zǒulù,V,"[""zǒulù""]",,live,ok,,2
modern-chinese-l7-dialogue-2,第7課 對話二：坐捷運去吧！,True,7,medium,3,0,走路,pos,走路,V,to walk,zǒulù,V,[],,live,ok,,2
modern-chinese-l7-dialogue-2,第7課 對話二：坐捷運去吧！,True,7,medium,3,0,走路,cloze,友美：可是我覺得那裡有點兒遠，____去太累了。,走路,to walk,zǒulù,V,"[""游泳"", ""跑步"", ""休息""]",友美：可是我覺得那裡有點兒遠，走路去太累了。,live,ok,,2
modern-chinese-l7-dialogue-2,第7課 對話二：坐捷運去吧！,True,7,hard,3,0,走路,translation,走路,to walk,to walk,zǒulù,V,[],,live,ok,,2
modern-chinese-l7-dialogue-2,第7課 對話二：坐捷運去吧！,True,7,hard,3,0,走路,pinyin,走路,zǒulù,to walk,zǒulù,V,"[""zǒulù""]",,live,ok,,2
modern-chinese-l7-dialogue-2,第7課 對話二：坐捷運去吧！,True,7,hard,3,0,走路,pos,走路,V,to walk,zǒulù,V,[],,live,ok,,2
modern-chinese-l7-dialogue-2,第7課 對話二：坐捷運去吧！,True,7,hard,3,0,走路,cloze,友美：可是我覺得那裡有點兒遠，____去太累了。,走路,to walk,zǒulù,V,"[""游泳"", ""跑步"", ""休息""]",友美：可是我覺得那裡有點兒遠，走路去太累了。,live,ok,,2
modern-chinese-l7-dialogue-2,第7課 對話二：坐捷運去吧！,True,7,easy,5,0,捷運,translation,捷運,MRT,MRT,jiéyùn,N,[],,live,ok,,2
modern-chinese-l7-dialogue-2,第7課 對話二：坐捷運去吧！,True,7,easy,5,0,捷運,reverse,MRT,捷運,MRT,jiéyùn,N,"[""捷運"", ""方便"", ""舒服""]",,live,ok,,2
modern-chinese-l7-dialogue-2,第7課 對話二：坐捷運去吧！,True,7,easy,5,0,捷運,listening,捷運,捷運,MRT,jiéyùn,N,"[""捷運"", ""方便"", ""舒服""]",,live,ok,,2
modern-chinese-l7-dialogue-2,第7課 對話二：坐捷運去吧！,True,7,easy,5,0,捷運,pinyin,捷運,jiéyùn,MRT,jiéyùn,N,"[""jiéyùn"", ""fāngbiàn"", ""shūfu""]",,live,ok,,2
modern-chinese-l7-dialogue-2,第7課 對話二：坐捷運去吧！,True,7,easy,5,0,捷運,pos,捷運,N,MRT,jiéyùn,N,[],,live,ok,,2
modern-chinese-l7-dialogue-2,第7課 對話二：坐捷運去吧！,True,7,easy,5,1,方便,translation,方便,convenient,convenient,fāngbiàn,Adj,[],,live,ok,,2
modern-chinese-l7-dialogue-2,第7課 對話二：坐捷運去吧！,True,7,easy,5,1,方便,reverse,convenient,方便,convenient,fāngbiàn,Adj,"[""捷運"", ""方便"", ""舒服""]",,live,ok,,2
modern-chinese-l7-dialogue-2,第7課 對話二：坐捷運去吧！,True,7,easy,5,1,方便,listening,方便,方便,convenient,fāngbiàn,Adj,"[""捷運"", ""方便"", ""舒服""]",,live,ok,,2
modern-chinese-l7-dialogue-2,第7課 對話二：坐捷運去吧！,True,7,easy,5,1,方便,pinyin,方便,fāngbiàn,convenient,fāngbiàn,Adj,"[""jiéyùn"", ""fāngbiàn"", ""shūfu""]",,live,ok,,2
modern-chinese-l7-dialogue-2,第7課 對話二：坐捷運去吧！,True,7,easy,5,1,方便,pos,方便,Adj,convenient,fāngbiàn,Adj,[],,live,ok,,2
modern-chinese-l7-dialogue-2,第7課 對話二：坐捷運去吧！,True,7,easy,5,1,方便,cloze,友美：坐捷運又____又舒服，我們可以坐捷運。,方便,convenient,fāngbiàn,Adj,"[""漂亮"", ""有趣""]",友美：坐捷運又方便又舒服，我們可以坐捷運。,live,ok,,2
modern-chinese-l7-dialogue-2,第7課 對話二：坐捷運去吧！,True,7,easy,5,2,舒服,translation,舒服,comfortable,comfortable,shūfu,Adj,[],,live,ok,,2
modern-chinese-l7-dialogue-2,第7課 對話二：坐捷運去吧！,True,7,easy,5,2,舒服,reverse,comfortable,舒服,comfortable,shūfu,Adj,"[""捷運"", ""方便"", ""舒服""]",,live,ok,,2
modern-chinese-l7-dialogue-2,第7課 對話二：坐捷運去吧！,True,7,easy,5,2,舒服,listening,舒服,舒服,comfortable,shūfu,Adj,"[""捷運"", ""方便"", ""舒服""]",,live,ok,,2
modern-chinese-l7-dialogue-2,第7課 對話二：坐捷運去吧！,True,7,easy,5,2,舒服,pinyin,舒服,shūfu,comfortable,shūfu,Adj,"[""jiéyùn"", ""fāngbiàn"", ""shūfu""]",,live,ok,,2
modern-chinese-l7-dialogue-2,第7課 對話二：坐捷運去吧！,True,7,easy,5,2,舒服,pos,舒服,Adj,comfortable,shūfu,Adj,[],,live,ok,,2
modern-chinese-l7-dialogue-2,第7課 對話二：坐捷運去吧！,True,7,easy,5,2,舒服,cloze,友美：坐捷運又方便又____，我們可以坐捷運。,舒服,comfortable,shūfu,Adj,"[""漂亮"", ""方便"", ""有趣""]",友美：坐捷運又方便又舒服，我們可以坐捷運。,live,ok,,2
modern-chinese-l7-dialogue-2,第7課 對話二：坐捷運去吧！,True,7,medium,5,0,捷運,translation,捷運,MRT,MRT,jiéyùn,N,[],,live,ok,,2
modern-chinese-l7-dialogue-2,第7課 對話二：坐捷運去吧！,True,7,medium,5,0,捷運,reverse,MRT,捷運,MRT,jiéyùn,N,"[""捷運"", ""方便"", ""舒服""]",,live,ok,,2
modern-chinese-l7-dialogue-2,第7課 對話二：坐捷運去吧！,True,7,medium,5,0,捷運,listening,捷運,捷運,MRT,jiéyùn,N,"[""捷運"", ""方便"", ""舒服""]",,live,ok,,2
modern-chinese-l7-dialogue-2,第7課 對話二：坐捷運去吧！,True,7,medium,5,0,捷運,pinyin,捷運,jiéyùn,MRT,jiéyùn,N,"[""jiéyùn"", ""fāngbiàn"", ""shūfu""]",,live,ok,,2
modern-chinese-l7-dialogue-2,第7課 對話二：坐捷運去吧！,True,7,medium,5,0,捷運,pos,捷運,N,MRT,jiéyùn,N,[],,live,ok,,2
modern-chinese-l7-dialogue-2,第7課 對話二：坐捷運去吧！,True,7,medium,5,1,方便,translation,方便,convenient,convenient,fāngbiàn,Adj,[],,live,ok,,2
modern-chinese-l7-dialogue-2,第7課 對話二：坐捷運去吧！,True,7,medium,5,1,方便,reverse,convenient,方便,convenient,fāngbiàn,Adj,"[""捷運"", ""方便"", ""舒服""]",,live,ok,,2
modern-chinese-l7-dialogue-2,第7課 對話二：坐捷運去吧！,True,7,medium,5,1,方便,listening,方便,方便,convenient,fāngbiàn,Adj,"[""捷運"", ""方便"", ""舒服""]",,live,ok,,2
modern-chinese-l7-dialogue-2,第7課 對話二：坐捷運去吧！,True,7,medium,5,1,方便,pinyin,方便,fāngbiàn,convenient,fāngbiàn,Adj,"[""jiéyùn"", ""fāngbiàn"", ""shūfu""]",,live,ok,,2
modern-chinese-l7-dialogue-2,第7課 對話二：坐捷運去吧！,True,7,medium,5,1,方便,pos,方便,Adj,convenient,fāngbiàn,Adj,[],,live,ok,,2
modern-chinese-l7-dialogue-2,第7課 對話二：坐捷運去吧！,True,7,medium,5,1,方便,cloze,友美：坐捷運又____又舒服，我們可以坐捷運。,方便,convenient,fāngbiàn,Adj,"[""漂亮"", ""有趣""]",友美：坐捷運又方便又舒服，我們可以坐捷運。,live,ok,,2
modern-chinese-l7-dialogue-2,第7課 對話二：坐捷運去吧！,True,7,medium,5,2,舒服,translation,舒服,comfortable,comfortable,shūfu,Adj,[],,live,ok,,2
modern-chinese-l7-dialogue-2,第7課 對話二：坐捷運去吧！,True,7,medium,5,2,舒服,reverse,comfortable,舒服,comfortable,shūfu,Adj,"[""捷運"", ""方便"", ""舒服""]",,live,ok,,2
modern-chinese-l7-dialogue-2,第7課 對話二：坐捷運去吧！,True,7,medium,5,2,舒服,listening,舒服,舒服,comfortable,shūfu,Adj,"[""捷運"", ""方便"", ""舒服""]",,live,ok,,2
modern-chinese-l7-dialogue-2,第7課 對話二：坐捷運去吧！,True,7,medium,5,2,舒服,pinyin,舒服,shūfu,comfortable,shūfu,Adj,"[""jiéyùn"", ""fāngbiàn"", ""shūfu""]",,live,ok,,2
modern-chinese-l7-dialogue-2,第7課 對話二：坐捷運去吧！,True,7,medium,5,2,舒服,pos,舒服,Adj,comfortable,shūfu,Adj,[],,live,ok,,2
modern-chinese-l7-dialogue-2,第7課 對話二：坐捷運去吧！,True,7,medium,5,2,舒服,cloze,友美：坐捷運又方便又____，我們可以坐捷運。,舒服,comfortable,shūfu,Adj,"[""漂亮"", ""方便"", ""有趣""]",友美：坐捷運又方便又舒服，我們可以坐捷運。,live,ok,,2
modern-chinese-l7-dialogue-2,第7課 對話二：坐捷運去吧！,True,7,hard,5,0,捷運,translation,捷運,MRT,MRT,jiéyùn,N,[],,live,ok,,2
modern-chinese-l7-dialogue-2,第7課 對話二：坐捷運去吧！,True,7,hard,5,0,捷運,reverse,MRT,捷運,MRT,jiéyùn,N,"[""捷運"", ""方便"", ""舒服""]",,live,ok,,2
modern-chinese-l7-dialogue-2,第7課 對話二：坐捷運去吧！,True,7,hard,5,0,捷運,listening,捷運,捷運,MRT,jiéyùn,N,"[""捷運"", ""方便"", ""舒服""]",,live,ok,,2
modern-chinese-l7-dialogue-2,第7課 對話二：坐捷運去吧！,True,7,hard,5,0,捷運,pinyin,捷運,jiéyùn,MRT,jiéyùn,N,"[""jiéyùn"", ""fāngbiàn"", ""shūfu""]",,live,ok,,2
modern-chinese-l7-dialogue-2,第7課 對話二：坐捷運去吧！,True,7,hard,5,0,捷運,pos,捷運,N,MRT,jiéyùn,N,[],,live,ok,,2
modern-chinese-l7-dialogue-2,第7課 對話二：坐捷運去吧！,True,7,hard,5,1,方便,translation,方便,convenient,convenient,fāngbiàn,Adj,[],,live,ok,,2
modern-chinese-l7-dialogue-2,第7課 對話二：坐捷運去吧！,True,7,hard,5,1,方便,reverse,convenient,方便,convenient,fāngbiàn,Adj,"[""捷運"", ""方便"", ""舒服""]",,live,ok,,2
modern-chinese-l7-dialogue-2,第7課 對話二：坐捷運去吧！,True,7,hard,5,1,方便,listening,方便,方便,convenient,fāngbiàn,Adj,"[""捷運"", ""方便"", ""舒服""]",,live,ok,,2
modern-chinese-l7-dialogue-2,第7課 對話二：坐捷運去吧！,True,7,hard,5,1,方便,pinyin,方便,fāngbiàn,convenient,fāngbiàn,Adj,"[""jiéyùn"", ""fāngbiàn"", ""shūfu""]",,live,ok,,2
modern-chinese-l7-dialogue-2,第7課 對話二：坐捷運去吧！,True,7,hard,5,1,方便,pos,方便,Adj,convenient,fāngbiàn,Adj,[],,live,ok,,2
modern-chinese-l7-dialogue-2,第7課 對話二：坐捷運去吧！,True,7,hard,5,1,方便,cloze,友美：坐捷運又____又舒服，我們可以坐捷運。,方便,convenient,fāngbiàn,Adj,"[""漂亮"", ""有趣""]",友美：坐捷運又方便又舒服，我們可以坐捷運。,live,ok,,2
modern-chinese-l7-dialogue-2,第7課 對話二：坐捷運去吧！,True,7,hard,5,2,舒服,translation,舒服,comfortable,comfortable,shūfu,Adj,[],,live,ok,,2
modern-chinese-l7-dialogue-2,第7課 對話二：坐捷運去吧！,True,7,hard,5,2,舒服,reverse,comfortable,舒服,comfortable,shūfu,Adj,"[""捷運"", ""方便"", ""舒服""]",,live,ok,,2
modern-chinese-l7-dialogue-2,第7課 對話二：坐捷運去吧！,True,7,hard,5,2,舒服,listening,舒服,舒服,comfortable,shūfu,Adj,"[""捷運"", ""方便"", ""舒服""]",,live,ok,,2
modern-chinese-l7-dialogue-2,第7課 對話二：坐捷運去吧！,True,7,hard,5,2,舒服,pinyin,舒服,shūfu,comfortable,shūfu,Adj,"[""jiéyùn"", ""fāngbiàn"", ""shūfu""]",,live,ok,,2
modern-chinese-l7-dialogue-2,第7課 對話二：坐捷運去吧！,True,7,hard,5,2,舒服,pos,舒服,Adj,comfortable,shūfu,Adj,[],,live,ok,,2
modern-chinese-l7-dialogue-2,第7課 對話二：坐捷運去吧！,True,7,hard,5,2,舒服,cloze,友美：坐捷運又方便又____，我們可以坐捷運。,舒服,comfortable,shūfu,Adj,"[""漂亮"", ""方便"", ""有趣""]",友美：坐捷運又方便又舒服，我們可以坐捷運。,live,ok,,2
modern-chinese-l7-dialogue-2,第7課 對話二：坐捷運去吧！,True,7,easy,6,0,捷運,translation,捷運,MRT,MRT,jiéyùn,N,[],,live,ok,,2
modern-chinese-l7-dialogue-2,第7課 對話二：坐捷運去吧！,True,7,easy,6,0,捷運,pinyin,捷運,jiéyùn,MRT,jiéyùn,N,"[""jiéyùn""]",,live,ok,,2
modern-chinese-l7-dialogue-2,第7課 對話二：坐捷運去吧！,True,7,easy,6,0,捷運,pos,捷運,N,MRT,jiéyùn,N,[],,live,ok,,2
modern-chinese-l7-dialogue-2,第7課 對話二：坐捷運去吧！,True,7,easy,6,0,捷運,cloze,元真：好，我們明天坐____去吧。,捷運,MRT,jiéyùn,N,"[""朋友"", ""學校"", ""飯店""]",元真：好，我們明天坐捷運去吧。,live,ok,,2
modern-chinese-l7-dialogue-2,第7課 對話二：坐捷運去吧！,True,7,medium,6,0,捷運,translation,捷運,MRT,MRT,jiéyùn,N,[],,live,ok,,2
modern-chinese-l7-dialogue-2,第7課 對話二：坐捷運去吧！,True,7,medium,6,0,捷運,pinyin,捷運,jiéyùn,MRT,jiéyùn,N,"[""jiéyùn""]",,live,ok,,2
modern-chinese-l7-dialogue-2,第7課 對話二：坐捷運去吧！,True,7,medium,6,0,捷運,pos,捷運,N,MRT,jiéyùn,N,[],,live,ok,,2
modern-chinese-l7-dialogue-2,第7課 對話二：坐捷運去吧！,True,7,medium,6,0,捷運,cloze,元真：好，我們明天坐____去吧。,捷運,MRT,jiéyùn,N,"[""朋友"", ""學校"", ""飯店""]",元真：好，我們明天坐捷運去吧。,live,ok,,2
modern-chinese-l7-dialogue-2,第7課 對話二：坐捷運去吧！,True,7,hard,6,0,捷運,translation,捷運,MRT,MRT,jiéyùn,N,[],,live,ok,,2
modern-chinese-l7-dialogue-2,第7課 對話二：坐捷運去吧！,True,7,hard,6,0,捷運,pinyin,捷運,jiéyùn,MRT,jiéyùn,N,"[""jiéyùn""]",,live,ok,,2
modern-chinese-l7-dialogue-2,第7課 對話二：坐捷運去吧！,True,7,hard,6,0,捷運,pos,捷運,N,MRT,jiéyùn,N,[],,live,ok,,2
modern-chinese-l7-dialogue-2,第7課 對話二：坐捷運去吧！,True,7,hard,6,0,捷運,cloze,元真：好，我們明天坐____去吧。,捷運,MRT,jiéyùn,N,"[""朋友"", ""學校"", ""飯店""]",元真：好，我們明天坐捷運去吧。,live,ok,,2
modern-chinese-l7-reading,第7課 短文：從我家坐捷運很方便,True,7,easy,0,0,捷運,translation,捷運,MRT,MRT,jiéyùn,N,[],,live,ok,,3
modern-chinese-l7-reading,第7課 短文：從我家坐捷運很方便,True,7,easy,0,0,捷運,reverse,MRT,捷運,MRT,jiéyùn,N,"[""捷運"", ""附近""]",,live,ok,,3
modern-chinese-l7-reading,第7課 短文：從我家坐捷運很方便,True,7,easy,0,0,捷運,listening,捷運,捷運,MRT,jiéyùn,N,"[""捷運"", ""附近""]",,live,ok,,3
modern-chinese-l7-reading,第7課 短文：從我家坐捷運很方便,True,7,easy,0,0,捷運,pinyin,捷運,jiéyùn,MRT,jiéyùn,N,"[""jiéyùn"", ""fùjìn""]",,live,ok,,3
modern-chinese-l7-reading,第7課 短文：從我家坐捷運很方便,True,7,easy,0,0,捷運,pos,捷運,N,MRT,jiéyùn,N,[],,live,ok,,3
modern-chinese-l7-reading,第7課 短文：從我家坐捷運很方便,True,7,easy,0,0,捷運,cloze,我家附近有三條____線。,捷運,MRT,jiéyùn,N,"[""朋友"", ""學校"", ""飯店""]",我家附近有三條捷運線。,live,ok,,3
modern-chinese-l7-reading,第7課 短文：從我家坐捷運很方便,True,7,easy,0,1,附近,translation,附近,nearby,nearby,fùjìn,N,[],,live,ok,,3
modern-chinese-l7-reading,第7課 短文：從我家坐捷運很方便,True,7,easy,0,1,附近,reverse,nearby,附近,nearby,fùjìn,N,"[""捷運"", ""附近""]",,live,ok,,3
modern-chinese-l7-reading,第7課 短文：從我家坐捷運很方便,True,7,easy,0,1,附近,listening,附近,附近,nearby,fùjìn,N,"[""捷運"", ""附近""]",,live,ok,,3
modern-chinese-l7-reading,第7課 短文：從我家坐捷運很方便,True,7,easy,0,1,附近,pinyin,附近,fùjìn,nearby,fùjìn,N,"[""jiéyùn"", ""fùjìn""]",,live,ok,,3
modern-chinese-l7-reading,第7課 短文：從我家坐捷運很方便,True,7,easy,0,1,附近,pos,附近,N,nearby,fùjìn,N,[],,live,ok,,3
modern-chinese-l7-reading,第7課 短文：從我家坐捷運很方便,True,7,easy,0,1,附近,cloze,我家____有三條捷運線。,附近,nearby,fùjìn,N,"[""朋友"", ""學校"", ""飯店""]",我家附近有三條捷運線。,live,ok,,3
modern-chinese-l7-reading,第7課 短文：從我家坐捷運很方便,True,7,medium,0,0,捷運,translation,捷運,MRT,MRT,jiéyùn,N,[],,live,ok,,3
modern-chinese-l7-reading,第7課 短文：從我家坐捷運很方便,True,7,medium,0,0,捷運,reverse,MRT,捷運,MRT,jiéyùn,N,"[""捷運"", ""附近""]",,live,ok,,3
modern-chinese-l7-reading,第7課 短文：從我家坐捷運很方便,True,7,medium,0,0,捷運,listening,捷運,捷運,MRT,jiéyùn,N,"[""捷運"", ""附近""]",,live,ok,,3
modern-chinese-l7-reading,第7課 短文：從我家坐捷運很方便,True,7,medium,0,0,捷運,pinyin,捷運,jiéyùn,MRT,jiéyùn,N,"[""jiéyùn"", ""fùjìn""]",,live,ok,,3
modern-chinese-l7-reading,第7課 短文：從我家坐捷運很方便,True,7,medium,0,0,捷運,pos,捷運,N,MRT,jiéyùn,N,[],,live,ok,,3
modern-chinese-l7-reading,第7課 短文：從我家坐捷運很方便,True,7,medium,0,0,捷運,cloze,我家附近有三條____線。,捷運,MRT,jiéyùn,N,"[""朋友"", ""學校"", ""飯店""]",我家附近有三條捷運線。,live,ok,,3
modern-chinese-l7-reading,第7課 短文：從我家坐捷運很方便,True,7,medium,0,1,附近,translation,附近,nearby,nearby,fùjìn,N,[],,live,ok,,3
modern-chinese-l7-reading,第7課 短文：從我家坐捷運很方便,True,7,medium,0,1,附近,reverse,nearby,附近,nearby,fùjìn,N,"[""捷運"", ""附近""]",,live,ok,,3
modern-chinese-l7-reading,第7課 短文：從我家坐捷運很方便,True,7,medium,0,1,附近,listening,附近,附近,nearby,fùjìn,N,"[""捷運"", ""附近""]",,live,ok,,3
modern-chinese-l7-reading,第7課 短文：從我家坐捷運很方便,True,7,medium,0,1,附近,pinyin,附近,fùjìn,nearby,fùjìn,N,"[""jiéyùn"", ""fùjìn""]",,live,ok,,3
modern-chinese-l7-reading,第7課 短文：從我家坐捷運很方便,True,7,medium,0,1,附近,pos,附近,N,nearby,fùjìn,N,[],,live,ok,,3
modern-chinese-l7-reading,第7課 短文：從我家坐捷運很方便,True,7,medium,0,1,附近,cloze,我家____有三條捷運線。,附近,nearby,fùjìn,N,"[""朋友"", ""學校"", ""飯店""]",我家附近有三條捷運線。,live,ok,,3
modern-chinese-l7-reading,第7課 短文：從我家坐捷運很方便,True,7,hard,0,0,捷運,translation,捷運,MRT,MRT,jiéyùn,N,[],,live,ok,,3
modern-chinese-l7-reading,第7課 短文：從我家坐捷運很方便,True,7,hard,0,0,捷運,reverse,MRT,捷運,MRT,jiéyùn,N,"[""捷運"", ""附近""]",,live,ok,,3
modern-chinese-l7-reading,第7課 短文：從我家坐捷運很方便,True,7,hard,0,0,捷運,listening,捷運,捷運,MRT,jiéyùn,N,"[""捷運"", ""附近""]",,live,ok,,3
modern-chinese-l7-reading,第7課 短文：從我家坐捷運很方便,True,7,hard,0,0,捷運,pinyin,捷運,jiéyùn,MRT,jiéyùn,N,"[""jiéyùn"", ""fùjìn""]",,live,ok,,3
modern-chinese-l7-reading,第7課 短文：從我家坐捷運很方便,True,7,hard,0,0,捷運,pos,捷運,N,MRT,jiéyùn,N,[],,live,ok,,3
modern-chinese-l7-reading,第7課 短文：從我家坐捷運很方便,True,7,hard,0,0,捷運,cloze,我家附近有三條____線。,捷運,MRT,jiéyùn,N,"[""朋友"", ""學校"", ""飯店""]",我家附近有三條捷運線。,live,ok,,3
modern-chinese-l7-reading,第7課 短文：從我家坐捷運很方便,True,7,hard,0,1,附近,translation,附近,nearby,nearby,fùjìn,N,[],,live,ok,,3
modern-chinese-l7-reading,第7課 短文：從我家坐捷運很方便,True,7,hard,0,1,附近,reverse,nearby,附近,nearby,fùjìn,N,"[""捷運"", ""附近""]",,live,ok,,3
modern-chinese-l7-reading,第7課 短文：從我家坐捷運很方便,True,7,hard,0,1,附近,listening,附近,附近,nearby,fùjìn,N,"[""捷運"", ""附近""]",,live,ok,,3
modern-chinese-l7-reading,第7課 短文：從我家坐捷運很方便,True,7,hard,0,1,附近,pinyin,附近,fùjìn,nearby,fùjìn,N,"[""jiéyùn"", ""fùjìn""]",,live,ok,,3
modern-chinese-l7-reading,第7課 短文：從我家坐捷運很方便,True,7,hard,0,1,附近,pos,附近,N,nearby,fùjìn,N,[],,live,ok,,3
modern-chinese-l7-reading,第7課 短文：從我家坐捷運很方便,True,7,hard,0,1,附近,cloze,我家____有三條捷運線。,附近,nearby,fùjìn,N,"[""朋友"", ""學校"", ""飯店""]",我家附近有三條捷運線。,live,ok,,3
modern-chinese-l7-reading,第7課 短文：從我家坐捷運很方便,True,7,easy,2,0,學校,translation,學校,school,school,xuéxiào,N,[],,live,ok,,3
modern-chinese-l7-reading,第7課 短文：從我家坐捷運很方便,True,7,easy,2,0,學校,pinyin,學校,xuéxiào,school,xuéxiào,N,"[""xuéxiào""]",,live,ok,,3
modern-chinese-l7-reading,第7課 短文：從我家坐捷運很方便,True,7,easy,2,0,學校,pos,學校,N,school,xuéxiào,N,[],,live,ok,,3
modern-chinese-l7-reading,第7課 短文：從我家坐捷運很方便,True,7,easy,2,0,學校,cloze,我平常坐紅線去____上課。,學校,school,xuéxiào,N,"[""朋友"", ""飯店""]",我平常坐紅線去學校上課。,live,ok,,3
modern-chinese-l7-reading,第7課 短文：從我家坐捷運很方便,True,7,medium,2,0,學校,translation,學校,school,school,xuéxiào,N,[],,live,ok,,3
modern-chinese-l7-reading,第7課 短文：從我家坐捷運很方便,True,7,medium,2,0,學校,pinyin,學校,xuéxiào,school,xuéxiào,N,"[""xuéxiào""]",,live,ok,,3
modern-chinese-l7-reading,第7課 短文：從我家坐捷運很方便,True,7,medium,2,0,學校,pos,學校,N,school,xuéxiào,N,[],,live,ok,,3
modern-chinese-l7-reading,第7課 短文：從我家坐捷運很方便,True,7,medium,2,0,學校,cloze,我平常坐紅線去____上課。,學校,school,xuéxiào,N,"[""朋友"", ""飯店""]",我平常坐紅線去學校上課。,live,ok,,3
modern-chinese-l7-reading,第7課 短文：從我家坐捷運很方便,True,7,hard,2,0,學校,translation,學校,school,school,xuéxiào,N,[],,live,ok,,3
modern-chinese-l7-reading,第7課 短文：從我家坐捷運很方便,True,7,hard,2,0,學校,pinyin,學校,xuéxiào,school,xuéxiào,N,"[""xuéxiào""]",,live,ok,,3
modern-chinese-l7-reading,第7課 短文：從我家坐捷運很方便,True,7,hard,2,0,學校,pos,學校,N,school,xuéxiào,N,[],,live,ok,,3
modern-chinese-l7-reading,第7課 短文：從我家坐捷運很方便,True,7,hard,2,0,學校,cloze,我平常坐紅線去____上課。,學校,school,xuéxiào,N,"[""朋友"", ""飯店""]",我平常坐紅線去學校上課。,live,ok,,3
modern-chinese-l7-reading,第7課 短文：從我家坐捷運很方便,True,7,easy,3,0,電影,translation,電影,movie,movie,diànyǐng,N,[],,live,ok,,3
modern-chinese-l7-reading,第7課 短文：從我家坐捷運很方便,True,7,easy,3,0,電影,reverse,movie,電影,movie,diànyǐng,N,"[""電影"", ""運動"", ""週末"", ""捷運""]",,live,ok,,3
modern-chinese-l7-reading,第7課 短文：從我家坐捷運很方便,True,7,easy,3,0,電影,listening,電影,電影,movie,diànyǐng,N,"[""電影"", ""運動"", ""週末"", ""捷運""]",,live,ok,,3
modern-chinese-l7-reading,第7課 短文：從我家坐捷運很方便,True,7,easy,3,0,電影,pinyin,電影,diànyǐng,movie,diànyǐng,N,"[""diànyǐng"", ""yùndòng"", ""zhōumò"", ""jiéyùn""]",,live,ok,,3
modern-chinese-l7-reading,第7課 短文：從我家坐捷運很方便,True,7,easy,3,0,電影,pos,電影,N,movie,diànyǐng,N,[],,live,ok,,3
modern-chinese-l7-reading,第7課 短文：從我家坐捷運很方便,True,7,easy,3,0,電影,cloze,週末也坐捷運去運動、看____。,電影,movie,diànyǐng,N,"[""朋友"", ""學校"", ""飯店""]",週末也坐捷運去運動、看電影。,live,ok,,3
modern-chinese-l7-reading,第7課 短文：從我家坐捷運很方便,True,7,easy,3,1,運動,translation,運動,exercise,exercise,yùndòng,N,[],,live,ok,,3
modern-chinese-l7-reading,第7課 短文：從我家坐捷運很方便,True,7,easy,3,1,運動,reverse,exercise,運動,exercise,yùndòng,N,"[""電影"", ""運動"", ""週末"", ""捷運""]",,live,ok,,3
modern-chinese-l7-reading,第7課 短文：從我家坐捷運很方便,True,7,easy,3,1,運動,listening,運動,運動,exercise,yùndòng,N,"[""電影"", ""運動"", ""週末"", ""捷運""]",,live,ok,,3
modern-chinese-l7-reading,第7課 短文：從我家坐捷運很方便,True,7,easy,3,1,運動,pinyin,運動,yùndòng,exercise,yùndòng,N,"[""diànyǐng"", ""yùndòng"", ""zhōumò"", ""jiéyùn""]",,live,ok,,3
modern-chinese-l7-reading,第7課 短文：從我家坐捷運很方便,True,7,easy,3,1,運動,pos,運動,N,exercise,yùndòng,N,[],,live,ok,,3
modern-chinese-l7-reading,第7課 短文：從我家坐捷運很方便,True,7,easy,3,1,運動,cloze,週末也坐捷運去____、看電影。,運動,exercise,yùndòng,N,"[""朋友"", ""學校"", ""飯店""]",週末也坐捷運去運動、看電影。,live,ok,,3
modern-chinese-l7-reading,第7課 短文：從我家坐捷運很方便,True,7,easy,3,2,週末,translation,週末,weekend,weekend,zhōumò,N,[],,live,ok,,3
modern-chinese-l7-reading,第7課 短文：從我家坐捷運很方便,True,7,easy,3,2,週末,reverse,weekend,週末,weekend,zhōumò,N,"[""電影"", ""運動"", ""週末"", ""捷運""]",,live,ok,,3
modern-chinese-l7-reading,第7課 短文：從我家坐捷運很方便,True,7,easy,3,2,週末,listening,週末,週末,weekend,zhōumò,N,"[""電影"", ""運動"", ""週末"", ""捷運""]",,live,ok,,3
modern-chinese-l7-reading,第7課 短文：從我家坐捷運很方便,True,7,easy,3,2,週末,pinyin,週末,zhōumò,weekend,zhōumò,N,"[""diànyǐng"", ""yùndòng"", ""zhōumò"", ""jiéyùn""]",,live,ok,,3
modern-chinese-l7-reading,第7課 短文：從我家坐捷運很方便,True,7,easy,3,2,週末,pos,週末,N,weekend,zhōumò,N,[],,live,ok,,3
modern-chinese-l7-reading,第7課 短文：從我家坐捷運很方便,True,7,easy,3,2,週末,cloze,____也坐捷運去運動、看電影。,週末,weekend,zhōumò,N,"[""朋友"", ""學校"", ""飯店""]",週末也坐捷運去運動、看電影。,live,ok,,3
modern-chinese-l7-reading,第7課 短文：從我家坐捷運很方便,True,7,easy,3,3,捷運,translation,捷運,MRT,MRT,jiéyùn,N,[],,live,ok,,3
modern-chinese-l7-reading,第7課 短文：從我家坐捷運很方便,True,7,easy,3,3,捷運,reverse,MRT,捷運,MRT,jiéyùn,N,"[""電影"", ""運動"", ""週末"", ""捷運""]",,live,ok,,3
modern-chinese-l7-reading,第7課 短文：從我家坐捷運很方便,True,7,easy,3,3,捷運,listening,捷運,捷運,MRT,jiéyùn,N,"[""電影"", ""運動"", ""週末"", ""捷運""]",,live,ok,,3
modern-chinese-l7-reading,第7課 短文：從我家坐捷運很方便,True,7,easy,3,3,捷運,pinyin,捷運,jiéyùn,MRT,jiéyùn,N,"[""diànyǐng"", ""yùndòng"", ""zhōumò"", ""jiéyùn""]",,live,ok,,3
modern-chinese-l7-reading,第7課 短文：從我家坐捷運很方便,True,7,easy,3,3,捷運,pos,捷運,N,MRT,jiéyùn,N,[],,live,ok,,3
modern-chinese-l7-reading,第7課 短文：從我家坐捷運很方便,True,7,easy,3,3,捷運,cloze,週末也坐____去運動、看電影。,捷運,MRT,jiéyùn,N,"[""朋友"", ""學校"", ""飯店""]",週末也坐捷運去運動、看電影。,live,ok,,3
modern-chinese-l7-reading,第7課 短文：從我家坐捷運很方便,True,7,medium,3,0,電影,translation,電影,movie,movie,diànyǐng,N,[],,live,ok,,3
modern-chinese-l7-reading,第7課 短文：從我家坐捷運很方便,True,7,medium,3,0,電影,reverse,movie,電影,movie,diànyǐng,N,"[""電影"", ""運動"", ""週末"", ""捷運""]",,live,ok,,3
modern-chinese-l7-reading,第7課 短文：從我家坐捷運很方便,True,7,medium,3,0,電影,listening,電影,電影,movie,diànyǐng,N,"[""電影"", ""運動"", ""週末"", ""捷運""]",,live,ok,,3
modern-chinese-l7-reading,第7課 短文：從我家坐捷運很方便,True,7,medium,3,0,電影,pinyin,電影,diànyǐng,movie,diànyǐng,N,"[""diànyǐng"", ""yùndòng"", ""zhōumò"", ""jiéyùn""]",,live,ok,,3
modern-chinese-l7-reading,第7課 短文：從我家坐捷運很方便,True,7,medium,3,0,電影,pos,電影,N,movie,diànyǐng,N,[],,live,ok,,3
modern-chinese-l7-reading,第7課 短文：從我家坐捷運很方便,True,7,medium,3,0,電影,cloze,週末也坐捷運去運動、看____。,電影,movie,diànyǐng,N,"[""朋友"", ""學校"", ""飯店""]",週末也坐捷運去運動、看電影。,live,ok,,3
modern-chinese-l7-reading,第7課 短文：從我家坐捷運很方便,True,7,medium,3,1,運動,translation,運動,exercise,exercise,yùndòng,N,[],,live,ok,,3
modern-chinese-l7-reading,第7課 短文：從我家坐捷運很方便,True,7,medium,3,1,運動,reverse,exercise,運動,exercise,yùndòng,N,"[""電影"", ""運動"", ""週末"", ""捷運""]",,live,ok,,3
modern-chinese-l7-reading,第7課 短文：從我家坐捷運很方便,True,7,medium,3,1,運動,listening,運動,運動,exercise,yùndòng,N,"[""電影"", ""運動"", ""週末"", ""捷運""]",,live,ok,,3
modern-chinese-l7-reading,第7課 短文：從我家坐捷運很方便,True,7,medium,3,1,運動,pinyin,運動,yùndòng,exercise,yùndòng,N,"[""diànyǐng"", ""yùndòng"", ""zhōumò"", ""jiéyùn""]",,live,ok,,3
modern-chinese-l7-reading,第7課 短文：從我家坐捷運很方便,True,7,medium,3,1,運動,pos,運動,N,exercise,yùndòng,N,[],,live,ok,,3
modern-chinese-l7-reading,第7課 短文：從我家坐捷運很方便,True,7,medium,3,1,運動,cloze,週末也坐捷運去____、看電影。,運動,exercise,yùndòng,N,"[""朋友"", ""學校"", ""飯店""]",週末也坐捷運去運動、看電影。,live,ok,,3
modern-chinese-l7-reading,第7課 短文：從我家坐捷運很方便,True,7,medium,3,2,週末,translation,週末,weekend,weekend,zhōumò,N,[],,live,ok,,3
modern-chinese-l7-reading,第7課 短文：從我家坐捷運很方便,True,7,medium,3,2,週末,reverse,weekend,週末,weekend,zhōumò,N,"[""電影"", ""運動"", ""週末"", ""捷運""]",,live,ok,,3
modern-chinese-l7-reading,第7課 短文：從我家坐捷運很方便,True,7,medium,3,2,週末,listening,週末,週末,weekend,zhōumò,N,"[""電影"", ""運動"", ""週末"", ""捷運""]",,live,ok,,3
modern-chinese-l7-reading,第7課 短文：從我家坐捷運很方便,True,7,medium,3,2,週末,pinyin,週末,zhōumò,weekend,zhōumò,N,"[""diànyǐng"", ""yùndòng"", ""zhōumò"", ""jiéyùn""]",,live,ok,,3
modern-chinese-l7-reading,第7課 短文：從我家坐捷運很方便,True,7,medium,3,2,週末,pos,週末,N,weekend,zhōumò,N,[],,live,ok,,3
modern-chinese-l7-reading,第7課 短文：從我家坐捷運很方便,True,7,medium,3,2,週末,cloze,____也坐捷運去運動、看電影。,週末,weekend,zhōumò,N,"[""朋友"", ""學校"", ""飯店""]",週末也坐捷運去運動、看電影。,live,ok,,3
modern-chinese-l7-reading,第7課 短文：從我家坐捷運很方便,True,7,medium,3,3,捷運,translation,捷運,MRT,MRT,jiéyùn,N,[],,live,ok,,3
modern-chinese-l7-reading,第7課 短文：從我家坐捷運很方便,True,7,medium,3,3,捷運,reverse,MRT,捷運,MRT,jiéyùn,N,"[""電影"", ""運動"", ""週末"", ""捷運""]",,live,ok,,3
modern-chinese-l7-reading,第7課 短文：從我家坐捷運很方便,True,7,medium,3,3,捷運,listening,捷運,捷運,MRT,jiéyùn,N,"[""電影"", ""運動"", ""週末"", ""捷運""]",,live,ok,,3
modern-chinese-l7-reading,第7課 短文：從我家坐捷運很方便,True,7,medium,3,3,捷運,pinyin,捷運,jiéyùn,MRT,jiéyùn,N,"[""diànyǐng"", ""yùndòng"", ""zhōumò"", ""jiéyùn""]",,live,ok,,3
modern-chinese-l7-reading,第7課 短文：從我家坐捷運很方便,True,7,medium,3,3,捷運,pos,捷運,N,MRT,jiéyùn,N,[],,live,ok,,3
modern-chinese-l7-reading,第7課 短文：從我家坐捷運很方便,True,7,medium,3,3,捷運,cloze,週末也坐____去運動、看電影。,捷運,MRT,jiéyùn,N,"[""朋友"", ""學校"", ""飯店""]",週末也坐捷運去運動、看電影。,live,ok,,3
modern-chinese-l7-reading,第7課 短文：從我家坐捷運很方便,True,7,hard,3,0,電影,translation,電影,movie,movie,diànyǐng,N,[],,live,ok,,3
modern-chinese-l7-reading,第7課 短文：從我家坐捷運很方便,True,7,hard,3,0,電影,reverse,movie,電影,movie,diànyǐng,N,"[""電影"", ""運動"", ""週末"", ""捷運""]",,live,ok,,3
modern-chinese-l7-reading,第7課 短文：從我家坐捷運很方便,True,7,hard,3,0,電影,listening,電影,電影,movie,diànyǐng,N,"[""電影"", ""運動"", ""週末"", ""捷運""]",,live,ok,,3
modern-chinese-l7-reading,第7課 短文：從我家坐捷運很方便,True,7,hard,3,0,電影,pinyin,電影,diànyǐng,movie,diànyǐng,N,"[""diànyǐng"", ""yùndòng"", ""zhōumò"", ""jiéyùn""]",,live,ok,,3
modern-chinese-l7-reading,第7課 短文：從我家坐捷運很方便,True,7,hard,3,0,電影,pos,電影,N,movie,diànyǐng,N,[],,live,ok,,3
modern-chinese-l7-reading,第7課 短文：從我家坐捷運很方便,True,7,hard,3,0,電影,cloze,週末也坐捷運去運動、看____。,電影,movie,diànyǐng,N,"[""朋友"", ""學校"", ""飯店""]",週末也坐捷運去運動、看電影。,live,ok,,3
modern-chinese-l7-reading,第7課 短文：從我家坐捷運很方便,True,7,hard,3,1,運動,translation,運動,exercise,exercise,yùndòng,N,[],,live,ok,,3
modern-chinese-l7-reading,第7課 短文：從我家坐捷運很方便,True,7,hard,3,1,運動,reverse,exercise,運動,exercise,yùndòng,N,"[""電影"", ""運動"", ""週末"", ""捷運""]",,live,ok,,3
modern-chinese-l7-reading,第7課 短文：從我家坐捷運很方便,True,7,hard,3,1,運動,listening,運動,運動,exercise,yùndòng,N,"[""電影"", ""運動"", ""週末"", ""捷運""]",,live,ok,,3
modern-chinese-l7-reading,第7課 短文：從我家坐捷運很方便,True,7,hard,3,1,運動,pinyin,運動,yùndòng,exercise,yùndòng,N,"[""diànyǐng"", ""yùndòng"", ""zhōumò"", ""jiéyùn""]",,live,ok,,3
modern-chinese-l7-reading,第7課 短文：從我家坐捷運很方便,True,7,hard,3,1,運動,pos,運動,N,exercise,yùndòng,N,[],,live,ok,,3
modern-chinese-l7-reading,第7課 短文：從我家坐捷運很方便,True,7,hard,3,1,運動,cloze,週末也坐捷運去____、看電影。,運動,exercise,yùndòng,N,"[""朋友"", ""學校"", ""飯店""]",週末也坐捷運去運動、看電影。,live,ok,,3
modern-chinese-l7-reading,第7課 短文：從我家坐捷運很方便,True,7,hard,3,2,週末,translation,週末,weekend,weekend,zhōumò,N,[],,live,ok,,3
modern-chinese-l7-reading,第7課 短文：從我家坐捷運很方便,True,7,hard,3,2,週末,reverse,weekend,週末,weekend,zhōumò,N,"[""電影"", ""運動"", ""週末"", ""捷運""]",,live,ok,,3
modern-chinese-l7-reading,第7課 短文：從我家坐捷運很方便,True,7,hard,3,2,週末,listening,週末,週末,weekend,zhōumò,N,"[""電影"", ""運動"", ""週末"", ""捷運""]",,live,ok,,3
modern-chinese-l7-reading,第7課 短文：從我家坐捷運很方便,True,7,hard,3,2,週末,pinyin,週末,zhōumò,weekend,zhōumò,N,"[""diànyǐng"", ""yùndòng"", ""zhōumò"", ""jiéyùn""]",,live,ok,,3
modern-chinese-l7-reading,第7課 短文：從我家坐捷運很方便,True,7,hard,3,2,週末,pos,週末,N,weekend,zhōumò,N,[],,live,ok,,3
modern-chinese-l7-reading,第7課 短文：從我家坐捷運很方便,True,7,hard,3,2,週末,cloze,____也坐捷運去運動、看電影。,週末,weekend,zhōumò,N,"[""朋友"", ""學校"", ""飯店""]",週末也坐捷運去運動、看電影。,live,ok,,3
modern-chinese-l7-reading,第7課 短文：從我家坐捷運很方便,True,7,hard,3,3,捷運,translation,捷運,MRT,MRT,jiéyùn,N,[],,live,ok,,3
modern-chinese-l7-reading,第7課 短文：從我家坐捷運很方便,True,7,hard,3,3,捷運,reverse,MRT,捷運,MRT,jiéyùn,N,"[""電影"", ""運動"", ""週末"", ""捷運""]",,live,ok,,3
modern-chinese-l7-reading,第7課 短文：從我家坐捷運很方便,True,7,hard,3,3,捷運,listening,捷運,捷運,MRT,jiéyùn,N,"[""電影"", ""運動"", ""週末"", ""捷運""]",,live,ok,,3
modern-chinese-l7-reading,第7課 短文：從我家坐捷運很方便,True,7,hard,3,3,捷運,pinyin,捷運,jiéyùn,MRT,jiéyùn,N,"[""diànyǐng"", ""yùndòng"", ""zhōumò"", ""jiéyùn""]",,live,ok,,3
modern-chinese-l7-reading,第7課 短文：從我家坐捷運很方便,True,7,hard,3,3,捷運,pos,捷運,N,MRT,jiéyùn,N,[],,live,ok,,3
modern-chinese-l7-reading,第7課 短文：從我家坐捷運很方便,True,7,hard,3,3,捷運,cloze,週末也坐____去運動、看電影。,捷運,MRT,jiéyùn,N,"[""朋友"", ""學校"", ""飯店""]",週末也坐捷運去運動、看電影。,live,ok,,3
modern-chinese-l7-reading,第7課 短文：從我家坐捷運很方便,True,7,easy,4,0,朋友,translation,朋友,friend,friend,péngyǒu,N,[],,live,ok,,3
modern-chinese-l7-reading,第7課 短文：從我家坐捷運很方便,True,7,easy,4,0,朋友,pinyin,朋友,péngyǒu,friend,péngyǒu,N,"[""péngyǒu""]",,live,ok,,3
modern-chinese-l7-reading,第7課 短文：從我家坐捷運很方便,True,7,easy,4,0,朋友,pos,朋友,N,friend,péngyǒu,N,[],,live,ok,,3
modern-chinese-l7-reading,第7課 短文：從我家坐捷運很方便,True,7,easy,4,0,朋友,cloze,____常來找我。,朋友,friend,péngyǒu,N,"[""學校"", ""飯店""]",朋友常來找我。,live,ok,,3
modern-chinese-l7-reading,第7課 短文：從我家坐捷運很方便,True,7,medium,4,0,朋友,translation,朋友,friend,friend,péngyǒu,N,[],,live,ok,,3
modern-chinese-l7-reading,第7課 短文：從我家坐捷運很方便,True,7,medium,4,0,朋友,pinyin,朋友,péngyǒu,friend,péngyǒu,N,"[""péngyǒu""]",,live,ok,,3
modern-chinese-l7-reading,第7課 短文：從我家坐捷運很方便,True,7,medium,4,0,朋友,pos,朋友,N,friend,péngyǒu,N,[],,live,ok,,3
modern-chinese-l7-reading,第7課 短文：從我家坐捷運很方便,True,7,medium,4,0,朋友,cloze,____常來找我。,朋友,friend,péngyǒu,N,"[""學校"", ""飯店""]",朋友常來找我。,live,ok,,3
modern-chinese-l7-reading,第7課 短文：從我家坐捷運很方便,True,7,hard,4,0,朋友,translation,朋友,friend,friend,péngyǒu,N,[],,live,ok,,3
modern-chinese-l7-reading,第7課 短文：從我家坐捷運很方便,True,7,hard,4,0,朋友,pinyin,朋友,péngyǒu,friend,péngyǒu,N,"[""péngyǒu""]",,live,ok,,3
modern-chinese-l7-reading,第7課 短文：從我家坐捷運很方便,True,7,hard,4,0,朋友,pos,朋友,N,friend,péngyǒu,N,[],,live,ok,,3
modern-chinese-l7-reading,第7課 短文：從我家坐捷運很方便,True,7,hard,4,0,朋友,cloze,____常來找我。,朋友,friend,péngyǒu,N,"[""學校"", ""飯店""]",朋友常來找我。,live,ok,,3
modern-chinese-l7-reading,第7課 短文：從我家坐捷運很方便,True,7,easy,5,0,捷運,translation,捷運,MRT,MRT,jiéyùn,N,[],,live,ok,,3
modern-chinese-l7-reading,第7課 短文：從我家坐捷運很方便,True,7,easy,5,0,捷運,reverse,MRT,捷運,MRT,jiéyùn,N,"[""捷運"", ""方便""]",,live,ok,,3
modern-chinese-l7-reading,第7課 短文：從我家坐捷運很方便,True,7,easy,5,0,捷運,listening,捷運,捷運,MRT,jiéyùn,N,"[""捷運"", ""方便""]",,live,ok,,3
modern-chinese-l7-reading,第7課 短文：從我家坐捷運很方便,True,7,easy,5,0,捷運,pinyin,捷運,jiéyùn,MRT,jiéyùn,N,"[""jiéyùn"", ""fāngbiàn""]",,live,ok,,3
modern-chinese-l7-reading,第7課 短文：從我家坐捷運很方便,True,7,easy,5,0,捷運,pos,捷運,N,MRT,jiéyùn,N,[],,live,ok,,3
modern-chinese-l7-reading,第7課 短文：從我家坐捷運很方便,True,7,easy,5,0,捷運,cloze,他們都覺得坐____來我家，又快又方便。,捷運,MRT,jiéyùn,N,"[""朋友"", ""學校"", ""飯店""]",他們都覺得坐捷運來我家，又快又方便。,live,ok,,3
modern-chinese-l7-reading,第7課 短文：從我家坐捷運很方便,True,7,easy,5,1,方便,translation,方便,convenient,convenient,fāngbiàn,Adj,[],,live,ok,,3
modern-chinese-l7-reading,第7課 短文：從我家坐捷運很方便,True,7,easy,5,1,方便,reverse,convenient,方便,convenient,fāngbiàn,Adj,"[""捷運"", ""方便""]",,live,ok,,3
modern-chinese-l7-reading,第7課 短文：從我家坐捷運很方便,True,7,easy,5,1,方便,listening,方便,方便,convenient,fāngbiàn,Adj,"[""捷運"", ""方便""]",,live,ok,,3
modern-chinese-l7-reading,第7課 短文：從我家坐捷運很方便,True,7,easy,5,1,方便,pinyin,方便,fāngbiàn,convenient,fāngbiàn,Adj,"[""jiéyùn"", ""fāngbiàn""]",,live,ok,,3
modern-chinese-l7-reading,第7課 短文：從我家坐捷運很方便,True,7,easy,5,1,方便,pos,方便,Adj,convenient,fāngbiàn,Adj,[],,live,ok,,3
modern-chinese-l7-reading,第7課 短文：從我家坐捷運很方便,True,7,easy,5,1,方便,cloze,他們都覺得坐捷運來我家，又快又____。,方便,convenient,fāngbiàn,Adj,"[""漂亮"", ""有趣""]",他們都覺得坐捷運來我家，又快又方便。,live,ok,,3
modern-chinese-l7-reading,第7課 短文：從我家坐捷運很方便,True,7,medium,5,0,捷運,translation,捷運,MRT,MRT,jiéyùn,N,[],,live,ok,,3
modern-chinese-l7-reading,第7課 短文：從我家坐捷運很方便,True,7,medium,5,0,捷運,reverse,MRT,捷運,MRT,jiéyùn,N,"[""捷運"", ""方便""]",,live,ok,,3
modern-chinese-l7-reading,第7課 短文：從我家坐捷運很方便,True,7,medium,5,0,捷運,listening,捷運,捷運,MRT,jiéyùn,N,"[""捷運"", ""方便""]",,live,ok,,3
modern-chinese-l7-reading,第7課 短文：從我家坐捷運很方便,True,7,medium,5,0,捷運,pinyin,捷運,jiéyùn,MRT,jiéyùn,N,"[""jiéyùn"", ""fāngbiàn""]",,live,ok,,3
modern-chinese-l7-reading,第7課 短文：從我家坐捷運很方便,True,7,medium,5,0,捷運,pos,捷運,N,MRT,jiéyùn,N,[],,live,ok,,3
modern-chinese-l7-reading,第7課 短文：從我家坐捷運很方便,True,7,medium,5,0,捷運,cloze,他們都覺得坐____來我家，又快又方便。,捷運,MRT,jiéyùn,N,"[""朋友"", ""學校"", ""飯店""]",他們都覺得坐捷運來我家，又快又方便。,live,ok,,3
modern-chinese-l7-reading,第7課 短文：從我家坐捷運很方便,True,7,medium,5,1,方便,translation,方便,convenient,convenient,fāngbiàn,Adj,[],,live,ok,,3
modern-chinese-l7-reading,第7課 短文：從我家坐捷運很方便,True,7,medium,5,1,方便,reverse,convenient,方便,convenient,fāngbiàn,Adj,"[""捷運"", ""方便""]",,live,ok,,3
modern-chinese-l7-reading,第7課 短文：從我家坐捷運很方便,True,7,medium,5,1,方便,listening,方便,方便,convenient,fāngbiàn,Adj,"[""捷運"", ""方便""]",,live,ok,,3
modern-chinese-l7-reading,第7課 短文：從我家坐捷運很方便,True,7,medium,5,1,方便,pinyin,方便,fāngbiàn,convenient,fāngbiàn,Adj,"[""jiéyùn"", ""fāngbiàn""]",,live,ok,,3
modern-chinese-l7-reading,第7課 短文：從我家坐捷運很方便,True,7,medium,5,1,方便,pos,方便,Adj,convenient,fāngbiàn,Adj,[],,live,ok,,3
modern-chinese-l7-reading,第7課 短文：從我家坐捷運很方便,True,7,medium,5,1,方便,cloze,他們都覺得坐捷運來我家，又快又____。,方便,convenient,fāngbiàn,Adj,"[""漂亮"", ""有趣""]",他們都覺得坐捷運來我家，又快又方便。,live,ok,,3
modern-chinese-l7-reading,第7課 短文：從我家坐捷運很方便,True,7,hard,5,0,捷運,translation,捷運,MRT,MRT,jiéyùn,N,[],,live,ok,,3
modern-chinese-l7-reading,第7課 短文：從我家坐捷運很方便,True,7,hard,5,0,捷運,reverse,MRT,捷運,MRT,jiéyùn,N,"[""捷運"", ""方便""]",,live,ok,,3
modern-chinese-l7-reading,第7課 短文：從我家坐捷運很方便,True,7,hard,5,0,捷運,listening,捷運,捷運,MRT,jiéyùn,N,"[""捷運"", ""方便""]",,live,ok,,3
modern-chinese-l7-reading,第7課 短文：從我家坐捷運很方便,True,7,hard,5,0,捷運,pinyin,捷運,jiéyùn,MRT,jiéyùn,N,"[""jiéyùn"", ""fāngbiàn""]",,live,ok,,3
modern-chinese-l7-reading,第7課 短文：從我家坐捷運很方便,True,7,hard,5,0,捷運,pos,捷運,N,MRT,jiéyùn,N,[],,live,ok,,3
modern-chinese-l7-reading,第7課 短文：從我家坐捷運很方便,True,7,hard,5,0,捷運,cloze,他們都覺得坐____來我家，又快又方便。,捷運,MRT,jiéyùn,N,"[""朋友"", ""學校"", ""飯店""]",他們都覺得坐捷運來我家，又快又方便。,live,ok,,3
modern-chinese-l7-reading,第7課 短文：從我家坐捷運很方便,True,7,hard,5,1,方便,translation,方便,convenient,convenient,fāngbiàn,Adj,[],,live,ok,,3
modern-chinese-l7-reading,第7課 短文：從我家坐捷運很方便,True,7,hard,5,1,方便,reverse,convenient,方便,convenient,fāngbiàn,Adj,"[""捷運"", ""方便""]",,live,ok,,3
modern-chinese-l7-reading,第7課 短文：從我家坐捷運很方便,True,7,hard,5,1,方便,listening,方便,方便,convenient,fāngbiàn,Adj,"[""捷運"", ""方便""]",,live,ok,,3
modern-chinese-l7-reading,第7課 短文：從我家坐捷運很方便,True,7,hard,5,1,方便,pinyin,方便,fāngbiàn,convenient,fāngbiàn,Adj,"[""jiéyùn"", ""fāngbiàn""]",,live,ok,,3
modern-chinese-l7-reading,第7課 短文：從我家坐捷運很方便,True,7,hard,5,1,方便,pos,方便,Adj,convenient,fāngbiàn,Adj,[],,live,ok,,3
modern-chinese-l7-reading,第7課 短文：從我家坐捷運很方便,True,7,hard,5,1,方便,cloze,他們都覺得坐捷運來我家，又快又____。,方便,convenient,fāngbiàn,Adj,"[""漂亮"", ""有趣""]",他們都覺得坐捷運來我家，又快又方便。,live,ok,,3
modern-chinese-l7-reading,第7課 短文：從我家坐捷運很方便,True,7,easy,6,0,機場,translation,機場,airport,airport,jīchǎng,N,[],,live,ok,,3
modern-chinese-l7-reading,第7課 短文：從我家坐捷運很方便,True,7,easy,6,0,機場,pinyin,機場,jīchǎng,airport,jīchǎng,N,"[""jīchǎng""]",,live,ok,,3
modern-chinese-l7-reading,第7課 短文：從我家坐捷運很方便,True,7,easy,6,0,機場,pos,機場,N,airport,jīchǎng,N,[],,live,ok,,3
modern-chinese-l7-reading,第7課 短文：從我家坐捷運很方便,True,7,easy,6,0,機場,cloze,從我家到____也不遠。,機場,airport,jīchǎng,N,"[""朋友"", ""學校"", ""飯店""]",從我家到機場也不遠。,live,ok,,3
modern-chinese-l7-reading,第7課 短文：從我家坐捷運很方便,True,7,medium,6,0,機場,translation,機場,airport,airport,jīchǎng,N,[],,live,ok,,3
modern-chinese-l7-reading,第7課 短文：從我家坐捷運很方便,True,7,medium,6,0,機場,pinyin,機場,jīchǎng,airport,jīchǎng,N,"[""jīchǎng""]",,live,ok,,3
modern-chinese-l7-reading,第7課 短文：從我家坐捷運很方便,True,7,medium,6,0,機場,pos,機場,N,airport,jīchǎng,N,[],,live,ok,,3
modern-chinese-l7-reading,第7課 短文：從我家坐捷運很方便,True,7,medium,6,0,機場,cloze,從我家到____也不遠。,機場,airport,jīchǎng,N,"[""朋友"", ""學校"", ""飯店""]",從我家到機場也不遠。,live,ok,,3
modern-chinese-l7-reading,第7課 短文：從我家坐捷運很方便,True,7,hard,6,0,機場,translation,機場,airport,airport,jīchǎng,N,[],,live,ok,,3
modern-chinese-l7-reading,第7課 短文：從我家坐捷運很方便,True,7,hard,6,0,機場,pinyin,機場,jīchǎng,airport,jīchǎng,N,"[""jīchǎng""]",,live,ok,,3
modern-chinese-l7-reading,第7課 短文：從我家坐捷運很方便,True,7,hard,6,0,機場,pos,機場,N,airport,jīchǎng,N,[],,live,ok,,3
modern-chinese-l7-reading,第7課 短文：從我家坐捷運很方便,True,7,hard,6,0,機場,cloze,從我家到____也不遠。,機場,airport,jīchǎng,N,"[""朋友"", ""學校"", ""飯店""]",從我家到機場也不遠。,live,ok,,3
modern-chinese-l7-reading,第7課 短文：從我家坐捷運很方便,True,7,easy,7,0,捷運,translation,捷運,MRT,MRT,jiéyùn,N,[],,live,ok,,3
modern-chinese-l7-reading,第7課 短文：從我家坐捷運很方便,True,7,easy,7,0,捷運,pinyin,捷運,jiéyùn,MRT,jiéyùn,N,"[""jiéyùn""]",,live,ok,,3
modern-chinese-l7-reading,第7課 短文：從我家坐捷運很方便,True,7,easy,7,0,捷運,pos,捷運,N,MRT,jiéyùn,N,[],,live,ok,,3
modern-chinese-l7-reading,第7課 短文：從我家坐捷運很方便,True,7,easy,7,0,捷運,cloze,開車去、坐____去都可以。,捷運,MRT,jiéyùn,N,"[""朋友"", ""學校"", ""飯店""]",開車去、坐捷運去都可以。,live,ok,,3
modern-chinese-l7-reading,第7課 短文：從我家坐捷運很方便,True,7,medium,7,0,捷運,translation,捷運,MRT,MRT,jiéyùn,N,[],,live,ok,,3
modern-chinese-l7-reading,第7課 短文：從我家坐捷運很方便,True,7,medium,7,0,捷運,pinyin,捷運,jiéyùn,MRT,jiéyùn,N,"[""jiéyùn""]",,live,ok,,3
modern-chinese-l7-reading,第7課 短文：從我家坐捷運很方便,True,7,medium,7,0,捷運,pos,捷運,N,MRT,jiéyùn,N,[],,live,ok,,3
modern-chinese-l7-reading,第7課 短文：從我家坐捷運很方便,True,7,medium,7,0,捷運,cloze,開車去、坐____去都可以。,捷運,MRT,jiéyùn,N,"[""朋友"", ""學校"", ""飯店""]",開車去、坐捷運去都可以。,live,ok,,3
modern-chinese-l7-reading,第7課 短文：從我家坐捷運很方便,True,7,hard,7,0,捷運,translation,捷運,MRT,MRT,jiéyùn,N,[],,live,ok,,3
modern-chinese-l7-reading,第7課 短文：從我家坐捷運很方便,True,7,hard,7,0,捷運,pinyin,捷運,jiéyùn,MRT,jiéyùn,N,"[""jiéyùn""]",,live,ok,,3
modern-chinese-l7-reading,第7課 短文：從我家坐捷運很方便,True,7,hard,7,0,捷運,pos,捷運,N,MRT,jiéyùn,N,[],,live,ok,,3
modern-chinese-l7-reading,第7課 短文：從我家坐捷運很方便,True,7,hard,7,0,捷運,cloze,開車去、坐____去都可以。,捷運,MRT,jiéyùn,N,"[""朋友"", ""學校"", ""飯店""]",開車去、坐捷運去都可以。,live,ok,,3
modern-chinese-l7-reading,第7課 短文：從我家坐捷運很方便,True,7,easy,8,0,風景,translation,風景,scenery,scenery,fēngjǐng,N,[],,live,ok,,3
modern-chinese-l7-reading,第7課 短文：從我家坐捷運很方便,True,7,easy,8,0,風景,reverse,scenery,風景,scenery,fēngjǐng,N,"[""風景"", ""漂亮"", ""附近"", ""機場""]",,live,ok,,3
modern-chinese-l7-reading,第7課 短文：從我家坐捷運很方便,True,7,easy,8,0,風景,listening,風景,風景,scenery,fēngjǐng,N,"[""風景"", ""漂亮"", ""附近"", ""機場""]",,live,ok,,3
modern-chinese-l7-reading,第7課 短文：從我家坐捷運很方便,True,7,easy,8,0,風景,pinyin,風景,fēngjǐng,scenery,fēngjǐng,N,"[""fēngjǐng"", ""piàoliang"", ""fùjìn"", ""jīchǎng""]",,live,ok,,3
modern-chinese-l7-reading,第7課 短文：從我家坐捷運很方便,True,7,easy,8,0,風景,pos,風景,N,scenery,fēngjǐng,N,[],,live,ok,,3
modern-chinese-l7-reading,第7課 短文：從我家坐捷運很方便,True,7,easy,8,0,風景,cloze,機場附近的____也很漂亮。,風景,scenery,fēngjǐng,N,"[""朋友"", ""學校"", ""飯店""]",機場附近的風景也很漂亮。,live,ok,,3
modern-chinese-l7-reading,第7課 短文：從我家坐捷運很方便,True,7,easy,8,1,漂亮,translation,漂亮,beautiful,beautiful,piàoliang,Adj,[],,live,ok,,3
modern-chinese-l7-reading,第7課 短文：從我家坐捷運很方便,True,7,easy,8,1,漂亮,reverse,beautiful,漂亮,beautiful,piàoliang,Adj,"[""風景"", ""漂亮"", ""附近"", ""機場""]",,live,ok,,3
modern-chinese-l7-reading,第7課 短文：從我家坐捷運很方便,True,7,easy,8,1,漂亮,listening,漂亮,漂亮,beautiful,piàoliang,Adj,"[""風景"", ""漂亮"", ""附近"", ""機場""]",,live,ok,,3
modern-chinese-l7-reading,第7課 短文：從我家坐捷運很方便,True,7,easy,8,1,漂亮,pinyin,漂亮,piàoliang,beautiful,piàoliang,Adj,"[""fēngjǐng"", ""piàoliang"", ""fùjìn"", ""jīchǎng""]",,live,ok,,3
modern-chinese-l7-reading,第7課 短文：從我家坐捷運很方便,True,7,easy,8,1,漂亮,pos,漂亮,Adj,beautiful,piàoliang,Adj,[],,live,ok,,3
modern-chinese-l7-reading,第7課 短文：從我家坐捷運很方便,True,7,easy,8,1,漂亮,cloze,機場附近的風景也很____。,漂亮,beautiful,piàoliang,Adj,"[""方便"", ""有趣""]",機場附近的風景也很漂亮。,live,ok,,3
modern-chinese-l7-reading,第7課 短文：從我家坐捷運很方便,True,7,easy,8,2,附近,translation,附近,nearby,nearby,fùjìn,N,[],,live,ok,,3
modern-chinese-l7-reading,第7課 短文：從我家坐捷運很方便,True,7,easy,8,2,附近,reverse,nearby,附近,nearby,fùjìn,N,"[""風景"", ""漂亮"", ""附近"", ""機場""]",,live,ok,,3
modern-chinese-l7-reading,第7課 短文：從我家坐捷運很方便,True,7,easy,8,2,附近,listening,附近,附近,nearby,fùjìn,N,"[""風景"", ""漂亮"", ""附近"", ""機場""]",,live,ok,,3
modern-chinese-l7-reading,第7課 短文：從我家坐捷運很方便,True,7,easy,8,2,附近,pinyin,附近,fùjìn,nearby,fùjìn,N,"[""fēngjǐng"", ""piàoliang"", ""fùjìn"", ""jīchǎng""]",,live,ok,,3
modern-chinese-l7-reading,第7課 短文：從我家坐捷運很方便,True,7,easy,8,2,附近,pos,附近,N,nearby,fùjìn,N,[],,live,ok,,3
modern-chinese-l7-reading,第7課 短文：從我家坐捷運很方便,True,7,easy,8,2,附近,cloze,機場____的風景也很漂亮。,附近,nearby,fùjìn,N,"[""朋友"", ""學校"", ""飯店""]",機場附近的風景也很漂亮。,live,ok,,3
modern-chinese-l7-reading,第7課 短文：從我家坐捷運很方便,True,7,easy,8,3,機場,translation,機場,airport,airport,jīchǎng,N,[],,live,ok,,3
modern-chinese-l7-reading,第7課 短文：從我家坐捷運很方便,True,7,easy,8,3,機場,reverse,airport,機場,airport,jīchǎng,N,"[""風景"", ""漂亮"", ""附近"", ""機場""]",,live,ok,,3
modern-chinese-l7-reading,第7課 短文：從我家坐捷運很方便,True,7,easy,8,3,機場,listening,機場,機場,airport,jīchǎng,N,"[""風景"", ""漂亮"", ""附近"", ""機場""]",,live,ok,,3
modern-chinese-l7-reading,第7課 短文：從我家坐捷運很方便,True,7,easy,8,3,機場,pinyin,機場,jīchǎng,airport,jīchǎng,N,"[""fēngjǐng"", ""piàoliang"", ""fùjìn"", ""jīchǎng""]",,live,ok,,3
modern-chinese-l7-reading,第7課 短文：從我家坐捷運很方便,True,7,easy,8,3,機場,pos,機場,N,airport,jīchǎng,N,[],,live,ok,,3
modern-chinese-l7-reading,第7課 短文：從我家坐捷運很方便,True,7,easy,8,3,機場,cloze,____附近的風景也很漂亮。,機場,airport,jīchǎng,N,"[""朋友"", ""學校"", ""飯店""]",機場附近的風景也很漂亮。,live,ok,,3
modern-chinese-l7-reading,第7課 短文：從我家坐捷運很方便,True,7,medium,8,0,風景,translation,風景,scenery,scenery,fēngjǐng,N,[],,live,ok,,3
modern-chinese-l7-reading,第7課 短文：從我家坐捷運很方便,True,7,medium,8,0,風景,reverse,scenery,風景,scenery,fēngjǐng,N,"[""風景"", ""漂亮"", ""附近"", ""機場""]",,live,ok,,3
modern-chinese-l7-reading,第7課 短文：從我家坐捷運很方便,True,7,medium,8,0,風景,listening,風景,風景,scenery,fēngjǐng,N,"[""風景"", ""漂亮"", ""附近"", ""機場""]",,live,ok,,3
modern-chinese-l7-reading,第7課 短文：從我家坐捷運很方便,True,7,medium,8,0,風景,pinyin,風景,fēngjǐng,scenery,fēngjǐng,N,"[""fēngjǐng"", ""piàoliang"", ""fùjìn"", ""jīchǎng""]",,live,ok,,3
modern-chinese-l7-reading,第7課 短文：從我家坐捷運很方便,True,7,medium,8,0,風景,pos,風景,N,scenery,fēngjǐng,N,[],,live,ok,,3
modern-chinese-l7-reading,第7課 短文：從我家坐捷運很方便,True,7,medium,8,0,風景,cloze,機場附近的____也很漂亮。,風景,scenery,fēngjǐng,N,"[""朋友"", ""學校"", ""飯店""]",機場附近的風景也很漂亮。,live,ok,,3
modern-chinese-l7-reading,第7課 短文：從我家坐捷運很方便,True,7,medium,8,1,漂亮,translation,漂亮,beautiful,beautiful,piàoliang,Adj,[],,live,ok,,3
modern-chinese-l7-reading,第7課 短文：從我家坐捷運很方便,True,7,medium,8,1,漂亮,reverse,beautiful,漂亮,beautiful,piàoliang,Adj,"[""風景"", ""漂亮"", ""附近"", ""機場""]",,live,ok,,3
modern-chinese-l7-reading,第7課 短文：從我家坐捷運很方便,True,7,medium,8,1,漂亮,listening,漂亮,漂亮,beautiful,piàoliang,Adj,"[""風景"", ""漂亮"", ""附近"", ""機場""]",,live,ok,,3
modern-chinese-l7-reading,第7課 短文：從我家坐捷運很方便,True,7,medium,8,1,漂亮,pinyin,漂亮,piàoliang,beautiful,piàoliang,Adj,"[""fēngjǐng"", ""piàoliang"", ""fùjìn"", ""jīchǎng""]",,live,ok,,3
modern-chinese-l7-reading,第7課 短文：從我家坐捷運很方便,True,7,medium,8,1,漂亮,pos,漂亮,Adj,beautiful,piàoliang,Adj,[],,live,ok,,3
modern-chinese-l7-reading,第7課 短文：從我家坐捷運很方便,True,7,medium,8,1,漂亮,cloze,機場附近的風景也很____。,漂亮,beautiful,piàoliang,Adj,"[""方便"", ""有趣""]",機場附近的風景也很漂亮。,live,ok,,3
modern-chinese-l7-reading,第7課 短文：從我家坐捷運很方便,True,7,medium,8,2,附近,translation,附近,nearby,nearby,fùjìn,N,[],,live,ok,,3
modern-chinese-l7-reading,第7課 短文：從我家坐捷運很方便,True,7,medium,8,2,附近,reverse,nearby,附近,nearby,fùjìn,N,"[""風景"", ""漂亮"", ""附近"", ""機場""]",,live,ok,,3
modern-chinese-l7-reading,第7課 短文：從我家坐捷運很方便,True,7,medium,8,2,附近,listening,附近,附近,nearby,fùjìn,N,"[""風景"", ""漂亮"", ""附近"", ""機場""]",,live,ok,,3
modern-chinese-l7-reading,第7課 短文：從我家坐捷運很方便,True,7,medium,8,2,附近,pinyin,附近,fùjìn,nearby,fùjìn,N,"[""fēngjǐng"", ""piàoliang"", ""fùjìn"", ""jīchǎng""]",,live,ok,,3
modern-chinese-l7-reading,第7課 短文：從我家坐捷運很方便,True,7,medium,8,2,附近,pos,附近,N,nearby,fùjìn,N,[],,live,ok,,3
modern-chinese-l7-reading,第7課 短文：從我家坐捷運很方便,True,7,medium,8,2,附近,cloze,機場____的風景也很漂亮。,附近,nearby,fùjìn,N,"[""朋友"", ""學校"", ""飯店""]",機場附近的風景也很漂亮。,live,ok,,3
modern-chinese-l7-reading,第7課 短文：從我家坐捷運很方便,True,7,medium,8,3,機場,translation,機場,airport,airport,jīchǎng,N,[],,live,ok,,3
modern-chinese-l7-reading,第7課 短文：從我家坐捷運很方便,True,7,medium,8,3,機場,reverse,airport,機場,airport,jīchǎng,N,"[""風景"", ""漂亮"", ""附近"", ""機場""]",,live,ok,,3
modern-chinese-l7-reading,第7課 短文：從我家坐捷運很方便,True,7,medium,8,3,機場,listening,機場,機場,airport,jīchǎng,N,"[""風景"", ""漂亮"", ""附近"", ""機場""]",,live,ok,,3
modern-chinese-l7-reading,第7課 短文：從我家坐捷運很方便,True,7,medium,8,3,機場,pinyin,機場,jīchǎng,airport,jīchǎng,N,"[""fēngjǐng"", ""piàoliang"", ""fùjìn"", ""jīchǎng""]",,live,ok,,3
modern-chinese-l7-reading,第7課 短文：從我家坐捷運很方便,True,7,medium,8,3,機場,pos,機場,N,airport,jīchǎng,N,[],,live,ok,,3
modern-chinese-l7-reading,第7課 短文：從我家坐捷運很方便,True,7,medium,8,3,機場,cloze,____附近的風景也很漂亮。,機場,airport,jīchǎng,N,"[""朋友"", ""學校"", ""飯店""]",機場附近的風景也很漂亮。,live,ok,,3
modern-chinese-l7-reading,第7課 短文：從我家坐捷運很方便,True,7,hard,8,0,風景,translation,風景,scenery,scenery,fēngjǐng,N,[],,live,ok,,3
modern-chinese-l7-reading,第7課 短文：從我家坐捷運很方便,True,7,hard,8,0,風景,reverse,scenery,風景,scenery,fēngjǐng,N,"[""風景"", ""漂亮"", ""附近"", ""機場""]",,live,ok,,3
modern-chinese-l7-reading,第7課 短文：從我家坐捷運很方便,True,7,hard,8,0,風景,listening,風景,風景,scenery,fēngjǐng,N,"[""風景"", ""漂亮"", ""附近"", ""機場""]",,live,ok,,3
modern-chinese-l7-reading,第7課 短文：從我家坐捷運很方便,True,7,hard,8,0,風景,pinyin,風景,fēngjǐng,scenery,fēngjǐng,N,"[""fēngjǐng"", ""piàoliang"", ""fùjìn"", ""jīchǎng""]",,live,ok,,3
modern-chinese-l7-reading,第7課 短文：從我家坐捷運很方便,True,7,hard,8,0,風景,pos,風景,N,scenery,fēngjǐng,N,[],,live,ok,,3
modern-chinese-l7-reading,第7課 短文：從我家坐捷運很方便,True,7,hard,8,0,風景,cloze,機場附近的____也很漂亮。,風景,scenery,fēngjǐng,N,"[""朋友"", ""學校"", ""飯店""]",機場附近的風景也很漂亮。,live,ok,,3
modern-chinese-l7-reading,第7課 短文：從我家坐捷運很方便,True,7,hard,8,1,漂亮,translation,漂亮,beautiful,beautiful,piàoliang,Adj,[],,live,ok,,3
modern-chinese-l7-reading,第7課 短文：從我家坐捷運很方便,True,7,hard,8,1,漂亮,reverse,beautiful,漂亮,beautiful,piàoliang,Adj,"[""風景"", ""漂亮"", ""附近"", ""機場""]",,live,ok,,3
modern-chinese-l7-reading,第7課 短文：從我家坐捷運很方便,True,7,hard,8,1,漂亮,listening,漂亮,漂亮,beautiful,piàoliang,Adj,"[""風景"", ""漂亮"", ""附近"", ""機場""]",,live,ok,,3
modern-chinese-l7-reading,第7課 短文：從我家坐捷運很方便,True,7,hard,8,1,漂亮,pinyin,漂亮,piàoliang,beautiful,piàoliang,Adj,"[""fēngjǐng"", ""piàoliang"", ""fùjìn"", ""jīchǎng""]",,live,ok,,3
modern-chinese-l7-reading,第7課 短文：從我家坐捷運很方便,True,7,hard,8,1,漂亮,pos,漂亮,Adj,beautiful,piàoliang,Adj,[],,live,ok,,3
modern-chinese-l7-reading,第7課 短文：從我家坐捷運很方便,True,7,hard,8,1,漂亮,cloze,機場附近的風景也很____。,漂亮,beautiful,piàoliang,Adj,"[""方便"", ""有趣""]",機場附近的風景也很漂亮。,live,ok,,3
modern-chinese-l7-reading,第7課 短文：從我家坐捷運很方便,True,7,hard,8,2,附近,translation,附近,nearby,nearby,fùjìn,N,[],,live,ok,,3
modern-chinese-l7-reading,第7課 短文：從我家坐捷運很方便,True,7,hard,8,2,附近,reverse,nearby,附近,nearby,fùjìn,N,"[""風景"", ""漂亮"", ""附近"", ""機場""]",,live,ok,,3
modern-chinese-l7-reading,第7課 短文：從我家坐捷運很方便,True,7,hard,8,2,附近,listening,附近,附近,nearby,fùjìn,N,"[""風景"", ""漂亮"", ""附近"", ""機場""]",,live,ok,,3
modern-chinese-l7-reading,第7課 短文：從我家坐捷運很方便,True,7,hard,8,2,附近,pinyin,附近,fùjìn,nearby,fùjìn,N,"[""fēngjǐng"", ""piàoliang"", ""fùjìn"", ""jīchǎng""]",,live,ok,,3
modern-chinese-l7-reading,第7課 短文：從我家坐捷運很方便,True,7,hard,8,2,附近,pos,附近,N,nearby,fùjìn,N,[],,live,ok,,3
modern-chinese-l7-reading,第7課 短文：從我家坐捷運很方便,True,7,hard,8,2,附近,cloze,機場____的風景也很漂亮。,附近,nearby,fùjìn,N,"[""朋友"", ""學校"", ""飯店""]",機場附近的風景也很漂亮。,live,ok,,3
modern-chinese-l7-reading,第7課 短文：從我家坐捷運很方便,True,7,hard,8,3,機場,translation,機場,airport,airport,jīchǎng,N,[],,live,ok,,3
modern-chinese-l7-reading,第7課 短文：從我家坐捷運很方便,True,7,hard,8,3,機場,reverse,airport,機場,airport,jīchǎng,N,"[""風景"", ""漂亮"", ""附近"", ""機場""]",,live,ok,,3
modern-chinese-l7-reading,第7課 短文：從我家坐捷運很方便,True,7,hard,8,3,機場,listening,機場,機場,airport,jīchǎng,N,"[""風景"", ""漂亮"", ""附近"", ""機場""]",,live,ok,,3
modern-chinese-l7-reading,第7課 短文：從我家坐捷運很方便,True,7,hard,8,3,機場,pinyin,機場,jīchǎng,airport,jīchǎng,N,"[""fēngjǐng"", ""piàoliang"", ""fùjìn"", ""jīchǎng""]",,live,ok,,3
modern-chinese-l7-reading,第7課 短文：從我家坐捷運很方便,True,7,hard,8,3,機場,pos,機場,N,airport,jīchǎng,N,[],,live,ok,,3
modern-chinese-l7-reading,第7課 短文：從我家坐捷運很方便,True,7,hard,8,3,機場,cloze,____附近的風景也很漂亮。,機場,airport,jīchǎng,N,"[""朋友"", ""學校"", ""飯店""]",機場附近的風景也很漂亮。,live,ok,,3
modern-chinese-l7-reading,第7課 短文：從我家坐捷運很方便,True,7,easy,9,0,風景,translation,風景,scenery,scenery,fēngjǐng,N,[],,live,ok,,3
modern-chinese-l7-reading,第7課 短文：從我家坐捷運很方便,True,7,easy,9,0,風景,pinyin,風景,fēngjǐng,scenery,fēngjǐng,N,"[""fēngjǐng""]",,live,ok,,3
modern-chinese-l7-reading,第7課 短文：從我家坐捷運很方便,True,7,easy,9,0,風景,pos,風景,N,scenery,fēngjǐng,N,[],,live,ok,,3
modern-chinese-l7-reading,第7課 短文：從我家坐捷運很方便,True,7,easy,9,0,風景,cloze,我常常去看____、看飛機。,風景,scenery,fēngjǐng,N,"[""朋友"", ""學校"", ""飯店""]",我常常去看風景、看飛機。,live,ok,,3
modern-chinese-l7-reading,第7課 短文：從我家坐捷運很方便,True,7,medium,9,0,風景,translation,風景,scenery,scenery,fēngjǐng,N,[],,live,ok,,3
modern-chinese-l7-reading,第7課 短文：從我家坐捷運很方便,True,7,medium,9,0,風景,pinyin,風景,fēngjǐng,scenery,fēngjǐng,N,"[""fēngjǐng""]",,live,ok,,3
modern-chinese-l7-reading,第7課 短文：從我家坐捷運很方便,True,7,medium,9,0,風景,pos,風景,N,scenery,fēngjǐng,N,[],,live,ok,,3
modern-chinese-l7-reading,第7課 短文：從我家坐捷運很方便,True,7,medium,9,0,風景,cloze,我常常去看____、看飛機。,風景,scenery,fēngjǐng,N,"[""朋友"", ""學校"", ""飯店""]",我常常去看風景、看飛機。,live,ok,,3
modern-chinese-l7-reading,第7課 短文：從我家坐捷運很方便,True,7,hard,9,0,風景,translation,風景,scenery,scenery,fēngjǐng,N,[],,live,ok,,3
modern-chinese-l7-reading,第7課 短文：從我家坐捷運很方便,True,7,hard,9,0,風景,pinyin,風景,fēngjǐng,scenery,fēngjǐng,N,"[""fēngjǐng""]",,live,ok,,3
modern-chinese-l7-reading,第7課 短文：從我家坐捷運很方便,True,7,hard,9,0,風景,pos,風景,N,scenery,fēngjǐng,N,[],,live,ok,,3
modern-chinese-l7-reading,第7課 短文：從我家坐捷運很方便,True,7,hard,9,0,風景,cloze,我常常去看____、看飛機。,風景,scenery,fēngjǐng,N,"[""朋友"", ""學校"", ""飯店""]",我常常去看風景、看飛機。,live,ok,,3
modern-chinese-l8-dialogue-1,第8課 對話一：我想買新衣服,True,8,easy,0,0,裙子,translation,裙子,skirt,skirt,qúnzi,N,[],,live,ok,,1
modern-chinese-l8-dialogue-1,第8課 對話一：我想買新衣服,True,8,easy,0,0,裙子,pinyin,裙子,qúnzi,skirt,qúnzi,N,"[""qúnzi""]",,live,ok,,1
modern-chinese-l8-dialogue-1,第8課 對話一：我想買新衣服,True,8,easy,0,0,裙子,pos,裙子,N,skirt,qúnzi,N,[],,live,ok,,1
modern-chinese-l8-dialogue-1,第8課 對話一：我想買新衣服,True,8,easy,0,0,裙子,cloze,宜文：元真，妳的這條____真好看，我很喜歡。,裙子,skirt,qúnzi,N,"[""朋友"", ""學校"", ""飯店""]",宜文：元真，妳的這條裙子真好看，我很喜歡。,live,ok,,1
modern-chinese-l8-dialogue-1,第8課 對話一：我想買新衣服,True,8,medium,0,0,裙子,translation,裙子,skirt,skirt,qúnzi,N,[],,live,ok,,1
modern-chinese-l8-dialogue-1,第8課 對話一：我想買新衣服,True,8,medium,0,0,裙子,pinyin,裙子,qúnzi,skirt,qúnzi,N,"[""qúnzi""]",,live,ok,,1
modern-chinese-l8-dialogue-1,第8課 對話一：我想買新衣服,True,8,medium,0,0,裙子,pos,裙子,N,skirt,qúnzi,N,[],,live,ok,,1
modern-chinese-l8-dialogue-1,第8課 對話一：我想買新衣服,True,8,medium,0,0,裙子,cloze,宜文：元真，妳的這條____真好看，我很喜歡。,裙子,skirt,qúnzi,N,"[""朋友"", ""學校"", ""飯店""]",宜文：元真，妳的這條裙子真好看，我很喜歡。,live,ok,,1
modern-chinese-l8-dialogue-1,第8課 對話一：我想買新衣服,True,8,hard,0,0,裙子,translation,裙子,skirt,skirt,qúnzi,N,[],,live,ok,,1
modern-chinese-l8-dialogue-1,第8課 對話一：我想買新衣服,True,8,hard,0,0,裙子,pinyin,裙子,qúnzi,skirt,qúnzi,N,"[""qúnzi""]",,live,ok,,1
modern-chinese-l8-dialogue-1,第8課 對話一：我想買新衣服,True,8,hard,0,0,裙子,pos,裙子,N,skirt,qúnzi,N,[],,live,ok,,1
modern-chinese-l8-dialogue-1,第8課 對話一：我想買新衣服,True,8,hard,0,0,裙子,cloze,宜文：元真，妳的這條____真好看，我很喜歡。,裙子,skirt,qúnzi,N,"[""朋友"", ""學校"", ""飯店""]",宜文：元真，妳的這條裙子真好看，我很喜歡。,live,ok,,1
modern-chinese-l8-dialogue-1,第8課 對話一：我想買新衣服,True,8,easy,1,0,生日,translation,生日,birthday,birthday,shēngrì,N,[],,live,ok,,1
modern-chinese-l8-dialogue-1,第8課 對話一：我想買新衣服,True,8,easy,1,0,生日,pinyin,生日,shēngrì,birthday,shēngrì,N,"[""shēngrì""]",,live,ok,,1
modern-chinese-l8-dialogue-1,第8課 對話一：我想買新衣服,True,8,easy,1,0,生日,pos,生日,N,birthday,shēngrì,N,[],,live,ok,,1
modern-chinese-l8-dialogue-1,第8課 對話一：我想買新衣服,True,8,easy,1,0,生日,cloze,元真：謝謝，這是我去年的____禮物。,生日,birthday,shēngrì,N,"[""朋友"", ""學校"", ""飯店""]",元真：謝謝，這是我去年的生日禮物。,live,ok,,1
modern-chinese-l8-dialogue-1,第8課 對話一：我想買新衣服,True,8,medium,1,0,生日,translation,生日,birthday,birthday,shēngrì,N,[],,live,ok,,1
modern-chinese-l8-dialogue-1,第8課 對話一：我想買新衣服,True,8,medium,1,0,生日,pinyin,生日,shēngrì,birthday,shēngrì,N,"[""shēngrì""]",,live,ok,,1
modern-chinese-l8-dialogue-1,第8課 對話一：我想買新衣服,True,8,medium,1,0,生日,pos,生日,N,birthday,shēngrì,N,[],,live,ok,,1
modern-chinese-l8-dialogue-1,第8課 對話一：我想買新衣服,True,8,medium,1,0,生日,cloze,元真：謝謝，這是我去年的____禮物。,生日,birthday,shēngrì,N,"[""朋友"", ""學校"", ""飯店""]",元真：謝謝，這是我去年的生日禮物。,live,ok,,1
modern-chinese-l8-dialogue-1,第8課 對話一：我想買新衣服,True,8,hard,1,0,生日,translation,生日,birthday,birthday,shēngrì,N,[],,live,ok,,1
modern-chinese-l8-dialogue-1,第8課 對話一：我想買新衣服,True,8,hard,1,0,生日,pinyin,生日,shēngrì,birthday,shēngrì,N,"[""shēngrì""]",,live,ok,,1
modern-chinese-l8-dialogue-1,第8課 對話一：我想買新衣服,True,8,hard,1,0,生日,pos,生日,N,birthday,shēngrì,N,[],,live,ok,,1
modern-chinese-l8-dialogue-1,第8課 對話一：我想買新衣服,True,8,hard,1,0,生日,cloze,元真：謝謝，這是我去年的____禮物。,生日,birthday,shēngrì,N,"[""朋友"", ""學校"", ""飯店""]",元真：謝謝，這是我去年的生日禮物。,live,ok,,1
modern-chinese-l8-dialogue-1,第8課 對話一：我想買新衣服,True,8,easy,2,0,東西,translation,東西,thing,thing,dōngxi,N,[],,live,ok,,1
modern-chinese-l8-dialogue-1,第8課 對話一：我想買新衣服,True,8,easy,2,0,東西,pinyin,東西,dōngxi,thing,dōngxi,N,"[""dōngxi""]",,live,ok,,1
modern-chinese-l8-dialogue-1,第8課 對話一：我想買新衣服,True,8,easy,2,0,東西,pos,東西,N,thing,dōngxi,N,[],,live,ok,,1
modern-chinese-l8-dialogue-1,第8課 對話一：我想買新衣服,True,8,easy,2,0,東西,cloze,宜文：聽說這個牌子的____很貴，可是很多人喜歡。,東西,thing,dōngxi,N,"[""朋友"", ""學校"", ""飯店""]",宜文：聽說這個牌子的東西很貴，可是很多人喜歡。,live,ok,,1
modern-chinese-l8-dialogue-1,第8課 對話一：我想買新衣服,True,8,medium,2,0,東西,translation,東西,thing,thing,dōngxi,N,[],,live,ok,,1
modern-chinese-l8-dialogue-1,第8課 對話一：我想買新衣服,True,8,medium,2,0,東西,pinyin,東西,dōngxi,thing,dōngxi,N,"[""dōngxi""]",,live,ok,,1
modern-chinese-l8-dialogue-1,第8課 對話一：我想買新衣服,True,8,medium,2,0,東西,pos,東西,N,thing,dōngxi,N,[],,live,ok,,1
modern-chinese-l8-dialogue-1,第8課 對話一：我想買新衣服,True,8,medium,2,0,東西,cloze,宜文：聽說這個牌子的____很貴，可是很多人喜歡。,東西,thing,dōngxi,N,"[""朋友"", ""學校"", ""飯店""]",宜文：聽說這個牌子的東西很貴，可是很多人喜歡。,live,ok,,1
modern-chinese-l8-dialogue-1,第8課 對話一：我想買新衣服,True,8,hard,2,0,東西,translation,東西,thing,thing,dōngxi,N,[],,live,ok,,1
modern-chinese-l8-dialogue-1,第8課 對話一：我想買新衣服,True,8,hard,2,0,東西,pinyin,東西,dōngxi,thing,dōngxi,N,"[""dōngxi""]",,live,ok,,1
modern-chinese-l8-dialogue-1,第8課 對話一：我想買新衣服,True,8,hard,2,0,東西,pos,東西,N,thing,dōngxi,N,[],,live,ok,,1
modern-chinese-l8-dialogue-1,第8課 對話一：我想買新衣服,True,8,hard,2,0,東西,cloze,宜文：聽說這個牌子的____很貴，可是很多人喜歡。,東西,thing,dōngxi,N,"[""朋友"", ""學校"", ""飯店""]",宜文：聽說這個牌子的東西很貴，可是很多人喜歡。,live,ok,,1
modern-chinese-l8-dialogue-1,第8課 對話一：我想買新衣服,True,8,easy,3,0,衣服,translation,衣服,clothes,clothes,yīfu,N,[],,live,ok,,1
modern-chinese-l8-dialogue-1,第8課 對話一：我想買新衣服,True,8,easy,3,0,衣服,reverse,clothes,衣服,clothes,yīfu,N,"[""衣服"", ""褲子"", ""裙子""]",,live,ok,,1
modern-chinese-l8-dialogue-1,第8課 對話一：我想買新衣服,True,8,easy,3,0,衣服,listening,衣服,衣服,clothes,yīfu,N,"[""衣服"", ""褲子"", ""裙子""]",,live,ok,,1
modern-chinese-l8-dialogue-1,第8課 對話一：我想買新衣服,True,8,easy,3,0,衣服,pinyin,衣服,yīfu,clothes,yīfu,N,"[""yīfu"", ""kùzi"", ""qúnzi""]",,live,ok,,1
modern-chinese-l8-dialogue-1,第8課 對話一：我想買新衣服,True,8,easy,3,0,衣服,pos,衣服,N,clothes,yīfu,N,[],,live,ok,,1
modern-chinese-l8-dialogue-1,第8課 對話一：我想買新衣服,True,8,easy,3,0,衣服,cloze,元真：是啊，因為這個牌子很有名，____、褲子和裙子也都很好看，所以很多人買。,衣服,clothes,yīfu,N,"[""朋友"", ""學校"", ""飯店""]",元真：是啊，因為這個牌子很有名，衣服、褲子和裙子也都很好看，所以很多人買。,live,ok,,1
modern-chinese-l8-dialogue-1,第8課 對話一：我想買新衣服,True,8,easy,3,1,褲子,translation,褲子,pants,pants,kùzi,N,[],,live,ok,,1
modern-chinese-l8-dialogue-1,第8課 對話一：我想買新衣服,True,8,easy,3,1,褲子,reverse,pants,褲子,pants,kùzi,N,"[""衣服"", ""褲子"", ""裙子""]",,live,ok,,1
modern-chinese-l8-dialogue-1,第8課 對話一：我想買新衣服,True,8,easy,3,1,褲子,listening,褲子,褲子,pants,kùzi,N,"[""衣服"", ""褲子"", ""裙子""]",,live,ok,,1
modern-chinese-l8-dialogue-1,第8課 對話一：我想買新衣服,True,8,easy,3,1,褲子,pinyin,褲子,kùzi,pants,kùzi,N,"[""yīfu"", ""kùzi"", ""qúnzi""]",,live,ok,,1
modern-chinese-l8-dialogue-1,第8課 對話一：我想買新衣服,True,8,easy,3,1,褲子,pos,褲子,N,pants,kùzi,N,[],,live,ok,,1
modern-chinese-l8-dialogue-1,第8課 對話一：我想買新衣服,True,8,easy,3,1,褲子,cloze,元真：是啊，因為這個牌子很有名，衣服、____和裙子也都很好看，所以很多人買。,褲子,pants,kùzi,N,"[""朋友"", ""學校"", ""飯店""]",元真：是啊，因為這個牌子很有名，衣服、褲子和裙子也都很好看，所以很多人買。,live,ok,,1
modern-chinese-l8-dialogue-1,第8課 對話一：我想買新衣服,True,8,easy,3,2,裙子,translation,裙子,skirt,skirt,qúnzi,N,[],,live,ok,,1
modern-chinese-l8-dialogue-1,第8課 對話一：我想買新衣服,True,8,easy,3,2,裙子,reverse,skirt,裙子,skirt,qúnzi,N,"[""衣服"", ""褲子"", ""裙子""]",,live,ok,,1
modern-chinese-l8-dialogue-1,第8課 對話一：我想買新衣服,True,8,easy,3,2,裙子,listening,裙子,裙子,skirt,qúnzi,N,"[""衣服"", ""褲子"", ""裙子""]",,live,ok,,1
modern-chinese-l8-dialogue-1,第8課 對話一：我想買新衣服,True,8,easy,3,2,裙子,pinyin,裙子,qúnzi,skirt,qúnzi,N,"[""yīfu"", ""kùzi"", ""qúnzi""]",,live,ok,,1
modern-chinese-l8-dialogue-1,第8課 對話一：我想買新衣服,True,8,easy,3,2,裙子,pos,裙子,N,skirt,qúnzi,N,[],,live,ok,,1
modern-chinese-l8-dialogue-1,第8課 對話一：我想買新衣服,True,8,easy,3,2,裙子,cloze,元真：是啊，因為這個牌子很有名，衣服、褲子和____也都很好看，所以很多人買。,裙子,skirt,qúnzi,N,"[""朋友"", ""學校"", ""飯店""]",元真：是啊，因為這個牌子很有名，衣服、褲子和裙子也都很好看，所以很多人買。,live,ok,,1
modern-chinese-l8-dialogue-1,第8課 對話一：我想買新衣服,True,8,medium,3,0,衣服,translation,衣服,clothes,clothes,yīfu,N,[],,live,ok,,1
modern-chinese-l8-dialogue-1,第8課 對話一：我想買新衣服,True,8,medium,3,0,衣服,reverse,clothes,衣服,clothes,yīfu,N,"[""衣服"", ""褲子"", ""裙子""]",,live,ok,,1
modern-chinese-l8-dialogue-1,第8課 對話一：我想買新衣服,True,8,medium,3,0,衣服,listening,衣服,衣服,clothes,yīfu,N,"[""衣服"", ""褲子"", ""裙子""]",,live,ok,,1
modern-chinese-l8-dialogue-1,第8課 對話一：我想買新衣服,True,8,medium,3,0,衣服,pinyin,衣服,yīfu,clothes,yīfu,N,"[""yīfu"", ""kùzi"", ""qúnzi""]",,live,ok,,1
modern-chinese-l8-dialogue-1,第8課 對話一：我想買新衣服,True,8,medium,3,0,衣服,pos,衣服,N,clothes,yīfu,N,[],,live,ok,,1
modern-chinese-l8-dialogue-1,第8課 對話一：我想買新衣服,True,8,medium,3,0,衣服,cloze,元真：是啊，因為這個牌子很有名，____、褲子和裙子也都很好看，所以很多人買。,衣服,clothes,yīfu,N,"[""朋友"", ""學校"", ""飯店""]",元真：是啊，因為這個牌子很有名，衣服、褲子和裙子也都很好看，所以很多人買。,live,ok,,1
modern-chinese-l8-dialogue-1,第8課 對話一：我想買新衣服,True,8,medium,3,1,褲子,translation,褲子,pants,pants,kùzi,N,[],,live,ok,,1
modern-chinese-l8-dialogue-1,第8課 對話一：我想買新衣服,True,8,medium,3,1,褲子,reverse,pants,褲子,pants,kùzi,N,"[""衣服"", ""褲子"", ""裙子""]",,live,ok,,1
modern-chinese-l8-dialogue-1,第8課 對話一：我想買新衣服,True,8,medium,3,1,褲子,listening,褲子,褲子,pants,kùzi,N,"[""衣服"", ""褲子"", ""裙子""]",,live,ok,,1
modern-chinese-l8-dialogue-1,第8課 對話一：我想買新衣服,True,8,medium,3,1,褲子,pinyin,褲子,kùzi,pants,kùzi,N,"[""yīfu"", ""kùzi"", ""qúnzi""]",,live,ok,,1
modern-chinese-l8-dialogue-1,第8課 對話一：我想買新衣服,True,8,medium,3,1,褲子,pos,褲子,N,pants,kùzi,N,[],,live,ok,,1
modern-chinese-l8-dialogue-1,第8課 對話一：我想買新衣服,True,8,medium,3,1,褲子,cloze,元真：是啊，因為這個牌子很有名，衣服、____和裙子也都很好看，所以很多人買。,褲子,pants,kùzi,N,"[""朋友"", ""學校"", ""飯店""]",元真：是啊，因為這個牌子很有名，衣服、褲子和裙子也都很好看，所以很多人買。,live,ok,,1
modern-chinese-l8-dialogue-1,第8課 對話一：我想買新衣服,True,8,medium,3,2,裙子,translation,裙子,skirt,skirt,qúnzi,N,[],,live,ok,,1
modern-chinese-l8-dialogue-1,第8課 對話一：我想買新衣服,True,8,medium,3,2,裙子,reverse,skirt,裙子,skirt,qúnzi,N,"[""衣服"", ""褲子"", ""裙子""]",,live,ok,,1
modern-chinese-l8-dialogue-1,第8課 對話一：我想買新衣服,True,8,medium,3,2,裙子,listening,裙子,裙子,skirt,qúnzi,N,"[""衣服"", ""褲子"", ""裙子""]",,live,ok,,1
modern-chinese-l8-dialogue-1,第8課 對話一：我想買新衣服,True,8,medium,3,2,裙子,pinyin,裙子,qúnzi,skirt,qúnzi,N,"[""yīfu"", ""kùzi"", ""qúnzi""]",,live,ok,,1
modern-chinese-l8-dialogue-1,第8課 對話一：我想買新衣服,True,8,medium,3,2,裙子,pos,裙子,N,skirt,qúnzi,N,[],,live,ok,,1
modern-chinese-l8-dialogue-1,第8課 對話一：我想買新衣服,True,8,medium,3,2,裙子,cloze,元真：是啊，因為這個牌子很有名，衣服、褲子和____也都很好看，所以很多人買。,裙子,skirt,qúnzi,N,"[""朋友"", ""學校"", ""飯店""]",元真：是啊，因為這個牌子很有名，衣服、褲子和裙子也都很好看，所以很多人買。,live,ok,,1
modern-chinese-l8-dialogue-1,第8課 對話一：我想買新衣服,True,8,hard,3,0,衣服,translation,衣服,clothes,clothes,yīfu,N,[],,live,ok,,1
modern-chinese-l8-dialogue-1,第8課 對話一：我想買新衣服,True,8,hard,3,0,衣服,reverse,clothes,衣服,clothes,yīfu,N,"[""衣服"", ""褲子"", ""裙子""]",,live,ok,,1
modern-chinese-l8-dialogue-1,第8課 對話一：我想買新衣服,True,8,hard,3,0,衣服,listening,衣服,衣服,clothes,yīfu,N,"[""衣服"", ""褲子"", ""裙子""]",,live,ok,,1
modern-chinese-l8-dialogue-1,第8課 對話一：我想買新衣服,True,8,hard,3,0,衣服,pinyin,衣服,yīfu,clothes,yīfu,N,"[""yīfu"", ""kùzi"", ""qúnzi""]",,live,ok,,1
modern-chinese-l8-dialogue-1,第8課 對話一：我想買新衣服,True,8,hard,3,0,衣服,pos,衣服,N,clothes,yīfu,N,[],,live,ok,,1
modern-chinese-l8-dialogue-1,第8課 對話一：我想買新衣服,True,8,hard,3,0,衣服,cloze,元真：是啊，因為這個牌子很有名，____、褲子和裙子也都很好看，所以很多人買。,衣服,clothes,yīfu,N,"[""朋友"", ""學校"", ""飯店""]",元真：是啊，因為這個牌子很有名，衣服、褲子和裙子也都很好看，所以很多人買。,live,ok,,1
modern-chinese-l8-dialogue-1,第8課 對話一：我想買新衣服,True,8,hard,3,1,褲子,translation,褲子,pants,pants,kùzi,N,[],,live,ok,,1
modern-chinese-l8-dialogue-1,第8課 對話一：我想買新衣服,True,8,hard,3,1,褲子,reverse,pants,褲子,pants,kùzi,N,"[""衣服"", ""褲子"", ""裙子""]",,live,ok,,1
modern-chinese-l8-dialogue-1,第8課 對話一：我想買新衣服,True,8,hard,3,1,褲子,listening,褲子,褲子,pants,kùzi,N,"[""衣服"", ""褲子"", ""裙子""]",,live,ok,,1
modern-chinese-l8-dialogue-1,第8課 對話一：我想買新衣服,True,8,hard,3,1,褲子,pinyin,褲子,kùzi,pants,kùzi,N,"[""yīfu"", ""kùzi"", ""qúnzi""]",,live,ok,,1
modern-chinese-l8-dialogue-1,第8課 對話一：我想買新衣服,True,8,hard,3,1,褲子,pos,褲子,N,pants,kùzi,N,[],,live,ok,,1
modern-chinese-l8-dialogue-1,第8課 對話一：我想買新衣服,True,8,hard,3,1,褲子,cloze,元真：是啊，因為這個牌子很有名，衣服、____和裙子也都很好看，所以很多人買。,褲子,pants,kùzi,N,"[""朋友"", ""學校"", ""飯店""]",元真：是啊，因為這個牌子很有名，衣服、褲子和裙子也都很好看，所以很多人買。,live,ok,,1
modern-chinese-l8-dialogue-1,第8課 對話一：我想買新衣服,True,8,hard,3,2,裙子,translation,裙子,skirt,skirt,qúnzi,N,[],,live,ok,,1
modern-chinese-l8-dialogue-1,第8課 對話一：我想買新衣服,True,8,hard,3,2,裙子,reverse,skirt,裙子,skirt,qúnzi,N,"[""衣服"", ""褲子"", ""裙子""]",,live,ok,,1
modern-chinese-l8-dialogue-1,第8課 對話一：我想買新衣服,True,8,hard,3,2,裙子,listening,裙子,裙子,skirt,qúnzi,N,"[""衣服"", ""褲子"", ""裙子""]",,live,ok,,1
modern-chinese-l8-dialogue-1,第8課 對話一：我想買新衣服,True,8,hard,3,2,裙子,pinyin,裙子,qúnzi,skirt,qúnzi,N,"[""yīfu"", ""kùzi"", ""qúnzi""]",,live,ok,,1
modern-chinese-l8-dialogue-1,第8課 對話一：我想買新衣服,True,8,hard,3,2,裙子,pos,裙子,N,skirt,qúnzi,N,[],,live,ok,,1
modern-chinese-l8-dialogue-1,第8課 對話一：我想買新衣服,True,8,hard,3,2,裙子,cloze,元真：是啊，因為這個牌子很有名，衣服、褲子和____也都很好看，所以很多人買。,裙子,skirt,qúnzi,N,"[""朋友"", ""學校"", ""飯店""]",元真：是啊，因為這個牌子很有名，衣服、褲子和裙子也都很好看，所以很多人買。,live,ok,,1
modern-chinese-l8-dialogue-1,第8課 對話一：我想買新衣服,True,8,easy,4,0,衣服,translation,衣服,clothes,clothes,yīfu,N,[],,live,ok,,1
modern-chinese-l8-dialogue-1,第8課 對話一：我想買新衣服,True,8,easy,4,0,衣服,pinyin,衣服,yīfu,clothes,yīfu,N,"[""yīfu""]",,live,ok,,1
modern-chinese-l8-dialogue-1,第8課 對話一：我想買新衣服,True,8,easy,4,0,衣服,pos,衣服,N,clothes,yīfu,N,[],,live,ok,,1
modern-chinese-l8-dialogue-1,第8課 對話一：我想買新衣服,True,8,easy,4,0,衣服,cloze,宜文：妳知道去哪裡買這個牌子的____嗎？,衣服,clothes,yīfu,N,"[""朋友"", ""學校"", ""飯店""]",宜文：妳知道去哪裡買這個牌子的衣服嗎？,live,ok,,1
modern-chinese-l8-dialogue-1,第8課 對話一：我想買新衣服,True,8,medium,4,0,衣服,translation,衣服,clothes,clothes,yīfu,N,[],,live,ok,,1
modern-chinese-l8-dialogue-1,第8課 對話一：我想買新衣服,True,8,medium,4,0,衣服,pinyin,衣服,yīfu,clothes,yīfu,N,"[""yīfu""]",,live,ok,,1
modern-chinese-l8-dialogue-1,第8課 對話一：我想買新衣服,True,8,medium,4,0,衣服,pos,衣服,N,clothes,yīfu,N,[],,live,ok,,1
modern-chinese-l8-dialogue-1,第8課 對話一：我想買新衣服,True,8,medium,4,0,衣服,cloze,宜文：妳知道去哪裡買這個牌子的____嗎？,衣服,clothes,yīfu,N,"[""朋友"", ""學校"", ""飯店""]",宜文：妳知道去哪裡買這個牌子的衣服嗎？,live,ok,,1
modern-chinese-l8-dialogue-1,第8課 對話一：我想買新衣服,True,8,hard,4,0,衣服,translation,衣服,clothes,clothes,yīfu,N,[],,live,ok,,1
modern-chinese-l8-dialogue-1,第8課 對話一：我想買新衣服,True,8,hard,4,0,衣服,pinyin,衣服,yīfu,clothes,yīfu,N,"[""yīfu""]",,live,ok,,1
modern-chinese-l8-dialogue-1,第8課 對話一：我想買新衣服,True,8,hard,4,0,衣服,pos,衣服,N,clothes,yīfu,N,[],,live,ok,,1
modern-chinese-l8-dialogue-1,第8課 對話一：我想買新衣服,True,8,hard,4,0,衣服,cloze,宜文：妳知道去哪裡買這個牌子的____嗎？,衣服,clothes,yīfu,N,"[""朋友"", ""學校"", ""飯店""]",宜文：妳知道去哪裡買這個牌子的衣服嗎？,live,ok,,1
modern-chinese-l8-dialogue-1,第8課 對話一：我想買新衣服,True,8,easy,5,0,百貨公司,translation,百貨公司,department store,department store,bǎihuò gōngsī,N,[],,live,ok,,1
modern-chinese-l8-dialogue-1,第8課 對話一：我想買新衣服,True,8,easy,5,0,百貨公司,pinyin,百貨公司,bǎihuò gōngsī,department store,bǎihuò gōngsī,N,"[""bǎihuò gōngsī""]",,live,ok,,1
modern-chinese-l8-dialogue-1,第8課 對話一：我想買新衣服,True,8,easy,5,0,百貨公司,pos,百貨公司,N,department store,bǎihuò gōngsī,N,[],,live,ok,,1
modern-chinese-l8-dialogue-1,第8課 對話一：我想買新衣服,True,8,easy,5,0,百貨公司,cloze,元真：知道，____都有，不難找。,百貨公司,department store,bǎihuò gōngsī,N,"[""朋友"", ""學校"", ""飯店""]",元真：知道，百貨公司都有，不難找。,live,ok,,1
modern-chinese-l8-dialogue-1,第8課 對話一：我想買新衣服,True,8,medium,5,0,百貨公司,translation,百貨公司,department store,department store,bǎihuò gōngsī,N,[],,live,ok,,1
modern-chinese-l8-dialogue-1,第8課 對話一：我想買新衣服,True,8,medium,5,0,百貨公司,pinyin,百貨公司,bǎihuò gōngsī,department store,bǎihuò gōngsī,N,"[""bǎihuò gōngsī""]",,live,ok,,1
modern-chinese-l8-dialogue-1,第8課 對話一：我想買新衣服,True,8,medium,5,0,百貨公司,pos,百貨公司,N,department store,bǎihuò gōngsī,N,[],,live,ok,,1
modern-chinese-l8-dialogue-1,第8課 對話一：我想買新衣服,True,8,medium,5,0,百貨公司,cloze,元真：知道，____都有，不難找。,百貨公司,department store,bǎihuò gōngsī,N,"[""朋友"", ""學校"", ""飯店""]",元真：知道，百貨公司都有，不難找。,live,ok,,1
modern-chinese-l8-dialogue-1,第8課 對話一：我想買新衣服,True,8,hard,5,0,百貨公司,translation,百貨公司,department store,department store,bǎihuò gōngsī,N,[],,live,ok,,1
modern-chinese-l8-dialogue-1,第8課 對話一：我想買新衣服,True,8,hard,5,0,百貨公司,pinyin,百貨公司,bǎihuò gōngsī,department store,bǎihuò gōngsī,N,"[""bǎihuò gōngsī""]",,live,ok,,1
modern-chinese-l8-dialogue-1,第8課 對話一：我想買新衣服,True,8,hard,5,0,百貨公司,pos,百貨公司,N,department store,bǎihuò gōngsī,N,[],,live,ok,,1
modern-chinese-l8-dialogue-1,第8課 對話一：我想買新衣服,True,8,hard,5,0,百貨公司,cloze,元真：知道，____都有，不難找。,百貨公司,department store,bǎihuò gōngsī,N,"[""朋友"", ""學校"", ""飯店""]",元真：知道，百貨公司都有，不難找。,live,ok,,1
modern-chinese-l8-dialogue-1,第8課 對話一：我想買新衣服,True,8,easy,6,0,衣服,translation,衣服,clothes,clothes,yīfu,N,[],,live,ok,,1
modern-chinese-l8-dialogue-1,第8課 對話一：我想買新衣服,True,8,easy,6,0,衣服,pinyin,衣服,yīfu,clothes,yīfu,N,"[""yīfu""]",,live,ok,,1
modern-chinese-l8-dialogue-1,第8課 對話一：我想買新衣服,True,8,easy,6,0,衣服,pos,衣服,N,clothes,yīfu,N,[],,live,ok,,1
modern-chinese-l8-dialogue-1,第8課 對話一：我想買新衣服,True,8,easy,6,0,衣服,cloze,宜文：我很想去看，可是我最近胖了五公斤，我怕____不好買。,衣服,clothes,yīfu,N,"[""朋友"", ""學校"", ""飯店""]",宜文：我很想去看，可是我最近胖了五公斤，我怕衣服不好買。,live,ok,,1
modern-chinese-l8-dialogue-1,第8課 對話一：我想買新衣服,True,8,medium,6,0,衣服,translation,衣服,clothes,clothes,yīfu,N,[],,live,ok,,1
modern-chinese-l8-dialogue-1,第8課 對話一：我想買新衣服,True,8,medium,6,0,衣服,pinyin,衣服,yīfu,clothes,yīfu,N,"[""yīfu""]",,live,ok,,1
modern-chinese-l8-dialogue-1,第8課 對話一：我想買新衣服,True,8,medium,6,0,衣服,pos,衣服,N,clothes,yīfu,N,[],,live,ok,,1
modern-chinese-l8-dialogue-1,第8課 對話一：我想買新衣服,True,8,medium,6,0,衣服,cloze,宜文：我很想去看，可是我最近胖了五公斤，我怕____不好買。,衣服,clothes,yīfu,N,"[""朋友"", ""學校"", ""飯店""]",宜文：我很想去看，可是我最近胖了五公斤，我怕衣服不好買。,live,ok,,1
modern-chinese-l8-dialogue-1,第8課 對話一：我想買新衣服,True,8,hard,6,0,衣服,translation,衣服,clothes,clothes,yīfu,N,[],,live,ok,,1
modern-chinese-l8-dialogue-1,第8課 對話一：我想買新衣服,True,8,hard,6,0,衣服,pinyin,衣服,yīfu,clothes,yīfu,N,"[""yīfu""]",,live,ok,,1
modern-chinese-l8-dialogue-1,第8課 對話一：我想買新衣服,True,8,hard,6,0,衣服,pos,衣服,N,clothes,yīfu,N,[],,live,ok,,1
modern-chinese-l8-dialogue-1,第8課 對話一：我想買新衣服,True,8,hard,6,0,衣服,cloze,宜文：我很想去看，可是我最近胖了五公斤，我怕____不好買。,衣服,clothes,yīfu,N,"[""朋友"", ""學校"", ""飯店""]",宜文：我很想去看，可是我最近胖了五公斤，我怕衣服不好買。,live,ok,,1
modern-chinese-l8-dialogue-1,第8課 對話一：我想買新衣服,True,8,easy,7,0,衣服,translation,衣服,clothes,clothes,yīfu,N,[],,live,ok,,1
modern-chinese-l8-dialogue-1,第8課 對話一：我想買新衣服,True,8,easy,7,0,衣服,pinyin,衣服,yīfu,clothes,yīfu,N,"[""yīfu""]",,live,ok,,1
modern-chinese-l8-dialogue-1,第8課 對話一：我想買新衣服,True,8,easy,7,0,衣服,pos,衣服,N,clothes,yīfu,N,[],,live,ok,,1
modern-chinese-l8-dialogue-1,第8課 對話一：我想買新衣服,True,8,easy,7,0,衣服,cloze,元真：妳胖了嗎？我不覺得啊，我跟妳一起去看。我也想去買今年夏天的新____。,衣服,clothes,yīfu,N,"[""朋友"", ""學校"", ""飯店""]",元真：妳胖了嗎？我不覺得啊，我跟妳一起去看。我也想去買今年夏天的新衣服。,live,ok,,1
modern-chinese-l8-dialogue-1,第8課 對話一：我想買新衣服,True,8,medium,7,0,衣服,translation,衣服,clothes,clothes,yīfu,N,[],,live,ok,,1
modern-chinese-l8-dialogue-1,第8課 對話一：我想買新衣服,True,8,medium,7,0,衣服,pinyin,衣服,yīfu,clothes,yīfu,N,"[""yīfu""]",,live,ok,,1
modern-chinese-l8-dialogue-1,第8課 對話一：我想買新衣服,True,8,medium,7,0,衣服,pos,衣服,N,clothes,yīfu,N,[],,live,ok,,1
modern-chinese-l8-dialogue-1,第8課 對話一：我想買新衣服,True,8,medium,7,0,衣服,cloze,元真：妳胖了嗎？我不覺得啊，我跟妳一起去看。我也想去買今年夏天的新____。,衣服,clothes,yīfu,N,"[""朋友"", ""學校"", ""飯店""]",元真：妳胖了嗎？我不覺得啊，我跟妳一起去看。我也想去買今年夏天的新衣服。,live,ok,,1
modern-chinese-l8-dialogue-1,第8課 對話一：我想買新衣服,True,8,hard,7,0,衣服,translation,衣服,clothes,clothes,yīfu,N,[],,live,ok,,1
modern-chinese-l8-dialogue-1,第8課 對話一：我想買新衣服,True,8,hard,7,0,衣服,pinyin,衣服,yīfu,clothes,yīfu,N,"[""yīfu""]",,live,ok,,1
modern-chinese-l8-dialogue-1,第8課 對話一：我想買新衣服,True,8,hard,7,0,衣服,pos,衣服,N,clothes,yīfu,N,[],,live,ok,,1
modern-chinese-l8-dialogue-1,第8課 對話一：我想買新衣服,True,8,hard,7,0,衣服,cloze,元真：妳胖了嗎？我不覺得啊，我跟妳一起去看。我也想去買今年夏天的新____。,衣服,clothes,yīfu,N,"[""朋友"", ""學校"", ""飯店""]",元真：妳胖了嗎？我不覺得啊，我跟妳一起去看。我也想去買今年夏天的新衣服。,live,ok,,1
modern-chinese-l8-dialogue-2,第8課 對話二：這條褲子太小了,True,8,easy,0,0,褲子,translation,褲子,pants,pants,kùzi,N,[],,live,ok,,2
modern-chinese-l8-dialogue-2,第8課 對話二：這條褲子太小了,True,8,easy,0,0,褲子,pinyin,褲子,kùzi,pants,kùzi,N,"[""kùzi""]",,live,ok,,2
modern-chinese-l8-dialogue-2,第8課 對話二：這條褲子太小了,True,8,easy,0,0,褲子,pos,褲子,N,pants,kùzi,N,[],,live,ok,,2
modern-chinese-l8-dialogue-2,第8課 對話二：這條褲子太小了,True,8,easy,0,0,褲子,cloze,宜文：妳看，這條黃色的____不錯吧？,褲子,pants,kùzi,N,"[""朋友"", ""學校"", ""飯店""]",宜文：妳看，這條黃色的褲子不錯吧？,live,ok,,2
modern-chinese-l8-dialogue-2,第8課 對話二：這條褲子太小了,True,8,medium,0,0,褲子,translation,褲子,pants,pants,kùzi,N,[],,live,ok,,2
modern-chinese-l8-dialogue-2,第8課 對話二：這條褲子太小了,True,8,medium,0,0,褲子,pinyin,褲子,kùzi,pants,kùzi,N,"[""kùzi""]",,live,ok,,2
modern-chinese-l8-dialogue-2,第8課 對話二：這條褲子太小了,True,8,medium,0,0,褲子,pos,褲子,N,pants,kùzi,N,[],,live,ok,,2
modern-chinese-l8-dialogue-2,第8課 對話二：這條褲子太小了,True,8,medium,0,0,褲子,cloze,宜文：妳看，這條黃色的____不錯吧？,褲子,pants,kùzi,N,"[""朋友"", ""學校"", ""飯店""]",宜文：妳看，這條黃色的褲子不錯吧？,live,ok,,2
modern-chinese-l8-dialogue-2,第8課 對話二：這條褲子太小了,True,8,hard,0,0,褲子,translation,褲子,pants,pants,kùzi,N,[],,live,ok,,2
modern-chinese-l8-dialogue-2,第8課 對話二：這條褲子太小了,True,8,hard,0,0,褲子,pinyin,褲子,kùzi,pants,kùzi,N,"[""kùzi""]",,live,ok,,2
modern-chinese-l8-dialogue-2,第8課 對話二：這條褲子太小了,True,8,hard,0,0,褲子,pos,褲子,N,pants,kùzi,N,[],,live,ok,,2
modern-chinese-l8-dialogue-2,第8課 對話二：這條褲子太小了,True,8,hard,0,0,褲子,cloze,宜文：妳看，這條黃色的____不錯吧？,褲子,pants,kùzi,N,"[""朋友"", ""學校"", ""飯店""]",宜文：妳看，這條黃色的褲子不錯吧？,live,ok,,2
modern-chinese-l8-dialogue-2,第8課 對話二：這條褲子太小了,True,8,easy,1,0,漂亮,translation,漂亮,beautiful,beautiful,piàoliang,Adj,[],,live,ok,,2
modern-chinese-l8-dialogue-2,第8課 對話二：這條褲子太小了,True,8,easy,1,0,漂亮,reverse,beautiful,漂亮,beautiful,piàoliang,Adj,"[""漂亮"", ""流行""]",,live,ok,,2
modern-chinese-l8-dialogue-2,第8課 對話二：這條褲子太小了,True,8,easy,1,0,漂亮,listening,漂亮,漂亮,beautiful,piàoliang,Adj,"[""漂亮"", ""流行""]",,live,ok,,2
modern-chinese-l8-dialogue-2,第8課 對話二：這條褲子太小了,True,8,easy,1,0,漂亮,pinyin,漂亮,piàoliang,beautiful,piàoliang,Adj,"[""piàoliang"", ""liúxíng""]",,live,ok,,2
modern-chinese-l8-dialogue-2,第8課 對話二：這條褲子太小了,True,8,easy,1,0,漂亮,pos,漂亮,Adj,beautiful,piàoliang,Adj,[],,live,ok,,2
modern-chinese-l8-dialogue-2,第8課 對話二：這條褲子太小了,True,8,easy,1,0,漂亮,cloze,元真：很好看。這條藍的也很____，藍色是今年很流行的顏色。,漂亮,beautiful,piàoliang,Adj,"[""方便"", ""有趣""]",元真：很好看。這條藍的也很漂亮，藍色是今年很流行的顏色。,live,ok,,2
modern-chinese-l8-dialogue-2,第8課 對話二：這條褲子太小了,True,8,easy,1,1,流行,translation,流行,popular,popular,liúxíng,Adj,[],,live,ok,,2
modern-chinese-l8-dialogue-2,第8課 對話二：這條褲子太小了,True,8,easy,1,1,流行,reverse,popular,流行,popular,liúxíng,Adj,"[""漂亮"", ""流行""]",,live,ok,,2
modern-chinese-l8-dialogue-2,第8課 對話二：這條褲子太小了,True,8,easy,1,1,流行,listening,流行,流行,popular,liúxíng,Adj,"[""漂亮"", ""流行""]",,live,ok,,2
modern-chinese-l8-dialogue-2,第8課 對話二：這條褲子太小了,True,8,easy,1,1,流行,pinyin,流行,liúxíng,popular,liúxíng,Adj,"[""piàoliang"", ""liúxíng""]",,live,ok,,2
modern-chinese-l8-dialogue-2,第8課 對話二：這條褲子太小了,True,8,easy,1,1,流行,pos,流行,Adj,popular,liúxíng,Adj,[],,live,ok,,2
modern-chinese-l8-dialogue-2,第8課 對話二：這條褲子太小了,True,8,easy,1,1,流行,cloze,元真：很好看。這條藍的也很漂亮，藍色是今年很____的顏色。,流行,popular,liúxíng,Adj,"[""漂亮"", ""方便"", ""有趣""]",元真：很好看。這條藍的也很漂亮，藍色是今年很流行的顏色。,live,ok,,2
modern-chinese-l8-dialogue-2,第8課 對話二：這條褲子太小了,True,8,medium,1,0,漂亮,translation,漂亮,beautiful,beautiful,piàoliang,Adj,[],,live,ok,,2
modern-chinese-l8-dialogue-2,第8課 對話二：這條褲子太小了,True,8,medium,1,0,漂亮,reverse,beautiful,漂亮,beautiful,piàoliang,Adj,"[""漂亮"", ""流行""]",,live,ok,,2
modern-chinese-l8-dialogue-2,第8課 對話二：這條褲子太小了,True,8,medium,1,0,漂亮,listening,漂亮,漂亮,beautiful,piàoliang,Adj,"[""漂亮"", ""流行""]",,live,ok,,2
modern-chinese-l8-dialogue-2,第8課 對話二：這條褲子太小了,True,8,medium,1,0,漂亮,pinyin,漂亮,piàoliang,beautiful,piàoliang,Adj,"[""piàoliang"", ""liúxíng""]",,live,ok,,2
modern-chinese-l8-dialogue-2,第8課 對話二：這條褲子太小了,True,8,medium,1,0,漂亮,pos,漂亮,Adj,beautiful,piàoliang,Adj,[],,live,ok,,2
modern-chinese-l8-dialogue-2,第8課 對話二：這條褲子太小了,True,8,medium,1,0,漂亮,cloze,元真：很好看。這條藍的也很____，藍色是今年很流行的顏色。,漂亮,beautiful,piàoliang,Adj,"[""方便"", ""有趣""]",元真：很好看。這條藍的也很漂亮，藍色是今年很流行的顏色。,live,ok,,2
modern-chinese-l8-dialogue-2,第8課 對話二：這條褲子太小了,True,8,medium,1,1,流行,translation,流行,popular,popular,liúxíng,Adj,[],,live,ok,,2
modern-chinese-l8-dialogue-2,第8課 對話二：這條褲子太小了,True,8,medium,1,1,流行,reverse,popular,流行,popular,liúxíng,Adj,"[""漂亮"", ""流行""]",,live,ok,,2
modern-chinese-l8-dialogue-2,第8課 對話二：這條褲子太小了,True,8,medium,1,1,流行,listening,流行,流行,popular,liúxíng,Adj,"[""漂亮"", ""流行""]",,live,ok,,2
modern-chinese-l8-dialogue-2,第8課 對話二：這條褲子太小了,True,8,medium,1,1,流行,pinyin,流行,liúxíng,popular,liúxíng,Adj,"[""piàoliang"", ""liúxíng""]",,live,ok,,2
modern-chinese-l8-dialogue-2,第8課 對話二：這條褲子太小了,True,8,medium,1,1,流行,pos,流行,Adj,popular,liúxíng,Adj,[],,live,ok,,2
modern-chinese-l8-dialogue-2,第8課 對話二：這條褲子太小了,True,8,medium,1,1,流行,cloze,元真：很好看。這條藍的也很漂亮，藍色是今年很____的顏色。,流行,popular,liúxíng,Adj,"[""漂亮"", ""方便"", ""有趣""]",元真：很好看。這條藍的也很漂亮，藍色是今年很流行的顏色。,live,ok,,2
modern-chinese-l8-dialogue-2,第8課 對話二：這條褲子太小了,True,8,hard,1,0,漂亮,translation,漂亮,beautiful,beautiful,piàoliang,Adj,[],,live,ok,,2
modern-chinese-l8-dialogue-2,第8課 對話二：這條褲子太小了,True,8,hard,1,0,漂亮,reverse,beautiful,漂亮,beautiful,piàoliang,Adj,"[""漂亮"", ""流行""]",,live,ok,,2
modern-chinese-l8-dialogue-2,第8課 對話二：這條褲子太小了,True,8,hard,1,0,漂亮,listening,漂亮,漂亮,beautiful,piàoliang,Adj,"[""漂亮"", ""流行""]",,live,ok,,2
modern-chinese-l8-dialogue-2,第8課 對話二：這條褲子太小了,True,8,hard,1,0,漂亮,pinyin,漂亮,piàoliang,beautiful,piàoliang,Adj,"[""piàoliang"", ""liúxíng""]",,live,ok,,2
modern-chinese-l8-dialogue-2,第8課 對話二：這條褲子太小了,True,8,hard,1,0,漂亮,pos,漂亮,Adj,beautiful,piàoliang,Adj,[],,live,ok,,2
modern-chinese-l8-dialogue-2,第8課 對話二：這條褲子太小了,True,8,hard,1,0,漂亮,cloze,元真：很好看。這條藍的也很____，藍色是今年很流行的顏色。,漂亮,beautiful,piàoliang,Adj,"[""方便"", ""有趣""]",元真：很好看。這條藍的也很漂亮，藍色是今年很流行的顏色。,live,ok,,2
modern-chinese-l8-dialogue-2,第8課 對話二：這條褲子太小了,True,8,hard,1,1,流行,translation,流行,popular,popular,liúxíng,Adj,[],,live,ok,,2
modern-chinese-l8-dialogue-2,第8課 對話二：這條褲子太小了,True,8,hard,1,1,流行,reverse,popular,流行,popular,liúxíng,Adj,"[""漂亮"", ""流行""]",,live,ok,,2
modern-chinese-l8-dialogue-2,第8課 對話二：這條褲子太小了,True,8,hard,1,1,流行,listening,流行,流行,popular,liúxíng,Adj,"[""漂亮"", ""流行""]",,live,ok,,2
modern-chinese-l8-dialogue-2,第8課 對話二：這條褲子太小了,True,8,hard,1,1,流行,pinyin,流行,liúxíng,popular,liúxíng,Adj,"[""piàoliang"", ""liúxíng""]",,live,ok,,2
modern-chinese-l8-dialogue-2,第8課 對話二：這條褲子太小了,True,8,hard,1,1,流行,pos,流行,Adj,popular,liúxíng,Adj,[],,live,ok,,2
modern-chinese-l8-dialogue-2,第8課 對話二：這條褲子太小了,True,8,hard,1,1,流行,cloze,元真：很好看。這條藍的也很漂亮，藍色是今年很____的顏色。,流行,popular,liúxíng,Adj,"[""漂亮"", ""方便"", ""有趣""]",元真：很好看。這條藍的也很漂亮，藍色是今年很流行的顏色。,live,ok,,2
modern-chinese-l8-dialogue-2,第8課 對話二：這條褲子太小了,True,8,easy,5,0,週末,translation,週末,weekend,weekend,zhōumò,N,[],,live,ok,,2
modern-chinese-l8-dialogue-2,第8課 對話二：這條褲子太小了,True,8,easy,5,0,週末,reverse,weekend,週末,weekend,zhōumò,N,"[""週末"", ""鞋子""]",,live,ok,,2
modern-chinese-l8-dialogue-2,第8課 對話二：這條褲子太小了,True,8,easy,5,0,週末,listening,週末,週末,weekend,zhōumò,N,"[""週末"", ""鞋子""]",,live,ok,,2
modern-chinese-l8-dialogue-2,第8課 對話二：這條褲子太小了,True,8,easy,5,0,週末,pinyin,週末,zhōumò,weekend,zhōumò,N,"[""zhōumò"", ""xiézi""]",,live,ok,,2
modern-chinese-l8-dialogue-2,第8課 對話二：這條褲子太小了,True,8,easy,5,0,週末,pos,週末,N,weekend,zhōumò,N,[],,live,ok,,2
modern-chinese-l8-dialogue-2,第8課 對話二：這條褲子太小了,True,8,easy,5,0,週末,cloze,元真：沒關係，我們可以下個____再來看。對了，妳要買鞋子吧？,週末,weekend,zhōumò,N,"[""朋友"", ""學校"", ""飯店""]",元真：沒關係，我們可以下個週末再來看。對了，妳要買鞋子吧？,live,ok,,2
modern-chinese-l8-dialogue-2,第8課 對話二：這條褲子太小了,True,8,easy,5,1,鞋子,translation,鞋子,shoes,shoes,xiézi,N,[],,live,ok,,2
modern-chinese-l8-dialogue-2,第8課 對話二：這條褲子太小了,True,8,easy,5,1,鞋子,reverse,shoes,鞋子,shoes,xiézi,N,"[""週末"", ""鞋子""]",,live,ok,,2
modern-chinese-l8-dialogue-2,第8課 對話二：這條褲子太小了,True,8,easy,5,1,鞋子,listening,鞋子,鞋子,shoes,xiézi,N,"[""週末"", ""鞋子""]",,live,ok,,2
modern-chinese-l8-dialogue-2,第8課 對話二：這條褲子太小了,True,8,easy,5,1,鞋子,pinyin,鞋子,xiézi,shoes,xiézi,N,"[""zhōumò"", ""xiézi""]",,live,ok,,2
modern-chinese-l8-dialogue-2,第8課 對話二：這條褲子太小了,True,8,easy,5,1,鞋子,pos,鞋子,N,shoes,xiézi,N,[],,live,ok,,2
modern-chinese-l8-dialogue-2,第8課 對話二：這條褲子太小了,True,8,easy,5,1,鞋子,cloze,元真：沒關係，我們可以下個週末再來看。對了，妳要買____吧？,鞋子,shoes,xiézi,N,"[""朋友"", ""學校"", ""飯店""]",元真：沒關係，我們可以下個週末再來看。對了，妳要買鞋子吧？,live,ok,,2
modern-chinese-l8-dialogue-2,第8課 對話二：這條褲子太小了,True,8,medium,5,0,週末,translation,週末,weekend,weekend,zhōumò,N,[],,live,ok,,2
modern-chinese-l8-dialogue-2,第8課 對話二：這條褲子太小了,True,8,medium,5,0,週末,reverse,weekend,週末,weekend,zhōumò,N,"[""週末"", ""鞋子""]",,live,ok,,2
modern-chinese-l8-dialogue-2,第8課 對話二：這條褲子太小了,True,8,medium,5,0,週末,listening,週末,週末,weekend,zhōumò,N,"[""週末"", ""鞋子""]",,live,ok,,2
modern-chinese-l8-dialogue-2,第8課 對話二：這條褲子太小了,True,8,medium,5,0,週末,pinyin,週末,zhōumò,weekend,zhōumò,N,"[""zhōumò"", ""xiézi""]",,live,ok,,2
modern-chinese-l8-dialogue-2,第8課 對話二：這條褲子太小了,True,8,medium,5,0,週末,pos,週末,N,weekend,zhōumò,N,[],,live,ok,,2
modern-chinese-l8-dialogue-2,第8課 對話二：這條褲子太小了,True,8,medium,5,0,週末,cloze,元真：沒關係，我們可以下個____再來看。對了，妳要買鞋子吧？,週末,weekend,zhōumò,N,"[""朋友"", ""學校"", ""飯店""]",元真：沒關係，我們可以下個週末再來看。對了，妳要買鞋子吧？,live,ok,,2
modern-chinese-l8-dialogue-2,第8課 對話二：這條褲子太小了,True,8,medium,5,1,鞋子,translation,鞋子,shoes,shoes,xiézi,N,[],,live,ok,,2
modern-chinese-l8-dialogue-2,第8課 對話二：這條褲子太小了,True,8,medium,5,1,鞋子,reverse,shoes,鞋子,shoes,xiézi,N,"[""週末"", ""鞋子""]",,live,ok,,2
modern-chinese-l8-dialogue-2,第8課 對話二：這條褲子太小了,True,8,medium,5,1,鞋子,listening,鞋子,鞋子,shoes,xiézi,N,"[""週末"", ""鞋子""]",,live,ok,,2
modern-chinese-l8-dialogue-2,第8課 對話二：這條褲子太小了,True,8,medium,5,1,鞋子,pinyin,鞋子,xiézi,shoes,xiézi,N,"[""zhōumò"", ""xiézi""]",,live,ok,,2
modern-chinese-l8-dialogue-2,第8課 對話二：這條褲子太小了,True,8,medium,5,1,鞋子,pos,鞋子,N,shoes,xiézi,N,[],,live,ok,,2
modern-chinese-l8-dialogue-2,第8課 對話二：這條褲子太小了,True,8,medium,5,1,鞋子,cloze,元真：沒關係，我們可以下個週末再來看。對了，妳要買____吧？,鞋子,shoes,xiézi,N,"[""朋友"", ""學校"", ""飯店""]",元真：沒關係，我們可以下個週末再來看。對了，妳要買鞋子吧？,live,ok,,2
modern-chinese-l8-dialogue-2,第8課 對話二：這條褲子太小了,True,8,hard,5,0,週末,translation,週末,weekend,weekend,zhōumò,N,[],,live,ok,,2
modern-chinese-l8-dialogue-2,第8課 對話二：這條褲子太小了,True,8,hard,5,0,週末,reverse,weekend,週末,weekend,zhōumò,N,"[""週末"", ""鞋子""]",,live,ok,,2
modern-chinese-l8-dialogue-2,第8課 對話二：這條褲子太小了,True,8,hard,5,0,週末,listening,週末,週末,weekend,zhōumò,N,"[""週末"", ""鞋子""]",,live,ok,,2
modern-chinese-l8-dialogue-2,第8課 對話二：這條褲子太小了,True,8,hard,5,0,週末,pinyin,週末,zhōumò,weekend,zhōumò,N,"[""zhōumò"", ""xiézi""]",,live,ok,,2
modern-chinese-l8-dialogue-2,第8課 對話二：這條褲子太小了,True,8,hard,5,0,週末,pos,週末,N,weekend,zhōumò,N,[],,live,ok,,2
modern-chinese-l8-dialogue-2,第8課 對話二：這條褲子太小了,True,8,hard,5,0,週末,cloze,元真：沒關係，我們可以下個____再來看。對了，妳要買鞋子吧？,週末,weekend,zhōumò,N,"[""朋友"", ""學校"", ""飯店""]",元真：沒關係，我們可以下個週末再來看。對了，妳要買鞋子吧？,live,ok,,2
modern-chinese-l8-dialogue-2,第8課 對話二：這條褲子太小了,True,8,hard,5,1,鞋子,translation,鞋子,shoes,shoes,xiézi,N,[],,live,ok,,2
modern-chinese-l8-dialogue-2,第8課 對話二：這條褲子太小了,True,8,hard,5,1,鞋子,reverse,shoes,鞋子,shoes,xiézi,N,"[""週末"", ""鞋子""]",,live,ok,,2
modern-chinese-l8-dialogue-2,第8課 對話二：這條褲子太小了,True,8,hard,5,1,鞋子,listening,鞋子,鞋子,shoes,xiézi,N,"[""週末"", ""鞋子""]",,live,ok,,2
modern-chinese-l8-dialogue-2,第8課 對話二：這條褲子太小了,True,8,hard,5,1,鞋子,pinyin,鞋子,xiézi,shoes,xiézi,N,"[""zhōumò"", ""xiézi""]",,live,ok,,2
modern-chinese-l8-dialogue-2,第8課 對話二：這條褲子太小了,True,8,hard,5,1,鞋子,pos,鞋子,N,shoes,xiézi,N,[],,live,ok,,2
modern-chinese-l8-dialogue-2,第8課 對話二：這條褲子太小了,True,8,hard,5,1,鞋子,cloze,元真：沒關係，我們可以下個週末再來看。對了，妳要買____吧？,鞋子,shoes,xiézi,N,"[""朋友"", ""學校"", ""飯店""]",元真：沒關係，我們可以下個週末再來看。對了，妳要買鞋子吧？,live,ok,,2
modern-chinese-l8-dialogue-2,第8課 對話二：這條褲子太小了,True,8,easy,7,0,百貨公司,translation,百貨公司,department store,department store,bǎihuò gōngsī,N,[],,live,ok,,2
modern-chinese-l8-dialogue-2,第8課 對話二：這條褲子太小了,True,8,easy,7,0,百貨公司,reverse,department store,百貨公司,department store,bǎihuò gōngsī,N,"[""百貨公司"", ""鞋子""]",,live,ok,,2
modern-chinese-l8-dialogue-2,第8課 對話二：這條褲子太小了,True,8,easy,7,0,百貨公司,listening,百貨公司,百貨公司,department store,bǎihuò gōngsī,N,"[""百貨公司"", ""鞋子""]",,live,ok,,2
modern-chinese-l8-dialogue-2,第8課 對話二：這條褲子太小了,True,8,easy,7,0,百貨公司,pinyin,百貨公司,bǎihuò gōngsī,department store,bǎihuò gōngsī,N,"[""bǎihuò gōngsī"", ""xiézi""]",,live,ok,,2
modern-chinese-l8-dialogue-2,第8課 對話二：這條褲子太小了,True,8,easy,7,0,百貨公司,pos,百貨公司,N,department store,bǎihuò gōngsī,N,[],,live,ok,,2
modern-chinese-l8-dialogue-2,第8課 對話二：這條褲子太小了,True,8,easy,7,0,百貨公司,cloze,元真：鞋子都在一樓，我們到樓下去吧！九點了，____快要關了。,百貨公司,department store,bǎihuò gōngsī,N,"[""朋友"", ""學校"", ""飯店""]",元真：鞋子都在一樓，我們到樓下去吧！九點了，百貨公司快要關了。,live,ok,,2
modern-chinese-l8-dialogue-2,第8課 對話二：這條褲子太小了,True,8,easy,7,1,鞋子,translation,鞋子,shoes,shoes,xiézi,N,[],,live,ok,,2
modern-chinese-l8-dialogue-2,第8課 對話二：這條褲子太小了,True,8,easy,7,1,鞋子,reverse,shoes,鞋子,shoes,xiézi,N,"[""百貨公司"", ""鞋子""]",,live,ok,,2
modern-chinese-l8-dialogue-2,第8課 對話二：這條褲子太小了,True,8,easy,7,1,鞋子,listening,鞋子,鞋子,shoes,xiézi,N,"[""百貨公司"", ""鞋子""]",,live,ok,,2
modern-chinese-l8-dialogue-2,第8課 對話二：這條褲子太小了,True,8,easy,7,1,鞋子,pinyin,鞋子,xiézi,shoes,xiézi,N,"[""bǎihuò gōngsī"", ""xiézi""]",,live,ok,,2
modern-chinese-l8-dialogue-2,第8課 對話二：這條褲子太小了,True,8,easy,7,1,鞋子,pos,鞋子,N,shoes,xiézi,N,[],,live,ok,,2
modern-chinese-l8-dialogue-2,第8課 對話二：這條褲子太小了,True,8,easy,7,1,鞋子,cloze,元真：____都在一樓，我們到樓下去吧！九點了，百貨公司快要關了。,鞋子,shoes,xiézi,N,"[""朋友"", ""學校"", ""飯店""]",元真：鞋子都在一樓，我們到樓下去吧！九點了，百貨公司快要關了。,live,ok,,2
modern-chinese-l8-dialogue-2,第8課 對話二：這條褲子太小了,True,8,medium,7,0,百貨公司,translation,百貨公司,department store,department store,bǎihuò gōngsī,N,[],,live,ok,,2
modern-chinese-l8-dialogue-2,第8課 對話二：這條褲子太小了,True,8,medium,7,0,百貨公司,reverse,department store,百貨公司,department store,bǎihuò gōngsī,N,"[""百貨公司"", ""鞋子""]",,live,ok,,2
modern-chinese-l8-dialogue-2,第8課 對話二：這條褲子太小了,True,8,medium,7,0,百貨公司,listening,百貨公司,百貨公司,department store,bǎihuò gōngsī,N,"[""百貨公司"", ""鞋子""]",,live,ok,,2
modern-chinese-l8-dialogue-2,第8課 對話二：這條褲子太小了,True,8,medium,7,0,百貨公司,pinyin,百貨公司,bǎihuò gōngsī,department store,bǎihuò gōngsī,N,"[""bǎihuò gōngsī"", ""xiézi""]",,live,ok,,2
modern-chinese-l8-dialogue-2,第8課 對話二：這條褲子太小了,True,8,medium,7,0,百貨公司,pos,百貨公司,N,department store,bǎihuò gōngsī,N,[],,live,ok,,2
modern-chinese-l8-dialogue-2,第8課 對話二：這條褲子太小了,True,8,medium,7,0,百貨公司,cloze,元真：鞋子都在一樓，我們到樓下去吧！九點了，____快要關了。,百貨公司,department store,bǎihuò gōngsī,N,"[""朋友"", ""學校"", ""飯店""]",元真：鞋子都在一樓，我們到樓下去吧！九點了，百貨公司快要關了。,live,ok,,2
modern-chinese-l8-dialogue-2,第8課 對話二：這條褲子太小了,True,8,medium,7,1,鞋子,translation,鞋子,shoes,shoes,xiézi,N,[],,live,ok,,2
modern-chinese-l8-dialogue-2,第8課 對話二：這條褲子太小了,True,8,medium,7,1,鞋子,reverse,shoes,鞋子,shoes,xiézi,N,"[""百貨公司"", ""鞋子""]",,live,ok,,2
modern-chinese-l8-dialogue-2,第8課 對話二：這條褲子太小了,True,8,medium,7,1,鞋子,listening,鞋子,鞋子,shoes,xiézi,N,"[""百貨公司"", ""鞋子""]",,live,ok,,2
modern-chinese-l8-dialogue-2,第8課 對話二：這條褲子太小了,True,8,medium,7,1,鞋子,pinyin,鞋子,xiézi,shoes,xiézi,N,"[""bǎihuò gōngsī"", ""xiézi""]",,live,ok,,2
modern-chinese-l8-dialogue-2,第8課 對話二：這條褲子太小了,True,8,medium,7,1,鞋子,pos,鞋子,N,shoes,xiézi,N,[],,live,ok,,2
modern-chinese-l8-dialogue-2,第8課 對話二：這條褲子太小了,True,8,medium,7,1,鞋子,cloze,元真：____都在一樓，我們到樓下去吧！九點了，百貨公司快要關了。,鞋子,shoes,xiézi,N,"[""朋友"", ""學校"", ""飯店""]",元真：鞋子都在一樓，我們到樓下去吧！九點了，百貨公司快要關了。,live,ok,,2
modern-chinese-l8-dialogue-2,第8課 對話二：這條褲子太小了,True,8,hard,7,0,百貨公司,translation,百貨公司,department store,department store,bǎihuò gōngsī,N,[],,live,ok,,2
modern-chinese-l8-dialogue-2,第8課 對話二：這條褲子太小了,True,8,hard,7,0,百貨公司,reverse,department store,百貨公司,department store,bǎihuò gōngsī,N,"[""百貨公司"", ""鞋子""]",,live,ok,,2
modern-chinese-l8-dialogue-2,第8課 對話二：這條褲子太小了,True,8,hard,7,0,百貨公司,listening,百貨公司,百貨公司,department store,bǎihuò gōngsī,N,"[""百貨公司"", ""鞋子""]",,live,ok,,2
modern-chinese-l8-dialogue-2,第8課 對話二：這條褲子太小了,True,8,hard,7,0,百貨公司,pinyin,百貨公司,bǎihuò gōngsī,department store,bǎihuò gōngsī,N,"[""bǎihuò gōngsī"", ""xiézi""]",,live,ok,,2
modern-chinese-l8-dialogue-2,第8課 對話二：這條褲子太小了,True,8,hard,7,0,百貨公司,pos,百貨公司,N,department store,bǎihuò gōngsī,N,[],,live,ok,,2
modern-chinese-l8-dialogue-2,第8課 對話二：這條褲子太小了,True,8,hard,7,0,百貨公司,cloze,元真：鞋子都在一樓，我們到樓下去吧！九點了，____快要關了。,百貨公司,department store,bǎihuò gōngsī,N,"[""朋友"", ""學校"", ""飯店""]",元真：鞋子都在一樓，我們到樓下去吧！九點了，百貨公司快要關了。,live,ok,,2
modern-chinese-l8-dialogue-2,第8課 對話二：這條褲子太小了,True,8,hard,7,1,鞋子,translation,鞋子,shoes,shoes,xiézi,N,[],,live,ok,,2
modern-chinese-l8-dialogue-2,第8課 對話二：這條褲子太小了,True,8,hard,7,1,鞋子,reverse,shoes,鞋子,shoes,xiézi,N,"[""百貨公司"", ""鞋子""]",,live,ok,,2
modern-chinese-l8-dialogue-2,第8課 對話二：這條褲子太小了,True,8,hard,7,1,鞋子,listening,鞋子,鞋子,shoes,xiézi,N,"[""百貨公司"", ""鞋子""]",,live,ok,,2
modern-chinese-l8-dialogue-2,第8課 對話二：這條褲子太小了,True,8,hard,7,1,鞋子,pinyin,鞋子,xiézi,shoes,xiézi,N,"[""bǎihuò gōngsī"", ""xiézi""]",,live,ok,,2
modern-chinese-l8-dialogue-2,第8課 對話二：這條褲子太小了,True,8,hard,7,1,鞋子,pos,鞋子,N,shoes,xiézi,N,[],,live,ok,,2
modern-chinese-l8-dialogue-2,第8課 對話二：這條褲子太小了,True,8,hard,7,1,鞋子,cloze,元真：____都在一樓，我們到樓下去吧！九點了，百貨公司快要關了。,鞋子,shoes,xiézi,N,"[""朋友"", ""學校"", ""飯店""]",元真：鞋子都在一樓，我們到樓下去吧！九點了，百貨公司快要關了。,live,ok,,2
modern-chinese-l8-dialogue-2,第8課 對話二：這條褲子太小了,True,8,easy,8,0,電梯,translation,電梯,elevator,elevator,diàntī,N,[],,live,ok,,2
modern-chinese-l8-dialogue-2,第8課 對話二：這條褲子太小了,True,8,easy,8,0,電梯,pinyin,電梯,diàntī,elevator,diàntī,N,"[""diàntī""]",,live,ok,,2
modern-chinese-l8-dialogue-2,第8課 對話二：這條褲子太小了,True,8,easy,8,0,電梯,pos,電梯,N,elevator,diàntī,N,[],,live,ok,,2
modern-chinese-l8-dialogue-2,第8課 對話二：這條褲子太小了,True,8,easy,8,0,電梯,cloze,宜文：____在那裡！我們現在去買。,電梯,elevator,diàntī,N,"[""朋友"", ""學校"", ""飯店""]",宜文：電梯在那裡！我們現在去買。,live,ok,,2
modern-chinese-l8-dialogue-2,第8課 對話二：這條褲子太小了,True,8,medium,8,0,電梯,translation,電梯,elevator,elevator,diàntī,N,[],,live,ok,,2
modern-chinese-l8-dialogue-2,第8課 對話二：這條褲子太小了,True,8,medium,8,0,電梯,pinyin,電梯,diàntī,elevator,diàntī,N,"[""diàntī""]",,live,ok,,2
modern-chinese-l8-dialogue-2,第8課 對話二：這條褲子太小了,True,8,medium,8,0,電梯,pos,電梯,N,elevator,diàntī,N,[],,live,ok,,2
modern-chinese-l8-dialogue-2,第8課 對話二：這條褲子太小了,True,8,medium,8,0,電梯,cloze,宜文：____在那裡！我們現在去買。,電梯,elevator,diàntī,N,"[""朋友"", ""學校"", ""飯店""]",宜文：電梯在那裡！我們現在去買。,live,ok,,2
modern-chinese-l8-dialogue-2,第8課 對話二：這條褲子太小了,True,8,hard,8,0,電梯,translation,電梯,elevator,elevator,diàntī,N,[],,live,ok,,2
modern-chinese-l8-dialogue-2,第8課 對話二：這條褲子太小了,True,8,hard,8,0,電梯,pinyin,電梯,diàntī,elevator,diàntī,N,"[""diàntī""]",,live,ok,,2
modern-chinese-l8-dialogue-2,第8課 對話二：這條褲子太小了,True,8,hard,8,0,電梯,pos,電梯,N,elevator,diàntī,N,[],,live,ok,,2
modern-chinese-l8-dialogue-2,第8課 對話二：這條褲子太小了,True,8,hard,8,0,電梯,cloze,宜文：____在那裡！我們現在去買。,電梯,elevator,diàntī,N,"[""朋友"", ""學校"", ""飯店""]",宜文：電梯在那裡！我們現在去買。,live,ok,,2
modern-chinese-l8-reading,第8課 短文：年輕人喜歡新東西,True,8,easy,0,0,衣服,translation,衣服,clothes,clothes,yīfu,N,[],,live,ok,,3
modern-chinese-l8-reading,第8課 短文：年輕人喜歡新東西,True,8,easy,0,0,衣服,reverse,clothes,衣服,clothes,yīfu,N,"[""衣服"", ""百貨公司"", ""鞋子""]",,live,ok,,3
modern-chinese-l8-reading,第8課 短文：年輕人喜歡新東西,True,8,easy,0,0,衣服,listening,衣服,衣服,clothes,yīfu,N,"[""衣服"", ""百貨公司"", ""鞋子""]",,live,ok,,3
modern-chinese-l8-reading,第8課 短文：年輕人喜歡新東西,True,8,easy,0,0,衣服,pinyin,衣服,yīfu,clothes,yīfu,N,"[""yīfu"", ""bǎihuò gōngsī"", ""xiézi""]",,live,ok,,3
modern-chinese-l8-reading,第8課 短文：年輕人喜歡新東西,True,8,easy,0,0,衣服,pos,衣服,N,clothes,yīfu,N,[],,live,ok,,3
modern-chinese-l8-reading,第8課 短文：年輕人喜歡新東西,True,8,easy,0,0,衣服,cloze,百貨公司裡有很多____、鞋子和皮包。,衣服,clothes,yīfu,N,"[""朋友"", ""學校"", ""飯店""]",百貨公司裡有很多衣服、鞋子和皮包。,live,ok,,3
modern-chinese-l8-reading,第8課 短文：年輕人喜歡新東西,True,8,easy,0,1,百貨公司,translation,百貨公司,department store,department store,bǎihuò gōngsī,N,[],,live,ok,,3
modern-chinese-l8-reading,第8課 短文：年輕人喜歡新東西,True,8,easy,0,1,百貨公司,reverse,department store,百貨公司,department store,bǎihuò gōngsī,N,"[""衣服"", ""百貨公司"", ""鞋子""]",,live,ok,,3
modern-chinese-l8-reading,第8課 短文：年輕人喜歡新東西,True,8,easy,0,1,百貨公司,listening,百貨公司,百貨公司,department store,bǎihuò gōngsī,N,"[""衣服"", ""百貨公司"", ""鞋子""]",,live,ok,,3
modern-chinese-l8-reading,第8課 短文：年輕人喜歡新東西,True,8,easy,0,1,百貨公司,pinyin,百貨公司,bǎihuò gōngsī,department store,bǎihuò gōngsī,N,"[""yīfu"", ""bǎihuò gōngsī"", ""xiézi""]",,live,ok,,3
modern-chinese-l8-reading,第8課 短文：年輕人喜歡新東西,True,8,easy,0,1,百貨公司,pos,百貨公司,N,department store,bǎihuò gōngsī,N,[],,live,ok,,3
modern-chinese-l8-reading,第8課 短文：年輕人喜歡新東西,True,8,easy,0,1,百貨公司,cloze,____裡有很多衣服、鞋子和皮包。,百貨公司,department store,bǎihuò gōngsī,N,"[""朋友"", ""學校"", ""飯店""]",百貨公司裡有很多衣服、鞋子和皮包。,live,ok,,3
modern-chinese-l8-reading,第8課 短文：年輕人喜歡新東西,True,8,easy,0,2,鞋子,translation,鞋子,shoes,shoes,xiézi,N,[],,live,ok,,3
modern-chinese-l8-reading,第8課 短文：年輕人喜歡新東西,True,8,easy,0,2,鞋子,reverse,shoes,鞋子,shoes,xiézi,N,"[""衣服"", ""百貨公司"", ""鞋子""]",,live,ok,,3
modern-chinese-l8-reading,第8課 短文：年輕人喜歡新東西,True,8,easy,0,2,鞋子,listening,鞋子,鞋子,shoes,xiézi,N,"[""衣服"", ""百貨公司"", ""鞋子""]",,live,ok,,3
modern-chinese-l8-reading,第8課 短文：年輕人喜歡新東西,True,8,easy,0,2,鞋子,pinyin,鞋子,xiézi,shoes,xiézi,N,"[""yīfu"", ""bǎihuò gōngsī"", ""xiézi""]",,live,ok,,3
modern-chinese-l8-reading,第8課 短文：年輕人喜歡新東西,True,8,easy,0,2,鞋子,pos,鞋子,N,shoes,xiézi,N,[],,live,ok,,3
modern-chinese-l8-reading,第8課 短文：年輕人喜歡新東西,True,8,easy,0,2,鞋子,cloze,百貨公司裡有很多衣服、____和皮包。,鞋子,shoes,xiézi,N,"[""朋友"", ""學校"", ""飯店""]",百貨公司裡有很多衣服、鞋子和皮包。,live,ok,,3
modern-chinese-l8-reading,第8課 短文：年輕人喜歡新東西,True,8,medium,0,0,衣服,translation,衣服,clothes,clothes,yīfu,N,[],,live,ok,,3
modern-chinese-l8-reading,第8課 短文：年輕人喜歡新東西,True,8,medium,0,0,衣服,reverse,clothes,衣服,clothes,yīfu,N,"[""衣服"", ""百貨公司"", ""鞋子""]",,live,ok,,3
modern-chinese-l8-reading,第8課 短文：年輕人喜歡新東西,True,8,medium,0,0,衣服,listening,衣服,衣服,clothes,yīfu,N,"[""衣服"", ""百貨公司"", ""鞋子""]",,live,ok,,3
modern-chinese-l8-reading,第8課 短文：年輕人喜歡新東西,True,8,medium,0,0,衣服,pinyin,衣服,yīfu,clothes,yīfu,N,"[""yīfu"", ""bǎihuò gōngsī"", ""xiézi""]",,live,ok,,3
modern-chinese-l8-reading,第8課 短文：年輕人喜歡新東西,True,8,medium,0,0,衣服,pos,衣服,N,clothes,yīfu,N,[],,live,ok,,3
modern-chinese-l8-reading,第8課 短文：年輕人喜歡新東西,True,8,medium,0,0,衣服,cloze,百貨公司裡有很多____、鞋子和皮包。,衣服,clothes,yīfu,N,"[""朋友"", ""學校"", ""飯店""]",百貨公司裡有很多衣服、鞋子和皮包。,live,ok,,3
modern-chinese-l8-reading,第8課 短文：年輕人喜歡新東西,True,8,medium,0,1,百貨公司,translation,百貨公司,department store,department store,bǎihuò gōngsī,N,[],,live,ok,,3
modern-chinese-l8-reading,第8課 短文：年輕人喜歡新東西,True,8,medium,0,1,百貨公司,reverse,department store,百貨公司,department store,bǎihuò gōngsī,N,"[""衣服"", ""百貨公司"", ""鞋子""]",,live,ok,,3
modern-chinese-l8-reading,第8課 短文：年輕人喜歡新東西,True,8,medium,0,1,百貨公司,listening,百貨公司,百貨公司,department store,bǎihuò gōngsī,N,"[""衣服"", ""百貨公司"", ""鞋子""]",,live,ok,,3
modern-chinese-l8-reading,第8課 短文：年輕人喜歡新東西,True,8,medium,0,1,百貨公司,pinyin,百貨公司,bǎihuò gōngsī,department store,bǎihuò gōngsī,N,"[""yīfu"", ""bǎihuò gōngsī"", ""xiézi""]",,live,ok,,3
modern-chinese-l8-reading,第8課 短文：年輕人喜歡新東西,True,8,medium,0,1,百貨公司,pos,百貨公司,N,department store,bǎihuò gōngsī,N,[],,live,ok,,3
modern-chinese-l8-reading,第8課 短文：年輕人喜歡新東西,True,8,medium,0,1,百貨公司,cloze,____裡有很多衣服、鞋子和皮包。,百貨公司,department store,bǎihuò gōngsī,N,"[""朋友"", ""學校"", ""飯店""]",百貨公司裡有很多衣服、鞋子和皮包。,live,ok,,3
modern-chinese-l8-reading,第8課 短文：年輕人喜歡新東西,True,8,medium,0,2,鞋子,translation,鞋子,shoes,shoes,xiézi,N,[],,live,ok,,3
modern-chinese-l8-reading,第8課 短文：年輕人喜歡新東西,True,8,medium,0,2,鞋子,reverse,shoes,鞋子,shoes,xiézi,N,"[""衣服"", ""百貨公司"", ""鞋子""]",,live,ok,,3
modern-chinese-l8-reading,第8課 短文：年輕人喜歡新東西,True,8,medium,0,2,鞋子,listening,鞋子,鞋子,shoes,xiézi,N,"[""衣服"", ""百貨公司"", ""鞋子""]",,live,ok,,3
modern-chinese-l8-reading,第8課 短文：年輕人喜歡新東西,True,8,medium,0,2,鞋子,pinyin,鞋子,xiézi,shoes,xiézi,N,"[""yīfu"", ""bǎihuò gōngsī"", ""xiézi""]",,live,ok,,3
modern-chinese-l8-reading,第8課 短文：年輕人喜歡新東西,True,8,medium,0,2,鞋子,pos,鞋子,N,shoes,xiézi,N,[],,live,ok,,3
modern-chinese-l8-reading,第8課 短文：年輕人喜歡新東西,True,8,medium,0,2,鞋子,cloze,百貨公司裡有很多衣服、____和皮包。,鞋子,shoes,xiézi,N,"[""朋友"", ""學校"", ""飯店""]",百貨公司裡有很多衣服、鞋子和皮包。,live,ok,,3
modern-chinese-l8-reading,第8課 短文：年輕人喜歡新東西,True,8,hard,0,0,衣服,translation,衣服,clothes,clothes,yīfu,N,[],,live,ok,,3
modern-chinese-l8-reading,第8課 短文：年輕人喜歡新東西,True,8,hard,0,0,衣服,reverse,clothes,衣服,clothes,yīfu,N,"[""衣服"", ""百貨公司"", ""鞋子""]",,live,ok,,3
modern-chinese-l8-reading,第8課 短文：年輕人喜歡新東西,True,8,hard,0,0,衣服,listening,衣服,衣服,clothes,yīfu,N,"[""衣服"", ""百貨公司"", ""鞋子""]",,live,ok,,3
modern-chinese-l8-reading,第8課 短文：年輕人喜歡新東西,True,8,hard,0,0,衣服,pinyin,衣服,yīfu,clothes,yīfu,N,"[""yīfu"", ""bǎihuò gōngsī"", ""xiézi""]",,live,ok,,3
modern-chinese-l8-reading,第8課 短文：年輕人喜歡新東西,True,8,hard,0,0,衣服,pos,衣服,N,clothes,yīfu,N,[],,live,ok,,3
modern-chinese-l8-reading,第8課 短文：年輕人喜歡新東西,True,8,hard,0,0,衣服,cloze,百貨公司裡有很多____、鞋子和皮包。,衣服,clothes,yīfu,N,"[""朋友"", ""學校"", ""飯店""]",百貨公司裡有很多衣服、鞋子和皮包。,live,ok,,3
modern-chinese-l8-reading,第8課 短文：年輕人喜歡新東西,True,8,hard,0,1,百貨公司,translation,百貨公司,department store,department store,bǎihuò gōngsī,N,[],,live,ok,,3
modern-chinese-l8-reading,第8課 短文：年輕人喜歡新東西,True,8,hard,0,1,百貨公司,reverse,department store,百貨公司,department store,bǎihuò gōngsī,N,"[""衣服"", ""百貨公司"", ""鞋子""]",,live,ok,,3
modern-chinese-l8-reading,第8課 短文：年輕人喜歡新東西,True,8,hard,0,1,百貨公司,listening,百貨公司,百貨公司,department store,bǎihuò gōngsī,N,"[""衣服"", ""百貨公司"", ""鞋子""]",,live,ok,,3
modern-chinese-l8-reading,第8課 短文：年輕人喜歡新東西,True,8,hard,0,1,百貨公司,pinyin,百貨公司,bǎihuò gōngsī,department store,bǎihuò gōngsī,N,"[""yīfu"", ""bǎihuò gōngsī"", ""xiézi""]",,live,ok,,3
modern-chinese-l8-reading,第8課 短文：年輕人喜歡新東西,True,8,hard,0,1,百貨公司,pos,百貨公司,N,department store,bǎihuò gōngsī,N,[],,live,ok,,3
modern-chinese-l8-reading,第8課 短文：年輕人喜歡新東西,True,8,hard,0,1,百貨公司,cloze,____裡有很多衣服、鞋子和皮包。,百貨公司,department store,bǎihuò gōngsī,N,"[""朋友"", ""學校"", ""飯店""]",百貨公司裡有很多衣服、鞋子和皮包。,live,ok,,3
modern-chinese-l8-reading,第8課 短文：年輕人喜歡新東西,True,8,hard,0,2,鞋子,translation,鞋子,shoes,shoes,xiézi,N,[],,live,ok,,3
modern-chinese-l8-reading,第8課 短文：年輕人喜歡新東西,True,8,hard,0,2,鞋子,reverse,shoes,鞋子,shoes,xiézi,N,"[""衣服"", ""百貨公司"", ""鞋子""]",,live,ok,,3
modern-chinese-l8-reading,第8課 短文：年輕人喜歡新東西,True,8,hard,0,2,鞋子,listening,鞋子,鞋子,shoes,xiézi,N,"[""衣服"", ""百貨公司"", ""鞋子""]",,live,ok,,3
modern-chinese-l8-reading,第8課 短文：年輕人喜歡新東西,True,8,hard,0,2,鞋子,pinyin,鞋子,xiézi,shoes,xiézi,N,"[""yīfu"", ""bǎihuò gōngsī"", ""xiézi""]",,live,ok,,3
modern-chinese-l8-reading,第8課 短文：年輕人喜歡新東西,True,8,hard,0,2,鞋子,pos,鞋子,N,shoes,xiézi,N,[],,live,ok,,3
modern-chinese-l8-reading,第8課 短文：年輕人喜歡新東西,True,8,hard,0,2,鞋子,cloze,百貨公司裡有很多衣服、____和皮包。,鞋子,shoes,xiézi,N,"[""朋友"", ""學校"", ""飯店""]",百貨公司裡有很多衣服、鞋子和皮包。,live,ok,,3
modern-chinese-l8-reading,第8課 短文：年輕人喜歡新東西,True,8,easy,1,0,東西,translation,東西,thing,thing,dōngxi,N,[],,live,ok,,3
modern-chinese-l8-reading,第8課 短文：年輕人喜歡新東西,True,8,easy,1,0,東西,pinyin,東西,dōngxi,thing,dōngxi,N,"[""dōngxi""]",,live,ok,,3
modern-chinese-l8-reading,第8課 短文：年輕人喜歡新東西,True,8,easy,1,0,東西,pos,東西,N,thing,dōngxi,N,[],,live,ok,,3
modern-chinese-l8-reading,第8課 短文：年輕人喜歡新東西,True,8,easy,1,0,東西,cloze,這些____都是最新的。,東西,thing,dōngxi,N,"[""朋友"", ""學校"", ""飯店""]",這些東西都是最新的。,live,ok,,3
modern-chinese-l8-reading,第8課 短文：年輕人喜歡新東西,True,8,medium,1,0,東西,translation,東西,thing,thing,dōngxi,N,[],,live,ok,,3
modern-chinese-l8-reading,第8課 短文：年輕人喜歡新東西,True,8,medium,1,0,東西,pinyin,東西,dōngxi,thing,dōngxi,N,"[""dōngxi""]",,live,ok,,3
modern-chinese-l8-reading,第8課 短文：年輕人喜歡新東西,True,8,medium,1,0,東西,pos,東西,N,thing,dōngxi,N,[],,live,ok,,3
modern-chinese-l8-reading,第8課 短文：年輕人喜歡新東西,True,8,medium,1,0,東西,cloze,這些____都是最新的。,東西,thing,dōngxi,N,"[""朋友"", ""學校"", ""飯店""]",這些東西都是最新的。,live,ok,,3
modern-chinese-l8-reading,第8課 短文：年輕人喜歡新東西,True,8,hard,1,0,東西,translation,東西,thing,thing,dōngxi,N,[],,live,ok,,3
modern-chinese-l8-reading,第8課 短文：年輕人喜歡新東西,True,8,hard,1,0,東西,pinyin,東西,dōngxi,thing,dōngxi,N,"[""dōngxi""]",,live,ok,,3
modern-chinese-l8-reading,第8課 短文：年輕人喜歡新東西,True,8,hard,1,0,東西,pos,東西,N,thing,dōngxi,N,[],,live,ok,,3
modern-chinese-l8-reading,第8課 短文：年輕人喜歡新東西,True,8,hard,1,0,東西,cloze,這些____都是最新的。,東西,thing,dōngxi,N,"[""朋友"", ""學校"", ""飯店""]",這些東西都是最新的。,live,ok,,3
modern-chinese-l8-reading,第8課 短文：年輕人喜歡新東西,True,8,easy,2,0,百貨公司,translation,百貨公司,department store,department store,bǎihuò gōngsī,N,[],,live,ok,,3
modern-chinese-l8-reading,第8課 短文：年輕人喜歡新東西,True,8,easy,2,0,百貨公司,reverse,department store,百貨公司,department store,bǎihuò gōngsī,N,"[""百貨公司"", ""年輕""]",,live,ok,,3
modern-chinese-l8-reading,第8課 短文：年輕人喜歡新東西,True,8,easy,2,0,百貨公司,listening,百貨公司,百貨公司,department store,bǎihuò gōngsī,N,"[""百貨公司"", ""年輕""]",,live,ok,,3
modern-chinese-l8-reading,第8課 短文：年輕人喜歡新東西,True,8,easy,2,0,百貨公司,pinyin,百貨公司,bǎihuò gōngsī,department store,bǎihuò gōngsī,N,"[""bǎihuò gōngsī"", ""niánqīng""]",,live,ok,,3
modern-chinese-l8-reading,第8課 短文：年輕人喜歡新東西,True,8,easy,2,0,百貨公司,pos,百貨公司,N,department store,bǎihuò gōngsī,N,[],,live,ok,,3
modern-chinese-l8-reading,第8課 短文：年輕人喜歡新東西,True,8,easy,2,0,百貨公司,cloze,很多年輕女生喜歡到____去。,百貨公司,department store,bǎihuò gōngsī,N,"[""朋友"", ""學校"", ""飯店""]",很多年輕女生喜歡到百貨公司去。,live,ok,,3
modern-chinese-l8-reading,第8課 短文：年輕人喜歡新東西,True,8,easy,2,1,年輕,translation,年輕,young,young,niánqīng,Adj,[],,live,ok,,3
modern-chinese-l8-reading,第8課 短文：年輕人喜歡新東西,True,8,easy,2,1,年輕,reverse,young,年輕,young,niánqīng,Adj,"[""百貨公司"", ""年輕""]",,live,ok,,3
modern-chinese-l8-reading,第8課 短文：年輕人喜歡新東西,True,8,easy,2,1,年輕,listening,年輕,年輕,young,niánqīng,Adj,"[""百貨公司"", ""年輕""]",,live,ok,,3
modern-chinese-l8-reading,第8課 短文：年輕人喜歡新東西,True,8,easy,2,1,年輕,pinyin,年輕,niánqīng,young,niánqīng,Adj,"[""bǎihuò gōngsī"", ""niánqīng""]",,live,ok,,3
modern-chinese-l8-reading,第8課 短文：年輕人喜歡新東西,True,8,easy,2,1,年輕,pos,年輕,Adj,young,niánqīng,Adj,[],,live,ok,,3
modern-chinese-l8-reading,第8課 短文：年輕人喜歡新東西,True,8,easy,2,1,年輕,cloze,很多____女生喜歡到百貨公司去。,年輕,young,niánqīng,Adj,"[""漂亮"", ""方便"", ""有趣""]",很多年輕女生喜歡到百貨公司去。,live,ok,,3
modern-chinese-l8-reading,第8課 短文：年輕人喜歡新東西,True,8,medium,2,0,百貨公司,translation,百貨公司,department store,department store,bǎihuò gōngsī,N,[],,live,ok,,3
modern-chinese-l8-reading,第8課 短文：年輕人喜歡新東西,True,8,medium,2,0,百貨公司,reverse,department store,百貨公司,department store,bǎihuò gōngsī,N,"[""百貨公司"", ""年輕""]",,live,ok,,3
modern-chinese-l8-reading,第8課 短文：年輕人喜歡新東西,True,8,medium,2,0,百貨公司,listening,百貨公司,百貨公司,department store,bǎihuò gōngsī,N,"[""百貨公司"", ""年輕""]",,live,ok,,3
modern-chinese-l8-reading,第8課 短文：年輕人喜歡新東西,True,8,medium,2,0,百貨公司,pinyin,百貨公司,bǎihuò gōngsī,department store,bǎihuò gōngsī,N,"[""bǎihuò gōngsī"", ""niánqīng""]",,live,ok,,3
modern-chinese-l8-reading,第8課 短文：年輕人喜歡新東西,True,8,medium,2,0,百貨公司,pos,百貨公司,N,department store,bǎihuò gōngsī,N,[],,live,ok,,3
modern-chinese-l8-reading,第8課 短文：年輕人喜歡新東西,True,8,medium,2,0,百貨公司,cloze,很多年輕女生喜歡到____去。,百貨公司,department store,bǎihuò gōngsī,N,"[""朋友"", ""學校"", ""飯店""]",很多年輕女生喜歡到百貨公司去。,live,ok,,3
modern-chinese-l8-reading,第8課 短文：年輕人喜歡新東西,True,8,medium,2,1,年輕,translation,年輕,young,young,niánqīng,Adj,[],,live,ok,,3
modern-chinese-l8-reading,第8課 短文：年輕人喜歡新東西,True,8,medium,2,1,年輕,reverse,young,年輕,young,niánqīng,Adj,"[""百貨公司"", ""年輕""]",,live,ok,,3
modern-chinese-l8-reading,第8課 短文：年輕人喜歡新東西,True,8,medium,2,1,年輕,listening,年輕,年輕,young,niánqīng,Adj,"[""百貨公司"", ""年輕""]",,live,ok,,3
modern-chinese-l8-reading,第8課 短文：年輕人喜歡新東西,True,8,medium,2,1,年輕,pinyin,年輕,niánqīng,young,niánqīng,Adj,"[""bǎihuò gōngsī"", ""niánqīng""]",,live,ok,,3
modern-chinese-l8-reading,第8課 短文：年輕人喜歡新東西,True,8,medium,2,1,年輕,pos,年輕,Adj,young,niánqīng,Adj,[],,live,ok,,3
modern-chinese-l8-reading,第8課 短文：年輕人喜歡新東西,True,8,medium,2,1,年輕,cloze,很多____女生喜歡到百貨公司去。,年輕,young,niánqīng,Adj,"[""漂亮"", ""方便"", ""有趣""]",很多年輕女生喜歡到百貨公司去。,live,ok,,3
modern-chinese-l8-reading,第8課 短文：年輕人喜歡新東西,True,8,hard,2,0,百貨公司,translation,百貨公司,department store,department store,bǎihuò gōngsī,N,[],,live,ok,,3
modern-chinese-l8-reading,第8課 短文：年輕人喜歡新東西,True,8,hard,2,0,百貨公司,reverse,department store,百貨公司,department store,bǎihuò gōngsī,N,"[""百貨公司"", ""年輕""]",,live,ok,,3
modern-chinese-l8-reading,第8課 短文：年輕人喜歡新東西,True,8,hard,2,0,百貨公司,listening,百貨公司,百貨公司,department store,bǎihuò gōngsī,N,"[""百貨公司"", ""年輕""]",,live,ok,,3
modern-chinese-l8-reading,第8課 短文：年輕人喜歡新東西,True,8,hard,2,0,百貨公司,pinyin,百貨公司,bǎihuò gōngsī,department store,bǎihuò gōngsī,N,"[""bǎihuò gōngsī"", ""niánqīng""]",,live,ok,,3
modern-chinese-l8-reading,第8課 短文：年輕人喜歡新東西,True,8,hard,2,0,百貨公司,pos,百貨公司,N,department store,bǎihuò gōngsī,N,[],,live,ok,,3
modern-chinese-l8-reading,第8課 短文：年輕人喜歡新東西,True,8,hard,2,0,百貨公司,cloze,很多年輕女生喜歡到____去。,百貨公司,department store,bǎihuò gōngsī,N,"[""朋友"", ""學校"", ""飯店""]",很多年輕女生喜歡到百貨公司去。,live,ok,,3
modern-chinese-l8-reading,第8課 短文：年輕人喜歡新東西,True,8,hard,2,1,年輕,translation,年輕,young,young,niánqīng,Adj,[],,live,ok,,3
modern-chinese-l8-reading,第8課 短文：年輕人喜歡新東西,True,8,hard,2,1,年輕,reverse,young,年輕,young,niánqīng,Adj,"[""百貨公司"", ""年輕""]",,live,ok,,3
modern-chinese-l8-reading,第8課 短文：年輕人喜歡新東西,True,8,hard,2,1,年輕,listening,年輕,年輕,young,niánqīng,Adj,"[""百貨公司"", ""年輕""]",,live,ok,,3
modern-chinese-l8-reading,第8課 短文：年輕人喜歡新東西,True,8,hard,2,1,年輕,pinyin,年輕,niánqīng,young,niánqīng,Adj,"[""bǎihuò gōngsī"", ""niánqīng""]",,live,ok,,3
modern-chinese-l8-reading,第8課 短文：年輕人喜歡新東西,True,8,hard,2,1,年輕,pos,年輕,Adj,young,niánqīng,Adj,[],,live,ok,,3
modern-chinese-l8-reading,第8課 短文：年輕人喜歡新東西,True,8,hard,2,1,年輕,cloze,很多____女生喜歡到百貨公司去。,年輕,young,niánqīng,Adj,"[""漂亮"", ""方便"", ""有趣""]",很多年輕女生喜歡到百貨公司去。,live,ok,,3
modern-chinese-l8-reading,第8課 短文：年輕人喜歡新東西,True,8,easy,3,0,漂亮,translation,漂亮,beautiful,beautiful,piàoliang,Adj,[],,live,ok,,3
modern-chinese-l8-reading,第8課 短文：年輕人喜歡新東西,True,8,easy,3,0,漂亮,reverse,beautiful,漂亮,beautiful,piàoliang,Adj,"[""漂亮"", ""衣服"", ""流行""]",,live,ok,,3
modern-chinese-l8-reading,第8課 短文：年輕人喜歡新東西,True,8,easy,3,0,漂亮,listening,漂亮,漂亮,beautiful,piàoliang,Adj,"[""漂亮"", ""衣服"", ""流行""]",,live,ok,,3
modern-chinese-l8-reading,第8課 短文：年輕人喜歡新東西,True,8,easy,3,0,漂亮,pinyin,漂亮,piàoliang,beautiful,piàoliang,Adj,"[""piàoliang"", ""yīfu"", ""liúxíng""]",,live,ok,,3
modern-chinese-l8-reading,第8課 短文：年輕人喜歡新東西,True,8,easy,3,0,漂亮,pos,漂亮,Adj,beautiful,piàoliang,Adj,[],,live,ok,,3
modern-chinese-l8-reading,第8課 短文：年輕人喜歡新東西,True,8,easy,3,0,漂亮,cloze,____的、流行的衣服，她們都想穿穿看。,漂亮,beautiful,piàoliang,Adj,"[""方便"", ""有趣""]",漂亮的、流行的衣服，她們都想穿穿看。,live,ok,,3
modern-chinese-l8-reading,第8課 短文：年輕人喜歡新東西,True,8,easy,3,1,衣服,translation,衣服,clothes,clothes,yīfu,N,[],,live,ok,,3
modern-chinese-l8-reading,第8課 短文：年輕人喜歡新東西,True,8,easy,3,1,衣服,reverse,clothes,衣服,clothes,yīfu,N,"[""漂亮"", ""衣服"", ""流行""]",,live,ok,,3
modern-chinese-l8-reading,第8課 短文：年輕人喜歡新東西,True,8,easy,3,1,衣服,listening,衣服,衣服,clothes,yīfu,N,"[""漂亮"", ""衣服"", ""流行""]",,live,ok,,3
modern-chinese-l8-reading,第8課 短文：年輕人喜歡新東西,True,8,easy,3,1,衣服,pinyin,衣服,yīfu,clothes,yīfu,N,"[""piàoliang"", ""yīfu"", ""liúxíng""]",,live,ok,,3
modern-chinese-l8-reading,第8課 短文：年輕人喜歡新東西,True,8,easy,3,1,衣服,pos,衣服,N,clothes,yīfu,N,[],,live,ok,,3
modern-chinese-l8-reading,第8課 短文：年輕人喜歡新東西,True,8,easy,3,1,衣服,cloze,漂亮的、流行的____，她們都想穿穿看。,衣服,clothes,yīfu,N,"[""朋友"", ""學校"", ""飯店""]",漂亮的、流行的衣服，她們都想穿穿看。,live,ok,,3
modern-chinese-l8-reading,第8課 短文：年輕人喜歡新東西,True,8,easy,3,2,流行,translation,流行,popular,popular,liúxíng,Adj,[],,live,ok,,3
modern-chinese-l8-reading,第8課 短文：年輕人喜歡新東西,True,8,easy,3,2,流行,reverse,popular,流行,popular,liúxíng,Adj,"[""漂亮"", ""衣服"", ""流行""]",,live,ok,,3
modern-chinese-l8-reading,第8課 短文：年輕人喜歡新東西,True,8,easy,3,2,流行,listening,流行,流行,popular,liúxíng,Adj,"[""漂亮"", ""衣服"", ""流行""]",,live,ok,,3
modern-chinese-l8-reading,第8課 短文：年輕人喜歡新東西,True,8,easy,3,2,流行,pinyin,流行,liúxíng,popular,liúxíng,Adj,"[""piàoliang"", ""yīfu"", ""liúxíng""]",,live,ok,,3
modern-chinese-l8-reading,第8課 短文：年輕人喜歡新東西,True,8,easy,3,2,流行,pos,流行,Adj,popular,liúxíng,Adj,[],,live,ok,,3
modern-chinese-l8-reading,第8課 短文：年輕人喜歡新東西,True,8,easy,3,2,流行,cloze,漂亮的、____的衣服，她們都想穿穿看。,流行,popular,liúxíng,Adj,"[""漂亮"", ""方便"", ""有趣""]",漂亮的、流行的衣服，她們都想穿穿看。,live,ok,,3
modern-chinese-l8-reading,第8課 短文：年輕人喜歡新東西,True,8,medium,3,0,漂亮,translation,漂亮,beautiful,beautiful,piàoliang,Adj,[],,live,ok,,3
modern-chinese-l8-reading,第8課 短文：年輕人喜歡新東西,True,8,medium,3,0,漂亮,reverse,beautiful,漂亮,beautiful,piàoliang,Adj,"[""漂亮"", ""衣服"", ""流行""]",,live,ok,,3
modern-chinese-l8-reading,第8課 短文：年輕人喜歡新東西,True,8,medium,3,0,漂亮,listening,漂亮,漂亮,beautiful,piàoliang,Adj,"[""漂亮"", ""衣服"", ""流行""]",,live,ok,,3
modern-chinese-l8-reading,第8課 短文：年輕人喜歡新東西,True,8,medium,3,0,漂亮,pinyin,漂亮,piàoliang,beautiful,piàoliang,Adj,"[""piàoliang"", ""yīfu"", ""liúxíng""]",,live,ok,,3
modern-chinese-l8-reading,第8課 短文：年輕人喜歡新東西,True,8,medium,3,0,漂亮,pos,漂亮,Adj,beautiful,piàoliang,Adj,[],,live,ok,,3
modern-chinese-l8-reading,第8課 短文：年輕人喜歡新東西,True,8,medium,3,0,漂亮,cloze,____的、流行的衣服，她們都想穿穿看。,漂亮,beautiful,piàoliang,Adj,"[""方便"", ""有趣""]",漂亮的、流行的衣服，她們都想穿穿看。,live,ok,,3
modern-chinese-l8-reading,第8課 短文：年輕人喜歡新東西,True,8,medium,3,1,衣服,translation,衣服,clothes,clothes,yīfu,N,[],,live,ok,,3
modern-chinese-l8-reading,第8課 短文：年輕人喜歡新東西,True,8,medium,3,1,衣服,reverse,clothes,衣服,clothes,yīfu,N,"[""漂亮"", ""衣服"", ""流行""]",,live,ok,,3
modern-chinese-l8-reading,第8課 短文：年輕人喜歡新東西,True,8,medium,3,1,衣服,listening,衣服,衣服,clothes,yīfu,N,"[""漂亮"", ""衣服"", ""流行""]",,live,ok,,3
modern-chinese-l8-reading,第8課 短文：年輕人喜歡新東西,True,8,medium,3,1,衣服,pinyin,衣服,yīfu,clothes,yīfu,N,"[""piàoliang"", ""yīfu"", ""liúxíng""]",,live,ok,,3
modern-chinese-l8-reading,第8課 短文：年輕人喜歡新東西,True,8,medium,3,1,衣服,pos,衣服,N,clothes,yīfu,N,[],,live,ok,,3
modern-chinese-l8-reading,第8課 短文：年輕人喜歡新東西,True,8,medium,3,1,衣服,cloze,漂亮的、流行的____，她們都想穿穿看。,衣服,clothes,yīfu,N,"[""朋友"", ""學校"", ""飯店""]",漂亮的、流行的衣服，她們都想穿穿看。,live,ok,,3
modern-chinese-l8-reading,第8課 短文：年輕人喜歡新東西,True,8,medium,3,2,流行,translation,流行,popular,popular,liúxíng,Adj,[],,live,ok,,3
modern-chinese-l8-reading,第8課 短文：年輕人喜歡新東西,True,8,medium,3,2,流行,reverse,popular,流行,popular,liúxíng,Adj,"[""漂亮"", ""衣服"", ""流行""]",,live,ok,,3
modern-chinese-l8-reading,第8課 短文：年輕人喜歡新東西,True,8,medium,3,2,流行,listening,流行,流行,popular,liúxíng,Adj,"[""漂亮"", ""衣服"", ""流行""]",,live,ok,,3
modern-chinese-l8-reading,第8課 短文：年輕人喜歡新東西,True,8,medium,3,2,流行,pinyin,流行,liúxíng,popular,liúxíng,Adj,"[""piàoliang"", ""yīfu"", ""liúxíng""]",,live,ok,,3
modern-chinese-l8-reading,第8課 短文：年輕人喜歡新東西,True,8,medium,3,2,流行,pos,流行,Adj,popular,liúxíng,Adj,[],,live,ok,,3
modern-chinese-l8-reading,第8課 短文：年輕人喜歡新東西,True,8,medium,3,2,流行,cloze,漂亮的、____的衣服，她們都想穿穿看。,流行,popular,liúxíng,Adj,"[""漂亮"", ""方便"", ""有趣""]",漂亮的、流行的衣服，她們都想穿穿看。,live,ok,,3
modern-chinese-l8-reading,第8課 短文：年輕人喜歡新東西,True,8,hard,3,0,漂亮,translation,漂亮,beautiful,beautiful,piàoliang,Adj,[],,live,ok,,3
modern-chinese-l8-reading,第8課 短文：年輕人喜歡新東西,True,8,hard,3,0,漂亮,reverse,beautiful,漂亮,beautiful,piàoliang,Adj,"[""漂亮"", ""衣服"", ""流行""]",,live,ok,,3
modern-chinese-l8-reading,第8課 短文：年輕人喜歡新東西,True,8,hard,3,0,漂亮,listening,漂亮,漂亮,beautiful,piàoliang,Adj,"[""漂亮"", ""衣服"", ""流行""]",,live,ok,,3
modern-chinese-l8-reading,第8課 短文：年輕人喜歡新東西,True,8,hard,3,0,漂亮,pinyin,漂亮,piàoliang,beautiful,piàoliang,Adj,"[""piàoliang"", ""yīfu"", ""liúxíng""]",,live,ok,,3
modern-chinese-l8-reading,第8課 短文：年輕人喜歡新東西,True,8,hard,3,0,漂亮,pos,漂亮,Adj,beautiful,piàoliang,Adj,[],,live,ok,,3
modern-chinese-l8-reading,第8課 短文：年輕人喜歡新東西,True,8,hard,3,0,漂亮,cloze,____的、流行的衣服，她們都想穿穿看。,漂亮,beautiful,piàoliang,Adj,"[""方便"", ""有趣""]",漂亮的、流行的衣服，她們都想穿穿看。,live,ok,,3
modern-chinese-l8-reading,第8課 短文：年輕人喜歡新東西,True,8,hard,3,1,衣服,translation,衣服,clothes,clothes,yīfu,N,[],,live,ok,,3
modern-chinese-l8-reading,第8課 短文：年輕人喜歡新東西,True,8,hard,3,1,衣服,reverse,clothes,衣服,clothes,yīfu,N,"[""漂亮"", ""衣服"", ""流行""]",,live,ok,,3
modern-chinese-l8-reading,第8課 短文：年輕人喜歡新東西,True,8,hard,3,1,衣服,listening,衣服,衣服,clothes,yīfu,N,"[""漂亮"", ""衣服"", ""流行""]",,live,ok,,3
modern-chinese-l8-reading,第8課 短文：年輕人喜歡新東西,True,8,hard,3,1,衣服,pinyin,衣服,yīfu,clothes,yīfu,N,"[""piàoliang"", ""yīfu"", ""liúxíng""]",,live,ok,,3
modern-chinese-l8-reading,第8課 短文：年輕人喜歡新東西,True,8,hard,3,1,衣服,pos,衣服,N,clothes,yīfu,N,[],,live,ok,,3
modern-chinese-l8-reading,第8課 短文：年輕人喜歡新東西,True,8,hard,3,1,衣服,cloze,漂亮的、流行的____，她們都想穿穿看。,衣服,clothes,yīfu,N,"[""朋友"", ""學校"", ""飯店""]",漂亮的、流行的衣服，她們都想穿穿看。,live,ok,,3
modern-chinese-l8-reading,第8課 短文：年輕人喜歡新東西,True,8,hard,3,2,流行,translation,流行,popular,popular,liúxíng,Adj,[],,live,ok,,3
modern-chinese-l8-reading,第8課 短文：年輕人喜歡新東西,True,8,hard,3,2,流行,reverse,popular,流行,popular,liúxíng,Adj,"[""漂亮"", ""衣服"", ""流行""]",,live,ok,,3
modern-chinese-l8-reading,第8課 短文：年輕人喜歡新東西,True,8,hard,3,2,流行,listening,流行,流行,popular,liúxíng,Adj,"[""漂亮"", ""衣服"", ""流行""]",,live,ok,,3
modern-chinese-l8-reading,第8課 短文：年輕人喜歡新東西,True,8,hard,3,2,流行,pinyin,流行,liúxíng,popular,liúxíng,Adj,"[""piàoliang"", ""yīfu"", ""liúxíng""]",,live,ok,,3
modern-chinese-l8-reading,第8課 短文：年輕人喜歡新東西,True,8,hard,3,2,流行,pos,流行,Adj,popular,liúxíng,Adj,[],,live,ok,,3
modern-chinese-l8-reading,第8課 短文：年輕人喜歡新東西,True,8,hard,3,2,流行,cloze,漂亮的、____的衣服，她們都想穿穿看。,流行,popular,liúxíng,Adj,"[""漂亮"", ""方便"", ""有趣""]",漂亮的、流行的衣服，她們都想穿穿看。,live,ok,,3
modern-chinese-l8-reading,第8課 短文：年輕人喜歡新東西,True,8,easy,4,0,年輕,translation,年輕,young,young,niánqīng,Adj,[],,live,ok,,3
modern-chinese-l8-reading,第8課 短文：年輕人喜歡新東西,True,8,easy,4,0,年輕,pinyin,年輕,niánqīng,young,niánqīng,Adj,"[""niánqīng""]",,live,ok,,3
modern-chinese-l8-reading,第8課 短文：年輕人喜歡新東西,True,8,easy,4,0,年輕,pos,年輕,Adj,young,niánqīng,Adj,[],,live,ok,,3
modern-chinese-l8-reading,第8課 短文：年輕人喜歡新東西,True,8,easy,4,0,年輕,cloze,很多____男生愛在書店看汽車雜誌。,年輕,young,niánqīng,Adj,"[""漂亮"", ""方便"", ""有趣""]",很多年輕男生愛在書店看汽車雜誌。,live,ok,,3
modern-chinese-l8-reading,第8課 短文：年輕人喜歡新東西,True,8,medium,4,0,年輕,translation,年輕,young,young,niánqīng,Adj,[],,live,ok,,3
modern-chinese-l8-reading,第8課 短文：年輕人喜歡新東西,True,8,medium,4,0,年輕,pinyin,年輕,niánqīng,young,niánqīng,Adj,"[""niánqīng""]",,live,ok,,3
modern-chinese-l8-reading,第8課 短文：年輕人喜歡新東西,True,8,medium,4,0,年輕,pos,年輕,Adj,young,niánqīng,Adj,[],,live,ok,,3
modern-chinese-l8-reading,第8課 短文：年輕人喜歡新東西,True,8,medium,4,0,年輕,cloze,很多____男生愛在書店看汽車雜誌。,年輕,young,niánqīng,Adj,"[""漂亮"", ""方便"", ""有趣""]",很多年輕男生愛在書店看汽車雜誌。,live,ok,,3
modern-chinese-l8-reading,第8課 短文：年輕人喜歡新東西,True,8,hard,4,0,年輕,translation,年輕,young,young,niánqīng,Adj,[],,live,ok,,3
modern-chinese-l8-reading,第8課 短文：年輕人喜歡新東西,True,8,hard,4,0,年輕,pinyin,年輕,niánqīng,young,niánqīng,Adj,"[""niánqīng""]",,live,ok,,3
modern-chinese-l8-reading,第8課 短文：年輕人喜歡新東西,True,8,hard,4,0,年輕,pos,年輕,Adj,young,niánqīng,Adj,[],,live,ok,,3
modern-chinese-l8-reading,第8課 短文：年輕人喜歡新東西,True,8,hard,4,0,年輕,cloze,很多____男生愛在書店看汽車雜誌。,年輕,young,niánqīng,Adj,"[""漂亮"", ""方便"", ""有趣""]",很多年輕男生愛在書店看汽車雜誌。,live,ok,,3
modern-chinese-l8-reading,第8課 短文：年輕人喜歡新東西,True,8,easy,8,0,東西,translation,東西,thing,thing,dōngxi,N,[],,live,ok,,3
modern-chinese-l8-reading,第8課 短文：年輕人喜歡新東西,True,8,easy,8,0,東西,pinyin,東西,dōngxi,thing,dōngxi,N,"[""dōngxi""]",,live,ok,,3
modern-chinese-l8-reading,第8課 短文：年輕人喜歡新東西,True,8,easy,8,0,東西,pos,東西,N,thing,dōngxi,N,[],,live,ok,,3
modern-chinese-l8-reading,第8課 短文：年輕人喜歡新東西,True,8,easy,8,0,東西,cloze,我覺得有的舊____很不錯。,東西,thing,dōngxi,N,"[""朋友"", ""學校"", ""飯店""]",我覺得有的舊東西很不錯。,live,ok,,3
modern-chinese-l8-reading,第8課 短文：年輕人喜歡新東西,True,8,medium,8,0,東西,translation,東西,thing,thing,dōngxi,N,[],,live,ok,,3
modern-chinese-l8-reading,第8課 短文：年輕人喜歡新東西,True,8,medium,8,0,東西,pinyin,東西,dōngxi,thing,dōngxi,N,"[""dōngxi""]",,live,ok,,3
modern-chinese-l8-reading,第8課 短文：年輕人喜歡新東西,True,8,medium,8,0,東西,pos,東西,N,thing,dōngxi,N,[],,live,ok,,3
modern-chinese-l8-reading,第8課 短文：年輕人喜歡新東西,True,8,medium,8,0,東西,cloze,我覺得有的舊____很不錯。,東西,thing,dōngxi,N,"[""朋友"", ""學校"", ""飯店""]",我覺得有的舊東西很不錯。,live,ok,,3
modern-chinese-l8-reading,第8課 短文：年輕人喜歡新東西,True,8,hard,8,0,東西,translation,東西,thing,thing,dōngxi,N,[],,live,ok,,3
modern-chinese-l8-reading,第8課 短文：年輕人喜歡新東西,True,8,hard,8,0,東西,pinyin,東西,dōngxi,thing,dōngxi,N,"[""dōngxi""]",,live,ok,,3
modern-chinese-l8-reading,第8課 短文：年輕人喜歡新東西,True,8,hard,8,0,東西,pos,東西,N,thing,dōngxi,N,[],,live,ok,,3
modern-chinese-l8-reading,第8課 短文：年輕人喜歡新東西,True,8,hard,8,0,東西,cloze,我覺得有的舊____很不錯。,東西,thing,dōngxi,N,"[""朋友"", ""學校"", ""飯店""]",我覺得有的舊東西很不錯。,live,ok,,3
modern-chinese-l8-reading,第8課 短文：年輕人喜歡新東西,True,8,easy,9,0,有趣,translation,有趣,interesting,interesting,yǒuqù,Adj,[],,live,ok,,3
modern-chinese-l8-reading,第8課 短文：年輕人喜歡新東西,True,8,easy,9,0,有趣,reverse,interesting,有趣,interesting,yǒuqù,Adj,"[""有趣"", ""東西""]",,live,ok,,3
modern-chinese-l8-reading,第8課 短文：年輕人喜歡新東西,True,8,easy,9,0,有趣,listening,有趣,有趣,interesting,yǒuqù,Adj,"[""有趣"", ""東西""]",,live,ok,,3
modern-chinese-l8-reading,第8課 短文：年輕人喜歡新東西,True,8,easy,9,0,有趣,pinyin,有趣,yǒuqù,interesting,yǒuqù,Adj,"[""yǒuqù"", ""dōngxi""]",,live,ok,,3
modern-chinese-l8-reading,第8課 短文：年輕人喜歡新東西,True,8,easy,9,0,有趣,pos,有趣,Adj,interesting,yǒuqù,Adj,[],,live,ok,,3
modern-chinese-l8-reading,第8課 短文：年輕人喜歡新東西,True,8,easy,9,0,有趣,cloze,有的新東西也很____。,有趣,interesting,yǒuqù,Adj,"[""漂亮"", ""方便""]",有的新東西也很有趣。,live,ok,,3
modern-chinese-l8-reading,第8課 短文：年輕人喜歡新東西,True,8,easy,9,1,東西,translation,東西,thing,thing,dōngxi,N,[],,live,ok,,3
modern-chinese-l8-reading,第8課 短文：年輕人喜歡新東西,True,8,easy,9,1,東西,reverse,thing,東西,thing,dōngxi,N,"[""有趣"", ""東西""]",,live,ok,,3
modern-chinese-l8-reading,第8課 短文：年輕人喜歡新東西,True,8,easy,9,1,東西,listening,東西,東西,thing,dōngxi,N,"[""有趣"", ""東西""]",,live,ok,,3
modern-chinese-l8-reading,第8課 短文：年輕人喜歡新東西,True,8,easy,9,1,東西,pinyin,東西,dōngxi,thing,dōngxi,N,"[""yǒuqù"", ""dōngxi""]",,live,ok,,3
modern-chinese-l8-reading,第8課 短文：年輕人喜歡新東西,True,8,easy,9,1,東西,pos,東西,N,thing,dōngxi,N,[],,live,ok,,3
modern-chinese-l8-reading,第8課 短文：年輕人喜歡新東西,True,8,easy,9,1,東西,cloze,有的新____也很有趣。,東西,thing,dōngxi,N,"[""朋友"", ""學校"", ""飯店""]",有的新東西也很有趣。,live,ok,,3
modern-chinese-l8-reading,第8課 短文：年輕人喜歡新東西,True,8,medium,9,0,有趣,translation,有趣,interesting,interesting,yǒuqù,Adj,[],,live,ok,,3
modern-chinese-l8-reading,第8課 短文：年輕人喜歡新東西,True,8,medium,9,0,有趣,reverse,interesting,有趣,interesting,yǒuqù,Adj,"[""有趣"", ""東西""]",,live,ok,,3
modern-chinese-l8-reading,第8課 短文：年輕人喜歡新東西,True,8,medium,9,0,有趣,listening,有趣,有趣,interesting,yǒuqù,Adj,"[""有趣"", ""東西""]",,live,ok,,3
modern-chinese-l8-reading,第8課 短文：年輕人喜歡新東西,True,8,medium,9,0,有趣,pinyin,有趣,yǒuqù,interesting,yǒuqù,Adj,"[""yǒuqù"", ""dōngxi""]",,live,ok,,3
modern-chinese-l8-reading,第8課 短文：年輕人喜歡新東西,True,8,medium,9,0,有趣,pos,有趣,Adj,interesting,yǒuqù,Adj,[],,live,ok,,3
modern-chinese-l8-reading,第8課 短文：年輕人喜歡新東西,True,8,medium,9,0,有趣,cloze,有的新東西也很____。,有趣,interesting,yǒuqù,Adj,"[""漂亮"", ""方便""]",有的新東西也很有趣。,live,ok,,3
modern-chinese-l8-reading,第8課 短文：年輕人喜歡新東西,True,8,medium,9,1,東西,translation,東西,thing,thing,dōngxi,N,[],,live,ok,,3
modern-chinese-l8-reading,第8課 短文：年輕人喜歡新東西,True,8,medium,9,1,東西,reverse,thing,東西,thing,dōngxi,N,"[""有趣"", ""東西""]",,live,ok,,3
modern-chinese-l8-reading,第8課 短文：年輕人喜歡新東西,True,8,medium,9,1,東西,listening,東西,東西,thing,dōngxi,N,"[""有趣"", ""東西""]",,live,ok,,3
modern-chinese-l8-reading,第8課 短文：年輕人喜歡新東西,True,8,medium,9,1,東西,pinyin,東西,dōngxi,thing,dōngxi,N,"[""yǒuqù"", ""dōngxi""]",,live,ok,,3
modern-chinese-l8-reading,第8課 短文：年輕人喜歡新東西,True,8,medium,9,1,東西,pos,東西,N,thing,dōngxi,N,[],,live,ok,,3
modern-chinese-l8-reading,第8課 短文：年輕人喜歡新東西,True,8,medium,9,1,東西,cloze,有的新____也很有趣。,東西,thing,dōngxi,N,"[""朋友"", ""學校"", ""飯店""]",有的新東西也很有趣。,live,ok,,3
modern-chinese-l8-reading,第8課 短文：年輕人喜歡新東西,True,8,hard,9,0,有趣,translation,有趣,interesting,interesting,yǒuqù,Adj,[],,live,ok,,3
modern-chinese-l8-reading,第8課 短文：年輕人喜歡新東西,True,8,hard,9,0,有趣,reverse,interesting,有趣,interesting,yǒuqù,Adj,"[""有趣"", ""東西""]",,live,ok,,3
modern-chinese-l8-reading,第8課 短文：年輕人喜歡新東西,True,8,hard,9,0,有趣,listening,有趣,有趣,interesting,yǒuqù,Adj,"[""有趣"", ""東西""]",,live,ok,,3
modern-chinese-l8-reading,第8課 短文：年輕人喜歡新東西,True,8,hard,9,0,有趣,pinyin,有趣,yǒuqù,interesting,yǒuqù,Adj,"[""yǒuqù"", ""dōngxi""]",,live,ok,,3
modern-chinese-l8-reading,第8課 短文：年輕人喜歡新東西,True,8,hard,9,0,有趣,pos,有趣,Adj,interesting,yǒuqù,Adj,[],,live,ok,,3
modern-chinese-l8-reading,第8課 短文：年輕人喜歡新東西,True,8,hard,9,0,有趣,cloze,有的新東西也很____。,有趣,interesting,yǒuqù,Adj,"[""漂亮"", ""方便""]",有的新東西也很有趣。,live,ok,,3
modern-chinese-l8-reading,第8課 短文：年輕人喜歡新東西,True,8,hard,9,1,東西,translation,東西,thing,thing,dōngxi,N,[],,live,ok,,3
modern-chinese-l8-reading,第8課 短文：年輕人喜歡新東西,True,8,hard,9,1,東西,reverse,thing,東西,thing,dōngxi,N,"[""有趣"", ""東西""]",,live,ok,,3
modern-chinese-l8-reading,第8課 短文：年輕人喜歡新東西,True,8,hard,9,1,東西,listening,東西,東西,thing,dōngxi,N,"[""有趣"", ""東西""]",,live,ok,,3
modern-chinese-l8-reading,第8課 短文：年輕人喜歡新東西,True,8,hard,9,1,東西,pinyin,東西,dōngxi,thing,dōngxi,N,"[""yǒuqù"", ""dōngxi""]",,live,ok,,3
modern-chinese-l8-reading,第8課 短文：年輕人喜歡新東西,True,8,hard,9,1,東西,pos,東西,N,thing,dōngxi,N,[],,live,ok,,3
modern-chinese-l8-reading,第8課 短文：年輕人喜歡新東西,True,8,hard,9,1,東西,cloze,有的新____也很有趣。,東西,thing,dōngxi,N,"[""朋友"", ""學校"", ""飯店""]",有的新東西也很有趣。,live,ok,,3
modern-chinese-l8-reading,第8課 短文：年輕人喜歡新東西,True,8,easy,10,0,衣服,translation,衣服,clothes,clothes,yīfu,N,[],,live,ok,,3
modern-chinese-l8-reading,第8課 短文：年輕人喜歡新東西,True,8,easy,10,0,衣服,pinyin,衣服,yīfu,clothes,yīfu,N,"[""yīfu""]",,live,ok,,3
modern-chinese-l8-reading,第8課 短文：年輕人喜歡新東西,True,8,easy,10,0,衣服,pos,衣服,N,clothes,yīfu,N,[],,live,ok,,3
modern-chinese-l8-reading,第8課 短文：年輕人喜歡新東西,True,8,easy,10,0,衣服,cloze,我很喜歡看新車、新____。,衣服,clothes,yīfu,N,"[""朋友"", ""學校"", ""飯店""]",我很喜歡看新車、新衣服。,live,ok,,3
modern-chinese-l8-reading,第8課 短文：年輕人喜歡新東西,True,8,medium,10,0,衣服,translation,衣服,clothes,clothes,yīfu,N,[],,live,ok,,3
modern-chinese-l8-reading,第8課 短文：年輕人喜歡新東西,True,8,medium,10,0,衣服,pinyin,衣服,yīfu,clothes,yīfu,N,"[""yīfu""]",,live,ok,,3
modern-chinese-l8-reading,第8課 短文：年輕人喜歡新東西,True,8,medium,10,0,衣服,pos,衣服,N,clothes,yīfu,N,[],,live,ok,,3
modern-chinese-l8-reading,第8課 短文：年輕人喜歡新東西,True,8,medium,10,0,衣服,cloze,我很喜歡看新車、新____。,衣服,clothes,yīfu,N,"[""朋友"", ""學校"", ""飯店""]",我很喜歡看新車、新衣服。,live,ok,,3
modern-chinese-l8-reading,第8課 短文：年輕人喜歡新東西,True,8,hard,10,0,衣服,translation,衣服,clothes,clothes,yīfu,N,[],,live,ok,,3
modern-chinese-l8-reading,第8課 短文：年輕人喜歡新東西,True,8,hard,10,0,衣服,pinyin,衣服,yīfu,clothes,yīfu,N,"[""yīfu""]",,live,ok,,3
modern-chinese-l8-reading,第8課 短文：年輕人喜歡新東西,True,8,hard,10,0,衣服,pos,衣服,N,clothes,yīfu,N,[],,live,ok,,3
modern-chinese-l8-reading,第8課 短文：年輕人喜歡新東西,True,8,hard,10,0,衣服,cloze,我很喜歡看新車、新____。,衣服,clothes,yīfu,N,"[""朋友"", ""學校"", ""飯店""]",我很喜歡看新車、新衣服。,live,ok,,3
modern-chinese-l8-reading,第8課 短文：年輕人喜歡新東西,True,8,easy,11,0,錢,translation,錢,money,money,qián,N,[],,live,ok,,3
modern-chinese-l8-reading,第8課 短文：年輕人喜歡新東西,True,8,easy,11,0,錢,pinyin,錢,qián,money,qián,N,"[""qián""]",,live,ok,,3
modern-chinese-l8-reading,第8課 短文：年輕人喜歡新東西,True,8,easy,11,0,錢,pos,錢,N,money,qián,N,[],,live,ok,,3
modern-chinese-l8-reading,第8課 短文：年輕人喜歡新東西,True,8,easy,11,0,錢,cloze,可是我的____不多。,錢,money,qián,N,"[""朋友"", ""學校"", ""飯店""]",可是我的錢不多。,live,ok,,3
modern-chinese-l8-reading,第8課 短文：年輕人喜歡新東西,True,8,medium,11,0,錢,translation,錢,money,money,qián,N,[],,live,ok,,3
modern-chinese-l8-reading,第8課 短文：年輕人喜歡新東西,True,8,medium,11,0,錢,pinyin,錢,qián,money,qián,N,"[""qián""]",,live,ok,,3
modern-chinese-l8-reading,第8課 短文：年輕人喜歡新東西,True,8,medium,11,0,錢,pos,錢,N,money,qián,N,[],,live,ok,,3
modern-chinese-l8-reading,第8課 短文：年輕人喜歡新東西,True,8,medium,11,0,錢,cloze,可是我的____不多。,錢,money,qián,N,"[""朋友"", ""學校"", ""飯店""]",可是我的錢不多。,live,ok,,3
modern-chinese-l8-reading,第8課 短文：年輕人喜歡新東西,True,8,hard,11,0,錢,translation,錢,money,money,qián,N,[],,live,ok,,3
modern-chinese-l8-reading,第8課 短文：年輕人喜歡新東西,True,8,hard,11,0,錢,pinyin,錢,qián,money,qián,N,"[""qián""]",,live,ok,,3
modern-chinese-l8-reading,第8課 短文：年輕人喜歡新東西,True,8,hard,11,0,錢,pos,錢,N,money,qián,N,[],,live,ok,,3
modern-chinese-l8-reading,第8課 短文：年輕人喜歡新東西,True,8,hard,11,0,錢,cloze,可是我的____不多。,錢,money,qián,N,"[""朋友"", ""學校"", ""飯店""]",可是我的錢不多。,live,ok,,3
