lesson_number,lesson_sub_order,story_id,story_title,published,learning_goal,narrative_mode,linear,first_frame_is_example,frame_index,image_url,prompt,prompt_medium,prompt_hard,suggested_answer,suggested_answer_medium,suggested_answer_hard,vocabulary,vocabulary_translation,vocabulary_pinyin,vocabulary_pos,phrases,phrases_translation,listen_script,listen_script_medium,listen_script_hard,frame_json
5,1,custom-story-1785137028726,我們去喝下午茶,True,"Students describe who, where, what happened, and how people solved the problem.",story,False,False,0,/uploads/images/custom-story-1785137028726-frame-1-645307.png,Introduce the place and the people.,,,友美，妳這個週末要做什麼？,友美，週末快到了，妳這個週末想做什麼？,友美，這個星期快結束了，妳週末打算做什麼？,"友美, 週末, 做, 這個週末, 什麼","friend's name, weekend, to do, this weekend, what","yǒu měi, zhōu mò, zuò, zhè ge zhōumò, shénme","N, N, V, Phrase, Other",這個週末,this weekend,友美，妳這個週末要做什麼？,,,"{""prompt"": ""Introduce the place and the people."", ""phrases"": ""這個週末"", ""imageUrl"": ""/uploads/images/custom-story-1785137028726-frame-1-645307.png"", ""promptHard"": null, ""vocabulary"": ""友美, 週末, 做, 這個週末, 什麼"", ""phrasesHard"": ""這個星期, 週末, 打算做什麼"", ""imageUrlHard"": ""/uploads/images/custom-story-1785137028726-frame-1-hard-210136.png"", ""listenScript"": ""友美，妳這個週末要做什麼？"", ""promptMedium"": null, ""phrasesMedium"": ""週末, 想做什麼"", ""vocabularyPos"": ""N, N, V, Phrase, Other"", ""grammarExample"": null, ""grammarPattern"": null, ""imageUrlMedium"": ""/uploads/images/custom-story-1785137028726-frame-1-medium-101434.png"", ""listenAudioUrl"": ""/uploads/audio/custom-story-1785137028726-frame-1-audio-539878.wav"", ""vocabularyHard"": ""友美, 這個, 星期, 快, 結束, 了, 妳, 週末, 打算, 做, 什麼"", ""suggestedAnswer"": ""友美，妳這個週末要做什麼？"", ""vocabularyCloze"": null, ""listenScriptHard"": null, ""vocabularyGroups"": null, ""vocabularyMedium"": ""友美, 週末, 快, 到了, 妳, 這個, 想, 做"", ""vocabularyPinyin"": ""yǒu měi, zhōu mò, zuò, zhè ge zhōumò, shénme"", ""listenAudioSource"": ""teacher"", ""vocabularyPosHard"": ""N, Particle, N, Adv, V, Particle, Pron, N, V, V, Other"", ""vocabularySynonym"": null, ""listenAudioUrlHard"": null, ""listenScriptMedium"": null, ""phrasesTranslation"": ""this weekend"", ""suggestedAnswerHard"": ""友美，這個星期快結束了，妳週末打算做什麼？"", ""vocabularyAudioUrls"": null, ""vocabularyPosMedium"": ""N, N, Adj, V, Pron, MW, V, V"", ""listenAudioUrlMedium"": null, ""vocabularyPinyinHard"": ""yǒu měi, zhè ge, xīng qī, kuài, jié shù, le, nǐ, zhōu mò, dǎ suàn, zuò, shén me"", ""listenAudioSourceHard"": null, ""suggestedAnswerMedium"": ""友美，週末快到了，妳這個週末想做什麼？"", ""vocabularyDistractors"": ""[[\""friendship\"",\""beauty\"",\""nickname\"",\""beautiful friend\"",\""nice person\""],[\""holiday\"",\""vacation\"",\""festival\"",\""leisure time\""],[\""create\"",\""build\"",\""prepare\"",\""to make\"",\""to create\"",\""to prepare\""]]"", ""vocabularyTranslation"": ""friend's name, weekend, to do, this weekend, what"", ""phrasesTranslationHard"": ""this week, weekend, plan to do what"", ""vocabularyPinyinMedium"": ""yǒu měi, zhōu mò, kuài, dào le, nǐ, zhè ge, xiǎng, zuò"", ""listenAudioSourceMedium"": null, ""sentenceReferenceCurves"": null, ""vocabularyAudioUrlsHard"": null, ""phrasesTranslationMedium"": ""weekend, want to do what"", ""vocabularyAudioUrlsMedium"": null, ""vocabularyReferenceCurves"": null, ""vocabularyTranslationHard"": ""friend's name, this, week, almost, end, completed action, you, weekend, plan to, do, what"", ""sentenceReferenceCurvesHard"": null, ""vocabularyTranslationMedium"": ""friend's name, weekend, soon, arrived, you, this, want to, do"", ""sentenceReferenceCurvesMedium"": null, ""vocabularyReferenceCurvesHard"": null, ""vocabularyReferenceCurvesMedium"": null}"
5,1,custom-story-1785137028726,我們去喝下午茶,True,"Students describe who, where, what happened, and how people solved the problem.",story,False,False,1,/uploads/images/custom-story-1785137028726-frame-2-645313.png,Describe the first event.,,,我要在家看書、聽音樂。,我想在家看書、聽音樂，好好休息。,這個星期我太忙了，所以週末想在家看書、聽音樂，好好休息一下。,"我, 要, 在, 家, 看書, 聽音樂","I, to want, at, home, to read, to listen to music","wǒ, yào, zài, jiā, kànshū, tīng yīnyuè","Pron, V, Prep, N, V, V",在家,at home,我要在家看書、聽音樂。,,,"{""prompt"": ""Describe the first event."", ""phrases"": ""在家"", ""imageUrl"": ""/uploads/images/custom-story-1785137028726-frame-2-645313.png"", ""promptHard"": null, ""vocabulary"": ""我, 要, 在, 家, 看書, 聽音樂"", ""phrasesHard"": ""這個星期, 好好休息, 週末"", ""imageUrlHard"": ""/uploads/images/custom-story-1785137028726-frame-2-hard-210139.png"", ""listenScript"": ""我要在家看書、聽音樂。"", ""promptMedium"": null, ""phrasesMedium"": ""好好休息, 在家"", ""vocabularyPos"": ""Pron, V, Prep, N, V, V"", ""grammarExample"": null, ""grammarPattern"": null, ""imageUrlMedium"": ""/uploads/images/custom-story-1785137028726-frame-2-medium-101437.png"", ""listenAudioUrl"": ""/uploads/audio/custom-story-1785137028726-frame-2-audio-513982.wav"", ""vocabularyHard"": ""這個星期, 太忙, 所以, 週末, 想, 在家, 看書, 聽音樂, 休息"", ""suggestedAnswer"": ""我要在家看書、聽音樂。"", ""vocabularyCloze"": null, ""listenScriptHard"": null, ""vocabularyGroups"": null, ""vocabularyMedium"": ""家, 書, 音樂, 休息"", ""vocabularyPinyin"": ""wǒ, yào, zài, jiā, kànshū, tīng yīnyuè"", ""listenAudioSource"": ""teacher"", ""vocabularyPosHard"": ""N, Adj, Particle, N, V, MW, V, V, V"", ""vocabularySynonym"": null, ""listenAudioUrlHard"": null, ""listenScriptMedium"": null, ""phrasesTranslation"": ""at home"", ""suggestedAnswerHard"": ""這個星期我太忙了，所以週末想在家看書、聽音樂，好好休息一下。"", ""vocabularyAudioUrls"": null, ""vocabularyPosMedium"": ""N, N, N, V"", ""listenAudioUrlMedium"": null, ""vocabularyPinyinHard"": ""zhè ge xīngqī, tài máng, suǒyǐ, zhōu mò, xiǎng, zài jiā, kàn shū, tīng yīnyuè, xiūxí"", ""listenAudioSourceHard"": null, ""suggestedAnswerMedium"": ""我想在家看書、聽音樂，好好休息。"", ""vocabularyDistractors"": ""[[\""we\"",\""us\"",\""ours\""],[\""need\"",\""must\"",\""should\"",\""to need\"",\""to require\"",\""to wish\""],[\""with\"",\""from\"",\""during\"",\""on\""],[\""office\"",\""school\"",\""store\"",\""household\"",\""family\"",\""village\""],[\""watch movie\"",\""play game\"",\""browse internet\"",\""to watch\"",\""to observe\"",\""to glance\""],[\""watch concert\"",\""play instrument\"",\""dance\"",\""to play music\"",\""to compose\"",\""to sing\""]]"", ""vocabularyTranslation"": ""I, to want, at, home, to read, to listen to music"", ""phrasesTranslationHard"": ""this week, rest well, weekend"", ""vocabularyPinyinMedium"": ""jiā, shū, yīnyuè, xiūxí"", ""listenAudioSourceMedium"": null, ""sentenceReferenceCurves"": null, ""vocabularyAudioUrlsHard"": null, ""phrasesTranslationMedium"": ""rest well, at home"", ""vocabularyAudioUrlsMedium"": null, ""vocabularyReferenceCurves"": null, ""vocabularyTranslationHard"": ""this week, too busy, so, weekend, want to, at home, read books, listen to music, rest"", ""sentenceReferenceCurvesHard"": null, ""vocabularyTranslationMedium"": ""home, book, music, rest"", ""sentenceReferenceCurvesMedium"": null, ""vocabularyReferenceCurvesHard"": null, ""vocabularyReferenceCurvesMedium"": null}"
5,1,custom-story-1785137028726,我們去喝下午茶,True,"Students describe who, where, what happened, and how people solved the problem.",story,False,False,2,/uploads/images/custom-story-1785137028726-frame-3-645329.png,Explain the problem or surprise.,,,妳星期六下午有空嗎？我們一起去喝下午茶，怎麼樣？,妳星期六下午有空嗎？我們一起去咖啡廳喝下午茶，怎麼樣？,如果妳星期六下午有空，我們一起去喝下午茶，怎麼樣？,"星期六, 下午, 有空, 一起, 喝, 下午茶","Saturday, afternoon, have time, together, drink, afternoon tea","xīngqīliù, xiàwǔ, yǒu kòng, yīqǐ, hē, xiàwǔchá","N, N, Phrase, Adv, V, N",怎麼樣,how about it,,,,"{""prompt"": ""Explain the problem or surprise."", ""phrases"": ""怎麼樣"", ""imageUrl"": ""/uploads/images/custom-story-1785137028726-frame-3-645329.png"", ""promptHard"": null, ""vocabulary"": ""星期六, 下午, 有空, 一起, 喝, 下午茶"", ""phrasesHard"": ""星期六下午, 有空, 怎麼樣"", ""imageUrlHard"": ""/uploads/images/custom-story-1785137028726-frame-3-hard-210141.png"", ""listenScript"": null, ""promptMedium"": null, ""phrasesMedium"": ""星期六下午, 怎麼樣"", ""vocabularyPos"": ""N, N, Phrase, Adv, V, N"", ""grammarExample"": null, ""grammarPattern"": null, ""imageUrlMedium"": ""/uploads/images/custom-story-1785137028726-frame-3-medium-101438.png"", ""listenAudioUrl"": null, ""vocabularyHard"": ""星期六, 下午, 有空, 一起, 喝, 下午茶"", ""suggestedAnswer"": ""妳星期六下午有空嗎？我們一起去喝下午茶，怎麼樣？"", ""vocabularyCloze"": null, ""listenScriptHard"": null, ""vocabularyGroups"": null, ""vocabularyMedium"": ""星期六, 下午, 咖啡廳, 喝, 下午茶"", ""vocabularyPinyin"": ""xīngqīliù, xiàwǔ, yǒu kòng, yīqǐ, hē, xiàwǔchá"", ""listenAudioSource"": null, ""vocabularyPosHard"": ""N, N, Phrase, Adv, V, N"", ""vocabularySynonym"": null, ""listenAudioUrlHard"": null, ""listenScriptMedium"": null, ""phrasesTranslation"": ""how about it"", ""suggestedAnswerHard"": ""如果妳星期六下午有空，我們一起去喝下午茶，怎麼樣？"", ""vocabularyAudioUrls"": null, ""vocabularyPosMedium"": ""N, N, N, V, N"", ""listenAudioUrlMedium"": null, ""vocabularyPinyinHard"": ""xīngqīliù, xiàwǔ, yǒu kòng, yīqǐ, hē, xiàwǔchá"", ""listenAudioSourceHard"": null, ""suggestedAnswerMedium"": ""妳星期六下午有空嗎？我們一起去咖啡廳喝下午茶，怎麼樣？"", ""vocabularyDistractors"": ""[[\""Sunday\"",\""Monday\"",\""Tuesday\"",\""Friday\""],[\""morning\"",\""evening\"",\""night\"",\""nighttime\""],[\""be busy\"",\""be free\"",\""have money\"",\""to be busy\"",\""to be free\"",\""to have leisure\""],[\""alone\"",\""separately\"",\""apart\""],[\""eat\"",\""smell\"",\""taste\"",\""to eat\"",\""to smell\"",\""to taste\""],[\""breakfast\"",\""lunch\"",\""dinner\"",\""morning coffee\"",\""evening snack\"",\""midnight meal\""]]"", ""vocabularyTranslation"": ""Saturday, afternoon, have time, together, drink, afternoon tea"", ""phrasesTranslationHard"": ""Saturday afternoon, have time, how about it"", ""vocabularyPinyinMedium"": ""xīngqīliù, xiàwǔ, kāfēitīng, hē, xiàwǔchá"", ""listenAudioSourceMedium"": null, ""sentenceReferenceCurves"": null, ""vocabularyAudioUrlsHard"": null, ""phrasesTranslationMedium"": ""Saturday afternoon, how about it"", ""vocabularyAudioUrlsMedium"": null, ""vocabularyReferenceCurves"": null, ""vocabularyTranslationHard"": ""Saturday, afternoon, have time, together, drink, afternoon tea"", ""sentenceReferenceCurvesHard"": null, ""vocabularyTranslationMedium"": ""Saturday, afternoon, cafe, to drink, afternoon tea"", ""sentenceReferenceCurvesMedium"": null, ""vocabularyReferenceCurvesHard"": null, ""vocabularyReferenceCurvesMedium"": null}"
5,1,custom-story-1785137028726,我們去喝下午茶,True,"Students describe who, where, what happened, and how people solved the problem.",story,False,False,3,/uploads/images/custom-story-1785137028726-frame-4-645331.png,Tell the result and feeling.,,,好啊！你想去哪裡？,好啊！可是你想去哪裡？,好啊！我很久沒喝下午茶了，你想去哪裡？,"好啊, 你, 想, 去, 哪裡","good, you, to want, to go, where","hǎo a, nǐ, xiǎng, qù, nǎlǐ","Phrase, Pron, V, V, N",去哪裡,go where,,,,"{""prompt"": ""Tell the result and feeling."", ""phrases"": ""去哪裡"", ""imageUrl"": ""/uploads/images/custom-story-1785137028726-frame-4-645331.png"", ""promptHard"": null, ""vocabulary"": ""好啊, 你, 想, 去, 哪裡"", ""phrasesHard"": ""很久沒, 你想去, 去哪裡"", ""imageUrlHard"": ""/uploads/images/custom-story-1785137028726-frame-4-hard-210143.png"", ""listenScript"": null, ""promptMedium"": null, ""phrasesMedium"": ""你想去, 去哪裡"", ""vocabularyPos"": ""Phrase, Pron, V, V, N"", ""grammarExample"": null, ""grammarPattern"": null, ""imageUrlMedium"": ""/uploads/images/custom-story-1785137028726-frame-4-medium-101446.png"", ""listenAudioUrl"": null, ""vocabularyHard"": ""好啊, 很久, 下午茶, 你, 去, 哪裡"", ""suggestedAnswer"": ""好啊！你想去哪裡？"", ""vocabularyCloze"": null, ""listenScriptHard"": null, ""vocabularyGroups"": null, ""vocabularyMedium"": ""好啊, 可是, 你, 想, 去, 哪裡"", ""vocabularyPinyin"": ""hǎo a, nǐ, xiǎng, qù, nǎlǐ"", ""listenAudioSource"": null, ""vocabularyPosHard"": ""Phrase, Adv, N, Pron, V, N"", ""vocabularySynonym"": null, ""listenAudioUrlHard"": null, ""listenScriptMedium"": null, ""phrasesTranslation"": ""go where"", ""suggestedAnswerHard"": ""好啊！我很久沒喝下午茶了，你想去哪裡？"", ""vocabularyAudioUrls"": null, ""vocabularyPosMedium"": ""Phrase, Conj, Pron, V, V, N"", ""listenAudioUrlMedium"": null, ""vocabularyPinyinHard"": ""hǎo a, hěn jiǔ, xiàwǔ chá, nǐ, qù, nǎlǐ"", ""listenAudioSourceHard"": null, ""suggestedAnswerMedium"": ""好啊！可是你想去哪裡？"", ""vocabularyDistractors"": ""[[\""bad\"",\""terrible\"",\""awful\""],[\""he\"",\""she\"",\""it\""],[\""forget\"",\""remember\"",\""know\"",\""to forget\"",\""to ignore\"",\""to neglect\""],[\""come\"",\""stay\"",\""return\"",\""to come\"",\""to stay\"",\""to remain\""],[\""when\"",\""why\"",\""how\""]]"", ""vocabularyTranslation"": ""good, you, to want, to go, where"", ""phrasesTranslationHard"": ""haven't for a long time, you want to go, where to go"", ""vocabularyPinyinMedium"": ""hǎo a, kěshì, nǐ, xiǎng, qù, nǎlǐ"", ""listenAudioSourceMedium"": null, ""sentenceReferenceCurves"": null, ""vocabularyAudioUrlsHard"": null, ""phrasesTranslationMedium"": ""you want to go, where to go"", ""vocabularyAudioUrlsMedium"": null, ""vocabularyReferenceCurves"": null, ""vocabularyTranslationHard"": ""good, a long time, afternoon tea, you, to go, where"", ""sentenceReferenceCurvesHard"": null, ""vocabularyTranslationMedium"": ""good, okay, but, you, to think, want, to go, where"", ""sentenceReferenceCurvesMedium"": null, ""vocabularyReferenceCurvesHard"": null, ""vocabularyReferenceCurvesMedium"": null}"
5,1,custom-story-1785137028726,我們去喝下午茶,True,"Students describe who, where, what happened, and how people solved the problem.",story,False,False,4,/uploads/images/custom-story-1785137028726-frame-5-645332.png,Revise the story with one clearer detail.,,,我知道一家很不錯的咖啡廳，那裡的冰淇淋很好吃。,我知道一家很不錯的咖啡廳，那裡的冰淇淋非常好吃。,我去過一家很不錯的咖啡廳，那裡的冰淇淋比別家的好吃。,"知道, 咖啡廳, 冰淇淋, 好吃","know, cafe, ice cream, delicious","zhīdào, kāfēitīng, bīngqílín, hǎochī","V, N, N, Adj",很好吃,tastes good,,,,"{""prompt"": ""Revise the story with one clearer detail."", ""phrases"": ""很好吃"", ""imageUrl"": ""/uploads/images/custom-story-1785137028726-frame-5-645332.png"", ""promptHard"": null, ""vocabulary"": ""知道, 咖啡廳, 冰淇淋, 好吃"", ""phrasesHard"": ""去過, 很不錯, 比別家的"", ""imageUrlHard"": ""/uploads/images/custom-story-1785137028726-frame-5-hard-210145.png"", ""listenScript"": null, ""promptMedium"": null, ""phrasesMedium"": ""很不錯, 非常好吃"", ""vocabularyPos"": ""V, N, N, Adj"", ""grammarExample"": null, ""grammarPattern"": null, ""imageUrlMedium"": ""/uploads/images/custom-story-1785137028726-frame-5-medium-101447.png"", ""listenAudioUrl"": null, ""vocabularyHard"": ""咖啡廳, 冰淇淋, 去, 不錯, 好吃"", ""suggestedAnswer"": ""我知道一家很不錯的咖啡廳，那裡的冰淇淋很好吃。"", ""vocabularyCloze"": null, ""listenScriptHard"": null, ""vocabularyGroups"": null, ""vocabularyMedium"": ""知道, 咖啡廳, 冰淇淋, 好吃"", ""vocabularyPinyin"": ""zhīdào, kāfēitīng, bīngqílín, hǎochī"", ""listenAudioSource"": null, ""vocabularyPosHard"": ""N, N, V, Adj, Adj"", ""vocabularySynonym"": null, ""listenAudioUrlHard"": null, ""listenScriptMedium"": null, ""phrasesTranslation"": ""tastes good"", ""suggestedAnswerHard"": ""我去過一家很不錯的咖啡廳，那裡的冰淇淋比別家的好吃。"", ""vocabularyAudioUrls"": null, ""vocabularyPosMedium"": ""V, N, N, Adj"", ""listenAudioUrlMedium"": null, ""vocabularyPinyinHard"": ""kā fēi tīng, bīng qí lín, qù, bù cuò, hǎo chī"", ""listenAudioSourceHard"": null, ""suggestedAnswerMedium"": ""我知道一家很不錯的咖啡廳，那裡的冰淇淋非常好吃。"", ""vocabularyDistractors"": ""[[\""ignore\"",\""forget\"",\""deny\"",\""to forget\"",\""to ignore\"",\""to misunderstand\""],[\""restaurant\"",\""bar\"",\""hotel\"",\""bookstore\"",\""library\"",\""museum\""],[\""cake\"",\""pastry\"",\""candy\"",\""frozen treat\"",\""cold dessert\"",\""sweet snack\""],[\""tasty\"",\""bitter\"",\""sour\"",\""spicy\""]]"", ""vocabularyTranslation"": ""know, cafe, ice cream, delicious"", ""phrasesTranslationHard"": ""have been to, very good, better than others"", ""vocabularyPinyinMedium"": ""zhīdào, kāfēitīng, bīngqílīn, hǎochī"", ""listenAudioSourceMedium"": null, ""sentenceReferenceCurves"": null, ""vocabularyAudioUrlsHard"": null, ""phrasesTranslationMedium"": ""very good, extremely delicious"", ""vocabularyAudioUrlsMedium"": null, ""vocabularyReferenceCurves"": null, ""vocabularyTranslationHard"": ""coffee shop, ice cream, go, good, delicious"", ""sentenceReferenceCurvesHard"": null, ""vocabularyTranslationMedium"": ""know, coffee shop, ice cream, delicious"", ""sentenceReferenceCurvesMedium"": null, ""vocabularyReferenceCurvesHard"": null, ""vocabularyReferenceCurvesMedium"": null}"
5,1,custom-story-1785137028726,我們去喝下午茶,True,"Students describe who, where, what happened, and how people solved the problem.",story,False,False,5,/uploads/images/custom-story-1785137028726-frame-6-645340.png,Finish with a lesson or next step.,,,他們有巧克力冰淇淋嗎？,真的嗎？他們有巧克力冰淇淋嗎？,真的嗎？他們有沒有巧克力冰淇淋？,"巧克力, 冰淇淋","chocolate, ice cream","qiǎokèlì, bīngqílīn","N, N",,,,,,"{""prompt"": ""Finish with a lesson or next step."", ""phrases"": null, ""imageUrl"": ""/uploads/images/custom-story-1785137028726-frame-6-645340.png"", ""promptHard"": null, ""vocabulary"": ""巧克力, 冰淇淋"", ""phrasesHard"": ""真的嗎, 有沒有, 巧克力冰淇淋"", ""imageUrlHard"": ""/uploads/images/custom-story-1785137028726-frame-6-hard-210146.png"", ""listenScript"": null, ""promptMedium"": null, ""phrasesMedium"": ""真的嗎"", ""vocabularyPos"": ""N, N"", ""grammarExample"": null, ""grammarPattern"": null, ""imageUrlMedium"": ""/uploads/images/custom-story-1785137028726-frame-6-medium-101447.png"", ""listenAudioUrl"": null, ""vocabularyHard"": ""真的, 巧克力, 冰淇淋, 嗎"", ""suggestedAnswer"": ""他們有巧克力冰淇淋嗎？"", ""vocabularyCloze"": null, ""listenScriptHard"": null, ""vocabularyGroups"": null, ""vocabularyMedium"": ""真的, 巧克力, 冰淇淋"", ""vocabularyPinyin"": ""qiǎokèlì, bīngqílīn"", ""listenAudioSource"": null, ""vocabularyPosHard"": ""Adv, N, N, Particle"", ""vocabularySynonym"": null, ""listenAudioUrlHard"": null, ""listenScriptMedium"": null, ""phrasesTranslation"": null, ""suggestedAnswerHard"": ""真的嗎？他們有沒有巧克力冰淇淋？"", ""vocabularyAudioUrls"": null, ""vocabularyPosMedium"": ""Adv, N, N"", ""listenAudioUrlMedium"": null, ""vocabularyPinyinHard"": ""zhēn de, qiǎo kè lì, bīng qí lín, ma"", ""listenAudioSourceHard"": null, ""suggestedAnswerMedium"": ""真的嗎？他們有巧克力冰淇淋嗎？"", ""vocabularyDistractors"": ""[[\""caramel\"",\""vanilla\"",\""strawberry\"",\""candy\"",\""cookie\"",\""pastry\""],[\""cake\"",\""pastry\"",\""candy\"",\""frozen treat\"",\""cold dessert\"",\""sweet snack\""]]"", ""vocabularyTranslation"": ""chocolate, ice cream"", ""phrasesTranslationHard"": ""really?, have or not, chocolate ice cream"", ""vocabularyPinyinMedium"": ""zhēn de, qiǎo kè lì, bīng qí lín"", ""listenAudioSourceMedium"": null, ""sentenceReferenceCurves"": null, ""vocabularyAudioUrlsHard"": null, ""phrasesTranslationMedium"": ""really?"", ""vocabularyAudioUrlsMedium"": null, ""vocabularyReferenceCurves"": null, ""vocabularyTranslationHard"": ""really, chocolate, ice cream, question marker"", ""sentenceReferenceCurvesHard"": null, ""vocabularyTranslationMedium"": ""really, chocolate, ice cream"", ""sentenceReferenceCurvesMedium"": null, ""vocabularyReferenceCurvesHard"": null, ""vocabularyReferenceCurvesMedium"": null}"
5,1,custom-story-1785137028726,我們去喝下午茶,True,"Students describe who, where, what happened, and how people solved the problem.",story,False,False,6,/uploads/images/custom-story-1785137028726-frame-7-645340.png,Add the detail about the ice-cream choices.,,,有啊！他們有很多種冰淇淋。,有啊！他們有很多種冰淇淋，每種都很好吃。,有啊！他們有很多種冰淇淋，我覺得巧克力的最好吃。,"有, 很多, 種, 冰淇淋","have, many, kind, ice cream","yǒu, hěn duō, zhǒng, bīngqílīn","V, Quant, MW, N",很多種,many kinds of,,,,"{""prompt"": ""Add the detail about the ice-cream choices."", ""phrases"": ""很多種"", ""imageUrl"": ""/uploads/images/custom-story-1785137028726-frame-7-645340.png"", ""promptHard"": null, ""vocabulary"": ""有, 很多, 種, 冰淇淋"", ""phrasesHard"": ""我覺得, 最好吃, 很多種"", ""imageUrlHard"": ""/uploads/images/custom-story-1785137028726-frame-7-hard-210150.png"", ""listenScript"": null, ""promptMedium"": null, ""phrasesMedium"": ""每種, 很好吃"", ""vocabularyPos"": ""V, Quant, MW, N"", ""grammarExample"": null, ""grammarPattern"": null, ""imageUrlMedium"": ""/uploads/images/custom-story-1785137028726-frame-7-medium-101456.png"", ""listenAudioUrl"": null, ""vocabularyHard"": ""冰淇淋, 巧克力, 最好吃"", ""suggestedAnswer"": ""有啊！他們有很多種冰淇淋。"", ""vocabularyCloze"": null, ""listenScriptHard"": null, ""vocabularyGroups"": null, ""vocabularyMedium"": ""冰淇淋, 種, 好吃"", ""vocabularyPinyin"": ""yǒu, hěn duō, zhǒng, bīngqílīn"", ""listenAudioSource"": null, ""vocabularyPosHard"": ""N, N, Adj"", ""vocabularySynonym"": null, ""listenAudioUrlHard"": null, ""listenScriptMedium"": null, ""phrasesTranslation"": ""many kinds of"", ""suggestedAnswerHard"": ""有啊！他們有很多種冰淇淋，我覺得巧克力的最好吃。"", ""vocabularyAudioUrls"": null, ""vocabularyPosMedium"": ""N, N, Adj"", ""listenAudioUrlMedium"": null, ""vocabularyPinyinHard"": ""bīngqílín, qiǎokèlì, zuì hǎo chī"", ""listenAudioSourceHard"": null, ""suggestedAnswerMedium"": ""有啊！他們有很多種冰淇淋，每種都很好吃。"", ""vocabularyDistractors"": ""[[\""lack\"",\""need\"",\""want\"",\""to lack\"",\""to need\"",\""to require\""],[\""few\"",\""little\"",\""none\"",\""a few\"",\""some\""],[\""type\"",\""style\"",\""brand\"",\""class\""],[\""cake\"",\""pastry\"",\""candy\"",\""frozen treat\"",\""cold dessert\"",\""sweet snack\""]]"", ""vocabularyTranslation"": ""have, many, kind, ice cream"", ""phrasesTranslationHard"": ""I think, tastes best, many kinds"", ""vocabularyPinyinMedium"": ""bīngqílín, zhǒng, hǎochī"", ""listenAudioSourceMedium"": null, ""sentenceReferenceCurves"": null, ""vocabularyAudioUrlsHard"": null, ""phrasesTranslationMedium"": ""each kind, very delicious"", ""vocabularyAudioUrlsMedium"": null, ""vocabularyReferenceCurves"": null, ""vocabularyTranslationHard"": ""ice cream, chocolate, tastiest"", ""sentenceReferenceCurvesHard"": null, ""vocabularyTranslationMedium"": ""ice cream, kind, delicious"", ""sentenceReferenceCurvesMedium"": null, ""vocabularyReferenceCurvesHard"": null, ""vocabularyReferenceCurvesMedium"": null}"
5,1,custom-story-1785137028726,我們去喝下午茶,True,"Students describe who, where, what happened, and how people solved the problem.",story,False,False,7,/uploads/images/custom-story-1785137028726-frame-8-645352.png,Add the meeting time.,,,我們這個星期六下午兩點半去吧。,太好了！我們這個星期六下午兩點半去吧。,太好了！那我們這個星期六下午兩點半去吧。,"星期六, 下午, 兩點半","Saturday, afternoon, two thirty","xīngqīliù, xiàwǔ, liǎng diǎn bàn","N, N, Time",這個星期六,this Saturday,,,,"{""prompt"": ""Add the meeting time."", ""phrases"": ""這個星期六"", ""imageUrl"": ""/uploads/images/custom-story-1785137028726-frame-8-645352.png"", ""promptHard"": null, ""vocabulary"": ""星期六, 下午, 兩點半"", ""phrasesHard"": ""這個星期六, 下午, 去吧"", ""imageUrlHard"": ""/uploads/images/custom-story-1785137028726-frame-8-hard-210151.png"", ""listenScript"": null, ""promptMedium"": null, ""phrasesMedium"": ""這個星期六, 下午兩點半"", ""vocabularyPos"": ""N, N, Time"", ""grammarExample"": null, ""grammarPattern"": null, ""imageUrlMedium"": ""/uploads/images/custom-story-1785137028726-frame-8-medium-101458.png"", ""listenAudioUrl"": null, ""vocabularyHard"": ""太好了, 星期六, 下午, 兩點半"", ""suggestedAnswer"": ""我們這個星期六下午兩點半去吧。"", ""vocabularyCloze"": null, ""listenScriptHard"": null, ""vocabularyGroups"": null, ""vocabularyMedium"": ""太好了, 星期六, 下午, 兩點半"", ""vocabularyPinyin"": ""xīngqīliù, xiàwǔ, liǎng diǎn bàn"", ""listenAudioSource"": null, ""vocabularyPosHard"": ""Phrase, N, N, Time"", ""vocabularySynonym"": null, ""listenAudioUrlHard"": null, ""listenScriptMedium"": null, ""phrasesTranslation"": ""this Saturday"", ""suggestedAnswerHard"": ""太好了！那我們這個星期六下午兩點半去吧。"", ""vocabularyAudioUrls"": null, ""vocabularyPosMedium"": ""Adj, N, N, Time"", ""listenAudioUrlMedium"": null, ""vocabularyPinyinHard"": ""tài hǎo le, xīng qī liù, xià wǔ, liǎng diǎn bàn"", ""listenAudioSourceHard"": null, ""suggestedAnswerMedium"": ""太好了！我們這個星期六下午兩點半去吧。"", ""vocabularyDistractors"": ""[[\""Sunday\"",\""Monday\"",\""Tuesday\"",\""Friday\""],[\""morning\"",\""evening\"",\""night\"",\""nighttime\""],[\""one o'clock\"",\""three o'clock\"",\""four o'clock\"",\""four thirty\""]]"", ""vocabularyTranslation"": ""Saturday, afternoon, two thirty"", ""phrasesTranslationHard"": ""this Saturday, afternoon, let's go"", ""vocabularyPinyinMedium"": ""tài hǎo le, xīng qī liù, xià wǔ, liǎng diǎn bàn"", ""listenAudioSourceMedium"": null, ""sentenceReferenceCurves"": null, ""vocabularyAudioUrlsHard"": null, ""phrasesTranslationMedium"": ""this Saturday, at two thirty in the afternoon"", ""vocabularyAudioUrlsMedium"": null, ""vocabularyReferenceCurves"": null, ""vocabularyTranslationHard"": ""great, Saturday, afternoon, two thirty"", ""sentenceReferenceCurvesHard"": null, ""vocabularyTranslationMedium"": ""great, Saturday, afternoon, two thirty"", ""sentenceReferenceCurvesMedium"": null, ""vocabularyReferenceCurvesHard"": null, ""vocabularyReferenceCurvesMedium"": null}"
5,1,custom-story-1785137028726,我們去喝下午茶,True,"Students describe who, where, what happened, and how people solved the problem.",story,False,False,8,/uploads/images/custom-story-1785137028726-frame-9-645365.png,Confirm the plan.,,,好。,好，星期六下午見！,好啊，那就星期六下午兩點半見！,好,good,hǎo,Adj,,,,,,"{""prompt"": ""Confirm the plan."", ""phrases"": null, ""imageUrl"": ""/uploads/images/custom-story-1785137028726-frame-9-645365.png"", ""promptHard"": null, ""vocabulary"": ""好"", ""phrasesHard"": ""星期六, 下午, 見"", ""imageUrlHard"": ""/uploads/images/custom-story-1785137028726-frame-9-hard-210156.png"", ""listenScript"": null, ""promptMedium"": null, ""phrasesMedium"": ""星期六, 見, 下午見"", ""vocabularyPos"": ""Adj"", ""grammarExample"": null, ""grammarPattern"": null, ""imageUrlMedium"": ""/uploads/images/custom-story-1785137028726-frame-9-medium-101461.png"", ""listenAudioUrl"": null, ""vocabularyHard"": ""好, 星期六, 下午, 兩點半, 見"", ""suggestedAnswer"": ""好。"", ""vocabularyCloze"": null, ""listenScriptHard"": null, ""vocabularyGroups"": null, ""vocabularyMedium"": ""好, 星期六, 見, 下午"", ""vocabularyPinyin"": ""hǎo"", ""listenAudioSource"": null, ""vocabularyPosHard"": ""Adj, N, N, Time, V"", ""vocabularySynonym"": null, ""listenAudioUrlHard"": null, ""listenScriptMedium"": null, ""phrasesTranslation"": null, ""suggestedAnswerHard"": ""好啊，那就星期六下午兩點半見！"", ""vocabularyAudioUrls"": null, ""vocabularyPosMedium"": ""Adj, N, V, N"", ""listenAudioUrlMedium"": null, ""vocabularyPinyinHard"": ""hǎo, xīngqīliù, xiàwǔ, liǎng diǎn bàn, jiàn"", ""listenAudioSourceHard"": null, ""suggestedAnswerMedium"": ""好，星期六下午見！"", ""vocabularyDistractors"": ""[[\""bad\"",\""terrible\"",\""awful\"",\""excellent\""]]"", ""vocabularyTranslation"": ""good"", ""phrasesTranslationHard"": ""Saturday, afternoon, see you"", ""vocabularyPinyinMedium"": ""hǎo, xīngqīliù, jiàn, xiàwǔ"", ""listenAudioSourceMedium"": null, ""sentenceReferenceCurves"": null, ""vocabularyAudioUrlsHard"": null, ""phrasesTranslationMedium"": ""Saturday, see you, see you in the afternoon"", ""vocabularyAudioUrlsMedium"": null, ""vocabularyReferenceCurves"": null, ""vocabularyTranslationHard"": ""good, Saturday, afternoon, two thirty, see"", ""sentenceReferenceCurvesHard"": null, ""vocabularyTranslationMedium"": ""good, Saturday, see, afternoon"", ""sentenceReferenceCurvesMedium"": null, ""vocabularyReferenceCurvesHard"": null, ""vocabularyReferenceCurvesMedium"": null}"
5,2,custom-story-1785235297869,我的錢包在哪裡？,True,"Students describe who, where, what happened, and how people solved the problem.",story,False,False,0,/uploads/images/custom-story-1785235297869-frame-1-259160.png,Introduce the place and the people.,,,媽，我跟友美要去喝下午茶，可是我的錢包不在房間裡。,媽，我跟友美兩點半要去喝下午茶，可是我的錢包不見了，房間裡到處都沒有。,媽，我跟友美兩點半要去喝下午茶，可是我找了半天還是沒有，我快遲到了。,"媽, 友美, 下午茶, 錢包, 房間","mom, friend's name, afternoon tea, wallet, room","mā, yǒuměi, xiàwǔchá, qiánbāo, fángjiān","N, N, N, N, N",要去,going to,,,,"{""prompt"": ""Introduce the place and the people."", ""phrases"": ""要去"", ""imageUrl"": ""/uploads/images/custom-story-1785235297869-frame-1-259160.png"", ""promptHard"": null, ""vocabulary"": ""媽, 友美, 下午茶, 錢包, 房間"", ""phrasesHard"": ""要去, 半天, 快遲到了"", ""imageUrlHard"": ""/uploads/images/custom-story-1785235297869-frame-1-hard-259174.png"", ""listenScript"": null, ""promptMedium"": null, ""phrasesMedium"": ""到處都沒有, 要去"", ""vocabularyPos"": ""N, N, N, N, N"", ""grammarExample"": null, ""grammarPattern"": null, ""imageUrlMedium"": ""/uploads/images/custom-story-1785235297869-frame-1-medium-259172.png"", ""listenAudioUrl"": null, ""vocabularyHard"": ""媽, 友美, 兩點半, 去, 喝, 下午茶, 找, 半天, 遲到"", ""suggestedAnswer"": ""媽，我跟友美要去喝下午茶，可是我的錢包不在房間裡。"", ""vocabularyCloze"": ""[[],[],[],[],[]]"", ""listenScriptHard"": null, ""vocabularyGroups"": null, ""vocabularyMedium"": ""媽, 友美, 兩點半, 去, 喝, 下午茶, 錢包, 房間, 到處"", ""vocabularyPinyin"": ""mā, yǒuměi, xiàwǔchá, qiánbāo, fángjiān"", ""vocabularyPosHard"": ""N, N, Time, V, V, N, V, MW, V"", ""vocabularySynonym"": ""[[],[],[],[],[]]"", ""listenAudioUrlHard"": null, ""listenScriptMedium"": null, ""phrasesTranslation"": ""going to"", ""suggestedAnswerHard"": ""媽，我跟友美兩點半要去喝下午茶，可是我找了半天還是沒有，我快遲到了。"", ""vocabularyLookalike"": ""[[],[],[],[],[]]"", ""vocabularyPosMedium"": ""N, N, Time, V, V, N, N, N, Adv"", ""listenAudioUrlMedium"": null, ""vocabularyPinyinHard"": ""mā, yǒuměi, liǎng diǎn bàn, qù, hē, xiàwǔ chá, zhǎo, bàn tiān, chídào"", ""suggestedAnswerMedium"": ""媽，我跟友美兩點半要去喝下午茶，可是我的錢包不見了，房間裡到處都沒有。"", ""vocabularyDistractors"": ""[[\""aunt\"",\""sister\"",\""grandma\"",\""nanny\"",\""governess\"",\""housekeeper\"",\""auntie\"",\""matriarch\""],[\""classmate\"",\""neighbor\"",\""coworker\"",\""pen pal\"",\""acquaintance\"",\""class president\""],[\""morning coffee\"",\""dinner party\"",\""midnight snack\"",\""lunch break\"",\""coffee time\"",\""happy hour\"",\""brunch\"",\""dessert\""],[\""phone\"",\""keys\"",\""purse\"",\""checkbook\"",\""credit card\"",\""receipt\"",\""clutch\"",\""pouch\""],[\""garden\"",\""kitchen\"",\""attic\"",\""corridor\"",\""stairway\"",\""elevator\"",\""suite\"",\""unit\""]]"", ""vocabularyTranslation"": ""mom, friend's name, afternoon tea, wallet, room"", ""phrasesTranslationHard"": ""going to, half a day, almost late"", ""vocabularyPinyinMedium"": ""mā, yǒuměi, liǎng diǎn bàn, qù, hē, xiàwǔ chá, qiánbāo, fángjiān, dàochù"", ""phrasesTranslationMedium"": ""nowhere to be found, going to"", ""vocabularyTranslationHard"": ""mom, friend's name, two thirty, go, drink, afternoon tea, look for, half a day, be late"", ""vocabularyTranslationMedium"": ""mom, friend's name, two thirty, go, drink, afternoon tea, wallet, room, everywhere""}"
5,2,custom-story-1785235297869,我的錢包在哪裡？,True,"Students describe who, where, what happened, and how people solved the problem.",story,False,False,1,/uploads/images/custom-story-1785235297869-frame-2-259175.png,Describe the first event.,,,客廳的桌子上有一個錢包，是不是你的？,我記得客廳的桌子上有一個錢包，那個是不是你的？,我剛剛看過，客廳的桌子上有一個錢包，那個是不是你的？,"客廳, 桌子, 錢包","living room, table, wallet","kè tīng, zhuō zǐ, qián bāo","N, N, N",是不是,is it,,,,"{""prompt"": ""Describe the first event."", ""phrases"": ""是不是"", ""imageUrl"": ""/uploads/images/custom-story-1785235297869-frame-2-259175.png"", ""promptHard"": null, ""vocabulary"": ""客廳, 桌子, 錢包"", ""phrasesHard"": ""剛剛看過, 是不是, 桌子上"", ""imageUrlHard"": ""/uploads/images/custom-story-1785235297869-frame-2-hard-259194.png"", ""listenScript"": null, ""promptMedium"": null, ""phrasesMedium"": ""桌子上, 是不是"", ""vocabularyPos"": ""N, N, N"", ""grammarExample"": null, ""grammarPattern"": null, ""imageUrlMedium"": ""/uploads/images/custom-story-1785235297869-frame-2-medium-259191.png"", ""listenAudioUrl"": null, ""vocabularyHard"": ""剛剛, 客廳, 桌子, 錢包"", ""suggestedAnswer"": ""客廳的桌子上有一個錢包，是不是你的？"", ""vocabularyCloze"": ""[[],[],[]]"", ""listenScriptHard"": null, ""vocabularyGroups"": null, ""vocabularyMedium"": ""記得, 客廳, 桌子, 錢包"", ""vocabularyPinyin"": ""kè tīng, zhuō zǐ, qián bāo"", ""vocabularyPosHard"": ""Adv, N, N, N"", ""vocabularySynonym"": ""[[],[],[]]"", ""listenAudioUrlHard"": null, ""listenScriptMedium"": null, ""phrasesTranslation"": ""is it"", ""suggestedAnswerHard"": ""我剛剛看過，客廳的桌子上有一個錢包，那個是不是你的？"", ""vocabularyLookalike"": ""[[],[],[]]"", ""vocabularyPosMedium"": ""V, N, N, N"", ""listenAudioUrlMedium"": null, ""vocabularyPinyinHard"": ""gānggāng, kètīng, zhuōzi, qiánbāo"", ""suggestedAnswerMedium"": ""我記得客廳的桌子上有一個錢包，那個是不是你的？"", ""vocabularyDistractors"": ""[[\""bedroom\"",\""office\"",\""basement\"",\""garden\"",\""park\"",\""playground\"",\""lobby\"",\""foyer\""],[\""chair\"",\""bookshelf\"",\""cabinet\"",\""shelf\"",\""counter\"",\""rack\""],[\""phone\"",\""keys\"",\""purse\"",\""checkbook\"",\""credit card\"",\""receipt\""]]"", ""vocabularyTranslation"": ""living room, table, wallet"", ""phrasesTranslationHard"": ""just saw, is it, on the table"", ""vocabularyPinyinMedium"": ""jìde, kètīng, zhuōzi, qiánbāo"", ""phrasesTranslationMedium"": ""on the table, is it"", ""vocabularyTranslationHard"": ""just now, living room, table, wallet"", ""vocabularyTranslationMedium"": ""remember, living room, table, wallet""}"
5,2,custom-story-1785235297869,我的錢包在哪裡？,True,"Students describe who, where, what happened, and how people solved the problem.",story,False,False,2,/uploads/images/custom-story-1785235297869-frame-3-259203.png,Explain the problem or surprise.,,,那不是我的，是哥哥的。我的錢包不在客廳裡。,那個不是我的，是哥哥的。客廳我每個地方都看了，真的沒有。,那個比我的大一點，是哥哥的。客廳我也找過了，真的沒有。,"哥哥, 錢包, 客廳","older brother, wallet, living room","gēge, qiánbāo, kètīng","N, N, N",不在,not in,,,,"{""prompt"": ""Explain the problem or surprise."", ""phrases"": ""不在"", ""imageUrl"": ""/uploads/images/custom-story-1785235297869-frame-3-259203.png"", ""promptHard"": null, ""vocabulary"": ""哥哥, 錢包, 客廳"", ""phrasesHard"": ""比我的大, 我也找過了, 真的沒有"", ""imageUrlHard"": ""/uploads/images/custom-story-1785235297869-frame-3-hard-259219.png"", ""listenScript"": null, ""promptMedium"": null, ""phrasesMedium"": ""每個地方, 真的沒有"", ""vocabularyPos"": ""N, N, N"", ""grammarExample"": null, ""grammarPattern"": null, ""imageUrlMedium"": ""/uploads/images/custom-story-1785235297869-frame-3-medium-259210.png"", ""listenAudioUrl"": null, ""vocabularyHard"": ""哥哥, 客廳, 找"", ""suggestedAnswer"": ""那不是我的，是哥哥的。我的錢包不在客廳裡。"", ""vocabularyCloze"": ""[[],[],[]]"", ""listenScriptHard"": null, ""vocabularyGroups"": null, ""vocabularyMedium"": ""哥哥, 客廳, 地方"", ""vocabularyPinyin"": ""gēge, qiánbāo, kètīng"", ""vocabularyPosHard"": ""N, N, V"", ""vocabularySynonym"": ""[[],[],[]]"", ""listenAudioUrlHard"": null, ""listenScriptMedium"": null, ""phrasesTranslation"": ""not in"", ""suggestedAnswerHard"": ""那個比我的大一點，是哥哥的。客廳我也找過了，真的沒有。"", ""vocabularyLookalike"": ""[[],[],[]]"", ""vocabularyPosMedium"": ""N, N, N"", ""listenAudioUrlMedium"": null, ""vocabularyPinyinHard"": ""gēge, kètīng, zhǎo"", ""suggestedAnswerMedium"": ""那個不是我的，是哥哥的。客廳我每個地方都看了，真的沒有。"", ""vocabularyDistractors"": ""[[\""father\"",\""uncle\"",\""cousin\"",\""male cousin\"",\""stepbrother\"",\""nephew\""],[\""checkbook\"",\""credit card\"",\""receipt\""],[\""garden\"",\""park\"",\""playground\""]]"", ""vocabularyTranslation"": ""older brother, wallet, living room"", ""phrasesTranslationHard"": ""bigger than mine, I've also looked for, really don't have"", ""vocabularyPinyinMedium"": ""gēge, kètīng, dìfang"", ""phrasesTranslationMedium"": ""every place, really no"", ""vocabularyTranslationHard"": ""older brother, living room, to find"", ""vocabularyTranslationMedium"": ""older brother, living room, place""}"
5,2,custom-story-1785235297869,我的錢包在哪裡？,True,"Students describe who, where, what happened, and how people solved the problem.",story,False,False,3,/uploads/images/custom-story-1785235297869-frame-4-259226.png,Tell the result and feeling.,,,沙發下面呢？,沙發下面呢？你找了沒有？,沙發下面呢？那裡最容易掉東西了。,"沙發, 下面","sofa, underneath","shāfā, xiàmian","N, Loc",下面,underneath,,,,"{""prompt"": ""Tell the result and feeling."", ""phrases"": ""下面"", ""imageUrl"": ""/uploads/images/custom-story-1785235297869-frame-4-259226.png"", ""promptHard"": null, ""vocabulary"": ""沙發, 下面"", ""phrasesHard"": ""下面呢, 最容易, 掉東西"", ""imageUrlHard"": ""/uploads/images/custom-story-1785235297869-frame-4-hard-259239.png"", ""listenScript"": null, ""promptMedium"": null, ""phrasesMedium"": ""下面呢, 找了沒有"", ""vocabularyPos"": ""N, Loc"", ""grammarExample"": null, ""grammarPattern"": null, ""imageUrlMedium"": ""/uploads/images/custom-story-1785235297869-frame-4-medium-259231.png"", ""listenAudioUrl"": null, ""vocabularyHard"": ""沙發, 下面, 那裡, 最容易, 掉, 東西"", ""suggestedAnswer"": ""沙發下面呢？"", ""vocabularyCloze"": ""[[],[]]"", ""listenScriptHard"": null, ""vocabularyGroups"": null, ""vocabularyMedium"": ""沙發, 下面, 找"", ""vocabularyPinyin"": ""shāfā, xiàmian"", ""vocabularyPosHard"": ""N, Loc, Adv, Adv, V, N"", ""vocabularySynonym"": ""[[],[]]"", ""listenAudioUrlHard"": null, ""listenScriptMedium"": null, ""phrasesTranslation"": ""underneath"", ""suggestedAnswerHard"": ""沙發下面呢？那裡最容易掉東西了。"", ""vocabularyLookalike"": ""[[],[]]"", ""vocabularyPosMedium"": ""N, Loc, V"", ""listenAudioUrlMedium"": null, ""vocabularyPinyinHard"": ""shāfā, xiàmian, nàlǐ, zuì róngyì, diào, dōngxi"", ""suggestedAnswerMedium"": ""沙發下面呢？你找了沒有？"", ""vocabularyDistractors"": ""[[\""recliner\"",\""love seat\"",\""futon\"",\""daybed\"",\""couchette\""],[\""on the edge\"",\""in the middle\"",\""at the top\"",\""within\"",\""among\"",\""amidst\""]]"", ""vocabularyTranslation"": ""sofa, underneath"", ""phrasesTranslationHard"": ""underneath, easiest to, drop things"", ""vocabularyPinyinMedium"": ""shāfā, xiàmian, zhǎo"", ""phrasesTranslationMedium"": ""what's below, have you found"", ""vocabularyTranslationHard"": ""sofa, underneath, there, easiest, to drop, things"", ""vocabularyTranslationMedium"": ""sofa, underneath, to find""}"
5,2,custom-story-1785235297869,我的錢包在哪裡？,True,"Students describe who, where, what happened, and how people solved the problem.",story,False,False,4,/uploads/images/custom-story-1785235297869-frame-5-259242.png,Revise the story with one clearer detail.,,,沙發上面、下面跟旁邊都沒有。媽，妳幫我找，好嗎？,沙發上面、下面跟旁邊我都找了，還是沒有。媽，妳幫幫我，好不好？,沙發上面、下面跟旁邊我都找過了。媽，如果妳有空，幫我一起找，好嗎？,"沙發, 上面, 下面, 旁邊, 媽, 幫, 好嗎","sofa, on top, below, beside, mom, help, okay?","shāfā, shàngmiàn, xiàmiàn, pángbiān, mā, bāng, hǎo ma","N, Loc, Loc, Loc, N, V, Phrase",上面、下面跟旁邊,everywhere around,,,,"{""prompt"": ""Revise the story with one clearer detail."", ""phrases"": ""上面、下面跟旁邊"", ""imageUrl"": ""/uploads/images/custom-story-1785235297869-frame-5-259242.png"", ""promptHard"": null, ""vocabulary"": ""沙發, 上面, 下面, 旁邊, 媽, 幫, 好嗎"", ""phrasesHard"": ""上面, 下面, 幫我一起"", ""imageUrlHard"": ""/uploads/images/custom-story-1785235297869-frame-5-hard-259252.png"", ""listenScript"": null, ""promptMedium"": null, ""phrasesMedium"": ""上面、下面跟旁邊, 幫幫我"", ""vocabularyPos"": ""N, Loc, Loc, Loc, N, V, Phrase"", ""grammarExample"": null, ""grammarPattern"": null, ""imageUrlMedium"": ""/uploads/images/custom-story-1785235297869-frame-5-medium-259252.png"", ""listenAudioUrl"": null, ""vocabularyHard"": ""沙發, 上面, 下面, 旁邊, 媽, 幫, 空, 好嗎"", ""suggestedAnswer"": ""沙發上面、下面跟旁邊都沒有。媽，妳幫我找，好嗎？"", ""vocabularyCloze"": ""[[],[],[],[],[],[],[]]"", ""listenScriptHard"": null, ""vocabularyGroups"": null, ""vocabularyMedium"": ""沙發, 上面, 下面, 旁邊, 媽, 幫幫, 好不好"", ""vocabularyPinyin"": ""shāfā, shàngmiàn, xiàmiàn, pángbiān, mā, bāng, hǎo ma"", ""vocabularyPosHard"": ""N, Loc, Loc, Loc, N, V, Adj, Phrase"", ""vocabularySynonym"": ""[[],[],[],[],[],[],[]]"", ""listenAudioUrlHard"": null, ""listenScriptMedium"": null, ""phrasesTranslation"": ""everywhere around"", ""suggestedAnswerHard"": ""沙發上面、下面跟旁邊我都找過了。媽，如果妳有空，幫我一起找，好嗎？"", ""vocabularyLookalike"": ""[[],[],[],[],[],[],[]]"", ""vocabularyPosMedium"": ""N, Loc, Loc, Loc, N, V, Phrase"", ""listenAudioUrlMedium"": null, ""vocabularyPinyinHard"": ""shāfā, shàngmian, xiàmian, pángbiān, mā, bāng, kòng, hǎo ma"", ""suggestedAnswerMedium"": ""沙發上面、下面跟旁邊我都找了，還是沒有。媽，妳幫幫我，好不好？"", ""vocabularyDistractors"": ""[[\""recliner\"",\""love seat\"",\""futon\""],[\""in front\"",\""behind\"",\""between\"",\""against\"",\""alongside\"",\""adjacent to\""],[\""on the edge\"",\""in the middle\"",\""at the top\""],[\""opposite\"",\""diagonal\"",\""adjacent\"",\""across from\"",\""facing\"",\""in line with\""],[\""nanny\"",\""governess\"",\""housekeeper\""],[\""hinder\"",\""obstruct\"",\""delay\"",\""support\"",\""assist\"",\""accompany\""],[\""yes\"",\""no\"",\""maybe\"",\""is that alright\"",\""are you sure\"",\""does that work\""]]"", ""vocabularyTranslation"": ""sofa, on top, below, beside, mom, help, okay?"", ""phrasesTranslationHard"": ""on top, below, help me together"", ""vocabularyPinyinMedium"": ""shāfā, shàngmian, xiàmian, pángbiān, mā, bāngbāng, hǎo bù hǎo"", ""phrasesTranslationMedium"": ""everywhere, help me"", ""vocabularyTranslationHard"": ""sofa, top, bottom, side, mom, help, free, is it okay?"", ""vocabularyTranslationMedium"": ""sofa, top, bottom, side, mom, help, is it okay""}"
5,2,custom-story-1785235297869,我的錢包在哪裡？,True,"Students describe who, where, what happened, and how people solved the problem.",story,False,False,5,/uploads/images/custom-story-1785235297869-frame-6-259252.png,Finish with a lesson or next step.,,,我很忙，現在要去廚房做飯，你再去房間找吧。,我現在很忙，快要去廚房做飯了，你自己再去房間找一次吧。,我今天真的沒空，現在要去廚房做飯，你再去房間仔細找一次吧。,"忙, 廚房, 做飯, 房間","busy, kitchen, cook meal, room","máng, chúfáng, zuò fàn, fángjiān","Adj, N, V, N",現在要去,now going to,,,,"{""prompt"": ""Finish with a lesson or next step."", ""phrases"": ""現在要去"", ""imageUrl"": ""/uploads/images/custom-story-1785235297869-frame-6-259252.png"", ""promptHard"": null, ""vocabulary"": ""忙, 廚房, 做飯, 房間"", ""phrasesHard"": ""真的沒空, 去廚房, 仔細找"", ""imageUrlHard"": ""/uploads/images/custom-story-1785235297869-frame-6-hard-259252.png"", ""listenScript"": null, ""promptMedium"": null, ""phrasesMedium"": ""自己再去, 找一次"", ""vocabularyPos"": ""Adj, N, V, N"", ""grammarExample"": null, ""grammarPattern"": null, ""imageUrlMedium"": ""/uploads/images/custom-story-1785235297869-frame-6-medium-259252.png"", ""listenAudioUrl"": null, ""vocabularyHard"": ""今天, 廚房, 做飯, 房間, 仔細"", ""suggestedAnswer"": ""我很忙，現在要去廚房做飯，你再去房間找吧。"", ""vocabularyCloze"": ""[[],[],[],[]]"", ""listenScriptHard"": null, ""vocabularyGroups"": null, ""vocabularyMedium"": ""現在, 廚房, 做飯, 房間"", ""vocabularyPinyin"": ""máng, chúfáng, zuò fàn, fángjiān"", ""vocabularyPosHard"": ""N, N, V, N, Adv"", ""vocabularySynonym"": ""[[],[],[],[]]"", ""listenAudioUrlHard"": null, ""listenScriptMedium"": null, ""phrasesTranslation"": ""now going to"", ""suggestedAnswerHard"": ""我今天真的沒空，現在要去廚房做飯，你再去房間仔細找一次吧。"", ""vocabularyLookalike"": ""[[],[],[],[]]"", ""vocabularyPosMedium"": ""Adv, N, V, N"", ""listenAudioUrlMedium"": null, ""vocabularyPinyinHard"": ""jīntiān, chúfáng, zuòfàn, fángjiān, zǐxì"", ""suggestedAnswerMedium"": ""我現在很忙，快要去廚房做飯了，你自己再去房間找一次吧。"", ""vocabularyDistractors"": ""[[\""tired\"",\""relaxed\"",\""excited\"",\""stressed\"",\""preoccupied\""],[\""pantry\"",\""laundry\"",\""bathroom\"",\""dining area\"",\""break room\""],[\""bake cake\"",\""make tea\"",\""grill meat\"",\""bake\"",\""grill\"",\""barbecue\""],[\""corridor\"",\""stairway\"",\""elevator\""]]"", ""vocabularyTranslation"": ""busy, kitchen, cook meal, room"", ""phrasesTranslationHard"": ""really have no time, go to the kitchen, search carefully"", ""vocabularyPinyinMedium"": ""xiàn zài, chú fáng, zuò fàn, fáng jiān"", ""phrasesTranslationMedium"": ""go by yourself again, look again"", ""vocabularyTranslationHard"": ""today, kitchen, cook meal, room, carefully"", ""vocabularyTranslationMedium"": ""now, kitchen, cook, room""}"
5,2,custom-story-1785235297869,我的錢包在哪裡？,True,"Students describe who, where, what happened, and how people solved the problem.",story,False,False,6,/uploads/images/custom-story-1785235297869-frame-7-259265.png,Finish by saying where the wallet is.,,,啊！在這裡！錢包在我的書下面。,啊！在這裡！原來錢包在我的書下面。,啊！找到了！原來錢包一直在我的書下面。,"錢包, 書, 下面","wallet, book, underneath","qiánbāo, shū, xiàmian","N, N, Loc",在這裡,here,,,,"{""prompt"": ""Finish by saying where the wallet is."", ""phrases"": ""在這裡"", ""imageUrl"": ""/uploads/images/custom-story-1785235297869-frame-7-259265.png"", ""promptHard"": null, ""vocabulary"": ""錢包, 書, 下面"", ""phrasesHard"": ""找到了, 原來, 在我的"", ""imageUrlHard"": ""/uploads/images/custom-story-1785235297869-frame-7-hard-259277.png"", ""listenScript"": null, ""promptMedium"": null, ""phrasesMedium"": ""在這裡, 在我的"", ""vocabularyPos"": ""N, N, Loc"", ""grammarExample"": null, ""grammarPattern"": null, ""imageUrlMedium"": ""/uploads/images/custom-story-1785235297869-frame-7-medium-259265.png"", ""listenAudioUrl"": null, ""vocabularyHard"": ""啊, 找到了, 原來, 錢包, 書, 下面"", ""suggestedAnswer"": ""啊！在這裡！錢包在我的書下面。"", ""vocabularyCloze"": ""[[],[],[]]"", ""listenScriptHard"": null, ""vocabularyGroups"": null, ""vocabularyMedium"": ""啊, 在這裡, 原來, 錢包, 書, 下面"", ""vocabularyPinyin"": ""qiánbāo, shū, xiàmian"", ""vocabularyPosHard"": ""Particle, V, Adv, N, N, Loc"", ""vocabularySynonym"": ""[[],[],[]]"", ""listenAudioUrlHard"": null, ""listenScriptMedium"": null, ""phrasesTranslation"": ""here"", ""suggestedAnswerHard"": ""啊！找到了！原來錢包一直在我的書下面。"", ""vocabularyLookalike"": ""[[],[],[]]"", ""vocabularyPosMedium"": ""Particle, Phrase, Adv, N, N, Loc"", ""listenAudioUrlMedium"": null, ""vocabularyPinyinHard"": ""à, zhǎodàole, yuánlái, qiánbāo, shū, xiàmian"", ""suggestedAnswerMedium"": ""啊！在這裡！原來錢包在我的書下面。"", ""vocabularyDistractors"": ""[[\""checkbook\"",\""credit card\"",\""receipt\""],[\""magazine\"",\""newspaper\"",\""pamphlet\"",\""manual\"",\""guide\"",\""textbook\""],[\""on the edge\"",\""in the middle\"",\""at the top\""]]"", ""vocabularyTranslation"": ""wallet, book, underneath"", ""phrasesTranslationHard"": ""found it, it turns out, under mine"", ""vocabularyPinyinMedium"": ""à, zài zhè lǐ, yuán lái, qián bāo, shū, xià miàn"", ""phrasesTranslationMedium"": ""here, in my"", ""vocabularyTranslationHard"": ""ah, found, originally, wallet, book, underneath"", ""vocabularyTranslationMedium"": ""ah, here, originally, wallet, book, underneath""}"
5,3,custom-story-1785310310407,我的房間,True,"Students describe who, where, what happened, and how people solved the problem.",story,False,False,0,/uploads/images/custom-story-1785310310407-frame-1-513754.png,Introduce the place and the people.,,,我的房間裡有一張桌子、一張床跟一張沙發。,我的房間不大，可是很舒服，裡面有一張桌子、一張床跟一張沙發。,我的房間雖然不大，可是我很喜歡，裡面有一張桌子、一張床跟一張沙發。,"房間, 桌子, 床, 沙發","room, table, bed, sofa","fángjiān, zhuōzi, chuáng, shāfā","N, N, N, N",跟,and,,,,"{""prompt"": ""Introduce the place and the people."", ""phrases"": ""跟"", ""imageUrl"": ""/uploads/images/custom-story-1785310310407-frame-1-513754.png"", ""promptHard"": null, ""vocabulary"": ""房間, 桌子, 床, 沙發"", ""phrasesHard"": ""雖然不大, 很喜歡, 裡面有一張"", ""imageUrlHard"": ""/uploads/images/custom-story-1785310310407-frame-1-hard-513765.png"", ""listenScript"": null, ""promptMedium"": null, ""phrasesMedium"": ""可是很, 裡面有一張"", ""vocabularyPos"": ""N, N, N, N"", ""grammarExample"": null, ""grammarPattern"": null, ""imageUrlMedium"": ""/uploads/images/custom-story-1785310310407-frame-1-medium-513762.png"", ""listenAudioUrl"": null, ""vocabularyHard"": ""房間, 雖然, 桌子, 床, 沙發, 喜歡"", ""suggestedAnswer"": ""我的房間裡有一張桌子、一張床跟一張沙發。"", ""vocabularyCloze"": ""[[{\""sentence\"":\""我房間的窗戶很大。\"",\""distractors\"":[\""教室\"",\""客廳\"",\""廚房\""]},{\""sentence\"":\""我最喜歡在我的房間裡學習。\"",\""distractors\"":[\""教室\"",\""圖書館\"",\""公園\""]}],[{\""sentence\"":\""我的房間裡有一張桌子。\"",\""distractors\"":[\""沙發\"",\""床\"",\""椅子\""]},{\""sentence\"":\""客廳裡有一張很大的桌子。\"",\""distractors\"":[\""椅子\"",\""床\"",\""電視機\""]}],[{\""sentence\"":\""我每天晚上都會睡在床上。\"",\""distractors\"":[\""桌子\"",\""沙發\"",\""地板\""]}],[{\""sentence\"":\""我最喜歡在沙發上看電視。\"",\""distractors\"":[\""床\"",\""桌子\"",\""地毯\""]},{\""sentence\"":\""我最喜歡在沙發上看書。\"",\""distractors\"":[\""床\"",\""桌子\"",\""書架\""]}]]"", ""listenScriptHard"": null, ""vocabularyGroups"": null, ""vocabularyMedium"": ""房間, 舒服, 桌子, 床, 沙發"", ""vocabularyPinyin"": ""fángjiān, zhuōzi, chuáng, shāfā"", ""vocabularyPosHard"": ""N, Adv, N, N, N, V"", ""vocabularySynonym"": ""[[],[],[],[]]"", ""listenAudioUrlHard"": null, ""listenScriptMedium"": null, ""phrasesTranslation"": ""and"", ""suggestedAnswerHard"": ""我的房間雖然不大，可是我很喜歡，裡面有一張桌子、一張床跟一張沙發。"", ""vocabularyLookalike"": ""[[\""芳間\"",\""方間\"",\""防間\"",\""芳香\"",\""方正\"",\""防護\""],[\""碇子\"",\""箋子\"",\""脹子\"",\""碇點\"",\""箋紙\"",\""脹氣\""],[\""凳\"",\""被\"",\""騈\"",\""凳子\"",\""被單\"",\""騈鬧\""],[\""砂發\"",\""殺發\"",\""傻發\"",\""砂石\"",\""殺傷\"",\""傻笑\""]]"", ""vocabularyPosMedium"": ""N, Adj, N, N, N"", ""listenAudioUrlMedium"": null, ""vocabularyPinyinHard"": ""fángjiān, suīrán, zhuōzi, chuáng, shāfā, xǐhuān"", ""suggestedAnswerMedium"": ""我的房間不大，可是很舒服，裡面有一張桌子、一張床跟一張沙發。"", ""vocabularyDistractors"": ""[[\""cellar\"",\""basement\"",\""garage\"",\""den\"",\""parlor\"",\""study\""],[\""desk\"",\""shelf\"",\""cabinet\"",\""counter\"",\""bar\"",\""bench\""],[\""couch\"",\""mattress\"",\""pillow\"",\""cot\"",\""hammock\"",\""recliner\""],[\""ottoman\"",\""footstool\"",\""beanbag\"",\""daybed\"",\""divan\"",\""settee\""]]"", ""vocabularyTranslation"": ""room, table, bed, sofa"", ""phrasesTranslationHard"": ""not big, like very much, has a"", ""vocabularyPinyinMedium"": ""fángjiān, shūfu, zhuōzi, chuáng, shāfā"", ""phrasesTranslationMedium"": ""but very, there is a"", ""vocabularyTranslationHard"": ""room, although, table, bed, sofa, like"", ""vocabularyTranslationMedium"": ""room, comfortable, table, bed, sofa""}"
5,3,custom-story-1785310310407,我的房間,True,"Students describe who, where, what happened, and how people solved the problem.",story,False,False,1,/uploads/images/custom-story-1785310310407-frame-2-513767.png,Describe the first event.,,,沙發前面有一台很新的電視機，可是我不常看電視，我最喜歡在沙發上看書。,沙發前面有一台非常新的電視機，可是我平常不看電視，最喜歡坐在沙發上看書。,沙發前面那台電視機很新，可是我已經很久沒看電視了，我覺得在沙發上看書最舒服。,"沙發, 電視機, 新的, 看書, 看電視","sofa, TV, new, read books, watch TV","shāfā, diànshìjī, xīn de, kàn shū, kàn diànshì","N, N, Adj, V, V",前面,in front of,,,,"{""prompt"": ""Describe the first event."", ""phrases"": ""前面"", ""imageUrl"": ""/uploads/images/custom-story-1785310310407-frame-2-513767.png"", ""promptHard"": null, ""vocabulary"": ""沙發, 電視機, 新的, 看書, 看電視"", ""phrasesHard"": ""前面, 很久沒, 最舒服"", ""imageUrlHard"": ""/uploads/images/custom-story-1785310310407-frame-2-hard-513780.png"", ""listenScript"": null, ""promptMedium"": null, ""phrasesMedium"": ""前面, 最喜歡"", ""vocabularyPos"": ""N, N, Adj, V, V"", ""grammarExample"": null, ""grammarPattern"": null, ""imageUrlMedium"": ""/uploads/images/custom-story-1785310310407-frame-2-medium-513777.png"", ""listenAudioUrl"": null, ""vocabularyHard"": ""沙發, 電視機, 很, 新, 看, 覺得, 舒服"", ""suggestedAnswer"": ""沙發前面有一台很新的電視機，可是我不常看電視，我最喜歡在沙發上看書。"", ""vocabularyCloze"": ""[[{\""sentence\"":\""我最喜歡在沙發上看電視。\"",\""distractors\"":[\""床\"",\""桌子\"",\""地毯\""]},{\""sentence\"":\""我最喜歡在沙發上看書。\"",\""distractors\"":[\""床\"",\""桌子\"",\""書架\""]}],[{\""sentence\"":\""客廳裡有一臺新的電視機。\"",\""distractors\"":[\""電腦\"",\""收音機\"",\""電話\""]}],[{\""sentence\"":\""我買了一臺新的手機。\"",\""distractors\"":[\""舊的\"",\""大 的\"",\""紅色的\""]},{\""sentence\"":\""我買了一臺新的電腦。\"",\""distractors\"":[\""大的\"",\""小的\"",\""舊的\""]}],[{\""sentence\"":\""我最喜歡看書。\"",\""distractors\"":[\""看電影\"",\""玩遊戲\"",\""聽音樂\""]}],[{\""sentence\"":\""我每天晚上都會看電視。\"",\""distractors\"":[\""看電影\"",\""玩遊戲\"",\""讀報紙\""]}]]"", ""listenScriptHard"": null, ""vocabularyGroups"": null, ""vocabularyMedium"": ""沙發, 電視機, 非常, 新的, 看書, 看電視"", ""vocabularyPinyin"": ""shāfā, diànshìjī, xīn de, kàn shū, kàn diànshì"", ""vocabularyPosHard"": ""N, N, Adv, Adj, V, V, Adj"", ""vocabularySynonym"": ""[[],[{\""synonym\"":\""電視\"",\""distractors\"":[\""電腦\"",\""收音機\"",\""冰箱\""]}],[],[{\""synonym\"":\""閱讀\"",\""distractors\"":[\""看電影\"",\""聽音樂\"",\""玩遊戲\""]}],[{\""synonym\"":\""觀看電視\"",\""distractors\"":[\""看電影\"",\""玩電腦\"",\""聽收音機\""]}]]"", ""listenAudioUrlHard"": null, ""listenScriptMedium"": null, ""phrasesTranslation"": ""in front of"", ""suggestedAnswerHard"": ""沙發前面那台電視機很新，可是我已經很久沒看電視了，我覺得在沙發上看書最舒服。"", ""vocabularyLookalike"": ""[[\""砂發\"",\""殺發\"",\""傻發\"",\""砂石\"",\""殺傷\"",\""傻笑\""],[\""電視姬\"",\""電視忌\"",\""電視幾\"",\""電梯\"",\""電視塔\"",\""電腦\""],[\""年底\"",\""年歲\"",\""年歲的\"",\""年輕\"",\""年齡\""],[\""勞書\"",\""考書\"",\""口書\"",\""勞動\"",\""考試\"",\""口才\""],[\""勞電視\"",\""考電視\"",\""口電視\"",\""勞累\"",\""考慮\"",\""口語\""]]"", ""vocabularyPosMedium"": ""N, N, Adv, Adj, V, V"", ""listenAudioUrlMedium"": null, ""vocabularyPinyinHard"": ""shāfā, diànshìjī, hěn, xīn, kàn, juédé, shūfu"", ""suggestedAnswerMedium"": ""沙發前面有一台非常新的電視機，可是我平常不看電視，最喜歡坐在沙發上看書。"", ""vocabularyDistractors"": ""[[\""ottoman\"",\""footstool\"",\""beanbag\"",\""daybed\"",\""divan\"",\""settee\""],[\""radio\"",\""computer\"",\""projector\"",\""monitor\"",\""screen\"",\""console\""],[\""expensive\"",\""foreign\"",\""complex\"",\""modern\"",\""fashionable\"",\""trendy\""],[\""write books\"",\""buy books\"",\""collect books\"",\""study texts\"",\""review notes\"",\""skim articles\""],[\""play video games\"",\""listen to music\"",\""browse internet\"",\""stream videos\"",\""play games\"",\""browse channels\""]]"", ""vocabularyTranslation"": ""sofa, TV, new, read books, watch TV"", ""phrasesTranslationHard"": ""in front of, haven't for a long time, most comfortable"", ""vocabularyPinyinMedium"": ""shāfā, diànshìjī, fēicháng, xīn de, kàn shū, kàn diànshì"", ""phrasesTranslationMedium"": ""in front of, love to"", ""vocabularyTranslationHard"": ""sofa, TV, very, new, watch, feel, comfortable"", ""vocabularyTranslationMedium"": ""sofa, TV set, very, new, read books, watch TV""}"
5,3,custom-story-1785310310407,我的房間,True,"Students describe who, where, what happened, and how people solved the problem.",story,False,False,2,/uploads/images/custom-story-1785310310407-frame-3-513784.png,Explain the problem or surprise.,,,我的書很多，有中文書，也有英文書。,我的書很多，中文書、英文書我都有，每一本都很好看。,我的書很多，中文書、英文書我都看過，常看的幾本放在桌子上。,"書, 很多, 中文, 英文","book, many, Chinese language, English language","shū, hěn duō, zhōng wén, yīng wén","N, Quant, N, N",有中文書，也有英文書,have both Chinese and English books,,,,"{""prompt"": ""Explain the problem or surprise."", ""phrases"": ""有中文書，也有英文書"", ""imageUrl"": ""/uploads/images/custom-story-1785310310407-frame-3-513784.png"", ""promptHard"": null, ""vocabulary"": ""書, 很多, 中文, 英文"", ""phrasesHard"": ""很多, 放在, 幾本"", ""imageUrlHard"": ""/uploads/images/custom-story-1785310310407-frame-3-hard-513794.png"", ""listenScript"": null, ""promptMedium"": null, ""phrasesMedium"": ""我都有, 每一本"", ""vocabularyPos"": ""N, Quant, N, N"", ""grammarExample"": null, ""grammarPattern"": null, ""imageUrlMedium"": ""/uploads/images/custom-story-1785310310407-frame-3-medium-513792.png"", ""listenAudioUrl"": null, ""vocabularyHard"": ""書, 中文書, 英文書, 桌子, 看"", ""suggestedAnswer"": ""我的書很多，有中文書，也有英文書。"", ""vocabularyCloze"": ""[[{\""sentence\"":\""我有一本很厚的書。\"",\""distractors\"":[\""雜誌\"",\""報紙\"",\""照片\""]}],[{\""sentence\"":\""我有很多的朋友。\"",\""distractors\"":[\""很少\"",\""太多\"",\""幾個\""]}],[{\""sentence\"":\""我會說中文。\"",\""distractors\"":[\""英文\"",\""日文\"",\""韓文\""]}],[{\""sentence\"":\""我正在學英文。\"",\""distractors\"":[\""中文\"",\""日文\"",\""韓文\""]}]]"", ""listenScriptHard"": null, ""vocabularyGroups"": null, ""vocabularyMedium"": ""書, 中文書, 英文書, 每一本, 好看"", ""vocabularyPinyin"": ""shū, hěn duō, zhōng wén, yīng wén"", ""vocabularyPosHard"": ""N, N, N, N, V"", ""vocabularySynonym"": ""[[],[{\""synonym\"":\""大量\"",\""distractors\"":[\""少量\"",\""小數\"",\""輕便\""]}],[{\""synonym\"":\""漢語\"",\""distractors\"":[\""英文\"",\""日語\"",\""法語\""]}],[{\""synonym\"":\""英語\"",\""distractors\"":[\""中文\"",\""日語\"",\""德語\""]}]]"", ""listenAudioUrlHard"": null, ""listenScriptMedium"": null, ""phrasesTranslation"": ""have both Chinese and English books"", ""suggestedAnswerHard"": ""我的書很多，中文書、英文書我都看過，常看的幾本放在桌子上。"", ""vocabularyLookalike"": ""[[\""樹\"",\""輸\"",\""術\""],[\""費了\"",\""非了\"",\""匪了\"",\""非法\"",\""匪徒\"",\""飛躍\""],[\""川津\"",\""川震\"",\""川真\"",\""川流\"",\""川島\"",\""川菜\""],[\""園林\"",\""園蔭\"",\""圓林\"",\""園藝\"",\""圓舞\""]]"", ""vocabularyPosMedium"": ""N, N, N, MW, Adj"", ""listenAudioUrlMedium"": null, ""vocabularyPinyinHard"": ""shū, zhōngwénshū, yīngwénshū, zhuōzi, kàn"", ""suggestedAnswerMedium"": ""我的書很多，中文書、英文書我都有，每一本都很好看。"", ""vocabularyDistractors"": ""[[\""magazine\"",\""newspaper\"",\""pamphlet\"",\""manual\"",\""guide\"",\""brochure\""],[\""enough\"",\""sufficient\"",\""excessive\"",\""plenty\"",\""abundant\"",\""numerous\""],[\""dialect\"",\""slang\"",\""jargon\"",\""Mandarin dialect\"",\""Taiwanese language\"",\""Cantonese\""],[\""slang\"",\""colloquialism\"",\""idiom\"",\""American language\"",\""British dialect\"",\""Australian slang\""]]"", ""vocabularyTranslation"": ""book, many, Chinese language, English language"", ""phrasesTranslationHard"": ""a lot, put on, a few"", ""vocabularyPinyinMedium"": ""shū, zhōngwénshū, yīngwénshū, měi yī běn, hǎokàn"", ""phrasesTranslationMedium"": ""I also have, each one"", ""vocabularyTranslationHard"": ""book, Chinese book, English book, table, to read"", ""vocabularyTranslationMedium"": ""book, Chinese book, English book, each one, good-looking""}"
5,3,custom-story-1785310310407,我的房間,True,"Students describe who, where, what happened, and how people solved the problem.",story,False,False,3,/uploads/images/custom-story-1785310310407-frame-4-513797.png,Tell the result and feeling.,,,我房間的窗戶很大，我的貓喜歡在窗戶旁邊曬太陽。,我房間的窗戶很大，每天下午我的貓都喜歡在窗戶旁邊曬太陽。,我房間的窗戶比房門還大，所以我的貓每天下午都在窗戶旁邊曬太陽。,"房間, 窗戶, 大, 貓, 喜歡, 曬太陽","room, window, big, cat, like, sunbathe","fángjiān, chuāng hù, dà, māo, xǐ huān, shài tài yáng","N, N, Adj, N, V, V",在窗戶旁邊,by the window,,,,"{""prompt"": ""Tell the result and feeling."", ""phrases"": ""在窗戶旁邊"", ""imageUrl"": ""/uploads/images/custom-story-1785310310407-frame-4-513797.png"", ""promptHard"": null, ""vocabulary"": ""房間, 窗戶, 大, 貓, 喜歡, 曬太陽"", ""phrasesHard"": ""所以, 每天下午"", ""imageUrlHard"": ""/uploads/images/custom-story-1785310310407-frame-4-hard-513808.png"", ""listenScript"": null, ""promptMedium"": null, ""phrasesMedium"": ""每天下午, 在窗戶旁邊"", ""vocabularyPos"": ""N, N, Adj, N, V, V"", ""grammarExample"": null, ""grammarPattern"": null, ""imageUrlMedium"": ""/uploads/images/custom-story-1785310310407-frame-4-medium-513806.png"", ""listenAudioUrl"": null, ""vocabularyHard"": ""房間, 窗戶, 房門, 貓, 下午, 曬太陽"", ""suggestedAnswer"": ""我房間的窗戶很大，我的貓喜歡在窗戶旁邊曬太陽。"", ""vocabularyCloze"": ""[[{\""sentence\"":\""我房間的窗戶很大。\"",\""distractors\"":[\""教室\"",\""客廳\"",\""廚房\""]},{\""sentence\"":\""我最喜歡在我的房間裡學習。\"",\""distractors\"":[\""教室\"",\""圖書館\"",\""公園\""]}],[{\""sentence\"":\""我房間的窗戶很大。\"",\""distractors\"":[\""門\"",\""牆\"",\""地板\""]}],[{\""sentence\"":\""我房間的窗戶很大。\"",\""distractors\"":[\""小\"",\""紅\"",\""圓\""]}],[{\""sentence\"":\""我有一隻很可愛的貓。\"",\""distractors\"":[\""狗\"",\""鳥\"",\""魚\""]}],[{\""sentence\"":\""我喜歡吃水果。\"",\""distractors\"":[\""討厭\"",\""愛\"",\""恨\""]}],[{\""sentence\"":\""我的貓喜歡在窗戶旁邊曬太陽。\"",\""distractors\"":[\""看書\"",\""玩遊戲\"",\""聽音樂\""]}]]"", ""listenScriptHard"": null, ""vocabularyGroups"": null, ""vocabularyMedium"": ""房間, 窗戶, 下午, 貓, 喜歡, 曬太陽"", ""vocabularyPinyin"": ""fángjiān, chuāng hù, dà, māo, xǐ huān, shài tài yáng"", ""vocabularyPosHard"": ""N, N, N, N, N, V"", ""vocabularySynonym"": ""[[],[{\""synonym\"":\""窗\"",\""distractors\"":[\""門\"",\""牆\"",\""天花板\""]}],[{\""synonym\"":\""巨大\"",\""distractors\"":[\""小\"",\""快\"",\""遠\""]}],[],[{\""synonym\"":\""愛好\"",\""distractors\"":[\""討厭\"",\""害怕\"",\""忽視\""]}],[]]"", ""listenAudioUrlHard"": null, ""listenScriptMedium"": null, ""phrasesTranslation"": ""by the window"", ""suggestedAnswerHard"": ""我房間的窗戶比房門還大，所以我的貓每天下午都在窗戶旁邊曬太陽。"", ""vocabularyLookalike"": ""[[\""芳間\"",\""方間\"",\""防間\"",\""芳香\"",\""方正\"",\""防護\""],[\""窓戶\"",\""朊戶\"",\""頸戶\"",\""朊粒\"",\""頸部\"",\""頸飾\""],[\""太\"",\""戴\"",\""歹\"",\""太陽\"",\""戴帽\"",\""歹徒\""],[\""蟲\"",\""蛆\"",\""鼷\"",\""蟲子\"",\""蛆蟲\"",\""鼷鼠\""],[\""希懇\"",\""禧懇\"",\""曦懇\"",\""希求\"",\""禧年\"",\""曦光\""],[\""硯太陽\"",\""硯太空\"",\""硯太虛\"",\""硯臺\"",\""硯墨\"",\""硯石\""]]"", ""vocabularyPosMedium"": ""N, N, N, N, V, V"", ""listenAudioUrlMedium"": null, ""vocabularyPinyinHard"": ""fángjiān, chuāngwū, fángmén, māo, xiàwǔ, shài tàiyáng"", ""suggestedAnswerMedium"": ""我房間的窗戶很大，每天下午我的貓都喜歡在窗戶旁邊曬太陽。"", ""vocabularyDistractors"": ""[[\""cellar\"",\""basement\"",\""garage\"",\""den\"",\""parlor\"",\""study\""],[\""door\"",\""gate\"",\""fence\"",\""skylight\"",\""porthole\"",\""transom\""],[\""old\"",\""heavy\"",\""expensive\"",\""tall\"",\""long\"",\""wide\""],[\""dog\"",\""bird\"",\""fish\"",\""kitten\"",\""tomcat\"",\""tabby\""],[\""hate\"",\""fear\"",\""ignore\"",\""enjoy\"",\""appreciate\"",\""adore\""],[\""take a walk\"",\""go for a run\"",\""play sports\"",\""get a tan\"",\""soak up rays\"",\""bask in warmth\""]]"", ""vocabularyTranslation"": ""room, window, big, cat, like, sunbathe"", ""phrasesTranslationHard"": ""so, every afternoon"", ""vocabularyPinyinMedium"": ""fángjiān, chuāng hù, xiàwǔ, māo, xǐ huān, shài tài yáng"", ""phrasesTranslationMedium"": ""every afternoon, by the window"", ""vocabularyTranslationHard"": ""room, window, door, cat, afternoon, bask in the sun"", ""vocabularyTranslationMedium"": ""room, window, afternoon, cat, like, sunbathe""}"
6,1,modern-chinese-l6-dialogue-1,第6課 對話一：週末去打網球吧！,True,Modern Chinese Book 1：依課文圖片練習中文口說。,story,True,False,0,/uploads/images/lesson-6-8-full-v3-final/l6d1-1.png,請看圖，說出這一句。,請用完整句子說明。,請加上原因或感受。,國安：今天天氣不錯，海邊的風景也很漂亮，我想去游泳，你們想去嗎？,國安：今天天氣不錯，海邊的風景也很漂亮，我想去游泳，你們想去嗎，你覺得呢？,國安：今天天氣不錯，海邊的風景也很漂亮，我想去游泳，你們想去嗎，如果有空，我們一起去，好嗎？,"天氣,風景,漂亮,游泳","weather, scenery, beautiful, to swim","tiānqì, fēngjǐng, piàoliang, yóuyǒng","N, N, Adj, V",,,,,,"{""prompt"": ""請看圖，說出這一句。"", ""phrases"": null, ""imageUrl"": ""/uploads/images/lesson-6-8-full-v3-final/l6d1-1.png"", ""promptHard"": ""請加上原因或感受。"", ""vocabulary"": ""天氣,風景,漂亮,游泳"", ""phrasesHard"": null, ""imageUrlHard"": ""/uploads/images/lesson-6-8-full-v3-final/l6d1-1.png"", ""listenScript"": null, ""promptMedium"": ""請用完整句子說明。"", ""phrasesMedium"": null, ""vocabularyPos"": ""N, N, Adj, V"", ""grammarExample"": null, ""grammarPattern"": null, ""imageUrlMedium"": ""/uploads/images/lesson-6-8-full-v3-final/l6d1-1.png"", ""listenAudioUrl"": null, ""vocabularyHard"": ""天氣,風景,漂亮,游泳"", ""suggestedAnswer"": ""國安：今天天氣不錯，海邊的風景也很漂亮，我想去游泳，你們想去嗎？"", ""vocabularyCloze"": ""[[{\""sentence\"":\""國安：今天天氣不錯，海邊的風景也很漂亮，我想去游泳，你們想去嗎？\"",\""distractors\"":[\""朋友\"",\""學校\"",\""飯店\""]}],[{\""sentence\"":\""國安：今天天氣不錯，海邊的風景也很漂亮，我想去游泳，你們想去嗎？\"",\""distractors\"":[\""朋友\"",\""學校\"",\""飯店\""]}],[{\""sentence\"":\""國安：今天天氣不錯，海邊的風景也很漂亮，我想去游泳，你們想去嗎？\"",\""distractors\"":[\""方便\"",\""有趣\""]}],[{\""sentence\"":\""國安：今天天氣不錯，海邊的風景也很漂亮，我想去游泳，你們想去嗎？\"",\""distractors\"":[\""跑步\"",\""休息\""]}]]"", ""listenScriptHard"": null, ""vocabularyGroups"": null, ""vocabularyMedium"": ""天氣,風景,漂亮,游泳"", ""vocabularyPinyin"": ""tiānqì, fēngjǐng, piàoliang, yóuyǒng"", ""listenAudioSource"": null, ""vocabularyPosHard"": null, ""vocabularySynonym"": ""[[],[],[],[]]"", ""listenAudioUrlHard"": null, ""listenScriptMedium"": null, ""phrasesTranslation"": null, ""suggestedAnswerHard"": ""國安：今天天氣不錯，海邊的風景也很漂亮，我想去游泳，你們想去嗎，如果有空，我們一起去，好嗎？"", ""vocabularyAudioUrls"": null, ""vocabularyLookalike"": ""[[],[],[],[]]"", ""vocabularyPosMedium"": null, ""listenAudioUrlMedium"": null, ""vocabularyPinyinHard"": null, ""listenAudioSourceHard"": null, ""suggestedAnswerMedium"": ""國安：今天天氣不錯，海邊的風景也很漂亮，我想去游泳，你們想去嗎，你覺得呢？"", ""vocabularyDistractors"": ""[[],[],[],[]]"", ""vocabularyTranslation"": ""weather, scenery, beautiful, to swim"", ""phrasesTranslationHard"": null, ""vocabularyPinyinMedium"": null, ""listenAudioSourceMedium"": null, ""sentenceReferenceCurves"": null, ""vocabularyAudioUrlsHard"": null, ""phrasesTranslationMedium"": null, ""vocabularyAudioUrlsMedium"": null, ""vocabularyReferenceCurves"": null, ""vocabularyTranslationHard"": null, ""sentenceReferenceCurvesHard"": null, ""vocabularyTranslationMedium"": null, ""sentenceReferenceCurvesMedium"": null, ""vocabularyReferenceCurvesHard"": null, ""vocabularyReferenceCurvesMedium"": null}"
6,1,modern-chinese-l6-dialogue-1,第6課 對話一：週末去打網球吧！,True,Modern Chinese Book 1：依課文圖片練習中文口說。,story,True,False,1,/uploads/images/lesson-6-8-full-v3-final/l6d1-2.png,請看圖，說出這一句。,請用完整句子說明。,請加上原因或感受。,友美：我不會游泳。宜文，你會游泳嗎？,友美：我不會游泳。宜文，你會游泳嗎，你覺得呢？,友美：我不會游泳。宜文，你會游泳嗎，如果有空，我們一起去，好嗎？,游泳,to swim,yóuyǒng,V,,,,,,"{""prompt"": ""請看圖，說出這一句。"", ""phrases"": null, ""imageUrl"": ""/uploads/images/lesson-6-8-full-v3-final/l6d1-2.png"", ""promptHard"": ""請加上原因或感受。"", ""vocabulary"": ""游泳"", ""phrasesHard"": null, ""imageUrlHard"": ""/uploads/images/lesson-6-8-full-v3-final/l6d1-2.png"", ""listenScript"": null, ""promptMedium"": ""請用完整句子說明。"", ""phrasesMedium"": null, ""vocabularyPos"": ""V"", ""grammarExample"": null, ""grammarPattern"": null, ""imageUrlMedium"": ""/uploads/images/lesson-6-8-full-v3-final/l6d1-2.png"", ""listenAudioUrl"": null, ""vocabularyHard"": ""游泳"", ""suggestedAnswer"": ""友美：我不會游泳。宜文，你會游泳嗎？"", ""vocabularyCloze"": ""[[]]"", ""listenScriptHard"": null, ""vocabularyGroups"": null, ""vocabularyMedium"": ""游泳"", ""vocabularyPinyin"": ""yóuyǒng"", ""listenAudioSource"": null, ""vocabularyPosHard"": null, ""vocabularySynonym"": ""[[]]"", ""listenAudioUrlHard"": null, ""listenScriptMedium"": null, ""phrasesTranslation"": null, ""suggestedAnswerHard"": ""友美：我不會游泳。宜文，你會游泳嗎，如果有空，我們一起去，好嗎？"", ""vocabularyAudioUrls"": null, ""vocabularyLookalike"": ""[[]]"", ""vocabularyPosMedium"": null, ""listenAudioUrlMedium"": null, ""vocabularyPinyinHard"": null, ""listenAudioSourceHard"": null, ""suggestedAnswerMedium"": ""友美：我不會游泳。宜文，你會游泳嗎，你覺得呢？"", ""vocabularyDistractors"": ""[[]]"", ""vocabularyTranslation"": ""to swim"", ""phrasesTranslationHard"": null, ""vocabularyPinyinMedium"": null, ""listenAudioSourceMedium"": null, ""sentenceReferenceCurves"": null, ""vocabularyAudioUrlsHard"": null, ""phrasesTranslationMedium"": null, ""vocabularyAudioUrlsMedium"": null, ""vocabularyReferenceCurves"": null, ""vocabularyTranslationHard"": null, ""sentenceReferenceCurvesHard"": null, ""vocabularyTranslationMedium"": null, ""sentenceReferenceCurvesMedium"": null, ""vocabularyReferenceCurvesHard"": null, ""vocabularyReferenceCurvesMedium"": null}"
6,1,modern-chinese-l6-dialogue-1,第6課 對話一：週末去打網球吧！,True,Modern Chinese Book 1：依課文圖片練習中文口說。,story,True,False,2,/uploads/images/lesson-6-8-full-v3-final/l6d1-3.png,請看圖，說出這一句。,請用完整句子說明。,請加上原因或感受。,宜文：我會游泳，可是游得不太好。,宜文：我會游泳，可是游得不太好，我覺得很好。,宜文：我會游泳，可是游得不太好，所以我們可以一起去，你覺得怎麼樣？,游泳,to swim,yóuyǒng,V,,,,,,"{""prompt"": ""請看圖，說出這一句。"", ""phrases"": null, ""imageUrl"": ""/uploads/images/lesson-6-8-full-v3-final/l6d1-3.png"", ""promptHard"": ""請加上原因或感受。"", ""vocabulary"": ""游泳"", ""phrasesHard"": null, ""imageUrlHard"": ""/uploads/images/lesson-6-8-full-v3-final/l6d1-3.png"", ""listenScript"": null, ""promptMedium"": ""請用完整句子說明。"", ""phrasesMedium"": null, ""vocabularyPos"": ""V"", ""grammarExample"": null, ""grammarPattern"": null, ""imageUrlMedium"": ""/uploads/images/lesson-6-8-full-v3-final/l6d1-3.png"", ""listenAudioUrl"": null, ""vocabularyHard"": ""游泳"", ""suggestedAnswer"": ""宜文：我會游泳，可是游得不太好。"", ""vocabularyCloze"": ""[[{\""sentence\"":\""宜文：我會游泳，可是游得不太好。\"",\""distractors\"":[\""跑步\"",\""休息\""]}]]"", ""listenScriptHard"": null, ""vocabularyGroups"": null, ""vocabularyMedium"": ""游泳"", ""vocabularyPinyin"": ""yóuyǒng"", ""listenAudioSource"": null, ""vocabularyPosHard"": null, ""vocabularySynonym"": ""[[]]"", ""listenAudioUrlHard"": null, ""listenScriptMedium"": null, ""phrasesTranslation"": null, ""suggestedAnswerHard"": ""宜文：我會游泳，可是游得不太好，所以我們可以一起去，你覺得怎麼樣？"", ""vocabularyAudioUrls"": null, ""vocabularyLookalike"": ""[[]]"", ""vocabularyPosMedium"": null, ""listenAudioUrlMedium"": null, ""vocabularyPinyinHard"": null, ""listenAudioSourceHard"": null, ""suggestedAnswerMedium"": ""宜文：我會游泳，可是游得不太好，我覺得很好。"", ""vocabularyDistractors"": ""[[]]"", ""vocabularyTranslation"": ""to swim"", ""phrasesTranslationHard"": null, ""vocabularyPinyinMedium"": null, ""listenAudioSourceMedium"": null, ""sentenceReferenceCurves"": null, ""vocabularyAudioUrlsHard"": null, ""phrasesTranslationMedium"": null, ""vocabularyAudioUrlsMedium"": null, ""vocabularyReferenceCurves"": null, ""vocabularyTranslationHard"": null, ""sentenceReferenceCurvesHard"": null, ""vocabularyTranslationMedium"": null, ""sentenceReferenceCurvesMedium"": null, ""vocabularyReferenceCurvesHard"": null, ""vocabularyReferenceCurvesMedium"": null}"
6,1,modern-chinese-l6-dialogue-1,第6課 對話一：週末去打網球吧！,True,Modern Chinese Book 1：依課文圖片練習中文口說。,story,True,False,3,/uploads/images/lesson-6-8-full-v3-final/l6d1-4.png,請看圖，說出這一句。,請用完整句子說明。,請加上原因或感受。,國安：我們去跑步，怎麼樣？,國安：我們去跑步，怎麼樣，你覺得呢？,國安：我們去跑步，怎麼樣，如果有空，我們一起去，好嗎？,跑步,to jog,pǎobù,V,,,,,,"{""prompt"": ""請看圖，說出這一句。"", ""phrases"": null, ""imageUrl"": ""/uploads/images/lesson-6-8-full-v3-final/l6d1-4.png"", ""promptHard"": ""請加上原因或感受。"", ""vocabulary"": ""跑步"", ""phrasesHard"": null, ""imageUrlHard"": ""/uploads/images/lesson-6-8-full-v3-final/l6d1-4.png"", ""listenScript"": null, ""promptMedium"": ""請用完整句子說明。"", ""phrasesMedium"": null, ""vocabularyPos"": ""V"", ""grammarExample"": null, ""grammarPattern"": null, ""imageUrlMedium"": ""/uploads/images/lesson-6-8-full-v3-final/l6d1-4.png"", ""listenAudioUrl"": null, ""vocabularyHard"": ""跑步"", ""suggestedAnswer"": ""國安：我們去跑步，怎麼樣？"", ""vocabularyCloze"": ""[[{\""sentence\"":\""國安：我們去跑步，怎麼樣？\"",\""distractors\"":[\""游泳\"",\""休息\""]}]]"", ""listenScriptHard"": null, ""vocabularyGroups"": null, ""vocabularyMedium"": ""跑步"", ""vocabularyPinyin"": ""pǎobù"", ""listenAudioSource"": null, ""vocabularyPosHard"": null, ""vocabularySynonym"": ""[[]]"", ""listenAudioUrlHard"": null, ""listenScriptMedium"": null, ""phrasesTranslation"": null, ""suggestedAnswerHard"": ""國安：我們去跑步，怎麼樣，如果有空，我們一起去，好嗎？"", ""vocabularyAudioUrls"": null, ""vocabularyLookalike"": ""[[]]"", ""vocabularyPosMedium"": null, ""listenAudioUrlMedium"": null, ""vocabularyPinyinHard"": null, ""listenAudioSourceHard"": null, ""suggestedAnswerMedium"": ""國安：我們去跑步，怎麼樣，你覺得呢？"", ""vocabularyDistractors"": ""[[]]"", ""vocabularyTranslation"": ""to jog"", ""phrasesTranslationHard"": null, ""vocabularyPinyinMedium"": null, ""listenAudioSourceMedium"": null, ""sentenceReferenceCurves"": null, ""vocabularyAudioUrlsHard"": null, ""phrasesTranslationMedium"": null, ""vocabularyAudioUrlsMedium"": null, ""vocabularyReferenceCurves"": null, ""vocabularyTranslationHard"": null, ""sentenceReferenceCurvesHard"": null, ""vocabularyTranslationMedium"": null, ""sentenceReferenceCurvesMedium"": null, ""vocabularyReferenceCurvesHard"": null, ""vocabularyReferenceCurvesMedium"": null}"
6,1,modern-chinese-l6-dialogue-1,第6課 對話一：週末去打網球吧！,True,Modern Chinese Book 1：依課文圖片練習中文口說。,story,True,False,4,/uploads/images/lesson-6-8-full-v3-final/l6d1-5.png,請看圖，說出這一句。,請用完整句子說明。,請加上原因或感受。,友美：我不喜歡跑步，我跑步跑得很慢。,友美：我不喜歡跑步，我跑步跑得很慢，我覺得很好。,友美：我不喜歡跑步，我跑步跑得很慢，所以我們可以一起去，你覺得怎麼樣？,跑步,to jog,pǎobù,V,,,,,,"{""prompt"": ""請看圖，說出這一句。"", ""phrases"": null, ""imageUrl"": ""/uploads/images/lesson-6-8-full-v3-final/l6d1-5.png"", ""promptHard"": ""請加上原因或感受。"", ""vocabulary"": ""跑步"", ""phrasesHard"": null, ""imageUrlHard"": ""/uploads/images/lesson-6-8-full-v3-final/l6d1-5.png"", ""listenScript"": null, ""promptMedium"": ""請用完整句子說明。"", ""phrasesMedium"": null, ""vocabularyPos"": ""V"", ""grammarExample"": null, ""grammarPattern"": null, ""imageUrlMedium"": ""/uploads/images/lesson-6-8-full-v3-final/l6d1-5.png"", ""listenAudioUrl"": null, ""vocabularyHard"": ""跑步"", ""suggestedAnswer"": ""友美：我不喜歡跑步，我跑步跑得很慢。"", ""vocabularyCloze"": ""[[]]"", ""listenScriptHard"": null, ""vocabularyGroups"": null, ""vocabularyMedium"": ""跑步"", ""vocabularyPinyin"": ""pǎobù"", ""listenAudioSource"": null, ""vocabularyPosHard"": null, ""vocabularySynonym"": ""[[]]"", ""listenAudioUrlHard"": null, ""listenScriptMedium"": null, ""phrasesTranslation"": null, ""suggestedAnswerHard"": ""友美：我不喜歡跑步，我跑步跑得很慢，所以我們可以一起去，你覺得怎麼樣？"", ""vocabularyAudioUrls"": null, ""vocabularyLookalike"": ""[[]]"", ""vocabularyPosMedium"": null, ""listenAudioUrlMedium"": null, ""vocabularyPinyinHard"": null, ""listenAudioSourceHard"": null, ""suggestedAnswerMedium"": ""友美：我不喜歡跑步，我跑步跑得很慢，我覺得很好。"", ""vocabularyDistractors"": ""[[]]"", ""vocabularyTranslation"": ""to jog"", ""phrasesTranslationHard"": null, ""vocabularyPinyinMedium"": null, ""listenAudioSourceMedium"": null, ""sentenceReferenceCurves"": null, ""vocabularyAudioUrlsHard"": null, ""phrasesTranslationMedium"": null, ""vocabularyAudioUrlsMedium"": null, ""vocabularyReferenceCurves"": null, ""vocabularyTranslationHard"": null, ""sentenceReferenceCurvesHard"": null, ""vocabularyTranslationMedium"": null, ""sentenceReferenceCurvesMedium"": null, ""vocabularyReferenceCurvesHard"": null, ""vocabularyReferenceCurvesMedium"": null}"
6,1,modern-chinese-l6-dialogue-1,第6課 對話一：週末去打網球吧！,True,Modern Chinese Book 1：依課文圖片練習中文口說。,story,True,False,5,/uploads/images/lesson-6-8-full-v3-final/l6d1-6.png,請看圖，說出這一句。,請用完整句子說明。,請加上原因或感受。,宜文：打網球怎麼樣？中明說妳的網球打得很好，我們一起去打吧。,宜文：打網球怎麼樣？中明說妳的網球打得很好，我們一起去打吧，我覺得很好。,宜文：打網球怎麼樣？中明說妳的網球打得很好，我們一起去打吧，所以我們可以一起去，你覺得怎麼樣？,網球,tennis,wǎngqiú,N,,,,,,"{""prompt"": ""請看圖，說出這一句。"", ""phrases"": null, ""imageUrl"": ""/uploads/images/lesson-6-8-full-v3-final/l6d1-6.png"", ""promptHard"": ""請加上原因或感受。"", ""vocabulary"": ""網球"", ""phrasesHard"": null, ""imageUrlHard"": ""/uploads/images/lesson-6-8-full-v3-final/l6d1-6.png"", ""listenScript"": null, ""promptMedium"": ""請用完整句子說明。"", ""phrasesMedium"": null, ""vocabularyPos"": ""N"", ""grammarExample"": null, ""grammarPattern"": null, ""imageUrlMedium"": ""/uploads/images/lesson-6-8-full-v3-final/l6d1-6.png"", ""listenAudioUrl"": null, ""vocabularyHard"": ""網球"", ""suggestedAnswer"": ""宜文：打網球怎麼樣？中明說妳的網球打得很好，我們一起去打吧。"", ""vocabularyCloze"": ""[[]]"", ""listenScriptHard"": null, ""vocabularyGroups"": null, ""vocabularyMedium"": ""網球"", ""vocabularyPinyin"": ""wǎngqiú"", ""listenAudioSource"": null, ""vocabularyPosHard"": null, ""vocabularySynonym"": ""[[]]"", ""listenAudioUrlHard"": null, ""listenScriptMedium"": null, ""phrasesTranslation"": null, ""suggestedAnswerHard"": ""宜文：打網球怎麼樣？中明說妳的網球打得很好，我們一起去打吧，所以我們可以一起去，你覺得怎麼樣？"", ""vocabularyAudioUrls"": null, ""vocabularyLookalike"": ""[[]]"", ""vocabularyPosMedium"": null, ""listenAudioUrlMedium"": null, ""vocabularyPinyinHard"": null, ""listenAudioSourceHard"": null, ""suggestedAnswerMedium"": ""宜文：打網球怎麼樣？中明說妳的網球打得很好，我們一起去打吧，我覺得很好。"", ""vocabularyDistractors"": ""[[]]"", ""vocabularyTranslation"": ""tennis"", ""phrasesTranslationHard"": null, ""vocabularyPinyinMedium"": null, ""listenAudioSourceMedium"": null, ""sentenceReferenceCurves"": null, ""vocabularyAudioUrlsHard"": null, ""phrasesTranslationMedium"": null, ""vocabularyAudioUrlsMedium"": null, ""vocabularyReferenceCurves"": null, ""vocabularyTranslationHard"": null, ""sentenceReferenceCurvesHard"": null, ""vocabularyTranslationMedium"": null, ""sentenceReferenceCurvesMedium"": null, ""vocabularyReferenceCurvesHard"": null, ""vocabularyReferenceCurvesMedium"": null}"
6,1,modern-chinese-l6-dialogue-1,第6課 對話一：週末去打網球吧！,True,Modern Chinese Book 1：依課文圖片練習中文口說。,story,True,False,6,/uploads/images/lesson-6-8-full-v3-final/l6d1-7.png,請看圖，說出這一句。,請用完整句子說明。,請加上原因或感受。,友美：好啊。,友美：好啊，我覺得很好。,友美：好啊，所以我們可以一起去，你覺得怎麼樣？,,,,,,,,,,"{""prompt"": ""請看圖，說出這一句。"", ""phrases"": null, ""imageUrl"": ""/uploads/images/lesson-6-8-full-v3-final/l6d1-7.png"", ""promptHard"": ""請加上原因或感受。"", ""vocabulary"": """", ""phrasesHard"": null, ""imageUrlHard"": ""/uploads/images/lesson-6-8-full-v3-final/l6d1-7.png"", ""listenScript"": null, ""promptMedium"": ""請用完整句子說明。"", ""phrasesMedium"": null, ""vocabularyPos"": null, ""grammarExample"": null, ""grammarPattern"": null, ""imageUrlMedium"": ""/uploads/images/lesson-6-8-full-v3-final/l6d1-7.png"", ""listenAudioUrl"": null, ""vocabularyHard"": """", ""suggestedAnswer"": ""友美：好啊。"", ""vocabularyCloze"": null, ""listenScriptHard"": null, ""vocabularyGroups"": null, ""vocabularyMedium"": """", ""vocabularyPinyin"": null, ""listenAudioSource"": null, ""vocabularyPosHard"": null, ""vocabularySynonym"": null, ""listenAudioUrlHard"": null, ""listenScriptMedium"": null, ""phrasesTranslation"": null, ""suggestedAnswerHard"": ""友美：好啊，所以我們可以一起去，你覺得怎麼樣？"", ""vocabularyAudioUrls"": null, ""vocabularyLookalike"": null, ""vocabularyPosMedium"": null, ""listenAudioUrlMedium"": null, ""vocabularyPinyinHard"": null, ""listenAudioSourceHard"": null, ""suggestedAnswerMedium"": ""友美：好啊，我覺得很好。"", ""vocabularyDistractors"": null, ""vocabularyTranslation"": null, ""phrasesTranslationHard"": null, ""vocabularyPinyinMedium"": null, ""listenAudioSourceMedium"": null, ""sentenceReferenceCurves"": null, ""vocabularyAudioUrlsHard"": null, ""phrasesTranslationMedium"": null, ""vocabularyAudioUrlsMedium"": null, ""vocabularyReferenceCurves"": null, ""vocabularyTranslationHard"": null, ""sentenceReferenceCurvesHard"": null, ""vocabularyTranslationMedium"": null, ""sentenceReferenceCurvesMedium"": null, ""vocabularyReferenceCurvesHard"": null, ""vocabularyReferenceCurvesMedium"": null}"
6,2,modern-chinese-l6-dialogue-2,第6課 對話二：週末去打網球吧！,True,Modern Chinese Book 1：依課文圖片練習中文口說。,story,True,False,0,/uploads/images/lesson-6-8-full-v3-final/l6d2-1.png,請看圖，說出這一句。,請用完整句子說明。,請加上原因或感受。,國安：聽說這部電影很有趣，我們晚上一起去看，好不好？,國安：聽說這部電影很有趣，我們晚上一起去看，好不好，你覺得呢？,國安：聽說這部電影很有趣，我們晚上一起去看，好不好，如果有空，我們一起去，好嗎？,"電影,有趣","movie, interesting","diànyǐng, yǒuqù","N, Adj",,,,,,"{""prompt"": ""請看圖，說出這一句。"", ""phrases"": null, ""imageUrl"": ""/uploads/images/lesson-6-8-full-v3-final/l6d2-1.png"", ""promptHard"": ""請加上原因或感受。"", ""vocabulary"": ""電影,有趣"", ""phrasesHard"": null, ""imageUrlHard"": ""/uploads/images/lesson-6-8-full-v3-final/l6d2-1.png"", ""listenScript"": null, ""promptMedium"": ""請用完整句子說明。"", ""phrasesMedium"": null, ""vocabularyPos"": ""N, Adj"", ""grammarExample"": null, ""grammarPattern"": null, ""imageUrlMedium"": ""/uploads/images/lesson-6-8-full-v3-final/l6d2-1.png"", ""listenAudioUrl"": null, ""vocabularyHard"": ""電影,有趣"", ""suggestedAnswer"": ""國安：聽說這部電影很有趣，我們晚上一起去看，好不好？"", ""vocabularyCloze"": ""[[{\""sentence\"":\""國安：聽說這部電影很有趣，我們晚上一起去看，好不好？\"",\""distractors\"":[\""朋友\"",\""學校\"",\""飯店\""]}],[{\""sentence\"":\""國安：聽說這部電影很有趣，我們晚上一起去看，好不好？\"",\""distractors\"":[\""漂亮\"",\""方便\""]}]]"", ""listenScriptHard"": null, ""vocabularyGroups"": null, ""vocabularyMedium"": ""電影,有趣"", ""vocabularyPinyin"": ""diànyǐng, yǒuqù"", ""listenAudioSource"": null, ""vocabularyPosHard"": null, ""vocabularySynonym"": ""[[],[]]"", ""listenAudioUrlHard"": null, ""listenScriptMedium"": null, ""phrasesTranslation"": null, ""suggestedAnswerHard"": ""國安：聽說這部電影很有趣，我們晚上一起去看，好不好，如果有空，我們一起去，好嗎？"", ""vocabularyAudioUrls"": null, ""vocabularyLookalike"": ""[[],[]]"", ""vocabularyPosMedium"": null, ""listenAudioUrlMedium"": null, ""vocabularyPinyinHard"": null, ""listenAudioSourceHard"": null, ""suggestedAnswerMedium"": ""國安：聽說這部電影很有趣，我們晚上一起去看，好不好，你覺得呢？"", ""vocabularyDistractors"": ""[[],[]]"", ""vocabularyTranslation"": ""movie, interesting"", ""phrasesTranslationHard"": null, ""vocabularyPinyinMedium"": null, ""listenAudioSourceMedium"": null, ""sentenceReferenceCurves"": null, ""vocabularyAudioUrlsHard"": null, ""phrasesTranslationMedium"": null, ""vocabularyAudioUrlsMedium"": null, ""vocabularyReferenceCurves"": null, ""vocabularyTranslationHard"": null, ""sentenceReferenceCurvesHard"": null, ""vocabularyTranslationMedium"": null, ""sentenceReferenceCurvesMedium"": null, ""vocabularyReferenceCurvesHard"": null, ""vocabularyReferenceCurvesMedium"": null}"
6,2,modern-chinese-l6-dialogue-2,第6課 對話二：週末去打網球吧！,True,Modern Chinese Book 1：依課文圖片練習中文口說。,story,True,False,1,/uploads/images/lesson-6-8-full-v3-final/l6d2-2.png,請看圖，說出這一句。,請用完整句子說明。,請加上原因或感受。,中明：我覺得有一點兒累，我想回家休息。,中明：我覺得有一點兒累，我想回家休息，我覺得很好。,中明：我覺得有一點兒累，我想回家休息，所以我們可以一起去，你覺得怎麼樣？,休息,to rest,xiūxi,V,,,,,,"{""prompt"": ""請看圖，說出這一句。"", ""phrases"": null, ""imageUrl"": ""/uploads/images/lesson-6-8-full-v3-final/l6d2-2.png"", ""promptHard"": ""請加上原因或感受。"", ""vocabulary"": ""休息"", ""phrasesHard"": null, ""imageUrlHard"": ""/uploads/images/lesson-6-8-full-v3-final/l6d2-2.png"", ""listenScript"": null, ""promptMedium"": ""請用完整句子說明。"", ""phrasesMedium"": null, ""vocabularyPos"": ""V"", ""grammarExample"": null, ""grammarPattern"": null, ""imageUrlMedium"": ""/uploads/images/lesson-6-8-full-v3-final/l6d2-2.png"", ""listenAudioUrl"": null, ""vocabularyHard"": ""休息"", ""suggestedAnswer"": ""中明：我覺得有一點兒累，我想回家休息。"", ""vocabularyCloze"": ""[[{\""sentence\"":\""中明：我覺得有一點兒累，我想回家休息。\"",\""distractors\"":[\""游泳\"",\""跑步\""]}]]"", ""listenScriptHard"": null, ""vocabularyGroups"": null, ""vocabularyMedium"": ""休息"", ""vocabularyPinyin"": ""xiūxi"", ""listenAudioSource"": null, ""vocabularyPosHard"": null, ""vocabularySynonym"": ""[[]]"", ""listenAudioUrlHard"": null, ""listenScriptMedium"": null, ""phrasesTranslation"": null, ""suggestedAnswerHard"": ""中明：我覺得有一點兒累，我想回家休息，所以我們可以一起去，你覺得怎麼樣？"", ""vocabularyAudioUrls"": null, ""vocabularyLookalike"": ""[[]]"", ""vocabularyPosMedium"": null, ""listenAudioUrlMedium"": null, ""vocabularyPinyinHard"": null, ""listenAudioSourceHard"": null, ""suggestedAnswerMedium"": ""中明：我覺得有一點兒累，我想回家休息，我覺得很好。"", ""vocabularyDistractors"": ""[[]]"", ""vocabularyTranslation"": ""to rest"", ""phrasesTranslationHard"": null, ""vocabularyPinyinMedium"": null, ""listenAudioSourceMedium"": null, ""sentenceReferenceCurves"": null, ""vocabularyAudioUrlsHard"": null, ""phrasesTranslationMedium"": null, ""vocabularyAudioUrlsMedium"": null, ""vocabularyReferenceCurves"": null, ""vocabularyTranslationHard"": null, ""sentenceReferenceCurvesHard"": null, ""vocabularyTranslationMedium"": null, ""sentenceReferenceCurvesMedium"": null, ""vocabularyReferenceCurvesHard"": null, ""vocabularyReferenceCurvesMedium"": null}"
6,2,modern-chinese-l6-dialogue-2,第6課 對話二：週末去打網球吧！,True,Modern Chinese Book 1：依課文圖片練習中文口說。,story,True,False,2,/uploads/images/lesson-6-8-full-v3-final/l6d2-3.png,請看圖，說出這一句。,請用完整句子說明。,請加上原因或感受。,國安：你不要常常在家上網、看電腦、玩手機，應該去運動。明天我有空，我們可以一起去騎腳踏車。,國安：你不要常常在家上網、看電腦、玩手機，應該去運動。明天我有空，我們可以一起去騎腳踏車，我覺得很好。,國安：你不要常常在家上網、看電腦、玩手機，應該去運動。明天我有空，我們可以一起去騎腳踏車，所以我們可以一起去，你覺得怎麼樣？,"運動,腳踏車","exercise, bicycle","yùndòng, jiǎotàchē","N, N",,,,,,"{""prompt"": ""請看圖，說出這一句。"", ""phrases"": null, ""imageUrl"": ""/uploads/images/lesson-6-8-full-v3-final/l6d2-3.png"", ""promptHard"": ""請加上原因或感受。"", ""vocabulary"": ""運動,腳踏車"", ""phrasesHard"": null, ""imageUrlHard"": ""/uploads/images/lesson-6-8-full-v3-final/l6d2-3.png"", ""listenScript"": null, ""promptMedium"": ""請用完整句子說明。"", ""phrasesMedium"": null, ""vocabularyPos"": ""N, N"", ""grammarExample"": null, ""grammarPattern"": null, ""imageUrlMedium"": ""/uploads/images/lesson-6-8-full-v3-final/l6d2-3.png"", ""listenAudioUrl"": null, ""vocabularyHard"": ""運動,腳踏車"", ""suggestedAnswer"": ""國安：你不要常常在家上網、看電腦、玩手機，應該去運動。明天我有空，我們可以一起去騎腳踏車。"", ""vocabularyCloze"": ""[[{\""sentence\"":\""國安：你不要常常在家上網、看電腦、玩手機，應該去運動。明天我有空，我們可以一起去騎腳踏車。\"",\""distractors\"":[\""朋友\"",\""學校\"",\""飯店\""]}],[{\""sentence\"":\""國安：你不要常常在家上網、看電腦、玩手機，應該去運動。明天我有空，我們可以一起去騎腳踏車。\"",\""distractors\"":[\""朋友\"",\""學校\"",\""飯店\""]}]]"", ""listenScriptHard"": null, ""vocabularyGroups"": null, ""vocabularyMedium"": ""運動,腳踏車"", ""vocabularyPinyin"": ""yùndòng, jiǎotàchē"", ""listenAudioSource"": null, ""vocabularyPosHard"": null, ""vocabularySynonym"": ""[[],[]]"", ""listenAudioUrlHard"": null, ""listenScriptMedium"": null, ""phrasesTranslation"": null, ""suggestedAnswerHard"": ""國安：你不要常常在家上網、看電腦、玩手機，應該去運動。明天我有空，我們可以一起去騎腳踏車，所以我們可以一起去，你覺得怎麼樣？"", ""vocabularyAudioUrls"": null, ""vocabularyLookalike"": ""[[],[]]"", ""vocabularyPosMedium"": null, ""listenAudioUrlMedium"": null, ""vocabularyPinyinHard"": null, ""listenAudioSourceHard"": null, ""suggestedAnswerMedium"": ""國安：你不要常常在家上網、看電腦、玩手機，應該去運動。明天我有空，我們可以一起去騎腳踏車，我覺得很好。"", ""vocabularyDistractors"": ""[[],[]]"", ""vocabularyTranslation"": ""exercise, bicycle"", ""phrasesTranslationHard"": null, ""vocabularyPinyinMedium"": null, ""listenAudioSourceMedium"": null, ""sentenceReferenceCurves"": null, ""vocabularyAudioUrlsHard"": null, ""phrasesTranslationMedium"": null, ""vocabularyAudioUrlsMedium"": null, ""vocabularyReferenceCurves"": null, ""vocabularyTranslationHard"": null, ""sentenceReferenceCurvesHard"": null, ""vocabularyTranslationMedium"": null, ""sentenceReferenceCurvesMedium"": null, ""vocabularyReferenceCurvesHard"": null, ""vocabularyReferenceCurvesMedium"": null}"
6,2,modern-chinese-l6-dialogue-2,第6課 對話二：週末去打網球吧！,True,Modern Chinese Book 1：依課文圖片練習中文口說。,story,True,False,3,/uploads/images/lesson-6-8-full-v3-final/l6d2-4.png,請看圖，說出這一句。,請用完整句子說明。,請加上原因或感受。,中明：可是我只想聽音樂、睡覺。,中明：可是我只想聽音樂、睡覺，我覺得很好。,中明：可是我只想聽音樂、睡覺，所以我們可以一起去，你覺得怎麼樣？,音樂,music,yīnyuè,N,,,,,,"{""prompt"": ""請看圖，說出這一句。"", ""phrases"": null, ""imageUrl"": ""/uploads/images/lesson-6-8-full-v3-final/l6d2-4.png"", ""promptHard"": ""請加上原因或感受。"", ""vocabulary"": ""音樂"", ""phrasesHard"": null, ""imageUrlHard"": ""/uploads/images/lesson-6-8-full-v3-final/l6d2-4.png"", ""listenScript"": null, ""promptMedium"": ""請用完整句子說明。"", ""phrasesMedium"": null, ""vocabularyPos"": ""N"", ""grammarExample"": null, ""grammarPattern"": null, ""imageUrlMedium"": ""/uploads/images/lesson-6-8-full-v3-final/l6d2-4.png"", ""listenAudioUrl"": null, ""vocabularyHard"": ""音樂"", ""suggestedAnswer"": ""中明：可是我只想聽音樂、睡覺。"", ""vocabularyCloze"": ""[[{\""sentence\"":\""中明：可是我只想聽音樂、睡覺。\"",\""distractors\"":[\""朋友\"",\""學校\"",\""飯店\""]}]]"", ""listenScriptHard"": null, ""vocabularyGroups"": null, ""vocabularyMedium"": ""音樂"", ""vocabularyPinyin"": ""yīnyuè"", ""listenAudioSource"": null, ""vocabularyPosHard"": null, ""vocabularySynonym"": ""[[]]"", ""listenAudioUrlHard"": null, ""listenScriptMedium"": null, ""phrasesTranslation"": null, ""suggestedAnswerHard"": ""中明：可是我只想聽音樂、睡覺，所以我們可以一起去，你覺得怎麼樣？"", ""vocabularyAudioUrls"": null, ""vocabularyLookalike"": ""[[]]"", ""vocabularyPosMedium"": null, ""listenAudioUrlMedium"": null, ""vocabularyPinyinHard"": null, ""listenAudioSourceHard"": null, ""suggestedAnswerMedium"": ""中明：可是我只想聽音樂、睡覺，我覺得很好。"", ""vocabularyDistractors"": ""[[]]"", ""vocabularyTranslation"": ""music"", ""phrasesTranslationHard"": null, ""vocabularyPinyinMedium"": null, ""listenAudioSourceMedium"": null, ""sentenceReferenceCurves"": null, ""vocabularyAudioUrlsHard"": null, ""phrasesTranslationMedium"": null, ""vocabularyAudioUrlsMedium"": null, ""vocabularyReferenceCurves"": null, ""vocabularyTranslationHard"": null, ""sentenceReferenceCurvesHard"": null, ""vocabularyTranslationMedium"": null, ""sentenceReferenceCurvesMedium"": null, ""vocabularyReferenceCurvesHard"": null, ""vocabularyReferenceCurvesMedium"": null}"
6,2,modern-chinese-l6-dialogue-2,第6課 對話二：週末去打網球吧！,True,Modern Chinese Book 1：依課文圖片練習中文口說。,story,True,False,4,/uploads/images/lesson-6-8-full-v3-final/l6d2-5.png,請看圖，說出這一句。,請用完整句子說明。,請加上原因或感受。,國安：後天去呢？,國安：後天去呢，你覺得呢？,國安：後天去呢，如果有空，我們一起去，好嗎？,,,,,,,,,,"{""prompt"": ""請看圖，說出這一句。"", ""phrases"": null, ""imageUrl"": ""/uploads/images/lesson-6-8-full-v3-final/l6d2-5.png"", ""promptHard"": ""請加上原因或感受。"", ""vocabulary"": """", ""phrasesHard"": null, ""imageUrlHard"": ""/uploads/images/lesson-6-8-full-v3-final/l6d2-5.png"", ""listenScript"": null, ""promptMedium"": ""請用完整句子說明。"", ""phrasesMedium"": null, ""vocabularyPos"": null, ""grammarExample"": null, ""grammarPattern"": null, ""imageUrlMedium"": ""/uploads/images/lesson-6-8-full-v3-final/l6d2-5.png"", ""listenAudioUrl"": null, ""vocabularyHard"": """", ""suggestedAnswer"": ""國安：後天去呢？"", ""vocabularyCloze"": null, ""listenScriptHard"": null, ""vocabularyGroups"": null, ""vocabularyMedium"": """", ""vocabularyPinyin"": null, ""listenAudioSource"": null, ""vocabularyPosHard"": null, ""vocabularySynonym"": null, ""listenAudioUrlHard"": null, ""listenScriptMedium"": null, ""phrasesTranslation"": null, ""suggestedAnswerHard"": ""國安：後天去呢，如果有空，我們一起去，好嗎？"", ""vocabularyAudioUrls"": null, ""vocabularyLookalike"": null, ""vocabularyPosMedium"": null, ""listenAudioUrlMedium"": null, ""vocabularyPinyinHard"": null, ""listenAudioSourceHard"": null, ""suggestedAnswerMedium"": ""國安：後天去呢，你覺得呢？"", ""vocabularyDistractors"": null, ""vocabularyTranslation"": null, ""phrasesTranslationHard"": null, ""vocabularyPinyinMedium"": null, ""listenAudioSourceMedium"": null, ""sentenceReferenceCurves"": null, ""vocabularyAudioUrlsHard"": null, ""phrasesTranslationMedium"": null, ""vocabularyAudioUrlsMedium"": null, ""vocabularyReferenceCurves"": null, ""vocabularyTranslationHard"": null, ""sentenceReferenceCurvesHard"": null, ""vocabularyTranslationMedium"": null, ""sentenceReferenceCurvesMedium"": null, ""vocabularyReferenceCurvesHard"": null, ""vocabularyReferenceCurvesMedium"": null}"
6,2,modern-chinese-l6-dialogue-2,第6課 對話二：週末去打網球吧！,True,Modern Chinese Book 1：依課文圖片練習中文口說。,story,True,False,5,/uploads/images/lesson-6-8-full-v3-final/l6d2-6.png,請看圖，說出這一句。,請用完整句子說明。,請加上原因或感受。,中明：這兩天天氣有點兒冷，我們週末去，好嗎？,中明：這兩天天氣有點兒冷，我們週末去，好嗎，你覺得呢？,中明：這兩天天氣有點兒冷，我們週末去，好嗎，如果有空，我們一起去，好嗎？,"天氣,週末","weather, weekend","tiānqì, zhōumò","N, N",,,,,,"{""prompt"": ""請看圖，說出這一句。"", ""phrases"": null, ""imageUrl"": ""/uploads/images/lesson-6-8-full-v3-final/l6d2-6.png"", ""promptHard"": ""請加上原因或感受。"", ""vocabulary"": ""天氣,週末"", ""phrasesHard"": null, ""imageUrlHard"": ""/uploads/images/lesson-6-8-full-v3-final/l6d2-6.png"", ""listenScript"": null, ""promptMedium"": ""請用完整句子說明。"", ""phrasesMedium"": null, ""vocabularyPos"": ""N, N"", ""grammarExample"": null, ""grammarPattern"": null, ""imageUrlMedium"": ""/uploads/images/lesson-6-8-full-v3-final/l6d2-6.png"", ""listenAudioUrl"": null, ""vocabularyHard"": ""天氣,週末"", ""suggestedAnswer"": ""中明：這兩天天氣有點兒冷，我們週末去，好嗎？"", ""vocabularyCloze"": ""[[{\""sentence\"":\""中明：這兩天天氣有點兒冷，我們週末去，好嗎？\"",\""distractors\"":[\""朋友\"",\""學校\"",\""飯店\""]}],[{\""sentence\"":\""中明：這兩天天氣有點兒冷，我們週末去，好嗎？\"",\""distractors\"":[\""朋友\"",\""學校\"",\""飯店\""]}]]"", ""listenScriptHard"": null, ""vocabularyGroups"": null, ""vocabularyMedium"": ""天氣,週末"", ""vocabularyPinyin"": ""tiānqì, zhōumò"", ""listenAudioSource"": null, ""vocabularyPosHard"": null, ""vocabularySynonym"": ""[[],[]]"", ""listenAudioUrlHard"": null, ""listenScriptMedium"": null, ""phrasesTranslation"": null, ""suggestedAnswerHard"": ""中明：這兩天天氣有點兒冷，我們週末去，好嗎，如果有空，我們一起去，好嗎？"", ""vocabularyAudioUrls"": null, ""vocabularyLookalike"": ""[[],[]]"", ""vocabularyPosMedium"": null, ""listenAudioUrlMedium"": null, ""vocabularyPinyinHard"": null, ""listenAudioSourceHard"": null, ""suggestedAnswerMedium"": ""中明：這兩天天氣有點兒冷，我們週末去，好嗎，你覺得呢？"", ""vocabularyDistractors"": ""[[],[]]"", ""vocabularyTranslation"": ""weather, weekend"", ""phrasesTranslationHard"": null, ""vocabularyPinyinMedium"": null, ""listenAudioSourceMedium"": null, ""sentenceReferenceCurves"": null, ""vocabularyAudioUrlsHard"": null, ""phrasesTranslationMedium"": null, ""vocabularyAudioUrlsMedium"": null, ""vocabularyReferenceCurves"": null, ""vocabularyTranslationHard"": null, ""sentenceReferenceCurvesHard"": null, ""vocabularyTranslationMedium"": null, ""sentenceReferenceCurvesMedium"": null, ""vocabularyReferenceCurvesHard"": null, ""vocabularyReferenceCurvesMedium"": null}"
6,3,modern-chinese-l6-reading,第6課 短文：我的興趣,True,Modern Chinese Book 1：依課文圖片練習中文口說。,story,True,False,0,/uploads/images/lesson-6-8-bubble/l6r-frame-1.png,請看圖，說出這一句。,請用完整句子說明。,請加上原因或感受。,我有幾個好朋友。,我有幾個好朋友，我覺得很好。,我有幾個好朋友，所以我們可以一起去，你覺得怎麼樣？,朋友,friend,péngyǒu,N,,,,,,"{""prompt"": ""請看圖，說出這一句。"", ""phrases"": null, ""imageUrl"": ""/uploads/images/lesson-6-8-bubble/l6r-frame-1.png"", ""promptHard"": ""請加上原因或感受。"", ""vocabulary"": ""朋友"", ""phrasesHard"": null, ""imageUrlHard"": ""/uploads/images/lesson-6-8-bubble/l6r-frame-1.png"", ""listenScript"": null, ""promptMedium"": ""請用完整句子說明。"", ""phrasesMedium"": null, ""vocabularyPos"": ""N"", ""grammarExample"": null, ""grammarPattern"": null, ""imageUrlMedium"": ""/uploads/images/lesson-6-8-bubble/l6r-frame-1.png"", ""listenAudioUrl"": null, ""vocabularyHard"": ""朋友"", ""suggestedAnswer"": ""我有幾個好朋友。"", ""vocabularyCloze"": ""[[{\""sentence\"":\""我有幾個好朋友。\"",\""distractors\"":[\""學校\"",\""飯店\""]}]]"", ""listenScriptHard"": null, ""vocabularyGroups"": null, ""vocabularyMedium"": ""朋友"", ""vocabularyPinyin"": ""péngyǒu"", ""listenAudioSource"": null, ""vocabularyPosHard"": null, ""vocabularySynonym"": ""[[]]"", ""listenAudioUrlHard"": null, ""listenScriptMedium"": null, ""phrasesTranslation"": null, ""suggestedAnswerHard"": ""我有幾個好朋友，所以我們可以一起去，你覺得怎麼樣？"", ""vocabularyAudioUrls"": null, ""vocabularyLookalike"": ""[[]]"", ""vocabularyPosMedium"": null, ""listenAudioUrlMedium"": null, ""vocabularyPinyinHard"": null, ""listenAudioSourceHard"": null, ""suggestedAnswerMedium"": ""我有幾個好朋友，我覺得很好。"", ""vocabularyDistractors"": ""[[]]"", ""vocabularyTranslation"": ""friend"", ""phrasesTranslationHard"": null, ""vocabularyPinyinMedium"": null, ""listenAudioSourceMedium"": null, ""sentenceReferenceCurves"": null, ""vocabularyAudioUrlsHard"": null, ""phrasesTranslationMedium"": null, ""vocabularyAudioUrlsMedium"": null, ""vocabularyReferenceCurves"": null, ""vocabularyTranslationHard"": null, ""sentenceReferenceCurvesHard"": null, ""vocabularyTranslationMedium"": null, ""sentenceReferenceCurvesMedium"": null, ""vocabularyReferenceCurvesHard"": null, ""vocabularyReferenceCurvesMedium"": null}"
6,3,modern-chinese-l6-reading,第6課 短文：我的興趣,True,Modern Chinese Book 1：依課文圖片練習中文口說。,story,True,False,1,/uploads/images/lesson-6-8-bubble/l6r-frame-2.png,請看圖，說出這一句。,請用完整句子說明。,請加上原因或感受。,我們都喜歡學中文、聽音樂、唱歌。,我們都喜歡學中文、聽音樂、唱歌，我覺得很好。,我們都喜歡學中文、聽音樂、唱歌，所以我們可以一起去，你覺得怎麼樣？,"音樂,中文,唱歌","music, Chinese, to sing","yīnyuè, zhōngwén, chànggē","N, N, V",,,,,,"{""prompt"": ""請看圖，說出這一句。"", ""phrases"": null, ""imageUrl"": ""/uploads/images/lesson-6-8-bubble/l6r-frame-2.png"", ""promptHard"": ""請加上原因或感受。"", ""vocabulary"": ""音樂,中文,唱歌"", ""phrasesHard"": null, ""imageUrlHard"": ""/uploads/images/lesson-6-8-bubble/l6r-frame-2.png"", ""listenScript"": null, ""promptMedium"": ""請用完整句子說明。"", ""phrasesMedium"": null, ""vocabularyPos"": ""N, N, V"", ""grammarExample"": null, ""grammarPattern"": null, ""imageUrlMedium"": ""/uploads/images/lesson-6-8-bubble/l6r-frame-2.png"", ""listenAudioUrl"": null, ""vocabularyHard"": ""音樂,中文,唱歌"", ""suggestedAnswer"": ""我們都喜歡學中文、聽音樂、唱歌。"", ""vocabularyCloze"": ""[[{\""sentence\"":\""我們都喜歡學中文、聽音樂、唱歌。\"",\""distractors\"":[\""朋友\"",\""學校\"",\""飯店\""]}],[{\""sentence\"":\""我們都喜歡學中文、聽音樂、唱歌。\"",\""distractors\"":[\""朋友\"",\""學校\"",\""飯店\""]}],[{\""sentence\"":\""我們都喜歡學中文、聽音樂、唱歌。\"",\""distractors\"":[\""游泳\"",\""跑步\"",\""休息\""]}]]"", ""listenScriptHard"": null, ""vocabularyGroups"": null, ""vocabularyMedium"": ""音樂,中文,唱歌"", ""vocabularyPinyin"": ""yīnyuè, zhōngwén, chànggē"", ""listenAudioSource"": null, ""vocabularyPosHard"": null, ""vocabularySynonym"": ""[[],[],[]]"", ""listenAudioUrlHard"": null, ""listenScriptMedium"": null, ""phrasesTranslation"": null, ""suggestedAnswerHard"": ""我們都喜歡學中文、聽音樂、唱歌，所以我們可以一起去，你覺得怎麼樣？"", ""vocabularyAudioUrls"": null, ""vocabularyLookalike"": ""[[],[],[]]"", ""vocabularyPosMedium"": null, ""listenAudioUrlMedium"": null, ""vocabularyPinyinHard"": null, ""listenAudioSourceHard"": null, ""suggestedAnswerMedium"": ""我們都喜歡學中文、聽音樂、唱歌，我覺得很好。"", ""vocabularyDistractors"": ""[[],[],[]]"", ""vocabularyTranslation"": ""music, Chinese, to sing"", ""phrasesTranslationHard"": null, ""vocabularyPinyinMedium"": null, ""listenAudioSourceMedium"": null, ""sentenceReferenceCurves"": null, ""vocabularyAudioUrlsHard"": null, ""phrasesTranslationMedium"": null, ""vocabularyAudioUrlsMedium"": null, ""vocabularyReferenceCurves"": null, ""vocabularyTranslationHard"": null, ""sentenceReferenceCurvesHard"": null, ""vocabularyTranslationMedium"": null, ""sentenceReferenceCurvesMedium"": null, ""vocabularyReferenceCurvesHard"": null, ""vocabularyReferenceCurvesMedium"": null}"
6,3,modern-chinese-l6-reading,第6課 短文：我的興趣,True,Modern Chinese Book 1：依課文圖片練習中文口說。,story,True,False,2,/uploads/images/lesson-6-8-bubble/l6r-frame-3.png,請看圖，說出這一句。,請用完整句子說明。,請加上原因或感受。,中明最愛唱歌。,中明最愛唱歌，我覺得很好。,中明最愛唱歌，所以我們可以一起去，你覺得怎麼樣？,唱歌,to sing,chànggē,V,,,,,,"{""prompt"": ""請看圖，說出這一句。"", ""phrases"": null, ""imageUrl"": ""/uploads/images/lesson-6-8-bubble/l6r-frame-3.png"", ""promptHard"": ""請加上原因或感受。"", ""vocabulary"": ""唱歌"", ""phrasesHard"": null, ""imageUrlHard"": ""/uploads/images/lesson-6-8-bubble/l6r-frame-3.png"", ""listenScript"": null, ""promptMedium"": ""請用完整句子說明。"", ""phrasesMedium"": null, ""vocabularyPos"": ""V"", ""grammarExample"": null, ""grammarPattern"": null, ""imageUrlMedium"": ""/uploads/images/lesson-6-8-bubble/l6r-frame-3.png"", ""listenAudioUrl"": null, ""vocabularyHard"": ""唱歌"", ""suggestedAnswer"": ""中明最愛唱歌。"", ""vocabularyCloze"": ""[[{\""sentence\"":\""中明最愛唱歌。\"",\""distractors\"":[\""游泳\"",\""跑步\"",\""休息\""]}]]"", ""listenScriptHard"": null, ""vocabularyGroups"": null, ""vocabularyMedium"": ""唱歌"", ""vocabularyPinyin"": ""chànggē"", ""listenAudioSource"": null, ""vocabularyPosHard"": null, ""vocabularySynonym"": ""[[]]"", ""listenAudioUrlHard"": null, ""listenScriptMedium"": null, ""phrasesTranslation"": null, ""suggestedAnswerHard"": ""中明最愛唱歌，所以我們可以一起去，你覺得怎麼樣？"", ""vocabularyAudioUrls"": null, ""vocabularyLookalike"": ""[[]]"", ""vocabularyPosMedium"": null, ""listenAudioUrlMedium"": null, ""vocabularyPinyinHard"": null, ""listenAudioSourceHard"": null, ""suggestedAnswerMedium"": ""中明最愛唱歌，我覺得很好。"", ""vocabularyDistractors"": ""[[]]"", ""vocabularyTranslation"": ""to sing"", ""phrasesTranslationHard"": null, ""vocabularyPinyinMedium"": null, ""listenAudioSourceMedium"": null, ""sentenceReferenceCurves"": null, ""vocabularyAudioUrlsHard"": null, ""phrasesTranslationMedium"": null, ""vocabularyAudioUrlsMedium"": null, ""vocabularyReferenceCurves"": null, ""vocabularyTranslationHard"": null, ""sentenceReferenceCurvesHard"": null, ""vocabularyTranslationMedium"": null, ""sentenceReferenceCurvesMedium"": null, ""vocabularyReferenceCurvesHard"": null, ""vocabularyReferenceCurvesMedium"": null}"
6,3,modern-chinese-l6-reading,第6課 短文：我的興趣,True,Modern Chinese Book 1：依課文圖片練習中文口說。,story,True,False,3,/uploads/images/lesson-6-8-bubble/l6r-frame-4.png,請看圖，說出這一句。,請用完整句子說明。,請加上原因或感受。,他的中文歌唱得很好。,他的中文歌唱得很好，我覺得很好。,他的中文歌唱得很好，所以我們可以一起去，你覺得怎麼樣？,中文,Chinese,zhōngwén,N,,,,,,"{""prompt"": ""請看圖，說出這一句。"", ""phrases"": null, ""imageUrl"": ""/uploads/images/lesson-6-8-bubble/l6r-frame-4.png"", ""promptHard"": ""請加上原因或感受。"", ""vocabulary"": ""中文"", ""phrasesHard"": null, ""imageUrlHard"": ""/uploads/images/lesson-6-8-bubble/l6r-frame-4.png"", ""listenScript"": null, ""promptMedium"": ""請用完整句子說明。"", ""phrasesMedium"": null, ""vocabularyPos"": ""N"", ""grammarExample"": null, ""grammarPattern"": null, ""imageUrlMedium"": ""/uploads/images/lesson-6-8-bubble/l6r-frame-4.png"", ""listenAudioUrl"": null, ""vocabularyHard"": ""中文"", ""suggestedAnswer"": ""他的中文歌唱得很好。"", ""vocabularyCloze"": ""[[{\""sentence\"":\""他的中文歌唱得很好。\"",\""distractors\"":[\""朋友\"",\""學校\"",\""飯店\""]}]]"", ""listenScriptHard"": null, ""vocabularyGroups"": null, ""vocabularyMedium"": ""中文"", ""vocabularyPinyin"": ""zhōngwén"", ""listenAudioSource"": null, ""vocabularyPosHard"": null, ""vocabularySynonym"": ""[[]]"", ""listenAudioUrlHard"": null, ""listenScriptMedium"": null, ""phrasesTranslation"": null, ""suggestedAnswerHard"": ""他的中文歌唱得很好，所以我們可以一起去，你覺得怎麼樣？"", ""vocabularyAudioUrls"": null, ""vocabularyLookalike"": ""[[]]"", ""vocabularyPosMedium"": null, ""listenAudioUrlMedium"": null, ""vocabularyPinyinHard"": null, ""listenAudioSourceHard"": null, ""suggestedAnswerMedium"": ""他的中文歌唱得很好，我覺得很好。"", ""vocabularyDistractors"": ""[[]]"", ""vocabularyTranslation"": ""Chinese"", ""phrasesTranslationHard"": null, ""vocabularyPinyinMedium"": null, ""listenAudioSourceMedium"": null, ""sentenceReferenceCurves"": null, ""vocabularyAudioUrlsHard"": null, ""phrasesTranslationMedium"": null, ""vocabularyAudioUrlsMedium"": null, ""vocabularyReferenceCurves"": null, ""vocabularyTranslationHard"": null, ""sentenceReferenceCurvesHard"": null, ""vocabularyTranslationMedium"": null, ""sentenceReferenceCurvesMedium"": null, ""vocabularyReferenceCurvesHard"": null, ""vocabularyReferenceCurvesMedium"": null}"
6,3,modern-chinese-l6-reading,第6課 短文：我的興趣,True,Modern Chinese Book 1：依課文圖片練習中文口說。,story,True,False,4,/uploads/images/lesson-6-8-bubble/l6r-frame-5.png,請看圖，說出這一句。,請用完整句子說明。,請加上原因或感受。,平常我們都有點兒忙。,平常我們都有點兒忙，我覺得很好。,平常我們都有點兒忙，所以我們可以一起去，你覺得怎麼樣？,,,,,,,,,,"{""prompt"": ""請看圖，說出這一句。"", ""phrases"": null, ""imageUrl"": ""/uploads/images/lesson-6-8-bubble/l6r-frame-5.png"", ""promptHard"": ""請加上原因或感受。"", ""vocabulary"": """", ""phrasesHard"": null, ""imageUrlHard"": ""/uploads/images/lesson-6-8-bubble/l6r-frame-5.png"", ""listenScript"": null, ""promptMedium"": ""請用完整句子說明。"", ""phrasesMedium"": null, ""vocabularyPos"": null, ""grammarExample"": null, ""grammarPattern"": null, ""imageUrlMedium"": ""/uploads/images/lesson-6-8-bubble/l6r-frame-5.png"", ""listenAudioUrl"": null, ""vocabularyHard"": """", ""suggestedAnswer"": ""平常我們都有點兒忙。"", ""vocabularyCloze"": null, ""listenScriptHard"": null, ""vocabularyGroups"": null, ""vocabularyMedium"": """", ""vocabularyPinyin"": null, ""listenAudioSource"": null, ""vocabularyPosHard"": null, ""vocabularySynonym"": null, ""listenAudioUrlHard"": null, ""listenScriptMedium"": null, ""phrasesTranslation"": null, ""suggestedAnswerHard"": ""平常我們都有點兒忙，所以我們可以一起去，你覺得怎麼樣？"", ""vocabularyAudioUrls"": null, ""vocabularyLookalike"": null, ""vocabularyPosMedium"": null, ""listenAudioUrlMedium"": null, ""vocabularyPinyinHard"": null, ""listenAudioSourceHard"": null, ""suggestedAnswerMedium"": ""平常我們都有點兒忙，我覺得很好。"", ""vocabularyDistractors"": null, ""vocabularyTranslation"": null, ""phrasesTranslationHard"": null, ""vocabularyPinyinMedium"": null, ""listenAudioSourceMedium"": null, ""sentenceReferenceCurves"": null, ""vocabularyAudioUrlsHard"": null, ""phrasesTranslationMedium"": null, ""vocabularyAudioUrlsMedium"": null, ""vocabularyReferenceCurves"": null, ""vocabularyTranslationHard"": null, ""sentenceReferenceCurvesHard"": null, ""vocabularyTranslationMedium"": null, ""sentenceReferenceCurvesMedium"": null, ""vocabularyReferenceCurvesHard"": null, ""vocabularyReferenceCurvesMedium"": null}"
6,3,modern-chinese-l6-reading,第6課 短文：我的興趣,True,Modern Chinese Book 1：依課文圖片練習中文口說。,story,True,False,5,/uploads/images/lesson-6-8-bubble/l6r-frame-6.png,請看圖，說出這一句。,請用完整句子說明。,請加上原因或感受。,可是週末我們常一起去運動。,可是週末我們常一起去運動，我覺得很好。,可是週末我們常一起去運動，所以我們可以一起去，你覺得怎麼樣？,"運動,週末","exercise, weekend","yùndòng, zhōumò","N, N",,,,,,"{""prompt"": ""請看圖，說出這一句。"", ""phrases"": null, ""imageUrl"": ""/uploads/images/lesson-6-8-bubble/l6r-frame-6.png"", ""promptHard"": ""請加上原因或感受。"", ""vocabulary"": ""運動,週末"", ""phrasesHard"": null, ""imageUrlHard"": ""/uploads/images/lesson-6-8-bubble/l6r-frame-6.png"", ""listenScript"": null, ""promptMedium"": ""請用完整句子說明。"", ""phrasesMedium"": null, ""vocabularyPos"": ""N, N"", ""grammarExample"": null, ""grammarPattern"": null, ""imageUrlMedium"": ""/uploads/images/lesson-6-8-bubble/l6r-frame-6.png"", ""listenAudioUrl"": null, ""vocabularyHard"": ""運動,週末"", ""suggestedAnswer"": ""可是週末我們常一起去運動。"", ""vocabularyCloze"": ""[[{\""sentence\"":\""可是週末我們常一起去運動。\"",\""distractors\"":[\""朋友\"",\""學校\"",\""飯店\""]}],[{\""sentence\"":\""可是週末我們常一起去運動。\"",\""distractors\"":[\""朋友\"",\""學校\"",\""飯店\""]}]]"", ""listenScriptHard"": null, ""vocabularyGroups"": null, ""vocabularyMedium"": ""運動,週末"", ""vocabularyPinyin"": ""yùndòng, zhōumò"", ""listenAudioSource"": null, ""vocabularyPosHard"": null, ""vocabularySynonym"": ""[[],[]]"", ""listenAudioUrlHard"": null, ""listenScriptMedium"": null, ""phrasesTranslation"": null, ""suggestedAnswerHard"": ""可是週末我們常一起去運動，所以我們可以一起去，你覺得怎麼樣？"", ""vocabularyAudioUrls"": null, ""vocabularyLookalike"": ""[[],[]]"", ""vocabularyPosMedium"": null, ""listenAudioUrlMedium"": null, ""vocabularyPinyinHard"": null, ""listenAudioSourceHard"": null, ""suggestedAnswerMedium"": ""可是週末我們常一起去運動，我覺得很好。"", ""vocabularyDistractors"": ""[[],[]]"", ""vocabularyTranslation"": ""exercise, weekend"", ""phrasesTranslationHard"": null, ""vocabularyPinyinMedium"": null, ""listenAudioSourceMedium"": null, ""sentenceReferenceCurves"": null, ""vocabularyAudioUrlsHard"": null, ""phrasesTranslationMedium"": null, ""vocabularyAudioUrlsMedium"": null, ""vocabularyReferenceCurves"": null, ""vocabularyTranslationHard"": null, ""sentenceReferenceCurvesHard"": null, ""vocabularyTranslationMedium"": null, ""sentenceReferenceCurvesMedium"": null, ""vocabularyReferenceCurvesHard"": null, ""vocabularyReferenceCurvesMedium"": null}"
6,3,modern-chinese-l6-reading,第6課 短文：我的興趣,True,Modern Chinese Book 1：依課文圖片練習中文口說。,story,True,False,6,/uploads/images/lesson-6-8-bubble/l6r-frame-7.png,請看圖，說出這一句。,請用完整句子說明。,請加上原因或感受。,宜文游泳游得不錯。,宜文游泳游得不錯，我覺得很好。,宜文游泳游得不錯，所以我們可以一起去，你覺得怎麼樣？,游泳,to swim,yóuyǒng,V,,,,,,"{""prompt"": ""請看圖，說出這一句。"", ""phrases"": null, ""imageUrl"": ""/uploads/images/lesson-6-8-bubble/l6r-frame-7.png"", ""promptHard"": ""請加上原因或感受。"", ""vocabulary"": ""游泳"", ""phrasesHard"": null, ""imageUrlHard"": ""/uploads/images/lesson-6-8-bubble/l6r-frame-7.png"", ""listenScript"": null, ""promptMedium"": ""請用完整句子說明。"", ""phrasesMedium"": null, ""vocabularyPos"": ""V"", ""grammarExample"": null, ""grammarPattern"": null, ""imageUrlMedium"": ""/uploads/images/lesson-6-8-bubble/l6r-frame-7.png"", ""listenAudioUrl"": null, ""vocabularyHard"": ""游泳"", ""suggestedAnswer"": ""宜文游泳游得不錯。"", ""vocabularyCloze"": ""[[{\""sentence\"":\""宜文游泳游得不錯。\"",\""distractors\"":[\""跑步\"",\""休息\""]}]]"", ""listenScriptHard"": null, ""vocabularyGroups"": null, ""vocabularyMedium"": ""游泳"", ""vocabularyPinyin"": ""yóuyǒng"", ""listenAudioSource"": null, ""vocabularyPosHard"": null, ""vocabularySynonym"": ""[[]]"", ""listenAudioUrlHard"": null, ""listenScriptMedium"": null, ""phrasesTranslation"": null, ""suggestedAnswerHard"": ""宜文游泳游得不錯，所以我們可以一起去，你覺得怎麼樣？"", ""vocabularyAudioUrls"": null, ""vocabularyLookalike"": ""[[]]"", ""vocabularyPosMedium"": null, ""listenAudioUrlMedium"": null, ""vocabularyPinyinHard"": null, ""listenAudioSourceHard"": null, ""suggestedAnswerMedium"": ""宜文游泳游得不錯，我覺得很好。"", ""vocabularyDistractors"": ""[[]]"", ""vocabularyTranslation"": ""to swim"", ""phrasesTranslationHard"": null, ""vocabularyPinyinMedium"": null, ""listenAudioSourceMedium"": null, ""sentenceReferenceCurves"": null, ""vocabularyAudioUrlsHard"": null, ""phrasesTranslationMedium"": null, ""vocabularyAudioUrlsMedium"": null, ""vocabularyReferenceCurves"": null, ""vocabularyTranslationHard"": null, ""sentenceReferenceCurvesHard"": null, ""vocabularyTranslationMedium"": null, ""sentenceReferenceCurvesMedium"": null, ""vocabularyReferenceCurvesHard"": null, ""vocabularyReferenceCurvesMedium"": null}"
6,3,modern-chinese-l6-reading,第6課 短文：我的興趣,True,Modern Chinese Book 1：依課文圖片練習中文口說。,story,True,False,7,/uploads/images/lesson-6-8-bubble/l6r-frame-8.png,請看圖，說出這一句。,請用完整句子說明。,請加上原因或感受。,國安的籃球打得很好。,國安的籃球打得很好，我覺得很好。,國安的籃球打得很好，所以我們可以一起去，你覺得怎麼樣？,,,,,,,,,,"{""prompt"": ""請看圖，說出這一句。"", ""phrases"": null, ""imageUrl"": ""/uploads/images/lesson-6-8-bubble/l6r-frame-8.png"", ""promptHard"": ""請加上原因或感受。"", ""vocabulary"": """", ""phrasesHard"": null, ""imageUrlHard"": ""/uploads/images/lesson-6-8-bubble/l6r-frame-8.png"", ""listenScript"": null, ""promptMedium"": ""請用完整句子說明。"", ""phrasesMedium"": null, ""vocabularyPos"": null, ""grammarExample"": null, ""grammarPattern"": null, ""imageUrlMedium"": ""/uploads/images/lesson-6-8-bubble/l6r-frame-8.png"", ""listenAudioUrl"": null, ""vocabularyHard"": """", ""suggestedAnswer"": ""國安的籃球打得很好。"", ""vocabularyCloze"": null, ""listenScriptHard"": null, ""vocabularyGroups"": null, ""vocabularyMedium"": """", ""vocabularyPinyin"": null, ""listenAudioSource"": null, ""vocabularyPosHard"": null, ""vocabularySynonym"": null, ""listenAudioUrlHard"": null, ""listenScriptMedium"": null, ""phrasesTranslation"": null, ""suggestedAnswerHard"": ""國安的籃球打得很好，所以我們可以一起去，你覺得怎麼樣？"", ""vocabularyAudioUrls"": null, ""vocabularyLookalike"": null, ""vocabularyPosMedium"": null, ""listenAudioUrlMedium"": null, ""vocabularyPinyinHard"": null, ""listenAudioSourceHard"": null, ""suggestedAnswerMedium"": ""國安的籃球打得很好，我覺得很好。"", ""vocabularyDistractors"": null, ""vocabularyTranslation"": null, ""phrasesTranslationHard"": null, ""vocabularyPinyinMedium"": null, ""listenAudioSourceMedium"": null, ""sentenceReferenceCurves"": null, ""vocabularyAudioUrlsHard"": null, ""phrasesTranslationMedium"": null, ""vocabularyAudioUrlsMedium"": null, ""vocabularyReferenceCurves"": null, ""vocabularyTranslationHard"": null, ""sentenceReferenceCurvesHard"": null, ""vocabularyTranslationMedium"": null, ""sentenceReferenceCurvesMedium"": null, ""vocabularyReferenceCurvesHard"": null, ""vocabularyReferenceCurvesMedium"": null}"
6,3,modern-chinese-l6-reading,第6課 短文：我的興趣,True,Modern Chinese Book 1：依課文圖片練習中文口說。,story,True,False,8,/uploads/images/lesson-6-8-bubble/l6r-frame-9.png,請看圖，說出這一句。,請用完整句子說明。,請加上原因或感受。,我喜歡打網球。,我喜歡打網球，我覺得很好。,我喜歡打網球，所以我們可以一起去，你覺得怎麼樣？,網球,tennis,wǎngqiú,N,,,,,,"{""prompt"": ""請看圖，說出這一句。"", ""phrases"": null, ""imageUrl"": ""/uploads/images/lesson-6-8-bubble/l6r-frame-9.png"", ""promptHard"": ""請加上原因或感受。"", ""vocabulary"": ""網球"", ""phrasesHard"": null, ""imageUrlHard"": ""/uploads/images/lesson-6-8-bubble/l6r-frame-9.png"", ""listenScript"": null, ""promptMedium"": ""請用完整句子說明。"", ""phrasesMedium"": null, ""vocabularyPos"": ""N"", ""grammarExample"": null, ""grammarPattern"": null, ""imageUrlMedium"": ""/uploads/images/lesson-6-8-bubble/l6r-frame-9.png"", ""listenAudioUrl"": null, ""vocabularyHard"": ""網球"", ""suggestedAnswer"": ""我喜歡打網球。"", ""vocabularyCloze"": ""[[{\""sentence\"":\""我喜歡打網球。\"",\""distractors\"":[\""朋友\"",\""學校\"",\""飯店\""]}]]"", ""listenScriptHard"": null, ""vocabularyGroups"": null, ""vocabularyMedium"": ""網球"", ""vocabularyPinyin"": ""wǎngqiú"", ""listenAudioSource"": null, ""vocabularyPosHard"": null, ""vocabularySynonym"": ""[[]]"", ""listenAudioUrlHard"": null, ""listenScriptMedium"": null, ""phrasesTranslation"": null, ""suggestedAnswerHard"": ""我喜歡打網球，所以我們可以一起去，你覺得怎麼樣？"", ""vocabularyAudioUrls"": null, ""vocabularyLookalike"": ""[[]]"", ""vocabularyPosMedium"": null, ""listenAudioUrlMedium"": null, ""vocabularyPinyinHard"": null, ""listenAudioSourceHard"": null, ""suggestedAnswerMedium"": ""我喜歡打網球，我覺得很好。"", ""vocabularyDistractors"": ""[[]]"", ""vocabularyTranslation"": ""tennis"", ""phrasesTranslationHard"": null, ""vocabularyPinyinMedium"": null, ""listenAudioSourceMedium"": null, ""sentenceReferenceCurves"": null, ""vocabularyAudioUrlsHard"": null, ""phrasesTranslationMedium"": null, ""vocabularyAudioUrlsMedium"": null, ""vocabularyReferenceCurves"": null, ""vocabularyTranslationHard"": null, ""sentenceReferenceCurvesHard"": null, ""vocabularyTranslationMedium"": null, ""sentenceReferenceCurvesMedium"": null, ""vocabularyReferenceCurvesHard"": null, ""vocabularyReferenceCurvesMedium"": null}"
6,3,modern-chinese-l6-reading,第6課 短文：我的興趣,True,Modern Chinese Book 1：依課文圖片練習中文口說。,story,True,False,9,/uploads/images/lesson-6-8-bubble/l6r-frame-10.png,請看圖，說出這一句。,請用完整句子說明。,請加上原因或感受。,有時候我們也一起去看運動比賽。,有時候我們也一起去看運動比賽，我覺得很好。,有時候我們也一起去看運動比賽，所以我們可以一起去，你覺得怎麼樣？,運動,exercise,yùndòng,N,,,,,,"{""prompt"": ""請看圖，說出這一句。"", ""phrases"": null, ""imageUrl"": ""/uploads/images/lesson-6-8-bubble/l6r-frame-10.png"", ""promptHard"": ""請加上原因或感受。"", ""vocabulary"": ""運動"", ""phrasesHard"": null, ""imageUrlHard"": ""/uploads/images/lesson-6-8-bubble/l6r-frame-10.png"", ""listenScript"": null, ""promptMedium"": ""請用完整句子說明。"", ""phrasesMedium"": null, ""vocabularyPos"": ""N"", ""grammarExample"": null, ""grammarPattern"": null, ""imageUrlMedium"": ""/uploads/images/lesson-6-8-bubble/l6r-frame-10.png"", ""listenAudioUrl"": null, ""vocabularyHard"": ""運動"", ""suggestedAnswer"": ""有時候我們也一起去看運動比賽。"", ""vocabularyCloze"": ""[[{\""sentence\"":\""有時候我們也一起去看運動比賽。\"",\""distractors\"":[\""朋友\"",\""學校\"",\""飯店\""]}]]"", ""listenScriptHard"": null, ""vocabularyGroups"": null, ""vocabularyMedium"": ""運動"", ""vocabularyPinyin"": ""yùndòng"", ""listenAudioSource"": null, ""vocabularyPosHard"": null, ""vocabularySynonym"": ""[[]]"", ""listenAudioUrlHard"": null, ""listenScriptMedium"": null, ""phrasesTranslation"": null, ""suggestedAnswerHard"": ""有時候我們也一起去看運動比賽，所以我們可以一起去，你覺得怎麼樣？"", ""vocabularyAudioUrls"": null, ""vocabularyLookalike"": ""[[]]"", ""vocabularyPosMedium"": null, ""listenAudioUrlMedium"": null, ""vocabularyPinyinHard"": null, ""listenAudioSourceHard"": null, ""suggestedAnswerMedium"": ""有時候我們也一起去看運動比賽，我覺得很好。"", ""vocabularyDistractors"": ""[[]]"", ""vocabularyTranslation"": ""exercise"", ""phrasesTranslationHard"": null, ""vocabularyPinyinMedium"": null, ""listenAudioSourceMedium"": null, ""sentenceReferenceCurves"": null, ""vocabularyAudioUrlsHard"": null, ""phrasesTranslationMedium"": null, ""vocabularyAudioUrlsMedium"": null, ""vocabularyReferenceCurves"": null, ""vocabularyTranslationHard"": null, ""sentenceReferenceCurvesHard"": null, ""vocabularyTranslationMedium"": null, ""sentenceReferenceCurvesMedium"": null, ""vocabularyReferenceCurvesHard"": null, ""vocabularyReferenceCurvesMedium"": null}"
6,3,modern-chinese-l6-reading,第6課 短文：我的興趣,True,Modern Chinese Book 1：依課文圖片練習中文口說。,story,True,False,10,/uploads/images/lesson-6-8-bubble/l6r-frame-11.png,請看圖，說出這一句。,請用完整句子說明。,請加上原因或感受。,有這幾個好朋友，我真高興！,有這幾個好朋友，我真高興，我覺得很好。,有這幾個好朋友，我真高興，所以我們可以一起去，你覺得怎麼樣？,朋友,friend,péngyǒu,N,,,,,,"{""prompt"": ""請看圖，說出這一句。"", ""phrases"": null, ""imageUrl"": ""/uploads/images/lesson-6-8-bubble/l6r-frame-11.png"", ""promptHard"": ""請加上原因或感受。"", ""vocabulary"": ""朋友"", ""phrasesHard"": null, ""imageUrlHard"": ""/uploads/images/lesson-6-8-bubble/l6r-frame-11.png"", ""listenScript"": null, ""promptMedium"": ""請用完整句子說明。"", ""phrasesMedium"": null, ""vocabularyPos"": ""N"", ""grammarExample"": null, ""grammarPattern"": null, ""imageUrlMedium"": ""/uploads/images/lesson-6-8-bubble/l6r-frame-11.png"", ""listenAudioUrl"": null, ""vocabularyHard"": ""朋友"", ""suggestedAnswer"": ""有這幾個好朋友，我真高興！"", ""vocabularyCloze"": ""[[{\""sentence\"":\""有這幾個好朋友，我真高興！\"",\""distractors\"":[\""學校\"",\""飯店\""]}]]"", ""listenScriptHard"": null, ""vocabularyGroups"": null, ""vocabularyMedium"": ""朋友"", ""vocabularyPinyin"": ""péngyǒu"", ""listenAudioSource"": null, ""vocabularyPosHard"": null, ""vocabularySynonym"": ""[[]]"", ""listenAudioUrlHard"": null, ""listenScriptMedium"": null, ""phrasesTranslation"": null, ""suggestedAnswerHard"": ""有這幾個好朋友，我真高興，所以我們可以一起去，你覺得怎麼樣？"", ""vocabularyAudioUrls"": null, ""vocabularyLookalike"": ""[[]]"", ""vocabularyPosMedium"": null, ""listenAudioUrlMedium"": null, ""vocabularyPinyinHard"": null, ""listenAudioSourceHard"": null, ""suggestedAnswerMedium"": ""有這幾個好朋友，我真高興，我覺得很好。"", ""vocabularyDistractors"": ""[[]]"", ""vocabularyTranslation"": ""friend"", ""phrasesTranslationHard"": null, ""vocabularyPinyinMedium"": null, ""listenAudioSourceMedium"": null, ""sentenceReferenceCurves"": null, ""vocabularyAudioUrlsHard"": null, ""phrasesTranslationMedium"": null, ""vocabularyAudioUrlsMedium"": null, ""vocabularyReferenceCurves"": null, ""vocabularyTranslationHard"": null, ""sentenceReferenceCurvesHard"": null, ""vocabularyTranslationMedium"": null, ""sentenceReferenceCurvesMedium"": null, ""vocabularyReferenceCurvesHard"": null, ""vocabularyReferenceCurvesMedium"": null}"
7,1,modern-chinese-l7-dialogue-1,第7課 對話一：怎麼去天美飯店？,True,Modern Chinese Book 1：依課文圖片練習中文口說。,story,True,False,0,/uploads/images/lesson-6-8-full-v3-final/l7d1-1.png,請看圖，說出這一句。,請用完整句子說明。,請加上原因或感受。,友美：元真，我們明天幾點去找你的韓國朋友？,友美：元真，我們明天幾點去找你的韓國朋友，你覺得呢？,友美：元真，我們明天幾點去找你的韓國朋友，如果有空，我們一起去，好嗎？,朋友,friend,péngyǒu,N,,,,,,"{""prompt"": ""請看圖，說出這一句。"", ""phrases"": null, ""imageUrl"": ""/uploads/images/lesson-6-8-full-v3-final/l7d1-1.png"", ""promptHard"": ""請加上原因或感受。"", ""vocabulary"": ""朋友"", ""phrasesHard"": null, ""imageUrlHard"": ""/uploads/images/lesson-6-8-full-v3-final/l7d1-1.png"", ""listenScript"": null, ""promptMedium"": ""請用完整句子說明。"", ""phrasesMedium"": null, ""vocabularyPos"": ""N"", ""grammarExample"": null, ""grammarPattern"": null, ""imageUrlMedium"": ""/uploads/images/lesson-6-8-full-v3-final/l7d1-1.png"", ""listenAudioUrl"": null, ""vocabularyHard"": ""朋友"", ""suggestedAnswer"": ""友美：元真，我們明天幾點去找你的韓國朋友？"", ""vocabularyCloze"": ""[[{\""sentence\"":\""友美：元真，我們明天幾點去找你的韓國朋友？\"",\""distractors\"":[\""學校\"",\""飯店\""]}]]"", ""listenScriptHard"": null, ""vocabularyGroups"": null, ""vocabularyMedium"": ""朋友"", ""vocabularyPinyin"": ""péngyǒu"", ""listenAudioSource"": null, ""vocabularyPosHard"": null, ""vocabularySynonym"": ""[[]]"", ""listenAudioUrlHard"": null, ""listenScriptMedium"": null, ""phrasesTranslation"": null, ""suggestedAnswerHard"": ""友美：元真，我們明天幾點去找你的韓國朋友，如果有空，我們一起去，好嗎？"", ""vocabularyAudioUrls"": null, ""vocabularyLookalike"": ""[[]]"", ""vocabularyPosMedium"": null, ""listenAudioUrlMedium"": null, ""vocabularyPinyinHard"": null, ""listenAudioSourceHard"": null, ""suggestedAnswerMedium"": ""友美：元真，我們明天幾點去找你的韓國朋友，你覺得呢？"", ""vocabularyDistractors"": ""[[]]"", ""vocabularyTranslation"": ""friend"", ""phrasesTranslationHard"": null, ""vocabularyPinyinMedium"": null, ""listenAudioSourceMedium"": null, ""sentenceReferenceCurves"": null, ""vocabularyAudioUrlsHard"": null, ""phrasesTranslationMedium"": null, ""vocabularyAudioUrlsMedium"": null, ""vocabularyReferenceCurves"": null, ""vocabularyTranslationHard"": null, ""sentenceReferenceCurvesHard"": null, ""vocabularyTranslationMedium"": null, ""sentenceReferenceCurvesMedium"": null, ""vocabularyReferenceCurvesHard"": null, ""vocabularyReferenceCurvesMedium"": null}"
7,1,modern-chinese-l7-dialogue-1,第7課 對話一：怎麼去天美飯店？,True,Modern Chinese Book 1：依課文圖片練習中文口說。,story,True,False,1,/uploads/images/lesson-6-8-full-v3-final/l7d1-2.png,請看圖，說出這一句。,請用完整句子說明。,請加上原因或感受。,元真：我們下午四點要到天美飯店，她在那裡等我們。,元真：我們下午四點要到天美飯店，她在那裡等我們，我覺得很好。,元真：我們下午四點要到天美飯店，她在那裡等我們，所以我們可以一起去，你覺得怎麼樣？,飯店,hotel,fàndiàn,N,,,,,,"{""prompt"": ""請看圖，說出這一句。"", ""phrases"": null, ""imageUrl"": ""/uploads/images/lesson-6-8-full-v3-final/l7d1-2.png"", ""promptHard"": ""請加上原因或感受。"", ""vocabulary"": ""飯店"", ""phrasesHard"": null, ""imageUrlHard"": ""/uploads/images/lesson-6-8-full-v3-final/l7d1-2.png"", ""listenScript"": null, ""promptMedium"": ""請用完整句子說明。"", ""phrasesMedium"": null, ""vocabularyPos"": ""N"", ""grammarExample"": null, ""grammarPattern"": null, ""imageUrlMedium"": ""/uploads/images/lesson-6-8-full-v3-final/l7d1-2.png"", ""listenAudioUrl"": null, ""vocabularyHard"": ""飯店"", ""suggestedAnswer"": ""元真：我們下午四點要到天美飯店，她在那裡等我們。"", ""vocabularyCloze"": ""[[{\""sentence\"":\""元真：我們下午四點要到天美飯店，她在那裡等我們。\"",\""distractors\"":[\""朋友\"",\""學校\""]}]]"", ""listenScriptHard"": null, ""vocabularyGroups"": null, ""vocabularyMedium"": ""飯店"", ""vocabularyPinyin"": ""fàndiàn"", ""listenAudioSource"": null, ""vocabularyPosHard"": null, ""vocabularySynonym"": ""[[]]"", ""listenAudioUrlHard"": null, ""listenScriptMedium"": null, ""phrasesTranslation"": null, ""suggestedAnswerHard"": ""元真：我們下午四點要到天美飯店，她在那裡等我們，所以我們可以一起去，你覺得怎麼樣？"", ""vocabularyAudioUrls"": null, ""vocabularyLookalike"": ""[[]]"", ""vocabularyPosMedium"": null, ""listenAudioUrlMedium"": null, ""vocabularyPinyinHard"": null, ""listenAudioSourceHard"": null, ""suggestedAnswerMedium"": ""元真：我們下午四點要到天美飯店，她在那裡等我們，我覺得很好。"", ""vocabularyDistractors"": ""[[]]"", ""vocabularyTranslation"": ""hotel"", ""phrasesTranslationHard"": null, ""vocabularyPinyinMedium"": null, ""listenAudioSourceMedium"": null, ""sentenceReferenceCurves"": null, ""vocabularyAudioUrlsHard"": null, ""phrasesTranslationMedium"": null, ""vocabularyAudioUrlsMedium"": null, ""vocabularyReferenceCurves"": null, ""vocabularyTranslationHard"": null, ""sentenceReferenceCurvesHard"": null, ""vocabularyTranslationMedium"": null, ""sentenceReferenceCurvesMedium"": null, ""vocabularyReferenceCurvesHard"": null, ""vocabularyReferenceCurvesMedium"": null}"
7,1,modern-chinese-l7-dialogue-1,第7課 對話一：怎麼去天美飯店？,True,Modern Chinese Book 1：依課文圖片練習中文口說。,story,True,False,2,/uploads/images/lesson-6-8-full-v3-final/l7d1-3.png,請看圖，說出這一句。,請用完整句子說明。,請加上原因或感受。,友美：我們要怎麼去？坐捷運還是坐公車？,友美：我們要怎麼去？坐捷運還是坐公車，你覺得呢？,友美：我們要怎麼去？坐捷運還是坐公車，如果有空，我們一起去，好嗎？,"捷運,公車","MRT, bus","jiéyùn, gōngchē","N, N",,,,,,"{""prompt"": ""請看圖，說出這一句。"", ""phrases"": null, ""imageUrl"": ""/uploads/images/lesson-6-8-full-v3-final/l7d1-3.png"", ""promptHard"": ""請加上原因或感受。"", ""vocabulary"": ""捷運,公車"", ""phrasesHard"": null, ""imageUrlHard"": ""/uploads/images/lesson-6-8-full-v3-final/l7d1-3.png"", ""listenScript"": null, ""promptMedium"": ""請用完整句子說明。"", ""phrasesMedium"": null, ""vocabularyPos"": ""N, N"", ""grammarExample"": null, ""grammarPattern"": null, ""imageUrlMedium"": ""/uploads/images/lesson-6-8-full-v3-final/l7d1-3.png"", ""listenAudioUrl"": null, ""vocabularyHard"": ""捷運,公車"", ""suggestedAnswer"": ""友美：我們要怎麼去？坐捷運還是坐公車？"", ""vocabularyCloze"": ""[[{\""sentence\"":\""友美：我們要怎麼去？坐捷運還是坐公車？\"",\""distractors\"":[\""朋友\"",\""學校\"",\""飯店\""]}],[{\""sentence\"":\""友美：我們要怎麼去？坐捷運還是坐公車？\"",\""distractors\"":[\""朋友\"",\""學校\"",\""飯店\""]}]]"", ""listenScriptHard"": null, ""vocabularyGroups"": null, ""vocabularyMedium"": ""捷運,公車"", ""vocabularyPinyin"": ""jiéyùn, gōngchē"", ""listenAudioSource"": null, ""vocabularyPosHard"": null, ""vocabularySynonym"": ""[[],[]]"", ""listenAudioUrlHard"": null, ""listenScriptMedium"": null, ""phrasesTranslation"": null, ""suggestedAnswerHard"": ""友美：我們要怎麼去？坐捷運還是坐公車，如果有空，我們一起去，好嗎？"", ""vocabularyAudioUrls"": null, ""vocabularyLookalike"": ""[[],[]]"", ""vocabularyPosMedium"": null, ""listenAudioUrlMedium"": null, ""vocabularyPinyinHard"": null, ""listenAudioSourceHard"": null, ""suggestedAnswerMedium"": ""友美：我們要怎麼去？坐捷運還是坐公車，你覺得呢？"", ""vocabularyDistractors"": ""[[],[]]"", ""vocabularyTranslation"": ""MRT, bus"", ""phrasesTranslationHard"": null, ""vocabularyPinyinMedium"": null, ""listenAudioSourceMedium"": null, ""sentenceReferenceCurves"": null, ""vocabularyAudioUrlsHard"": null, ""phrasesTranslationMedium"": null, ""vocabularyAudioUrlsMedium"": null, ""vocabularyReferenceCurves"": null, ""vocabularyTranslationHard"": null, ""sentenceReferenceCurvesHard"": null, ""vocabularyTranslationMedium"": null, ""sentenceReferenceCurvesMedium"": null, ""vocabularyReferenceCurvesHard"": null, ""vocabularyReferenceCurvesMedium"": null}"
7,1,modern-chinese-l7-dialogue-1,第7課 對話一：怎麼去天美飯店？,True,Modern Chinese Book 1：依課文圖片練習中文口說。,story,True,False,3,/uploads/images/lesson-6-8-full-v3-final/l7d1-4.png,請看圖，說出這一句。,請用完整句子說明。,請加上原因或感受。,元真：聽說那家飯店不遠，我想我們可以從學校走路去。,元真：聽說那家飯店不遠，我想我們可以從學校走路去，我覺得很好。,元真：聽說那家飯店不遠，我想我們可以從學校走路去，所以我們可以一起去，你覺得怎麼樣？,"飯店,學校,走路","hotel, school, to walk","fàndiàn, xuéxiào, zǒulù","N, N, V",,,,,,"{""prompt"": ""請看圖，說出這一句。"", ""phrases"": null, ""imageUrl"": ""/uploads/images/lesson-6-8-full-v3-final/l7d1-4.png"", ""promptHard"": ""請加上原因或感受。"", ""vocabulary"": ""飯店,學校,走路"", ""phrasesHard"": null, ""imageUrlHard"": ""/uploads/images/lesson-6-8-full-v3-final/l7d1-4.png"", ""listenScript"": null, ""promptMedium"": ""請用完整句子說明。"", ""phrasesMedium"": null, ""vocabularyPos"": ""N, N, V"", ""grammarExample"": null, ""grammarPattern"": null, ""imageUrlMedium"": ""/uploads/images/lesson-6-8-full-v3-final/l7d1-4.png"", ""listenAudioUrl"": null, ""vocabularyHard"": ""飯店,學校,走路"", ""suggestedAnswer"": ""元真：聽說那家飯店不遠，我想我們可以從學校走路去。"", ""vocabularyCloze"": ""[[{\""sentence\"":\""元真：聽說那家飯店不遠，我想我們可以從學校走路去。\"",\""distractors\"":[\""朋友\"",\""學校\""]}],[{\""sentence\"":\""元真：聽說那家飯店不遠，我想我們可以從學校走路去。\"",\""distractors\"":[\""朋友\"",\""飯店\""]}],[{\""sentence\"":\""元真：聽說那家飯店不遠，我想我們可以從學校走路去。\"",\""distractors\"":[\""游泳\"",\""跑步\"",\""休息\""]}]]"", ""listenScriptHard"": null, ""vocabularyGroups"": null, ""vocabularyMedium"": ""飯店,學校,走路"", ""vocabularyPinyin"": ""fàndiàn, xuéxiào, zǒulù"", ""listenAudioSource"": null, ""vocabularyPosHard"": null, ""vocabularySynonym"": ""[[],[],[]]"", ""listenAudioUrlHard"": null, ""listenScriptMedium"": null, ""phrasesTranslation"": null, ""suggestedAnswerHard"": ""元真：聽說那家飯店不遠，我想我們可以從學校走路去，所以我們可以一起去，你覺得怎麼樣？"", ""vocabularyAudioUrls"": null, ""vocabularyLookalike"": ""[[],[],[]]"", ""vocabularyPosMedium"": null, ""listenAudioUrlMedium"": null, ""vocabularyPinyinHard"": null, ""listenAudioSourceHard"": null, ""suggestedAnswerMedium"": ""元真：聽說那家飯店不遠，我想我們可以從學校走路去，我覺得很好。"", ""vocabularyDistractors"": ""[[],[],[]]"", ""vocabularyTranslation"": ""hotel, school, to walk"", ""phrasesTranslationHard"": null, ""vocabularyPinyinMedium"": null, ""listenAudioSourceMedium"": null, ""sentenceReferenceCurves"": null, ""vocabularyAudioUrlsHard"": null, ""phrasesTranslationMedium"": null, ""vocabularyAudioUrlsMedium"": null, ""vocabularyReferenceCurves"": null, ""vocabularyTranslationHard"": null, ""sentenceReferenceCurvesHard"": null, ""vocabularyTranslationMedium"": null, ""sentenceReferenceCurvesMedium"": null, ""vocabularyReferenceCurvesHard"": null, ""vocabularyReferenceCurvesMedium"": null}"
7,1,modern-chinese-l7-dialogue-1,第7課 對話一：怎麼去天美飯店？,True,Modern Chinese Book 1：依課文圖片練習中文口說。,story,True,False,4,/uploads/images/lesson-6-8-full-v3-final/l7d1-5.png,請看圖，說出這一句。,請用完整句子說明。,請加上原因或感受。,友美：可是我不知道怎麼走，你知道嗎？,友美：可是我不知道怎麼走，你知道嗎，你覺得呢？,友美：可是我不知道怎麼走，你知道嗎，如果有空，我們一起去，好嗎？,,,,,,,,,,"{""prompt"": ""請看圖，說出這一句。"", ""phrases"": null, ""imageUrl"": ""/uploads/images/lesson-6-8-full-v3-final/l7d1-5.png"", ""promptHard"": ""請加上原因或感受。"", ""vocabulary"": """", ""phrasesHard"": null, ""imageUrlHard"": ""/uploads/images/lesson-6-8-full-v3-final/l7d1-5.png"", ""listenScript"": null, ""promptMedium"": ""請用完整句子說明。"", ""phrasesMedium"": null, ""vocabularyPos"": null, ""grammarExample"": null, ""grammarPattern"": null, ""imageUrlMedium"": ""/uploads/images/lesson-6-8-full-v3-final/l7d1-5.png"", ""listenAudioUrl"": null, ""vocabularyHard"": """", ""suggestedAnswer"": ""友美：可是我不知道怎麼走，你知道嗎？"", ""vocabularyCloze"": null, ""listenScriptHard"": null, ""vocabularyGroups"": null, ""vocabularyMedium"": """", ""vocabularyPinyin"": null, ""listenAudioSource"": null, ""vocabularyPosHard"": null, ""vocabularySynonym"": null, ""listenAudioUrlHard"": null, ""listenScriptMedium"": null, ""phrasesTranslation"": null, ""suggestedAnswerHard"": ""友美：可是我不知道怎麼走，你知道嗎，如果有空，我們一起去，好嗎？"", ""vocabularyAudioUrls"": null, ""vocabularyLookalike"": null, ""vocabularyPosMedium"": null, ""listenAudioUrlMedium"": null, ""vocabularyPinyinHard"": null, ""listenAudioSourceHard"": null, ""suggestedAnswerMedium"": ""友美：可是我不知道怎麼走，你知道嗎，你覺得呢？"", ""vocabularyDistractors"": null, ""vocabularyTranslation"": null, ""phrasesTranslationHard"": null, ""vocabularyPinyinMedium"": null, ""listenAudioSourceMedium"": null, ""sentenceReferenceCurves"": null, ""vocabularyAudioUrlsHard"": null, ""phrasesTranslationMedium"": null, ""vocabularyAudioUrlsMedium"": null, ""vocabularyReferenceCurves"": null, ""vocabularyTranslationHard"": null, ""sentenceReferenceCurvesHard"": null, ""vocabularyTranslationMedium"": null, ""sentenceReferenceCurvesMedium"": null, ""vocabularyReferenceCurvesHard"": null, ""vocabularyReferenceCurvesMedium"": null}"
7,1,modern-chinese-l7-dialogue-1,第7課 對話一：怎麼去天美飯店？,True,Modern Chinese Book 1：依課文圖片練習中文口說。,story,True,False,5,/uploads/images/lesson-6-8-full-v3-final/l7d1-6.png,請看圖，說出這一句。,請用完整句子說明。,請加上原因或感受。,元真：我也不知道。我們可以先上網看地圖。,元真：我也不知道。我們可以先上網看地圖，我覺得很好。,元真：我也不知道。我們可以先上網看地圖，所以我們可以一起去，你覺得怎麼樣？,地圖,map,dìtú,N,,,,,,"{""prompt"": ""請看圖，說出這一句。"", ""phrases"": null, ""imageUrl"": ""/uploads/images/lesson-6-8-full-v3-final/l7d1-6.png"", ""promptHard"": ""請加上原因或感受。"", ""vocabulary"": ""地圖"", ""phrasesHard"": null, ""imageUrlHard"": ""/uploads/images/lesson-6-8-full-v3-final/l7d1-6.png"", ""listenScript"": null, ""promptMedium"": ""請用完整句子說明。"", ""phrasesMedium"": null, ""vocabularyPos"": ""N"", ""grammarExample"": null, ""grammarPattern"": null, ""imageUrlMedium"": ""/uploads/images/lesson-6-8-full-v3-final/l7d1-6.png"", ""listenAudioUrl"": null, ""vocabularyHard"": ""地圖"", ""suggestedAnswer"": ""元真：我也不知道。我們可以先上網看地圖。"", ""vocabularyCloze"": ""[[{\""sentence\"":\""元真：我也不知道。我們可以先上網看地圖。\"",\""distractors\"":[\""朋友\"",\""學校\"",\""飯店\""]}]]"", ""listenScriptHard"": null, ""vocabularyGroups"": null, ""vocabularyMedium"": ""地圖"", ""vocabularyPinyin"": ""dìtú"", ""listenAudioSource"": null, ""vocabularyPosHard"": null, ""vocabularySynonym"": ""[[]]"", ""listenAudioUrlHard"": null, ""listenScriptMedium"": null, ""phrasesTranslation"": null, ""suggestedAnswerHard"": ""元真：我也不知道。我們可以先上網看地圖，所以我們可以一起去，你覺得怎麼樣？"", ""vocabularyAudioUrls"": null, ""vocabularyLookalike"": ""[[]]"", ""vocabularyPosMedium"": null, ""listenAudioUrlMedium"": null, ""vocabularyPinyinHard"": null, ""listenAudioSourceHard"": null, ""suggestedAnswerMedium"": ""元真：我也不知道。我們可以先上網看地圖，我覺得很好。"", ""vocabularyDistractors"": ""[[]]"", ""vocabularyTranslation"": ""map"", ""phrasesTranslationHard"": null, ""vocabularyPinyinMedium"": null, ""listenAudioSourceMedium"": null, ""sentenceReferenceCurves"": null, ""vocabularyAudioUrlsHard"": null, ""phrasesTranslationMedium"": null, ""vocabularyAudioUrlsMedium"": null, ""vocabularyReferenceCurves"": null, ""vocabularyTranslationHard"": null, ""sentenceReferenceCurvesHard"": null, ""vocabularyTranslationMedium"": null, ""sentenceReferenceCurvesMedium"": null, ""vocabularyReferenceCurvesHard"": null, ""vocabularyReferenceCurvesMedium"": null}"
7,1,modern-chinese-l7-dialogue-1,第7課 對話一：怎麼去天美飯店？,True,Modern Chinese Book 1：依課文圖片練習中文口說。,story,True,False,6,/uploads/images/lesson-6-8-full-v3-final/l7d1-7.png,請看圖，說出這一句。,請用完整句子說明。,請加上原因或感受。,友美：啊！上課了！我們先上課吧。,友美：啊！上課了！我們先上課吧，我覺得很好。,友美：啊！上課了！我們先上課吧，所以我們可以一起去，你覺得怎麼樣？,,,,,,,,,,"{""prompt"": ""請看圖，說出這一句。"", ""phrases"": null, ""imageUrl"": ""/uploads/images/lesson-6-8-full-v3-final/l7d1-7.png"", ""promptHard"": ""請加上原因或感受。"", ""vocabulary"": """", ""phrasesHard"": null, ""imageUrlHard"": ""/uploads/images/lesson-6-8-full-v3-final/l7d1-7.png"", ""listenScript"": null, ""promptMedium"": ""請用完整句子說明。"", ""phrasesMedium"": null, ""vocabularyPos"": null, ""grammarExample"": null, ""grammarPattern"": null, ""imageUrlMedium"": ""/uploads/images/lesson-6-8-full-v3-final/l7d1-7.png"", ""listenAudioUrl"": null, ""vocabularyHard"": """", ""suggestedAnswer"": ""友美：啊！上課了！我們先上課吧。"", ""vocabularyCloze"": null, ""listenScriptHard"": null, ""vocabularyGroups"": null, ""vocabularyMedium"": """", ""vocabularyPinyin"": null, ""listenAudioSource"": null, ""vocabularyPosHard"": null, ""vocabularySynonym"": null, ""listenAudioUrlHard"": null, ""listenScriptMedium"": null, ""phrasesTranslation"": null, ""suggestedAnswerHard"": ""友美：啊！上課了！我們先上課吧，所以我們可以一起去，你覺得怎麼樣？"", ""vocabularyAudioUrls"": null, ""vocabularyLookalike"": null, ""vocabularyPosMedium"": null, ""listenAudioUrlMedium"": null, ""vocabularyPinyinHard"": null, ""listenAudioSourceHard"": null, ""suggestedAnswerMedium"": ""友美：啊！上課了！我們先上課吧，我覺得很好。"", ""vocabularyDistractors"": null, ""vocabularyTranslation"": null, ""phrasesTranslationHard"": null, ""vocabularyPinyinMedium"": null, ""listenAudioSourceMedium"": null, ""sentenceReferenceCurves"": null, ""vocabularyAudioUrlsHard"": null, ""phrasesTranslationMedium"": null, ""vocabularyAudioUrlsMedium"": null, ""vocabularyReferenceCurves"": null, ""vocabularyTranslationHard"": null, ""sentenceReferenceCurvesHard"": null, ""vocabularyTranslationMedium"": null, ""sentenceReferenceCurvesMedium"": null, ""vocabularyReferenceCurvesHard"": null, ""vocabularyReferenceCurvesMedium"": null}"
7,1,modern-chinese-l7-dialogue-1,第7課 對話一：怎麼去天美飯店？,True,Modern Chinese Book 1：依課文圖片練習中文口說。,story,True,False,7,/uploads/images/lesson-6-8-full-v3-final/l7d1-8.png,請看圖，說出這一句。,請用完整句子說明。,請加上原因或感受。,元真：好。,元真：好，我覺得很好。,元真：好，所以我們可以一起去，你覺得怎麼樣？,,,,,,,,,,"{""prompt"": ""請看圖，說出這一句。"", ""phrases"": null, ""imageUrl"": ""/uploads/images/lesson-6-8-full-v3-final/l7d1-8.png"", ""promptHard"": ""請加上原因或感受。"", ""vocabulary"": """", ""phrasesHard"": null, ""imageUrlHard"": ""/uploads/images/lesson-6-8-full-v3-final/l7d1-8.png"", ""listenScript"": null, ""promptMedium"": ""請用完整句子說明。"", ""phrasesMedium"": null, ""vocabularyPos"": null, ""grammarExample"": null, ""grammarPattern"": null, ""imageUrlMedium"": ""/uploads/images/lesson-6-8-full-v3-final/l7d1-8.png"", ""listenAudioUrl"": null, ""vocabularyHard"": """", ""suggestedAnswer"": ""元真：好。"", ""vocabularyCloze"": null, ""listenScriptHard"": null, ""vocabularyGroups"": null, ""vocabularyMedium"": """", ""vocabularyPinyin"": null, ""listenAudioSource"": null, ""vocabularyPosHard"": null, ""vocabularySynonym"": null, ""listenAudioUrlHard"": null, ""listenScriptMedium"": null, ""phrasesTranslation"": null, ""suggestedAnswerHard"": ""元真：好，所以我們可以一起去，你覺得怎麼樣？"", ""vocabularyAudioUrls"": null, ""vocabularyLookalike"": null, ""vocabularyPosMedium"": null, ""listenAudioUrlMedium"": null, ""vocabularyPinyinHard"": null, ""listenAudioSourceHard"": null, ""suggestedAnswerMedium"": ""元真：好，我覺得很好。"", ""vocabularyDistractors"": null, ""vocabularyTranslation"": null, ""phrasesTranslationHard"": null, ""vocabularyPinyinMedium"": null, ""listenAudioSourceMedium"": null, ""sentenceReferenceCurves"": null, ""vocabularyAudioUrlsHard"": null, ""phrasesTranslationMedium"": null, ""vocabularyAudioUrlsMedium"": null, ""vocabularyReferenceCurves"": null, ""vocabularyTranslationHard"": null, ""sentenceReferenceCurvesHard"": null, ""vocabularyTranslationMedium"": null, ""sentenceReferenceCurvesMedium"": null, ""vocabularyReferenceCurvesHard"": null, ""vocabularyReferenceCurvesMedium"": null}"
7,2,modern-chinese-l7-dialogue-2,第7課 對話二：坐捷運去吧！,True,Modern Chinese Book 1：依課文圖片練習中文口說。,story,True,False,0,/uploads/images/lesson-6-8-full-v3-final/l7d2-1.png,請看圖，說出這一句。,請用完整句子說明。,請加上原因或感受。,元真：友美，妳看，天美飯店在大學路。我現在知道怎麼走了。,元真：友美，妳看，天美飯店在大學路。我現在知道怎麼走了，我覺得很好。,元真：友美，妳看，天美飯店在大學路。我現在知道怎麼走了，所以我們可以一起去，你覺得怎麼樣？,飯店,hotel,fàndiàn,N,,,,,,"{""prompt"": ""請看圖，說出這一句。"", ""phrases"": null, ""imageUrl"": ""/uploads/images/lesson-6-8-full-v3-final/l7d2-1.png"", ""promptHard"": ""請加上原因或感受。"", ""vocabulary"": ""飯店"", ""phrasesHard"": null, ""imageUrlHard"": ""/uploads/images/lesson-6-8-full-v3-final/l7d2-1.png"", ""listenScript"": null, ""promptMedium"": ""請用完整句子說明。"", ""phrasesMedium"": null, ""vocabularyPos"": ""N"", ""grammarExample"": null, ""grammarPattern"": null, ""imageUrlMedium"": ""/uploads/images/lesson-6-8-full-v3-final/l7d2-1.png"", ""listenAudioUrl"": null, ""vocabularyHard"": ""飯店"", ""suggestedAnswer"": ""元真：友美，妳看，天美飯店在大學路。我現在知道怎麼走了。"", ""vocabularyCloze"": ""[[{\""sentence\"":\""元真：友美，妳看，天美飯店在大學路。我現在知道怎麼走了。\"",\""distractors\"":[\""朋友\"",\""學校\""]}]]"", ""listenScriptHard"": null, ""vocabularyGroups"": null, ""vocabularyMedium"": ""飯店"", ""vocabularyPinyin"": ""fàndiàn"", ""listenAudioSource"": null, ""vocabularyPosHard"": null, ""vocabularySynonym"": ""[[]]"", ""listenAudioUrlHard"": null, ""listenScriptMedium"": null, ""phrasesTranslation"": null, ""suggestedAnswerHard"": ""元真：友美，妳看，天美飯店在大學路。我現在知道怎麼走了，所以我們可以一起去，你覺得怎麼樣？"", ""vocabularyAudioUrls"": null, ""vocabularyLookalike"": ""[[]]"", ""vocabularyPosMedium"": null, ""listenAudioUrlMedium"": null, ""vocabularyPinyinHard"": null, ""listenAudioSourceHard"": null, ""suggestedAnswerMedium"": ""元真：友美，妳看，天美飯店在大學路。我現在知道怎麼走了，我覺得很好。"", ""vocabularyDistractors"": ""[[]]"", ""vocabularyTranslation"": ""hotel"", ""phrasesTranslationHard"": null, ""vocabularyPinyinMedium"": null, ""listenAudioSourceMedium"": null, ""sentenceReferenceCurves"": null, ""vocabularyAudioUrlsHard"": null, ""phrasesTranslationMedium"": null, ""vocabularyAudioUrlsMedium"": null, ""vocabularyReferenceCurves"": null, ""vocabularyTranslationHard"": null, ""sentenceReferenceCurvesHard"": null, ""vocabularyTranslationMedium"": null, ""sentenceReferenceCurvesMedium"": null, ""vocabularyReferenceCurvesHard"": null, ""vocabularyReferenceCurvesMedium"": null}"
7,2,modern-chinese-l7-dialogue-2,第7課 對話二：坐捷運去吧！,True,Modern Chinese Book 1：依課文圖片練習中文口說。,story,True,False,1,/uploads/images/lesson-6-8-full-v3-final/l7d2-2.png,請看圖，說出這一句。,請用完整句子說明。,請加上原因或感受。,友美：啊！天美飯店在這裡！我知道這個地方，附近有郵局跟超級市場。,友美：啊！天美飯店在這裡！我知道這個地方，附近有郵局跟超級市場，我覺得很好。,友美：啊！天美飯店在這裡！我知道這個地方，附近有郵局跟超級市場，所以我們可以一起去，你覺得怎麼樣？,"飯店,附近,郵局,超級市場","hotel, nearby, post office, supermarket","fàndiàn, fùjìn, yóujú, chāojí shìchǎng","N, N, N, N",,,,,,"{""prompt"": ""請看圖，說出這一句。"", ""phrases"": null, ""imageUrl"": ""/uploads/images/lesson-6-8-full-v3-final/l7d2-2.png"", ""promptHard"": ""請加上原因或感受。"", ""vocabulary"": ""飯店,附近,郵局,超級市場"", ""phrasesHard"": null, ""imageUrlHard"": ""/uploads/images/lesson-6-8-full-v3-final/l7d2-2.png"", ""listenScript"": null, ""promptMedium"": ""請用完整句子說明。"", ""phrasesMedium"": null, ""vocabularyPos"": ""N, N, N, N"", ""grammarExample"": null, ""grammarPattern"": null, ""imageUrlMedium"": ""/uploads/images/lesson-6-8-full-v3-final/l7d2-2.png"", ""listenAudioUrl"": null, ""vocabularyHard"": ""飯店,附近,郵局,超級市場"", ""suggestedAnswer"": ""友美：啊！天美飯店在這裡！我知道這個地方，附近有郵局跟超級市場。"", ""vocabularyCloze"": ""[[{\""sentence\"":\""友美：啊！天美飯店在這裡！我知道這個地方，附近有郵局跟超級市場。\"",\""distractors\"":[\""朋友\"",\""學校\""]}],[{\""sentence\"":\""友美：啊！天美飯店在這裡！我知道這個地方，附近有郵局跟超級市場。\"",\""distractors\"":[\""朋友\"",\""學校\"",\""飯店\""]}],[{\""sentence\"":\""友美：啊！天美飯店在這裡！我知道這個地方，附近有郵局跟超級市場。\"",\""distractors\"":[\""朋友\"",\""學校\"",\""飯店\""]}],[{\""sentence\"":\""友美：啊！天美飯店在這裡！我知道這個地方，附近有郵局跟超級市場。\"",\""distractors\"":[\""朋友\"",\""學校\"",\""飯店\""]}]]"", ""listenScriptHard"": null, ""vocabularyGroups"": null, ""vocabularyMedium"": ""飯店,附近,郵局,超級市場"", ""vocabularyPinyin"": ""fàndiàn, fùjìn, yóujú, chāojí shìchǎng"", ""listenAudioSource"": null, ""vocabularyPosHard"": null, ""vocabularySynonym"": ""[[],[],[],[]]"", ""listenAudioUrlHard"": null, ""listenScriptMedium"": null, ""phrasesTranslation"": null, ""suggestedAnswerHard"": ""友美：啊！天美飯店在這裡！我知道這個地方，附近有郵局跟超級市場，所以我們可以一起去，你覺得怎麼樣？"", ""vocabularyAudioUrls"": null, ""vocabularyLookalike"": ""[[],[],[],[]]"", ""vocabularyPosMedium"": null, ""listenAudioUrlMedium"": null, ""vocabularyPinyinHard"": null, ""listenAudioSourceHard"": null, ""suggestedAnswerMedium"": ""友美：啊！天美飯店在這裡！我知道這個地方，附近有郵局跟超級市場，我覺得很好。"", ""vocabularyDistractors"": ""[[],[],[],[]]"", ""vocabularyTranslation"": ""hotel, nearby, post office, supermarket"", ""phrasesTranslationHard"": null, ""vocabularyPinyinMedium"": null, ""listenAudioSourceMedium"": null, ""sentenceReferenceCurves"": null, ""vocabularyAudioUrlsHard"": null, ""phrasesTranslationMedium"": null, ""vocabularyAudioUrlsMedium"": null, ""vocabularyReferenceCurves"": null, ""vocabularyTranslationHard"": null, ""sentenceReferenceCurvesHard"": null, ""vocabularyTranslationMedium"": null, ""sentenceReferenceCurvesMedium"": null, ""vocabularyReferenceCurvesHard"": null, ""vocabularyReferenceCurvesMedium"": null}"
7,2,modern-chinese-l7-dialogue-2,第7課 對話二：坐捷運去吧！,True,Modern Chinese Book 1：依課文圖片練習中文口說。,story,True,False,2,/uploads/images/lesson-6-8-full-v3-final/l7d2-3.png,請看圖，說出這一句。,請用完整句子說明。,請加上原因或感受。,元真：我想走路一定沒問題。,元真：我想走路一定沒問題，我覺得很好。,元真：我想走路一定沒問題，所以我們可以一起去，你覺得怎麼樣？,走路,to walk,zǒulù,V,,,,,,"{""prompt"": ""請看圖，說出這一句。"", ""phrases"": null, ""imageUrl"": ""/uploads/images/lesson-6-8-full-v3-final/l7d2-3.png"", ""promptHard"": ""請加上原因或感受。"", ""vocabulary"": ""走路"", ""phrasesHard"": null, ""imageUrlHard"": ""/uploads/images/lesson-6-8-full-v3-final/l7d2-3.png"", ""listenScript"": null, ""promptMedium"": ""請用完整句子說明。"", ""phrasesMedium"": null, ""vocabularyPos"": ""V"", ""grammarExample"": null, ""grammarPattern"": null, ""imageUrlMedium"": ""/uploads/images/lesson-6-8-full-v3-final/l7d2-3.png"", ""listenAudioUrl"": null, ""vocabularyHard"": ""走路"", ""suggestedAnswer"": ""元真：我想走路一定沒問題。"", ""vocabularyCloze"": ""[[{\""sentence\"":\""元真：我想走路一定沒問題。\"",\""distractors\"":[\""游泳\"",\""跑步\"",\""休息\""]}]]"", ""listenScriptHard"": null, ""vocabularyGroups"": null, ""vocabularyMedium"": ""走路"", ""vocabularyPinyin"": ""zǒulù"", ""listenAudioSource"": null, ""vocabularyPosHard"": null, ""vocabularySynonym"": ""[[]]"", ""listenAudioUrlHard"": null, ""listenScriptMedium"": null, ""phrasesTranslation"": null, ""suggestedAnswerHard"": ""元真：我想走路一定沒問題，所以我們可以一起去，你覺得怎麼樣？"", ""vocabularyAudioUrls"": null, ""vocabularyLookalike"": ""[[]]"", ""vocabularyPosMedium"": null, ""listenAudioUrlMedium"": null, ""vocabularyPinyinHard"": null, ""listenAudioSourceHard"": null, ""suggestedAnswerMedium"": ""元真：我想走路一定沒問題，我覺得很好。"", ""vocabularyDistractors"": ""[[]]"", ""vocabularyTranslation"": ""to walk"", ""phrasesTranslationHard"": null, ""vocabularyPinyinMedium"": null, ""listenAudioSourceMedium"": null, ""sentenceReferenceCurves"": null, ""vocabularyAudioUrlsHard"": null, ""phrasesTranslationMedium"": null, ""vocabularyAudioUrlsMedium"": null, ""vocabularyReferenceCurves"": null, ""vocabularyTranslationHard"": null, ""sentenceReferenceCurvesHard"": null, ""vocabularyTranslationMedium"": null, ""sentenceReferenceCurvesMedium"": null, ""vocabularyReferenceCurvesHard"": null, ""vocabularyReferenceCurvesMedium"": null}"
7,2,modern-chinese-l7-dialogue-2,第7課 對話二：坐捷運去吧！,True,Modern Chinese Book 1：依課文圖片練習中文口說。,story,True,False,3,/uploads/images/lesson-6-8-full-v3-final/l7d2-4.png,請看圖，說出這一句。,請用完整句子說明。,請加上原因或感受。,友美：可是我覺得那裡有點兒遠，走路去太累了。,友美：可是我覺得那裡有點兒遠，走路去太累了，我覺得很好。,友美：可是我覺得那裡有點兒遠，走路去太累了，所以我們可以一起去，你覺得怎麼樣？,走路,to walk,zǒulù,V,,,,,,"{""prompt"": ""請看圖，說出這一句。"", ""phrases"": null, ""imageUrl"": ""/uploads/images/lesson-6-8-full-v3-final/l7d2-4.png"", ""promptHard"": ""請加上原因或感受。"", ""vocabulary"": ""走路"", ""phrasesHard"": null, ""imageUrlHard"": ""/uploads/images/lesson-6-8-full-v3-final/l7d2-4.png"", ""listenScript"": null, ""promptMedium"": ""請用完整句子說明。"", ""phrasesMedium"": null, ""vocabularyPos"": ""V"", ""grammarExample"": null, ""grammarPattern"": null, ""imageUrlMedium"": ""/uploads/images/lesson-6-8-full-v3-final/l7d2-4.png"", ""listenAudioUrl"": null, ""vocabularyHard"": ""走路"", ""suggestedAnswer"": ""友美：可是我覺得那裡有點兒遠，走路去太累了。"", ""vocabularyCloze"": ""[[{\""sentence\"":\""友美：可是我覺得那裡有點兒遠，走路去太累了。\"",\""distractors\"":[\""游泳\"",\""跑步\"",\""休息\""]}]]"", ""listenScriptHard"": null, ""vocabularyGroups"": null, ""vocabularyMedium"": ""走路"", ""vocabularyPinyin"": ""zǒulù"", ""listenAudioSource"": null, ""vocabularyPosHard"": null, ""vocabularySynonym"": ""[[]]"", ""listenAudioUrlHard"": null, ""listenScriptMedium"": null, ""phrasesTranslation"": null, ""suggestedAnswerHard"": ""友美：可是我覺得那裡有點兒遠，走路去太累了，所以我們可以一起去，你覺得怎麼樣？"", ""vocabularyAudioUrls"": null, ""vocabularyLookalike"": ""[[]]"", ""vocabularyPosMedium"": null, ""listenAudioUrlMedium"": null, ""vocabularyPinyinHard"": null, ""listenAudioSourceHard"": null, ""suggestedAnswerMedium"": ""友美：可是我覺得那裡有點兒遠，走路去太累了，我覺得很好。"", ""vocabularyDistractors"": ""[[]]"", ""vocabularyTranslation"": ""to walk"", ""phrasesTranslationHard"": null, ""vocabularyPinyinMedium"": null, ""listenAudioSourceMedium"": null, ""sentenceReferenceCurves"": null, ""vocabularyAudioUrlsHard"": null, ""phrasesTranslationMedium"": null, ""vocabularyAudioUrlsMedium"": null, ""vocabularyReferenceCurves"": null, ""vocabularyTranslationHard"": null, ""sentenceReferenceCurvesHard"": null, ""vocabularyTranslationMedium"": null, ""sentenceReferenceCurvesMedium"": null, ""vocabularyReferenceCurvesHard"": null, ""vocabularyReferenceCurvesMedium"": null}"
7,2,modern-chinese-l7-dialogue-2,第7課 對話二：坐捷運去吧！,True,Modern Chinese Book 1：依課文圖片練習中文口說。,story,True,False,4,/uploads/images/lesson-6-8-full-v3-final/l7d2-5.png,請看圖，說出這一句。,請用完整句子說明。,請加上原因或感受。,元真：妳想怎麼去？,元真：妳想怎麼去，你覺得呢？,元真：妳想怎麼去，如果有空，我們一起去，好嗎？,,,,,,,,,,"{""prompt"": ""請看圖，說出這一句。"", ""phrases"": null, ""imageUrl"": ""/uploads/images/lesson-6-8-full-v3-final/l7d2-5.png"", ""promptHard"": ""請加上原因或感受。"", ""vocabulary"": """", ""phrasesHard"": null, ""imageUrlHard"": ""/uploads/images/lesson-6-8-full-v3-final/l7d2-5.png"", ""listenScript"": null, ""promptMedium"": ""請用完整句子說明。"", ""phrasesMedium"": null, ""vocabularyPos"": null, ""grammarExample"": null, ""grammarPattern"": null, ""imageUrlMedium"": ""/uploads/images/lesson-6-8-full-v3-final/l7d2-5.png"", ""listenAudioUrl"": null, ""vocabularyHard"": """", ""suggestedAnswer"": ""元真：妳想怎麼去？"", ""vocabularyCloze"": null, ""listenScriptHard"": null, ""vocabularyGroups"": null, ""vocabularyMedium"": """", ""vocabularyPinyin"": null, ""listenAudioSource"": null, ""vocabularyPosHard"": null, ""vocabularySynonym"": null, ""listenAudioUrlHard"": null, ""listenScriptMedium"": null, ""phrasesTranslation"": null, ""suggestedAnswerHard"": ""元真：妳想怎麼去，如果有空，我們一起去，好嗎？"", ""vocabularyAudioUrls"": null, ""vocabularyLookalike"": null, ""vocabularyPosMedium"": null, ""listenAudioUrlMedium"": null, ""vocabularyPinyinHard"": null, ""listenAudioSourceHard"": null, ""suggestedAnswerMedium"": ""元真：妳想怎麼去，你覺得呢？"", ""vocabularyDistractors"": null, ""vocabularyTranslation"": null, ""phrasesTranslationHard"": null, ""vocabularyPinyinMedium"": null, ""listenAudioSourceMedium"": null, ""sentenceReferenceCurves"": null, ""vocabularyAudioUrlsHard"": null, ""phrasesTranslationMedium"": null, ""vocabularyAudioUrlsMedium"": null, ""vocabularyReferenceCurves"": null, ""vocabularyTranslationHard"": null, ""sentenceReferenceCurvesHard"": null, ""vocabularyTranslationMedium"": null, ""sentenceReferenceCurvesMedium"": null, ""vocabularyReferenceCurvesHard"": null, ""vocabularyReferenceCurvesMedium"": null}"
7,2,modern-chinese-l7-dialogue-2,第7課 對話二：坐捷運去吧！,True,Modern Chinese Book 1：依課文圖片練習中文口說。,story,True,False,5,/uploads/images/lesson-6-8-full-v3-final/l7d2-6.png,請看圖，說出這一句。,請用完整句子說明。,請加上原因或感受。,友美：坐捷運又方便又舒服，我們可以坐捷運。,友美：坐捷運又方便又舒服，我們可以坐捷運，我覺得很好。,友美：坐捷運又方便又舒服，我們可以坐捷運，所以我們可以一起去，你覺得怎麼樣？,"捷運,方便,舒服","MRT, convenient, comfortable","jiéyùn, fāngbiàn, shūfu","N, Adj, Adj",,,,,,"{""prompt"": ""請看圖，說出這一句。"", ""phrases"": null, ""imageUrl"": ""/uploads/images/lesson-6-8-full-v3-final/l7d2-6.png"", ""promptHard"": ""請加上原因或感受。"", ""vocabulary"": ""捷運,方便,舒服"", ""phrasesHard"": null, ""imageUrlHard"": ""/uploads/images/lesson-6-8-full-v3-final/l7d2-6.png"", ""listenScript"": null, ""promptMedium"": ""請用完整句子說明。"", ""phrasesMedium"": null, ""vocabularyPos"": ""N, Adj, Adj"", ""grammarExample"": null, ""grammarPattern"": null, ""imageUrlMedium"": ""/uploads/images/lesson-6-8-full-v3-final/l7d2-6.png"", ""listenAudioUrl"": null, ""vocabularyHard"": ""捷運,方便,舒服"", ""suggestedAnswer"": ""友美：坐捷運又方便又舒服，我們可以坐捷運。"", ""vocabularyCloze"": ""[[],[{\""sentence\"":\""友美：坐捷運又方便又舒服，我們可以坐捷運。\"",\""distractors\"":[\""漂亮\"",\""有趣\""]}],[{\""sentence\"":\""友美：坐捷運又方便又舒服，我們可以坐捷運。\"",\""distractors\"":[\""漂亮\"",\""方便\"",\""有趣\""]}]]"", ""listenScriptHard"": null, ""vocabularyGroups"": null, ""vocabularyMedium"": ""捷運,方便,舒服"", ""vocabularyPinyin"": ""jiéyùn, fāngbiàn, shūfu"", ""listenAudioSource"": null, ""vocabularyPosHard"": null, ""vocabularySynonym"": ""[[],[],[]]"", ""listenAudioUrlHard"": null, ""listenScriptMedium"": null, ""phrasesTranslation"": null, ""suggestedAnswerHard"": ""友美：坐捷運又方便又舒服，我們可以坐捷運，所以我們可以一起去，你覺得怎麼樣？"", ""vocabularyAudioUrls"": null, ""vocabularyLookalike"": ""[[],[],[]]"", ""vocabularyPosMedium"": null, ""listenAudioUrlMedium"": null, ""vocabularyPinyinHard"": null, ""listenAudioSourceHard"": null, ""suggestedAnswerMedium"": ""友美：坐捷運又方便又舒服，我們可以坐捷運，我覺得很好。"", ""vocabularyDistractors"": ""[[],[],[]]"", ""vocabularyTranslation"": ""MRT, convenient, comfortable"", ""phrasesTranslationHard"": null, ""vocabularyPinyinMedium"": null, ""listenAudioSourceMedium"": null, ""sentenceReferenceCurves"": null, ""vocabularyAudioUrlsHard"": null, ""phrasesTranslationMedium"": null, ""vocabularyAudioUrlsMedium"": null, ""vocabularyReferenceCurves"": null, ""vocabularyTranslationHard"": null, ""sentenceReferenceCurvesHard"": null, ""vocabularyTranslationMedium"": null, ""sentenceReferenceCurvesMedium"": null, ""vocabularyReferenceCurvesHard"": null, ""vocabularyReferenceCurvesMedium"": null}"
7,2,modern-chinese-l7-dialogue-2,第7課 對話二：坐捷運去吧！,True,Modern Chinese Book 1：依課文圖片練習中文口說。,story,True,False,6,/uploads/images/lesson-6-8-full-v3-final/l7d2-7.png,請看圖，說出這一句。,請用完整句子說明。,請加上原因或感受。,元真：好，我們明天坐捷運去吧。,元真：好，我們明天坐捷運去吧，我覺得很好。,元真：好，我們明天坐捷運去吧，所以我們可以一起去，你覺得怎麼樣？,捷運,MRT,jiéyùn,N,,,,,,"{""prompt"": ""請看圖，說出這一句。"", ""phrases"": null, ""imageUrl"": ""/uploads/images/lesson-6-8-full-v3-final/l7d2-7.png"", ""promptHard"": ""請加上原因或感受。"", ""vocabulary"": ""捷運"", ""phrasesHard"": null, ""imageUrlHard"": ""/uploads/images/lesson-6-8-full-v3-final/l7d2-7.png"", ""listenScript"": null, ""promptMedium"": ""請用完整句子說明。"", ""phrasesMedium"": null, ""vocabularyPos"": ""N"", ""grammarExample"": null, ""grammarPattern"": null, ""imageUrlMedium"": ""/uploads/images/lesson-6-8-full-v3-final/l7d2-7.png"", ""listenAudioUrl"": null, ""vocabularyHard"": ""捷運"", ""suggestedAnswer"": ""元真：好，我們明天坐捷運去吧。"", ""vocabularyCloze"": ""[[{\""sentence\"":\""元真：好，我們明天坐捷運去吧。\"",\""distractors\"":[\""朋友\"",\""學校\"",\""飯店\""]}]]"", ""listenScriptHard"": null, ""vocabularyGroups"": null, ""vocabularyMedium"": ""捷運"", ""vocabularyPinyin"": ""jiéyùn"", ""listenAudioSource"": null, ""vocabularyPosHard"": null, ""vocabularySynonym"": ""[[]]"", ""listenAudioUrlHard"": null, ""listenScriptMedium"": null, ""phrasesTranslation"": null, ""suggestedAnswerHard"": ""元真：好，我們明天坐捷運去吧，所以我們可以一起去，你覺得怎麼樣？"", ""vocabularyAudioUrls"": null, ""vocabularyLookalike"": ""[[]]"", ""vocabularyPosMedium"": null, ""listenAudioUrlMedium"": null, ""vocabularyPinyinHard"": null, ""listenAudioSourceHard"": null, ""suggestedAnswerMedium"": ""元真：好，我們明天坐捷運去吧，我覺得很好。"", ""vocabularyDistractors"": ""[[]]"", ""vocabularyTranslation"": ""MRT"", ""phrasesTranslationHard"": null, ""vocabularyPinyinMedium"": null, ""listenAudioSourceMedium"": null, ""sentenceReferenceCurves"": null, ""vocabularyAudioUrlsHard"": null, ""phrasesTranslationMedium"": null, ""vocabularyAudioUrlsMedium"": null, ""vocabularyReferenceCurves"": null, ""vocabularyTranslationHard"": null, ""sentenceReferenceCurvesHard"": null, ""vocabularyTranslationMedium"": null, ""sentenceReferenceCurvesMedium"": null, ""vocabularyReferenceCurvesHard"": null, ""vocabularyReferenceCurvesMedium"": null}"
7,3,modern-chinese-l7-reading,第7課 短文：從我家坐捷運很方便,True,Modern Chinese Book 1：依課文圖片練習中文口說。,story,True,False,0,/uploads/images/lesson-6-8-bubble/l7r-frame-1.png,請看圖，說出這一句。,請用完整句子說明。,請加上原因或感受。,我家附近有三條捷運線。,我家附近有三條捷運線，我覺得很好。,我家附近有三條捷運線，所以我們可以一起去，你覺得怎麼樣？,"捷運,附近","MRT, nearby","jiéyùn, fùjìn","N, N",,,,,,"{""prompt"": ""請看圖，說出這一句。"", ""phrases"": null, ""imageUrl"": ""/uploads/images/lesson-6-8-bubble/l7r-frame-1.png"", ""promptHard"": ""請加上原因或感受。"", ""vocabulary"": ""捷運,附近"", ""phrasesHard"": null, ""imageUrlHard"": ""/uploads/images/lesson-6-8-bubble/l7r-frame-1.png"", ""listenScript"": null, ""promptMedium"": ""請用完整句子說明。"", ""phrasesMedium"": null, ""vocabularyPos"": ""N, N"", ""grammarExample"": null, ""grammarPattern"": null, ""imageUrlMedium"": ""/uploads/images/lesson-6-8-bubble/l7r-frame-1.png"", ""listenAudioUrl"": null, ""vocabularyHard"": ""捷運,附近"", ""suggestedAnswer"": ""我家附近有三條捷運線。"", ""vocabularyCloze"": ""[[{\""sentence\"":\""我家附近有三條捷運線。\"",\""distractors\"":[\""朋友\"",\""學校\"",\""飯店\""]}],[{\""sentence\"":\""我家附近有三條捷運線。\"",\""distractors\"":[\""朋友\"",\""學校\"",\""飯店\""]}]]"", ""listenScriptHard"": null, ""vocabularyGroups"": null, ""vocabularyMedium"": ""捷運,附近"", ""vocabularyPinyin"": ""jiéyùn, fùjìn"", ""listenAudioSource"": null, ""vocabularyPosHard"": null, ""vocabularySynonym"": ""[[],[]]"", ""listenAudioUrlHard"": null, ""listenScriptMedium"": null, ""phrasesTranslation"": null, ""suggestedAnswerHard"": ""我家附近有三條捷運線，所以我們可以一起去，你覺得怎麼樣？"", ""vocabularyAudioUrls"": null, ""vocabularyLookalike"": ""[[],[]]"", ""vocabularyPosMedium"": null, ""listenAudioUrlMedium"": null, ""vocabularyPinyinHard"": null, ""listenAudioSourceHard"": null, ""suggestedAnswerMedium"": ""我家附近有三條捷運線，我覺得很好。"", ""vocabularyDistractors"": ""[[],[]]"", ""vocabularyTranslation"": ""MRT, nearby"", ""phrasesTranslationHard"": null, ""vocabularyPinyinMedium"": null, ""listenAudioSourceMedium"": null, ""sentenceReferenceCurves"": null, ""vocabularyAudioUrlsHard"": null, ""phrasesTranslationMedium"": null, ""vocabularyAudioUrlsMedium"": null, ""vocabularyReferenceCurves"": null, ""vocabularyTranslationHard"": null, ""sentenceReferenceCurvesHard"": null, ""vocabularyTranslationMedium"": null, ""sentenceReferenceCurvesMedium"": null, ""vocabularyReferenceCurvesHard"": null, ""vocabularyReferenceCurvesMedium"": null}"
7,3,modern-chinese-l7-reading,第7課 短文：從我家坐捷運很方便,True,Modern Chinese Book 1：依課文圖片練習中文口說。,story,True,False,1,/uploads/images/lesson-6-8-bubble/l7r-frame-2.png,請看圖，說出這一句。,請用完整句子說明。,請加上原因或感受。,一條紅的、一條綠的和一條藍的。,一條紅的、一條綠的和一條藍的，我覺得很好。,一條紅的、一條綠的和一條藍的，所以我們可以一起去，你覺得怎麼樣？,,,,,,,,,,"{""prompt"": ""請看圖，說出這一句。"", ""phrases"": null, ""imageUrl"": ""/uploads/images/lesson-6-8-bubble/l7r-frame-2.png"", ""promptHard"": ""請加上原因或感受。"", ""vocabulary"": """", ""phrasesHard"": null, ""imageUrlHard"": ""/uploads/images/lesson-6-8-bubble/l7r-frame-2.png"", ""listenScript"": null, ""promptMedium"": ""請用完整句子說明。"", ""phrasesMedium"": null, ""vocabularyPos"": null, ""grammarExample"": null, ""grammarPattern"": null, ""imageUrlMedium"": ""/uploads/images/lesson-6-8-bubble/l7r-frame-2.png"", ""listenAudioUrl"": null, ""vocabularyHard"": """", ""suggestedAnswer"": ""一條紅的、一條綠的和一條藍的。"", ""vocabularyCloze"": null, ""listenScriptHard"": null, ""vocabularyGroups"": null, ""vocabularyMedium"": """", ""vocabularyPinyin"": null, ""listenAudioSource"": null, ""vocabularyPosHard"": null, ""vocabularySynonym"": null, ""listenAudioUrlHard"": null, ""listenScriptMedium"": null, ""phrasesTranslation"": null, ""suggestedAnswerHard"": ""一條紅的、一條綠的和一條藍的，所以我們可以一起去，你覺得怎麼樣？"", ""vocabularyAudioUrls"": null, ""vocabularyLookalike"": null, ""vocabularyPosMedium"": null, ""listenAudioUrlMedium"": null, ""vocabularyPinyinHard"": null, ""listenAudioSourceHard"": null, ""suggestedAnswerMedium"": ""一條紅的、一條綠的和一條藍的，我覺得很好。"", ""vocabularyDistractors"": null, ""vocabularyTranslation"": null, ""phrasesTranslationHard"": null, ""vocabularyPinyinMedium"": null, ""listenAudioSourceMedium"": null, ""sentenceReferenceCurves"": null, ""vocabularyAudioUrlsHard"": null, ""phrasesTranslationMedium"": null, ""vocabularyAudioUrlsMedium"": null, ""vocabularyReferenceCurves"": null, ""vocabularyTranslationHard"": null, ""sentenceReferenceCurvesHard"": null, ""vocabularyTranslationMedium"": null, ""sentenceReferenceCurvesMedium"": null, ""vocabularyReferenceCurvesHard"": null, ""vocabularyReferenceCurvesMedium"": null}"
7,3,modern-chinese-l7-reading,第7課 短文：從我家坐捷運很方便,True,Modern Chinese Book 1：依課文圖片練習中文口說。,story,True,False,2,/uploads/images/lesson-6-8-bubble/l7r-frame-3.png,請看圖，說出這一句。,請用完整句子說明。,請加上原因或感受。,我平常坐紅線去學校上課。,我平常坐紅線去學校上課，我覺得很好。,我平常坐紅線去學校上課，所以我們可以一起去，你覺得怎麼樣？,學校,school,xuéxiào,N,,,,,,"{""prompt"": ""請看圖，說出這一句。"", ""phrases"": null, ""imageUrl"": ""/uploads/images/lesson-6-8-bubble/l7r-frame-3.png"", ""promptHard"": ""請加上原因或感受。"", ""vocabulary"": ""學校"", ""phrasesHard"": null, ""imageUrlHard"": ""/uploads/images/lesson-6-8-bubble/l7r-frame-3.png"", ""listenScript"": null, ""promptMedium"": ""請用完整句子說明。"", ""phrasesMedium"": null, ""vocabularyPos"": ""N"", ""grammarExample"": null, ""grammarPattern"": null, ""imageUrlMedium"": ""/uploads/images/lesson-6-8-bubble/l7r-frame-3.png"", ""listenAudioUrl"": null, ""vocabularyHard"": ""學校"", ""suggestedAnswer"": ""我平常坐紅線去學校上課。"", ""vocabularyCloze"": ""[[{\""sentence\"":\""我平常坐紅線去學校上課。\"",\""distractors\"":[\""朋友\"",\""飯店\""]}]]"", ""listenScriptHard"": null, ""vocabularyGroups"": null, ""vocabularyMedium"": ""學校"", ""vocabularyPinyin"": ""xuéxiào"", ""listenAudioSource"": null, ""vocabularyPosHard"": null, ""vocabularySynonym"": ""[[]]"", ""listenAudioUrlHard"": null, ""listenScriptMedium"": null, ""phrasesTranslation"": null, ""suggestedAnswerHard"": ""我平常坐紅線去學校上課，所以我們可以一起去，你覺得怎麼樣？"", ""vocabularyAudioUrls"": null, ""vocabularyLookalike"": ""[[]]"", ""vocabularyPosMedium"": null, ""listenAudioUrlMedium"": null, ""vocabularyPinyinHard"": null, ""listenAudioSourceHard"": null, ""suggestedAnswerMedium"": ""我平常坐紅線去學校上課，我覺得很好。"", ""vocabularyDistractors"": ""[[]]"", ""vocabularyTranslation"": ""school"", ""phrasesTranslationHard"": null, ""vocabularyPinyinMedium"": null, ""listenAudioSourceMedium"": null, ""sentenceReferenceCurves"": null, ""vocabularyAudioUrlsHard"": null, ""phrasesTranslationMedium"": null, ""vocabularyAudioUrlsMedium"": null, ""vocabularyReferenceCurves"": null, ""vocabularyTranslationHard"": null, ""sentenceReferenceCurvesHard"": null, ""vocabularyTranslationMedium"": null, ""sentenceReferenceCurvesMedium"": null, ""vocabularyReferenceCurvesHard"": null, ""vocabularyReferenceCurvesMedium"": null}"
7,3,modern-chinese-l7-reading,第7課 短文：從我家坐捷運很方便,True,Modern Chinese Book 1：依課文圖片練習中文口說。,story,True,False,3,/uploads/images/lesson-6-8-bubble/l7r-frame-4.png,請看圖，說出這一句。,請用完整句子說明。,請加上原因或感受。,週末也坐捷運去運動、看電影。,週末也坐捷運去運動、看電影，我覺得很好。,週末也坐捷運去運動、看電影，所以我們可以一起去，你覺得怎麼樣？,"電影,運動,週末,捷運","movie, exercise, weekend, MRT","diànyǐng, yùndòng, zhōumò, jiéyùn","N, N, N, N",,,,,,"{""prompt"": ""請看圖，說出這一句。"", ""phrases"": null, ""imageUrl"": ""/uploads/images/lesson-6-8-bubble/l7r-frame-4.png"", ""promptHard"": ""請加上原因或感受。"", ""vocabulary"": ""電影,運動,週末,捷運"", ""phrasesHard"": null, ""imageUrlHard"": ""/uploads/images/lesson-6-8-bubble/l7r-frame-4.png"", ""listenScript"": null, ""promptMedium"": ""請用完整句子說明。"", ""phrasesMedium"": null, ""vocabularyPos"": ""N, N, N, N"", ""grammarExample"": null, ""grammarPattern"": null, ""imageUrlMedium"": ""/uploads/images/lesson-6-8-bubble/l7r-frame-4.png"", ""listenAudioUrl"": null, ""vocabularyHard"": ""電影,運動,週末,捷運"", ""suggestedAnswer"": ""週末也坐捷運去運動、看電影。"", ""vocabularyCloze"": ""[[{\""sentence\"":\""週末也坐捷運去運動、看電影。\"",\""distractors\"":[\""朋友\"",\""學校\"",\""飯店\""]}],[{\""sentence\"":\""週末也坐捷運去運動、看電影。\"",\""distractors\"":[\""朋友\"",\""學校\"",\""飯店\""]}],[{\""sentence\"":\""週末也坐捷運去運動、看電影。\"",\""distractors\"":[\""朋友\"",\""學校\"",\""飯店\""]}],[{\""sentence\"":\""週末也坐捷運去運動、看電影。\"",\""distractors\"":[\""朋友\"",\""學校\"",\""飯店\""]}]]"", ""listenScriptHard"": null, ""vocabularyGroups"": null, ""vocabularyMedium"": ""電影,運動,週末,捷運"", ""vocabularyPinyin"": ""diànyǐng, yùndòng, zhōumò, jiéyùn"", ""listenAudioSource"": null, ""vocabularyPosHard"": null, ""vocabularySynonym"": ""[[],[],[],[]]"", ""listenAudioUrlHard"": null, ""listenScriptMedium"": null, ""phrasesTranslation"": null, ""suggestedAnswerHard"": ""週末也坐捷運去運動、看電影，所以我們可以一起去，你覺得怎麼樣？"", ""vocabularyAudioUrls"": null, ""vocabularyLookalike"": ""[[],[],[],[]]"", ""vocabularyPosMedium"": null, ""listenAudioUrlMedium"": null, ""vocabularyPinyinHard"": null, ""listenAudioSourceHard"": null, ""suggestedAnswerMedium"": ""週末也坐捷運去運動、看電影，我覺得很好。"", ""vocabularyDistractors"": ""[[],[],[],[]]"", ""vocabularyTranslation"": ""movie, exercise, weekend, MRT"", ""phrasesTranslationHard"": null, ""vocabularyPinyinMedium"": null, ""listenAudioSourceMedium"": null, ""sentenceReferenceCurves"": null, ""vocabularyAudioUrlsHard"": null, ""phrasesTranslationMedium"": null, ""vocabularyAudioUrlsMedium"": null, ""vocabularyReferenceCurves"": null, ""vocabularyTranslationHard"": null, ""sentenceReferenceCurvesHard"": null, ""vocabularyTranslationMedium"": null, ""sentenceReferenceCurvesMedium"": null, ""vocabularyReferenceCurvesHard"": null, ""vocabularyReferenceCurvesMedium"": null}"
7,3,modern-chinese-l7-reading,第7課 短文：從我家坐捷運很方便,True,Modern Chinese Book 1：依課文圖片練習中文口說。,story,True,False,4,/uploads/images/lesson-6-8-bubble/l7r-frame-5.png,請看圖，說出這一句。,請用完整句子說明。,請加上原因或感受。,朋友常來找我。,朋友常來找我，我覺得很好。,朋友常來找我，所以我們可以一起去，你覺得怎麼樣？,朋友,friend,péngyǒu,N,,,,,,"{""prompt"": ""請看圖，說出這一句。"", ""phrases"": null, ""imageUrl"": ""/uploads/images/lesson-6-8-bubble/l7r-frame-5.png"", ""promptHard"": ""請加上原因或感受。"", ""vocabulary"": ""朋友"", ""phrasesHard"": null, ""imageUrlHard"": ""/uploads/images/lesson-6-8-bubble/l7r-frame-5.png"", ""listenScript"": null, ""promptMedium"": ""請用完整句子說明。"", ""phrasesMedium"": null, ""vocabularyPos"": ""N"", ""grammarExample"": null, ""grammarPattern"": null, ""imageUrlMedium"": ""/uploads/images/lesson-6-8-bubble/l7r-frame-5.png"", ""listenAudioUrl"": null, ""vocabularyHard"": ""朋友"", ""suggestedAnswer"": ""朋友常來找我。"", ""vocabularyCloze"": ""[[{\""sentence\"":\""朋友常來找我。\"",\""distractors\"":[\""學校\"",\""飯店\""]}]]"", ""listenScriptHard"": null, ""vocabularyGroups"": null, ""vocabularyMedium"": ""朋友"", ""vocabularyPinyin"": ""péngyǒu"", ""listenAudioSource"": null, ""vocabularyPosHard"": null, ""vocabularySynonym"": ""[[]]"", ""listenAudioUrlHard"": null, ""listenScriptMedium"": null, ""phrasesTranslation"": null, ""suggestedAnswerHard"": ""朋友常來找我，所以我們可以一起去，你覺得怎麼樣？"", ""vocabularyAudioUrls"": null, ""vocabularyLookalike"": ""[[]]"", ""vocabularyPosMedium"": null, ""listenAudioUrlMedium"": null, ""vocabularyPinyinHard"": null, ""listenAudioSourceHard"": null, ""suggestedAnswerMedium"": ""朋友常來找我，我覺得很好。"", ""vocabularyDistractors"": ""[[]]"", ""vocabularyTranslation"": ""friend"", ""phrasesTranslationHard"": null, ""vocabularyPinyinMedium"": null, ""listenAudioSourceMedium"": null, ""sentenceReferenceCurves"": null, ""vocabularyAudioUrlsHard"": null, ""phrasesTranslationMedium"": null, ""vocabularyAudioUrlsMedium"": null, ""vocabularyReferenceCurves"": null, ""vocabularyTranslationHard"": null, ""sentenceReferenceCurvesHard"": null, ""vocabularyTranslationMedium"": null, ""sentenceReferenceCurvesMedium"": null, ""vocabularyReferenceCurvesHard"": null, ""vocabularyReferenceCurvesMedium"": null}"
7,3,modern-chinese-l7-reading,第7課 短文：從我家坐捷運很方便,True,Modern Chinese Book 1：依課文圖片練習中文口說。,story,True,False,5,/uploads/images/lesson-6-8-bubble/l7r-frame-6.png,請看圖，說出這一句。,請用完整句子說明。,請加上原因或感受。,他們都覺得坐捷運來我家，又快又方便。,他們都覺得坐捷運來我家，又快又方便，我覺得很好。,他們都覺得坐捷運來我家，又快又方便，所以我們可以一起去，你覺得怎麼樣？,"捷運,方便","MRT, convenient","jiéyùn, fāngbiàn","N, Adj",,,,,,"{""prompt"": ""請看圖，說出這一句。"", ""phrases"": null, ""imageUrl"": ""/uploads/images/lesson-6-8-bubble/l7r-frame-6.png"", ""promptHard"": ""請加上原因或感受。"", ""vocabulary"": ""捷運,方便"", ""phrasesHard"": null, ""imageUrlHard"": ""/uploads/images/lesson-6-8-bubble/l7r-frame-6.png"", ""listenScript"": null, ""promptMedium"": ""請用完整句子說明。"", ""phrasesMedium"": null, ""vocabularyPos"": ""N, Adj"", ""grammarExample"": null, ""grammarPattern"": null, ""imageUrlMedium"": ""/uploads/images/lesson-6-8-bubble/l7r-frame-6.png"", ""listenAudioUrl"": null, ""vocabularyHard"": ""捷運,方便"", ""suggestedAnswer"": ""他們都覺得坐捷運來我家，又快又方便。"", ""vocabularyCloze"": ""[[{\""sentence\"":\""他們都覺得坐捷運來我家，又快又方便。\"",\""distractors\"":[\""朋友\"",\""學校\"",\""飯店\""]}],[{\""sentence\"":\""他們都覺得坐捷運來我家，又快又方便。\"",\""distractors\"":[\""漂亮\"",\""有趣\""]}]]"", ""listenScriptHard"": null, ""vocabularyGroups"": null, ""vocabularyMedium"": ""捷運,方便"", ""vocabularyPinyin"": ""jiéyùn, fāngbiàn"", ""listenAudioSource"": null, ""vocabularyPosHard"": null, ""vocabularySynonym"": ""[[],[]]"", ""listenAudioUrlHard"": null, ""listenScriptMedium"": null, ""phrasesTranslation"": null, ""suggestedAnswerHard"": ""他們都覺得坐捷運來我家，又快又方便，所以我們可以一起去，你覺得怎麼樣？"", ""vocabularyAudioUrls"": null, ""vocabularyLookalike"": ""[[],[]]"", ""vocabularyPosMedium"": null, ""listenAudioUrlMedium"": null, ""vocabularyPinyinHard"": null, ""listenAudioSourceHard"": null, ""suggestedAnswerMedium"": ""他們都覺得坐捷運來我家，又快又方便，我覺得很好。"", ""vocabularyDistractors"": ""[[],[]]"", ""vocabularyTranslation"": ""MRT, convenient"", ""phrasesTranslationHard"": null, ""vocabularyPinyinMedium"": null, ""listenAudioSourceMedium"": null, ""sentenceReferenceCurves"": null, ""vocabularyAudioUrlsHard"": null, ""phrasesTranslationMedium"": null, ""vocabularyAudioUrlsMedium"": null, ""vocabularyReferenceCurves"": null, ""vocabularyTranslationHard"": null, ""sentenceReferenceCurvesHard"": null, ""vocabularyTranslationMedium"": null, ""sentenceReferenceCurvesMedium"": null, ""vocabularyReferenceCurvesHard"": null, ""vocabularyReferenceCurvesMedium"": null}"
7,3,modern-chinese-l7-reading,第7課 短文：從我家坐捷運很方便,True,Modern Chinese Book 1：依課文圖片練習中文口說。,story,True,False,6,/uploads/images/lesson-6-8-bubble/l7r-frame-7.png,請看圖，說出這一句。,請用完整句子說明。,請加上原因或感受。,從我家到機場也不遠。,從我家到機場也不遠，我覺得很好。,從我家到機場也不遠，所以我們可以一起去，你覺得怎麼樣？,機場,airport,jīchǎng,N,,,,,,"{""prompt"": ""請看圖，說出這一句。"", ""phrases"": null, ""imageUrl"": ""/uploads/images/lesson-6-8-bubble/l7r-frame-7.png"", ""promptHard"": ""請加上原因或感受。"", ""vocabulary"": ""機場"", ""phrasesHard"": null, ""imageUrlHard"": ""/uploads/images/lesson-6-8-bubble/l7r-frame-7.png"", ""listenScript"": null, ""promptMedium"": ""請用完整句子說明。"", ""phrasesMedium"": null, ""vocabularyPos"": ""N"", ""grammarExample"": null, ""grammarPattern"": null, ""imageUrlMedium"": ""/uploads/images/lesson-6-8-bubble/l7r-frame-7.png"", ""listenAudioUrl"": null, ""vocabularyHard"": ""機場"", ""suggestedAnswer"": ""從我家到機場也不遠。"", ""vocabularyCloze"": ""[[{\""sentence\"":\""從我家到機場也不遠。\"",\""distractors\"":[\""朋友\"",\""學校\"",\""飯店\""]}]]"", ""listenScriptHard"": null, ""vocabularyGroups"": null, ""vocabularyMedium"": ""機場"", ""vocabularyPinyin"": ""jīchǎng"", ""listenAudioSource"": null, ""vocabularyPosHard"": null, ""vocabularySynonym"": ""[[]]"", ""listenAudioUrlHard"": null, ""listenScriptMedium"": null, ""phrasesTranslation"": null, ""suggestedAnswerHard"": ""從我家到機場也不遠，所以我們可以一起去，你覺得怎麼樣？"", ""vocabularyAudioUrls"": null, ""vocabularyLookalike"": ""[[]]"", ""vocabularyPosMedium"": null, ""listenAudioUrlMedium"": null, ""vocabularyPinyinHard"": null, ""listenAudioSourceHard"": null, ""suggestedAnswerMedium"": ""從我家到機場也不遠，我覺得很好。"", ""vocabularyDistractors"": ""[[]]"", ""vocabularyTranslation"": ""airport"", ""phrasesTranslationHard"": null, ""vocabularyPinyinMedium"": null, ""listenAudioSourceMedium"": null, ""sentenceReferenceCurves"": null, ""vocabularyAudioUrlsHard"": null, ""phrasesTranslationMedium"": null, ""vocabularyAudioUrlsMedium"": null, ""vocabularyReferenceCurves"": null, ""vocabularyTranslationHard"": null, ""sentenceReferenceCurvesHard"": null, ""vocabularyTranslationMedium"": null, ""sentenceReferenceCurvesMedium"": null, ""vocabularyReferenceCurvesHard"": null, ""vocabularyReferenceCurvesMedium"": null}"
7,3,modern-chinese-l7-reading,第7課 短文：從我家坐捷運很方便,True,Modern Chinese Book 1：依課文圖片練習中文口說。,story,True,False,7,/uploads/images/lesson-6-8-bubble/l7r-frame-8.png,請看圖，說出這一句。,請用完整句子說明。,請加上原因或感受。,開車去、坐捷運去都可以。,開車去、坐捷運去都可以，我覺得很好。,開車去、坐捷運去都可以，所以我們可以一起去，你覺得怎麼樣？,捷運,MRT,jiéyùn,N,,,,,,"{""prompt"": ""請看圖，說出這一句。"", ""phrases"": null, ""imageUrl"": ""/uploads/images/lesson-6-8-bubble/l7r-frame-8.png"", ""promptHard"": ""請加上原因或感受。"", ""vocabulary"": ""捷運"", ""phrasesHard"": null, ""imageUrlHard"": ""/uploads/images/lesson-6-8-bubble/l7r-frame-8.png"", ""listenScript"": null, ""promptMedium"": ""請用完整句子說明。"", ""phrasesMedium"": null, ""vocabularyPos"": ""N"", ""grammarExample"": null, ""grammarPattern"": null, ""imageUrlMedium"": ""/uploads/images/lesson-6-8-bubble/l7r-frame-8.png"", ""listenAudioUrl"": null, ""vocabularyHard"": ""捷運"", ""suggestedAnswer"": ""開車去、坐捷運去都可以。"", ""vocabularyCloze"": ""[[{\""sentence\"":\""開車去、坐捷運去都可以。\"",\""distractors\"":[\""朋友\"",\""學校\"",\""飯店\""]}]]"", ""listenScriptHard"": null, ""vocabularyGroups"": null, ""vocabularyMedium"": ""捷運"", ""vocabularyPinyin"": ""jiéyùn"", ""listenAudioSource"": null, ""vocabularyPosHard"": null, ""vocabularySynonym"": ""[[]]"", ""listenAudioUrlHard"": null, ""listenScriptMedium"": null, ""phrasesTranslation"": null, ""suggestedAnswerHard"": ""開車去、坐捷運去都可以，所以我們可以一起去，你覺得怎麼樣？"", ""vocabularyAudioUrls"": null, ""vocabularyLookalike"": ""[[]]"", ""vocabularyPosMedium"": null, ""listenAudioUrlMedium"": null, ""vocabularyPinyinHard"": null, ""listenAudioSourceHard"": null, ""suggestedAnswerMedium"": ""開車去、坐捷運去都可以，我覺得很好。"", ""vocabularyDistractors"": ""[[]]"", ""vocabularyTranslation"": ""MRT"", ""phrasesTranslationHard"": null, ""vocabularyPinyinMedium"": null, ""listenAudioSourceMedium"": null, ""sentenceReferenceCurves"": null, ""vocabularyAudioUrlsHard"": null, ""phrasesTranslationMedium"": null, ""vocabularyAudioUrlsMedium"": null, ""vocabularyReferenceCurves"": null, ""vocabularyTranslationHard"": null, ""sentenceReferenceCurvesHard"": null, ""vocabularyTranslationMedium"": null, ""sentenceReferenceCurvesMedium"": null, ""vocabularyReferenceCurvesHard"": null, ""vocabularyReferenceCurvesMedium"": null}"
7,3,modern-chinese-l7-reading,第7課 短文：從我家坐捷運很方便,True,Modern Chinese Book 1：依課文圖片練習中文口說。,story,True,False,8,/uploads/images/lesson-6-8-bubble/l7r-frame-9.png,請看圖，說出這一句。,請用完整句子說明。,請加上原因或感受。,機場附近的風景也很漂亮。,機場附近的風景也很漂亮，我覺得很好。,機場附近的風景也很漂亮，所以我們可以一起去，你覺得怎麼樣？,"風景,漂亮,附近,機場","scenery, beautiful, nearby, airport","fēngjǐng, piàoliang, fùjìn, jīchǎng","N, Adj, N, N",,,,,,"{""prompt"": ""請看圖，說出這一句。"", ""phrases"": null, ""imageUrl"": ""/uploads/images/lesson-6-8-bubble/l7r-frame-9.png"", ""promptHard"": ""請加上原因或感受。"", ""vocabulary"": ""風景,漂亮,附近,機場"", ""phrasesHard"": null, ""imageUrlHard"": ""/uploads/images/lesson-6-8-bubble/l7r-frame-9.png"", ""listenScript"": null, ""promptMedium"": ""請用完整句子說明。"", ""phrasesMedium"": null, ""vocabularyPos"": ""N, Adj, N, N"", ""grammarExample"": null, ""grammarPattern"": null, ""imageUrlMedium"": ""/uploads/images/lesson-6-8-bubble/l7r-frame-9.png"", ""listenAudioUrl"": null, ""vocabularyHard"": ""風景,漂亮,附近,機場"", ""suggestedAnswer"": ""機場附近的風景也很漂亮。"", ""vocabularyCloze"": ""[[{\""sentence\"":\""機場附近的風景也很漂亮。\"",\""distractors\"":[\""朋友\"",\""學校\"",\""飯店\""]}],[{\""sentence\"":\""機場附近的風景也很漂亮。\"",\""distractors\"":[\""方便\"",\""有趣\""]}],[{\""sentence\"":\""機場附近的風景也很漂亮。\"",\""distractors\"":[\""朋友\"",\""學校\"",\""飯店\""]}],[{\""sentence\"":\""機場附近的風景也很漂亮。\"",\""distractors\"":[\""朋友\"",\""學校\"",\""飯店\""]}]]"", ""listenScriptHard"": null, ""vocabularyGroups"": null, ""vocabularyMedium"": ""風景,漂亮,附近,機場"", ""vocabularyPinyin"": ""fēngjǐng, piàoliang, fùjìn, jīchǎng"", ""listenAudioSource"": null, ""vocabularyPosHard"": null, ""vocabularySynonym"": ""[[],[],[],[]]"", ""listenAudioUrlHard"": null, ""listenScriptMedium"": null, ""phrasesTranslation"": null, ""suggestedAnswerHard"": ""機場附近的風景也很漂亮，所以我們可以一起去，你覺得怎麼樣？"", ""vocabularyAudioUrls"": null, ""vocabularyLookalike"": ""[[],[],[],[]]"", ""vocabularyPosMedium"": null, ""listenAudioUrlMedium"": null, ""vocabularyPinyinHard"": null, ""listenAudioSourceHard"": null, ""suggestedAnswerMedium"": ""機場附近的風景也很漂亮，我覺得很好。"", ""vocabularyDistractors"": ""[[],[],[],[]]"", ""vocabularyTranslation"": ""scenery, beautiful, nearby, airport"", ""phrasesTranslationHard"": null, ""vocabularyPinyinMedium"": null, ""listenAudioSourceMedium"": null, ""sentenceReferenceCurves"": null, ""vocabularyAudioUrlsHard"": null, ""phrasesTranslationMedium"": null, ""vocabularyAudioUrlsMedium"": null, ""vocabularyReferenceCurves"": null, ""vocabularyTranslationHard"": null, ""sentenceReferenceCurvesHard"": null, ""vocabularyTranslationMedium"": null, ""sentenceReferenceCurvesMedium"": null, ""vocabularyReferenceCurvesHard"": null, ""vocabularyReferenceCurvesMedium"": null}"
7,3,modern-chinese-l7-reading,第7課 短文：從我家坐捷運很方便,True,Modern Chinese Book 1：依課文圖片練習中文口說。,story,True,False,9,/uploads/images/lesson-6-8-bubble/l7r-frame-10.png,請看圖，說出這一句。,請用完整句子說明。,請加上原因或感受。,我常常去看風景、看飛機。,我常常去看風景、看飛機，我覺得很好。,我常常去看風景、看飛機，所以我們可以一起去，你覺得怎麼樣？,風景,scenery,fēngjǐng,N,,,,,,"{""prompt"": ""請看圖，說出這一句。"", ""phrases"": null, ""imageUrl"": ""/uploads/images/lesson-6-8-bubble/l7r-frame-10.png"", ""promptHard"": ""請加上原因或感受。"", ""vocabulary"": ""風景"", ""phrasesHard"": null, ""imageUrlHard"": ""/uploads/images/lesson-6-8-bubble/l7r-frame-10.png"", ""listenScript"": null, ""promptMedium"": ""請用完整句子說明。"", ""phrasesMedium"": null, ""vocabularyPos"": ""N"", ""grammarExample"": null, ""grammarPattern"": null, ""imageUrlMedium"": ""/uploads/images/lesson-6-8-bubble/l7r-frame-10.png"", ""listenAudioUrl"": null, ""vocabularyHard"": ""風景"", ""suggestedAnswer"": ""我常常去看風景、看飛機。"", ""vocabularyCloze"": ""[[{\""sentence\"":\""我常常去看風景、看飛機。\"",\""distractors\"":[\""朋友\"",\""學校\"",\""飯店\""]}]]"", ""listenScriptHard"": null, ""vocabularyGroups"": null, ""vocabularyMedium"": ""風景"", ""vocabularyPinyin"": ""fēngjǐng"", ""listenAudioSource"": null, ""vocabularyPosHard"": null, ""vocabularySynonym"": ""[[]]"", ""listenAudioUrlHard"": null, ""listenScriptMedium"": null, ""phrasesTranslation"": null, ""suggestedAnswerHard"": ""我常常去看風景、看飛機，所以我們可以一起去，你覺得怎麼樣？"", ""vocabularyAudioUrls"": null, ""vocabularyLookalike"": ""[[]]"", ""vocabularyPosMedium"": null, ""listenAudioUrlMedium"": null, ""vocabularyPinyinHard"": null, ""listenAudioSourceHard"": null, ""suggestedAnswerMedium"": ""我常常去看風景、看飛機，我覺得很好。"", ""vocabularyDistractors"": ""[[]]"", ""vocabularyTranslation"": ""scenery"", ""phrasesTranslationHard"": null, ""vocabularyPinyinMedium"": null, ""listenAudioSourceMedium"": null, ""sentenceReferenceCurves"": null, ""vocabularyAudioUrlsHard"": null, ""phrasesTranslationMedium"": null, ""vocabularyAudioUrlsMedium"": null, ""vocabularyReferenceCurves"": null, ""vocabularyTranslationHard"": null, ""sentenceReferenceCurvesHard"": null, ""vocabularyTranslationMedium"": null, ""sentenceReferenceCurvesMedium"": null, ""vocabularyReferenceCurvesHard"": null, ""vocabularyReferenceCurvesMedium"": null}"
8,1,modern-chinese-l8-dialogue-1,第8課 對話一：我想買新衣服,True,Modern Chinese Book 1：依課文圖片練習中文口說。,story,True,False,0,/uploads/images/lesson-6-8-full-v3-final/l8d1-1.png,請看圖，說出這一句。,請用完整句子說明。,請加上原因或感受。,宜文：元真，妳的這條裙子真好看，我很喜歡。,宜文：元真，妳的這條裙子真好看，我很喜歡，我覺得很好。,宜文：元真，妳的這條裙子真好看，我很喜歡，所以我們可以一起去，你覺得怎麼樣？,裙子,skirt,qúnzi,N,,,,,,"{""prompt"": ""請看圖，說出這一句。"", ""phrases"": null, ""imageUrl"": ""/uploads/images/lesson-6-8-full-v3-final/l8d1-1.png"", ""promptHard"": ""請加上原因或感受。"", ""vocabulary"": ""裙子"", ""phrasesHard"": null, ""imageUrlHard"": ""/uploads/images/lesson-6-8-full-v3-final/l8d1-1.png"", ""listenScript"": null, ""promptMedium"": ""請用完整句子說明。"", ""phrasesMedium"": null, ""vocabularyPos"": ""N"", ""grammarExample"": null, ""grammarPattern"": null, ""imageUrlMedium"": ""/uploads/images/lesson-6-8-full-v3-final/l8d1-1.png"", ""listenAudioUrl"": null, ""vocabularyHard"": ""裙子"", ""suggestedAnswer"": ""宜文：元真，妳的這條裙子真好看，我很喜歡。"", ""vocabularyCloze"": ""[[{\""sentence\"":\""宜文：元真，妳的這條裙子真好看，我很喜歡。\"",\""distractors\"":[\""朋友\"",\""學校\"",\""飯店\""]}]]"", ""listenScriptHard"": null, ""vocabularyGroups"": null, ""vocabularyMedium"": ""裙子"", ""vocabularyPinyin"": ""qúnzi"", ""listenAudioSource"": null, ""vocabularyPosHard"": null, ""vocabularySynonym"": ""[[]]"", ""listenAudioUrlHard"": null, ""listenScriptMedium"": null, ""phrasesTranslation"": null, ""suggestedAnswerHard"": ""宜文：元真，妳的這條裙子真好看，我很喜歡，所以我們可以一起去，你覺得怎麼樣？"", ""vocabularyAudioUrls"": null, ""vocabularyLookalike"": ""[[]]"", ""vocabularyPosMedium"": null, ""listenAudioUrlMedium"": null, ""vocabularyPinyinHard"": null, ""listenAudioSourceHard"": null, ""suggestedAnswerMedium"": ""宜文：元真，妳的這條裙子真好看，我很喜歡，我覺得很好。"", ""vocabularyDistractors"": ""[[]]"", ""vocabularyTranslation"": ""skirt"", ""phrasesTranslationHard"": null, ""vocabularyPinyinMedium"": null, ""listenAudioSourceMedium"": null, ""sentenceReferenceCurves"": null, ""vocabularyAudioUrlsHard"": null, ""phrasesTranslationMedium"": null, ""vocabularyAudioUrlsMedium"": null, ""vocabularyReferenceCurves"": null, ""vocabularyTranslationHard"": null, ""sentenceReferenceCurvesHard"": null, ""vocabularyTranslationMedium"": null, ""sentenceReferenceCurvesMedium"": null, ""vocabularyReferenceCurvesHard"": null, ""vocabularyReferenceCurvesMedium"": null}"
8,1,modern-chinese-l8-dialogue-1,第8課 對話一：我想買新衣服,True,Modern Chinese Book 1：依課文圖片練習中文口說。,story,True,False,1,/uploads/images/lesson-6-8-full-v3-final/l8d1-2.png,請看圖，說出這一句。,請用完整句子說明。,請加上原因或感受。,元真：謝謝，這是我去年的生日禮物。,元真：謝謝，這是我去年的生日禮物，我覺得很好。,元真：謝謝，這是我去年的生日禮物，所以我們可以一起去，你覺得怎麼樣？,生日,birthday,shēngrì,N,,,,,,"{""prompt"": ""請看圖，說出這一句。"", ""phrases"": null, ""imageUrl"": ""/uploads/images/lesson-6-8-full-v3-final/l8d1-2.png"", ""promptHard"": ""請加上原因或感受。"", ""vocabulary"": ""生日"", ""phrasesHard"": null, ""imageUrlHard"": ""/uploads/images/lesson-6-8-full-v3-final/l8d1-2.png"", ""listenScript"": null, ""promptMedium"": ""請用完整句子說明。"", ""phrasesMedium"": null, ""vocabularyPos"": ""N"", ""grammarExample"": null, ""grammarPattern"": null, ""imageUrlMedium"": ""/uploads/images/lesson-6-8-full-v3-final/l8d1-2.png"", ""listenAudioUrl"": null, ""vocabularyHard"": ""生日"", ""suggestedAnswer"": ""元真：謝謝，這是我去年的生日禮物。"", ""vocabularyCloze"": ""[[{\""sentence\"":\""元真：謝謝，這是我去年的生日禮物。\"",\""distractors\"":[\""朋友\"",\""學校\"",\""飯店\""]}]]"", ""listenScriptHard"": null, ""vocabularyGroups"": null, ""vocabularyMedium"": ""生日"", ""vocabularyPinyin"": ""shēngrì"", ""listenAudioSource"": null, ""vocabularyPosHard"": null, ""vocabularySynonym"": ""[[]]"", ""listenAudioUrlHard"": null, ""listenScriptMedium"": null, ""phrasesTranslation"": null, ""suggestedAnswerHard"": ""元真：謝謝，這是我去年的生日禮物，所以我們可以一起去，你覺得怎麼樣？"", ""vocabularyAudioUrls"": null, ""vocabularyLookalike"": ""[[]]"", ""vocabularyPosMedium"": null, ""listenAudioUrlMedium"": null, ""vocabularyPinyinHard"": null, ""listenAudioSourceHard"": null, ""suggestedAnswerMedium"": ""元真：謝謝，這是我去年的生日禮物，我覺得很好。"", ""vocabularyDistractors"": ""[[]]"", ""vocabularyTranslation"": ""birthday"", ""phrasesTranslationHard"": null, ""vocabularyPinyinMedium"": null, ""listenAudioSourceMedium"": null, ""sentenceReferenceCurves"": null, ""vocabularyAudioUrlsHard"": null, ""phrasesTranslationMedium"": null, ""vocabularyAudioUrlsMedium"": null, ""vocabularyReferenceCurves"": null, ""vocabularyTranslationHard"": null, ""sentenceReferenceCurvesHard"": null, ""vocabularyTranslationMedium"": null, ""sentenceReferenceCurvesMedium"": null, ""vocabularyReferenceCurvesHard"": null, ""vocabularyReferenceCurvesMedium"": null}"
8,1,modern-chinese-l8-dialogue-1,第8課 對話一：我想買新衣服,True,Modern Chinese Book 1：依課文圖片練習中文口說。,story,True,False,2,/uploads/images/lesson-6-8-full-v3-final/l8d1-3.png,請看圖，說出這一句。,請用完整句子說明。,請加上原因或感受。,宜文：聽說這個牌子的東西很貴，可是很多人喜歡。,宜文：聽說這個牌子的東西很貴，可是很多人喜歡，我覺得很好。,宜文：聽說這個牌子的東西很貴，可是很多人喜歡，所以我們可以一起去，你覺得怎麼樣？,東西,thing,dōngxi,N,,,,,,"{""prompt"": ""請看圖，說出這一句。"", ""phrases"": null, ""imageUrl"": ""/uploads/images/lesson-6-8-full-v3-final/l8d1-3.png"", ""promptHard"": ""請加上原因或感受。"", ""vocabulary"": ""東西"", ""phrasesHard"": null, ""imageUrlHard"": ""/uploads/images/lesson-6-8-full-v3-final/l8d1-3.png"", ""listenScript"": null, ""promptMedium"": ""請用完整句子說明。"", ""phrasesMedium"": null, ""vocabularyPos"": ""N"", ""grammarExample"": null, ""grammarPattern"": null, ""imageUrlMedium"": ""/uploads/images/lesson-6-8-full-v3-final/l8d1-3.png"", ""listenAudioUrl"": null, ""vocabularyHard"": ""東西"", ""suggestedAnswer"": ""宜文：聽說這個牌子的東西很貴，可是很多人喜歡。"", ""vocabularyCloze"": ""[[{\""sentence\"":\""宜文：聽說這個牌子的東西很貴，可是很多人喜歡。\"",\""distractors\"":[\""朋友\"",\""學校\"",\""飯店\""]}]]"", ""listenScriptHard"": null, ""vocabularyGroups"": null, ""vocabularyMedium"": ""東西"", ""vocabularyPinyin"": ""dōngxi"", ""listenAudioSource"": null, ""vocabularyPosHard"": null, ""vocabularySynonym"": ""[[]]"", ""listenAudioUrlHard"": null, ""listenScriptMedium"": null, ""phrasesTranslation"": null, ""suggestedAnswerHard"": ""宜文：聽說這個牌子的東西很貴，可是很多人喜歡，所以我們可以一起去，你覺得怎麼樣？"", ""vocabularyAudioUrls"": null, ""vocabularyLookalike"": ""[[]]"", ""vocabularyPosMedium"": null, ""listenAudioUrlMedium"": null, ""vocabularyPinyinHard"": null, ""listenAudioSourceHard"": null, ""suggestedAnswerMedium"": ""宜文：聽說這個牌子的東西很貴，可是很多人喜歡，我覺得很好。"", ""vocabularyDistractors"": ""[[]]"", ""vocabularyTranslation"": ""thing"", ""phrasesTranslationHard"": null, ""vocabularyPinyinMedium"": null, ""listenAudioSourceMedium"": null, ""sentenceReferenceCurves"": null, ""vocabularyAudioUrlsHard"": null, ""phrasesTranslationMedium"": null, ""vocabularyAudioUrlsMedium"": null, ""vocabularyReferenceCurves"": null, ""vocabularyTranslationHard"": null, ""sentenceReferenceCurvesHard"": null, ""vocabularyTranslationMedium"": null, ""sentenceReferenceCurvesMedium"": null, ""vocabularyReferenceCurvesHard"": null, ""vocabularyReferenceCurvesMedium"": null}"
8,1,modern-chinese-l8-dialogue-1,第8課 對話一：我想買新衣服,True,Modern Chinese Book 1：依課文圖片練習中文口說。,story,True,False,3,/uploads/images/lesson-6-8-full-v3-final/l8d1-4.png,請看圖，說出這一句。,請用完整句子說明。,請加上原因或感受。,元真：是啊，因為這個牌子很有名，衣服、褲子和裙子也都很好看，所以很多人買。,元真：是啊，因為這個牌子很有名，衣服、褲子和裙子也都很好看，所以很多人買，我覺得很好。,元真：是啊，因為這個牌子很有名，衣服、褲子和裙子也都很好看，所以很多人買，所以我們可以一起去，你覺得怎麼樣？,"衣服,褲子,裙子","clothes, pants, skirt","yīfu, kùzi, qúnzi","N, N, N",,,,,,"{""prompt"": ""請看圖，說出這一句。"", ""phrases"": null, ""imageUrl"": ""/uploads/images/lesson-6-8-full-v3-final/l8d1-4.png"", ""promptHard"": ""請加上原因或感受。"", ""vocabulary"": ""衣服,褲子,裙子"", ""phrasesHard"": null, ""imageUrlHard"": ""/uploads/images/lesson-6-8-full-v3-final/l8d1-4.png"", ""listenScript"": null, ""promptMedium"": ""請用完整句子說明。"", ""phrasesMedium"": null, ""vocabularyPos"": ""N, N, N"", ""grammarExample"": null, ""grammarPattern"": null, ""imageUrlMedium"": ""/uploads/images/lesson-6-8-full-v3-final/l8d1-4.png"", ""listenAudioUrl"": null, ""vocabularyHard"": ""衣服,褲子,裙子"", ""suggestedAnswer"": ""元真：是啊，因為這個牌子很有名，衣服、褲子和裙子也都很好看，所以很多人買。"", ""vocabularyCloze"": ""[[{\""sentence\"":\""元真：是啊，因為這個牌子很有名，衣服、褲子和裙子也都很好看，所以很多人買。\"",\""distractors\"":[\""朋友\"",\""學校\"",\""飯店\""]}],[{\""sentence\"":\""元真：是啊，因為這個牌子很有名，衣服、褲子和裙子也都很好看，所以很多人買。\"",\""distractors\"":[\""朋友\"",\""學校\"",\""飯店\""]}],[{\""sentence\"":\""元真：是啊，因為這個牌子很有名，衣服、褲子和裙子也都很好看，所以很多人買。\"",\""distractors\"":[\""朋友\"",\""學校\"",\""飯店\""]}]]"", ""listenScriptHard"": null, ""vocabularyGroups"": null, ""vocabularyMedium"": ""衣服,褲子,裙子"", ""vocabularyPinyin"": ""yīfu, kùzi, qúnzi"", ""listenAudioSource"": null, ""vocabularyPosHard"": null, ""vocabularySynonym"": ""[[],[],[]]"", ""listenAudioUrlHard"": null, ""listenScriptMedium"": null, ""phrasesTranslation"": null, ""suggestedAnswerHard"": ""元真：是啊，因為這個牌子很有名，衣服、褲子和裙子也都很好看，所以很多人買，所以我們可以一起去，你覺得怎麼樣？"", ""vocabularyAudioUrls"": null, ""vocabularyLookalike"": ""[[],[],[]]"", ""vocabularyPosMedium"": null, ""listenAudioUrlMedium"": null, ""vocabularyPinyinHard"": null, ""listenAudioSourceHard"": null, ""suggestedAnswerMedium"": ""元真：是啊，因為這個牌子很有名，衣服、褲子和裙子也都很好看，所以很多人買，我覺得很好。"", ""vocabularyDistractors"": ""[[],[],[]]"", ""vocabularyTranslation"": ""clothes, pants, skirt"", ""phrasesTranslationHard"": null, ""vocabularyPinyinMedium"": null, ""listenAudioSourceMedium"": null, ""sentenceReferenceCurves"": null, ""vocabularyAudioUrlsHard"": null, ""phrasesTranslationMedium"": null, ""vocabularyAudioUrlsMedium"": null, ""vocabularyReferenceCurves"": null, ""vocabularyTranslationHard"": null, ""sentenceReferenceCurvesHard"": null, ""vocabularyTranslationMedium"": null, ""sentenceReferenceCurvesMedium"": null, ""vocabularyReferenceCurvesHard"": null, ""vocabularyReferenceCurvesMedium"": null}"
8,1,modern-chinese-l8-dialogue-1,第8課 對話一：我想買新衣服,True,Modern Chinese Book 1：依課文圖片練習中文口說。,story,True,False,4,/uploads/images/lesson-6-8-full-v3-final/l8d1-5.png,請看圖，說出這一句。,請用完整句子說明。,請加上原因或感受。,宜文：妳知道去哪裡買這個牌子的衣服嗎？,宜文：妳知道去哪裡買這個牌子的衣服嗎，你覺得呢？,宜文：妳知道去哪裡買這個牌子的衣服嗎，如果有空，我們一起去，好嗎？,衣服,clothes,yīfu,N,,,,,,"{""prompt"": ""請看圖，說出這一句。"", ""phrases"": null, ""imageUrl"": ""/uploads/images/lesson-6-8-full-v3-final/l8d1-5.png"", ""promptHard"": ""請加上原因或感受。"", ""vocabulary"": ""衣服"", ""phrasesHard"": null, ""imageUrlHard"": ""/uploads/images/lesson-6-8-full-v3-final/l8d1-5.png"", ""listenScript"": null, ""promptMedium"": ""請用完整句子說明。"", ""phrasesMedium"": null, ""vocabularyPos"": ""N"", ""grammarExample"": null, ""grammarPattern"": null, ""imageUrlMedium"": ""/uploads/images/lesson-6-8-full-v3-final/l8d1-5.png"", ""listenAudioUrl"": null, ""vocabularyHard"": ""衣服"", ""suggestedAnswer"": ""宜文：妳知道去哪裡買這個牌子的衣服嗎？"", ""vocabularyCloze"": ""[[{\""sentence\"":\""宜文：妳知道去哪裡買這個牌子的衣服嗎？\"",\""distractors\"":[\""朋友\"",\""學校\"",\""飯店\""]}]]"", ""listenScriptHard"": null, ""vocabularyGroups"": null, ""vocabularyMedium"": ""衣服"", ""vocabularyPinyin"": ""yīfu"", ""listenAudioSource"": null, ""vocabularyPosHard"": null, ""vocabularySynonym"": ""[[]]"", ""listenAudioUrlHard"": null, ""listenScriptMedium"": null, ""phrasesTranslation"": null, ""suggestedAnswerHard"": ""宜文：妳知道去哪裡買這個牌子的衣服嗎，如果有空，我們一起去，好嗎？"", ""vocabularyAudioUrls"": null, ""vocabularyLookalike"": ""[[]]"", ""vocabularyPosMedium"": null, ""listenAudioUrlMedium"": null, ""vocabularyPinyinHard"": null, ""listenAudioSourceHard"": null, ""suggestedAnswerMedium"": ""宜文：妳知道去哪裡買這個牌子的衣服嗎，你覺得呢？"", ""vocabularyDistractors"": ""[[]]"", ""vocabularyTranslation"": ""clothes"", ""phrasesTranslationHard"": null, ""vocabularyPinyinMedium"": null, ""listenAudioSourceMedium"": null, ""sentenceReferenceCurves"": null, ""vocabularyAudioUrlsHard"": null, ""phrasesTranslationMedium"": null, ""vocabularyAudioUrlsMedium"": null, ""vocabularyReferenceCurves"": null, ""vocabularyTranslationHard"": null, ""sentenceReferenceCurvesHard"": null, ""vocabularyTranslationMedium"": null, ""sentenceReferenceCurvesMedium"": null, ""vocabularyReferenceCurvesHard"": null, ""vocabularyReferenceCurvesMedium"": null}"
8,1,modern-chinese-l8-dialogue-1,第8課 對話一：我想買新衣服,True,Modern Chinese Book 1：依課文圖片練習中文口說。,story,True,False,5,/uploads/images/lesson-6-8-full-v3-final/l8d1-6.png,請看圖，說出這一句。,請用完整句子說明。,請加上原因或感受。,元真：知道，百貨公司都有，不難找。,元真：知道，百貨公司都有，不難找，我覺得很好。,元真：知道，百貨公司都有，不難找，所以我們可以一起去，你覺得怎麼樣？,百貨公司,department store,bǎihuò gōngsī,N,,,,,,"{""prompt"": ""請看圖，說出這一句。"", ""phrases"": null, ""imageUrl"": ""/uploads/images/lesson-6-8-full-v3-final/l8d1-6.png"", ""promptHard"": ""請加上原因或感受。"", ""vocabulary"": ""百貨公司"", ""phrasesHard"": null, ""imageUrlHard"": ""/uploads/images/lesson-6-8-full-v3-final/l8d1-6.png"", ""listenScript"": null, ""promptMedium"": ""請用完整句子說明。"", ""phrasesMedium"": null, ""vocabularyPos"": ""N"", ""grammarExample"": null, ""grammarPattern"": null, ""imageUrlMedium"": ""/uploads/images/lesson-6-8-full-v3-final/l8d1-6.png"", ""listenAudioUrl"": null, ""vocabularyHard"": ""百貨公司"", ""suggestedAnswer"": ""元真：知道，百貨公司都有，不難找。"", ""vocabularyCloze"": ""[[{\""sentence\"":\""元真：知道，百貨公司都有，不難找。\"",\""distractors\"":[\""朋友\"",\""學校\"",\""飯店\""]}]]"", ""listenScriptHard"": null, ""vocabularyGroups"": null, ""vocabularyMedium"": ""百貨公司"", ""vocabularyPinyin"": ""bǎihuò gōngsī"", ""listenAudioSource"": null, ""vocabularyPosHard"": null, ""vocabularySynonym"": ""[[]]"", ""listenAudioUrlHard"": null, ""listenScriptMedium"": null, ""phrasesTranslation"": null, ""suggestedAnswerHard"": ""元真：知道，百貨公司都有，不難找，所以我們可以一起去，你覺得怎麼樣？"", ""vocabularyAudioUrls"": null, ""vocabularyLookalike"": ""[[]]"", ""vocabularyPosMedium"": null, ""listenAudioUrlMedium"": null, ""vocabularyPinyinHard"": null, ""listenAudioSourceHard"": null, ""suggestedAnswerMedium"": ""元真：知道，百貨公司都有，不難找，我覺得很好。"", ""vocabularyDistractors"": ""[[]]"", ""vocabularyTranslation"": ""department store"", ""phrasesTranslationHard"": null, ""vocabularyPinyinMedium"": null, ""listenAudioSourceMedium"": null, ""sentenceReferenceCurves"": null, ""vocabularyAudioUrlsHard"": null, ""phrasesTranslationMedium"": null, ""vocabularyAudioUrlsMedium"": null, ""vocabularyReferenceCurves"": null, ""vocabularyTranslationHard"": null, ""sentenceReferenceCurvesHard"": null, ""vocabularyTranslationMedium"": null, ""sentenceReferenceCurvesMedium"": null, ""vocabularyReferenceCurvesHard"": null, ""vocabularyReferenceCurvesMedium"": null}"
8,1,modern-chinese-l8-dialogue-1,第8課 對話一：我想買新衣服,True,Modern Chinese Book 1：依課文圖片練習中文口說。,story,True,False,6,/uploads/images/lesson-6-8-full-v3-final/l8d1-7.png,請看圖，說出這一句。,請用完整句子說明。,請加上原因或感受。,宜文：我很想去看，可是我最近胖了五公斤，我怕衣服不好買。,宜文：我很想去看，可是我最近胖了五公斤，我怕衣服不好買，我覺得很好。,宜文：我很想去看，可是我最近胖了五公斤，我怕衣服不好買，所以我們可以一起去，你覺得怎麼樣？,衣服,clothes,yīfu,N,,,,,,"{""prompt"": ""請看圖，說出這一句。"", ""phrases"": null, ""imageUrl"": ""/uploads/images/lesson-6-8-full-v3-final/l8d1-7.png"", ""promptHard"": ""請加上原因或感受。"", ""vocabulary"": ""衣服"", ""phrasesHard"": null, ""imageUrlHard"": ""/uploads/images/lesson-6-8-full-v3-final/l8d1-7.png"", ""listenScript"": null, ""promptMedium"": ""請用完整句子說明。"", ""phrasesMedium"": null, ""vocabularyPos"": ""N"", ""grammarExample"": null, ""grammarPattern"": null, ""imageUrlMedium"": ""/uploads/images/lesson-6-8-full-v3-final/l8d1-7.png"", ""listenAudioUrl"": null, ""vocabularyHard"": ""衣服"", ""suggestedAnswer"": ""宜文：我很想去看，可是我最近胖了五公斤，我怕衣服不好買。"", ""vocabularyCloze"": ""[[{\""sentence\"":\""宜文：我很想去看，可是我最近胖了五公斤，我怕衣服不好買。\"",\""distractors\"":[\""朋友\"",\""學校\"",\""飯店\""]}]]"", ""listenScriptHard"": null, ""vocabularyGroups"": null, ""vocabularyMedium"": ""衣服"", ""vocabularyPinyin"": ""yīfu"", ""listenAudioSource"": null, ""vocabularyPosHard"": null, ""vocabularySynonym"": ""[[]]"", ""listenAudioUrlHard"": null, ""listenScriptMedium"": null, ""phrasesTranslation"": null, ""suggestedAnswerHard"": ""宜文：我很想去看，可是我最近胖了五公斤，我怕衣服不好買，所以我們可以一起去，你覺得怎麼樣？"", ""vocabularyAudioUrls"": null, ""vocabularyLookalike"": ""[[]]"", ""vocabularyPosMedium"": null, ""listenAudioUrlMedium"": null, ""vocabularyPinyinHard"": null, ""listenAudioSourceHard"": null, ""suggestedAnswerMedium"": ""宜文：我很想去看，可是我最近胖了五公斤，我怕衣服不好買，我覺得很好。"", ""vocabularyDistractors"": ""[[]]"", ""vocabularyTranslation"": ""clothes"", ""phrasesTranslationHard"": null, ""vocabularyPinyinMedium"": null, ""listenAudioSourceMedium"": null, ""sentenceReferenceCurves"": null, ""vocabularyAudioUrlsHard"": null, ""phrasesTranslationMedium"": null, ""vocabularyAudioUrlsMedium"": null, ""vocabularyReferenceCurves"": null, ""vocabularyTranslationHard"": null, ""sentenceReferenceCurvesHard"": null, ""vocabularyTranslationMedium"": null, ""sentenceReferenceCurvesMedium"": null, ""vocabularyReferenceCurvesHard"": null, ""vocabularyReferenceCurvesMedium"": null}"
8,1,modern-chinese-l8-dialogue-1,第8課 對話一：我想買新衣服,True,Modern Chinese Book 1：依課文圖片練習中文口說。,story,True,False,7,/uploads/images/lesson-6-8-full-v3-final/l8d1-8.png,請看圖，說出這一句。,請用完整句子說明。,請加上原因或感受。,元真：妳胖了嗎？我不覺得啊，我跟妳一起去看。我也想去買今年夏天的新衣服。,元真：妳胖了嗎？我不覺得啊，我跟妳一起去看。我也想去買今年夏天的新衣服，我覺得很好。,元真：妳胖了嗎？我不覺得啊，我跟妳一起去看。我也想去買今年夏天的新衣服，所以我們可以一起去，你覺得怎麼樣？,衣服,clothes,yīfu,N,,,,,,"{""prompt"": ""請看圖，說出這一句。"", ""phrases"": null, ""imageUrl"": ""/uploads/images/lesson-6-8-full-v3-final/l8d1-8.png"", ""promptHard"": ""請加上原因或感受。"", ""vocabulary"": ""衣服"", ""phrasesHard"": null, ""imageUrlHard"": ""/uploads/images/lesson-6-8-full-v3-final/l8d1-8.png"", ""listenScript"": null, ""promptMedium"": ""請用完整句子說明。"", ""phrasesMedium"": null, ""vocabularyPos"": ""N"", ""grammarExample"": null, ""grammarPattern"": null, ""imageUrlMedium"": ""/uploads/images/lesson-6-8-full-v3-final/l8d1-8.png"", ""listenAudioUrl"": null, ""vocabularyHard"": ""衣服"", ""suggestedAnswer"": ""元真：妳胖了嗎？我不覺得啊，我跟妳一起去看。我也想去買今年夏天的新衣服。"", ""vocabularyCloze"": ""[[{\""sentence\"":\""元真：妳胖了嗎？我不覺得啊，我跟妳一起去看。我也想去買今年夏天的新衣服。\"",\""distractors\"":[\""朋友\"",\""學校\"",\""飯店\""]}]]"", ""listenScriptHard"": null, ""vocabularyGroups"": null, ""vocabularyMedium"": ""衣服"", ""vocabularyPinyin"": ""yīfu"", ""listenAudioSource"": null, ""vocabularyPosHard"": null, ""vocabularySynonym"": ""[[]]"", ""listenAudioUrlHard"": null, ""listenScriptMedium"": null, ""phrasesTranslation"": null, ""suggestedAnswerHard"": ""元真：妳胖了嗎？我不覺得啊，我跟妳一起去看。我也想去買今年夏天的新衣服，所以我們可以一起去，你覺得怎麼樣？"", ""vocabularyAudioUrls"": null, ""vocabularyLookalike"": ""[[]]"", ""vocabularyPosMedium"": null, ""listenAudioUrlMedium"": null, ""vocabularyPinyinHard"": null, ""listenAudioSourceHard"": null, ""suggestedAnswerMedium"": ""元真：妳胖了嗎？我不覺得啊，我跟妳一起去看。我也想去買今年夏天的新衣服，我覺得很好。"", ""vocabularyDistractors"": ""[[]]"", ""vocabularyTranslation"": ""clothes"", ""phrasesTranslationHard"": null, ""vocabularyPinyinMedium"": null, ""listenAudioSourceMedium"": null, ""sentenceReferenceCurves"": null, ""vocabularyAudioUrlsHard"": null, ""phrasesTranslationMedium"": null, ""vocabularyAudioUrlsMedium"": null, ""vocabularyReferenceCurves"": null, ""vocabularyTranslationHard"": null, ""sentenceReferenceCurvesHard"": null, ""vocabularyTranslationMedium"": null, ""sentenceReferenceCurvesMedium"": null, ""vocabularyReferenceCurvesHard"": null, ""vocabularyReferenceCurvesMedium"": null}"
8,1,modern-chinese-l8-dialogue-1,第8課 對話一：我想買新衣服,True,Modern Chinese Book 1：依課文圖片練習中文口說。,story,True,False,8,/uploads/images/lesson-6-8-full-v3-final/l8d1-9.png,請看圖，說出這一句。,請用完整句子說明。,請加上原因或感受。,宜文：好，我們找時間一起去。,宜文：好，我們找時間一起去，我覺得很好。,宜文：好，我們找時間一起去，所以我們可以一起去，你覺得怎麼樣？,,,,,,,,,,"{""prompt"": ""請看圖，說出這一句。"", ""phrases"": null, ""imageUrl"": ""/uploads/images/lesson-6-8-full-v3-final/l8d1-9.png"", ""promptHard"": ""請加上原因或感受。"", ""vocabulary"": """", ""phrasesHard"": null, ""imageUrlHard"": ""/uploads/images/lesson-6-8-full-v3-final/l8d1-9.png"", ""listenScript"": null, ""promptMedium"": ""請用完整句子說明。"", ""phrasesMedium"": null, ""vocabularyPos"": null, ""grammarExample"": null, ""grammarPattern"": null, ""imageUrlMedium"": ""/uploads/images/lesson-6-8-full-v3-final/l8d1-9.png"", ""listenAudioUrl"": null, ""vocabularyHard"": """", ""suggestedAnswer"": ""宜文：好，我們找時間一起去。"", ""vocabularyCloze"": null, ""listenScriptHard"": null, ""vocabularyGroups"": null, ""vocabularyMedium"": """", ""vocabularyPinyin"": null, ""listenAudioSource"": null, ""vocabularyPosHard"": null, ""vocabularySynonym"": null, ""listenAudioUrlHard"": null, ""listenScriptMedium"": null, ""phrasesTranslation"": null, ""suggestedAnswerHard"": ""宜文：好，我們找時間一起去，所以我們可以一起去，你覺得怎麼樣？"", ""vocabularyAudioUrls"": null, ""vocabularyLookalike"": null, ""vocabularyPosMedium"": null, ""listenAudioUrlMedium"": null, ""vocabularyPinyinHard"": null, ""listenAudioSourceHard"": null, ""suggestedAnswerMedium"": ""宜文：好，我們找時間一起去，我覺得很好。"", ""vocabularyDistractors"": null, ""vocabularyTranslation"": null, ""phrasesTranslationHard"": null, ""vocabularyPinyinMedium"": null, ""listenAudioSourceMedium"": null, ""sentenceReferenceCurves"": null, ""vocabularyAudioUrlsHard"": null, ""phrasesTranslationMedium"": null, ""vocabularyAudioUrlsMedium"": null, ""vocabularyReferenceCurves"": null, ""vocabularyTranslationHard"": null, ""sentenceReferenceCurvesHard"": null, ""vocabularyTranslationMedium"": null, ""sentenceReferenceCurvesMedium"": null, ""vocabularyReferenceCurvesHard"": null, ""vocabularyReferenceCurvesMedium"": null}"
8,2,modern-chinese-l8-dialogue-2,第8課 對話二：這條褲子太小了,True,Modern Chinese Book 1：依課文圖片練習中文口說。,story,True,False,0,/uploads/images/lesson-6-8-full-v3-final/l8d2-1.png,請看圖，說出這一句。,請用完整句子說明。,請加上原因或感受。,宜文：妳看，這條黃色的褲子不錯吧？,宜文：妳看，這條黃色的褲子不錯吧，你覺得呢？,宜文：妳看，這條黃色的褲子不錯吧，如果有空，我們一起去，好嗎？,褲子,pants,kùzi,N,,,,,,"{""prompt"": ""請看圖，說出這一句。"", ""phrases"": null, ""imageUrl"": ""/uploads/images/lesson-6-8-full-v3-final/l8d2-1.png"", ""promptHard"": ""請加上原因或感受。"", ""vocabulary"": ""褲子"", ""phrasesHard"": null, ""imageUrlHard"": ""/uploads/images/lesson-6-8-full-v3-final/l8d2-1.png"", ""listenScript"": null, ""promptMedium"": ""請用完整句子說明。"", ""phrasesMedium"": null, ""vocabularyPos"": ""N"", ""grammarExample"": null, ""grammarPattern"": null, ""imageUrlMedium"": ""/uploads/images/lesson-6-8-full-v3-final/l8d2-1.png"", ""listenAudioUrl"": null, ""vocabularyHard"": ""褲子"", ""suggestedAnswer"": ""宜文：妳看，這條黃色的褲子不錯吧？"", ""vocabularyCloze"": ""[[{\""sentence\"":\""宜文：妳看，這條黃色的褲子不錯吧？\"",\""distractors\"":[\""朋友\"",\""學校\"",\""飯店\""]}]]"", ""listenScriptHard"": null, ""vocabularyGroups"": null, ""vocabularyMedium"": ""褲子"", ""vocabularyPinyin"": ""kùzi"", ""listenAudioSource"": null, ""vocabularyPosHard"": null, ""vocabularySynonym"": ""[[]]"", ""listenAudioUrlHard"": null, ""listenScriptMedium"": null, ""phrasesTranslation"": null, ""suggestedAnswerHard"": ""宜文：妳看，這條黃色的褲子不錯吧，如果有空，我們一起去，好嗎？"", ""vocabularyAudioUrls"": null, ""vocabularyLookalike"": ""[[]]"", ""vocabularyPosMedium"": null, ""listenAudioUrlMedium"": null, ""vocabularyPinyinHard"": null, ""listenAudioSourceHard"": null, ""suggestedAnswerMedium"": ""宜文：妳看，這條黃色的褲子不錯吧，你覺得呢？"", ""vocabularyDistractors"": ""[[]]"", ""vocabularyTranslation"": ""pants"", ""phrasesTranslationHard"": null, ""vocabularyPinyinMedium"": null, ""listenAudioSourceMedium"": null, ""sentenceReferenceCurves"": null, ""vocabularyAudioUrlsHard"": null, ""phrasesTranslationMedium"": null, ""vocabularyAudioUrlsMedium"": null, ""vocabularyReferenceCurves"": null, ""vocabularyTranslationHard"": null, ""sentenceReferenceCurvesHard"": null, ""vocabularyTranslationMedium"": null, ""sentenceReferenceCurvesMedium"": null, ""vocabularyReferenceCurvesHard"": null, ""vocabularyReferenceCurvesMedium"": null}"
8,2,modern-chinese-l8-dialogue-2,第8課 對話二：這條褲子太小了,True,Modern Chinese Book 1：依課文圖片練習中文口說。,story,True,False,1,/uploads/images/lesson-6-8-full-v3-final/l8d2-2.png,請看圖，說出這一句。,請用完整句子說明。,請加上原因或感受。,元真：很好看。這條藍的也很漂亮，藍色是今年很流行的顏色。,元真：很好看。這條藍的也很漂亮，藍色是今年很流行的顏色，我覺得很好。,元真：很好看。這條藍的也很漂亮，藍色是今年很流行的顏色，所以我們可以一起去，你覺得怎麼樣？,"漂亮,流行","beautiful, popular","piàoliang, liúxíng","Adj, Adj",,,,,,"{""prompt"": ""請看圖，說出這一句。"", ""phrases"": null, ""imageUrl"": ""/uploads/images/lesson-6-8-full-v3-final/l8d2-2.png"", ""promptHard"": ""請加上原因或感受。"", ""vocabulary"": ""漂亮,流行"", ""phrasesHard"": null, ""imageUrlHard"": ""/uploads/images/lesson-6-8-full-v3-final/l8d2-2.png"", ""listenScript"": null, ""promptMedium"": ""請用完整句子說明。"", ""phrasesMedium"": null, ""vocabularyPos"": ""Adj, Adj"", ""grammarExample"": null, ""grammarPattern"": null, ""imageUrlMedium"": ""/uploads/images/lesson-6-8-full-v3-final/l8d2-2.png"", ""listenAudioUrl"": null, ""vocabularyHard"": ""漂亮,流行"", ""suggestedAnswer"": ""元真：很好看。這條藍的也很漂亮，藍色是今年很流行的顏色。"", ""vocabularyCloze"": ""[[{\""sentence\"":\""元真：很好看。這條藍的也很漂亮，藍色是今年很流行的顏色。\"",\""distractors\"":[\""方便\"",\""有趣\""]}],[{\""sentence\"":\""元真：很好看。這條藍的也很漂亮，藍色是今年很流行的顏色。\"",\""distractors\"":[\""漂亮\"",\""方便\"",\""有趣\""]}]]"", ""listenScriptHard"": null, ""vocabularyGroups"": null, ""vocabularyMedium"": ""漂亮,流行"", ""vocabularyPinyin"": ""piàoliang, liúxíng"", ""listenAudioSource"": null, ""vocabularyPosHard"": null, ""vocabularySynonym"": ""[[],[]]"", ""listenAudioUrlHard"": null, ""listenScriptMedium"": null, ""phrasesTranslation"": null, ""suggestedAnswerHard"": ""元真：很好看。這條藍的也很漂亮，藍色是今年很流行的顏色，所以我們可以一起去，你覺得怎麼樣？"", ""vocabularyAudioUrls"": null, ""vocabularyLookalike"": ""[[],[]]"", ""vocabularyPosMedium"": null, ""listenAudioUrlMedium"": null, ""vocabularyPinyinHard"": null, ""listenAudioSourceHard"": null, ""suggestedAnswerMedium"": ""元真：很好看。這條藍的也很漂亮，藍色是今年很流行的顏色，我覺得很好。"", ""vocabularyDistractors"": ""[[],[]]"", ""vocabularyTranslation"": ""beautiful, popular"", ""phrasesTranslationHard"": null, ""vocabularyPinyinMedium"": null, ""listenAudioSourceMedium"": null, ""sentenceReferenceCurves"": null, ""vocabularyAudioUrlsHard"": null, ""phrasesTranslationMedium"": null, ""vocabularyAudioUrlsMedium"": null, ""vocabularyReferenceCurves"": null, ""vocabularyTranslationHard"": null, ""sentenceReferenceCurvesHard"": null, ""vocabularyTranslationMedium"": null, ""sentenceReferenceCurvesMedium"": null, ""vocabularyReferenceCurvesHard"": null, ""vocabularyReferenceCurvesMedium"": null}"
8,2,modern-chinese-l8-dialogue-2,第8課 對話二：這條褲子太小了,True,Modern Chinese Book 1：依課文圖片練習中文口說。,story,True,False,2,/uploads/images/lesson-6-8-full-v3-final/l8d2-3.png,請看圖，說出這一句。,請用完整句子說明。,請加上原因或感受。,宜文：這兩條我都去穿穿看。,宜文：這兩條我都去穿穿看，我覺得很好。,宜文：這兩條我都去穿穿看，所以我們可以一起去，你覺得怎麼樣？,,,,,,,,,,"{""prompt"": ""請看圖，說出這一句。"", ""phrases"": null, ""imageUrl"": ""/uploads/images/lesson-6-8-full-v3-final/l8d2-3.png"", ""promptHard"": ""請加上原因或感受。"", ""vocabulary"": """", ""phrasesHard"": null, ""imageUrlHard"": ""/uploads/images/lesson-6-8-full-v3-final/l8d2-3.png"", ""listenScript"": null, ""promptMedium"": ""請用完整句子說明。"", ""phrasesMedium"": null, ""vocabularyPos"": null, ""grammarExample"": null, ""grammarPattern"": null, ""imageUrlMedium"": ""/uploads/images/lesson-6-8-full-v3-final/l8d2-3.png"", ""listenAudioUrl"": null, ""vocabularyHard"": """", ""suggestedAnswer"": ""宜文：這兩條我都去穿穿看。"", ""vocabularyCloze"": null, ""listenScriptHard"": null, ""vocabularyGroups"": null, ""vocabularyMedium"": """", ""vocabularyPinyin"": null, ""listenAudioSource"": null, ""vocabularyPosHard"": null, ""vocabularySynonym"": null, ""listenAudioUrlHard"": null, ""listenScriptMedium"": null, ""phrasesTranslation"": null, ""suggestedAnswerHard"": ""宜文：這兩條我都去穿穿看，所以我們可以一起去，你覺得怎麼樣？"", ""vocabularyAudioUrls"": null, ""vocabularyLookalike"": null, ""vocabularyPosMedium"": null, ""listenAudioUrlMedium"": null, ""vocabularyPinyinHard"": null, ""listenAudioSourceHard"": null, ""suggestedAnswerMedium"": ""宜文：這兩條我都去穿穿看，我覺得很好。"", ""vocabularyDistractors"": null, ""vocabularyTranslation"": null, ""phrasesTranslationHard"": null, ""vocabularyPinyinMedium"": null, ""listenAudioSourceMedium"": null, ""sentenceReferenceCurves"": null, ""vocabularyAudioUrlsHard"": null, ""phrasesTranslationMedium"": null, ""vocabularyAudioUrlsMedium"": null, ""vocabularyReferenceCurves"": null, ""vocabularyTranslationHard"": null, ""sentenceReferenceCurvesHard"": null, ""vocabularyTranslationMedium"": null, ""sentenceReferenceCurvesMedium"": null, ""vocabularyReferenceCurvesHard"": null, ""vocabularyReferenceCurvesMedium"": null}"
8,2,modern-chinese-l8-dialogue-2,第8課 對話二：這條褲子太小了,True,Modern Chinese Book 1：依課文圖片練習中文口說。,story,True,False,3,/uploads/images/lesson-6-8-full-v3-final/l8d2-4.png,請看圖，說出這一句。,請用完整句子說明。,請加上原因或感受。,元真：妳覺得怎麼樣？,元真：妳覺得怎麼樣，你覺得呢？,元真：妳覺得怎麼樣，如果有空，我們一起去，好嗎？,,,,,,,,,,"{""prompt"": ""請看圖，說出這一句。"", ""phrases"": null, ""imageUrl"": ""/uploads/images/lesson-6-8-full-v3-final/l8d2-4.png"", ""promptHard"": ""請加上原因或感受。"", ""vocabulary"": """", ""phrasesHard"": null, ""imageUrlHard"": ""/uploads/images/lesson-6-8-full-v3-final/l8d2-4.png"", ""listenScript"": null, ""promptMedium"": ""請用完整句子說明。"", ""phrasesMedium"": null, ""vocabularyPos"": null, ""grammarExample"": null, ""grammarPattern"": null, ""imageUrlMedium"": ""/uploads/images/lesson-6-8-full-v3-final/l8d2-4.png"", ""listenAudioUrl"": null, ""vocabularyHard"": """", ""suggestedAnswer"": ""元真：妳覺得怎麼樣？"", ""vocabularyCloze"": null, ""listenScriptHard"": null, ""vocabularyGroups"": null, ""vocabularyMedium"": """", ""vocabularyPinyin"": null, ""listenAudioSource"": null, ""vocabularyPosHard"": null, ""vocabularySynonym"": null, ""listenAudioUrlHard"": null, ""listenScriptMedium"": null, ""phrasesTranslation"": null, ""suggestedAnswerHard"": ""元真：妳覺得怎麼樣，如果有空，我們一起去，好嗎？"", ""vocabularyAudioUrls"": null, ""vocabularyLookalike"": null, ""vocabularyPosMedium"": null, ""listenAudioUrlMedium"": null, ""vocabularyPinyinHard"": null, ""listenAudioSourceHard"": null, ""suggestedAnswerMedium"": ""元真：妳覺得怎麼樣，你覺得呢？"", ""vocabularyDistractors"": null, ""vocabularyTranslation"": null, ""phrasesTranslationHard"": null, ""vocabularyPinyinMedium"": null, ""listenAudioSourceMedium"": null, ""sentenceReferenceCurves"": null, ""vocabularyAudioUrlsHard"": null, ""phrasesTranslationMedium"": null, ""vocabularyAudioUrlsMedium"": null, ""vocabularyReferenceCurves"": null, ""vocabularyTranslationHard"": null, ""sentenceReferenceCurvesHard"": null, ""vocabularyTranslationMedium"": null, ""sentenceReferenceCurvesMedium"": null, ""vocabularyReferenceCurvesHard"": null, ""vocabularyReferenceCurvesMedium"": null}"
8,2,modern-chinese-l8-dialogue-2,第8課 對話二：這條褲子太小了,True,Modern Chinese Book 1：依課文圖片練習中文口說。,story,True,False,4,/uploads/images/lesson-6-8-full-v3-final/l8d2-5.png,請看圖，說出這一句。,請用完整句子說明。,請加上原因或感受。,宜文：都太短，也太小了。,宜文：都太短，也太小了，我覺得很好。,宜文：都太短，也太小了，所以我們可以一起去，你覺得怎麼樣？,,,,,,,,,,"{""prompt"": ""請看圖，說出這一句。"", ""phrases"": null, ""imageUrl"": ""/uploads/images/lesson-6-8-full-v3-final/l8d2-5.png"", ""promptHard"": ""請加上原因或感受。"", ""vocabulary"": """", ""phrasesHard"": null, ""imageUrlHard"": ""/uploads/images/lesson-6-8-full-v3-final/l8d2-5.png"", ""listenScript"": null, ""promptMedium"": ""請用完整句子說明。"", ""phrasesMedium"": null, ""vocabularyPos"": null, ""grammarExample"": null, ""grammarPattern"": null, ""imageUrlMedium"": ""/uploads/images/lesson-6-8-full-v3-final/l8d2-5.png"", ""listenAudioUrl"": null, ""vocabularyHard"": """", ""suggestedAnswer"": ""宜文：都太短，也太小了。"", ""vocabularyCloze"": null, ""listenScriptHard"": null, ""vocabularyGroups"": null, ""vocabularyMedium"": """", ""vocabularyPinyin"": null, ""listenAudioSource"": null, ""vocabularyPosHard"": null, ""vocabularySynonym"": null, ""listenAudioUrlHard"": null, ""listenScriptMedium"": null, ""phrasesTranslation"": null, ""suggestedAnswerHard"": ""宜文：都太短，也太小了，所以我們可以一起去，你覺得怎麼樣？"", ""vocabularyAudioUrls"": null, ""vocabularyLookalike"": null, ""vocabularyPosMedium"": null, ""listenAudioUrlMedium"": null, ""vocabularyPinyinHard"": null, ""listenAudioSourceHard"": null, ""suggestedAnswerMedium"": ""宜文：都太短，也太小了，我覺得很好。"", ""vocabularyDistractors"": null, ""vocabularyTranslation"": null, ""phrasesTranslationHard"": null, ""vocabularyPinyinMedium"": null, ""listenAudioSourceMedium"": null, ""sentenceReferenceCurves"": null, ""vocabularyAudioUrlsHard"": null, ""phrasesTranslationMedium"": null, ""vocabularyAudioUrlsMedium"": null, ""vocabularyReferenceCurves"": null, ""vocabularyTranslationHard"": null, ""sentenceReferenceCurvesHard"": null, ""vocabularyTranslationMedium"": null, ""sentenceReferenceCurvesMedium"": null, ""vocabularyReferenceCurvesHard"": null, ""vocabularyReferenceCurvesMedium"": null}"
8,2,modern-chinese-l8-dialogue-2,第8課 對話二：這條褲子太小了,True,Modern Chinese Book 1：依課文圖片練習中文口說。,story,True,False,5,/uploads/images/lesson-6-8-full-v3-final/l8d2-6.png,請看圖，說出這一句。,請用完整句子說明。,請加上原因或感受。,元真：沒關係，我們可以下個週末再來看。對了，妳要買鞋子吧？,元真：沒關係，我們可以下個週末再來看。對了，妳要買鞋子吧，你覺得呢？,元真：沒關係，我們可以下個週末再來看。對了，妳要買鞋子吧，如果有空，我們一起去，好嗎？,"週末,鞋子","weekend, shoes","zhōumò, xiézi","N, N",,,,,,"{""prompt"": ""請看圖，說出這一句。"", ""phrases"": null, ""imageUrl"": ""/uploads/images/lesson-6-8-full-v3-final/l8d2-6.png"", ""promptHard"": ""請加上原因或感受。"", ""vocabulary"": ""週末,鞋子"", ""phrasesHard"": null, ""imageUrlHard"": ""/uploads/images/lesson-6-8-full-v3-final/l8d2-6.png"", ""listenScript"": null, ""promptMedium"": ""請用完整句子說明。"", ""phrasesMedium"": null, ""vocabularyPos"": ""N, N"", ""grammarExample"": null, ""grammarPattern"": null, ""imageUrlMedium"": ""/uploads/images/lesson-6-8-full-v3-final/l8d2-6.png"", ""listenAudioUrl"": null, ""vocabularyHard"": ""週末,鞋子"", ""suggestedAnswer"": ""元真：沒關係，我們可以下個週末再來看。對了，妳要買鞋子吧？"", ""vocabularyCloze"": ""[[{\""sentence\"":\""元真：沒關係，我們可以下個週末再來看。對了，妳要買鞋子吧？\"",\""distractors\"":[\""朋友\"",\""學校\"",\""飯店\""]}],[{\""sentence\"":\""元真：沒關係，我們可以下個週末再來看。對了，妳要買鞋子吧？\"",\""distractors\"":[\""朋友\"",\""學校\"",\""飯店\""]}]]"", ""listenScriptHard"": null, ""vocabularyGroups"": null, ""vocabularyMedium"": ""週末,鞋子"", ""vocabularyPinyin"": ""zhōumò, xiézi"", ""listenAudioSource"": null, ""vocabularyPosHard"": null, ""vocabularySynonym"": ""[[],[]]"", ""listenAudioUrlHard"": null, ""listenScriptMedium"": null, ""phrasesTranslation"": null, ""suggestedAnswerHard"": ""元真：沒關係，我們可以下個週末再來看。對了，妳要買鞋子吧，如果有空，我們一起去，好嗎？"", ""vocabularyAudioUrls"": null, ""vocabularyLookalike"": ""[[],[]]"", ""vocabularyPosMedium"": null, ""listenAudioUrlMedium"": null, ""vocabularyPinyinHard"": null, ""listenAudioSourceHard"": null, ""suggestedAnswerMedium"": ""元真：沒關係，我們可以下個週末再來看。對了，妳要買鞋子吧，你覺得呢？"", ""vocabularyDistractors"": ""[[],[]]"", ""vocabularyTranslation"": ""weekend, shoes"", ""phrasesTranslationHard"": null, ""vocabularyPinyinMedium"": null, ""listenAudioSourceMedium"": null, ""sentenceReferenceCurves"": null, ""vocabularyAudioUrlsHard"": null, ""phrasesTranslationMedium"": null, ""vocabularyAudioUrlsMedium"": null, ""vocabularyReferenceCurves"": null, ""vocabularyTranslationHard"": null, ""sentenceReferenceCurvesHard"": null, ""vocabularyTranslationMedium"": null, ""sentenceReferenceCurvesMedium"": null, ""vocabularyReferenceCurvesHard"": null, ""vocabularyReferenceCurvesMedium"": null}"
8,2,modern-chinese-l8-dialogue-2,第8課 對話二：這條褲子太小了,True,Modern Chinese Book 1：依課文圖片練習中文口說。,story,True,False,6,/uploads/images/lesson-6-8-full-v3-final/l8d2-7.png,請看圖，說出這一句。,請用完整句子說明。,請加上原因或感受。,宜文：是啊，我想買一雙黑色的。,宜文：是啊，我想買一雙黑色的，我覺得很好。,宜文：是啊，我想買一雙黑色的，所以我們可以一起去，你覺得怎麼樣？,,,,,,,,,,"{""prompt"": ""請看圖，說出這一句。"", ""phrases"": null, ""imageUrl"": ""/uploads/images/lesson-6-8-full-v3-final/l8d2-7.png"", ""promptHard"": ""請加上原因或感受。"", ""vocabulary"": """", ""phrasesHard"": null, ""imageUrlHard"": ""/uploads/images/lesson-6-8-full-v3-final/l8d2-7.png"", ""listenScript"": null, ""promptMedium"": ""請用完整句子說明。"", ""phrasesMedium"": null, ""vocabularyPos"": null, ""grammarExample"": null, ""grammarPattern"": null, ""imageUrlMedium"": ""/uploads/images/lesson-6-8-full-v3-final/l8d2-7.png"", ""listenAudioUrl"": null, ""vocabularyHard"": """", ""suggestedAnswer"": ""宜文：是啊，我想買一雙黑色的。"", ""vocabularyCloze"": null, ""listenScriptHard"": null, ""vocabularyGroups"": null, ""vocabularyMedium"": """", ""vocabularyPinyin"": null, ""listenAudioSource"": null, ""vocabularyPosHard"": null, ""vocabularySynonym"": null, ""listenAudioUrlHard"": null, ""listenScriptMedium"": null, ""phrasesTranslation"": null, ""suggestedAnswerHard"": ""宜文：是啊，我想買一雙黑色的，所以我們可以一起去，你覺得怎麼樣？"", ""vocabularyAudioUrls"": null, ""vocabularyLookalike"": null, ""vocabularyPosMedium"": null, ""listenAudioUrlMedium"": null, ""vocabularyPinyinHard"": null, ""listenAudioSourceHard"": null, ""suggestedAnswerMedium"": ""宜文：是啊，我想買一雙黑色的，我覺得很好。"", ""vocabularyDistractors"": null, ""vocabularyTranslation"": null, ""phrasesTranslationHard"": null, ""vocabularyPinyinMedium"": null, ""listenAudioSourceMedium"": null, ""sentenceReferenceCurves"": null, ""vocabularyAudioUrlsHard"": null, ""phrasesTranslationMedium"": null, ""vocabularyAudioUrlsMedium"": null, ""vocabularyReferenceCurves"": null, ""vocabularyTranslationHard"": null, ""sentenceReferenceCurvesHard"": null, ""vocabularyTranslationMedium"": null, ""sentenceReferenceCurvesMedium"": null, ""vocabularyReferenceCurvesHard"": null, ""vocabularyReferenceCurvesMedium"": null}"
8,2,modern-chinese-l8-dialogue-2,第8課 對話二：這條褲子太小了,True,Modern Chinese Book 1：依課文圖片練習中文口說。,story,True,False,7,/uploads/images/lesson-6-8-full-v3-final/l8d2-8.png,請看圖，說出這一句。,請用完整句子說明。,請加上原因或感受。,元真：鞋子都在一樓，我們到樓下去吧！九點了，百貨公司快要關了。,元真：鞋子都在一樓，我們到樓下去吧！九點了，百貨公司快要關了，我覺得很好。,元真：鞋子都在一樓，我們到樓下去吧！九點了，百貨公司快要關了，所以我們可以一起去，你覺得怎麼樣？,"百貨公司,鞋子","department store, shoes","bǎihuò gōngsī, xiézi","N, N",,,,,,"{""prompt"": ""請看圖，說出這一句。"", ""phrases"": null, ""imageUrl"": ""/uploads/images/lesson-6-8-full-v3-final/l8d2-8.png"", ""promptHard"": ""請加上原因或感受。"", ""vocabulary"": ""百貨公司,鞋子"", ""phrasesHard"": null, ""imageUrlHard"": ""/uploads/images/lesson-6-8-full-v3-final/l8d2-8.png"", ""listenScript"": null, ""promptMedium"": ""請用完整句子說明。"", ""phrasesMedium"": null, ""vocabularyPos"": ""N, N"", ""grammarExample"": null, ""grammarPattern"": null, ""imageUrlMedium"": ""/uploads/images/lesson-6-8-full-v3-final/l8d2-8.png"", ""listenAudioUrl"": null, ""vocabularyHard"": ""百貨公司,鞋子"", ""suggestedAnswer"": ""元真：鞋子都在一樓，我們到樓下去吧！九點了，百貨公司快要關了。"", ""vocabularyCloze"": ""[[{\""sentence\"":\""元真：鞋子都在一樓，我們到樓下去吧！九點了，百貨公司快要關了。\"",\""distractors\"":[\""朋友\"",\""學校\"",\""飯店\""]}],[{\""sentence\"":\""元真：鞋子都在一樓，我們到樓下去吧！九點了，百貨公司快要關了。\"",\""distractors\"":[\""朋友\"",\""學校\"",\""飯店\""]}]]"", ""listenScriptHard"": null, ""vocabularyGroups"": null, ""vocabularyMedium"": ""百貨公司,鞋子"", ""vocabularyPinyin"": ""bǎihuò gōngsī, xiézi"", ""listenAudioSource"": null, ""vocabularyPosHard"": null, ""vocabularySynonym"": ""[[],[]]"", ""listenAudioUrlHard"": null, ""listenScriptMedium"": null, ""phrasesTranslation"": null, ""suggestedAnswerHard"": ""元真：鞋子都在一樓，我們到樓下去吧！九點了，百貨公司快要關了，所以我們可以一起去，你覺得怎麼樣？"", ""vocabularyAudioUrls"": null, ""vocabularyLookalike"": ""[[],[]]"", ""vocabularyPosMedium"": null, ""listenAudioUrlMedium"": null, ""vocabularyPinyinHard"": null, ""listenAudioSourceHard"": null, ""suggestedAnswerMedium"": ""元真：鞋子都在一樓，我們到樓下去吧！九點了，百貨公司快要關了，我覺得很好。"", ""vocabularyDistractors"": ""[[],[]]"", ""vocabularyTranslation"": ""department store, shoes"", ""phrasesTranslationHard"": null, ""vocabularyPinyinMedium"": null, ""listenAudioSourceMedium"": null, ""sentenceReferenceCurves"": null, ""vocabularyAudioUrlsHard"": null, ""phrasesTranslationMedium"": null, ""vocabularyAudioUrlsMedium"": null, ""vocabularyReferenceCurves"": null, ""vocabularyTranslationHard"": null, ""sentenceReferenceCurvesHard"": null, ""vocabularyTranslationMedium"": null, ""sentenceReferenceCurvesMedium"": null, ""vocabularyReferenceCurvesHard"": null, ""vocabularyReferenceCurvesMedium"": null}"
8,2,modern-chinese-l8-dialogue-2,第8課 對話二：這條褲子太小了,True,Modern Chinese Book 1：依課文圖片練習中文口說。,story,True,False,8,/uploads/images/lesson-6-8-full-v3-final/l8d2-9.png,請看圖，說出這一句。,請用完整句子說明。,請加上原因或感受。,宜文：電梯在那裡！我們現在去買。,宜文：電梯在那裡！我們現在去買，我覺得很好。,宜文：電梯在那裡！我們現在去買，所以我們可以一起去，你覺得怎麼樣？,電梯,elevator,diàntī,N,,,,,,"{""prompt"": ""請看圖，說出這一句。"", ""phrases"": null, ""imageUrl"": ""/uploads/images/lesson-6-8-full-v3-final/l8d2-9.png"", ""promptHard"": ""請加上原因或感受。"", ""vocabulary"": ""電梯"", ""phrasesHard"": null, ""imageUrlHard"": ""/uploads/images/lesson-6-8-full-v3-final/l8d2-9.png"", ""listenScript"": null, ""promptMedium"": ""請用完整句子說明。"", ""phrasesMedium"": null, ""vocabularyPos"": ""N"", ""grammarExample"": null, ""grammarPattern"": null, ""imageUrlMedium"": ""/uploads/images/lesson-6-8-full-v3-final/l8d2-9.png"", ""listenAudioUrl"": null, ""vocabularyHard"": ""電梯"", ""suggestedAnswer"": ""宜文：電梯在那裡！我們現在去買。"", ""vocabularyCloze"": ""[[{\""sentence\"":\""宜文：電梯在那裡！我們現在去買。\"",\""distractors\"":[\""朋友\"",\""學校\"",\""飯店\""]}]]"", ""listenScriptHard"": null, ""vocabularyGroups"": null, ""vocabularyMedium"": ""電梯"", ""vocabularyPinyin"": ""diàntī"", ""listenAudioSource"": null, ""vocabularyPosHard"": null, ""vocabularySynonym"": ""[[]]"", ""listenAudioUrlHard"": null, ""listenScriptMedium"": null, ""phrasesTranslation"": null, ""suggestedAnswerHard"": ""宜文：電梯在那裡！我們現在去買，所以我們可以一起去，你覺得怎麼樣？"", ""vocabularyAudioUrls"": null, ""vocabularyLookalike"": ""[[]]"", ""vocabularyPosMedium"": null, ""listenAudioUrlMedium"": null, ""vocabularyPinyinHard"": null, ""listenAudioSourceHard"": null, ""suggestedAnswerMedium"": ""宜文：電梯在那裡！我們現在去買，我覺得很好。"", ""vocabularyDistractors"": ""[[]]"", ""vocabularyTranslation"": ""elevator"", ""phrasesTranslationHard"": null, ""vocabularyPinyinMedium"": null, ""listenAudioSourceMedium"": null, ""sentenceReferenceCurves"": null, ""vocabularyAudioUrlsHard"": null, ""phrasesTranslationMedium"": null, ""vocabularyAudioUrlsMedium"": null, ""vocabularyReferenceCurves"": null, ""vocabularyTranslationHard"": null, ""sentenceReferenceCurvesHard"": null, ""vocabularyTranslationMedium"": null, ""sentenceReferenceCurvesMedium"": null, ""vocabularyReferenceCurvesHard"": null, ""vocabularyReferenceCurvesMedium"": null}"
8,3,modern-chinese-l8-reading,第8課 短文：年輕人喜歡新東西,True,Modern Chinese Book 1：依課文圖片練習中文口說。,story,True,False,0,/uploads/images/lesson-6-8-bubble/l8r-frame-1.png,請看圖，說出這一句。,請用完整句子說明。,請加上原因或感受。,百貨公司裡有很多衣服、鞋子和皮包。,百貨公司裡有很多衣服、鞋子和皮包，我覺得很好。,百貨公司裡有很多衣服、鞋子和皮包，所以我們可以一起去，你覺得怎麼樣？,"衣服,百貨公司,鞋子","clothes, department store, shoes","yīfu, bǎihuò gōngsī, xiézi","N, N, N",,,,,,"{""prompt"": ""請看圖，說出這一句。"", ""phrases"": null, ""imageUrl"": ""/uploads/images/lesson-6-8-bubble/l8r-frame-1.png"", ""promptHard"": ""請加上原因或感受。"", ""vocabulary"": ""衣服,百貨公司,鞋子"", ""phrasesHard"": null, ""imageUrlHard"": ""/uploads/images/lesson-6-8-bubble/l8r-frame-1.png"", ""listenScript"": null, ""promptMedium"": ""請用完整句子說明。"", ""phrasesMedium"": null, ""vocabularyPos"": ""N, N, N"", ""grammarExample"": null, ""grammarPattern"": null, ""imageUrlMedium"": ""/uploads/images/lesson-6-8-bubble/l8r-frame-1.png"", ""listenAudioUrl"": null, ""vocabularyHard"": ""衣服,百貨公司,鞋子"", ""suggestedAnswer"": ""百貨公司裡有很多衣服、鞋子和皮包。"", ""vocabularyCloze"": ""[[{\""sentence\"":\""百貨公司裡有很多衣服、鞋子和皮包。\"",\""distractors\"":[\""朋友\"",\""學校\"",\""飯店\""]}],[{\""sentence\"":\""百貨公司裡有很多衣服、鞋子和皮包。\"",\""distractors\"":[\""朋友\"",\""學校\"",\""飯店\""]}],[{\""sentence\"":\""百貨公司裡有很多衣服、鞋子和皮包。\"",\""distractors\"":[\""朋友\"",\""學校\"",\""飯店\""]}]]"", ""listenScriptHard"": null, ""vocabularyGroups"": null, ""vocabularyMedium"": ""衣服,百貨公司,鞋子"", ""vocabularyPinyin"": ""yīfu, bǎihuò gōngsī, xiézi"", ""listenAudioSource"": null, ""vocabularyPosHard"": null, ""vocabularySynonym"": ""[[],[],[]]"", ""listenAudioUrlHard"": null, ""listenScriptMedium"": null, ""phrasesTranslation"": null, ""suggestedAnswerHard"": ""百貨公司裡有很多衣服、鞋子和皮包，所以我們可以一起去，你覺得怎麼樣？"", ""vocabularyAudioUrls"": null, ""vocabularyLookalike"": ""[[],[],[]]"", ""vocabularyPosMedium"": null, ""listenAudioUrlMedium"": null, ""vocabularyPinyinHard"": null, ""listenAudioSourceHard"": null, ""suggestedAnswerMedium"": ""百貨公司裡有很多衣服、鞋子和皮包，我覺得很好。"", ""vocabularyDistractors"": ""[[],[],[]]"", ""vocabularyTranslation"": ""clothes, department store, shoes"", ""phrasesTranslationHard"": null, ""vocabularyPinyinMedium"": null, ""listenAudioSourceMedium"": null, ""sentenceReferenceCurves"": null, ""vocabularyAudioUrlsHard"": null, ""phrasesTranslationMedium"": null, ""vocabularyAudioUrlsMedium"": null, ""vocabularyReferenceCurves"": null, ""vocabularyTranslationHard"": null, ""sentenceReferenceCurvesHard"": null, ""vocabularyTranslationMedium"": null, ""sentenceReferenceCurvesMedium"": null, ""vocabularyReferenceCurvesHard"": null, ""vocabularyReferenceCurvesMedium"": null}"
8,3,modern-chinese-l8-reading,第8課 短文：年輕人喜歡新東西,True,Modern Chinese Book 1：依課文圖片練習中文口說。,story,True,False,1,/uploads/images/lesson-6-8-bubble/l8r-frame-2.png,請看圖，說出這一句。,請用完整句子說明。,請加上原因或感受。,這些東西都是最新的。,這些東西都是最新的，我覺得很好。,這些東西都是最新的，所以我們可以一起去，你覺得怎麼樣？,東西,thing,dōngxi,N,,,,,,"{""prompt"": ""請看圖，說出這一句。"", ""phrases"": null, ""imageUrl"": ""/uploads/images/lesson-6-8-bubble/l8r-frame-2.png"", ""promptHard"": ""請加上原因或感受。"", ""vocabulary"": ""東西"", ""phrasesHard"": null, ""imageUrlHard"": ""/uploads/images/lesson-6-8-bubble/l8r-frame-2.png"", ""listenScript"": null, ""promptMedium"": ""請用完整句子說明。"", ""phrasesMedium"": null, ""vocabularyPos"": ""N"", ""grammarExample"": null, ""grammarPattern"": null, ""imageUrlMedium"": ""/uploads/images/lesson-6-8-bubble/l8r-frame-2.png"", ""listenAudioUrl"": null, ""vocabularyHard"": ""東西"", ""suggestedAnswer"": ""這些東西都是最新的。"", ""vocabularyCloze"": ""[[{\""sentence\"":\""這些東西都是最新的。\"",\""distractors\"":[\""朋友\"",\""學校\"",\""飯店\""]}]]"", ""listenScriptHard"": null, ""vocabularyGroups"": null, ""vocabularyMedium"": ""東西"", ""vocabularyPinyin"": ""dōngxi"", ""listenAudioSource"": null, ""vocabularyPosHard"": null, ""vocabularySynonym"": ""[[]]"", ""listenAudioUrlHard"": null, ""listenScriptMedium"": null, ""phrasesTranslation"": null, ""suggestedAnswerHard"": ""這些東西都是最新的，所以我們可以一起去，你覺得怎麼樣？"", ""vocabularyAudioUrls"": null, ""vocabularyLookalike"": ""[[]]"", ""vocabularyPosMedium"": null, ""listenAudioUrlMedium"": null, ""vocabularyPinyinHard"": null, ""listenAudioSourceHard"": null, ""suggestedAnswerMedium"": ""這些東西都是最新的，我覺得很好。"", ""vocabularyDistractors"": ""[[]]"", ""vocabularyTranslation"": ""thing"", ""phrasesTranslationHard"": null, ""vocabularyPinyinMedium"": null, ""listenAudioSourceMedium"": null, ""sentenceReferenceCurves"": null, ""vocabularyAudioUrlsHard"": null, ""phrasesTranslationMedium"": null, ""vocabularyAudioUrlsMedium"": null, ""vocabularyReferenceCurves"": null, ""vocabularyTranslationHard"": null, ""sentenceReferenceCurvesHard"": null, ""vocabularyTranslationMedium"": null, ""sentenceReferenceCurvesMedium"": null, ""vocabularyReferenceCurvesHard"": null, ""vocabularyReferenceCurvesMedium"": null}"
8,3,modern-chinese-l8-reading,第8課 短文：年輕人喜歡新東西,True,Modern Chinese Book 1：依課文圖片練習中文口說。,story,True,False,2,/uploads/images/lesson-6-8-bubble/l8r-frame-3.png,請看圖，說出這一句。,請用完整句子說明。,請加上原因或感受。,很多年輕女生喜歡到百貨公司去。,很多年輕女生喜歡到百貨公司去，我覺得很好。,很多年輕女生喜歡到百貨公司去，所以我們可以一起去，你覺得怎麼樣？,"百貨公司,年輕","department store, young","bǎihuò gōngsī, niánqīng","N, Adj",,,,,,"{""prompt"": ""請看圖，說出這一句。"", ""phrases"": null, ""imageUrl"": ""/uploads/images/lesson-6-8-bubble/l8r-frame-3.png"", ""promptHard"": ""請加上原因或感受。"", ""vocabulary"": ""百貨公司,年輕"", ""phrasesHard"": null, ""imageUrlHard"": ""/uploads/images/lesson-6-8-bubble/l8r-frame-3.png"", ""listenScript"": null, ""promptMedium"": ""請用完整句子說明。"", ""phrasesMedium"": null, ""vocabularyPos"": ""N, Adj"", ""grammarExample"": null, ""grammarPattern"": null, ""imageUrlMedium"": ""/uploads/images/lesson-6-8-bubble/l8r-frame-3.png"", ""listenAudioUrl"": null, ""vocabularyHard"": ""百貨公司,年輕"", ""suggestedAnswer"": ""很多年輕女生喜歡到百貨公司去。"", ""vocabularyCloze"": ""[[{\""sentence\"":\""很多年輕女生喜歡到百貨公司去。\"",\""distractors\"":[\""朋友\"",\""學校\"",\""飯店\""]}],[{\""sentence\"":\""很多年輕女生喜歡到百貨公司去。\"",\""distractors\"":[\""漂亮\"",\""方便\"",\""有趣\""]}]]"", ""listenScriptHard"": null, ""vocabularyGroups"": null, ""vocabularyMedium"": ""百貨公司,年輕"", ""vocabularyPinyin"": ""bǎihuò gōngsī, niánqīng"", ""listenAudioSource"": null, ""vocabularyPosHard"": null, ""vocabularySynonym"": ""[[],[]]"", ""listenAudioUrlHard"": null, ""listenScriptMedium"": null, ""phrasesTranslation"": null, ""suggestedAnswerHard"": ""很多年輕女生喜歡到百貨公司去，所以我們可以一起去，你覺得怎麼樣？"", ""vocabularyAudioUrls"": null, ""vocabularyLookalike"": ""[[],[]]"", ""vocabularyPosMedium"": null, ""listenAudioUrlMedium"": null, ""vocabularyPinyinHard"": null, ""listenAudioSourceHard"": null, ""suggestedAnswerMedium"": ""很多年輕女生喜歡到百貨公司去，我覺得很好。"", ""vocabularyDistractors"": ""[[],[]]"", ""vocabularyTranslation"": ""department store, young"", ""phrasesTranslationHard"": null, ""vocabularyPinyinMedium"": null, ""listenAudioSourceMedium"": null, ""sentenceReferenceCurves"": null, ""vocabularyAudioUrlsHard"": null, ""phrasesTranslationMedium"": null, ""vocabularyAudioUrlsMedium"": null, ""vocabularyReferenceCurves"": null, ""vocabularyTranslationHard"": null, ""sentenceReferenceCurvesHard"": null, ""vocabularyTranslationMedium"": null, ""sentenceReferenceCurvesMedium"": null, ""vocabularyReferenceCurvesHard"": null, ""vocabularyReferenceCurvesMedium"": null}"
8,3,modern-chinese-l8-reading,第8課 短文：年輕人喜歡新東西,True,Modern Chinese Book 1：依課文圖片練習中文口說。,story,True,False,3,/uploads/images/lesson-6-8-bubble/l8r-frame-4.png,請看圖，說出這一句。,請用完整句子說明。,請加上原因或感受。,漂亮的、流行的衣服，她們都想穿穿看。,漂亮的、流行的衣服，她們都想穿穿看，我覺得很好。,漂亮的、流行的衣服，她們都想穿穿看，所以我們可以一起去，你覺得怎麼樣？,"漂亮,衣服,流行","beautiful, clothes, popular","piàoliang, yīfu, liúxíng","Adj, N, Adj",,,,,,"{""prompt"": ""請看圖，說出這一句。"", ""phrases"": null, ""imageUrl"": ""/uploads/images/lesson-6-8-bubble/l8r-frame-4.png"", ""promptHard"": ""請加上原因或感受。"", ""vocabulary"": ""漂亮,衣服,流行"", ""phrasesHard"": null, ""imageUrlHard"": ""/uploads/images/lesson-6-8-bubble/l8r-frame-4.png"", ""listenScript"": null, ""promptMedium"": ""請用完整句子說明。"", ""phrasesMedium"": null, ""vocabularyPos"": ""Adj, N, Adj"", ""grammarExample"": null, ""grammarPattern"": null, ""imageUrlMedium"": ""/uploads/images/lesson-6-8-bubble/l8r-frame-4.png"", ""listenAudioUrl"": null, ""vocabularyHard"": ""漂亮,衣服,流行"", ""suggestedAnswer"": ""漂亮的、流行的衣服，她們都想穿穿看。"", ""vocabularyCloze"": ""[[{\""sentence\"":\""漂亮的、流行的衣服，她們都想穿穿看。\"",\""distractors\"":[\""方便\"",\""有趣\""]}],[{\""sentence\"":\""漂亮的、流行的衣服，她們都想穿穿看。\"",\""distractors\"":[\""朋友\"",\""學校\"",\""飯店\""]}],[{\""sentence\"":\""漂亮的、流行的衣服，她們都想穿穿看。\"",\""distractors\"":[\""漂亮\"",\""方便\"",\""有趣\""]}]]"", ""listenScriptHard"": null, ""vocabularyGroups"": null, ""vocabularyMedium"": ""漂亮,衣服,流行"", ""vocabularyPinyin"": ""piàoliang, yīfu, liúxíng"", ""listenAudioSource"": null, ""vocabularyPosHard"": null, ""vocabularySynonym"": ""[[],[],[]]"", ""listenAudioUrlHard"": null, ""listenScriptMedium"": null, ""phrasesTranslation"": null, ""suggestedAnswerHard"": ""漂亮的、流行的衣服，她們都想穿穿看，所以我們可以一起去，你覺得怎麼樣？"", ""vocabularyAudioUrls"": null, ""vocabularyLookalike"": ""[[],[],[]]"", ""vocabularyPosMedium"": null, ""listenAudioUrlMedium"": null, ""vocabularyPinyinHard"": null, ""listenAudioSourceHard"": null, ""suggestedAnswerMedium"": ""漂亮的、流行的衣服，她們都想穿穿看，我覺得很好。"", ""vocabularyDistractors"": ""[[],[],[]]"", ""vocabularyTranslation"": ""beautiful, clothes, popular"", ""phrasesTranslationHard"": null, ""vocabularyPinyinMedium"": null, ""listenAudioSourceMedium"": null, ""sentenceReferenceCurves"": null, ""vocabularyAudioUrlsHard"": null, ""phrasesTranslationMedium"": null, ""vocabularyAudioUrlsMedium"": null, ""vocabularyReferenceCurves"": null, ""vocabularyTranslationHard"": null, ""sentenceReferenceCurvesHard"": null, ""vocabularyTranslationMedium"": null, ""sentenceReferenceCurvesMedium"": null, ""vocabularyReferenceCurvesHard"": null, ""vocabularyReferenceCurvesMedium"": null}"
8,3,modern-chinese-l8-reading,第8課 短文：年輕人喜歡新東西,True,Modern Chinese Book 1：依課文圖片練習中文口說。,story,True,False,4,/uploads/images/lesson-6-8-bubble/l8r-frame-5.png,請看圖，說出這一句。,請用完整句子說明。,請加上原因或感受。,很多年輕男生愛在書店看汽車雜誌。,很多年輕男生愛在書店看汽車雜誌，我覺得很好。,很多年輕男生愛在書店看汽車雜誌，所以我們可以一起去，你覺得怎麼樣？,年輕,young,niánqīng,Adj,,,,,,"{""prompt"": ""請看圖，說出這一句。"", ""phrases"": null, ""imageUrl"": ""/uploads/images/lesson-6-8-bubble/l8r-frame-5.png"", ""promptHard"": ""請加上原因或感受。"", ""vocabulary"": ""年輕"", ""phrasesHard"": null, ""imageUrlHard"": ""/uploads/images/lesson-6-8-bubble/l8r-frame-5.png"", ""listenScript"": null, ""promptMedium"": ""請用完整句子說明。"", ""phrasesMedium"": null, ""vocabularyPos"": ""Adj"", ""grammarExample"": null, ""grammarPattern"": null, ""imageUrlMedium"": ""/uploads/images/lesson-6-8-bubble/l8r-frame-5.png"", ""listenAudioUrl"": null, ""vocabularyHard"": ""年輕"", ""suggestedAnswer"": ""很多年輕男生愛在書店看汽車雜誌。"", ""vocabularyCloze"": ""[[{\""sentence\"":\""很多年輕男生愛在書店看汽車雜誌。\"",\""distractors\"":[\""漂亮\"",\""方便\"",\""有趣\""]}]]"", ""listenScriptHard"": null, ""vocabularyGroups"": null, ""vocabularyMedium"": ""年輕"", ""vocabularyPinyin"": ""niánqīng"", ""listenAudioSource"": null, ""vocabularyPosHard"": null, ""vocabularySynonym"": ""[[]]"", ""listenAudioUrlHard"": null, ""listenScriptMedium"": null, ""phrasesTranslation"": null, ""suggestedAnswerHard"": ""很多年輕男生愛在書店看汽車雜誌，所以我們可以一起去，你覺得怎麼樣？"", ""vocabularyAudioUrls"": null, ""vocabularyLookalike"": ""[[]]"", ""vocabularyPosMedium"": null, ""listenAudioUrlMedium"": null, ""vocabularyPinyinHard"": null, ""listenAudioSourceHard"": null, ""suggestedAnswerMedium"": ""很多年輕男生愛在書店看汽車雜誌，我覺得很好。"", ""vocabularyDistractors"": ""[[]]"", ""vocabularyTranslation"": ""young"", ""phrasesTranslationHard"": null, ""vocabularyPinyinMedium"": null, ""listenAudioSourceMedium"": null, ""sentenceReferenceCurves"": null, ""vocabularyAudioUrlsHard"": null, ""phrasesTranslationMedium"": null, ""vocabularyAudioUrlsMedium"": null, ""vocabularyReferenceCurves"": null, ""vocabularyTranslationHard"": null, ""sentenceReferenceCurvesHard"": null, ""vocabularyTranslationMedium"": null, ""sentenceReferenceCurvesMedium"": null, ""vocabularyReferenceCurvesHard"": null, ""vocabularyReferenceCurvesMedium"": null}"
8,3,modern-chinese-l8-reading,第8課 短文：年輕人喜歡新東西,True,Modern Chinese Book 1：依課文圖片練習中文口說。,story,True,False,5,/uploads/images/lesson-6-8-bubble/l8r-frame-6.png,請看圖，說出這一句。,請用完整句子說明。,請加上原因或感受。,汽車很貴。,汽車很貴，我覺得很好。,汽車很貴，所以我們可以一起去，你覺得怎麼樣？,,,,,,,,,,"{""prompt"": ""請看圖，說出這一句。"", ""phrases"": null, ""imageUrl"": ""/uploads/images/lesson-6-8-bubble/l8r-frame-6.png"", ""promptHard"": ""請加上原因或感受。"", ""vocabulary"": """", ""phrasesHard"": null, ""imageUrlHard"": ""/uploads/images/lesson-6-8-bubble/l8r-frame-6.png"", ""listenScript"": null, ""promptMedium"": ""請用完整句子說明。"", ""phrasesMedium"": null, ""vocabularyPos"": null, ""grammarExample"": null, ""grammarPattern"": null, ""imageUrlMedium"": ""/uploads/images/lesson-6-8-bubble/l8r-frame-6.png"", ""listenAudioUrl"": null, ""vocabularyHard"": """", ""suggestedAnswer"": ""汽車很貴。"", ""vocabularyCloze"": null, ""listenScriptHard"": null, ""vocabularyGroups"": null, ""vocabularyMedium"": """", ""vocabularyPinyin"": null, ""listenAudioSource"": null, ""vocabularyPosHard"": null, ""vocabularySynonym"": null, ""listenAudioUrlHard"": null, ""listenScriptMedium"": null, ""phrasesTranslation"": null, ""suggestedAnswerHard"": ""汽車很貴，所以我們可以一起去，你覺得怎麼樣？"", ""vocabularyAudioUrls"": null, ""vocabularyLookalike"": null, ""vocabularyPosMedium"": null, ""listenAudioUrlMedium"": null, ""vocabularyPinyinHard"": null, ""listenAudioSourceHard"": null, ""suggestedAnswerMedium"": ""汽車很貴，我覺得很好。"", ""vocabularyDistractors"": null, ""vocabularyTranslation"": null, ""phrasesTranslationHard"": null, ""vocabularyPinyinMedium"": null, ""listenAudioSourceMedium"": null, ""sentenceReferenceCurves"": null, ""vocabularyAudioUrlsHard"": null, ""phrasesTranslationMedium"": null, ""vocabularyAudioUrlsMedium"": null, ""vocabularyReferenceCurves"": null, ""vocabularyTranslationHard"": null, ""sentenceReferenceCurvesHard"": null, ""vocabularyTranslationMedium"": null, ""sentenceReferenceCurvesMedium"": null, ""vocabularyReferenceCurvesHard"": null, ""vocabularyReferenceCurvesMedium"": null}"
8,3,modern-chinese-l8-reading,第8課 短文：年輕人喜歡新東西,True,Modern Chinese Book 1：依課文圖片練習中文口說。,story,True,False,6,/uploads/images/lesson-6-8-bubble/l8r-frame-7.png,請看圖，說出這一句。,請用完整句子說明。,請加上原因或感受。,他們不一定可以買新車。,他們不一定可以買新車，我覺得很好。,他們不一定可以買新車，所以我們可以一起去，你覺得怎麼樣？,,,,,,,,,,"{""prompt"": ""請看圖，說出這一句。"", ""phrases"": null, ""imageUrl"": ""/uploads/images/lesson-6-8-bubble/l8r-frame-7.png"", ""promptHard"": ""請加上原因或感受。"", ""vocabulary"": """", ""phrasesHard"": null, ""imageUrlHard"": ""/uploads/images/lesson-6-8-bubble/l8r-frame-7.png"", ""listenScript"": null, ""promptMedium"": ""請用完整句子說明。"", ""phrasesMedium"": null, ""vocabularyPos"": null, ""grammarExample"": null, ""grammarPattern"": null, ""imageUrlMedium"": ""/uploads/images/lesson-6-8-bubble/l8r-frame-7.png"", ""listenAudioUrl"": null, ""vocabularyHard"": """", ""suggestedAnswer"": ""他們不一定可以買新車。"", ""vocabularyCloze"": null, ""listenScriptHard"": null, ""vocabularyGroups"": null, ""vocabularyMedium"": """", ""vocabularyPinyin"": null, ""listenAudioSource"": null, ""vocabularyPosHard"": null, ""vocabularySynonym"": null, ""listenAudioUrlHard"": null, ""listenScriptMedium"": null, ""phrasesTranslation"": null, ""suggestedAnswerHard"": ""他們不一定可以買新車，所以我們可以一起去，你覺得怎麼樣？"", ""vocabularyAudioUrls"": null, ""vocabularyLookalike"": null, ""vocabularyPosMedium"": null, ""listenAudioUrlMedium"": null, ""vocabularyPinyinHard"": null, ""listenAudioSourceHard"": null, ""suggestedAnswerMedium"": ""他們不一定可以買新車，我覺得很好。"", ""vocabularyDistractors"": null, ""vocabularyTranslation"": null, ""phrasesTranslationHard"": null, ""vocabularyPinyinMedium"": null, ""listenAudioSourceMedium"": null, ""sentenceReferenceCurves"": null, ""vocabularyAudioUrlsHard"": null, ""phrasesTranslationMedium"": null, ""vocabularyAudioUrlsMedium"": null, ""vocabularyReferenceCurves"": null, ""vocabularyTranslationHard"": null, ""sentenceReferenceCurvesHard"": null, ""vocabularyTranslationMedium"": null, ""sentenceReferenceCurvesMedium"": null, ""vocabularyReferenceCurvesHard"": null, ""vocabularyReferenceCurvesMedium"": null}"
8,3,modern-chinese-l8-reading,第8課 短文：年輕人喜歡新東西,True,Modern Chinese Book 1：依課文圖片練習中文口說。,story,True,False,7,/uploads/images/lesson-6-8-bubble/l8r-frame-8.png,請看圖，說出這一句。,請用完整句子說明。,請加上原因或感受。,可是他們都看得很開心。,可是他們都看得很開心，我覺得很好。,可是他們都看得很開心，所以我們可以一起去，你覺得怎麼樣？,,,,,,,,,,"{""prompt"": ""請看圖，說出這一句。"", ""phrases"": null, ""imageUrl"": ""/uploads/images/lesson-6-8-bubble/l8r-frame-8.png"", ""promptHard"": ""請加上原因或感受。"", ""vocabulary"": """", ""phrasesHard"": null, ""imageUrlHard"": ""/uploads/images/lesson-6-8-bubble/l8r-frame-8.png"", ""listenScript"": null, ""promptMedium"": ""請用完整句子說明。"", ""phrasesMedium"": null, ""vocabularyPos"": null, ""grammarExample"": null, ""grammarPattern"": null, ""imageUrlMedium"": ""/uploads/images/lesson-6-8-bubble/l8r-frame-8.png"", ""listenAudioUrl"": null, ""vocabularyHard"": """", ""suggestedAnswer"": ""可是他們都看得很開心。"", ""vocabularyCloze"": null, ""listenScriptHard"": null, ""vocabularyGroups"": null, ""vocabularyMedium"": """", ""vocabularyPinyin"": null, ""listenAudioSource"": null, ""vocabularyPosHard"": null, ""vocabularySynonym"": null, ""listenAudioUrlHard"": null, ""listenScriptMedium"": null, ""phrasesTranslation"": null, ""suggestedAnswerHard"": ""可是他們都看得很開心，所以我們可以一起去，你覺得怎麼樣？"", ""vocabularyAudioUrls"": null, ""vocabularyLookalike"": null, ""vocabularyPosMedium"": null, ""listenAudioUrlMedium"": null, ""vocabularyPinyinHard"": null, ""listenAudioSourceHard"": null, ""suggestedAnswerMedium"": ""可是他們都看得很開心，我覺得很好。"", ""vocabularyDistractors"": null, ""vocabularyTranslation"": null, ""phrasesTranslationHard"": null, ""vocabularyPinyinMedium"": null, ""listenAudioSourceMedium"": null, ""sentenceReferenceCurves"": null, ""vocabularyAudioUrlsHard"": null, ""phrasesTranslationMedium"": null, ""vocabularyAudioUrlsMedium"": null, ""vocabularyReferenceCurves"": null, ""vocabularyTranslationHard"": null, ""sentenceReferenceCurvesHard"": null, ""vocabularyTranslationMedium"": null, ""sentenceReferenceCurvesMedium"": null, ""vocabularyReferenceCurvesHard"": null, ""vocabularyReferenceCurvesMedium"": null}"
8,3,modern-chinese-l8-reading,第8課 短文：年輕人喜歡新東西,True,Modern Chinese Book 1：依課文圖片練習中文口說。,story,True,False,8,/uploads/images/lesson-6-8-bubble/l8r-frame-9.png,請看圖，說出這一句。,請用完整句子說明。,請加上原因或感受。,我覺得有的舊東西很不錯。,我覺得有的舊東西很不錯，我覺得很好。,我覺得有的舊東西很不錯，所以我們可以一起去，你覺得怎麼樣？,東西,thing,dōngxi,N,,,,,,"{""prompt"": ""請看圖，說出這一句。"", ""phrases"": null, ""imageUrl"": ""/uploads/images/lesson-6-8-bubble/l8r-frame-9.png"", ""promptHard"": ""請加上原因或感受。"", ""vocabulary"": ""東西"", ""phrasesHard"": null, ""imageUrlHard"": ""/uploads/images/lesson-6-8-bubble/l8r-frame-9.png"", ""listenScript"": null, ""promptMedium"": ""請用完整句子說明。"", ""phrasesMedium"": null, ""vocabularyPos"": ""N"", ""grammarExample"": null, ""grammarPattern"": null, ""imageUrlMedium"": ""/uploads/images/lesson-6-8-bubble/l8r-frame-9.png"", ""listenAudioUrl"": null, ""vocabularyHard"": ""東西"", ""suggestedAnswer"": ""我覺得有的舊東西很不錯。"", ""vocabularyCloze"": ""[[{\""sentence\"":\""我覺得有的舊東西很不錯。\"",\""distractors\"":[\""朋友\"",\""學校\"",\""飯店\""]}]]"", ""listenScriptHard"": null, ""vocabularyGroups"": null, ""vocabularyMedium"": ""東西"", ""vocabularyPinyin"": ""dōngxi"", ""listenAudioSource"": null, ""vocabularyPosHard"": null, ""vocabularySynonym"": ""[[]]"", ""listenAudioUrlHard"": null, ""listenScriptMedium"": null, ""phrasesTranslation"": null, ""suggestedAnswerHard"": ""我覺得有的舊東西很不錯，所以我們可以一起去，你覺得怎麼樣？"", ""vocabularyAudioUrls"": null, ""vocabularyLookalike"": ""[[]]"", ""vocabularyPosMedium"": null, ""listenAudioUrlMedium"": null, ""vocabularyPinyinHard"": null, ""listenAudioSourceHard"": null, ""suggestedAnswerMedium"": ""我覺得有的舊東西很不錯，我覺得很好。"", ""vocabularyDistractors"": ""[[]]"", ""vocabularyTranslation"": ""thing"", ""phrasesTranslationHard"": null, ""vocabularyPinyinMedium"": null, ""listenAudioSourceMedium"": null, ""sentenceReferenceCurves"": null, ""vocabularyAudioUrlsHard"": null, ""phrasesTranslationMedium"": null, ""vocabularyAudioUrlsMedium"": null, ""vocabularyReferenceCurves"": null, ""vocabularyTranslationHard"": null, ""sentenceReferenceCurvesHard"": null, ""vocabularyTranslationMedium"": null, ""sentenceReferenceCurvesMedium"": null, ""vocabularyReferenceCurvesHard"": null, ""vocabularyReferenceCurvesMedium"": null}"
8,3,modern-chinese-l8-reading,第8課 短文：年輕人喜歡新東西,True,Modern Chinese Book 1：依課文圖片練習中文口說。,story,True,False,9,/uploads/images/lesson-6-8-bubble/l8r-frame-10.png,請看圖，說出這一句。,請用完整句子說明。,請加上原因或感受。,有的新東西也很有趣。,有的新東西也很有趣，我覺得很好。,有的新東西也很有趣，所以我們可以一起去，你覺得怎麼樣？,"有趣,東西","interesting, thing","yǒuqù, dōngxi","Adj, N",,,,,,"{""prompt"": ""請看圖，說出這一句。"", ""phrases"": null, ""imageUrl"": ""/uploads/images/lesson-6-8-bubble/l8r-frame-10.png"", ""promptHard"": ""請加上原因或感受。"", ""vocabulary"": ""有趣,東西"", ""phrasesHard"": null, ""imageUrlHard"": ""/uploads/images/lesson-6-8-bubble/l8r-frame-10.png"", ""listenScript"": null, ""promptMedium"": ""請用完整句子說明。"", ""phrasesMedium"": null, ""vocabularyPos"": ""Adj, N"", ""grammarExample"": null, ""grammarPattern"": null, ""imageUrlMedium"": ""/uploads/images/lesson-6-8-bubble/l8r-frame-10.png"", ""listenAudioUrl"": null, ""vocabularyHard"": ""有趣,東西"", ""suggestedAnswer"": ""有的新東西也很有趣。"", ""vocabularyCloze"": ""[[{\""sentence\"":\""有的新東西也很有趣。\"",\""distractors\"":[\""漂亮\"",\""方便\""]}],[{\""sentence\"":\""有的新東西也很有趣。\"",\""distractors\"":[\""朋友\"",\""學校\"",\""飯店\""]}]]"", ""listenScriptHard"": null, ""vocabularyGroups"": null, ""vocabularyMedium"": ""有趣,東西"", ""vocabularyPinyin"": ""yǒuqù, dōngxi"", ""listenAudioSource"": null, ""vocabularyPosHard"": null, ""vocabularySynonym"": ""[[],[]]"", ""listenAudioUrlHard"": null, ""listenScriptMedium"": null, ""phrasesTranslation"": null, ""suggestedAnswerHard"": ""有的新東西也很有趣，所以我們可以一起去，你覺得怎麼樣？"", ""vocabularyAudioUrls"": null, ""vocabularyLookalike"": ""[[],[]]"", ""vocabularyPosMedium"": null, ""listenAudioUrlMedium"": null, ""vocabularyPinyinHard"": null, ""listenAudioSourceHard"": null, ""suggestedAnswerMedium"": ""有的新東西也很有趣，我覺得很好。"", ""vocabularyDistractors"": ""[[],[]]"", ""vocabularyTranslation"": ""interesting, thing"", ""phrasesTranslationHard"": null, ""vocabularyPinyinMedium"": null, ""listenAudioSourceMedium"": null, ""sentenceReferenceCurves"": null, ""vocabularyAudioUrlsHard"": null, ""phrasesTranslationMedium"": null, ""vocabularyAudioUrlsMedium"": null, ""vocabularyReferenceCurves"": null, ""vocabularyTranslationHard"": null, ""sentenceReferenceCurvesHard"": null, ""vocabularyTranslationMedium"": null, ""sentenceReferenceCurvesMedium"": null, ""vocabularyReferenceCurvesHard"": null, ""vocabularyReferenceCurvesMedium"": null}"
8,3,modern-chinese-l8-reading,第8課 短文：年輕人喜歡新東西,True,Modern Chinese Book 1：依課文圖片練習中文口說。,story,True,False,10,/uploads/images/lesson-6-8-bubble/l8r-frame-11.png,請看圖，說出這一句。,請用完整句子說明。,請加上原因或感受。,我很喜歡看新車、新衣服。,我很喜歡看新車、新衣服，我覺得很好。,我很喜歡看新車、新衣服，所以我們可以一起去，你覺得怎麼樣？,衣服,clothes,yīfu,N,,,,,,"{""prompt"": ""請看圖，說出這一句。"", ""phrases"": null, ""imageUrl"": ""/uploads/images/lesson-6-8-bubble/l8r-frame-11.png"", ""promptHard"": ""請加上原因或感受。"", ""vocabulary"": ""衣服"", ""phrasesHard"": null, ""imageUrlHard"": ""/uploads/images/lesson-6-8-bubble/l8r-frame-11.png"", ""listenScript"": null, ""promptMedium"": ""請用完整句子說明。"", ""phrasesMedium"": null, ""vocabularyPos"": ""N"", ""grammarExample"": null, ""grammarPattern"": null, ""imageUrlMedium"": ""/uploads/images/lesson-6-8-bubble/l8r-frame-11.png"", ""listenAudioUrl"": null, ""vocabularyHard"": ""衣服"", ""suggestedAnswer"": ""我很喜歡看新車、新衣服。"", ""vocabularyCloze"": ""[[{\""sentence\"":\""我很喜歡看新車、新衣服。\"",\""distractors\"":[\""朋友\"",\""學校\"",\""飯店\""]}]]"", ""listenScriptHard"": null, ""vocabularyGroups"": null, ""vocabularyMedium"": ""衣服"", ""vocabularyPinyin"": ""yīfu"", ""listenAudioSource"": null, ""vocabularyPosHard"": null, ""vocabularySynonym"": ""[[]]"", ""listenAudioUrlHard"": null, ""listenScriptMedium"": null, ""phrasesTranslation"": null, ""suggestedAnswerHard"": ""我很喜歡看新車、新衣服，所以我們可以一起去，你覺得怎麼樣？"", ""vocabularyAudioUrls"": null, ""vocabularyLookalike"": ""[[]]"", ""vocabularyPosMedium"": null, ""listenAudioUrlMedium"": null, ""vocabularyPinyinHard"": null, ""listenAudioSourceHard"": null, ""suggestedAnswerMedium"": ""我很喜歡看新車、新衣服，我覺得很好。"", ""vocabularyDistractors"": ""[[]]"", ""vocabularyTranslation"": ""clothes"", ""phrasesTranslationHard"": null, ""vocabularyPinyinMedium"": null, ""listenAudioSourceMedium"": null, ""sentenceReferenceCurves"": null, ""vocabularyAudioUrlsHard"": null, ""phrasesTranslationMedium"": null, ""vocabularyAudioUrlsMedium"": null, ""vocabularyReferenceCurves"": null, ""vocabularyTranslationHard"": null, ""sentenceReferenceCurvesHard"": null, ""vocabularyTranslationMedium"": null, ""sentenceReferenceCurvesMedium"": null, ""vocabularyReferenceCurvesHard"": null, ""vocabularyReferenceCurvesMedium"": null}"
8,3,modern-chinese-l8-reading,第8課 短文：年輕人喜歡新東西,True,Modern Chinese Book 1：依課文圖片練習中文口說。,story,True,False,11,/uploads/images/lesson-6-8-bubble/l8r-frame-12.png,請看圖，說出這一句。,請用完整句子說明。,請加上原因或感受。,可是我的錢不多。,可是我的錢不多，我覺得很好。,可是我的錢不多，所以我們可以一起去，你覺得怎麼樣？,錢,money,qián,N,,,,,,"{""prompt"": ""請看圖，說出這一句。"", ""phrases"": null, ""imageUrl"": ""/uploads/images/lesson-6-8-bubble/l8r-frame-12.png"", ""promptHard"": ""請加上原因或感受。"", ""vocabulary"": ""錢"", ""phrasesHard"": null, ""imageUrlHard"": ""/uploads/images/lesson-6-8-bubble/l8r-frame-12.png"", ""listenScript"": null, ""promptMedium"": ""請用完整句子說明。"", ""phrasesMedium"": null, ""vocabularyPos"": ""N"", ""grammarExample"": null, ""grammarPattern"": null, ""imageUrlMedium"": ""/uploads/images/lesson-6-8-bubble/l8r-frame-12.png"", ""listenAudioUrl"": null, ""vocabularyHard"": ""錢"", ""suggestedAnswer"": ""可是我的錢不多。"", ""vocabularyCloze"": ""[[{\""sentence\"":\""可是我的錢不多。\"",\""distractors\"":[\""朋友\"",\""學校\"",\""飯店\""]}]]"", ""listenScriptHard"": null, ""vocabularyGroups"": null, ""vocabularyMedium"": ""錢"", ""vocabularyPinyin"": ""qián"", ""listenAudioSource"": null, ""vocabularyPosHard"": null, ""vocabularySynonym"": ""[[]]"", ""listenAudioUrlHard"": null, ""listenScriptMedium"": null, ""phrasesTranslation"": null, ""suggestedAnswerHard"": ""可是我的錢不多，所以我們可以一起去，你覺得怎麼樣？"", ""vocabularyAudioUrls"": null, ""vocabularyLookalike"": ""[[]]"", ""vocabularyPosMedium"": null, ""listenAudioUrlMedium"": null, ""vocabularyPinyinHard"": null, ""listenAudioSourceHard"": null, ""suggestedAnswerMedium"": ""可是我的錢不多，我覺得很好。"", ""vocabularyDistractors"": ""[[]]"", ""vocabularyTranslation"": ""money"", ""phrasesTranslationHard"": null, ""vocabularyPinyinMedium"": null, ""listenAudioSourceMedium"": null, ""sentenceReferenceCurves"": null, ""vocabularyAudioUrlsHard"": null, ""phrasesTranslationMedium"": null, ""vocabularyAudioUrlsMedium"": null, ""vocabularyReferenceCurves"": null, ""vocabularyTranslationHard"": null, ""sentenceReferenceCurvesHard"": null, ""vocabularyTranslationMedium"": null, ""sentenceReferenceCurvesMedium"": null, ""vocabularyReferenceCurvesHard"": null, ""vocabularyReferenceCurvesMedium"": null}"
8,3,modern-chinese-l8-reading,第8課 短文：年輕人喜歡新東西,True,Modern Chinese Book 1：依課文圖片練習中文口說。,story,True,False,12,/uploads/images/lesson-6-8-bubble/l8r-frame-13.png,請看圖，說出這一句。,請用完整句子說明。,請加上原因或感受。,所以我不常買。,所以我不常買，我覺得很好。,所以我不常買，所以我們可以一起去，你覺得怎麼樣？,,,,,,,,,,"{""prompt"": ""請看圖，說出這一句。"", ""phrases"": null, ""imageUrl"": ""/uploads/images/lesson-6-8-bubble/l8r-frame-13.png"", ""promptHard"": ""請加上原因或感受。"", ""vocabulary"": """", ""phrasesHard"": null, ""imageUrlHard"": ""/uploads/images/lesson-6-8-bubble/l8r-frame-13.png"", ""listenScript"": null, ""promptMedium"": ""請用完整句子說明。"", ""phrasesMedium"": null, ""vocabularyPos"": null, ""grammarExample"": null, ""grammarPattern"": null, ""imageUrlMedium"": ""/uploads/images/lesson-6-8-bubble/l8r-frame-13.png"", ""listenAudioUrl"": null, ""vocabularyHard"": """", ""suggestedAnswer"": ""所以我不常買。"", ""vocabularyCloze"": null, ""listenScriptHard"": null, ""vocabularyGroups"": null, ""vocabularyMedium"": """", ""vocabularyPinyin"": null, ""listenAudioSource"": null, ""vocabularyPosHard"": null, ""vocabularySynonym"": null, ""listenAudioUrlHard"": null, ""listenScriptMedium"": null, ""phrasesTranslation"": null, ""suggestedAnswerHard"": ""所以我不常買，所以我們可以一起去，你覺得怎麼樣？"", ""vocabularyAudioUrls"": null, ""vocabularyLookalike"": null, ""vocabularyPosMedium"": null, ""listenAudioUrlMedium"": null, ""vocabularyPinyinHard"": null, ""listenAudioSourceHard"": null, ""suggestedAnswerMedium"": ""所以我不常買，我覺得很好。"", ""vocabularyDistractors"": null, ""vocabularyTranslation"": null, ""phrasesTranslationHard"": null, ""vocabularyPinyinMedium"": null, ""listenAudioSourceMedium"": null, ""sentenceReferenceCurves"": null, ""vocabularyAudioUrlsHard"": null, ""phrasesTranslationMedium"": null, ""vocabularyAudioUrlsMedium"": null, ""vocabularyReferenceCurves"": null, ""vocabularyTranslationHard"": null, ""sentenceReferenceCurvesHard"": null, ""vocabularyTranslationMedium"": null, ""sentenceReferenceCurvesMedium"": null, ""vocabularyReferenceCurvesHard"": null, ""vocabularyReferenceCurvesMedium"": null}"
