token_id,speaker_id,human_correct,produced_tone_proxy,predicted_tone,probability_T1,probability_T2,probability_T3,probability_T4
00200214_00,02002,1,T3,T2,8.092743531536335e-05,0.4789741277835047,0.3853380442701602,0.13560690051101978
00200214_01,02002,1,T1,T1,0.4034848285860928,0.30892920180585504,0.16768685441823605,0.11989911518981604
00200214_03,02002,1,T2,T2,0.04555315796742979,0.6427359186676272,0.3042115965075607,0.007499326857382105
00200214_04,02002,1,T4,T1,0.4428361469660201,0.14251651527430367,0.12085047112213446,0.2937968666375419
00200214_06,02002,1,T4,T2,0.176137781197197,0.39709940186747456,0.31279763299914604,0.11396518393618234
00200214_07,02002,1,T1,T1,0.36354049320256643,0.2434854194217883,0.13540832529627536,0.25756576207936993
00200214_08,02002,1,T1,T1,0.3672300675603468,0.2618532742056289,0.13058995611957824,0.24032670211444612
00200217_03,02002,1,T2,T2,0.25107754965156226,0.4841472415040544,0.2028762593717972,0.06189894947258598
00200220_00,02002,1,T3,T3,0.23610811565112588,0.19004496321627878,0.35854348552862764,0.2153034356039677
00200220_01,02002,1,T1,T1,0.3868629458676832,0.3117843604946963,0.13540437903059668,0.1659483146070238
00200220_05,02002,1,T3,T3,0.11355851188588088,0.38823273028194405,0.4070618141225724,0.09114694370960275
00200220_06,02002,1,T1,T1,0.4808093459743586,0.21216634248014254,0.07325784199458557,0.23376646955091326
00200220_08,02002,1,T3,T3,0.19991705913167077,0.3165333867116843,0.39756029070463555,0.08598926345200954
00200220_15,02002,1,T2,T2,0.013572725415521682,0.9016051390705043,0.08278609036059673,0.0020360451533772525
00200314_00,02003,1,T3,T2,0.2227809812733818,0.4127372436686454,0.21528504805379206,0.14919672700418077
00200314_01,02003,1,T1,T1,0.39713100420331354,0.30113895697816606,0.15332163454305642,0.1484084042754638
00200314_03,02003,1,T2,T2,0.17762441636635778,0.4664406266201292,0.2854130052843069,0.07052195172920617
00200314_04,02003,1,T4,T1,0.40150843233965733,0.1884729081662642,0.06373642235633502,0.34628223713774353
00200314_06,02003,1,T4,T4,0.34516271982957164,0.18065938494156164,0.0926160299423033,0.3815618652865635
00200314_07,02003,1,T1,T1,0.37983163417862553,0.20056872013503377,0.11294972601774683,0.3066499196685938
00200314_08,02003,1,T1,T4,8.236324908281915e-08,0.004850916003527565,0.4534020609675026,0.5417469406657207
00200317_01,02003,1,T4,T1,0.4096219409333874,0.1522106160194422,0.050113726014785934,0.38805371703238434
00200320_00,02003,1,T3,T1,0.3463588194419687,0.21038202658818322,0.19809895718602127,0.24516019678382675
00200320_01,02003,1,T1,T1,0.431098317428341,0.2274434843167685,0.126961361997947,0.21449683625694355
00200320_03,02003,1,T1,T4,0.3249303677337146,0.12191975221843246,0.1412776914150691,0.41187218863278385
00200320_05,02003,1,T3,T2,0.06349061082451554,0.5068386083928476,0.33690122363410024,0.09276955714853664
00200320_06,02003,1,T1,T1,0.4663040907731644,0.18330517070765265,0.08878418197067153,0.26160655654851145
00200320_08,02003,1,T3,T2,0.11604267433012481,0.6523444078268239,0.21426948447748975,0.01734343336556157
00200320_13,02003,1,T1,T1,0.44538901292371924,0.09551564072055008,0.1021753446092126,0.35692000174651806
00200320_15,02003,1,T2,T2,0.07917989856096509,0.664481005603857,0.24654736815436706,0.009791727680810807
00200514_04,02005,1,T4,T3,0.1630881828938863,0.19466019403814278,0.4566884670947049,0.18556315597326598
00200514_06,02005,1,T4,T2,0.10223014408988779,0.41760003632772963,0.35268694869239964,0.12748287088998314
00200514_07,02005,1,T1,T1,0.3339085507851428,0.2566806766297334,0.18232011276338497,0.22709065982173882
00200514_08,02005,1,T1,T1,0.3400197301868352,0.2368460864558559,0.17930891255521098,0.2438252708020979
00200517_01,02005,1,T4,T1,0.3630117897116676,0.2035603045623921,0.13865271490965922,0.294775190816281
00200520_00,02005,1,T3,T3,0.02966848000133195,0.07155985416269732,0.6356316335461192,0.2631400322898515
00200520_01,02005,1,T1,T2,0.3044495279511326,0.33790900088766795,0.22067567293763596,0.13696579822356345
00200520_03,02005,1,T1,T1,0.33283715253554663,0.16409823644105748,0.263427478865585,0.23963713215781093
00200520_06,02005,1,T1,T1,0.32194775865135,0.259186686415698,0.15218475463966402,0.26668080029328795
00200520_13,02005,1,T1,T4,0.27227001433537934,0.1308468896150366,0.18295213174520597,0.4139309643043782
00200520_15,02005,1,T2,T2,0.0007321572472634842,0.9196611967385041,0.07953596717447939,7.067883975308629e-05
00200614_03,02006,1,T2,T3,4.953928497962372e-09,3.9551984225208045e-08,0.999668562640655,0.00033139285343231073
00200614_04,02006,1,T4,T1,0.4326504629259576,0.23555523658812635,0.08571074122928601,0.24608355925662995
00200614_06,02006,1,T4,T1,0.3998361177883438,0.15396699819371806,0.07719079264715406,0.36900609137078394
00200614_08,02006,1,T1,T1,0.40355851287709193,0.312670785744842,0.05546813319825103,0.2283025681798149
00200617_01,02006,1,T4,T1,0.5429076851838549,0.08317819620675955,0.019028849643472408,0.35488526896591316
00200620_00,02006,1,T3,T4,0.226540952736259,0.1552991969016994,0.2984463390185201,0.3197135113435216
00200620_03,02006,1,T1,T3,0.16348893017704544,0.18748728780249305,0.4402771194604662,0.20874666255999536
00200620_13,02006,1,T1,T4,0.2374987061911858,0.0793773707538074,0.1452923724698189,0.537831550585188
00200714_00,02007,1,T3,T2,0.10920293626781116,0.5155282455282899,0.23608730376404521,0.13918151443985374
00200714_01,02007,1,T1,T1,0.5654011542342452,0.221032344527698,0.08691862724891634,0.1266478739891405
00200714_03,02007,1,T2,T3,3.772447516052379e-07,0.0027000563043967987,0.9972988054415776,7.61009274192603e-07
00200714_04,02007,1,T4,T1,0.43727864504817876,0.13123933519767855,0.07702672586338405,0.35445529389075875
00200714_06,02007,1,T4,T1,0.3948921404213946,0.14830563045291076,0.08562538900831843,0.3711768401173761
00200714_07,02007,1,T1,T1,0.45727217378894447,0.08379353688964011,0.05906257096283101,0.39987171835858437
00200714_08,02007,1,T1,T1,0.40622933908618475,0.26969409858257815,0.06209393449886766,0.2619826278323694
00200717_01,02007,1,T4,T1,0.5419888662059319,0.08065200362012871,0.023700436692857024,0.3536586934810823
00200717_03,02007,1,T2,T2,0.24951665108929136,0.6300766751948949,0.10820892799669314,0.012197745719120724
00200720_00,02007,1,T3,T3,0.040891237054313016,0.26594713054711666,0.6514325585207371,0.0417290738778331
00200720_01,02007,1,T1,T2,0.051756279524772277,0.6100169116158446,0.33464200510984954,0.0035848037495333973
00200720_05,02007,1,T3,T3,3.724269252946569e-07,4.3041471487636494e-05,0.9993304816570611,0.0006261044445259595
00200720_06,02007,1,T1,T1,0.4578317659052859,0.13326450743253584,0.0771567671278308,0.33174695953434746
00200720_08,02007,1,T3,T2,5.9655470848247364e-12,0.9712826976865656,0.028717302307468853,4.367323227577352e-19
00200720_13,02007,1,T1,T4,0.34037641868569357,0.0464146098076052,0.04227540595726087,0.5709335655494403
00200720_15,02007,1,T2,T4,3.684284771161371e-05,4.3186006013299206e-11,0.014182223345074395,0.9857809337640281
00200914_00,02009,1,T3,T2,0.16020642502874094,0.4059508842445586,0.3333423334952585,0.1005003572314421
00200914_01,02009,1,T1,T3,0.17688463884621622,0.2899438030177444,0.4168399873999268,0.11633157073611261
00200914_03,02009,1,T2,T3,0.08016072923496198,0.4296230151255777,0.4313120469497436,0.05890420868971656
00200914_04,02009,1,T4,T3,0.15039206623903392,0.238311127538912,0.43671312496169623,0.17458368126035784
00200914_06,02009,1,T4,T1,0.6051077491040756,0.05565027321468039,0.010397352196847917,0.3288446254843961
00200914_07,02009,1,T1,T1,0.7123179722718334,0.05116626830064082,0.011950108162701001,0.22456565126482486
00200914_08,02009,1,T1,T3,0.11821198214680213,0.2786524468238026,0.4607108845712459,0.14242468645814943
00200917_01,02009,1,T4,T1,0.40375960178137205,0.2658659023998453,0.05196606625485918,0.2784084295639234
00200917_03,02009,1,T2,T4,0.16136309726344425,0.24994230463817746,0.23730029431596028,0.351394303782418
00200920_00,02009,1,T3,T3,0.21462343562420602,0.06939724543336917,0.400696702565225,0.31528261637719973
00200920_01,02009,1,T1,T3,0.12771165957003522,0.40854525972562,0.41995924369918514,0.04378383700515957
00200920_03,02009,1,T1,T3,0.19496831287605276,0.17441007539061207,0.4270627638169422,0.2035588479163931
00200920_05,02009,1,T3,T2,0.16312611137266084,0.4386798723731439,0.2901985084911122,0.10799550776308309
00200920_06,02009,1,T1,T4,4.359838387342227e-06,0.0010089477062811822,3.521498849660704e-06,0.9989831709564818
00200920_08,02009,1,T3,T2,0.14720375948961387,0.6356152930408865,0.19345930706636927,0.023721640403130337
00200920_13,02009,1,T1,T2,0.3410053549779568,0.3441889179826527,0.21357048110047577,0.1012352459389148
00200920_15,02009,1,T2,T3,0.04238579157022151,0.006020665681343154,0.9450178905971063,0.006575652151328999
00201014_00,02010,1,T3,T2,7.478973135005969e-10,0.9999802518213545,1.9562611231799495e-05,1.8481951619869307e-07
00201014_01,02010,1,T1,T1,0.42914251261624264,0.1605887007199917,0.13175321518002117,0.2785155714837445
00201014_03,02010,1,T2,T1,0.32651729749246,0.23646946550787198,0.22368589504383907,0.2133273419558289
00201014_04,02010,1,T4,T2,0.24499358953582198,0.36739896851017656,0.2726336245786266,0.11497381737537488
00201014_06,02010,1,T4,T2,0.3221194535432506,0.3556489881218637,0.20053297038748016,0.12169858794740551
00201014_07,02010,1,T1,T1,0.4565647237782481,0.13620755657196898,0.07144097859272087,0.335786741057062
00201017_01,02010,1,T4,T4,0.3981987909351793,0.10664365139259287,0.04722775870262764,0.4479297989696002
00201017_03,02010,1,T2,T3,0.00213971956609958,0.055184441162506793,0.9408685956352867,0.0018072436361069699
00201020_00,02010,1,T3,T3,0.11605251653096953,0.13890394352323043,0.5779135662697356,0.16712997367606447
00201020_01,02010,1,T1,T4,0.30657227188089914,0.16901339078786626,0.14067553055883278,0.3837388067724018
00201020_03,02010,1,T1,T4,0.2854456400217945,0.07052248449123315,0.11702253273895745,0.5270093427480149
00201020_05,02010,1,T3,T2,1.4501389920688493e-12,0.9999999999484521,4.48014924138274e-11,5.296121842944616e-12
00201020_06,02010,1,T1,T1,0.5973104818554769,0.12713960509290614,0.020686201886080526,0.2548637111655366
00201020_08,02010,1,T3,T2,0.260266161298298,0.31437692799272643,0.3116388853175607,0.1137180253914149
00201020_13,02010,1,T1,T4,0.31383085046706005,0.05703418696268117,0.0708190258544476,0.5583159367158111
00201020_15,02010,1,T2,T2,0.09193353290039188,0.7400853501738746,0.14735138106641096,0.020629735859322627
00201114_00,02011,1,T3,T3,0.16171193525362343,0.35921605974715226,0.38258427644239446,0.09648772855682987
00201114_01,02011,1,T1,T2,0.28675896549744373,0.38264903563603786,0.2364302391327195,0.09416175973379888
00201114_03,02011,1,T2,T2,0.1336487076320828,0.40375634056528553,0.39806335100762397,0.06453160079500778
00201114_04,02011,1,T4,T1,0.35293718645892147,0.20674789831475512,0.13178517055156086,0.3085297446747626
00201114_06,02011,1,T4,T4,0.19390094657414178,0.2800864471389765,0.21005271207767007,0.31595989420921167
00201114_07,02011,1,T1,T2,0.19834295125005147,0.332743791233576,0.3146944380535129,0.15421881946285967
00201114_08,02011,1,T1,T1,0.39376049963830917,0.3356090337816333,0.05598890352831251,0.2146415630517449
00201117_03,02011,1,T2,T2,0.07488306966301858,0.46211170158851633,0.4299904086344537,0.0330148201140115
00201120_00,02011,1,T3,T1,0.3639966525106884,0.1842989482653236,0.2084120952583549,0.24329230396563314
00201120_01,02011,1,T1,T1,0.28170300947861115,0.2700413144352353,0.17584660336840413,0.27240907271774933
00201120_03,02011,1,T1,T4,0.18416827753772264,0.1452089797783223,0.2199679834817661,0.45065475920218895
00201120_05,02011,1,T3,T1,0.2833983151560704,0.26822968341202785,0.23452703746883524,0.2138449639630666
00201120_06,02011,1,T1,T3,0.15553824824475182,0.14514988524242903,0.6200720966674826,0.07923976984533648
00201120_08,02011,1,T3,T4,3.989634117779589e-08,0.2700550726516293,0.0004992343062427754,0.7294456531457868
00201120_13,02011,1,T1,T4,0.3699643585606499,0.09035087455907716,0.11949366169680505,0.4201911051834678
00201120_15,02011,1,T2,T3,0.004357943927478334,0.02168403437317514,0.9738755579676651,8.24637316814082e-05
00201214_00,02012,1,T3,T2,0.21100797029079457,0.35909747469111253,0.2943279436557516,0.1355666113623413
00201214_01,02012,1,T1,T1,0.36255446916276124,0.35554260896895956,0.13515343235934943,0.14674948950892977
00201214_03,02012,1,T2,T4,0.27853290678421394,0.12165649942025054,0.1449738145375424,0.4548367792579931
00201214_04,02012,1,T4,T2,0.2511021236238982,0.26939643463912977,0.2316231074885937,0.24787833424837827
00201214_06,02012,1,T4,T1,0.48403379113382233,0.18484556436906976,0.06321607123001728,0.2679045732670907
00201214_07,02012,1,T1,T4,0.2779758117333163,0.1193827978216022,0.11149751849354712,0.49114387195153436
00201214_08,02012,1,T1,T4,0.3634173517127014,0.13255104782947008,0.1006175605520112,0.4034140399058175
00201217_01,02012,1,T4,T1,0.5203807368297182,0.1805843662313812,0.044017819879102055,0.2550170770597986
00201217_03,02012,1,T2,T2,0.0777749592363238,0.46025303160961045,0.4346837486745109,0.027288260479554884
00201220_00,02012,1,T3,T4,0.1521443858556185,0.12482312549383444,0.29553764168610197,0.42749484696444495
00201220_01,02012,1,T1,T1,0.4113031727259521,0.27127326121075795,0.11825705461431926,0.19916651144897063
00201220_03,02012,1,T1,T4,0.3129475285756043,0.10280619986920364,0.1586057203750499,0.4256405511801422
00201220_05,02012,1,T3,T2,0.14430364065694393,0.46374383015751186,0.28530239700770976,0.1066501321778345
00201220_06,02012,1,T1,T1,0.44523494136359343,0.1923092582267165,0.07980930158699891,0.28264649882269105
00201220_08,02012,1,T3,T3,9.675935029742891e-08,5.947680859020809e-08,0.8877552845829282,0.11224455918091283
00201220_13,02012,1,T1,T4,0.3924708100894493,0.0874906921977021,0.11557526331097803,0.4044632344018705
00201220_15,02012,1,T2,T2,0.04965296244578788,0.757913708138749,0.18575239236908447,0.006680937046378586
00201314_00,02013,1,T3,T2,0.20476467192536202,0.33712762527298135,0.28230728320430126,0.17580041959735548
00201314_03,02013,1,T2,T1,0.3191000861444011,0.2156547154900248,0.195489905107096,0.2697552932584781
00201314_04,02013,1,T4,T1,0.4560307633040646,0.14807963563561238,0.13021169293210558,0.26567790812821745
00201314_06,02013,1,T4,T2,0.3117786596627416,0.3695648633445537,0.1397981359414714,0.17885834105123333
00201314_07,02013,1,T1,T4,0.3780532491404893,0.10619542146696186,0.08563766618400662,0.4301136632085422
00201317_01,02013,1,T4,T4,0.3898382212936697,0.08720597083182909,0.038690469525346556,0.4842653383491547
00201317_03,02013,1,T2,T1,0.5760897637746534,0.19580060200526989,0.17102073588141428,0.057088898338662354
00201320_00,02013,1,T3,T1,0.36573104202233164,0.12355736773459916,0.15884563762840936,0.3518659526146598
00201320_08,02013,1,T3,T3,0.029689574403092747,0.22740290474945657,0.7410926558547628,0.001814864992687878
00201320_15,02013,1,T2,T2,0.09020096415752638,0.8216968700260641,0.07926809189447319,0.008834073921936343
00201614_00,02016,1,T3,T1,0.4111901162872731,0.1297761261906436,0.09024330027564308,0.36879045724644005
00201614_01,02016,1,T1,T1,0.5265771816100207,0.18781959247921987,0.08917447403810774,0.1964287518726518
00201614_03,02016,1,T2,T2,0.20415396576380432,0.3691685924578868,0.32440140547462015,0.10227603630368858
00201614_04,02016,1,T4,T4,0.43199552214875897,0.06612994337737879,0.044691053975348574,0.4571834804985137
00201614_06,02016,1,T4,T4,0.36843669593935063,0.08636624929173366,0.056861731670794995,0.4883353230981207
00201614_07,02016,1,T1,T4,0.4101529430516823,0.07364380421279224,0.057568726152109236,0.458634526583416
00201617_01,02016,1,T4,T1,0.5600600232144752,0.046732819698497456,0.012810242530211706,0.3803969145568157
00201617_03,02016,1,T2,T2,0.21567761913109373,0.3775582012461731,0.3510918618370299,0.055672317785703355
00201620_00,02016,1,T3,T4,0.370207372714959,0.08607894763378168,0.08664764968379618,0.4570660299674632
00201620_01,02016,1,T1,T2,0.25403330207407976,0.42717056439610496,0.2239215206436802,0.09487461288613507
00201620_03,02016,1,T1,T4,0.44386231995074754,0.05437764513864604,0.053631683249383125,0.44812835166122345
00201620_05,02016,1,T3,T1,0.3800566647043107,0.2003910226574733,0.1654895335293737,0.2540627791088423
00201620_08,02016,1,T3,T2,0.17799226822688383,0.5482584013849874,0.2621708949242779,0.011578435463850864
00201620_13,02016,1,T1,T4,0.44261847918990777,0.055388116807156225,0.049450022399199024,0.45254338160373686
00201620_15,02016,1,T2,T2,6.442393206382384e-07,0.9907814101966103,0.009217944428595639,1.1354734487707158e-09
00201814_03,02018,1,T2,T2,0.38379569619229614,0.43414199927206076,0.15857021751550698,0.02349208702013595
00201814_04,02018,1,T4,T4,0.39229566398382,0.10309059374665165,0.05742616400315376,0.44718757826637473
00201814_06,02018,1,T4,T4,0.3153078165075681,0.15170885289566885,0.07603016340347526,0.45695316719328777
00201814_07,02018,1,T1,T1,0.47685843856854204,0.1348211303448105,0.06582289031594123,0.3224975407707062
00201814_08,02018,1,T1,T4,0.2888824988791479,0.10308092257249617,0.1226956684615538,0.4853409100868022
00201817_03,02018,1,T2,T2,0.2522565727664696,0.41937975415514306,0.2041632383645514,0.12420043471383597
00201820_00,02018,1,T3,T4,0.2574498341543486,0.15110211088440006,0.2051871142701184,0.38626094069113287
00201820_01,02018,1,T1,T1,0.47009932844877134,0.20780666474770118,0.12397268257098405,0.19812132423254336
00201820_08,02018,1,T3,T3,0.12250640353775961,0.16920244888103197,0.4452311349677224,0.263060012613486
00201820_13,02018,1,T1,T4,0.3396733424974229,0.10239448062313906,0.1268574328985487,0.43107474398088935
00201820_15,02018,1,T2,T2,0.27489208980685664,0.49229223420316537,0.14057787708477076,0.09223779890520727
00201914_03,02019,1,T2,T1,0.3622761068331613,0.1375555484583695,0.15913375581689107,0.34103458889157806
00201914_04,02019,1,T4,T3,0.1673072410522059,0.16577278870390255,0.39962026352430097,0.26729970671959047
00201914_06,02019,1,T4,T2,0.2100313820003164,0.416387712803614,0.21754712526665487,0.15603377992941472
00201914_07,02019,1,T1,T1,0.3234862393821886,0.2701170287828415,0.10772639078893737,0.2986703410460327
00201914_08,02019,1,T1,T4,0.04917583496034521,0.12756560577475637,0.1305211074738798,0.6927374517910186
00201917_01,02019,1,T4,T1,0.44787277589330904,0.19684035708542522,0.07196056957276845,0.28332629744849736
00201920_01,02019,1,T1,T3,0.08046834325555764,0.32346199654723784,0.5263602333523658,0.06970942684483873
00201920_03,02019,1,T1,T3,0.23786057777102118,0.2312471307831996,0.41497138810951084,0.11592090333626841
00201920_05,02019,1,T3,T2,0.15269231580639292,0.5934670620858248,0.2010237689241323,0.052816853183649905
00201920_08,02019,1,T3,T2,0.29430558188529127,0.4386018778729571,0.14698416616959423,0.1201083740721572
00201920_13,02019,1,T1,T3,0.3029612305298317,0.247237746543495,0.3483325931372556,0.10146842978941766
00202014_00,02020,1,T3,T1,0.32460783762099865,0.2572565424646087,0.16102789355982386,0.25710772635456874
00202014_01,02020,1,T1,T4,0.32662408413626176,0.11550929195078843,0.10044452018315321,0.45742210372979647
00202014_03,02020,1,T2,T1,0.35422427797614553,0.2713664336063731,0.18784745359112745,0.186561834826354
00202014_04,02020,1,T4,T4,0.24670115219950034,0.13509119110547893,0.15819481425938464,0.4600128424356361
00202014_06,02020,1,T4,T4,0.4178996382188017,0.04253743761189592,0.0320300569612351,0.5075328672080671
00202014_07,02020,1,T1,T1,0.4371665333782748,0.14759103744764726,0.09639834155467025,0.3188440876194077
00202014_08,02020,1,T1,T4,0.1467104471654722,0.3070743694044059,0.20133916329613485,0.3448760201339871
00202017_01,02020,1,T4,T4,0.32362129525120154,0.08743956314198303,0.03249711875563433,0.556442022851181
00202017_03,02020,1,T2,T3,0.058246111157558664,0.2901616243066136,0.44274992470995717,0.2088423398258707
00202020_00,02020,1,T3,T4,0.34331993364404734,0.12999524532085227,0.1524692284275576,0.37421559260754267
00202020_01,02020,1,T1,T1,0.41040701357982035,0.26742017582130395,0.1541764166723113,0.16799639392656449
00202020_05,02020,1,T3,T1,0.3856756913930998,0.24686419370525628,0.16850963434208444,0.19895048055955955
00202020_06,02020,1,T1,T1,0.4075475719939211,0.13872261372304437,0.12599528205571145,0.32773453222732307
00202020_08,02020,1,T3,T2,0.20885091359806002,0.3455986443562283,0.2379225746061761,0.20762786743953549
00202020_13,02020,1,T1,T4,0.4245172595100134,0.06359766190862005,0.06793423476177506,0.44395084381959155
00202020_15,02020,1,T2,T2,0.31936340741020197,0.437563151722005,0.13371750767362,0.10935593319417296
00202114_00,02021,1,T3,T2,0.20023714537326456,0.3918649433408864,0.26433160414880447,0.14356630713704474
00202114_01,02021,1,T1,T2,0.28542067277227917,0.357728218404549,0.2687685105368859,0.088082598286286
00202114_04,02021,1,T4,T3,0.2889817403583856,0.21586529349690134,0.2898144271964792,0.20533853894823387
00202114_06,02021,1,T4,T1,0.34622672995894727,0.27151008995658477,0.1657854160512395,0.21647776403322846
00202117_01,02021,1,T4,T1,0.4003894166248566,0.21268754022688832,0.0884524507932756,0.29847059235497947
00202120_00,02021,1,T3,T3,0.11314934914061675,0.2237044493759501,0.5905752710920985,0.07257093039133466
00202120_01,02021,1,T1,T1,0.30984201764614344,0.2887768500656155,0.28354090584172076,0.11784022644652027
00202120_03,02021,1,T1,T1,0.3042921124904649,0.15273565332991432,0.2772352754113157,0.26573695876830505
00202120_05,02021,1,T3,T2,0.04190626789168344,0.4728735242916216,0.47127960472921704,0.013940603087478092
00202120_15,02021,1,T2,T2,0.003174984031842152,0.7642741444026072,0.23238372284260253,0.0001671487229481498
00202214_00,02022,1,T3,T2,0.09031781334644935,0.8204321879701104,0.08245151484788424,0.006798483835555837
00202214_01,02022,1,T1,T3,6.226687139092613e-08,0.005004082275526313,0.9948328309017088,0.00016302455589336671
00202214_03,02022,1,T2,T2,0.1174147288556062,0.4989603290467962,0.36361079732814294,0.020014144769454623
00202214_04,02022,1,T4,T2,0.3549637710616658,0.37296193666119454,0.1271706559988976,0.144903636278242
00202214_06,02022,1,T4,T3,0.009293670822959843,0.00041887379638993257,0.9825841177840305,0.007703337596619627
00202214_07,02022,1,T1,T3,0.0008235558743963802,0.005607513866371808,0.9899019361381334,0.00366699412109844
00202214_08,02022,1,T1,T2,0.23400036594041015,0.377840920818553,0.25749127350331735,0.1306674397377194
00202217_01,02022,1,T4,T1,0.35135410800899153,0.32851146848180496,0.10566341593765184,0.21447100757155182
00202217_03,02022,1,T2,T2,0.1230096639025143,0.6275658577273813,0.23519117208350016,0.014233306286604247
00202220_00,02022,1,T3,T3,0.13974365657986204,0.27484856190068646,0.4649039728892954,0.12050380863015613
00202220_01,02022,1,T1,T2,0.15908496058563137,0.5846442405567736,0.22007716201859737,0.036193636838997616
00202220_03,02022,1,T1,T3,0.24147533001230156,0.19344897003071293,0.36023922072195774,0.2048364792350278
00202220_05,02022,1,T3,T2,0.2969509842511688,0.5198080987783817,0.12111839585105068,0.06212252111939876
00202220_06,02022,1,T1,T2,0.20932282111814385,0.49330963101625286,0.2164840179310935,0.08088352993450983
00202220_08,02022,1,T3,T3,0.11174588636428998,0.3033688534463791,0.5204396865065373,0.0644455736827936
00202220_13,02022,1,T1,T3,0.11361163423761765,0.20553098923301472,0.523028548617857,0.15782882791151068
00202220_15,02022,1,T2,T2,2.9090957044360835e-05,0.9110895896612219,0.057713207334880806,0.031168112046852863
00202401_01,02024,1,T2,T4,0.11506565015732652,0.10915255574907386,0.2661297629715122,0.5096520311220875
00202401_03,02024,1,T4,T4,0.3512644283585063,0.062329651931507336,0.07535702426686405,0.5110488954431223
00202401_05,02024,1,T1,T1,0.4126430012649035,0.18601392536769074,0.07396628202609534,0.32737679134131054
00202401_06,02024,1,T2,T3,0.12866138118485343,0.20732586718539783,0.4583695653164756,0.20564318631327314
00202401_07,02024,1,T4,T4,0.11037985894579724,0.0897788294345913,0.14928429156514075,0.6505570200544707
00202401_09,02024,1,T1,T1,0.43723957522568724,0.371482493980915,0.05110738145373142,0.14017054933966647
00202401_10,02024,1,T2,T3,0.2402486954372325,0.24392306225241037,0.2586940202442586,0.25713422206609854
00202407_02,02024,1,T4,T4,0.23223956958842534,0.05598097246584215,0.07135087092538901,0.6404285870203436
00202407_03,02024,1,T2,T1,0.3899931776449684,0.2965424517926914,0.06953667367164924,0.24392769689069085
00202407_04,02024,1,T4,T4,0.2733605904272247,0.14289908958085268,0.1815158328771614,0.40222448711476116
00202407_05,02024,1,T4,T4,0.27842989654261635,0.08789576265254327,0.04549913489924208,0.5881752059055985
00202407_06,02024,1,T1,T1,0.5225344088973909,0.21102139527646235,0.0298319733351196,0.2366122224910272
00202407_07,02024,1,T1,T1,0.3943485756668265,0.33507972769137784,0.10234473949787545,0.16822695714392025
00202408_00,02024,1,T2,T1,0.3502442328415212,0.19981559441257155,0.22678833413268135,0.2231518386132259
00202408_02,02024,1,T4,T4,0.11283162401926707,0.14100535354346957,0.16187858671088,0.5842844357263833
00202408_04,02024,1,T3,T1,0.6810093143331675,0.09435720869711302,0.020671076676577468,0.20396240029314203
00202408_05,02024,1,T4,T4,0.12915388800896452,0.08514293637205776,0.16956578381432974,0.616137391804648
00202408_07,02024,1,T2,T3,0.17196500526996064,0.19051070803479495,0.41539028497451885,0.22213400172072548
00202409_03,02024,1,T1,T1,0.46427118433355996,0.13302494938947365,0.1321437501755928,0.2705601161013735
00202409_10,02024,1,T4,T4,0.08840216379530412,0.07280804009750921,0.18027240275752365,0.6585173933496631
00202409_11,02024,1,T4,T4,0.18415522625938782,0.245825679332212,0.23498654277308548,0.33503255163531465
00202411_01,02024,1,T1,T4,0.30192842680614096,0.05847616437509433,0.08073147239759083,0.5588639364211738
00202411_06,02024,1,T2,T2,0.3042376116433715,0.46240977465675537,0.14762838940143272,0.08572422429844044
00202411_07,02024,1,T4,T4,0.10749268010792336,0.09078831853629718,0.07104028743689193,0.7306787139188875
00202411_08,02024,1,T3,T2,0.05090509470675252,0.3448488119710712,0.34342140635187013,0.2608246869703061
00202411_10,02024,1,T2,T4,0.18070372031145784,0.33020054648068164,0.14496876922870097,0.3441269639791595
00202411_11,02024,1,T4,T4,0.020036139826260162,0.023863041893421047,0.12697603566412058,0.8291247826161982
00202413_02,02024,1,T4,T4,0.38954985489767746,0.06199321755270623,0.06386971986787673,0.48458720768173963
00202413_03,02024,1,T4,T4,0.401865662773674,0.06378919023326936,0.07591968827924829,0.4584254587138085
00202413_06,02024,1,T1,T4,0.24162599989155104,0.08645625500673655,0.14494493087295712,0.5269728142287553
00202413_08,02024,1,T2,T3,0.19040594919178724,0.27858435206629434,0.34890498064991077,0.1821047180920077
00202413_09,02024,1,T4,T4,0.2030869724373575,0.07002599231218763,0.10829070559562866,0.6185963296548262
00202413_10,02024,1,T4,T4,0.011106577978522627,0.024597908169233792,0.16740259460607018,0.7968929192461733
00202418_01,02024,1,T4,T4,0.3332784150326703,0.08312373232904292,0.06873957113285592,0.5148582815054309
00202418_02,02024,1,T1,T1,0.6408895525471187,0.12642081217060716,0.014735520374246067,0.2179541149080281
00202418_03,02024,1,T1,T4,0.39865804812766237,0.07390680226171083,0.0857405962454115,0.4416945533652153
00202418_04,02024,1,T2,T2,0.30759895406862753,0.33108976711473936,0.19240696204370175,0.16890431677293138
00202418_06,02024,1,T1,T1,0.47182218372168033,0.25531362376806094,0.07816514588728832,0.19469904662297052
00202418_08,02024,1,T1,T1,0.44390427017189493,0.1523057501275439,0.08360041376634797,0.3201895659342131
00202418_10,02024,1,T2,T4,0.27302462725033266,0.26916827541082605,0.1191613967162839,0.33864570062255733
00202420_00,02024,1,T4,T1,0.481603302638876,0.0849269997629515,0.040387412468508396,0.39308228512966414
00202420_03,02024,1,T1,T4,0.2666131321904278,0.06726887086480687,0.08845441128393558,0.5776635856608298
00202420_05,02024,1,T4,T4,0.36210152295703174,0.06380969131145961,0.047814321348579526,0.5262744643829291
00202420_06,02024,1,T2,T1,0.40419513241191934,0.2919365050285468,0.05503368007648813,0.24883468248304585
00202420_08,02024,1,T4,T4,0.1448458693745912,0.12580861142792066,0.1539504710120437,0.5753950481854444
00202424_01,02024,1,T4,T4,0.01932909824935737,0.033506259432933734,0.16811565742385978,0.7790489848938491
00202424_03,02024,1,T1,T1,0.5345215267921027,0.25198718722406727,0.04124158902837019,0.17224969695545977
00202424_04,02024,1,T2,T4,0.1146334995764424,0.09811826491034265,0.2931569161743591,0.4940913193388559
00202426_00,02024,1,T4,T4,0.24772413677572316,0.06601629098379982,0.05530687619626677,0.6309526960442103
00202426_02,02024,1,T2,T3,0.11871462259673425,0.16912142669027064,0.4893805902210378,0.2227833604919574
00202426_03,02024,1,T4,T4,0.27080064636524614,0.047367262068490616,0.061215119804845584,0.6206169717614176
00202426_04,02024,1,T4,T4,0.06288908275885931,0.061636521024422984,0.10694878223682658,0.7685256139798912
00202426_05,02024,1,T1,T1,0.4504638548541353,0.1622476499174831,0.1100377833736353,0.2772507118547462
00202426_06,02024,1,T4,T4,0.009151171296833266,0.012061655856955792,0.06241315469456459,0.9163740181516462
00202426_07,02024,1,T1,T1,0.4566759200263845,0.3257950557693687,0.053090494013063164,0.16443853019118362
00202426_08,02024,1,T3,T4,1.1853628374619376e-06,0.39112151373246623,0.006315722875417297,0.6025615780292789
00202426_09,02024,1,T3,T4,0.019336575698665145,0.03732955643852556,0.22027426054130667,0.7230596073215025
00202426_10,02024,1,T4,T1,0.3886556542478755,0.36689843794712274,0.06348025010020719,0.1809656577047946
00202428_00,02024,1,T4,T4,0.1515541995923835,0.07511095955905137,0.08237305154153092,0.6909617893070342
00202428_01,02024,1,T2,T3,0.22173131910958402,0.2421646725922239,0.3281364561676179,0.2079675521305741
00202428_02,02024,1,T4,T4,0.06449701207093646,0.03856169622226754,0.09221618099335535,0.8047251107134406
00202428_03,02024,1,T2,T3,0.21320675817831336,0.2909774013776894,0.37113247594392657,0.12468336450007067
00202428_04,02024,1,T3,T4,0.10828338329629392,0.09349410662698363,0.24137861287807733,0.5568438971986451
00202428_05,02024,1,T4,T4,0.03685715934222837,0.028693002926741023,0.09306946424255418,0.8413803734884764
00202428_07,02024,1,T3,T3,0.0011737989488942362,0.04016384149550789,0.8865020000285561,0.07216035952704182
00202429_02,02024,1,T4,T4,0.04656731661581799,0.02283533634264268,0.07392897039542391,0.8566683766461153
00202429_03,02024,1,T3,T3,0.13641428193874333,0.3060778387849552,0.4139142895500453,0.14359358972625616
00202429_04,02024,1,T1,T4,0.3652101969619342,0.12006483409563724,0.05131313167777442,0.46341183726465407
00202429_05,02024,1,T1,T4,0.3526143357239273,0.14673694602039108,0.07145010297577958,0.42919861527990205
00202429_07,02024,1,T2,T1,0.5021820991682866,0.3259235907413047,0.051325826364280604,0.12056848372612805
00202429_08,02024,1,T3,T4,1.417876755047724e-08,1.4437467663100075e-05,0.0022711722147902135,0.9977143761387791
00202429_10,02024,1,T4,T4,0.19139028953947615,0.1151221891096723,0.08076276722958607,0.6127247541212655
00202801_01,02028,1,T2,T3,0.2536358454941961,0.22672963011434352,0.3200036608513364,0.1996308635401239
00202801_05,02028,1,T1,T1,0.3264215507669799,0.2302411838608045,0.2011680333601041,0.24216923201211157
00202801_06,02028,1,T2,T2,0.0967648431978898,0.5668665735503291,0.3023467879265445,0.034021795325236616
00202801_07,02028,1,T4,T3,0.03920032345477192,0.13191467773990614,0.5405657355496196,0.28831926325570234
00202801_10,02028,1,T2,T2,0.296880703583983,0.2983515585370016,0.2583601655091832,0.14640757236983204
00202807_06,02028,1,T1,T1,0.37032606317944744,0.28480143676146724,0.08906082938751146,0.25581167067157384
00202808_00,02028,1,T2,T1,0.32644579249519234,0.18163879952090747,0.24724913474844656,0.24466627323545356
00202808_02,02028,1,T4,T2,0.10962703397138339,0.3913839910103685,0.34505924613687367,0.1539297288813744
00202808_05,02028,1,T4,T3,0.04394593380554468,0.17253651096767894,0.612933350283201,0.17058420494357543
00202808_07,02028,1,T2,T2,0.1787053080952536,0.4837334116008938,0.2957467000241831,0.04181458027966955
00202809_03,02028,1,T1,T1,0.42359441597493036,0.1154816020485743,0.19436456948750871,0.2665594124889866
00202809_10,02028,1,T4,T3,0.18205687493670294,0.3804262663341336,0.384767151161258,0.05274970756790547
00202809_11,02028,1,T4,T3,0.07210033468905998,0.17025184370257956,0.443564369512888,0.3140834520954725
00202811_01,02028,1,T1,T3,0.15877887378597638,0.21232766843303366,0.36115576907144487,0.2677376887095449
00202811_07,02028,1,T4,T2,0.3637891638739279,0.39224496668250797,0.09183937231688344,0.1521264971266809
00202811_08,02028,1,T3,T3,0.0696950613954436,0.19941939099374095,0.4363296660727945,0.294555881538021
00202813_06,02028,1,T1,T4,0.2677719513739527,0.13891876200632616,0.19257612318945433,0.4007331634302669
00202813_10,02028,1,T4,T4,0.0955040460627581,0.22112000021022032,0.3023330614377588,0.3810428922892628
00202818_01,02028,1,T4,T3,0.1904995566163184,0.24147119460994987,0.40366250117867863,0.16436674759505315
00202818_02,02028,1,T1,T2,0.23823407036653887,0.334645821757708,0.14554390725839111,0.2815762006173621
00202818_03,02028,1,T1,T3,0.2936583466398079,0.16440048757839962,0.30998675111288354,0.23195441466890906
00202818_04,02028,1,T2,T1,0.31802098325148187,0.18325714398354745,0.22958878782007391,0.2691330849448967
00202818_06,02028,1,T1,T1,0.4109441184679957,0.27278945067917565,0.12621342830800175,0.19005300254482677
00202818_08,02028,1,T1,T4,0.18727816648849915,0.22381771535810208,0.19719277760149523,0.3917113405519036
00202818_10,02028,1,T2,T2,0.1645662167646662,0.48297107898423575,0.24425485667439475,0.10820784757670336
00202820_00,02028,1,T4,T1,0.46795041345087346,0.20094933382665028,0.06311067029542161,0.26798958242705456
00202820_03,02028,1,T1,T3,0.27199134130714675,0.1835227755122271,0.31610214363262196,0.2283837395480042
00202820_05,02028,1,T4,T1,0.4015875300687735,0.25137456492054566,0.06344366058186302,0.28359424442881787
00202820_08,02028,1,T4,T1,0.34834037253014605,0.2525413035859765,0.17922302208988655,0.21989530179399097
00202824_03,02028,1,T1,T2,0.31396367297114325,0.3579111161844302,0.13618227247951964,0.19194293836490692
00202824_04,02028,1,T2,T2,0.23202515281045766,0.33296069226344005,0.21374625788296567,0.2212678970431365
00202826_00,02028,1,T4,T2,0.27730757288332647,0.2808819241545807,0.1716881216230837,0.2701223813390091
00202826_02,02028,1,T2,T4,0.07102630455916567,0.045891817261878784,0.33801205996846895,0.5450698182104866
00202826_04,02028,1,T4,T3,0.017969228833446933,0.07584326378286406,0.5015645896513726,0.40462291773231635
00202826_05,02028,1,T1,T4,0.1404638362971006,0.18853412495788843,0.2952191151825465,0.37578292356246457
00202826_06,02028,1,T4,T3,0.21058531538266992,0.23911197407564305,0.3891432133448171,0.16115949719686987
00202826_07,02028,1,T1,T4,0.1480784998753771,0.26924113410719847,0.24357301169592976,0.3391073543214947
00202826_08,02028,1,T3,T2,0.24280426423422413,0.3310965712268929,0.2866909082587748,0.1394082562801083
00202826_09,02028,1,T3,T3,0.2255475730948512,0.2490454821413905,0.3653313692621202,0.16007557550163815
00202826_10,02028,1,T4,T2,0.13678121343217012,0.6016494705847796,0.07350798515066062,0.18806133083238966
00202828_00,02028,1,T4,T1,0.3029629812242102,0.2949887836155988,0.16799479633814382,0.23405343882204718
00202828_01,02028,1,T2,T1,0.3393273145824489,0.17530945180893887,0.2508730489327905,0.2344901846758217
00202828_03,02028,1,T2,T2,0.1826027048055597,0.4562840791680723,0.3180324721486111,0.04308074387775697
00202828_04,02028,1,T3,T3,0.1454386849160181,0.17382551232915813,0.38930968554630047,0.29142611720852324
00202828_05,02028,1,T4,T4,0.20942530721009275,0.11725627657201702,0.26608977508549053,0.4072286411323997
00202828_07,02028,1,T3,T2,0.3066904803986471,0.32301110444856057,0.1687225058062332,0.20157590934655917
00202829_02,02028,1,T4,T3,0.20487462155365121,0.33140375286624024,0.3428175302061511,0.12090409537395759
00202829_03,02028,1,T3,T4,0.16194195708811518,0.28443098355774915,0.20518844752889281,0.3484386118252427
00202829_04,02028,1,T1,T2,0.23647533699588943,0.4553021772607236,0.22593252724249677,0.08228995850089021
00202829_05,02028,1,T1,T2,0.2750248980402729,0.3359397524616533,0.13741190922135957,0.25162344027671424
00202829_08,02028,1,T3,T3,0.03507328163758421,0.11277826607916674,0.582390647747271,0.26975780453597803
00202829_10,02028,1,T4,T2,0.2239439640918613,0.26221181101721014,0.25654327378383235,0.25730095110709617
00202901_01,02029,1,T2,T2,0.21058598408693024,0.38411834250877397,0.2738568425484947,0.1314388308558012
00202901_03,02029,1,T4,T1,0.29458590497736464,0.18989312708158118,0.258119039412937,0.2574019285281171
00202901_05,02029,1,T1,T1,0.26679085790168255,0.25113278588474586,0.24362005799917716,0.23845629821439446
00202901_06,02029,1,T2,T2,0.18868139739784426,0.4294974784991288,0.3024063195756872,0.0794148045273398
00202901_07,02029,1,T4,T3,0.17558117836319997,0.25536921033123394,0.3470484268082708,0.22200118449729542
00202901_10,02029,1,T2,T3,0.13325155100989175,0.32049243918018244,0.442695648721752,0.10356036108817383
00202907_02,02029,1,T4,T4,0.26109223890314,0.15328364245360868,0.24053739811846706,0.3450867205247843
00202907_03,02029,1,T2,T2,0.26609757501751485,0.4215453129558819,0.12856892597164846,0.18378818605495478
00202907_04,02029,1,T4,T3,0.07424895046629205,0.2132654329028802,0.5879576195247095,0.12452799710611828
00202907_05,02029,1,T4,T3,0.20994682630476127,0.17300491404839333,0.3183422179018077,0.29870604174503773
00202907_06,02029,1,T1,T2,0.2701795601901158,0.44353670607764784,0.1673714525432596,0.11891228118897666
00202907_07,02029,1,T1,T2,0.22039876980305476,0.35931924854780517,0.20109141454923818,0.21919056709990203
00202908_00,02029,1,T2,T2,0.2602697806351641,0.3196172964863478,0.317036845800685,0.103076077077803
00202908_02,02029,1,T4,T1,0.3982107692557621,0.23840798680560918,0.14278969986111373,0.2205915440775149
00202908_04,02029,1,T3,T2,0.11827969691527616,0.46793278813712125,0.3438313114282759,0.06995620351932666
00202908_05,02029,1,T4,T4,0.0687971962857008,0.08677567909842669,0.39487773396903947,0.449549390646833
00202908_07,02029,1,T2,T2,0.12823136811326,0.5506611294357651,0.293294303439694,0.027813199011280987
00202909_10,02029,1,T4,T3,0.2454066079232856,0.24726848557817913,0.3227986527268913,0.18452625377164394
00202909_11,02029,1,T4,T3,0.03961741626789974,0.11635684799181288,0.45992474048693666,0.3841009952533507
00202911_01,02029,1,T1,T3,0.10206010638027814,0.22393597587208527,0.5987954952240605,0.07520842252357615
00202911_06,02029,1,T2,T1,0.3923659755313855,0.26002777481600176,0.07486399412422702,0.27274225552838566
00202911_07,02029,1,T4,T2,0.17500261052447288,0.3802230657013944,0.24655559288313364,0.19821873089099923
00202911_08,02029,1,T3,T2,0.1610282433639424,0.3998519896779645,0.34467735686259693,0.09444241009549616
00202911_10,02029,1,T2,T1,0.3949722276668325,0.31804794267655784,0.0972174450128481,0.18976238464376155
00202911_11,02029,1,T4,T4,0.0680260896529752,0.11998142396319712,0.3993887930013265,0.41260369338250114
00202913_02,02029,1,T4,T3,0.21593843310388813,0.2826426405806786,0.3375217875407718,0.16389713877466153
00202913_03,02029,1,T4,T3,0.2791982721830789,0.20349779081500596,0.2932186456025792,0.22408529139933586
00202913_06,02029,1,T1,T3,0.19881769475813663,0.2194860019231216,0.37781002887147813,0.2038862744472637
00202913_08,02029,1,T2,T2,0.00028565764654993846,0.6094808741370142,0.3855379415776161,0.004695526638819754
00202913_09,02029,1,T4,T1,0.34562555511411924,0.14770540963236292,0.1848034102153281,0.32186562503818966
00202913_10,02029,1,T4,T4,0.003899685763459278,0.0048432988760111866,0.41508164893458793,0.5761753664259416
00202918_01,02029,1,T4,T1,0.32534435495856356,0.19776856848991362,0.2406608479508844,0.2362262286006384
00202918_02,02029,1,T1,T1,0.4081559689903818,0.3095217711754685,0.11158106059506571,0.1707411992390839
00202918_03,02029,1,T1,T4,0.28311267861324335,0.15752307850607308,0.25899026218260207,0.30037398069808163
00202918_04,02029,1,T2,T2,0.227256958714347,0.40430400869121114,0.2951270593527843,0.07331197324165752
00202918_06,02029,1,T1,T2,0.20886557552980226,0.4257009025984569,0.21336791465789617,0.15206560721384463
00202918_08,02029,1,T1,T1,0.3601887107978307,0.2700714251821412,0.15940541369339845,0.2103344503266297
00202918_10,02029,1,T2,T3,0.03826470750787873,0.3070879795624283,0.52527393231979,0.12937338060990297
00202920_00,02029,1,T4,T1,0.4936811205373497,0.20668684529128895,0.07755871982306572,0.22207331434829566
00202920_03,02029,1,T1,T3,0.035204105086615964,0.10999060050091841,0.49621748114293274,0.3585878132695329
00202920_05,02029,1,T4,T1,0.32761918645490223,0.18442663654862898,0.17310379445394786,0.31485038254252096
00202920_06,02029,1,T2,T2,0.2950213066591704,0.38623730402330914,0.18664040427650547,0.13210098504101497
00202920_08,02029,1,T4,T3,0.10686227889776412,0.30582894154129514,0.41175233999095767,0.17555643956998293
00202924_01,02029,1,T4,T4,0.017059845534188118,0.016062578730354347,0.1357842884853825,0.8310932872500751
00202924_03,02029,1,T1,T2,0.3201306419739311,0.36500493566010156,0.1492834533615985,0.16558096900436867
00202924_04,02029,1,T2,T2,0.25849409915584926,0.36947254124837026,0.22971114581516638,0.14232221378061413
00202926_00,02029,1,T4,T1,0.4772268990693394,0.16282733744382877,0.08012641283316752,0.27981935065366426
00202926_02,02029,1,T2,T3,0.211307925687205,0.3298401037206816,0.35212783670686854,0.10672413388524479
00202926_03,02029,1,T4,T4,0.27757462928899573,0.13542961421880795,0.23693449473774636,0.3500612617544499
00202926_04,02029,1,T4,T2,0.013873319530683489,0.7543690202189334,0.008421340668775944,0.22333631958160718
00202926_05,02029,1,T1,T2,0.30100791631942536,0.3688224645000055,0.2165534692369125,0.1136161499436568
00202926_06,02029,1,T4,T4,0.0631985140353256,0.0507085548252058,0.2958552934850093,0.5902376376544592
00202926_07,02029,1,T1,T1,0.4155396742696457,0.282901779135743,0.1340229159247883,0.16753563066982302
00202926_08,02029,1,T3,T2,0.15563689588654958,0.5569151322833923,0.22483660973588954,0.06261136209416865
00202926_09,02029,1,T3,T3,0.061301065241260555,0.17149896085938957,0.6089809049293428,0.15821906897000718
00202926_10,02029,1,T4,T1,0.4832759038497934,0.24583243112012224,0.06232121784107591,0.2085704471890084
00202928_00,02029,1,T4,T1,0.44562539442043314,0.1416303218994427,0.08184639982308248,0.33089788385704166
00202928_01,02029,1,T2,T2,0.1217944972906079,0.5831301193060588,0.254043249880231,0.04103213352310233
00202928_02,02029,1,T4,T4,0.008670180334533711,0.005169697881017252,0.06946815625613287,0.9166919655283161
00202928_03,02029,1,T2,T2,0.10403423075335037,0.6149058755477602,0.26807396329757893,0.012985930401310448
00202928_04,02029,1,T3,T3,0.2626995014113554,0.237026178941803,0.31445668853659403,0.18581763111024752
00202928_05,02029,1,T4,T1,0.3482363053478354,0.20833201428134634,0.26362365493995643,0.17980802543086183
00202928_07,02029,1,T3,T3,0.20415388195338313,0.3396570320765225,0.3509114171557382,0.10527766881435623
00202929_02,02029,1,T4,T4,0.20936575994986922,0.13932442148361282,0.25784818942002957,0.39346162914648825
00202929_03,02029,1,T3,T3,0.11378653193812614,0.37496106212602076,0.3830413182372053,0.12821108769864786
00202929_04,02029,1,T1,T3,0.2847086683340198,0.20019882410781156,0.2862507515441255,0.22884175601404308
00202929_05,02029,1,T1,T2,0.310269309221616,0.31669496502612104,0.14342383040602122,0.22961189534624168
00202929_07,02029,1,T2,T2,0.041256200882003796,0.8302573474031685,0.11962218791293672,0.008864263801890902
00202929_08,02029,1,T3,T2,0.054735325962506035,0.6903808568127034,0.20920972108743052,0.04567409613735983
00202929_10,02029,1,T4,T1,0.337699798364273,0.1878834335622102,0.14104874050480948,0.33336802756870726
00203001_01,02030,1,T2,T4,0.31311688361897505,0.13155248165980357,0.22605765880565884,0.3292729759155626
00203001_03,02030,1,T4,T4,0.2689664005692687,0.13860994402726498,0.25199782424331985,0.3404258311601465
00203001_05,02030,1,T1,T2,0.20894930710136886,0.3957966733953117,0.24250259589402492,0.1527514236092944
00203001_06,02030,1,T2,T2,0.1554090639051886,0.4851968294020639,0.29537258191181587,0.06402152478093172
00203001_07,02030,1,T4,T3,0.06491497488216044,0.35477418022555096,0.4212172899054358,0.15909355498685288
00203001_09,02030,1,T1,T2,0.1654141343087851,0.475428710180833,0.2601581528901244,0.09899900262025743
00203001_10,02030,1,T2,T3,0.21251673638536295,0.1968021052216875,0.33259044446697106,0.25809071392597854
00203007_02,02030,1,T4,T1,0.3527211650546728,0.267964995757444,0.17463874403546034,0.20467509515242288
00203007_03,02030,1,T2,T2,0.0980780413597707,0.3431435832599044,0.32821790392412886,0.23056047145619596
00203007_04,02030,1,T4,T3,0.12111618501436053,0.1606151426325575,0.4400781380488012,0.27819053430428076
00203007_06,02030,1,T1,T1,0.48304167924713937,0.24751604744588263,0.09248398421910167,0.1769582890878763
00203007_07,02030,1,T1,T3,0.007878825226603459,0.09943570829634556,0.6819586448763252,0.21072682160072564
00203008_00,02030,1,T2,T2,0.3084048931226459,0.3927315617384549,0.21645770887693652,0.08240583626196274
00203008_07,02030,1,T2,T2,0.11675220425722575,0.6757228227697425,0.19119920939617718,0.01632576357685449
00203011_01,02030,1,T1,T3,0.24464330991449676,0.17115237874758435,0.3982925094987388,0.18591180183918005
00203011_07,02030,1,T4,T1,0.3986260563504579,0.3546252443243881,0.05581808345947581,0.1909306158656784
00203011_08,02030,1,T3,T3,0.15898787101080575,0.28329447448047324,0.4583034906874329,0.09941416382128819
00203013_02,02030,1,T4,T1,0.308294858808568,0.14916718774608936,0.26957879762139414,0.27295915582394853
00203013_03,02030,1,T4,T3,0.11030314007779647,0.18616889350247856,0.4878157439765792,0.21571222244314578
00203013_06,02030,1,T1,T4,0.2733417473959836,0.14285819166680624,0.1814980164927681,0.40230204444444206
00203013_08,02030,1,T2,T2,0.15449949868339743,0.4966757824992306,0.3217369531037381,0.02708776571363394
00203013_10,02030,1,T4,T4,0.0002475928181522329,0.0020348993169687648,0.00031504273284405543,0.9974024651320349
00203018_01,02030,1,T4,T4,0.1063631404062032,0.08510607001239649,0.19921548544821618,0.6093153041331841
00203018_02,02030,1,T1,T1,0.4618349636849287,0.35360400657839564,0.0859845598486632,0.09857646988801248
00203018_03,02030,1,T1,T1,0.3699397425780197,0.15700628955094142,0.23212162872056527,0.2409323391504735
00203018_04,02030,1,T2,T2,6.975484134458267e-07,0.5510125688041351,0.003982655976436164,0.4450040776710153
00203018_06,02030,1,T1,T2,0.2479480847552569,0.39723939072355874,0.22854400306911324,0.12626852145207115
00203018_08,02030,1,T1,T4,0.050339562185376344,0.13177483442541948,0.3031810624716563,0.5147045409175478
00203020_00,02030,1,T4,T1,0.31776010640516417,0.23263092556266904,0.2001189551840522,0.24949001284811473
00203020_03,02030,1,T1,T4,0.27337942663585346,0.14293999495681922,0.1815336456174519,0.4021469327898754
00203020_08,02030,1,T4,T3,0.07625044501433323,0.21855656814004001,0.4339507386508385,0.27124224819478826
00203024_01,02030,1,T4,T3,0.12274377256361965,0.18359817130966422,0.5186558326165367,0.17500222351017944
00203024_03,02030,1,T1,T3,0.16659818269454496,0.3147646396039152,0.39236037473134955,0.1262768029701903
00203024_04,02030,1,T2,T4,0.2891945485966764,0.16881392499493247,0.2407980188591988,0.3011935075491923
00203026_00,02030,1,T4,T2,0.13409359105029378,0.48362371477138205,0.1730528550646592,0.20922983911366494
00203026_02,02030,1,T2,T2,0.2224556174310556,0.5434933990958484,0.21366706757448603,0.02038391589860992
00203026_04,02030,1,T4,T3,0.02385460751526756,0.1663048916589781,0.5181318183127103,0.29170868251304405
00203026_05,02030,1,T1,T3,0.259715800173064,0.2528837385412737,0.32730777729704497,0.1600926839886173
00203026_06,02030,1,T4,T3,0.007717119678541207,0.16643383169272624,0.4571626561032021,0.36868639252553054
00203026_07,02030,1,T1,T2,0.09184176391461586,0.5938896761532318,0.2503345905390776,0.06393396939307466
00203026_08,02030,1,T3,T4,0.08918227411793965,0.12394635504605972,0.2953369981808452,0.4915343726551555
00203026_09,02030,1,T3,T3,0.20035470383599152,0.20269451342439365,0.44616405422718053,0.15078672851243413
00203026_10,02030,1,T4,T4,0.22468907557947884,0.2895528568969216,0.1331046207860032,0.3526534467375963
00203028_00,02030,1,T4,T4,0.12116666610185967,0.16578933756184366,0.3486403403807455,0.36440365595555124
00203028_01,02030,1,T2,T3,0.008817106673641634,0.0008642226451603154,0.9694855110075812,0.02083315967361677
00203028_02,02030,1,T4,T4,0.01204760186734946,0.028267223515882497,0.39043995249976565,0.5692452221170023
00203028_03,02030,1,T2,T2,0.11204139130500254,0.797663202014591,0.08413338762141662,0.006162019058989808
00203028_04,02030,1,T3,T3,0.06832913624045116,0.139163816076976,0.6633219966303884,0.12918505105218445
00203028_05,02030,1,T4,T2,0.1824634730741533,0.3532613021700705,0.29551279383386014,0.16876243092191603
00203029_02,02030,1,T4,T3,0.12548561714079218,0.2126350067163288,0.5305385085784705,0.13134086756440844
00203029_03,02030,1,T3,T2,0.18762676545456583,0.6443797712980075,0.15569690852494797,0.012296554722478677
00203029_04,02030,1,T1,T2,0.2651156422562306,0.31921698885416266,0.17152962664425755,0.2441377422453493
00203029_05,02030,1,T1,T1,0.401719261627475,0.3332249642304315,0.055724351677485226,0.20933142246460815
00203029_07,02030,1,T2,T3,0.031664470698446905,0.20006402890726208,0.46836380869438055,0.2999076916999104
00203029_08,02030,1,T3,T3,0.038958891401122867,0.11451807440123131,0.6833493033925734,0.16317373080507236
00203029_10,02030,1,T4,T2,0.125215489582513,0.5783777037673589,0.23186544019428976,0.06454136645583836
00203101_01,02031,1,T2,T1,0.42908552505605235,0.19944663072586796,0.04621054674142526,0.32525729747665444
00203101_03,02031,1,T4,T4,0.42968975469770004,0.04331362946281711,0.04094201473472525,0.48605460110475757
00203101_05,02031,1,T1,T1,0.43838006042183475,0.19929907435021216,0.055903498827031266,0.3064173664009218
00203101_06,02031,1,T2,T1,0.4433263880330777,0.23310506313475798,0.1526241069139708,0.17094444191819333
00203101_07,02031,1,T4,T1,0.4288625186739914,0.25252160724740413,0.1250189744012447,0.19359689967735988
00203101_09,02031,1,T1,T1,0.512692292162956,0.2226853111311634,0.049338281455785074,0.21528411525009541
00203101_10,02031,1,T2,T1,0.3446808510502549,0.24244100890069367,0.07479023328655662,0.3380879067624949
00203107_02,02031,1,T4,T1,0.43007788144717013,0.24886044441804167,0.049103684336889754,0.27195798979789854
00203107_03,02031,1,T2,T4,0.38622137187598765,0.11776802712347312,0.03479790305465065,0.46121269794588865
00203107_04,02031,1,T4,T1,0.5055246628844685,0.07257326582624356,0.06936972956973964,0.35253234171954834
00203107_05,02031,1,T4,T4,0.2771279556768236,0.15422172524272457,0.15559601812981574,0.413054300950636
00203107_06,02031,1,T1,T1,0.43007788144717013,0.24886044441804167,0.049103684336889754,0.27195798979789854
00203107_07,02031,1,T1,T2,0.35536678355642365,0.5225972065683031,0.06507415940630643,0.05696185046896694
00203108_00,02031,1,T2,T1,0.446033560798243,0.11841935846496499,0.10304056956892124,0.33250651116787067
00203108_02,02031,1,T4,T1,0.47014028068669506,0.1139753712244385,0.041237349002181026,0.3746469990866854
00203108_04,02031,1,T3,T1,0.4221777638158448,0.1409213177072809,0.09957024476796801,0.3373306737089063
00203108_05,02031,1,T4,T1,0.3318821509716712,0.16385707398089228,0.17444030154067314,0.32982047350676336
00203108_07,02031,1,T2,T4,0.3487136580055741,0.10459600440281232,0.08917138689785199,0.4575189506937615
00203109_03,02031,1,T1,T4,0.3557625517704378,0.08364320091127529,0.11073149416357267,0.44986275315471425
00203109_10,02031,1,T4,T1,0.4086378781274741,0.1773389960621797,0.12370405568097345,0.29031907012937264
00203109_11,02031,1,T4,T4,0.3043538092073867,0.18565212670140482,0.13838143026586913,0.3716126338253394
00203111_01,02031,1,T1,T4,0.3046313949830441,0.10764205726803823,0.14481403162315468,0.44291251612576304
00203111_06,02031,1,T2,T1,0.430686764327279,0.22309233950440455,0.0477423990502757,0.2984784971180409
00203111_07,02031,1,T4,T1,0.5140703058251521,0.26083386462948327,0.03490207154037721,0.19019375800498742
00203111_08,02031,1,T3,T1,0.4248088676830902,0.19260069413634479,0.1539069139718987,0.22868352420866644
00203111_10,02031,1,T2,T1,0.41084106826866423,0.21045595497595937,0.06365045066646219,0.3150525260889142
00203111_11,02031,1,T4,T4,0.2343610253282958,0.09882502520831257,0.10630362194296347,0.5605103275204282
00203113_02,02031,1,T4,T4,0.4035304025103449,0.05608543083032638,0.05551549341327432,0.4848686732460544
00203113_03,02031,1,T4,T4,0.18416426816765327,0.11385808769216385,0.2054949322667803,0.49648271187340265
00203113_06,02031,1,T1,T4,0.30465446549829406,0.10768723168733113,0.14483828051731204,0.44282002229706285
00203113_08,02031,1,T2,T4,0.3273454264421298,0.1435806609068658,0.14707134295036436,0.38200256970064
00203113_10,02031,1,T4,T1,0.29912190595325777,0.2689456928569898,0.15225839028955182,0.2796740109002005
00203118_01,02031,1,T4,T4,0.32587300573116074,0.08942515768531151,0.12129691301805079,0.463404923565477
00203118_02,02031,1,T1,T1,0.430066929952052,0.24902530568182743,0.04911144064553281,0.27179632372058776
00203118_03,02031,1,T1,T4,0.4124744949688565,0.07576716050624725,0.0909178196634447,0.4208405248614516
00203118_04,02031,1,T2,T1,0.5721694545773037,0.12406500816754339,0.07056028687058244,0.23320525038457046
00203118_06,02031,1,T1,T1,0.5059306221977806,0.16411990758190448,0.04197006887667199,0.28797940134364286
00203118_08,02031,1,T1,T1,0.4867218062982467,0.2681766477343314,0.05445028815465362,0.19065125781276834
00203118_10,02031,1,T2,T1,0.5579753957009255,0.14765493275335131,0.025473927719876516,0.2688957438258467
00203120_00,02031,1,T4,T4,0.005909869794360459,0.00048028748793457494,0.18624220509633785,0.807367637621367
00203120_03,02031,1,T1,T4,0.3047005714739239,0.10777762315570577,0.14488677132639324,0.442635034043977
00203120_06,02031,1,T2,T1,0.5367829501279368,0.054977105249030565,0.011773839183786645,0.3964661054392461
00203120_08,02031,1,T4,T4,0.3151365638740443,0.15053409727560413,0.10248370044956506,0.4318456384007865
00203124_01,02031,1,T4,T4,0.3709574628321423,0.1670482549790018,0.08410470795494517,0.3778895742339107
00203124_03,02031,1,T1,T1,0.4782908897348253,0.17658574821038017,0.04391822484730092,0.30120513720749353
00203124_04,02031,1,T2,T4,0.28246906861827564,0.21022639245943534,0.09927749592683344,0.40802704299545567
00203126_00,02031,1,T4,T1,0.4368009893256847,0.1065171785467077,0.041600162090811764,0.4150816700367958
00203126_02,02031,1,T2,T1,0.373464006330773,0.13052687865102144,0.13721186345818656,0.358797251560019
00203126_03,02031,1,T4,T1,0.42367267415840526,0.07797691340477517,0.08489529270256709,0.4134551197342524
00203126_04,02031,1,T4,T4,0.2729398228404485,0.1576710442524855,0.1290766055630213,0.4403125273440446
00203126_05,02031,1,T1,T1,0.3960369979473236,0.19573357595662524,0.11929200421281283,0.28893742188323834
00203126_06,02031,1,T4,T4,0.16561594026949203,0.09888437846371802,0.13314451580274833,0.6023551654640416
00203126_09,02031,1,T3,T1,0.4172499889288314,0.12639290386209043,0.12482298272399213,0.33153412448508596
00203126_10,02031,1,T4,T1,0.5267142124910045,0.06406368136989804,0.014479868915512749,0.3947422372235848
00203128_00,02031,1,T4,T1,0.5316125436633682,0.08001353248800817,0.017052173255865968,0.37132175059275757
00203128_01,02031,1,T2,T4,0.19135135051296084,0.10261786767990044,0.18985148468754534,0.5161792971195934
00203128_03,02031,1,T2,T1,0.42802414902348873,0.12902042401512018,0.08889497222226825,0.3540604547391227
00203128_04,02031,1,T3,T4,0.34237756355904164,0.06257866311214647,0.06471819623201047,0.5303255770968015
00203128_05,02031,1,T4,T4,0.23385993805439625,0.14137912948058928,0.170646964404498,0.4541139680605165
00203129_02,02031,1,T4,T1,0.38975116060529336,0.24153056958193356,0.13719373480945887,0.2315245350033142
00203129_03,02031,1,T3,T4,0.2630618020162047,0.21026484020355904,0.14280919230826467,0.38386416547197166
00203129_04,02031,1,T1,T1,0.43113993099754727,0.16091954929796823,0.036110264548476205,0.3718302551560083
00203129_05,02031,1,T1,T4,0.42882867218660614,0.089389116890455,0.0325218842889636,0.4492603266339753
00203129_07,02031,1,T2,T1,0.344742635733349,0.2646058289532604,0.1315203605642642,0.25913117474912634
00203129_08,02031,1,T3,T1,0.3299803686969194,0.2874945617814337,0.24497265234772408,0.13755241717392283
00203129_10,02031,1,T4,T1,0.4289543876721623,0.1939466908381873,0.128714770618081,0.24838415087156926
00203301_01,02033,1,T2,T2,0.17760764206347956,0.29329908386316655,0.28587559716999006,0.24321767690336374
00203301_03,02033,1,T4,T4,0.3921340479214108,0.0878417575628271,0.09574311561923504,0.42428107889652705
00203301_05,02033,1,T1,T1,0.4658897509668677,0.20183956556274174,0.07150847051610673,0.26076221295428376
00203301_06,02033,1,T2,T3,0.2432488231249347,0.29306709149230836,0.3184181510388067,0.14526593434395033
00203301_07,02033,1,T4,T4,0.1156932581087072,0.18650873701230483,0.25592351936572183,0.4418744855132662
00203301_09,02033,1,T1,T1,0.40609283392784346,0.19328104247797215,0.10647773547090329,0.29414838812328103
00203301_10,02033,1,T2,T1,0.3699946623612727,0.3048277232302597,0.12078340962197293,0.20439420478649464
00203307_02,02033,1,T4,T4,0.3960445590995237,0.0942765539308655,0.10000381026960828,0.40967507670000247
00203307_03,02033,1,T2,T2,0.29500446440323136,0.31880196933227634,0.11727821352553251,0.2689153527389597
00203307_04,02033,1,T4,T4,0.10864436834769291,0.10552244410121521,0.15437247739296173,0.6314607101581301
00203307_05,02033,1,T4,T1,0.3948806417871299,0.105874843499627,0.12951504474822015,0.369729469965023
00203307_06,02033,1,T1,T1,0.41976160143133134,0.3357484810400841,0.06692362882665245,0.17756628870193203
00203307_07,02033,1,T1,T1,0.47128480088769437,0.2758647469234548,0.081257385441911,0.17159306674693986
00203308_00,02033,1,T2,T1,0.3553893120705628,0.24719997208718777,0.23006443513888586,0.16734628070336371
00203308_02,02033,1,T4,T4,0.2848564625797296,0.16379676679388241,0.20507451493999101,0.346272255686397
00203308_04,02033,1,T3,T3,0.22985200975818607,0.2950866385071437,0.3158570928308715,0.15920425890379886
00203308_05,02033,1,T4,T4,0.0631587715842357,0.07897682961785024,0.25490925824043753,0.6029551405574765
00203308_07,02033,1,T2,T3,0.2760147130638124,0.302999234711592,0.3108120479152623,0.11017400430933336
00203309_03,02033,1,T1,T1,0.4129091154907553,0.24689327412186815,0.0900969854918139,0.2501006248955628
00203309_10,02033,1,T4,T1,0.43339242907671416,0.22020631802738586,0.1342557020654816,0.2121455508304184
00203309_11,02033,1,T4,T4,0.013790445540353623,0.04167692502686128,0.15553333515383777,0.7889992942789473
00203311_01,02033,1,T1,T4,0.352809993537072,0.1467581514242671,0.09867106147009884,0.40176079356856215
00203311_06,02033,1,T2,T1,0.3815430520927955,0.27242267418594274,0.11686636545575065,0.229167908265511
00203311_07,02033,1,T4,T4,0.3542348234744582,0.1872399991922905,0.07394083526309365,0.38458434207015774
00203311_08,02033,1,T3,T3,0.17025390882026906,0.2467738732943334,0.49828315121915073,0.08468906666624691
00203311_10,02033,1,T2,T1,0.4133482001598772,0.19250596487462532,0.07150591117274947,0.3226399237927479
00203311_11,02033,1,T4,T4,0.05432786005408272,0.0928773708345126,0.2932608205074744,0.5595339486039304
00203313_02,02033,1,T4,T1,0.4342672221565589,0.08513515721357065,0.09146031072135057,0.3891373099085199
00203313_03,02033,1,T4,T1,0.4045865467182546,0.10039321633239956,0.11175796879106698,0.3832622681582789
00203313_06,02033,1,T1,T4,0.21158012170650725,0.13957088187811337,0.28287691528247877,0.3659720811329006
00203313_08,02033,1,T2,T2,0.3068099451317571,0.645591260203239,0.019052900480994832,0.028545894184008998
00203313_09,02033,1,T4,T4,0.1369343960817572,0.105420741401788,0.22942452435060076,0.528220338165854
00203313_10,02033,1,T4,T4,0.1717438318458591,0.19703340659141075,0.2042924067513743,0.42693035481135583
00203318_01,02033,1,T4,T4,0.33450570288204867,0.1051215509862959,0.13614073149768335,0.4242320146339721
00203318_02,02033,1,T1,T1,0.5208357898315171,0.18886437445099308,0.03343043124907491,0.25686940446841483
00203318_03,02033,1,T1,T1,0.4071888469874823,0.09958566789318049,0.12027572672263503,0.37294975839670214
00203318_04,02033,1,T2,T1,0.3881558262675259,0.27682783286031776,0.2144705613425342,0.1205457795296223
00203318_06,02033,1,T1,T1,0.4020560981436352,0.36663477413805107,0.10818128990810968,0.12312783781020406
00203318_08,02033,1,T1,T1,0.47814818156223293,0.21729191540814033,0.10599391115071273,0.19856599187891405
00203318_10,02033,1,T2,T2,0.23463225538472524,0.41594669791430633,0.2156536761559332,0.13376737054503515
00203320_00,02033,1,T4,T3,0.04726075580277521,0.044866013287474596,0.4891432921019306,0.41872993880781945
00203320_03,02033,1,T1,T4,0.3593945908060081,0.088617552958918,0.11947802985209799,0.4325098263829759
00203320_05,02033,1,T4,T4,0.3075764699533002,0.12263036717712185,0.10853613625775956,0.4612570266118183
00203320_06,02033,1,T2,T4,0.2768849444416156,0.2563875351923482,0.0977496366386218,0.36897788372741425
00203320_08,02033,1,T4,T4,0.14351824420608494,0.15295198210032185,0.22300289151449013,0.4805268821791031
00203324_01,02033,1,T4,T4,0.0368674513696769,0.044465814423066186,0.057879932500721064,0.8607868017065358
00203324_03,02033,1,T1,T1,0.40100966973893404,0.307909566569002,0.07218310571205773,0.21889765798000627
00203324_04,02033,1,T2,T2,0.11962752818024419,0.460550917637086,0.3532448051378895,0.06657674904478032
00203326_00,02033,1,T4,T4,0.16675646867668556,0.09811487454874777,0.16008511375566578,0.5750435430189008
00203326_02,02033,1,T2,T3,0.24156236926270216,0.28310519199721573,0.32671974642504686,0.14861269231503527
00203326_03,02033,1,T4,T1,0.4066546273647397,0.12006298352854355,0.13469072692801287,0.338591662178704
00203326_04,02033,1,T4,T4,0.05637755358908873,0.12332445497664875,0.2489519977613491,0.5713459936729134
00203326_05,02033,1,T1,T1,0.39400607706984925,0.2023378177232744,0.14950930735947726,0.25414679784739913
00203326_06,02033,1,T4,T4,0.07343200695694863,0.13026478012962003,0.26126259704233845,0.5350406158710929
00203326_07,02033,1,T1,T2,0.29810008538428884,0.5177674397661438,0.09817702266062245,0.08595545218894475
00203326_08,02033,1,T3,T2,0.12965805127583901,0.581596684738346,0.2543361734263561,0.03440909055945882
00203326_09,02033,1,T3,T3,0.07556716617445368,0.1397134065386693,0.5619326198195886,0.2227868074672884
00203326_10,02033,1,T4,T4,0.3281084783850409,0.2308852389585241,0.1096773942339195,0.3313288884225155
00203328_00,02033,1,T4,T1,0.5139276297133053,0.10921490761775443,0.04889664267520167,0.3279608199937388
00203328_01,02033,1,T2,T3,0.22034977294151092,0.2164490211844987,0.33329691666264233,0.22990428921134792
00203328_02,02033,1,T4,T4,0.09175229549571978,0.07374217486679453,0.12858761603304256,0.7059179136044431
00203328_03,02033,1,T2,T3,0.22850802663669673,0.3343069816334342,0.3677540195218387,0.06943097220803042
00203328_04,02033,1,T3,T4,0.24989961043338413,0.14050511050872644,0.24257761371370976,0.3670176653441797
00203328_05,02033,1,T4,T4,0.06236773643347169,0.09202883382392242,0.13675754630298287,0.7088458834396231
00203328_07,02033,1,T3,T4,0.002594948883782701,0.018280990713116767,0.004115647204341538,0.9750084131987591
00203329_02,02033,1,T4,T4,0.12485429866116286,0.10022757741525452,0.15181707581512746,0.6231010481084551
00203329_03,02033,1,T3,T1,0.4511564451357572,0.08804372375532088,0.17381594165924516,0.28698388944967684
00203329_04,02033,1,T1,T1,0.5250111355249862,0.20140007203855018,0.047715666134386006,0.2258731263020776
00203329_05,02033,1,T1,T1,0.3971770982255406,0.14612260589105155,0.11023136868364329,0.3464689271997646
00203329_07,02033,1,T2,T2,0.25341026498252317,0.48375397303680584,0.19565286364872086,0.06718289833195014
00203329_08,02033,1,T3,T4,0.00014482118354141414,0.012898110064782206,0.0006007277924863485,0.98635634095919
00203329_10,02033,1,T4,T1,0.4885805106127805,0.10883810207017816,0.038197650811584466,0.36438373650545686
00203401_01,02034,1,T2,T4,0.2707333633397884,0.16497670966977718,0.17822276271668988,0.3860671642737445
00203401_03,02034,1,T4,T4,0.3750417824991835,0.08009672105094631,0.08569709928981425,0.45916439716005586
00203401_05,02034,1,T1,T1,0.4573616926452975,0.18375802633408903,0.07256631546800286,0.28631396555261057
00203401_06,02034,1,T2,T2,0.24765770042778196,0.3221568675901958,0.26453677167155304,0.16564866031046918
00203401_07,02034,1,T4,T4,0.3363609038458807,0.17027790354399724,0.11561586810523926,0.37774532450488285
00203401_09,02034,1,T1,T1,0.41641834907613157,0.19944228293391048,0.09543658236764141,0.2887027856223165
00203401_10,02034,1,T2,T1,0.37136471515690145,0.34159671427831595,0.12815717577209548,0.158881394792687
00203407_02,02034,1,T4,T4,0.24325014362006755,0.10967867096283772,0.11967179359007692,0.5273993918270178
00203407_03,02034,1,T2,T1,0.41402527046119014,0.18754522242843447,0.07025155462397141,0.328177952486404
00203407_04,02034,1,T4,T4,0.351798657064777,0.11735419251477251,0.1329627590864286,0.3978843913340219
00203407_05,02034,1,T4,T4,0.3046284084105035,0.11977288554868168,0.14132932080893595,0.43426938523187897
00203407_06,02034,1,T1,T1,0.468763706134554,0.09198224330294265,0.040000262277960726,0.3992537882845426
00203407_07,02034,1,T1,T1,0.5453862462730844,0.1920301051339643,0.049172617812816684,0.21341103078013465
00203408_00,02034,1,T2,T1,0.4146133288358782,0.18786779889754288,0.16978626686034393,0.22773260540623497
00203408_02,02034,1,T4,T1,0.39299891172111706,0.1711232806774719,0.09739520861375996,0.33848259898765104
00203408_04,02034,1,T3,T1,0.3029216840829843,0.2505945999261865,0.23357310582841545,0.2129106101624138
00203408_05,02034,1,T4,T4,0.260156255917926,0.16124524421950598,0.18270422906458167,0.39589427079798634
00203408_07,02034,1,T2,T1,0.35361314603831734,0.2821856392977554,0.1977451579143798,0.16645605674954742
00203409_03,02034,1,T1,T1,0.45201348593515217,0.07369319085949913,0.07746537899552085,0.3968279442098278
00203409_10,02034,1,T4,T4,0.11909992938671617,0.14058920849668405,0.20343802525251753,0.5368728368640823
00203409_11,02034,1,T4,T4,3.098422020011469e-08,4.725012962402855e-07,1.7405050300750528e-08,0.9999994791094333
00203411_01,02034,1,T1,T1,0.40130159281642047,0.11607257001763427,0.15855179379899104,0.32407404336695417
00203411_06,02034,1,T2,T2,0.04686680792352345,0.5057550853713143,0.2221336129091483,0.22524449379601397
00203411_07,02034,1,T4,T1,0.4314009847598322,0.20267129774452794,0.11506917706009846,0.2508585404355414
00203411_08,02034,1,T3,T2,0.20165084046263235,0.33574094980137453,0.32734128320225225,0.13526692653374092
00203411_10,02034,1,T2,T4,0.3568637887427833,0.13657771013547132,0.08135849246210743,0.4252000086596381
00203411_11,02034,1,T4,T4,0.06878757533188694,0.11880838803866173,0.21722992149824374,0.5951741151312074
00203413_02,02034,1,T4,T4,0.3893167092842337,0.07783905645659714,0.07544369473737736,0.45740053952179177
00203413_03,02034,1,T4,T4,0.39103347028543733,0.08593254649718127,0.08618913577896434,0.43684484743841706
00203413_06,02034,1,T1,T4,0.3320164852605087,0.11856883179603706,0.18832991433482857,0.3610847686086257
00203413_08,02034,1,T2,T1,0.35766135206509525,0.23867800650193632,0.2092597833316654,0.1944008581013031
00203413_09,02034,1,T4,T4,0.31039554822691884,0.13565193160443362,0.16346324351252964,0.3904892766561179
00203413_10,02034,1,T4,T4,9.83675017323351e-05,0.1149049639946829,0.1296456144616899,0.7553510540418948
00203418_01,02034,1,T4,T4,0.26782729077735223,0.1423178494857105,0.15314455434477647,0.43671030539216077
00203418_02,02034,1,T1,T4,0.3955610375094713,0.1453190359428653,0.054210444771727095,0.40490948177593633
00203418_03,02034,1,T1,T1,0.41561785640460014,0.07819482567662098,0.0919704740502997,0.4142168438684792
00203418_04,02034,1,T2,T2,0.28397092910238525,0.3567537012937515,0.2722129783904037,0.08706239121345954
00203418_06,02034,1,T1,T1,0.4030134450141552,0.21249241331981675,0.10773594673748957,0.2767581949285384
00203418_08,02034,1,T1,T1,0.4012963795917262,0.20332383503899581,0.10377088148681697,0.2916089038824611
00203418_10,02034,1,T2,T4,0.2278022398402822,0.27192419804746104,0.14368292382746467,0.356590638284792
00203420_00,02034,1,T4,T1,0.3669553046564009,0.17017882102592047,0.1000524455687611,0.36281342874891753
00203420_03,02034,1,T1,T1,0.4474151321862511,0.08223754546131647,0.09146434473100899,0.37888297762142337
00203420_05,02034,1,T4,T4,0.3320146394990471,0.12780879364220082,0.07882682703888133,0.4613497398198707
00203420_06,02034,1,T2,T1,0.6358921841935852,0.14968677477170703,0.04317496249947525,0.17124607853523263
00203420_08,02034,1,T4,T4,0.1830953484764639,0.17715943980656762,0.19089587177477338,0.44884933994219517
00203424_01,02034,1,T4,T4,0.20753198982380414,0.16114531661389306,0.14626127455668378,0.48506141900561905
00203424_03,02034,1,T1,T1,0.5429640613571799,0.17533857398086017,0.058467187056360996,0.22323017760559893
00203424_04,02034,1,T2,T1,0.3397902683914829,0.29346143895725674,0.1079948239988852,0.25875346865237514
00203426_00,02034,1,T4,T1,0.40988182398374784,0.21484528020993482,0.08692070685899655,0.28835218894732084
00203426_02,02034,1,T2,T2,0.20366005032227097,0.3960447129634375,0.24694513107207566,0.1533501056422159
00203426_03,02034,1,T4,T1,0.40314020650986554,0.09671881533423497,0.1119216425065389,0.3882193356493606
00203426_04,02034,1,T4,T4,0.14370302263569565,0.23342724081522023,0.2829989063934369,0.3398708301556471
00203426_05,02034,1,T1,T1,0.4263057502535561,0.19838701179815357,0.11459076727900223,0.2607164706692882
00203426_06,02034,1,T4,T4,0.07780088812859842,0.12145856000338773,0.28868929910819485,0.512051252759819
00203426_07,02034,1,T1,T1,0.5218875588193903,0.20351681170745087,0.0788888096812959,0.19570681979186294
00203426_08,02034,1,T3,T1,0.294149114773793,0.2236813757966008,0.22705497181185538,0.2551145376177508
00203426_09,02034,1,T3,T4,0.1325320042075802,0.1986639094640131,0.2826187522513316,0.38618533407707517
00203426_10,02034,1,T4,T4,0.24973215515533048,0.2623110686446203,0.06744001624969992,0.4205167599503494
00203428_00,02034,1,T4,T1,0.44310966855279976,0.13605438700662803,0.0506554082556908,0.37018053618488134
00203428_01,02034,1,T2,T1,0.32997029138145506,0.3143967568472928,0.2373018034457464,0.11833114832550576
00203428_02,02034,1,T4,T4,0.26119621130953813,0.09157246590979969,0.08205751647702964,0.5651738063036327
00203428_03,02034,1,T2,T2,0.31474938665005714,0.3168837960871382,0.22713007217736872,0.14123674508543585
00203428_04,02034,1,T3,T4,0.3265787681003084,0.13287188493027866,0.18395560381777995,0.35659374315163306
00203428_05,02034,1,T4,T4,0.3135250695597107,0.11080175043603892,0.06513292313853278,0.5105402568657176
00203428_07,02034,1,T3,T1,0.41521255278733915,0.2341006031438793,0.19519999196223187,0.15548685210654967
00203429_03,02034,1,T3,T2,4.252083526624102e-06,0.7577010224251728,0.1695271340856656,0.07276759140563477
00203429_04,02034,1,T1,T4,0.39675646791918173,0.11429589652085197,0.04701559374115403,0.44193204181881235
00203429_05,02034,1,T1,T1,0.5075140801499105,0.08887775063052844,0.035725199073363634,0.3678829701461974
00203429_07,02034,1,T2,T2,0.38676476689002226,0.3895618084750626,0.10687015487550157,0.11680326975941352
00203429_08,02034,1,T3,T4,7.149434394615173e-05,0.3567839759176003,0.14279153707127853,0.5003529926671751
00203429_10,02034,1,T4,T4,0.24001998616149883,0.09316722362774539,0.043871136229441,0.6229416539813147
00203501_01,02035,1,T2,T4,0.19345613289315816,0.1305569848336438,0.26794487223532476,0.40804201003787316
00203501_03,02035,1,T4,T4,0.32035031695708893,0.05656607218268643,0.06882260975876217,0.5542610011014625
00203501_05,02035,1,T1,T1,0.45035764490202596,0.1338851993621951,0.08728575824515922,0.32847139749061977
00203501_06,02035,1,T2,T3,0.05568906113001344,0.4126178703688307,0.44868257526968597,0.08301049323146996
00203501_07,02035,1,T4,T4,0.1369691712199767,0.07931632958135419,0.09549087223178188,0.6882236269668872
00203501_09,02035,1,T1,T2,0.3522424293575724,0.42300578136901296,0.06712263911322887,0.15762915016018578
00203507_02,02035,1,T4,T4,0.1564840426518828,0.05167477793134892,0.07729131640906226,0.7145498630077061
00203507_04,02035,1,T4,T4,0.33546664840002394,0.08153524426193474,0.10292131942439632,0.48007678791364505
00203507_05,02035,1,T4,T4,0.24776111278491708,0.06603859486914924,0.07639398461605161,0.6098063077298821
00203507_06,02035,1,T1,T1,0.4730969248882927,0.1483596604724748,0.041695258682242206,0.33684815595699036
00203507_07,02035,1,T1,T1,0.46614928917762194,0.1240439217017932,0.09888442104266186,0.310922368077923
00203508_00,02035,1,T2,T2,1.6000132638120572e-05,0.9057592640155645,0.09403098908495719,0.0001937467668403817
00203508_02,02035,1,T4,T4,0.35303417511702184,0.1435454283584454,0.07467655834922948,0.42874383817530337
00203508_05,02035,1,T4,T4,0.016600085670577004,0.043022683554465736,0.12409327782734751,0.8162839529476098
00203508_07,02035,1,T2,T3,0.14758218693803818,0.3499530921961328,0.4057686372412353,0.09669608362459364
00203509_03,02035,1,T1,T1,0.4371628030799223,0.0807181098017972,0.07146406991290467,0.4106550172053759
00203509_10,02035,1,T4,T4,0.08931910998471444,0.040738739174384475,0.08015864209904547,0.7897835087418557
00203509_11,02035,1,T4,T4,0.020598227283315163,0.011874287683357816,0.04746456537152175,0.9200629196618053
00203511_06,02035,1,T2,T1,0.5034399295750692,0.2829245458063325,0.0704100682233558,0.14322545639524245
00203511_07,02035,1,T4,T1,0.42280866143582874,0.19484089802625867,0.0542898315786372,0.32806060895927536
00203511_08,02035,1,T3,T3,0.06682636598326007,0.27861677625666925,0.6228731503760085,0.03168370738406202
00203511_11,02035,1,T4,T4,0.008454537606070194,0.008072449924839182,0.12877388380201396,0.8546991286670766
00203513_02,02035,1,T4,T1,0.46537159224779495,0.06685372984607713,0.04604313282999464,0.4217315450761333
00203513_03,02035,1,T4,T4,0.19191216528416716,0.12141444003157159,0.19917714271423692,0.48749625197002433
00203513_06,02035,1,T1,T3,0.22973136201402655,0.18120750243690864,0.32752405343539565,0.2615370821136692
00203513_08,02035,1,T2,T3,0.21978065904777253,0.25374757017804883,0.37495259326617203,0.15151917750800661
00203513_10,02035,1,T4,T4,0.12010142373265223,0.10629401990095302,0.070088700513826,0.7035158558525688
00203518_02,02035,1,T1,T1,0.5699905450416771,0.14436447623211773,0.026663124482526345,0.2589818542436788
00203518_03,02035,1,T1,T4,0.4162831524590311,0.08360804846511548,0.07977582086831728,0.4203329782075362
00203518_04,02035,1,T2,T2,0.07861539545061463,0.5617051320844904,0.20772429525015113,0.15195517721474402
00203518_08,02035,1,T1,T1,0.4847353398048616,0.1706203687745211,0.0856833836786273,0.25896090774199
00203518_10,02035,1,T2,T1,0.5091393181765465,0.22538248591658597,0.07388174538945377,0.19159645051741367
00203520_00,02035,1,T4,T4,0.35149023260269147,0.08455385598049799,0.024772241313465455,0.5391836701033451
00203520_03,02035,1,T1,T4,0.3682614782032047,0.05024675068024736,0.061172716044580674,0.5203190550719673
00203520_05,02035,1,T4,T4,0.22525197752637915,0.07127861936567367,0.04761728734200992,0.6558521157659373
00203520_06,02035,1,T2,T2,0.21292421609507195,0.5294975436391998,0.16152906264002237,0.09604917762570596
00203520_08,02035,1,T4,T4,0.11179284444211249,0.053708304774510544,0.0497845212238524,0.7847143295595246
00203524_01,02035,1,T4,T3,0.012935332555976054,0.05302810127679163,0.913099538465633,0.020937027701599383
00203524_03,02035,1,T1,T1,0.47718396944515123,0.2651446943998959,0.049132022091888765,0.20853931406306409
00203524_04,02035,1,T2,T2,0.1955289040133367,0.34827940058621554,0.21259073722241978,0.24360095817802807
00203526_00,02035,1,T4,T4,0.22097325587694489,0.12191078462586322,0.05955741111198762,0.5975585483852043
00203526_04,02035,1,T4,T2,1.2208812599650082e-05,0.9998350415868343,3.330894120242609e-06,0.00014941870644587018
00203526_05,02035,1,T1,T1,0.46700119332044193,0.19833824748204598,0.12494537191951288,0.2097151872779992
00203526_06,02035,1,T4,T4,0.015240098791697554,0.016528667104997872,0.1003756727502432,0.8678555613530614
00203526_07,02035,1,T1,T3,1.3247064681751452e-07,1.149710096551482e-06,0.9959510819155557,0.004047635903700894
00203526_08,02035,1,T3,T2,0.43885920116281185,0.5556317618152323,0.0026478457878365246,0.0028611912341192395
00203526_09,02035,1,T3,T3,0.19156646025573948,0.20447328574472176,0.39640057107827276,0.2075596829212661
00203526_10,02035,1,T4,T4,0.378994397682229,0.11183770830658986,0.04120905335322879,0.4679588406579524
00203528_00,02035,1,T4,T4,0.39378568284847404,0.13433876606731984,0.06585413424896142,0.4060214168352447
00203528_01,02035,1,T2,T2,9.33499586655039e-07,0.8176615856121113,0.004340053936527148,0.1779974269517749
00203528_02,02035,1,T4,T4,0.023555271247477614,0.025446683025972437,0.12187779591774761,0.8291202498088023
00203528_03,02035,1,T2,T2,0.10749068254232655,0.6472460536920327,0.22971256257084532,0.015550701194795593
00203528_04,02035,1,T3,T4,0.13260962518698147,0.129091571592571,0.34991427812977666,0.3883845250906709
00203528_05,02035,1,T4,T4,0.04652654157764333,0.021340525861017964,0.11619786209718504,0.8159350704641537
00203529_02,02035,1,T4,T4,0.010360050899863941,0.009095967314880686,0.04961755272198139,0.9309264290632739
00203529_03,02035,1,T3,T2,0.13723718126890322,0.5410647800797825,0.28184059562273456,0.03985744302857964
00203529_04,02035,1,T1,T4,0.2709052944961887,0.12990295666441412,0.066558459298948,0.5326332895404492
00203529_05,02035,1,T1,T4,0.34068403276370157,0.13571197138432695,0.0756190850884743,0.4479849107634973
00203529_08,02035,1,T3,T2,0.015362854592149946,0.9650418053539498,0.010023819690635786,0.009571520363264394
00203529_10,02035,1,T4,T4,0.3725042980597729,0.09495233859076813,0.06469646475902849,0.46784689859043044
00203801_01,02038,1,T2,T4,0.2581472632046296,0.2308903534023163,0.19981214354431928,0.31115023984873474
00203801_03,02038,1,T4,T4,0.35794591788376495,0.08706423864710737,0.09066990302282628,0.46431994044630126
00203801_05,02038,1,T1,T1,0.379445810645158,0.24620841339352229,0.11795080365033483,0.25639497231098485
00203801_06,02038,1,T2,T2,0.20249193608599197,0.42809792772295885,0.23711876099834303,0.13229137519270612
00203801_07,02038,1,T4,T4,0.21349570006911794,0.10692464893572924,0.0952867613067933,0.5842928896883595
00203801_09,02038,1,T1,T1,0.5004655578887737,0.23015141505823353,0.0682651631499888,0.20111786390300398
00203801_10,02038,1,T2,T3,0.08796390431455098,0.2673049652691787,0.4552020163516124,0.18952911406465803
00203807_03,02038,1,T2,T2,0.3177812091543212,0.3488426452659741,0.09487075715416875,0.23850538842553606
00203807_04,02038,1,T4,T4,0.3728552169232284,0.10845609787359842,0.11523155147854952,0.40345713372462366
00203807_05,02038,1,T4,T1,0.4365512450451758,0.09568711688549507,0.08344888383865105,0.384312754230678
00203807_06,02038,1,T1,T1,0.5662847192200079,0.2451978098694094,0.037668517472634,0.15084895343794877
00203807_07,02038,1,T1,T1,0.4157289538738096,0.34920440780090334,0.0988803163417138,0.1361863219835732
00203808_02,02038,1,T4,T1,0.5087514617963006,0.1873214980837889,0.06740333056978133,0.2365237095501292
00203808_04,02038,1,T3,T2,0.28957942046703006,0.2929985780770925,0.2020701475219564,0.21535185393392098
00203808_05,02038,1,T4,T4,0.12697088794380149,0.07175659073791647,0.1916297779538457,0.6096427433644362
00203808_07,02038,1,T2,T3,1.0417244143027786e-07,7.808542039511905e-06,0.9844934416783145,0.015498645607204596
00203809_10,02038,1,T4,T4,0.2400368428516639,0.15575516484324073,0.15407545964014654,0.4501325326649489
00203809_11,02038,1,T4,T2,0.2089913963326719,0.3951850906929506,0.3043469658913795,0.091476547082998
00203811_01,02038,1,T1,T1,0.4390278062823451,0.09141068278149812,0.11625784175994741,0.3533036691762095
00203811_06,02038,1,T2,T1,0.49546773171332126,0.24950899779987795,0.0594830156025534,0.1955402548842474
00203811_07,02038,1,T4,T2,0.30809774602564266,0.38541525371723345,0.19633673459773035,0.11015026565939358
00203811_08,02038,1,T3,T4,0.1751915857720766,0.07699266886552339,0.2486396895431574,0.4991760558192426
00203813_02,02038,1,T4,T1,0.5139187760122507,0.12362246389309886,0.09629067718092844,0.26616808291372196
00203813_03,02038,1,T4,T4,0.36395975595528346,0.12809104191069826,0.13958317257998454,0.3683660295540337
00203813_06,02038,1,T1,T3,0.1381490268799567,0.24228521145356172,0.5043624870947775,0.11520327457170407
00203813_08,02038,1,T2,T2,0.06923057386159405,0.7267247970163941,0.18882229997030542,0.015222329151706302
00203813_10,02038,1,T4,T4,0.07699587477033651,0.08776628636429044,0.25141409579287405,0.583823743072499
00203818_01,02038,1,T4,T1,0.44888180697195507,0.09554823839619214,0.08318266437192451,0.3723872902599282
00203818_02,02038,1,T1,T1,0.4129396580379919,0.3276933487479722,0.0571114899403728,0.2022555032736631
00203818_03,02038,1,T1,T1,0.4380169436197555,0.11735445934082009,0.11497340311178311,0.3296551939276412
00203818_06,02038,1,T1,T2,0.36865942997610435,0.4245060516222194,0.08552239945273521,0.12131211894894103
00203818_08,02038,1,T1,T4,0.3402833931794111,0.17083974849739042,0.11383705089224543,0.375039807430953
00203818_10,02038,1,T2,T2,0.09642528302929185,0.4445802161345975,0.33990411269526327,0.11909038814084745
00203820_00,02038,1,T4,T1,0.5152588887565753,0.11268469446319625,0.03599492950749958,0.3360614872727287
00203820_03,02038,1,T1,T3,0.2126364204466015,0.2318330448211786,0.39796999284046575,0.157560541891754
00203820_05,02038,1,T4,T4,0.36546236851197184,0.11903682773078128,0.11009202780694398,0.405408775950303
00203820_06,02038,1,T2,T1,0.34966285294341376,0.2773392782901558,0.12631071321568751,0.24668715555074294
00203820_08,02038,1,T4,T4,0.26948107166131796,0.13354217788002148,0.10911070071980092,0.4878660497388597
00203824_01,02038,1,T4,T4,0.22135873808106069,0.11356090029531628,0.10253295133932169,0.5625474102843013
00203824_03,02038,1,T1,T1,0.4476876207152369,0.23183571622961388,0.07887165859649631,0.24160500445865277
00203824_04,02038,1,T2,T2,0.24039940922393907,0.43931256991856354,0.20964795514295415,0.11064006571454328
00203826_00,02038,1,T4,T4,0.3399304885081294,0.0939492052041685,0.06014375426136772,0.5059765520263344
00203826_02,02038,1,T2,T2,0.26094346314346595,0.33136716467227095,0.23884460005471164,0.16884477212955148
00203826_03,02038,1,T4,T1,0.4323731814311462,0.09453938462105384,0.10395163481657797,0.36913579913122196
00203826_04,02038,1,T4,T4,0.13907102557729986,0.07971016648931578,0.14676540027139204,0.6344534076619923
00203826_05,02038,1,T1,T1,0.39583687958706604,0.30494770506749036,0.1411630616789427,0.15805235366650106
00203826_06,02038,1,T4,T4,0.31652726614353804,0.18858909368187649,0.1527584052882339,0.34212523488635166
00203826_07,02038,1,T1,T1,0.3695680941762552,0.2957473808983836,0.12044100088762108,0.2142435240377402
00203826_08,02038,1,T3,T1,0.36576868612714253,0.28138099710781206,0.17015421990539556,0.1826960968596497
00203826_09,02038,1,T3,T3,0.052782790501438026,0.17805375952553304,0.6486668600535345,0.12049658991949444
00203826_10,02038,1,T4,T1,0.47337373062916144,0.09312008647330108,0.022193435122719412,0.411312747774818
00203828_00,02038,1,T4,T2,0.24223947505894508,0.30432489855235184,0.2399420235486934,0.21349360284000965
00203828_01,02038,1,T2,T2,0.2768336450699405,0.4490373625220531,0.17642852533333736,0.09770046707466903
00203828_03,02038,1,T2,T2,0.16889246016883197,0.5055603938842955,0.21520867454463097,0.11033847140224151
00203828_04,02038,1,T3,T3,0.17233444716718632,0.24321784470230537,0.44511675922578703,0.13933094890472142
00203828_05,02038,1,T4,T4,0.3077185623340966,0.13489690527337259,0.15841324058328407,0.3989712918092466
00203828_07,02038,1,T3,T2,0.29547604589342713,0.29603241891737264,0.19543969399843156,0.21305184119076864
00203829_03,02038,1,T3,T3,0.04447003695138093,0.09450463598893455,0.4649326624599541,0.3960926645997303
00203829_04,02038,1,T1,T1,0.5017008328522111,0.2792099696511991,0.06034405310725037,0.15874514438933934
00203829_05,02038,1,T1,T4,0.3305923408220891,0.16185873855427454,0.1391951403601765,0.3683537802634599
00203829_07,02038,1,T2,T2,0.2277234876810526,0.5417562904501038,0.1469038195665616,0.08361640230228211
00203829_10,02038,1,T4,T2,0.21473670571304107,0.40266448424136964,0.32098757749000456,0.061611232555584775
00203901_01,02039,1,T2,T4,0.25737057590697054,0.19774962762987652,0.2633820990324943,0.2814976974306586
00203901_05,02039,1,T1,T2,0.14368888041495487,0.531771140348715,0.28265837079314426,0.041881608443185996
00203901_06,02039,1,T2,T2,0.009130920839264912,0.492431396933174,0.49073556156407777,0.007702120663483237
00203907_03,02039,1,T2,T2,0.3464381064282266,0.4209356629447557,0.12069113060247279,0.1119351000245448
00203907_04,02039,1,T4,T1,0.7179814542976487,0.13612275907696914,0.06805798879365424,0.07783779783172795
00203907_05,02039,1,T4,T1,0.3953742977284834,0.2924707338154712,0.20750231221230325,0.10465265624374209
00203907_06,02039,1,T1,T1,0.5790889773401955,0.251397674703146,0.02611351424823727,0.1433998337084212
00203908_00,02039,1,T2,T1,0.4416178491978205,0.31442643724442604,0.14877792207357224,0.0951777914841813
00203908_02,02039,1,T4,T1,0.5528603218663398,0.25990681670364824,0.029859981651501607,0.1573728797785102
00203908_04,02039,1,T3,T2,0.008375751792552988,0.4812504958997373,0.41845086421687344,0.09192288809083624
00203908_05,02039,1,T4,T4,0.017958326254647865,0.030224009061715518,0.13202634344655348,0.8197913212370831
00203908_07,02039,1,T2,T2,0.02128268907390083,0.5826487785953981,0.37693875128719706,0.019129781043504056
00203909_10,02039,1,T4,T4,0.26209251668682104,0.22628547573480168,0.20577528806023063,0.3058467195181467
00203911_01,02039,1,T1,T3,0.19398513718468186,0.20073199135451728,0.46781629878622766,0.13746657267457302
00203911_07,02039,1,T4,T1,0.4272249812161014,0.2757742417638785,0.05022137069692277,0.2467794063230974
00203913_10,02039,1,T4,T2,0.02855797827276402,0.966630104469983,0.004577033737473481,0.0002348835197793907
00203918_04,02039,1,T2,T2,0.2777894154860165,0.5472545968836907,0.16908576365611572,0.005870223974177163
00203918_06,02039,1,T1,T2,0.07168642772839849,0.7636864576988637,0.1554198545172583,0.009207260055479413
00203918_10,02039,1,T2,T2,0.282466694936838,0.3587067686598246,0.21573005360617264,0.14309648279716464
00203920_00,02039,1,T4,T4,0.3147081245680634,0.02026603499981526,0.03412389208348873,0.6309019483486326
00203920_03,02039,1,T1,T1,0.4468607120245065,0.07497007919150066,0.07451426370063434,0.4036549450833585
00203920_05,02039,1,T4,T1,0.6640634974950852,0.1427812269946309,0.04002014052367903,0.15313513498660494
00203920_06,02039,1,T2,T2,0.18523809182968262,0.38508214225491877,0.3394934631454933,0.09018630276990534
00203920_08,02039,1,T4,T4,0.05207350447611151,0.251703995803096,0.21566900733118266,0.48055349238960987
00203926_02,02039,1,T2,T2,0.0033072824088170023,0.8407537840212732,0.15573450515367596,0.0002044284162338283
00203926_08,02039,1,T3,T4,0.03181410252484379,0.09929197240153256,0.12949664142697065,0.739397283646653
00203928_01,02039,1,T2,T2,0.1633839262638032,0.6184398959775063,0.20403670208206404,0.014139475676626604
00203928_03,02039,1,T2,T3,0.03947407955603653,0.3353183245625043,0.5847982495761285,0.04040934630533068
00203928_04,02039,1,T3,T4,0.17707297321483875,0.1453742797386434,0.24289805376931425,0.4346546932772036
00203929_07,02039,1,T2,T2,0.2489423437164052,0.495067958645654,0.13012695635010216,0.12586274128783848
00203929_10,02039,1,T4,T4,0.06419153573525696,0.06425506653938777,0.044034690582749364,0.8275187071426059
00204101_01,02041,1,T2,T3,0.02410714671699776,0.15741786567799496,0.6934699213836151,0.12500506622139218
00204101_03,02041,1,T4,T3,0.19323842460633384,0.20989784866205083,0.40223577669526067,0.19462795003635464
00204101_05,02041,1,T1,T3,0.04541219642563222,0.41625245001794653,0.5212749195640723,0.01706043399234892
00204101_06,02041,1,T2,T3,0.0805320560302308,0.35539194930410384,0.5220163276249228,0.04205966704074251
00204101_07,02041,1,T4,T3,0.07318741400649086,0.2768182351907476,0.44942979105937275,0.20056455974338877
00204101_09,02041,1,T1,T2,0.2063689295327194,0.5345745910497647,0.2006707955575592,0.058385683859956565
00204101_10,02041,1,T2,T3,0.18920638936381054,0.3617399427521261,0.3620080317052611,0.08704563617880218
00204107_02,02041,1,T4,T3,0.19331063707658036,0.2062854232287659,0.41009861905983513,0.1903053206348186
00204107_03,02041,1,T2,T2,0.2264712793502719,0.3363885664618559,0.2521372669473448,0.18500288724052746
00204107_04,02041,1,T4,T3,0.08192572817162012,0.20896735529567037,0.5959484718535573,0.11315844467915229
00204107_05,02041,1,T4,T3,0.13830258977363,0.23582189326903313,0.5388258868544383,0.08704963010289848
00204107_06,02041,1,T1,T1,0.421984452703691,0.3048076157081077,0.0511154002445324,0.2220925313436688
00204107_07,02041,1,T1,T2,0.041627068660261134,0.5558616847599216,0.3852330546420906,0.017278191937726672
00204108_00,02041,1,T2,T3,0.18385813670657178,0.27818907652197317,0.4425953292435935,0.09535745752786161
00204108_02,02041,1,T4,T2,0.17993819361666077,0.45205039802302005,0.3026253370453077,0.0653860713150114
00204108_04,02041,1,T3,T2,0.23103220753655546,0.3320618321919238,0.32603729750139454,0.11086866277012612
00204108_05,02041,1,T4,T3,0.062368473640142696,0.1730545308107117,0.6738224762060102,0.09075451934313526
00204108_07,02041,1,T2,T2,0.18887858634277963,0.4748110794832823,0.25669110206203766,0.0796192321119005
00204109_03,02041,1,T1,T3,0.2375716434722271,0.2108024183311806,0.41194983276087416,0.13967610543571815
00204109_10,02041,1,T4,T2,0.25672289381097857,0.32125156525126997,0.2833013376432226,0.13872420329452884
00204109_11,02041,1,T4,T1,0.43007788144717013,0.24886044441804167,0.049103684336889754,0.27195798979789854
00204111_01,02041,1,T1,T3,0.19149064312258238,0.20987870951003934,0.47499057827008534,0.12364006909729294
00204111_06,02041,1,T2,T3,0.26665136460081956,0.15588299783028983,0.5664861732527288,0.010979464316161888
00204111_07,02041,1,T4,T2,0.29914353819014666,0.3737924774761471,0.18251374637589637,0.1445502379578099
00204111_08,02041,1,T3,T2,0.16151787560414566,0.4905552476013047,0.3144504761881255,0.03347640060642399
00204111_10,02041,1,T2,T2,0.10256293453302112,0.4995657167391492,0.3414748328096968,0.05639651591813278
00204111_11,02041,1,T4,T3,0.11800497336619489,0.242807390203126,0.46261862531044656,0.1765690111202326
00204113_06,02041,1,T1,T4,0.30465446549829406,0.10768723168733113,0.14483828051731204,0.44282002229706285
00204113_09,02041,1,T4,T3,0.15068874939228616,0.21560855156901015,0.5214677674353028,0.11223493160340085
00204118_01,02041,1,T4,T3,0.04516358329909695,0.21452522772315405,0.6869910278801731,0.05332016109757584
00204118_02,02041,1,T1,T2,0.3904023268073196,0.39078105973576766,0.05736593855433575,0.1614506749025768
00204118_03,02041,1,T1,T3,0.21738669047650078,0.18514571492488305,0.4160942729677343,0.18137332163088185
00204118_04,02041,1,T2,T3,0.21949142348583833,0.29384254834806933,0.3887765813084488,0.09788944685764363
00204118_06,02041,1,T1,T2,0.11393279598483719,0.7121276334279603,0.1617092940322676,0.012230276554934867
00204118_08,02041,1,T1,T2,0.23346939944431572,0.42258117209655693,0.2506982239248409,0.09325120453428636
00204120_00,02041,1,T4,T1,0.43069164283142986,0.2233251220242601,0.047756076418741175,0.29822715872556893
00204120_03,02041,1,T1,T3,0.07231937639383512,0.16999787624116744,0.6569823814492662,0.10070036591573127
00204120_05,02041,1,T4,T3,0.21376804528434054,0.25895180217871694,0.31259776346444107,0.21468238907250134
00204120_06,02041,1,T2,T1,0.4271497297865898,0.2762951117303152,0.05024016068248457,0.24631499780061042
00204120_08,02041,1,T4,T1,0.4252124253876296,0.1766874966289794,0.04444466362051232,0.3536554143628787
00204124_01,02041,1,T4,T3,0.1183810833037627,0.29832396528616506,0.4137514157086759,0.16954353570139624
00204124_03,02041,1,T1,T2,0.2932741661193714,0.42374842774968646,0.20151083109428,0.08146657503666212
00204124_04,02041,1,T2,T3,0.07625490601012398,0.39789196866305043,0.4600524451700922,0.06580068015673349
00204126_00,02041,1,T4,T2,0.18783222468633792,0.34545325878468414,0.29329378713684534,0.17342072939213266
00204126_02,02041,1,T2,T3,0.06991467195297628,0.3976381512181897,0.4982231377111542,0.03422403911767994
00204126_03,02041,1,T4,T3,0.1751929608573106,0.2040552771265616,0.4592676178229577,0.16148414419317011
00204126_04,02041,1,T4,T3,0.06172347471469444,0.4004414260579931,0.5091076937873323,0.028727405439980064
00204126_05,02041,1,T1,T3,0.14681996230706415,0.31729618157631173,0.4804861540674094,0.05539770204921466
00204126_06,02041,1,T4,T3,0.06156780475414326,0.31076926625704776,0.49268551115886045,0.13497741782994863
00204126_07,02041,1,T1,T2,0.12030640872270992,0.6525700673307607,0.20160257172008347,0.02552095222644599
00204126_09,02041,1,T3,T2,0.1431576219177407,0.5450296646019983,0.26282123817857433,0.0489914753016867
00204126_10,02041,1,T4,T2,0.3941124883133101,0.39587777152736947,0.05212781234073943,0.15788192781858099
00204128_00,02041,1,T4,T3,0.13827894954203282,0.2955667174707709,0.3737201902294879,0.1924341427577084
00204128_01,02041,1,T2,T3,0.11803602886439983,0.2919790914837848,0.536366180185333,0.05361869946648241
00204128_02,02041,1,T4,T3,0.11667372942285667,0.29370179563939935,0.4313093710567976,0.15831510388094647
00204128_03,02041,1,T2,T3,0.08117640923680246,0.2712113621659933,0.625135982067606,0.022476246529598204
00204128_04,02041,1,T3,T3,0.1089565191833335,0.18050030661914446,0.5336170069317088,0.17692616726581323
00204128_05,02041,1,T4,T3,0.11021699999270711,0.2618473163456536,0.42164591984003663,0.20628976382160277
00204128_07,02041,1,T3,T3,0.15720291960167598,0.3054491744257823,0.4801730561353286,0.05717484983721305
00204129_02,02041,1,T4,T3,0.06729300247213425,0.455296196184358,0.456232541145161,0.021178260198346763
00204129_03,02041,1,T3,T1,0.4272623110239394,0.2755139811073523,0.050211942980365826,0.2470117648883424
00204129_04,02041,1,T1,T1,0.4221594110491793,0.3039917729581361,0.051094405296093166,0.22275441069659144
00204129_05,02041,1,T1,T2,0.24993480996748996,0.5588100337553785,0.1216308652591573,0.06962429101797418
00204129_07,02041,1,T2,T2,0.07713996367064582,0.5554876850669634,0.3484389415513545,0.018933409711036256
00204129_08,02041,1,T3,T3,0.05309199984121851,0.18262038110487733,0.7124746550686751,0.051812963985228944
00204129_10,02041,1,T4,T2,0.10194013374819111,0.39399774523883724,0.39253754492431464,0.11152457608865683
00204201_01,02042,1,T2,T3,0.04168147813968459,0.21798819973578587,0.44189025293809775,0.29844006918643184
00204201_03,02042,1,T4,T1,0.31480179604408803,0.1759553441439239,0.24056406263644445,0.26867879717554355
00204201_05,02042,1,T1,T2,0.17051173142505685,0.3348629472450095,0.32995473627799565,0.1646705850519381
00204201_06,02042,1,T2,T3,0.06023513417207349,0.3370197256182055,0.5095550115183539,0.09319012869136711
00204201_09,02042,1,T1,T3,0.09004028571665666,0.26337805122889335,0.5137870795688887,0.13279458348556125
00204207_03,02042,1,T2,T1,0.41398631003882613,0.18743602728493253,0.07024800241133672,0.32832966026490457
00204207_04,02042,1,T4,T3,0.11603334625352427,0.23993825798151266,0.5907591282387971,0.053269267526165905
00204207_05,02042,1,T4,T4,0.13074106485413212,0.18834849272669013,0.3108974879994473,0.3700129544197305
00204207_06,02042,1,T1,T1,0.40899651165340983,0.22488576970648783,0.08129595101149062,0.2848217676286118
00204207_07,02042,1,T1,T2,0.314467145244392,0.3573848446737076,0.1966925310384385,0.13145547904346194
00204208_04,02042,1,T3,T2,0.08361808708654671,0.4114146879184425,0.4094221432353709,0.09554508175963977
00204208_05,02042,1,T4,T3,0.20164842685162074,0.2358053176299995,0.3353867501043432,0.22715950541403654
00204209_10,02042,1,T4,T2,0.26192640042247667,0.41597777464335195,0.2462780214311623,0.07581780350300914
00204209_11,02042,1,T4,T3,0.027868725089525308,0.22428971401063874,0.5415612636139031,0.20628029728593283
00204211_01,02042,1,T1,T3,0.27495768314208097,0.1650173856056495,0.32945121124082527,0.2305737200114443
00204211_06,02042,1,T2,T1,0.5952214457437535,0.13734838494487162,0.0894801227625016,0.17795004654887336
00204211_07,02042,1,T4,T1,0.2898360803671025,0.27415323693850335,0.1921519623018126,0.24385872039258147
00204211_08,02042,1,T3,T3,0.040155395775406985,0.25088146778340914,0.6596363091513884,0.049326827289795545
00204211_10,02042,1,T2,T1,0.4195158253923103,0.20532402783600953,0.0706936323619089,0.30446651440977135
00204211_11,02042,1,T4,T4,0.35009571652384097,0.09539519681251724,0.20415614950178057,0.35035293716186133
00204213_02,02042,1,T4,T1,0.34394812892848026,0.14414972609443202,0.24016778949226114,0.2717343554848267
00204213_03,02042,1,T4,T1,0.30039777885591434,0.16772649003922396,0.24165071426020993,0.2902250168446518
00204213_06,02042,1,T1,T1,0.32781333006632646,0.16412338403504673,0.320823165520173,0.18724012037845386
00204213_10,02042,1,T4,T3,0.005178174435748492,0.2730608577145872,0.3779166480850036,0.3438443197646607
00204218_01,02042,1,T4,T4,0.29840042779306997,0.15900520544097868,0.23721071006595684,0.3053836566999945
00204218_03,02042,1,T1,T1,0.33142138407586286,0.18645208809525507,0.27001672637529095,0.21210980145359115
00204218_04,02042,1,T2,T3,0.2535402247641249,0.2828144224716427,0.33473903293435764,0.1289063198298748
00204218_08,02042,1,T1,T2,0.2571760546302115,0.43779391033962345,0.23140127431739935,0.0736287607127659
00204218_10,02042,1,T2,T2,0.1661627894136757,0.39033061158347176,0.24155761896419056,0.20194898003866185
00204220_00,02042,1,T4,T4,0.2713944380736769,0.19424274029172597,0.1656046181478495,0.3687582034867476
00204220_03,02042,1,T1,T3,0.25789890910618835,0.19740906634910202,0.395074340140904,0.14961768440380563
00204220_05,02042,1,T4,T1,0.3612691418721041,0.3304074906926039,0.13042354782416876,0.17789981961112328
00204220_06,02042,1,T2,T1,0.4195460803093305,0.2054391264015997,0.07069565249906624,0.30431914079000355
00204220_08,02042,1,T4,T1,0.2935619418857065,0.28199849852761316,0.19201566357587227,0.23242389601080807
00204224_01,02042,1,T4,T3,0.014114078528194133,0.11756147446820774,0.6325986078906326,0.23572583911296557
00204224_03,02042,1,T1,T2,0.2607609035258541,0.40538800780811446,0.1988901469796453,0.13496094168638617
00204224_04,02042,1,T2,T2,0.0026283160670814644,0.7601744634207964,0.22000026132907197,0.01719695918305028
00204226_00,02042,1,T4,T4,0.022137215901461827,0.16608695765222664,0.3275646714169387,0.48421115502937295
00204226_02,02042,1,T2,T3,0.00017543099783367725,0.32443028946063074,0.6492214713807046,0.026172808160831017
00204226_03,02042,1,T4,T3,0.060253687501920186,0.2730971428579053,0.5777063145001209,0.0889428551400537
00204226_04,02042,1,T4,T3,0.03310542982938545,0.19222596148290255,0.512672160580274,0.261996448107438
00204226_05,02042,1,T1,T3,0.1842420003309502,0.3132170962417532,0.3423697082056759,0.16017119522162065
00204226_06,02042,1,T4,T3,0.012374312513906275,0.05467954115191504,0.5755513989358116,0.3573947473983671
00204226_07,02042,1,T1,T4,0.0010741106264354633,0.0481814231193653,0.2321550563466513,0.7185894099075479
00204226_09,02042,1,T3,T3,0.13748806544355105,0.23519729224414415,0.46725081796395374,0.16006382434835104
00204226_10,02042,1,T4,T1,0.42746317947852114,0.26479599090652156,0.07053535738641067,0.2372054722285468
00204228_00,02042,1,T4,T4,0.05874637310723224,0.2546175807021449,0.2654424102842597,0.42119363590636305
00204228_01,02042,1,T2,T3,0.12259684438583272,0.28933456641426974,0.4691620423852855,0.11890654681461203
00204228_02,02042,1,T4,T4,0.16588173745524523,0.22921869813526544,0.26763329915866374,0.33726626525082565
00204228_03,02042,1,T2,T3,0.08536260133685966,0.2947699134927946,0.5199590814729805,0.09990840369736524
00204228_04,02042,1,T3,T3,0.15419844489275922,0.24048894900022338,0.46380384344683273,0.14150876266018467
00204228_05,02042,1,T4,T4,0.04965523236307778,0.2196421475650885,0.26043167415666246,0.47027094591517127
00204228_07,02042,1,T3,T2,0.10232111029706327,0.3764491837379841,0.37623978241110384,0.14498992355384874
00204229_02,02042,1,T4,T4,0.032254762741064265,0.10977159498767695,0.21569074258797444,0.6422828996832843
00204229_03,02042,1,T3,T2,0.14213038199874353,0.4165424264272906,0.3591487639846597,0.08217842758930619
00204229_04,02042,1,T1,T1,0.5060270571516443,0.30867666657454873,0.07788672996153889,0.10740954631226812
00204229_07,02042,1,T2,T2,0.20925502549561525,0.5323230004943021,0.2175774801311609,0.040844493878921785
00204229_10,02042,1,T4,T2,0.07237584761219508,0.3543165807139152,0.2711181399505185,0.30218943172337126
00204301_01,02043,1,T2,T4,0.19326716064233085,0.16400982668104438,0.2918213510422049,0.3509016616344198
00204301_03,02043,1,T4,T4,0.27773719349311404,0.1383659430182719,0.19343759003541405,0.3904592734532
00204301_05,02043,1,T1,T1,0.3803483377851896,0.2180687391995095,0.11171017589618551,0.2898727471191153
00204301_06,02043,1,T2,T2,0.03905064751392057,0.5265738275133095,0.42002632774212373,0.014349197230646281
00204301_07,02043,1,T4,T1,0.48236159469798,0.15892228504195863,0.1356053230100375,0.2231107972500238
00204301_09,02043,1,T1,T1,0.3672268057825966,0.19567472531014884,0.08774720628257947,0.3493512626246751
00204307_02,02043,1,T4,T4,0.22556480756299166,0.13118064872136043,0.21284487241471098,0.4304096713009369
00204307_03,02043,1,T2,T1,0.5126570149176713,0.1368800161201737,0.0429375208946861,0.3075254480674688
00204307_05,02043,1,T4,T3,0.1096397554550531,0.313524407466875,0.4688356243367873,0.10800021274128456
00204307_07,02043,1,T1,T1,0.4904350911145021,0.22043683849104526,0.07632651479877847,0.21280155559567407
00204308_00,02043,1,T2,T1,0.4506109953790719,0.16628830296014818,0.12521262521084076,0.25788807644993933
00204308_02,02043,1,T4,T1,0.5170360396297372,0.14804584386674272,0.09133947069839489,0.24357864580512525
00204308_04,02043,1,T3,T1,0.4267558616491708,0.1525310519224141,0.13000293148613043,0.2907101549422846
00204308_05,02043,1,T4,T4,0.15095662277471392,0.1458966717663904,0.2846939872695742,0.41845271818932145
00204308_07,02043,1,T2,T3,0.1443795838765809,0.33912266741944636,0.45961713709630136,0.05688061160767139
00204309_03,02043,1,T1,T3,0.25682934383425093,0.1802892054477313,0.3431018731611839,0.21977957755683378
00204309_10,02043,1,T4,T1,0.39273513799757814,0.2916892193473971,0.15816187834717857,0.15741376430784626
00204309_11,02043,1,T4,T3,0.04884640308106567,0.1490684729156172,0.7191946912010505,0.08289043280226666
00204311_01,02043,1,T1,T1,0.4411064365602546,0.1061743530231992,0.12990006223074096,0.3228191481858053
00204311_08,02043,1,T3,T4,2.1025832855609052e-07,8.031714335565899e-05,0.0017881552809301494,0.9981313173173857
00204311_10,02043,1,T2,T1,0.34376612302657855,0.193225929774201,0.1569562793714983,0.30605166782772214
00204311_11,02043,1,T4,T4,0.08998741854945173,0.08818417039651205,0.13132855408175162,0.6904998569722847
00204313_02,02043,1,T4,T1,0.4931988704213301,0.09494423646730255,0.1127782915681172,0.29907860154325
00204313_03,02043,1,T4,T4,0.28174679578013845,0.11644529642515206,0.15831089684634045,0.44349701094836896
00204313_06,02043,1,T1,T1,0.4121678707606328,0.0886215684304018,0.10207723107486219,0.39713332973410326
00204313_10,02043,1,T4,T4,1.025607179248683e-06,9.117199047359863e-05,0.05571423324407593,0.9441935691582711
00204318_02,02043,1,T1,T1,0.43038703945712287,0.30376028801844396,0.06250836695224149,0.20334430557219169
00204318_03,02043,1,T1,T4,0.3779672106243212,0.08396356915627268,0.13148447874403404,0.406584741475372
00204318_04,02043,1,T2,T1,0.46110975793983083,0.14349355404138242,0.11874696619872077,0.2766497218200661
00204318_06,02043,1,T1,T1,0.4919812229557055,0.19913113596421037,0.08800078766210002,0.22088685341798403
00204318_08,02043,1,T1,T1,0.42697326521752926,0.24575967906579171,0.11361972180468519,0.21364733391199367
00204318_10,02043,1,T2,T2,0.03789839026071441,0.5117631944089741,0.38913353758977615,0.0612048777405353
00204320_00,02043,1,T4,T1,0.5528128187675081,0.06669359269674267,0.01411195487442605,0.36638163366132326
00204320_03,02043,1,T1,T1,0.4298903108195471,0.08001631585518097,0.09478243359010499,0.3953109397351669
00204320_06,02043,1,T2,T1,0.4041174677291265,0.2434657657933996,0.05025687425431466,0.3021598922231592
00204320_08,02043,1,T4,T1,0.3984982971632394,0.31193667061934593,0.054830666108865306,0.23473436610854934
00204324_01,02043,1,T4,T4,0.24072514235883047,0.1680383849713521,0.2480426509330418,0.3431938217367756
00204324_03,02043,1,T1,T1,0.5339803238504498,0.18998944959067687,0.06682585869278855,0.2092043678660847
00204324_04,02043,1,T2,T4,0.2766581134557117,0.1798983925477498,0.23656894751684593,0.30687454647969264
00204326_00,02043,1,T4,T1,0.3380035882149721,0.1867035560961478,0.14527987263449826,0.3300129830543818
00204326_02,02043,1,T2,T1,0.34954438827526346,0.24994130219001665,0.14699726245180345,0.25351704708291645
00204326_04,02043,1,T4,T4,0.27878763752056657,0.2388881362368609,0.1941425809525914,0.2881816452899812
00204326_05,02043,1,T1,T1,0.40724486223113265,0.22331756800623623,0.14055822664333956,0.22887934311929156
00204326_06,02043,1,T4,T4,0.003569712010581281,0.0008331408708154063,0.3776339889515069,0.6179631581670965
00204326_07,02043,1,T1,T1,0.4153990609648786,0.2658173282695004,0.1163995549611576,0.20238405580446342
00204326_08,02043,1,T3,T1,0.37734060733486113,0.18916011583273182,0.172903150921457,0.26059612591094994
00204326_10,02043,1,T4,T4,0.30610048434691883,0.3091854197116643,0.05651524061323512,0.32819885532818177
00204328_00,02043,1,T4,T1,0.44813132829450025,0.12059791591449627,0.07863265821791834,0.352638097573085
00204328_03,02043,1,T2,T4,0.00337034647037719,0.03869293531335986,0.36715265353119025,0.5907840646850727
00204328_04,02043,1,T3,T1,0.4520711994718757,0.11815462346870571,0.1442470892470241,0.28552708781239455
00204328_05,02043,1,T4,T4,0.274194620967274,0.21109349230624253,0.2075495333029711,0.30716235342351234
00204328_07,02043,1,T3,T4,1.3364071432855172e-06,0.07417578358104937,0.10237812125397763,0.8234447587578296
00204329_02,02043,1,T4,T3,0.1292110252785758,0.39349635357344803,0.4085916023232054,0.06870101882477082
00204329_03,02043,1,T3,T2,1.1984000770391918e-07,0.8272918547495411,0.08603302596261957,0.08667499944783169
00204329_04,02043,1,T1,T1,0.5007912724358057,0.2136809899076637,0.06203492786015025,0.22349280979638037
00204329_05,02043,1,T1,T1,0.3899744610139369,0.16831984591024962,0.08340253066817949,0.3583031624076341
00204329_07,02043,1,T2,T1,0.42216828679120616,0.361603437592572,0.11067663180076469,0.10555164381545726
00204329_10,02043,1,T4,T1,0.39718302287293067,0.19021951734454964,0.1410567836427208,0.271540676139799
00204401_01,02044,1,T2,T4,0.25354284817543277,0.1313684356240807,0.14738068529371248,0.467708030906774
00204401_03,02044,1,T4,T4,0.316789133080304,0.143783172367375,0.20559829019380324,0.3338294043585178
00204401_06,02044,1,T2,T4,0.26940258886679974,0.16243384030542715,0.19670672473463452,0.3714568460931385
00204401_07,02044,1,T4,T4,0.052372045855307615,0.1073663173319966,0.2249795479099731,0.6152820889027227
00204401_09,02044,1,T1,T4,0.29464307248588306,0.2535793388421286,0.10094214028809753,0.35083544838389075
00204401_10,02044,1,T2,T2,0.13541190526261387,0.4516592956424502,0.30662503766722704,0.10630376142770881
00204407_02,02044,1,T4,T3,0.08348184379419077,0.21037399022468037,0.3612834313466754,0.34486073463445355
00204407_03,02044,1,T2,T1,0.4236711562599122,0.22437206779105912,0.07089359131973012,0.28106318462929863
00204407_04,02044,1,T4,T4,0.24430752510569811,0.12990705066122887,0.15235538538668902,0.47343003884638396
00204407_05,02044,1,T4,T4,0.18427218415758717,0.172633035387297,0.24807797213861288,0.3950168083165029
00204407_06,02044,1,T1,T1,0.4195460803093305,0.2054391264015997,0.07069565249906624,0.30431914079000355
00204407_07,02044,1,T1,T4,0.1830832269651321,0.16761925040557268,0.1329620111117092,0.516335511517586
00204408_02,02044,1,T4,T4,0.30951292391141777,0.12403062568430244,0.12974377026679257,0.43671268013748726
00204408_04,02044,1,T3,T3,0.18289583882952076,0.3045436119175536,0.3306285158645016,0.18193203338842406
00204408_05,02044,1,T4,T1,0.389146695140091,0.1261137093096787,0.1599027864722755,0.3248368090779548
00204408_07,02044,1,T2,T2,0.14954838901102194,0.41027144637180285,0.3563475946639578,0.08383256995321751
00204409_03,02044,1,T1,T4,0.1173310892513658,0.19871424338884028,0.32569515534876087,0.358259512011033
00204409_10,02044,1,T4,T4,0.31789935225942817,0.1747254707228529,0.13652220298647008,0.3708529740312488
00204409_11,02044,1,T4,T4,0.05687564996721635,0.08448642513837781,0.1483691925962937,0.710268732298112
00204411_08,02044,1,T3,T4,0.0002606565695417239,0.08387470876792914,0.14628302286954167,0.7695816117929875
00204411_10,02044,1,T2,T1,0.6023325205461909,0.08197304816021549,0.026190452853887828,0.2895039784397058
00204411_11,02044,1,T4,T4,0.02268408922642961,0.08923239078674718,0.2581365148168715,0.6299470051699517
00204413_02,02044,1,T4,T1,0.42092069887362177,0.08689174935212866,0.08375845373688129,0.40842909803736827
00204413_03,02044,1,T4,T1,0.4328429150661035,0.0737023864498808,0.07597050530291863,0.4174841931810969
00204413_06,02044,1,T1,T4,0.2723411820667397,0.1309769896692842,0.18298800150005504,0.4136938267639212
00204413_08,02044,1,T2,T2,0.18904751007258794,0.38242932913118,0.3151977301375028,0.11332543065872931
00204413_09,02044,1,T4,T4,0.2883945459906978,0.12277162258824659,0.1740039683233242,0.4148298630977315
00204413_10,02044,1,T4,T4,2.2603962080833885e-06,0.00023832410255617036,0.0005213772915977498,0.9992380382096379
00204418_02,02044,1,T1,T1,0.4684433917115479,0.15316473162765368,0.0370162780011366,0.34137559865966177
00204418_03,02044,1,T1,T4,0.4171220666658025,0.07093473847907068,0.07973197853137928,0.4322112163237475
00204418_06,02044,1,T1,T1,0.4187513561565082,0.3370142795878428,0.11489174151334669,0.12934262274230224
00204418_08,02044,1,T1,T4,0.13403611778868452,0.1306612883932432,0.15249583939977526,0.582806754418297
00204418_10,02044,1,T2,T1,0.43963623734498447,0.08895157219669805,0.032683891121338376,0.43872829933697904
00204420_00,02044,1,T4,T1,0.4140641775921607,0.1876544553726314,0.07025509735205636,0.3280262696831516
00204420_03,02044,1,T1,T4,0.2723411820667397,0.1309769896692842,0.18298800150005504,0.4136938267639212
00204420_05,02044,1,T4,T4,0.34713896319446724,0.18467419714787636,0.07497876335707275,0.3932080763005836
00204420_06,02044,1,T2,T1,0.41962147362557073,0.20572703087931923,0.07070066037931017,0.3039508351157998
00204420_08,02044,1,T4,T4,0.08470945656775716,0.22358431050503905,0.2533629526435656,0.4383432802836382
00204424_01,02044,1,T4,T4,0.09266807644639936,0.09501778236173021,0.11135165891507037,0.7009624822768001
00204424_03,02044,1,T1,T1,0.29976713732233556,0.28534086207236353,0.14372810310472764,0.27116389750057335
00204424_04,02044,1,T2,T1,0.3854790432308084,0.19002734651599476,0.14860057018156791,0.27589304007162896
00204426_00,02044,1,T4,T4,0.36530846533215344,0.14890489524915834,0.10511212514130125,0.3806745142773869
00204426_02,02044,1,T2,T3,0.001494662626151363,0.08156419377979189,0.6182491402127965,0.2986920033812604
00204426_03,02044,1,T4,T4,0.3578130865174409,0.1177907003665973,0.14545075821152084,0.3789454549044409
00204426_07,02044,1,T1,T1,0.377030902235117,0.3687648928705043,0.10880103900669767,0.14540316588768096
00204426_08,02044,1,T3,T1,0.4615794384742624,0.1322911581034803,0.1148343217173116,0.29129508170494567
00204426_09,02044,1,T3,T3,0.2138615175478488,0.20300820192715266,0.3214492470940341,0.2616810334309645
00204426_10,02044,1,T4,T1,0.42364999731967523,0.2242513341758353,0.07089313741636512,0.28120553108812435
00204428_00,02044,1,T4,T4,0.37547452608104226,0.10613604720052555,0.08946096311013267,0.42892846360829967
00204428_01,02044,1,T2,T4,0.20853164694222298,0.26252671949720174,0.22508512733875352,0.3038565062218217
00204428_02,02044,1,T4,T4,0.07699051659401941,0.11539571355196508,0.20936643745025804,0.5982473324037575
00204428_03,02044,1,T2,T2,0.21440403975917266,0.4363028018856092,0.2515887606545691,0.09770439770064902
00204428_04,02044,1,T3,T4,0.1170129282177187,0.18130974294762142,0.3413215995410974,0.36035572929356235
00204428_05,02044,1,T4,T4,0.04830641832326388,0.1521242233228668,0.29665577088274286,0.5029135874711265
00204429_02,02044,1,T4,T1,0.36870538922410295,0.1596009849655048,0.1417161939122781,0.3299774318981142
00204429_03,02044,1,T3,T4,0.1869808201267072,0.29699647147249786,0.18700098021129616,0.3290217281894988
00204429_04,02044,1,T1,T1,0.4271340251376537,0.2226370220478929,0.13782739610301775,0.21240155671143574
00204429_05,02044,1,T1,T4,0.3370179873462452,0.11708400525345267,0.08373387141900751,0.46216413598129463
00204429_07,02044,1,T2,T1,0.562917778661381,0.20124285805875994,0.057267357734582226,0.17857200554527672
00204429_10,02044,1,T4,T4,0.2534990334860388,0.12276118895000532,0.12439985391051576,0.49933992365344015
00204501_01,02045,1,T2,T4,0.3258363057937413,0.11831115518229623,0.17138753013262786,0.3844650088913346
00204501_05,02045,1,T1,T2,0.0811368580477648,0.43845897174576665,0.4300588809589311,0.05034528924753761
00204501_06,02045,1,T2,T3,0.00016330945176738562,0.4632733203509463,0.5363436205251692,0.00021974967211720977
00204501_07,02045,1,T4,T3,3.387464760327123e-10,0.1879232501216874,0.8120765094401382,2.4009942795117525e-07
00204507_02,02045,1,T4,T4,0.2918621601491196,0.11621154915158642,0.18185132057715686,0.41007497012213723
00204507_03,02045,1,T2,T4,0.2968886734361955,0.2852595636695232,0.11243429024015349,0.3054174726541278
00204507_04,02045,1,T4,T1,0.3373075282871697,0.1812790823630013,0.24845986918665397,0.23295352016317505
00204507_05,02045,1,T4,T1,0.3386223793865608,0.2067762335505339,0.2571668638150058,0.19743452324789948
00204507_06,02045,1,T1,T1,0.36776798640734126,0.27989459966269636,0.09292805697393197,0.2594093569560305
00204508_00,02045,1,T2,T1,0.3239818717315294,0.20179318591597864,0.2624627350430396,0.21176220730945236
00204508_02,02045,1,T4,T1,0.3616731434096044,0.3542931421655229,0.11710853593817162,0.16692517848670113
00204509_03,02045,1,T1,T1,0.39188004860006703,0.1795790396902392,0.23336902793470285,0.19517188377499092
00204511_01,02045,1,T1,T4,0.2559262724517569,0.11524738087305944,0.2332402790472139,0.3955860676279697
00204511_06,02045,1,T2,T2,0.3439638656211658,0.44238017777365035,0.1259966660324058,0.08765929057277813
00204511_07,02045,1,T4,T2,0.2876194277166437,0.38620760008023225,0.20487068548807144,0.12130228671505268
00204513_02,02045,1,T4,T1,0.34751884115454923,0.15950762954035866,0.233556838023908,0.2594166912811842
00204513_03,02045,1,T4,T1,0.32463200605201803,0.16071195308578293,0.24441012807678789,0.2702459127854111
00204513_06,02045,1,T1,T1,0.31709599606850414,0.15260585940910115,0.2632747150656944,0.26702342945670027
00204513_08,02045,1,T2,T3,0.1870501888129674,0.2354643699891691,0.36013091343813064,0.21735452775973288
00204513_10,02045,1,T4,T2,0.06113060924451086,0.3459167928202649,0.3171247478379813,0.2758278500972429
00204518_01,02045,1,T4,T1,0.378928579232809,0.14333801323306156,0.17484907418520337,0.3028843333489261
00204518_04,02045,1,T2,T1,0.30252753049153824,0.23238961884173423,0.27470514014474695,0.19037771052198063
00204518_06,02045,1,T1,T2,0.24429654132956286,0.36491647663331267,0.23912198146116578,0.1516650005759586
00204518_08,02045,1,T1,T2,0.2496696402394638,0.38371587095380816,0.18499931107852016,0.1816151777282078
00204518_10,02045,1,T2,T2,0.00813781368021557,0.5483263660050126,0.42309129120279476,0.020444529111976986
00204520_00,02045,1,T4,T1,0.42905146744410444,0.19915668770418826,0.046189932430065826,0.3256019124216414
00204520_03,02045,1,T1,T4,0.30418031932574835,0.12385916739834538,0.2205316733789424,0.3514288398969639
00204520_05,02045,1,T4,T1,0.5306766204289172,0.18645919770056427,0.09968010490710347,0.18318407696341515
00204520_06,02045,1,T2,T1,0.434232549522839,0.1896327018937015,0.0677577533432318,0.30837699524022755
00204520_08,02045,1,T4,T2,0.3055165252942214,0.3218599319313465,0.22865163978812264,0.14397190298630952
00204524_03,02045,1,T1,T2,0.19512040099696168,0.4790658925038353,0.19834334386139463,0.12747036263780834
00204524_04,02045,1,T2,T4,0.25437262080004547,0.27046085153371224,0.13703143155964315,0.3381350961065992
00204526_00,02045,1,T4,T2,0.08049730352124768,0.47553563710580615,0.40651848470721497,0.03744857466573129
00204526_02,02045,1,T2,T3,0.24277282184978466,0.2870990609802777,0.35876708164346943,0.11136103552646824
00204526_05,02045,1,T1,T3,0.22246310595956073,0.27263397035565645,0.35970380511394023,0.14519911857084256
00204526_07,02045,1,T1,T2,0.26284641780964646,0.448274941487344,0.20130034669582944,0.08757829400718027
00204526_08,02045,1,T3,T3,0.17573078178438356,0.29040983076267085,0.4139667485955859,0.11989263885735985
00204526_09,02045,1,T3,T3,0.2167755544457951,0.21026322447770043,0.38697029886575285,0.1859909222107516
00204528_00,02045,1,T4,T2,0.13394044018108286,0.5421685079742231,0.2816111828214081,0.0422798690232858
00204528_03,02045,1,T2,T1,0.29157856380696406,0.2788690201369575,0.2636479313373831,0.16590448471869523
00204528_04,02045,1,T3,T3,0.29252586195331676,0.17946233433471676,0.294159155448574,0.2338526482633925
00204528_05,02045,1,T4,T2,0.17357053528522606,0.3981189478627887,0.31485462932652997,0.11345588752545538
00204528_07,02045,1,T3,T3,0.07522890810137983,0.2624839170138004,0.532361437546174,0.12992573733864576
00204529_02,02045,1,T4,T3,0.18686620037735857,0.28280950796885934,0.4133712887199958,0.11695300293378638
00204529_03,02045,1,T3,T3,0.17268459493332725,0.21949118002913512,0.43581626784836375,0.17200795718917397
00204529_04,02045,1,T1,T1,0.41083635165134186,0.21038118582996593,0.06364388321685265,0.3151385793018396
00204529_05,02045,1,T1,T1,0.43068509429413226,0.2230147765433877,0.047737835934559866,0.2985622932279201
00204529_07,02045,1,T2,T3,0.009919589034263493,0.4010607412991327,0.5856681680647318,0.0033515016018719453
00204529_08,02045,1,T3,T2,0.1921769404040978,0.44177657107546475,0.2519555806624639,0.11409090785797375
00204529_10,02045,1,T4,T2,0.15118117434987774,0.37871624008676896,0.3355051850282631,0.13459740053509023
00204601_01,02046,1,T2,T4,0.1278385232792777,0.12249095532549553,0.22515073622742582,0.5245197851678008
00204601_03,02046,1,T4,T1,0.4586126315799796,0.08179195861134264,0.08698489790774688,0.37261051190093086
00204601_05,02046,1,T1,T1,0.4344167646425042,0.22231915961389367,0.09650304959366579,0.24676102614993622
00204601_06,02046,1,T2,T3,0.1164200919974124,0.37987294525311843,0.42517045417164084,0.07853650857782836
00204601_07,02046,1,T4,T4,0.29098703342931587,0.19159857454823856,0.17977267527442498,0.33764171674802057
00204601_09,02046,1,T1,T1,0.44374459602654837,0.2055442957421519,0.10882078800952251,0.24189032022177728
00204601_10,02046,1,T2,T2,0.17209382254484162,0.4818647117569304,0.18499090433535367,0.16105056136287432
00204607_02,02046,1,T4,T1,0.3969064077878161,0.10269494143825096,0.1063482255406618,0.39405042523327116
00204607_03,02046,1,T2,T1,0.42608145965639493,0.17130647476751606,0.05238960333316188,0.350222462242927
00204607_04,02046,1,T4,T4,0.1328143539229698,0.07616034385681833,0.14306492045103217,0.6479603817691797
00204607_05,02046,1,T4,T4,0.4195395601725793,0.0522277378069391,0.04597749896937327,0.48225520305110825
00204608_02,02046,1,T4,T1,0.3116141746867618,0.2541530451071139,0.14559758475800405,0.28863519544812033
00204608_04,02046,1,T3,T1,0.4014468351173937,0.23517999504684323,0.14589705932732838,0.2174761105084348
00204608_05,02046,1,T4,T4,0.2698924087210272,0.14004153702831817,0.16567625212602088,0.4243898021246339
00204608_07,02046,1,T2,T2,0.23443041200260947,0.3128151088550055,0.29985004938665477,0.15290442975573018
00204609_03,02046,1,T1,T1,0.6010660940024705,0.09469405046734769,0.07958073275242314,0.22465912277775865
00204609_10,02046,1,T4,T1,0.49567217387674994,0.14984044059267854,0.0845287101573245,0.2699586753732471
00204609_11,02046,1,T4,T1,0.5028017383175675,0.1375120625928028,0.07331758370516099,0.2863686153844688
00204611_06,02046,1,T2,T3,0.02164751880707948,0.4474714311054906,0.5209821571860737,0.00989889290135623
00204611_07,02046,1,T4,T4,0.2516248572732018,0.15028165020082945,0.12691332668889768,0.4711801658370711
00204611_08,02046,1,T3,T2,0.24198756483691294,0.3530020814764252,0.27509026077728926,0.12992009290937243
00204611_10,02046,1,T2,T2,0.10054498794235557,0.4111152690134952,0.22363662400028472,0.26470311904386445
00204611_11,02046,1,T4,T4,0.07171809267395003,1.0566490939424442e-05,1.0366114694226724e-05,0.9282609747204164
00204613_02,02046,1,T4,T1,0.5686437259464886,0.08425312693014841,0.04001304203672529,0.30709010508663775
00204613_03,02046,1,T4,T1,0.4819494779281672,0.09927011323537925,0.07414692724703908,0.3446334815894145
00204613_06,02046,1,T1,T4,0.22563778591967001,0.21570990200730125,0.24347649591618867,0.31517581615684015
00204613_08,02046,1,T2,T2,0.2711138961877614,0.3440772524933986,0.279553662050874,0.10525518926796602
00204613_10,02046,1,T4,T4,2.3508345257060994e-05,0.0013868058290798285,0.48733968112089776,0.5112500047047654
00204618_01,02046,1,T4,T4,0.3738039081056653,0.06902289692577188,0.07399984936115227,0.48317334560741065
00204618_02,02046,1,T1,T4,0.3073624880110776,0.16522429265828095,0.050733176781862115,0.47668004254877944
00204618_03,02046,1,T1,T1,0.4359910543077755,0.07834169979242739,0.08333128590934727,0.4023359599904499
00204618_04,02046,1,T2,T3,0.22391336108839113,0.21741305471820022,0.3335198890035071,0.2251536951899015
00204618_06,02046,1,T1,T1,0.4573563310398926,0.18645342498168477,0.09701313111285431,0.25917711286556827
00204618_08,02046,1,T1,T1,0.4549617173292801,0.12974933734219393,0.07620633928316475,0.33908260604536117
00204618_10,02046,1,T2,T2,0.2577843825031193,0.33191578373331926,0.17573823153134455,0.23456160223221695
00204620_00,02046,1,T4,T1,0.4225852017162109,0.1078300887422857,0.071438811857592,0.39814589768391156
00204620_03,02046,1,T1,T1,0.5493570278489323,0.07978491064254031,0.07466453992465429,0.2961935215838731
00204620_08,02046,1,T4,T4,0.3892431118966397,0.08277473429035888,0.1035226893116927,0.4244594645013087
00204624_01,02046,1,T4,T1,0.3777382342270601,0.15872100987620233,0.12203262754776742,0.3415081283489701
00204624_04,02046,1,T2,T4,0.32179689074978335,0.21727067689162793,0.10996848394229032,0.35096394841629835
00204626_00,02046,1,T4,T1,0.3019594366971156,0.2638364461412585,0.16857382454234307,0.2656302926192828
00204626_02,02046,1,T2,T1,0.2920652825002795,0.2535175882541587,0.26927618648043,0.1851409427651318
00204626_04,02046,1,T4,T4,0.2607185037483387,0.19468126194373048,0.1806634699083331,0.3639367643995978
00204626_06,02046,1,T4,T2,0.2808344198905566,0.2989927473672631,0.2868098930850508,0.13336293965712948
00204626_07,02046,1,T1,T1,0.48706964897013183,0.22549484329444788,0.08668755282762954,0.2007479549077906
00204626_08,02046,1,T3,T2,0.2404063254935868,0.48858227870520726,0.21040723950731183,0.06060415629389405
00204626_09,02046,1,T3,T4,0.3113839986412464,0.14925611969988034,0.20776978648590655,0.3315900951729667
00204628_00,02046,1,T4,T4,0.3885586518648863,0.15059597421126977,0.06099048647910833,0.3998548874447357
00204628_01,02046,1,T2,T1,0.3721980486275627,0.1642569205232851,0.2754721603965029,0.18807287045264937
00204628_04,02046,1,T3,T1,0.3952870641765854,0.12186407219636752,0.15722460823353918,0.32562425539350787
00204628_05,02046,1,T4,T4,0.3523853463528407,0.1557901799343108,0.12443335499161738,0.36739111872123115
00204628_07,02046,1,T3,T2,0.32925723411636504,0.36104410366468165,0.19789745371736847,0.11180120850158493
00204629_02,02046,1,T4,T4,0.31113254237171345,0.13793338961184615,0.13777077451995193,0.41316329349648845
00204629_04,02046,1,T1,T2,0.09956657627709059,0.4796801831643049,0.13348197644285764,0.2872712641157468
00204629_05,02046,1,T1,T1,0.38763325109440155,0.18542446606684257,0.05041791753268781,0.37652436530606803
00204629_07,02046,1,T2,T4,0.14918935231996094,0.14828535733769754,0.10977762772608503,0.5927476626162566
00204629_08,02046,1,T3,T2,0.2951556909423097,0.32339908970597797,0.2052188788434852,0.17622634050822705
00204629_10,02046,1,T4,T4,0.34899636470328776,0.11833294709757076,0.06722152002182143,0.46544916817731996
