t_accept,t_incorrect,t2_safe,n,n_acceptable,n_uncertain,n_incorrect,coverage,abstention_rate,acceptable_precision,incorrect_precision,incorrect_recall,selective_error,false_acceptance_among_accepted,false_rejection_among_flagged,accepted_correct,accepted_incorrect,flagged_incorrect,flagged_correct,speakers_any,speakers_5plus,speakers_with_incorrect,speakers_with_acceptable
0.10543,0.47017,False,1424,29,604,791,0.5758426966292135,0.4241573033707865,0.9310344827586207,0.21491782553729458,0.7053941908713693,0.7597560975609756,0.06896551724137931,0.7850821744627055,27,2,170,621,32,31,32,19
0.10543,0.47017,True,1424,29,787,608,0.4473314606741573,0.5526685393258427,0.9310344827586207,0.22039473684210525,0.5560165975103735,0.7472527472527473,0.06896551724137931,0.7796052631578947,27,2,134,474,32,31,32,19
0.10543,0.47143,False,1424,29,621,774,0.5639044943820225,0.43609550561797755,0.9310344827586207,0.21705426356589147,0.6970954356846473,0.7571606475716065,0.06896551724137931,0.7829457364341085,27,2,168,606,32,31,32,19
0.10543,0.47143,True,1424,29,803,592,0.43609550561797755,0.5639044943820225,0.9310344827586207,0.22297297297297297,0.5477178423236515,0.7439613526570048,0.06896551724137931,0.777027027027027,27,2,132,460,32,31,32,19
0.10543,0.4729,False,1424,29,643,752,0.5484550561797753,0.4515449438202247,0.9310344827586207,0.21941489361702127,0.6846473029045643,0.7541613316261203,0.06896551724137931,0.7805851063829787,27,2,165,587,32,31,32,19
0.10543,0.4729,True,1424,29,823,572,0.4220505617977528,0.5779494382022472,0.9310344827586207,0.22552447552447552,0.5352697095435685,0.740432612312812,0.06896551724137931,0.7744755244755245,27,2,129,443,32,31,32,19
0.10543,0.4749,False,1424,29,665,730,0.5330056179775281,0.4669943820224719,0.9310344827586207,0.2232876712328767,0.6763485477178424,0.7496706192358367,0.06896551724137931,0.7767123287671233,27,2,163,567,32,30,32,19
0.10543,0.4749,True,1424,29,843,552,0.4080056179775281,0.5919943820224719,0.9310344827586207,0.23007246376811594,0.5269709543568465,0.7349397590361446,0.06896551724137931,0.769927536231884,27,2,127,425,32,30,32,19
0.10543,0.47582,False,1424,29,678,717,0.523876404494382,0.476123595505618,0.9310344827586207,0.22454672245467225,0.6680497925311203,0.7479892761394102,0.06896551724137931,0.7754532775453278,27,2,161,556,32,30,32,19
0.10543,0.47582,True,1424,29,854,541,0.4002808988764045,0.5997191011235955,0.9310344827586207,0.23105360443622922,0.5186721991701245,0.7333333333333333,0.06896551724137931,0.7689463955637708,27,2,125,416,32,30,32,19
0.10543,0.47709,False,1424,29,698,697,0.5098314606741573,0.4901685393258427,0.9310344827586207,0.2266857962697274,0.6556016597510373,0.7451790633608816,0.06896551724137931,0.7733142037302726,27,2,158,539,32,30,32,19
0.10543,0.47709,True,1424,29,871,524,0.3883426966292135,0.6116573033707865,0.9310344827586207,0.23282442748091603,0.5062240663900415,0.7305605786618445,0.06896551724137931,0.767175572519084,27,2,122,402,32,30,32,19
0.10543,0.47817,False,1424,29,714,681,0.49859550561797755,0.5014044943820225,0.9310344827586207,0.22466960352422907,0.6348547717842323,0.7464788732394366,0.06896551724137931,0.775330396475771,27,2,153,528,32,30,32,19
0.10543,0.47817,True,1424,29,883,512,0.37991573033707865,0.6200842696629213,0.9310344827586207,0.232421875,0.49377593360995853,0.7301293900184843,0.06896551724137931,0.767578125,27,2,119,393,32,30,32,19
0.10543,0.47945,False,1424,29,734,661,0.4845505617977528,0.5154494382022472,0.9310344827586207,0.22692889561270801,0.6224066390041494,0.7434782608695653,0.06896551724137931,0.773071104387292,27,2,150,511,32,30,32,19
0.10543,0.47945,True,1424,29,899,496,0.3686797752808989,0.6313202247191011,0.9310344827586207,0.23588709677419356,0.4854771784232365,0.7257142857142858,0.06896551724137931,0.7641129032258065,27,2,117,379,32,30,32,19
0.10543,0.48134,False,1424,29,755,640,0.46980337078651685,0.5301966292134831,0.9310344827586207,0.2328125,0.6182572614107884,0.7369207772795217,0.06896551724137931,0.7671875,27,2,149,491,32,30,32,19
0.10543,0.48134,True,1424,29,917,478,0.35603932584269665,0.6439606741573034,0.9310344827586207,0.24476987447698745,0.4854771784232365,0.7159763313609467,0.06896551724137931,0.7552301255230126,27,2,117,361,32,30,32,19
0.10543,0.48236,False,1424,29,775,620,0.45575842696629215,0.5442415730337079,0.9310344827586207,0.23870967741935484,0.6141078838174274,0.7303543913713405,0.06896551724137931,0.7612903225806451,27,2,148,472,32,29,32,19
0.10543,0.48236,True,1424,29,932,463,0.3455056179775281,0.6544943820224719,0.9310344827586207,0.2526997840172786,0.4854771784232365,0.7073170731707317,0.06896551724137931,0.7473002159827213,27,2,117,346,32,29,32,19
0.10543,0.48406,False,1424,29,796,599,0.4410112359550562,0.5589887640449438,0.9310344827586207,0.2387312186978297,0.5933609958506224,0.7292993630573248,0.06896551724137931,0.7612687813021702,27,2,143,456,32,29,32,19
0.10543,0.48406,True,1424,29,946,449,0.3356741573033708,0.6643258426966292,0.9310344827586207,0.25389755011135856,0.4730290456431535,0.7050209205020921,0.06896551724137931,0.7461024498886414,27,2,114,335,32,29,32,19
0.10543,0.48558,False,1424,29,818,577,0.425561797752809,0.574438202247191,0.9310344827586207,0.24436741767764297,0.5850622406639004,0.7227722772277227,0.06896551724137931,0.755632582322357,27,2,141,436,32,29,32,19
0.10543,0.48558,True,1424,29,963,432,0.3237359550561798,0.6762640449438202,0.9310344827586207,0.2638888888888889,0.4730290456431535,0.6941431670281996,0.06896551724137931,0.7361111111111112,27,2,114,318,32,28,32,19
0.10543,0.48786,False,1424,29,839,556,0.41081460674157305,0.589185393258427,0.9310344827586207,0.2517985611510791,0.5809128630705395,0.7145299145299145,0.06896551724137931,0.7482014388489209,27,2,140,416,32,29,32,19
0.10543,0.48786,True,1424,29,978,417,0.31320224719101125,0.6867977528089888,0.9310344827586207,0.2733812949640288,0.4730290456431535,0.6838565022421524,0.06896551724137931,0.7266187050359713,27,2,114,303,32,28,32,19
0.10543,0.48938,False,1424,29,852,543,0.40168539325842695,0.598314606741573,0.9310344827586207,0.2523020257826888,0.5684647302904564,0.7132867132867133,0.06896551724137931,0.7476979742173112,27,2,137,406,32,29,32,19
0.10543,0.48938,True,1424,29,991,404,0.30407303370786515,0.6959269662921348,0.9310344827586207,0.2747524752475248,0.4605809128630705,0.6812933025404158,0.06896551724137931,0.7252475247524752,27,2,111,293,32,28,32,19
0.10543,0.49294,False,1424,29,874,521,0.3862359550561798,0.6137640449438202,0.9310344827586207,0.2476007677543186,0.5352697095435685,0.7163636363636363,0.06896551724137931,0.7523992322456814,27,2,129,392,32,29,32,19
0.10543,0.49294,True,1424,29,1003,392,0.29564606741573035,0.7043539325842697,0.9310344827586207,0.27040816326530615,0.43983402489626555,0.684085510688836,0.06896551724137931,0.7295918367346939,27,2,106,286,32,28,32,19
0.10543,0.49536,False,1424,29,891,504,0.37429775280898875,0.6257022471910112,0.9310344827586207,0.25396825396825395,0.5311203319502075,0.7091932457786116,0.06896551724137931,0.746031746031746,27,2,128,376,32,28,32,19
0.10543,0.49536,True,1424,29,1016,379,0.28651685393258425,0.7134831460674157,0.9310344827586207,0.2770448548812665,0.43568464730290457,0.6764705882352942,0.06896551724137931,0.7229551451187335,27,2,105,274,32,27,32,19
0.10543,0.49788,False,1424,29,913,482,0.35884831460674155,0.6411516853932584,0.9310344827586207,0.2551867219917012,0.5103734439834025,0.7064579256360078,0.06896551724137931,0.7448132780082988,27,2,123,359,32,28,32,19
0.10543,0.49788,True,1424,29,1033,362,0.27457865168539325,0.7254213483146067,0.9310344827586207,0.281767955801105,0.42323651452282157,0.670076726342711,0.06896551724137931,0.7182320441988951,27,2,102,260,32,27,32,19
0.10543,0.49958,False,1424,29,932,463,0.3455056179775281,0.6544943820224719,0.9310344827586207,0.2570194384449244,0.49377593360995853,0.7032520325203252,0.06896551724137931,0.7429805615550756,27,2,119,344,32,27,32,19
0.10543,0.49958,True,1424,29,1047,348,0.26474719101123595,0.735252808988764,0.9310344827586207,0.28160919540229884,0.4066390041493776,0.6684350132625995,0.06896551724137931,0.7183908045977011,27,2,98,250,32,27,32,19
0.10543,0.50318,False,1424,29,953,442,0.33075842696629215,0.6692415730337079,0.9310344827586207,0.26018099547511314,0.47717842323651455,0.6985138004246284,0.06896551724137931,0.7398190045248869,27,2,115,327,32,27,32,19
0.10543,0.50318,True,1424,29,1062,333,0.2542134831460674,0.7457865168539326,0.9310344827586207,0.2822822822822823,0.3900414937759336,0.6657458563535912,0.06896551724137931,0.7177177177177178,27,2,94,239,32,26,32,19
0.10543,0.50533,False,1424,29,975,420,0.31530898876404495,0.6846910112359551,0.9310344827586207,0.2619047619047619,0.45643153526970953,0.6948775055679287,0.06896551724137931,0.7380952380952381,27,2,110,310,32,27,32,19
0.10543,0.50533,True,1424,29,1078,317,0.24297752808988765,0.7570224719101124,0.9310344827586207,0.28391167192429023,0.37344398340248963,0.661849710982659,0.06896551724137931,0.7160883280757098,27,2,90,227,32,25,32,19
0.10543,0.50776,False,1424,29,997,398,0.29985955056179775,0.7001404494382022,0.9310344827586207,0.2638190954773869,0.43568464730290457,0.6908665105386417,0.06896551724137931,0.7361809045226131,27,2,105,293,32,26,32,19
0.10543,0.50776,True,1424,29,1094,301,0.23174157303370788,0.7682584269662921,0.9310344827586207,0.2823920265780731,0.35269709543568467,0.6606060606060606,0.06896551724137931,0.717607973421927,27,2,85,216,32,24,32,19
0.10543,0.5105,False,1424,29,1013,382,0.288623595505618,0.711376404494382,0.9310344827586207,0.27486910994764396,0.43568464730290457,0.6788321167883211,0.06896551724137931,0.725130890052356,27,2,105,277,32,26,32,19
0.10543,0.5105,True,1424,29,1105,290,0.22401685393258428,0.7759831460674157,0.9310344827586207,0.29310344827586204,0.35269709543568467,0.6489028213166145,0.06896551724137931,0.7068965517241379,27,2,85,205,32,24,32,19
0.10543,0.51391,False,1424,29,1033,362,0.27457865168539325,0.7254213483146067,0.9310344827586207,0.27624309392265195,0.4149377593360996,0.6751918158567775,0.06896551724137931,0.7237569060773481,27,2,100,262,32,25,32,19
0.10543,0.51391,True,1424,29,1116,279,0.21629213483146068,0.7837078651685393,0.9310344827586207,0.2939068100358423,0.34024896265560167,0.6461038961038961,0.06896551724137931,0.7060931899641577,27,2,82,197,32,24,32,19
0.10543,0.51704,False,1424,29,1052,343,0.2612359550561798,0.7387640449438202,0.9310344827586207,0.27696793002915454,0.3941908713692946,0.6720430107526881,0.06896551724137931,0.7230320699708455,27,2,95,248,32,25,32,19
0.10543,0.51704,True,1424,29,1132,263,0.2050561797752809,0.7949438202247191,0.9310344827586207,0.2965779467680608,0.3236514522821577,0.6404109589041096,0.06896551724137931,0.7034220532319392,27,2,78,185,32,23,32,19
0.10543,0.51897,False,1424,29,1072,323,0.24719101123595505,0.7528089887640449,0.9310344827586207,0.28173374613003094,0.3775933609958506,0.6647727272727273,0.06896551724137931,0.718266253869969,27,2,91,232,32,25,32,19
0.10543,0.51897,True,1424,29,1151,244,0.19171348314606743,0.8082865168539326,0.9310344827586207,0.30327868852459017,0.3070539419087137,0.63003663003663,0.06896551724137931,0.6967213114754098,27,2,74,170,32,21,32,19
0.10543,0.52434,False,1424,29,1093,302,0.2324438202247191,0.7675561797752809,0.9310344827586207,0.28807947019867547,0.36099585062240663,0.6555891238670695,0.06896551724137931,0.7119205298013245,27,2,87,215,32,24,32,19
0.10543,0.52434,True,1424,29,1170,225,0.17837078651685392,0.8216292134831461,0.9310344827586207,0.3111111111111111,0.29045643153526973,0.6181102362204725,0.06896551724137931,0.6888888888888889,27,2,70,155,32,20,32,19
0.10543,0.52767,False,1424,29,1109,286,0.22120786516853932,0.7787921348314607,0.9310344827586207,0.2972027972027972,0.35269709543568467,0.6444444444444445,0.06896551724137931,0.7027972027972028,27,2,85,201,32,23,32,19
0.10543,0.52767,True,1424,29,1183,212,0.16924157303370788,0.8307584269662921,0.9310344827586207,0.32075471698113206,0.2821576763485477,0.6058091286307054,0.06896551724137931,0.6792452830188679,27,2,68,144,32,18,32,19
0.10543,0.53286,False,1424,29,1131,264,0.20575842696629212,0.7942415730337079,0.9310344827586207,0.3068181818181818,0.3360995850622407,0.6313993174061433,0.06896551724137931,0.6931818181818182,27,2,81,183,32,21,32,19
0.10543,0.53286,True,1424,29,1201,194,0.15660112359550563,0.8433988764044944,0.9310344827586207,0.32989690721649484,0.26556016597510373,0.5919282511210763,0.06896551724137931,0.6701030927835051,27,2,64,130,32,18,32,19
0.10543,0.53953,False,1424,29,1153,242,0.19030898876404495,0.8096910112359551,0.9310344827586207,0.30991735537190085,0.3112033195020747,0.6236162361623616,0.06896551724137931,0.6900826446280992,27,2,75,167,32,18,32,19
0.10543,0.53953,True,1424,29,1218,177,0.1446629213483146,0.8553370786516854,0.9310344827586207,0.3389830508474576,0.24896265560165975,0.5776699029126213,0.06896551724137931,0.6610169491525424,27,2,60,117,32,17,32,19
0.10543,0.54572,False,1424,29,1174,221,0.175561797752809,0.824438202247191,0.9310344827586207,0.3212669683257919,0.2946058091286307,0.608,0.06896551724137931,0.6787330316742082,27,2,71,150,32,17,32,19
0.10543,0.54572,True,1424,29,1232,163,0.1348314606741573,0.8651685393258427,0.9310344827586207,0.3558282208588957,0.24066390041493776,0.5572916666666666,0.06896551724137931,0.6441717791411042,27,2,58,105,32,15,32,19
0.10543,0.54999,False,1424,29,1192,203,0.16292134831460675,0.8370786516853933,0.9310344827586207,0.3399014778325123,0.2863070539419087,0.5862068965517241,0.06896551724137931,0.6600985221674877,27,2,69,134,32,16,31,19
0.10543,0.54999,True,1424,29,1248,147,0.12359550561797752,0.8764044943820225,0.9310344827586207,0.38095238095238093,0.23236514522821577,0.5284090909090909,0.06896551724137931,0.6190476190476191,27,2,56,91,32,14,30,19
0.10543,0.55464,False,1424,29,1214,181,0.14747191011235955,0.8525280898876404,0.9310344827586207,0.3370165745856354,0.25311203319502074,0.580952380952381,0.06896551724137931,0.6629834254143646,27,2,61,120,32,15,30,19
0.10543,0.55464,True,1424,29,1264,131,0.11235955056179775,0.8876404494382022,0.9310344827586207,0.3893129770992366,0.21161825726141079,0.5125,0.06896551724137931,0.6106870229007634,27,2,51,80,32,12,29,19
0.10543,0.56209,False,1424,29,1235,160,0.1327247191011236,0.8672752808988764,0.9310344827586207,0.35,0.23236514522821577,0.5608465608465608,0.06896551724137931,0.65,27,2,56,104,31,14,29,19
0.10543,0.56209,True,1424,29,1278,117,0.10252808988764045,0.8974719101123596,0.9310344827586207,0.41025641025641024,0.1991701244813278,0.4863013698630137,0.06896551724137931,0.5897435897435898,27,2,48,69,31,11,28,19
0.10543,0.57246,False,1424,29,1257,138,0.1172752808988764,0.8827247191011236,0.9310344827586207,0.35507246376811596,0.2033195020746888,0.5449101796407185,0.06896551724137931,0.644927536231884,27,2,49,89,31,11,29,19
0.10543,0.57246,True,1424,29,1291,104,0.09339887640449439,0.9066011235955056,0.9310344827586207,0.40384615384615385,0.17427385892116182,0.48120300751879697,0.06896551724137931,0.5961538461538461,27,2,42,62,31,9,28,19
0.10543,0.58583,False,1424,29,1279,116,0.10182584269662921,0.8981741573033708,0.9310344827586207,0.3879310344827586,0.18672199170124482,0.503448275862069,0.06896551724137931,0.6120689655172413,27,2,45,71,29,9,26,19
0.10543,0.58583,True,1424,29,1307,88,0.08216292134831461,0.9178370786516854,0.9310344827586207,0.4318181818181818,0.15767634854771784,0.4444444444444444,0.06896551724137931,0.5681818181818182,27,2,38,50,29,6,26,19
0.10543,0.59836,False,1424,29,1301,94,0.08637640449438203,0.913623595505618,0.9310344827586207,0.40425531914893614,0.15767634854771784,0.4715447154471545,0.06896551724137931,0.5957446808510638,27,2,38,56,29,8,24,19
0.10543,0.59836,True,1424,29,1322,73,0.07162921348314606,0.9283707865168539,0.9310344827586207,0.4383561643835616,0.13278008298755187,0.4215686274509804,0.06896551724137931,0.5616438356164384,27,2,32,41,29,6,24,19
0.10543,0.61936,False,1424,29,1322,73,0.07162921348314606,0.9283707865168539,0.9310344827586207,0.4246575342465753,0.12863070539419086,0.43137254901960786,0.06896551724137931,0.5753424657534246,27,2,31,42,28,5,23,19
0.10543,0.61936,True,1424,29,1340,55,0.05898876404494382,0.9410112359550562,0.9310344827586207,0.45454545454545453,0.1037344398340249,0.38095238095238093,0.06896551724137931,0.5454545454545454,27,2,25,30,28,3,23,19
0.10543,0.67291,False,1424,29,1344,51,0.056179775280898875,0.9438202247191011,0.9310344827586207,0.47058823529411764,0.0995850622406639,0.3625,0.06896551724137931,0.5294117647058824,27,2,24,27,26,3,19,19
0.10543,0.67291,True,1424,29,1354,41,0.04915730337078652,0.9508426966292135,0.9310344827586207,0.5121951219512195,0.08713692946058091,0.3142857142857143,0.06896551724137931,0.4878048780487805,27,2,21,20,26,2,19,19
0.10543,0.78196,False,1424,29,1366,29,0.04073033707865169,0.9592696629213483,0.9310344827586207,0.41379310344827586,0.04979253112033195,0.3275862068965517,0.06896551724137931,0.5862068965517241,27,2,12,17,24,2,14,19
0.10543,0.78196,True,1424,29,1369,26,0.038623595505617975,0.961376404494382,0.9310344827586207,0.4230769230769231,0.04564315352697095,0.3090909090909091,0.06896551724137931,0.5769230769230769,27,2,11,15,23,2,13,19
0.10543,0.96896,False,1424,29,1387,8,0.02598314606741573,0.9740168539325843,0.9310344827586207,0.75,0.024896265560165973,0.10810810810810811,0.06896551724137931,0.25,27,2,6,2,19,1,4,19
0.10543,0.96896,True,1424,29,1388,7,0.025280898876404494,0.9747191011235955,0.9310344827586207,0.7142857142857143,0.02074688796680498,0.1111111111111111,0.06896551724137931,0.2857142857142857,27,2,5,2,19,1,4,19
0.23188,0.47017,False,1424,57,576,791,0.5955056179775281,0.4044943820224719,0.8771929824561403,0.21491782553729458,0.7053941908713693,0.7405660377358491,0.12280701754385964,0.7850821744627055,50,7,170,621,32,32,32,23
0.23188,0.47017,True,1424,57,759,608,0.4669943820224719,0.5330056179775281,0.8771929824561403,0.22039473684210525,0.5560165975103735,0.7233082706766917,0.12280701754385964,0.7796052631578947,50,7,134,474,32,32,32,23
0.23188,0.47143,False,1424,57,593,774,0.5835674157303371,0.4164325842696629,0.8771929824561403,0.21705426356589147,0.6970954356846473,0.7376654632972323,0.12280701754385964,0.7829457364341085,50,7,168,606,32,32,32,23
0.23188,0.47143,True,1424,57,775,592,0.45575842696629215,0.5442415730337079,0.8771929824561403,0.22297297297297297,0.5477178423236515,0.7195685670261941,0.12280701754385964,0.777027027027027,50,7,132,460,32,32,32,23
0.23188,0.4729,False,1424,57,615,752,0.5681179775280899,0.4318820224719101,0.8771929824561403,0.21941489361702127,0.6846473029045643,0.7342398022249691,0.12280701754385964,0.7805851063829787,50,7,165,587,32,31,32,23
0.23188,0.4729,True,1424,57,795,572,0.4417134831460674,0.5582865168539326,0.8771929824561403,0.22552447552447552,0.5352697095435685,0.7154213036565977,0.12280701754385964,0.7744755244755245,50,7,129,443,32,31,32,23
0.23188,0.4749,False,1424,57,637,730,0.5526685393258427,0.4473314606741573,0.8771929824561403,0.2232876712328767,0.6763485477178424,0.7293519695044473,0.12280701754385964,0.7767123287671233,50,7,163,567,32,30,32,23
0.23188,0.4749,True,1424,57,815,552,0.4276685393258427,0.5723314606741573,0.8771929824561403,0.23007246376811594,0.5269709543568465,0.7093596059113301,0.12280701754385964,0.769927536231884,50,7,127,425,32,30,32,23
0.23188,0.47582,False,1424,57,650,717,0.5435393258426966,0.45646067415730335,0.8771929824561403,0.22454672245467225,0.6680497925311203,0.727390180878553,0.12280701754385964,0.7754532775453278,50,7,161,556,32,30,32,23
0.23188,0.47582,True,1424,57,826,541,0.4199438202247191,0.5800561797752809,0.8771929824561403,0.23105360443622922,0.5186721991701245,0.7073578595317725,0.12280701754385964,0.7689463955637708,50,7,125,416,32,30,32,23
0.23188,0.47709,False,1424,57,670,697,0.5294943820224719,0.4705056179775281,0.8771929824561403,0.2266857962697274,0.6556016597510373,0.7241379310344828,0.12280701754385964,0.7733142037302726,50,7,158,539,32,30,32,23
0.23188,0.47709,True,1424,57,843,524,0.4080056179775281,0.5919943820224719,0.8771929824561403,0.23282442748091603,0.5062240663900415,0.7039586919104991,0.12280701754385964,0.767175572519084,50,7,122,402,32,30,32,23
0.23188,0.47817,False,1424,57,686,681,0.5182584269662921,0.48174157303370785,0.8771929824561403,0.22466960352422907,0.6348547717842323,0.7249322493224932,0.12280701754385964,0.775330396475771,50,7,153,528,32,30,32,23
0.23188,0.47817,True,1424,57,855,512,0.39957865168539325,0.6004213483146067,0.8771929824561403,0.232421875,0.49377593360995853,0.70298769771529,0.12280701754385964,0.767578125,50,7,119,393,32,30,32,23
0.23188,0.47945,False,1424,57,706,661,0.5042134831460674,0.4957865168539326,0.8771929824561403,0.22692889561270801,0.6224066390041494,0.7214484679665738,0.12280701754385964,0.773071104387292,50,7,150,511,32,30,32,23
0.23188,0.47945,True,1424,57,871,496,0.3883426966292135,0.6116573033707865,0.8771929824561403,0.23588709677419356,0.4854771784232365,0.6980108499095841,0.12280701754385964,0.7641129032258065,50,7,117,379,32,30,32,23
0.23188,0.48134,False,1424,57,727,640,0.48946629213483145,0.5105337078651685,0.8771929824561403,0.2328125,0.6182572614107884,0.7144906743185079,0.12280701754385964,0.7671875,50,7,149,491,32,30,32,23
0.23188,0.48134,True,1424,57,889,478,0.37570224719101125,0.6242977528089888,0.8771929824561403,0.24476987447698745,0.4854771784232365,0.6878504672897197,0.12280701754385964,0.7552301255230126,50,7,117,361,32,30,32,23
0.23188,0.48236,False,1424,57,747,620,0.47542134831460675,0.5245786516853933,0.8771929824561403,0.23870967741935484,0.6141078838174274,0.707533234859675,0.12280701754385964,0.7612903225806451,50,7,148,472,32,29,32,23
0.23188,0.48236,True,1424,57,904,463,0.3651685393258427,0.6348314606741573,0.8771929824561403,0.2526997840172786,0.4854771784232365,0.6788461538461539,0.12280701754385964,0.7473002159827213,50,7,117,346,32,29,32,23
0.23188,0.48406,False,1424,57,768,599,0.4606741573033708,0.5393258426966292,0.8771929824561403,0.2387312186978297,0.5933609958506224,0.7057926829268293,0.12280701754385964,0.7612687813021702,50,7,143,456,32,29,32,23
0.23188,0.48406,True,1424,57,918,449,0.3553370786516854,0.6446629213483146,0.8771929824561403,0.25389755011135856,0.4730290456431535,0.6758893280632411,0.12280701754385964,0.7461024498886414,50,7,114,335,32,29,32,23
0.23188,0.48558,False,1424,57,790,577,0.4452247191011236,0.5547752808988764,0.8771929824561403,0.24436741767764297,0.5850622406639004,0.6987381703470031,0.12280701754385964,0.755632582322357,50,7,141,436,32,29,32,23
0.23188,0.48558,True,1424,57,935,432,0.3433988764044944,0.6566011235955056,0.8771929824561403,0.2638888888888889,0.4730290456431535,0.6646216768916156,0.12280701754385964,0.7361111111111112,50,7,114,318,32,29,32,23
0.23188,0.48786,False,1424,57,811,556,0.43047752808988765,0.5695224719101124,0.8771929824561403,0.2517985611510791,0.5809128630705395,0.6900489396411092,0.12280701754385964,0.7482014388489209,50,7,140,416,32,29,32,23
0.23188,0.48786,True,1424,57,950,417,0.33286516853932585,0.6671348314606742,0.8771929824561403,0.2733812949640288,0.4730290456431535,0.6540084388185654,0.12280701754385964,0.7266187050359713,50,7,114,303,32,29,32,23
0.23188,0.48938,False,1424,57,824,543,0.42134831460674155,0.5786516853932584,0.8771929824561403,0.2523020257826888,0.5684647302904564,0.6883333333333334,0.12280701754385964,0.7476979742173112,50,7,137,406,32,29,32,23
0.23188,0.48938,True,1424,57,963,404,0.3237359550561798,0.6762640449438202,0.8771929824561403,0.2747524752475248,0.4605809128630705,0.6507592190889371,0.12280701754385964,0.7252475247524752,50,7,111,293,32,29,32,23
0.23188,0.49294,False,1424,57,846,521,0.4058988764044944,0.5941011235955056,0.8771929824561403,0.2476007677543186,0.5352697095435685,0.6903114186851211,0.12280701754385964,0.7523992322456814,50,7,129,392,32,29,32,23
0.23188,0.49294,True,1424,57,975,392,0.31530898876404495,0.6846910112359551,0.8771929824561403,0.27040816326530615,0.43983402489626555,0.6525612472160356,0.12280701754385964,0.7295918367346939,50,7,106,286,32,29,32,23
0.23188,0.49536,False,1424,57,863,504,0.39396067415730335,0.6060393258426966,0.8771929824561403,0.25396825396825395,0.5311203319502075,0.6827094474153298,0.12280701754385964,0.746031746031746,50,7,128,376,32,28,32,23
0.23188,0.49536,True,1424,57,988,379,0.3061797752808989,0.6938202247191011,0.8771929824561403,0.2770448548812665,0.43568464730290457,0.6444954128440367,0.12280701754385964,0.7229551451187335,50,7,105,274,32,28,32,23
0.23188,0.49788,False,1424,57,885,482,0.3785112359550562,0.6214887640449438,0.8771929824561403,0.2551867219917012,0.5103734439834025,0.6790352504638218,0.12280701754385964,0.7448132780082988,50,7,123,359,32,28,32,23
0.23188,0.49788,True,1424,57,1005,362,0.29424157303370785,0.7057584269662921,0.8771929824561403,0.281767955801105,0.42323651452282157,0.6372315035799523,0.12280701754385964,0.7182320441988951,50,7,102,260,32,28,32,23
0.23188,0.49958,False,1424,57,904,463,0.3651685393258427,0.6348314606741573,0.8771929824561403,0.2570194384449244,0.49377593360995853,0.675,0.12280701754385964,0.7429805615550756,50,7,119,344,32,28,32,23
0.23188,0.49958,True,1424,57,1019,348,0.28441011235955055,0.7155898876404494,0.8771929824561403,0.28160919540229884,0.4066390041493776,0.6345679012345679,0.12280701754385964,0.7183908045977011,50,7,98,250,32,27,32,23
0.23188,0.50318,False,1424,57,925,442,0.35042134831460675,0.6495786516853933,0.8771929824561403,0.26018099547511314,0.47717842323651455,0.6693386773547094,0.12280701754385964,0.7398190045248869,50,7,115,327,32,28,32,23
0.23188,0.50318,True,1424,57,1034,333,0.273876404494382,0.726123595505618,0.8771929824561403,0.2822822822822823,0.3900414937759336,0.6307692307692307,0.12280701754385964,0.7177177177177178,50,7,94,239,32,27,32,23
0.23188,0.50533,False,1424,57,947,420,0.33497191011235955,0.6650280898876404,0.8771929824561403,0.2619047619047619,0.45643153526970953,0.6645702306079665,0.12280701754385964,0.7380952380952381,50,7,110,310,32,28,32,23
0.23188,0.50533,True,1424,57,1050,317,0.26264044943820225,0.7373595505617978,0.8771929824561403,0.28391167192429023,0.37344398340248963,0.6256684491978609,0.12280701754385964,0.7160883280757098,50,7,90,227,32,26,32,23
0.23188,0.50776,False,1424,57,969,398,0.31952247191011235,0.6804775280898876,0.8771929824561403,0.2638190954773869,0.43568464730290457,0.6593406593406593,0.12280701754385964,0.7361809045226131,50,7,105,293,32,27,32,23
0.23188,0.50776,True,1424,57,1066,301,0.25140449438202245,0.7485955056179775,0.8771929824561403,0.2823920265780731,0.35269709543568467,0.6229050279329609,0.12280701754385964,0.717607973421927,50,7,85,216,32,25,32,23
0.23188,0.5105,False,1424,57,985,382,0.3082865168539326,0.6917134831460674,0.8771929824561403,0.27486910994764396,0.43568464730290457,0.6469248291571754,0.12280701754385964,0.725130890052356,50,7,105,277,32,27,32,23
0.23188,0.5105,True,1424,57,1077,290,0.24367977528089887,0.7563202247191011,0.8771929824561403,0.29310344827586204,0.35269709543568467,0.6109510086455331,0.12280701754385964,0.7068965517241379,50,7,85,205,32,25,32,23
0.23188,0.51391,False,1424,57,1005,362,0.29424157303370785,0.7057584269662921,0.8771929824561403,0.27624309392265195,0.4149377593360996,0.6420047732696897,0.12280701754385964,0.7237569060773481,50,7,100,262,32,27,32,23
0.23188,0.51391,True,1424,57,1088,279,0.23595505617977527,0.7640449438202247,0.8771929824561403,0.2939068100358423,0.34024896265560167,0.6071428571428571,0.12280701754385964,0.7060931899641577,50,7,82,197,32,24,32,23
0.23188,0.51704,False,1424,57,1024,343,0.2808988764044944,0.7191011235955056,0.8771929824561403,0.27696793002915454,0.3941908713692946,0.6375,0.12280701754385964,0.7230320699708455,50,7,95,248,32,27,32,23
0.23188,0.51704,True,1424,57,1104,263,0.2247191011235955,0.7752808988764045,0.8771929824561403,0.2965779467680608,0.3236514522821577,0.6,0.12280701754385964,0.7034220532319392,50,7,78,185,32,24,32,23
0.23188,0.51897,False,1424,57,1044,323,0.26685393258426965,0.7331460674157303,0.8771929824561403,0.28173374613003094,0.3775933609958506,0.6289473684210526,0.12280701754385964,0.718266253869969,50,7,91,232,32,27,32,23
0.23188,0.51897,True,1424,57,1123,244,0.21137640449438203,0.788623595505618,0.8771929824561403,0.30327868852459017,0.3070539419087137,0.5880398671096345,0.12280701754385964,0.6967213114754098,50,7,74,170,32,22,32,23
0.23188,0.52434,False,1424,57,1065,302,0.2521067415730337,0.7478932584269663,0.8771929824561403,0.28807947019867547,0.36099585062240663,0.6183844011142061,0.12280701754385964,0.7119205298013245,50,7,87,215,32,26,32,23
0.23188,0.52434,True,1424,57,1142,225,0.19803370786516855,0.8019662921348315,0.8771929824561403,0.3111111111111111,0.29045643153526973,0.574468085106383,0.12280701754385964,0.6888888888888889,50,7,70,155,32,21,32,23
0.23188,0.52767,False,1424,57,1081,286,0.24087078651685392,0.7591292134831461,0.8771929824561403,0.2972027972027972,0.35269709543568467,0.6064139941690962,0.12280701754385964,0.7027972027972028,50,7,85,201,32,25,32,23
0.23188,0.52767,True,1424,57,1155,212,0.18890449438202248,0.8110955056179775,0.8771929824561403,0.32075471698113206,0.2821576763485477,0.5613382899628253,0.12280701754385964,0.6792452830188679,50,7,68,144,32,19,32,23
0.23188,0.53286,False,1424,57,1103,264,0.22542134831460675,0.7745786516853933,0.8771929824561403,0.3068181818181818,0.3360995850622407,0.5919003115264797,0.12280701754385964,0.6931818181818182,50,7,81,183,32,24,32,23
0.23188,0.53286,True,1424,57,1173,194,0.17626404494382023,0.8237359550561798,0.8771929824561403,0.32989690721649484,0.26556016597510373,0.545816733067729,0.12280701754385964,0.6701030927835051,50,7,64,130,32,19,32,23
0.23188,0.53953,False,1424,57,1125,242,0.20997191011235955,0.7900280898876404,0.8771929824561403,0.30991735537190085,0.3112033195020747,0.5819397993311036,0.12280701754385964,0.6900826446280992,50,7,75,167,32,20,32,23
0.23188,0.53953,True,1424,57,1190,177,0.16432584269662923,0.8356741573033708,0.8771929824561403,0.3389830508474576,0.24896265560165975,0.5299145299145299,0.12280701754385964,0.6610169491525424,50,7,60,117,32,18,32,23
0.23188,0.54572,False,1424,57,1146,221,0.1952247191011236,0.8047752808988764,0.8771929824561403,0.3212669683257919,0.2946058091286307,0.564748201438849,0.12280701754385964,0.6787330316742082,50,7,71,150,32,19,32,23
0.23188,0.54572,True,1424,57,1204,163,0.1544943820224719,0.8455056179775281,0.8771929824561403,0.3558282208588957,0.24066390041493776,0.509090909090909,0.12280701754385964,0.6441717791411042,50,7,58,105,32,16,32,23
0.23188,0.54999,False,1424,57,1164,203,0.18258426966292135,0.8174157303370787,0.8771929824561403,0.3399014778325123,0.2863070539419087,0.5423076923076923,0.12280701754385964,0.6600985221674877,50,7,69,134,32,18,31,23
0.23188,0.54999,True,1424,57,1220,147,0.14325842696629212,0.8567415730337079,0.8771929824561403,0.38095238095238093,0.23236514522821577,0.4803921568627451,0.12280701754385964,0.6190476190476191,50,7,56,91,32,15,30,23
0.23188,0.55464,False,1424,57,1186,181,0.16713483146067415,0.8328651685393258,0.8771929824561403,0.3370165745856354,0.25311203319502074,0.5336134453781513,0.12280701754385964,0.6629834254143646,50,7,61,120,32,16,30,23
0.23188,0.55464,True,1424,57,1236,131,0.13202247191011235,0.8679775280898876,0.8771929824561403,0.3893129770992366,0.21161825726141079,0.4627659574468085,0.12280701754385964,0.6106870229007634,50,7,51,80,32,13,29,23
0.23188,0.56209,False,1424,57,1207,160,0.1523876404494382,0.8476123595505618,0.8771929824561403,0.35,0.23236514522821577,0.511520737327189,0.12280701754385964,0.65,50,7,56,104,31,15,29,23
0.23188,0.56209,True,1424,57,1250,117,0.12219101123595505,0.8778089887640449,0.8771929824561403,0.41025641025641024,0.1991701244813278,0.4367816091954023,0.12280701754385964,0.5897435897435898,50,7,48,69,31,12,28,23
0.23188,0.57246,False,1424,57,1229,138,0.136938202247191,0.863061797752809,0.8771929824561403,0.35507246376811596,0.2033195020746888,0.49230769230769234,0.12280701754385964,0.644927536231884,50,7,49,89,31,14,29,23
0.23188,0.57246,True,1424,57,1263,104,0.11306179775280899,0.886938202247191,0.8771929824561403,0.40384615384615385,0.17427385892116182,0.42857142857142855,0.12280701754385964,0.5961538461538461,50,7,42,62,31,11,28,23
0.23188,0.58583,False,1424,57,1251,116,0.12148876404494383,0.8785112359550562,0.8771929824561403,0.3879310344827586,0.18672199170124482,0.4508670520231214,0.12280701754385964,0.6120689655172413,50,7,45,71,29,12,26,23
0.23188,0.58583,True,1424,57,1279,88,0.10182584269662921,0.8981741573033708,0.8771929824561403,0.4318181818181818,0.15767634854771784,0.3931034482758621,0.12280701754385964,0.5681818181818182,50,7,38,50,29,8,26,23
0.23188,0.59836,False,1424,57,1273,94,0.10603932584269662,0.8939606741573034,0.8771929824561403,0.40425531914893614,0.15767634854771784,0.41721854304635764,0.12280701754385964,0.5957446808510638,50,7,38,56,29,10,24,23
0.23188,0.59836,True,1424,57,1294,73,0.09129213483146068,0.9087078651685393,0.8771929824561403,0.4383561643835616,0.13278008298755187,0.36923076923076925,0.12280701754385964,0.5616438356164384,50,7,32,41,29,8,24,23
0.23188,0.61936,False,1424,57,1294,73,0.09129213483146068,0.9087078651685393,0.8771929824561403,0.4246575342465753,0.12863070539419086,0.3769230769230769,0.12280701754385964,0.5753424657534246,50,7,31,42,28,7,23,23
0.23188,0.61936,True,1424,57,1312,55,0.07865168539325842,0.9213483146067416,0.8771929824561403,0.45454545454545453,0.1037344398340249,0.33035714285714285,0.12280701754385964,0.5454545454545454,50,7,25,30,28,6,23,23
0.23188,0.67291,False,1424,57,1316,51,0.07584269662921349,0.9241573033707865,0.8771929824561403,0.47058823529411764,0.0995850622406639,0.3148148148148148,0.12280701754385964,0.5294117647058824,50,7,24,27,27,5,19,23
0.23188,0.67291,True,1424,57,1326,41,0.06882022471910113,0.9311797752808989,0.8771929824561403,0.5121951219512195,0.08713692946058091,0.2755102040816326,0.12280701754385964,0.4878048780487805,50,7,21,20,27,5,19,23
0.23188,0.78196,False,1424,57,1338,29,0.060393258426966294,0.9396067415730337,0.8771929824561403,0.41379310344827586,0.04979253112033195,0.27906976744186046,0.12280701754385964,0.5862068965517241,50,7,12,17,26,4,14,23
0.23188,0.78196,True,1424,57,1341,26,0.05828651685393258,0.9417134831460674,0.8771929824561403,0.4230769230769231,0.04564315352697095,0.26506024096385544,0.12280701754385964,0.5769230769230769,50,7,11,15,25,4,13,23
0.23188,0.96896,False,1424,57,1359,8,0.04564606741573034,0.9543539325842697,0.8771929824561403,0.75,0.024896265560165973,0.13846153846153847,0.12280701754385964,0.25,50,7,6,2,23,3,4,23
0.23188,0.96896,True,1424,57,1360,7,0.0449438202247191,0.9550561797752809,0.8771929824561403,0.7142857142857143,0.02074688796680498,0.140625,0.12280701754385964,0.2857142857142857,50,7,5,2,23,3,4,23
0.27735,0.47017,False,1424,86,547,791,0.6158707865168539,0.38412921348314605,0.8837209302325582,0.21491782553729458,0.7053941908713693,0.7194982896237172,0.11627906976744186,0.7850821744627055,76,10,170,621,32,32,32,25
0.27735,0.47017,True,1424,86,730,608,0.48735955056179775,0.5126404494382022,0.8837209302325582,0.22039473684210525,0.5560165975103735,0.6974063400576369,0.11627906976744186,0.7796052631578947,76,10,134,474,32,32,32,25
0.27735,0.47143,False,1424,86,564,774,0.6039325842696629,0.3960674157303371,0.8837209302325582,0.21705426356589147,0.6970954356846473,0.7162790697674418,0.11627906976744186,0.7829457364341085,76,10,168,606,32,32,32,25
0.27735,0.47143,True,1424,86,746,592,0.476123595505618,0.523876404494382,0.8837209302325582,0.22297297297297297,0.5477178423236515,0.6932153392330384,0.11627906976744186,0.777027027027027,76,10,132,460,32,32,32,25
0.27735,0.4729,False,1424,86,586,752,0.5884831460674157,0.41151685393258425,0.8837209302325582,0.21941489361702127,0.6846473029045643,0.7124105011933174,0.11627906976744186,0.7805851063829787,76,10,165,587,32,31,32,25
0.27735,0.4729,True,1424,86,766,572,0.46207865168539325,0.5379213483146067,0.8837209302325582,0.22552447552447552,0.5352697095435685,0.6884498480243161,0.11627906976744186,0.7744755244755245,76,10,129,443,32,31,32,25
0.27735,0.4749,False,1424,86,608,730,0.5730337078651685,0.42696629213483145,0.8837209302325582,0.2232876712328767,0.6763485477178424,0.7071078431372549,0.11627906976744186,0.7767123287671233,76,10,163,567,32,30,32,25
0.27735,0.4749,True,1424,86,786,552,0.44803370786516855,0.5519662921348315,0.8837209302325582,0.23007246376811594,0.5269709543568465,0.6818181818181818,0.11627906976744186,0.769927536231884,76,10,127,425,32,30,32,25
0.27735,0.47582,False,1424,86,621,717,0.5639044943820225,0.43609550561797755,0.8837209302325582,0.22454672245467225,0.6680497925311203,0.7048567870485679,0.11627906976744186,0.7754532775453278,76,10,161,556,32,30,32,25
0.27735,0.47582,True,1424,86,797,541,0.44030898876404495,0.5596910112359551,0.8837209302325582,0.23105360443622922,0.5186721991701245,0.6794258373205742,0.11627906976744186,0.7689463955637708,76,10,125,416,32,30,32,25
0.27735,0.47709,False,1424,86,641,697,0.5498595505617978,0.45014044943820225,0.8837209302325582,0.2266857962697274,0.6556016597510373,0.7011494252873564,0.11627906976744186,0.7733142037302726,76,10,158,539,32,30,32,25
0.27735,0.47709,True,1424,86,814,524,0.42837078651685395,0.5716292134831461,0.8837209302325582,0.23282442748091603,0.5062240663900415,0.6754098360655738,0.11627906976744186,0.767175572519084,76,10,122,402,32,30,32,25
0.27735,0.47817,False,1424,86,657,681,0.538623595505618,0.461376404494382,0.8837209302325582,0.22466960352422907,0.6348547717842323,0.7014341590612777,0.11627906976744186,0.775330396475771,76,10,153,528,32,30,32,25
0.27735,0.47817,True,1424,86,826,512,0.4199438202247191,0.5800561797752809,0.8837209302325582,0.232421875,0.49377593360995853,0.6739130434782609,0.11627906976744186,0.767578125,76,10,119,393,32,30,32,25
0.27735,0.47945,False,1424,86,677,661,0.5245786516853933,0.47542134831460675,0.8837209302325582,0.22692889561270801,0.6224066390041494,0.6974564926372155,0.11627906976744186,0.773071104387292,76,10,150,511,32,30,32,25
0.27735,0.47945,True,1424,86,842,496,0.40870786516853935,0.5912921348314607,0.8837209302325582,0.23588709677419356,0.4854771784232365,0.6683848797250859,0.11627906976744186,0.7641129032258065,76,10,117,379,32,30,32,25
0.27735,0.48134,False,1424,86,698,640,0.5098314606741573,0.4901685393258427,0.8837209302325582,0.2328125,0.6182572614107884,0.6900826446280992,0.11627906976744186,0.7671875,76,10,149,491,32,30,32,25
0.27735,0.48134,True,1424,86,860,478,0.3960674157303371,0.6039325842696629,0.8837209302325582,0.24476987447698745,0.4854771784232365,0.6578014184397163,0.11627906976744186,0.7552301255230126,76,10,117,361,32,30,32,25
0.27735,0.48236,False,1424,86,718,620,0.4957865168539326,0.5042134831460674,0.8837209302325582,0.23870967741935484,0.6141078838174274,0.6827195467422096,0.11627906976744186,0.7612903225806451,76,10,148,472,32,30,32,25
0.27735,0.48236,True,1424,86,875,463,0.38553370786516855,0.6144662921348315,0.8837209302325582,0.2526997840172786,0.4854771784232365,0.6484517304189436,0.11627906976744186,0.7473002159827213,76,10,117,346,32,30,32,25
0.27735,0.48406,False,1424,86,739,599,0.48103932584269665,0.5189606741573034,0.8837209302325582,0.2387312186978297,0.5933609958506224,0.6802919708029197,0.11627906976744186,0.7612687813021702,76,10,143,456,32,30,32,25
0.27735,0.48406,True,1424,86,889,449,0.37570224719101125,0.6242977528089888,0.8837209302325582,0.25389755011135856,0.4730290456431535,0.6448598130841121,0.11627906976744186,0.7461024498886414,76,10,114,335,32,30,32,25
0.27735,0.48558,False,1424,86,761,577,0.46558988764044945,0.5344101123595506,0.8837209302325582,0.24436741767764297,0.5850622406639004,0.6726998491704375,0.11627906976744186,0.755632582322357,76,10,141,436,32,30,32,25
0.27735,0.48558,True,1424,86,906,432,0.3637640449438202,0.6362359550561798,0.8837209302325582,0.2638888888888889,0.4730290456431535,0.6332046332046332,0.11627906976744186,0.7361111111111112,76,10,114,318,32,30,32,25
0.27735,0.48786,False,1424,86,782,556,0.4508426966292135,0.5491573033707865,0.8837209302325582,0.2517985611510791,0.5809128630705395,0.6635514018691588,0.11627906976744186,0.7482014388489209,76,10,140,416,32,30,32,25
0.27735,0.48786,True,1424,86,921,417,0.3532303370786517,0.6467696629213483,0.8837209302325582,0.2733812949640288,0.4730290456431535,0.6222664015904572,0.11627906976744186,0.7266187050359713,76,10,114,303,32,30,32,25
0.27735,0.48938,False,1424,86,795,543,0.4417134831460674,0.5582865168539326,0.8837209302325582,0.2523020257826888,0.5684647302904564,0.6613672496025437,0.11627906976744186,0.7476979742173112,76,10,137,406,32,30,32,25
0.27735,0.48938,True,1424,86,934,404,0.3441011235955056,0.6558988764044944,0.8837209302325582,0.2747524752475248,0.4605809128630705,0.6183673469387755,0.11627906976744186,0.7252475247524752,76,10,111,293,32,30,32,25
0.27735,0.49294,False,1424,86,817,521,0.4262640449438202,0.5737359550561798,0.8837209302325582,0.2476007677543186,0.5352697095435685,0.6622734761120264,0.11627906976744186,0.7523992322456814,76,10,129,392,32,30,32,25
0.27735,0.49294,True,1424,86,946,392,0.3356741573033708,0.6643258426966292,0.8837209302325582,0.27040816326530615,0.43983402489626555,0.6192468619246861,0.11627906976744186,0.7295918367346939,76,10,106,286,32,30,32,25
0.27735,0.49536,False,1424,86,834,504,0.4143258426966292,0.5856741573033708,0.8837209302325582,0.25396825396825395,0.5311203319502075,0.6542372881355932,0.11627906976744186,0.746031746031746,76,10,128,376,32,29,32,25
0.27735,0.49536,True,1424,86,959,379,0.3265449438202247,0.6734550561797753,0.8837209302325582,0.2770448548812665,0.43568464730290457,0.610752688172043,0.11627906976744186,0.7229551451187335,76,10,105,274,32,29,32,25
0.27735,0.49788,False,1424,86,856,482,0.398876404494382,0.601123595505618,0.8837209302325582,0.2551867219917012,0.5103734439834025,0.6496478873239436,0.11627906976744186,0.7448132780082988,76,10,123,359,32,29,32,25
0.27735,0.49788,True,1424,86,976,362,0.3146067415730337,0.6853932584269663,0.8837209302325582,0.281767955801105,0.42323651452282157,0.6026785714285714,0.11627906976744186,0.7182320441988951,76,10,102,260,32,29,32,25
0.27735,0.49958,False,1424,86,875,463,0.38553370786516855,0.6144662921348315,0.8837209302325582,0.2570194384449244,0.49377593360995853,0.644808743169399,0.11627906976744186,0.7429805615550756,76,10,119,344,32,28,32,25
0.27735,0.49958,True,1424,86,990,348,0.3047752808988764,0.6952247191011236,0.8837209302325582,0.28160919540229884,0.4066390041493776,0.5990783410138248,0.11627906976744186,0.7183908045977011,76,10,98,250,32,27,32,25
0.27735,0.50318,False,1424,86,896,442,0.3707865168539326,0.6292134831460674,0.8837209302325582,0.26018099547511314,0.47717842323651455,0.6382575757575758,0.11627906976744186,0.7398190045248869,76,10,115,327,32,28,32,25
0.27735,0.50318,True,1424,86,1005,333,0.29424157303370785,0.7057584269662921,0.8837209302325582,0.2822822822822823,0.3900414937759336,0.594272076372315,0.11627906976744186,0.7177177177177178,76,10,94,239,32,27,32,25
0.27735,0.50533,False,1424,86,918,420,0.3553370786516854,0.6446629213483146,0.8837209302325582,0.2619047619047619,0.45643153526970953,0.6324110671936759,0.11627906976744186,0.7380952380952381,76,10,110,310,32,28,32,25
0.27735,0.50533,True,1424,86,1021,317,0.2830056179775281,0.7169943820224719,0.8837209302325582,0.28391167192429023,0.37344398340248963,0.5880893300248139,0.11627906976744186,0.7160883280757098,76,10,90,227,32,26,32,25
0.27735,0.50776,False,1424,86,940,398,0.3398876404494382,0.6601123595505618,0.8837209302325582,0.2638190954773869,0.43568464730290457,0.6260330578512396,0.11627906976744186,0.7361809045226131,76,10,105,293,32,27,32,25
0.27735,0.50776,True,1424,86,1037,301,0.2717696629213483,0.7282303370786517,0.8837209302325582,0.2823920265780731,0.35269709543568467,0.5839793281653747,0.11627906976744186,0.717607973421927,76,10,85,216,32,25,32,25
0.27735,0.5105,False,1424,86,956,382,0.32865168539325845,0.6713483146067416,0.8837209302325582,0.27486910994764396,0.43568464730290457,0.6132478632478633,0.11627906976744186,0.725130890052356,76,10,105,277,32,27,32,25
0.27735,0.5105,True,1424,86,1048,290,0.2640449438202247,0.7359550561797753,0.8837209302325582,0.29310344827586204,0.35269709543568467,0.5718085106382979,0.11627906976744186,0.7068965517241379,76,10,85,205,32,25,32,25
0.27735,0.51391,False,1424,86,976,362,0.3146067415730337,0.6853932584269663,0.8837209302325582,0.27624309392265195,0.4149377593360996,0.6071428571428571,0.11627906976744186,0.7237569060773481,76,10,100,262,32,27,32,25
0.27735,0.51391,True,1424,86,1059,279,0.2563202247191011,0.7436797752808989,0.8837209302325582,0.2939068100358423,0.34024896265560167,0.5671232876712329,0.11627906976744186,0.7060931899641577,76,10,82,197,32,24,32,25
0.27735,0.51704,False,1424,86,995,343,0.3012640449438202,0.6987359550561798,0.8837209302325582,0.27696793002915454,0.3941908713692946,0.6013986013986014,0.11627906976744186,0.7230320699708455,76,10,95,248,32,27,32,25
0.27735,0.51704,True,1424,86,1075,263,0.24508426966292135,0.7549157303370787,0.8837209302325582,0.2965779467680608,0.3236514522821577,0.5587392550143266,0.11627906976744186,0.7034220532319392,76,10,78,185,32,24,32,25
0.27735,0.51897,False,1424,86,1015,323,0.2872191011235955,0.7127808988764045,0.8837209302325582,0.28173374613003094,0.3775933609958506,0.5916870415647921,0.11627906976744186,0.718266253869969,76,10,91,232,32,27,32,25
0.27735,0.51897,True,1424,86,1094,244,0.23174157303370788,0.7682584269662921,0.8837209302325582,0.30327868852459017,0.3070539419087137,0.5454545454545454,0.11627906976744186,0.6967213114754098,76,10,74,170,32,23,32,25
0.27735,0.52434,False,1424,86,1036,302,0.27247191011235955,0.7275280898876404,0.8837209302325582,0.28807947019867547,0.36099585062240663,0.5798969072164949,0.11627906976744186,0.7119205298013245,76,10,87,215,32,26,32,25
0.27735,0.52434,True,1424,86,1113,225,0.21839887640449437,0.7816011235955056,0.8837209302325582,0.3111111111111111,0.29045643153526973,0.5305466237942122,0.11627906976744186,0.6888888888888889,76,10,70,155,32,22,32,25
0.27735,0.52767,False,1424,86,1052,286,0.2612359550561798,0.7387640449438202,0.8837209302325582,0.2972027972027972,0.35269709543568467,0.5672043010752689,0.11627906976744186,0.7027972027972028,76,10,85,201,32,25,32,25
0.27735,0.52767,True,1424,86,1126,212,0.20926966292134833,0.7907303370786517,0.8837209302325582,0.32075471698113206,0.2821576763485477,0.5167785234899329,0.11627906976744186,0.6792452830188679,76,10,68,144,32,20,32,25
0.27735,0.53286,False,1424,86,1074,264,0.24578651685393257,0.7542134831460674,0.8837209302325582,0.3068181818181818,0.3360995850622407,0.5514285714285714,0.11627906976744186,0.6931818181818182,76,10,81,183,32,24,32,25
0.27735,0.53286,True,1424,86,1144,194,0.19662921348314608,0.8033707865168539,0.8837209302325582,0.32989690721649484,0.26556016597510373,0.5,0.11627906976744186,0.6701030927835051,76,10,64,130,32,20,32,25
0.27735,0.53953,False,1424,86,1096,242,0.2303370786516854,0.7696629213483146,0.8837209302325582,0.30991735537190085,0.3112033195020747,0.5396341463414634,0.11627906976744186,0.6900826446280992,76,10,75,167,32,21,32,25
0.27735,0.53953,True,1424,86,1161,177,0.18469101123595505,0.8153089887640449,0.8837209302325582,0.3389830508474576,0.24896265560165975,0.4828897338403042,0.11627906976744186,0.6610169491525424,76,10,60,117,32,19,32,25
0.27735,0.54572,False,1424,86,1117,221,0.21558988764044945,0.7844101123595506,0.8837209302325582,0.3212669683257919,0.2946058091286307,0.5211726384364821,0.11627906976744186,0.6787330316742082,76,10,71,150,32,21,32,25
0.27735,0.54572,True,1424,86,1175,163,0.17485955056179775,0.8251404494382022,0.8837209302325582,0.3558282208588957,0.24066390041493776,0.46184738955823296,0.11627906976744186,0.6441717791411042,76,10,58,105,32,18,32,25
0.27735,0.54999,False,1424,86,1135,203,0.2029494382022472,0.7970505617977528,0.8837209302325582,0.3399014778325123,0.2863070539419087,0.4982698961937716,0.11627906976744186,0.6600985221674877,76,10,69,134,32,18,31,25
0.27735,0.54999,True,1424,86,1191,147,0.16362359550561797,0.836376404494382,0.8837209302325582,0.38095238095238093,0.23236514522821577,0.4334763948497854,0.11627906976744186,0.6190476190476191,76,10,56,91,32,16,30,25
0.27735,0.55464,False,1424,86,1157,181,0.1875,0.8125,0.8837209302325582,0.3370165745856354,0.25311203319502074,0.4868913857677903,0.11627906976744186,0.6629834254143646,76,10,61,120,32,17,30,25
0.27735,0.55464,True,1424,86,1207,131,0.1523876404494382,0.8476123595505618,0.8837209302325582,0.3893129770992366,0.21161825726141079,0.4147465437788018,0.11627906976744186,0.6106870229007634,76,10,51,80,32,15,29,25
0.27735,0.56209,False,1424,86,1178,160,0.17275280898876405,0.827247191011236,0.8837209302325582,0.35,0.23236514522821577,0.4634146341463415,0.11627906976744186,0.65,76,10,56,104,31,16,29,25
0.27735,0.56209,True,1424,86,1221,117,0.1425561797752809,0.8574438202247191,0.8837209302325582,0.41025641025641024,0.1991701244813278,0.3891625615763547,0.11627906976744186,0.5897435897435898,76,10,48,69,31,15,28,25
0.27735,0.57246,False,1424,86,1200,138,0.15730337078651685,0.8426966292134831,0.8837209302325582,0.35507246376811596,0.2033195020746888,0.4419642857142857,0.11627906976744186,0.644927536231884,76,10,49,89,31,15,29,25
0.27735,0.57246,True,1424,86,1234,104,0.13342696629213482,0.8665730337078652,0.8837209302325582,0.40384615384615385,0.17427385892116182,0.37894736842105264,0.11627906976744186,0.5961538461538461,76,10,42,62,31,14,28,25
0.27735,0.58583,False,1424,86,1222,116,0.14185393258426968,0.8581460674157303,0.8837209302325582,0.3879310344827586,0.18672199170124482,0.400990099009901,0.11627906976744186,0.6120689655172413,76,10,45,71,30,14,26,25
0.27735,0.58583,True,1424,86,1250,88,0.12219101123595505,0.8778089887640449,0.8837209302325582,0.4318181818181818,0.15767634854771784,0.3448275862068966,0.11627906976744186,0.5681818181818182,76,10,38,50,30,11,26,25
0.27735,0.59836,False,1424,86,1244,94,0.12640449438202248,0.8735955056179775,0.8837209302325582,0.40425531914893614,0.15767634854771784,0.36666666666666664,0.11627906976744186,0.5957446808510638,76,10,38,56,30,12,24,25
0.27735,0.59836,True,1424,86,1265,73,0.11165730337078651,0.8883426966292135,0.8837209302325582,0.4383561643835616,0.13278008298755187,0.32075471698113206,0.11627906976744186,0.5616438356164384,76,10,32,41,30,11,24,25
0.27735,0.61936,False,1424,86,1265,73,0.11165730337078651,0.8883426966292135,0.8837209302325582,0.4246575342465753,0.12863070539419086,0.3270440251572327,0.11627906976744186,0.5753424657534246,76,10,31,42,29,10,23,25
0.27735,0.61936,True,1424,86,1283,55,0.09901685393258428,0.9009831460674157,0.8837209302325582,0.45454545454545453,0.1037344398340249,0.28368794326241137,0.11627906976744186,0.5454545454545454,76,10,25,30,29,10,23,25
0.27735,0.67291,False,1424,86,1287,51,0.09620786516853932,0.9037921348314607,0.8837209302325582,0.47058823529411764,0.0995850622406639,0.27007299270072993,0.11627906976744186,0.5294117647058824,76,10,24,27,28,10,19,25
0.27735,0.67291,True,1424,86,1297,41,0.08918539325842696,0.910814606741573,0.8837209302325582,0.5121951219512195,0.08713692946058091,0.23622047244094488,0.11627906976744186,0.4878048780487805,76,10,21,20,28,10,19,25
0.27735,0.78196,False,1424,86,1309,29,0.08075842696629214,0.9192415730337079,0.8837209302325582,0.41379310344827586,0.04979253112033195,0.23478260869565218,0.11627906976744186,0.5862068965517241,76,10,12,17,27,10,14,25
0.27735,0.78196,True,1424,86,1312,26,0.07865168539325842,0.9213483146067416,0.8837209302325582,0.4230769230769231,0.04564315352697095,0.22321428571428573,0.11627906976744186,0.5769230769230769,76,10,11,15,26,10,13,25
0.27735,0.96896,False,1424,86,1330,8,0.06601123595505617,0.9339887640449438,0.8837209302325582,0.75,0.024896265560165973,0.1276595744680851,0.11627906976744186,0.25,76,10,6,2,25,7,4,25
0.27735,0.96896,True,1424,86,1331,7,0.06530898876404495,0.9346910112359551,0.8837209302325582,0.7142857142857143,0.02074688796680498,0.12903225806451613,0.11627906976744186,0.2857142857142857,76,10,5,2,25,7,4,25
0.31872,0.47017,False,1424,114,519,791,0.6355337078651685,0.36446629213483145,0.8859649122807017,0.21491782553729458,0.7053941908713693,0.7005524861878453,0.11403508771929824,0.7850821744627055,101,13,170,621,32,32,32,30
0.31872,0.47017,True,1424,114,702,608,0.5070224719101124,0.49297752808988765,0.8859649122807017,0.22039473684210525,0.5560165975103735,0.6745152354570637,0.11403508771929824,0.7796052631578947,101,13,134,474,32,32,32,30
0.31872,0.47143,False,1424,114,536,774,0.6235955056179775,0.37640449438202245,0.8859649122807017,0.21705426356589147,0.6970954356846473,0.6970720720720721,0.11403508771929824,0.7829457364341085,101,13,168,606,32,32,32,30
0.31872,0.47143,True,1424,114,718,592,0.4957865168539326,0.5042134831460674,0.8859649122807017,0.22297297297297297,0.5477178423236515,0.669971671388102,0.11403508771929824,0.777027027027027,101,13,132,460,32,32,32,30
0.31872,0.4729,False,1424,114,558,752,0.6081460674157303,0.39185393258426965,0.8859649122807017,0.21941489361702127,0.6846473029045643,0.6928406466512702,0.11403508771929824,0.7805851063829787,101,13,165,587,32,32,32,30
0.31872,0.4729,True,1424,114,738,572,0.48174157303370785,0.5182584269662921,0.8859649122807017,0.22552447552447552,0.5352697095435685,0.6647230320699709,0.11403508771929824,0.7744755244755245,101,13,129,443,32,32,32,30
0.31872,0.4749,False,1424,114,580,730,0.5926966292134831,0.40730337078651685,0.8859649122807017,0.2232876712328767,0.6763485477178424,0.6872037914691943,0.11403508771929824,0.7767123287671233,101,13,163,567,32,32,32,30
0.31872,0.4749,True,1424,114,758,552,0.46769662921348315,0.5323033707865169,0.8859649122807017,0.23007246376811594,0.5269709543568465,0.6576576576576577,0.11403508771929824,0.769927536231884,101,13,127,425,32,32,32,30
0.31872,0.47582,False,1424,114,593,717,0.5835674157303371,0.4164325842696629,0.8859649122807017,0.22454672245467225,0.6680497925311203,0.6847172081829122,0.11403508771929824,0.7754532775453278,101,13,161,556,32,32,32,30
0.31872,0.47582,True,1424,114,769,541,0.45997191011235955,0.5400280898876404,0.8859649122807017,0.23105360443622922,0.5186721991701245,0.6549618320610687,0.11403508771929824,0.7689463955637708,101,13,125,416,32,32,32,30
0.31872,0.47709,False,1424,114,613,697,0.5695224719101124,0.43047752808988765,0.8859649122807017,0.2266857962697274,0.6556016597510373,0.6806411837237978,0.11403508771929824,0.7733142037302726,101,13,158,539,32,32,32,30
0.31872,0.47709,True,1424,114,786,524,0.44803370786516855,0.5519662921348315,0.8859649122807017,0.23282442748091603,0.5062240663900415,0.6504702194357367,0.11403508771929824,0.767175572519084,101,13,122,402,32,32,32,30
0.31872,0.47817,False,1424,114,629,681,0.5582865168539326,0.4417134831460674,0.8859649122807017,0.22466960352422907,0.6348547717842323,0.680503144654088,0.11403508771929824,0.775330396475771,101,13,153,528,32,32,32,30
0.31872,0.47817,True,1424,114,798,512,0.4396067415730337,0.5603932584269663,0.8859649122807017,0.232421875,0.49377593360995853,0.6485623003194888,0.11403508771929824,0.767578125,101,13,119,393,32,32,32,30
0.31872,0.47945,False,1424,114,649,661,0.5442415730337079,0.45575842696629215,0.8859649122807017,0.22692889561270801,0.6224066390041494,0.6761290322580645,0.11403508771929824,0.773071104387292,101,13,150,511,32,32,32,30
0.31872,0.47945,True,1424,114,814,496,0.42837078651685395,0.5716292134831461,0.8859649122807017,0.23588709677419356,0.4854771784232365,0.6426229508196721,0.11403508771929824,0.7641129032258065,101,13,117,379,32,32,32,30
0.31872,0.48134,False,1424,114,670,640,0.5294943820224719,0.4705056179775281,0.8859649122807017,0.2328125,0.6182572614107884,0.6684350132625995,0.11403508771929824,0.7671875,101,13,149,491,32,32,32,30
0.31872,0.48134,True,1424,114,832,478,0.4157303370786517,0.5842696629213483,0.8859649122807017,0.24476987447698745,0.4854771784232365,0.6317567567567568,0.11403508771929824,0.7552301255230126,101,13,117,361,32,32,32,30
0.31872,0.48236,False,1424,114,690,620,0.5154494382022472,0.4845505617977528,0.8859649122807017,0.23870967741935484,0.6141078838174274,0.6607629427792916,0.11403508771929824,0.7612903225806451,101,13,148,472,32,32,32,30
0.31872,0.48236,True,1424,114,847,463,0.40519662921348315,0.5948033707865169,0.8859649122807017,0.2526997840172786,0.4854771784232365,0.6221837088388215,0.11403508771929824,0.7473002159827213,101,13,117,346,32,32,32,30
0.31872,0.48406,False,1424,114,711,599,0.5007022471910112,0.49929775280898875,0.8859649122807017,0.2387312186978297,0.5933609958506224,0.6577840112201964,0.11403508771929824,0.7612687813021702,101,13,143,456,32,31,32,30
0.31872,0.48406,True,1424,114,861,449,0.39536516853932585,0.6046348314606742,0.8859649122807017,0.25389755011135856,0.4730290456431535,0.6181172291296625,0.11403508771929824,0.7461024498886414,101,13,114,335,32,31,32,30
0.31872,0.48558,False,1424,114,733,577,0.48525280898876405,0.514747191011236,0.8859649122807017,0.24436741767764297,0.5850622406639004,0.6497829232995659,0.11403508771929824,0.755632582322357,101,13,141,436,32,31,32,30
0.31872,0.48558,True,1424,114,878,432,0.38342696629213485,0.6165730337078652,0.8859649122807017,0.2638888888888889,0.4730290456431535,0.6062271062271062,0.11403508771929824,0.7361111111111112,101,13,114,318,32,31,32,30
0.31872,0.48786,False,1424,114,754,556,0.4705056179775281,0.5294943820224719,0.8859649122807017,0.2517985611510791,0.5809128630705395,0.6402985074626866,0.11403508771929824,0.7482014388489209,101,13,140,416,32,31,32,30
0.31872,0.48786,True,1424,114,893,417,0.3728932584269663,0.6271067415730337,0.8859649122807017,0.2733812949640288,0.4730290456431535,0.5951035781544256,0.11403508771929824,0.7266187050359713,101,13,114,303,32,31,32,30
0.31872,0.48938,False,1424,114,767,543,0.461376404494382,0.538623595505618,0.8859649122807017,0.2523020257826888,0.5684647302904564,0.6377473363774734,0.11403508771929824,0.7476979742173112,101,13,137,406,32,31,32,30
0.31872,0.48938,True,1424,114,906,404,0.3637640449438202,0.6362359550561798,0.8859649122807017,0.2747524752475248,0.4605809128630705,0.5907335907335908,0.11403508771929824,0.7252475247524752,101,13,111,293,32,31,32,30
0.31872,0.49294,False,1424,114,789,521,0.44592696629213485,0.5540730337078652,0.8859649122807017,0.2476007677543186,0.5352697095435685,0.6377952755905512,0.11403508771929824,0.7523992322456814,101,13,129,392,32,30,32,30
0.31872,0.49294,True,1424,114,918,392,0.3553370786516854,0.6446629213483146,0.8859649122807017,0.27040816326530615,0.43983402489626555,0.5909090909090909,0.11403508771929824,0.7295918367346939,101,13,106,286,32,30,32,30
0.31872,0.49536,False,1424,114,806,504,0.4339887640449438,0.5660112359550562,0.8859649122807017,0.25396825396825395,0.5311203319502075,0.6294498381877023,0.11403508771929824,0.746031746031746,101,13,128,376,32,30,32,30
0.31872,0.49536,True,1424,114,931,379,0.34620786516853935,0.6537921348314607,0.8859649122807017,0.2770448548812665,0.43568464730290457,0.5821501014198783,0.11403508771929824,0.7229551451187335,101,13,105,274,32,30,32,30
0.31872,0.49788,False,1424,114,828,482,0.41853932584269665,0.5814606741573034,0.8859649122807017,0.2551867219917012,0.5103734439834025,0.6241610738255033,0.11403508771929824,0.7448132780082988,101,13,123,359,32,29,32,30
0.31872,0.49788,True,1424,114,948,362,0.3342696629213483,0.6657303370786517,0.8859649122807017,0.281767955801105,0.42323651452282157,0.5735294117647058,0.11403508771929824,0.7182320441988951,101,13,102,260,32,29,32,30
0.31872,0.49958,False,1424,114,847,463,0.40519662921348315,0.5948033707865169,0.8859649122807017,0.2570194384449244,0.49377593360995853,0.6187175043327556,0.11403508771929824,0.7429805615550756,101,13,119,344,32,28,32,30
0.31872,0.49958,True,1424,114,962,348,0.324438202247191,0.675561797752809,0.8859649122807017,0.28160919540229884,0.4066390041493776,0.5692640692640693,0.11403508771929824,0.7183908045977011,101,13,98,250,32,27,32,30
0.31872,0.50318,False,1424,114,868,442,0.3904494382022472,0.6095505617977528,0.8859649122807017,0.26018099547511314,0.47717842323651455,0.6115107913669064,0.11403508771929824,0.7398190045248869,101,13,115,327,32,28,32,30
0.31872,0.50318,True,1424,114,977,333,0.31390449438202245,0.6860955056179775,0.8859649122807017,0.2822822822822823,0.3900414937759336,0.5637583892617449,0.11403508771929824,0.7177177177177178,101,13,94,239,32,27,32,30
0.31872,0.50533,False,1424,114,890,420,0.375,0.625,0.8859649122807017,0.2619047619047619,0.45643153526970953,0.6048689138576779,0.11403508771929824,0.7380952380952381,101,13,110,310,32,28,32,30
0.31872,0.50533,True,1424,114,993,317,0.3026685393258427,0.6973314606741573,0.8859649122807017,0.28391167192429023,0.37344398340248963,0.5568445475638051,0.11403508771929824,0.7160883280757098,101,13,90,227,32,27,32,30
0.31872,0.50776,False,1424,114,912,398,0.3595505617977528,0.6404494382022472,0.8859649122807017,0.2638190954773869,0.43568464730290457,0.59765625,0.11403508771929824,0.7361809045226131,101,13,105,293,32,27,32,30
0.31872,0.50776,True,1424,114,1009,301,0.2914325842696629,0.7085674157303371,0.8859649122807017,0.2823920265780731,0.35269709543568467,0.5518072289156627,0.11403508771929824,0.717607973421927,101,13,85,216,32,26,32,30
0.31872,0.5105,False,1424,114,928,382,0.34831460674157305,0.651685393258427,0.8859649122807017,0.27486910994764396,0.43568464730290457,0.5846774193548387,0.11403508771929824,0.725130890052356,101,13,105,277,32,27,32,30
0.31872,0.5105,True,1424,114,1020,290,0.28370786516853935,0.7162921348314607,0.8859649122807017,0.29310344827586204,0.35269709543568467,0.5396039603960396,0.11403508771929824,0.7068965517241379,101,13,85,205,32,26,32,30
0.31872,0.51391,False,1424,114,948,362,0.3342696629213483,0.6657303370786517,0.8859649122807017,0.27624309392265195,0.4149377593360996,0.5777310924369747,0.11403508771929824,0.7237569060773481,101,13,100,262,32,27,32,30
0.31872,0.51391,True,1424,114,1031,279,0.27598314606741575,0.7240168539325843,0.8859649122807017,0.2939068100358423,0.34024896265560167,0.5343511450381679,0.11403508771929824,0.7060931899641577,101,13,82,197,32,25,32,30
0.31872,0.51704,False,1424,114,967,343,0.32092696629213485,0.6790730337078652,0.8859649122807017,0.27696793002915454,0.3941908713692946,0.5711159737417943,0.11403508771929824,0.7230320699708455,101,13,95,248,32,27,32,30
0.31872,0.51704,True,1424,114,1047,263,0.26474719101123595,0.735252808988764,0.8859649122807017,0.2965779467680608,0.3236514522821577,0.5251989389920424,0.11403508771929824,0.7034220532319392,101,13,78,185,32,25,32,30
0.31872,0.51897,False,1424,114,987,323,0.3068820224719101,0.6931179775280899,0.8859649122807017,0.28173374613003094,0.3775933609958506,0.5606407322654462,0.11403508771929824,0.718266253869969,101,13,91,232,32,27,32,30
0.31872,0.51897,True,1424,114,1066,244,0.25140449438202245,0.7485955056179775,0.8859649122807017,0.30327868852459017,0.3070539419087137,0.5111731843575419,0.11403508771929824,0.6967213114754098,101,13,74,170,32,25,32,30
0.31872,0.52434,False,1424,114,1008,302,0.29213483146067415,0.7078651685393258,0.8859649122807017,0.28807947019867547,0.36099585062240663,0.5480769230769231,0.11403508771929824,0.7119205298013245,101,13,87,215,32,27,32,30
0.31872,0.52434,True,1424,114,1085,225,0.238061797752809,0.761938202247191,0.8859649122807017,0.3111111111111111,0.29045643153526973,0.49557522123893805,0.11403508771929824,0.6888888888888889,101,13,70,155,32,24,32,30
0.31872,0.52767,False,1424,114,1024,286,0.2808988764044944,0.7191011235955056,0.8859649122807017,0.2972027972027972,0.35269709543568467,0.535,0.11403508771929824,0.7027972027972028,101,13,85,201,32,27,32,30
0.31872,0.52767,True,1424,114,1098,212,0.22893258426966293,0.7710674157303371,0.8859649122807017,0.32075471698113206,0.2821576763485477,0.4815950920245399,0.11403508771929824,0.6792452830188679,101,13,68,144,32,21,32,30
0.31872,0.53286,False,1424,114,1046,264,0.2654494382022472,0.7345505617977528,0.8859649122807017,0.3068181818181818,0.3360995850622407,0.5185185185185185,0.11403508771929824,0.6931818181818182,101,13,81,183,32,26,32,30
0.31872,0.53286,True,1424,114,1116,194,0.21629213483146068,0.7837078651685393,0.8859649122807017,0.32989690721649484,0.26556016597510373,0.4642857142857143,0.11403508771929824,0.6701030927835051,101,13,64,130,32,21,32,30
0.31872,0.53953,False,1424,114,1068,242,0.25,0.75,0.8859649122807017,0.30991735537190085,0.3112033195020747,0.5056179775280899,0.11403508771929824,0.6900826446280992,101,13,75,167,32,21,32,30
0.31872,0.53953,True,1424,114,1133,177,0.20435393258426968,0.7956460674157303,0.8859649122807017,0.3389830508474576,0.24896265560165975,0.44673539518900346,0.11403508771929824,0.6610169491525424,101,13,60,117,32,19,32,30
0.31872,0.54572,False,1424,114,1089,221,0.23525280898876405,0.764747191011236,0.8859649122807017,0.3212669683257919,0.2946058091286307,0.48656716417910445,0.11403508771929824,0.6787330316742082,101,13,71,150,32,21,32,30
0.31872,0.54572,True,1424,114,1147,163,0.19452247191011235,0.8054775280898876,0.8859649122807017,0.3558282208588957,0.24066390041493776,0.4259927797833935,0.11403508771929824,0.6441717791411042,101,13,58,105,32,18,32,30
0.31872,0.54999,False,1424,114,1107,203,0.2226123595505618,0.7773876404494382,0.8859649122807017,0.3399014778325123,0.2863070539419087,0.4637223974763407,0.11403508771929824,0.6600985221674877,101,13,69,134,32,19,31,30
0.31872,0.54999,True,1424,114,1163,147,0.18328651685393257,0.8167134831460674,0.8859649122807017,0.38095238095238093,0.23236514522821577,0.39846743295019155,0.11403508771929824,0.6190476190476191,101,13,56,91,32,16,30,30
0.31872,0.55464,False,1424,114,1129,181,0.2071629213483146,0.7928370786516854,0.8859649122807017,0.3370165745856354,0.25311203319502074,0.45084745762711864,0.11403508771929824,0.6629834254143646,101,13,61,120,32,17,30,30
0.31872,0.55464,True,1424,114,1179,131,0.1720505617977528,0.8279494382022472,0.8859649122807017,0.3893129770992366,0.21161825726141079,0.3795918367346939,0.11403508771929824,0.6106870229007634,101,13,51,80,32,15,29,30
0.31872,0.56209,False,1424,114,1150,160,0.19241573033707865,0.8075842696629213,0.8859649122807017,0.35,0.23236514522821577,0.42700729927007297,0.11403508771929824,0.65,101,13,56,104,32,16,29,30
0.31872,0.56209,True,1424,114,1193,117,0.1622191011235955,0.8377808988764045,0.8859649122807017,0.41025641025641024,0.1991701244813278,0.354978354978355,0.11403508771929824,0.5897435897435898,101,13,48,69,32,15,28,30
0.31872,0.57246,False,1424,114,1172,138,0.17696629213483145,0.8230337078651685,0.8859649122807017,0.35507246376811596,0.2033195020746888,0.40476190476190477,0.11403508771929824,0.644927536231884,101,13,49,89,32,15,29,30
0.31872,0.57246,True,1424,114,1206,104,0.15308988764044945,0.8469101123595506,0.8859649122807017,0.40384615384615385,0.17427385892116182,0.3440366972477064,0.11403508771929824,0.5961538461538461,101,13,42,62,32,14,28,30
0.31872,0.58583,False,1424,114,1194,116,0.16151685393258428,0.8384831460674157,0.8859649122807017,0.3879310344827586,0.18672199170124482,0.3652173913043478,0.11403508771929824,0.6120689655172413,101,13,45,71,32,14,26,30
0.31872,0.58583,True,1424,114,1222,88,0.14185393258426968,0.8581460674157303,0.8859649122807017,0.4318181818181818,0.15767634854771784,0.3118811881188119,0.11403508771929824,0.5681818181818182,101,13,38,50,32,13,26,30
0.31872,0.59836,False,1424,114,1216,94,0.14606741573033707,0.8539325842696629,0.8859649122807017,0.40425531914893614,0.15767634854771784,0.3317307692307692,0.11403508771929824,0.5957446808510638,101,13,38,56,32,12,24,30
0.31872,0.59836,True,1424,114,1237,73,0.13132022471910113,0.8686797752808989,0.8859649122807017,0.4383561643835616,0.13278008298755187,0.2887700534759358,0.11403508771929824,0.5616438356164384,101,13,32,41,32,11,24,30
0.31872,0.61936,False,1424,114,1237,73,0.13132022471910113,0.8686797752808989,0.8859649122807017,0.4246575342465753,0.12863070539419086,0.29411764705882354,0.11403508771929824,0.5753424657534246,101,13,31,42,31,11,23,30
0.31872,0.61936,True,1424,114,1255,55,0.11867977528089887,0.8813202247191011,0.8859649122807017,0.45454545454545453,0.1037344398340249,0.25443786982248523,0.11403508771929824,0.5454545454545454,101,13,25,30,31,11,23,30
0.31872,0.67291,False,1424,114,1259,51,0.11587078651685394,0.8841292134831461,0.8859649122807017,0.47058823529411764,0.0995850622406639,0.24242424242424243,0.11403508771929824,0.5294117647058824,101,13,24,27,30,11,19,30
0.31872,0.67291,True,1424,114,1269,41,0.10884831460674158,0.8911516853932584,0.8859649122807017,0.5121951219512195,0.08713692946058091,0.2129032258064516,0.11403508771929824,0.4878048780487805,101,13,21,20,30,11,19,30
0.31872,0.78196,False,1424,114,1281,29,0.10042134831460674,0.8995786516853933,0.8859649122807017,0.41379310344827586,0.04979253112033195,0.2097902097902098,0.11403508771929824,0.5862068965517241,101,13,12,17,30,10,14,30
0.31872,0.78196,True,1424,114,1284,26,0.09831460674157304,0.901685393258427,0.8859649122807017,0.4230769230769231,0.04564315352697095,0.2,0.11403508771929824,0.5769230769230769,101,13,11,15,30,10,13,30
0.31872,0.96896,False,1424,114,1302,8,0.08567415730337079,0.9143258426966292,0.8859649122807017,0.75,0.024896265560165973,0.12295081967213115,0.11403508771929824,0.25,101,13,6,2,30,10,4,30
0.31872,0.96896,True,1424,114,1303,7,0.08497191011235955,0.9150280898876404,0.8859649122807017,0.7142857142857143,0.02074688796680498,0.12396694214876033,0.11403508771929824,0.2857142857142857,101,13,5,2,30,10,4,30
0.34558,0.47017,False,1424,143,490,791,0.6558988764044944,0.3441011235955056,0.9090909090909091,0.21491782553729458,0.7053941908713693,0.6788008565310493,0.09090909090909091,0.7850821744627055,130,13,170,621,32,32,32,31
0.34558,0.47017,True,1424,143,673,608,0.5273876404494382,0.4726123595505618,0.9090909090909091,0.22039473684210525,0.5560165975103735,0.6484687083888149,0.09090909090909091,0.7796052631578947,130,13,134,474,32,32,32,31
0.34558,0.47143,False,1424,143,507,774,0.6439606741573034,0.35603932584269665,0.9090909090909091,0.21705426356589147,0.6970954356846473,0.6750272628135223,0.09090909090909091,0.7829457364341085,130,13,168,606,32,32,32,31
0.34558,0.47143,True,1424,143,689,592,0.5161516853932584,0.48384831460674155,0.9090909090909091,0.22297297297297297,0.5477178423236515,0.6435374149659864,0.09090909090909091,0.777027027027027,130,13,132,460,32,32,32,31
0.34558,0.4729,False,1424,143,529,752,0.6285112359550562,0.3714887640449438,0.9090909090909091,0.21941489361702127,0.6846473029045643,0.6703910614525139,0.09090909090909091,0.7805851063829787,130,13,165,587,32,32,32,31
0.34558,0.4729,True,1424,143,709,572,0.5021067415730337,0.4978932584269663,0.9090909090909091,0.22552447552447552,0.5352697095435685,0.6377622377622377,0.09090909090909091,0.7744755244755245,130,13,129,443,32,32,32,31
0.34558,0.4749,False,1424,143,551,730,0.613061797752809,0.386938202247191,0.9090909090909091,0.2232876712328767,0.6763485477178424,0.6643757159221076,0.09090909090909091,0.7767123287671233,130,13,163,567,32,32,32,31
0.34558,0.4749,True,1424,143,729,552,0.488061797752809,0.511938202247191,0.9090909090909091,0.23007246376811594,0.5269709543568465,0.6302158273381295,0.09090909090909091,0.769927536231884,130,13,127,425,32,32,32,31
0.34558,0.47582,False,1424,143,564,717,0.6039325842696629,0.3960674157303371,0.9090909090909091,0.22454672245467225,0.6680497925311203,0.6616279069767442,0.09090909090909091,0.7754532775453278,130,13,161,556,32,32,32,31
0.34558,0.47582,True,1424,143,740,541,0.4803370786516854,0.5196629213483146,0.9090909090909091,0.23105360443622922,0.5186721991701245,0.6271929824561403,0.09090909090909091,0.7689463955637708,130,13,125,416,32,32,32,31
0.34558,0.47709,False,1424,143,584,697,0.5898876404494382,0.4101123595505618,0.9090909090909091,0.2266857962697274,0.6556016597510373,0.6571428571428571,0.09090909090909091,0.7733142037302726,130,13,158,539,32,32,32,31
0.34558,0.47709,True,1424,143,757,524,0.4683988764044944,0.5316011235955056,0.9090909090909091,0.23282442748091603,0.5062240663900415,0.6221889055472264,0.09090909090909091,0.767175572519084,130,13,122,402,32,32,32,31
0.34558,0.47817,False,1424,143,600,681,0.5786516853932584,0.42134831460674155,0.9090909090909091,0.22466960352422907,0.6348547717842323,0.6565533980582524,0.09090909090909091,0.775330396475771,130,13,153,528,32,32,32,31
0.34558,0.47817,True,1424,143,769,512,0.45997191011235955,0.5400280898876404,0.9090909090909091,0.232421875,0.49377593360995853,0.6198473282442748,0.09090909090909091,0.767578125,130,13,119,393,32,32,32,31
0.34558,0.47945,False,1424,143,620,661,0.5646067415730337,0.4353932584269663,0.9090909090909091,0.22692889561270801,0.6224066390041494,0.6517412935323383,0.09090909090909091,0.773071104387292,130,13,150,511,32,32,32,31
0.34558,0.47945,True,1424,143,785,496,0.4487359550561798,0.5512640449438202,0.9090909090909091,0.23588709677419356,0.4854771784232365,0.6134585289514867,0.09090909090909091,0.7641129032258065,130,13,117,379,32,32,32,31
0.34558,0.48134,False,1424,143,641,640,0.5498595505617978,0.45014044943820225,0.9090909090909091,0.2328125,0.6182572614107884,0.6436781609195402,0.09090909090909091,0.7671875,130,13,149,491,32,32,32,31
0.34558,0.48134,True,1424,143,803,478,0.43609550561797755,0.5639044943820225,0.9090909090909091,0.24476987447698745,0.4854771784232365,0.6022544283413849,0.09090909090909091,0.7552301255230126,130,13,117,361,32,32,32,31
0.34558,0.48236,False,1424,143,661,620,0.535814606741573,0.46418539325842695,0.9090909090909091,0.23870967741935484,0.6141078838174274,0.63564875491481,0.09090909090909091,0.7612903225806451,130,13,148,472,32,32,32,31
0.34558,0.48236,True,1424,143,818,463,0.425561797752809,0.574438202247191,0.9090909090909091,0.2526997840172786,0.4854771784232365,0.5924092409240924,0.09090909090909091,0.7473002159827213,130,13,117,346,32,32,32,31
0.34558,0.48406,False,1424,143,682,599,0.5210674157303371,0.4789325842696629,0.9090909090909091,0.2387312186978297,0.5933609958506224,0.6320754716981132,0.09090909090909091,0.7612687813021702,130,13,143,456,32,31,32,31
0.34558,0.48406,True,1424,143,832,449,0.4157303370786517,0.5842696629213483,0.9090909090909091,0.25389755011135856,0.4730290456431535,0.5878378378378378,0.09090909090909091,0.7461024498886414,130,13,114,335,32,31,32,31
0.34558,0.48558,False,1424,143,704,577,0.5056179775280899,0.4943820224719101,0.9090909090909091,0.24436741767764297,0.5850622406639004,0.6236111111111111,0.09090909090909091,0.755632582322357,130,13,141,436,32,31,32,31
0.34558,0.48558,True,1424,143,849,432,0.40379213483146065,0.5962078651685393,0.9090909090909091,0.2638888888888889,0.4730290456431535,0.5756521739130435,0.09090909090909091,0.7361111111111112,130,13,114,318,32,31,32,31
0.34558,0.48786,False,1424,143,725,556,0.49087078651685395,0.5091292134831461,0.9090909090909091,0.2517985611510791,0.5809128630705395,0.6137339055793991,0.09090909090909091,0.7482014388489209,130,13,140,416,32,31,32,31
0.34558,0.48786,True,1424,143,864,417,0.39325842696629215,0.6067415730337079,0.9090909090909091,0.2733812949640288,0.4730290456431535,0.5642857142857143,0.09090909090909091,0.7266187050359713,130,13,114,303,32,31,32,31
0.34558,0.48938,False,1424,143,738,543,0.48174157303370785,0.5182584269662921,0.9090909090909091,0.2523020257826888,0.5684647302904564,0.6107871720116618,0.09090909090909091,0.7476979742173112,130,13,137,406,32,31,32,31
0.34558,0.48938,True,1424,143,877,404,0.38412921348314605,0.6158707865168539,0.9090909090909091,0.2747524752475248,0.4605809128630705,0.5594149908592322,0.09090909090909091,0.7252475247524752,130,13,111,293,32,31,32,31
0.34558,0.49294,False,1424,143,760,521,0.46629213483146065,0.5337078651685393,0.9090909090909091,0.2476007677543186,0.5352697095435685,0.6099397590361446,0.09090909090909091,0.7523992322456814,130,13,129,392,32,30,32,31
0.34558,0.49294,True,1424,143,889,392,0.37570224719101125,0.6242977528089888,0.9090909090909091,0.27040816326530615,0.43983402489626555,0.5588785046728972,0.09090909090909091,0.7295918367346939,130,13,106,286,32,30,32,31
0.34558,0.49536,False,1424,143,777,504,0.45435393258426965,0.5456460674157303,0.9090909090909091,0.25396825396825395,0.5311203319502075,0.6012364760432767,0.09090909090909091,0.746031746031746,130,13,128,376,32,30,32,31
0.34558,0.49536,True,1424,143,902,379,0.36657303370786515,0.6334269662921348,0.9090909090909091,0.2770448548812665,0.43568464730290457,0.5498084291187739,0.09090909090909091,0.7229551451187335,130,13,105,274,32,30,32,31
0.34558,0.49788,False,1424,143,799,482,0.43890449438202245,0.5610955056179775,0.9090909090909091,0.2551867219917012,0.5103734439834025,0.5952,0.09090909090909091,0.7448132780082988,130,13,123,359,32,29,32,31
0.34558,0.49788,True,1424,143,919,362,0.35463483146067415,0.6453651685393258,0.9090909090909091,0.281767955801105,0.42323651452282157,0.5405940594059406,0.09090909090909091,0.7182320441988951,130,13,102,260,32,29,32,31
0.34558,0.49958,False,1424,143,818,463,0.425561797752809,0.574438202247191,0.9090909090909091,0.2570194384449244,0.49377593360995853,0.5891089108910891,0.09090909090909091,0.7429805615550756,130,13,119,344,32,28,32,31
0.34558,0.49958,True,1424,143,933,348,0.34480337078651685,0.6551966292134831,0.9090909090909091,0.28160919540229884,0.4066390041493776,0.5356415478615071,0.09090909090909091,0.7183908045977011,130,13,98,250,32,27,32,31
0.34558,0.50318,False,1424,143,839,442,0.41081460674157305,0.589185393258427,0.9090909090909091,0.26018099547511314,0.47717842323651455,0.5811965811965812,0.09090909090909091,0.7398190045248869,130,13,115,327,32,28,32,31
0.34558,0.50318,True,1424,143,948,333,0.3342696629213483,0.6657303370786517,0.9090909090909091,0.2822822822822823,0.3900414937759336,0.5294117647058824,0.09090909090909091,0.7177177177177178,130,13,94,239,32,27,32,31
0.34558,0.50533,False,1424,143,861,420,0.39536516853932585,0.6046348314606742,0.9090909090909091,0.2619047619047619,0.45643153526970953,0.5737122557726465,0.09090909090909091,0.7380952380952381,130,13,110,310,32,28,32,31
0.34558,0.50533,True,1424,143,964,317,0.32303370786516855,0.6769662921348315,0.9090909090909091,0.28391167192429023,0.37344398340248963,0.5217391304347826,0.09090909090909091,0.7160883280757098,130,13,90,227,32,27,32,31
0.34558,0.50776,False,1424,143,883,398,0.37991573033707865,0.6200842696629213,0.9090909090909091,0.2638190954773869,0.43568464730290457,0.5656192236598891,0.09090909090909091,0.7361809045226131,130,13,105,293,32,28,32,31
0.34558,0.50776,True,1424,143,980,301,0.31179775280898875,0.6882022471910112,0.9090909090909091,0.2823920265780731,0.35269709543568467,0.5157657657657657,0.09090909090909091,0.717607973421927,130,13,85,216,32,26,32,31
0.34558,0.5105,False,1424,143,899,382,0.3686797752808989,0.6313202247191011,0.9090909090909091,0.27486910994764396,0.43568464730290457,0.5523809523809524,0.09090909090909091,0.725130890052356,130,13,105,277,32,28,32,31
0.34558,0.5105,True,1424,143,991,290,0.30407303370786515,0.6959269662921348,0.9090909090909091,0.29310344827586204,0.35269709543568467,0.5034642032332564,0.09090909090909091,0.7068965517241379,130,13,85,205,32,26,32,31
0.34558,0.51391,False,1424,143,919,362,0.35463483146067415,0.6453651685393258,0.9090909090909091,0.27624309392265195,0.4149377593360996,0.5445544554455446,0.09090909090909091,0.7237569060773481,130,13,100,262,32,28,32,31
0.34558,0.51391,True,1424,143,1002,279,0.29634831460674155,0.7036516853932584,0.9090909090909091,0.2939068100358423,0.34024896265560167,0.4976303317535545,0.09090909090909091,0.7060931899641577,130,13,82,197,32,25,32,31
0.34558,0.51704,False,1424,143,938,343,0.34129213483146065,0.6587078651685393,0.9090909090909091,0.27696793002915454,0.3941908713692946,0.5370370370370371,0.09090909090909091,0.7230320699708455,130,13,95,248,32,28,32,31
0.34558,0.51704,True,1424,143,1018,263,0.2851123595505618,0.7148876404494382,0.9090909090909091,0.2965779467680608,0.3236514522821577,0.4876847290640394,0.09090909090909091,0.7034220532319392,130,13,78,185,32,25,32,31
0.34558,0.51897,False,1424,143,958,323,0.32724719101123595,0.672752808988764,0.9090909090909091,0.28173374613003094,0.3775933609958506,0.5257510729613734,0.09090909090909091,0.718266253869969,130,13,91,232,32,27,32,31
0.34558,0.51897,True,1424,143,1037,244,0.2717696629213483,0.7282303370786517,0.9090909090909091,0.30327868852459017,0.3070539419087137,0.4728682170542636,0.09090909090909091,0.6967213114754098,130,13,74,170,32,25,32,31
0.34558,0.52434,False,1424,143,979,302,0.3125,0.6875,0.9090909090909091,0.28807947019867547,0.36099585062240663,0.5123595505617977,0.09090909090909091,0.7119205298013245,130,13,87,215,32,27,32,31
0.34558,0.52434,True,1424,143,1056,225,0.25842696629213485,0.7415730337078652,0.9090909090909091,0.3111111111111111,0.29045643153526973,0.45652173913043476,0.09090909090909091,0.6888888888888889,130,13,70,155,32,24,32,31
0.34558,0.52767,False,1424,143,995,286,0.3012640449438202,0.6987359550561798,0.9090909090909091,0.2972027972027972,0.35269709543568467,0.4988344988344988,0.09090909090909091,0.7027972027972028,130,13,85,201,32,27,32,31
0.34558,0.52767,True,1424,143,1069,212,0.24929775280898878,0.7507022471910112,0.9090909090909091,0.32075471698113206,0.2821576763485477,0.4422535211267606,0.09090909090909091,0.6792452830188679,130,13,68,144,32,21,32,31
0.34558,0.53286,False,1424,143,1017,264,0.28581460674157305,0.714185393258427,0.9090909090909091,0.3068181818181818,0.3360995850622407,0.48157248157248156,0.09090909090909091,0.6931818181818182,130,13,81,183,32,26,32,31
0.34558,0.53286,True,1424,143,1087,194,0.23665730337078653,0.7633426966292135,0.9090909090909091,0.32989690721649484,0.26556016597510373,0.42433234421364985,0.09090909090909091,0.6701030927835051,130,13,64,130,32,21,32,31
0.34558,0.53953,False,1424,143,1039,242,0.27036516853932585,0.7296348314606742,0.9090909090909091,0.30991735537190085,0.3112033195020747,0.4675324675324675,0.09090909090909091,0.6900826446280992,130,13,75,167,32,21,32,31
0.34558,0.53953,True,1424,143,1104,177,0.2247191011235955,0.7752808988764045,0.9090909090909091,0.3389830508474576,0.24896265560165975,0.40625,0.09090909090909091,0.6610169491525424,130,13,60,117,32,19,32,31
0.34558,0.54572,False,1424,143,1060,221,0.2556179775280899,0.7443820224719101,0.9090909090909091,0.3212669683257919,0.2946058091286307,0.4478021978021978,0.09090909090909091,0.6787330316742082,130,13,71,150,32,21,32,31
0.34558,0.54572,True,1424,143,1118,163,0.2148876404494382,0.7851123595505618,0.9090909090909091,0.3558282208588957,0.24066390041493776,0.38562091503267976,0.09090909090909091,0.6441717791411042,130,13,58,105,32,18,32,31
0.34558,0.54999,False,1424,143,1078,203,0.24297752808988765,0.7570224719101124,0.9090909090909091,0.3399014778325123,0.2863070539419087,0.42485549132947975,0.09090909090909091,0.6600985221674877,130,13,69,134,32,19,31,31
0.34558,0.54999,True,1424,143,1134,147,0.20365168539325842,0.7963483146067416,0.9090909090909091,0.38095238095238093,0.23236514522821577,0.3586206896551724,0.09090909090909091,0.6190476190476191,130,13,56,91,32,17,30,31
0.34558,0.55464,False,1424,143,1100,181,0.22752808988764045,0.7724719101123596,0.9090909090909091,0.3370165745856354,0.25311203319502074,0.4104938271604938,0.09090909090909091,0.6629834254143646,130,13,61,120,32,17,30,31
0.34558,0.55464,True,1424,143,1150,131,0.19241573033707865,0.8075842696629213,0.9090909090909091,0.3893129770992366,0.21161825726141079,0.33941605839416056,0.09090909090909091,0.6106870229007634,130,13,51,80,32,15,29,31
0.34558,0.56209,False,1424,143,1121,160,0.2127808988764045,0.7872191011235955,0.9090909090909091,0.35,0.23236514522821577,0.38613861386138615,0.09090909090909091,0.65,130,13,56,104,32,17,29,31
0.34558,0.56209,True,1424,143,1164,117,0.18258426966292135,0.8174157303370787,0.9090909090909091,0.41025641025641024,0.1991701244813278,0.3153846153846154,0.09090909090909091,0.5897435897435898,130,13,48,69,32,15,28,31
0.34558,0.57246,False,1424,143,1143,138,0.1973314606741573,0.8026685393258427,0.9090909090909091,0.35507246376811596,0.2033195020746888,0.36298932384341637,0.09090909090909091,0.644927536231884,130,13,49,89,32,16,29,31
0.34558,0.57246,True,1424,143,1177,104,0.17345505617977527,0.8265449438202247,0.9090909090909091,0.40384615384615385,0.17427385892116182,0.30364372469635625,0.09090909090909091,0.5961538461538461,130,13,42,62,32,15,28,31
0.34558,0.58583,False,1424,143,1165,116,0.1818820224719101,0.8181179775280899,0.9090909090909091,0.3879310344827586,0.18672199170124482,0.32432432432432434,0.09090909090909091,0.6120689655172413,130,13,45,71,32,15,26,31
0.34558,0.58583,True,1424,143,1193,88,0.1622191011235955,0.8377808988764045,0.9090909090909091,0.4318181818181818,0.15767634854771784,0.2727272727272727,0.09090909090909091,0.5681818181818182,130,13,38,50,32,15,26,31
0.34558,0.59836,False,1424,143,1187,94,0.16643258426966293,0.8335674157303371,0.9090909090909091,0.40425531914893614,0.15767634854771784,0.2911392405063291,0.09090909090909091,0.5957446808510638,130,13,38,56,32,14,24,31
0.34558,0.59836,True,1424,143,1208,73,0.15168539325842698,0.848314606741573,0.9090909090909091,0.4383561643835616,0.13278008298755187,0.25,0.09090909090909091,0.5616438356164384,130,13,32,41,32,14,24,31
0.34558,0.61936,False,1424,143,1208,73,0.15168539325842698,0.848314606741573,0.9090909090909091,0.4246575342465753,0.12863070539419086,0.25462962962962965,0.09090909090909091,0.5753424657534246,130,13,31,42,32,13,23,31
0.34558,0.61936,True,1424,143,1226,55,0.13904494382022473,0.8609550561797753,0.9090909090909091,0.45454545454545453,0.1037344398340249,0.21717171717171718,0.09090909090909091,0.5454545454545454,130,13,25,30,32,12,23,31
0.34558,0.67291,False,1424,143,1230,51,0.13623595505617977,0.8637640449438202,0.9090909090909091,0.47058823529411764,0.0995850622406639,0.20618556701030927,0.09090909090909091,0.5294117647058824,130,13,24,27,31,13,19,31
0.34558,0.67291,True,1424,143,1240,41,0.12921348314606743,0.8707865168539326,0.9090909090909091,0.5121951219512195,0.08713692946058091,0.1793478260869565,0.09090909090909091,0.4878048780487805,130,13,21,20,31,12,19,31
0.34558,0.78196,False,1424,143,1252,29,0.12078651685393259,0.8792134831460674,0.9090909090909091,0.41379310344827586,0.04979253112033195,0.1744186046511628,0.09090909090909091,0.5862068965517241,130,13,12,17,31,12,14,31
0.34558,0.78196,True,1424,143,1255,26,0.11867977528089887,0.8813202247191011,0.9090909090909091,0.4230769230769231,0.04564315352697095,0.16568047337278108,0.09090909090909091,0.5769230769230769,130,13,11,15,31,12,13,31
0.34558,0.96896,False,1424,143,1273,8,0.10603932584269662,0.8939606741573034,0.9090909090909091,0.75,0.024896265560165973,0.09933774834437085,0.09090909090909091,0.25,130,13,6,2,31,12,4,31
0.34558,0.96896,True,1424,143,1274,7,0.10533707865168539,0.8946629213483146,0.9090909090909091,0.7142857142857143,0.02074688796680498,0.1,0.09090909090909091,0.2857142857142857,130,13,5,2,31,12,4,31
0.36716,0.47017,False,1424,171,462,791,0.675561797752809,0.324438202247191,0.9064327485380117,0.21491782553729458,0.7053941908713693,0.6621621621621622,0.0935672514619883,0.7850821744627055,155,16,170,621,32,32,32,31
0.36716,0.47017,True,1424,171,645,608,0.5470505617977528,0.4529494382022472,0.9064327485380117,0.22039473684210525,0.5560165975103735,0.6290115532734275,0.0935672514619883,0.7796052631578947,155,16,134,474,32,32,32,31
0.36716,0.47143,False,1424,171,479,774,0.663623595505618,0.336376404494382,0.9064327485380117,0.21705426356589147,0.6970954356846473,0.6582010582010582,0.0935672514619883,0.7829457364341085,155,16,168,606,32,32,32,31
0.36716,0.47143,True,1424,171,661,592,0.535814606741573,0.46418539325842695,0.9064327485380117,0.22297297297297297,0.5477178423236515,0.6238532110091743,0.0935672514619883,0.777027027027027,155,16,132,460,32,32,32,31
0.36716,0.4729,False,1424,171,501,752,0.6481741573033708,0.3518258426966292,0.9064327485380117,0.21941489361702127,0.6846473029045643,0.6533044420368364,0.0935672514619883,0.7805851063829787,155,16,165,587,32,32,32,31
0.36716,0.4729,True,1424,171,681,572,0.5217696629213483,0.4782303370786517,0.9064327485380117,0.22552447552447552,0.5352697095435685,0.6177658142664872,0.0935672514619883,0.7744755244755245,155,16,129,443,32,32,32,31
0.36716,0.4749,False,1424,171,523,730,0.6327247191011236,0.3672752808988764,0.9064327485380117,0.2232876712328767,0.6763485477178424,0.6470588235294118,0.0935672514619883,0.7767123287671233,155,16,163,567,32,32,32,31
0.36716,0.4749,True,1424,171,701,552,0.5077247191011236,0.4922752808988764,0.9064327485380117,0.23007246376811594,0.5269709543568465,0.6099585062240664,0.0935672514619883,0.769927536231884,155,16,127,425,32,32,32,31
0.36716,0.47582,False,1424,171,536,717,0.6235955056179775,0.37640449438202245,0.9064327485380117,0.22454672245467225,0.6680497925311203,0.6441441441441441,0.0935672514619883,0.7754532775453278,155,16,161,556,32,32,32,31
0.36716,0.47582,True,1424,171,712,541,0.5,0.5,0.9064327485380117,0.23105360443622922,0.5186721991701245,0.6067415730337079,0.0935672514619883,0.7689463955637708,155,16,125,416,32,32,32,31
0.36716,0.47709,False,1424,171,556,697,0.6095505617977528,0.3904494382022472,0.9064327485380117,0.2266857962697274,0.6556016597510373,0.6394009216589862,0.0935672514619883,0.7733142037302726,155,16,158,539,32,32,32,31
0.36716,0.47709,True,1424,171,729,524,0.488061797752809,0.511938202247191,0.9064327485380117,0.23282442748091603,0.5062240663900415,0.6014388489208633,0.0935672514619883,0.767175572519084,155,16,122,402,32,32,32,31
0.36716,0.47817,False,1424,171,572,681,0.598314606741573,0.40168539325842695,0.9064327485380117,0.22466960352422907,0.6348547717842323,0.6384976525821596,0.0935672514619883,0.775330396475771,155,16,153,528,32,32,32,31
0.36716,0.47817,True,1424,171,741,512,0.47963483146067415,0.5203651685393258,0.9064327485380117,0.232421875,0.49377593360995853,0.5988286969253295,0.0935672514619883,0.767578125,155,16,119,393,32,32,32,31
0.36716,0.47945,False,1424,171,592,661,0.5842696629213483,0.4157303370786517,0.9064327485380117,0.22692889561270801,0.6224066390041494,0.6334134615384616,0.0935672514619883,0.773071104387292,155,16,150,511,32,32,32,31
0.36716,0.47945,True,1424,171,757,496,0.4683988764044944,0.5316011235955056,0.9064327485380117,0.23588709677419356,0.4854771784232365,0.5922038980509745,0.0935672514619883,0.7641129032258065,155,16,117,379,32,32,32,31
0.36716,0.48134,False,1424,171,613,640,0.5695224719101124,0.43047752808988765,0.9064327485380117,0.2328125,0.6182572614107884,0.625154130702836,0.0935672514619883,0.7671875,155,16,149,491,32,32,32,31
0.36716,0.48134,True,1424,171,775,478,0.45575842696629215,0.5442415730337079,0.9064327485380117,0.24476987447698745,0.4854771784232365,0.5808936825885979,0.0935672514619883,0.7552301255230126,155,16,117,361,32,32,32,31
0.36716,0.48236,False,1424,171,633,620,0.5554775280898876,0.44452247191011235,0.9064327485380117,0.23870967741935484,0.6141078838174274,0.6169405815423514,0.0935672514619883,0.7612903225806451,155,16,148,472,32,32,32,31
0.36716,0.48236,True,1424,171,790,463,0.4452247191011236,0.5547752808988764,0.9064327485380117,0.2526997840172786,0.4854771784232365,0.5709779179810726,0.0935672514619883,0.7473002159827213,155,16,117,346,32,32,32,31
0.36716,0.48406,False,1424,171,654,599,0.5407303370786517,0.4592696629213483,0.9064327485380117,0.2387312186978297,0.5933609958506224,0.612987012987013,0.0935672514619883,0.7612687813021702,155,16,143,456,32,32,32,31
0.36716,0.48406,True,1424,171,804,449,0.4353932584269663,0.5646067415730337,0.9064327485380117,0.25389755011135856,0.4730290456431535,0.5661290322580645,0.0935672514619883,0.7461024498886414,155,16,114,335,32,32,32,31
0.36716,0.48558,False,1424,171,676,577,0.5252808988764045,0.4747191011235955,0.9064327485380117,0.24436741767764297,0.5850622406639004,0.6042780748663101,0.0935672514619883,0.755632582322357,155,16,141,436,32,32,32,31
0.36716,0.48558,True,1424,171,821,432,0.4234550561797753,0.5765449438202247,0.9064327485380117,0.2638888888888889,0.4730290456431535,0.5538971807628524,0.0935672514619883,0.7361111111111112,155,16,114,318,32,32,32,31
0.36716,0.48786,False,1424,171,697,556,0.5105337078651685,0.48946629213483145,0.9064327485380117,0.2517985611510791,0.5809128630705395,0.594222833562586,0.0935672514619883,0.7482014388489209,155,16,140,416,32,32,32,31
0.36716,0.48786,True,1424,171,836,417,0.41292134831460675,0.5870786516853933,0.9064327485380117,0.2733812949640288,0.4730290456431535,0.5425170068027211,0.0935672514619883,0.7266187050359713,155,16,114,303,32,32,32,31
0.36716,0.48938,False,1424,171,710,543,0.5014044943820225,0.49859550561797755,0.9064327485380117,0.2523020257826888,0.5684647302904564,0.5910364145658263,0.0935672514619883,0.7476979742173112,155,16,137,406,32,32,32,31
0.36716,0.48938,True,1424,171,849,404,0.40379213483146065,0.5962078651685393,0.9064327485380117,0.2747524752475248,0.4605809128630705,0.5373913043478261,0.0935672514619883,0.7252475247524752,155,16,111,293,32,32,32,31
0.36716,0.49294,False,1424,171,732,521,0.4859550561797753,0.5140449438202247,0.9064327485380117,0.2476007677543186,0.5352697095435685,0.5895953757225434,0.0935672514619883,0.7523992322456814,155,16,129,392,32,31,32,31
0.36716,0.49294,True,1424,171,861,392,0.39536516853932585,0.6046348314606742,0.9064327485380117,0.27040816326530615,0.43983402489626555,0.5364120781527532,0.0935672514619883,0.7295918367346939,155,16,106,286,32,31,32,31
0.36716,0.49536,False,1424,171,749,504,0.47401685393258425,0.5259831460674157,0.9064327485380117,0.25396825396825395,0.5311203319502075,0.5807407407407408,0.0935672514619883,0.746031746031746,155,16,128,376,32,31,32,31
0.36716,0.49536,True,1424,171,874,379,0.3862359550561798,0.6137640449438202,0.9064327485380117,0.2770448548812665,0.43568464730290457,0.5272727272727272,0.0935672514619883,0.7229551451187335,155,16,105,274,32,31,32,31
0.36716,0.49788,False,1424,171,771,482,0.4585674157303371,0.5414325842696629,0.9064327485380117,0.2551867219917012,0.5103734439834025,0.5742725880551302,0.0935672514619883,0.7448132780082988,155,16,123,359,32,31,32,31
0.36716,0.49788,True,1424,171,891,362,0.37429775280898875,0.6257022471910112,0.9064327485380117,0.281767955801105,0.42323651452282157,0.5178236397748592,0.0935672514619883,0.7182320441988951,155,16,102,260,32,31,32,31
0.36716,0.49958,False,1424,171,790,463,0.4452247191011236,0.5547752808988764,0.9064327485380117,0.2570194384449244,0.49377593360995853,0.5678233438485805,0.0935672514619883,0.7429805615550756,155,16,119,344,32,31,32,31
0.36716,0.49958,True,1424,171,905,348,0.36446629213483145,0.6355337078651685,0.9064327485380117,0.28160919540229884,0.4066390041493776,0.51252408477842,0.0935672514619883,0.7183908045977011,155,16,98,250,32,30,32,31
0.36716,0.50318,False,1424,171,811,442,0.43047752808988765,0.5695224719101124,0.9064327485380117,0.26018099547511314,0.47717842323651455,0.5595432300163132,0.0935672514619883,0.7398190045248869,155,16,115,327,32,31,32,31
0.36716,0.50318,True,1424,171,920,333,0.3539325842696629,0.6460674157303371,0.9064327485380117,0.2822822822822823,0.3900414937759336,0.5059523809523809,0.0935672514619883,0.7177177177177178,155,16,94,239,32,30,32,31
0.36716,0.50533,False,1424,171,833,420,0.41502808988764045,0.5849719101123596,0.9064327485380117,0.2619047619047619,0.45643153526970953,0.5516074450084603,0.0935672514619883,0.7380952380952381,155,16,110,310,32,31,32,31
0.36716,0.50533,True,1424,171,936,317,0.34269662921348315,0.6573033707865169,0.9064327485380117,0.28391167192429023,0.37344398340248963,0.4979508196721312,0.0935672514619883,0.7160883280757098,155,16,90,227,32,30,32,31
0.36716,0.50776,False,1424,171,855,398,0.39957865168539325,0.6004213483146067,0.9064327485380117,0.2638190954773869,0.43568464730290457,0.5430579964850615,0.0935672514619883,0.7361809045226131,155,16,105,293,32,31,32,31
0.36716,0.50776,True,1424,171,952,301,0.33146067415730335,0.6685393258426966,0.9064327485380117,0.2823920265780731,0.35269709543568467,0.4915254237288136,0.0935672514619883,0.717607973421927,155,16,85,216,32,30,32,31
0.36716,0.5105,False,1424,171,871,382,0.3883426966292135,0.6116573033707865,0.9064327485380117,0.27486910994764396,0.43568464730290457,0.5298372513562387,0.0935672514619883,0.725130890052356,155,16,105,277,32,31,32,31
0.36716,0.5105,True,1424,171,963,290,0.3237359550561798,0.6762640449438202,0.9064327485380117,0.29310344827586204,0.35269709543568467,0.4793926247288503,0.0935672514619883,0.7068965517241379,155,16,85,205,32,30,32,31
0.36716,0.51391,False,1424,171,891,362,0.37429775280898875,0.6257022471910112,0.9064327485380117,0.27624309392265195,0.4149377593360996,0.5215759849906192,0.0935672514619883,0.7237569060773481,155,16,100,262,32,31,32,31
0.36716,0.51391,True,1424,171,974,279,0.3160112359550562,0.6839887640449438,0.9064327485380117,0.2939068100358423,0.34024896265560167,0.47333333333333333,0.0935672514619883,0.7060931899641577,155,16,82,197,32,29,32,31
0.36716,0.51704,False,1424,171,910,343,0.3609550561797753,0.6390449438202247,0.9064327485380117,0.27696793002915454,0.3941908713692946,0.5136186770428015,0.0935672514619883,0.7230320699708455,155,16,95,248,32,31,32,31
0.36716,0.51704,True,1424,171,990,263,0.3047752808988764,0.6952247191011236,0.9064327485380117,0.2965779467680608,0.3236514522821577,0.4631336405529954,0.0935672514619883,0.7034220532319392,155,16,78,185,32,29,32,31
0.36716,0.51897,False,1424,171,930,323,0.34691011235955055,0.6530898876404494,0.9064327485380117,0.28173374613003094,0.3775933609958506,0.5020242914979757,0.0935672514619883,0.718266253869969,155,16,91,232,32,31,32,31
0.36716,0.51897,True,1424,171,1009,244,0.2914325842696629,0.7085674157303371,0.9064327485380117,0.30327868852459017,0.3070539419087137,0.44819277108433736,0.0935672514619883,0.6967213114754098,155,16,74,170,32,28,32,31
0.36716,0.52434,False,1424,171,951,302,0.3321629213483146,0.6678370786516854,0.9064327485380117,0.28807947019867547,0.36099585062240663,0.4883720930232558,0.0935672514619883,0.7119205298013245,155,16,87,215,32,30,32,31
0.36716,0.52434,True,1424,171,1028,225,0.27808988764044945,0.7219101123595506,0.9064327485380117,0.3111111111111111,0.29045643153526973,0.4318181818181818,0.0935672514619883,0.6888888888888889,155,16,70,155,32,26,32,31
0.36716,0.52767,False,1424,171,967,286,0.32092696629213485,0.6790730337078652,0.9064327485380117,0.2972027972027972,0.35269709543568467,0.474835886214442,0.0935672514619883,0.7027972027972028,155,16,85,201,32,30,32,31
0.36716,0.52767,True,1424,171,1041,212,0.26896067415730335,0.7310393258426966,0.9064327485380117,0.32075471698113206,0.2821576763485477,0.4177545691906005,0.0935672514619883,0.6792452830188679,155,16,68,144,32,24,32,31
0.36716,0.53286,False,1424,171,989,264,0.30547752808988765,0.6945224719101124,0.9064327485380117,0.3068181818181818,0.3360995850622407,0.4574712643678161,0.0935672514619883,0.6931818181818182,155,16,81,183,32,28,32,31
0.36716,0.53286,True,1424,171,1059,194,0.2563202247191011,0.7436797752808989,0.9064327485380117,0.32989690721649484,0.26556016597510373,0.4,0.0935672514619883,0.6701030927835051,155,16,64,130,32,24,32,31
0.36716,0.53953,False,1424,171,1011,242,0.29002808988764045,0.7099719101123596,0.9064327485380117,0.30991735537190085,0.3112033195020747,0.4430992736077482,0.0935672514619883,0.6900826446280992,155,16,75,167,32,24,32,31
0.36716,0.53953,True,1424,171,1076,177,0.2443820224719101,0.7556179775280899,0.9064327485380117,0.3389830508474576,0.24896265560165975,0.382183908045977,0.0935672514619883,0.6610169491525424,155,16,60,117,32,22,32,31
0.36716,0.54572,False,1424,171,1032,221,0.2752808988764045,0.7247191011235955,0.9064327485380117,0.3212669683257919,0.2946058091286307,0.42346938775510207,0.0935672514619883,0.6787330316742082,155,16,71,150,32,24,32,31
0.36716,0.54572,True,1424,171,1090,163,0.2345505617977528,0.7654494382022472,0.9064327485380117,0.3558282208588957,0.24066390041493776,0.36227544910179643,0.0935672514619883,0.6441717791411042,155,16,58,105,32,21,32,31
0.36716,0.54999,False,1424,171,1050,203,0.26264044943820225,0.7373595505617978,0.9064327485380117,0.3399014778325123,0.2863070539419087,0.40106951871657753,0.0935672514619883,0.6600985221674877,155,16,69,134,32,23,31,31
0.36716,0.54999,True,1424,171,1106,147,0.22331460674157302,0.776685393258427,0.9064327485380117,0.38095238095238093,0.23236514522821577,0.33647798742138363,0.0935672514619883,0.6190476190476191,155,16,56,91,32,20,30,31
0.36716,0.55464,False,1424,171,1072,181,0.24719101123595505,0.7528089887640449,0.9064327485380117,0.3370165745856354,0.25311203319502074,0.38636363636363635,0.0935672514619883,0.6629834254143646,155,16,61,120,32,20,30,31
0.36716,0.55464,True,1424,171,1122,131,0.21207865168539325,0.7879213483146067,0.9064327485380117,0.3893129770992366,0.21161825726141079,0.31788079470198677,0.0935672514619883,0.6106870229007634,155,16,51,80,32,19,29,31
0.36716,0.56209,False,1424,171,1093,160,0.2324438202247191,0.7675561797752809,0.9064327485380117,0.35,0.23236514522821577,0.36253776435045315,0.0935672514619883,0.65,155,16,56,104,32,20,29,31
0.36716,0.56209,True,1424,171,1136,117,0.20224719101123595,0.797752808988764,0.9064327485380117,0.41025641025641024,0.1991701244813278,0.2951388888888889,0.0935672514619883,0.5897435897435898,155,16,48,69,32,18,28,31
0.36716,0.57246,False,1424,171,1115,138,0.2169943820224719,0.7830056179775281,0.9064327485380117,0.35507246376811596,0.2033195020746888,0.33980582524271846,0.0935672514619883,0.644927536231884,155,16,49,89,32,18,29,31
0.36716,0.57246,True,1424,171,1149,104,0.1931179775280899,0.8068820224719101,0.9064327485380117,0.40384615384615385,0.17427385892116182,0.28363636363636363,0.0935672514619883,0.5961538461538461,155,16,42,62,32,17,28,31
0.36716,0.58583,False,1424,171,1137,116,0.20154494382022473,0.7984550561797753,0.9064327485380117,0.3879310344827586,0.18672199170124482,0.30313588850174217,0.0935672514619883,0.6120689655172413,155,16,45,71,32,17,26,31
0.36716,0.58583,True,1424,171,1165,88,0.1818820224719101,0.8181179775280899,0.9064327485380117,0.4318181818181818,0.15767634854771784,0.2548262548262548,0.0935672514619883,0.5681818181818182,155,16,38,50,32,17,26,31
0.36716,0.59836,False,1424,171,1159,94,0.18609550561797752,0.8139044943820225,0.9064327485380117,0.40425531914893614,0.15767634854771784,0.27169811320754716,0.0935672514619883,0.5957446808510638,155,16,38,56,32,16,24,31
0.36716,0.59836,True,1424,171,1180,73,0.17134831460674158,0.8286516853932584,0.9064327485380117,0.4383561643835616,0.13278008298755187,0.2336065573770492,0.0935672514619883,0.5616438356164384,155,16,32,41,32,16,24,31
0.36716,0.61936,False,1424,171,1180,73,0.17134831460674158,0.8286516853932584,0.9064327485380117,0.4246575342465753,0.12863070539419086,0.23770491803278687,0.0935672514619883,0.5753424657534246,155,16,31,42,32,13,23,31
0.36716,0.61936,True,1424,171,1198,55,0.15870786516853932,0.8412921348314607,0.9064327485380117,0.45454545454545453,0.1037344398340249,0.20353982300884957,0.0935672514619883,0.5454545454545454,155,16,25,30,32,13,23,31
0.36716,0.67291,False,1424,171,1202,51,0.15589887640449437,0.8441011235955056,0.9064327485380117,0.47058823529411764,0.0995850622406639,0.19369369369369369,0.0935672514619883,0.5294117647058824,155,16,24,27,31,13,19,31
0.36716,0.67291,True,1424,171,1212,41,0.14887640449438203,0.851123595505618,0.9064327485380117,0.5121951219512195,0.08713692946058091,0.16981132075471697,0.0935672514619883,0.4878048780487805,155,16,21,20,31,13,19,31
0.36716,0.78196,False,1424,171,1224,29,0.1404494382022472,0.8595505617977528,0.9064327485380117,0.41379310344827586,0.04979253112033195,0.165,0.0935672514619883,0.5862068965517241,155,16,12,17,31,12,14,31
0.36716,0.78196,True,1424,171,1227,26,0.13834269662921347,0.8616573033707865,0.9064327485380117,0.4230769230769231,0.04564315352697095,0.15736040609137056,0.0935672514619883,0.5769230769230769,155,16,11,15,31,12,13,31
0.36716,0.96896,False,1424,171,1245,8,0.12570224719101122,0.8742977528089888,0.9064327485380117,0.75,0.024896265560165973,0.1005586592178771,0.0935672514619883,0.25,155,16,6,2,31,12,4,31
0.36716,0.96896,True,1424,171,1246,7,0.125,0.875,0.9064327485380117,0.7142857142857143,0.02074688796680498,0.10112359550561797,0.0935672514619883,0.2857142857142857,155,16,5,2,31,12,4,31
0.38767,0.47017,False,1424,200,433,791,0.6959269662921348,0.30407303370786515,0.91,0.21491782553729458,0.7053941908713693,0.644803229061554,0.09,0.7850821744627055,182,18,170,621,32,32,32,31
0.38767,0.47017,True,1424,200,616,608,0.5674157303370787,0.43258426966292135,0.91,0.22039473684210525,0.5560165975103735,0.6089108910891089,0.09,0.7796052631578947,182,18,134,474,32,32,32,31
0.38767,0.47143,False,1424,200,450,774,0.6839887640449438,0.3160112359550562,0.91,0.21705426356589147,0.6970954356846473,0.6406570841889117,0.09,0.7829457364341085,182,18,168,606,32,32,32,31
0.38767,0.47143,True,1424,200,632,592,0.5561797752808989,0.4438202247191011,0.91,0.22297297297297297,0.5477178423236515,0.6035353535353535,0.09,0.777027027027027,182,18,132,460,32,32,32,31
0.38767,0.4729,False,1424,200,472,752,0.6685393258426966,0.33146067415730335,0.91,0.21941489361702127,0.6846473029045643,0.6355042016806722,0.09,0.7805851063829787,182,18,165,587,32,32,32,31
0.38767,0.4729,True,1424,200,652,572,0.5421348314606742,0.45786516853932585,0.91,0.22552447552447552,0.5352697095435685,0.5971502590673575,0.09,0.7744755244755245,182,18,129,443,32,32,32,31
0.38767,0.4749,False,1424,200,494,730,0.6530898876404494,0.34691011235955055,0.91,0.2232876712328767,0.6763485477178424,0.6290322580645161,0.09,0.7767123287671233,182,18,163,567,32,32,32,31
0.38767,0.4749,True,1424,200,672,552,0.5280898876404494,0.47191011235955055,0.91,0.23007246376811594,0.5269709543568465,0.589095744680851,0.09,0.769927536231884,182,18,127,425,32,32,32,31
0.38767,0.47582,False,1424,200,507,717,0.6439606741573034,0.35603932584269665,0.91,0.22454672245467225,0.6680497925311203,0.6259541984732825,0.09,0.7754532775453278,182,18,161,556,32,32,32,31
0.38767,0.47582,True,1424,200,683,541,0.5203651685393258,0.47963483146067415,0.91,0.23105360443622922,0.5186721991701245,0.5856950067476383,0.09,0.7689463955637708,182,18,125,416,32,32,32,31
0.38767,0.47709,False,1424,200,527,697,0.6299157303370787,0.37008426966292135,0.91,0.2266857962697274,0.6556016597510373,0.620958751393534,0.09,0.7733142037302726,182,18,158,539,32,32,32,31
0.38767,0.47709,True,1424,200,700,524,0.5084269662921348,0.49157303370786515,0.91,0.23282442748091603,0.5062240663900415,0.580110497237569,0.09,0.767175572519084,182,18,122,402,32,32,32,31
0.38767,0.47817,False,1424,200,543,681,0.6186797752808989,0.3813202247191011,0.91,0.22466960352422907,0.6348547717842323,0.619750283768445,0.09,0.775330396475771,182,18,153,528,32,32,32,31
0.38767,0.47817,True,1424,200,712,512,0.5,0.5,0.91,0.232421875,0.49377593360995853,0.577247191011236,0.09,0.767578125,182,18,119,393,32,32,32,31
0.38767,0.47945,False,1424,200,563,661,0.6046348314606742,0.39536516853932585,0.91,0.22692889561270801,0.6224066390041494,0.6144018583042973,0.09,0.773071104387292,182,18,150,511,32,32,32,31
0.38767,0.47945,True,1424,200,728,496,0.4887640449438202,0.5112359550561798,0.91,0.23588709677419356,0.4854771784232365,0.5704022988505747,0.09,0.7641129032258065,182,18,117,379,32,32,32,31
0.38767,0.48134,False,1424,200,584,640,0.5898876404494382,0.4101123595505618,0.91,0.2328125,0.6182572614107884,0.6059523809523809,0.09,0.7671875,182,18,149,491,32,32,32,31
0.38767,0.48134,True,1424,200,746,478,0.476123595505618,0.523876404494382,0.91,0.24476987447698745,0.4854771784232365,0.5589970501474927,0.09,0.7552301255230126,182,18,117,361,32,32,32,31
0.38767,0.48236,False,1424,200,604,620,0.5758426966292135,0.4241573033707865,0.91,0.23870967741935484,0.6141078838174274,0.5975609756097561,0.09,0.7612903225806451,182,18,148,472,32,32,32,31
0.38767,0.48236,True,1424,200,761,463,0.46558988764044945,0.5344101123595506,0.91,0.2526997840172786,0.4854771784232365,0.5490196078431373,0.09,0.7473002159827213,182,18,117,346,32,32,32,31
0.38767,0.48406,False,1424,200,625,599,0.5610955056179775,0.43890449438202245,0.91,0.2387312186978297,0.5933609958506224,0.5932415519399249,0.09,0.7612687813021702,182,18,143,456,32,32,32,31
0.38767,0.48406,True,1424,200,775,449,0.45575842696629215,0.5442415730337079,0.91,0.25389755011135856,0.4730290456431535,0.5439137134052389,0.09,0.7461024498886414,182,18,114,335,32,32,32,31
0.38767,0.48558,False,1424,200,647,577,0.5456460674157303,0.45435393258426965,0.91,0.24436741767764297,0.5850622406639004,0.5842985842985843,0.09,0.755632582322357,182,18,141,436,32,32,32,31
0.38767,0.48558,True,1424,200,792,432,0.4438202247191011,0.5561797752808989,0.91,0.2638888888888889,0.4730290456431535,0.5316455696202531,0.09,0.7361111111111112,182,18,114,318,32,32,32,31
0.38767,0.48786,False,1424,200,668,556,0.5308988764044944,0.4691011235955056,0.91,0.2517985611510791,0.5809128630705395,0.5740740740740741,0.09,0.7482014388489209,182,18,140,416,32,32,32,31
0.38767,0.48786,True,1424,200,807,417,0.4332865168539326,0.5667134831460674,0.91,0.2733812949640288,0.4730290456431535,0.520259319286872,0.09,0.7266187050359713,182,18,114,303,32,32,32,31
0.38767,0.48938,False,1424,200,681,543,0.5217696629213483,0.4782303370786517,0.91,0.2523020257826888,0.5684647302904564,0.5706594885598923,0.09,0.7476979742173112,182,18,137,406,32,32,32,31
0.38767,0.48938,True,1424,200,820,404,0.4241573033707865,0.5758426966292135,0.91,0.2747524752475248,0.4605809128630705,0.5149006622516556,0.09,0.7252475247524752,182,18,111,293,32,32,32,31
0.38767,0.49294,False,1424,200,703,521,0.5063202247191011,0.4936797752808989,0.91,0.2476007677543186,0.5352697095435685,0.5686546463245492,0.09,0.7523992322456814,182,18,129,392,32,32,32,31
0.38767,0.49294,True,1424,200,832,392,0.4157303370786517,0.5842696629213483,0.91,0.27040816326530615,0.43983402489626555,0.5135135135135135,0.09,0.7295918367346939,182,18,106,286,32,32,32,31
0.38767,0.49536,False,1424,200,720,504,0.4943820224719101,0.5056179775280899,0.91,0.25396825396825395,0.5311203319502075,0.5596590909090909,0.09,0.746031746031746,182,18,128,376,32,32,32,31
0.38767,0.49536,True,1424,200,845,379,0.4066011235955056,0.5933988764044944,0.91,0.2770448548812665,0.43568464730290457,0.5043177892918825,0.09,0.7229551451187335,182,18,105,274,32,32,32,31
0.38767,0.49788,False,1424,200,742,482,0.4789325842696629,0.5210674157303371,0.91,0.2551867219917012,0.5103734439834025,0.5527859237536656,0.09,0.7448132780082988,182,18,123,359,32,31,32,31
0.38767,0.49788,True,1424,200,862,362,0.3946629213483146,0.6053370786516854,0.91,0.281767955801105,0.42323651452282157,0.49466192170818507,0.09,0.7182320441988951,182,18,102,260,32,31,32,31
0.38767,0.49958,False,1424,200,761,463,0.46558988764044945,0.5344101123595506,0.91,0.2570194384449244,0.49377593360995853,0.5460030165912518,0.09,0.7429805615550756,182,18,119,344,32,31,32,31
0.38767,0.49958,True,1424,200,876,348,0.3848314606741573,0.6151685393258427,0.91,0.28160919540229884,0.4066390041493776,0.48905109489051096,0.09,0.7183908045977011,182,18,98,250,32,30,32,31
0.38767,0.50318,False,1424,200,782,442,0.4508426966292135,0.5491573033707865,0.91,0.26018099547511314,0.47717842323651455,0.5373831775700935,0.09,0.7398190045248869,182,18,115,327,32,31,32,31
0.38767,0.50318,True,1424,200,891,333,0.37429775280898875,0.6257022471910112,0.91,0.2822822822822823,0.3900414937759336,0.4821763602251407,0.09,0.7177177177177178,182,18,94,239,32,30,32,31
0.38767,0.50533,False,1424,200,804,420,0.4353932584269663,0.5646067415730337,0.91,0.2619047619047619,0.45643153526970953,0.5290322580645161,0.09,0.7380952380952381,182,18,110,310,32,31,32,31
0.38767,0.50533,True,1424,200,907,317,0.363061797752809,0.636938202247191,0.91,0.28391167192429023,0.37344398340248963,0.4738878143133462,0.09,0.7160883280757098,182,18,90,227,32,30,32,31
0.38767,0.50776,False,1424,200,826,398,0.4199438202247191,0.5800561797752809,0.91,0.2638190954773869,0.43568464730290457,0.520066889632107,0.09,0.7361809045226131,182,18,105,293,32,31,32,31
0.38767,0.50776,True,1424,200,923,301,0.3518258426966292,0.6481741573033708,0.91,0.2823920265780731,0.35269709543568467,0.46706586826347307,0.09,0.717607973421927,182,18,85,216,32,30,32,31
0.38767,0.5105,False,1424,200,842,382,0.40870786516853935,0.5912921348314607,0.91,0.27486910994764396,0.43568464730290457,0.506872852233677,0.09,0.725130890052356,182,18,105,277,32,31,32,31
0.38767,0.5105,True,1424,200,934,290,0.3441011235955056,0.6558988764044944,0.91,0.29310344827586204,0.35269709543568467,0.45510204081632655,0.09,0.7068965517241379,182,18,85,205,32,30,32,31
0.38767,0.51391,False,1424,200,862,362,0.3946629213483146,0.6053370786516854,0.91,0.27624309392265195,0.4149377593360996,0.498220640569395,0.09,0.7237569060773481,182,18,100,262,32,31,32,31
0.38767,0.51391,True,1424,200,945,279,0.336376404494382,0.663623595505618,0.91,0.2939068100358423,0.34024896265560167,0.4488517745302714,0.09,0.7060931899641577,182,18,82,197,32,29,32,31
0.38767,0.51704,False,1424,200,881,343,0.3813202247191011,0.6186797752808989,0.91,0.27696793002915454,0.3941908713692946,0.48987108655616945,0.09,0.7230320699708455,182,18,95,248,32,31,32,31
0.38767,0.51704,True,1424,200,961,263,0.32514044943820225,0.6748595505617978,0.91,0.2965779467680608,0.3236514522821577,0.43844492440604754,0.09,0.7034220532319392,182,18,78,185,32,29,32,31
0.38767,0.51897,False,1424,200,901,323,0.3672752808988764,0.6327247191011236,0.91,0.28173374613003094,0.3775933609958506,0.4780114722753346,0.09,0.718266253869969,182,18,91,232,32,31,32,31
0.38767,0.51897,True,1424,200,980,244,0.31179775280898875,0.6882022471910112,0.91,0.30327868852459017,0.3070539419087137,0.42342342342342343,0.09,0.6967213114754098,182,18,74,170,32,28,32,31
0.38767,0.52434,False,1424,200,922,302,0.35252808988764045,0.6474719101123596,0.91,0.28807947019867547,0.36099585062240663,0.4641434262948207,0.09,0.7119205298013245,182,18,87,215,32,31,32,31
0.38767,0.52434,True,1424,200,999,225,0.2984550561797753,0.7015449438202247,0.91,0.3111111111111111,0.29045643153526973,0.40705882352941175,0.09,0.6888888888888889,182,18,70,155,32,27,32,31
0.38767,0.52767,False,1424,200,938,286,0.34129213483146065,0.6587078651685393,0.91,0.2972027972027972,0.35269709543568467,0.4506172839506173,0.09,0.7027972027972028,182,18,85,201,32,31,32,31
0.38767,0.52767,True,1424,200,1012,212,0.2893258426966292,0.7106741573033708,0.91,0.32075471698113206,0.2821576763485477,0.3932038834951456,0.09,0.6792452830188679,182,18,68,144,32,25,32,31
0.38767,0.53286,False,1424,200,960,264,0.3258426966292135,0.6741573033707865,0.91,0.3068181818181818,0.3360995850622407,0.4331896551724138,0.09,0.6931818181818182,182,18,81,183,32,29,32,31
0.38767,0.53286,True,1424,200,1030,194,0.27668539325842695,0.723314606741573,0.91,0.32989690721649484,0.26556016597510373,0.3756345177664975,0.09,0.6701030927835051,182,18,64,130,32,25,32,31
0.38767,0.53953,False,1424,200,982,242,0.3103932584269663,0.6896067415730337,0.91,0.30991735537190085,0.3112033195020747,0.41855203619909503,0.09,0.6900826446280992,182,18,75,167,32,26,32,31
0.38767,0.53953,True,1424,200,1047,177,0.26474719101123595,0.735252808988764,0.91,0.3389830508474576,0.24896265560165975,0.35809018567639256,0.09,0.6610169491525424,182,18,60,117,32,24,32,31
0.38767,0.54572,False,1424,200,1003,221,0.29564606741573035,0.7043539325842697,0.91,0.3212669683257919,0.2946058091286307,0.3990498812351544,0.09,0.6787330316742082,182,18,71,150,32,26,32,31
0.38767,0.54572,True,1424,200,1061,163,0.25491573033707865,0.7450842696629213,0.91,0.3558282208588957,0.24066390041493776,0.33884297520661155,0.09,0.6441717791411042,182,18,58,105,32,23,32,31
0.38767,0.54999,False,1424,200,1021,203,0.2830056179775281,0.7169943820224719,0.91,0.3399014778325123,0.2863070539419087,0.3771712158808933,0.09,0.6600985221674877,182,18,69,134,32,24,31,31
0.38767,0.54999,True,1424,200,1077,147,0.24367977528089887,0.7563202247191011,0.91,0.38095238095238093,0.23236514522821577,0.31412103746397696,0.09,0.6190476190476191,182,18,56,91,32,21,30,31
0.38767,0.55464,False,1424,200,1043,181,0.2675561797752809,0.7324438202247191,0.91,0.3370165745856354,0.25311203319502074,0.36220472440944884,0.09,0.6629834254143646,182,18,61,120,32,22,30,31
0.38767,0.55464,True,1424,200,1093,131,0.2324438202247191,0.7675561797752809,0.91,0.3893129770992366,0.21161825726141079,0.29607250755287007,0.09,0.6106870229007634,182,18,51,80,32,21,29,31
0.38767,0.56209,False,1424,200,1064,160,0.25280898876404495,0.7471910112359551,0.91,0.35,0.23236514522821577,0.3388888888888889,0.09,0.65,182,18,56,104,32,22,29,31
0.38767,0.56209,True,1424,200,1107,117,0.2226123595505618,0.7773876404494382,0.91,0.41025641025641024,0.1991701244813278,0.2744479495268139,0.09,0.5897435897435898,182,18,48,69,32,21,28,31
0.38767,0.57246,False,1424,200,1086,138,0.23735955056179775,0.7626404494382022,0.91,0.35507246376811596,0.2033195020746888,0.3165680473372781,0.09,0.644927536231884,182,18,49,89,32,21,29,31
0.38767,0.57246,True,1424,200,1120,104,0.21348314606741572,0.7865168539325843,0.91,0.40384615384615385,0.17427385892116182,0.2631578947368421,0.09,0.5961538461538461,182,18,42,62,32,21,28,31
0.38767,0.58583,False,1424,200,1108,116,0.22191011235955055,0.7780898876404494,0.91,0.3879310344827586,0.18672199170124482,0.28164556962025317,0.09,0.6120689655172413,182,18,45,71,32,20,26,31
0.38767,0.58583,True,1424,200,1136,88,0.20224719101123595,0.797752808988764,0.91,0.4318181818181818,0.15767634854771784,0.2361111111111111,0.09,0.5681818181818182,182,18,38,50,32,19,26,31
0.38767,0.59836,False,1424,200,1130,94,0.20646067415730338,0.7935393258426966,0.91,0.40425531914893614,0.15767634854771784,0.25170068027210885,0.09,0.5957446808510638,182,18,38,56,32,19,24,31
0.38767,0.59836,True,1424,200,1151,73,0.19171348314606743,0.8082865168539326,0.91,0.4383561643835616,0.13278008298755187,0.21611721611721613,0.09,0.5616438356164384,182,18,32,41,32,18,24,31
0.38767,0.61936,False,1424,200,1151,73,0.19171348314606743,0.8082865168539326,0.91,0.4246575342465753,0.12863070539419086,0.21978021978021978,0.09,0.5753424657534246,182,18,31,42,32,15,23,31
0.38767,0.61936,True,1424,200,1169,55,0.17907303370786518,0.8209269662921348,0.91,0.45454545454545453,0.1037344398340249,0.18823529411764706,0.09,0.5454545454545454,182,18,25,30,32,15,23,31
0.38767,0.67291,False,1424,200,1173,51,0.17626404494382023,0.8237359550561798,0.91,0.47058823529411764,0.0995850622406639,0.17928286852589642,0.09,0.5294117647058824,182,18,24,27,31,13,19,31
0.38767,0.67291,True,1424,200,1183,41,0.16924157303370788,0.8307584269662921,0.91,0.5121951219512195,0.08713692946058091,0.15767634854771784,0.09,0.4878048780487805,182,18,21,20,31,13,19,31
0.38767,0.78196,False,1424,200,1195,29,0.16081460674157302,0.839185393258427,0.91,0.41379310344827586,0.04979253112033195,0.15283842794759825,0.09,0.5862068965517241,182,18,12,17,31,13,14,31
0.38767,0.78196,True,1424,200,1198,26,0.15870786516853932,0.8412921348314607,0.91,0.4230769230769231,0.04564315352697095,0.14601769911504425,0.09,0.5769230769230769,182,18,11,15,31,13,13,31
0.38767,0.96896,False,1424,200,1216,8,0.14606741573033707,0.8539325842696629,0.91,0.75,0.024896265560165973,0.09615384615384616,0.09,0.25,182,18,6,2,31,13,4,31
0.38767,0.96896,True,1424,200,1217,7,0.14536516853932585,0.8546348314606742,0.91,0.7142857142857143,0.02074688796680498,0.0966183574879227,0.09,0.2857142857142857,182,18,5,2,31,13,4,31
0.40131,0.47017,False,1424,228,405,791,0.7155898876404494,0.28441011235955055,0.9035087719298246,0.21491782553729458,0.7053941908713693,0.6310107948969578,0.09649122807017543,0.7850821744627055,206,22,170,621,32,32,32,31
0.40131,0.47017,True,1424,228,588,608,0.5870786516853933,0.41292134831460675,0.9035087719298246,0.22039473684210525,0.5560165975103735,0.5933014354066986,0.09649122807017543,0.7796052631578947,206,22,134,474,32,32,32,31
0.40131,0.47143,False,1424,228,422,774,0.7036516853932584,0.29634831460674155,0.9035087719298246,0.21705426356589147,0.6970954356846473,0.626746506986028,0.09649122807017543,0.7829457364341085,206,22,168,606,32,32,32,31
0.40131,0.47143,True,1424,228,604,592,0.5758426966292135,0.4241573033707865,0.9035087719298246,0.22297297297297297,0.5477178423236515,0.5878048780487805,0.09649122807017543,0.777027027027027,206,22,132,460,32,32,32,31
0.40131,0.4729,False,1424,228,444,752,0.6882022471910112,0.31179775280898875,0.9035087719298246,0.21941489361702127,0.6846473029045643,0.6214285714285714,0.09649122807017543,0.7805851063829787,206,22,165,587,32,32,32,31
0.40131,0.4729,True,1424,228,624,572,0.5617977528089888,0.43820224719101125,0.9035087719298246,0.22552447552447552,0.5352697095435685,0.58125,0.09649122807017543,0.7744755244755245,206,22,129,443,32,32,32,31
0.40131,0.4749,False,1424,228,466,730,0.672752808988764,0.32724719101123595,0.9035087719298246,0.2232876712328767,0.6763485477178424,0.6148225469728601,0.09649122807017543,0.7767123287671233,206,22,163,567,32,32,32,31
0.40131,0.4749,True,1424,228,644,552,0.547752808988764,0.45224719101123595,0.9035087719298246,0.23007246376811594,0.5269709543568465,0.573076923076923,0.09649122807017543,0.769927536231884,206,22,127,425,32,32,32,31
0.40131,0.47582,False,1424,228,479,717,0.663623595505618,0.336376404494382,0.9035087719298246,0.22454672245467225,0.6680497925311203,0.6116402116402117,0.09649122807017543,0.7754532775453278,206,22,161,556,32,32,32,31
0.40131,0.47582,True,1424,228,655,541,0.5400280898876404,0.45997191011235955,0.9035087719298246,0.23105360443622922,0.5186721991701245,0.5695708712613784,0.09649122807017543,0.7689463955637708,206,22,125,416,32,32,32,31
0.40131,0.47709,False,1424,228,499,697,0.6495786516853933,0.35042134831460675,0.9035087719298246,0.2266857962697274,0.6556016597510373,0.6064864864864865,0.09649122807017543,0.7733142037302726,206,22,158,539,32,32,32,31
0.40131,0.47709,True,1424,228,672,524,0.5280898876404494,0.47191011235955055,0.9035087719298246,0.23282442748091603,0.5062240663900415,0.5638297872340425,0.09649122807017543,0.767175572519084,206,22,122,402,32,32,32,31
0.40131,0.47817,False,1424,228,515,681,0.6383426966292135,0.3616573033707865,0.9035087719298246,0.22466960352422907,0.6348547717842323,0.605060506050605,0.09649122807017543,0.775330396475771,206,22,153,528,32,32,32,31
0.40131,0.47817,True,1424,228,684,512,0.5196629213483146,0.4803370786516854,0.9035087719298246,0.232421875,0.49377593360995853,0.5608108108108109,0.09649122807017543,0.767578125,206,22,119,393,32,32,32,31
0.40131,0.47945,False,1424,228,535,661,0.6242977528089888,0.37570224719101125,0.9035087719298246,0.22692889561270801,0.6224066390041494,0.5995500562429696,0.09649122807017543,0.773071104387292,206,22,150,511,32,32,32,31
0.40131,0.47945,True,1424,228,700,496,0.5084269662921348,0.49157303370786515,0.9035087719298246,0.23588709677419356,0.4854771784232365,0.5538674033149171,0.09649122807017543,0.7641129032258065,206,22,117,379,32,32,32,31
0.40131,0.48134,False,1424,228,556,640,0.6095505617977528,0.3904494382022472,0.9035087719298246,0.2328125,0.6182572614107884,0.5910138248847926,0.09649122807017543,0.7671875,206,22,149,491,32,32,32,31
0.40131,0.48134,True,1424,228,718,478,0.4957865168539326,0.5042134831460674,0.9035087719298246,0.24476987447698745,0.4854771784232365,0.5424929178470255,0.09649122807017543,0.7552301255230126,206,22,117,361,32,32,32,31
0.40131,0.48236,False,1424,228,576,620,0.5955056179775281,0.4044943820224719,0.9035087719298246,0.23870967741935484,0.6141078838174274,0.5825471698113207,0.09649122807017543,0.7612903225806451,206,22,148,472,32,32,32,31
0.40131,0.48236,True,1424,228,733,463,0.48525280898876405,0.514747191011236,0.9035087719298246,0.2526997840172786,0.4854771784232365,0.532561505065123,0.09649122807017543,0.7473002159827213,206,22,117,346,32,32,32,31
0.40131,0.48406,False,1424,228,597,599,0.5807584269662921,0.41924157303370785,0.9035087719298246,0.2387312186978297,0.5933609958506224,0.5779927448609432,0.09649122807017543,0.7612687813021702,206,22,143,456,32,32,32,31
0.40131,0.48406,True,1424,228,747,449,0.47542134831460675,0.5245786516853933,0.9035087719298246,0.25389755011135856,0.4730290456431535,0.5273264401772526,0.09649122807017543,0.7461024498886414,206,22,114,335,32,32,32,31
0.40131,0.48558,False,1424,228,619,577,0.5653089887640449,0.43469101123595505,0.9035087719298246,0.24436741767764297,0.5850622406639004,0.568944099378882,0.09649122807017543,0.755632582322357,206,22,141,436,32,32,32,31
0.40131,0.48558,True,1424,228,764,432,0.46348314606741575,0.5365168539325843,0.9035087719298246,0.2638888888888889,0.4730290456431535,0.5151515151515151,0.09649122807017543,0.7361111111111112,206,22,114,318,32,32,32,31
0.40131,0.48786,False,1424,228,640,556,0.550561797752809,0.449438202247191,0.9035087719298246,0.2517985611510791,0.5809128630705395,0.5586734693877551,0.09649122807017543,0.7482014388489209,206,22,140,416,32,32,32,31
0.40131,0.48786,True,1424,228,779,417,0.4529494382022472,0.5470505617977528,0.9035087719298246,0.2733812949640288,0.4730290456431535,0.5038759689922481,0.09649122807017543,0.7266187050359713,206,22,114,303,32,32,32,31
0.40131,0.48938,False,1424,228,653,543,0.5414325842696629,0.4585674157303371,0.9035087719298246,0.2523020257826888,0.5684647302904564,0.5551232166018158,0.09649122807017543,0.7476979742173112,206,22,137,406,32,32,32,31
0.40131,0.48938,True,1424,228,792,404,0.4438202247191011,0.5561797752808989,0.9035087719298246,0.2747524752475248,0.4605809128630705,0.49841772151898733,0.09649122807017543,0.7252475247524752,206,22,111,293,32,32,32,31
0.40131,0.49294,False,1424,228,675,521,0.5259831460674157,0.47401685393258425,0.9035087719298246,0.2476007677543186,0.5352697095435685,0.5527369826435247,0.09649122807017543,0.7523992322456814,206,22,129,392,32,32,32,31
0.40131,0.49294,True,1424,228,804,392,0.4353932584269663,0.5646067415730337,0.9035087719298246,0.27040816326530615,0.43983402489626555,0.4967741935483871,0.09649122807017543,0.7295918367346939,206,22,106,286,32,32,32,31
0.40131,0.49536,False,1424,228,692,504,0.5140449438202247,0.4859550561797753,0.9035087719298246,0.25396825396825395,0.5311203319502075,0.5437158469945356,0.09649122807017543,0.746031746031746,206,22,128,376,32,32,32,31
0.40131,0.49536,True,1424,228,817,379,0.4262640449438202,0.5737359550561798,0.9035087719298246,0.2770448548812665,0.43568464730290457,0.4876441515650741,0.09649122807017543,0.7229551451187335,206,22,105,274,32,32,32,31
0.40131,0.49788,False,1424,228,714,482,0.49859550561797755,0.5014044943820225,0.9035087719298246,0.2551867219917012,0.5103734439834025,0.5366197183098591,0.09649122807017543,0.7448132780082988,206,22,123,359,32,32,32,31
0.40131,0.49788,True,1424,228,834,362,0.4143258426966292,0.5856741573033708,0.9035087719298246,0.281767955801105,0.42323651452282157,0.47796610169491527,0.09649122807017543,0.7182320441988951,206,22,102,260,32,32,32,31
0.40131,0.49958,False,1424,228,733,463,0.48525280898876405,0.514747191011236,0.9035087719298246,0.2570194384449244,0.49377593360995853,0.5296671490593343,0.09649122807017543,0.7429805615550756,206,22,119,344,32,32,32,31
0.40131,0.49958,True,1424,228,848,348,0.4044943820224719,0.5955056179775281,0.9035087719298246,0.28160919540229884,0.4066390041493776,0.4722222222222222,0.09649122807017543,0.7183908045977011,206,22,98,250,32,31,32,31
0.40131,0.50318,False,1424,228,754,442,0.4705056179775281,0.5294943820224719,0.9035087719298246,0.26018099547511314,0.47717842323651455,0.5208955223880597,0.09649122807017543,0.7398190045248869,206,22,115,327,32,32,32,31
0.40131,0.50318,True,1424,228,863,333,0.39396067415730335,0.6060393258426966,0.9035087719298246,0.2822822822822823,0.3900414937759336,0.46524064171123,0.09649122807017543,0.7177177177177178,206,22,94,239,32,31,32,31
0.40131,0.50533,False,1424,228,776,420,0.4550561797752809,0.5449438202247191,0.9035087719298246,0.2619047619047619,0.45643153526970953,0.5123456790123457,0.09649122807017543,0.7380952380952381,206,22,110,310,32,32,32,31
0.40131,0.50533,True,1424,228,879,317,0.3827247191011236,0.6172752808988764,0.9035087719298246,0.28391167192429023,0.37344398340248963,0.45688073394495415,0.09649122807017543,0.7160883280757098,206,22,90,227,32,31,32,31
0.40131,0.50776,False,1424,228,798,398,0.4396067415730337,0.5603932584269663,0.9035087719298246,0.2638190954773869,0.43568464730290457,0.5031948881789138,0.09649122807017543,0.7361809045226131,206,22,105,293,32,32,32,31
0.40131,0.50776,True,1424,228,895,301,0.3714887640449438,0.6285112359550562,0.9035087719298246,0.2823920265780731,0.35269709543568467,0.4499054820415879,0.09649122807017543,0.717607973421927,206,22,85,216,32,31,32,31
0.40131,0.5105,False,1424,228,814,382,0.42837078651685395,0.5716292134831461,0.9035087719298246,0.27486910994764396,0.43568464730290457,0.4901639344262295,0.09649122807017543,0.725130890052356,206,22,105,277,32,32,32,31
0.40131,0.5105,True,1424,228,906,290,0.3637640449438202,0.6362359550561798,0.9035087719298246,0.29310344827586204,0.35269709543568467,0.43822393822393824,0.09649122807017543,0.7068965517241379,206,22,85,205,32,31,32,31
0.40131,0.51391,False,1424,228,834,362,0.4143258426966292,0.5856741573033708,0.9035087719298246,0.27624309392265195,0.4149377593360996,0.48135593220338985,0.09649122807017543,0.7237569060773481,206,22,100,262,32,32,32,31
0.40131,0.51391,True,1424,228,917,279,0.35603932584269665,0.6439606741573034,0.9035087719298246,0.2939068100358423,0.34024896265560167,0.4319526627218935,0.09649122807017543,0.7060931899641577,206,22,82,197,32,31,32,31
0.40131,0.51704,False,1424,228,853,343,0.40098314606741575,0.5990168539325843,0.9035087719298246,0.27696793002915454,0.3941908713692946,0.47285464098073554,0.09649122807017543,0.7230320699708455,206,22,95,248,32,32,32,31
0.40131,0.51704,True,1424,228,933,263,0.34480337078651685,0.6551966292134831,0.9035087719298246,0.2965779467680608,0.3236514522821577,0.4215885947046843,0.09649122807017543,0.7034220532319392,206,22,78,185,32,31,32,31
0.40131,0.51897,False,1424,228,873,323,0.386938202247191,0.613061797752809,0.9035087719298246,0.28173374613003094,0.3775933609958506,0.46098003629764067,0.09649122807017543,0.718266253869969,206,22,91,232,32,32,32,31
0.40131,0.51897,True,1424,228,952,244,0.33146067415730335,0.6685393258426966,0.9035087719298246,0.30327868852459017,0.3070539419087137,0.4067796610169492,0.09649122807017543,0.6967213114754098,206,22,74,170,32,30,32,31
0.40131,0.52434,False,1424,228,894,302,0.37219101123595505,0.6278089887640449,0.9035087719298246,0.28807947019867547,0.36099585062240663,0.44716981132075473,0.09649122807017543,0.7119205298013245,206,22,87,215,32,32,32,31
0.40131,0.52434,True,1424,228,971,225,0.3181179775280899,0.6818820224719101,0.9035087719298246,0.3111111111111111,0.29045643153526973,0.39072847682119205,0.09649122807017543,0.6888888888888889,206,22,70,155,32,29,32,31
0.40131,0.52767,False,1424,228,910,286,0.3609550561797753,0.6390449438202247,0.9035087719298246,0.2972027972027972,0.35269709543568467,0.433852140077821,0.09649122807017543,0.7027972027972028,206,22,85,201,32,32,32,31
0.40131,0.52767,True,1424,228,984,212,0.3089887640449438,0.6910112359550562,0.9035087719298246,0.32075471698113206,0.2821576763485477,0.37727272727272726,0.09649122807017543,0.6792452830188679,206,22,68,144,32,28,32,31
0.40131,0.53286,False,1424,228,932,264,0.3455056179775281,0.6544943820224719,0.9035087719298246,0.3068181818181818,0.3360995850622407,0.4166666666666667,0.09649122807017543,0.6931818181818182,206,22,81,183,32,30,32,31
0.40131,0.53286,True,1424,228,1002,194,0.29634831460674155,0.7036516853932584,0.9035087719298246,0.32989690721649484,0.26556016597510373,0.36018957345971564,0.09649122807017543,0.6701030927835051,206,22,64,130,32,28,32,31
0.40131,0.53953,False,1424,228,954,242,0.3300561797752809,0.6699438202247191,0.9035087719298246,0.30991735537190085,0.3112033195020747,0.4021276595744681,0.09649122807017543,0.6900826446280992,206,22,75,167,32,29,32,31
0.40131,0.53953,True,1424,228,1019,177,0.28441011235955055,0.7155898876404494,0.9035087719298246,0.3389830508474576,0.24896265560165975,0.3432098765432099,0.09649122807017543,0.6610169491525424,206,22,60,117,32,25,32,31
0.40131,0.54572,False,1424,228,975,221,0.31530898876404495,0.6846910112359551,0.9035087719298246,0.3212669683257919,0.2946058091286307,0.3830734966592428,0.09649122807017543,0.6787330316742082,206,22,71,150,32,29,32,31
0.40131,0.54572,True,1424,228,1033,163,0.27457865168539325,0.7254213483146067,0.9035087719298246,0.3558282208588957,0.24066390041493776,0.3248081841432225,0.09649122807017543,0.6441717791411042,206,22,58,105,32,24,32,31
0.40131,0.54999,False,1424,228,993,203,0.3026685393258427,0.6973314606741573,0.9035087719298246,0.3399014778325123,0.2863070539419087,0.3619489559164733,0.09649122807017543,0.6600985221674877,206,22,69,134,32,26,31,31
0.40131,0.54999,True,1424,228,1049,147,0.2633426966292135,0.7366573033707865,0.9035087719298246,0.38095238095238093,0.23236514522821577,0.30133333333333334,0.09649122807017543,0.6190476190476191,206,22,56,91,32,23,30,31
0.40131,0.55464,False,1424,228,1015,181,0.2872191011235955,0.7127808988764045,0.9035087719298246,0.3370165745856354,0.25311203319502074,0.3471882640586797,0.09649122807017543,0.6629834254143646,206,22,61,120,32,24,30,31
0.40131,0.55464,True,1424,228,1065,131,0.2521067415730337,0.7478932584269663,0.9035087719298246,0.3893129770992366,0.21161825726141079,0.2841225626740947,0.09649122807017543,0.6106870229007634,206,22,51,80,32,23,29,31
0.40131,0.56209,False,1424,228,1036,160,0.27247191011235955,0.7275280898876404,0.9035087719298246,0.35,0.23236514522821577,0.3247422680412371,0.09649122807017543,0.65,206,22,56,104,32,23,29,31
0.40131,0.56209,True,1424,228,1079,117,0.2422752808988764,0.7577247191011236,0.9035087719298246,0.41025641025641024,0.1991701244813278,0.263768115942029,0.09649122807017543,0.5897435897435898,206,22,48,69,32,22,28,31
0.40131,0.57246,False,1424,228,1058,138,0.25702247191011235,0.7429775280898876,0.9035087719298246,0.35507246376811596,0.2033195020746888,0.30327868852459017,0.09649122807017543,0.644927536231884,206,22,49,89,32,22,29,31
0.40131,0.57246,True,1424,228,1092,104,0.23314606741573032,0.7668539325842697,0.9035087719298246,0.40384615384615385,0.17427385892116182,0.25301204819277107,0.09649122807017543,0.5961538461538461,206,22,42,62,32,22,28,31
0.40131,0.58583,False,1424,228,1080,116,0.24157303370786518,0.7584269662921348,0.9035087719298246,0.3879310344827586,0.18672199170124482,0.2703488372093023,0.09649122807017543,0.6120689655172413,206,22,45,71,32,22,26,31
0.40131,0.58583,True,1424,228,1108,88,0.22191011235955055,0.7780898876404494,0.9035087719298246,0.4318181818181818,0.15767634854771784,0.22784810126582278,0.09649122807017543,0.5681818181818182,206,22,38,50,32,22,26,31
0.40131,0.59836,False,1424,228,1102,94,0.22612359550561797,0.773876404494382,0.9035087719298246,0.40425531914893614,0.15767634854771784,0.2422360248447205,0.09649122807017543,0.5957446808510638,206,22,38,56,32,21,24,31
0.40131,0.59836,True,1424,228,1123,73,0.21137640449438203,0.788623595505618,0.9035087719298246,0.4383561643835616,0.13278008298755187,0.20930232558139536,0.09649122807017543,0.5616438356164384,206,22,32,41,32,21,24,31
0.40131,0.61936,False,1424,228,1123,73,0.21137640449438203,0.788623595505618,0.9035087719298246,0.4246575342465753,0.12863070539419086,0.21262458471760798,0.09649122807017543,0.5753424657534246,206,22,31,42,32,19,23,31
0.40131,0.61936,True,1424,228,1141,55,0.19873595505617977,0.8012640449438202,0.9035087719298246,0.45454545454545453,0.1037344398340249,0.18374558303886926,0.09649122807017543,0.5454545454545454,206,22,25,30,32,19,23,31
0.40131,0.67291,False,1424,228,1145,51,0.19592696629213482,0.8040730337078652,0.9035087719298246,0.47058823529411764,0.0995850622406639,0.17562724014336917,0.09649122807017543,0.5294117647058824,206,22,24,27,31,17,19,31
0.40131,0.67291,True,1424,228,1155,41,0.18890449438202248,0.8110955056179775,0.9035087719298246,0.5121951219512195,0.08713692946058091,0.15613382899628253,0.09649122807017543,0.4878048780487805,206,22,21,20,31,17,19,31
0.40131,0.78196,False,1424,228,1167,29,0.18047752808988765,0.8195224719101124,0.9035087719298246,0.41379310344827586,0.04979253112033195,0.1517509727626459,0.09649122807017543,0.5862068965517241,206,22,12,17,31,17,14,31
0.40131,0.78196,True,1424,228,1170,26,0.17837078651685392,0.8216292134831461,0.9035087719298246,0.4230769230769231,0.04564315352697095,0.14566929133858267,0.09649122807017543,0.5769230769230769,206,22,11,15,31,17,13,31
0.40131,0.96896,False,1424,228,1188,8,0.16573033707865167,0.8342696629213483,0.9035087719298246,0.75,0.024896265560165973,0.1016949152542373,0.09649122807017543,0.25,206,22,6,2,31,17,4,31
0.40131,0.96896,True,1424,228,1189,7,0.16502808988764045,0.8349719101123596,0.9035087719298246,0.7142857142857143,0.02074688796680498,0.10212765957446808,0.09649122807017543,0.2857142857142857,206,22,5,2,31,17,4,31
0.41136,0.47017,False,1424,257,376,791,0.7359550561797753,0.2640449438202247,0.8949416342412452,0.21491782553729458,0.7053941908713693,0.6183206106870229,0.10505836575875487,0.7850821744627055,230,27,170,621,32,32,32,31
0.41136,0.47017,True,1424,257,559,608,0.6074438202247191,0.3925561797752809,0.8949416342412452,0.22039473684210525,0.5560165975103735,0.5791907514450867,0.10505836575875487,0.7796052631578947,230,27,134,474,32,32,32,31
0.41136,0.47143,False,1424,257,393,774,0.7240168539325843,0.27598314606741575,0.8949416342412452,0.21705426356589147,0.6970954356846473,0.6139670223084384,0.10505836575875487,0.7829457364341085,230,27,168,606,32,32,32,31
0.41136,0.47143,True,1424,257,575,592,0.5962078651685393,0.40379213483146065,0.8949416342412452,0.22297297297297297,0.5477178423236515,0.5736160188457008,0.10505836575875487,0.777027027027027,230,27,132,460,32,32,32,31
0.41136,0.4729,False,1424,257,415,752,0.7085674157303371,0.2914325842696629,0.8949416342412452,0.21941489361702127,0.6846473029045643,0.6085232903865213,0.10505836575875487,0.7805851063829787,230,27,165,587,32,32,32,31
0.41136,0.4729,True,1424,257,595,572,0.5821629213483146,0.4178370786516854,0.8949416342412452,0.22552447552447552,0.5352697095435685,0.5669481302774427,0.10505836575875487,0.7744755244755245,230,27,129,443,32,32,32,31
0.41136,0.4749,False,1424,257,437,730,0.6931179775280899,0.3068820224719101,0.8949416342412452,0.2232876712328767,0.6763485477178424,0.601823708206687,0.10505836575875487,0.7767123287671233,230,27,163,567,32,32,32,31
0.41136,0.4749,True,1424,257,615,552,0.5681179775280899,0.4318820224719101,0.8949416342412452,0.23007246376811594,0.5269709543568465,0.5587144622991347,0.10505836575875487,0.769927536231884,230,27,127,425,32,32,32,31
0.41136,0.47582,False,1424,257,450,717,0.6839887640449438,0.3160112359550562,0.8949416342412452,0.22454672245467225,0.6680497925311203,0.5985626283367557,0.10505836575875487,0.7754532775453278,230,27,161,556,32,32,32,31
0.41136,0.47582,True,1424,257,626,541,0.5603932584269663,0.4396067415730337,0.8949416342412452,0.23105360443622922,0.5186721991701245,0.5551378446115288,0.10505836575875487,0.7689463955637708,230,27,125,416,32,32,32,31
0.41136,0.47709,False,1424,257,470,697,0.6699438202247191,0.3300561797752809,0.8949416342412452,0.2266857962697274,0.6556016597510373,0.5932914046121593,0.10505836575875487,0.7733142037302726,230,27,158,539,32,32,32,31
0.41136,0.47709,True,1424,257,643,524,0.5484550561797753,0.4515449438202247,0.8949416342412452,0.23282442748091603,0.5062240663900415,0.5492957746478874,0.10505836575875487,0.767175572519084,230,27,122,402,32,32,32,31
0.41136,0.47817,False,1424,257,486,681,0.6587078651685393,0.34129213483146065,0.8949416342412452,0.22466960352422907,0.6348547717842323,0.591684434968017,0.10505836575875487,0.775330396475771,230,27,153,528,32,32,32,31
0.41136,0.47817,True,1424,257,655,512,0.5400280898876404,0.45997191011235955,0.8949416342412452,0.232421875,0.49377593360995853,0.5461638491547465,0.10505836575875487,0.767578125,230,27,119,393,32,32,32,31
0.41136,0.47945,False,1424,257,506,661,0.6446629213483146,0.3553370786516854,0.8949416342412452,0.22692889561270801,0.6224066390041494,0.5860566448801743,0.10505836575875487,0.773071104387292,230,27,150,511,32,32,32,31
0.41136,0.47945,True,1424,257,671,496,0.5287921348314607,0.47120786516853935,0.8949416342412452,0.23588709677419356,0.4854771784232365,0.5391766268260292,0.10505836575875487,0.7641129032258065,230,27,117,379,32,32,32,31
0.41136,0.48134,False,1424,257,527,640,0.6299157303370787,0.37008426966292135,0.8949416342412452,0.2328125,0.6182572614107884,0.5774804905239688,0.10505836575875487,0.7671875,230,27,149,491,32,32,32,31
0.41136,0.48134,True,1424,257,689,478,0.5161516853932584,0.48384831460674155,0.8949416342412452,0.24476987447698745,0.4854771784232365,0.527891156462585,0.10505836575875487,0.7552301255230126,230,27,117,361,32,32,32,31
0.41136,0.48236,False,1424,257,547,620,0.6158707865168539,0.38412921348314605,0.8949416342412452,0.23870967741935484,0.6141078838174274,0.5689851767388826,0.10505836575875487,0.7612903225806451,230,27,148,472,32,32,32,31
0.41136,0.48236,True,1424,257,704,463,0.5056179775280899,0.4943820224719101,0.8949416342412452,0.2526997840172786,0.4854771784232365,0.5180555555555556,0.10505836575875487,0.7473002159827213,230,27,117,346,32,32,32,31
0.41136,0.48406,False,1424,257,568,599,0.601123595505618,0.398876404494382,0.8949416342412452,0.2387312186978297,0.5933609958506224,0.5642523364485982,0.10505836575875487,0.7612687813021702,230,27,143,456,32,32,32,31
0.41136,0.48406,True,1424,257,718,449,0.4957865168539326,0.5042134831460674,0.8949416342412452,0.25389755011135856,0.4730290456431535,0.5127478753541076,0.10505836575875487,0.7461024498886414,230,27,114,335,32,32,32,31
0.41136,0.48558,False,1424,257,590,577,0.5856741573033708,0.4143258426966292,0.8949416342412452,0.24436741767764297,0.5850622406639004,0.5551558752997602,0.10505836575875487,0.755632582322357,230,27,141,436,32,32,32,31
0.41136,0.48558,True,1424,257,735,432,0.48384831460674155,0.5161516853932584,0.8949416342412452,0.2638888888888889,0.4730290456431535,0.5007256894049347,0.10505836575875487,0.7361111111111112,230,27,114,318,32,32,32,31
0.41136,0.48786,False,1424,257,611,556,0.5709269662921348,0.42907303370786515,0.8949416342412452,0.2517985611510791,0.5809128630705395,0.5448954489544895,0.10505836575875487,0.7482014388489209,230,27,140,416,32,32,32,31
0.41136,0.48786,True,1424,257,750,417,0.47331460674157305,0.526685393258427,0.8949416342412452,0.2733812949640288,0.4730290456431535,0.4896142433234421,0.10505836575875487,0.7266187050359713,230,27,114,303,32,32,32,31
0.41136,0.48938,False,1424,257,624,543,0.5617977528089888,0.43820224719101125,0.8949416342412452,0.2523020257826888,0.5684647302904564,0.54125,0.10505836575875487,0.7476979742173112,230,27,137,406,32,32,32,31
0.41136,0.48938,True,1424,257,763,404,0.46418539325842695,0.535814606741573,0.8949416342412452,0.2747524752475248,0.4605809128630705,0.48411497730711045,0.10505836575875487,0.7252475247524752,230,27,111,293,32,32,32,31
0.41136,0.49294,False,1424,257,646,521,0.5463483146067416,0.45365168539325845,0.8949416342412452,0.2476007677543186,0.5352697095435685,0.538560411311054,0.10505836575875487,0.7523992322456814,230,27,129,392,32,32,32,31
0.41136,0.49294,True,1424,257,775,392,0.45575842696629215,0.5442415730337079,0.8949416342412452,0.27040816326530615,0.43983402489626555,0.48228043143297383,0.10505836575875487,0.7295918367346939,230,27,106,286,32,32,32,31
0.41136,0.49536,False,1424,257,663,504,0.5344101123595506,0.46558988764044945,0.8949416342412452,0.25396825396825395,0.5311203319502075,0.5295663600525624,0.10505836575875487,0.746031746031746,230,27,128,376,32,32,32,31
0.41136,0.49536,True,1424,257,788,379,0.44662921348314605,0.5533707865168539,0.8949416342412452,0.2770448548812665,0.43568464730290457,0.47327044025157233,0.10505836575875487,0.7229551451187335,230,27,105,274,32,32,32,31
0.41136,0.49788,False,1424,257,685,482,0.5189606741573034,0.48103932584269665,0.8949416342412452,0.2551867219917012,0.5103734439834025,0.5223274695534507,0.10505836575875487,0.7448132780082988,230,27,123,359,32,32,32,31
0.41136,0.49788,True,1424,257,805,362,0.43469101123595505,0.5653089887640449,0.8949416342412452,0.281767955801105,0.42323651452282157,0.46365105008077545,0.10505836575875487,0.7182320441988951,230,27,102,260,32,32,32,31
0.41136,0.49958,False,1424,257,704,463,0.5056179775280899,0.4943820224719101,0.8949416342412452,0.2570194384449244,0.49377593360995853,0.5152777777777777,0.10505836575875487,0.7429805615550756,230,27,119,344,32,32,32,31
0.41136,0.49958,True,1424,257,819,348,0.42485955056179775,0.5751404494382022,0.8949416342412452,0.28160919540229884,0.4066390041493776,0.4578512396694215,0.10505836575875487,0.7183908045977011,230,27,98,250,32,32,32,31
0.41136,0.50318,False,1424,257,725,442,0.49087078651685395,0.5091292134831461,0.8949416342412452,0.26018099547511314,0.47717842323651455,0.5064377682403434,0.10505836575875487,0.7398190045248869,230,27,115,327,32,32,32,31
0.41136,0.50318,True,1424,257,834,333,0.4143258426966292,0.5856741573033708,0.8949416342412452,0.2822822822822823,0.3900414937759336,0.45084745762711864,0.10505836575875487,0.7177177177177178,230,27,94,239,32,32,32,31
0.41136,0.50533,False,1424,257,747,420,0.47542134831460675,0.5245786516853933,0.8949416342412452,0.2619047619047619,0.45643153526970953,0.4977843426883309,0.10505836575875487,0.7380952380952381,230,27,110,310,32,32,32,31
0.41136,0.50533,True,1424,257,850,317,0.40308988764044945,0.5969101123595506,0.8949416342412452,0.28391167192429023,0.37344398340248963,0.4425087108013937,0.10505836575875487,0.7160883280757098,230,27,90,227,32,32,32,31
0.41136,0.50776,False,1424,257,769,398,0.45997191011235955,0.5400280898876404,0.8949416342412452,0.2638190954773869,0.43568464730290457,0.48854961832061067,0.10505836575875487,0.7361809045226131,230,27,105,293,32,32,32,31
0.41136,0.50776,True,1424,257,866,301,0.39185393258426965,0.6081460674157303,0.8949416342412452,0.2823920265780731,0.35269709543568467,0.43548387096774194,0.10505836575875487,0.717607973421927,230,27,85,216,32,32,32,31
0.41136,0.5105,False,1424,257,785,382,0.4487359550561798,0.5512640449438202,0.8949416342412452,0.27486910994764396,0.43568464730290457,0.4757433489827856,0.10505836575875487,0.725130890052356,230,27,105,277,32,32,32,31
0.41136,0.5105,True,1424,257,877,290,0.38412921348314605,0.6158707865168539,0.8949416342412452,0.29310344827586204,0.35269709543568467,0.42413162705667273,0.10505836575875487,0.7068965517241379,230,27,85,205,32,32,32,31
0.41136,0.51391,False,1424,257,805,362,0.43469101123595505,0.5653089887640449,0.8949416342412452,0.27624309392265195,0.4149377593360996,0.4668820678513732,0.10505836575875487,0.7237569060773481,230,27,100,262,32,32,32,31
0.41136,0.51391,True,1424,257,888,279,0.37640449438202245,0.6235955056179775,0.8949416342412452,0.2939068100358423,0.34024896265560167,0.417910447761194,0.10505836575875487,0.7060931899641577,230,27,82,197,32,32,32,31
0.41136,0.51704,False,1424,257,824,343,0.42134831460674155,0.5786516853932584,0.8949416342412452,0.27696793002915454,0.3941908713692946,0.4583333333333333,0.10505836575875487,0.7230320699708455,230,27,95,248,32,32,32,31
0.41136,0.51704,True,1424,257,904,263,0.3651685393258427,0.6348314606741573,0.8949416342412452,0.2965779467680608,0.3236514522821577,0.4076923076923077,0.10505836575875487,0.7034220532319392,230,27,78,185,32,32,32,31
0.41136,0.51897,False,1424,257,844,323,0.40730337078651685,0.5926966292134831,0.8949416342412452,0.28173374613003094,0.3775933609958506,0.44655172413793104,0.10505836575875487,0.718266253869969,230,27,91,232,32,32,32,31
0.41136,0.51897,True,1424,257,923,244,0.3518258426966292,0.6481741573033708,0.8949416342412452,0.30327868852459017,0.3070539419087137,0.3932135728542914,0.10505836575875487,0.6967213114754098,230,27,74,170,32,31,32,31
0.41136,0.52434,False,1424,257,865,302,0.3925561797752809,0.6074438202247191,0.8949416342412452,0.28807947019867547,0.36099585062240663,0.4329159212880143,0.10505836575875487,0.7119205298013245,230,27,87,215,32,32,32,31
0.41136,0.52434,True,1424,257,942,225,0.33848314606741575,0.6615168539325843,0.8949416342412452,0.3111111111111111,0.29045643153526973,0.3775933609958506,0.10505836575875487,0.6888888888888889,230,27,70,155,32,31,32,31
0.41136,0.52767,False,1424,257,881,286,0.3813202247191011,0.6186797752808989,0.8949416342412452,0.2972027972027972,0.35269709543568467,0.4198895027624309,0.10505836575875487,0.7027972027972028,230,27,85,201,32,32,32,31
0.41136,0.52767,True,1424,257,955,212,0.32935393258426965,0.6706460674157303,0.8949416342412452,0.32075471698113206,0.2821576763485477,0.3646055437100213,0.10505836575875487,0.6792452830188679,230,27,68,144,32,30,32,31
0.41136,0.53286,False,1424,257,903,264,0.36587078651685395,0.6341292134831461,0.8949416342412452,0.3068181818181818,0.3360995850622407,0.40307101727447214,0.10505836575875487,0.6931818181818182,230,27,81,183,32,31,32,31
0.41136,0.53286,True,1424,257,973,194,0.3167134831460674,0.6832865168539326,0.8949416342412452,0.32989690721649484,0.26556016597510373,0.34811529933481156,0.10505836575875487,0.6701030927835051,230,27,64,130,32,29,32,31
0.41136,0.53953,False,1424,257,925,242,0.35042134831460675,0.6495786516853933,0.8949416342412452,0.30991735537190085,0.3112033195020747,0.38877755511022044,0.10505836575875487,0.6900826446280992,230,27,75,167,32,31,32,31
0.41136,0.53953,True,1424,257,990,177,0.3047752808988764,0.6952247191011236,0.8949416342412452,0.3389830508474576,0.24896265560165975,0.3317972350230415,0.10505836575875487,0.6610169491525424,230,27,60,117,32,27,32,31
0.41136,0.54572,False,1424,257,946,221,0.3356741573033708,0.6643258426966292,0.8949416342412452,0.3212669683257919,0.2946058091286307,0.3702928870292887,0.10505836575875487,0.6787330316742082,230,27,71,150,32,29,32,31
0.41136,0.54572,True,1424,257,1004,163,0.2949438202247191,0.7050561797752809,0.8949416342412452,0.3558282208588957,0.24066390041493776,0.3142857142857143,0.10505836575875487,0.6441717791411042,230,27,58,105,32,26,32,31
0.41136,0.54999,False,1424,257,964,203,0.32303370786516855,0.6769662921348315,0.8949416342412452,0.3399014778325123,0.2863070539419087,0.35,0.10505836575875487,0.6600985221674877,230,27,69,134,32,27,31,31
0.41136,0.54999,True,1424,257,1020,147,0.28370786516853935,0.7162921348314607,0.8949416342412452,0.38095238095238093,0.23236514522821577,0.29207920792079206,0.10505836575875487,0.6190476190476191,230,27,56,91,32,23,30,31
0.41136,0.55464,False,1424,257,986,181,0.30758426966292135,0.6924157303370787,0.8949416342412452,0.3370165745856354,0.25311203319502074,0.3356164383561644,0.10505836575875487,0.6629834254143646,230,27,61,120,32,26,30,31
0.41136,0.55464,True,1424,257,1036,131,0.27247191011235955,0.7275280898876404,0.8949416342412452,0.3893129770992366,0.21161825726141079,0.2757731958762887,0.10505836575875487,0.6106870229007634,230,27,51,80,32,23,29,31
0.41136,0.56209,False,1424,257,1007,160,0.2928370786516854,0.7071629213483146,0.8949416342412452,0.35,0.23236514522821577,0.31414868105515587,0.10505836575875487,0.65,230,27,56,104,32,25,29,31
0.41136,0.56209,True,1424,257,1050,117,0.26264044943820225,0.7373595505617978,0.8949416342412452,0.41025641025641024,0.1991701244813278,0.25668449197860965,0.10505836575875487,0.5897435897435898,230,27,48,69,32,22,28,31
0.41136,0.57246,False,1424,257,1029,138,0.2773876404494382,0.7226123595505618,0.8949416342412452,0.35507246376811596,0.2033195020746888,0.2936708860759494,0.10505836575875487,0.644927536231884,230,27,49,89,32,24,29,31
0.41136,0.57246,True,1424,257,1063,104,0.2535112359550562,0.7464887640449438,0.8949416342412452,0.40384615384615385,0.17427385892116182,0.24653739612188366,0.10505836575875487,0.5961538461538461,230,27,42,62,32,22,28,31
0.41136,0.58583,False,1424,257,1051,116,0.261938202247191,0.738061797752809,0.8949416342412452,0.3879310344827586,0.18672199170124482,0.26273458445040215,0.10505836575875487,0.6120689655172413,230,27,45,71,32,23,26,31
0.41136,0.58583,True,1424,257,1079,88,0.2422752808988764,0.7577247191011236,0.8949416342412452,0.4318181818181818,0.15767634854771784,0.22318840579710145,0.10505836575875487,0.5681818181818182,230,27,38,50,32,22,26,31
0.41136,0.59836,False,1424,257,1073,94,0.24648876404494383,0.7535112359550562,0.8949416342412452,0.40425531914893614,0.15767634854771784,0.23646723646723647,0.10505836575875487,0.5957446808510638,230,27,38,56,32,23,24,31
0.41136,0.59836,True,1424,257,1094,73,0.23174157303370788,0.7682584269662921,0.8949416342412452,0.4383561643835616,0.13278008298755187,0.20606060606060606,0.10505836575875487,0.5616438356164384,230,27,32,41,32,22,24,31
0.41136,0.61936,False,1424,257,1094,73,0.23174157303370788,0.7682584269662921,0.8949416342412452,0.4246575342465753,0.12863070539419086,0.20909090909090908,0.10505836575875487,0.5753424657534246,230,27,31,42,32,21,23,31
0.41136,0.61936,True,1424,257,1112,55,0.21910112359550563,0.7808988764044944,0.8949416342412452,0.45454545454545453,0.1037344398340249,0.18269230769230768,0.10505836575875487,0.5454545454545454,230,27,25,30,32,20,23,31
0.41136,0.67291,False,1424,257,1116,51,0.21629213483146068,0.7837078651685393,0.8949416342412452,0.47058823529411764,0.0995850622406639,0.17532467532467533,0.10505836575875487,0.5294117647058824,230,27,24,27,31,21,19,31
0.41136,0.67291,True,1424,257,1126,41,0.20926966292134833,0.7907303370786517,0.8949416342412452,0.5121951219512195,0.08713692946058091,0.15771812080536912,0.10505836575875487,0.4878048780487805,230,27,21,20,31,20,19,31
0.41136,0.78196,False,1424,257,1138,29,0.20084269662921347,0.7991573033707865,0.8949416342412452,0.41379310344827586,0.04979253112033195,0.15384615384615385,0.10505836575875487,0.5862068965517241,230,27,12,17,31,20,14,31
0.41136,0.78196,True,1424,257,1141,26,0.19873595505617977,0.8012640449438202,0.8949416342412452,0.4230769230769231,0.04564315352697095,0.14840989399293286,0.10505836575875487,0.5769230769230769,230,27,11,15,31,20,13,31
0.41136,0.96896,False,1424,257,1159,8,0.18609550561797752,0.8139044943820225,0.8949416342412452,0.75,0.024896265560165973,0.10943396226415095,0.10505836575875487,0.25,230,27,6,2,31,20,4,31
0.41136,0.96896,True,1424,257,1160,7,0.1853932584269663,0.8146067415730337,0.8949416342412452,0.7142857142857143,0.02074688796680498,0.10984848484848485,0.10505836575875487,0.2857142857142857,230,27,5,2,31,20,4,31
0.42276,0.47017,False,1424,285,348,791,0.7556179775280899,0.2443820224719101,0.9017543859649123,0.21491782553729458,0.7053941908713693,0.6031598513011153,0.09824561403508772,0.7850821744627055,257,28,170,621,32,32,32,31
0.42276,0.47017,True,1424,285,531,608,0.6271067415730337,0.3728932584269663,0.9017543859649123,0.22039473684210525,0.5560165975103735,0.5621500559910414,0.09824561403508772,0.7796052631578947,257,28,134,474,32,32,32,31
0.42276,0.47143,False,1424,285,365,774,0.7436797752808989,0.2563202247191011,0.9017543859649123,0.21705426356589147,0.6970954356846473,0.5986779981114259,0.09824561403508772,0.7829457364341085,257,28,168,606,32,32,32,31
0.42276,0.47143,True,1424,285,547,592,0.6158707865168539,0.38412921348314605,0.9017543859649123,0.22297297297297297,0.5477178423236515,0.556442417331813,0.09824561403508772,0.777027027027027,257,28,132,460,32,32,32,31
0.42276,0.4729,False,1424,285,387,752,0.7282303370786517,0.2717696629213483,0.9017543859649123,0.21941489361702127,0.6846473029045643,0.5930568948891032,0.09824561403508772,0.7805851063829787,257,28,165,587,32,32,32,31
0.42276,0.4729,True,1424,285,567,572,0.6018258426966292,0.3981741573033708,0.9017543859649123,0.22552447552447552,0.5352697095435685,0.5495915985997666,0.09824561403508772,0.7744755244755245,257,28,129,443,32,32,32,31
0.42276,0.4749,False,1424,285,409,730,0.7127808988764045,0.2872191011235955,0.9017543859649123,0.2232876712328767,0.6763485477178424,0.5862068965517241,0.09824561403508772,0.7767123287671233,257,28,163,567,32,32,32,31
0.42276,0.4749,True,1424,285,587,552,0.5877808988764045,0.4122191011235955,0.9017543859649123,0.23007246376811594,0.5269709543568465,0.5412186379928315,0.09824561403508772,0.769927536231884,257,28,127,425,32,32,32,31
0.42276,0.47582,False,1424,285,422,717,0.7036516853932584,0.29634831460674155,0.9017543859649123,0.22454672245467225,0.6680497925311203,0.5828343313373253,0.09824561403508772,0.7754532775453278,257,28,161,556,32,32,32,31
0.42276,0.47582,True,1424,285,598,541,0.5800561797752809,0.4199438202247191,0.9017543859649123,0.23105360443622922,0.5186721991701245,0.5375302663438256,0.09824561403508772,0.7689463955637708,257,28,125,416,32,32,32,31
0.42276,0.47709,False,1424,285,442,697,0.6896067415730337,0.3103932584269663,0.9017543859649123,0.2266857962697274,0.6556016597510373,0.5773930753564155,0.09824561403508772,0.7733142037302726,257,28,158,539,32,32,32,31
0.42276,0.47709,True,1424,285,615,524,0.5681179775280899,0.4318820224719101,0.9017543859649123,0.23282442748091603,0.5062240663900415,0.5315203955500618,0.09824561403508772,0.767175572519084,257,28,122,402,32,32,32,31
0.42276,0.47817,False,1424,285,458,681,0.6783707865168539,0.32162921348314605,0.9017543859649123,0.22466960352422907,0.6348547717842323,0.5755693581780539,0.09824561403508772,0.775330396475771,257,28,153,528,32,32,32,31
0.42276,0.47817,True,1424,285,627,512,0.5596910112359551,0.44030898876404495,0.9017543859649123,0.232421875,0.49377593360995853,0.5282308657465495,0.09824561403508772,0.767578125,257,28,119,393,32,32,32,31
0.42276,0.47945,False,1424,285,478,661,0.6643258426966292,0.3356741573033708,0.9017543859649123,0.22692889561270801,0.6224066390041494,0.5697674418604651,0.09824561403508772,0.773071104387292,257,28,150,511,32,32,32,31
0.42276,0.47945,True,1424,285,643,496,0.5484550561797753,0.4515449438202247,0.9017543859649123,0.23588709677419356,0.4854771784232365,0.5211267605633803,0.09824561403508772,0.7641129032258065,257,28,117,379,32,32,32,31
0.42276,0.48134,False,1424,285,499,640,0.6495786516853933,0.35042134831460675,0.9017543859649123,0.2328125,0.6182572614107884,0.5610810810810811,0.09824561403508772,0.7671875,257,28,149,491,32,32,32,31
0.42276,0.48134,True,1424,285,661,478,0.535814606741573,0.46418539325842695,0.9017543859649123,0.24476987447698745,0.4854771784232365,0.509829619921363,0.09824561403508772,0.7552301255230126,257,28,117,361,32,32,32,31
0.42276,0.48236,False,1424,285,519,620,0.6355337078651685,0.36446629213483145,0.9017543859649123,0.23870967741935484,0.6141078838174274,0.5524861878453039,0.09824561403508772,0.7612903225806451,257,28,148,472,32,32,32,31
0.42276,0.48236,True,1424,285,676,463,0.5252808988764045,0.4747191011235955,0.9017543859649123,0.2526997840172786,0.4854771784232365,0.5,0.09824561403508772,0.7473002159827213,257,28,117,346,32,32,32,31
0.42276,0.48406,False,1424,285,540,599,0.6207865168539326,0.3792134831460674,0.9017543859649123,0.2387312186978297,0.5933609958506224,0.5475113122171946,0.09824561403508772,0.7612687813021702,257,28,143,456,32,32,32,31
0.42276,0.48406,True,1424,285,690,449,0.5154494382022472,0.4845505617977528,0.9017543859649123,0.25389755011135856,0.4730290456431535,0.494550408719346,0.09824561403508772,0.7461024498886414,257,28,114,335,32,32,32,31
0.42276,0.48558,False,1424,285,562,577,0.6053370786516854,0.3946629213483146,0.9017543859649123,0.24436741767764297,0.5850622406639004,0.5382830626450116,0.09824561403508772,0.755632582322357,257,28,141,436,32,32,32,31
0.42276,0.48558,True,1424,285,707,432,0.5035112359550562,0.4964887640449438,0.9017543859649123,0.2638888888888889,0.4730290456431535,0.4825662482566248,0.09824561403508772,0.7361111111111112,257,28,114,318,32,32,32,31
0.42276,0.48786,False,1424,285,583,556,0.5905898876404494,0.40941011235955055,0.9017543859649123,0.2517985611510791,0.5809128630705395,0.5279429250891795,0.09824561403508772,0.7482014388489209,257,28,140,416,32,32,32,31
0.42276,0.48786,True,1424,285,722,417,0.49297752808988765,0.5070224719101124,0.9017543859649123,0.2733812949640288,0.4730290456431535,0.47150997150997154,0.09824561403508772,0.7266187050359713,257,28,114,303,32,32,32,31
0.42276,0.48938,False,1424,285,596,543,0.5814606741573034,0.41853932584269665,0.9017543859649123,0.2523020257826888,0.5684647302904564,0.5241545893719807,0.09824561403508772,0.7476979742173112,257,28,137,406,32,32,32,31
0.42276,0.48938,True,1424,285,735,404,0.48384831460674155,0.5161516853932584,0.9017543859649123,0.2747524752475248,0.4605809128630705,0.46589259796806964,0.09824561403508772,0.7252475247524752,257,28,111,293,32,32,32,31
0.42276,0.49294,False,1424,285,618,521,0.5660112359550562,0.4339887640449438,0.9017543859649123,0.2476007677543186,0.5352697095435685,0.5210918114143921,0.09824561403508772,0.7523992322456814,257,28,129,392,32,32,32,31
0.42276,0.49294,True,1424,285,747,392,0.47542134831460675,0.5245786516853933,0.9017543859649123,0.27040816326530615,0.43983402489626555,0.4638109305760709,0.09824561403508772,0.7295918367346939,257,28,106,286,32,32,32,31
0.42276,0.49536,False,1424,285,635,504,0.5540730337078652,0.44592696629213485,0.9017543859649123,0.25396825396825395,0.5311203319502075,0.5120405576679341,0.09824561403508772,0.746031746031746,257,28,128,376,32,32,32,31
0.42276,0.49536,True,1424,285,760,379,0.46629213483146065,0.5337078651685393,0.9017543859649123,0.2770448548812665,0.43568464730290457,0.45481927710843373,0.09824561403508772,0.7229551451187335,257,28,105,274,32,32,32,31
0.42276,0.49788,False,1424,285,657,482,0.538623595505618,0.461376404494382,0.9017543859649123,0.2551867219917012,0.5103734439834025,0.5045632333767927,0.09824561403508772,0.7448132780082988,257,28,123,359,32,32,32,31
0.42276,0.49788,True,1424,285,777,362,0.45435393258426965,0.5456460674157303,0.9017543859649123,0.281767955801105,0.42323651452282157,0.44513137557959814,0.09824561403508772,0.7182320441988951,257,28,102,260,32,32,32,31
0.42276,0.49958,False,1424,285,676,463,0.5252808988764045,0.4747191011235955,0.9017543859649123,0.2570194384449244,0.49377593360995853,0.49732620320855614,0.09824561403508772,0.7429805615550756,257,28,119,344,32,32,32,31
0.42276,0.49958,True,1424,285,791,348,0.44452247191011235,0.5554775280898876,0.9017543859649123,0.28160919540229884,0.4066390041493776,0.4391785150078989,0.09824561403508772,0.7183908045977011,257,28,98,250,32,32,32,31
0.42276,0.50318,False,1424,285,697,442,0.5105337078651685,0.48946629213483145,0.9017543859649123,0.26018099547511314,0.47717842323651455,0.48830811554332876,0.09824561403508772,0.7398190045248869,257,28,115,327,32,32,32,31
0.42276,0.50318,True,1424,285,806,333,0.4339887640449438,0.5660112359550562,0.9017543859649123,0.2822822822822823,0.3900414937759336,0.4320388349514563,0.09824561403508772,0.7177177177177178,257,28,94,239,32,32,32,31
0.42276,0.50533,False,1424,285,719,420,0.49508426966292135,0.5049157303370787,0.9017543859649123,0.2619047619047619,0.45643153526970953,0.4794326241134752,0.09824561403508772,0.7380952380952381,257,28,110,310,32,32,32,31
0.42276,0.50533,True,1424,285,822,317,0.42275280898876405,0.577247191011236,0.9017543859649123,0.28391167192429023,0.37344398340248963,0.42358803986710963,0.09824561403508772,0.7160883280757098,257,28,90,227,32,32,32,31
0.42276,0.50776,False,1424,285,741,398,0.47963483146067415,0.5203651685393258,0.9017543859649123,0.2638190954773869,0.43568464730290457,0.4699853587115666,0.09824561403508772,0.7361809045226131,257,28,105,293,32,32,32,31
0.42276,0.50776,True,1424,285,838,301,0.41151685393258425,0.5884831460674157,0.9017543859649123,0.2823920265780731,0.35269709543568467,0.41638225255972694,0.09824561403508772,0.717607973421927,257,28,85,216,32,32,32,31
0.42276,0.5105,False,1424,285,757,382,0.4683988764044944,0.5316011235955056,0.9017543859649123,0.27486910994764396,0.43568464730290457,0.4572713643178411,0.09824561403508772,0.725130890052356,257,28,105,277,32,32,32,31
0.42276,0.5105,True,1424,285,849,290,0.40379213483146065,0.5962078651685393,0.9017543859649123,0.29310344827586204,0.35269709543568467,0.4052173913043478,0.09824561403508772,0.7068965517241379,257,28,85,205,32,32,32,31
0.42276,0.51391,False,1424,285,777,362,0.45435393258426965,0.5456460674157303,0.9017543859649123,0.27624309392265195,0.4149377593360996,0.4482225656877898,0.09824561403508772,0.7237569060773481,257,28,100,262,32,32,32,31
0.42276,0.51391,True,1424,285,860,279,0.3960674157303371,0.6039325842696629,0.9017543859649123,0.2939068100358423,0.34024896265560167,0.39893617021276595,0.09824561403508772,0.7060931899641577,257,28,82,197,32,32,32,31
0.42276,0.51704,False,1424,285,796,343,0.4410112359550562,0.5589887640449438,0.9017543859649123,0.27696793002915454,0.3941908713692946,0.4394904458598726,0.09824561403508772,0.7230320699708455,257,28,95,248,32,32,32,31
0.42276,0.51704,True,1424,285,876,263,0.3848314606741573,0.6151685393258427,0.9017543859649123,0.2965779467680608,0.3236514522821577,0.3886861313868613,0.09824561403508772,0.7034220532319392,257,28,78,185,32,32,32,31
0.42276,0.51897,False,1424,285,816,323,0.42696629213483145,0.5730337078651685,0.9017543859649123,0.28173374613003094,0.3775933609958506,0.4276315789473684,0.09824561403508772,0.718266253869969,257,28,91,232,32,32,32,31
0.42276,0.51897,True,1424,285,895,244,0.3714887640449438,0.6285112359550562,0.9017543859649123,0.30327868852459017,0.3070539419087137,0.3742911153119093,0.09824561403508772,0.6967213114754098,257,28,74,170,32,31,32,31
0.42276,0.52434,False,1424,285,837,302,0.4122191011235955,0.5877808988764045,0.9017543859649123,0.28807947019867547,0.36099585062240663,0.41396933560477,0.09824561403508772,0.7119205298013245,257,28,87,215,32,32,32,31
0.42276,0.52434,True,1424,285,914,225,0.35814606741573035,0.6418539325842697,0.9017543859649123,0.3111111111111111,0.29045643153526973,0.3588235294117647,0.09824561403508772,0.6888888888888889,257,28,70,155,32,31,32,31
0.42276,0.52767,False,1424,285,853,286,0.40098314606741575,0.5990168539325843,0.9017543859649123,0.2972027972027972,0.35269709543568467,0.4010507880910683,0.09824561403508772,0.7027972027972028,257,28,85,201,32,32,32,31
0.42276,0.52767,True,1424,285,927,212,0.34901685393258425,0.6509831460674157,0.9017543859649123,0.32075471698113206,0.2821576763485477,0.3460764587525151,0.09824561403508772,0.6792452830188679,257,28,68,144,32,30,32,31
0.42276,0.53286,False,1424,285,875,264,0.38553370786516855,0.6144662921348315,0.9017543859649123,0.3068181818181818,0.3360995850622407,0.3843351548269581,0.09824561403508772,0.6931818181818182,257,28,81,183,32,31,32,31
0.42276,0.53286,True,1424,285,945,194,0.336376404494382,0.663623595505618,0.9017543859649123,0.32989690721649484,0.26556016597510373,0.3298538622129436,0.09824561403508772,0.6701030927835051,257,28,64,130,32,29,32,31
0.42276,0.53953,False,1424,285,897,242,0.37008426966292135,0.6299157303370787,0.9017543859649123,0.30991735537190085,0.3112033195020747,0.3700189753320683,0.09824561403508772,0.6900826446280992,257,28,75,167,32,31,32,31
0.42276,0.53953,True,1424,285,962,177,0.324438202247191,0.675561797752809,0.9017543859649123,0.3389830508474576,0.24896265560165975,0.31385281385281383,0.09824561403508772,0.6610169491525424,257,28,60,117,32,28,32,31
0.42276,0.54572,False,1424,285,918,221,0.3553370786516854,0.6446629213483146,0.9017543859649123,0.3212669683257919,0.2946058091286307,0.35177865612648224,0.09824561403508772,0.6787330316742082,257,28,71,150,32,30,32,31
0.42276,0.54572,True,1424,285,976,163,0.3146067415730337,0.6853932584269663,0.9017543859649123,0.3558282208588957,0.24066390041493776,0.296875,0.09824561403508772,0.6441717791411042,257,28,58,105,32,27,32,31
0.42276,0.54999,False,1424,285,936,203,0.34269662921348315,0.6573033707865169,0.9017543859649123,0.3399014778325123,0.2863070539419087,0.3319672131147541,0.09824561403508772,0.6600985221674877,257,28,69,134,32,28,31,31
0.42276,0.54999,True,1424,285,992,147,0.30337078651685395,0.6966292134831461,0.9017543859649123,0.38095238095238093,0.23236514522821577,0.27546296296296297,0.09824561403508772,0.6190476190476191,257,28,56,91,32,25,30,31
0.42276,0.55464,False,1424,285,958,181,0.32724719101123595,0.672752808988764,0.9017543859649123,0.3370165745856354,0.25311203319502074,0.31759656652360513,0.09824561403508772,0.6629834254143646,257,28,61,120,32,27,30,31
0.42276,0.55464,True,1424,285,1008,131,0.29213483146067415,0.7078651685393258,0.9017543859649123,0.3893129770992366,0.21161825726141079,0.25961538461538464,0.09824561403508772,0.6106870229007634,257,28,51,80,32,25,29,31
0.42276,0.56209,False,1424,285,979,160,0.3125,0.6875,0.9017543859649123,0.35,0.23236514522821577,0.2966292134831461,0.09824561403508772,0.65,257,28,56,104,32,27,29,31
0.42276,0.56209,True,1424,285,1022,117,0.28230337078651685,0.7176966292134831,0.9017543859649123,0.41025641025641024,0.1991701244813278,0.24129353233830847,0.09824561403508772,0.5897435897435898,257,28,48,69,32,25,28,31
0.42276,0.57246,False,1424,285,1001,138,0.2970505617977528,0.7029494382022472,0.9017543859649123,0.35507246376811596,0.2033195020746888,0.2765957446808511,0.09824561403508772,0.644927536231884,257,28,49,89,32,26,29,31
0.42276,0.57246,True,1424,285,1035,104,0.2731741573033708,0.7268258426966292,0.9017543859649123,0.40384615384615385,0.17427385892116182,0.23136246786632392,0.09824561403508772,0.5961538461538461,257,28,42,62,32,25,28,31
0.42276,0.58583,False,1424,285,1023,116,0.2816011235955056,0.7183988764044944,0.9017543859649123,0.3879310344827586,0.18672199170124482,0.24688279301745636,0.09824561403508772,0.6120689655172413,257,28,45,71,32,25,26,31
0.42276,0.58583,True,1424,285,1051,88,0.261938202247191,0.738061797752809,0.9017543859649123,0.4318181818181818,0.15767634854771784,0.20911528150134048,0.09824561403508772,0.5681818181818182,257,28,38,50,32,25,26,31
0.42276,0.59836,False,1424,285,1045,94,0.26615168539325845,0.7338483146067416,0.9017543859649123,0.40425531914893614,0.15767634854771784,0.22163588390501318,0.09824561403508772,0.5957446808510638,257,28,38,56,32,25,24,31
0.42276,0.59836,True,1424,285,1066,73,0.25140449438202245,0.7485955056179775,0.9017543859649123,0.4383561643835616,0.13278008298755187,0.19273743016759776,0.09824561403508772,0.5616438356164384,257,28,32,41,32,25,24,31
0.42276,0.61936,False,1424,285,1066,73,0.25140449438202245,0.7485955056179775,0.9017543859649123,0.4246575342465753,0.12863070539419086,0.19553072625698323,0.09824561403508772,0.5753424657534246,257,28,31,42,32,23,23,31
0.42276,0.61936,True,1424,285,1084,55,0.23876404494382023,0.7612359550561798,0.9017543859649123,0.45454545454545453,0.1037344398340249,0.17058823529411765,0.09824561403508772,0.5454545454545454,257,28,25,30,32,23,23,31
0.42276,0.67291,False,1424,285,1088,51,0.23595505617977527,0.7640449438202247,0.9017543859649123,0.47058823529411764,0.0995850622406639,0.1636904761904762,0.09824561403508772,0.5294117647058824,257,28,24,27,31,23,19,31
0.42276,0.67291,True,1424,285,1098,41,0.22893258426966293,0.7710674157303371,0.9017543859649123,0.5121951219512195,0.08713692946058091,0.147239263803681,0.09824561403508772,0.4878048780487805,257,28,21,20,31,23,19,31
0.42276,0.78196,False,1424,285,1110,29,0.2205056179775281,0.7794943820224719,0.9017543859649123,0.41379310344827586,0.04979253112033195,0.14331210191082802,0.09824561403508772,0.5862068965517241,257,28,12,17,31,23,14,31
0.42276,0.78196,True,1424,285,1113,26,0.21839887640449437,0.7816011235955056,0.9017543859649123,0.4230769230769231,0.04564315352697095,0.1382636655948553,0.09824561403508772,0.5769230769230769,257,28,11,15,31,23,13,31
0.42276,0.96896,False,1424,285,1131,8,0.20575842696629212,0.7942415730337079,0.9017543859649123,0.75,0.024896265560165973,0.10238907849829351,0.09824561403508772,0.25,257,28,6,2,31,22,4,31
0.42276,0.96896,True,1424,285,1132,7,0.2050561797752809,0.7949438202247191,0.9017543859649123,0.7142857142857143,0.02074688796680498,0.10273972602739725,0.09824561403508772,0.2857142857142857,257,28,5,2,31,22,4,31
0.43081,0.47017,False,1424,314,319,791,0.7759831460674157,0.22401685393258428,0.8949044585987261,0.21491782553729458,0.7053941908713693,0.5918552036199095,0.10509554140127389,0.7850821744627055,281,33,170,621,32,32,32,32
0.43081,0.47017,True,1424,314,502,608,0.6474719101123596,0.35252808988764045,0.8949044585987261,0.22039473684210525,0.5560165975103735,0.5498915401301518,0.10509554140127389,0.7796052631578947,281,33,134,474,32,32,32,32
0.43081,0.47143,False,1424,314,336,774,0.7640449438202247,0.23595505617977527,0.8949044585987261,0.21705426356589147,0.6970954356846473,0.5873161764705882,0.10509554140127389,0.7829457364341085,281,33,168,606,32,32,32,32
0.43081,0.47143,True,1424,314,518,592,0.6362359550561798,0.3637640449438202,0.8949044585987261,0.22297297297297297,0.5477178423236515,0.5441501103752759,0.10509554140127389,0.777027027027027,281,33,132,460,32,32,32,32
0.43081,0.4729,False,1424,314,358,752,0.7485955056179775,0.25140449438202245,0.8949044585987261,0.21941489361702127,0.6846473029045643,0.5816135084427767,0.10509554140127389,0.7805851063829787,281,33,165,587,32,32,32,32
0.43081,0.4729,True,1424,314,538,572,0.6221910112359551,0.37780898876404495,0.8949044585987261,0.22552447552447552,0.5352697095435685,0.5372460496613995,0.10509554140127389,0.7744755244755245,281,33,129,443,32,32,32,32
0.43081,0.4749,False,1424,314,380,730,0.7331460674157303,0.26685393258426965,0.8949044585987261,0.2232876712328767,0.6763485477178424,0.5747126436781609,0.10509554140127389,0.7767123287671233,281,33,163,567,32,32,32,32
0.43081,0.4749,True,1424,314,558,552,0.6081460674157303,0.39185393258426965,0.8949044585987261,0.23007246376811594,0.5269709543568465,0.5288683602771362,0.10509554140127389,0.769927536231884,281,33,127,425,32,32,32,32
0.43081,0.47582,False,1424,314,393,717,0.7240168539325843,0.27598314606741575,0.8949044585987261,0.22454672245467225,0.6680497925311203,0.5712900096993211,0.10509554140127389,0.7754532775453278,281,33,161,556,32,32,32,32
0.43081,0.47582,True,1424,314,569,541,0.6004213483146067,0.39957865168539325,0.8949044585987261,0.23105360443622922,0.5186721991701245,0.5251461988304094,0.10509554140127389,0.7689463955637708,281,33,125,416,32,32,32,32
0.43081,0.47709,False,1424,314,413,697,0.7099719101123596,0.29002808988764045,0.8949044585987261,0.2266857962697274,0.6556016597510373,0.5657764589515332,0.10509554140127389,0.7733142037302726,281,33,158,539,32,32,32,32
0.43081,0.47709,True,1424,314,586,524,0.5884831460674157,0.41151685393258425,0.8949044585987261,0.23282442748091603,0.5062240663900415,0.5190930787589498,0.10509554140127389,0.767175572519084,281,33,122,402,32,32,32,32
0.43081,0.47817,False,1424,314,429,681,0.6987359550561798,0.3012640449438202,0.8949044585987261,0.22466960352422907,0.6348547717842323,0.563819095477387,0.10509554140127389,0.775330396475771,281,33,153,528,32,32,32,32
0.43081,0.47817,True,1424,314,598,512,0.5800561797752809,0.4199438202247191,0.8949044585987261,0.232421875,0.49377593360995853,0.5157384987893463,0.10509554140127389,0.767578125,281,33,119,393,32,32,32,32
0.43081,0.47945,False,1424,314,449,661,0.6846910112359551,0.31530898876404495,0.8949044585987261,0.22692889561270801,0.6224066390041494,0.5579487179487179,0.10509554140127389,0.773071104387292,281,33,150,511,32,32,32,32
0.43081,0.47945,True,1424,314,614,496,0.5688202247191011,0.4311797752808989,0.8949044585987261,0.23588709677419356,0.4854771784232365,0.508641975308642,0.10509554140127389,0.7641129032258065,281,33,117,379,32,32,32,32
0.43081,0.48134,False,1424,314,470,640,0.6699438202247191,0.3300561797752809,0.8949044585987261,0.2328125,0.6182572614107884,0.549266247379455,0.10509554140127389,0.7671875,281,33,149,491,32,32,32,32
0.43081,0.48134,True,1424,314,632,478,0.5561797752808989,0.4438202247191011,0.8949044585987261,0.24476987447698745,0.4854771784232365,0.49747474747474746,0.10509554140127389,0.7552301255230126,281,33,117,361,32,32,32,32
0.43081,0.48236,False,1424,314,490,620,0.6558988764044944,0.3441011235955056,0.8949044585987261,0.23870967741935484,0.6141078838174274,0.5406852248394004,0.10509554140127389,0.7612903225806451,281,33,148,472,32,32,32,32
0.43081,0.48236,True,1424,314,647,463,0.5456460674157303,0.45435393258426965,0.8949044585987261,0.2526997840172786,0.4854771784232365,0.4877734877734878,0.10509554140127389,0.7473002159827213,281,33,117,346,32,32,32,32
0.43081,0.48406,False,1424,314,511,599,0.6411516853932584,0.35884831460674155,0.8949044585987261,0.2387312186978297,0.5933609958506224,0.5355969331872946,0.10509554140127389,0.7612687813021702,281,33,143,456,32,32,32,32
0.43081,0.48406,True,1424,314,661,449,0.535814606741573,0.46418539325842695,0.8949044585987261,0.25389755011135856,0.4730290456431535,0.48230668414154654,0.10509554140127389,0.7461024498886414,281,33,114,335,32,32,32,32
0.43081,0.48558,False,1424,314,533,577,0.6257022471910112,0.37429775280898875,0.8949044585987261,0.24436741767764297,0.5850622406639004,0.5263748597081931,0.10509554140127389,0.755632582322357,281,33,141,436,32,32,32,32
0.43081,0.48558,True,1424,314,678,432,0.523876404494382,0.476123595505618,0.8949044585987261,0.2638888888888889,0.4730290456431535,0.47050938337801607,0.10509554140127389,0.7361111111111112,281,33,114,318,32,32,32,32
0.43081,0.48786,False,1424,314,554,556,0.6109550561797753,0.3890449438202247,0.8949044585987261,0.2517985611510791,0.5809128630705395,0.5160919540229885,0.10509554140127389,0.7482014388489209,281,33,140,416,32,32,32,32
0.43081,0.48786,True,1424,314,693,417,0.5133426966292135,0.4866573033707865,0.8949044585987261,0.2733812949640288,0.4730290456431535,0.45964432284541723,0.10509554140127389,0.7266187050359713,281,33,114,303,32,32,32,32
0.43081,0.48938,False,1424,314,567,543,0.6018258426966292,0.3981741573033708,0.8949044585987261,0.2523020257826888,0.5684647302904564,0.5122520420070011,0.10509554140127389,0.7476979742173112,281,33,137,406,32,32,32,32
0.43081,0.48938,True,1424,314,706,404,0.5042134831460674,0.4957865168539326,0.8949044585987261,0.2747524752475248,0.4605809128630705,0.45403899721448465,0.10509554140127389,0.7252475247524752,281,33,111,293,32,32,32,32
0.43081,0.49294,False,1424,314,589,521,0.586376404494382,0.413623595505618,0.8949044585987261,0.2476007677543186,0.5352697095435685,0.5089820359281437,0.10509554140127389,0.7523992322456814,281,33,129,392,32,32,32,32
0.43081,0.49294,True,1424,314,718,392,0.4957865168539326,0.5042134831460674,0.8949044585987261,0.27040816326530615,0.43983402489626555,0.4518413597733711,0.10509554140127389,0.7295918367346939,281,33,106,286,32,32,32,32
0.43081,0.49536,False,1424,314,606,504,0.574438202247191,0.425561797752809,0.8949044585987261,0.25396825396825395,0.5311203319502075,0.5,0.10509554140127389,0.746031746031746,281,33,128,376,32,32,32,32
0.43081,0.49536,True,1424,314,731,379,0.4866573033707865,0.5133426966292135,0.8949044585987261,0.2770448548812665,0.43568464730290457,0.443001443001443,0.10509554140127389,0.7229551451187335,281,33,105,274,32,32,32,32
0.43081,0.49788,False,1424,314,628,482,0.5589887640449438,0.4410112359550562,0.8949044585987261,0.2551867219917012,0.5103734439834025,0.49246231155778897,0.10509554140127389,0.7448132780082988,281,33,123,359,32,32,32,32
0.43081,0.49788,True,1424,314,748,362,0.4747191011235955,0.5252808988764045,0.8949044585987261,0.281767955801105,0.42323651452282157,0.4334319526627219,0.10509554140127389,0.7182320441988951,281,33,102,260,32,32,32,32
0.43081,0.49958,False,1424,314,647,463,0.5456460674157303,0.45435393258426965,0.8949044585987261,0.2570194384449244,0.49377593360995853,0.4851994851994852,0.10509554140127389,0.7429805615550756,281,33,119,344,32,32,32,32
0.43081,0.49958,True,1424,314,762,348,0.4648876404494382,0.5351123595505618,0.8949044585987261,0.28160919540229884,0.4066390041493776,0.42749244712990936,0.10509554140127389,0.7183908045977011,281,33,98,250,32,32,32,32
0.43081,0.50318,False,1424,314,668,442,0.5308988764044944,0.4691011235955056,0.8949044585987261,0.26018099547511314,0.47717842323651455,0.47619047619047616,0.10509554140127389,0.7398190045248869,281,33,115,327,32,32,32,32
0.43081,0.50318,True,1424,314,777,333,0.45435393258426965,0.5456460674157303,0.8949044585987261,0.2822822822822823,0.3900414937759336,0.42040185471406494,0.10509554140127389,0.7177177177177178,281,33,94,239,32,32,32,32
0.43081,0.50533,False,1424,314,690,420,0.5154494382022472,0.4845505617977528,0.8949044585987261,0.2619047619047619,0.45643153526970953,0.4673024523160763,0.10509554140127389,0.7380952380952381,281,33,110,310,32,32,32,32
0.43081,0.50533,True,1424,314,793,317,0.4431179775280899,0.5568820224719101,0.8949044585987261,0.28391167192429023,0.37344398340248963,0.4120443740095087,0.10509554140127389,0.7160883280757098,281,33,90,227,32,32,32,32
0.43081,0.50776,False,1424,314,712,398,0.5,0.5,0.8949044585987261,0.2638190954773869,0.43568464730290457,0.45786516853932585,0.10509554140127389,0.7361809045226131,281,33,105,293,32,32,32,32
0.43081,0.50776,True,1424,314,809,301,0.4318820224719101,0.5681179775280899,0.8949044585987261,0.2823920265780731,0.35269709543568467,0.40487804878048783,0.10509554140127389,0.717607973421927,281,33,85,216,32,32,32,32
0.43081,0.5105,False,1424,314,728,382,0.4887640449438202,0.5112359550561798,0.8949044585987261,0.27486910994764396,0.43568464730290457,0.4454022988505747,0.10509554140127389,0.725130890052356,281,33,105,277,32,32,32,32
0.43081,0.5105,True,1424,314,820,290,0.4241573033707865,0.5758426966292135,0.8949044585987261,0.29310344827586204,0.35269709543568467,0.39403973509933776,0.10509554140127389,0.7068965517241379,281,33,85,205,32,32,32,32
0.43081,0.51391,False,1424,314,748,362,0.4747191011235955,0.5252808988764045,0.8949044585987261,0.27624309392265195,0.4149377593360996,0.4363905325443787,0.10509554140127389,0.7237569060773481,281,33,100,262,32,32,32,32
0.43081,0.51391,True,1424,314,831,279,0.4164325842696629,0.5835674157303371,0.8949044585987261,0.2939068100358423,0.34024896265560167,0.38785834738617203,0.10509554140127389,0.7060931899641577,281,33,82,197,32,32,32,32
0.43081,0.51704,False,1424,314,767,343,0.461376404494382,0.538623595505618,0.8949044585987261,0.27696793002915454,0.3941908713692946,0.4277016742770167,0.10509554140127389,0.7230320699708455,281,33,95,248,32,32,32,32
0.43081,0.51704,True,1424,314,847,263,0.40519662921348315,0.5948033707865169,0.8949044585987261,0.2965779467680608,0.3236514522821577,0.3778162911611785,0.10509554140127389,0.7034220532319392,281,33,78,185,32,32,32,32
0.43081,0.51897,False,1424,314,787,323,0.4473314606741573,0.5526685393258427,0.8949044585987261,0.28173374613003094,0.3775933609958506,0.41601255886970173,0.10509554140127389,0.718266253869969,281,33,91,232,32,32,32,32
0.43081,0.51897,True,1424,314,866,244,0.39185393258426965,0.6081460674157303,0.8949044585987261,0.30327868852459017,0.3070539419087137,0.36379928315412186,0.10509554140127389,0.6967213114754098,281,33,74,170,32,31,32,32
0.43081,0.52434,False,1424,314,808,302,0.43258426966292135,0.5674157303370787,0.8949044585987261,0.28807947019867547,0.36099585062240663,0.4025974025974026,0.10509554140127389,0.7119205298013245,281,33,87,215,32,32,32,32
0.43081,0.52434,True,1424,314,885,225,0.3785112359550562,0.6214887640449438,0.8949044585987261,0.3111111111111111,0.29045643153526973,0.34879406307977734,0.10509554140127389,0.6888888888888889,281,33,70,155,32,31,32,32
0.43081,0.52767,False,1424,314,824,286,0.42134831460674155,0.5786516853932584,0.8949044585987261,0.2972027972027972,0.35269709543568467,0.39,0.10509554140127389,0.7027972027972028,281,33,85,201,32,32,32,32
0.43081,0.52767,True,1424,314,898,212,0.3693820224719101,0.6306179775280899,0.8949044585987261,0.32075471698113206,0.2821576763485477,0.3365019011406844,0.10509554140127389,0.6792452830188679,281,33,68,144,32,30,32,32
0.43081,0.53286,False,1424,314,846,264,0.4058988764044944,0.5941011235955056,0.8949044585987261,0.3068181818181818,0.3360995850622407,0.3737024221453287,0.10509554140127389,0.6931818181818182,281,33,81,183,32,31,32,32
0.43081,0.53286,True,1424,314,916,194,0.35674157303370785,0.6432584269662921,0.8949044585987261,0.32989690721649484,0.26556016597510373,0.32086614173228345,0.10509554140127389,0.6701030927835051,281,33,64,130,32,29,32,32
0.43081,0.53953,False,1424,314,868,242,0.3904494382022472,0.6095505617977528,0.8949044585987261,0.30991735537190085,0.3112033195020747,0.3597122302158273,0.10509554140127389,0.6900826446280992,281,33,75,167,32,31,32,32
0.43081,0.53953,True,1424,314,933,177,0.34480337078651685,0.6551966292134831,0.8949044585987261,0.3389830508474576,0.24896265560165975,0.3054989816700611,0.10509554140127389,0.6610169491525424,281,33,60,117,32,28,32,32
0.43081,0.54572,False,1424,314,889,221,0.37570224719101125,0.6242977528089888,0.8949044585987261,0.3212669683257919,0.2946058091286307,0.34205607476635513,0.10509554140127389,0.6787330316742082,281,33,71,150,32,30,32,32
0.43081,0.54572,True,1424,314,947,163,0.33497191011235955,0.6650280898876404,0.8949044585987261,0.3558282208588957,0.24066390041493776,0.2893081761006289,0.10509554140127389,0.6441717791411042,281,33,58,105,32,28,32,32
0.43081,0.54999,False,1424,314,907,203,0.363061797752809,0.636938202247191,0.8949044585987261,0.3399014778325123,0.2863070539419087,0.3230174081237911,0.10509554140127389,0.6600985221674877,281,33,69,134,32,28,31,32
0.43081,0.54999,True,1424,314,963,147,0.3237359550561798,0.6762640449438202,0.8949044585987261,0.38095238095238093,0.23236514522821577,0.26898047722342733,0.10509554140127389,0.6190476190476191,281,33,56,91,32,26,30,32
0.43081,0.55464,False,1424,314,929,181,0.3476123595505618,0.6523876404494382,0.8949044585987261,0.3370165745856354,0.25311203319502074,0.3090909090909091,0.10509554140127389,0.6629834254143646,281,33,61,120,32,27,30,32
0.43081,0.55464,True,1424,314,979,131,0.3125,0.6875,0.8949044585987261,0.3893129770992366,0.21161825726141079,0.2539325842696629,0.10509554140127389,0.6106870229007634,281,33,51,80,32,26,29,32
0.43081,0.56209,False,1424,314,950,160,0.33286516853932585,0.6671348314606742,0.8949044585987261,0.35,0.23236514522821577,0.2890295358649789,0.10509554140127389,0.65,281,33,56,104,32,27,29,32
0.43081,0.56209,True,1424,314,993,117,0.3026685393258427,0.6973314606741573,0.8949044585987261,0.41025641025641024,0.1991701244813278,0.23665893271461716,0.10509554140127389,0.5897435897435898,281,33,48,69,32,26,28,32
0.43081,0.57246,False,1424,314,972,138,0.31741573033707865,0.6825842696629213,0.8949044585987261,0.35507246376811596,0.2033195020746888,0.26991150442477874,0.10509554140127389,0.644927536231884,281,33,49,89,32,27,29,32
0.43081,0.57246,True,1424,314,1006,104,0.29353932584269665,0.7064606741573034,0.8949044585987261,0.40384615384615385,0.17427385892116182,0.22727272727272727,0.10509554140127389,0.5961538461538461,281,33,42,62,32,25,28,32
0.43081,0.58583,False,1424,314,994,116,0.30196629213483145,0.6980337078651685,0.8949044585987261,0.3879310344827586,0.18672199170124482,0.24186046511627907,0.10509554140127389,0.6120689655172413,281,33,45,71,32,26,26,32
0.43081,0.58583,True,1424,314,1022,88,0.28230337078651685,0.7176966292134831,0.8949044585987261,0.4318181818181818,0.15767634854771784,0.2064676616915423,0.10509554140127389,0.5681818181818182,281,33,38,50,32,25,26,32
0.43081,0.59836,False,1424,314,1016,94,0.28651685393258425,0.7134831460674157,0.8949044585987261,0.40425531914893614,0.15767634854771784,0.2181372549019608,0.10509554140127389,0.5957446808510638,281,33,38,56,32,25,24,32
0.43081,0.59836,True,1424,314,1037,73,0.2717696629213483,0.7282303370786517,0.8949044585987261,0.4383561643835616,0.13278008298755187,0.19121447028423771,0.10509554140127389,0.5616438356164384,281,33,32,41,32,25,24,32
0.43081,0.61936,False,1424,314,1037,73,0.2717696629213483,0.7282303370786517,0.8949044585987261,0.4246575342465753,0.12863070539419086,0.1937984496124031,0.10509554140127389,0.5753424657534246,281,33,31,42,32,24,23,32
0.43081,0.61936,True,1424,314,1055,55,0.25912921348314605,0.7408707865168539,0.8949044585987261,0.45454545454545453,0.1037344398340249,0.17073170731707318,0.10509554140127389,0.5454545454545454,281,33,25,30,32,24,23,32
0.43081,0.67291,False,1424,314,1059,51,0.2563202247191011,0.7436797752808989,0.8949044585987261,0.47058823529411764,0.0995850622406639,0.1643835616438356,0.10509554140127389,0.5294117647058824,281,33,24,27,32,24,19,32
0.43081,0.67291,True,1424,314,1069,41,0.24929775280898878,0.7507022471910112,0.8949044585987261,0.5121951219512195,0.08713692946058091,0.14929577464788732,0.10509554140127389,0.4878048780487805,281,33,21,20,32,24,19,32
0.43081,0.78196,False,1424,314,1081,29,0.24087078651685392,0.7591292134831461,0.8949044585987261,0.41379310344827586,0.04979253112033195,0.1457725947521866,0.10509554140127389,0.5862068965517241,281,33,12,17,32,24,14,32
0.43081,0.78196,True,1424,314,1084,26,0.23876404494382023,0.7612359550561798,0.8949044585987261,0.4230769230769231,0.04564315352697095,0.1411764705882353,0.10509554140127389,0.5769230769230769,281,33,11,15,32,24,13,32
0.43081,0.96896,False,1424,314,1102,8,0.22612359550561797,0.773876404494382,0.8949044585987261,0.75,0.024896265560165973,0.10869565217391304,0.10509554140127389,0.25,281,33,6,2,32,22,4,32
0.43081,0.96896,True,1424,314,1103,7,0.22542134831460675,0.7745786516853933,0.8949044585987261,0.7142857142857143,0.02074688796680498,0.10903426791277258,0.10509554140127389,0.2857142857142857,281,33,5,2,32,22,4,32
0.4385,0.47017,False,1424,342,291,791,0.7956460674157303,0.20435393258426968,0.8888888888888888,0.21491782553729458,0.7053941908713693,0.5816416593115622,0.1111111111111111,0.7850821744627055,304,38,170,621,32,32,32,32
0.4385,0.47017,True,1424,342,474,608,0.6671348314606742,0.33286516853932585,0.8888888888888888,0.22039473684210525,0.5560165975103735,0.5389473684210526,0.1111111111111111,0.7796052631578947,304,38,134,474,32,32,32,32
0.4385,0.47143,False,1424,342,308,774,0.7837078651685393,0.21629213483146068,0.8888888888888888,0.21705426356589147,0.6970954356846473,0.5770609318996416,0.1111111111111111,0.7829457364341085,304,38,168,606,32,32,32,32
0.4385,0.47143,True,1424,342,490,592,0.6558988764044944,0.3441011235955056,0.8888888888888888,0.22297297297297297,0.5477178423236515,0.5331905781584583,0.1111111111111111,0.777027027027027,304,38,132,460,32,32,32,32
0.4385,0.4729,False,1424,342,330,752,0.7682584269662921,0.23174157303370788,0.8888888888888888,0.21941489361702127,0.6846473029045643,0.5712979890310786,0.1111111111111111,0.7805851063829787,304,38,165,587,32,32,32,32
0.4385,0.4729,True,1424,342,510,572,0.6418539325842697,0.35814606741573035,0.8888888888888888,0.22552447552447552,0.5352697095435685,0.526258205689278,0.1111111111111111,0.7744755244755245,304,38,129,443,32,32,32,32
0.4385,0.4749,False,1424,342,352,730,0.7528089887640449,0.24719101123595505,0.8888888888888888,0.2232876712328767,0.6763485477178424,0.5643656716417911,0.1111111111111111,0.7767123287671233,304,38,163,567,32,32,32,32
0.4385,0.4749,True,1424,342,530,552,0.6278089887640449,0.37219101123595505,0.8888888888888888,0.23007246376811594,0.5269709543568465,0.5178970917225951,0.1111111111111111,0.769927536231884,304,38,127,425,32,32,32,32
0.4385,0.47582,False,1424,342,365,717,0.7436797752808989,0.2563202247191011,0.8888888888888888,0.22454672245467225,0.6680497925311203,0.5609065155807366,0.1111111111111111,0.7754532775453278,304,38,161,556,32,32,32,32
0.4385,0.47582,True,1424,342,541,541,0.6200842696629213,0.37991573033707865,0.8888888888888888,0.23105360443622922,0.5186721991701245,0.5141562853907135,0.1111111111111111,0.7689463955637708,304,38,125,416,32,32,32,32
0.4385,0.47709,False,1424,342,385,697,0.7296348314606742,0.27036516853932585,0.8888888888888888,0.2266857962697274,0.6556016597510373,0.5553416746871992,0.1111111111111111,0.7733142037302726,304,38,158,539,32,32,32,32
0.4385,0.47709,True,1424,342,558,524,0.6081460674157303,0.39185393258426965,0.8888888888888888,0.23282442748091603,0.5062240663900415,0.5080831408775982,0.1111111111111111,0.767175572519084,304,38,122,402,32,32,32,32
0.4385,0.47817,False,1424,342,401,681,0.7183988764044944,0.2816011235955056,0.8888888888888888,0.22466960352422907,0.6348547717842323,0.5532746823069403,0.1111111111111111,0.775330396475771,304,38,153,528,32,32,32,32
0.4385,0.47817,True,1424,342,570,512,0.5997191011235955,0.4002808988764045,0.8888888888888888,0.232421875,0.49377593360995853,0.5046838407494145,0.1111111111111111,0.767578125,304,38,119,393,32,32,32,32
0.4385,0.47945,False,1424,342,421,661,0.7043539325842697,0.29564606741573035,0.8888888888888888,0.22692889561270801,0.6224066390041494,0.5473579262213359,0.1111111111111111,0.773071104387292,304,38,150,511,32,32,32,32
0.4385,0.47945,True,1424,342,586,496,0.5884831460674157,0.41151685393258425,0.8888888888888888,0.23588709677419356,0.4854771784232365,0.49761336515513127,0.1111111111111111,0.7641129032258065,304,38,117,379,32,32,32,32
0.4385,0.48134,False,1424,342,442,640,0.6896067415730337,0.3103932584269663,0.8888888888888888,0.2328125,0.6182572614107884,0.5386965376782077,0.1111111111111111,0.7671875,304,38,149,491,32,32,32,32
0.4385,0.48134,True,1424,342,604,478,0.5758426966292135,0.4241573033707865,0.8888888888888888,0.24476987447698745,0.4854771784232365,0.4865853658536585,0.1111111111111111,0.7552301255230126,304,38,117,361,32,32,32,32
0.4385,0.48236,False,1424,342,462,620,0.675561797752809,0.324438202247191,0.8888888888888888,0.23870967741935484,0.6141078838174274,0.5301455301455301,0.1111111111111111,0.7612903225806451,304,38,148,472,32,32,32,32
0.4385,0.48236,True,1424,342,619,463,0.5653089887640449,0.43469101123595505,0.8888888888888888,0.2526997840172786,0.4854771784232365,0.47701863354037266,0.1111111111111111,0.7473002159827213,304,38,117,346,32,32,32,32
0.4385,0.48406,False,1424,342,483,599,0.660814606741573,0.33918539325842695,0.8888888888888888,0.2387312186978297,0.5933609958506224,0.5249734325185972,0.1111111111111111,0.7612687813021702,304,38,143,456,32,32,32,32
0.4385,0.48406,True,1424,342,633,449,0.5554775280898876,0.44452247191011235,0.8888888888888888,0.25389755011135856,0.4730290456431535,0.4715549936788875,0.1111111111111111,0.7461024498886414,304,38,114,335,32,32,32,32
0.4385,0.48558,False,1424,342,505,577,0.6453651685393258,0.35463483146067415,0.8888888888888888,0.24436741767764297,0.5850622406639004,0.515778019586507,0.1111111111111111,0.755632582322357,304,38,141,436,32,32,32,32
0.4385,0.48558,True,1424,342,650,432,0.5435393258426966,0.45646067415730335,0.8888888888888888,0.2638888888888889,0.4730290456431535,0.4599483204134367,0.1111111111111111,0.7361111111111112,304,38,114,318,32,32,32,32
0.4385,0.48786,False,1424,342,526,556,0.6306179775280899,0.3693820224719101,0.8888888888888888,0.2517985611510791,0.5809128630705395,0.5055679287305123,0.1111111111111111,0.7482014388489209,304,38,140,416,32,32,32,32
0.4385,0.48786,True,1424,342,665,417,0.5330056179775281,0.4669943820224719,0.8888888888888888,0.2733812949640288,0.4730290456431535,0.4492753623188406,0.1111111111111111,0.7266187050359713,304,38,114,303,32,32,32,32
0.4385,0.48938,False,1424,342,539,543,0.6214887640449438,0.3785112359550562,0.8888888888888888,0.2523020257826888,0.5684647302904564,0.5016949152542373,0.1111111111111111,0.7476979742173112,304,38,137,406,32,32,32,32
0.4385,0.48938,True,1424,342,678,404,0.523876404494382,0.476123595505618,0.8888888888888888,0.2747524752475248,0.4605809128630705,0.4436997319034853,0.1111111111111111,0.7252475247524752,304,38,111,293,32,32,32,32
0.4385,0.49294,False,1424,342,561,521,0.6060393258426966,0.39396067415730335,0.8888888888888888,0.2476007677543186,0.5352697095435685,0.4982618771726535,0.1111111111111111,0.7523992322456814,304,38,129,392,32,32,32,32
0.4385,0.49294,True,1424,342,690,392,0.5154494382022472,0.4845505617977528,0.8888888888888888,0.27040816326530615,0.43983402489626555,0.44141689373297005,0.1111111111111111,0.7295918367346939,304,38,106,286,32,32,32,32
0.4385,0.49536,False,1424,342,578,504,0.5941011235955056,0.4058988764044944,0.8888888888888888,0.25396825396825395,0.5311203319502075,0.48936170212765956,0.1111111111111111,0.746031746031746,304,38,128,376,32,32,32,32
0.4385,0.49536,True,1424,342,703,379,0.5063202247191011,0.4936797752808989,0.8888888888888888,0.2770448548812665,0.43568464730290457,0.43273231622746183,0.1111111111111111,0.7229551451187335,304,38,105,274,32,32,32,32
0.4385,0.49788,False,1424,342,600,482,0.5786516853932584,0.42134831460674155,0.8888888888888888,0.2551867219917012,0.5103734439834025,0.4817961165048544,0.1111111111111111,0.7448132780082988,304,38,123,359,32,32,32,32
0.4385,0.49788,True,1424,342,720,362,0.4943820224719101,0.5056179775280899,0.8888888888888888,0.281767955801105,0.42323651452282157,0.42329545454545453,0.1111111111111111,0.7182320441988951,304,38,102,260,32,32,32,32
0.4385,0.49958,False,1424,342,619,463,0.5653089887640449,0.43469101123595505,0.8888888888888888,0.2570194384449244,0.49377593360995853,0.4745341614906832,0.1111111111111111,0.7429805615550756,304,38,119,344,32,32,32,32
0.4385,0.49958,True,1424,342,734,348,0.4845505617977528,0.5154494382022472,0.8888888888888888,0.28160919540229884,0.4066390041493776,0.41739130434782606,0.1111111111111111,0.7183908045977011,304,38,98,250,32,32,32,32
0.4385,0.50318,False,1424,342,640,442,0.550561797752809,0.449438202247191,0.8888888888888888,0.26018099547511314,0.47717842323651455,0.4655612244897959,0.1111111111111111,0.7398190045248869,304,38,115,327,32,32,32,32
0.4385,0.50318,True,1424,342,749,333,0.47401685393258425,0.5259831460674157,0.8888888888888888,0.2822822822822823,0.3900414937759336,0.4103703703703704,0.1111111111111111,0.7177177177177178,304,38,94,239,32,32,32,32
0.4385,0.50533,False,1424,342,662,420,0.5351123595505618,0.4648876404494382,0.8888888888888888,0.2619047619047619,0.45643153526970953,0.4566929133858268,0.1111111111111111,0.7380952380952381,304,38,110,310,32,32,32,32
0.4385,0.50533,True,1424,342,765,317,0.4627808988764045,0.5372191011235955,0.8888888888888888,0.28391167192429023,0.37344398340248963,0.40212443095599393,0.1111111111111111,0.7160883280757098,304,38,90,227,32,32,32,32
0.4385,0.50776,False,1424,342,684,398,0.5196629213483146,0.4803370786516854,0.8888888888888888,0.2638190954773869,0.43568464730290457,0.4472972972972973,0.1111111111111111,0.7361809045226131,304,38,105,293,32,32,32,32
0.4385,0.50776,True,1424,342,781,301,0.4515449438202247,0.5484550561797753,0.8888888888888888,0.2823920265780731,0.35269709543568467,0.39502332814930013,0.1111111111111111,0.717607973421927,304,38,85,216,32,32,32,32
0.4385,0.5105,False,1424,342,700,382,0.5084269662921348,0.49157303370786515,0.8888888888888888,0.27486910994764396,0.43568464730290457,0.4350828729281768,0.1111111111111111,0.725130890052356,304,38,105,277,32,32,32,32
0.4385,0.5105,True,1424,342,792,290,0.4438202247191011,0.5561797752808989,0.8888888888888888,0.29310344827586204,0.35269709543568467,0.38449367088607594,0.1111111111111111,0.7068965517241379,304,38,85,205,32,32,32,32
0.4385,0.51391,False,1424,342,720,362,0.4943820224719101,0.5056179775280899,0.8888888888888888,0.27624309392265195,0.4149377593360996,0.42613636363636365,0.1111111111111111,0.7237569060773481,304,38,100,262,32,32,32,32
0.4385,0.51391,True,1424,342,803,279,0.43609550561797755,0.5639044943820225,0.8888888888888888,0.2939068100358423,0.34024896265560167,0.3784219001610306,0.1111111111111111,0.7060931899641577,304,38,82,197,32,32,32,32
0.4385,0.51704,False,1424,342,739,343,0.48103932584269665,0.5189606741573034,0.8888888888888888,0.27696793002915454,0.3941908713692946,0.41751824817518246,0.1111111111111111,0.7230320699708455,304,38,95,248,32,32,32,32
0.4385,0.51704,True,1424,342,819,263,0.42485955056179775,0.5751404494382022,0.8888888888888888,0.2965779467680608,0.3236514522821577,0.3685950413223141,0.1111111111111111,0.7034220532319392,304,38,78,185,32,32,32,32
0.4385,0.51897,False,1424,342,759,323,0.4669943820224719,0.5330056179775281,0.8888888888888888,0.28173374613003094,0.3775933609958506,0.40601503759398494,0.1111111111111111,0.718266253869969,304,38,91,232,32,32,32,32
0.4385,0.51897,True,1424,342,838,244,0.41151685393258425,0.5884831460674157,0.8888888888888888,0.30327868852459017,0.3070539419087137,0.35494880546075086,0.1111111111111111,0.6967213114754098,304,38,74,170,32,32,32,32
0.4385,0.52434,False,1424,342,780,302,0.45224719101123595,0.547752808988764,0.8888888888888888,0.28807947019867547,0.36099585062240663,0.39285714285714285,0.1111111111111111,0.7119205298013245,304,38,87,215,32,32,32,32
0.4385,0.52434,True,1424,342,857,225,0.3981741573033708,0.6018258426966292,0.8888888888888888,0.3111111111111111,0.29045643153526973,0.3403880070546737,0.1111111111111111,0.6888888888888889,304,38,70,155,32,32,32,32
0.4385,0.52767,False,1424,342,796,286,0.4410112359550562,0.5589887640449438,0.8888888888888888,0.2972027972027972,0.35269709543568467,0.38057324840764334,0.1111111111111111,0.7027972027972028,304,38,85,201,32,32,32,32
0.4385,0.52767,True,1424,342,870,212,0.3890449438202247,0.6109550561797753,0.8888888888888888,0.32075471698113206,0.2821576763485477,0.3285198555956679,0.1111111111111111,0.6792452830188679,304,38,68,144,32,31,32,32
0.4385,0.53286,False,1424,342,818,264,0.425561797752809,0.574438202247191,0.8888888888888888,0.3068181818181818,0.3360995850622407,0.36468646864686466,0.1111111111111111,0.6931818181818182,304,38,81,183,32,32,32,32
0.4385,0.53286,True,1424,342,888,194,0.37640449438202245,0.6235955056179775,0.8888888888888888,0.32989690721649484,0.26556016597510373,0.31343283582089554,0.1111111111111111,0.6701030927835051,304,38,64,130,32,30,32,32
0.4385,0.53953,False,1424,342,840,242,0.4101123595505618,0.5898876404494382,0.8888888888888888,0.30991735537190085,0.3112033195020747,0.351027397260274,0.1111111111111111,0.6900826446280992,304,38,75,167,32,32,32,32
0.4385,0.53953,True,1424,342,905,177,0.36446629213483145,0.6355337078651685,0.8888888888888888,0.3389830508474576,0.24896265560165975,0.29865125240847784,0.1111111111111111,0.6610169491525424,304,38,60,117,32,30,32,32
0.4385,0.54572,False,1424,342,861,221,0.39536516853932585,0.6046348314606742,0.8888888888888888,0.3212669683257919,0.2946058091286307,0.3339253996447602,0.1111111111111111,0.6787330316742082,304,38,71,150,32,31,32,32
0.4385,0.54572,True,1424,342,919,163,0.35463483146067415,0.6453651685393258,0.8888888888888888,0.3558282208588957,0.24066390041493776,0.28316831683168314,0.1111111111111111,0.6441717791411042,304,38,58,105,32,30,32,32
0.4385,0.54999,False,1424,342,879,203,0.3827247191011236,0.6172752808988764,0.8888888888888888,0.3399014778325123,0.2863070539419087,0.3155963302752294,0.1111111111111111,0.6600985221674877,304,38,69,134,32,30,31,32
0.4385,0.54999,True,1424,342,935,147,0.3433988764044944,0.6566011235955056,0.8888888888888888,0.38095238095238093,0.23236514522821577,0.26380368098159507,0.1111111111111111,0.6190476190476191,304,38,56,91,32,28,30,32
0.4385,0.55464,False,1424,342,901,181,0.3672752808988764,0.6327247191011236,0.8888888888888888,0.3370165745856354,0.25311203319502074,0.30210325047801145,0.1111111111111111,0.6629834254143646,304,38,61,120,32,29,30,32
0.4385,0.55464,True,1424,342,951,131,0.3321629213483146,0.6678370786516854,0.8888888888888888,0.3893129770992366,0.21161825726141079,0.24947145877378435,0.1111111111111111,0.6106870229007634,304,38,51,80,32,28,29,32
0.4385,0.56209,False,1424,342,922,160,0.35252808988764045,0.6474719101123596,0.8888888888888888,0.35,0.23236514522821577,0.28286852589641437,0.1111111111111111,0.65,304,38,56,104,32,29,29,32
0.4385,0.56209,True,1424,342,965,117,0.3223314606741573,0.6776685393258427,0.8888888888888888,0.41025641025641024,0.1991701244813278,0.23311546840958605,0.1111111111111111,0.5897435897435898,304,38,48,69,32,28,28,32
0.4385,0.57246,False,1424,342,944,138,0.33707865168539325,0.6629213483146067,0.8888888888888888,0.35507246376811596,0.2033195020746888,0.26458333333333334,0.1111111111111111,0.644927536231884,304,38,49,89,32,29,29,32
0.4385,0.57246,True,1424,342,978,104,0.31320224719101125,0.6867977528089888,0.8888888888888888,0.40384615384615385,0.17427385892116182,0.2242152466367713,0.1111111111111111,0.5961538461538461,304,38,42,62,32,27,28,32
0.4385,0.58583,False,1424,342,966,116,0.32162921348314605,0.6783707865168539,0.8888888888888888,0.3879310344827586,0.18672199170124482,0.23799126637554585,0.1111111111111111,0.6120689655172413,304,38,45,71,32,27,26,32
0.4385,0.58583,True,1424,342,994,88,0.30196629213483145,0.6980337078651685,0.8888888888888888,0.4318181818181818,0.15767634854771784,0.20465116279069767,0.1111111111111111,0.5681818181818182,304,38,38,50,32,26,26,32
0.4385,0.59836,False,1424,342,988,94,0.3061797752808989,0.6938202247191011,0.8888888888888888,0.40425531914893614,0.15767634854771784,0.21559633027522937,0.1111111111111111,0.5957446808510638,304,38,38,56,32,26,24,32
0.4385,0.59836,True,1424,342,1009,73,0.2914325842696629,0.7085674157303371,0.8888888888888888,0.4383561643835616,0.13278008298755187,0.19036144578313252,0.1111111111111111,0.5616438356164384,304,38,32,41,32,26,24,32
0.4385,0.61936,False,1424,342,1009,73,0.2914325842696629,0.7085674157303371,0.8888888888888888,0.4246575342465753,0.12863070539419086,0.1927710843373494,0.1111111111111111,0.5753424657534246,304,38,31,42,32,25,23,32
0.4385,0.61936,True,1424,342,1027,55,0.27879213483146065,0.7212078651685393,0.8888888888888888,0.45454545454545453,0.1037344398340249,0.1712846347607053,0.1111111111111111,0.5454545454545454,304,38,25,30,32,25,23,32
0.4385,0.67291,False,1424,342,1031,51,0.27598314606741575,0.7240168539325843,0.8888888888888888,0.47058823529411764,0.0995850622406639,0.16539440203562342,0.1111111111111111,0.5294117647058824,304,38,24,27,32,25,19,32
0.4385,0.67291,True,1424,342,1041,41,0.26896067415730335,0.7310393258426966,0.8888888888888888,0.5121951219512195,0.08713692946058091,0.1514360313315927,0.1111111111111111,0.4878048780487805,304,38,21,20,32,25,19,32
0.4385,0.78196,False,1424,342,1053,29,0.26053370786516855,0.7394662921348315,0.8888888888888888,0.41379310344827586,0.04979253112033195,0.14824797843665768,0.1111111111111111,0.5862068965517241,304,38,12,17,32,25,14,32
0.4385,0.78196,True,1424,342,1056,26,0.25842696629213485,0.7415730337078652,0.8888888888888888,0.4230769230769231,0.04564315352697095,0.14402173913043478,0.1111111111111111,0.5769230769230769,304,38,11,15,32,25,13,32
0.4385,0.96896,False,1424,342,1074,8,0.24578651685393257,0.7542134831460674,0.8888888888888888,0.75,0.024896265560165973,0.11428571428571428,0.1111111111111111,0.25,304,38,6,2,32,22,4,32
0.4385,0.96896,True,1424,342,1075,7,0.24508426966292135,0.7549157303370787,0.8888888888888888,0.7142857142857143,0.02074688796680498,0.11461318051575932,0.1111111111111111,0.2857142857142857,304,38,5,2,32,22,4,32
0.4451,0.47017,False,1424,370,263,791,0.8153089887640449,0.18469101123595505,0.8918918918918919,0.21491782553729458,0.7053941908713693,0.5693367786391043,0.10810810810810811,0.7850821744627055,330,40,170,621,32,32,32,32
0.4451,0.47017,True,1424,370,446,608,0.6867977528089888,0.31320224719101125,0.8918918918918919,0.22039473684210525,0.5560165975103735,0.5255623721881391,0.10810810810810811,0.7796052631578947,330,40,134,474,32,32,32,32
0.4451,0.47143,False,1424,370,280,774,0.8033707865168539,0.19662921348314608,0.8918918918918919,0.21705426356589147,0.6970954356846473,0.5646853146853147,0.10810810810810811,0.7829457364341085,330,40,168,606,32,32,32,32
0.4451,0.47143,True,1424,370,462,592,0.675561797752809,0.324438202247191,0.8918918918918919,0.22297297297297297,0.5477178423236515,0.5197505197505198,0.10810810810810811,0.777027027027027,330,40,132,460,32,32,32,32
0.4451,0.4729,False,1424,370,302,752,0.7879213483146067,0.21207865168539325,0.8918918918918919,0.21941489361702127,0.6846473029045643,0.5588235294117647,0.10810810810810811,0.7805851063829787,330,40,165,587,32,32,32,32
0.4451,0.4729,True,1424,370,482,572,0.6615168539325843,0.33848314606741575,0.8918918918918919,0.22552447552447552,0.5352697095435685,0.5127388535031847,0.10810810810810811,0.7744755244755245,330,40,129,443,32,32,32,32
0.4451,0.4749,False,1424,370,324,730,0.7724719101123596,0.22752808988764045,0.8918918918918919,0.2232876712328767,0.6763485477178424,0.5518181818181818,0.10810810810810811,0.7767123287671233,330,40,163,567,32,32,32,32
0.4451,0.4749,True,1424,370,502,552,0.6474719101123596,0.35252808988764045,0.8918918918918919,0.23007246376811594,0.5269709543568465,0.5043383947939263,0.10810810810810811,0.769927536231884,330,40,127,425,32,32,32,32
0.4451,0.47582,False,1424,370,337,717,0.7633426966292135,0.23665730337078653,0.8918918918918919,0.22454672245467225,0.6680497925311203,0.5482980680772769,0.10810810810810811,0.7754532775453278,330,40,161,556,32,32,32,32
0.4451,0.47582,True,1424,370,513,541,0.639747191011236,0.36025280898876405,0.8918918918918919,0.23105360443622922,0.5186721991701245,0.5005488474204172,0.10810810810810811,0.7689463955637708,330,40,125,416,32,32,32,32
0.4451,0.47709,False,1424,370,357,697,0.7492977528089888,0.25070224719101125,0.8918918918918919,0.2266857962697274,0.6556016597510373,0.542642924086223,0.10810810810810811,0.7733142037302726,330,40,158,539,32,32,32,32
0.4451,0.47709,True,1424,370,530,524,0.6278089887640449,0.37219101123595505,0.8918918918918919,0.23282442748091603,0.5062240663900415,0.49440715883668906,0.10810810810810811,0.767175572519084,330,40,122,402,32,32,32,32
0.4451,0.47817,False,1424,370,373,681,0.738061797752809,0.261938202247191,0.8918918918918919,0.22466960352422907,0.6348547717842323,0.5404376784015223,0.10810810810810811,0.775330396475771,330,40,153,528,32,32,32,32
0.4451,0.47817,True,1424,370,542,512,0.6193820224719101,0.3806179775280899,0.8918918918918919,0.232421875,0.49377593360995853,0.4909297052154195,0.10810810810810811,0.767578125,330,40,119,393,32,32,32,32
0.4451,0.47945,False,1424,370,393,661,0.7240168539325843,0.27598314606741575,0.8918918918918919,0.22692889561270801,0.6224066390041494,0.5344325897187197,0.10810810810810811,0.773071104387292,330,40,150,511,32,32,32,32
0.4451,0.47945,True,1424,370,558,496,0.6081460674157303,0.39185393258426965,0.8918918918918919,0.23588709677419356,0.4854771784232365,0.4838337182448037,0.10810810810810811,0.7641129032258065,330,40,117,379,32,32,32,32
0.4451,0.48134,False,1424,370,414,640,0.7092696629213483,0.2907303370786517,0.8918918918918919,0.2328125,0.6182572614107884,0.5257425742574258,0.10810810810810811,0.7671875,330,40,149,491,32,32,32,32
0.4451,0.48134,True,1424,370,576,478,0.5955056179775281,0.4044943820224719,0.8918918918918919,0.24476987447698745,0.4854771784232365,0.47287735849056606,0.10810810810810811,0.7552301255230126,330,40,117,361,32,32,32,32
0.4451,0.48236,False,1424,370,434,620,0.6952247191011236,0.3047752808988764,0.8918918918918919,0.23870967741935484,0.6141078838174274,0.5171717171717172,0.10810810810810811,0.7612903225806451,330,40,148,472,32,32,32,32
0.4451,0.48236,True,1424,370,591,463,0.5849719101123596,0.41502808988764045,0.8918918918918919,0.2526997840172786,0.4854771784232365,0.46338535414165666,0.10810810810810811,0.7473002159827213,330,40,117,346,32,32,32,32
0.4451,0.48406,False,1424,370,455,599,0.6804775280898876,0.31952247191011235,0.8918918918918919,0.2387312186978297,0.5933609958506224,0.5118679050567595,0.10810810810810811,0.7612687813021702,330,40,143,456,32,32,32,32
0.4451,0.48406,True,1424,370,605,449,0.5751404494382022,0.42485955056179775,0.8918918918918919,0.25389755011135856,0.4730290456431535,0.45787545787545786,0.10810810810810811,0.7461024498886414,330,40,114,335,32,32,32,32
0.4451,0.48558,False,1424,370,477,577,0.6650280898876404,0.33497191011235955,0.8918918918918919,0.24436741767764297,0.5850622406639004,0.5026399155227033,0.10810810810810811,0.755632582322357,330,40,141,436,32,32,32,32
0.4451,0.48558,True,1424,370,622,432,0.5632022471910112,0.43679775280898875,0.8918918918918919,0.2638888888888889,0.4730290456431535,0.4463840399002494,0.10810810810810811,0.7361111111111112,330,40,114,318,32,32,32,32
0.4451,0.48786,False,1424,370,498,556,0.6502808988764045,0.3497191011235955,0.8918918918918919,0.2517985611510791,0.5809128630705395,0.4924406047516199,0.10810810810810811,0.7482014388489209,330,40,140,416,32,32,32,32
0.4451,0.48786,True,1424,370,637,417,0.5526685393258427,0.4473314606741573,0.8918918918918919,0.2733812949640288,0.4730290456431535,0.4358322744599746,0.10810810810810811,0.7266187050359713,330,40,114,303,32,32,32,32
0.4451,0.48938,False,1424,370,511,543,0.6411516853932584,0.35884831460674155,0.8918918918918919,0.2523020257826888,0.5684647302904564,0.488499452354874,0.10810810810810811,0.7476979742173112,330,40,137,406,32,32,32,32
0.4451,0.48938,True,1424,370,650,404,0.5435393258426966,0.45646067415730335,0.8918918918918919,0.2747524752475248,0.4605809128630705,0.43023255813953487,0.10810810810810811,0.7252475247524752,330,40,111,293,32,32,32,32
0.4451,0.49294,False,1424,370,533,521,0.6257022471910112,0.37429775280898875,0.8918918918918919,0.2476007677543186,0.5352697095435685,0.48484848484848486,0.10810810810810811,0.7523992322456814,330,40,129,392,32,32,32,32
0.4451,0.49294,True,1424,370,662,392,0.5351123595505618,0.4648876404494382,0.8918918918918919,0.27040816326530615,0.43983402489626555,0.42782152230971127,0.10810810810810811,0.7295918367346939,330,40,106,286,32,32,32,32
0.4451,0.49536,False,1424,370,550,504,0.6137640449438202,0.3862359550561798,0.8918918918918919,0.25396825396825395,0.5311203319502075,0.4759725400457666,0.10810810810810811,0.746031746031746,330,40,128,376,32,32,32,32
0.4451,0.49536,True,1424,370,675,379,0.5259831460674157,0.47401685393258425,0.8918918918918919,0.2770448548812665,0.43568464730290457,0.4192256341789052,0.10810810810810811,0.7229551451187335,330,40,105,274,32,32,32,32
0.4451,0.49788,False,1424,370,572,482,0.598314606741573,0.40168539325842695,0.8918918918918919,0.2551867219917012,0.5103734439834025,0.46830985915492956,0.10810810810810811,0.7448132780082988,330,40,123,359,32,32,32,32
0.4451,0.49788,True,1424,370,692,362,0.5140449438202247,0.4859550561797753,0.8918918918918919,0.281767955801105,0.42323651452282157,0.4098360655737705,0.10810810810810811,0.7182320441988951,330,40,102,260,32,32,32,32
0.4451,0.49958,False,1424,370,591,463,0.5849719101123596,0.41502808988764045,0.8918918918918919,0.2570194384449244,0.49377593360995853,0.460984393757503,0.10810810810810811,0.7429805615550756,330,40,119,344,32,32,32,32
0.4451,0.49958,True,1424,370,706,348,0.5042134831460674,0.4957865168539326,0.8918918918918919,0.28160919540229884,0.4066390041493776,0.403899721448468,0.10810810810810811,0.7183908045977011,330,40,98,250,32,32,32,32
0.4451,0.50318,False,1424,370,612,442,0.5702247191011236,0.4297752808988764,0.8918918918918919,0.26018099547511314,0.47717842323651455,0.45197044334975367,0.10810810810810811,0.7398190045248869,330,40,115,327,32,32,32,32
0.4451,0.50318,True,1424,370,721,333,0.4936797752808989,0.5063202247191011,0.8918918918918919,0.2822822822822823,0.3900414937759336,0.3968705547652916,0.10810810810810811,0.7177177177177178,330,40,94,239,32,32,32,32
0.4451,0.50533,False,1424,370,634,420,0.5547752808988764,0.4452247191011236,0.8918918918918919,0.2619047619047619,0.45643153526970953,0.4430379746835443,0.10810810810810811,0.7380952380952381,330,40,110,310,32,32,32,32
0.4451,0.50533,True,1424,370,737,317,0.4824438202247191,0.5175561797752809,0.8918918918918919,0.28391167192429023,0.37344398340248963,0.388646288209607,0.10810810810810811,0.7160883280757098,330,40,90,227,32,32,32,32
0.4451,0.50776,False,1424,370,656,398,0.5393258426966292,0.4606741573033708,0.8918918918918919,0.2638190954773869,0.43568464730290457,0.43359375,0.10810810810810811,0.7361809045226131,330,40,105,293,32,32,32,32
0.4451,0.50776,True,1424,370,753,301,0.47120786516853935,0.5287921348314607,0.8918918918918919,0.2823920265780731,0.35269709543568467,0.38152011922503726,0.10810810810810811,0.717607973421927,330,40,85,216,32,32,32,32
0.4451,0.5105,False,1424,370,672,382,0.5280898876404494,0.47191011235955055,0.8918918918918919,0.27486910994764396,0.43568464730290457,0.42154255319148937,0.10810810810810811,0.725130890052356,330,40,105,277,32,32,32,32
0.4451,0.5105,True,1424,370,764,290,0.46348314606741575,0.5365168539325843,0.8918918918918919,0.29310344827586204,0.35269709543568467,0.3712121212121212,0.10810810810810811,0.7068965517241379,330,40,85,205,32,32,32,32
0.4451,0.51391,False,1424,370,692,362,0.5140449438202247,0.4859550561797753,0.8918918918918919,0.27624309392265195,0.4149377593360996,0.412568306010929,0.10810810810810811,0.7237569060773481,330,40,100,262,32,32,32,32
0.4451,0.51391,True,1424,370,775,279,0.45575842696629215,0.5442415730337079,0.8918918918918919,0.2939068100358423,0.34024896265560167,0.36517719568567025,0.10810810810810811,0.7060931899641577,330,40,82,197,32,32,32,32
0.4451,0.51704,False,1424,370,711,343,0.5007022471910112,0.49929775280898875,0.8918918918918919,0.27696793002915454,0.3941908713692946,0.40392706872370265,0.10810810810810811,0.7230320699708455,330,40,95,248,32,32,32,32
0.4451,0.51704,True,1424,370,791,263,0.44452247191011235,0.5554775280898876,0.8918918918918919,0.2965779467680608,0.3236514522821577,0.35545023696682465,0.10810810810810811,0.7034220532319392,330,40,78,185,32,32,32,32
0.4451,0.51897,False,1424,370,731,323,0.4866573033707865,0.5133426966292135,0.8918918918918919,0.28173374613003094,0.3775933609958506,0.3924963924963925,0.10810810810810811,0.718266253869969,330,40,91,232,32,32,32,32
0.4451,0.51897,True,1424,370,810,244,0.4311797752808989,0.5688202247191011,0.8918918918918919,0.30327868852459017,0.3070539419087137,0.34201954397394135,0.10810810810810811,0.6967213114754098,330,40,74,170,32,32,32,32
0.4451,0.52434,False,1424,370,752,302,0.47191011235955055,0.5280898876404494,0.8918918918918919,0.28807947019867547,0.36099585062240663,0.3794642857142857,0.10810810810810811,0.7119205298013245,330,40,87,215,32,32,32,32
0.4451,0.52434,True,1424,370,829,225,0.4178370786516854,0.5821629213483146,0.8918918918918919,0.3111111111111111,0.29045643153526973,0.3277310924369748,0.10810810810810811,0.6888888888888889,330,40,70,155,32,32,32,32
0.4451,0.52767,False,1424,370,768,286,0.4606741573033708,0.5393258426966292,0.8918918918918919,0.2972027972027972,0.35269709543568467,0.3673780487804878,0.10810810810810811,0.7027972027972028,330,40,85,201,32,32,32,32
0.4451,0.52767,True,1424,370,842,212,0.40870786516853935,0.5912921348314607,0.8918918918918919,0.32075471698113206,0.2821576763485477,0.3161512027491409,0.10810810810810811,0.6792452830188679,330,40,68,144,32,31,32,32
0.4451,0.53286,False,1424,370,790,264,0.4452247191011236,0.5547752808988764,0.8918918918918919,0.3068181818181818,0.3360995850622407,0.35173501577287064,0.10810810810810811,0.6931818181818182,330,40,81,183,32,32,32,32
0.4451,0.53286,True,1424,370,860,194,0.3960674157303371,0.6039325842696629,0.8918918918918919,0.32989690721649484,0.26556016597510373,0.30141843971631205,0.10810810810810811,0.6701030927835051,330,40,64,130,32,30,32,32
0.4451,0.53953,False,1424,370,812,242,0.4297752808988764,0.5702247191011236,0.8918918918918919,0.30991735537190085,0.3112033195020747,0.3382352941176471,0.10810810810810811,0.6900826446280992,330,40,75,167,32,32,32,32
0.4451,0.53953,True,1424,370,877,177,0.38412921348314605,0.6158707865168539,0.8918918918918919,0.3389830508474576,0.24896265560165975,0.2870201096892139,0.10810810810810811,0.6610169491525424,330,40,60,117,32,30,32,32
0.4451,0.54572,False,1424,370,833,221,0.41502808988764045,0.5849719101123596,0.8918918918918919,0.3212669683257919,0.2946058091286307,0.32148900169204736,0.10810810810810811,0.6787330316742082,330,40,71,150,32,31,32,32
0.4451,0.54572,True,1424,370,891,163,0.37429775280898875,0.6257022471910112,0.8918918918918919,0.3558282208588957,0.24066390041493776,0.27204502814258913,0.10810810810810811,0.6441717791411042,330,40,58,105,32,30,32,32
0.4451,0.54999,False,1424,370,851,203,0.4023876404494382,0.5976123595505618,0.8918918918918919,0.3399014778325123,0.2863070539419087,0.3036649214659686,0.10810810810810811,0.6600985221674877,330,40,69,134,32,30,31,32
0.4451,0.54999,True,1424,370,907,147,0.363061797752809,0.636938202247191,0.8918918918918919,0.38095238095238093,0.23236514522821577,0.25338491295938104,0.10810810810810811,0.6190476190476191,330,40,56,91,32,28,30,32
0.4451,0.55464,False,1424,370,873,181,0.386938202247191,0.613061797752809,0.8918918918918919,0.3370165745856354,0.25311203319502074,0.29038112522686027,0.10810810810810811,0.6629834254143646,330,40,61,120,32,29,30,32
0.4451,0.55464,True,1424,370,923,131,0.3518258426966292,0.6481741573033708,0.8918918918918919,0.3893129770992366,0.21161825726141079,0.23952095808383234,0.10810810810810811,0.6106870229007634,330,40,51,80,32,28,29,32
0.4451,0.56209,False,1424,370,894,160,0.37219101123595505,0.6278089887640449,0.8918918918918919,0.35,0.23236514522821577,0.27169811320754716,0.10810810810810811,0.65,330,40,56,104,32,29,29,32
0.4451,0.56209,True,1424,370,937,117,0.3419943820224719,0.6580056179775281,0.8918918918918919,0.41025641025641024,0.1991701244813278,0.22381930184804927,0.10810810810810811,0.5897435897435898,330,40,48,69,32,28,28,32
0.4451,0.57246,False,1424,370,916,138,0.35674157303370785,0.6432584269662921,0.8918918918918919,0.35507246376811596,0.2033195020746888,0.25393700787401574,0.10810810810810811,0.644927536231884,330,40,49,89,32,29,29,32
0.4451,0.57246,True,1424,370,950,104,0.33286516853932585,0.6671348314606742,0.8918918918918919,0.40384615384615385,0.17427385892116182,0.21518987341772153,0.10810810810810811,0.5961538461538461,330,40,42,62,32,27,28,32
0.4451,0.58583,False,1424,370,938,116,0.34129213483146065,0.6587078651685393,0.8918918918918919,0.3879310344827586,0.18672199170124482,0.22839506172839505,0.10810810810810811,0.6120689655172413,330,40,45,71,32,27,26,32
0.4451,0.58583,True,1424,370,966,88,0.32162921348314605,0.6783707865168539,0.8918918918918919,0.4318181818181818,0.15767634854771784,0.1965065502183406,0.10810810810810811,0.5681818181818182,330,40,38,50,32,26,26,32
0.4451,0.59836,False,1424,370,960,94,0.3258426966292135,0.6741573033707865,0.8918918918918919,0.40425531914893614,0.15767634854771784,0.20689655172413793,0.10810810810810811,0.5957446808510638,330,40,38,56,32,26,24,32
0.4451,0.59836,True,1424,370,981,73,0.31109550561797755,0.6889044943820225,0.8918918918918919,0.4383561643835616,0.13278008298755187,0.18284424379232506,0.10810810810810811,0.5616438356164384,330,40,32,41,32,26,24,32
0.4451,0.61936,False,1424,370,981,73,0.31109550561797755,0.6889044943820225,0.8918918918918919,0.4246575342465753,0.12863070539419086,0.18510158013544017,0.10810810810810811,0.5753424657534246,330,40,31,42,32,26,23,32
0.4451,0.61936,True,1424,370,999,55,0.2984550561797753,0.7015449438202247,0.8918918918918919,0.45454545454545453,0.1037344398340249,0.16470588235294117,0.10810810810810811,0.5454545454545454,330,40,25,30,32,26,23,32
0.4451,0.67291,False,1424,370,1003,51,0.29564606741573035,0.7043539325842697,0.8918918918918919,0.47058823529411764,0.0995850622406639,0.15914489311163896,0.10810810810810811,0.5294117647058824,330,40,24,27,32,26,19,32
0.4451,0.67291,True,1424,370,1013,41,0.288623595505618,0.711376404494382,0.8918918918918919,0.5121951219512195,0.08713692946058091,0.145985401459854,0.10810810810810811,0.4878048780487805,330,40,21,20,32,26,19,32
0.4451,0.78196,False,1424,370,1025,29,0.28019662921348315,0.7198033707865169,0.8918918918918919,0.41379310344827586,0.04979253112033195,0.14285714285714285,0.10810810810810811,0.5862068965517241,330,40,12,17,32,26,14,32
0.4451,0.78196,True,1424,370,1028,26,0.27808988764044945,0.7219101123595506,0.8918918918918919,0.4230769230769231,0.04564315352697095,0.1388888888888889,0.10810810810810811,0.5769230769230769,330,40,11,15,32,26,13,32
0.4451,0.96896,False,1424,370,1046,8,0.2654494382022472,0.7345505617977528,0.8918918918918919,0.75,0.024896265560165973,0.1111111111111111,0.10810810810810811,0.25,330,40,6,2,32,24,4,32
0.4451,0.96896,True,1424,370,1047,7,0.26474719101123595,0.735252808988764,0.8918918918918919,0.7142857142857143,0.02074688796680498,0.11140583554376658,0.10810810810810811,0.2857142857142857,330,40,5,2,32,24,4,32
0.45069,0.47017,False,1424,399,234,791,0.8356741573033708,0.16432584269662923,0.8822055137844611,0.21491782553729458,0.7053941908713693,0.561344537815126,0.11779448621553884,0.7850821744627055,352,47,170,621,32,32,32,32
0.45069,0.47017,True,1424,399,417,608,0.7071629213483146,0.2928370786516854,0.8822055137844611,0.22039473684210525,0.5560165975103735,0.5173783515392254,0.11779448621553884,0.7796052631578947,352,47,134,474,32,32,32,32
0.45069,0.47143,False,1424,399,251,774,0.8237359550561798,0.17626404494382023,0.8822055137844611,0.21705426356589147,0.6970954356846473,0.556692242114237,0.11779448621553884,0.7829457364341085,352,47,168,606,32,32,32,32
0.45069,0.47143,True,1424,399,433,592,0.6959269662921348,0.30407303370786515,0.8822055137844611,0.22297297297297297,0.5477178423236515,0.5116044399596368,0.11779448621553884,0.777027027027027,352,47,132,460,32,32,32,32
0.45069,0.4729,False,1424,399,273,752,0.8082865168539326,0.19171348314606743,0.8822055137844611,0.21941489361702127,0.6846473029045643,0.5508253692441355,0.11779448621553884,0.7805851063829787,352,47,165,587,32,32,32,32
0.45069,0.4729,True,1424,399,453,572,0.6818820224719101,0.3181179775280899,0.8822055137844611,0.22552447552447552,0.5352697095435685,0.5046343975283213,0.11779448621553884,0.7744755244755245,352,47,129,443,32,32,32,32
0.45069,0.4749,False,1424,399,295,730,0.7928370786516854,0.2071629213483146,0.8822055137844611,0.2232876712328767,0.6763485477178424,0.5438441098317095,0.11779448621553884,0.7767123287671233,352,47,163,567,32,32,32,32
0.45069,0.4749,True,1424,399,473,552,0.6678370786516854,0.3321629213483146,0.8822055137844611,0.23007246376811594,0.5269709543568465,0.49631966351209256,0.11779448621553884,0.769927536231884,352,47,127,425,32,32,32,32
0.45069,0.47582,False,1424,399,308,717,0.7837078651685393,0.21629213483146068,0.8822055137844611,0.22454672245467225,0.6680497925311203,0.5403225806451613,0.11779448621553884,0.7754532775453278,352,47,161,556,32,32,32,32
0.45069,0.47582,True,1424,399,484,541,0.6601123595505618,0.3398876404494382,0.8822055137844611,0.23105360443622922,0.5186721991701245,0.4925531914893617,0.11779448621553884,0.7689463955637708,352,47,125,416,32,32,32,32
0.45069,0.47709,False,1424,399,328,697,0.7696629213483146,0.2303370786516854,0.8822055137844611,0.2266857962697274,0.6556016597510373,0.5346715328467153,0.11779448621553884,0.7733142037302726,352,47,158,539,32,32,32,32
0.45069,0.47709,True,1424,399,501,524,0.6481741573033708,0.3518258426966292,0.8822055137844611,0.23282442748091603,0.5062240663900415,0.48645720476706394,0.11779448621553884,0.767175572519084,352,47,122,402,32,32,32,32
0.45069,0.47817,False,1424,399,344,681,0.7584269662921348,0.24157303370786518,0.8822055137844611,0.22466960352422907,0.6348547717842323,0.5324074074074074,0.11779448621553884,0.775330396475771,352,47,153,528,32,32,32,32
0.45069,0.47817,True,1424,399,513,512,0.639747191011236,0.36025280898876405,0.8822055137844611,0.232421875,0.49377593360995853,0.4829857299670692,0.11779448621553884,0.767578125,352,47,119,393,32,32,32,32
0.45069,0.47945,False,1424,399,364,661,0.7443820224719101,0.2556179775280899,0.8822055137844611,0.22692889561270801,0.6224066390041494,0.5264150943396226,0.11779448621553884,0.773071104387292,352,47,150,511,32,32,32,32
0.45069,0.47945,True,1424,399,529,496,0.6285112359550562,0.3714887640449438,0.8822055137844611,0.23588709677419356,0.4854771784232365,0.4759776536312849,0.11779448621553884,0.7641129032258065,352,47,117,379,32,32,32,32
0.45069,0.48134,False,1424,399,385,640,0.7296348314606742,0.27036516853932585,0.8822055137844611,0.2328125,0.6182572614107884,0.5178055822906641,0.11779448621553884,0.7671875,352,47,149,491,32,32,32,32
0.45069,0.48134,True,1424,399,547,478,0.6158707865168539,0.38412921348314605,0.8822055137844611,0.24476987447698745,0.4854771784232365,0.4652223489167617,0.11779448621553884,0.7552301255230126,352,47,117,361,32,32,32,32
0.45069,0.48236,False,1424,399,405,620,0.7155898876404494,0.28441011235955055,0.8822055137844611,0.23870967741935484,0.6141078838174274,0.5093228655544652,0.11779448621553884,0.7612903225806451,352,47,148,472,32,32,32,32
0.45069,0.48236,True,1424,399,562,463,0.6053370786516854,0.3946629213483146,0.8822055137844611,0.2526997840172786,0.4854771784232365,0.45591647331786544,0.11779448621553884,0.7473002159827213,352,47,117,346,32,32,32,32
0.45069,0.48406,False,1424,399,426,599,0.7008426966292135,0.2991573033707865,0.8822055137844611,0.2387312186978297,0.5933609958506224,0.5040080160320641,0.11779448621553884,0.7612687813021702,352,47,143,456,32,32,32,32
0.45069,0.48406,True,1424,399,576,449,0.5955056179775281,0.4044943820224719,0.8822055137844611,0.25389755011135856,0.4730290456431535,0.45047169811320753,0.11779448621553884,0.7461024498886414,352,47,114,335,32,32,32,32
0.45069,0.48558,False,1424,399,448,577,0.6853932584269663,0.3146067415730337,0.8822055137844611,0.24436741767764297,0.5850622406639004,0.4948770491803279,0.11779448621553884,0.755632582322357,352,47,141,436,32,32,32,32
0.45069,0.48558,True,1424,399,593,432,0.5835674157303371,0.4164325842696629,0.8822055137844611,0.2638888888888889,0.4730290456431535,0.43922984356197353,0.11779448621553884,0.7361111111111112,352,47,114,318,32,32,32,32
0.45069,0.48786,False,1424,399,469,556,0.6706460674157303,0.32935393258426965,0.8822055137844611,0.2517985611510791,0.5809128630705395,0.4848167539267016,0.11779448621553884,0.7482014388489209,352,47,140,416,32,32,32,32
0.45069,0.48786,True,1424,399,608,417,0.5730337078651685,0.42696629213483145,0.8822055137844611,0.2733812949640288,0.4730290456431535,0.42892156862745096,0.11779448621553884,0.7266187050359713,352,47,114,303,32,32,32,32
0.45069,0.48938,False,1424,399,482,543,0.6615168539325843,0.33848314606741575,0.8822055137844611,0.2523020257826888,0.5684647302904564,0.48089171974522293,0.11779448621553884,0.7476979742173112,352,47,137,406,32,32,32,32
0.45069,0.48938,True,1424,399,621,404,0.5639044943820225,0.43609550561797755,0.8822055137844611,0.2747524752475248,0.4605809128630705,0.42341220423412207,0.11779448621553884,0.7252475247524752,352,47,111,293,32,32,32,32
0.45069,0.49294,False,1424,399,504,521,0.6460674157303371,0.3539325842696629,0.8822055137844611,0.2476007677543186,0.5352697095435685,0.4771739130434783,0.11779448621553884,0.7523992322456814,352,47,129,392,32,32,32,32
0.45069,0.49294,True,1424,399,633,392,0.5554775280898876,0.44452247191011235,0.8822055137844611,0.27040816326530615,0.43983402489626555,0.42098609355246525,0.11779448621553884,0.7295918367346939,352,47,106,286,32,32,32,32
0.45069,0.49536,False,1424,399,521,504,0.6341292134831461,0.36587078651685395,0.8822055137844611,0.25396825396825395,0.5311203319502075,0.4684385382059801,0.11779448621553884,0.746031746031746,352,47,128,376,32,32,32,32
0.45069,0.49536,True,1424,399,646,379,0.5463483146067416,0.45365168539325845,0.8822055137844611,0.2770448548812665,0.43568464730290457,0.41259640102827766,0.11779448621553884,0.7229551451187335,352,47,105,274,32,32,32,32
0.45069,0.49788,False,1424,399,543,482,0.6186797752808989,0.3813202247191011,0.8822055137844611,0.2551867219917012,0.5103734439834025,0.4608399545970488,0.11779448621553884,0.7448132780082988,352,47,123,359,32,32,32,32
0.45069,0.49788,True,1424,399,663,362,0.5344101123595506,0.46558988764044945,0.8822055137844611,0.281767955801105,0.42323651452282157,0.40341655716162944,0.11779448621553884,0.7182320441988951,352,47,102,260,32,32,32,32
0.45069,0.49958,False,1424,399,562,463,0.6053370786516854,0.3946629213483146,0.8822055137844611,0.2570194384449244,0.49377593360995853,0.45359628770301624,0.11779448621553884,0.7429805615550756,352,47,119,344,32,32,32,32
0.45069,0.49958,True,1424,399,677,348,0.5245786516853933,0.47542134831460675,0.8822055137844611,0.28160919540229884,0.4066390041493776,0.39759036144578314,0.11779448621553884,0.7183908045977011,352,47,98,250,32,32,32,32
0.45069,0.50318,False,1424,399,583,442,0.5905898876404494,0.40941011235955055,0.8822055137844611,0.26018099547511314,0.47717842323651455,0.4447086801426873,0.11779448621553884,0.7398190045248869,352,47,115,327,32,32,32,32
0.45069,0.50318,True,1424,399,692,333,0.5140449438202247,0.4859550561797753,0.8822055137844611,0.2822822822822823,0.3900414937759336,0.3907103825136612,0.11779448621553884,0.7177177177177178,352,47,94,239,32,32,32,32
0.45069,0.50533,False,1424,399,605,420,0.5751404494382022,0.42485955056179775,0.8822055137844611,0.2619047619047619,0.45643153526970953,0.4358974358974359,0.11779448621553884,0.7380952380952381,352,47,110,310,32,32,32,32
0.45069,0.50533,True,1424,399,708,317,0.5028089887640449,0.49719101123595505,0.8822055137844611,0.28391167192429023,0.37344398340248963,0.38268156424581007,0.11779448621553884,0.7160883280757098,352,47,90,227,32,32,32,32
0.45069,0.50776,False,1424,399,627,398,0.5596910112359551,0.44030898876404495,0.8822055137844611,0.2638190954773869,0.43568464730290457,0.42659974905897113,0.11779448621553884,0.7361809045226131,352,47,105,293,32,32,32,32
0.45069,0.50776,True,1424,399,724,301,0.49157303370786515,0.5084269662921348,0.8822055137844611,0.2823920265780731,0.35269709543568467,0.3757142857142857,0.11779448621553884,0.717607973421927,352,47,85,216,32,32,32,32
0.45069,0.5105,False,1424,399,643,382,0.5484550561797753,0.4515449438202247,0.8822055137844611,0.27486910994764396,0.43568464730290457,0.4148527528809219,0.11779448621553884,0.725130890052356,352,47,105,277,32,32,32,32
0.45069,0.5105,True,1424,399,735,290,0.48384831460674155,0.5161516853932584,0.8822055137844611,0.29310344827586204,0.35269709543568467,0.36574746008708275,0.11779448621553884,0.7068965517241379,352,47,85,205,32,32,32,32
0.45069,0.51391,False,1424,399,663,362,0.5344101123595506,0.46558988764044945,0.8822055137844611,0.27624309392265195,0.4149377593360996,0.4060446780551905,0.11779448621553884,0.7237569060773481,352,47,100,262,32,32,32,32
0.45069,0.51391,True,1424,399,746,279,0.476123595505618,0.523876404494382,0.8822055137844611,0.2939068100358423,0.34024896265560167,0.35988200589970504,0.11779448621553884,0.7060931899641577,352,47,82,197,32,32,32,32
0.45069,0.51704,False,1424,399,682,343,0.5210674157303371,0.4789325842696629,0.8822055137844611,0.27696793002915454,0.3941908713692946,0.3975741239892183,0.11779448621553884,0.7230320699708455,352,47,95,248,32,32,32,32
0.45069,0.51704,True,1424,399,762,263,0.4648876404494382,0.5351123595505618,0.8822055137844611,0.2965779467680608,0.3236514522821577,0.3504531722054381,0.11779448621553884,0.7034220532319392,352,47,78,185,32,32,32,32
0.45069,0.51897,False,1424,399,702,323,0.5070224719101124,0.49297752808988765,0.8822055137844611,0.28173374613003094,0.3775933609958506,0.3864265927977839,0.11779448621553884,0.718266253869969,352,47,91,232,32,32,32,32
0.45069,0.51897,True,1424,399,781,244,0.4515449438202247,0.5484550561797753,0.8822055137844611,0.30327868852459017,0.3070539419087137,0.33748055987558323,0.11779448621553884,0.6967213114754098,352,47,74,170,32,32,32,32
0.45069,0.52434,False,1424,399,723,302,0.4922752808988764,0.5077247191011236,0.8822055137844611,0.28807947019867547,0.36099585062240663,0.37375178316690444,0.11779448621553884,0.7119205298013245,352,47,87,215,32,32,32,32
0.45069,0.52434,True,1424,399,800,225,0.43820224719101125,0.5617977528089888,0.8822055137844611,0.3111111111111111,0.29045643153526973,0.32371794871794873,0.11779448621553884,0.6888888888888889,352,47,70,155,32,32,32,32
0.45069,0.52767,False,1424,399,739,286,0.48103932584269665,0.5189606741573034,0.8822055137844611,0.2972027972027972,0.35269709543568467,0.362043795620438,0.11779448621553884,0.7027972027972028,352,47,85,201,32,32,32,32
0.45069,0.52767,True,1424,399,813,212,0.42907303370786515,0.5709269662921348,0.8822055137844611,0.32075471698113206,0.2821576763485477,0.31260229132569556,0.11779448621553884,0.6792452830188679,352,47,68,144,32,31,32,32
0.45069,0.53286,False,1424,399,761,264,0.46558988764044945,0.5344101123595506,0.8822055137844611,0.3068181818181818,0.3360995850622407,0.3469079939668175,0.11779448621553884,0.6931818181818182,352,47,81,183,32,32,32,32
0.45069,0.53286,True,1424,399,831,194,0.4164325842696629,0.5835674157303371,0.8822055137844611,0.32989690721649484,0.26556016597510373,0.2984822934232715,0.11779448621553884,0.6701030927835051,352,47,64,130,32,30,32,32
0.45069,0.53953,False,1424,399,783,242,0.45014044943820225,0.5498595505617978,0.8822055137844611,0.30991735537190085,0.3112033195020747,0.3338533541341654,0.11779448621553884,0.6900826446280992,352,47,75,167,32,32,32,32
0.45069,0.53953,True,1424,399,848,177,0.4044943820224719,0.5955056179775281,0.8822055137844611,0.3389830508474576,0.24896265560165975,0.2847222222222222,0.11779448621553884,0.6610169491525424,352,47,60,117,32,30,32,32
0.45069,0.54572,False,1424,399,804,221,0.4353932584269663,0.5646067415730337,0.8822055137844611,0.3212669683257919,0.2946058091286307,0.317741935483871,0.11779448621553884,0.6787330316742082,352,47,71,150,32,31,32,32
0.45069,0.54572,True,1424,399,862,163,0.3946629213483146,0.6053370786516854,0.8822055137844611,0.3558282208588957,0.24066390041493776,0.2704626334519573,0.11779448621553884,0.6441717791411042,352,47,58,105,32,30,32,32
0.45069,0.54999,False,1424,399,822,203,0.42275280898876405,0.577247191011236,0.8822055137844611,0.3399014778325123,0.2863070539419087,0.30066445182724255,0.11779448621553884,0.6600985221674877,352,47,69,134,32,30,31,32
0.45069,0.54999,True,1424,399,878,147,0.38342696629213485,0.6165730337078652,0.8822055137844611,0.38095238095238093,0.23236514522821577,0.25274725274725274,0.11779448621553884,0.6190476190476191,352,47,56,91,32,28,30,32
0.45069,0.55464,False,1424,399,844,181,0.40730337078651685,0.5926966292134831,0.8822055137844611,0.3370165745856354,0.25311203319502074,0.28793103448275864,0.11779448621553884,0.6629834254143646,352,47,61,120,32,29,30,32
0.45069,0.55464,True,1424,399,894,131,0.37219101123595505,0.6278089887640449,0.8822055137844611,0.3893129770992366,0.21161825726141079,0.23962264150943396,0.11779448621553884,0.6106870229007634,352,47,51,80,32,28,29,32
0.45069,0.56209,False,1424,399,865,160,0.3925561797752809,0.6074438202247191,0.8822055137844611,0.35,0.23236514522821577,0.2701252236135957,0.11779448621553884,0.65,352,47,56,104,32,29,29,32
0.45069,0.56209,True,1424,399,908,117,0.36235955056179775,0.6376404494382022,0.8822055137844611,0.41025641025641024,0.1991701244813278,0.2248062015503876,0.11779448621553884,0.5897435897435898,352,47,48,69,32,28,28,32
0.45069,0.57246,False,1424,399,887,138,0.3771067415730337,0.6228932584269663,0.8822055137844611,0.35507246376811596,0.2033195020746888,0.2532588454376164,0.11779448621553884,0.644927536231884,352,47,49,89,32,29,29,32
0.45069,0.57246,True,1424,399,921,104,0.3532303370786517,0.6467696629213483,0.8822055137844611,0.40384615384615385,0.17427385892116182,0.21669980119284293,0.11779448621553884,0.5961538461538461,352,47,42,62,32,27,28,32
0.45069,0.58583,False,1424,399,909,116,0.3616573033707865,0.6383426966292135,0.8822055137844611,0.3879310344827586,0.18672199170124482,0.229126213592233,0.11779448621553884,0.6120689655172413,352,47,45,71,32,27,26,32
0.45069,0.58583,True,1424,399,937,88,0.3419943820224719,0.6580056179775281,0.8822055137844611,0.4318181818181818,0.15767634854771784,0.19917864476386038,0.11779448621553884,0.5681818181818182,352,47,38,50,32,26,26,32
0.45069,0.59836,False,1424,399,931,94,0.34620786516853935,0.6537921348314607,0.8822055137844611,0.40425531914893614,0.15767634854771784,0.20892494929006086,0.11779448621553884,0.5957446808510638,352,47,38,56,32,26,24,32
0.45069,0.59836,True,1424,399,952,73,0.33146067415730335,0.6685393258426966,0.8822055137844611,0.4383561643835616,0.13278008298755187,0.1864406779661017,0.11779448621553884,0.5616438356164384,352,47,32,41,32,26,24,32
0.45069,0.61936,False,1424,399,952,73,0.33146067415730335,0.6685393258426966,0.8822055137844611,0.4246575342465753,0.12863070539419086,0.1885593220338983,0.11779448621553884,0.5753424657534246,352,47,31,42,32,26,23,32
0.45069,0.61936,True,1424,399,970,55,0.3188202247191011,0.6811797752808989,0.8822055137844611,0.45454545454545453,0.1037344398340249,0.1696035242290749,0.11779448621553884,0.5454545454545454,352,47,25,30,32,26,23,32
0.45069,0.67291,False,1424,399,974,51,0.3160112359550562,0.6839887640449438,0.8822055137844611,0.47058823529411764,0.0995850622406639,0.16444444444444445,0.11779448621553884,0.5294117647058824,352,47,24,27,32,26,19,32
0.45069,0.67291,True,1424,399,984,41,0.3089887640449438,0.6910112359550562,0.8822055137844611,0.5121951219512195,0.08713692946058091,0.15227272727272728,0.11779448621553884,0.4878048780487805,352,47,21,20,32,26,19,32
0.45069,0.78196,False,1424,399,996,29,0.300561797752809,0.699438202247191,0.8822055137844611,0.41379310344827586,0.04979253112033195,0.14953271028037382,0.11779448621553884,0.5862068965517241,352,47,12,17,32,26,14,32
0.45069,0.78196,True,1424,399,999,26,0.2984550561797753,0.7015449438202247,0.8822055137844611,0.4230769230769231,0.04564315352697095,0.14588235294117646,0.11779448621553884,0.5769230769230769,352,47,11,15,32,26,13,32
0.45069,0.96896,False,1424,399,1017,8,0.28581460674157305,0.714185393258427,0.8822055137844611,0.75,0.024896265560165973,0.12039312039312039,0.11779448621553884,0.25,352,47,6,2,32,24,4,32
0.45069,0.96896,True,1424,399,1018,7,0.2851123595505618,0.7148876404494382,0.8822055137844611,0.7142857142857143,0.02074688796680498,0.1206896551724138,0.11779448621553884,0.2857142857142857,352,47,5,2,32,24,4,32
0.45534,0.47017,False,1424,427,206,791,0.8553370786516854,0.1446629213483146,0.8805620608899297,0.21491782553729458,0.7053941908713693,0.5517241379310345,0.11943793911007025,0.7850821744627055,376,51,170,621,32,32,32,32
0.45534,0.47017,True,1424,427,389,608,0.7268258426966292,0.2731741573033708,0.8805620608899297,0.22039473684210525,0.5560165975103735,0.5072463768115942,0.11943793911007025,0.7796052631578947,376,51,134,474,32,32,32,32
0.45534,0.47143,False,1424,427,223,774,0.8433988764044944,0.15660112359550563,0.8805620608899297,0.21705426356589147,0.6970954356846473,0.5470441298917569,0.11943793911007025,0.7829457364341085,376,51,168,606,32,32,32,32
0.45534,0.47143,True,1424,427,405,592,0.7155898876404494,0.28441011235955055,0.8805620608899297,0.22297297297297297,0.5477178423236515,0.5014720314033366,0.11943793911007025,0.777027027027027,376,51,132,460,32,32,32,32
0.45534,0.4729,False,1424,427,245,752,0.8279494382022472,0.1720505617977528,0.8805620608899297,0.21941489361702127,0.6846473029045643,0.5411365564037319,0.11943793911007025,0.7805851063829787,376,51,165,587,32,32,32,32
0.45534,0.4729,True,1424,427,425,572,0.7015449438202247,0.2984550561797753,0.8805620608899297,0.22552447552447552,0.5352697095435685,0.4944944944944945,0.11943793911007025,0.7744755244755245,376,51,129,443,32,32,32,32
0.45534,0.4749,False,1424,427,267,730,0.8125,0.1875,0.8805620608899297,0.2232876712328767,0.6763485477178424,0.5341400172860847,0.11943793911007025,0.7767123287671233,376,51,163,567,32,32,32,32
0.45534,0.4749,True,1424,427,445,552,0.6875,0.3125,0.8805620608899297,0.23007246376811594,0.5269709543568465,0.48621041879468846,0.11943793911007025,0.769927536231884,376,51,127,425,32,32,32,32
0.45534,0.47582,False,1424,427,280,717,0.8033707865168539,0.19662921348314608,0.8805620608899297,0.22454672245467225,0.6680497925311203,0.5305944055944056,0.11943793911007025,0.7754532775453278,376,51,161,556,32,32,32,32
0.45534,0.47582,True,1424,427,456,541,0.6797752808988764,0.3202247191011236,0.8805620608899297,0.23105360443622922,0.5186721991701245,0.4824380165289256,0.11943793911007025,0.7689463955637708,376,51,125,416,32,32,32,32
0.45534,0.47709,False,1424,427,300,697,0.7893258426966292,0.21067415730337077,0.8805620608899297,0.2266857962697274,0.6556016597510373,0.5249110320284698,0.11943793911007025,0.7733142037302726,376,51,158,539,32,32,32,32
0.45534,0.47709,True,1424,427,473,524,0.6678370786516854,0.3321629213483146,0.8805620608899297,0.23282442748091603,0.5062240663900415,0.47634069400630913,0.11943793911007025,0.767175572519084,376,51,122,402,32,32,32,32
0.45534,0.47817,False,1424,427,316,681,0.7780898876404494,0.22191011235955055,0.8805620608899297,0.22466960352422907,0.6348547717842323,0.5225631768953068,0.11943793911007025,0.775330396475771,376,51,153,528,32,32,32,32
0.45534,0.47817,True,1424,427,485,512,0.6594101123595506,0.34058988764044945,0.8805620608899297,0.232421875,0.49377593360995853,0.4728434504792332,0.11943793911007025,0.767578125,376,51,119,393,32,32,32,32
0.45534,0.47945,False,1424,427,336,661,0.7640449438202247,0.23595505617977527,0.8805620608899297,0.22692889561270801,0.6224066390041494,0.5165441176470589,0.11943793911007025,0.773071104387292,376,51,150,511,32,32,32,32
0.45534,0.47945,True,1424,427,501,496,0.6481741573033708,0.3518258426966292,0.8805620608899297,0.23588709677419356,0.4854771784232365,0.4658721560130011,0.11943793911007025,0.7641129032258065,376,51,117,379,32,32,32,32
0.45534,0.48134,False,1424,427,357,640,0.7492977528089888,0.25070224719101125,0.8805620608899297,0.2328125,0.6182572614107884,0.5079662605435802,0.11943793911007025,0.7671875,376,51,149,491,32,32,32,32
0.45534,0.48134,True,1424,427,519,478,0.6355337078651685,0.36446629213483145,0.8805620608899297,0.24476987447698745,0.4854771784232365,0.4552486187845304,0.11943793911007025,0.7552301255230126,376,51,117,361,32,32,32,32
0.45534,0.48236,False,1424,427,377,620,0.735252808988764,0.26474719101123595,0.8805620608899297,0.23870967741935484,0.6141078838174274,0.4995224450811843,0.11943793911007025,0.7612903225806451,376,51,148,472,32,32,32,32
0.45534,0.48236,True,1424,427,534,463,0.625,0.375,0.8805620608899297,0.2526997840172786,0.4854771784232365,0.4460674157303371,0.11943793911007025,0.7473002159827213,376,51,117,346,32,32,32,32
0.45534,0.48406,False,1424,427,398,599,0.7205056179775281,0.2794943820224719,0.8805620608899297,0.2387312186978297,0.5933609958506224,0.49415204678362573,0.11943793911007025,0.7612687813021702,376,51,143,456,32,32,32,32
0.45534,0.48406,True,1424,427,548,449,0.6151685393258427,0.3848314606741573,0.8805620608899297,0.25389755011135856,0.4730290456431535,0.4406392694063927,0.11943793911007025,0.7461024498886414,376,51,114,335,32,32,32,32
0.45534,0.48558,False,1424,427,420,577,0.7050561797752809,0.2949438202247191,0.8805620608899297,0.24436741767764297,0.5850622406639004,0.4850597609561753,0.11943793911007025,0.755632582322357,376,51,141,436,32,32,32,32
0.45534,0.48558,True,1424,427,565,432,0.6032303370786517,0.3967696629213483,0.8805620608899297,0.2638888888888889,0.4730290456431535,0.42956926658905703,0.11943793911007025,0.7361111111111112,376,51,114,318,32,32,32,32
0.45534,0.48786,False,1424,427,441,556,0.6903089887640449,0.30969101123595505,0.8805620608899297,0.2517985611510791,0.5809128630705395,0.4750762970498474,0.11943793911007025,0.7482014388489209,376,51,140,416,32,32,32,32
0.45534,0.48786,True,1424,427,580,417,0.5926966292134831,0.40730337078651685,0.8805620608899297,0.2733812949640288,0.4730290456431535,0.4194312796208531,0.11943793911007025,0.7266187050359713,376,51,114,303,32,32,32,32
0.45534,0.48938,False,1424,427,454,543,0.6811797752808989,0.3188202247191011,0.8805620608899297,0.2523020257826888,0.5684647302904564,0.4711340206185567,0.11943793911007025,0.7476979742173112,376,51,137,406,32,32,32,32
0.45534,0.48938,True,1424,427,593,404,0.5835674157303371,0.4164325842696629,0.8805620608899297,0.2747524752475248,0.4605809128630705,0.4139590854392298,0.11943793911007025,0.7252475247524752,376,51,111,293,32,32,32,32
0.45534,0.49294,False,1424,427,476,521,0.6657303370786517,0.3342696629213483,0.8805620608899297,0.2476007677543186,0.5352697095435685,0.46729957805907174,0.11943793911007025,0.7523992322456814,376,51,129,392,32,32,32,32
0.45534,0.49294,True,1424,427,605,392,0.5751404494382022,0.42485955056179775,0.8805620608899297,0.27040816326530615,0.43983402489626555,0.41147741147741146,0.11943793911007025,0.7295918367346939,376,51,106,286,32,32,32,32
0.45534,0.49536,False,1424,427,493,504,0.6537921348314607,0.34620786516853935,0.8805620608899297,0.25396825396825395,0.5311203319502075,0.45864661654135336,0.11943793911007025,0.746031746031746,376,51,128,376,32,32,32,32
0.45534,0.49536,True,1424,427,618,379,0.5660112359550562,0.4339887640449438,0.8805620608899297,0.2770448548812665,0.43568464730290457,0.4032258064516129,0.11943793911007025,0.7229551451187335,376,51,105,274,32,32,32,32
0.45534,0.49788,False,1424,427,515,482,0.6383426966292135,0.3616573033707865,0.8805620608899297,0.2551867219917012,0.5103734439834025,0.45104510451045104,0.11943793911007025,0.7448132780082988,376,51,123,359,32,32,32,32
0.45534,0.49788,True,1424,427,635,362,0.5540730337078652,0.44592696629213485,0.8805620608899297,0.281767955801105,0.42323651452282157,0.394169835234474,0.11943793911007025,0.7182320441988951,376,51,102,260,32,32,32,32
0.45534,0.49958,False,1424,427,534,463,0.625,0.375,0.8805620608899297,0.2570194384449244,0.49377593360995853,0.4438202247191011,0.11943793911007025,0.7429805615550756,376,51,119,344,32,32,32,32
0.45534,0.49958,True,1424,427,649,348,0.5442415730337079,0.45575842696629215,0.8805620608899297,0.28160919540229884,0.4066390041493776,0.38838709677419353,0.11943793911007025,0.7183908045977011,376,51,98,250,32,32,32,32
0.45534,0.50318,False,1424,427,555,442,0.610252808988764,0.38974719101123595,0.8805620608899297,0.26018099547511314,0.47717842323651455,0.43498273878020716,0.11943793911007025,0.7398190045248869,376,51,115,327,32,32,32,32
0.45534,0.50318,True,1424,427,664,333,0.5337078651685393,0.46629213483146065,0.8805620608899297,0.2822822822822823,0.3900414937759336,0.3815789473684211,0.11943793911007025,0.7177177177177178,376,51,94,239,32,32,32,32
0.45534,0.50533,False,1424,427,577,420,0.5948033707865169,0.40519662921348315,0.8805620608899297,0.2619047619047619,0.45643153526970953,0.42621015348288077,0.11943793911007025,0.7380952380952381,376,51,110,310,32,32,32,32
0.45534,0.50533,True,1424,427,680,317,0.5224719101123596,0.47752808988764045,0.8805620608899297,0.28391167192429023,0.37344398340248963,0.3736559139784946,0.11943793911007025,0.7160883280757098,376,51,90,227,32,32,32,32
0.45534,0.50776,False,1424,427,599,398,0.5793539325842697,0.42064606741573035,0.8805620608899297,0.2638190954773869,0.43568464730290457,0.416969696969697,0.11943793911007025,0.7361809045226131,376,51,105,293,32,32,32,32
0.45534,0.50776,True,1424,427,696,301,0.5112359550561798,0.4887640449438202,0.8805620608899297,0.2823920265780731,0.35269709543568467,0.36675824175824173,0.11943793911007025,0.717607973421927,376,51,85,216,32,32,32,32
0.45534,0.5105,False,1424,427,615,382,0.5681179775280899,0.4318820224719101,0.8805620608899297,0.27486910994764396,0.43568464730290457,0.4054388133498146,0.11943793911007025,0.725130890052356,376,51,105,277,32,32,32,32
0.45534,0.5105,True,1424,427,707,290,0.5035112359550562,0.4964887640449438,0.8805620608899297,0.29310344827586204,0.35269709543568467,0.35704323570432356,0.11943793911007025,0.7068965517241379,376,51,85,205,32,32,32,32
0.45534,0.51391,False,1424,427,635,362,0.5540730337078652,0.44592696629213485,0.8805620608899297,0.27624309392265195,0.4149377593360996,0.39670468948035487,0.11943793911007025,0.7237569060773481,376,51,100,262,32,32,32,32
0.45534,0.51391,True,1424,427,718,279,0.4957865168539326,0.5042134831460674,0.8805620608899297,0.2939068100358423,0.34024896265560167,0.35127478753541075,0.11943793911007025,0.7060931899641577,376,51,82,197,32,32,32,32
0.45534,0.51704,False,1424,427,654,343,0.5407303370786517,0.4592696629213483,0.8805620608899297,0.27696793002915454,0.3941908713692946,0.38831168831168833,0.11943793911007025,0.7230320699708455,376,51,95,248,32,32,32,32
0.45534,0.51704,True,1424,427,734,263,0.4845505617977528,0.5154494382022472,0.8805620608899297,0.2965779467680608,0.3236514522821577,0.34202898550724636,0.11943793911007025,0.7034220532319392,376,51,78,185,32,32,32,32
0.45534,0.51897,False,1424,427,674,323,0.526685393258427,0.47331460674157305,0.8805620608899297,0.28173374613003094,0.3775933609958506,0.37733333333333335,0.11943793911007025,0.718266253869969,376,51,91,232,32,32,32,32
0.45534,0.51897,True,1424,427,753,244,0.47120786516853935,0.5287921348314607,0.8805620608899297,0.30327868852459017,0.3070539419087137,0.3293591654247392,0.11943793911007025,0.6967213114754098,376,51,74,170,32,32,32,32
0.45534,0.52434,False,1424,427,695,302,0.511938202247191,0.488061797752809,0.8805620608899297,0.28807947019867547,0.36099585062240663,0.36488340192043894,0.11943793911007025,0.7119205298013245,376,51,87,215,32,32,32,32
0.45534,0.52434,True,1424,427,772,225,0.45786516853932585,0.5421348314606742,0.8805620608899297,0.3111111111111111,0.29045643153526973,0.3159509202453988,0.11943793911007025,0.6888888888888889,376,51,70,155,32,32,32,32
0.45534,0.52767,False,1424,427,711,286,0.5007022471910112,0.49929775280898875,0.8805620608899297,0.2972027972027972,0.35269709543568467,0.3534361851332398,0.11943793911007025,0.7027972027972028,376,51,85,201,32,32,32,32
0.45534,0.52767,True,1424,427,785,212,0.4487359550561798,0.5512640449438202,0.8805620608899297,0.32075471698113206,0.2821576763485477,0.3051643192488263,0.11943793911007025,0.6792452830188679,376,51,68,144,32,31,32,32
0.45534,0.53286,False,1424,427,733,264,0.48525280898876405,0.514747191011236,0.8805620608899297,0.3068181818181818,0.3360995850622407,0.3386396526772793,0.11943793911007025,0.6931818181818182,376,51,81,183,32,32,32,32
0.45534,0.53286,True,1424,427,803,194,0.43609550561797755,0.5639044943820225,0.8805620608899297,0.32989690721649484,0.26556016597510373,0.2914653784219002,0.11943793911007025,0.6701030927835051,376,51,64,130,32,30,32,32
0.45534,0.53953,False,1424,427,755,242,0.46980337078651685,0.5301966292134831,0.8805620608899297,0.30991735537190085,0.3112033195020747,0.32585949177877427,0.11943793911007025,0.6900826446280992,376,51,75,167,32,32,32,32
0.45534,0.53953,True,1424,427,820,177,0.4241573033707865,0.5758426966292135,0.8805620608899297,0.3389830508474576,0.24896265560165975,0.2781456953642384,0.11943793911007025,0.6610169491525424,376,51,60,117,32,30,32,32
0.45534,0.54572,False,1424,427,776,221,0.4550561797752809,0.5449438202247191,0.8805620608899297,0.3212669683257919,0.2946058091286307,0.3101851851851852,0.11943793911007025,0.6787330316742082,376,51,71,150,32,31,32,32
0.45534,0.54572,True,1424,427,834,163,0.4143258426966292,0.5856741573033708,0.8805620608899297,0.3558282208588957,0.24066390041493776,0.26440677966101694,0.11943793911007025,0.6441717791411042,376,51,58,105,32,30,32,32
0.45534,0.54999,False,1424,427,794,203,0.44241573033707865,0.5575842696629213,0.8805620608899297,0.3399014778325123,0.2863070539419087,0.29365079365079366,0.11943793911007025,0.6600985221674877,376,51,69,134,32,31,31,32
0.45534,0.54999,True,1424,427,850,147,0.40308988764044945,0.5969101123595506,0.8805620608899297,0.38095238095238093,0.23236514522821577,0.24738675958188153,0.11943793911007025,0.6190476190476191,376,51,56,91,32,29,30,32
0.45534,0.55464,False,1424,427,816,181,0.42696629213483145,0.5730337078651685,0.8805620608899297,0.3370165745856354,0.25311203319502074,0.28125,0.11943793911007025,0.6629834254143646,376,51,61,120,32,30,30,32
0.45534,0.55464,True,1424,427,866,131,0.39185393258426965,0.6081460674157303,0.8805620608899297,0.3893129770992366,0.21161825726141079,0.23476702508960573,0.11943793911007025,0.6106870229007634,376,51,51,80,32,29,29,32
0.45534,0.56209,False,1424,427,837,160,0.4122191011235955,0.5877808988764045,0.8805620608899297,0.35,0.23236514522821577,0.26405451448040884,0.11943793911007025,0.65,376,51,56,104,32,30,29,32
0.45534,0.56209,True,1424,427,880,117,0.38202247191011235,0.6179775280898876,0.8805620608899297,0.41025641025641024,0.1991701244813278,0.22058823529411764,0.11943793911007025,0.5897435897435898,376,51,48,69,32,29,28,32
0.45534,0.57246,False,1424,427,859,138,0.3967696629213483,0.6032303370786517,0.8805620608899297,0.35507246376811596,0.2033195020746888,0.24778761061946902,0.11943793911007025,0.644927536231884,376,51,49,89,32,30,29,32
0.45534,0.57246,True,1424,427,893,104,0.3728932584269663,0.6271067415730337,0.8805620608899297,0.40384615384615385,0.17427385892116182,0.2128060263653484,0.11943793911007025,0.5961538461538461,376,51,42,62,32,28,28,32
0.45534,0.58583,False,1424,427,881,116,0.3813202247191011,0.6186797752808989,0.8805620608899297,0.3879310344827586,0.18672199170124482,0.22467771639042358,0.11943793911007025,0.6120689655172413,376,51,45,71,32,28,26,32
0.45534,0.58583,True,1424,427,909,88,0.3616573033707865,0.6383426966292135,0.8805620608899297,0.4318181818181818,0.15767634854771784,0.19611650485436893,0.11943793911007025,0.5681818181818182,376,51,38,50,32,27,26,32
0.45534,0.59836,False,1424,427,903,94,0.36587078651685395,0.6341292134831461,0.8805620608899297,0.40425531914893614,0.15767634854771784,0.2053742802303263,0.11943793911007025,0.5957446808510638,376,51,38,56,32,27,24,32
0.45534,0.59836,True,1424,427,924,73,0.351123595505618,0.648876404494382,0.8805620608899297,0.4383561643835616,0.13278008298755187,0.184,0.11943793911007025,0.5616438356164384,376,51,32,41,32,27,24,32
0.45534,0.61936,False,1424,427,924,73,0.351123595505618,0.648876404494382,0.8805620608899297,0.4246575342465753,0.12863070539419086,0.186,0.11943793911007025,0.5753424657534246,376,51,31,42,32,27,23,32
0.45534,0.61936,True,1424,427,942,55,0.33848314606741575,0.6615168539325843,0.8805620608899297,0.45454545454545453,0.1037344398340249,0.16804979253112035,0.11943793911007025,0.5454545454545454,376,51,25,30,32,27,23,32
0.45534,0.67291,False,1424,427,946,51,0.3356741573033708,0.6643258426966292,0.8805620608899297,0.47058823529411764,0.0995850622406639,0.16317991631799164,0.11943793911007025,0.5294117647058824,376,51,24,27,32,27,19,32
0.45534,0.67291,True,1424,427,956,41,0.32865168539325845,0.6713483146067416,0.8805620608899297,0.5121951219512195,0.08713692946058091,0.1517094017094017,0.11943793911007025,0.4878048780487805,376,51,21,20,32,27,19,32
0.45534,0.78196,False,1424,427,968,29,0.3202247191011236,0.6797752808988764,0.8805620608899297,0.41379310344827586,0.04979253112033195,0.14912280701754385,0.11943793911007025,0.5862068965517241,376,51,12,17,32,27,14,32
0.45534,0.78196,True,1424,427,971,26,0.3181179775280899,0.6818820224719101,0.8805620608899297,0.4230769230769231,0.04564315352697095,0.1456953642384106,0.11943793911007025,0.5769230769230769,376,51,11,15,32,27,13,32
0.45534,0.96896,False,1424,427,989,8,0.30547752808988765,0.6945224719101124,0.8805620608899297,0.75,0.024896265560165973,0.12183908045977011,0.11943793911007025,0.25,376,51,6,2,32,25,4,32
0.45534,0.96896,True,1424,427,990,7,0.3047752808988764,0.6952247191011236,0.8805620608899297,0.7142857142857143,0.02074688796680498,0.12211981566820276,0.11943793911007025,0.2857142857142857,376,51,5,2,32,25,4,32
0.45822,0.47017,False,1424,456,177,791,0.8757022471910112,0.12429775280898876,0.8837719298245614,0.21491782553729458,0.7053941908713693,0.5404971932638332,0.1162280701754386,0.7850821744627055,403,53,170,621,32,32,32,32
0.45822,0.47017,True,1424,456,360,608,0.7471910112359551,0.25280898876404495,0.8837719298245614,0.22039473684210525,0.5560165975103735,0.49530075187969924,0.1162280701754386,0.7796052631578947,403,53,134,474,32,32,32,32
0.45822,0.47143,False,1424,456,194,774,0.8637640449438202,0.13623595505617977,0.8837719298245614,0.21705426356589147,0.6970954356846473,0.5357723577235772,0.1162280701754386,0.7829457364341085,403,53,168,606,32,32,32,32
0.45822,0.47143,True,1424,456,376,592,0.7359550561797753,0.2640449438202247,0.8837719298245614,0.22297297297297297,0.5477178423236515,0.48950381679389315,0.1162280701754386,0.777027027027027,403,53,132,460,32,32,32,32
0.45822,0.4729,False,1424,456,216,752,0.848314606741573,0.15168539325842698,0.8837719298245614,0.21941489361702127,0.6846473029045643,0.5298013245033113,0.1162280701754386,0.7805851063829787,403,53,165,587,32,32,32,32
0.45822,0.4729,True,1424,456,396,572,0.7219101123595506,0.27808988764044945,0.8837719298245614,0.22552447552447552,0.5352697095435685,0.48249027237354086,0.1162280701754386,0.7744755244755245,403,53,129,443,32,32,32,32
0.45822,0.4749,False,1424,456,238,730,0.8328651685393258,0.16713483146067415,0.8837719298245614,0.2232876712328767,0.6763485477178424,0.5227655986509275,0.1162280701754386,0.7767123287671233,403,53,163,567,32,32,32,32
0.45822,0.4749,True,1424,456,416,552,0.7078651685393258,0.29213483146067415,0.8837719298245614,0.23007246376811594,0.5269709543568465,0.4742063492063492,0.1162280701754386,0.769927536231884,403,53,127,425,32,32,32,32
0.45822,0.47582,False,1424,456,251,717,0.8237359550561798,0.17626404494382023,0.8837719298245614,0.22454672245467225,0.6680497925311203,0.5191815856777494,0.1162280701754386,0.7754532775453278,403,53,161,556,32,32,32,32
0.45822,0.47582,True,1424,456,427,541,0.7001404494382022,0.29985955056179775,0.8837719298245614,0.23105360443622922,0.5186721991701245,0.4704112337011033,0.1162280701754386,0.7689463955637708,403,53,125,416,32,32,32,32
0.45822,0.47709,False,1424,456,271,697,0.8096910112359551,0.19030898876404495,0.8837719298245614,0.2266857962697274,0.6556016597510373,0.5134431916738942,0.1162280701754386,0.7733142037302726,403,53,158,539,32,32,32,32
0.45822,0.47709,True,1424,456,444,524,0.6882022471910112,0.31179775280898875,0.8837719298245614,0.23282442748091603,0.5062240663900415,0.4642857142857143,0.1162280701754386,0.767175572519084,403,53,122,402,32,32,32,32
0.45822,0.47817,False,1424,456,287,681,0.7984550561797753,0.20154494382022473,0.8837719298245614,0.22466960352422907,0.6348547717842323,0.5109938434476693,0.1162280701754386,0.775330396475771,403,53,153,528,32,32,32,32
0.45822,0.47817,True,1424,456,456,512,0.6797752808988764,0.3202247191011236,0.8837719298245614,0.232421875,0.49377593360995853,0.4607438016528926,0.1162280701754386,0.767578125,403,53,119,393,32,32,32,32
0.45822,0.47945,False,1424,456,307,661,0.7844101123595506,0.21558988764044945,0.8837719298245614,0.22692889561270801,0.6224066390041494,0.5049239033124441,0.1162280701754386,0.773071104387292,403,53,150,511,32,32,32,32
0.45822,0.47945,True,1424,456,472,496,0.6685393258426966,0.33146067415730335,0.8837719298245614,0.23588709677419356,0.4854771784232365,0.453781512605042,0.1162280701754386,0.7641129032258065,403,53,117,379,32,32,32,32
0.45822,0.48134,False,1424,456,328,640,0.7696629213483146,0.2303370786516854,0.8837719298245614,0.2328125,0.6182572614107884,0.49635036496350365,0.1162280701754386,0.7671875,403,53,149,491,32,32,32,32
0.45822,0.48134,True,1424,456,490,478,0.6558988764044944,0.3441011235955056,0.8837719298245614,0.24476987447698745,0.4854771784232365,0.44325481798715205,0.1162280701754386,0.7552301255230126,403,53,117,361,32,32,32,32
0.45822,0.48236,False,1424,456,348,620,0.7556179775280899,0.2443820224719101,0.8837719298245614,0.23870967741935484,0.6141078838174274,0.4879182156133829,0.1162280701754386,0.7612903225806451,403,53,148,472,32,32,32,32
0.45822,0.48236,True,1424,456,505,463,0.6453651685393258,0.35463483146067415,0.8837719298245614,0.2526997840172786,0.4854771784232365,0.43416757344940154,0.1162280701754386,0.7473002159827213,403,53,117,346,32,32,32,32
0.45822,0.48406,False,1424,456,369,599,0.7408707865168539,0.25912921348314605,0.8837719298245614,0.2387312186978297,0.5933609958506224,0.4824644549763033,0.1162280701754386,0.7612687813021702,403,53,143,456,32,32,32,32
0.45822,0.48406,True,1424,456,519,449,0.6355337078651685,0.36446629213483145,0.8837719298245614,0.25389755011135856,0.4730290456431535,0.4287292817679558,0.1162280701754386,0.7461024498886414,403,53,114,335,32,32,32,32
0.45822,0.48558,False,1424,456,391,577,0.7254213483146067,0.27457865168539325,0.8837719298245614,0.24436741767764297,0.5850622406639004,0.47337850919651503,0.1162280701754386,0.755632582322357,403,53,141,436,32,32,32,32
0.45822,0.48558,True,1424,456,536,432,0.6235955056179775,0.37640449438202245,0.8837719298245614,0.2638888888888889,0.4730290456431535,0.4177927927927928,0.1162280701754386,0.7361111111111112,403,53,114,318,32,32,32,32
0.45822,0.48786,False,1424,456,412,556,0.7106741573033708,0.2893258426966292,0.8837719298245614,0.2517985611510791,0.5809128630705395,0.4634387351778656,0.1162280701754386,0.7482014388489209,403,53,140,416,32,32,32,32
0.45822,0.48786,True,1424,456,551,417,0.613061797752809,0.386938202247191,0.8837719298245614,0.2733812949640288,0.4730290456431535,0.40778923253150057,0.1162280701754386,0.7266187050359713,403,53,114,303,32,32,32,32
0.45822,0.48938,False,1424,456,425,543,0.7015449438202247,0.2984550561797753,0.8837719298245614,0.2523020257826888,0.5684647302904564,0.4594594594594595,0.1162280701754386,0.7476979742173112,403,53,137,406,32,32,32,32
0.45822,0.48938,True,1424,456,564,404,0.6039325842696629,0.3960674157303371,0.8837719298245614,0.2747524752475248,0.4605809128630705,0.40232558139534885,0.1162280701754386,0.7252475247524752,403,53,111,293,32,32,32,32
0.45822,0.49294,False,1424,456,447,521,0.6860955056179775,0.31390449438202245,0.8837719298245614,0.2476007677543186,0.5352697095435685,0.4554759467758444,0.1162280701754386,0.7523992322456814,403,53,129,392,32,32,32,32
0.45822,0.49294,True,1424,456,576,392,0.5955056179775281,0.4044943820224719,0.8837719298245614,0.27040816326530615,0.43983402489626555,0.39976415094339623,0.1162280701754386,0.7295918367346939,403,53,106,286,32,32,32,32
0.45822,0.49536,False,1424,456,464,504,0.6741573033707865,0.3258426966292135,0.8837719298245614,0.25396825396825395,0.5311203319502075,0.446875,0.1162280701754386,0.746031746031746,403,53,128,376,32,32,32,32
0.45822,0.49536,True,1424,456,589,379,0.586376404494382,0.413623595505618,0.8837719298245614,0.2770448548812665,0.43568464730290457,0.3916167664670659,0.1162280701754386,0.7229551451187335,403,53,105,274,32,32,32,32
0.45822,0.49788,False,1424,456,486,482,0.6587078651685393,0.34129213483146065,0.8837719298245614,0.2551867219917012,0.5103734439834025,0.43923240938166314,0.1162280701754386,0.7448132780082988,403,53,123,359,32,32,32,32
0.45822,0.49788,True,1424,456,606,362,0.574438202247191,0.425561797752809,0.8837719298245614,0.281767955801105,0.42323651452282157,0.38264058679706603,0.1162280701754386,0.7182320441988951,403,53,102,260,32,32,32,32
0.45822,0.49958,False,1424,456,505,463,0.6453651685393258,0.35463483146067415,0.8837719298245614,0.2570194384449244,0.49377593360995853,0.4319912948857454,0.1162280701754386,0.7429805615550756,403,53,119,344,32,32,32,32
0.45822,0.49958,True,1424,456,620,348,0.5646067415730337,0.4353932584269663,0.8837719298245614,0.28160919540229884,0.4066390041493776,0.376865671641791,0.1162280701754386,0.7183908045977011,403,53,98,250,32,32,32,32
0.45822,0.50318,False,1424,456,526,442,0.6306179775280899,0.3693820224719101,0.8837719298245614,0.26018099547511314,0.47717842323651455,0.42316258351893093,0.1162280701754386,0.7398190045248869,403,53,115,327,32,32,32,32
0.45822,0.50318,True,1424,456,635,333,0.5540730337078652,0.44592696629213485,0.8837719298245614,0.2822822822822823,0.3900414937759336,0.3700887198986058,0.1162280701754386,0.7177177177177178,403,53,94,239,32,32,32,32
0.45822,0.50533,False,1424,456,548,420,0.6151685393258427,0.3848314606741573,0.8837719298245614,0.2619047619047619,0.45643153526970953,0.4143835616438356,0.1162280701754386,0.7380952380952381,403,53,110,310,32,32,32,32
0.45822,0.50533,True,1424,456,651,317,0.5428370786516854,0.4571629213483146,0.8837719298245614,0.28391167192429023,0.37344398340248963,0.36222509702457956,0.1162280701754386,0.7160883280757098,403,53,90,227,32,32,32,32
0.45822,0.50776,False,1424,456,570,398,0.5997191011235955,0.4002808988764045,0.8837719298245614,0.2638190954773869,0.43568464730290457,0.405152224824356,0.1162280701754386,0.7361809045226131,403,53,105,293,32,32,32,32
0.45822,0.50776,True,1424,456,667,301,0.5316011235955056,0.4683988764044944,0.8837719298245614,0.2823920265780731,0.35269709543568467,0.35535006605019814,0.1162280701754386,0.717607973421927,403,53,85,216,32,32,32,32
0.45822,0.5105,False,1424,456,586,382,0.5884831460674157,0.41151685393258425,0.8837719298245614,0.27486910994764396,0.43568464730290457,0.3937947494033413,0.1162280701754386,0.725130890052356,403,53,105,277,32,32,32,32
0.45822,0.5105,True,1424,456,678,290,0.523876404494382,0.476123595505618,0.8837719298245614,0.29310344827586204,0.35269709543568467,0.34584450402144773,0.1162280701754386,0.7068965517241379,403,53,85,205,32,32,32,32
0.45822,0.51391,False,1424,456,606,362,0.574438202247191,0.425561797752809,0.8837719298245614,0.27624309392265195,0.4149377593360996,0.38508557457212717,0.1162280701754386,0.7237569060773481,403,53,100,262,32,32,32,32
0.45822,0.51391,True,1424,456,689,279,0.5161516853932584,0.48384831460674155,0.8837719298245614,0.2939068100358423,0.34024896265560167,0.3401360544217687,0.1162280701754386,0.7060931899641577,403,53,82,197,32,32,32,32
0.45822,0.51704,False,1424,456,625,343,0.5610955056179775,0.43890449438202245,0.8837719298245614,0.27696793002915454,0.3941908713692946,0.376720901126408,0.1162280701754386,0.7230320699708455,403,53,95,248,32,32,32,32
0.45822,0.51704,True,1424,456,705,263,0.5049157303370787,0.49508426966292135,0.8837719298245614,0.2965779467680608,0.3236514522821577,0.33101529902642557,0.1162280701754386,0.7034220532319392,403,53,78,185,32,32,32,32
0.45822,0.51897,False,1424,456,645,323,0.5470505617977528,0.4529494382022472,0.8837719298245614,0.28173374613003094,0.3775933609958506,0.36585365853658536,0.1162280701754386,0.718266253869969,403,53,91,232,32,32,32,32
0.45822,0.51897,True,1424,456,724,244,0.49157303370786515,0.5084269662921348,0.8837719298245614,0.30327868852459017,0.3070539419087137,0.31857142857142856,0.1162280701754386,0.6967213114754098,403,53,74,170,32,32,32,32
0.45822,0.52434,False,1424,456,666,302,0.5323033707865169,0.46769662921348315,0.8837719298245614,0.28807947019867547,0.36099585062240663,0.35356200527704484,0.1162280701754386,0.7119205298013245,403,53,87,215,32,32,32,32
0.45822,0.52434,True,1424,456,743,225,0.4782303370786517,0.5217696629213483,0.8837719298245614,0.3111111111111111,0.29045643153526973,0.3054331864904552,0.1162280701754386,0.6888888888888889,403,53,70,155,32,32,32,32
0.45822,0.52767,False,1424,456,682,286,0.5210674157303371,0.4789325842696629,0.8837719298245614,0.2972027972027972,0.35269709543568467,0.3423180592991914,0.1162280701754386,0.7027972027972028,403,53,85,201,32,32,32,32
0.45822,0.52767,True,1424,456,756,212,0.4691011235955056,0.5308988764044944,0.8837719298245614,0.32075471698113206,0.2821576763485477,0.2949101796407186,0.1162280701754386,0.6792452830188679,403,53,68,144,32,31,32,32
0.45822,0.53286,False,1424,456,704,264,0.5056179775280899,0.4943820224719101,0.8837719298245614,0.3068181818181818,0.3360995850622407,0.3277777777777778,0.1162280701754386,0.6931818181818182,403,53,81,183,32,32,32,32
0.45822,0.53286,True,1424,456,774,194,0.45646067415730335,0.5435393258426966,0.8837719298245614,0.32989690721649484,0.26556016597510373,0.2815384615384615,0.1162280701754386,0.6701030927835051,403,53,64,130,32,30,32,32
0.45822,0.53953,False,1424,456,726,242,0.4901685393258427,0.5098314606741573,0.8837719298245614,0.30991735537190085,0.3112033195020747,0.3151862464183381,0.1162280701754386,0.6900826446280992,403,53,75,167,32,32,32,32
0.45822,0.53953,True,1424,456,791,177,0.44452247191011235,0.5554775280898876,0.8837719298245614,0.3389830508474576,0.24896265560165975,0.2685624012638231,0.1162280701754386,0.6610169491525424,403,53,60,117,32,30,32,32
0.45822,0.54572,False,1424,456,747,221,0.47542134831460675,0.5245786516853933,0.8837719298245614,0.3212669683257919,0.2946058091286307,0.2998522895125554,0.1162280701754386,0.6787330316742082,403,53,71,150,32,31,32,32
0.45822,0.54572,True,1424,456,805,163,0.43469101123595505,0.5653089887640449,0.8837719298245614,0.3558282208588957,0.24066390041493776,0.2552504038772213,0.1162280701754386,0.6441717791411042,403,53,58,105,32,30,32,32
0.45822,0.54999,False,1424,456,765,203,0.4627808988764045,0.5372191011235955,0.8837719298245614,0.3399014778325123,0.2863070539419087,0.283763277693475,0.1162280701754386,0.6600985221674877,403,53,69,134,32,31,31,32
0.45822,0.54999,True,1424,456,821,147,0.4234550561797753,0.5765449438202247,0.8837719298245614,0.38095238095238093,0.23236514522821577,0.23880597014925373,0.1162280701754386,0.6190476190476191,403,53,56,91,32,30,30,32
0.45822,0.55464,False,1424,456,787,181,0.4473314606741573,0.5526685393258427,0.8837719298245614,0.3370165745856354,0.25311203319502074,0.271585557299843,0.1162280701754386,0.6629834254143646,403,53,61,120,32,30,30,32
0.45822,0.55464,True,1424,456,837,131,0.4122191011235955,0.5877808988764045,0.8837719298245614,0.3893129770992366,0.21161825726141079,0.22657580919931858,0.1162280701754386,0.6106870229007634,403,53,51,80,32,30,29,32
0.45822,0.56209,False,1424,456,808,160,0.43258426966292135,0.5674157303370787,0.8837719298245614,0.35,0.23236514522821577,0.25487012987012986,0.1162280701754386,0.65,403,53,56,104,32,30,29,32
0.45822,0.56209,True,1424,456,851,117,0.4023876404494382,0.5976123595505618,0.8837719298245614,0.41025641025641024,0.1991701244813278,0.21291448516579406,0.1162280701754386,0.5897435897435898,403,53,48,69,32,30,28,32
0.45822,0.57246,False,1424,456,830,138,0.41713483146067415,0.5828651685393258,0.8837719298245614,0.35507246376811596,0.2033195020746888,0.23905723905723905,0.1162280701754386,0.644927536231884,403,53,49,89,32,30,29,32
0.45822,0.57246,True,1424,456,864,104,0.39325842696629215,0.6067415730337079,0.8837719298245614,0.40384615384615385,0.17427385892116182,0.20535714285714285,0.1162280701754386,0.5961538461538461,403,53,42,62,32,30,28,32
0.45822,0.58583,False,1424,456,852,116,0.40168539325842695,0.598314606741573,0.8837719298245614,0.3879310344827586,0.18672199170124482,0.21678321678321677,0.1162280701754386,0.6120689655172413,403,53,45,71,32,29,26,32
0.45822,0.58583,True,1424,456,880,88,0.38202247191011235,0.6179775280898876,0.8837719298245614,0.4318181818181818,0.15767634854771784,0.18933823529411764,0.1162280701754386,0.5681818181818182,403,53,38,50,32,29,26,32
0.45822,0.59836,False,1424,456,874,94,0.3862359550561798,0.6137640449438202,0.8837719298245614,0.40425531914893614,0.15767634854771784,0.19818181818181818,0.1162280701754386,0.5957446808510638,403,53,38,56,32,29,24,32
0.45822,0.59836,True,1424,456,895,73,0.3714887640449438,0.6285112359550562,0.8837719298245614,0.4383561643835616,0.13278008298755187,0.1776937618147448,0.1162280701754386,0.5616438356164384,403,53,32,41,32,28,24,32
0.45822,0.61936,False,1424,456,895,73,0.3714887640449438,0.6285112359550562,0.8837719298245614,0.4246575342465753,0.12863070539419086,0.17958412098298676,0.1162280701754386,0.5753424657534246,403,53,31,42,32,28,23,32
0.45822,0.61936,True,1424,456,913,55,0.35884831460674155,0.6411516853932584,0.8837719298245614,0.45454545454545453,0.1037344398340249,0.162426614481409,0.1162280701754386,0.5454545454545454,403,53,25,30,32,28,23,32
0.45822,0.67291,False,1424,456,917,51,0.35603932584269665,0.6439606741573034,0.8837719298245614,0.47058823529411764,0.0995850622406639,0.15779092702169625,0.1162280701754386,0.5294117647058824,403,53,24,27,32,28,19,32
0.45822,0.67291,True,1424,456,927,41,0.34901685393258425,0.6509831460674157,0.8837719298245614,0.5121951219512195,0.08713692946058091,0.14688128772635814,0.1162280701754386,0.4878048780487805,403,53,21,20,32,28,19,32
0.45822,0.78196,False,1424,456,939,29,0.34058988764044945,0.6594101123595506,0.8837719298245614,0.41379310344827586,0.04979253112033195,0.14432989690721648,0.1162280701754386,0.5862068965517241,403,53,12,17,32,28,14,32
0.45822,0.78196,True,1424,456,942,26,0.33848314606741575,0.6615168539325843,0.8837719298245614,0.4230769230769231,0.04564315352697095,0.14107883817427386,0.1162280701754386,0.5769230769230769,403,53,11,15,32,28,13,32
0.45822,0.96896,False,1424,456,960,8,0.3258426966292135,0.6741573033707865,0.8837719298245614,0.75,0.024896265560165973,0.11853448275862069,0.1162280701754386,0.25,403,53,6,2,32,26,4,32
0.45822,0.96896,True,1424,456,961,7,0.32514044943820225,0.6748595505617978,0.8837719298245614,0.7142857142857143,0.02074688796680498,0.11879049676025918,0.1162280701754386,0.2857142857142857,403,53,5,2,32,26,4,32
0.46119,0.47017,False,1424,484,149,791,0.8953651685393258,0.10463483146067416,0.8863636363636364,0.21491782553729458,0.7053941908713693,0.5301960784313725,0.11363636363636363,0.7850821744627055,429,55,170,621,32,32,32,32
0.46119,0.47017,True,1424,484,332,608,0.7668539325842697,0.23314606741573032,0.8863636363636364,0.22039473684210525,0.5560165975103735,0.48443223443223443,0.11363636363636363,0.7796052631578947,429,55,134,474,32,32,32,32
0.46119,0.47143,False,1424,484,166,774,0.8834269662921348,0.11657303370786516,0.8863636363636364,0.21705426356589147,0.6970954356846473,0.5254372019077902,0.11363636363636363,0.7829457364341085,429,55,168,606,32,32,32,32
0.46119,0.47143,True,1424,484,348,592,0.7556179775280899,0.2443820224719101,0.8863636363636364,0.22297297297297297,0.5477178423236515,0.47862453531598514,0.11363636363636363,0.777027027027027,429,55,132,460,32,32,32,32
0.46119,0.4729,False,1424,484,188,752,0.8679775280898876,0.13202247191011235,0.8863636363636364,0.21941489361702127,0.6846473029045643,0.5194174757281553,0.11363636363636363,0.7805851063829787,429,55,165,587,32,32,32,32
0.46119,0.4729,True,1424,484,368,572,0.7415730337078652,0.25842696629213485,0.8863636363636364,0.22552447552447552,0.5352697095435685,0.4715909090909091,0.11363636363636363,0.7744755244755245,429,55,129,443,32,32,32,32
0.46119,0.4749,False,1424,484,210,730,0.8525280898876404,0.14747191011235955,0.8863636363636364,0.2232876712328767,0.6763485477178424,0.5123558484349259,0.11363636363636363,0.7767123287671233,429,55,163,567,32,32,32,32
0.46119,0.4749,True,1424,484,388,552,0.7275280898876404,0.27247191011235955,0.8863636363636364,0.23007246376811594,0.5269709543568465,0.46332046332046334,0.11363636363636363,0.769927536231884,429,55,127,425,32,32,32,32
0.46119,0.47582,False,1424,484,223,717,0.8433988764044944,0.15660112359550563,0.8863636363636364,0.22454672245467225,0.6680497925311203,0.5087427144046628,0.11363636363636363,0.7754532775453278,429,55,161,556,32,32,32,32
0.46119,0.47582,True,1424,484,399,541,0.7198033707865169,0.28019662921348315,0.8863636363636364,0.23105360443622922,0.5186721991701245,0.45951219512195124,0.11363636363636363,0.7689463955637708,429,55,125,416,32,32,32,32
0.46119,0.47709,False,1424,484,243,697,0.8293539325842697,0.17064606741573032,0.8863636363636364,0.2266857962697274,0.6556016597510373,0.5029635901778154,0.11363636363636363,0.7733142037302726,429,55,158,539,32,32,32,32
0.46119,0.47709,True,1424,484,416,524,0.7078651685393258,0.29213483146067415,0.8863636363636364,0.23282442748091603,0.5062240663900415,0.45337301587301587,0.11363636363636363,0.767175572519084,429,55,122,402,32,32,32,32
0.46119,0.47817,False,1424,484,259,681,0.8181179775280899,0.1818820224719101,0.8863636363636364,0.22466960352422907,0.6348547717842323,0.5004291845493563,0.11363636363636363,0.775330396475771,429,55,153,528,32,32,32,32
0.46119,0.47817,True,1424,484,428,512,0.699438202247191,0.300561797752809,0.8863636363636364,0.232421875,0.49377593360995853,0.4497991967871486,0.11363636363636363,0.767578125,429,55,119,393,32,32,32,32
0.46119,0.47945,False,1424,484,279,661,0.8040730337078652,0.19592696629213482,0.8863636363636364,0.22692889561270801,0.6224066390041494,0.4943231441048035,0.11363636363636363,0.773071104387292,429,55,150,511,32,32,32,32
0.46119,0.47945,True,1424,484,444,496,0.6882022471910112,0.31179775280898875,0.8863636363636364,0.23588709677419356,0.4854771784232365,0.44285714285714284,0.11363636363636363,0.7641129032258065,429,55,117,379,32,32,32,32
0.46119,0.48134,False,1424,484,300,640,0.7893258426966292,0.21067415730337077,0.8863636363636364,0.2328125,0.6182572614107884,0.48576512455516013,0.11363636363636363,0.7671875,429,55,149,491,32,32,32,32
0.46119,0.48134,True,1424,484,462,478,0.675561797752809,0.324438202247191,0.8863636363636364,0.24476987447698745,0.4854771784232365,0.43243243243243246,0.11363636363636363,0.7552301255230126,429,55,117,361,32,32,32,32
0.46119,0.48236,False,1424,484,320,620,0.7752808988764045,0.2247191011235955,0.8863636363636364,0.23870967741935484,0.6141078838174274,0.4773550724637681,0.11363636363636363,0.7612903225806451,429,55,148,472,32,32,32,32
0.46119,0.48236,True,1424,484,477,463,0.6650280898876404,0.33497191011235955,0.8863636363636364,0.2526997840172786,0.4854771784232365,0.42344244984160506,0.11363636363636363,0.7473002159827213,429,55,117,346,32,32,32,32
0.46119,0.48406,False,1424,484,341,599,0.7605337078651685,0.23946629213483145,0.8863636363636364,0.2387312186978297,0.5933609958506224,0.47183748845798706,0.11363636363636363,0.7612687813021702,429,55,143,456,32,32,32,32
0.46119,0.48406,True,1424,484,491,449,0.6551966292134831,0.34480337078651685,0.8863636363636364,0.25389755011135856,0.4730290456431535,0.4180064308681672,0.11363636363636363,0.7461024498886414,429,55,114,335,32,32,32,32
0.46119,0.48558,False,1424,484,363,577,0.7450842696629213,0.25491573033707865,0.8863636363636364,0.24436741767764297,0.5850622406639004,0.46277097078228085,0.11363636363636363,0.755632582322357,429,55,141,436,32,32,32,32
0.46119,0.48558,True,1424,484,508,432,0.6432584269662921,0.35674157303370785,0.8863636363636364,0.2638888888888889,0.4730290456431535,0.40720524017467247,0.11363636363636363,0.7361111111111112,429,55,114,318,32,32,32,32
0.46119,0.48786,False,1424,484,384,556,0.7303370786516854,0.2696629213483146,0.8863636363636364,0.2517985611510791,0.5809128630705395,0.4528846153846154,0.11363636363636363,0.7482014388489209,429,55,140,416,32,32,32,32
0.46119,0.48786,True,1424,484,523,417,0.6327247191011236,0.3672752808988764,0.8863636363636364,0.2733812949640288,0.4730290456431535,0.3973362930077691,0.11363636363636363,0.7266187050359713,429,55,114,303,32,32,32,32
0.46119,0.48938,False,1424,484,397,543,0.7212078651685393,0.27879213483146065,0.8863636363636364,0.2523020257826888,0.5684647302904564,0.4488802336903603,0.11363636363636363,0.7476979742173112,429,55,137,406,32,32,32,32
0.46119,0.48938,True,1424,484,536,404,0.6235955056179775,0.37640449438202245,0.8863636363636364,0.2747524752475248,0.4605809128630705,0.3918918918918919,0.11363636363636363,0.7252475247524752,429,55,111,293,32,32,32,32
0.46119,0.49294,False,1424,484,419,521,0.7057584269662921,0.29424157303370785,0.8863636363636364,0.2476007677543186,0.5352697095435685,0.44477611940298506,0.11363636363636363,0.7523992322456814,429,55,129,392,32,32,32,32
0.46119,0.49294,True,1424,484,548,392,0.6151685393258427,0.3848314606741573,0.8863636363636364,0.27040816326530615,0.43983402489626555,0.3892694063926941,0.11363636363636363,0.7295918367346939,429,55,106,286,32,32,32,32
0.46119,0.49536,False,1424,484,436,504,0.6938202247191011,0.3061797752808989,0.8863636363636364,0.25396825396825395,0.5311203319502075,0.43623481781376516,0.11363636363636363,0.746031746031746,429,55,128,376,32,32,32,32
0.46119,0.49536,True,1424,484,561,379,0.6060393258426966,0.39396067415730335,0.8863636363636364,0.2770448548812665,0.43568464730290457,0.38122827346465815,0.11363636363636363,0.7229551451187335,429,55,105,274,32,32,32,32
0.46119,0.49788,False,1424,484,458,482,0.6783707865168539,0.32162921348314605,0.8863636363636364,0.2551867219917012,0.5103734439834025,0.42857142857142855,0.11363636363636363,0.7448132780082988,429,55,123,359,32,32,32,32
0.46119,0.49788,True,1424,484,578,362,0.5941011235955056,0.4058988764044944,0.8863636363636364,0.281767955801105,0.42323651452282157,0.3723404255319149,0.11363636363636363,0.7182320441988951,429,55,102,260,32,32,32,32
0.46119,0.49958,False,1424,484,477,463,0.6650280898876404,0.33497191011235955,0.8863636363636364,0.2570194384449244,0.49377593360995853,0.42133051742344246,0.11363636363636363,0.7429805615550756,429,55,119,344,32,32,32,32
0.46119,0.49958,True,1424,484,592,348,0.5842696629213483,0.4157303370786517,0.8863636363636364,0.28160919540229884,0.4066390041493776,0.36658653846153844,0.11363636363636363,0.7183908045977011,429,55,98,250,32,32,32,32
0.46119,0.50318,False,1424,484,498,442,0.6502808988764045,0.3497191011235955,0.8863636363636364,0.26018099547511314,0.47717842323651455,0.41252699784017277,0.11363636363636363,0.7398190045248869,429,55,115,327,32,32,32,32
0.46119,0.50318,True,1424,484,607,333,0.5737359550561798,0.4262640449438202,0.8863636363636364,0.2822822822822823,0.3900414937759336,0.3598531211750306,0.11363636363636363,0.7177177177177178,429,55,94,239,32,32,32,32
0.46119,0.50533,False,1424,484,520,420,0.6348314606741573,0.3651685393258427,0.8863636363636364,0.2619047619047619,0.45643153526970953,0.40376106194690264,0.11363636363636363,0.7380952380952381,429,55,110,310,32,32,32,32
0.46119,0.50533,True,1424,484,623,317,0.5625,0.4375,0.8863636363636364,0.28391167192429023,0.37344398340248963,0.352059925093633,0.11363636363636363,0.7160883280757098,429,55,90,227,32,32,32,32
0.46119,0.50776,False,1424,484,542,398,0.6193820224719101,0.3806179775280899,0.8863636363636364,0.2638190954773869,0.43568464730290457,0.3945578231292517,0.11363636363636363,0.7361809045226131,429,55,105,293,32,32,32,32
0.46119,0.50776,True,1424,484,639,301,0.5512640449438202,0.4487359550561798,0.8863636363636364,0.2823920265780731,0.35269709543568467,0.3452229299363057,0.11363636363636363,0.717607973421927,429,55,85,216,32,32,32,32
0.46119,0.5105,False,1424,484,558,382,0.6081460674157303,0.39185393258426965,0.8863636363636364,0.27486910994764396,0.43568464730290457,0.3833718244803695,0.11363636363636363,0.725130890052356,429,55,105,277,32,32,32,32
0.46119,0.5105,True,1424,484,650,290,0.5435393258426966,0.45646067415730335,0.8863636363636364,0.29310344827586204,0.35269709543568467,0.3359173126614987,0.11363636363636363,0.7068965517241379,429,55,85,205,32,32,32,32
0.46119,0.51391,False,1424,484,578,362,0.5941011235955056,0.4058988764044944,0.8863636363636364,0.27624309392265195,0.4149377593360996,0.3747044917257683,0.11363636363636363,0.7237569060773481,429,55,100,262,32,32,32,32
0.46119,0.51391,True,1424,484,661,279,0.535814606741573,0.46418539325842695,0.8863636363636364,0.2939068100358423,0.34024896265560167,0.3302752293577982,0.11363636363636363,0.7060931899641577,429,55,82,197,32,32,32,32
0.46119,0.51704,False,1424,484,597,343,0.5807584269662921,0.41924157303370785,0.8863636363636364,0.27696793002915454,0.3941908713692946,0.36638452237001207,0.11363636363636363,0.7230320699708455,429,55,95,248,32,32,32,32
0.46119,0.51704,True,1424,484,677,263,0.5245786516853933,0.47542134831460675,0.8863636363636364,0.2965779467680608,0.3236514522821577,0.321285140562249,0.11363636363636363,0.7034220532319392,429,55,78,185,32,32,32,32
0.46119,0.51897,False,1424,484,617,323,0.5667134831460674,0.4332865168539326,0.8863636363636364,0.28173374613003094,0.3775933609958506,0.355638166047088,0.11363636363636363,0.718266253869969,429,55,91,232,32,32,32,32
0.46119,0.51897,True,1424,484,696,244,0.5112359550561798,0.4887640449438202,0.8863636363636364,0.30327868852459017,0.3070539419087137,0.3090659340659341,0.11363636363636363,0.6967213114754098,429,55,74,170,32,32,32,32
0.46119,0.52434,False,1424,484,638,302,0.5519662921348315,0.44803370786516855,0.8863636363636364,0.28807947019867547,0.36099585062240663,0.3435114503816794,0.11363636363636363,0.7119205298013245,429,55,87,215,32,32,32,32
0.46119,0.52434,True,1424,484,715,225,0.4978932584269663,0.5021067415730337,0.8863636363636364,0.3111111111111111,0.29045643153526973,0.29619181946403383,0.11363636363636363,0.6888888888888889,429,55,70,155,32,32,32,32
0.46119,0.52767,False,1424,484,654,286,0.5407303370786517,0.4592696629213483,0.8863636363636364,0.2972027972027972,0.35269709543568467,0.33246753246753247,0.11363636363636363,0.7027972027972028,429,55,85,201,32,32,32,32
0.46119,0.52767,True,1424,484,728,212,0.4887640449438202,0.5112359550561798,0.8863636363636364,0.32075471698113206,0.2821576763485477,0.2859195402298851,0.11363636363636363,0.6792452830188679,429,55,68,144,32,32,32,32
0.46119,0.53286,False,1424,484,676,264,0.5252808988764045,0.4747191011235955,0.8863636363636364,0.3068181818181818,0.3360995850622407,0.3181818181818182,0.11363636363636363,0.6931818181818182,429,55,81,183,32,32,32,32
0.46119,0.53286,True,1424,484,746,194,0.476123595505618,0.523876404494382,0.8863636363636364,0.32989690721649484,0.26556016597510373,0.2728613569321534,0.11363636363636363,0.6701030927835051,429,55,64,130,32,31,32,32
0.46119,0.53953,False,1424,484,698,242,0.5098314606741573,0.4901685393258427,0.8863636363636364,0.30991735537190085,0.3112033195020747,0.30578512396694213,0.11363636363636363,0.6900826446280992,429,55,75,167,32,32,32,32
0.46119,0.53953,True,1424,484,763,177,0.46418539325842695,0.535814606741573,0.8863636363636364,0.3389830508474576,0.24896265560165975,0.26021180030257185,0.11363636363636363,0.6610169491525424,429,55,60,117,32,31,32,32
0.46119,0.54572,False,1424,484,719,221,0.49508426966292135,0.5049157303370787,0.8863636363636364,0.3212669683257919,0.2946058091286307,0.2907801418439716,0.11363636363636363,0.6787330316742082,429,55,71,150,32,31,32,32
0.46119,0.54572,True,1424,484,777,163,0.45435393258426965,0.5456460674157303,0.8863636363636364,0.3558282208588957,0.24066390041493776,0.2472952086553323,0.11363636363636363,0.6441717791411042,429,55,58,105,32,31,32,32
0.46119,0.54999,False,1424,484,737,203,0.4824438202247191,0.5175561797752809,0.8863636363636364,0.3399014778325123,0.2863070539419087,0.27510917030567683,0.11363636363636363,0.6600985221674877,429,55,69,134,32,31,31,32
0.46119,0.54999,True,1424,484,793,147,0.4431179775280899,0.5568820224719101,0.8863636363636364,0.38095238095238093,0.23236514522821577,0.23137876386687797,0.11363636363636363,0.6190476190476191,429,55,56,91,32,30,30,32
0.46119,0.55464,False,1424,484,759,181,0.4669943820224719,0.5330056179775281,0.8863636363636364,0.3370165745856354,0.25311203319502074,0.2631578947368421,0.11363636363636363,0.6629834254143646,429,55,61,120,32,31,30,32
0.46119,0.55464,True,1424,484,809,131,0.4318820224719101,0.5681179775280899,0.8863636363636364,0.3893129770992366,0.21161825726141079,0.21951219512195122,0.11363636363636363,0.6106870229007634,429,55,51,80,32,30,29,32
0.46119,0.56209,False,1424,484,780,160,0.45224719101123595,0.547752808988764,0.8863636363636364,0.35,0.23236514522821577,0.2468944099378882,0.11363636363636363,0.65,429,55,56,104,32,31,29,32
0.46119,0.56209,True,1424,484,823,117,0.4220505617977528,0.5779494382022472,0.8863636363636364,0.41025641025641024,0.1991701244813278,0.20632279534109818,0.11363636363636363,0.5897435897435898,429,55,48,69,32,30,28,32
0.46119,0.57246,False,1424,484,802,138,0.43679775280898875,0.5632022471910112,0.8863636363636364,0.35507246376811596,0.2033195020746888,0.2315112540192926,0.11363636363636363,0.644927536231884,429,55,49,89,32,31,29,32
0.46119,0.57246,True,1424,484,836,104,0.41292134831460675,0.5870786516853933,0.8863636363636364,0.40384615384615385,0.17427385892116182,0.1989795918367347,0.11363636363636363,0.5961538461538461,429,55,42,62,32,30,28,32
0.46119,0.58583,False,1424,484,824,116,0.42134831460674155,0.5786516853932584,0.8863636363636364,0.3879310344827586,0.18672199170124482,0.21,0.11363636363636363,0.6120689655172413,429,55,45,71,32,29,26,32
0.46119,0.58583,True,1424,484,852,88,0.40168539325842695,0.598314606741573,0.8863636363636364,0.4318181818181818,0.15767634854771784,0.18356643356643357,0.11363636363636363,0.5681818181818182,429,55,38,50,32,29,26,32
0.46119,0.59836,False,1424,484,846,94,0.4058988764044944,0.5941011235955056,0.8863636363636364,0.40425531914893614,0.15767634854771784,0.19204152249134948,0.11363636363636363,0.5957446808510638,429,55,38,56,32,29,24,32
0.46119,0.59836,True,1424,484,867,73,0.39115168539325845,0.6088483146067416,0.8863636363636364,0.4383561643835616,0.13278008298755187,0.17235188509874327,0.11363636363636363,0.5616438356164384,429,55,32,41,32,29,24,32
0.46119,0.61936,False,1424,484,867,73,0.39115168539325845,0.6088483146067416,0.8863636363636364,0.4246575342465753,0.12863070539419086,0.1741472172351885,0.11363636363636363,0.5753424657534246,429,55,31,42,32,29,23,32
0.46119,0.61936,True,1424,484,885,55,0.3785112359550562,0.6214887640449438,0.8863636363636364,0.45454545454545453,0.1037344398340249,0.15769944341372913,0.11363636363636363,0.5454545454545454,429,55,25,30,32,28,23,32
0.46119,0.67291,False,1424,484,889,51,0.37570224719101125,0.6242977528089888,0.8863636363636364,0.47058823529411764,0.0995850622406639,0.15327102803738318,0.11363636363636363,0.5294117647058824,429,55,24,27,32,28,19,32
0.46119,0.67291,True,1424,484,899,41,0.3686797752808989,0.6313202247191011,0.8863636363636364,0.5121951219512195,0.08713692946058091,0.14285714285714285,0.11363636363636363,0.4878048780487805,429,55,21,20,32,28,19,32
0.46119,0.78196,False,1424,484,911,29,0.36025280898876405,0.639747191011236,0.8863636363636364,0.41379310344827586,0.04979253112033195,0.14035087719298245,0.11363636363636363,0.5862068965517241,429,55,12,17,32,28,14,32
0.46119,0.78196,True,1424,484,914,26,0.35814606741573035,0.6418539325842697,0.8863636363636364,0.4230769230769231,0.04564315352697095,0.13725490196078433,0.11363636363636363,0.5769230769230769,429,55,11,15,32,28,13,32
0.46119,0.96896,False,1424,484,932,8,0.3455056179775281,0.6544943820224719,0.8863636363636364,0.75,0.024896265560165973,0.11585365853658537,0.11363636363636363,0.25,429,55,6,2,32,26,4,32
0.46119,0.96896,True,1424,484,933,7,0.34480337078651685,0.6551966292134831,0.8863636363636364,0.7142857142857143,0.02074688796680498,0.11608961303462322,0.11363636363636363,0.2857142857142857,429,55,5,2,32,26,4,32
0.46427,0.47017,False,1424,513,120,791,0.9157303370786517,0.08426966292134831,0.884990253411306,0.21491782553729458,0.7053941908713693,0.5214723926380368,0.11500974658869395,0.7850821744627055,454,59,170,621,32,32,32,32
0.46427,0.47017,True,1424,513,303,608,0.7872191011235955,0.2127808988764045,0.884990253411306,0.22039473684210525,0.5560165975103735,0.47546833184656556,0.11500974658869395,0.7796052631578947,454,59,134,474,32,32,32,32
0.46427,0.47143,False,1424,513,137,774,0.9037921348314607,0.09620786516853932,0.884990253411306,0.21705426356589147,0.6970954356846473,0.5167055167055167,0.11500974658869395,0.7829457364341085,454,59,168,606,32,32,32,32
0.46427,0.47143,True,1424,513,319,592,0.7759831460674157,0.22401685393258428,0.884990253411306,0.22297297297297297,0.5477178423236515,0.46968325791855203,0.11500974658869395,0.777027027027027,454,59,132,460,32,32,32,32
0.46427,0.4729,False,1424,513,159,752,0.8883426966292135,0.11165730337078651,0.884990253411306,0.21941489361702127,0.6846473029045643,0.5106719367588933,0.11500974658869395,0.7805851063829787,454,59,165,587,32,32,32,32
0.46427,0.4729,True,1424,513,339,572,0.761938202247191,0.238061797752809,0.884990253411306,0.22552447552447552,0.5352697095435685,0.4626728110599078,0.11500974658869395,0.7744755244755245,454,59,129,443,32,32,32,32
0.46427,0.4749,False,1424,513,181,730,0.8728932584269663,0.1271067415730337,0.884990253411306,0.2232876712328767,0.6763485477178424,0.503620273531778,0.11500974658869395,0.7767123287671233,454,59,163,567,32,32,32,32
0.46427,0.4749,True,1424,513,359,552,0.7478932584269663,0.2521067415730337,0.884990253411306,0.23007246376811594,0.5269709543568465,0.4544600938967136,0.11500974658869395,0.769927536231884,454,59,127,425,32,32,32,32
0.46427,0.47582,False,1424,513,194,717,0.8637640449438202,0.13623595505617977,0.884990253411306,0.22454672245467225,0.6680497925311203,0.5,0.11500974658869395,0.7754532775453278,454,59,161,556,32,32,32,32
0.46427,0.47582,True,1424,513,370,541,0.7401685393258427,0.2598314606741573,0.884990253411306,0.23105360443622922,0.5186721991701245,0.4506641366223909,0.11500974658869395,0.7689463955637708,454,59,125,416,32,32,32,32
0.46427,0.47709,False,1424,513,214,697,0.8497191011235955,0.1502808988764045,0.884990253411306,0.2266857962697274,0.6556016597510373,0.49421487603305786,0.11500974658869395,0.7733142037302726,454,59,158,539,32,32,32,32
0.46427,0.47709,True,1424,513,387,524,0.7282303370786517,0.2717696629213483,0.884990253411306,0.23282442748091603,0.5062240663900415,0.4445515911282546,0.11500974658869395,0.767175572519084,454,59,122,402,32,32,32,32
0.46427,0.47817,False,1424,513,230,681,0.8384831460674157,0.16151685393258428,0.884990253411306,0.22466960352422907,0.6348547717842323,0.4916247906197655,0.11500974658869395,0.775330396475771,454,59,153,528,32,32,32,32
0.46427,0.47817,True,1424,513,399,512,0.7198033707865169,0.28019662921348315,0.884990253411306,0.232421875,0.49377593360995853,0.44097560975609756,0.11500974658869395,0.767578125,454,59,119,393,32,32,32,32
0.46427,0.47945,False,1424,513,250,661,0.824438202247191,0.175561797752809,0.884990253411306,0.22692889561270801,0.6224066390041494,0.4855195911413969,0.11500974658869395,0.773071104387292,454,59,150,511,32,32,32,32
0.46427,0.47945,True,1424,513,415,496,0.7085674157303371,0.2914325842696629,0.884990253411306,0.23588709677419356,0.4854771784232365,0.43409316154608524,0.11500974658869395,0.7641129032258065,454,59,117,379,32,32,32,32
0.46427,0.48134,False,1424,513,271,640,0.8096910112359551,0.19030898876404495,0.884990253411306,0.2328125,0.6182572614107884,0.4770164787510841,0.11500974658869395,0.7671875,454,59,149,491,32,32,32,32
0.46427,0.48134,True,1424,513,433,478,0.6959269662921348,0.30407303370786515,0.884990253411306,0.24476987447698745,0.4854771784232365,0.4238143289606458,0.11500974658869395,0.7552301255230126,454,59,117,361,32,32,32,32
0.46427,0.48236,False,1424,513,291,620,0.7956460674157303,0.20435393258426968,0.884990253411306,0.23870967741935484,0.6141078838174274,0.46866725507502205,0.11500974658869395,0.7612903225806451,454,59,148,472,32,32,32,32
0.46427,0.48236,True,1424,513,448,463,0.6853932584269663,0.3146067415730337,0.884990253411306,0.2526997840172786,0.4854771784232365,0.4149590163934426,0.11500974658869395,0.7473002159827213,454,59,117,346,32,32,32,32
0.46427,0.48406,False,1424,513,312,599,0.7808988764044944,0.21910112359550563,0.884990253411306,0.2387312186978297,0.5933609958506224,0.4631294964028777,0.11500974658869395,0.7612687813021702,454,59,143,456,32,32,32,32
0.46427,0.48406,True,1424,513,462,449,0.675561797752809,0.324438202247191,0.884990253411306,0.25389755011135856,0.4730290456431535,0.4095634095634096,0.11500974658869395,0.7461024498886414,454,59,114,335,32,32,32,32
0.46427,0.48558,False,1424,513,334,577,0.7654494382022472,0.2345505617977528,0.884990253411306,0.24436741767764297,0.5850622406639004,0.4541284403669725,0.11500974658869395,0.755632582322357,454,59,141,436,32,32,32,32
0.46427,0.48558,True,1424,513,479,432,0.663623595505618,0.336376404494382,0.884990253411306,0.2638888888888889,0.4730290456431535,0.39894179894179893,0.11500974658869395,0.7361111111111112,454,59,114,318,32,32,32,32
0.46427,0.48786,False,1424,513,355,556,0.7507022471910112,0.24929775280898878,0.884990253411306,0.2517985611510791,0.5809128630705395,0.44434050514499535,0.11500974658869395,0.7482014388489209,454,59,140,416,32,32,32,32
0.46427,0.48786,True,1424,513,494,417,0.6530898876404494,0.34691011235955055,0.884990253411306,0.2733812949640288,0.4730290456431535,0.38924731182795697,0.11500974658869395,0.7266187050359713,454,59,114,303,32,32,32,32
0.46427,0.48938,False,1424,513,368,543,0.7415730337078652,0.25842696629213485,0.884990253411306,0.2523020257826888,0.5684647302904564,0.4403409090909091,0.11500974658869395,0.7476979742173112,454,59,137,406,32,32,32,32
0.46427,0.48938,True,1424,513,507,404,0.6439606741573034,0.35603932584269665,0.884990253411306,0.2747524752475248,0.4605809128630705,0.38386041439476554,0.11500974658869395,0.7252475247524752,454,59,111,293,32,32,32,32
0.46427,0.49294,False,1424,513,390,521,0.726123595505618,0.273876404494382,0.884990253411306,0.2476007677543186,0.5352697095435685,0.43617021276595747,0.11500974658869395,0.7523992322456814,454,59,129,392,32,32,32,32
0.46427,0.49294,True,1424,513,519,392,0.6355337078651685,0.36446629213483145,0.884990253411306,0.27040816326530615,0.43983402489626555,0.3812154696132597,0.11500974658869395,0.7295918367346939,454,59,106,286,32,32,32,32
0.46427,0.49536,False,1424,513,407,504,0.714185393258427,0.28581460674157305,0.884990253411306,0.25396825396825395,0.5311203319502075,0.4277286135693215,0.11500974658869395,0.746031746031746,454,59,128,376,32,32,32,32
0.46427,0.49536,True,1424,513,532,379,0.6264044943820225,0.37359550561797755,0.884990253411306,0.2770448548812665,0.43568464730290457,0.37331838565022424,0.11500974658869395,0.7229551451187335,454,59,105,274,32,32,32,32
0.46427,0.49788,False,1424,513,429,482,0.6987359550561798,0.3012640449438202,0.884990253411306,0.2551867219917012,0.5103734439834025,0.4201005025125628,0.11500974658869395,0.7448132780082988,454,59,123,359,32,32,32,32
0.46427,0.49788,True,1424,513,549,362,0.6144662921348315,0.38553370786516855,0.884990253411306,0.281767955801105,0.42323651452282157,0.36457142857142855,0.11500974658869395,0.7182320441988951,454,59,102,260,32,32,32,32
0.46427,0.49958,False,1424,513,448,463,0.6853932584269663,0.3146067415730337,0.884990253411306,0.2570194384449244,0.49377593360995853,0.41290983606557374,0.11500974658869395,0.7429805615550756,454,59,119,344,32,32,32,32
0.46427,0.49958,True,1424,513,563,348,0.6046348314606742,0.39536516853932585,0.884990253411306,0.28160919540229884,0.4066390041493776,0.3588850174216028,0.11500974658869395,0.7183908045977011,454,59,98,250,32,32,32,32
0.46427,0.50318,False,1424,513,469,442,0.6706460674157303,0.32935393258426965,0.884990253411306,0.26018099547511314,0.47717842323651455,0.4041884816753927,0.11500974658869395,0.7398190045248869,454,59,115,327,32,32,32,32
0.46427,0.50318,True,1424,513,578,333,0.5941011235955056,0.4058988764044944,0.884990253411306,0.2822822822822823,0.3900414937759336,0.35224586288416077,0.11500974658869395,0.7177177177177178,454,59,94,239,32,32,32,32
0.46427,0.50533,False,1424,513,491,420,0.6551966292134831,0.34480337078651685,0.884990253411306,0.2619047619047619,0.45643153526970953,0.3954983922829582,0.11500974658869395,0.7380952380952381,454,59,110,310,32,32,32,32
0.46427,0.50533,True,1424,513,594,317,0.5828651685393258,0.41713483146067415,0.884990253411306,0.28391167192429023,0.37344398340248963,0.344578313253012,0.11500974658869395,0.7160883280757098,454,59,90,227,32,32,32,32
0.46427,0.50776,False,1424,513,513,398,0.639747191011236,0.36025280898876405,0.884990253411306,0.2638190954773869,0.43568464730290457,0.38638858397365533,0.11500974658869395,0.7361809045226131,454,59,105,293,32,32,32,32
0.46427,0.50776,True,1424,513,610,301,0.5716292134831461,0.42837078651685395,0.884990253411306,0.2823920265780731,0.35269709543568467,0.33783783783783783,0.11500974658869395,0.717607973421927,454,59,85,216,32,32,32,32
0.46427,0.5105,False,1424,513,529,382,0.6285112359550562,0.3714887640449438,0.884990253411306,0.27486910994764396,0.43568464730290457,0.3754189944134078,0.11500974658869395,0.725130890052356,454,59,105,277,32,32,32,32
0.46427,0.5105,True,1424,513,621,290,0.5639044943820225,0.43609550561797755,0.884990253411306,0.29310344827586204,0.35269709543568467,0.3287671232876712,0.11500974658869395,0.7068965517241379,454,59,85,205,32,32,32,32
0.46427,0.51391,False,1424,513,549,362,0.6144662921348315,0.38553370786516855,0.884990253411306,0.27624309392265195,0.4149377593360996,0.3668571428571429,0.11500974658869395,0.7237569060773481,454,59,100,262,32,32,32,32
0.46427,0.51391,True,1424,513,632,279,0.5561797752808989,0.4438202247191011,0.884990253411306,0.2939068100358423,0.34024896265560167,0.32323232323232326,0.11500974658869395,0.7060931899641577,454,59,82,197,32,32,32,32
0.46427,0.51704,False,1424,513,568,343,0.601123595505618,0.398876404494382,0.884990253411306,0.27696793002915454,0.3941908713692946,0.35864485981308414,0.11500974658869395,0.7230320699708455,454,59,95,248,32,32,32,32
0.46427,0.51704,True,1424,513,648,263,0.5449438202247191,0.4550561797752809,0.884990253411306,0.2965779467680608,0.3236514522821577,0.31443298969072164,0.11500974658869395,0.7034220532319392,454,59,78,185,32,32,32,32
0.46427,0.51897,False,1424,513,588,323,0.5870786516853933,0.41292134831460675,0.884990253411306,0.28173374613003094,0.3775933609958506,0.3480861244019139,0.11500974658869395,0.718266253869969,454,59,91,232,32,32,32,32
0.46427,0.51897,True,1424,513,667,244,0.5316011235955056,0.4683988764044944,0.884990253411306,0.30327868852459017,0.3070539419087137,0.30250990752972257,0.11500974658869395,0.6967213114754098,454,59,74,170,32,32,32,32
0.46427,0.52434,False,1424,513,609,302,0.5723314606741573,0.4276685393258427,0.884990253411306,0.28807947019867547,0.36099585062240663,0.3361963190184049,0.11500974658869395,0.7119205298013245,454,59,87,215,32,32,32,32
0.46427,0.52434,True,1424,513,686,225,0.5182584269662921,0.48174157303370785,0.884990253411306,0.3111111111111111,0.29045643153526973,0.2899728997289973,0.11500974658869395,0.6888888888888889,454,59,70,155,32,32,32,32
0.46427,0.52767,False,1424,513,625,286,0.5610955056179775,0.43890449438202245,0.884990253411306,0.2972027972027972,0.35269709543568467,0.32540675844806005,0.11500974658869395,0.7027972027972028,454,59,85,201,32,32,32,32
0.46427,0.52767,True,1424,513,699,212,0.5091292134831461,0.49087078651685395,0.884990253411306,0.32075471698113206,0.2821576763485477,0.28,0.11500974658869395,0.6792452830188679,454,59,68,144,32,32,32,32
0.46427,0.53286,False,1424,513,647,264,0.5456460674157303,0.45435393258426965,0.884990253411306,0.3068181818181818,0.3360995850622407,0.31145431145431146,0.11500974658869395,0.6931818181818182,454,59,81,183,32,32,32,32
0.46427,0.53286,True,1424,513,717,194,0.4964887640449438,0.5035112359550562,0.884990253411306,0.32989690721649484,0.26556016597510373,0.26732673267326734,0.11500974658869395,0.6701030927835051,454,59,64,130,32,31,32,32
0.46427,0.53953,False,1424,513,669,242,0.5301966292134831,0.46980337078651685,0.884990253411306,0.30991735537190085,0.3112033195020747,0.2993377483443709,0.11500974658869395,0.6900826446280992,454,59,75,167,32,32,32,32
0.46427,0.53953,True,1424,513,734,177,0.4845505617977528,0.5154494382022472,0.884990253411306,0.3389830508474576,0.24896265560165975,0.25507246376811593,0.11500974658869395,0.6610169491525424,454,59,60,117,32,31,32,32
0.46427,0.54572,False,1424,513,690,221,0.5154494382022472,0.4845505617977528,0.884990253411306,0.3212669683257919,0.2946058091286307,0.2847411444141689,0.11500974658869395,0.6787330316742082,454,59,71,150,32,31,32,32
0.46427,0.54572,True,1424,513,748,163,0.4747191011235955,0.5252808988764045,0.884990253411306,0.3558282208588957,0.24066390041493776,0.24260355029585798,0.11500974658869395,0.6441717791411042,454,59,58,105,32,31,32,32
0.46427,0.54999,False,1424,513,708,203,0.5028089887640449,0.49719101123595505,0.884990253411306,0.3399014778325123,0.2863070539419087,0.26955307262569833,0.11500974658869395,0.6600985221674877,454,59,69,134,32,31,31,32
0.46427,0.54999,True,1424,513,764,147,0.46348314606741575,0.5365168539325843,0.884990253411306,0.38095238095238093,0.23236514522821577,0.22727272727272727,0.11500974658869395,0.6190476190476191,454,59,56,91,32,30,30,32
0.46427,0.55464,False,1424,513,730,181,0.48735955056179775,0.5126404494382022,0.884990253411306,0.3370165745856354,0.25311203319502074,0.2579250720461095,0.11500974658869395,0.6629834254143646,454,59,61,120,32,31,30,32
0.46427,0.55464,True,1424,513,780,131,0.45224719101123595,0.547752808988764,0.884990253411306,0.3893129770992366,0.21161825726141079,0.21583850931677018,0.11500974658869395,0.6106870229007634,454,59,51,80,32,30,29,32
0.46427,0.56209,False,1424,513,751,160,0.4726123595505618,0.5273876404494382,0.884990253411306,0.35,0.23236514522821577,0.24219910846953938,0.11500974658869395,0.65,454,59,56,104,32,31,29,32
0.46427,0.56209,True,1424,513,794,117,0.44241573033707865,0.5575842696629213,0.884990253411306,0.41025641025641024,0.1991701244813278,0.20317460317460317,0.11500974658869395,0.5897435897435898,454,59,48,69,32,30,28,32
0.46427,0.57246,False,1424,513,773,138,0.4571629213483146,0.5428370786516854,0.884990253411306,0.35507246376811596,0.2033195020746888,0.22734254992319508,0.11500974658869395,0.644927536231884,454,59,49,89,32,31,29,32
0.46427,0.57246,True,1424,513,807,104,0.4332865168539326,0.5667134831460674,0.884990253411306,0.40384615384615385,0.17427385892116182,0.19611021069692058,0.11500974658869395,0.5961538461538461,454,59,42,62,32,30,28,32
0.46427,0.58583,False,1424,513,795,116,0.4417134831460674,0.5582865168539326,0.884990253411306,0.3879310344827586,0.18672199170124482,0.2066772655007949,0.11500974658869395,0.6120689655172413,454,59,45,71,32,29,26,32
0.46427,0.58583,True,1424,513,823,88,0.4220505617977528,0.5779494382022472,0.884990253411306,0.4318181818181818,0.15767634854771784,0.18136439267886856,0.11500974658869395,0.5681818181818182,454,59,38,50,32,29,26,32
0.46427,0.59836,False,1424,513,817,94,0.4262640449438202,0.5737359550561798,0.884990253411306,0.40425531914893614,0.15767634854771784,0.18945634266886327,0.11500974658869395,0.5957446808510638,454,59,38,56,32,29,24,32
0.46427,0.59836,True,1424,513,838,73,0.41151685393258425,0.5884831460674157,0.884990253411306,0.4383561643835616,0.13278008298755187,0.17064846416382254,0.11500974658869395,0.5616438356164384,454,59,32,41,32,29,24,32
0.46427,0.61936,False,1424,513,838,73,0.41151685393258425,0.5884831460674157,0.884990253411306,0.4246575342465753,0.12863070539419086,0.17235494880546076,0.11500974658869395,0.5753424657534246,454,59,31,42,32,29,23,32
0.46427,0.61936,True,1424,513,856,55,0.398876404494382,0.601123595505618,0.884990253411306,0.45454545454545453,0.1037344398340249,0.15669014084507044,0.11500974658869395,0.5454545454545454,454,59,25,30,32,28,23,32
0.46427,0.67291,False,1424,513,860,51,0.3960674157303371,0.6039325842696629,0.884990253411306,0.47058823529411764,0.0995850622406639,0.1524822695035461,0.11500974658869395,0.5294117647058824,454,59,24,27,32,28,19,32
0.46427,0.67291,True,1424,513,870,41,0.3890449438202247,0.6109550561797753,0.884990253411306,0.5121951219512195,0.08713692946058091,0.14259927797833935,0.11500974658869395,0.4878048780487805,454,59,21,20,32,28,19,32
0.46427,0.78196,False,1424,513,882,29,0.3806179775280899,0.6193820224719101,0.884990253411306,0.41379310344827586,0.04979253112033195,0.14022140221402213,0.11500974658869395,0.5862068965517241,454,59,12,17,32,28,14,32
0.46427,0.78196,True,1424,513,885,26,0.3785112359550562,0.6214887640449438,0.884990253411306,0.4230769230769231,0.04564315352697095,0.137291280148423,0.11500974658869395,0.5769230769230769,454,59,11,15,32,28,13,32
0.46427,0.96896,False,1424,513,903,8,0.36587078651685395,0.6341292134831461,0.884990253411306,0.75,0.024896265560165973,0.11708253358925144,0.11500974658869395,0.25,454,59,6,2,32,26,4,32
0.46427,0.96896,True,1424,513,904,7,0.3651685393258427,0.6348314606741573,0.884990253411306,0.7142857142857143,0.02074688796680498,0.11730769230769231,0.11500974658869395,0.2857142857142857,454,59,5,2,32,26,4,32
0.46728,0.47017,False,1424,541,92,791,0.9353932584269663,0.06460674157303371,0.8872458410351202,0.21491782553729458,0.7053941908713693,0.512012012012012,0.11275415896487985,0.7850821744627055,480,61,170,621,32,32,32,32
0.46728,0.47017,True,1424,541,275,608,0.8068820224719101,0.1931179775280899,0.8872458410351202,0.22039473684210525,0.5560165975103735,0.4656222802436902,0.11275415896487985,0.7796052631578947,480,61,134,474,32,32,32,32
0.46728,0.47143,False,1424,541,109,774,0.9234550561797753,0.07654494382022473,0.8872458410351202,0.21705426356589147,0.6970954356846473,0.5072243346007604,0.11275415896487985,0.7829457364341085,480,61,168,606,32,32,32,32
0.46728,0.47143,True,1424,541,291,592,0.7956460674157303,0.20435393258426968,0.8872458410351202,0.22297297297297297,0.5477178423236515,0.45984112974404234,0.11275415896487985,0.777027027027027,480,61,132,460,32,32,32,32
0.46728,0.4729,False,1424,541,131,752,0.9080056179775281,0.09199438202247191,0.8872458410351202,0.21941489361702127,0.6846473029045643,0.5011600928074246,0.11275415896487985,0.7805851063829787,480,61,165,587,32,32,32,32
0.46728,0.4729,True,1424,541,311,572,0.7816011235955056,0.21839887640449437,0.8872458410351202,0.22552447552447552,0.5352697095435685,0.4528301886792453,0.11275415896487985,0.7744755244755245,480,61,129,443,32,32,32,32
0.46728,0.4749,False,1424,541,153,730,0.8925561797752809,0.1074438202247191,0.8872458410351202,0.2232876712328767,0.6763485477178424,0.4940991345397325,0.11275415896487985,0.7767123287671233,480,61,163,567,32,32,32,32
0.46728,0.4749,True,1424,541,331,552,0.7675561797752809,0.2324438202247191,0.8872458410351202,0.23007246376811594,0.5269709543568465,0.444647758462946,0.11275415896487985,0.769927536231884,480,61,127,425,32,32,32,32
0.46728,0.47582,False,1424,541,166,717,0.8834269662921348,0.11657303370786516,0.8872458410351202,0.22454672245467225,0.6680497925311203,0.4904610492845787,0.11275415896487985,0.7754532775453278,480,61,161,556,32,32,32,32
0.46728,0.47582,True,1424,541,342,541,0.7598314606741573,0.2401685393258427,0.8872458410351202,0.23105360443622922,0.5186721991701245,0.4408502772643253,0.11275415896487985,0.7689463955637708,480,61,125,416,32,32,32,32
0.46728,0.47709,False,1424,541,186,697,0.8693820224719101,0.1306179775280899,0.8872458410351202,0.2266857962697274,0.6556016597510373,0.48465266558966075,0.11275415896487985,0.7733142037302726,480,61,158,539,32,32,32,32
0.46728,0.47709,True,1424,541,359,524,0.7478932584269663,0.2521067415730337,0.8872458410351202,0.23282442748091603,0.5062240663900415,0.4347417840375587,0.11275415896487985,0.767175572519084,480,61,122,402,32,32,32,32
0.46728,0.47817,False,1424,541,202,681,0.8581460674157303,0.14185393258426968,0.8872458410351202,0.22466960352422907,0.6348547717842323,0.48199672667757776,0.11275415896487985,0.775330396475771,480,61,153,528,32,32,32,32
0.46728,0.47817,True,1424,541,371,512,0.7394662921348315,0.26053370786516855,0.8872458410351202,0.232421875,0.49377593360995853,0.4311490978157645,0.11275415896487985,0.767578125,480,61,119,393,32,32,32,32
0.46728,0.47945,False,1424,541,222,661,0.8441011235955056,0.15589887640449437,0.8872458410351202,0.22692889561270801,0.6224066390041494,0.47587354409317806,0.11275415896487985,0.773071104387292,480,61,150,511,32,32,32,32
0.46728,0.47945,True,1424,541,387,496,0.7282303370786517,0.2717696629213483,0.8872458410351202,0.23588709677419356,0.4854771784232365,0.42430086788813887,0.11275415896487985,0.7641129032258065,480,61,117,379,32,32,32,32
0.46728,0.48134,False,1424,541,243,640,0.8293539325842697,0.17064606741573032,0.8872458410351202,0.2328125,0.6182572614107884,0.4674005080440305,0.11275415896487985,0.7671875,480,61,149,491,32,32,32,32
0.46728,0.48134,True,1424,541,405,478,0.7155898876404494,0.28441011235955055,0.8872458410351202,0.24476987447698745,0.4854771784232365,0.4141315014720314,0.11275415896487985,0.7552301255230126,480,61,117,361,32,32,32,32
0.46728,0.48236,False,1424,541,263,620,0.8153089887640449,0.18469101123595505,0.8872458410351202,0.23870967741935484,0.6141078838174274,0.4590869939707149,0.11275415896487985,0.7612903225806451,480,61,148,472,32,32,32,32
0.46728,0.48236,True,1424,541,420,463,0.7050561797752809,0.2949438202247191,0.8872458410351202,0.2526997840172786,0.4854771784232365,0.40537848605577687,0.11275415896487985,0.7473002159827213,480,61,117,346,32,32,32,32
0.46728,0.48406,False,1424,541,284,599,0.800561797752809,0.199438202247191,0.8872458410351202,0.2387312186978297,0.5933609958506224,0.4535087719298246,0.11275415896487985,0.7612687813021702,480,61,143,456,32,32,32,32
0.46728,0.48406,True,1424,541,434,449,0.6952247191011236,0.3047752808988764,0.8872458410351202,0.25389755011135856,0.4730290456431535,0.4,0.11275415896487985,0.7461024498886414,480,61,114,335,32,32,32,32
0.46728,0.48558,False,1424,541,306,577,0.7851123595505618,0.2148876404494382,0.8872458410351202,0.24436741767764297,0.5850622406639004,0.4445438282647585,0.11275415896487985,0.755632582322357,480,61,141,436,32,32,32,32
0.46728,0.48558,True,1424,541,451,432,0.6832865168539326,0.3167134831460674,0.8872458410351202,0.2638888888888889,0.4730290456431535,0.3895169578622816,0.11275415896487985,0.7361111111111112,480,61,114,318,32,32,32,32
0.46728,0.48786,False,1424,541,327,556,0.7703651685393258,0.22963483146067415,0.8872458410351202,0.2517985611510791,0.5809128630705395,0.43482224247948953,0.11275415896487985,0.7482014388489209,480,61,140,416,32,32,32,32
0.46728,0.48786,True,1424,541,466,417,0.672752808988764,0.32724719101123595,0.8872458410351202,0.2733812949640288,0.4730290456431535,0.37995824634655534,0.11275415896487985,0.7266187050359713,480,61,114,303,32,32,32,32
0.46728,0.48938,False,1424,541,340,543,0.7612359550561798,0.23876404494382023,0.8872458410351202,0.2523020257826888,0.5684647302904564,0.4308118081180812,0.11275415896487985,0.7476979742173112,480,61,137,406,32,32,32,32
0.46728,0.48938,True,1424,541,479,404,0.663623595505618,0.336376404494382,0.8872458410351202,0.2747524752475248,0.4605809128630705,0.3746031746031746,0.11275415896487985,0.7252475247524752,480,61,111,293,32,32,32,32
0.46728,0.49294,False,1424,541,362,521,0.7457865168539326,0.2542134831460674,0.8872458410351202,0.2476007677543186,0.5352697095435685,0.4265536723163842,0.11275415896487985,0.7523992322456814,480,61,129,392,32,32,32,32
0.46728,0.49294,True,1424,541,491,392,0.6551966292134831,0.34480337078651685,0.8872458410351202,0.27040816326530615,0.43983402489626555,0.37191854233654875,0.11275415896487985,0.7295918367346939,480,61,106,286,32,32,32,32
0.46728,0.49536,False,1424,541,379,504,0.7338483146067416,0.26615168539325845,0.8872458410351202,0.25396825396825395,0.5311203319502075,0.41818181818181815,0.11275415896487985,0.746031746031746,480,61,128,376,32,32,32,32
0.46728,0.49536,True,1424,541,504,379,0.6460674157303371,0.3539325842696629,0.8872458410351202,0.2770448548812665,0.43568464730290457,0.3641304347826087,0.11275415896487985,0.7229551451187335,480,61,105,274,32,32,32,32
0.46728,0.49788,False,1424,541,401,482,0.7183988764044944,0.2816011235955056,0.8872458410351202,0.2551867219917012,0.5103734439834025,0.41055718475073316,0.11275415896487985,0.7448132780082988,480,61,123,359,32,32,32,32
0.46728,0.49788,True,1424,541,521,362,0.6341292134831461,0.36587078651685395,0.8872458410351202,0.281767955801105,0.42323651452282157,0.3554817275747508,0.11275415896487985,0.7182320441988951,480,61,102,260,32,32,32,32
0.46728,0.49958,False,1424,541,420,463,0.7050561797752809,0.2949438202247191,0.8872458410351202,0.2570194384449244,0.49377593360995853,0.4033864541832669,0.11275415896487985,0.7429805615550756,480,61,119,344,32,32,32,32
0.46728,0.49958,True,1424,541,535,348,0.6242977528089888,0.37570224719101125,0.8872458410351202,0.28160919540229884,0.4066390041493776,0.3498312710911136,0.11275415896487985,0.7183908045977011,480,61,98,250,32,32,32,32
0.46728,0.50318,False,1424,541,441,442,0.6903089887640449,0.30969101123595505,0.8872458410351202,0.26018099547511314,0.47717842323651455,0.3947100712105799,0.11275415896487985,0.7398190045248869,480,61,115,327,32,32,32,32
0.46728,0.50318,True,1424,541,550,333,0.6137640449438202,0.3862359550561798,0.8872458410351202,0.2822822822822823,0.3900414937759336,0.34324942791762014,0.11275415896487985,0.7177177177177178,480,61,94,239,32,32,32,32
0.46728,0.50533,False,1424,541,463,420,0.6748595505617978,0.32514044943820225,0.8872458410351202,0.2619047619047619,0.45643153526970953,0.38605619146722164,0.11275415896487985,0.7380952380952381,480,61,110,310,32,32,32,32
0.46728,0.50533,True,1424,541,566,317,0.6025280898876404,0.39747191011235955,0.8872458410351202,0.28391167192429023,0.37344398340248963,0.3356643356643357,0.11275415896487985,0.7160883280757098,480,61,90,227,32,32,32,32
0.46728,0.50776,False,1424,541,485,398,0.6594101123595506,0.34058988764044945,0.8872458410351202,0.2638190954773869,0.43568464730290457,0.3769968051118211,0.11275415896487985,0.7361809045226131,480,61,105,293,32,32,32,32
0.46728,0.50776,True,1424,541,582,301,0.5912921348314607,0.40870786516853935,0.8872458410351202,0.2823920265780731,0.35269709543568467,0.32897862232779096,0.11275415896487985,0.717607973421927,480,61,85,216,32,32,32,32
0.46728,0.5105,False,1424,541,501,382,0.6481741573033708,0.3518258426966292,0.8872458410351202,0.27486910994764396,0.43568464730290457,0.36619718309859156,0.11275415896487985,0.725130890052356,480,61,105,277,32,32,32,32
0.46728,0.5105,True,1424,541,593,290,0.5835674157303371,0.4164325842696629,0.8872458410351202,0.29310344827586204,0.35269709543568467,0.3200962695547533,0.11275415896487985,0.7068965517241379,480,61,85,205,32,32,32,32
0.46728,0.51391,False,1424,541,521,362,0.6341292134831461,0.36587078651685395,0.8872458410351202,0.27624309392265195,0.4149377593360996,0.3576965669988926,0.11275415896487985,0.7237569060773481,480,61,100,262,32,32,32,32
0.46728,0.51391,True,1424,541,604,279,0.5758426966292135,0.4241573033707865,0.8872458410351202,0.2939068100358423,0.34024896265560167,0.3146341463414634,0.11275415896487985,0.7060931899641577,480,61,82,197,32,32,32,32
0.46728,0.51704,False,1424,541,540,343,0.6207865168539326,0.3792134831460674,0.8872458410351202,0.27696793002915454,0.3941908713692946,0.3495475113122172,0.11275415896487985,0.7230320699708455,480,61,95,248,32,32,32,32
0.46728,0.51704,True,1424,541,620,263,0.5646067415730337,0.4353932584269663,0.8872458410351202,0.2965779467680608,0.3236514522821577,0.30597014925373134,0.11275415896487985,0.7034220532319392,480,61,78,185,32,32,32,32
0.46728,0.51897,False,1424,541,560,323,0.6067415730337079,0.39325842696629215,0.8872458410351202,0.28173374613003094,0.3775933609958506,0.33912037037037035,0.11275415896487985,0.718266253869969,480,61,91,232,32,32,32,32
0.46728,0.51897,True,1424,541,639,244,0.5512640449438202,0.4487359550561798,0.8872458410351202,0.30327868852459017,0.3070539419087137,0.29426751592356687,0.11275415896487985,0.6967213114754098,480,61,74,170,32,32,32,32
0.46728,0.52434,False,1424,541,581,302,0.5919943820224719,0.4080056179775281,0.8872458410351202,0.28807947019867547,0.36099585062240663,0.3274021352313167,0.11275415896487985,0.7119205298013245,480,61,87,215,32,32,32,32
0.46728,0.52434,True,1424,541,658,225,0.5379213483146067,0.46207865168539325,0.8872458410351202,0.3111111111111111,0.29045643153526973,0.2819843342036554,0.11275415896487985,0.6888888888888889,480,61,70,155,32,32,32,32
0.46728,0.52767,False,1424,541,597,286,0.5807584269662921,0.41924157303370785,0.8872458410351202,0.2972027972027972,0.35269709543568467,0.31680773881499397,0.11275415896487985,0.7027972027972028,480,61,85,201,32,32,32,32
0.46728,0.52767,True,1424,541,671,212,0.5287921348314607,0.47120786516853935,0.8872458410351202,0.32075471698113206,0.2821576763485477,0.27224435590969454,0.11275415896487985,0.6792452830188679,480,61,68,144,32,32,32,32
0.46728,0.53286,False,1424,541,619,264,0.5653089887640449,0.43469101123595505,0.8872458410351202,0.3068181818181818,0.3360995850622407,0.3031055900621118,0.11275415896487985,0.6931818181818182,480,61,81,183,32,32,32,32
0.46728,0.53286,True,1424,541,689,194,0.5161516853932584,0.48384831460674155,0.8872458410351202,0.32989690721649484,0.26556016597510373,0.2598639455782313,0.11275415896487985,0.6701030927835051,480,61,64,130,32,31,32,32
0.46728,0.53953,False,1424,541,641,242,0.5498595505617978,0.45014044943820225,0.8872458410351202,0.30991735537190085,0.3112033195020747,0.29118773946360155,0.11275415896487985,0.6900826446280992,480,61,75,167,32,32,32,32
0.46728,0.53953,True,1424,541,706,177,0.5042134831460674,0.4957865168539326,0.8872458410351202,0.3389830508474576,0.24896265560165975,0.2479108635097493,0.11275415896487985,0.6610169491525424,480,61,60,117,32,31,32,32
0.46728,0.54572,False,1424,541,662,221,0.5351123595505618,0.4648876404494382,0.8872458410351202,0.3212669683257919,0.2946058091286307,0.2769028871391076,0.11275415896487985,0.6787330316742082,480,61,71,150,32,31,32,32
0.46728,0.54572,True,1424,541,720,163,0.4943820224719101,0.5056179775280899,0.8872458410351202,0.3558282208588957,0.24066390041493776,0.23579545454545456,0.11275415896487985,0.6441717791411042,480,61,58,105,32,31,32,32
0.46728,0.54999,False,1424,541,680,203,0.5224719101123596,0.47752808988764045,0.8872458410351202,0.3399014778325123,0.2863070539419087,0.2620967741935484,0.11275415896487985,0.6600985221674877,480,61,69,134,32,31,31,32
0.46728,0.54999,True,1424,541,736,147,0.48314606741573035,0.5168539325842697,0.8872458410351202,0.38095238095238093,0.23236514522821577,0.22093023255813954,0.11275415896487985,0.6190476190476191,480,61,56,91,32,30,30,32
0.46728,0.55464,False,1424,541,702,181,0.5070224719101124,0.49297752808988765,0.8872458410351202,0.3370165745856354,0.25311203319502074,0.25069252077562326,0.11275415896487985,0.6629834254143646,480,61,61,120,32,31,30,32
0.46728,0.55464,True,1424,541,752,131,0.47191011235955055,0.5280898876404494,0.8872458410351202,0.3893129770992366,0.21161825726141079,0.20982142857142858,0.11275415896487985,0.6106870229007634,480,61,51,80,32,30,29,32
0.46728,0.56209,False,1424,541,723,160,0.4922752808988764,0.5077247191011236,0.8872458410351202,0.35,0.23236514522821577,0.23537803138373753,0.11275415896487985,0.65,480,61,56,104,32,31,29,32
0.46728,0.56209,True,1424,541,766,117,0.46207865168539325,0.5379213483146067,0.8872458410351202,0.41025641025641024,0.1991701244813278,0.19756838905775076,0.11275415896487985,0.5897435897435898,480,61,48,69,32,30,28,32
0.46728,0.57246,False,1424,541,745,138,0.4768258426966292,0.5231741573033708,0.8872458410351202,0.35507246376811596,0.2033195020746888,0.22091310751104565,0.11275415896487985,0.644927536231884,480,61,49,89,32,31,29,32
0.46728,0.57246,True,1424,541,779,104,0.4529494382022472,0.5470505617977528,0.8872458410351202,0.40384615384615385,0.17427385892116182,0.19069767441860466,0.11275415896487985,0.5961538461538461,480,61,42,62,32,30,28,32
0.46728,0.58583,False,1424,541,767,116,0.461376404494382,0.538623595505618,0.8872458410351202,0.3879310344827586,0.18672199170124482,0.2009132420091324,0.11275415896487985,0.6120689655172413,480,61,45,71,32,29,26,32
0.46728,0.58583,True,1424,541,795,88,0.4417134831460674,0.5582865168539326,0.8872458410351202,0.4318181818181818,0.15767634854771784,0.17647058823529413,0.11275415896487985,0.5681818181818182,480,61,38,50,32,29,26,32
0.46728,0.59836,False,1424,541,789,94,0.44592696629213485,0.5540730337078652,0.8872458410351202,0.40425531914893614,0.15767634854771784,0.18425196850393702,0.11275415896487985,0.5957446808510638,480,61,38,56,32,29,24,32
0.46728,0.59836,True,1424,541,810,73,0.4311797752808989,0.5688202247191011,0.8872458410351202,0.4383561643835616,0.13278008298755187,0.16612377850162866,0.11275415896487985,0.5616438356164384,480,61,32,41,32,29,24,32
0.46728,0.61936,False,1424,541,810,73,0.4311797752808989,0.5688202247191011,0.8872458410351202,0.4246575342465753,0.12863070539419086,0.16775244299674266,0.11275415896487985,0.5753424657534246,480,61,31,42,32,29,23,32
0.46728,0.61936,True,1424,541,828,55,0.41853932584269665,0.5814606741573034,0.8872458410351202,0.45454545454545453,0.1037344398340249,0.15268456375838926,0.11275415896487985,0.5454545454545454,480,61,25,30,32,29,23,32
0.46728,0.67291,False,1424,541,832,51,0.4157303370786517,0.5842696629213483,0.8872458410351202,0.47058823529411764,0.0995850622406639,0.14864864864864866,0.11275415896487985,0.5294117647058824,480,61,24,27,32,28,19,32
0.46728,0.67291,True,1424,541,842,41,0.40870786516853935,0.5912921348314607,0.8872458410351202,0.5121951219512195,0.08713692946058091,0.13917525773195877,0.11275415896487985,0.4878048780487805,480,61,21,20,32,28,19,32
0.46728,0.78196,False,1424,541,854,29,0.4002808988764045,0.5997191011235955,0.8872458410351202,0.41379310344827586,0.04979253112033195,0.1368421052631579,0.11275415896487985,0.5862068965517241,480,61,12,17,32,28,14,32
0.46728,0.78196,True,1424,541,857,26,0.3981741573033708,0.6018258426966292,0.8872458410351202,0.4230769230769231,0.04564315352697095,0.13403880070546736,0.11275415896487985,0.5769230769230769,480,61,11,15,32,28,13,32
0.46728,0.96896,False,1424,541,875,8,0.38553370786516855,0.6144662921348315,0.8872458410351202,0.75,0.024896265560165973,0.11475409836065574,0.11275415896487985,0.25,480,61,6,2,32,27,4,32
0.46728,0.96896,True,1424,541,876,7,0.3848314606741573,0.6151685393258427,0.8872458410351202,0.7142857142857143,0.02074688796680498,0.11496350364963503,0.11275415896487985,0.2857142857142857,480,61,5,2,32,27,4,32
0.47017,0.47143,False,1424,570,80,774,0.9438202247191011,0.056179775280898875,0.887719298245614,0.21705426356589147,0.6970954356846473,0.49851190476190477,0.11228070175438597,0.7829457364341085,506,64,168,606,32,32,32,32
0.47017,0.47143,True,1424,570,262,592,0.8160112359550562,0.18398876404494383,0.887719298245614,0.22297297297297297,0.5477178423236515,0.4509466437177281,0.11228070175438597,0.777027027027027,506,64,132,460,32,32,32,32
0.47017,0.4729,False,1424,570,102,752,0.9283707865168539,0.07162921348314606,0.887719298245614,0.21941489361702127,0.6846473029045643,0.4924357034795764,0.11228070175438597,0.7805851063829787,506,64,165,587,32,32,32,32
0.47017,0.4729,True,1424,570,282,572,0.8019662921348315,0.19803370786516855,0.887719298245614,0.22552447552447552,0.5352697095435685,0.44395796847635727,0.11228070175438597,0.7744755244755245,506,64,129,443,32,32,32,32
0.47017,0.4749,False,1424,570,124,730,0.9129213483146067,0.08707865168539326,0.887719298245614,0.2232876712328767,0.6763485477178424,0.48538461538461536,0.11228070175438597,0.7767123287671233,506,64,163,567,32,32,32,32
0.47017,0.4749,True,1424,570,302,552,0.7879213483146067,0.21207865168539325,0.887719298245614,0.23007246376811594,0.5269709543568465,0.4358288770053476,0.11228070175438597,0.769927536231884,506,64,127,425,32,32,32,32
0.47017,0.47582,False,1424,570,137,717,0.9037921348314607,0.09620786516853932,0.887719298245614,0.22454672245467225,0.6680497925311203,0.48174048174048173,0.11228070175438597,0.7754532775453278,506,64,161,556,32,32,32,32
0.47017,0.47582,True,1424,570,313,541,0.7801966292134831,0.21980337078651685,0.887719298245614,0.23105360443622922,0.5186721991701245,0.43204320432043203,0.11228070175438597,0.7689463955637708,506,64,125,416,32,32,32,32
0.47017,0.47709,False,1424,570,157,697,0.889747191011236,0.11025280898876405,0.887719298245614,0.2266857962697274,0.6556016597510373,0.47592738752959746,0.11228070175438597,0.7733142037302726,506,64,158,539,32,32,32,32
0.47017,0.47709,True,1424,570,330,524,0.7682584269662921,0.23174157303370788,0.887719298245614,0.23282442748091603,0.5062240663900415,0.4259597806215722,0.11228070175438597,0.767175572519084,506,64,122,402,32,32,32,32
0.47017,0.47817,False,1424,570,173,681,0.8785112359550562,0.12148876404494383,0.887719298245614,0.22466960352422907,0.6348547717842323,0.47322142286171065,0.11228070175438597,0.775330396475771,506,64,153,528,32,32,32,32
0.47017,0.47817,True,1424,570,342,512,0.7598314606741573,0.2401685393258427,0.887719298245614,0.232421875,0.49377593360995853,0.422365988909427,0.11228070175438597,0.767578125,506,64,119,393,32,32,32,32
0.47017,0.47945,False,1424,570,193,661,0.8644662921348315,0.13553370786516855,0.887719298245614,0.22692889561270801,0.6224066390041494,0.4670999187652315,0.11228070175438597,0.773071104387292,506,64,150,511,32,32,32,32
0.47017,0.47945,True,1424,570,358,496,0.7485955056179775,0.25140449438202245,0.887719298245614,0.23588709677419356,0.4854771784232365,0.4155722326454034,0.11228070175438597,0.7641129032258065,506,64,117,379,32,32,32,32
0.47017,0.48134,False,1424,570,214,640,0.8497191011235955,0.1502808988764045,0.887719298245614,0.2328125,0.6182572614107884,0.45867768595041325,0.11228070175438597,0.7671875,506,64,149,491,32,32,32,32
0.47017,0.48134,True,1424,570,376,478,0.7359550561797753,0.2640449438202247,0.887719298245614,0.24476987447698745,0.4854771784232365,0.40553435114503816,0.11228070175438597,0.7552301255230126,506,64,117,361,32,32,32,32
0.47017,0.48236,False,1424,570,234,620,0.8356741573033708,0.16432584269662923,0.887719298245614,0.23870967741935484,0.6141078838174274,0.4504201680672269,0.11228070175438597,0.7612903225806451,506,64,148,472,32,32,32,32
0.47017,0.48236,True,1424,570,391,463,0.7254213483146067,0.27457865168539325,0.887719298245614,0.2526997840172786,0.4854771784232365,0.3969022265246854,0.11228070175438597,0.7473002159827213,506,64,117,346,32,32,32,32
0.47017,0.48406,False,1424,570,255,599,0.8209269662921348,0.17907303370786518,0.887719298245614,0.2387312186978297,0.5933609958506224,0.4448246364414029,0.11228070175438597,0.7612687813021702,506,64,143,456,32,32,32,32
0.47017,0.48406,True,1424,570,405,449,0.7155898876404494,0.28441011235955055,0.887719298245614,0.25389755011135856,0.4730290456431535,0.3915603532875368,0.11228070175438597,0.7461024498886414,506,64,114,335,32,32,32,32
0.47017,0.48558,False,1424,570,277,577,0.8054775280898876,0.19452247191011235,0.887719298245614,0.24436741767764297,0.5850622406639004,0.43591979075850046,0.11228070175438597,0.755632582322357,506,64,141,436,32,32,32,32
0.47017,0.48558,True,1424,570,422,432,0.7036516853932584,0.29634831460674155,0.887719298245614,0.2638888888888889,0.4730290456431535,0.3812375249500998,0.11228070175438597,0.7361111111111112,506,64,114,318,32,32,32,32
0.47017,0.48786,False,1424,570,298,556,0.7907303370786517,0.20926966292134833,0.887719298245614,0.2517985611510791,0.5809128630705395,0.42628774422735344,0.11228070175438597,0.7482014388489209,506,64,140,416,32,32,32,32
0.47017,0.48786,True,1424,570,437,417,0.6931179775280899,0.3068820224719101,0.887719298245614,0.2733812949640288,0.4730290456431535,0.3718338399189463,0.11228070175438597,0.7266187050359713,506,64,114,303,32,32,32,32
0.47017,0.48938,False,1424,570,311,543,0.7816011235955056,0.21839887640449437,0.887719298245614,0.2523020257826888,0.5684647302904564,0.4222821203953279,0.11228070175438597,0.7476979742173112,506,64,137,406,32,32,32,32
0.47017,0.48938,True,1424,570,450,404,0.6839887640449438,0.3160112359550562,0.887719298245614,0.2747524752475248,0.4605809128630705,0.3665297741273101,0.11228070175438597,0.7252475247524752,506,64,111,293,32,32,32,32
0.47017,0.49294,False,1424,570,333,521,0.7661516853932584,0.23384831460674158,0.887719298245614,0.2476007677543186,0.5352697095435685,0.41796516956920254,0.11228070175438597,0.7523992322456814,506,64,129,392,32,32,32,32
0.47017,0.49294,True,1424,570,462,392,0.675561797752809,0.324438202247191,0.887719298245614,0.27040816326530615,0.43983402489626555,0.36382536382536385,0.11228070175438597,0.7295918367346939,506,64,106,286,32,32,32,32
0.47017,0.49536,False,1424,570,350,504,0.7542134831460674,0.24578651685393257,0.887719298245614,0.25396825396825395,0.5311203319502075,0.409683426443203,0.11228070175438597,0.746031746031746,506,64,128,376,32,32,32,32
0.47017,0.49536,True,1424,570,475,379,0.6664325842696629,0.3335674157303371,0.887719298245614,0.2770448548812665,0.43568464730290457,0.3561643835616438,0.11228070175438597,0.7229551451187335,506,64,105,274,32,32,32,32
0.47017,0.49788,False,1424,570,372,482,0.7387640449438202,0.2612359550561798,0.887719298245614,0.2551867219917012,0.5103734439834025,0.40209125475285173,0.11228070175438597,0.7448132780082988,506,64,123,359,32,32,32,32
0.47017,0.49788,True,1424,570,492,362,0.6544943820224719,0.3455056179775281,0.887719298245614,0.281767955801105,0.42323651452282157,0.34763948497854075,0.11228070175438597,0.7182320441988951,506,64,102,260,32,32,32,32
0.47017,0.49958,False,1424,570,391,463,0.7254213483146067,0.27457865168539325,0.887719298245614,0.2570194384449244,0.49377593360995853,0.39496611810261373,0.11228070175438597,0.7429805615550756,506,64,119,344,32,32,32,32
0.47017,0.49958,True,1424,570,506,348,0.6446629213483146,0.3553370786516854,0.887719298245614,0.28160919540229884,0.4066390041493776,0.3420479302832244,0.11228070175438597,0.7183908045977011,506,64,98,250,32,32,32,32
0.47017,0.50318,False,1424,570,412,442,0.7106741573033708,0.2893258426966292,0.887719298245614,0.26018099547511314,0.47717842323651455,0.38636363636363635,0.11228070175438597,0.7398190045248869,506,64,115,327,32,32,32,32
0.47017,0.50318,True,1424,570,521,333,0.6341292134831461,0.36587078651685395,0.887719298245614,0.2822822822822823,0.3900414937759336,0.33554817275747506,0.11228070175438597,0.7177177177177178,506,64,94,239,32,32,32,32
0.47017,0.50533,False,1424,570,434,420,0.6952247191011236,0.3047752808988764,0.887719298245614,0.2619047619047619,0.45643153526970953,0.37777777777777777,0.11228070175438597,0.7380952380952381,506,64,110,310,32,32,32,32
0.47017,0.50533,True,1424,570,537,317,0.6228932584269663,0.3771067415730337,0.887719298245614,0.28391167192429023,0.37344398340248963,0.32807215332581735,0.11228070175438597,0.7160883280757098,506,64,90,227,32,32,32,32
0.47017,0.50776,False,1424,570,456,398,0.6797752808988764,0.3202247191011236,0.887719298245614,0.2638190954773869,0.43568464730290457,0.368801652892562,0.11228070175438597,0.7361809045226131,506,64,105,293,32,32,32,32
0.47017,0.50776,True,1424,570,553,301,0.6116573033707865,0.3883426966292135,0.887719298245614,0.2823920265780731,0.35269709543568467,0.3214695752009185,0.11228070175438597,0.717607973421927,506,64,85,216,32,32,32,32
0.47017,0.5105,False,1424,570,472,382,0.6685393258426966,0.33146067415730335,0.887719298245614,0.27486910994764396,0.43568464730290457,0.3581932773109244,0.11228070175438597,0.725130890052356,506,64,105,277,32,32,32,32
0.47017,0.5105,True,1424,570,564,290,0.6039325842696629,0.3960674157303371,0.887719298245614,0.29310344827586204,0.35269709543568467,0.3127906976744186,0.11228070175438597,0.7068965517241379,506,64,85,205,32,32,32,32
0.47017,0.51391,False,1424,570,492,362,0.6544943820224719,0.3455056179775281,0.887719298245614,0.27624309392265195,0.4149377593360996,0.3497854077253219,0.11228070175438597,0.7237569060773481,506,64,100,262,32,32,32,32
0.47017,0.51391,True,1424,570,575,279,0.5962078651685393,0.40379213483146065,0.887719298245614,0.2939068100358423,0.34024896265560167,0.30742049469964666,0.11228070175438597,0.7060931899641577,506,64,82,197,32,32,32,32
0.47017,0.51704,False,1424,570,511,343,0.6411516853932584,0.35884831460674155,0.887719298245614,0.27696793002915454,0.3941908713692946,0.3417305585980285,0.11228070175438597,0.7230320699708455,506,64,95,248,32,32,32,32
0.47017,0.51704,True,1424,570,591,263,0.5849719101123596,0.41502808988764045,0.887719298245614,0.2965779467680608,0.3236514522821577,0.29891956782713086,0.11228070175438597,0.7034220532319392,506,64,78,185,32,32,32,32
0.47017,0.51897,False,1424,570,531,323,0.6271067415730337,0.3728932584269663,0.887719298245614,0.28173374613003094,0.3775933609958506,0.3314669652855543,0.11228070175438597,0.718266253869969,506,64,91,232,32,32,32,32
0.47017,0.51897,True,1424,570,610,244,0.5716292134831461,0.42837078651685395,0.887719298245614,0.30327868852459017,0.3070539419087137,0.28746928746928746,0.11228070175438597,0.6967213114754098,506,64,74,170,32,32,32,32
0.47017,0.52434,False,1424,570,552,302,0.6123595505617978,0.38764044943820225,0.887719298245614,0.28807947019867547,0.36099585062240663,0.31995412844036697,0.11228070175438597,0.7119205298013245,506,64,87,215,32,32,32,32
0.47017,0.52434,True,1424,570,629,225,0.5582865168539326,0.4417134831460674,0.887719298245614,0.3111111111111111,0.29045643153526973,0.27547169811320754,0.11228070175438597,0.6888888888888889,506,64,70,155,32,32,32,32
0.47017,0.52767,False,1424,570,568,286,0.601123595505618,0.398876404494382,0.887719298245614,0.2972027972027972,0.35269709543568467,0.30957943925233644,0.11228070175438597,0.7027972027972028,506,64,85,201,32,32,32,32
0.47017,0.52767,True,1424,570,642,212,0.5491573033707865,0.4508426966292135,0.887719298245614,0.32075471698113206,0.2821576763485477,0.2659846547314578,0.11228070175438597,0.6792452830188679,506,64,68,144,32,32,32,32
0.47017,0.53286,False,1424,570,590,264,0.5856741573033708,0.4143258426966292,0.887719298245614,0.3068181818181818,0.3360995850622407,0.2961630695443645,0.11228070175438597,0.6931818181818182,506,64,81,183,32,32,32,32
0.47017,0.53286,True,1424,570,660,194,0.5365168539325843,0.46348314606741575,0.887719298245614,0.32989690721649484,0.26556016597510373,0.25392670157068065,0.11228070175438597,0.6701030927835051,506,64,64,130,32,32,32,32
0.47017,0.53953,False,1424,570,612,242,0.5702247191011236,0.4297752808988764,0.887719298245614,0.30991735537190085,0.3112033195020747,0.28448275862068967,0.11228070175438597,0.6900826446280992,506,64,75,167,32,32,32,32
0.47017,0.53953,True,1424,570,677,177,0.5245786516853933,0.47542134831460675,0.887719298245614,0.3389830508474576,0.24896265560165975,0.24230254350736277,0.11228070175438597,0.6610169491525424,506,64,60,117,32,32,32,32
0.47017,0.54572,False,1424,570,633,221,0.5554775280898876,0.44452247191011235,0.887719298245614,0.3212669683257919,0.2946058091286307,0.27054361567635904,0.11228070175438597,0.6787330316742082,506,64,71,150,32,32,32,32
0.47017,0.54572,True,1424,570,691,163,0.514747191011236,0.48525280898876405,0.887719298245614,0.3558282208588957,0.24066390041493776,0.2305593451568895,0.11228070175438597,0.6441717791411042,506,64,58,105,32,32,32,32
0.47017,0.54999,False,1424,570,651,203,0.5428370786516854,0.4571629213483146,0.887719298245614,0.3399014778325123,0.2863070539419087,0.25614489003880986,0.11228070175438597,0.6600985221674877,506,64,69,134,32,32,31,32
0.47017,0.54999,True,1424,570,707,147,0.5035112359550562,0.4964887640449438,0.887719298245614,0.38095238095238093,0.23236514522821577,0.21617852161785217,0.11228070175438597,0.6190476190476191,506,64,56,91,32,31,30,32
0.47017,0.55464,False,1424,570,673,181,0.5273876404494382,0.4726123595505618,0.887719298245614,0.3370165745856354,0.25311203319502074,0.24500665778961384,0.11228070175438597,0.6629834254143646,506,64,61,120,32,32,30,32
0.47017,0.55464,True,1424,570,723,131,0.4922752808988764,0.5077247191011236,0.887719298245614,0.3893129770992366,0.21161825726141079,0.20542082738944364,0.11228070175438597,0.6106870229007634,506,64,51,80,32,31,29,32
0.47017,0.56209,False,1424,570,694,160,0.5126404494382022,0.48735955056179775,0.887719298245614,0.35,0.23236514522821577,0.23013698630136986,0.11228070175438597,0.65,506,64,56,104,32,32,29,32
0.47017,0.56209,True,1424,570,737,117,0.4824438202247191,0.5175561797752809,0.887719298245614,0.41025641025641024,0.1991701244813278,0.19359534206695778,0.11228070175438597,0.5897435897435898,506,64,48,69,32,31,28,32
0.47017,0.57246,False,1424,570,716,138,0.49719101123595505,0.5028089887640449,0.887719298245614,0.35507246376811596,0.2033195020746888,0.21610169491525424,0.11228070175438597,0.644927536231884,506,64,49,89,32,31,29,32
0.47017,0.57246,True,1424,570,750,104,0.47331460674157305,0.526685393258427,0.887719298245614,0.40384615384615385,0.17427385892116182,0.18694362017804153,0.11228070175438597,0.5961538461538461,506,64,42,62,32,30,28,32
0.47017,0.58583,False,1424,570,738,116,0.48174157303370785,0.5182584269662921,0.887719298245614,0.3879310344827586,0.18672199170124482,0.1967930029154519,0.11228070175438597,0.6120689655172413,506,64,45,71,32,30,26,32
0.47017,0.58583,True,1424,570,766,88,0.46207865168539325,0.5379213483146067,0.887719298245614,0.4318181818181818,0.15767634854771784,0.17325227963525835,0.11228070175438597,0.5681818181818182,506,64,38,50,32,30,26,32
0.47017,0.59836,False,1424,570,760,94,0.46629213483146065,0.5337078651685393,0.887719298245614,0.40425531914893614,0.15767634854771784,0.18072289156626506,0.11228070175438597,0.5957446808510638,506,64,38,56,32,30,24,32
0.47017,0.59836,True,1424,570,781,73,0.4515449438202247,0.5484550561797753,0.887719298245614,0.4383561643835616,0.13278008298755187,0.16329704510108864,0.11228070175438597,0.5616438356164384,506,64,32,41,32,30,24,32
0.47017,0.61936,False,1424,570,781,73,0.4515449438202247,0.5484550561797753,0.887719298245614,0.4246575342465753,0.12863070539419086,0.16485225505443235,0.11228070175438597,0.5753424657534246,506,64,31,42,32,30,23,32
0.47017,0.61936,True,1424,570,799,55,0.43890449438202245,0.5610955056179775,0.887719298245614,0.45454545454545453,0.1037344398340249,0.1504,0.11228070175438597,0.5454545454545454,506,64,25,30,32,30,23,32
0.47017,0.67291,False,1424,570,803,51,0.43609550561797755,0.5639044943820225,0.887719298245614,0.47058823529411764,0.0995850622406639,0.14653784219001612,0.11228070175438597,0.5294117647058824,506,64,24,27,32,29,19,32
0.47017,0.67291,True,1424,570,813,41,0.42907303370786515,0.5709269662921348,0.887719298245614,0.5121951219512195,0.08713692946058091,0.13747954173486088,0.11228070175438597,0.4878048780487805,506,64,21,20,32,29,19,32
0.47017,0.78196,False,1424,570,825,29,0.42064606741573035,0.5793539325842697,0.887719298245614,0.41379310344827586,0.04979253112033195,0.1352253756260434,0.11228070175438597,0.5862068965517241,506,64,12,17,32,29,14,32
0.47017,0.78196,True,1424,570,828,26,0.41853932584269665,0.5814606741573034,0.887719298245614,0.4230769230769231,0.04564315352697095,0.1325503355704698,0.11228070175438597,0.5769230769230769,506,64,11,15,32,29,13,32
0.47017,0.96896,False,1424,570,846,8,0.4058988764044944,0.5941011235955056,0.887719298245614,0.75,0.024896265560165973,0.11418685121107267,0.11228070175438597,0.25,506,64,6,2,32,28,4,32
0.47017,0.96896,True,1424,570,847,7,0.40519662921348315,0.5948033707865169,0.887719298245614,0.7142857142857143,0.02074688796680498,0.11438474870017332,0.11228070175438597,0.2857142857142857,506,64,5,2,32,28,4,32
0.47212,0.4729,False,1424,594,78,752,0.9452247191011236,0.054775280898876406,0.8888888888888888,0.21941489361702127,0.6846473029045643,0.4851411589895988,0.1111111111111111,0.7805851063829787,528,66,165,587,32,32,32,32
0.47212,0.4729,True,1424,594,258,572,0.8188202247191011,0.18117977528089887,0.8888888888888888,0.22552447552447552,0.5352697095435685,0.4365351629502573,0.1111111111111111,0.7744755244755245,528,66,129,443,32,32,32,32
0.47212,0.4749,False,1424,594,100,730,0.9297752808988764,0.0702247191011236,0.8888888888888888,0.2232876712328767,0.6763485477178424,0.4780966767371601,0.1111111111111111,0.7767123287671233,528,66,163,567,32,32,32,32
0.47212,0.4749,True,1424,594,278,552,0.8047752808988764,0.1952247191011236,0.8888888888888888,0.23007246376811594,0.5269709543568465,0.42844677137870857,0.1111111111111111,0.769927536231884,528,66,127,425,32,32,32,32
0.47212,0.47582,False,1424,594,113,717,0.9206460674157303,0.07935393258426966,0.8888888888888888,0.22454672245467225,0.6680497925311203,0.4744469870327994,0.1111111111111111,0.7754532775453278,528,66,161,556,32,32,32,32
0.47212,0.47582,True,1424,594,289,541,0.7970505617977528,0.2029494382022472,0.8888888888888888,0.23105360443622922,0.5186721991701245,0.42466960352422906,0.1111111111111111,0.7689463955637708,528,66,125,416,32,32,32,32
0.47212,0.47709,False,1424,594,133,697,0.9066011235955056,0.09339887640449439,0.8888888888888888,0.2266857962697274,0.6556016597510373,0.4686289697908598,0.1111111111111111,0.7733142037302726,528,66,158,539,32,32,32,32
0.47212,0.47709,True,1424,594,306,524,0.7851123595505618,0.2148876404494382,0.8888888888888888,0.23282442748091603,0.5062240663900415,0.4186046511627907,0.1111111111111111,0.767175572519084,528,66,122,402,32,32,32,32
0.47212,0.47817,False,1424,594,149,681,0.8953651685393258,0.10463483146067416,0.8888888888888888,0.22466960352422907,0.6348547717842323,0.46588235294117647,0.1111111111111111,0.775330396475771,528,66,153,528,32,32,32,32
0.47212,0.47817,True,1424,594,318,512,0.776685393258427,0.22331460674157302,0.8888888888888888,0.232421875,0.49377593360995853,0.41500904159132007,0.1111111111111111,0.767578125,528,66,119,393,32,32,32,32
0.47212,0.47945,False,1424,594,169,661,0.8813202247191011,0.11867977528089887,0.8888888888888888,0.22692889561270801,0.6224066390041494,0.45976095617529883,0.1111111111111111,0.773071104387292,528,66,150,511,32,32,32,32
0.47212,0.47945,True,1424,594,334,496,0.7654494382022472,0.2345505617977528,0.8888888888888888,0.23588709677419356,0.4854771784232365,0.40825688073394495,0.1111111111111111,0.7641129032258065,528,66,117,379,32,32,32,32
0.47212,0.48134,False,1424,594,190,640,0.8665730337078652,0.13342696629213482,0.8888888888888888,0.2328125,0.6182572614107884,0.4513776337115073,0.1111111111111111,0.7671875,528,66,149,491,32,32,32,32
0.47212,0.48134,True,1424,594,352,478,0.7528089887640449,0.24719101123595505,0.8888888888888888,0.24476987447698745,0.4854771784232365,0.3983208955223881,0.1111111111111111,0.7552301255230126,528,66,117,361,32,32,32,32
0.47212,0.48236,False,1424,594,210,620,0.8525280898876404,0.14747191011235955,0.8888888888888888,0.23870967741935484,0.6141078838174274,0.443163097199341,0.1111111111111111,0.7612903225806451,528,66,148,472,32,32,32,32
0.47212,0.48236,True,1424,594,367,463,0.7422752808988764,0.2577247191011236,0.8888888888888888,0.2526997840172786,0.4854771784232365,0.38978240302743616,0.1111111111111111,0.7473002159827213,528,66,117,346,32,32,32,32
0.47212,0.48406,False,1424,594,231,599,0.8377808988764045,0.1622191011235955,0.8888888888888888,0.2387312186978297,0.5933609958506224,0.43755238893545684,0.1111111111111111,0.7612687813021702,528,66,143,456,32,32,32,32
0.47212,0.48406,True,1424,594,381,449,0.7324438202247191,0.2675561797752809,0.8888888888888888,0.25389755011135856,0.4730290456431535,0.3844678811121764,0.1111111111111111,0.7461024498886414,528,66,114,335,32,32,32,32
0.47212,0.48558,False,1424,594,253,577,0.8223314606741573,0.1776685393258427,0.8888888888888888,0.24436741767764297,0.5850622406639004,0.4286934244235696,0.1111111111111111,0.755632582322357,528,66,141,436,32,32,32,32
0.47212,0.48558,True,1424,594,398,432,0.7205056179775281,0.2794943820224719,0.8888888888888888,0.2638888888888889,0.4730290456431535,0.3742690058479532,0.1111111111111111,0.7361111111111112,528,66,114,318,32,32,32,32
0.47212,0.48786,False,1424,594,274,556,0.8075842696629213,0.19241573033707865,0.8888888888888888,0.2517985611510791,0.5809128630705395,0.4191304347826087,0.1111111111111111,0.7482014388489209,528,66,140,416,32,32,32,32
0.47212,0.48786,True,1424,594,413,417,0.7099719101123596,0.29002808988764045,0.8888888888888888,0.2733812949640288,0.4730290456431535,0.3649851632047478,0.1111111111111111,0.7266187050359713,528,66,114,303,32,32,32,32
0.47212,0.48938,False,1424,594,287,543,0.7984550561797753,0.20154494382022473,0.8888888888888888,0.2523020257826888,0.5684647302904564,0.415127528583993,0.1111111111111111,0.7476979742173112,528,66,137,406,32,32,32,32
0.47212,0.48938,True,1424,594,426,404,0.7008426966292135,0.2991573033707865,0.8888888888888888,0.2747524752475248,0.4605809128630705,0.35971943887775554,0.1111111111111111,0.7252475247524752,528,66,111,293,32,32,32,32
0.47212,0.49294,False,1424,594,309,521,0.7830056179775281,0.2169943820224719,0.8888888888888888,0.2476007677543186,0.5352697095435685,0.41076233183856503,0.1111111111111111,0.7523992322456814,528,66,129,392,32,32,32,32
0.47212,0.49294,True,1424,594,438,392,0.6924157303370787,0.30758426966292135,0.8888888888888888,0.27040816326530615,0.43983402489626555,0.35699797160243407,0.1111111111111111,0.7295918367346939,528,66,106,286,32,32,32,32
0.47212,0.49536,False,1424,594,326,504,0.7710674157303371,0.22893258426966293,0.8888888888888888,0.25396825396825395,0.5311203319502075,0.40255009107468126,0.1111111111111111,0.746031746031746,528,66,128,376,32,32,32,32
0.47212,0.49536,True,1424,594,451,379,0.6832865168539326,0.3167134831460674,0.8888888888888888,0.2770448548812665,0.43568464730290457,0.3494347379239466,0.1111111111111111,0.7229551451187335,528,66,105,274,32,32,32,32
0.47212,0.49788,False,1424,594,348,482,0.7556179775280899,0.2443820224719101,0.8888888888888888,0.2551867219917012,0.5103734439834025,0.3949814126394052,0.1111111111111111,0.7448132780082988,528,66,123,359,32,32,32,32
0.47212,0.49788,True,1424,594,468,362,0.6713483146067416,0.32865168539325845,0.8888888888888888,0.281767955801105,0.42323651452282157,0.3410041841004184,0.1111111111111111,0.7182320441988951,528,66,102,260,32,32,32,32
0.47212,0.49958,False,1424,594,367,463,0.7422752808988764,0.2577247191011236,0.8888888888888888,0.2570194384449244,0.49377593360995853,0.38789025543992434,0.1111111111111111,0.7429805615550756,528,66,119,344,32,32,32,32
0.47212,0.49958,True,1424,594,482,348,0.6615168539325843,0.33848314606741575,0.8888888888888888,0.28160919540229884,0.4066390041493776,0.3354564755838641,0.1111111111111111,0.7183908045977011,528,66,98,250,32,32,32,32
0.47212,0.50318,False,1424,594,388,442,0.7275280898876404,0.27247191011235955,0.8888888888888888,0.26018099547511314,0.47717842323651455,0.37934362934362936,0.1111111111111111,0.7398190045248869,528,66,115,327,32,32,32,32
0.47212,0.50318,True,1424,594,497,333,0.6509831460674157,0.34901685393258425,0.8888888888888888,0.2822822822822823,0.3900414937759336,0.3290183387270766,0.1111111111111111,0.7177177177177178,528,66,94,239,32,32,32,32
0.47212,0.50533,False,1424,594,410,420,0.7120786516853933,0.28792134831460675,0.8888888888888888,0.2619047619047619,0.45643153526970953,0.3708086785009862,0.1111111111111111,0.7380952380952381,528,66,110,310,32,32,32,32
0.47212,0.50533,True,1424,594,513,317,0.639747191011236,0.36025280898876405,0.8888888888888888,0.28391167192429023,0.37344398340248963,0.3216245883644347,0.1111111111111111,0.7160883280757098,528,66,90,227,32,32,32,32
0.47212,0.50776,False,1424,594,432,398,0.6966292134831461,0.30337078651685395,0.8888888888888888,0.2638190954773869,0.43568464730290457,0.36189516129032256,0.1111111111111111,0.7361809045226131,528,66,105,293,32,32,32,32
0.47212,0.50776,True,1424,594,529,301,0.6285112359550562,0.3714887640449438,0.8888888888888888,0.2823920265780731,0.35269709543568467,0.31508379888268156,0.1111111111111111,0.717607973421927,528,66,85,216,32,32,32,32
0.47212,0.5105,False,1424,594,448,382,0.6853932584269663,0.3146067415730337,0.8888888888888888,0.27486910994764396,0.43568464730290457,0.3514344262295082,0.1111111111111111,0.725130890052356,528,66,105,277,32,32,32,32
0.47212,0.5105,True,1424,594,540,290,0.6207865168539326,0.3792134831460674,0.8888888888888888,0.29310344827586204,0.35269709543568467,0.3065610859728507,0.1111111111111111,0.7068965517241379,528,66,85,205,32,32,32,32
0.47212,0.51391,False,1424,594,468,362,0.6713483146067416,0.32865168539325845,0.8888888888888888,0.27624309392265195,0.4149377593360996,0.34309623430962344,0.1111111111111111,0.7237569060773481,528,66,100,262,32,32,32,32
0.47212,0.51391,True,1424,594,551,279,0.613061797752809,0.386938202247191,0.8888888888888888,0.2939068100358423,0.34024896265560167,0.30126002290950743,0.1111111111111111,0.7060931899641577,528,66,82,197,32,32,32,32
0.47212,0.51704,False,1424,594,487,343,0.6580056179775281,0.3419943820224719,0.8888888888888888,0.27696793002915454,0.3941908713692946,0.33511205976520814,0.1111111111111111,0.7230320699708455,528,66,95,248,32,32,32,32
0.47212,0.51704,True,1424,594,567,263,0.6018258426966292,0.3981741573033708,0.8888888888888888,0.2965779467680608,0.3236514522821577,0.2928821470245041,0.1111111111111111,0.7034220532319392,528,66,78,185,32,32,32,32
0.47212,0.51897,False,1424,594,507,323,0.6439606741573034,0.35603932584269665,0.8888888888888888,0.28173374613003094,0.3775933609958506,0.3249727371864776,0.1111111111111111,0.718266253869969,528,66,91,232,32,32,32,32
0.47212,0.51897,True,1424,594,586,244,0.5884831460674157,0.41151685393258425,0.8888888888888888,0.30327868852459017,0.3070539419087137,0.28162291169451076,0.1111111111111111,0.6967213114754098,528,66,74,170,32,32,32,32
0.47212,0.52434,False,1424,594,528,302,0.6292134831460674,0.3707865168539326,0.8888888888888888,0.28807947019867547,0.36099585062240663,0.31361607142857145,0.1111111111111111,0.7119205298013245,528,66,87,215,32,32,32,32
0.47212,0.52434,True,1424,594,605,225,0.5751404494382022,0.42485955056179775,0.8888888888888888,0.3111111111111111,0.29045643153526973,0.2698412698412698,0.1111111111111111,0.6888888888888889,528,66,70,155,32,32,32,32
0.47212,0.52767,False,1424,594,544,286,0.6179775280898876,0.38202247191011235,0.8888888888888888,0.2972027972027972,0.35269709543568467,0.3034090909090909,0.1111111111111111,0.7027972027972028,528,66,85,201,32,32,32,32
0.47212,0.52767,True,1424,594,618,212,0.5660112359550562,0.4339887640449438,0.8888888888888888,0.32075471698113206,0.2821576763485477,0.26054590570719605,0.1111111111111111,0.6792452830188679,528,66,68,144,32,32,32,32
0.47212,0.53286,False,1424,594,566,264,0.6025280898876404,0.39747191011235955,0.8888888888888888,0.3068181818181818,0.3360995850622407,0.2902097902097902,0.1111111111111111,0.6931818181818182,528,66,81,183,32,32,32,32
0.47212,0.53286,True,1424,594,636,194,0.5533707865168539,0.44662921348314605,0.8888888888888888,0.32989690721649484,0.26556016597510373,0.24873096446700507,0.1111111111111111,0.6701030927835051,528,66,64,130,32,32,32,32
0.47212,0.53953,False,1424,594,588,242,0.5870786516853933,0.41292134831460675,0.8888888888888888,0.30991735537190085,0.3112033195020747,0.27870813397129185,0.1111111111111111,0.6900826446280992,528,66,75,167,32,32,32,32
0.47212,0.53953,True,1424,594,653,177,0.5414325842696629,0.4585674157303371,0.8888888888888888,0.3389830508474576,0.24896265560165975,0.23735408560311283,0.1111111111111111,0.6610169491525424,528,66,60,117,32,32,32,32
0.47212,0.54572,False,1424,594,609,221,0.5723314606741573,0.4276685393258427,0.8888888888888888,0.3212669683257919,0.2946058091286307,0.2650306748466258,0.1111111111111111,0.6787330316742082,528,66,71,150,32,32,32,32
0.47212,0.54572,True,1424,594,667,163,0.5316011235955056,0.4683988764044944,0.8888888888888888,0.3558282208588957,0.24066390041493776,0.22589167767503301,0.1111111111111111,0.6441717791411042,528,66,58,105,32,32,32,32
0.47212,0.54999,False,1424,594,627,203,0.5596910112359551,0.44030898876404495,0.8888888888888888,0.3399014778325123,0.2863070539419087,0.25094102885821834,0.1111111111111111,0.6600985221674877,528,66,69,134,32,32,31,32
0.47212,0.54999,True,1424,594,683,147,0.5203651685393258,0.47963483146067415,0.8888888888888888,0.38095238095238093,0.23236514522821577,0.21187584345479082,0.1111111111111111,0.6190476190476191,528,66,56,91,32,31,30,32
0.47212,0.55464,False,1424,594,649,181,0.5442415730337079,0.45575842696629215,0.8888888888888888,0.3370165745856354,0.25311203319502074,0.24,0.1111111111111111,0.6629834254143646,528,66,61,120,32,32,30,32
0.47212,0.55464,True,1424,594,699,131,0.5091292134831461,0.49087078651685395,0.8888888888888888,0.3893129770992366,0.21161825726141079,0.2013793103448276,0.1111111111111111,0.6106870229007634,528,66,51,80,32,31,29,32
0.47212,0.56209,False,1424,594,670,160,0.5294943820224719,0.4705056179775281,0.8888888888888888,0.35,0.23236514522821577,0.22546419098143236,0.1111111111111111,0.65,528,66,56,104,32,32,29,32
0.47212,0.56209,True,1424,594,713,117,0.49929775280898875,0.5007022471910112,0.8888888888888888,0.41025641025641024,0.1991701244813278,0.189873417721519,0.1111111111111111,0.5897435897435898,528,66,48,69,32,31,28,32
0.47212,0.57246,False,1424,594,692,138,0.5140449438202247,0.4859550561797753,0.8888888888888888,0.35507246376811596,0.2033195020746888,0.21174863387978143,0.1111111111111111,0.644927536231884,528,66,49,89,32,31,29,32
0.47212,0.57246,True,1424,594,726,104,0.4901685393258427,0.5098314606741573,0.8888888888888888,0.40384615384615385,0.17427385892116182,0.1833810888252149,0.1111111111111111,0.5961538461538461,528,66,42,62,32,30,28,32
0.47212,0.58583,False,1424,594,714,116,0.49859550561797755,0.5014044943820225,0.8888888888888888,0.3879310344827586,0.18672199170124482,0.19295774647887323,0.1111111111111111,0.6120689655172413,528,66,45,71,32,30,26,32
0.47212,0.58583,True,1424,594,742,88,0.4789325842696629,0.5210674157303371,0.8888888888888888,0.4318181818181818,0.15767634854771784,0.17008797653958943,0.1111111111111111,0.5681818181818182,528,66,38,50,32,30,26,32
0.47212,0.59836,False,1424,594,736,94,0.48314606741573035,0.5168539325842697,0.8888888888888888,0.40425531914893614,0.15767634854771784,0.17732558139534885,0.1111111111111111,0.5957446808510638,528,66,38,56,32,30,24,32
0.47212,0.59836,True,1424,594,757,73,0.4683988764044944,0.5316011235955056,0.8888888888888888,0.4383561643835616,0.13278008298755187,0.16041979010494753,0.1111111111111111,0.5616438356164384,528,66,32,41,32,30,24,32
0.47212,0.61936,False,1424,594,757,73,0.4683988764044944,0.5316011235955056,0.8888888888888888,0.4246575342465753,0.12863070539419086,0.1619190404797601,0.1111111111111111,0.5753424657534246,528,66,31,42,32,30,23,32
0.47212,0.61936,True,1424,594,775,55,0.45575842696629215,0.5442415730337079,0.8888888888888888,0.45454545454545453,0.1037344398340249,0.14791987673343607,0.1111111111111111,0.5454545454545454,528,66,25,30,32,30,23,32
0.47212,0.67291,False,1424,594,779,51,0.4529494382022472,0.5470505617977528,0.8888888888888888,0.47058823529411764,0.0995850622406639,0.14418604651162792,0.1111111111111111,0.5294117647058824,528,66,24,27,32,29,19,32
0.47212,0.67291,True,1424,594,789,41,0.44592696629213485,0.5540730337078652,0.8888888888888888,0.5121951219512195,0.08713692946058091,0.13543307086614173,0.1111111111111111,0.4878048780487805,528,66,21,20,32,29,19,32
0.47212,0.78196,False,1424,594,801,29,0.4375,0.5625,0.8888888888888888,0.41379310344827586,0.04979253112033195,0.1332263242375602,0.1111111111111111,0.5862068965517241,528,66,12,17,32,29,14,32
0.47212,0.78196,True,1424,594,804,26,0.4353932584269663,0.5646067415730337,0.8888888888888888,0.4230769230769231,0.04564315352697095,0.13064516129032258,0.1111111111111111,0.5769230769230769,528,66,11,15,32,29,13,32
0.47212,0.96896,False,1424,594,822,8,0.42275280898876405,0.577247191011236,0.8888888888888888,0.75,0.024896265560165973,0.11295681063122924,0.1111111111111111,0.25,528,66,6,2,32,28,4,32
0.47212,0.96896,True,1424,594,823,7,0.4220505617977528,0.5779494382022472,0.8888888888888888,0.7142857142857143,0.02074688796680498,0.11314475873544093,0.1111111111111111,0.2857142857142857,528,66,5,2,32,28,4,32
0.4742,0.4749,False,1424,623,71,730,0.9501404494382022,0.04985955056179775,0.8876404494382022,0.2232876712328767,0.6763485477178424,0.4708056171470806,0.11235955056179775,0.7767123287671233,553,70,163,567,32,32,32,32
0.4742,0.4749,True,1424,623,249,552,0.8251404494382022,0.17485955056179775,0.8876404494382022,0.23007246376811594,0.5269709543568465,0.42127659574468085,0.11235955056179775,0.769927536231884,553,70,127,425,32,32,32,32
0.4742,0.47582,False,1424,623,84,717,0.9410112359550562,0.05898876404494382,0.8876404494382022,0.22454672245467225,0.6680497925311203,0.4671641791044776,0.11235955056179775,0.7754532775453278,553,70,161,556,32,32,32,32
0.4742,0.47582,True,1424,623,260,541,0.8174157303370787,0.18258426966292135,0.8876404494382022,0.23105360443622922,0.5186721991701245,0.4175257731958763,0.11235955056179775,0.7689463955637708,553,70,125,416,32,32,32,32
0.4742,0.47709,False,1424,623,104,697,0.9269662921348315,0.07303370786516854,0.8876404494382022,0.2266857962697274,0.6556016597510373,0.46136363636363636,0.11235955056179775,0.7733142037302726,553,70,158,539,32,32,32,32
0.4742,0.47709,True,1424,623,277,524,0.8054775280898876,0.19452247191011235,0.8876404494382022,0.23282442748091603,0.5062240663900415,0.4115082824760244,0.11235955056179775,0.767175572519084,553,70,122,402,32,32,32,32
0.4742,0.47817,False,1424,623,120,681,0.9157303370786517,0.08426966292134831,0.8876404494382022,0.22466960352422907,0.6348547717842323,0.45858895705521474,0.11235955056179775,0.775330396475771,553,70,153,528,32,32,32,32
0.4742,0.47817,True,1424,623,289,512,0.7970505617977528,0.2029494382022472,0.8876404494382022,0.232421875,0.49377593360995853,0.4079295154185022,0.11235955056179775,0.767578125,553,70,119,393,32,32,32,32
0.4742,0.47945,False,1424,623,140,661,0.901685393258427,0.09831460674157304,0.8876404494382022,0.22692889561270801,0.6224066390041494,0.45249221183800625,0.11235955056179775,0.773071104387292,553,70,150,511,32,32,32,32
0.4742,0.47945,True,1424,623,305,496,0.785814606741573,0.21418539325842698,0.8876404494382022,0.23588709677419356,0.4854771784232365,0.40125111706881145,0.11235955056179775,0.7641129032258065,553,70,117,379,32,32,32,32
0.4742,0.48134,False,1424,623,161,640,0.886938202247191,0.11306179775280899,0.8876404494382022,0.2328125,0.6182572614107884,0.44418052256532065,0.11235955056179775,0.7671875,553,70,149,491,32,32,32,32
0.4742,0.48134,True,1424,623,323,478,0.7731741573033708,0.22682584269662923,0.8876404494382022,0.24476987447698745,0.4854771784232365,0.39146230699364215,0.11235955056179775,0.7552301255230126,553,70,117,361,32,32,32,32
0.4742,0.48236,False,1424,623,181,620,0.8728932584269663,0.1271067415730337,0.8876404494382022,0.23870967741935484,0.6141078838174274,0.4360418342719228,0.11235955056179775,0.7612903225806451,553,70,148,472,32,32,32,32
0.4742,0.48236,True,1424,623,338,463,0.7626404494382022,0.23735955056179775,0.8876404494382022,0.2526997840172786,0.4854771784232365,0.3830570902394107,0.11235955056179775,0.7473002159827213,553,70,117,346,32,32,32,32
0.4742,0.48406,False,1424,623,202,599,0.8581460674157303,0.14185393258426968,0.8876404494382022,0.2387312186978297,0.5933609958506224,0.43044189852700493,0.11235955056179775,0.7612687813021702,553,70,143,456,32,32,32,32
0.4742,0.48406,True,1424,623,352,449,0.7528089887640449,0.24719101123595505,0.8876404494382022,0.25389755011135856,0.4730290456431535,0.37779850746268656,0.11235955056179775,0.7461024498886414,553,70,114,335,32,32,32,32
0.4742,0.48558,False,1424,623,224,577,0.8426966292134831,0.15730337078651685,0.8876404494382022,0.24436741767764297,0.5850622406639004,0.4216666666666667,0.11235955056179775,0.755632582322357,553,70,141,436,32,32,32,32
0.4742,0.48558,True,1424,623,369,432,0.7408707865168539,0.25912921348314605,0.8876404494382022,0.2638888888888889,0.4730290456431535,0.36777251184834125,0.11235955056179775,0.7361111111111112,553,70,114,318,32,32,32,32
0.4742,0.48786,False,1424,623,245,556,0.8279494382022472,0.1720505617977528,0.8876404494382022,0.2517985611510791,0.5809128630705395,0.4122137404580153,0.11235955056179775,0.7482014388489209,553,70,140,416,32,32,32,32
0.4742,0.48786,True,1424,623,384,417,0.7303370786516854,0.2696629213483146,0.8876404494382022,0.2733812949640288,0.4730290456431535,0.35865384615384616,0.11235955056179775,0.7266187050359713,553,70,114,303,32,32,32,32
0.4742,0.48938,False,1424,623,258,543,0.8188202247191011,0.18117977528089887,0.8876404494382022,0.2523020257826888,0.5684647302904564,0.40823327615780447,0.11235955056179775,0.7476979742173112,553,70,137,406,32,32,32,32
0.4742,0.48938,True,1424,623,397,404,0.7212078651685393,0.27879213483146065,0.8876404494382022,0.2747524752475248,0.4605809128630705,0.35345666991236613,0.11235955056179775,0.7252475247524752,553,70,111,293,32,32,32,32
0.4742,0.49294,False,1424,623,280,521,0.8033707865168539,0.19662921348314608,0.8876404494382022,0.2476007677543186,0.5352697095435685,0.40384615384615385,0.11235955056179775,0.7523992322456814,553,70,129,392,32,32,32,32
0.4742,0.49294,True,1424,623,409,392,0.7127808988764045,0.2872191011235955,0.8876404494382022,0.27040816326530615,0.43983402489626555,0.35073891625615766,0.11235955056179775,0.7295918367346939,553,70,106,286,32,32,32,32
0.4742,0.49536,False,1424,623,297,504,0.7914325842696629,0.20856741573033707,0.8876404494382022,0.25396825396825395,0.5311203319502075,0.39574090505767523,0.11235955056179775,0.746031746031746,553,70,128,376,32,32,32,32
0.4742,0.49536,True,1424,623,422,379,0.7036516853932584,0.29634831460674155,0.8876404494382022,0.2770448548812665,0.43568464730290457,0.34331337325349304,0.11235955056179775,0.7229551451187335,553,70,105,274,32,32,32,32
0.4742,0.49788,False,1424,623,319,482,0.7759831460674157,0.22401685393258428,0.8876404494382022,0.2551867219917012,0.5103734439834025,0.38823529411764707,0.11235955056179775,0.7448132780082988,553,70,123,359,32,32,32,32
0.4742,0.49788,True,1424,623,439,362,0.6917134831460674,0.3082865168539326,0.8876404494382022,0.281767955801105,0.42323651452282157,0.3350253807106599,0.11235955056179775,0.7182320441988951,553,70,102,260,32,32,32,32
0.4742,0.49958,False,1424,623,338,463,0.7626404494382022,0.23735955056179775,0.8876404494382022,0.2570194384449244,0.49377593360995853,0.3812154696132597,0.11235955056179775,0.7429805615550756,553,70,119,344,32,32,32,32
0.4742,0.49958,True,1424,623,453,348,0.6818820224719101,0.3181179775280899,0.8876404494382022,0.28160919540229884,0.4066390041493776,0.329557157569516,0.11235955056179775,0.7183908045977011,553,70,98,250,32,32,32,32
0.4742,0.50318,False,1424,623,359,442,0.7478932584269663,0.2521067415730337,0.8876404494382022,0.26018099547511314,0.47717842323651455,0.3727699530516432,0.11235955056179775,0.7398190045248869,553,70,115,327,32,32,32,32
0.4742,0.50318,True,1424,623,468,333,0.6713483146067416,0.32865168539325845,0.8876404494382022,0.2822822822822823,0.3900414937759336,0.32322175732217573,0.11235955056179775,0.7177177177177178,553,70,94,239,32,32,32,32
0.4742,0.50533,False,1424,623,381,420,0.7324438202247191,0.2675561797752809,0.8876404494382022,0.2619047619047619,0.45643153526970953,0.36433365292425696,0.11235955056179775,0.7380952380952381,553,70,110,310,32,32,32,32
0.4742,0.50533,True,1424,623,484,317,0.6601123595505618,0.3398876404494382,0.8876404494382022,0.28391167192429023,0.37344398340248963,0.3159574468085106,0.11235955056179775,0.7160883280757098,553,70,90,227,32,32,32,32
0.4742,0.50776,False,1424,623,403,398,0.7169943820224719,0.2830056179775281,0.8876404494382022,0.2638190954773869,0.43568464730290457,0.3555337904015671,0.11235955056179775,0.7361809045226131,553,70,105,293,32,32,32,32
0.4742,0.50776,True,1424,623,500,301,0.648876404494382,0.351123595505618,0.8876404494382022,0.2823920265780731,0.35269709543568467,0.30952380952380953,0.11235955056179775,0.717607973421927,553,70,85,216,32,32,32,32
0.4742,0.5105,False,1424,623,419,382,0.7057584269662921,0.29424157303370785,0.8876404494382022,0.27486910994764396,0.43568464730290457,0.345273631840796,0.11235955056179775,0.725130890052356,553,70,105,277,32,32,32,32
0.4742,0.5105,True,1424,623,511,290,0.6411516853932584,0.35884831460674155,0.8876404494382022,0.29310344827586204,0.35269709543568467,0.30120481927710846,0.11235955056179775,0.7068965517241379,553,70,85,205,32,32,32,32
0.4742,0.51391,False,1424,623,439,362,0.6917134831460674,0.3082865168539326,0.8876404494382022,0.27624309392265195,0.4149377593360996,0.33705583756345175,0.11235955056179775,0.7237569060773481,553,70,100,262,32,32,32,32
0.4742,0.51391,True,1424,623,522,279,0.6334269662921348,0.36657303370786515,0.8876404494382022,0.2939068100358423,0.34024896265560167,0.2960088691796009,0.11235955056179775,0.7060931899641577,553,70,82,197,32,32,32,32
0.4742,0.51704,False,1424,623,458,343,0.6783707865168539,0.32162921348314605,0.8876404494382022,0.27696793002915454,0.3941908713692946,0.32919254658385094,0.11235955056179775,0.7230320699708455,553,70,95,248,32,32,32,32
0.4742,0.51704,True,1424,623,538,263,0.6221910112359551,0.37780898876404495,0.8876404494382022,0.2965779467680608,0.3236514522821577,0.2878103837471783,0.11235955056179775,0.7034220532319392,553,70,78,185,32,32,32,32
0.4742,0.51897,False,1424,623,478,323,0.6643258426966292,0.3356741573033708,0.8876404494382022,0.28173374613003094,0.3775933609958506,0.3192389006342495,0.11235955056179775,0.718266253869969,553,70,91,232,32,32,32,32
0.4742,0.51897,True,1424,623,557,244,0.6088483146067416,0.39115168539325845,0.8876404494382022,0.30327868852459017,0.3070539419087137,0.2768166089965398,0.11235955056179775,0.6967213114754098,553,70,74,170,32,32,32,32
0.4742,0.52434,False,1424,623,499,302,0.6495786516853933,0.35042134831460675,0.8876404494382022,0.28807947019867547,0.36099585062240663,0.3081081081081081,0.11235955056179775,0.7119205298013245,553,70,87,215,32,32,32,32
0.4742,0.52434,True,1424,623,576,225,0.5955056179775281,0.4044943820224719,0.8876404494382022,0.3111111111111111,0.29045643153526973,0.2653301886792453,0.11235955056179775,0.6888888888888889,553,70,70,155,32,32,32,32
0.4742,0.52767,False,1424,623,515,286,0.6383426966292135,0.3616573033707865,0.8876404494382022,0.2972027972027972,0.35269709543568467,0.29812981298129815,0.11235955056179775,0.7027972027972028,553,70,85,201,32,32,32,32
0.4742,0.52767,True,1424,623,589,212,0.586376404494382,0.413623595505618,0.8876404494382022,0.32075471698113206,0.2821576763485477,0.2562874251497006,0.11235955056179775,0.6792452830188679,553,70,68,144,32,32,32,32
0.4742,0.53286,False,1424,623,537,264,0.6228932584269663,0.3771067415730337,0.8876404494382022,0.3068181818181818,0.3360995850622407,0.2852311161217587,0.11235955056179775,0.6931818181818182,553,70,81,183,32,32,32,32
0.4742,0.53286,True,1424,623,607,194,0.5737359550561798,0.4262640449438202,0.8876404494382022,0.32989690721649484,0.26556016597510373,0.24479804161566707,0.11235955056179775,0.6701030927835051,553,70,64,130,32,32,32,32
0.4742,0.53953,False,1424,623,559,242,0.6074438202247191,0.3925561797752809,0.8876404494382022,0.30991735537190085,0.3112033195020747,0.27398843930635836,0.11235955056179775,0.6900826446280992,553,70,75,167,32,32,32,32
0.4742,0.53953,True,1424,623,624,177,0.5617977528089888,0.43820224719101125,0.8876404494382022,0.3389830508474576,0.24896265560165975,0.23375,0.11235955056179775,0.6610169491525424,553,70,60,117,32,32,32,32
0.4742,0.54572,False,1424,623,580,221,0.5926966292134831,0.40730337078651685,0.8876404494382022,0.3212669683257919,0.2946058091286307,0.26066350710900477,0.11235955056179775,0.6787330316742082,553,70,71,150,32,32,32,32
0.4742,0.54572,True,1424,623,638,163,0.5519662921348315,0.44803370786516855,0.8876404494382022,0.3558282208588957,0.24066390041493776,0.22264631043256997,0.11235955056179775,0.6441717791411042,553,70,58,105,32,32,32,32
0.4742,0.54999,False,1424,623,598,203,0.5800561797752809,0.4199438202247191,0.8876404494382022,0.3399014778325123,0.2863070539419087,0.2469733656174334,0.11235955056179775,0.6600985221674877,553,70,69,134,32,32,31,32
0.4742,0.54999,True,1424,623,654,147,0.5407303370786517,0.4592696629213483,0.8876404494382022,0.38095238095238093,0.23236514522821577,0.20909090909090908,0.11235955056179775,0.6190476190476191,553,70,56,91,32,32,30,32
0.4742,0.55464,False,1424,623,620,181,0.5646067415730337,0.4353932584269663,0.8876404494382022,0.3370165745856354,0.25311203319502074,0.236318407960199,0.11235955056179775,0.6629834254143646,553,70,61,120,32,32,30,32
0.4742,0.55464,True,1424,623,670,131,0.5294943820224719,0.4705056179775281,0.8876404494382022,0.3893129770992366,0.21161825726141079,0.1989389920424403,0.11235955056179775,0.6106870229007634,553,70,51,80,32,32,29,32
0.4742,0.56209,False,1424,623,641,160,0.5498595505617978,0.45014044943820225,0.8876404494382022,0.35,0.23236514522821577,0.2222222222222222,0.11235955056179775,0.65,553,70,56,104,32,32,29,32
0.4742,0.56209,True,1424,623,684,117,0.5196629213483146,0.4803370786516854,0.8876404494382022,0.41025641025641024,0.1991701244813278,0.18783783783783783,0.11235955056179775,0.5897435897435898,553,70,48,69,32,32,28,32
0.4742,0.57246,False,1424,623,663,138,0.5344101123595506,0.46558988764044945,0.8876404494382022,0.35507246376811596,0.2033195020746888,0.20893561103810776,0.11235955056179775,0.644927536231884,553,70,49,89,32,31,29,32
0.4742,0.57246,True,1424,623,697,104,0.5105337078651685,0.48946629213483145,0.8876404494382022,0.40384615384615385,0.17427385892116182,0.1815680880330124,0.11235955056179775,0.5961538461538461,553,70,42,62,32,31,28,32
0.4742,0.58583,False,1424,623,685,116,0.5189606741573034,0.48103932584269665,0.8876404494382022,0.3879310344827586,0.18672199170124482,0.19079837618403248,0.11235955056179775,0.6120689655172413,553,70,45,71,32,31,26,32
0.4742,0.58583,True,1424,623,713,88,0.49929775280898875,0.5007022471910112,0.8876404494382022,0.4318181818181818,0.15767634854771784,0.16877637130801687,0.11235955056179775,0.5681818181818182,553,70,38,50,32,31,26,32
0.4742,0.59836,False,1424,623,707,94,0.5035112359550562,0.4964887640449438,0.8876404494382022,0.40425531914893614,0.15767634854771784,0.17573221757322174,0.11235955056179775,0.5957446808510638,553,70,38,56,32,31,24,32
0.4742,0.59836,True,1424,623,728,73,0.4887640449438202,0.5112359550561798,0.8876404494382022,0.4383561643835616,0.13278008298755187,0.15948275862068967,0.11235955056179775,0.5616438356164384,553,70,32,41,32,31,24,32
0.4742,0.61936,False,1424,623,728,73,0.4887640449438202,0.5112359550561798,0.8876404494382022,0.4246575342465753,0.12863070539419086,0.16091954022988506,0.11235955056179775,0.5753424657534246,553,70,31,42,32,31,23,32
0.4742,0.61936,True,1424,623,746,55,0.476123595505618,0.523876404494382,0.8876404494382022,0.45454545454545453,0.1037344398340249,0.14749262536873156,0.11235955056179775,0.5454545454545454,553,70,25,30,32,31,23,32
0.4742,0.67291,False,1424,623,750,51,0.47331460674157305,0.526685393258427,0.8876404494382022,0.47058823529411764,0.0995850622406639,0.14391691394658754,0.11235955056179775,0.5294117647058824,553,70,24,27,32,31,19,32
0.4742,0.67291,True,1424,623,760,41,0.46629213483146065,0.5337078651685393,0.8876404494382022,0.5121951219512195,0.08713692946058091,0.1355421686746988,0.11235955056179775,0.4878048780487805,553,70,21,20,32,31,19,32
0.4742,0.78196,False,1424,623,772,29,0.45786516853932585,0.5421348314606742,0.8876404494382022,0.41379310344827586,0.04979253112033195,0.1334355828220859,0.11235955056179775,0.5862068965517241,553,70,12,17,32,31,14,32
0.4742,0.78196,True,1424,623,775,26,0.45575842696629215,0.5442415730337079,0.8876404494382022,0.4230769230769231,0.04564315352697095,0.13097072419106318,0.11235955056179775,0.5769230769230769,553,70,11,15,32,30,13,32
0.4742,0.96896,False,1424,623,793,8,0.4431179775280899,0.5568820224719101,0.8876404494382022,0.75,0.024896265560165973,0.11410459587955626,0.11235955056179775,0.25,553,70,6,2,32,29,4,32
0.4742,0.96896,True,1424,623,794,7,0.44241573033707865,0.5575842696629213,0.8876404494382022,0.7142857142857143,0.02074688796680498,0.11428571428571428,0.11235955056179775,0.2857142857142857,553,70,5,2,32,29,4,32
0.4757,0.47582,False,1424,642,65,717,0.9543539325842697,0.04564606741573034,0.8862928348909658,0.22454672245467225,0.6680497925311203,0.4628403237674761,0.11370716510903427,0.7754532775453278,569,73,161,556,32,32,32,32
0.4757,0.47582,True,1424,642,241,541,0.8307584269662921,0.16924157303370788,0.8862928348909658,0.23105360443622922,0.5186721991701245,0.41335587489433645,0.11370716510903427,0.7689463955637708,569,73,125,416,32,32,32,32
0.4757,0.47709,False,1424,642,85,697,0.9403089887640449,0.059691011235955056,0.8862928348909658,0.2266857962697274,0.6556016597510373,0.4570575056011949,0.11370716510903427,0.7733142037302726,569,73,158,539,32,32,32,32
0.4757,0.47709,True,1424,642,258,524,0.8188202247191011,0.18117977528089887,0.8862928348909658,0.23282442748091603,0.5062240663900415,0.4073756432246998,0.11370716510903427,0.767175572519084,569,73,122,402,32,32,32,32
0.4757,0.47817,False,1424,642,101,681,0.9290730337078652,0.07092696629213484,0.8862928348909658,0.22466960352422907,0.6348547717842323,0.45427059712774,0.11370716510903427,0.775330396475771,569,73,153,528,32,32,32,32
0.4757,0.47817,True,1424,642,270,512,0.8103932584269663,0.1896067415730337,0.8862928348909658,0.232421875,0.49377593360995853,0.4038128249566724,0.11370716510903427,0.767578125,569,73,119,393,32,32,32,32
0.4757,0.47945,False,1424,642,121,661,0.9150280898876404,0.08497191011235955,0.8862928348909658,0.22692889561270801,0.6224066390041494,0.4481964696853415,0.11370716510903427,0.773071104387292,569,73,150,511,32,32,32,32
0.4757,0.47945,True,1424,642,286,496,0.7991573033707865,0.20084269662921347,0.8862928348909658,0.23588709677419356,0.4854771784232365,0.39718804920913886,0.11370716510903427,0.7641129032258065,569,73,117,379,32,32,32,32
0.4757,0.48134,False,1424,642,142,640,0.9002808988764045,0.0997191011235955,0.8862928348909658,0.2328125,0.6182572614107884,0.43993759750390016,0.11370716510903427,0.7671875,569,73,149,491,32,32,32,32
0.4757,0.48134,True,1424,642,304,478,0.7865168539325843,0.21348314606741572,0.8862928348909658,0.24476987447698745,0.4854771784232365,0.3875,0.11370716510903427,0.7552301255230126,569,73,117,361,32,32,32,32
0.4757,0.48236,False,1424,642,162,620,0.8862359550561798,0.11376404494382023,0.8862928348909658,0.23870967741935484,0.6141078838174274,0.4318541996830428,0.11370716510903427,0.7612903225806451,569,73,148,472,32,32,32,32
0.4757,0.48236,True,1424,642,319,463,0.7759831460674157,0.22401685393258428,0.8862928348909658,0.2526997840172786,0.4854771784232365,0.37918552036199094,0.11370716510903427,0.7473002159827213,569,73,117,346,32,32,32,32
0.4757,0.48406,False,1424,642,183,599,0.8714887640449438,0.12851123595505617,0.8862928348909658,0.2387312186978297,0.5933609958506224,0.4262691377921031,0.11370716510903427,0.7612687813021702,569,73,143,456,32,32,32,32
0.4757,0.48406,True,1424,642,333,449,0.7661516853932584,0.23384831460674158,0.8862928348909658,0.25389755011135856,0.4730290456431535,0.37396883593033914,0.11370716510903427,0.7461024498886414,569,73,114,335,32,32,32,32
0.4757,0.48558,False,1424,642,205,577,0.8560393258426966,0.14396067415730338,0.8862928348909658,0.24436741767764297,0.5850622406639004,0.41755537325676784,0.11370716510903427,0.755632582322357,569,73,141,436,32,32,32,32
0.4757,0.48558,True,1424,642,350,432,0.7542134831460674,0.24578651685393257,0.8862928348909658,0.2638888888888889,0.4730290456431535,0.36405959031657353,0.11370716510903427,0.7361111111111112,569,73,114,318,32,32,32,32
0.4757,0.48786,False,1424,642,226,556,0.8412921348314607,0.15870786516853932,0.8862928348909658,0.2517985611510791,0.5809128630705395,0.4081803005008347,0.11370716510903427,0.7482014388489209,569,73,140,416,32,32,32,32
0.4757,0.48786,True,1424,642,365,417,0.7436797752808989,0.2563202247191011,0.8862928348909658,0.2733812949640288,0.4730290456431535,0.3550519357884797,0.11370716510903427,0.7266187050359713,569,73,114,303,32,32,32,32
0.4757,0.48938,False,1424,642,239,543,0.8321629213483146,0.1678370786516854,0.8862928348909658,0.2523020257826888,0.5684647302904564,0.40421940928270045,0.11370716510903427,0.7476979742173112,569,73,137,406,32,32,32,32
0.4757,0.48938,True,1424,642,378,404,0.7345505617977528,0.2654494382022472,0.8862928348909658,0.2747524752475248,0.4605809128630705,0.34990439770554493,0.11370716510903427,0.7252475247524752,569,73,111,293,32,32,32,32
0.4757,0.49294,False,1424,642,261,521,0.8167134831460674,0.18328651685393257,0.8862928348909658,0.2476007677543186,0.5352697095435685,0.3998280309544282,0.11370716510903427,0.7523992322456814,569,73,129,392,32,32,32,32
0.4757,0.49294,True,1424,642,390,392,0.726123595505618,0.273876404494382,0.8862928348909658,0.27040816326530615,0.43983402489626555,0.3471953578336557,0.11370716510903427,0.7295918367346939,569,73,106,286,32,32,32,32
0.4757,0.49536,False,1424,642,278,504,0.8047752808988764,0.1952247191011236,0.8862928348909658,0.25396825396825395,0.5311203319502075,0.39179755671902267,0.11370716510903427,0.746031746031746,569,73,128,376,32,32,32,32
0.4757,0.49536,True,1424,642,403,379,0.7169943820224719,0.2830056179775281,0.8862928348909658,0.2770448548812665,0.43568464730290457,0.33986287952987265,0.11370716510903427,0.7229551451187335,569,73,105,274,32,32,32,32
0.4757,0.49788,False,1424,642,300,482,0.7893258426966292,0.21067415730337077,0.8862928348909658,0.2551867219917012,0.5103734439834025,0.38434163701067614,0.11370716510903427,0.7448132780082988,569,73,123,359,32,32,32,32
0.4757,0.49788,True,1424,642,420,362,0.7050561797752809,0.2949438202247191,0.8862928348909658,0.281767955801105,0.42323651452282157,0.33167330677290835,0.11370716510903427,0.7182320441988951,569,73,102,260,32,32,32,32
0.4757,0.49958,False,1424,642,319,463,0.7759831460674157,0.22401685393258428,0.8862928348909658,0.2570194384449244,0.49377593360995853,0.3773755656108597,0.11370716510903427,0.7429805615550756,569,73,119,344,32,32,32,32
0.4757,0.49958,True,1424,642,434,348,0.6952247191011236,0.3047752808988764,0.8862928348909658,0.28160919540229884,0.4066390041493776,0.32626262626262625,0.11370716510903427,0.7183908045977011,569,73,98,250,32,32,32,32
0.4757,0.50318,False,1424,642,340,442,0.7612359550561798,0.23876404494382023,0.8862928348909658,0.26018099547511314,0.47717842323651455,0.36900369003690037,0.11370716510903427,0.7398190045248869,569,73,115,327,32,32,32,32
0.4757,0.50318,True,1424,642,449,333,0.6846910112359551,0.31530898876404495,0.8862928348909658,0.2822822822822823,0.3900414937759336,0.32,0.11370716510903427,0.7177177177177178,569,73,94,239,32,32,32,32
0.4757,0.50533,False,1424,642,362,420,0.7457865168539326,0.2542134831460674,0.8862928348909658,0.2619047619047619,0.45643153526970953,0.3606403013182674,0.11370716510903427,0.7380952380952381,569,73,110,310,32,32,32,32
0.4757,0.50533,True,1424,642,465,317,0.6734550561797753,0.3265449438202247,0.8862928348909658,0.28391167192429023,0.37344398340248963,0.31282586027111575,0.11370716510903427,0.7160883280757098,569,73,90,227,32,32,32,32
0.4757,0.50776,False,1424,642,384,398,0.7303370786516854,0.2696629213483146,0.8862928348909658,0.2638190954773869,0.43568464730290457,0.35192307692307695,0.11370716510903427,0.7361809045226131,569,73,105,293,32,32,32,32
0.4757,0.50776,True,1424,642,481,301,0.6622191011235955,0.3377808988764045,0.8862928348909658,0.2823920265780731,0.35269709543568467,0.3064687168610817,0.11370716510903427,0.717607973421927,569,73,85,216,32,32,32,32
0.4757,0.5105,False,1424,642,400,382,0.7191011235955056,0.2808988764044944,0.8862928348909658,0.27486910994764396,0.43568464730290457,0.341796875,0.11370716510903427,0.725130890052356,569,73,105,277,32,32,32,32
0.4757,0.5105,True,1424,642,492,290,0.6544943820224719,0.3455056179775281,0.8862928348909658,0.29310344827586204,0.35269709543568467,0.2982832618025751,0.11370716510903427,0.7068965517241379,569,73,85,205,32,32,32,32
0.4757,0.51391,False,1424,642,420,362,0.7050561797752809,0.2949438202247191,0.8862928348909658,0.27624309392265195,0.4149377593360996,0.3336653386454183,0.11370716510903427,0.7237569060773481,569,73,100,262,32,32,32,32
0.4757,0.51391,True,1424,642,503,279,0.6467696629213483,0.3532303370786517,0.8862928348909658,0.2939068100358423,0.34024896265560167,0.2931596091205212,0.11370716510903427,0.7060931899641577,569,73,82,197,32,32,32,32
0.4757,0.51704,False,1424,642,439,343,0.6917134831460674,0.3082865168539326,0.8862928348909658,0.27696793002915454,0.3941908713692946,0.32588832487309644,0.11370716510903427,0.7230320699708455,569,73,95,248,32,32,32,32
0.4757,0.51704,True,1424,642,519,263,0.6355337078651685,0.36446629213483145,0.8862928348909658,0.2965779467680608,0.3236514522821577,0.2850828729281768,0.11370716510903427,0.7034220532319392,569,73,78,185,32,32,32,32
0.4757,0.51897,False,1424,642,459,323,0.6776685393258427,0.3223314606741573,0.8862928348909658,0.28173374613003094,0.3775933609958506,0.3160621761658031,0.11370716510903427,0.718266253869969,569,73,91,232,32,32,32,32
0.4757,0.51897,True,1424,642,538,244,0.6221910112359551,0.37780898876404495,0.8862928348909658,0.30327868852459017,0.3070539419087137,0.2742663656884876,0.11370716510903427,0.6967213114754098,569,73,74,170,32,32,32,32
0.4757,0.52434,False,1424,642,480,302,0.6629213483146067,0.33707865168539325,0.8862928348909658,0.28807947019867547,0.36099585062240663,0.3050847457627119,0.11370716510903427,0.7119205298013245,569,73,87,215,32,32,32,32
0.4757,0.52434,True,1424,642,557,225,0.6088483146067416,0.39115168539325845,0.8862928348909658,0.3111111111111111,0.29045643153526973,0.2629757785467128,0.11370716510903427,0.6888888888888889,569,73,70,155,32,32,32,32
0.4757,0.52767,False,1424,642,496,286,0.651685393258427,0.34831460674157305,0.8862928348909658,0.2972027972027972,0.35269709543568467,0.2952586206896552,0.11370716510903427,0.7027972027972028,569,73,85,201,32,32,32,32
0.4757,0.52767,True,1424,642,570,212,0.5997191011235955,0.4002808988764045,0.8862928348909658,0.32075471698113206,0.2821576763485477,0.2540983606557377,0.11370716510903427,0.6792452830188679,569,73,68,144,32,32,32,32
0.4757,0.53286,False,1424,642,518,264,0.6362359550561798,0.3637640449438202,0.8862928348909658,0.3068181818181818,0.3360995850622407,0.282560706401766,0.11370716510903427,0.6931818181818182,569,73,81,183,32,32,32,32
0.4757,0.53286,True,1424,642,588,194,0.5870786516853933,0.41292134831460675,0.8862928348909658,0.32989690721649484,0.26556016597510373,0.24282296650717702,0.11370716510903427,0.6701030927835051,569,73,64,130,32,32,32,32
0.4757,0.53953,False,1424,642,540,242,0.6207865168539326,0.3792134831460674,0.8862928348909658,0.30991735537190085,0.3112033195020747,0.27149321266968324,0.11370716510903427,0.6900826446280992,569,73,75,167,32,32,32,32
0.4757,0.53953,True,1424,642,605,177,0.5751404494382022,0.42485955056179775,0.8862928348909658,0.3389830508474576,0.24896265560165975,0.231990231990232,0.11370716510903427,0.6610169491525424,569,73,60,117,32,32,32,32
0.4757,0.54572,False,1424,642,561,221,0.6060393258426966,0.39396067415730335,0.8862928348909658,0.3212669683257919,0.2946058091286307,0.25840092699884126,0.11370716510903427,0.6787330316742082,569,73,71,150,32,32,32,32
0.4757,0.54572,True,1424,642,619,163,0.5653089887640449,0.43469101123595505,0.8862928348909658,0.3558282208588957,0.24066390041493776,0.22111801242236026,0.11370716510903427,0.6441717791411042,569,73,58,105,32,32,32,32
0.4757,0.54999,False,1424,642,579,203,0.5933988764044944,0.4066011235955056,0.8862928348909658,0.3399014778325123,0.2863070539419087,0.24497041420118343,0.11370716510903427,0.6600985221674877,569,73,69,134,32,32,31,32
0.4757,0.54999,True,1424,642,635,147,0.5540730337078652,0.44592696629213485,0.8862928348909658,0.38095238095238093,0.23236514522821577,0.20785804816223066,0.11370716510903427,0.6190476190476191,569,73,56,91,32,32,30,32
0.4757,0.55464,False,1424,642,601,181,0.5779494382022472,0.4220505617977528,0.8862928348909658,0.3370165745856354,0.25311203319502074,0.2345078979343864,0.11370716510903427,0.6629834254143646,569,73,61,120,32,32,30,32
0.4757,0.55464,True,1424,642,651,131,0.5428370786516854,0.4571629213483146,0.8862928348909658,0.3893129770992366,0.21161825726141079,0.1979301423027167,0.11370716510903427,0.6106870229007634,569,73,51,80,32,32,29,32
0.4757,0.56209,False,1424,642,622,160,0.5632022471910112,0.43679775280898875,0.8862928348909658,0.35,0.23236514522821577,0.22069825436408977,0.11370716510903427,0.65,569,73,56,104,32,32,29,32
0.4757,0.56209,True,1424,642,665,117,0.5330056179775281,0.4669943820224719,0.8862928348909658,0.41025641025641024,0.1991701244813278,0.18708827404479578,0.11370716510903427,0.5897435897435898,569,73,48,69,32,32,28,32
0.4757,0.57246,False,1424,642,644,138,0.547752808988764,0.45224719101123595,0.8862928348909658,0.35507246376811596,0.2033195020746888,0.2076923076923077,0.11370716510903427,0.644927536231884,569,73,49,89,32,31,29,32
0.4757,0.57246,True,1424,642,678,104,0.523876404494382,0.476123595505618,0.8862928348909658,0.40384615384615385,0.17427385892116182,0.18096514745308312,0.11370716510903427,0.5961538461538461,569,73,42,62,32,31,28,32
0.4757,0.58583,False,1424,642,666,116,0.5323033707865169,0.46769662921348315,0.8862928348909658,0.3879310344827586,0.18672199170124482,0.18997361477572558,0.11370716510903427,0.6120689655172413,569,73,45,71,32,31,26,32
0.4757,0.58583,True,1424,642,694,88,0.5126404494382022,0.48735955056179775,0.8862928348909658,0.4318181818181818,0.15767634854771784,0.1684931506849315,0.11370716510903427,0.5681818181818182,569,73,38,50,32,31,26,32
0.4757,0.59836,False,1424,642,688,94,0.5168539325842697,0.48314606741573035,0.8862928348909658,0.40425531914893614,0.15767634854771784,0.17527173913043478,0.11370716510903427,0.5957446808510638,569,73,38,56,32,31,24,32
0.4757,0.59836,True,1424,642,709,73,0.5021067415730337,0.4978932584269663,0.8862928348909658,0.4383561643835616,0.13278008298755187,0.15944055944055943,0.11370716510903427,0.5616438356164384,569,73,32,41,32,31,24,32
0.4757,0.61936,False,1424,642,709,73,0.5021067415730337,0.4978932584269663,0.8862928348909658,0.4246575342465753,0.12863070539419086,0.16083916083916083,0.11370716510903427,0.5753424657534246,569,73,31,42,32,31,23,32
0.4757,0.61936,True,1424,642,727,55,0.48946629213483145,0.5105337078651685,0.8862928348909658,0.45454545454545453,0.1037344398340249,0.14777618364418937,0.11370716510903427,0.5454545454545454,569,73,25,30,32,31,23,32
0.4757,0.67291,False,1424,642,731,51,0.4866573033707865,0.5133426966292135,0.8862928348909658,0.47058823529411764,0.0995850622406639,0.1443001443001443,0.11370716510903427,0.5294117647058824,569,73,24,27,32,31,19,32
0.4757,0.67291,True,1424,642,741,41,0.47963483146067415,0.5203651685393258,0.8862928348909658,0.5121951219512195,0.08713692946058091,0.13616398243045388,0.11370716510903427,0.4878048780487805,569,73,21,20,32,31,19,32
0.4757,0.78196,False,1424,642,753,29,0.47120786516853935,0.5287921348314607,0.8862928348909658,0.41379310344827586,0.04979253112033195,0.13412816691505217,0.11370716510903427,0.5862068965517241,569,73,12,17,32,31,14,32
0.4757,0.78196,True,1424,642,756,26,0.4691011235955056,0.5308988764044944,0.8862928348909658,0.4230769230769231,0.04564315352697095,0.1317365269461078,0.11370716510903427,0.5769230769230769,569,73,11,15,32,30,13,32
0.4757,0.96896,False,1424,642,774,8,0.45646067415730335,0.5435393258426966,0.8862928348909658,0.75,0.024896265560165973,0.11538461538461539,0.11370716510903427,0.25,569,73,6,2,32,29,4,32
0.4757,0.96896,True,1424,642,775,7,0.45575842696629215,0.5442415730337079,0.8862928348909658,0.7142857142857143,0.02074688796680498,0.11556240369799692,0.11370716510903427,0.2857142857142857,569,73,5,2,32,29,4,32
0.47737,0.47817,False,1424,668,75,681,0.9473314606741573,0.05266853932584269,0.8847305389221557,0.22466960352422907,0.6348547717842323,0.44848035581912526,0.11526946107784432,0.775330396475771,591,77,153,528,32,32,32,32
0.47737,0.47817,True,1424,668,244,512,0.8286516853932584,0.17134831460674158,0.8847305389221557,0.232421875,0.49377593360995853,0.3983050847457627,0.11526946107784432,0.767578125,591,77,119,393,32,32,32,32
0.47737,0.47945,False,1424,668,95,661,0.9332865168539326,0.06671348314606741,0.8847305389221557,0.22692889561270801,0.6224066390041494,0.44243792325056436,0.11526946107784432,0.773071104387292,591,77,150,511,32,32,32,32
0.47737,0.47945,True,1424,668,260,496,0.8174157303370787,0.18258426966292135,0.8847305389221557,0.23588709677419356,0.4854771784232365,0.3917525773195876,0.11526946107784432,0.7641129032258065,591,77,117,379,32,32,32,32
0.47737,0.48134,False,1424,668,116,640,0.9185393258426966,0.08146067415730338,0.8847305389221557,0.2328125,0.6182572614107884,0.43425076452599387,0.11526946107784432,0.7671875,591,77,149,491,32,32,32,32
0.47737,0.48134,True,1424,668,278,478,0.8047752808988764,0.1952247191011236,0.8847305389221557,0.24476987447698745,0.4854771784232365,0.38219895287958117,0.11526946107784432,0.7552301255230126,591,77,117,361,32,32,32,32
0.47737,0.48236,False,1424,668,136,620,0.9044943820224719,0.09550561797752809,0.8847305389221557,0.23870967741935484,0.6141078838174274,0.42624223602484473,0.11526946107784432,0.7612903225806451,591,77,148,472,32,32,32,32
0.47737,0.48236,True,1424,668,293,463,0.7942415730337079,0.20575842696629212,0.8847305389221557,0.2526997840172786,0.4854771784232365,0.3740053050397878,0.11526946107784432,0.7473002159827213,591,77,117,346,32,32,32,32
0.47737,0.48406,False,1424,668,157,599,0.889747191011236,0.11025280898876405,0.8847305389221557,0.2387312186978297,0.5933609958506224,0.4206787687450671,0.11526946107784432,0.7612687813021702,591,77,143,456,32,32,32,32
0.47737,0.48406,True,1424,668,307,449,0.7844101123595506,0.21558988764044945,0.8847305389221557,0.25389755011135856,0.4730290456431535,0.36884512085944493,0.11526946107784432,0.7461024498886414,591,77,114,335,32,32,32,32
0.47737,0.48558,False,1424,668,179,577,0.8742977528089888,0.12570224719101122,0.8847305389221557,0.24436741767764297,0.5850622406639004,0.41204819277108434,0.11526946107784432,0.755632582322357,591,77,141,436,32,32,32,32
0.47737,0.48558,True,1424,668,324,432,0.7724719101123596,0.22752808988764045,0.8847305389221557,0.2638888888888889,0.4730290456431535,0.35909090909090907,0.11526946107784432,0.7361111111111112,591,77,114,318,32,32,32,32
0.47737,0.48786,False,1424,668,200,556,0.8595505617977528,0.1404494382022472,0.8847305389221557,0.2517985611510791,0.5809128630705395,0.4027777777777778,0.11526946107784432,0.7482014388489209,591,77,140,416,32,32,32,32
0.47737,0.48786,True,1424,668,339,417,0.761938202247191,0.238061797752809,0.8847305389221557,0.2733812949640288,0.4730290456431535,0.35023041474654376,0.11526946107784432,0.7266187050359713,591,77,114,303,32,32,32,32
0.47737,0.48938,False,1424,668,213,543,0.8504213483146067,0.14957865168539325,0.8847305389221557,0.2523020257826888,0.5684647302904564,0.3988439306358382,0.11526946107784432,0.7476979742173112,591,77,137,406,32,32,32,32
0.47737,0.48938,True,1424,668,352,404,0.7528089887640449,0.24719101123595505,0.8847305389221557,0.2747524752475248,0.4605809128630705,0.3451492537313433,0.11526946107784432,0.7252475247524752,591,77,111,293,32,32,32,32
0.47737,0.49294,False,1424,668,235,521,0.8349719101123596,0.16502808988764045,0.8847305389221557,0.2476007677543186,0.5352697095435685,0.39444911690496215,0.11526946107784432,0.7523992322456814,591,77,129,392,32,32,32,32
0.47737,0.49294,True,1424,668,364,392,0.7443820224719101,0.2556179775280899,0.8847305389221557,0.27040816326530615,0.43983402489626555,0.3424528301886792,0.11526946107784432,0.7295918367346939,591,77,106,286,32,32,32,32
0.47737,0.49536,False,1424,668,252,504,0.8230337078651685,0.17696629213483145,0.8847305389221557,0.25396825396825395,0.5311203319502075,0.386518771331058,0.11526946107784432,0.746031746031746,591,77,128,376,32,32,32,32
0.47737,0.49536,True,1424,668,377,379,0.735252808988764,0.26474719101123595,0.8847305389221557,0.2770448548812665,0.43568464730290457,0.335243553008596,0.11526946107784432,0.7229551451187335,591,77,105,274,32,32,32,32
0.47737,0.49788,False,1424,668,274,482,0.8075842696629213,0.19241573033707865,0.8847305389221557,0.2551867219917012,0.5103734439834025,0.3791304347826087,0.11526946107784432,0.7448132780082988,591,77,123,359,32,32,32,32
0.47737,0.49788,True,1424,668,394,362,0.723314606741573,0.27668539325842695,0.8847305389221557,0.281767955801105,0.42323651452282157,0.3271844660194175,0.11526946107784432,0.7182320441988951,591,77,102,260,32,32,32,32
0.47737,0.49958,False,1424,668,293,463,0.7942415730337079,0.20575842696629212,0.8847305389221557,0.2570194384449244,0.49377593360995853,0.372236958443855,0.11526946107784432,0.7429805615550756,591,77,119,344,32,32,32,32
0.47737,0.49958,True,1424,668,408,348,0.7134831460674157,0.28651685393258425,0.8847305389221557,0.28160919540229884,0.4066390041493776,0.3218503937007874,0.11526946107784432,0.7183908045977011,591,77,98,250,32,32,32,32
0.47737,0.50318,False,1424,668,314,442,0.7794943820224719,0.2205056179775281,0.8847305389221557,0.26018099547511314,0.47717842323651455,0.36396396396396397,0.11526946107784432,0.7398190045248869,591,77,115,327,32,32,32,32
0.47737,0.50318,True,1424,668,423,333,0.7029494382022472,0.2970505617977528,0.8847305389221557,0.2822822822822823,0.3900414937759336,0.3156843156843157,0.11526946107784432,0.7177177177177178,591,77,94,239,32,32,32,32
0.47737,0.50533,False,1424,668,336,420,0.7640449438202247,0.23595505617977527,0.8847305389221557,0.2619047619047619,0.45643153526970953,0.3556985294117647,0.11526946107784432,0.7380952380952381,591,77,110,310,32,32,32,32
0.47737,0.50533,True,1424,668,439,317,0.6917134831460674,0.3082865168539326,0.8847305389221557,0.28391167192429023,0.37344398340248963,0.3086294416243655,0.11526946107784432,0.7160883280757098,591,77,90,227,32,32,32,32
0.47737,0.50776,False,1424,668,358,398,0.7485955056179775,0.25140449438202245,0.8847305389221557,0.2638190954773869,0.43568464730290457,0.34709193245778613,0.11526946107784432,0.7361809045226131,591,77,105,293,32,32,32,32
0.47737,0.50776,True,1424,668,455,301,0.6804775280898876,0.31952247191011235,0.8847305389221557,0.2823920265780731,0.35269709543568467,0.3023735810113519,0.11526946107784432,0.717607973421927,591,77,85,216,32,32,32,32
0.47737,0.5105,False,1424,668,374,382,0.7373595505617978,0.26264044943820225,0.8847305389221557,0.27486910994764396,0.43568464730290457,0.33714285714285713,0.11526946107784432,0.725130890052356,591,77,105,277,32,32,32,32
0.47737,0.5105,True,1424,668,466,290,0.672752808988764,0.32724719101123595,0.8847305389221557,0.29310344827586204,0.35269709543568467,0.29436325678496866,0.11526946107784432,0.7068965517241379,591,77,85,205,32,32,32,32
0.47737,0.51391,False,1424,668,394,362,0.723314606741573,0.27668539325842695,0.8847305389221557,0.27624309392265195,0.4149377593360996,0.329126213592233,0.11526946107784432,0.7237569060773481,591,77,100,262,32,32,32,32
0.47737,0.51391,True,1424,668,477,279,0.6650280898876404,0.33497191011235955,0.8847305389221557,0.2939068100358423,0.34024896265560167,0.2893347412882788,0.11526946107784432,0.7060931899641577,591,77,82,197,32,32,32,32
0.47737,0.51704,False,1424,668,413,343,0.7099719101123596,0.29002808988764045,0.8847305389221557,0.27696793002915454,0.3941908713692946,0.32146389713155293,0.11526946107784432,0.7230320699708455,591,77,95,248,32,32,32,32
0.47737,0.51704,True,1424,668,493,263,0.6537921348314607,0.34620786516853935,0.8847305389221557,0.2965779467680608,0.3236514522821577,0.2814178302900107,0.11526946107784432,0.7034220532319392,591,77,78,185,32,32,32,32
0.47737,0.51897,False,1424,668,433,323,0.6959269662921348,0.30407303370786515,0.8847305389221557,0.28173374613003094,0.3775933609958506,0.31180625630676084,0.11526946107784432,0.718266253869969,591,77,91,232,32,32,32,32
0.47737,0.51897,True,1424,668,512,244,0.6404494382022472,0.3595505617977528,0.8847305389221557,0.30327868852459017,0.3070539419087137,0.2708333333333333,0.11526946107784432,0.6967213114754098,591,77,74,170,32,32,32,32
0.47737,0.52434,False,1424,668,454,302,0.6811797752808989,0.3188202247191011,0.8847305389221557,0.28807947019867547,0.36099585062240663,0.30103092783505153,0.11526946107784432,0.7119205298013245,591,77,87,215,32,32,32,32
0.47737,0.52434,True,1424,668,531,225,0.6271067415730337,0.3728932584269663,0.8847305389221557,0.3111111111111111,0.29045643153526973,0.2597984322508399,0.11526946107784432,0.6888888888888889,591,77,70,155,32,32,32,32
0.47737,0.52767,False,1424,668,470,286,0.6699438202247191,0.3300561797752809,0.8847305389221557,0.2972027972027972,0.35269709543568467,0.2914046121593291,0.11526946107784432,0.7027972027972028,591,77,85,201,32,32,32,32
0.47737,0.52767,True,1424,668,544,212,0.6179775280898876,0.38202247191011235,0.8847305389221557,0.32075471698113206,0.2821576763485477,0.25113636363636366,0.11526946107784432,0.6792452830188679,591,77,68,144,32,32,32,32
0.47737,0.53286,False,1424,668,492,264,0.6544943820224719,0.3455056179775281,0.8847305389221557,0.3068181818181818,0.3360995850622407,0.27896995708154504,0.11526946107784432,0.6931818181818182,591,77,81,183,32,32,32,32
0.47737,0.53286,True,1424,668,562,194,0.6053370786516854,0.3946629213483146,0.8847305389221557,0.32989690721649484,0.26556016597510373,0.24013921113689096,0.11526946107784432,0.6701030927835051,591,77,64,130,32,32,32,32
0.47737,0.53953,False,1424,668,514,242,0.6390449438202247,0.3609550561797753,0.8847305389221557,0.30991735537190085,0.3112033195020747,0.2681318681318681,0.11526946107784432,0.6900826446280992,591,77,75,167,32,32,32,32
0.47737,0.53953,True,1424,668,579,177,0.5933988764044944,0.4066011235955056,0.8847305389221557,0.3389830508474576,0.24896265560165975,0.22958579881656804,0.11526946107784432,0.6610169491525424,591,77,60,117,32,32,32,32
0.47737,0.54572,False,1424,668,535,221,0.6242977528089888,0.37570224719101125,0.8847305389221557,0.3212669683257919,0.2946058091286307,0.25534308211473566,0.11526946107784432,0.6787330316742082,591,77,71,150,32,32,32,32
0.47737,0.54572,True,1424,668,593,163,0.5835674157303371,0.4164325842696629,0.8847305389221557,0.3558282208588957,0.24066390041493776,0.2190132370637786,0.11526946107784432,0.6441717791411042,591,77,58,105,32,32,32,32
0.47737,0.54999,False,1424,668,553,203,0.6116573033707865,0.3883426966292135,0.8847305389221557,0.3399014778325123,0.2863070539419087,0.24225028702640644,0.11526946107784432,0.6600985221674877,591,77,69,134,32,32,31,32
0.47737,0.54999,True,1424,668,609,147,0.5723314606741573,0.4276685393258427,0.8847305389221557,0.38095238095238093,0.23236514522821577,0.20613496932515338,0.11526946107784432,0.6190476190476191,591,77,56,91,32,32,30,32
0.47737,0.55464,False,1424,668,575,181,0.5962078651685393,0.40379213483146065,0.8847305389221557,0.3370165745856354,0.25311203319502074,0.232037691401649,0.11526946107784432,0.6629834254143646,591,77,61,120,32,32,30,32
0.47737,0.55464,True,1424,668,625,131,0.5610955056179775,0.43890449438202245,0.8847305389221557,0.3893129770992366,0.21161825726141079,0.1964956195244055,0.11526946107784432,0.6106870229007634,591,77,51,80,32,32,29,32
0.47737,0.56209,False,1424,668,596,160,0.5814606741573034,0.41853932584269665,0.8847305389221557,0.35,0.23236514522821577,0.21859903381642512,0.11526946107784432,0.65,591,77,56,104,32,32,29,32
0.47737,0.56209,True,1424,668,639,117,0.5512640449438202,0.4487359550561798,0.8847305389221557,0.41025641025641024,0.1991701244813278,0.1859872611464968,0.11526946107784432,0.5897435897435898,591,77,48,69,32,32,28,32
0.47737,0.57246,False,1424,668,618,138,0.5660112359550562,0.4339887640449438,0.8847305389221557,0.35507246376811596,0.2033195020746888,0.20595533498759305,0.11526946107784432,0.644927536231884,591,77,49,89,32,31,29,32
0.47737,0.57246,True,1424,668,652,104,0.5421348314606742,0.45786516853932585,0.8847305389221557,0.40384615384615385,0.17427385892116182,0.1800518134715026,0.11526946107784432,0.5961538461538461,591,77,42,62,32,31,28,32
0.47737,0.58583,False,1424,668,640,116,0.550561797752809,0.449438202247191,0.8847305389221557,0.3879310344827586,0.18672199170124482,0.18877551020408162,0.11526946107784432,0.6120689655172413,591,77,45,71,32,31,26,32
0.47737,0.58583,True,1424,668,668,88,0.5308988764044944,0.4691011235955056,0.8847305389221557,0.4318181818181818,0.15767634854771784,0.167989417989418,0.11526946107784432,0.5681818181818182,591,77,38,50,32,31,26,32
0.47737,0.59836,False,1424,668,662,94,0.5351123595505618,0.4648876404494382,0.8847305389221557,0.40425531914893614,0.15767634854771784,0.17454068241469817,0.11526946107784432,0.5957446808510638,591,77,38,56,32,31,24,32
0.47737,0.59836,True,1424,668,683,73,0.5203651685393258,0.47963483146067415,0.8847305389221557,0.4383561643835616,0.13278008298755187,0.1592442645074224,0.11526946107784432,0.5616438356164384,591,77,32,41,32,31,24,32
0.47737,0.61936,False,1424,668,683,73,0.5203651685393258,0.47963483146067415,0.8847305389221557,0.4246575342465753,0.12863070539419086,0.16059379217273953,0.11526946107784432,0.5753424657534246,591,77,31,42,32,31,23,32
0.47737,0.61936,True,1424,668,701,55,0.5077247191011236,0.4922752808988764,0.8847305389221557,0.45454545454545453,0.1037344398340249,0.1479944674965422,0.11526946107784432,0.5454545454545454,591,77,25,30,32,31,23,32
0.47737,0.67291,False,1424,668,705,51,0.5049157303370787,0.49508426966292135,0.8847305389221557,0.47058823529411764,0.0995850622406639,0.14464534075104313,0.11526946107784432,0.5294117647058824,591,77,24,27,32,31,19,32
0.47737,0.67291,True,1424,668,715,41,0.4978932584269663,0.5021067415730337,0.8847305389221557,0.5121951219512195,0.08713692946058091,0.1368124118476728,0.11526946107784432,0.4878048780487805,591,77,21,20,32,31,19,32
0.47737,0.78196,False,1424,668,727,29,0.48946629213483145,0.5105337078651685,0.8847305389221557,0.41379310344827586,0.04979253112033195,0.13486370157819225,0.11526946107784432,0.5862068965517241,591,77,12,17,32,31,14,32
0.47737,0.78196,True,1424,668,730,26,0.48735955056179775,0.5126404494382022,0.8847305389221557,0.4230769230769231,0.04564315352697095,0.13256484149855907,0.11526946107784432,0.5769230769230769,591,77,11,15,32,30,13,32
0.47737,0.96896,False,1424,668,748,8,0.4747191011235955,0.5252808988764045,0.8847305389221557,0.75,0.024896265560165973,0.11686390532544379,0.11526946107784432,0.25,591,77,6,2,32,30,4,32
0.47737,0.96896,True,1424,668,749,7,0.47401685393258425,0.5259831460674157,0.8847305389221557,0.7142857142857143,0.02074688796680498,0.11703703703703704,0.11526946107784432,0.2857142857142857,591,77,5,2,32,30,4,32
0.47891,0.47945,False,1424,692,71,661,0.9501404494382022,0.04985955056179775,0.880057803468208,0.22692889561270801,0.6224066390041494,0.43902439024390244,0.1199421965317919,0.773071104387292,609,83,150,511,32,32,32,32
0.47891,0.47945,True,1424,692,236,496,0.8342696629213483,0.16573033707865167,0.880057803468208,0.23588709677419356,0.4854771784232365,0.3888888888888889,0.1199421965317919,0.7641129032258065,609,83,117,379,32,32,32,32
0.47891,0.48134,False,1424,692,92,640,0.9353932584269663,0.06460674157303371,0.880057803468208,0.2328125,0.6182572614107884,0.43093093093093093,0.1199421965317919,0.7671875,609,83,149,491,32,32,32,32
0.47891,0.48134,True,1424,692,254,478,0.8216292134831461,0.17837078651685392,0.880057803468208,0.24476987447698745,0.4854771784232365,0.37948717948717947,0.1199421965317919,0.7552301255230126,609,83,117,361,32,32,32,32
0.47891,0.48236,False,1424,692,112,620,0.9213483146067416,0.07865168539325842,0.880057803468208,0.23870967741935484,0.6141078838174274,0.42301829268292684,0.1199421965317919,0.7612903225806451,609,83,148,472,32,32,32,32
0.47891,0.48236,True,1424,692,269,463,0.8110955056179775,0.18890449438202248,0.880057803468208,0.2526997840172786,0.4854771784232365,0.37142857142857144,0.1199421965317919,0.7473002159827213,609,83,117,346,32,32,32,32
0.47891,0.48406,False,1424,692,133,599,0.9066011235955056,0.09339887640449439,0.880057803468208,0.2387312186978297,0.5933609958506224,0.41750580945003873,0.1199421965317919,0.7612687813021702,609,83,143,456,32,32,32,32
0.47891,0.48406,True,1424,692,283,449,0.8012640449438202,0.19873595505617977,0.880057803468208,0.25389755011135856,0.4730290456431535,0.3663453111305872,0.1199421965317919,0.7461024498886414,609,83,114,335,32,32,32,32
0.47891,0.48558,False,1424,692,155,577,0.8911516853932584,0.10884831460674158,0.880057803468208,0.24436741767764297,0.5850622406639004,0.408983451536643,0.1199421965317919,0.755632582322357,609,83,141,436,32,32,32,32
0.47891,0.48558,True,1424,692,300,432,0.7893258426966292,0.21067415730337077,0.880057803468208,0.2638888888888889,0.4730290456431535,0.3567615658362989,0.1199421965317919,0.7361111111111112,609,83,114,318,32,32,32,32
0.47891,0.48786,False,1424,692,176,556,0.8764044943820225,0.12359550561797752,0.880057803468208,0.2517985611510791,0.5809128630705395,0.3998397435897436,0.1199421965317919,0.7482014388489209,609,83,140,416,32,32,32,32
0.47891,0.48786,True,1424,692,315,417,0.7787921348314607,0.22120786516853932,0.880057803468208,0.2733812949640288,0.4730290456431535,0.3480613165013526,0.1199421965317919,0.7266187050359713,609,83,114,303,32,32,32,32
0.47891,0.48938,False,1424,692,189,543,0.8672752808988764,0.1327247191011236,0.880057803468208,0.2523020257826888,0.5684647302904564,0.39595141700404857,0.1199421965317919,0.7476979742173112,609,83,137,406,32,32,32,32
0.47891,0.48938,True,1424,692,328,404,0.7696629213483146,0.2303370786516854,0.880057803468208,0.2747524752475248,0.4605809128630705,0.34306569343065696,0.1199421965317919,0.7252475247524752,609,83,111,293,32,32,32,32
0.47891,0.49294,False,1424,692,211,521,0.8518258426966292,0.14817415730337077,0.880057803468208,0.2476007677543186,0.5352697095435685,0.39159109645507006,0.1199421965317919,0.7523992322456814,609,83,129,392,32,32,32,32
0.47891,0.49294,True,1424,692,340,392,0.7612359550561798,0.23876404494382023,0.880057803468208,0.27040816326530615,0.43983402489626555,0.3404059040590406,0.1199421965317919,0.7295918367346939,609,83,106,286,32,32,32,32
0.47891,0.49536,False,1424,692,228,504,0.8398876404494382,0.1601123595505618,0.880057803468208,0.25396825396825395,0.5311203319502075,0.38377926421404684,0.1199421965317919,0.746031746031746,609,83,128,376,32,32,32,32
0.47891,0.49536,True,1424,692,353,379,0.7521067415730337,0.2478932584269663,0.880057803468208,0.2770448548812665,0.43568464730290457,0.3333333333333333,0.1199421965317919,0.7229551451187335,609,83,105,274,32,32,32,32
0.47891,0.49788,False,1424,692,250,482,0.824438202247191,0.175561797752809,0.880057803468208,0.2551867219917012,0.5103734439834025,0.37649063032367974,0.1199421965317919,0.7448132780082988,609,83,123,359,32,32,32,32
0.47891,0.49788,True,1424,692,370,362,0.7401685393258427,0.2598314606741573,0.880057803468208,0.281767955801105,0.42323651452282157,0.325426944971537,0.1199421965317919,0.7182320441988951,609,83,102,260,32,32,32,32
0.47891,0.49958,False,1424,692,269,463,0.8110955056179775,0.18890449438202248,0.880057803468208,0.2570194384449244,0.49377593360995853,0.3696969696969697,0.1199421965317919,0.7429805615550756,609,83,119,344,32,32,32,32
0.47891,0.49958,True,1424,692,384,348,0.7303370786516854,0.2696629213483146,0.880057803468208,0.28160919540229884,0.4066390041493776,0.32019230769230766,0.1199421965317919,0.7183908045977011,609,83,98,250,32,32,32,32
0.47891,0.50318,False,1424,692,290,442,0.7963483146067416,0.20365168539325842,0.880057803468208,0.26018099547511314,0.47717842323651455,0.36155202821869487,0.1199421965317919,0.7398190045248869,609,83,115,327,32,32,32,32
0.47891,0.50318,True,1424,692,399,333,0.7198033707865169,0.28019662921348315,0.880057803468208,0.2822822822822823,0.3900414937759336,0.31414634146341464,0.1199421965317919,0.7177177177177178,609,83,94,239,32,32,32,32
0.47891,0.50533,False,1424,692,312,420,0.7808988764044944,0.21910112359550563,0.880057803468208,0.2619047619047619,0.45643153526970953,0.3534172661870504,0.1199421965317919,0.7380952380952381,609,83,110,310,32,32,32,32
0.47891,0.50533,True,1424,692,415,317,0.7085674157303371,0.2914325842696629,0.880057803468208,0.28391167192429023,0.37344398340248963,0.3072348860257681,0.1199421965317919,0.7160883280757098,609,83,90,227,32,32,32,32
0.47891,0.50776,False,1424,692,334,398,0.7654494382022472,0.2345505617977528,0.880057803468208,0.2638190954773869,0.43568464730290457,0.344954128440367,0.1199421965317919,0.7361809045226131,609,83,105,293,32,32,32,32
0.47891,0.50776,True,1424,692,431,301,0.6973314606741573,0.3026685393258427,0.880057803468208,0.2823920265780731,0.35269709543568467,0.3011077542799597,0.1199421965317919,0.717607973421927,609,83,85,216,32,32,32,32
0.47891,0.5105,False,1424,692,350,382,0.7542134831460674,0.24578651685393257,0.880057803468208,0.27486910994764396,0.43568464730290457,0.33519553072625696,0.1199421965317919,0.725130890052356,609,83,105,277,32,32,32,32
0.47891,0.5105,True,1424,692,442,290,0.6896067415730337,0.3103932584269663,0.880057803468208,0.29310344827586204,0.35269709543568467,0.29327902240325865,0.1199421965317919,0.7068965517241379,609,83,85,205,32,32,32,32
0.47891,0.51391,False,1424,692,370,362,0.7401685393258427,0.2598314606741573,0.880057803468208,0.27624309392265195,0.4149377593360996,0.32732447817836813,0.1199421965317919,0.7237569060773481,609,83,100,262,32,32,32,32
0.47891,0.51391,True,1424,692,453,279,0.6818820224719101,0.3181179775280899,0.880057803468208,0.2939068100358423,0.34024896265560167,0.2883625128733265,0.1199421965317919,0.7060931899641577,609,83,82,197,32,32,32,32
0.47891,0.51704,False,1424,692,389,343,0.7268258426966292,0.2731741573033708,0.880057803468208,0.27696793002915454,0.3941908713692946,0.31980676328502416,0.1199421965317919,0.7230320699708455,609,83,95,248,32,32,32,32
0.47891,0.51704,True,1424,692,469,263,0.6706460674157303,0.32935393258426965,0.880057803468208,0.2965779467680608,0.3236514522821577,0.2806282722513089,0.1199421965317919,0.7034220532319392,609,83,78,185,32,32,32,32
0.47891,0.51897,False,1424,692,409,323,0.7127808988764045,0.2872191011235955,0.880057803468208,0.28173374613003094,0.3775933609958506,0.3103448275862069,0.1199421965317919,0.718266253869969,609,83,91,232,32,32,32,32
0.47891,0.51897,True,1424,692,488,244,0.6573033707865169,0.34269662921348315,0.880057803468208,0.30327868852459017,0.3070539419087137,0.2702991452991453,0.1199421965317919,0.6967213114754098,609,83,74,170,32,32,32,32
0.47891,0.52434,False,1424,692,430,302,0.6980337078651685,0.30196629213483145,0.880057803468208,0.28807947019867547,0.36099585062240663,0.29979879275653926,0.1199421965317919,0.7119205298013245,609,83,87,215,32,32,32,32
0.47891,0.52434,True,1424,692,507,225,0.6439606741573034,0.35603932584269665,0.880057803468208,0.3111111111111111,0.29045643153526973,0.2595419847328244,0.1199421965317919,0.6888888888888889,609,83,70,155,32,32,32,32
0.47891,0.52767,False,1424,692,446,286,0.6867977528089888,0.31320224719101125,0.880057803468208,0.2972027972027972,0.35269709543568467,0.2903885480572597,0.1199421965317919,0.7027972027972028,609,83,85,201,32,32,32,32
0.47891,0.52767,True,1424,692,520,212,0.6348314606741573,0.3651685393258427,0.880057803468208,0.32075471698113206,0.2821576763485477,0.25110619469026546,0.1199421965317919,0.6792452830188679,609,83,68,144,32,32,32,32
0.47891,0.53286,False,1424,692,468,264,0.6713483146067416,0.32865168539325845,0.880057803468208,0.3068181818181818,0.3360995850622407,0.27824267782426776,0.1199421965317919,0.6931818181818182,609,83,81,183,32,32,32,32
0.47891,0.53286,True,1424,692,538,194,0.6221910112359551,0.37780898876404495,0.880057803468208,0.32989690721649484,0.26556016597510373,0.24040632054176073,0.1199421965317919,0.6701030927835051,609,83,64,130,32,32,32,32
0.47891,0.53953,False,1424,692,490,242,0.6558988764044944,0.3441011235955056,0.880057803468208,0.30991735537190085,0.3112033195020747,0.2676659528907923,0.1199421965317919,0.6900826446280992,609,83,75,167,32,32,32,32
0.47891,0.53953,True,1424,692,555,177,0.610252808988764,0.38974719101123595,0.880057803468208,0.3389830508474576,0.24896265560165975,0.23014959723820483,0.1199421965317919,0.6610169491525424,609,83,60,117,32,32,32,32
0.47891,0.54572,False,1424,692,511,221,0.6411516853932584,0.35884831460674155,0.880057803468208,0.3212669683257919,0.2946058091286307,0.2552026286966046,0.1199421965317919,0.6787330316742082,609,83,71,150,32,32,32,32
0.47891,0.54572,True,1424,692,569,163,0.6004213483146067,0.39957865168539325,0.880057803468208,0.3558282208588957,0.24066390041493776,0.2198830409356725,0.1199421965317919,0.6441717791411042,609,83,58,105,32,32,32,32
0.47891,0.54999,False,1424,692,529,203,0.6285112359550562,0.3714887640449438,0.880057803468208,0.3399014778325123,0.2863070539419087,0.2424581005586592,0.1199421965317919,0.6600985221674877,609,83,69,134,32,32,31,32
0.47891,0.54999,True,1424,692,585,147,0.589185393258427,0.41081460674157305,0.880057803468208,0.38095238095238093,0.23236514522821577,0.20738974970202623,0.1199421965317919,0.6190476190476191,609,83,56,91,32,32,30,32
0.47891,0.55464,False,1424,692,551,181,0.613061797752809,0.386938202247191,0.880057803468208,0.3370165745856354,0.25311203319502074,0.2325315005727377,0.1199421965317919,0.6629834254143646,609,83,61,120,32,32,30,32
0.47891,0.55464,True,1424,692,601,131,0.5779494382022472,0.4220505617977528,0.880057803468208,0.3893129770992366,0.21161825726141079,0.19805589307411908,0.1199421965317919,0.6106870229007634,609,83,51,80,32,32,29,32
0.47891,0.56209,False,1424,692,572,160,0.598314606741573,0.40168539325842695,0.880057803468208,0.35,0.23236514522821577,0.21948356807511737,0.1199421965317919,0.65,609,83,56,104,32,32,29,32
0.47891,0.56209,True,1424,692,615,117,0.5681179775280899,0.4318820224719101,0.880057803468208,0.41025641025641024,0.1991701244813278,0.18788627935723115,0.1199421965317919,0.5897435897435898,609,83,48,69,32,32,28,32
0.47891,0.57246,False,1424,692,594,138,0.5828651685393258,0.41713483146067415,0.880057803468208,0.35507246376811596,0.2033195020746888,0.20722891566265061,0.1199421965317919,0.644927536231884,609,83,49,89,32,31,29,32
0.47891,0.57246,True,1424,692,628,104,0.5589887640449438,0.4410112359550562,0.880057803468208,0.40384615384615385,0.17427385892116182,0.18216080402010051,0.1199421965317919,0.5961538461538461,609,83,42,62,32,31,28,32
0.47891,0.58583,False,1424,692,616,116,0.5674157303370787,0.43258426966292135,0.880057803468208,0.3879310344827586,0.18672199170124482,0.1905940594059406,0.1199421965317919,0.6120689655172413,609,83,45,71,32,31,26,32
0.47891,0.58583,True,1424,692,644,88,0.547752808988764,0.45224719101123595,0.880057803468208,0.4318181818181818,0.15767634854771784,0.17051282051282052,0.1199421965317919,0.5681818181818182,609,83,38,50,32,31,26,32
0.47891,0.59836,False,1424,692,638,94,0.5519662921348315,0.44803370786516855,0.880057803468208,0.40425531914893614,0.15767634854771784,0.17684478371501272,0.1199421965317919,0.5957446808510638,609,83,38,56,32,31,24,32
0.47891,0.59836,True,1424,692,659,73,0.5372191011235955,0.4627808988764045,0.880057803468208,0.4383561643835616,0.13278008298755187,0.16209150326797386,0.1199421965317919,0.5616438356164384,609,83,32,41,32,31,24,32
0.47891,0.61936,False,1424,692,659,73,0.5372191011235955,0.4627808988764045,0.880057803468208,0.4246575342465753,0.12863070539419086,0.16339869281045752,0.1199421965317919,0.5753424657534246,609,83,31,42,32,31,23,32
0.47891,0.61936,True,1424,692,677,55,0.5245786516853933,0.47542134831460675,0.880057803468208,0.45454545454545453,0.1037344398340249,0.15127175368139223,0.1199421965317919,0.5454545454545454,609,83,25,30,32,31,23,32
0.47891,0.67291,False,1424,692,681,51,0.5217696629213483,0.4782303370786517,0.880057803468208,0.47058823529411764,0.0995850622406639,0.1480484522207268,0.1199421965317919,0.5294117647058824,609,83,24,27,32,31,19,32
0.47891,0.67291,True,1424,692,691,41,0.514747191011236,0.48525280898876405,0.880057803468208,0.5121951219512195,0.08713692946058091,0.14051841746248295,0.1199421965317919,0.4878048780487805,609,83,21,20,32,31,19,32
0.47891,0.78196,False,1424,692,703,29,0.5063202247191011,0.4936797752808989,0.880057803468208,0.41379310344827586,0.04979253112033195,0.13869625520110956,0.1199421965317919,0.5862068965517241,609,83,12,17,32,31,14,32
0.47891,0.78196,True,1424,692,706,26,0.5042134831460674,0.4957865168539326,0.880057803468208,0.4230769230769231,0.04564315352697095,0.13649025069637882,0.1199421965317919,0.5769230769230769,609,83,11,15,32,30,13,32
0.47891,0.96896,False,1424,692,724,8,0.49157303370786515,0.5084269662921348,0.880057803468208,0.75,0.024896265560165973,0.12142857142857143,0.1199421965317919,0.25,609,83,6,2,32,30,4,32
0.47891,0.96896,True,1424,692,725,7,0.49087078651685395,0.5091292134831461,0.880057803468208,0.7142857142857143,0.02074688796680498,0.12160228898426323,0.1199421965317919,0.2857142857142857,609,83,5,2,32,30,4,32
0.48111,0.48134,False,1424,718,66,640,0.9536516853932584,0.046348314606741575,0.883008356545961,0.2328125,0.6182572614107884,0.42341678939617083,0.116991643454039,0.7671875,634,84,149,491,32,32,32,32
0.48111,0.48134,True,1424,718,228,478,0.8398876404494382,0.1601123595505618,0.883008356545961,0.24476987447698745,0.4854771784232365,0.3720735785953177,0.116991643454039,0.7552301255230126,634,84,117,361,32,32,32,32
0.48111,0.48236,False,1424,718,86,620,0.9396067415730337,0.060393258426966294,0.883008356545961,0.23870967741935484,0.6141078838174274,0.4155455904334828,0.116991643454039,0.7612903225806451,634,84,148,472,32,32,32,32
0.48111,0.48236,True,1424,718,243,463,0.8293539325842697,0.17064606741573032,0.883008356545961,0.2526997840172786,0.4854771784232365,0.3640982218458933,0.116991643454039,0.7473002159827213,634,84,117,346,32,32,32,32
0.48111,0.48406,False,1424,718,107,599,0.9248595505617978,0.07514044943820225,0.883008356545961,0.2387312186978297,0.5933609958506224,0.41002277904328016,0.116991643454039,0.7612687813021702,634,84,143,456,32,32,32,32
0.48111,0.48406,True,1424,718,257,449,0.8195224719101124,0.18047752808988765,0.883008356545961,0.25389755011135856,0.4730290456431535,0.35904027420736934,0.116991643454039,0.7461024498886414,634,84,114,335,32,32,32,32
0.48111,0.48558,False,1424,718,129,577,0.9094101123595506,0.09058988764044944,0.883008356545961,0.24436741767764297,0.5850622406639004,0.4015444015444015,0.116991643454039,0.755632582322357,634,84,141,436,32,32,32,32
0.48111,0.48558,True,1424,718,274,432,0.8075842696629213,0.19241573033707865,0.883008356545961,0.2638888888888889,0.4730290456431535,0.34956521739130436,0.116991643454039,0.7361111111111112,634,84,114,318,32,32,32,32
0.48111,0.48786,False,1424,718,150,556,0.8946629213483146,0.10533707865168539,0.883008356545961,0.2517985611510791,0.5809128630705395,0.3924646781789639,0.116991643454039,0.7482014388489209,634,84,140,416,32,32,32,32
0.48111,0.48786,True,1424,718,289,417,0.7970505617977528,0.2029494382022472,0.883008356545961,0.2733812949640288,0.4730290456431535,0.3409691629955947,0.116991643454039,0.7266187050359713,634,84,114,303,32,32,32,32
0.48111,0.48938,False,1424,718,163,543,0.8855337078651685,0.11446629213483146,0.883008356545961,0.2523020257826888,0.5684647302904564,0.3885804916732752,0.116991643454039,0.7476979742173112,634,84,137,406,32,32,32,32
0.48111,0.48938,True,1424,718,302,404,0.7879213483146067,0.21207865168539325,0.883008356545961,0.2747524752475248,0.4605809128630705,0.3360071301247772,0.116991643454039,0.7252475247524752,634,84,111,293,32,32,32,32
0.48111,0.49294,False,1424,718,185,521,0.8700842696629213,0.12991573033707865,0.883008356545961,0.2476007677543186,0.5352697095435685,0.384180790960452,0.116991643454039,0.7523992322456814,634,84,129,392,32,32,32,32
0.48111,0.49294,True,1424,718,314,392,0.7794943820224719,0.2205056179775281,0.883008356545961,0.27040816326530615,0.43983402489626555,0.3333333333333333,0.116991643454039,0.7295918367346939,634,84,106,286,32,32,32,32
0.48111,0.49536,False,1424,718,202,504,0.8581460674157303,0.14185393258426968,0.883008356545961,0.25396825396825395,0.5311203319502075,0.37643207855973815,0.116991643454039,0.746031746031746,634,84,128,376,32,32,32,32
0.48111,0.49536,True,1424,718,327,379,0.7703651685393258,0.22963483146067415,0.883008356545961,0.2770448548812665,0.43568464730290457,0.3263445761166819,0.116991643454039,0.7229551451187335,634,84,105,274,32,32,32,32
0.48111,0.49788,False,1424,718,224,482,0.8426966292134831,0.15730337078651685,0.883008356545961,0.2551867219917012,0.5103734439834025,0.36916666666666664,0.116991643454039,0.7448132780082988,634,84,123,359,32,32,32,32
0.48111,0.49788,True,1424,718,344,362,0.7584269662921348,0.24157303370786518,0.883008356545961,0.281767955801105,0.42323651452282157,0.31851851851851853,0.116991643454039,0.7182320441988951,634,84,102,260,32,32,32,32
0.48111,0.49958,False,1424,718,243,463,0.8293539325842697,0.17064606741573032,0.883008356545961,0.2570194384449244,0.49377593360995853,0.3624047417442845,0.116991643454039,0.7429805615550756,634,84,119,344,32,32,32,32
0.48111,0.49958,True,1424,718,358,348,0.7485955056179775,0.25140449438202245,0.883008356545961,0.28160919540229884,0.4066390041493776,0.3133208255159475,0.116991643454039,0.7183908045977011,634,84,98,250,32,32,32,32
0.48111,0.50318,False,1424,718,264,442,0.8146067415730337,0.1853932584269663,0.883008356545961,0.26018099547511314,0.47717842323651455,0.3543103448275862,0.116991643454039,0.7398190045248869,634,84,115,327,32,32,32,32
0.48111,0.50318,True,1424,718,373,333,0.738061797752809,0.261938202247191,0.883008356545961,0.2822822822822823,0.3900414937759336,0.3073263558515699,0.116991643454039,0.7177177177177178,634,84,94,239,32,32,32,32
0.48111,0.50533,False,1424,718,286,420,0.7991573033707865,0.20084269662921347,0.883008356545961,0.2619047619047619,0.45643153526970953,0.3462214411247803,0.116991643454039,0.7380952380952381,634,84,110,310,32,32,32,32
0.48111,0.50533,True,1424,718,389,317,0.7268258426966292,0.2731741573033708,0.883008356545961,0.28391167192429023,0.37344398340248963,0.3004830917874396,0.116991643454039,0.7160883280757098,634,84,90,227,32,32,32,32
0.48111,0.50776,False,1424,718,308,398,0.7837078651685393,0.21629213483146068,0.883008356545961,0.2638190954773869,0.43568464730290457,0.3378136200716846,0.116991643454039,0.7361809045226131,634,84,105,293,32,32,32,32
0.48111,0.50776,True,1424,718,405,301,0.7155898876404494,0.28441011235955055,0.883008356545961,0.2823920265780731,0.35269709543568467,0.2944062806673209,0.116991643454039,0.717607973421927,634,84,85,216,32,32,32,32
0.48111,0.5105,False,1424,718,324,382,0.7724719101123596,0.22752808988764045,0.883008356545961,0.27486910994764396,0.43568464730290457,0.3281818181818182,0.116991643454039,0.725130890052356,634,84,105,277,32,32,32,32
0.48111,0.5105,True,1424,718,416,290,0.7078651685393258,0.29213483146067415,0.883008356545961,0.29310344827586204,0.35269709543568467,0.2867063492063492,0.116991643454039,0.7068965517241379,634,84,85,205,32,32,32,32
0.48111,0.51391,False,1424,718,344,362,0.7584269662921348,0.24157303370786518,0.883008356545961,0.27624309392265195,0.4149377593360996,0.32037037037037036,0.116991643454039,0.7237569060773481,634,84,100,262,32,32,32,32
0.48111,0.51391,True,1424,718,427,279,0.7001404494382022,0.29985955056179775,0.883008356545961,0.2939068100358423,0.34024896265560167,0.2818455366098295,0.116991643454039,0.7060931899641577,634,84,82,197,32,32,32,32
0.48111,0.51704,False,1424,718,363,343,0.7450842696629213,0.25491573033707865,0.883008356545961,0.27696793002915454,0.3941908713692946,0.31291234684260133,0.116991643454039,0.7230320699708455,634,84,95,248,32,32,32,32
0.48111,0.51704,True,1424,718,443,263,0.6889044943820225,0.31109550561797755,0.883008356545961,0.2965779467680608,0.3236514522821577,0.2742099898063201,0.116991643454039,0.7034220532319392,634,84,78,185,32,32,32,32
0.48111,0.51897,False,1424,718,383,323,0.7310393258426966,0.26896067415730335,0.883008356545961,0.28173374613003094,0.3775933609958506,0.3035542747358309,0.116991643454039,0.718266253869969,634,84,91,232,32,32,32,32
0.48111,0.51897,True,1424,718,462,244,0.675561797752809,0.324438202247191,0.883008356545961,0.30327868852459017,0.3070539419087137,0.26403326403326405,0.116991643454039,0.6967213114754098,634,84,74,170,32,32,32,32
0.48111,0.52434,False,1424,718,404,302,0.7162921348314607,0.28370786516853935,0.883008356545961,0.28807947019867547,0.36099585062240663,0.2931372549019608,0.116991643454039,0.7119205298013245,634,84,87,215,32,32,32,32
0.48111,0.52434,True,1424,718,481,225,0.6622191011235955,0.3377808988764045,0.883008356545961,0.3111111111111111,0.29045643153526973,0.25344644750795337,0.116991643454039,0.6888888888888889,634,84,70,155,32,32,32,32
0.48111,0.52767,False,1424,718,420,286,0.7050561797752809,0.2949438202247191,0.883008356545961,0.2972027972027972,0.35269709543568467,0.28386454183266935,0.116991643454039,0.7027972027972028,634,84,85,201,32,32,32,32
0.48111,0.52767,True,1424,718,494,212,0.6530898876404494,0.34691011235955055,0.883008356545961,0.32075471698113206,0.2821576763485477,0.24516129032258063,0.116991643454039,0.6792452830188679,634,84,68,144,32,32,32,32
0.48111,0.53286,False,1424,718,442,264,0.6896067415730337,0.3103932584269663,0.883008356545961,0.3068181818181818,0.3360995850622407,0.27189409368635437,0.116991643454039,0.6931818181818182,634,84,81,183,32,32,32,32
0.48111,0.53286,True,1424,718,512,194,0.6404494382022472,0.3595505617977528,0.883008356545961,0.32989690721649484,0.26556016597510373,0.23464912280701755,0.116991643454039,0.6701030927835051,634,84,64,130,32,32,32,32
0.48111,0.53953,False,1424,718,464,242,0.6741573033707865,0.3258426966292135,0.883008356545961,0.30991735537190085,0.3112033195020747,0.26145833333333335,0.116991643454039,0.6900826446280992,634,84,75,167,32,32,32,32
0.48111,0.53953,True,1424,718,529,177,0.6285112359550562,0.3714887640449438,0.883008356545961,0.3389830508474576,0.24896265560165975,0.2245810055865922,0.116991643454039,0.6610169491525424,634,84,60,117,32,32,32,32
0.48111,0.54572,False,1424,718,485,221,0.6594101123595506,0.34058988764044945,0.883008356545961,0.3212669683257919,0.2946058091286307,0.24920127795527156,0.116991643454039,0.6787330316742082,634,84,71,150,32,32,32,32
0.48111,0.54572,True,1424,718,543,163,0.6186797752808989,0.3813202247191011,0.883008356545961,0.3558282208588957,0.24066390041493776,0.21452894438138478,0.116991643454039,0.6441717791411042,634,84,58,105,32,32,32,32
0.48111,0.54999,False,1424,718,503,203,0.6467696629213483,0.3532303370786517,0.883008356545961,0.3399014778325123,0.2863070539419087,0.23669923995656894,0.116991643454039,0.6600985221674877,634,84,69,134,32,32,31,32
0.48111,0.54999,True,1424,718,559,147,0.6074438202247191,0.3925561797752809,0.883008356545961,0.38095238095238093,0.23236514522821577,0.2023121387283237,0.116991643454039,0.6190476190476191,634,84,56,91,32,32,30,32
0.48111,0.55464,False,1424,718,525,181,0.6313202247191011,0.3686797752808989,0.883008356545961,0.3370165745856354,0.25311203319502074,0.22691879866518352,0.116991643454039,0.6629834254143646,634,84,61,120,32,32,30,32
0.48111,0.55464,True,1424,718,575,131,0.5962078651685393,0.40379213483146065,0.883008356545961,0.3893129770992366,0.21161825726141079,0.19316843345111898,0.116991643454039,0.6106870229007634,634,84,51,80,32,32,29,32
0.48111,0.56209,False,1424,718,546,160,0.6165730337078652,0.38342696629213485,0.883008356545961,0.35,0.23236514522821577,0.214123006833713,0.116991643454039,0.65,634,84,56,104,32,32,29,32
0.48111,0.56209,True,1424,718,589,117,0.586376404494382,0.413623595505618,0.883008356545961,0.41025641025641024,0.1991701244813278,0.18323353293413175,0.116991643454039,0.5897435897435898,634,84,48,69,32,32,28,32
0.48111,0.57246,False,1424,718,568,138,0.601123595505618,0.398876404494382,0.883008356545961,0.35507246376811596,0.2033195020746888,0.20210280373831777,0.116991643454039,0.644927536231884,634,84,49,89,32,32,29,32
0.48111,0.57246,True,1424,718,602,104,0.577247191011236,0.42275280898876405,0.883008356545961,0.40384615384615385,0.17427385892116182,0.17761557177615572,0.116991643454039,0.5961538461538461,634,84,42,62,32,32,28,32
0.48111,0.58583,False,1424,718,590,116,0.5856741573033708,0.4143258426966292,0.883008356545961,0.3879310344827586,0.18672199170124482,0.18585131894484413,0.116991643454039,0.6120689655172413,634,84,45,71,32,32,26,32
0.48111,0.58583,True,1424,718,618,88,0.5660112359550562,0.4339887640449438,0.883008356545961,0.4318181818181818,0.15767634854771784,0.1662531017369727,0.116991643454039,0.5681818181818182,634,84,38,50,32,32,26,32
0.48111,0.59836,False,1424,718,612,94,0.5702247191011236,0.4297752808988764,0.883008356545961,0.40425531914893614,0.15767634854771784,0.1724137931034483,0.116991643454039,0.5957446808510638,634,84,38,56,32,32,24,32
0.48111,0.59836,True,1424,718,633,73,0.5554775280898876,0.44452247191011235,0.883008356545961,0.4383561643835616,0.13278008298755187,0.15802781289506954,0.116991643454039,0.5616438356164384,634,84,32,41,32,32,24,32
0.48111,0.61936,False,1424,718,633,73,0.5554775280898876,0.44452247191011235,0.883008356545961,0.4246575342465753,0.12863070539419086,0.1592920353982301,0.116991643454039,0.5753424657534246,634,84,31,42,32,32,23,32
0.48111,0.61936,True,1424,718,651,55,0.5428370786516854,0.4571629213483146,0.883008356545961,0.45454545454545453,0.1037344398340249,0.14747736093143596,0.116991643454039,0.5454545454545454,634,84,25,30,32,32,23,32
0.48111,0.67291,False,1424,718,655,51,0.5400280898876404,0.45997191011235955,0.883008356545961,0.47058823529411764,0.0995850622406639,0.14434330299089726,0.116991643454039,0.5294117647058824,634,84,24,27,32,32,19,32
0.48111,0.67291,True,1424,718,665,41,0.5330056179775281,0.4669943820224719,0.883008356545961,0.5121951219512195,0.08713692946058091,0.1370223978919631,0.116991643454039,0.4878048780487805,634,84,21,20,32,32,19,32
0.48111,0.78196,False,1424,718,677,29,0.5245786516853933,0.47542134831460675,0.883008356545961,0.41379310344827586,0.04979253112033195,0.13520749665327977,0.116991643454039,0.5862068965517241,634,84,12,17,32,32,14,32
0.48111,0.78196,True,1424,718,680,26,0.5224719101123596,0.47752808988764045,0.883008356545961,0.4230769230769231,0.04564315352697095,0.13306451612903225,0.116991643454039,0.5769230769230769,634,84,11,15,32,31,13,32
0.48111,0.96896,False,1424,718,698,8,0.5098314606741573,0.4901685393258427,0.883008356545961,0.75,0.024896265560165973,0.1184573002754821,0.116991643454039,0.25,634,84,6,2,32,31,4,32
0.48111,0.96896,True,1424,718,699,7,0.5091292134831461,0.49087078651685395,0.883008356545961,0.7142857142857143,0.02074688796680498,0.11862068965517242,0.116991643454039,0.2857142857142857,634,84,5,2,32,31,4,32
0.48244,0.48406,False,1424,743,82,599,0.9424157303370787,0.05758426966292135,0.8842530282637954,0.2387312186978297,0.5933609958506224,0.4038748137108793,0.11574697173620457,0.7612687813021702,657,86,143,456,32,32,32,32
0.48244,0.48406,True,1424,743,232,449,0.8370786516853933,0.16292134831460675,0.8842530282637954,0.25389755011135856,0.4730290456431535,0.35318791946308725,0.11574697173620457,0.7461024498886414,657,86,114,335,32,32,32,32
0.48244,0.48558,False,1424,743,104,577,0.9269662921348315,0.07303370786516854,0.8842530282637954,0.24436741767764297,0.5850622406639004,0.39545454545454545,0.11574697173620457,0.755632582322357,657,86,141,436,32,32,32,32
0.48244,0.48558,True,1424,743,249,432,0.8251404494382022,0.17485955056179775,0.8842530282637954,0.2638888888888889,0.4730290456431535,0.34382978723404256,0.11574697173620457,0.7361111111111112,657,86,114,318,32,32,32,32
0.48244,0.48786,False,1424,743,125,556,0.9122191011235955,0.0877808988764045,0.8842530282637954,0.2517985611510791,0.5809128630705395,0.38645111624326406,0.11574697173620457,0.7482014388489209,657,86,140,416,32,32,32,32
0.48244,0.48786,True,1424,743,264,417,0.8146067415730337,0.1853932584269663,0.8842530282637954,0.2733812949640288,0.4730290456431535,0.3353448275862069,0.11574697173620457,0.7266187050359713,657,86,114,303,32,32,32,32
0.48244,0.48938,False,1424,743,138,543,0.9030898876404494,0.09691011235955056,0.8842530282637954,0.2523020257826888,0.5684647302904564,0.38258164852255055,0.11574697173620457,0.7476979742173112,657,86,137,406,32,32,32,32
0.48244,0.48938,True,1424,743,277,404,0.8054775280898876,0.19452247191011235,0.8842530282637954,0.2747524752475248,0.4605809128630705,0.3304272013949433,0.11574697173620457,0.7252475247524752,657,86,111,293,32,32,32,32
0.48244,0.49294,False,1424,743,160,521,0.8876404494382022,0.11235955056179775,0.8842530282637954,0.2476007677543186,0.5352697095435685,0.37816455696202533,0.11574697173620457,0.7523992322456814,657,86,129,392,32,32,32,32
0.48244,0.49294,True,1424,743,289,392,0.7970505617977528,0.2029494382022472,0.8842530282637954,0.27040816326530615,0.43983402489626555,0.3277533039647577,0.11574697173620457,0.7295918367346939,657,86,106,286,32,32,32,32
0.48244,0.49536,False,1424,743,177,504,0.8757022471910112,0.12429775280898876,0.8842530282637954,0.25396825396825395,0.5311203319502075,0.37048917401764236,0.11574697173620457,0.746031746031746,657,86,128,376,32,32,32,32
0.48244,0.49536,True,1424,743,302,379,0.7879213483146067,0.21207865168539325,0.8842530282637954,0.2770448548812665,0.43568464730290457,0.32085561497326204,0.11574697173620457,0.7229551451187335,657,86,105,274,32,32,32,32
0.48244,0.49788,False,1424,743,199,482,0.860252808988764,0.13974719101123595,0.8842530282637954,0.2551867219917012,0.5103734439834025,0.363265306122449,0.11574697173620457,0.7448132780082988,657,86,123,359,32,32,32,32
0.48244,0.49788,True,1424,743,319,362,0.7759831460674157,0.22401685393258428,0.8842530282637954,0.281767955801105,0.42323651452282157,0.31312217194570136,0.11574697173620457,0.7182320441988951,657,86,102,260,32,32,32,32
0.48244,0.49958,False,1424,743,218,463,0.8469101123595506,0.15308988764044945,0.8842530282637954,0.2570194384449244,0.49377593360995853,0.35655058043117743,0.11574697173620457,0.7429805615550756,657,86,119,344,32,32,32,32
0.48244,0.49958,True,1424,743,333,348,0.7661516853932584,0.23384831460674158,0.8842530282637954,0.28160919540229884,0.4066390041493776,0.307974335472044,0.11574697173620457,0.7183908045977011,657,86,98,250,32,32,32,32
0.48244,0.50318,False,1424,743,239,442,0.8321629213483146,0.1678370786516854,0.8842530282637954,0.26018099547511314,0.47717842323651455,0.34852320675105486,0.11574697173620457,0.7398190045248869,657,86,115,327,32,32,32,32
0.48244,0.50318,True,1424,743,348,333,0.7556179775280899,0.2443820224719101,0.8842530282637954,0.2822822822822823,0.3900414937759336,0.3020446096654275,0.11574697173620457,0.7177177177177178,657,86,94,239,32,32,32,32
0.48244,0.50533,False,1424,743,261,420,0.8167134831460674,0.18328651685393257,0.8842530282637954,0.2619047619047619,0.45643153526970953,0.3404987102321582,0.11574697173620457,0.7380952380952381,657,86,110,310,32,32,32,32
0.48244,0.50533,True,1424,743,364,317,0.7443820224719101,0.2556179775280899,0.8842530282637954,0.28391167192429023,0.37344398340248963,0.2952830188679245,0.11574697173620457,0.7160883280757098,657,86,90,227,32,32,32,32
0.48244,0.50776,False,1424,743,283,398,0.8012640449438202,0.19873595505617977,0.8842530282637954,0.2638190954773869,0.43568464730290457,0.33216476774758985,0.11574697173620457,0.7361809045226131,657,86,105,293,32,32,32,32
0.48244,0.50776,True,1424,743,380,301,0.7331460674157303,0.26685393258426965,0.8842530282637954,0.2823920265780731,0.35269709543568467,0.289272030651341,0.11574697173620457,0.717607973421927,657,86,85,216,32,32,32,32
0.48244,0.5105,False,1424,743,299,382,0.7900280898876404,0.20997191011235955,0.8842530282637954,0.27486910994764396,0.43568464730290457,0.32266666666666666,0.11574697173620457,0.725130890052356,657,86,105,277,32,32,32,32
0.48244,0.5105,True,1424,743,391,290,0.7254213483146067,0.27457865168539325,0.8842530282637954,0.29310344827586204,0.35269709543568467,0.28170377541142305,0.11574697173620457,0.7068965517241379,657,86,85,205,32,32,32,32
0.48244,0.51391,False,1424,743,319,362,0.7759831460674157,0.22401685393258428,0.8842530282637954,0.27624309392265195,0.4149377593360996,0.31493212669683257,0.11574697173620457,0.7237569060773481,657,86,100,262,32,32,32,32
0.48244,0.51391,True,1424,743,402,279,0.7176966292134831,0.28230337078651685,0.8842530282637954,0.2939068100358423,0.34024896265560167,0.27690802348336596,0.11574697173620457,0.7060931899641577,657,86,82,197,32,32,32,32
0.48244,0.51704,False,1424,743,338,343,0.7626404494382022,0.23735955056179775,0.8842530282637954,0.27696793002915454,0.3941908713692946,0.30755064456721914,0.11574697173620457,0.7230320699708455,657,86,95,248,32,32,32,32
0.48244,0.51704,True,1424,743,418,263,0.7064606741573034,0.29353932584269665,0.8842530282637954,0.2965779467680608,0.3236514522821577,0.26938369781312127,0.11574697173620457,0.7034220532319392,657,86,78,185,32,32,32,32
0.48244,0.51897,False,1424,743,358,323,0.7485955056179775,0.25140449438202245,0.8842530282637954,0.28173374613003094,0.3775933609958506,0.29831144465290804,0.11574697173620457,0.718266253869969,657,86,91,232,32,32,32,32
0.48244,0.51897,True,1424,743,437,244,0.6931179775280899,0.3068820224719101,0.8842530282637954,0.30327868852459017,0.3070539419087137,0.25937183383991896,0.11574697173620457,0.6967213114754098,657,86,74,170,32,32,32,32
0.48244,0.52434,False,1424,743,379,302,0.7338483146067416,0.26615168539325845,0.8842530282637954,0.28807947019867547,0.36099585062240663,0.2880382775119617,0.11574697173620457,0.7119205298013245,657,86,87,215,32,32,32,32
0.48244,0.52434,True,1424,743,456,225,0.6797752808988764,0.3202247191011236,0.8842530282637954,0.3111111111111111,0.29045643153526973,0.24896694214876033,0.11574697173620457,0.6888888888888889,657,86,70,155,32,32,32,32
0.48244,0.52767,False,1424,743,395,286,0.7226123595505618,0.2773876404494382,0.8842530282637954,0.2972027972027972,0.35269709543568467,0.2789115646258503,0.11574697173620457,0.7027972027972028,657,86,85,201,32,32,32,32
0.48244,0.52767,True,1424,743,469,212,0.6706460674157303,0.32935393258426965,0.8842530282637954,0.32075471698113206,0.2821576763485477,0.24083769633507854,0.11574697173620457,0.6792452830188679,657,86,68,144,32,32,32,32
0.48244,0.53286,False,1424,743,417,264,0.7071629213483146,0.2928370786516854,0.8842530282637954,0.3068181818181818,0.3360995850622407,0.2671300893743793,0.11574697173620457,0.6931818181818182,657,86,81,183,32,32,32,32
0.48244,0.53286,True,1424,743,487,194,0.6580056179775281,0.3419943820224719,0.8842530282637954,0.32989690721649484,0.26556016597510373,0.2305229455709712,0.11574697173620457,0.6701030927835051,657,86,64,130,32,32,32,32
0.48244,0.53953,False,1424,743,439,242,0.6917134831460674,0.3082865168539326,0.8842530282637954,0.30991735537190085,0.3112033195020747,0.2568527918781726,0.11574697173620457,0.6900826446280992,657,86,75,167,32,32,32,32
0.48244,0.53953,True,1424,743,504,177,0.6460674157303371,0.3539325842696629,0.8842530282637954,0.3389830508474576,0.24896265560165975,0.22065217391304348,0.11574697173620457,0.6610169491525424,657,86,60,117,32,32,32,32
0.48244,0.54572,False,1424,743,460,221,0.6769662921348315,0.32303370786516855,0.8842530282637954,0.3212669683257919,0.2946058091286307,0.24481327800829875,0.11574697173620457,0.6787330316742082,657,86,71,150,32,32,32,32
0.48244,0.54572,True,1424,743,518,163,0.6362359550561798,0.3637640449438202,0.8842530282637954,0.3558282208588957,0.24066390041493776,0.2108167770419426,0.11574697173620457,0.6441717791411042,657,86,58,105,32,32,32,32
0.48244,0.54999,False,1424,743,478,203,0.6643258426966292,0.3356741573033708,0.8842530282637954,0.3399014778325123,0.2863070539419087,0.23255813953488372,0.11574697173620457,0.6600985221674877,657,86,69,134,32,32,31,32
0.48244,0.54999,True,1424,743,534,147,0.625,0.375,0.8842530282637954,0.38095238095238093,0.23236514522821577,0.19887640449438201,0.11574697173620457,0.6190476190476191,657,86,56,91,32,32,30,32
0.48244,0.55464,False,1424,743,500,181,0.648876404494382,0.351123595505618,0.8842530282637954,0.3370165745856354,0.25311203319502074,0.22294372294372294,0.11574697173620457,0.6629834254143646,657,86,61,120,32,32,30,32
0.48244,0.55464,True,1424,743,550,131,0.6137640449438202,0.3862359550561798,0.8842530282637954,0.3893129770992366,0.21161825726141079,0.18993135011441648,0.11574697173620457,0.6106870229007634,657,86,51,80,32,32,29,32
0.48244,0.56209,False,1424,743,521,160,0.6341292134831461,0.36587078651685395,0.8842530282637954,0.35,0.23236514522821577,0.21040974529346623,0.11574697173620457,0.65,657,86,56,104,32,32,29,32
0.48244,0.56209,True,1424,743,564,117,0.6039325842696629,0.3960674157303371,0.8842530282637954,0.41025641025641024,0.1991701244813278,0.18023255813953487,0.11574697173620457,0.5897435897435898,657,86,48,69,32,32,28,32
0.48244,0.57246,False,1424,743,543,138,0.6186797752808989,0.3813202247191011,0.8842530282637954,0.35507246376811596,0.2033195020746888,0.19863791146424517,0.11574697173620457,0.644927536231884,657,86,49,89,32,32,29,32
0.48244,0.57246,True,1424,743,577,104,0.5948033707865169,0.40519662921348315,0.8842530282637954,0.40384615384615385,0.17427385892116182,0.17473435655253838,0.11574697173620457,0.5961538461538461,657,86,42,62,32,32,28,32
0.48244,0.58583,False,1424,743,565,116,0.6032303370786517,0.3967696629213483,0.8842530282637954,0.3879310344827586,0.18672199170124482,0.18277066356228172,0.11574697173620457,0.6120689655172413,657,86,45,71,32,32,26,32
0.48244,0.58583,True,1424,743,593,88,0.5835674157303371,0.4164325842696629,0.8842530282637954,0.4318181818181818,0.15767634854771784,0.16365824308062576,0.11574697173620457,0.5681818181818182,657,86,38,50,32,32,26,32
0.48244,0.59836,False,1424,743,587,94,0.5877808988764045,0.4122191011235955,0.8842530282637954,0.40425531914893614,0.15767634854771784,0.16965352449223417,0.11574697173620457,0.5957446808510638,657,86,38,56,32,32,24,32
0.48244,0.59836,True,1424,743,608,73,0.5730337078651685,0.42696629213483145,0.8842530282637954,0.4383561643835616,0.13278008298755187,0.1556372549019608,0.11574697173620457,0.5616438356164384,657,86,32,41,32,32,24,32
0.48244,0.61936,False,1424,743,608,73,0.5730337078651685,0.42696629213483145,0.8842530282637954,0.4246575342465753,0.12863070539419086,0.1568627450980392,0.11574697173620457,0.5753424657534246,657,86,31,42,32,32,23,32
0.48244,0.61936,True,1424,743,626,55,0.5603932584269663,0.4396067415730337,0.8842530282637954,0.45454545454545453,0.1037344398340249,0.14536340852130325,0.11574697173620457,0.5454545454545454,657,86,25,30,32,32,23,32
0.48244,0.67291,False,1424,743,630,51,0.5575842696629213,0.44241573033707865,0.8842530282637954,0.47058823529411764,0.0995850622406639,0.14231738035264482,0.11574697173620457,0.5294117647058824,657,86,24,27,32,32,19,32
0.48244,0.67291,True,1424,743,640,41,0.550561797752809,0.449438202247191,0.8842530282637954,0.5121951219512195,0.08713692946058091,0.13520408163265307,0.11574697173620457,0.4878048780487805,657,86,21,20,32,32,19,32
0.48244,0.78196,False,1424,743,652,29,0.5421348314606742,0.45786516853932585,0.8842530282637954,0.41379310344827586,0.04979253112033195,0.133419689119171,0.11574697173620457,0.5862068965517241,657,86,12,17,32,32,14,32
0.48244,0.78196,True,1424,743,655,26,0.5400280898876404,0.45997191011235955,0.8842530282637954,0.4230769230769231,0.04564315352697095,0.13133940182054615,0.11574697173620457,0.5769230769230769,657,86,11,15,32,31,13,32
0.48244,0.96896,False,1424,743,673,8,0.5273876404494382,0.4726123595505618,0.8842530282637954,0.75,0.024896265560165973,0.11717709720372836,0.11574697173620457,0.25,657,86,6,2,32,31,4,32
0.48244,0.96896,True,1424,743,674,7,0.526685393258427,0.47331460674157305,0.8842530282637954,0.7142857142857143,0.02074688796680498,0.11733333333333333,0.11574697173620457,0.2857142857142857,657,86,5,2,32,31,4,32
0.48493,0.48558,False,1424,772,75,577,0.9473314606741573,0.05266853932584269,0.8808290155440415,0.24436741767764297,0.5850622406639004,0.39140103780578206,0.11917098445595854,0.755632582322357,680,92,141,436,32,32,32,32
0.48493,0.48558,True,1424,772,220,432,0.8455056179775281,0.1544943820224719,0.8808290155440415,0.2638888888888889,0.4730290456431535,0.34053156146179403,0.11917098445595854,0.7361111111111112,680,92,114,318,32,32,32,32
0.48493,0.48786,False,1424,772,96,556,0.9325842696629213,0.06741573033707865,0.8808290155440415,0.2517985611510791,0.5809128630705395,0.3825301204819277,0.11917098445595854,0.7482014388489209,680,92,140,416,32,32,32,32
0.48493,0.48786,True,1424,772,235,417,0.8349719101123596,0.16502808988764045,0.8808290155440415,0.2733812949640288,0.4730290456431535,0.3322119428090833,0.11917098445595854,0.7266187050359713,680,92,114,303,32,32,32,32
0.48493,0.48938,False,1424,772,109,543,0.9234550561797753,0.07654494382022473,0.8808290155440415,0.2523020257826888,0.5684647302904564,0.37870722433460074,0.11917098445595854,0.7476979742173112,680,92,137,406,32,32,32,32
0.48493,0.48938,True,1424,772,248,404,0.8258426966292135,0.17415730337078653,0.8808290155440415,0.2747524752475248,0.4605809128630705,0.3273809523809524,0.11917098445595854,0.7252475247524752,680,92,111,293,32,32,32,32
0.48493,0.49294,False,1424,772,131,521,0.9080056179775281,0.09199438202247191,0.8808290155440415,0.2476007677543186,0.5352697095435685,0.374323279195669,0.11917098445595854,0.7523992322456814,680,92,129,392,32,32,32,32
0.48493,0.49294,True,1424,772,260,392,0.8174157303370787,0.18258426966292135,0.8808290155440415,0.27040816326530615,0.43983402489626555,0.3247422680412371,0.11917098445595854,0.7295918367346939,680,92,106,286,32,32,32,32
0.48493,0.49536,False,1424,772,148,504,0.8960674157303371,0.10393258426966293,0.8808290155440415,0.25396825396825395,0.5311203319502075,0.3667711598746082,0.11917098445595854,0.746031746031746,680,92,128,376,32,32,32,32
0.48493,0.49536,True,1424,772,273,379,0.8082865168539326,0.19171348314606743,0.8808290155440415,0.2770448548812665,0.43568464730290457,0.317984361424848,0.11917098445595854,0.7229551451187335,680,92,105,274,32,32,32,32
0.48493,0.49788,False,1424,772,170,482,0.8806179775280899,0.11938202247191011,0.8808290155440415,0.2551867219917012,0.5103734439834025,0.35964912280701755,0.11917098445595854,0.7448132780082988,680,92,123,359,32,32,32,32
0.48493,0.49788,True,1424,772,290,362,0.7963483146067416,0.20365168539325842,0.8808290155440415,0.281767955801105,0.42323651452282157,0.31040564373897706,0.11917098445595854,0.7182320441988951,680,92,102,260,32,32,32,32
0.48493,0.49958,False,1424,772,189,463,0.8672752808988764,0.1327247191011236,0.8808290155440415,0.2570194384449244,0.49377593360995853,0.35303643724696354,0.11917098445595854,0.7429805615550756,680,92,119,344,32,32,32,32
0.48493,0.49958,True,1424,772,304,348,0.7865168539325843,0.21348314606741572,0.8808290155440415,0.28160919540229884,0.4066390041493776,0.3053571428571429,0.11917098445595854,0.7183908045977011,680,92,98,250,32,32,32,32
0.48493,0.50318,False,1424,772,210,442,0.8525280898876404,0.14747191011235955,0.8808290155440415,0.26018099547511314,0.47717842323651455,0.34514003294892914,0.11917098445595854,0.7398190045248869,680,92,115,327,32,32,32,32
0.48493,0.50318,True,1424,772,319,333,0.7759831460674157,0.22401685393258428,0.8808290155440415,0.2822822822822823,0.3900414937759336,0.2995475113122172,0.11917098445595854,0.7177177177177178,680,92,94,239,32,32,32,32
0.48493,0.50533,False,1424,772,232,420,0.8370786516853933,0.16292134831460675,0.8808290155440415,0.2619047619047619,0.45643153526970953,0.337248322147651,0.11917098445595854,0.7380952380952381,680,92,110,310,32,32,32,32
0.48493,0.50533,True,1424,772,335,317,0.764747191011236,0.23525280898876405,0.8808290155440415,0.28391167192429023,0.37344398340248963,0.29292929292929293,0.11917098445595854,0.7160883280757098,680,92,90,227,32,32,32,32
0.48493,0.50776,False,1424,772,254,398,0.8216292134831461,0.17837078651685392,0.8808290155440415,0.2638190954773869,0.43568464730290457,0.32905982905982906,0.11917098445595854,0.7361809045226131,680,92,105,293,32,32,32,32
0.48493,0.50776,True,1424,772,351,301,0.7535112359550562,0.24648876404494383,0.8808290155440415,0.2823920265780731,0.35269709543568467,0.2870456663560112,0.11917098445595854,0.717607973421927,680,92,85,216,32,32,32,32
0.48493,0.5105,False,1424,772,270,382,0.8103932584269663,0.1896067415730337,0.8808290155440415,0.27486910994764396,0.43568464730290457,0.3197573656845754,0.11917098445595854,0.725130890052356,680,92,105,277,32,32,32,32
0.48493,0.5105,True,1424,772,362,290,0.7457865168539326,0.2542134831460674,0.8808290155440415,0.29310344827586204,0.35269709543568467,0.2796610169491525,0.11917098445595854,0.7068965517241379,680,92,85,205,32,32,32,32
0.48493,0.51391,False,1424,772,290,362,0.7963483146067416,0.20365168539325842,0.8808290155440415,0.27624309392265195,0.4149377593360996,0.31216931216931215,0.11917098445595854,0.7237569060773481,680,92,100,262,32,32,32,32
0.48493,0.51391,True,1424,772,373,279,0.738061797752809,0.261938202247191,0.8808290155440415,0.2939068100358423,0.34024896265560167,0.27497621313035203,0.11917098445595854,0.7060931899641577,680,92,82,197,32,32,32,32
0.48493,0.51704,False,1424,772,309,343,0.7830056179775281,0.2169943820224719,0.8808290155440415,0.27696793002915454,0.3941908713692946,0.30493273542600896,0.11917098445595854,0.7230320699708455,680,92,95,248,32,32,32,32
0.48493,0.51704,True,1424,772,389,263,0.7268258426966292,0.2731741573033708,0.8808290155440415,0.2965779467680608,0.3236514522821577,0.26763285024154587,0.11917098445595854,0.7034220532319392,680,92,78,185,32,32,32,32
0.48493,0.51897,False,1424,772,329,323,0.7689606741573034,0.23103932584269662,0.8808290155440415,0.28173374613003094,0.3775933609958506,0.2958904109589041,0.11917098445595854,0.718266253869969,680,92,91,232,32,32,32,32
0.48493,0.51897,True,1424,772,408,244,0.7134831460674157,0.28651685393258425,0.8808290155440415,0.30327868852459017,0.3070539419087137,0.2578740157480315,0.11917098445595854,0.6967213114754098,680,92,74,170,32,32,32,32
0.48493,0.52434,False,1424,772,350,302,0.7542134831460674,0.24578651685393257,0.8808290155440415,0.28807947019867547,0.36099585062240663,0.28584729981378026,0.11917098445595854,0.7119205298013245,680,92,87,215,32,32,32,32
0.48493,0.52434,True,1424,772,427,225,0.7001404494382022,0.29985955056179775,0.8808290155440415,0.3111111111111111,0.29045643153526973,0.2477432296890672,0.11917098445595854,0.6888888888888889,680,92,70,155,32,32,32,32
0.48493,0.52767,False,1424,772,366,286,0.7429775280898876,0.25702247191011235,0.8808290155440415,0.2972027972027972,0.35269709543568467,0.276937618147448,0.11917098445595854,0.7027972027972028,680,92,85,201,32,32,32,32
0.48493,0.52767,True,1424,772,440,212,0.6910112359550562,0.3089887640449438,0.8808290155440415,0.32075471698113206,0.2821576763485477,0.23983739837398374,0.11917098445595854,0.6792452830188679,680,92,68,144,32,32,32,32
0.48493,0.53286,False,1424,772,388,264,0.7275280898876404,0.27247191011235955,0.8808290155440415,0.3068181818181818,0.3360995850622407,0.26544401544401547,0.11917098445595854,0.6931818181818182,680,92,81,183,32,32,32,32
0.48493,0.53286,True,1424,772,458,194,0.6783707865168539,0.32162921348314605,0.8808290155440415,0.32989690721649484,0.26556016597510373,0.22981366459627328,0.11917098445595854,0.6701030927835051,680,92,64,130,32,32,32,32
0.48493,0.53953,False,1424,772,410,242,0.7120786516853933,0.28792134831460675,0.8808290155440415,0.30991735537190085,0.3112033195020747,0.25542406311637084,0.11917098445595854,0.6900826446280992,680,92,75,167,32,32,32,32
0.48493,0.53953,True,1424,772,475,177,0.6664325842696629,0.3335674157303371,0.8808290155440415,0.3389830508474576,0.24896265560165975,0.220231822971549,0.11917098445595854,0.6610169491525424,680,92,60,117,32,32,32,32
0.48493,0.54572,False,1424,772,431,221,0.6973314606741573,0.3026685393258427,0.8808290155440415,0.3212669683257919,0.2946058091286307,0.24370594159113795,0.11917098445595854,0.6787330316742082,680,92,71,150,32,32,32,32
0.48493,0.54572,True,1424,772,489,163,0.6566011235955056,0.3433988764044944,0.8808290155440415,0.3558282208588957,0.24066390041493776,0.2106951871657754,0.11917098445595854,0.6441717791411042,680,92,58,105,32,32,32,32
0.48493,0.54999,False,1424,772,449,203,0.6846910112359551,0.31530898876404495,0.8808290155440415,0.3399014778325123,0.2863070539419087,0.2317948717948718,0.11917098445595854,0.6600985221674877,680,92,69,134,32,32,31,32
0.48493,0.54999,True,1424,772,505,147,0.6453651685393258,0.35463483146067415,0.8808290155440415,0.38095238095238093,0.23236514522821577,0.19912948857453755,0.11917098445595854,0.6190476190476191,680,92,56,91,32,32,30,32
0.48493,0.55464,False,1424,772,471,181,0.6692415730337079,0.33075842696629215,0.8808290155440415,0.3370165745856354,0.25311203319502074,0.22245540398740818,0.11917098445595854,0.6629834254143646,680,92,61,120,32,32,30,32
0.48493,0.55464,True,1424,772,521,131,0.6341292134831461,0.36587078651685395,0.8808290155440415,0.3893129770992366,0.21161825726141079,0.19047619047619047,0.11917098445595854,0.6106870229007634,680,92,51,80,32,32,29,32
0.48493,0.56209,False,1424,772,492,160,0.6544943820224719,0.3455056179775281,0.8808290155440415,0.35,0.23236514522821577,0.21030042918454936,0.11917098445595854,0.65,680,92,56,104,32,32,29,32
0.48493,0.56209,True,1424,772,535,117,0.6242977528089888,0.37570224719101125,0.8808290155440415,0.41025641025641024,0.1991701244813278,0.18110236220472442,0.11917098445595854,0.5897435897435898,680,92,48,69,32,32,28,32
0.48493,0.57246,False,1424,772,514,138,0.6390449438202247,0.3609550561797753,0.8808290155440415,0.35507246376811596,0.2033195020746888,0.1989010989010989,0.11917098445595854,0.644927536231884,680,92,49,89,32,32,29,32
0.48493,0.57246,True,1424,772,548,104,0.6151685393258427,0.3848314606741573,0.8808290155440415,0.40384615384615385,0.17427385892116182,0.17579908675799086,0.11917098445595854,0.5961538461538461,680,92,42,62,32,32,28,32
0.48493,0.58583,False,1424,772,536,116,0.6235955056179775,0.37640449438202245,0.8808290155440415,0.3879310344827586,0.18672199170124482,0.18355855855855857,0.11917098445595854,0.6120689655172413,680,92,45,71,32,32,26,32
0.48493,0.58583,True,1424,772,564,88,0.6039325842696629,0.3960674157303371,0.8808290155440415,0.4318181818181818,0.15767634854771784,0.16511627906976745,0.11917098445595854,0.5681818181818182,680,92,38,50,32,32,26,32
0.48493,0.59836,False,1424,772,558,94,0.6081460674157303,0.39185393258426965,0.8808290155440415,0.40425531914893614,0.15767634854771784,0.17090069284064666,0.11917098445595854,0.5957446808510638,680,92,38,56,32,32,24,32
0.48493,0.59836,True,1424,772,579,73,0.5933988764044944,0.4066011235955056,0.8808290155440415,0.4383561643835616,0.13278008298755187,0.15739644970414202,0.11917098445595854,0.5616438356164384,680,92,32,41,32,32,24,32
0.48493,0.61936,False,1424,772,579,73,0.5933988764044944,0.4066011235955056,0.8808290155440415,0.4246575342465753,0.12863070539419086,0.15857988165680473,0.11917098445595854,0.5753424657534246,680,92,31,42,32,32,23,32
0.48493,0.61936,True,1424,772,597,55,0.5807584269662921,0.41924157303370785,0.8808290155440415,0.45454545454545453,0.1037344398340249,0.1475211608222491,0.11917098445595854,0.5454545454545454,680,92,25,30,32,32,23,32
0.48493,0.67291,False,1424,772,601,51,0.5779494382022472,0.4220505617977528,0.8808290155440415,0.47058823529411764,0.0995850622406639,0.1445929526123937,0.11917098445595854,0.5294117647058824,680,92,24,27,32,32,19,32
0.48493,0.67291,True,1424,772,611,41,0.5709269662921348,0.42907303370786515,0.8808290155440415,0.5121951219512195,0.08713692946058091,0.13776137761377613,0.11917098445595854,0.4878048780487805,680,92,21,20,32,32,19,32
0.48493,0.78196,False,1424,772,623,29,0.5625,0.4375,0.8808290155440415,0.41379310344827586,0.04979253112033195,0.13607990012484394,0.11917098445595854,0.5862068965517241,680,92,12,17,32,32,14,32
0.48493,0.78196,True,1424,772,626,26,0.5603932584269663,0.4396067415730337,0.8808290155440415,0.4230769230769231,0.04564315352697095,0.13408521303258145,0.11917098445595854,0.5769230769230769,680,92,11,15,32,31,13,32
0.48493,0.96896,False,1424,772,644,8,0.547752808988764,0.45224719101123595,0.8808290155440415,0.75,0.024896265560165973,0.12051282051282051,0.11917098445595854,0.25,680,92,6,2,32,31,4,32
0.48493,0.96896,True,1424,772,645,7,0.5470505617977528,0.4529494382022472,0.8808290155440415,0.7142857142857143,0.02074688796680498,0.12066752246469833,0.11917098445595854,0.2857142857142857,680,92,5,2,32,31,4,32
0.48702,0.48786,False,1424,801,67,556,0.9529494382022472,0.047050561797752806,0.8838951310861424,0.2517985611510791,0.5809128630705395,0.3750921149594694,0.11610486891385768,0.7482014388489209,708,93,140,416,32,32,32,32
0.48702,0.48786,True,1424,801,206,417,0.8553370786516854,0.1446629213483146,0.8838951310861424,0.2733812949640288,0.4730290456431535,0.3251231527093596,0.11610486891385768,0.7266187050359713,708,93,114,303,32,32,32,32
0.48702,0.48938,False,1424,801,80,543,0.9438202247191011,0.056179775280898875,0.8838951310861424,0.2523020257826888,0.5684647302904564,0.3712797619047619,0.11610486891385768,0.7476979742173112,708,93,137,406,32,32,32,32
0.48702,0.48938,True,1424,801,219,404,0.8462078651685393,0.15379213483146068,0.8838951310861424,0.2747524752475248,0.4605809128630705,0.3203319502074689,0.11610486891385768,0.7252475247524752,708,93,111,293,32,32,32,32
0.48702,0.49294,False,1424,801,102,521,0.9283707865168539,0.07162921348314606,0.8838951310861424,0.2476007677543186,0.5352697095435685,0.3668683812405446,0.11610486891385768,0.7523992322456814,708,93,129,392,32,32,32,32
0.48702,0.49294,True,1424,801,231,392,0.8377808988764045,0.1622191011235955,0.8838951310861424,0.27040816326530615,0.43983402489626555,0.3176865046102263,0.11610486891385768,0.7295918367346939,708,93,106,286,32,32,32,32
0.48702,0.49536,False,1424,801,119,504,0.9164325842696629,0.08356741573033707,0.8838951310861424,0.25396825396825395,0.5311203319502075,0.3593869731800766,0.11610486891385768,0.746031746031746,708,93,128,376,32,32,32,32
0.48702,0.49536,True,1424,801,244,379,0.8286516853932584,0.17134831460674158,0.8838951310861424,0.2770448548812665,0.43568464730290457,0.31101694915254235,0.11610486891385768,0.7229551451187335,708,93,105,274,32,32,32,32
0.48702,0.49788,False,1424,801,141,482,0.9009831460674157,0.09901685393258428,0.8838951310861424,0.2551867219917012,0.5103734439834025,0.35229929851909586,0.11610486891385768,0.7448132780082988,708,93,123,359,32,32,32,32
0.48702,0.49788,True,1424,801,261,362,0.8167134831460674,0.18328651685393257,0.8838951310861424,0.281767955801105,0.42323651452282157,0.3035253654342218,0.11610486891385768,0.7182320441988951,708,93,102,260,32,32,32,32
0.48702,0.49958,False,1424,801,160,463,0.8876404494382022,0.11235955056179775,0.8838951310861424,0.2570194384449244,0.49377593360995853,0.34572784810126583,0.11610486891385768,0.7429805615550756,708,93,119,344,32,32,32,32
0.48702,0.49958,True,1424,801,275,348,0.8068820224719101,0.1931179775280899,0.8838951310861424,0.28160919540229884,0.4066390041493776,0.29852045256744997,0.11610486891385768,0.7183908045977011,708,93,98,250,32,32,32,32
0.48702,0.50318,False,1424,801,181,442,0.8728932584269663,0.1271067415730337,0.8838951310861424,0.26018099547511314,0.47717842323651455,0.33789219629927597,0.11610486891385768,0.7398190045248869,708,93,115,327,32,32,32,32
0.48702,0.50318,True,1424,801,290,333,0.7963483146067416,0.20365168539325842,0.8838951310861424,0.2822822822822823,0.3900414937759336,0.2927689594356261,0.11610486891385768,0.7177177177177178,708,93,94,239,32,32,32,32
0.48702,0.50533,False,1424,801,203,420,0.8574438202247191,0.1425561797752809,0.8838951310861424,0.2619047619047619,0.45643153526970953,0.33005733005733007,0.11610486891385768,0.7380952380952381,708,93,110,310,32,32,32,32
0.48702,0.50533,True,1424,801,306,317,0.7851123595505618,0.2148876404494382,0.8838951310861424,0.28391167192429023,0.37344398340248963,0.28622540250447226,0.11610486891385768,0.7160883280757098,708,93,90,227,32,32,32,32
0.48702,0.50776,False,1424,801,225,398,0.8419943820224719,0.1580056179775281,0.8838951310861424,0.2638190954773869,0.43568464730290457,0.3219349457881568,0.11610486891385768,0.7361809045226131,708,93,105,293,32,32,32,32
0.48702,0.50776,True,1424,801,322,301,0.773876404494382,0.22612359550561797,0.8838951310861424,0.2823920265780731,0.35269709543568467,0.28039927404718695,0.11610486891385768,0.717607973421927,708,93,85,216,32,32,32,32
0.48702,0.5105,False,1424,801,241,382,0.8307584269662921,0.16924157303370788,0.8838951310861424,0.27486910994764396,0.43568464730290457,0.3127641589180051,0.11610486891385768,0.725130890052356,708,93,105,277,32,32,32,32
0.48702,0.5105,True,1424,801,333,290,0.7661516853932584,0.23384831460674158,0.8838951310861424,0.29310344827586204,0.35269709543568467,0.27314390467461047,0.11610486891385768,0.7068965517241379,708,93,85,205,32,32,32,32
0.48702,0.51391,False,1424,801,261,362,0.8167134831460674,0.18328651685393257,0.8838951310861424,0.27624309392265195,0.4149377593360996,0.30524505588993983,0.11610486891385768,0.7237569060773481,708,93,100,262,32,32,32,32
0.48702,0.51391,True,1424,801,344,279,0.7584269662921348,0.24157303370786518,0.8838951310861424,0.2939068100358423,0.34024896265560167,0.26851851851851855,0.11610486891385768,0.7060931899641577,708,93,82,197,32,32,32,32
0.48702,0.51704,False,1424,801,280,343,0.8033707865168539,0.19662921348314608,0.8838951310861424,0.27696793002915454,0.3941908713692946,0.2980769230769231,0.11610486891385768,0.7230320699708455,708,93,95,248,32,32,32,32
0.48702,0.51704,True,1424,801,360,263,0.7471910112359551,0.25280898876404495,0.8838951310861424,0.2965779467680608,0.3236514522821577,0.26127819548872183,0.11610486891385768,0.7034220532319392,708,93,78,185,32,32,32,32
0.48702,0.51897,False,1424,801,300,323,0.7893258426966292,0.21067415730337077,0.8838951310861424,0.28173374613003094,0.3775933609958506,0.2891459074733096,0.11610486891385768,0.718266253869969,708,93,91,232,32,32,32,32
0.48702,0.51897,True,1424,801,379,244,0.7338483146067416,0.26615168539325845,0.8838951310861424,0.30327868852459017,0.3070539419087137,0.2516746411483254,0.11610486891385768,0.6967213114754098,708,93,74,170,32,32,32,32
0.48702,0.52434,False,1424,801,321,302,0.7745786516853933,0.22542134831460675,0.8838951310861424,0.28807947019867547,0.36099585062240663,0.27923844061650044,0.11610486891385768,0.7119205298013245,708,93,87,215,32,32,32,32
0.48702,0.52434,True,1424,801,398,225,0.7205056179775281,0.2794943820224719,0.8838951310861424,0.3111111111111111,0.29045643153526973,0.24171539961013644,0.11610486891385768,0.6888888888888889,708,93,70,155,32,32,32,32
0.48702,0.52767,False,1424,801,337,286,0.7633426966292135,0.23665730337078653,0.8838951310861424,0.2972027972027972,0.35269709543568467,0.2704691812327507,0.11610486891385768,0.7027972027972028,708,93,85,201,32,32,32,32
0.48702,0.52767,True,1424,801,411,212,0.711376404494382,0.288623595505618,0.8838951310861424,0.32075471698113206,0.2821576763485477,0.23395853899308983,0.11610486891385768,0.6792452830188679,708,93,68,144,32,32,32,32
0.48702,0.53286,False,1424,801,359,264,0.7478932584269663,0.2521067415730337,0.8838951310861424,0.3068181818181818,0.3360995850622407,0.2591549295774648,0.11610486891385768,0.6931818181818182,708,93,81,183,32,32,32,32
0.48702,0.53286,True,1424,801,429,194,0.6987359550561798,0.3012640449438202,0.8838951310861424,0.32989690721649484,0.26556016597510373,0.2241206030150754,0.11610486891385768,0.6701030927835051,708,93,64,130,32,32,32,32
0.48702,0.53953,False,1424,801,381,242,0.7324438202247191,0.2675561797752809,0.8838951310861424,0.30991735537190085,0.3112033195020747,0.24928092042186,0.11610486891385768,0.6900826446280992,708,93,75,167,32,32,32,32
0.48702,0.53953,True,1424,801,446,177,0.6867977528089888,0.31320224719101125,0.8838951310861424,0.3389830508474576,0.24896265560165975,0.2147239263803681,0.11610486891385768,0.6610169491525424,708,93,60,117,32,32,32,32
0.48702,0.54572,False,1424,801,402,221,0.7176966292134831,0.28230337078651685,0.8838951310861424,0.3212669683257919,0.2946058091286307,0.23776908023483365,0.11610486891385768,0.6787330316742082,708,93,71,150,32,32,32,32
0.48702,0.54572,True,1424,801,460,163,0.6769662921348315,0.32303370786516855,0.8838951310861424,0.3558282208588957,0.24066390041493776,0.2053941908713693,0.11610486891385768,0.6441717791411042,708,93,58,105,32,32,32,32
0.48702,0.54999,False,1424,801,420,203,0.7050561797752809,0.2949438202247191,0.8838951310861424,0.3399014778325123,0.2863070539419087,0.22609561752988047,0.11610486891385768,0.6600985221674877,708,93,69,134,32,32,31,32
0.48702,0.54999,True,1424,801,476,147,0.6657303370786517,0.3342696629213483,0.8838951310861424,0.38095238095238093,0.23236514522821577,0.1940928270042194,0.11610486891385768,0.6190476190476191,708,93,56,91,32,32,30,32
0.48702,0.55464,False,1424,801,442,181,0.6896067415730337,0.3103932584269663,0.8838951310861424,0.3370165745856354,0.25311203319502074,0.21690427698574338,0.11610486891385768,0.6629834254143646,708,93,61,120,32,32,30,32
0.48702,0.55464,True,1424,801,492,131,0.6544943820224719,0.3455056179775281,0.8838951310861424,0.3893129770992366,0.21161825726141079,0.18562231759656653,0.11610486891385768,0.6106870229007634,708,93,51,80,32,32,29,32
0.48702,0.56209,False,1424,801,463,160,0.6748595505617978,0.32514044943820225,0.8838951310861424,0.35,0.23236514522821577,0.20499479708636836,0.11610486891385768,0.65,708,93,56,104,32,32,29,32
0.48702,0.56209,True,1424,801,506,117,0.6446629213483146,0.3553370786516854,0.8838951310861424,0.41025641025641024,0.1991701244813278,0.17647058823529413,0.11610486891385768,0.5897435897435898,708,93,48,69,32,32,28,32
0.48702,0.57246,False,1424,801,485,138,0.6594101123595506,0.34058988764044945,0.8838951310861424,0.35507246376811596,0.2033195020746888,0.19382321618743345,0.11610486891385768,0.644927536231884,708,93,49,89,32,32,29,32
0.48702,0.57246,True,1424,801,519,104,0.6355337078651685,0.36446629213483145,0.8838951310861424,0.40384615384615385,0.17427385892116182,0.1712707182320442,0.11610486891385768,0.5961538461538461,708,93,42,62,32,32,28,32
0.48702,0.58583,False,1424,801,507,116,0.6439606741573034,0.35603932584269665,0.8838951310861424,0.3879310344827586,0.18672199170124482,0.17884405670665213,0.11610486891385768,0.6120689655172413,708,93,45,71,32,32,26,32
0.48702,0.58583,True,1424,801,535,88,0.6242977528089888,0.37570224719101125,0.8838951310861424,0.4318181818181818,0.15767634854771784,0.1608548931383577,0.11610486891385768,0.5681818181818182,708,93,38,50,32,32,26,32
0.48702,0.59836,False,1424,801,529,94,0.6285112359550562,0.3714887640449438,0.8838951310861424,0.40425531914893614,0.15767634854771784,0.1664804469273743,0.11610486891385768,0.5957446808510638,708,93,38,56,32,32,24,32
0.48702,0.59836,True,1424,801,550,73,0.6137640449438202,0.3862359550561798,0.8838951310861424,0.4383561643835616,0.13278008298755187,0.15331807780320367,0.11610486891385768,0.5616438356164384,708,93,32,41,32,32,24,32
0.48702,0.61936,False,1424,801,550,73,0.6137640449438202,0.3862359550561798,0.8838951310861424,0.4246575342465753,0.12863070539419086,0.15446224256292906,0.11610486891385768,0.5753424657534246,708,93,31,42,32,32,23,32
0.48702,0.61936,True,1424,801,568,55,0.601123595505618,0.398876404494382,0.8838951310861424,0.45454545454545453,0.1037344398340249,0.14369158878504673,0.11610486891385768,0.5454545454545454,708,93,25,30,32,32,23,32
0.48702,0.67291,False,1424,801,572,51,0.598314606741573,0.40168539325842695,0.8838951310861424,0.47058823529411764,0.0995850622406639,0.14084507042253522,0.11610486891385768,0.5294117647058824,708,93,24,27,32,32,19,32
0.48702,0.67291,True,1424,801,582,41,0.5912921348314607,0.40870786516853935,0.8838951310861424,0.5121951219512195,0.08713692946058091,0.1342042755344418,0.11610486891385768,0.4878048780487805,708,93,21,20,32,32,19,32
0.48702,0.78196,False,1424,801,594,29,0.5828651685393258,0.41713483146067415,0.8838951310861424,0.41379310344827586,0.04979253112033195,0.13253012048192772,0.11610486891385768,0.5862068965517241,708,93,12,17,32,32,14,32
0.48702,0.78196,True,1424,801,597,26,0.5807584269662921,0.41924157303370785,0.8838951310861424,0.4230769230769231,0.04564315352697095,0.13059250302297462,0.11610486891385768,0.5769230769230769,708,93,11,15,32,31,13,32
0.48702,0.96896,False,1424,801,615,8,0.5681179775280899,0.4318820224719101,0.8838951310861424,0.75,0.024896265560165973,0.11742892459826947,0.11610486891385768,0.25,708,93,6,2,32,31,4,32
0.48702,0.96896,True,1424,801,616,7,0.5674157303370787,0.43258426966292135,0.8838951310861424,0.7142857142857143,0.02074688796680498,0.11757425742574257,0.11610486891385768,0.2857142857142857,708,93,5,2,32,31,4,32
0.48998,0.49294,False,1424,820,83,521,0.9417134831460674,0.05828651685393258,0.8804878048780488,0.2476007677543186,0.5352697095435685,0.36539895600298283,0.11951219512195121,0.7523992322456814,722,98,129,392,32,32,32,32
0.48998,0.49294,True,1424,820,212,392,0.851123595505618,0.14887640449438203,0.8804878048780488,0.27040816326530615,0.43983402489626555,0.31683168316831684,0.11951219512195121,0.7295918367346939,722,98,106,286,32,32,32,32
0.48998,0.49536,False,1424,820,100,504,0.9297752808988764,0.0702247191011236,0.8804878048780488,0.25396825396825395,0.5311203319502075,0.3580060422960725,0.11951219512195121,0.746031746031746,722,98,128,376,32,32,32,32
0.48998,0.49536,True,1424,820,225,379,0.8419943820224719,0.1580056179775281,0.8804878048780488,0.2770448548812665,0.43568464730290457,0.3102585487906589,0.11951219512195121,0.7229551451187335,722,98,105,274,32,32,32,32
0.48998,0.49788,False,1424,820,122,482,0.9143258426966292,0.08567415730337079,0.8804878048780488,0.2551867219917012,0.5103734439834025,0.3509984639016897,0.11951219512195121,0.7448132780082988,722,98,123,359,32,32,32,32
0.48998,0.49788,True,1424,820,242,362,0.8300561797752809,0.1699438202247191,0.8804878048780488,0.281767955801105,0.42323651452282157,0.30287648054145516,0.11951219512195121,0.7182320441988951,722,98,102,260,32,32,32,32
0.48998,0.49958,False,1424,820,141,463,0.9009831460674157,0.09901685393258428,0.8804878048780488,0.2570194384449244,0.49377593360995853,0.34450506625097427,0.11951219512195121,0.7429805615550756,722,98,119,344,32,32,32,32
0.48998,0.49958,True,1424,820,256,348,0.8202247191011236,0.1797752808988764,0.8804878048780488,0.28160919540229884,0.4066390041493776,0.2979452054794521,0.11951219512195121,0.7183908045977011,722,98,98,250,32,32,32,32
0.48998,0.50318,False,1424,820,162,442,0.8862359550561798,0.11376404494382023,0.8804878048780488,0.26018099547511314,0.47717842323651455,0.3367670364500792,0.11951219512195121,0.7398190045248869,722,98,115,327,32,32,32,32
0.48998,0.50318,True,1424,820,271,333,0.8096910112359551,0.19030898876404495,0.8804878048780488,0.2822822822822823,0.3900414937759336,0.29228100607111884,0.11951219512195121,0.7177177177177178,722,98,94,239,32,32,32,32
0.48998,0.50533,False,1424,820,184,420,0.8707865168539326,0.12921348314606743,0.8804878048780488,0.2619047619047619,0.45643153526970953,0.32903225806451614,0.11951219512195121,0.7380952380952381,722,98,110,310,32,32,32,32
0.48998,0.50533,True,1424,820,287,317,0.7984550561797753,0.20154494382022473,0.8804878048780488,0.28391167192429023,0.37344398340248963,0.2858399296394019,0.11951219512195121,0.7160883280757098,722,98,90,227,32,32,32,32
0.48998,0.50776,False,1424,820,206,398,0.8553370786516854,0.1446629213483146,0.8804878048780488,0.2638190954773869,0.43568464730290457,0.32101806239737274,0.11951219512195121,0.7361809045226131,722,98,105,293,32,32,32,32
0.48998,0.50776,True,1424,820,303,301,0.7872191011235955,0.2127808988764045,0.8804878048780488,0.2823920265780731,0.35269709543568467,0.280107047279215,0.11951219512195121,0.717607973421927,722,98,85,216,32,32,32,32
0.48998,0.5105,False,1424,820,222,382,0.8441011235955056,0.15589887640449437,0.8804878048780488,0.27486910994764396,0.43568464730290457,0.3119800332778702,0.11951219512195121,0.725130890052356,722,98,105,277,32,32,32,32
0.48998,0.5105,True,1424,820,314,290,0.7794943820224719,0.2205056179775281,0.8804878048780488,0.29310344827586204,0.35269709543568467,0.27297297297297296,0.11951219512195121,0.7068965517241379,722,98,85,205,32,32,32,32
0.48998,0.51391,False,1424,820,242,362,0.8300561797752809,0.1699438202247191,0.8804878048780488,0.27624309392265195,0.4149377593360996,0.30456852791878175,0.11951219512195121,0.7237569060773481,722,98,100,262,32,32,32,32
0.48998,0.51391,True,1424,820,325,279,0.7717696629213483,0.22823033707865167,0.8804878048780488,0.2939068100358423,0.34024896265560167,0.2684258416742493,0.11951219512195121,0.7060931899641577,722,98,82,197,32,32,32,32
0.48998,0.51704,False,1424,820,261,343,0.8167134831460674,0.18328651685393257,0.8804878048780488,0.27696793002915454,0.3941908713692946,0.29750644883920896,0.11951219512195121,0.7230320699708455,722,98,95,248,32,32,32,32
0.48998,0.51704,True,1424,820,341,263,0.7605337078651685,0.23946629213483145,0.8804878048780488,0.2965779467680608,0.3236514522821577,0.2613111726685134,0.11951219512195121,0.7034220532319392,722,98,78,185,32,32,32,32
0.48998,0.51897,False,1424,820,281,323,0.8026685393258427,0.1973314606741573,0.8804878048780488,0.28173374613003094,0.3775933609958506,0.2887139107611549,0.11951219512195121,0.718266253869969,722,98,91,232,32,32,32,32
0.48998,0.51897,True,1424,820,360,244,0.7471910112359551,0.25280898876404495,0.8804878048780488,0.30327868852459017,0.3070539419087137,0.2518796992481203,0.11951219512195121,0.6967213114754098,722,98,74,170,32,32,32,32
0.48998,0.52434,False,1424,820,302,302,0.7879213483146067,0.21207865168539325,0.8804878048780488,0.28807947019867547,0.36099585062240663,0.2789661319073084,0.11951219512195121,0.7119205298013245,722,98,87,215,32,32,32,32
0.48998,0.52434,True,1424,820,379,225,0.7338483146067416,0.26615168539325845,0.8804878048780488,0.3111111111111111,0.29045643153526973,0.24210526315789474,0.11951219512195121,0.6888888888888889,722,98,70,155,32,32,32,32
0.48998,0.52767,False,1424,820,318,286,0.776685393258427,0.22331460674157302,0.8804878048780488,0.2972027972027972,0.35269709543568467,0.27034358047016277,0.11951219512195121,0.7027972027972028,722,98,85,201,32,32,32,32
0.48998,0.52767,True,1424,820,392,212,0.7247191011235955,0.2752808988764045,0.8804878048780488,0.32075471698113206,0.2821576763485477,0.23449612403100775,0.11951219512195121,0.6792452830188679,722,98,68,144,32,32,32,32
0.48998,0.53286,False,1424,820,340,264,0.7612359550561798,0.23876404494382023,0.8804878048780488,0.3068181818181818,0.3360995850622407,0.2592250922509225,0.11951219512195121,0.6931818181818182,722,98,81,183,32,32,32,32
0.48998,0.53286,True,1424,820,410,194,0.7120786516853933,0.28792134831460675,0.8804878048780488,0.32989690721649484,0.26556016597510373,0.22485207100591717,0.11951219512195121,0.6701030927835051,722,98,64,130,32,32,32,32
0.48998,0.53953,False,1424,820,362,242,0.7457865168539326,0.2542134831460674,0.8804878048780488,0.30991735537190085,0.3112033195020747,0.2495291902071563,0.11951219512195121,0.6900826446280992,722,98,75,167,32,32,32,32
0.48998,0.53953,True,1424,820,427,177,0.7001404494382022,0.29985955056179775,0.8804878048780488,0.3389830508474576,0.24896265560165975,0.2156469408224674,0.11951219512195121,0.6610169491525424,722,98,60,117,32,32,32,32
0.48998,0.54572,False,1424,820,383,221,0.7310393258426966,0.26896067415730335,0.8804878048780488,0.3212669683257919,0.2946058091286307,0.23823246878001922,0.11951219512195121,0.6787330316742082,722,98,71,150,32,32,32,32
0.48998,0.54572,True,1424,820,441,163,0.6903089887640449,0.30969101123595505,0.8804878048780488,0.3558282208588957,0.24066390041493776,0.20651068158697863,0.11951219512195121,0.6441717791411042,722,98,58,105,32,32,32,32
0.48998,0.54999,False,1424,820,401,203,0.7183988764044944,0.2816011235955056,0.8804878048780488,0.3399014778325123,0.2863070539419087,0.22678396871945258,0.11951219512195121,0.6600985221674877,722,98,69,134,32,32,31,32
0.48998,0.54999,True,1424,820,457,147,0.6790730337078652,0.32092696629213485,0.8804878048780488,0.38095238095238093,0.23236514522821577,0.1954498448810755,0.11951219512195121,0.6190476190476191,722,98,56,91,32,32,30,32
0.48998,0.55464,False,1424,820,423,181,0.7029494382022472,0.2970505617977528,0.8804878048780488,0.3370165745856354,0.25311203319502074,0.2177822177822178,0.11951219512195121,0.6629834254143646,722,98,61,120,32,32,30,32
0.48998,0.55464,True,1424,820,473,131,0.6678370786516854,0.3321629213483146,0.8804878048780488,0.3893129770992366,0.21161825726141079,0.1871713985278654,0.11951219512195121,0.6106870229007634,722,98,51,80,32,32,29,32
0.48998,0.56209,False,1424,820,444,160,0.6882022471910112,0.31179775280898875,0.8804878048780488,0.35,0.23236514522821577,0.20612244897959184,0.11951219512195121,0.65,722,98,56,104,32,32,29,32
0.48998,0.56209,True,1424,820,487,117,0.6580056179775281,0.3419943820224719,0.8804878048780488,0.41025641025641024,0.1991701244813278,0.17822838847385272,0.11951219512195121,0.5897435897435898,722,98,48,69,32,32,28,32
0.48998,0.57246,False,1424,820,466,138,0.672752808988764,0.32724719101123595,0.8804878048780488,0.35507246376811596,0.2033195020746888,0.1951983298538622,0.11951219512195121,0.644927536231884,722,98,49,89,32,32,29,32
0.48998,0.57246,True,1424,820,500,104,0.648876404494382,0.351123595505618,0.8804878048780488,0.40384615384615385,0.17427385892116182,0.17316017316017315,0.11951219512195121,0.5961538461538461,722,98,42,62,32,32,28,32
0.48998,0.58583,False,1424,820,488,116,0.6573033707865169,0.34269662921348315,0.8804878048780488,0.3879310344827586,0.18672199170124482,0.18055555555555555,0.11951219512195121,0.6120689655172413,722,98,45,71,32,32,26,32
0.48998,0.58583,True,1424,820,516,88,0.6376404494382022,0.36235955056179775,0.8804878048780488,0.4318181818181818,0.15767634854771784,0.16299559471365638,0.11951219512195121,0.5681818181818182,722,98,38,50,32,32,26,32
0.48998,0.59836,False,1424,820,510,94,0.6418539325842697,0.35814606741573035,0.8804878048780488,0.40425531914893614,0.15767634854771784,0.16849015317286653,0.11951219512195121,0.5957446808510638,722,98,38,56,32,32,24,32
0.48998,0.59836,True,1424,820,531,73,0.6271067415730337,0.3728932584269663,0.8804878048780488,0.4383561643835616,0.13278008298755187,0.15565509518477044,0.11951219512195121,0.5616438356164384,722,98,32,41,32,32,24,32
0.48998,0.61936,False,1424,820,531,73,0.6271067415730337,0.3728932584269663,0.8804878048780488,0.4246575342465753,0.12863070539419086,0.15677491601343785,0.11951219512195121,0.5753424657534246,722,98,31,42,32,32,23,32
0.48998,0.61936,True,1424,820,549,55,0.6144662921348315,0.38553370786516855,0.8804878048780488,0.45454545454545453,0.1037344398340249,0.1462857142857143,0.11951219512195121,0.5454545454545454,722,98,25,30,32,32,23,32
0.48998,0.67291,False,1424,820,553,51,0.6116573033707865,0.3883426966292135,0.8804878048780488,0.47058823529411764,0.0995850622406639,0.14351320321469574,0.11951219512195121,0.5294117647058824,722,98,24,27,32,32,19,32
0.48998,0.67291,True,1424,820,563,41,0.6046348314606742,0.39536516853932585,0.8804878048780488,0.5121951219512195,0.08713692946058091,0.13704994192799072,0.11951219512195121,0.4878048780487805,722,98,21,20,32,32,19,32
0.48998,0.78196,False,1424,820,575,29,0.5962078651685393,0.40379213483146065,0.8804878048780488,0.41379310344827586,0.04979253112033195,0.1354534746760895,0.11951219512195121,0.5862068965517241,722,98,12,17,32,32,14,32
0.48998,0.78196,True,1424,820,578,26,0.5941011235955056,0.4058988764044944,0.8804878048780488,0.4230769230769231,0.04564315352697095,0.13356973995271867,0.11951219512195121,0.5769230769230769,722,98,11,15,32,31,13,32
0.48998,0.96896,False,1424,820,596,8,0.5814606741573034,0.41853932584269665,0.8804878048780488,0.75,0.024896265560165973,0.12077294685990338,0.11951219512195121,0.25,722,98,6,2,32,31,4,32
0.48998,0.96896,True,1424,820,597,7,0.5807584269662921,0.41924157303370785,0.8804878048780488,0.7142857142857143,0.02074688796680498,0.12091898428053205,0.11951219512195121,0.2857142857142857,722,98,5,2,32,31,4,32
