token_id,speaker_id,human_correct,produced_tone_proxy,predicted_tone,selected_candidate,score_type,decision_score_T1,decision_score_T2,decision_score_T3,decision_score_T4
00200214_00,02002,1,T3,T2,fusion_plus_voiced_nucleus,uncalibrated_linear_svm_margin,-1.8555434127446089,0.08042970677615746,0.06884304493451798,-1.2328198916390218
00200214_01,02002,1,T1,T2,fusion_plus_voiced_nucleus,uncalibrated_linear_svm_margin,-0.1910358093073658,-0.01737603823255207,-1.8171289176380117,-0.6403034765972925
00200214_03,02002,1,T2,T2,fusion_plus_voiced_nucleus,uncalibrated_linear_svm_margin,-0.935887211005857,0.5505207986267607,-0.9357311662388448,-1.3707224644076086
00200214_04,02002,1,T4,T4,fusion_plus_voiced_nucleus,uncalibrated_linear_svm_margin,-1.5251120546159616,-2.2455725082162017,-0.8872337449864401,1.537734707933962
00200214_06,02002,1,T4,T2,fusion_plus_voiced_nucleus,uncalibrated_linear_svm_margin,-1.1723468480025656,0.2725871537749255,-1.5128789847745514,-0.47104425541922634
00200214_07,02002,1,T1,T1,fusion_plus_voiced_nucleus,uncalibrated_linear_svm_margin,0.6281947908890557,-1.4664918715248971,-0.974103887229994,-0.5517310504419968
00200214_08,02002,1,T1,T1,fusion_plus_voiced_nucleus,uncalibrated_linear_svm_margin,0.11365543461792738,-0.8383565182003982,-0.3341853226498581,-0.8190122967362842
00200217_03,02002,1,T2,T1,fusion_plus_voiced_nucleus,uncalibrated_linear_svm_margin,0.07648826922270202,-0.5119031036768877,-0.9394021935992366,-1.1511090983057084
00200220_00,02002,1,T3,T3,fusion_plus_voiced_nucleus,uncalibrated_linear_svm_margin,-0.9026605356788384,-1.4813664009033047,1.239501105666942,0.05181185064158056
00200220_01,02002,1,T1,T1,fusion_plus_voiced_nucleus,uncalibrated_linear_svm_margin,0.06640907426525633,-0.48178603267552333,-0.7521155656473649,-1.0511040727714747
00200220_05,02002,1,T3,T3,fusion_plus_voiced_nucleus,uncalibrated_linear_svm_margin,-1.0340567127596532,-1.178810368086947,0.0015885256353652677,-0.676448162017619
00200220_06,02002,1,T1,T1,fusion_plus_voiced_nucleus,uncalibrated_linear_svm_margin,0.41076858678786987,-1.1961639778487858,-0.7235904925411715,-0.4699910456244739
00200220_08,02002,1,T3,T3,fusion_plus_voiced_nucleus,uncalibrated_linear_svm_margin,-1.6086365728641003,-0.11938804002895387,0.2000424340077045,-0.765804650467572
00200220_15,02002,1,T2,T2,fusion_plus_voiced_nucleus,uncalibrated_linear_svm_margin,-0.09688078634085107,0.6654174930327449,-0.8381934200109173,-2.2240295645784482
00200314_00,02003,1,T3,T3,fusion,uncalibrated_linear_svm_margin,-1.1365811286661833,-0.5224060919931497,0.24444303155556346,-0.5188501756344565
00200314_01,02003,1,T1,T1,fusion,uncalibrated_linear_svm_margin,0.36500349476509997,-0.08713830864730843,-2.281993606293123,-0.8260192358817855
00200314_03,02003,1,T2,T2,fusion,uncalibrated_linear_svm_margin,-0.5747224496808969,-0.22752407443072437,-0.5230975625743611,-0.9890857560427044
00200314_04,02003,1,T4,T4,fusion,uncalibrated_linear_svm_margin,-0.46149506226214176,-0.6909791771263406,-1.7072541405886974,0.15545606719292138
00200314_06,02003,1,T4,T4,fusion,uncalibrated_linear_svm_margin,-0.9548571132121784,-0.591242262434553,-1.0148917509330542,0.2176057558064356
00200314_07,02003,1,T1,T1,fusion,uncalibrated_linear_svm_margin,0.5265955629531952,-1.2158010549762253,-1.403514952791702,-0.8351229334597217
00200314_08,02003,1,T1,T3,fusion,uncalibrated_linear_svm_margin,-3.371950668503472,-0.8041123900571807,0.8145179360017176,-0.6958509792400591
00200317_01,02003,1,T4,T4,fusion,uncalibrated_linear_svm_margin,-0.6690372906811668,-1.2499022828130508,-2.5683188106170034,0.7897834086793903
00200320_00,02003,1,T3,T2,fusion,uncalibrated_linear_svm_margin,-0.47868382346370997,-0.2999588587569637,-0.8185164402152733,-0.9258554186550557
00200320_01,02003,1,T1,T2,fusion,uncalibrated_linear_svm_margin,-0.41289247147394464,-0.17393829189278903,-0.7773584213774833,-0.6302296395313507
00200320_03,02003,1,T1,T4,fusion,uncalibrated_linear_svm_margin,-0.08148488277930599,-2.997412097387578,-1.4195571526440438,0.0401191188527632
00200320_05,02003,1,T3,T3,fusion,uncalibrated_linear_svm_margin,-0.6143254389654149,-0.6340134312528594,1.5129047327601624,-1.7817515143837857
00200320_06,02003,1,T1,T1,fusion,uncalibrated_linear_svm_margin,-0.05522313146043445,-0.6557178101692753,-1.822141905456368,-0.10054245183222793
00200320_08,02003,1,T3,T3,fusion,uncalibrated_linear_svm_margin,-0.6204346964720375,0.33732339842072356,0.5087586996497877,-1.7349373719019088
00200320_13,02003,1,T1,T1,fusion,uncalibrated_linear_svm_margin,0.18088943958631054,-2.266115782541247,-0.037466130767685124,-0.31338392258838194
00200320_15,02003,1,T2,T1,fusion,uncalibrated_linear_svm_margin,0.2798956755922476,-0.28481055927933135,0.17000967817884383,-2.257077888363089
00200514_04,02005,1,T4,T4,fusion,uncalibrated_linear_svm_margin,-1.0824618290481784,-0.4413007315414409,-0.669839819490054,-0.01615017906067895
00200514_06,02005,1,T4,T2,fusion,uncalibrated_linear_svm_margin,-0.9092478733184273,-0.07630433890978416,-0.8646221891276256,-0.5409991901734955
00200514_07,02005,1,T1,T4,fusion,uncalibrated_linear_svm_margin,-0.8294403163458111,-0.20898657477864563,-0.748822017252829,-0.2079412779677515
00200514_08,02005,1,T1,T4,fusion,uncalibrated_linear_svm_margin,-0.7515990505004789,-0.4246545468577665,-0.9807430094185734,-0.16949651739436966
00200517_01,02005,1,T4,T4,fusion,uncalibrated_linear_svm_margin,-1.1830336581934051,-0.14061352266171867,-1.1843589756459612,0.09556044457640722
00200520_00,02005,1,T3,T3,fusion,uncalibrated_linear_svm_margin,-1.4741704573127365,-0.26850716630902094,0.550744926734718,-0.8192336412799794
00200520_01,02005,1,T1,T3,fusion,uncalibrated_linear_svm_margin,-0.2054216747176838,-1.0105924440152938,-0.15603338205167339,-0.3318529826837092
00200520_03,02005,1,T1,T3,fusion,uncalibrated_linear_svm_margin,-0.21867051072500787,-0.9439177805026007,0.7200133113026344,-0.9501391371665091
00200520_06,02005,1,T1,T1,fusion,uncalibrated_linear_svm_margin,0.2115550650273027,-1.0737074494022874,-1.7237609839945185,-0.24769145715772378
00200520_13,02005,1,T1,T1,fusion,uncalibrated_linear_svm_margin,0.15192792320948378,-1.9160066736946846,-2.363829247863286,-2.722070126713856
00200520_15,02005,1,T2,T2,fusion,uncalibrated_linear_svm_margin,-0.5590069172569337,0.8729935000153977,-0.5814007598139528,-2.486703860360735
00200614_03,02006,1,T2,T3,fusion_plus_voiced_nucleus,uncalibrated_linear_svm_margin,-1.922911889730763,-0.8821750994142947,1.2813200791855497,-2.533248566814696
00200614_04,02006,1,T4,T4,fusion_plus_voiced_nucleus,uncalibrated_linear_svm_margin,-0.6515168935158012,-2.628669614065051,-3.055977972685188,1.7542513690887143
00200614_06,02006,1,T4,T4,fusion_plus_voiced_nucleus,uncalibrated_linear_svm_margin,-0.7672284085382051,-0.5452414836295332,-0.9805796550510972,0.17261129945594295
00200614_08,02006,1,T1,T1,fusion_plus_voiced_nucleus,uncalibrated_linear_svm_margin,1.1849134496013183,-3.4147103137970016,-1.2957986973640865,-0.216160735239051
00200617_01,02006,1,T4,T1,fusion_plus_voiced_nucleus,uncalibrated_linear_svm_margin,2.1354507304677206,-2.7442495397425626,-3.95642781263225,-1.1123937976268417
00200620_00,02006,1,T3,T3,fusion_plus_voiced_nucleus,uncalibrated_linear_svm_margin,-0.029779489659022773,-2.275380583552249,0.2485369496992983,-0.5901949978449825
00200620_03,02006,1,T1,T1,fusion_plus_voiced_nucleus,uncalibrated_linear_svm_margin,1.3419781955041286,-1.6556007379353668,-1.5169829879958536,-4.557945228959925
00200620_13,02006,1,T1,T4,fusion_plus_voiced_nucleus,uncalibrated_linear_svm_margin,-0.1790331836987314,-2.5209991023615426,-0.06324123297705275,0.0419860667398943
00200714_00,02007,1,T3,T3,fusion_plus_voiced_nucleus,uncalibrated_linear_svm_margin,-0.9443516279352053,-0.19203209173510088,0.2108864568715909,-1.2694258110872645
00200714_01,02007,1,T1,T1,fusion_plus_voiced_nucleus,uncalibrated_linear_svm_margin,0.27676841155642906,-0.001983976413612143,-2.8252450832665024,-1.06445387552336
00200714_03,02007,1,T2,T2,fusion_plus_voiced_nucleus,uncalibrated_linear_svm_margin,-2.478169889025219,1.0982031435748554,-0.5087440032362661,-2.795274267196533
00200714_04,02007,1,T4,T1,fusion_plus_voiced_nucleus,uncalibrated_linear_svm_margin,0.35134516709802677,-0.29758991527386247,-2.0763253872501766,-0.37622000646613174
00200714_06,02007,1,T4,T4,fusion_plus_voiced_nucleus,uncalibrated_linear_svm_margin,-1.1273990694731806,0.08267811562446736,-1.7994863952061648,0.26402569458528236
00200714_07,02007,1,T1,T1,fusion_plus_voiced_nucleus,uncalibrated_linear_svm_margin,0.3540414364469626,-1.2008817923855402,-1.5915890642915977,-0.033235587252776866
00200714_08,02007,1,T1,T2,fusion_plus_voiced_nucleus,uncalibrated_linear_svm_margin,-0.2388736026088265,0.21022731481951207,-1.4597144199949603,-1.1425220728287713
00200717_01,02007,1,T4,T4,fusion_plus_voiced_nucleus,uncalibrated_linear_svm_margin,-0.7532671625162021,-1.0902712949482067,-1.071543382247505,0.6011988489346088
00200717_03,02007,1,T2,T2,fusion_plus_voiced_nucleus,uncalibrated_linear_svm_margin,-0.8001957674262179,0.7506572876094838,-1.0451579462868348,-1.5852950477381906
00200720_00,02007,1,T3,T2,fusion_plus_voiced_nucleus,uncalibrated_linear_svm_margin,-1.8096442248558209,1.3342856179347842,-0.01318029147448263,-1.762597141531534
00200720_01,02007,1,T1,T2,fusion_plus_voiced_nucleus,uncalibrated_linear_svm_margin,-0.2760046838806255,1.5005797698373353,-1.5544131999568833,-2.6680247113629822
00200720_05,02007,1,T3,T3,fusion_plus_voiced_nucleus,uncalibrated_linear_svm_margin,-2.6521105219141017,-0.3449816132164606,0.905268439196873,-1.8293879030532398
00200720_06,02007,1,T1,T4,fusion_plus_voiced_nucleus,uncalibrated_linear_svm_margin,-0.16954170637628513,-1.3280365782006034,-2.384605837783851,0.9096164119387148
00200720_08,02007,1,T3,T2,fusion_plus_voiced_nucleus,uncalibrated_linear_svm_margin,-4.7763395560872,3.3406047592765664,2.0061802278472167,-5.701898038094146
00200720_13,02007,1,T1,T4,fusion_plus_voiced_nucleus,uncalibrated_linear_svm_margin,-0.09336614368466661,-1.8867317781339579,-1.8957661117956777,0.8684140538752475
00200720_15,02007,1,T2,T4,fusion_plus_voiced_nucleus,uncalibrated_linear_svm_margin,-1.6328658460148928,-0.9237222900305097,-4.685613775247842,-0.1869441810703294
00200914_00,02009,1,T3,T1,fusion_plus_voiced_nucleus,uncalibrated_linear_svm_margin,0.15453999652190475,-1.1463901974590924,-0.3846515816569581,-0.6912315350943123
00200914_01,02009,1,T1,T2,fusion_plus_voiced_nucleus,uncalibrated_linear_svm_margin,-0.22236331683734067,-0.14741647382348966,-0.6146002154330824,-0.9687483073722606
00200914_03,02009,1,T2,T2,fusion_plus_voiced_nucleus,uncalibrated_linear_svm_margin,-1.0205969903149459,0.9045379310221299,-0.32207972507735916,-1.4065070213149695
00200914_04,02009,1,T4,T4,fusion_plus_voiced_nucleus,uncalibrated_linear_svm_margin,-1.0414201527518294,-1.0268028977816122,-0.5799869490876319,0.2755222226048425
00200914_06,02009,1,T4,T4,fusion_plus_voiced_nucleus,uncalibrated_linear_svm_margin,0.1818954018576764,-1.3437867904156042,-3.0356147936760935,1.0633045596590514
00200914_07,02009,1,T1,T1,fusion_plus_voiced_nucleus,uncalibrated_linear_svm_margin,0.4835061873104177,-0.17137686883645808,-2.7861843508059785,-0.4676233217532247
00200914_08,02009,1,T1,T1,fusion_plus_voiced_nucleus,uncalibrated_linear_svm_margin,0.334063116559578,-1.220685178210917,-0.5925407488796243,-0.690789904140736
00200917_01,02009,1,T4,T1,fusion_plus_voiced_nucleus,uncalibrated_linear_svm_margin,0.5157959856268782,-0.41359284117288364,-2.232565884430259,-0.660128677749297
00200917_03,02009,1,T2,T2,fusion_plus_voiced_nucleus,uncalibrated_linear_svm_margin,-0.2698054078383527,-0.22331983586112547,-0.888118749540311,-0.597392799906745
00200920_00,02009,1,T3,T4,fusion_plus_voiced_nucleus,uncalibrated_linear_svm_margin,0.10366695081183863,-1.8113635796013106,-0.07000095918736304,0.5114194392583246
00200920_01,02009,1,T1,T2,fusion_plus_voiced_nucleus,uncalibrated_linear_svm_margin,-1.2368160180301855,0.5977550752380064,-1.2635966213940013,-0.5386934025641554
00200920_03,02009,1,T1,T3,fusion_plus_voiced_nucleus,uncalibrated_linear_svm_margin,-0.9070417062706913,-0.4166210338938552,-0.21152927383713727,-0.24665289290450093
00200920_05,02009,1,T3,T3,fusion_plus_voiced_nucleus,uncalibrated_linear_svm_margin,-0.6229630862856175,-0.5302821909484274,0.005859084673516701,-0.7944049756879827
00200920_06,02009,1,T1,T4,fusion_plus_voiced_nucleus,uncalibrated_linear_svm_margin,-1.1105718197340746,-0.7913757654837876,-1.7380799994328286,2.9718730005295857
00200920_08,02009,1,T3,T2,fusion_plus_voiced_nucleus,uncalibrated_linear_svm_margin,-0.062181609370503765,0.012095296193584848,-0.5712503120114352,-1.2200047236242364
00200920_13,02009,1,T1,T4,fusion_plus_voiced_nucleus,uncalibrated_linear_svm_margin,-0.26270346917989507,-1.2907458758999748,-0.8873094396993871,-0.09716733274090084
00200920_15,02009,1,T2,T1,fusion_plus_voiced_nucleus,uncalibrated_linear_svm_margin,1.088985401730182,-1.4305316080196202,-0.29415230022299155,-2.7998725174088928
00201014_00,02010,1,T3,T3,fusion_plus_voiced_nucleus,uncalibrated_linear_svm_margin,-4.798988420851684,-2.7285998508125133,1.8413296831597097,1.7518750505876
00201014_01,02010,1,T1,T1,fusion_plus_voiced_nucleus,uncalibrated_linear_svm_margin,0.24566161349118787,-0.8946592614703257,-2.26908871927255,-0.08554185657998786
00201014_03,02010,1,T2,T2,fusion_plus_voiced_nucleus,uncalibrated_linear_svm_margin,-0.8567721986729635,-0.2586600087952971,-1.0608027026815559,-0.6409135262507065
00201014_04,02010,1,T4,T3,fusion_plus_voiced_nucleus,uncalibrated_linear_svm_margin,-0.7516525109646081,-0.34186390733140054,-0.16653075451686217,-0.794058091346548
00201014_06,02010,1,T4,T2,fusion_plus_voiced_nucleus,uncalibrated_linear_svm_margin,-1.0702012340344376,0.6845442259952956,-0.6781656907830672,-0.9948956617318412
00201014_07,02010,1,T1,T1,fusion_plus_voiced_nucleus,uncalibrated_linear_svm_margin,0.5224945916436552,-1.4458000201370116,-1.339252898335042,-0.2764657656668736
00201017_01,02010,1,T4,T4,fusion_plus_voiced_nucleus,uncalibrated_linear_svm_margin,-0.21162716027699324,-1.4276667236656848,-1.5416768223530761,0.46703056835695306
00201017_03,02010,1,T2,T2,fusion_plus_voiced_nucleus,uncalibrated_linear_svm_margin,-0.5901213367498543,0.05803104032108375,-0.05267137847728265,-1.2116607612820902
00201020_00,02010,1,T3,T3,fusion_plus_voiced_nucleus,uncalibrated_linear_svm_margin,-1.6427599462801825,0.04015967343488791,0.05518980627802872,-0.6364319692646145
00201020_01,02010,1,T1,T4,fusion_plus_voiced_nucleus,uncalibrated_linear_svm_margin,-0.5827107247137515,-0.8595651695073131,-0.5617518821935097,-0.38178243247385013
00201020_03,02010,1,T1,T1,fusion_plus_voiced_nucleus,uncalibrated_linear_svm_margin,1.2358053093293577,-2.250703737123846,-1.9066239430867449,-0.26676618989311185
00201020_05,02010,1,T3,T2,fusion_plus_voiced_nucleus,uncalibrated_linear_svm_margin,-0.8730407973238807,1.5744947773748086,-1.3595755803161858,-1.712817523766963
00201020_06,02010,1,T1,T1,fusion_plus_voiced_nucleus,uncalibrated_linear_svm_margin,0.5003893334679874,-1.0548423844274883,-1.72178352576142,-0.19276924367447296
00201020_08,02010,1,T3,T3,fusion_plus_voiced_nucleus,uncalibrated_linear_svm_margin,0.3914076039549582,-0.8084924721135356,1.0453343366531298,-1.8348043328850654
00201020_13,02010,1,T1,T1,fusion_plus_voiced_nucleus,uncalibrated_linear_svm_margin,2.983957936469122,-4.2122218969919345,-2.435026045156552,-1.6600693114756404
00201020_15,02010,1,T2,T2,fusion_plus_voiced_nucleus,uncalibrated_linear_svm_margin,-0.3117738470231435,0.1620370605454018,-0.8927060365068316,-2.0323909366503305
00201114_00,02011,1,T3,T2,fusion_plus_voiced_nucleus,uncalibrated_linear_svm_margin,-1.9220679513525458,1.8737377207177253,-1.8780376785544868,0.2689093221814256
00201114_01,02011,1,T1,T1,fusion_plus_voiced_nucleus,uncalibrated_linear_svm_margin,0.2634718940436219,-0.8565629664999556,-1.38258864202427,-0.6576798394194616
00201114_03,02011,1,T2,T2,fusion_plus_voiced_nucleus,uncalibrated_linear_svm_margin,-1.23267411045717,0.46598711401448234,-0.11268569004486617,-1.177435325966441
00201114_04,02011,1,T4,T1,fusion_plus_voiced_nucleus,uncalibrated_linear_svm_margin,0.17356843265522315,-1.3185927872910148,-0.7898037784556546,-0.39753209683536883
00201114_06,02011,1,T4,T1,fusion_plus_voiced_nucleus,uncalibrated_linear_svm_margin,0.9829463131424431,-1.610157645664059,-3.3678222990422078,-0.6897052848312408
00201114_07,02011,1,T1,T1,fusion_plus_voiced_nucleus,uncalibrated_linear_svm_margin,0.028798726625753335,-1.224717537775963,-1.3849000949765116,-0.5369962754116162
00201114_08,02011,1,T1,T3,fusion_plus_voiced_nucleus,uncalibrated_linear_svm_margin,-0.2869035255424428,-0.4331274577025448,-0.11809449448380283,-0.8849628476567374
00201117_03,02011,1,T2,T2,fusion_plus_voiced_nucleus,uncalibrated_linear_svm_margin,-0.29623522482199066,0.24302001940631346,-0.41551319206004467,-1.7819855749204074
00201120_00,02011,1,T3,T2,fusion_plus_voiced_nucleus,uncalibrated_linear_svm_margin,-1.0623958623667968,0.13477620564224269,-0.4834362321031609,-0.4987556942271532
00201120_01,02011,1,T1,T2,fusion_plus_voiced_nucleus,uncalibrated_linear_svm_margin,-1.0258964896020022,0.27765843203035556,-0.7973466505057282,-0.7878791264154912
00201120_03,02011,1,T1,T4,fusion_plus_voiced_nucleus,uncalibrated_linear_svm_margin,-0.8766249388047894,-0.8113161813172285,-0.9699201167180179,-0.35619810212564107
00201120_05,02011,1,T3,T3,fusion_plus_voiced_nucleus,uncalibrated_linear_svm_margin,-0.9109227662238366,-0.9168022812607198,0.25341666535454077,-0.35292784337815175
00201120_06,02011,1,T1,T2,fusion_plus_voiced_nucleus,uncalibrated_linear_svm_margin,-0.9064769141103826,0.7766778520323389,-1.0428353835566355,-1.1139097627231385
00201120_08,02011,1,T3,T4,fusion_plus_voiced_nucleus,uncalibrated_linear_svm_margin,-6.537854560990657,0.13115345754775154,1.448069034036032,2.188160741028718
00201120_13,02011,1,T1,T1,fusion_plus_voiced_nucleus,uncalibrated_linear_svm_margin,2.398012964376341,-2.123364293817608,-2.3486631313816124,-3.7197254227489993
00201120_15,02011,1,T2,T3,fusion_plus_voiced_nucleus,uncalibrated_linear_svm_margin,-0.8160743198042502,-0.08752010503872587,0.06313646748797375,-4.156458213634581
00201214_00,02012,1,T3,T3,fusion_plus_voiced_nucleus,uncalibrated_linear_svm_margin,-1.1085201432037386,-0.028608931964310136,0.45334210549108833,-1.1011270859497608
00201214_01,02012,1,T1,T1,fusion_plus_voiced_nucleus,uncalibrated_linear_svm_margin,0.6540514810824871,-0.7679407097163211,-2.1581440905869824,-0.8632108067466029
00201214_03,02012,1,T2,T2,fusion_plus_voiced_nucleus,uncalibrated_linear_svm_margin,-0.9626886092343192,-0.14924622079209238,-1.564567611263081,-0.7934342548190483
00201214_04,02012,1,T4,T1,fusion_plus_voiced_nucleus,uncalibrated_linear_svm_margin,-0.49563894781454065,-0.5437884342751211,-0.614439024567802,-0.5488550210466133
00201214_06,02012,1,T4,T4,fusion_plus_voiced_nucleus,uncalibrated_linear_svm_margin,-0.7352674193295946,-0.3561486975066787,-1.0738067245763179,-0.35576495834128224
00201214_07,02012,1,T1,T1,fusion_plus_voiced_nucleus,uncalibrated_linear_svm_margin,0.08873746646962344,-1.6630679780188162,-1.1784109774862204,-0.017731371982266708
00201214_08,02012,1,T1,T1,fusion_plus_voiced_nucleus,uncalibrated_linear_svm_margin,0.10718135910681992,-1.2720808395799499,-1.5238384788942576,-0.4577081046533988
00201217_01,02012,1,T4,T4,fusion_plus_voiced_nucleus,uncalibrated_linear_svm_margin,-0.537135994580586,-0.9569867162972675,-1.6218151461417665,0.4051310410270908
00201217_03,02012,1,T2,T3,fusion_plus_voiced_nucleus,uncalibrated_linear_svm_margin,-0.1082801474259516,-0.2970919087354494,0.8143567069682723,-2.1079916877482936
00201220_00,02012,1,T3,T3,fusion_plus_voiced_nucleus,uncalibrated_linear_svm_margin,-1.216418399104147,-0.7939085186642315,0.11010254103311079,-0.005930331224098917
00201220_01,02012,1,T1,T3,fusion_plus_voiced_nucleus,uncalibrated_linear_svm_margin,-0.19867043652682226,-1.0468398274744009,-0.1828839957098647,-0.6949787601981576
00201220_03,02012,1,T1,T1,fusion_plus_voiced_nucleus,uncalibrated_linear_svm_margin,0.9993034142035824,-1.4320024886412699,-1.3856409731729027,-0.8299961345473044
00201220_05,02012,1,T3,T3,fusion_plus_voiced_nucleus,uncalibrated_linear_svm_margin,-1.8269524573729035,-0.7893079825964533,1.0574517803362382,-0.3917247115218943
00201220_06,02012,1,T1,T1,fusion_plus_voiced_nucleus,uncalibrated_linear_svm_margin,0.420182566608331,-1.1241608267130885,-1.5992455341464786,-0.4830272087988179
00201220_08,02012,1,T3,T3,fusion_plus_voiced_nucleus,uncalibrated_linear_svm_margin,-1.9777749030476048,-1.8363863249450687,2.0835372647453663,-0.8390005658308468
00201220_13,02012,1,T1,T1,fusion_plus_voiced_nucleus,uncalibrated_linear_svm_margin,0.2751052989581979,-2.647101137332103,-2.5871246629630194,-0.12255861501333104
00201220_15,02012,1,T2,T3,fusion_plus_voiced_nucleus,uncalibrated_linear_svm_margin,-0.7385883792223137,-0.03346981966091778,0.4281170021374111,-2.0634464748702976
00201314_00,02013,1,T3,T3,fusion_plus_voiced_nucleus,uncalibrated_linear_svm_margin,-0.5453491606917327,-0.7623025567884585,-0.3453591601696633,-0.9300618814585275
00201314_03,02013,1,T2,T2,fusion_plus_voiced_nucleus,uncalibrated_linear_svm_margin,-1.4811887481681805,0.09602130682492271,-0.8929546663683429,0.08637009923373107
00201314_04,02013,1,T4,T4,fusion_plus_voiced_nucleus,uncalibrated_linear_svm_margin,-1.049143838437147,-0.9319806251660245,-1.2302047879977849,0.6540564563416146
00201314_06,02013,1,T4,T4,fusion_plus_voiced_nucleus,uncalibrated_linear_svm_margin,-1.2424372132658208,-0.418653941665039,-1.4791685435387305,0.12715109770581867
00201314_07,02013,1,T1,T1,fusion_plus_voiced_nucleus,uncalibrated_linear_svm_margin,0.7210121390464035,-1.5587115310097337,-1.880149873956387,-0.3159336490680419
00201317_01,02013,1,T4,T4,fusion_plus_voiced_nucleus,uncalibrated_linear_svm_margin,-0.772063744747821,-1.316639238298593,-2.207740631865609,1.2661919364319143
00201317_03,02013,1,T2,T3,fusion_plus_voiced_nucleus,uncalibrated_linear_svm_margin,-0.6884525604400886,-0.2137338352401823,-0.18058113929256547,-0.8794247996584763
00201320_00,02013,1,T3,T1,fusion_plus_voiced_nucleus,uncalibrated_linear_svm_margin,0.6311679317547185,-2.4343943531275314,-0.24024618908471917,-1.3230421411569782
00201320_08,02013,1,T3,T3,fusion_plus_voiced_nucleus,uncalibrated_linear_svm_margin,-1.9479781094933395,-0.8640113962290159,0.7685573070733986,-1.1367978215342884
00201320_15,02013,1,T2,T1,fusion_plus_voiced_nucleus,uncalibrated_linear_svm_margin,0.7466173521185826,0.18859967023322965,-1.2037611178527419,-2.6954847326803875
00201614_00,02016,1,T3,T4,fusion_plus_voiced_nucleus,uncalibrated_linear_svm_margin,-1.0655889479182092,-1.503995704609328,-0.22299598508430118,0.1263915471197503
00201614_01,02016,1,T1,T1,fusion_plus_voiced_nucleus,uncalibrated_linear_svm_margin,-0.1641880467601215,-0.6682424805695597,-2.1197706732085155,-0.3171546927721632
00201614_03,02016,1,T2,T2,fusion_plus_voiced_nucleus,uncalibrated_linear_svm_margin,-1.225565394025202,0.054861322521099654,-0.4634805300886625,-1.0971138913284721
00201614_04,02016,1,T4,T4,fusion_plus_voiced_nucleus,uncalibrated_linear_svm_margin,-0.5918177515949468,-2.132400221051834,-1.3810912780108524,0.8564481354657302
00201614_06,02016,1,T4,T4,fusion_plus_voiced_nucleus,uncalibrated_linear_svm_margin,-1.1335316818880246,-1.0430185334574524,-0.6796426471247488,0.263061174333319
00201614_07,02016,1,T1,T4,fusion_plus_voiced_nucleus,uncalibrated_linear_svm_margin,-0.23359113678513266,-1.807564804631809,-0.24225364422387408,-0.09205653387921708
00201617_01,02016,1,T4,T4,fusion_plus_voiced_nucleus,uncalibrated_linear_svm_margin,-0.8064101899938854,-1.7751420929093682,-1.8051022011534932,0.6360645624576323
00201617_03,02016,1,T2,T1,fusion_plus_voiced_nucleus,uncalibrated_linear_svm_margin,-0.17180231330061124,-0.4490703159607908,-0.7745266396745198,-1.4754986408988664
00201620_00,02016,1,T3,T4,fusion_plus_voiced_nucleus,uncalibrated_linear_svm_margin,-0.038786038403953005,-2.1500730955502343,-2.567786755001806,0.9288525429120796
00201620_01,02016,1,T1,T4,fusion_plus_voiced_nucleus,uncalibrated_linear_svm_margin,-1.0297784615714827,-1.1787932486077493,-0.7712593022991308,0.009266094175934936
00201620_03,02016,1,T1,T1,fusion_plus_voiced_nucleus,uncalibrated_linear_svm_margin,0.6127933729094768,-1.0261958754530875,-2.7081789913318772,0.14924599580244813
00201620_05,02016,1,T3,T4,fusion_plus_voiced_nucleus,uncalibrated_linear_svm_margin,-0.8608281452084273,-1.0906247600459251,-0.2053300019038763,-0.04470781001949242
00201620_08,02016,1,T3,T2,fusion_plus_voiced_nucleus,uncalibrated_linear_svm_margin,-0.5942163020131535,-0.2695643863747159,-0.5718038587119258,-0.9086968659107876
00201620_13,02016,1,T1,T4,fusion_plus_voiced_nucleus,uncalibrated_linear_svm_margin,-0.33904714190650065,-1.451203355359555,-1.8522337271715679,0.46421257707323216
00201620_15,02016,1,T2,T2,fusion_plus_voiced_nucleus,uncalibrated_linear_svm_margin,0.18961940433397806,1.6730132206310633,-0.6996174936556264,-3.8283866399344952
00201814_03,02018,1,T2,T2,fusion_plus_voiced_nucleus,uncalibrated_linear_svm_margin,-0.5724276168941141,0.4305396768640114,-1.334173006267159,-0.8931828309453435
00201814_04,02018,1,T4,T4,fusion_plus_voiced_nucleus,uncalibrated_linear_svm_margin,-0.54582716765117,-1.1530711007761285,-1.697320536152366,0.7159177579316462
00201814_06,02018,1,T4,T4,fusion_plus_voiced_nucleus,uncalibrated_linear_svm_margin,-0.5788674226697741,-1.354410870589366,-0.6217327324135494,0.01314444842273832
00201814_07,02018,1,T1,T1,fusion_plus_voiced_nucleus,uncalibrated_linear_svm_margin,0.4633277679202522,-1.269186334229504,-1.7477743323094765,-0.8340181501288717
00201814_08,02018,1,T1,T1,fusion_plus_voiced_nucleus,uncalibrated_linear_svm_margin,-0.06295394665448584,-1.2860665150853992,-1.8103004066092596,-0.1693354683171353
00201817_03,02018,1,T2,T2,fusion_plus_voiced_nucleus,uncalibrated_linear_svm_margin,-0.24267252475898826,0.006589584030878948,-1.1312863765724201,-0.9231672679416252
00201820_00,02018,1,T3,T4,fusion_plus_voiced_nucleus,uncalibrated_linear_svm_margin,-0.8085062340010535,-0.6429410544337393,-0.578433445285178,-0.0018958192003904473
00201820_01,02018,1,T1,T4,fusion_plus_voiced_nucleus,uncalibrated_linear_svm_margin,0.0021838789108501455,-1.3913700205015769,-1.493308287845759,0.02502632132423499
00201820_08,02018,1,T3,T3,fusion_plus_voiced_nucleus,uncalibrated_linear_svm_margin,-1.7986268713069444,-0.4436068196666489,0.3040565505143945,-0.2711545419812573
00201820_13,02018,1,T1,T1,fusion_plus_voiced_nucleus,uncalibrated_linear_svm_margin,0.5307560918670892,-2.1471707557492636,-0.5682816580960287,-0.8101040167626217
00201820_15,02018,1,T2,T2,fusion_plus_voiced_nucleus,uncalibrated_linear_svm_margin,-0.8343046004213439,0.4536755377579612,-1.0928056309673695,-1.0076427398296315
00201914_03,02019,1,T2,T2,fusion_plus_voiced_nucleus,uncalibrated_linear_svm_margin,-0.2684133174409225,-0.007873951858075046,-1.6577403416921812,-0.20406842270440412
00201914_04,02019,1,T4,T1,fusion_plus_voiced_nucleus,uncalibrated_linear_svm_margin,-0.3081830520255719,-0.7735478578967172,-1.1062302175535037,-0.40888411438346295
00201914_06,02019,1,T4,T1,fusion_plus_voiced_nucleus,uncalibrated_linear_svm_margin,0.08595485812752401,-1.6541596004915005,-0.5468693225017378,-0.4031009809907255
00201914_07,02019,1,T1,T1,fusion_plus_voiced_nucleus,uncalibrated_linear_svm_margin,0.2653274222874,-0.31480877518079253,-1.3560097439456191,-1.0243544505013358
00201914_08,02019,1,T1,T1,fusion_plus_voiced_nucleus,uncalibrated_linear_svm_margin,-0.23042139860045274,-1.1638106488828912,-1.1330378083286976,-0.2562235220478386
00201917_01,02019,1,T4,T4,fusion_plus_voiced_nucleus,uncalibrated_linear_svm_margin,0.3237828427040863,-1.4118815474810278,-2.0909992023428323,0.5643973841522933
00201920_01,02019,1,T1,T3,fusion_plus_voiced_nucleus,uncalibrated_linear_svm_margin,-1.292121741032324,-0.5244855772394051,0.35467638814665936,-0.35048562977634645
00201920_03,02019,1,T1,T1,fusion_plus_voiced_nucleus,uncalibrated_linear_svm_margin,0.21371859286458061,-1.0716976215224197,-0.6692488573872328,-1.5227392216927504
00201920_05,02019,1,T3,T3,fusion_plus_voiced_nucleus,uncalibrated_linear_svm_margin,-0.6640703747223603,-0.6284154898056609,-0.5933040094723665,-0.6746891569604982
00201920_08,02019,1,T3,T1,fusion_plus_voiced_nucleus,uncalibrated_linear_svm_margin,-0.03918212418820388,-0.5852637497867548,-0.19351025361847596,-1.107201314501194
00201920_13,02019,1,T1,T3,fusion_plus_voiced_nucleus,uncalibrated_linear_svm_margin,-1.1498242471363769,-0.47975360064504813,1.0687650134052107,-0.7775324167910103
00202014_00,02020,1,T3,T3,fusion,uncalibrated_linear_svm_margin,-0.709080662316829,-0.6832991475731642,0.7898260957211383,-0.8954357427285904
00202014_01,02020,1,T1,T4,fusion,uncalibrated_linear_svm_margin,-0.08457935690949858,-1.7513284386045378,-1.8966695448907378,0.07773086270343399
00202014_03,02020,1,T2,T2,fusion,uncalibrated_linear_svm_margin,-0.8524570252397381,0.1900001851819071,-1.5650598082858695,-0.5715228293109187
00202014_04,02020,1,T4,T4,fusion,uncalibrated_linear_svm_margin,-0.5842593191444647,-0.8608728290919381,-1.7402555950219436,0.3468725433211557
00202014_06,02020,1,T4,T4,fusion,uncalibrated_linear_svm_margin,-0.3546200471040598,-1.0748438317434628,-1.300306964142735,0.29612198765864495
00202014_07,02020,1,T1,T1,fusion,uncalibrated_linear_svm_margin,0.8452460991049754,-1.69085547751257,-1.0889622009670152,-0.8185211068968108
00202014_08,02020,1,T1,T3,fusion,uncalibrated_linear_svm_margin,-0.7530980171947709,-1.4008970565290408,0.3156041824771385,-0.3522509245771215
00202017_01,02020,1,T4,T4,fusion,uncalibrated_linear_svm_margin,-1.0280796562116594,-0.42927206614899305,-1.4747726733748148,0.2300025758646843
00202017_03,02020,1,T2,T3,fusion,uncalibrated_linear_svm_margin,-0.5352388762237266,-0.20988079931847853,-0.14204369192131594,-1.1179462289571438
00202020_00,02020,1,T3,T4,fusion,uncalibrated_linear_svm_margin,-0.3432897563367183,-1.2607516252756379,-0.3434845039482447,-0.08577787109525048
00202020_01,02020,1,T1,T1,fusion,uncalibrated_linear_svm_margin,-0.19804546066476025,-0.3946388365227122,-1.4098412762940904,-0.616210176079344
00202020_05,02020,1,T3,T3,fusion,uncalibrated_linear_svm_margin,-0.3826063585917583,-0.7882839329314055,-0.35645441064500605,-0.3617525083787201
00202020_06,02020,1,T1,T4,fusion,uncalibrated_linear_svm_margin,-0.6341091459127735,-1.4311491726417795,-0.5739141058343077,0.3964071050792849
00202020_08,02020,1,T3,T2,fusion,uncalibrated_linear_svm_margin,-1.1958383260527565,-0.19108521975623977,-0.4597730470916998,-0.25093673017956186
00202020_13,02020,1,T1,T1,fusion,uncalibrated_linear_svm_margin,2.488339899447182,-3.452107856873369,-3.1468114418771176,-0.8929550304305001
00202020_15,02020,1,T2,T2,fusion,uncalibrated_linear_svm_margin,-0.29818798631244714,0.20889758555778937,-0.6285008295281623,-1.64241953397811
00202114_00,02021,1,T3,T3,fusion_plus_voiced_nucleus,uncalibrated_linear_svm_margin,-0.8175433228040238,-0.7723870744544027,-0.34015486915896453,-0.36084902497419
00202114_01,02021,1,T1,T1,fusion_plus_voiced_nucleus,uncalibrated_linear_svm_margin,-0.5171089895486827,-0.8363702571453702,-0.9586712924277425,-0.6702968122302012
00202114_04,02021,1,T4,T4,fusion_plus_voiced_nucleus,uncalibrated_linear_svm_margin,-1.5268758476256565,-0.9502653769458435,-0.27014195513577033,0.48491656733010324
00202114_06,02021,1,T4,T1,fusion_plus_voiced_nucleus,uncalibrated_linear_svm_margin,-0.1545323247486048,-0.5627484883930042,-1.2580357666386965,-0.22362156335009187
00202117_01,02021,1,T4,T4,fusion_plus_voiced_nucleus,uncalibrated_linear_svm_margin,-0.9507350464657421,-0.576087105299211,-1.2214405826458599,-0.16769990543126734
00202120_00,02021,1,T3,T3,fusion_plus_voiced_nucleus,uncalibrated_linear_svm_margin,-1.4856161359301465,-0.2650251495321012,-0.24275035243861132,-0.6315981619126252
00202120_01,02021,1,T1,T1,fusion_plus_voiced_nucleus,uncalibrated_linear_svm_margin,-0.2068294596320514,-0.40191672082759866,-0.7103011722434023,-0.4293556470333802
00202120_03,02021,1,T1,T1,fusion_plus_voiced_nucleus,uncalibrated_linear_svm_margin,2.5300840690144923,-3.5736358270157567,1.8143129022150086,-5.547572314607206
00202120_05,02021,1,T3,T3,fusion_plus_voiced_nucleus,uncalibrated_linear_svm_margin,-0.9530398893793398,-0.4747312697528,0.5667506326370363,-1.1048484911644212
00202120_15,02021,1,T2,T2,fusion_plus_voiced_nucleus,uncalibrated_linear_svm_margin,-0.9141721222462487,1.4332603444596916,-1.8534490067872147,-2.2174652241875497
00202214_00,02022,1,T3,T2,fusion_plus_voiced_nucleus,uncalibrated_linear_svm_margin,0.08862018714068964,0.2578220563742353,-1.385808240741318,-1.960602158825406
00202214_01,02022,1,T1,T3,fusion_plus_voiced_nucleus,uncalibrated_linear_svm_margin,-1.8953023401142721,-0.005004290728884642,1.0232279459795826,-1.7546110217531816
00202214_03,02022,1,T2,T2,fusion_plus_voiced_nucleus,uncalibrated_linear_svm_margin,-0.15945035461327683,0.07851259737380856,-1.0689788767364856,-1.2385379662673828
00202214_04,02022,1,T4,T4,fusion_plus_voiced_nucleus,uncalibrated_linear_svm_margin,-0.5807738449013685,-0.4663122936943784,-1.2125640644842948,0.02477645877402157
00202214_06,02022,1,T4,T3,fusion_plus_voiced_nucleus,uncalibrated_linear_svm_margin,-0.9323119126460464,-1.960833540105133,0.7950509748706565,-0.0764252701206779
00202214_07,02022,1,T1,T1,fusion_plus_voiced_nucleus,uncalibrated_linear_svm_margin,0.6076482926710682,-2.0450547681328324,-0.2717626850963004,-0.30670765792305354
00202214_08,02022,1,T1,T4,fusion_plus_voiced_nucleus,uncalibrated_linear_svm_margin,-0.5191321047378747,-1.607087480640221,-1.0100702933559889,0.606714818504933
00202217_01,02022,1,T4,T4,fusion_plus_voiced_nucleus,uncalibrated_linear_svm_margin,-0.48361321888171954,-0.5607603514563062,-1.3988802374823446,0.09928154597911887
00202217_03,02022,1,T2,T2,fusion_plus_voiced_nucleus,uncalibrated_linear_svm_margin,-0.3140717398593218,0.39867108292026676,-1.2519898913918246,-1.108699223553217
00202220_00,02022,1,T3,T3,fusion_plus_voiced_nucleus,uncalibrated_linear_svm_margin,-0.6763615910718421,-0.2246795210971636,-0.06750330253216874,-0.8489841442951195
00202220_01,02022,1,T1,T2,fusion_plus_voiced_nucleus,uncalibrated_linear_svm_margin,-0.5309032197072858,0.35817824744649107,-1.1996212536571615,-0.8000676414448687
00202220_03,02022,1,T1,T3,fusion_plus_voiced_nucleus,uncalibrated_linear_svm_margin,-0.06149817912639233,-1.376876244442252,0.7012779956643937,-0.5138735692171148
00202220_05,02022,1,T3,T2,fusion_plus_voiced_nucleus,uncalibrated_linear_svm_margin,-0.4104585766937608,0.09069433692981421,-1.5456290065792044,-0.6702649048845548
00202220_06,02022,1,T1,T1,fusion_plus_voiced_nucleus,uncalibrated_linear_svm_margin,0.2705646171019509,-0.6829709137206499,-0.30694498775669354,-1.1871831573485858
00202220_08,02022,1,T3,T2,fusion_plus_voiced_nucleus,uncalibrated_linear_svm_margin,-2.2420643603074497,0.8785682355279111,-0.09000691289231733,-0.9467897582300066
00202220_13,02022,1,T1,T3,fusion_plus_voiced_nucleus,uncalibrated_linear_svm_margin,-0.3725583057876371,-0.7894029150028807,-0.16720112023515732,-0.5158274571805334
00202220_15,02022,1,T2,T2,fusion_plus_voiced_nucleus,uncalibrated_linear_svm_margin,-2.1513195358122834,0.6897585506332299,-0.4690083472000285,-0.1510463357259999
00202401_01,02024,1,T2,T4,fusion_plus_voiced_nucleus,uncalibrated_linear_svm_margin,-1.0511384503291543,-0.5352708929508083,-1.038986708770019,0.05992855727775909
00202401_03,02024,1,T4,T4,fusion_plus_voiced_nucleus,uncalibrated_linear_svm_margin,-0.42255512984714994,-1.2070963513759303,-1.145803964103393,0.12344023919689823
00202401_05,02024,1,T1,T4,fusion_plus_voiced_nucleus,uncalibrated_linear_svm_margin,-0.2987963600850947,-1.0746218571063928,-1.772369670745805,0.08211896736715646
00202401_06,02024,1,T2,T2,fusion_plus_voiced_nucleus,uncalibrated_linear_svm_margin,-1.4559718658754037,0.7688837731810554,-0.35462071874816015,-1.18596798611874
00202401_07,02024,1,T4,T4,fusion_plus_voiced_nucleus,uncalibrated_linear_svm_margin,-1.0898782428780736,-0.8269432417070919,-0.8601282271764227,0.12730025833945874
00202401_09,02024,1,T1,T1,fusion_plus_voiced_nucleus,uncalibrated_linear_svm_margin,0.48529185378135486,-0.35861008269600614,-2.0893166609335294,-0.6793414304439418
00202401_10,02024,1,T2,T2,fusion_plus_voiced_nucleus,uncalibrated_linear_svm_margin,-1.661431266471912,0.4951220384790336,-0.7061803463658171,-0.10444329615057629
00202407_02,02024,1,T4,T4,fusion_plus_voiced_nucleus,uncalibrated_linear_svm_margin,-1.3417227122680102,-0.7090240377551067,-0.9135052152947118,0.425915335437177
00202407_03,02024,1,T2,T2,fusion_plus_voiced_nucleus,uncalibrated_linear_svm_margin,-0.40099972652322696,-0.19691292709632469,-1.9290923786543108,-1.0563712713708109
00202407_04,02024,1,T4,T1,fusion_plus_voiced_nucleus,uncalibrated_linear_svm_margin,0.0003422794514311711,-1.8952749836155882,-1.2967022162437771,-0.0860148251736575
00202407_05,02024,1,T4,T2,fusion_plus_voiced_nucleus,uncalibrated_linear_svm_margin,-1.0082554295018349,0.018749616243301737,-0.31676179421102557,-0.46058067856087404
00202407_06,02024,1,T1,T1,fusion_plus_voiced_nucleus,uncalibrated_linear_svm_margin,0.7136190426793734,-0.7339218647753624,-1.753365212769974,-1.282178626665097
00202407_07,02024,1,T1,T2,fusion_plus_voiced_nucleus,uncalibrated_linear_svm_margin,-0.532671983199836,0.33602061682049955,-1.2381175857623574,-1.168089785480975
00202408_00,02024,1,T2,T4,fusion_plus_voiced_nucleus,uncalibrated_linear_svm_margin,-0.6703334528345813,-1.0555772576569853,-0.49744447369808154,-0.15633822432131517
00202408_02,02024,1,T4,T4,fusion_plus_voiced_nucleus,uncalibrated_linear_svm_margin,-0.8598816576852691,-1.0965493897727192,-1.4169247003465335,0.6057365757362172
00202408_04,02024,1,T3,T4,fusion_plus_voiced_nucleus,uncalibrated_linear_svm_margin,-1.3001975870369447,-1.3598469189302345,-0.5479963518505371,0.6302059209980511
00202408_05,02024,1,T4,T4,fusion_plus_voiced_nucleus,uncalibrated_linear_svm_margin,-1.5342088769558164,-1.1340225080343618,-1.8968029285323778,0.946877524920104
00202408_07,02024,1,T2,T2,fusion_plus_voiced_nucleus,uncalibrated_linear_svm_margin,-1.8615285739903875,0.6071874443633307,-0.9242602416989533,-0.5610992813484866
00202409_03,02024,1,T1,T4,fusion_plus_voiced_nucleus,uncalibrated_linear_svm_margin,-1.1466255472619966,-0.44137765494569814,-1.1341818128516503,0.2662415649322017
00202409_10,02024,1,T4,T4,fusion_plus_voiced_nucleus,uncalibrated_linear_svm_margin,-1.000287771127335,-1.0280102463909322,-1.2759701890894455,0.43175187272988097
00202409_11,02024,1,T4,T2,fusion_plus_voiced_nucleus,uncalibrated_linear_svm_margin,-1.2403400943687224,0.09209736494019172,-1.3179076286842144,-0.4845765717331205
00202411_01,02024,1,T1,T4,fusion_plus_voiced_nucleus,uncalibrated_linear_svm_margin,-0.6171046743242361,-1.1904518959890722,-1.6392698880139887,0.6392386134290846
00202411_06,02024,1,T2,T2,fusion_plus_voiced_nucleus,uncalibrated_linear_svm_margin,-0.5725575801663486,0.9316122117641361,-0.4859640071473964,-1.5164152887334543
00202411_07,02024,1,T4,T4,fusion_plus_voiced_nucleus,uncalibrated_linear_svm_margin,-1.085975756369483,-1.5013931595523518,-1.6801821934799097,0.8235422917516648
00202411_08,02024,1,T3,T3,fusion_plus_voiced_nucleus,uncalibrated_linear_svm_margin,-1.9778051373456857,-0.7725836318919613,0.15948135064042723,-0.20417906255001655
00202411_10,02024,1,T2,T2,fusion_plus_voiced_nucleus,uncalibrated_linear_svm_margin,-1.0744751266660248,0.6723424978194357,-1.3823311788216297,-0.9214302387559801
00202411_11,02024,1,T4,T4,fusion_plus_voiced_nucleus,uncalibrated_linear_svm_margin,-1.2232783790450035,-1.9633583711866123,-0.99694240214575,0.9918298137436021
00202413_02,02024,1,T4,T4,fusion_plus_voiced_nucleus,uncalibrated_linear_svm_margin,-0.5821799132263938,-0.6441642189322623,-1.4138770374153626,0.05800211203227529
00202413_03,02024,1,T4,T4,fusion_plus_voiced_nucleus,uncalibrated_linear_svm_margin,-0.7846836743261428,-0.48303690882623435,-2.03424037426786,0.45732801453061706
00202413_06,02024,1,T1,T4,fusion_plus_voiced_nucleus,uncalibrated_linear_svm_margin,-0.3909934173470879,-1.0492706041217907,-0.6690539688615819,-0.05071684668864107
00202413_08,02024,1,T2,T2,fusion_plus_voiced_nucleus,uncalibrated_linear_svm_margin,-1.6174790585511258,0.5651226454868756,-0.731556141991968,-0.7909709397496723
00202413_09,02024,1,T4,T4,fusion_plus_voiced_nucleus,uncalibrated_linear_svm_margin,-1.430741512439499,-1.079700143680983,-1.2632435169114,0.8902863296629493
00202413_10,02024,1,T4,T4,fusion_plus_voiced_nucleus,uncalibrated_linear_svm_margin,-1.003904516999213,-1.5678894649589292,-0.5361338383779869,0.33365364238147494
00202418_01,02024,1,T4,T4,fusion_plus_voiced_nucleus,uncalibrated_linear_svm_margin,-0.760374674096169,-0.5370193005988785,-1.3838869465917423,0.3374681839379378
00202418_02,02024,1,T1,T1,fusion_plus_voiced_nucleus,uncalibrated_linear_svm_margin,0.3598257228158426,-0.5354247952421445,-2.1205903451395454,-0.4987030637743621
00202418_03,02024,1,T1,T3,fusion_plus_voiced_nucleus,uncalibrated_linear_svm_margin,-0.0023615340373028815,-1.3305989162452727,0.3842072211477531,-0.7881174221859424
00202418_04,02024,1,T2,T3,fusion_plus_voiced_nucleus,uncalibrated_linear_svm_margin,-0.8056455622908925,-0.3734546006623819,-0.1964896775243017,-0.9486004365429717
00202418_06,02024,1,T1,T1,fusion_plus_voiced_nucleus,uncalibrated_linear_svm_margin,0.6374830952620227,-0.4023847111175507,-1.9116705798188387,-0.9090317266684298
00202418_08,02024,1,T1,T4,fusion_plus_voiced_nucleus,uncalibrated_linear_svm_margin,-0.1389977307309312,-1.320314971513504,-2.034689791567311,0.2493166027242592
00202418_10,02024,1,T2,T2,fusion_plus_voiced_nucleus,uncalibrated_linear_svm_margin,-1.4400675715591684,0.7885876497388964,0.0009836731976899937,-1.3606408651517168
00202420_00,02024,1,T4,T2,fusion_plus_voiced_nucleus,uncalibrated_linear_svm_margin,-0.7532768088685562,0.1204163567839669,-1.658774378268931,-0.7453393184050121
00202420_03,02024,1,T1,T3,fusion_plus_voiced_nucleus,uncalibrated_linear_svm_margin,-0.6709710148556902,-2.295356728871172,0.40084620107599245,-0.02319390786826364
00202420_05,02024,1,T4,T4,fusion_plus_voiced_nucleus,uncalibrated_linear_svm_margin,-1.171109301530138,-1.2003474324069068,-0.9599929141551778,0.3472898932486174
00202420_06,02024,1,T2,T1,fusion_plus_voiced_nucleus,uncalibrated_linear_svm_margin,-0.14364456970322753,-0.3068032511920755,-1.8011026533788081,-0.16272355870687133
00202420_08,02024,1,T4,T4,fusion_plus_voiced_nucleus,uncalibrated_linear_svm_margin,-1.8765121157016866,-0.3487768500954975,-0.7826232713573777,0.08646998355442498
00202424_01,02024,1,T4,T4,fusion_plus_voiced_nucleus,uncalibrated_linear_svm_margin,-1.0738557706306544,-1.2185167527659737,-0.7727964687902518,0.1414473978695811
00202424_03,02024,1,T1,T1,fusion_plus_voiced_nucleus,uncalibrated_linear_svm_margin,1.054614007848513,-1.1261568860317859,-0.9479545908972535,-1.2765310244623982
00202424_04,02024,1,T2,T3,fusion_plus_voiced_nucleus,uncalibrated_linear_svm_margin,-0.8453800381479066,-1.058129507590818,-0.2923909648390709,-0.3346200507760906
00202426_00,02024,1,T4,T4,fusion_plus_voiced_nucleus,uncalibrated_linear_svm_margin,-0.8258562063932005,-0.9772369104608825,-1.2699372348148457,0.5477595731648268
00202426_02,02024,1,T2,T2,fusion_plus_voiced_nucleus,uncalibrated_linear_svm_margin,-0.9788572607491448,0.3922795893412443,-0.05031180980956995,-1.3226086673099076
00202426_03,02024,1,T4,T4,fusion_plus_voiced_nucleus,uncalibrated_linear_svm_margin,-0.787276875629244,-1.3187730532961397,-2.1338413236098006,1.0575574823755338
00202426_04,02024,1,T4,T4,fusion_plus_voiced_nucleus,uncalibrated_linear_svm_margin,-0.9631530882874996,-1.01436522126467,-1.5929874747283055,0.40979749980777885
00202426_05,02024,1,T1,T1,fusion_plus_voiced_nucleus,uncalibrated_linear_svm_margin,0.19967763638130143,-0.7058560974115244,-1.3452654730191556,-0.3330909086924259
00202426_06,02024,1,T4,T4,fusion_plus_voiced_nucleus,uncalibrated_linear_svm_margin,-1.3428306510899632,-1.970823731854205,-1.3619752016013478,1.1175289621096605
00202426_07,02024,1,T1,T1,fusion_plus_voiced_nucleus,uncalibrated_linear_svm_margin,0.11747492960150807,-0.39920740950480044,-1.9191583843956734,-0.4334931644136677
00202426_08,02024,1,T3,T3,fusion_plus_voiced_nucleus,uncalibrated_linear_svm_margin,-5.6001825610052025,-0.6538159924911608,0.09282841462640878,-0.0527862051694713
00202426_09,02024,1,T3,T4,fusion_plus_voiced_nucleus,uncalibrated_linear_svm_margin,-1.9212279995515218,-0.984924730442169,-0.12579625054475074,0.24313150919532406
00202426_10,02024,1,T4,T1,fusion_plus_voiced_nucleus,uncalibrated_linear_svm_margin,1.2917337710473566,-0.3552197181750836,-2.112587568324748,-1.500741438825189
00202428_00,02024,1,T4,T4,fusion_plus_voiced_nucleus,uncalibrated_linear_svm_margin,-1.443510752179921,-1.4383092459756992,-1.5363533067572979,1.3218801821752209
00202428_01,02024,1,T2,T2,fusion_plus_voiced_nucleus,uncalibrated_linear_svm_margin,-2.093599877618866,0.7360327383805805,-1.0006477785602241,-0.7143661473882033
00202428_02,02024,1,T4,T4,fusion_plus_voiced_nucleus,uncalibrated_linear_svm_margin,-0.3115167842111861,-1.659375989171532,-2.2945573673280615,0.9238756629443563
00202428_03,02024,1,T2,T2,fusion_plus_voiced_nucleus,uncalibrated_linear_svm_margin,-2.0616295728572736,1.4641925462005205,-0.2388010314850978,-1.629359823453965
00202428_04,02024,1,T3,T4,fusion_plus_voiced_nucleus,uncalibrated_linear_svm_margin,-1.967827172571948,-0.344138727420372,-1.4779605496047035,0.7438095085111451
00202428_05,02024,1,T4,T4,fusion_plus_voiced_nucleus,uncalibrated_linear_svm_margin,-1.4630944131055577,-1.0422221457417205,-1.0550533568955245,0.6084404316582375
00202428_07,02024,1,T3,T2,fusion_plus_voiced_nucleus,uncalibrated_linear_svm_margin,-2.26646013826901,1.0686495088854662,0.19650635738272804,-1.1971664088554057
00202429_02,02024,1,T4,T4,fusion_plus_voiced_nucleus,uncalibrated_linear_svm_margin,-1.5033600127821314,-0.39652555230278974,-2.6842170979812785,1.4637966294075975
00202429_03,02024,1,T3,T3,fusion_plus_voiced_nucleus,uncalibrated_linear_svm_margin,-1.2042009960613342,-0.5665106018111637,0.45386978516039955,-0.9864605018372032
00202429_04,02024,1,T1,T1,fusion_plus_voiced_nucleus,uncalibrated_linear_svm_margin,0.4632088157242453,-0.6916293697470765,-1.911953629205542,-0.4944782590502594
00202429_05,02024,1,T1,T4,fusion_plus_voiced_nucleus,uncalibrated_linear_svm_margin,0.12465040587004139,-1.735856410376451,-2.157411914614959,0.20459874794135774
00202429_07,02024,1,T2,T1,fusion_plus_voiced_nucleus,uncalibrated_linear_svm_margin,0.29192515129522834,-0.13779859726339738,-0.9025255661317642,-1.3542314702714606
00202429_08,02024,1,T3,T4,fusion_plus_voiced_nucleus,uncalibrated_linear_svm_margin,-4.4671803463183455,-1.1602958880758636,-0.06196295686822195,1.7961367763266982
00202429_10,02024,1,T4,T4,fusion_plus_voiced_nucleus,uncalibrated_linear_svm_margin,-1.076452794578094,-0.9014578815620256,-1.8789267037734714,0.6789634318396769
00202801_01,02028,1,T2,T3,fusion_plus_voiced_nucleus,uncalibrated_linear_svm_margin,-1.2381963259130087,-0.08769593343890769,-0.085090975093713,-0.394555051453222
00202801_05,02028,1,T1,T1,fusion_plus_voiced_nucleus,uncalibrated_linear_svm_margin,-0.22104295159391635,-0.4600932722140041,-1.1608212458486464,-0.254372640516477
00202801_06,02028,1,T2,T2,fusion_plus_voiced_nucleus,uncalibrated_linear_svm_margin,-1.224050031673004,0.3549166620151568,-0.7204384927428201,-0.5877217401459165
00202801_07,02028,1,T4,T3,fusion_plus_voiced_nucleus,uncalibrated_linear_svm_margin,-0.7230625515264537,-1.1939422744615187,0.24661042847961046,-0.35686805794129606
00202801_10,02028,1,T2,T1,fusion_plus_voiced_nucleus,uncalibrated_linear_svm_margin,0.13847275116778623,-0.7635290767516087,-2.7827372477154686,-0.9488445636553569
00202807_06,02028,1,T1,T4,fusion_plus_voiced_nucleus,uncalibrated_linear_svm_margin,-0.32202584010357205,-1.1687951721026322,-0.4955986109019339,-0.30221656583166756
00202808_00,02028,1,T2,T4,fusion_plus_voiced_nucleus,uncalibrated_linear_svm_margin,-0.9139771920050431,-0.39509616269410675,-1.31256950169263,0.05996815015081147
00202808_02,02028,1,T4,T3,fusion_plus_voiced_nucleus,uncalibrated_linear_svm_margin,-0.5801042768747486,-0.6295893792277762,0.3238501268913181,-1.1558124255877162
00202808_05,02028,1,T4,T4,fusion_plus_voiced_nucleus,uncalibrated_linear_svm_margin,-1.6068675910773547,-0.8962818088379091,-0.4255130542918396,-0.2918723938086302
00202808_07,02028,1,T2,T2,fusion_plus_voiced_nucleus,uncalibrated_linear_svm_margin,-0.9056787410473713,0.9500064690359405,-1.6493550107503054,-0.8221193210844004
00202809_03,02028,1,T1,T4,fusion_plus_voiced_nucleus,uncalibrated_linear_svm_margin,-0.8529347542060772,-0.2834701629910318,-1.429788614147538,0.17912192765076107
00202809_10,02028,1,T4,T2,fusion_plus_voiced_nucleus,uncalibrated_linear_svm_margin,-0.3159367615123989,-0.13726739694644385,-0.18856675462988814,-1.2060540642013144
00202809_11,02028,1,T4,T3,fusion_plus_voiced_nucleus,uncalibrated_linear_svm_margin,-0.6799829872572092,-1.2947832848563983,-0.2707176938061704,-0.517850807413507
00202811_01,02028,1,T1,T3,fusion_plus_voiced_nucleus,uncalibrated_linear_svm_margin,-0.45355343940256765,-1.301338748070398,0.39782094000174806,-0.6421635570879498
00202811_07,02028,1,T4,T1,fusion_plus_voiced_nucleus,uncalibrated_linear_svm_margin,0.61003022637381,-1.0490037183491043,-0.9916926499535288,-0.8096603320057308
00202811_08,02028,1,T3,T3,fusion_plus_voiced_nucleus,uncalibrated_linear_svm_margin,-1.1999990024958325,-1.1505754229083187,0.09152099256061152,-0.15459018136937552
00202813_06,02028,1,T1,T1,fusion_plus_voiced_nucleus,uncalibrated_linear_svm_margin,1.5614325846090054,-2.880782351920952,-1.2710513185085097,-1.7213564265912944
00202813_10,02028,1,T4,T4,fusion_plus_voiced_nucleus,uncalibrated_linear_svm_margin,-0.25250270784439666,-1.2754830998215392,-1.0193846040663659,-0.24249395352546355
00202818_01,02028,1,T4,T2,fusion_plus_voiced_nucleus,uncalibrated_linear_svm_margin,-1.483221785335212,0.29841941332127375,-0.4845535709799612,-0.6103959295917887
00202818_02,02028,1,T1,T1,fusion_plus_voiced_nucleus,uncalibrated_linear_svm_margin,-0.34189481731268134,-1.0017545658896347,-0.5124924453688479,-1.178250372845325
00202818_03,02028,1,T1,T1,fusion_plus_voiced_nucleus,uncalibrated_linear_svm_margin,1.4223132280952722,-1.6752362582779248,-3.5626583449057057,-1.2321883732415788
00202818_04,02028,1,T2,T2,fusion_plus_voiced_nucleus,uncalibrated_linear_svm_margin,-0.8015280838406094,0.066526675606568,-0.13949337009098506,-0.9967131373505568
00202818_06,02028,1,T1,T1,fusion_plus_voiced_nucleus,uncalibrated_linear_svm_margin,0.07331537411798383,-1.3942914752936106,-0.9206916976238599,-0.1662868049534345
00202818_08,02028,1,T1,T4,fusion_plus_voiced_nucleus,uncalibrated_linear_svm_margin,-0.6093224939000617,-0.5879383322787659,-1.259877071680702,-0.4837368258948434
00202818_10,02028,1,T2,T2,fusion_plus_voiced_nucleus,uncalibrated_linear_svm_margin,-0.980320750783972,1.164180313677838,-1.445246207889259,-1.3217445086006947
00202820_00,02028,1,T4,T1,fusion_plus_voiced_nucleus,uncalibrated_linear_svm_margin,-0.09467628642487042,-0.6108654818156158,-1.0456927706376438,-0.2707504994681962
00202820_03,02028,1,T1,T1,fusion_plus_voiced_nucleus,uncalibrated_linear_svm_margin,0.33107748032949413,-2.0536571439790396,-0.801046500490088,-0.06974245974397869
00202820_05,02028,1,T4,T2,fusion_plus_voiced_nucleus,uncalibrated_linear_svm_margin,-0.9881829194211447,0.3810790253181501,-0.8545767964550253,-0.8192870884536512
00202820_08,02028,1,T4,T1,fusion_plus_voiced_nucleus,uncalibrated_linear_svm_margin,0.18489254051205561,-0.3568172734991026,-1.4100179252504685,-0.9082351677439309
00202824_03,02028,1,T1,T1,fusion_plus_voiced_nucleus,uncalibrated_linear_svm_margin,0.4073167944050271,-0.26254225320217073,-1.5818478020212472,-0.6528311656034984
00202824_04,02028,1,T2,T2,fusion_plus_voiced_nucleus,uncalibrated_linear_svm_margin,-0.540065209555487,0.08510073333752322,-0.8711133032654268,-0.9624721012871724
00202826_00,02028,1,T4,T1,fusion_plus_voiced_nucleus,uncalibrated_linear_svm_margin,-0.14848425208918037,-0.40398762013011336,-0.8969487800184561,-0.6291493859730426
00202826_02,02028,1,T2,T2,fusion_plus_voiced_nucleus,uncalibrated_linear_svm_margin,-1.2130573280840773,-0.04568984430701373,-0.879732151266413,-0.5620799748875612
00202826_04,02028,1,T4,T4,fusion_plus_voiced_nucleus,uncalibrated_linear_svm_margin,-0.36530546170827705,-1.2768554470353308,-0.943748592494021,-0.271895904926277
00202826_05,02028,1,T1,T1,fusion_plus_voiced_nucleus,uncalibrated_linear_svm_margin,0.2894851371879841,-1.1484737210241982,-0.4532185812765787,-0.9307791154283415
00202826_06,02028,1,T4,T1,fusion_plus_voiced_nucleus,uncalibrated_linear_svm_margin,-0.4650381571715801,-0.7524861847184787,-0.5039714634507642,-0.4890402250376649
00202826_07,02028,1,T1,T1,fusion_plus_voiced_nucleus,uncalibrated_linear_svm_margin,0.09202961634639761,-1.3100175994018812,-0.899234008884731,-0.5034136041260486
00202826_08,02028,1,T3,T1,fusion_plus_voiced_nucleus,uncalibrated_linear_svm_margin,-0.03572306647089052,-1.253307907172109,-0.3131483642442857,-0.5044526323800996
00202826_09,02028,1,T3,T2,fusion_plus_voiced_nucleus,uncalibrated_linear_svm_margin,-0.42085287049873676,-0.33690202490728316,-0.47802127818085216,-0.3807690783403527
00202826_10,02028,1,T4,T1,fusion_plus_voiced_nucleus,uncalibrated_linear_svm_margin,-0.15051275701094657,-0.6398394384030381,-0.7190755001964024,-0.6786846314804412
00202828_00,02028,1,T4,T1,fusion_plus_voiced_nucleus,uncalibrated_linear_svm_margin,-0.2196744441415009,-1.255385540824865,-0.825958140537322,-0.36734069806312375
00202828_01,02028,1,T2,T2,fusion_plus_voiced_nucleus,uncalibrated_linear_svm_margin,-0.0007488784645337532,0.4877167561161141,-1.339670685850709,-1.6291016430548475
00202828_03,02028,1,T2,T2,fusion_plus_voiced_nucleus,uncalibrated_linear_svm_margin,-0.9842608664764425,0.7847343723898849,-1.7888751196423809,-1.0530656269819758
00202828_04,02028,1,T3,T4,fusion_plus_voiced_nucleus,uncalibrated_linear_svm_margin,-0.6116999280487617,-0.6978106749809648,-0.7283942198674651,-0.41564836181070275
00202828_05,02028,1,T4,T1,fusion_plus_voiced_nucleus,uncalibrated_linear_svm_margin,0.296804676247858,-0.6322380712892668,-0.9726182288544942,-0.7641220432398348
00202828_07,02028,1,T3,T1,fusion_plus_voiced_nucleus,uncalibrated_linear_svm_margin,0.23320497108624316,-1.0041247715996688,-0.6460931408150686,-0.6396615216612235
00202829_02,02028,1,T4,T2,fusion_plus_voiced_nucleus,uncalibrated_linear_svm_margin,-0.887994862012768,0.1560129741343822,-0.3591531841270066,-0.938078330900298
00202829_03,02028,1,T3,T3,fusion_plus_voiced_nucleus,uncalibrated_linear_svm_margin,-0.5609857658197164,-0.4580845999186933,-0.19387935460069827,-0.5556241167672916
00202829_04,02028,1,T1,T1,fusion_plus_voiced_nucleus,uncalibrated_linear_svm_margin,0.06567002800877386,-0.5905673647496991,-0.6114812859740315,-1.3567262928735593
00202829_05,02028,1,T1,T4,fusion_plus_voiced_nucleus,uncalibrated_linear_svm_margin,-0.31072774108097223,-1.0342340821825313,-1.3778135468674142,-0.12167683193643108
00202829_08,02028,1,T3,T4,fusion_plus_voiced_nucleus,uncalibrated_linear_svm_margin,-0.8026153944295261,-1.367549114676283,-0.48007850798388113,0.04481112138980525
00202829_10,02028,1,T4,T4,fusion_plus_voiced_nucleus,uncalibrated_linear_svm_margin,-0.42913859138364896,-1.671528302857173,-1.5103455949180107,0.5097824332821332
00202901_01,02029,1,T2,T2,fusion_plus_voiced_nucleus,uncalibrated_linear_svm_margin,-0.2846472503215396,0.08589112830579204,-1.7537599588222381,-0.7106003502430881
00202901_03,02029,1,T4,T4,fusion_plus_voiced_nucleus,uncalibrated_linear_svm_margin,-1.0081126897728343,-0.8897324420346322,-0.3224115099681608,0.14328971337331442
00202901_05,02029,1,T1,T4,fusion_plus_voiced_nucleus,uncalibrated_linear_svm_margin,-0.23725123616253774,-0.7342543486010144,-1.1440185984497615,-0.2079311935055982
00202901_06,02029,1,T2,T2,fusion_plus_voiced_nucleus,uncalibrated_linear_svm_margin,-0.5909284021242016,0.20766499878356026,-0.8084130236661827,-1.084776974785282
00202901_07,02029,1,T4,T4,fusion_plus_voiced_nucleus,uncalibrated_linear_svm_margin,-0.5463673422289483,-1.49668008125272,-0.3837560310125995,-0.26811215448508674
00202901_10,02029,1,T2,T4,fusion_plus_voiced_nucleus,uncalibrated_linear_svm_margin,-0.7257421279876245,-0.42828020000081224,-0.7737457972847077,-0.1962939448795349
00202907_02,02029,1,T4,T1,fusion_plus_voiced_nucleus,uncalibrated_linear_svm_margin,0.07834758340670678,-0.7880418152364017,-0.08470703200404728,-1.1111773813309425
00202907_03,02029,1,T2,T2,fusion_plus_voiced_nucleus,uncalibrated_linear_svm_margin,-0.5248669114425921,-0.06940057713195735,-0.7969504962317192,-0.7103588913404988
00202907_04,02029,1,T4,T1,fusion_plus_voiced_nucleus,uncalibrated_linear_svm_margin,0.034613705166091746,-1.113702722365717,-0.21727280931338067,-0.6761221584931845
00202907_05,02029,1,T4,T3,fusion_plus_voiced_nucleus,uncalibrated_linear_svm_margin,-0.28357966032768733,-0.9253928099802136,-0.2444028510522891,-0.9547801512572912
00202907_06,02029,1,T1,T1,fusion_plus_voiced_nucleus,uncalibrated_linear_svm_margin,0.19640809366358403,-0.40045022333194435,-0.6124553153390816,-1.4590170574004757
00202907_07,02029,1,T1,T1,fusion_plus_voiced_nucleus,uncalibrated_linear_svm_margin,0.12429195301754303,-0.942276201066313,-0.5229517212346216,-1.0069563089557803
00202908_00,02029,1,T2,T4,fusion_plus_voiced_nucleus,uncalibrated_linear_svm_margin,-0.4711818913544427,-0.5703310684275944,-0.7995764723023621,-0.15509806516018776
00202908_02,02029,1,T4,T4,fusion_plus_voiced_nucleus,uncalibrated_linear_svm_margin,-0.5307247518267433,-0.9341488077335061,-1.7546915388960829,0.6321595931636027
00202908_04,02029,1,T3,T3,fusion_plus_voiced_nucleus,uncalibrated_linear_svm_margin,-0.3769950385898275,-1.514716211067912,1.0353775228657842,-0.688192152523269
00202908_05,02029,1,T4,T4,fusion_plus_voiced_nucleus,uncalibrated_linear_svm_margin,-0.9917454428710213,-0.904468731123419,-1.3118788943042525,-0.02034121311821424
00202908_07,02029,1,T2,T2,fusion_plus_voiced_nucleus,uncalibrated_linear_svm_margin,-0.6046227852675539,-0.15937865566790133,-1.0980775525870712,-0.8431711441964759
00202909_10,02029,1,T4,T4,fusion_plus_voiced_nucleus,uncalibrated_linear_svm_margin,-0.3048405069587583,-0.7281000496121874,-1.0960576271590228,-0.13680077152050107
00202909_11,02029,1,T4,T4,fusion_plus_voiced_nucleus,uncalibrated_linear_svm_margin,-1.1242280563518694,-1.9251066094006966,0.17593041641433405,0.3277731961490311
00202911_01,02029,1,T1,T3,fusion_plus_voiced_nucleus,uncalibrated_linear_svm_margin,-0.35122888899332916,-0.48916146921006004,-0.14839207154057366,-0.9815876011536321
00202911_06,02029,1,T2,T2,fusion_plus_voiced_nucleus,uncalibrated_linear_svm_margin,-0.7034500940908195,0.47667658822606096,-1.7531379214908878,-0.4848538170875732
00202911_07,02029,1,T4,T4,fusion_plus_voiced_nucleus,uncalibrated_linear_svm_margin,-0.9139119238284446,-1.1275317230491502,-0.5788209983873682,0.08390417152424379
00202911_08,02029,1,T3,T3,fusion_plus_voiced_nucleus,uncalibrated_linear_svm_margin,-1.51851029835921,-1.0910451351277533,0.24129546264292379,0.16098445553312202
00202911_10,02029,1,T2,T1,fusion_plus_voiced_nucleus,uncalibrated_linear_svm_margin,0.3368703025138735,-0.5069279274953039,-2.297181164594965,-0.4916627084931443
00202911_11,02029,1,T4,T4,fusion_plus_voiced_nucleus,uncalibrated_linear_svm_margin,-0.8423143060197678,-1.251829920822713,-1.0255016582247505,0.19461711006571192
00202913_02,02029,1,T4,T4,fusion_plus_voiced_nucleus,uncalibrated_linear_svm_margin,-0.9969529544570457,-1.3574151347897248,-0.5935380775715903,0.23363687092595753
00202913_03,02029,1,T4,T4,fusion_plus_voiced_nucleus,uncalibrated_linear_svm_margin,-0.03525376046668405,-2.490771624983828,-0.6187881358077747,0.5628452314362621
00202913_06,02029,1,T1,T4,fusion_plus_voiced_nucleus,uncalibrated_linear_svm_margin,-0.9473539191936377,-0.8313406728739061,-0.1604951805713184,0.2638041556071412
00202913_08,02029,1,T2,T2,fusion_plus_voiced_nucleus,uncalibrated_linear_svm_margin,-0.2719165330666675,0.8030390900981542,-1.7785896175121463,-2.6454688724930944
00202913_09,02029,1,T4,T1,fusion_plus_voiced_nucleus,uncalibrated_linear_svm_margin,0.6863022465975253,-1.2626069666734039,-2.4721255912014937,-0.47904032943462604
00202913_10,02029,1,T4,T4,fusion_plus_voiced_nucleus,uncalibrated_linear_svm_margin,-0.6976955152327378,-1.9163262260989633,-0.6455047915836902,0.13804723637972305
00202918_01,02029,1,T4,T4,fusion_plus_voiced_nucleus,uncalibrated_linear_svm_margin,-0.7616419993511121,-0.7189470540503926,-1.1106232366987583,0.12750868958847594
00202918_02,02029,1,T1,T1,fusion_plus_voiced_nucleus,uncalibrated_linear_svm_margin,-0.24924204984092796,-0.37898641760509477,-1.4697146538033967,-0.421255938387192
00202918_03,02029,1,T1,T1,fusion_plus_voiced_nucleus,uncalibrated_linear_svm_margin,-0.15937109768617297,-1.3959008187890642,-1.0980745988296499,-0.3150646031904767
00202918_04,02029,1,T2,T1,fusion_plus_voiced_nucleus,uncalibrated_linear_svm_margin,-0.28876043693262776,-0.43905168975274556,-0.45042172756330834,-0.7225405408545739
00202918_06,02029,1,T1,T1,fusion_plus_voiced_nucleus,uncalibrated_linear_svm_margin,0.2061590859227329,-1.278779690973216,-0.48615874837795714,-0.5622695884724077
00202918_08,02029,1,T1,T1,fusion_plus_voiced_nucleus,uncalibrated_linear_svm_margin,0.14814151332865577,-1.3025328631125532,-1.2036095408689615,-0.31573305440063576
00202918_10,02029,1,T2,T3,fusion_plus_voiced_nucleus,uncalibrated_linear_svm_margin,-0.7360333489112589,-0.7583562910720658,-0.3587961666516566,-0.5668313524341169
00202920_00,02029,1,T4,T4,fusion_plus_voiced_nucleus,uncalibrated_linear_svm_margin,-0.12972447365022927,-1.4667905805342663,-1.4045534506660633,0.26969166212916085
00202920_03,02029,1,T1,T4,fusion_plus_voiced_nucleus,uncalibrated_linear_svm_margin,-1.2982798949962373,-0.8653518092415919,-1.0480084449315745,-0.32582885008160034
00202920_05,02029,1,T4,T4,fusion_plus_voiced_nucleus,uncalibrated_linear_svm_margin,-0.4752092411451221,-0.9709009800420509,-1.0605021201488023,0.4017341047911337
00202920_06,02029,1,T2,T2,fusion_plus_voiced_nucleus,uncalibrated_linear_svm_margin,-0.03125267028495382,0.05667711851278778,-1.0264541060615295,-1.3149433953209935
00202920_08,02029,1,T4,T1,fusion_plus_voiced_nucleus,uncalibrated_linear_svm_margin,0.012724568166231243,-0.6501765110556713,-0.47295976358807,-1.0101150771540128
00202924_01,02029,1,T4,T4,fusion_plus_voiced_nucleus,uncalibrated_linear_svm_margin,-0.8842007717484137,-1.7539719400668075,-1.066695119184942,0.7138758564369975
00202924_03,02029,1,T1,T1,fusion_plus_voiced_nucleus,uncalibrated_linear_svm_margin,0.11554920211858732,-1.1882750511062259,-0.4745922991594409,-0.6611691096856342
00202924_04,02029,1,T2,T3,fusion_plus_voiced_nucleus,uncalibrated_linear_svm_margin,-0.7218374436086514,-1.223726933373346,0.15734649017587143,-0.33941627239692806
00202926_00,02029,1,T4,T4,fusion_plus_voiced_nucleus,uncalibrated_linear_svm_margin,0.32862824478145214,-1.3728540190918053,-2.1596507255643926,0.5369724363119298
00202926_02,02029,1,T2,T2,fusion_plus_voiced_nucleus,uncalibrated_linear_svm_margin,-0.9271794168062273,0.2632941582965519,-0.5987791608045328,-1.1001285937304384
00202926_03,02029,1,T4,T1,fusion_plus_voiced_nucleus,uncalibrated_linear_svm_margin,-0.3868435883735754,-0.4552265091876396,-0.525997976445337,-0.4872271695561494
00202926_04,02029,1,T4,T2,fusion_plus_voiced_nucleus,uncalibrated_linear_svm_margin,-0.7009213737484887,0.5654928603957027,-1.7615483103968685,-0.5706359434557173
00202926_05,02029,1,T1,T1,fusion_plus_voiced_nucleus,uncalibrated_linear_svm_margin,-0.23804023297750032,-0.7976091123232107,-0.7033010537759873,-0.36751769042250915
00202926_06,02029,1,T4,T4,fusion_plus_voiced_nucleus,uncalibrated_linear_svm_margin,-0.7126876659665377,-1.6654589178059984,-1.7079793946663995,0.6513371052887792
00202926_07,02029,1,T1,T1,fusion_plus_voiced_nucleus,uncalibrated_linear_svm_margin,-0.05519856442127491,-1.2410045619476748,-0.6946736204888627,-0.3075695945538408
00202926_08,02029,1,T3,T2,fusion_plus_voiced_nucleus,uncalibrated_linear_svm_margin,-0.8654837668009907,0.5109648477738177,-0.6643616999682112,-1.0193622963729156
00202926_09,02029,1,T3,T2,fusion_plus_voiced_nucleus,uncalibrated_linear_svm_margin,-1.4632392912776508,0.20603593736436177,-0.31430607109697384,-0.6793538653235967
00202926_10,02029,1,T4,T2,fusion_plus_voiced_nucleus,uncalibrated_linear_svm_margin,-0.42637219115712477,-0.07998758679866314,-1.6616037078575032,-0.4026082534126188
00202928_00,02029,1,T4,T4,fusion_plus_voiced_nucleus,uncalibrated_linear_svm_margin,-0.6215031954426224,-1.2888756235055912,-2.181719276754297,1.2354574799399733
00202928_01,02029,1,T2,T2,fusion_plus_voiced_nucleus,uncalibrated_linear_svm_margin,-0.28980600589594874,0.07585962366588339,-0.722448296200302,-1.3965256625984248
00202928_02,02029,1,T4,T4,fusion_plus_voiced_nucleus,uncalibrated_linear_svm_margin,-1.0924107651552228,-2.0952379253845885,-0.9957970062125625,0.9686460747045734
00202928_03,02029,1,T2,T2,fusion_plus_voiced_nucleus,uncalibrated_linear_svm_margin,-0.6155523623716643,1.105402447757406,-1.546666313942488,-1.249168998369436
00202928_04,02029,1,T3,T3,fusion_plus_voiced_nucleus,uncalibrated_linear_svm_margin,-0.12391221405101538,-2.1265415431576775,0.5873550023053491,-0.8867209424159208
00202928_05,02029,1,T4,T3,fusion_plus_voiced_nucleus,uncalibrated_linear_svm_margin,-0.42830247268636573,-0.757702294724601,-0.137588569844162,-0.6046139140858873
00202928_07,02029,1,T3,T2,fusion_plus_voiced_nucleus,uncalibrated_linear_svm_margin,-0.9297524663506525,0.10689199400219485,-0.8010442044784245,-0.35961217584128424
00202929_02,02029,1,T4,T3,fusion_plus_voiced_nucleus,uncalibrated_linear_svm_margin,-0.7625610754672141,-1.3011194804476491,0.07124115034967915,-0.2792269414790654
00202929_03,02029,1,T3,T3,fusion_plus_voiced_nucleus,uncalibrated_linear_svm_margin,-0.28949125616086074,-1.066500084219206,-0.03282617058163173,-0.449382470460805
00202929_04,02029,1,T1,T4,fusion_plus_voiced_nucleus,uncalibrated_linear_svm_margin,0.0496021709184159,-1.3654750396462916,-1.2313274773653515,0.07167945406731346
00202929_05,02029,1,T1,T1,fusion_plus_voiced_nucleus,uncalibrated_linear_svm_margin,0.5495314900590753,-1.586833338413336,-1.4928656592429992,-0.3485307539996473
00202929_07,02029,1,T2,T2,fusion_plus_voiced_nucleus,uncalibrated_linear_svm_margin,-0.29958672607600534,-0.1301779042770429,-0.729254591620067,-1.5146942713220173
00202929_08,02029,1,T3,T3,fusion_plus_voiced_nucleus,uncalibrated_linear_svm_margin,-1.1630156400057858,-1.058085418116719,0.6577757573764518,-0.5035574737530861
00202929_10,02029,1,T4,T4,fusion_plus_voiced_nucleus,uncalibrated_linear_svm_margin,-0.8675269912045716,-1.4875807218014034,-0.5302149396340863,0.40088658097253194
00203001_01,02030,1,T2,T4,fusion_plus_voiced_nucleus,uncalibrated_linear_svm_margin,-0.5227951209509784,-1.5268275873763506,-1.3472723161931328,0.34989463091094825
00203001_03,02030,1,T4,T4,fusion_plus_voiced_nucleus,uncalibrated_linear_svm_margin,-0.6584060567243797,-0.38826026305285766,-0.5415056518136769,-0.17824376870481456
00203001_05,02030,1,T1,T2,fusion_plus_voiced_nucleus,uncalibrated_linear_svm_margin,-0.33429575553744595,0.35900307735779613,-0.7243006597173349,-1.3875707701296425
00203001_06,02030,1,T2,T2,fusion_plus_voiced_nucleus,uncalibrated_linear_svm_margin,-1.9858102352006954,0.9833757996404582,-0.36211871349237534,-0.8882058399556341
00203001_07,02030,1,T4,T3,fusion_plus_voiced_nucleus,uncalibrated_linear_svm_margin,-1.5651687156533696,-1.1651499163501806,0.29177195400570144,0.24836300772356462
00203001_09,02030,1,T1,T2,fusion_plus_voiced_nucleus,uncalibrated_linear_svm_margin,-0.7568740042778654,-0.45699745735419395,-0.4782420224460643,-0.6977765984182637
00203001_10,02030,1,T2,T4,fusion_plus_voiced_nucleus,uncalibrated_linear_svm_margin,-0.532083308648049,-0.8120962908965615,-0.5006646778790942,-0.3530997416654551
00203007_02,02030,1,T4,T4,fusion_plus_voiced_nucleus,uncalibrated_linear_svm_margin,-0.5062593277960482,-0.5573864783864264,-0.9842541285748551,-0.19974858495090403
00203007_03,02030,1,T2,T4,fusion_plus_voiced_nucleus,uncalibrated_linear_svm_margin,-1.1181786263044473,-0.6027933878459892,-1.6738592820353633,0.4156684121746281
00203007_04,02030,1,T4,T4,fusion_plus_voiced_nucleus,uncalibrated_linear_svm_margin,-0.5987889893223779,-1.526462037347013,-0.6086206951943824,0.32558483882062367
00203007_06,02030,1,T1,T1,fusion_plus_voiced_nucleus,uncalibrated_linear_svm_margin,0.5770875886311491,-1.419811806966269,-0.6432062209678325,-0.6114489765384662
00203007_07,02030,1,T1,T3,fusion_plus_voiced_nucleus,uncalibrated_linear_svm_margin,-2.0300266520173142,-0.09348072356390635,1.222374170164867,-1.2394105594550606
00203008_00,02030,1,T2,T4,fusion_plus_voiced_nucleus,uncalibrated_linear_svm_margin,-1.0093664265068936,-0.39724369187211966,-0.6335535490975757,0.24494847534198333
00203008_07,02030,1,T2,T2,fusion_plus_voiced_nucleus,uncalibrated_linear_svm_margin,-0.2134111154530598,0.07881698209840149,-0.921174335262745,-0.823395515688247
00203011_01,02030,1,T1,T2,fusion_plus_voiced_nucleus,uncalibrated_linear_svm_margin,-1.0845752478642394,-0.08027562817349754,-0.39968222387599694,-0.5295512006630911
00203011_07,02030,1,T4,T4,fusion_plus_voiced_nucleus,uncalibrated_linear_svm_margin,-0.6866136863189913,-0.39132886118241916,-1.6195635834590116,0.09914058636636652
00203011_08,02030,1,T3,T3,fusion_plus_voiced_nucleus,uncalibrated_linear_svm_margin,-0.6464377412636704,-0.7029553188997559,-0.2986331613696911,-0.5366078670367305
00203013_02,02030,1,T4,T4,fusion_plus_voiced_nucleus,uncalibrated_linear_svm_margin,-1.12852398425012,-0.6064652657485636,-2.6041960590020192,0.9483102071742033
00203013_03,02030,1,T4,T4,fusion_plus_voiced_nucleus,uncalibrated_linear_svm_margin,-0.8109492760891861,-1.6942092907502602,-0.9537284169038796,0.9161436394680502
00203013_06,02030,1,T1,T1,fusion_plus_voiced_nucleus,uncalibrated_linear_svm_margin,1.435151109744497,-2.688667916895573,-1.2741675588652628,-1.322425648764071
00203013_08,02030,1,T2,T2,fusion_plus_voiced_nucleus,uncalibrated_linear_svm_margin,-0.9671954727125713,0.21153399797457162,-0.34343857268403355,-1.142188001334167
00203013_10,02030,1,T4,T4,fusion_plus_voiced_nucleus,uncalibrated_linear_svm_margin,-1.7488271298057505,-1.7021403408944202,-1.0521833516956471,1.4133561197419184
00203018_01,02030,1,T4,T4,fusion_plus_voiced_nucleus,uncalibrated_linear_svm_margin,-0.984169442229575,-0.0912557417249269,-0.9061293616556462,0.019429961811166074
00203018_02,02030,1,T1,T1,fusion_plus_voiced_nucleus,uncalibrated_linear_svm_margin,0.7065113054374712,-0.7332693671716923,-2.5587289840119145,-0.6523591422837557
00203018_03,02030,1,T1,T1,fusion_plus_voiced_nucleus,uncalibrated_linear_svm_margin,0.1057136864963455,-1.6485790193037735,-1.0064741806283433,-0.25655538568498243
00203018_04,02030,1,T2,T4,fusion_plus_voiced_nucleus,uncalibrated_linear_svm_margin,-4.846664866811888,-1.4897819413267044,-2.026541427383791,1.0144711992428332
00203018_06,02030,1,T1,T1,fusion_plus_voiced_nucleus,uncalibrated_linear_svm_margin,0.003107216531761936,-0.7505582611976942,-1.4774471494362986,-0.262642440515283
00203018_08,02030,1,T1,T2,fusion_plus_voiced_nucleus,uncalibrated_linear_svm_margin,-1.690285004767892,0.1970941392624963,-0.8598255425748842,0.09256786954589519
00203020_00,02030,1,T4,T2,fusion_plus_voiced_nucleus,uncalibrated_linear_svm_margin,-1.130205197817713,0.8268252201724753,-1.130731037848173,-1.0158085439629156
00203020_03,02030,1,T1,T1,fusion_plus_voiced_nucleus,uncalibrated_linear_svm_margin,1.0327216844666054,-1.4203589027800643,-2.6266307909479485,-1.2440287058955934
00203020_08,02030,1,T4,T1,fusion_plus_voiced_nucleus,uncalibrated_linear_svm_margin,0.16752873110872268,-0.6690055664427805,-0.8227357952256462,-1.1591119245668506
00203024_01,02030,1,T4,T3,fusion_plus_voiced_nucleus,uncalibrated_linear_svm_margin,-0.4839732523471886,-0.8371515401694765,-0.048373015188929336,-0.5521884760152891
00203024_03,02030,1,T1,T4,fusion_plus_voiced_nucleus,uncalibrated_linear_svm_margin,-0.31385707486930414,-1.380467289289005,-0.4047875779260519,-0.10750963960794674
00203024_04,02030,1,T2,T4,fusion_plus_voiced_nucleus,uncalibrated_linear_svm_margin,-1.2787195627443304,-0.8367453689071941,-0.2233295376932618,0.6532756943099789
00203026_00,02030,1,T4,T4,fusion_plus_voiced_nucleus,uncalibrated_linear_svm_margin,-0.7035131788724673,-0.8746126650912743,-0.9613935107048538,0.039157630454197345
00203026_02,02030,1,T2,T2,fusion_plus_voiced_nucleus,uncalibrated_linear_svm_margin,-0.7439782915993532,0.9552573585785789,-0.0783674833578979,-2.08359758590111
00203026_04,02030,1,T4,T4,fusion_plus_voiced_nucleus,uncalibrated_linear_svm_margin,-0.7247314755336715,-1.1868709345869226,-0.8605521560695679,0.20225860245649224
00203026_05,02030,1,T1,T1,fusion_plus_voiced_nucleus,uncalibrated_linear_svm_margin,0.08326709310821245,-1.0232334794831215,-0.21357343132976392,-0.7083433094918732
00203026_06,02030,1,T4,T4,fusion_plus_voiced_nucleus,uncalibrated_linear_svm_margin,-1.1767595953792935,-0.7127490379110292,-0.5491477450025828,0.3391360287864344
00203026_07,02030,1,T1,T3,fusion_plus_voiced_nucleus,uncalibrated_linear_svm_margin,-0.3053564462587852,-0.4674200552706838,-0.17760682868243838,-1.074507091200781
00203026_08,02030,1,T3,T3,fusion_plus_voiced_nucleus,uncalibrated_linear_svm_margin,-0.3526284884790982,-0.9590673964925038,-0.1741676465681533,-0.5131948192927421
00203026_09,02030,1,T3,T2,fusion_plus_voiced_nucleus,uncalibrated_linear_svm_margin,-1.0074473501281007,0.4264416737125125,-0.5196194046798831,-1.259620088255702
00203026_10,02030,1,T4,T1,fusion_plus_voiced_nucleus,uncalibrated_linear_svm_margin,-0.19112996801265925,-1.0584108664124106,-1.0175890421828302,-0.3465158428284528
00203028_00,02030,1,T4,T4,fusion_plus_voiced_nucleus,uncalibrated_linear_svm_margin,-1.3983746455325488,-1.4307111634528438,-0.06136378642549423,1.0481525085434114
00203028_01,02030,1,T2,T3,fusion_plus_voiced_nucleus,uncalibrated_linear_svm_margin,-0.5220395883859053,-0.488079028675803,0.2760547777662753,-1.6198514779748965
00203028_02,02030,1,T4,T4,fusion_plus_voiced_nucleus,uncalibrated_linear_svm_margin,-0.9880263475012644,-0.9919131124735382,-0.6712902969178676,-0.06322929337730004
00203028_03,02030,1,T2,T1,fusion_plus_voiced_nucleus,uncalibrated_linear_svm_margin,-0.24245006117319468,-0.37144304113154436,-0.29632762448243954,-1.419604265096718
00203028_04,02030,1,T3,T3,fusion_plus_voiced_nucleus,uncalibrated_linear_svm_margin,-0.8092278166947622,-0.720015907677029,0.07379704933374587,-0.6153628762276998
00203028_05,02030,1,T4,T4,fusion_plus_voiced_nucleus,uncalibrated_linear_svm_margin,-0.5901194504300973,-0.7980113667056411,-0.7421767910229239,-0.267703518623593
00203029_02,02030,1,T4,T3,fusion_plus_voiced_nucleus,uncalibrated_linear_svm_margin,-0.8511062872961401,-0.4837195229654823,0.139513922445203,-0.595349865834387
00203029_03,02030,1,T3,T3,fusion_plus_voiced_nucleus,uncalibrated_linear_svm_margin,-1.5648241885491587,-0.8358625947282946,0.7279185227531869,-0.914867890391307
00203029_04,02030,1,T1,T2,fusion_plus_voiced_nucleus,uncalibrated_linear_svm_margin,-0.5909952446690967,-0.09274350607132908,-1.1723151111441252,-0.32068494592185126
00203029_05,02030,1,T1,T4,fusion_plus_voiced_nucleus,uncalibrated_linear_svm_margin,-0.714958263972261,-0.48960814970416533,-1.2955794605561965,-0.06395101743915638
00203029_07,02030,1,T2,T3,fusion_plus_voiced_nucleus,uncalibrated_linear_svm_margin,-1.8200040356590172,-1.2095184715602216,0.26979306226721167,0.20498466495484763
00203029_08,02030,1,T3,T3,fusion_plus_voiced_nucleus,uncalibrated_linear_svm_margin,-0.16988802519592228,-0.8288401682546707,0.2815812679339157,-0.9875211655855161
00203029_10,02030,1,T4,T3,fusion_plus_voiced_nucleus,uncalibrated_linear_svm_margin,-1.2052863508423877,-0.5123255238224204,0.20652329038502437,-0.749502341456584
00203101_01,02031,1,T2,T1,fusion_plus_voiced_nucleus,uncalibrated_linear_svm_margin,4.294269379597566,-1.1194036406775214,-9.373599387135206,-5.56643918404384
00203101_03,02031,1,T4,T1,fusion_plus_voiced_nucleus,uncalibrated_linear_svm_margin,0.6387256315918537,-2.220836176596751,-1.542146411961613,-2.8072909018716157
00203101_05,02031,1,T1,T1,fusion_plus_voiced_nucleus,uncalibrated_linear_svm_margin,1.2360955385913812,-0.47800166627185087,-1.961436243823961,-1.3026780660501942
00203101_06,02031,1,T2,T2,fusion_plus_voiced_nucleus,uncalibrated_linear_svm_margin,0.018133218700911335,0.3253663663404671,-1.1584526000565623,-1.7428784440427174
00203101_07,02031,1,T4,T3,fusion_plus_voiced_nucleus,uncalibrated_linear_svm_margin,-0.12938822357472068,-1.1536015506080857,0.04411845005503412,-0.9530582363750921
00203101_09,02031,1,T1,T1,fusion_plus_voiced_nucleus,uncalibrated_linear_svm_margin,0.5921352534069377,-0.34327325197756775,-2.4320352513212327,-0.9801125769301977
00203101_10,02031,1,T2,T1,fusion_plus_voiced_nucleus,uncalibrated_linear_svm_margin,-0.18445597377877876,-0.5207190438330509,-0.3620759018568611,-0.9947219221856254
00203107_02,02031,1,T4,T4,fusion_plus_voiced_nucleus,uncalibrated_linear_svm_margin,-1.1010117844283127,-1.0501086883031827,-1.345137911878902,0.2741494134765474
00203107_03,02031,1,T2,T4,fusion_plus_voiced_nucleus,uncalibrated_linear_svm_margin,-1.0790368190639956,-0.5087788487596588,-2.745390536789631,0.04336187842370376
00203107_04,02031,1,T4,T1,fusion_plus_voiced_nucleus,uncalibrated_linear_svm_margin,0.46486687120872516,-0.11340808108592293,-2.7747455410861686,-0.7918613064371527
00203107_05,02031,1,T4,T1,fusion_plus_voiced_nucleus,uncalibrated_linear_svm_margin,0.02186237494115506,-0.5374913827834623,-0.2418099280071071,-1.410371116285131
00203107_06,02031,1,T1,T4,fusion_plus_voiced_nucleus,uncalibrated_linear_svm_margin,-1.2427945734511563,-1.4569644065820553,-1.136466142441201,0.23493696478852588
00203107_07,02031,1,T1,T1,fusion_plus_voiced_nucleus,uncalibrated_linear_svm_margin,0.3468940349928349,-0.2998152540493325,-1.6951890763571238,-1.416604566263517
00203108_00,02031,1,T2,T1,fusion_plus_voiced_nucleus,uncalibrated_linear_svm_margin,0.007816186102507894,-1.2754544756025339,-0.5629144783015259,-0.3857768233652645
00203108_02,02031,1,T4,T1,fusion_plus_voiced_nucleus,uncalibrated_linear_svm_margin,0.4203304661231364,-0.5823116906566097,-1.9446543881282348,-0.7252308408265973
00203108_04,02031,1,T3,T1,fusion_plus_voiced_nucleus,uncalibrated_linear_svm_margin,0.8801678816873355,-0.5698451813605545,-1.3822161406504736,-1.193953182489037
00203108_05,02031,1,T4,T3,fusion_plus_voiced_nucleus,uncalibrated_linear_svm_margin,-0.6966130480316635,-0.4008752235644871,-0.0875059670463233,-1.0363904135621298
00203108_07,02031,1,T2,T1,fusion_plus_voiced_nucleus,uncalibrated_linear_svm_margin,-0.4545312054919852,-0.8238860847546805,-0.856255364902867,-0.45965194158801814
00203109_03,02031,1,T1,T1,fusion_plus_voiced_nucleus,uncalibrated_linear_svm_margin,1.321413807151528,-1.33757584760589,-4.002035288391305,-2.157267961501581
00203109_10,02031,1,T4,T1,fusion_plus_voiced_nucleus,uncalibrated_linear_svm_margin,1.160123208699963,-0.19808703086057844,-0.8194142357544669,-2.116450779443658
00203109_11,02031,1,T4,T1,fusion_plus_voiced_nucleus,uncalibrated_linear_svm_margin,-0.104351434962771,-1.3931901705411356,-0.3271741338353301,-0.6451882607846922
00203111_01,02031,1,T1,T1,fusion_plus_voiced_nucleus,uncalibrated_linear_svm_margin,3.274520933993611,-7.151142990109838,0.17733132990616307,-3.3165272544948667
00203111_06,02031,1,T2,T4,fusion_plus_voiced_nucleus,uncalibrated_linear_svm_margin,-2.0362744749279518,-1.8194629877624013,-1.1375032973636199,1.428520371492973
00203111_07,02031,1,T4,T1,fusion_plus_voiced_nucleus,uncalibrated_linear_svm_margin,0.5219751727821875,-0.34041036918015016,-2.438766498235758,-0.99522092276475
00203111_08,02031,1,T3,T3,fusion_plus_voiced_nucleus,uncalibrated_linear_svm_margin,-0.7924471859051699,-0.7812498089524849,-0.09122709905717608,-0.8030290055231142
00203111_10,02031,1,T2,T4,fusion_plus_voiced_nucleus,uncalibrated_linear_svm_margin,-0.4219811204001376,-0.8439471946122042,-1.384821605448131,-0.2004243625701816
00203111_11,02031,1,T4,T1,fusion_plus_voiced_nucleus,uncalibrated_linear_svm_margin,0.08003427355218418,-0.8390621542190915,-0.9103205102249586,-0.674173257959437
00203113_02,02031,1,T4,T4,fusion_plus_voiced_nucleus,uncalibrated_linear_svm_margin,-0.7207697778568771,-1.2772625026408442,-3.5989143870021647,1.2893820452408824
00203113_03,02031,1,T4,T1,fusion_plus_voiced_nucleus,uncalibrated_linear_svm_margin,0.0051044089701969275,-1.5474528179116311,-1.5659315154895452,-0.10211904639938629
00203113_06,02031,1,T1,T1,fusion_plus_voiced_nucleus,uncalibrated_linear_svm_margin,1.756304513333408,-3.3803516187205185,-3.217173147857195,-1.746140338187522
00203113_08,02031,1,T2,T1,fusion_plus_voiced_nucleus,uncalibrated_linear_svm_margin,-0.0013604755419066583,-0.26821363608920357,-0.8595202082185291,-1.1194923780949395
00203113_10,02031,1,T4,T1,fusion_plus_voiced_nucleus,uncalibrated_linear_svm_margin,-0.035530881230305345,-1.7529229382948803,-0.8751710111314573,-0.3134943454199636
00203118_01,02031,1,T4,T1,fusion_plus_voiced_nucleus,uncalibrated_linear_svm_margin,-0.06168260688324567,-0.708856630571606,-0.36051148049050274,-0.7605229603065427
00203118_02,02031,1,T1,T4,fusion_plus_voiced_nucleus,uncalibrated_linear_svm_margin,-0.08434318923343465,-1.4733580964480695,-2.2011973004284124,0.4014328703307921
00203118_03,02031,1,T1,T1,fusion_plus_voiced_nucleus,uncalibrated_linear_svm_margin,0.8463535439916534,-1.1703759077129567,-1.883269654721179,-0.6382891532135588
00203118_04,02031,1,T2,T4,fusion_plus_voiced_nucleus,uncalibrated_linear_svm_margin,-0.10289650776210446,-0.9819349627485983,-2.450375429135716,0.15349362236934627
00203118_06,02031,1,T1,T4,fusion_plus_voiced_nucleus,uncalibrated_linear_svm_margin,-0.08112837312331156,-1.4059467917033581,-1.6950740471037467,0.1908588049524328
00203118_08,02031,1,T1,T1,fusion_plus_voiced_nucleus,uncalibrated_linear_svm_margin,1.1171195516016958,-0.018719541606575074,-2.0074441057028256,-1.45611275196869
00203118_10,02031,1,T2,T4,fusion_plus_voiced_nucleus,uncalibrated_linear_svm_margin,-0.7046092950664247,-0.7854448766944265,-2.9260117352312824,0.11026063243730477
00203120_00,02031,1,T4,T4,fusion_plus_voiced_nucleus,uncalibrated_linear_svm_margin,-3.4720100173731776,-4.422406504655145,-0.17712355860558404,2.248031449514816
00203120_03,02031,1,T1,T1,fusion_plus_voiced_nucleus,uncalibrated_linear_svm_margin,4.435429144337909,-7.735160011966926,0.5509154418829642,-3.5690176113935963
00203120_06,02031,1,T2,T2,fusion_plus_voiced_nucleus,uncalibrated_linear_svm_margin,-0.6388340318910163,0.4303819227597496,-1.2497281453692792,-0.8870486416257839
00203120_08,02031,1,T4,T1,fusion_plus_voiced_nucleus,uncalibrated_linear_svm_margin,0.51591402693135,-3.712586251429917,0.46624489093796984,-0.43913718405535557
00203124_01,02031,1,T4,T4,fusion_plus_voiced_nucleus,uncalibrated_linear_svm_margin,-0.11074621375242355,-1.2275970644891818,-1.3170705007107615,0.04504558490873867
00203124_03,02031,1,T1,T1,fusion_plus_voiced_nucleus,uncalibrated_linear_svm_margin,0.7293195911287098,-1.3050753917851412,-1.213935620329173,-0.8839497756772583
00203124_04,02031,1,T2,T1,fusion_plus_voiced_nucleus,uncalibrated_linear_svm_margin,-0.27878589094016337,-1.3425415365363746,-0.6922411977128613,-0.647203599912153
00203126_00,02031,1,T4,T4,fusion_plus_voiced_nucleus,uncalibrated_linear_svm_margin,0.015045225520047834,-1.7104624756121187,-1.7081860717937167,0.4142044687232581
00203126_02,02031,1,T2,T1,fusion_plus_voiced_nucleus,uncalibrated_linear_svm_margin,0.18779585602511228,-0.13494813008568962,-1.0117162289061221,-1.3311761192664582
00203126_03,02031,1,T4,T1,fusion_plus_voiced_nucleus,uncalibrated_linear_svm_margin,0.6998558887602502,-1.1166458610673025,-0.3480803271040135,-1.0721844013205326
00203126_04,02031,1,T4,T4,fusion_plus_voiced_nucleus,uncalibrated_linear_svm_margin,-0.31947637507251775,-0.8667357287607926,-1.4875518617323107,-0.17058765135981224
00203126_05,02031,1,T1,T1,fusion_plus_voiced_nucleus,uncalibrated_linear_svm_margin,0.35935466775982494,-1.257722101781782,-1.0699413607611254,-0.8741229365941996
00203126_06,02031,1,T4,T4,fusion_plus_voiced_nucleus,uncalibrated_linear_svm_margin,-0.7176614752325597,-1.612363861463853,-0.3192353452238873,-0.20163796271768442
00203126_09,02031,1,T3,T1,fusion_plus_voiced_nucleus,uncalibrated_linear_svm_margin,0.13875560508790896,-0.5857627124447649,0.04119570251851934,-1.9511981399581964
00203126_10,02031,1,T4,T1,fusion_plus_voiced_nucleus,uncalibrated_linear_svm_margin,0.3076482702251775,-1.9988005350579527,-1.4304490089651303,0.16112127701976564
00203128_00,02031,1,T4,T4,fusion_plus_voiced_nucleus,uncalibrated_linear_svm_margin,-0.1345795528231697,-1.4692299679657626,-2.3728601145319135,0.11532502273203404
00203128_01,02031,1,T2,T2,fusion_plus_voiced_nucleus,uncalibrated_linear_svm_margin,-0.76569454191984,0.13612041116989693,-0.6745543769258994,-1.37131495371285
00203128_03,02031,1,T2,T2,fusion_plus_voiced_nucleus,uncalibrated_linear_svm_margin,0.08127148463714085,0.49526726519457953,-1.6865536005542192,-1.3904831748922575
00203128_04,02031,1,T3,T1,fusion_plus_voiced_nucleus,uncalibrated_linear_svm_margin,0.2714368899443581,-1.778871811371204,-1.7639923522328358,9.077544045588137e-05
00203128_05,02031,1,T4,T2,fusion_plus_voiced_nucleus,uncalibrated_linear_svm_margin,-0.3835678824420884,-0.3696388516135888,-0.8503426151529327,-0.9422124733975137
00203129_02,02031,1,T4,T2,fusion_plus_voiced_nucleus,uncalibrated_linear_svm_margin,-0.26667415163066993,0.10218871211105185,-1.7156834375243357,-1.4382324940895912
00203129_03,02031,1,T3,T1,fusion_plus_voiced_nucleus,uncalibrated_linear_svm_margin,-0.37173571114424775,-0.6037440597335975,-1.1755155866089577,-0.7461592235355811
00203129_04,02031,1,T1,T1,fusion_plus_voiced_nucleus,uncalibrated_linear_svm_margin,1.0966039036634834,-1.1908590978353573,-2.5384743359337367,-0.6207977816874868
00203129_05,02031,1,T1,T4,fusion_plus_voiced_nucleus,uncalibrated_linear_svm_margin,-0.5345736678451705,-1.296923557661348,-2.1278534697419174,0.35229042694094803
00203129_07,02031,1,T2,T3,fusion_plus_voiced_nucleus,uncalibrated_linear_svm_margin,-0.02079096943142944,-1.5152404839851852,0.023222516748182653,-0.9277353142695239
00203129_08,02031,1,T3,T1,fusion_plus_voiced_nucleus,uncalibrated_linear_svm_margin,0.8912670704542447,-0.2632885801484145,-1.3745787317344769,-2.1332629899673297
00203129_10,02031,1,T4,T4,fusion_plus_voiced_nucleus,uncalibrated_linear_svm_margin,-0.2102564690519304,-1.9795351442408475,-0.7751201205968876,-0.14252832630748724
00203301_01,02033,1,T2,T2,fusion_plus_voiced_nucleus,uncalibrated_linear_svm_margin,-1.0434867309799356,0.04527091731983324,-0.6849701482022692,-0.8112041717613463
00203301_03,02033,1,T4,T1,fusion_plus_voiced_nucleus,uncalibrated_linear_svm_margin,0.21045907677454334,-1.513113876648374,-1.8976005673000444,0.16529428087488096
00203301_05,02033,1,T1,T1,fusion_plus_voiced_nucleus,uncalibrated_linear_svm_margin,0.18840232496353015,-1.0672577897599782,-0.9495846657880839,-0.25478890177845726
00203301_06,02033,1,T2,T2,fusion_plus_voiced_nucleus,uncalibrated_linear_svm_margin,-1.648023324123042,0.5246634018859891,-0.5149708242143283,-0.879715029112407
00203301_07,02033,1,T4,T3,fusion_plus_voiced_nucleus,uncalibrated_linear_svm_margin,-1.4644964929918785,-0.9338943123008907,0.14288168510731414,0.02483210708439898
00203301_09,02033,1,T1,T1,fusion_plus_voiced_nucleus,uncalibrated_linear_svm_margin,0.13201305668679686,-1.0423793721732397,-0.600610410965245,-1.1071612357429295
00203301_10,02033,1,T2,T2,fusion_plus_voiced_nucleus,uncalibrated_linear_svm_margin,-0.5836603319435363,-0.1579703904794757,-0.7944797195035482,-0.6110134823146813
00203307_02,02033,1,T4,T1,fusion_plus_voiced_nucleus,uncalibrated_linear_svm_margin,0.10553470077084737,-1.445336723963332,-1.3363182611520295,-0.13778953267945132
00203307_03,02033,1,T2,T2,fusion_plus_voiced_nucleus,uncalibrated_linear_svm_margin,-1.5615278330280309,0.05000431658931548,-1.0555743196186103,-0.1270522863922774
00203307_04,02033,1,T4,T1,fusion_plus_voiced_nucleus,uncalibrated_linear_svm_margin,-0.2262244008357313,-0.8731769324689846,-0.9252471819462935,-0.3023091000922538
00203307_05,02033,1,T4,T1,fusion_plus_voiced_nucleus,uncalibrated_linear_svm_margin,0.2405831941831048,-1.5781637058753488,-0.24196200721532357,-0.28279584509068545
00203307_06,02033,1,T1,T1,fusion_plus_voiced_nucleus,uncalibrated_linear_svm_margin,0.11185318929322696,-0.6083472947793789,-1.3377106976556832,-0.9481247621316057
00203307_07,02033,1,T1,T2,fusion_plus_voiced_nucleus,uncalibrated_linear_svm_margin,-0.42883631856405513,0.2920948667933986,-0.9065503596316768,-1.0943648168758209
00203308_00,02033,1,T2,T1,fusion_plus_voiced_nucleus,uncalibrated_linear_svm_margin,-0.20715991670133982,-0.7260215480012547,-0.4236179680670764,-0.7998823134051727
00203308_02,02033,1,T4,T4,fusion_plus_voiced_nucleus,uncalibrated_linear_svm_margin,-1.4067789069825296,-0.941984846029977,-0.3388145820759344,0.4727215274112704
00203308_04,02033,1,T3,T3,fusion_plus_voiced_nucleus,uncalibrated_linear_svm_margin,-0.14156152802403343,-1.6523840171731252,0.6957516987980817,-0.7074130962114912
00203308_05,02033,1,T4,T3,fusion_plus_voiced_nucleus,uncalibrated_linear_svm_margin,-1.0840272857909221,-1.408567906213008,0.13129918457210865,-0.19256996423862222
00203308_07,02033,1,T2,T2,fusion_plus_voiced_nucleus,uncalibrated_linear_svm_margin,-1.4655453130913174,0.7234071623735866,-0.3229959092562935,-1.2155348655104112
00203309_03,02033,1,T1,T2,fusion_plus_voiced_nucleus,uncalibrated_linear_svm_margin,-0.797571755219289,0.2040822034494041,-1.2557026563354223,-0.9355399696289659
00203309_10,02033,1,T4,T4,fusion_plus_voiced_nucleus,uncalibrated_linear_svm_margin,-0.9159339257442138,-0.36388777895081903,-0.5376795608057251,-0.24801823402754342
00203309_11,02033,1,T4,T3,fusion_plus_voiced_nucleus,uncalibrated_linear_svm_margin,-1.9548317502939434,-1.1663693360065324,0.05064987233011442,0.03963042214008816
00203311_01,02033,1,T1,T1,fusion_plus_voiced_nucleus,uncalibrated_linear_svm_margin,0.5469355494555342,-0.8931279586320231,-0.5168497811590774,-1.544198344985674
00203311_06,02033,1,T2,T2,fusion_plus_voiced_nucleus,uncalibrated_linear_svm_margin,-1.1046995622707392,0.3385213955487859,-1.1704110552312323,-0.7394163371244798
00203311_07,02033,1,T4,T4,fusion_plus_voiced_nucleus,uncalibrated_linear_svm_margin,-0.7543901463982671,-0.711425728967171,-1.1357463944344888,0.10512108205129422
00203311_08,02033,1,T3,T3,fusion_plus_voiced_nucleus,uncalibrated_linear_svm_margin,-1.117056513713533,-1.4352966433715357,0.748942471994322,-0.5814492139999182
00203311_10,02033,1,T2,T2,fusion_plus_voiced_nucleus,uncalibrated_linear_svm_margin,-1.327458413675863,0.8860255441573414,-1.2091299345563673,-0.6832149915522556
00203311_11,02033,1,T4,T4,fusion_plus_voiced_nucleus,uncalibrated_linear_svm_margin,-1.717417206543756,-1.4806145072532497,-0.3234285574716035,0.4766777020004602
00203313_02,02033,1,T4,T1,fusion_plus_voiced_nucleus,uncalibrated_linear_svm_margin,0.8172711854792151,-2.4803224973765694,-0.25703458787565037,-0.26184850350148503
00203313_03,02033,1,T4,T4,fusion_plus_voiced_nucleus,uncalibrated_linear_svm_margin,-1.1381839302384051,-0.9693071205435304,-1.344455480607071,0.9813775103313875
00203313_06,02033,1,T1,T3,fusion_plus_voiced_nucleus,uncalibrated_linear_svm_margin,-0.4644665419784755,-0.4709897235360218,0.5843752918650024,-1.4174300367120805
00203313_08,02033,1,T2,T2,fusion_plus_voiced_nucleus,uncalibrated_linear_svm_margin,0.01715325198062978,0.7646436694052913,-1.8046410270544393,-1.5150014440615913
00203313_09,02033,1,T4,T4,fusion_plus_voiced_nucleus,uncalibrated_linear_svm_margin,-1.277933801895125,-0.6170492312949795,-0.3765609350301117,0.09239096413611747
00203313_10,02033,1,T4,T4,fusion_plus_voiced_nucleus,uncalibrated_linear_svm_margin,-0.5686759116450482,-1.2892275023761863,-0.9291655769388638,-0.23184187182893962
00203318_01,02033,1,T4,T4,fusion_plus_voiced_nucleus,uncalibrated_linear_svm_margin,-0.9749921601215912,-1.114164909567907,-1.131192541913123,0.7438901079614633
00203318_02,02033,1,T1,T1,fusion_plus_voiced_nucleus,uncalibrated_linear_svm_margin,1.399735559204165,-0.5027954109898104,-1.3964398571501433,-2.5692506068548133
00203318_03,02033,1,T1,T4,fusion_plus_voiced_nucleus,uncalibrated_linear_svm_margin,-0.864749899191985,-1.0290181146816157,-1.0318519026185098,0.2130092534336283
00203318_04,02033,1,T2,T2,fusion_plus_voiced_nucleus,uncalibrated_linear_svm_margin,-0.5867762216499803,-0.41436931413828504,-0.479610419846683,-0.8795789875787154
00203318_06,02033,1,T1,T1,fusion_plus_voiced_nucleus,uncalibrated_linear_svm_margin,0.46165747822146297,-0.48835535386551465,-0.3305881587149645,-1.731646438791433
00203318_08,02033,1,T1,T1,fusion_plus_voiced_nucleus,uncalibrated_linear_svm_margin,-0.17994375773449073,-1.1950684975940626,-0.27837598116905804,-0.5956493808326555
00203318_10,02033,1,T2,T2,fusion_plus_voiced_nucleus,uncalibrated_linear_svm_margin,-1.1267999182797808,0.9045327494497554,-0.23108421636827858,-1.5701813491090566
00203320_00,02033,1,T4,T2,fusion_plus_voiced_nucleus,uncalibrated_linear_svm_margin,-1.5820242739232873,-0.36762126772658354,-0.47238619696064243,-0.5618793663402983
00203320_03,02033,1,T1,T2,fusion_plus_voiced_nucleus,uncalibrated_linear_svm_margin,-0.6131551528385725,0.03412041005300481,-3.3625205274385923,-0.4922831794936581
00203320_05,02033,1,T4,T4,fusion_plus_voiced_nucleus,uncalibrated_linear_svm_margin,-0.5521129457548436,-1.3848161408943516,-0.8118417224067116,0.20151829648954644
00203320_06,02033,1,T2,T2,fusion_plus_voiced_nucleus,uncalibrated_linear_svm_margin,-1.4769360387861914,1.0112296703442878,-1.4931523044350632,-0.555705010079629
00203320_08,02033,1,T4,T1,fusion_plus_voiced_nucleus,uncalibrated_linear_svm_margin,0.044043084780627795,-1.732351427980547,-0.27009663574676035,-0.34827080824803974
00203324_01,02033,1,T4,T4,fusion_plus_voiced_nucleus,uncalibrated_linear_svm_margin,-1.12835059898956,-0.9495623587939969,-0.4414675341989899,-0.00884976076907057
00203324_03,02033,1,T1,T2,fusion_plus_voiced_nucleus,uncalibrated_linear_svm_margin,-0.4170984166755543,-0.32006893767899414,-0.7148677519699764,-0.9308318460096259
00203324_04,02033,1,T2,T2,fusion_plus_voiced_nucleus,uncalibrated_linear_svm_margin,-0.5626974092916978,0.5880544542483902,0.1850917539353668,-1.8224435013684674
00203326_00,02033,1,T4,T1,fusion_plus_voiced_nucleus,uncalibrated_linear_svm_margin,0.15311890181948162,-1.9472020038855984,-0.9772336645909208,0.07436626682425862
00203326_02,02033,1,T2,T2,fusion_plus_voiced_nucleus,uncalibrated_linear_svm_margin,-1.0295716950879177,0.549390778976976,-0.22822972778836637,-1.143702733039667
00203326_03,02033,1,T4,T1,fusion_plus_voiced_nucleus,uncalibrated_linear_svm_margin,0.2543407265722868,-0.9296306846188354,-1.9303818764986445,-0.486124657278622
00203326_04,02033,1,T4,T4,fusion_plus_voiced_nucleus,uncalibrated_linear_svm_margin,-0.5979154088847143,-1.1440665533590972,-0.9858332607966236,-0.18474864485110698
00203326_05,02033,1,T1,T1,fusion_plus_voiced_nucleus,uncalibrated_linear_svm_margin,0.01666941860341198,-0.41016681411437667,-0.3711262810845988,-1.1530023702636392
00203326_06,02033,1,T4,T4,fusion_plus_voiced_nucleus,uncalibrated_linear_svm_margin,-0.7334880110378651,-1.1366426094035704,-0.5731857182883735,-0.293408097693743
00203326_07,02033,1,T1,T2,fusion_plus_voiced_nucleus,uncalibrated_linear_svm_margin,0.2159834494089986,0.38180413418737846,-1.848668038371856,-1.5960176974460691
00203326_08,02033,1,T3,T3,fusion_plus_voiced_nucleus,uncalibrated_linear_svm_margin,-0.3475457418411667,-0.29557030889903435,0.3519106873859884,-1.6632992326884257
00203326_09,02033,1,T3,T3,fusion_plus_voiced_nucleus,uncalibrated_linear_svm_margin,-1.813569411268881,-0.05129220078512531,0.6246216617656616,-0.5237440682704788
00203326_10,02033,1,T4,T1,fusion_plus_voiced_nucleus,uncalibrated_linear_svm_margin,0.057554944290591714,-0.7878897757385223,-1.040241206694842,-0.5920372865081867
00203328_00,02033,1,T4,T1,fusion_plus_voiced_nucleus,uncalibrated_linear_svm_margin,0.6482509236784216,-2.3914834612372586,-0.928904385441128,0.25820095168374535
00203328_01,02033,1,T2,T3,fusion_plus_voiced_nucleus,uncalibrated_linear_svm_margin,-1.037203534154549,-0.582343126390173,0.0016914554346439958,-0.5959283215376281
00203328_02,02033,1,T4,T4,fusion_plus_voiced_nucleus,uncalibrated_linear_svm_margin,0.032364153002707896,-1.8729814229712352,-1.4093157592173242,0.36939545196271095
00203328_03,02033,1,T2,T2,fusion_plus_voiced_nucleus,uncalibrated_linear_svm_margin,-0.912715461721187,0.4514259780130828,-0.7432836943928711,-1.4151246740075403
00203328_04,02033,1,T3,T3,fusion_plus_voiced_nucleus,uncalibrated_linear_svm_margin,-0.8612759796341644,-0.44115303755214796,-0.23016619717542397,-0.5921978746888935
00203328_05,02033,1,T4,T4,fusion_plus_voiced_nucleus,uncalibrated_linear_svm_margin,-1.2712184345519653,-0.3647118608393163,-0.9475545298410573,-0.10672178209226857
00203328_07,02033,1,T3,T3,fusion_plus_voiced_nucleus,uncalibrated_linear_svm_margin,-0.7871803587185126,-0.7810315485343586,0.10750788421739299,-0.4340781938019953
00203329_02,02033,1,T4,T4,fusion_plus_voiced_nucleus,uncalibrated_linear_svm_margin,-1.4142938682285326,-1.5448717782246584,-0.1574027548278466,0.3988431723447541
00203329_03,02033,1,T3,T3,fusion_plus_voiced_nucleus,uncalibrated_linear_svm_margin,-0.5796975048619758,-1.074260689375237,1.1200807621025568,-1.1840101928782807
00203329_04,02033,1,T1,T1,fusion_plus_voiced_nucleus,uncalibrated_linear_svm_margin,0.39517557415884064,-0.9692718666155579,-1.6581821308343956,-0.5331123758519918
00203329_05,02033,1,T1,T4,fusion_plus_voiced_nucleus,uncalibrated_linear_svm_margin,-0.6609923199935701,-1.0197099137980834,-0.7012218439574307,0.0860224139252369
00203329_07,02033,1,T2,T3,fusion_plus_voiced_nucleus,uncalibrated_linear_svm_margin,-0.6634725851977943,-0.35016232076080994,0.04970012757942888,-1.1763718228667146
00203329_08,02033,1,T3,T4,fusion_plus_voiced_nucleus,uncalibrated_linear_svm_margin,-2.0533053185437846,0.7082544949686812,-1.272257424711166,2.0936528437052013
00203329_10,02033,1,T4,T4,fusion_plus_voiced_nucleus,uncalibrated_linear_svm_margin,0.3048310789571379,-2.1988398218288348,-1.0679700370719074,0.30948590573012635
00203401_01,02034,1,T2,T4,fusion,uncalibrated_linear_svm_margin,0.016095004565151783,-1.2782753887647704,-1.4500686268983065,0.09396028403690304
00203401_03,02034,1,T4,T1,fusion,uncalibrated_linear_svm_margin,1.1810959885392918,-2.292730154942191,-1.6323828946182446,-0.6569538341055611
00203401_05,02034,1,T1,T1,fusion,uncalibrated_linear_svm_margin,0.06887589740231015,-0.8802072426117205,-0.78372828377707,-0.6340698762294501
00203401_06,02034,1,T2,T3,fusion,uncalibrated_linear_svm_margin,-0.20507803352483228,-0.6928375871855876,0.018339343405254782,-1.2308365998778932
00203401_07,02034,1,T4,T4,fusion,uncalibrated_linear_svm_margin,-0.26193541416041577,-2.0003297591483467,-0.09608583409079896,0.11521565762431807
00203401_09,02034,1,T1,T1,fusion,uncalibrated_linear_svm_margin,0.6692806363980756,-1.7038673300958185,-0.945877628954967,-0.5992127632667404
00203401_10,02034,1,T2,T1,fusion,uncalibrated_linear_svm_margin,0.9272955769019663,-0.9967102312983521,-0.7494938765608465,-1.5360101929653087
00203407_02,02034,1,T4,T1,fusion,uncalibrated_linear_svm_margin,0.3554337018483711,-1.5112804496332493,-1.4984891235171724,-0.3344243826163014
00203407_03,02034,1,T2,T1,fusion,uncalibrated_linear_svm_margin,-0.12398365152991209,-0.20736995889236443,-1.101077206518342,-0.717631883019428
00203407_04,02034,1,T4,T4,fusion,uncalibrated_linear_svm_margin,-0.8095512859517738,-0.5776401217456871,-0.4449749741520647,0.0638307356982395
00203407_05,02034,1,T4,T4,fusion,uncalibrated_linear_svm_margin,-0.36243301648165616,-1.4466219366289574,-0.7272045100460522,0.008134860886882422
00203407_06,02034,1,T1,T2,fusion,uncalibrated_linear_svm_margin,-0.1656423542873971,-0.10303937939472707,-1.324931375741071,-0.6107617116211675
00203407_07,02034,1,T1,T1,fusion,uncalibrated_linear_svm_margin,0.3640615308182472,-0.6440584980921503,-1.623368854157818,-0.6512840380937439
00203408_00,02034,1,T2,T4,fusion,uncalibrated_linear_svm_margin,-1.0081581768770294,-0.4149623878022596,-1.3891228087930192,0.13266557167679227
00203408_02,02034,1,T4,T4,fusion,uncalibrated_linear_svm_margin,-0.9807022799362689,-1.1287190486584657,-0.6149972262521485,0.4196406381797514
00203408_04,02034,1,T3,T3,fusion,uncalibrated_linear_svm_margin,-0.23667958875194306,-1.4681861536551286,0.1441021477114608,-0.6196245688101014
00203408_05,02034,1,T4,T1,fusion,uncalibrated_linear_svm_margin,-0.33799178293655646,-0.8882336692513595,-0.7825591592345147,-0.39090866040330474
00203408_07,02034,1,T2,T2,fusion,uncalibrated_linear_svm_margin,-0.58123458106834,0.14880378363521918,-0.6678179603188084,-0.7199601534589398
00203409_03,02034,1,T1,T1,fusion,uncalibrated_linear_svm_margin,1.021841916429481,-2.827827619983675,-1.9709541888088744,0.052110172850156955
00203409_10,02034,1,T4,T4,fusion,uncalibrated_linear_svm_margin,-0.7600510910772109,-1.0899071324601473,-0.5290631110078199,-0.26027182953776495
00203409_11,02034,1,T4,T4,fusion,uncalibrated_linear_svm_margin,-2.837472409193759,0.537842110952615,-1.4169481589239177,1.0921010181710025
00203411_01,02034,1,T1,T1,fusion,uncalibrated_linear_svm_margin,0.4757618841765322,-1.2594299744719102,-0.8386936016340725,-0.5275684201322343
00203411_06,02034,1,T2,T2,fusion,uncalibrated_linear_svm_margin,-0.9008954589469732,0.5496649719807911,-1.1798174677421998,-0.69465563459264
00203411_07,02034,1,T4,T4,fusion,uncalibrated_linear_svm_margin,-0.7736606570410002,-0.5724522407970685,-0.8827971689101772,0.32125065814503817
00203411_08,02034,1,T3,T3,fusion,uncalibrated_linear_svm_margin,-0.6992624892304231,-1.6192782742374334,0.8326083934656521,-0.6539310635260407
00203411_10,02034,1,T2,T2,fusion,uncalibrated_linear_svm_margin,-0.8833248264695024,0.7759105859938749,-1.7161371094606643,-0.4910734013834254
00203411_11,02034,1,T4,T4,fusion,uncalibrated_linear_svm_margin,-1.541994945595929,-1.7063349772102752,-0.5630506480488298,0.6537600324961091
00203413_02,02034,1,T4,T4,fusion,uncalibrated_linear_svm_margin,-0.46495273092126216,-1.3927370192633424,-1.2714874146544077,0.4774288370901768
00203413_03,02034,1,T4,T4,fusion,uncalibrated_linear_svm_margin,-0.826941778148092,-1.395017097713871,-2.0490558944811226,1.2667435920016432
00203413_06,02034,1,T1,T1,fusion,uncalibrated_linear_svm_margin,1.8441644440583826,-1.6689166145380925,-0.17456806267171054,-2.6841242703235153
00203413_08,02034,1,T2,T2,fusion,uncalibrated_linear_svm_margin,-1.1495660269385657,0.12520448628853387,-0.21423414991535006,-0.9126437047631557
00203413_09,02034,1,T4,T2,fusion,uncalibrated_linear_svm_margin,-0.23655013695346383,-0.21623709305971006,-0.7369932165776913,-0.8494397121059348
00203413_10,02034,1,T4,T4,fusion,uncalibrated_linear_svm_margin,-2.1216247333875073,-0.7677008415023705,-1.3788679205676229,0.9271967748055315
00203418_01,02034,1,T4,T4,fusion,uncalibrated_linear_svm_margin,-0.3506220826814398,-0.8025071294789101,-2.3084842031093045,0.21323009888495625
00203418_02,02034,1,T1,T1,fusion,uncalibrated_linear_svm_margin,0.7963742862017019,-0.8066847092443521,-1.6006749447168072,-0.9730883141120178
00203418_03,02034,1,T1,T1,fusion,uncalibrated_linear_svm_margin,2.1357566695773986,-2.6457100569326855,-1.4591617100714713,-1.0589569915811707
00203418_04,02034,1,T2,T2,fusion,uncalibrated_linear_svm_margin,-1.2357323526079178,-0.09511631507448226,-0.9682231898974997,-0.24893953211337383
00203418_06,02034,1,T1,T1,fusion,uncalibrated_linear_svm_margin,0.15080099972952976,-1.3335830147197805,-0.9081160125832184,-0.2542130295085474
00203418_08,02034,1,T1,T1,fusion,uncalibrated_linear_svm_margin,-0.1762059519376062,-0.8962409346283934,-0.6478560301587345,-0.3775329844256397
00203418_10,02034,1,T2,T2,fusion,uncalibrated_linear_svm_margin,-0.8169624431916066,0.6478661372995176,-1.656661825449741,-0.8755208981061501
00203420_00,02034,1,T4,T4,fusion,uncalibrated_linear_svm_margin,-1.3737952331884495,-0.26566160982874576,-1.6358611611454736,0.3918738789991524
00203420_03,02034,1,T1,T1,fusion,uncalibrated_linear_svm_margin,1.1188534420793008,-1.7457772616426437,-2.6369141297781282,-0.24924145789850566
00203420_05,02034,1,T4,T4,fusion,uncalibrated_linear_svm_margin,-0.13686109347984765,-1.6527698482541637,-0.9420744151877447,0.2865814199719324
00203420_06,02034,1,T2,T2,fusion,uncalibrated_linear_svm_margin,-1.2189578003923998,0.343353424689649,-1.7497192779974104,-0.07424895560719152
00203420_08,02034,1,T4,T1,fusion,uncalibrated_linear_svm_margin,0.1401936757552812,-1.599381627052846,-0.4710531470596212,-0.7828339460511942
00203424_01,02034,1,T4,T4,fusion,uncalibrated_linear_svm_margin,-0.1995704341513807,-1.125437526431387,-1.3012006694959926,0.0008738368772960303
00203424_03,02034,1,T1,T1,fusion,uncalibrated_linear_svm_margin,2.267331571215087,-3.239643630641507,-2.2466915212891423,-2.0359321293278017
00203424_04,02034,1,T2,T1,fusion,uncalibrated_linear_svm_margin,-0.06502505226665456,-0.7153160527877163,-0.43360144430232095,-0.7858792780103805
00203426_00,02034,1,T4,T4,fusion,uncalibrated_linear_svm_margin,-0.9940365927692667,-1.217988788186827,-0.8224124203305305,0.7615053939376523
00203426_02,02034,1,T2,T2,fusion,uncalibrated_linear_svm_margin,-1.5924648496188984,0.4750426289828267,-0.6963561130584119,-0.5613993566883879
00203426_03,02034,1,T4,T1,fusion,uncalibrated_linear_svm_margin,0.7464149128773713,-1.3351324850055464,-2.0308429135318713,-1.0619808359876868
00203426_04,02034,1,T4,T4,fusion,uncalibrated_linear_svm_margin,-0.42235233955899276,-1.266364605053122,-0.8224254797833248,0.040026414981279346
00203426_05,02034,1,T1,T1,fusion,uncalibrated_linear_svm_margin,0.43770580521138436,-1.0338694134549682,-1.4693992869856531,-0.46153512193320445
00203426_06,02034,1,T4,T4,fusion,uncalibrated_linear_svm_margin,-0.9048166592712192,-1.6991478865407714,-0.6971488271763701,0.6328169039383907
00203426_07,02034,1,T1,T2,fusion,uncalibrated_linear_svm_margin,-0.32596316833040834,-0.24440037004997034,-1.0474086586507825,-0.3696453070467615
00203426_08,02034,1,T3,T3,fusion,uncalibrated_linear_svm_margin,-0.6152694187570373,-0.6352009235350088,0.004100817164937709,-0.4503675809275685
00203426_09,02034,1,T3,T3,fusion,uncalibrated_linear_svm_margin,-1.3575179417845211,-0.5049246370028231,-0.022827100001164502,-0.5096110224345646
00203426_10,02034,1,T4,T2,fusion,uncalibrated_linear_svm_margin,-0.7881244292479945,0.1934998077313358,-1.8146850074909846,-0.29181285804896606
00203428_00,02034,1,T4,T4,fusion,uncalibrated_linear_svm_margin,0.16504862983801694,-1.954903186805275,-0.7883382092752919,0.17511560442327478
00203428_01,02034,1,T2,T2,fusion,uncalibrated_linear_svm_margin,-0.4081522171455041,-0.17623031016740126,-0.9124178085479809,-0.7733017407583405
00203428_02,02034,1,T4,T4,fusion,uncalibrated_linear_svm_margin,0.02107058154437258,-1.6438649410453507,-1.7801302553080716,0.5348144200037978
00203428_03,02034,1,T2,T2,fusion,uncalibrated_linear_svm_margin,-1.0161295744407175,0.3224897188892808,-0.4458030000507369,-1.1280788839115266
00203428_04,02034,1,T3,T3,fusion,uncalibrated_linear_svm_margin,-0.23093935628711837,-1.0458118812201826,0.7557761742235147,-0.7814833789752405
00203428_05,02034,1,T4,T4,fusion,uncalibrated_linear_svm_margin,0.15229158220985728,-1.7353890923092514,-1.0787042112757939,0.27063406415386126
00203428_07,02034,1,T3,T3,fusion,uncalibrated_linear_svm_margin,-1.0607272138468575,-2.4569854230407095,0.5964072100782267,0.13913465407319736
00203429_03,02034,1,T3,T4,fusion,uncalibrated_linear_svm_margin,-3.6847388166380735,-1.5860165879969026,-0.23559546749338256,1.42000574999381
00203429_04,02034,1,T1,T1,fusion,uncalibrated_linear_svm_margin,0.09808264396175415,-1.4848136357069244,-1.0076260070800585,0.03959377722847912
00203429_05,02034,1,T1,T4,fusion,uncalibrated_linear_svm_margin,0.027185090123052924,-2.5500715301735832,-1.5561697046778504,0.3153927567181287
00203429_07,02034,1,T2,T2,fusion,uncalibrated_linear_svm_margin,-0.2549875686040086,0.11018848699361894,-0.9193429991161608,-1.4124855195148038
00203429_08,02034,1,T3,T4,fusion,uncalibrated_linear_svm_margin,-3.1467475171536936,-0.5149558269719066,-0.06530102536358195,0.6738764982190618
00203429_10,02034,1,T4,T4,fusion,uncalibrated_linear_svm_margin,-0.31532711120061957,-1.41685403918596,-0.42203477176741,0.13041592894818
00203501_01,02035,1,T2,T2,fusion_plus_voiced_nucleus,uncalibrated_linear_svm_margin,-1.2591932114991011,0.01911026790527237,-0.9414839190192865,-0.29664691712538593
00203501_03,02035,1,T4,T4,fusion_plus_voiced_nucleus,uncalibrated_linear_svm_margin,-0.5512037685719138,-0.9206636703296325,-1.6108018229396421,-0.06714887852533696
00203501_05,02035,1,T1,T1,fusion_plus_voiced_nucleus,uncalibrated_linear_svm_margin,0.0442264253570438,-1.5933672037699491,-0.8655419376188158,-0.19756405270122657
00203501_06,02035,1,T2,T2,fusion_plus_voiced_nucleus,uncalibrated_linear_svm_margin,-1.8427553711531184,1.025483258237097,-0.6375059577460142,-1.63789383758352
00203501_07,02035,1,T4,T4,fusion_plus_voiced_nucleus,uncalibrated_linear_svm_margin,-0.9119018717736667,-1.5185222410981485,-0.5090078186091433,0.29685010371179893
00203501_09,02035,1,T1,T1,fusion_plus_voiced_nucleus,uncalibrated_linear_svm_margin,-0.2370415688642057,-0.41633864740433524,-0.7808906815447724,-1.1365243625287265
00203507_02,02035,1,T4,T2,fusion_plus_voiced_nucleus,uncalibrated_linear_svm_margin,-0.9653178141081525,-0.0268926393819231,-1.694977306993952,-0.08949765650643299
00203507_04,02035,1,T4,T4,fusion_plus_voiced_nucleus,uncalibrated_linear_svm_margin,-1.066873330360113,-0.34354813083179647,-1.0272463689896265,0.04077453747820814
00203507_05,02035,1,T4,T4,fusion_plus_voiced_nucleus,uncalibrated_linear_svm_margin,-0.7784349277921153,-0.3854296482880966,-1.8289203329808916,-0.040729002368557754
00203507_06,02035,1,T1,T1,fusion_plus_voiced_nucleus,uncalibrated_linear_svm_margin,-0.08828029804784338,-0.6091982628907107,-1.1518186897400917,-0.7884597929733679
00203507_07,02035,1,T1,T1,fusion_plus_voiced_nucleus,uncalibrated_linear_svm_margin,0.0030099567363900404,-0.7461298441416762,-2.0708028851133364,-0.21545142523902988
00203508_00,02035,1,T2,T3,fusion_plus_voiced_nucleus,uncalibrated_linear_svm_margin,-2.492578781285443,-0.39038422441607595,0.6801449751520919,-2.5916556287565515
00203508_02,02035,1,T4,T4,fusion_plus_voiced_nucleus,uncalibrated_linear_svm_margin,-0.23476546863513437,-1.6464676229724433,-1.393828197254226,0.7744406734551599
00203508_05,02035,1,T4,T4,fusion_plus_voiced_nucleus,uncalibrated_linear_svm_margin,-1.3931296490322052,-2.15464347095718,-1.088602540180481,1.105660549469206
00203508_07,02035,1,T2,T2,fusion_plus_voiced_nucleus,uncalibrated_linear_svm_margin,-1.1147663214738226,0.06913061415598087,-1.02115328695155,-1.1725300396704692
00203509_03,02035,1,T1,T1,fusion_plus_voiced_nucleus,uncalibrated_linear_svm_margin,-0.12030933249565406,-1.1102172528277576,-0.728873797639475,-2.036085737639946
00203509_10,02035,1,T4,T4,fusion_plus_voiced_nucleus,uncalibrated_linear_svm_margin,-0.9161929974196333,-1.1406638635559743,-1.140105681767452,0.5023652700974193
00203509_11,02035,1,T4,T4,fusion_plus_voiced_nucleus,uncalibrated_linear_svm_margin,-1.7374243551022022,-1.1344700297946329,-1.20345471451145,0.8061169612921186
00203511_06,02035,1,T2,T2,fusion_plus_voiced_nucleus,uncalibrated_linear_svm_margin,-0.3821090403135131,1.0420756441154506,-0.8984193747471017,-1.7350637912709925
00203511_07,02035,1,T4,T4,fusion_plus_voiced_nucleus,uncalibrated_linear_svm_margin,-0.6609965575966429,-1.3202383908830304,-1.4924167479984014,0.11160879558316822
00203511_08,02035,1,T3,T2,fusion_plus_voiced_nucleus,uncalibrated_linear_svm_margin,-0.3814211260108831,0.8709036826554541,0.36270460689318573,-2.74863897831584
00203511_11,02035,1,T4,T4,fusion_plus_voiced_nucleus,uncalibrated_linear_svm_margin,-1.5036390961402575,-1.7559744905955101,-0.7163234012866072,0.7676430056130914
00203513_02,02035,1,T4,T1,fusion_plus_voiced_nucleus,uncalibrated_linear_svm_margin,0.42735216505006446,-1.9932924530604241,-1.4454151519999194,0.20470979489180235
00203513_03,02035,1,T4,T4,fusion_plus_voiced_nucleus,uncalibrated_linear_svm_margin,-1.1550902234558222,-1.0084671691642888,-0.6445391143171715,0.6050720091227122
00203513_06,02035,1,T1,T1,fusion_plus_voiced_nucleus,uncalibrated_linear_svm_margin,-0.03155279212622597,-0.5451996550318657,-0.08963710298261329,-1.0801681782124837
00203513_08,02035,1,T2,T2,fusion_plus_voiced_nucleus,uncalibrated_linear_svm_margin,-0.9451920422184499,0.25598703482064966,0.2391370503015705,-2.02352655245087
00203513_10,02035,1,T4,T4,fusion_plus_voiced_nucleus,uncalibrated_linear_svm_margin,-0.443311945039202,-1.5753058624429603,-1.6584043168584968,0.7385120606795437
00203518_02,02035,1,T1,T1,fusion_plus_voiced_nucleus,uncalibrated_linear_svm_margin,0.02249534105159423,-0.9563878412235911,-1.1976179890821261,-0.3719213672795507
00203518_03,02035,1,T1,T1,fusion_plus_voiced_nucleus,uncalibrated_linear_svm_margin,0.261589759597906,-2.618112769749609,-0.13639458040796992,0.043944297768796714
00203518_04,02035,1,T2,T3,fusion_plus_voiced_nucleus,uncalibrated_linear_svm_margin,-1.7610597008675055,-1.1289772055428533,0.1289668152685738,-0.7566001604651302
00203518_08,02035,1,T1,T1,fusion_plus_voiced_nucleus,uncalibrated_linear_svm_margin,0.34251109011159264,-1.239068817234736,-2.281219754374947,0.15199960965271714
00203518_10,02035,1,T2,T2,fusion_plus_voiced_nucleus,uncalibrated_linear_svm_margin,-0.618388251005467,-0.111565242179541,-0.5564942009586629,-0.7028397303948876
00203520_00,02035,1,T4,T4,fusion_plus_voiced_nucleus,uncalibrated_linear_svm_margin,-1.393974182571496,-0.2871568532082238,-0.9202688234541143,0.22320098576297348
00203520_03,02035,1,T1,T4,fusion_plus_voiced_nucleus,uncalibrated_linear_svm_margin,-0.45007484359580985,-1.0665712145714967,-1.1637696223532696,0.21276688706428776
00203520_05,02035,1,T4,T4,fusion_plus_voiced_nucleus,uncalibrated_linear_svm_margin,-1.0224806576401009,-1.4032352203034986,-0.43450082700055576,0.4881494931572969
00203520_06,02035,1,T2,T2,fusion_plus_voiced_nucleus,uncalibrated_linear_svm_margin,-1.1157625397097832,1.127266866330112,-1.7700841283229032,-0.8313949655578172
00203520_08,02035,1,T4,T2,fusion_plus_voiced_nucleus,uncalibrated_linear_svm_margin,-0.5931234408971633,-0.4674930303510623,-0.9938888435908427,-0.5053185431584407
00203524_01,02035,1,T4,T3,fusion_plus_voiced_nucleus,uncalibrated_linear_svm_margin,-1.709004310574647,-0.5039739618998689,0.3411737187939504,-0.3743705251509878
00203524_03,02035,1,T1,T1,fusion_plus_voiced_nucleus,uncalibrated_linear_svm_margin,0.07911017563881917,-0.7524162571487314,-1.7358358825872022,-0.10061499907143828
00203524_04,02035,1,T2,T3,fusion_plus_voiced_nucleus,uncalibrated_linear_svm_margin,-0.9335258684970233,-0.24984646183097647,-0.0007465797517631767,-0.7176540697413512
00203526_00,02035,1,T4,T4,fusion_plus_voiced_nucleus,uncalibrated_linear_svm_margin,-0.6020913178795546,-1.2100699341653876,-0.8984708262058793,-0.0635805278826424
00203526_04,02035,1,T4,T2,fusion_plus_voiced_nucleus,uncalibrated_linear_svm_margin,-1.0751503277548393,2.112198833835354,-4.086696176744646,-3.8212081843063372
00203526_05,02035,1,T1,T4,fusion_plus_voiced_nucleus,uncalibrated_linear_svm_margin,0.20021427582674067,-1.1727234093911731,-2.379252640262545,0.2540978486071768
00203526_06,02035,1,T4,T4,fusion_plus_voiced_nucleus,uncalibrated_linear_svm_margin,-1.3530455412494298,-2.504607815772292,-1.0425052029666322,1.556310595958061
00203526_07,02035,1,T1,T3,fusion_plus_voiced_nucleus,uncalibrated_linear_svm_margin,-0.8138589048065613,-1.6638456321687278,-0.061319128309179516,-0.7642046854921625
00203526_08,02035,1,T3,T1,fusion_plus_voiced_nucleus,uncalibrated_linear_svm_margin,1.236490281000812,-0.7139533469559876,-0.9313748786924493,-1.5408251777466238
00203526_09,02035,1,T3,T3,fusion_plus_voiced_nucleus,uncalibrated_linear_svm_margin,-1.1284037752213063,-0.2768665276624279,0.34500720523076256,-0.9534862653535516
00203526_10,02035,1,T4,T4,fusion_plus_voiced_nucleus,uncalibrated_linear_svm_margin,-0.1812162798983431,-1.6132907242563292,-1.4942424158282344,0.48892214528696226
00203528_00,02035,1,T4,T4,fusion_plus_voiced_nucleus,uncalibrated_linear_svm_margin,-0.5873610246958687,-1.8291500003501668,-1.1723070863339886,0.5672967868264744
00203528_01,02035,1,T2,T4,fusion_plus_voiced_nucleus,uncalibrated_linear_svm_margin,-7.387992794136128,-1.4002486751065433,-1.1120237307681229,1.5417298918946576
00203528_02,02035,1,T4,T4,fusion_plus_voiced_nucleus,uncalibrated_linear_svm_margin,-0.54524951381064,-2.4542831410183457,-1.5197793473518488,1.2385561633016924
00203528_03,02035,1,T2,T2,fusion_plus_voiced_nucleus,uncalibrated_linear_svm_margin,-1.312603494265107,0.9942881858094867,-0.9436391576117756,-1.4395633168706399
00203528_04,02035,1,T3,T3,fusion_plus_voiced_nucleus,uncalibrated_linear_svm_margin,-0.6281137421134533,-0.4980777378806365,-0.3626690595006098,-0.611587547072671
00203528_05,02035,1,T4,T4,fusion_plus_voiced_nucleus,uncalibrated_linear_svm_margin,-1.3594913091136926,-1.1844306669839564,-0.9995676492905307,0.8569450375339012
00203529_02,02035,1,T4,T4,fusion_plus_voiced_nucleus,uncalibrated_linear_svm_margin,-1.5932998476053148,-1.566791487033028,-0.867708544738064,0.5325110336026637
00203529_03,02035,1,T3,T3,fusion_plus_voiced_nucleus,uncalibrated_linear_svm_margin,-2.0014324649654176,0.21883916613399168,1.0962394798827986,-1.6378023881941677
00203529_04,02035,1,T1,T4,fusion_plus_voiced_nucleus,uncalibrated_linear_svm_margin,-0.4440613416543021,-0.31429568290462895,-1.62631664072133,-0.051843998185533924
00203529_05,02035,1,T1,T4,fusion_plus_voiced_nucleus,uncalibrated_linear_svm_margin,-0.15253521299736317,-1.3204972268396118,-1.4505893197282331,0.11005390415785027
00203529_08,02035,1,T3,T3,fusion_plus_voiced_nucleus,uncalibrated_linear_svm_margin,-2.6667308411158386,-0.7950812375426368,0.5889488418792,-2.174326728531952
00203529_10,02035,1,T4,T4,fusion_plus_voiced_nucleus,uncalibrated_linear_svm_margin,-1.0876382428910598,-0.8476479319361094,-0.9090435425650667,0.22775467451829284
00203801_01,02038,1,T2,T2,fusion_plus_voiced_nucleus,uncalibrated_linear_svm_margin,-0.5368036320998091,-0.044908414082334924,-1.2286373531370842,-0.6252979265599873
00203801_03,02038,1,T4,T4,fusion_plus_voiced_nucleus,uncalibrated_linear_svm_margin,-0.24599367002478312,-2.041534173171004,-1.055831151622723,0.49895352043493735
00203801_05,02038,1,T1,T4,fusion_plus_voiced_nucleus,uncalibrated_linear_svm_margin,0.006088336095635527,-1.2714073601067866,-1.2676917291228245,0.11228411433563534
00203801_06,02038,1,T2,T2,fusion_plus_voiced_nucleus,uncalibrated_linear_svm_margin,-1.3718994530842217,2.128408208385634,-1.6787020954919625,-1.823628288667631
00203801_07,02038,1,T4,T4,fusion_plus_voiced_nucleus,uncalibrated_linear_svm_margin,-0.668496135644087,-1.0330978115920342,-1.0861334529685656,0.21656530121537643
00203801_09,02038,1,T1,T1,fusion_plus_voiced_nucleus,uncalibrated_linear_svm_margin,0.2766668199236135,-0.731843402720435,-0.7642936461035866,-1.1311080863444378
00203801_10,02038,1,T2,T4,fusion_plus_voiced_nucleus,uncalibrated_linear_svm_margin,-1.602168038913865,-0.5801076013060429,-0.3253859964759467,-0.07373189248229473
00203807_03,02038,1,T2,T2,fusion_plus_voiced_nucleus,uncalibrated_linear_svm_margin,-1.1733235747082205,0.1309448228239033,-1.0998557478791349,-0.4297438915630618
00203807_04,02038,1,T4,T4,fusion_plus_voiced_nucleus,uncalibrated_linear_svm_margin,-0.32133278264447473,-2.1444147403611074,-0.36498847549670865,0.4250885377460212
00203807_05,02038,1,T4,T4,fusion_plus_voiced_nucleus,uncalibrated_linear_svm_margin,-0.48497305718712647,-1.3452330499521135,-3.49662480211892,0.5605971079669864
00203807_06,02038,1,T1,T1,fusion_plus_voiced_nucleus,uncalibrated_linear_svm_margin,0.5661290921057527,-0.45398812847801256,-0.7416515824002305,-1.7590757904475418
00203807_07,02038,1,T1,T1,fusion_plus_voiced_nucleus,uncalibrated_linear_svm_margin,-0.11076515320110591,-0.2296587997372309,-1.507058884207992,-0.5425944734729903
00203808_02,02038,1,T4,T4,fusion_plus_voiced_nucleus,uncalibrated_linear_svm_margin,-0.48750597469402224,-1.203553439743663,-0.6920932839615052,0.19248012158073613
00203808_04,02038,1,T3,T3,fusion_plus_voiced_nucleus,uncalibrated_linear_svm_margin,-1.0033619838206485,-0.8107681032334216,-0.20083133421710053,-0.2970130970482864
00203808_05,02038,1,T4,T4,fusion_plus_voiced_nucleus,uncalibrated_linear_svm_margin,-0.7027268561872532,-1.7851016035826746,-1.423866968161767,0.9116001524267127
00203808_07,02038,1,T2,T2,fusion_plus_voiced_nucleus,uncalibrated_linear_svm_margin,-3.45053034406122,-0.43953597181284065,-0.8913185824550339,-1.0728795811487184
00203809_10,02038,1,T4,T4,fusion_plus_voiced_nucleus,uncalibrated_linear_svm_margin,-0.5615134041026335,-1.5782575975792543,-1.579604309256176,0.7687326667280309
00203809_11,02038,1,T4,T2,fusion_plus_voiced_nucleus,uncalibrated_linear_svm_margin,-0.7259004972312473,0.13429785013488582,-0.459943134960192,-1.0402628714294513
00203811_01,02038,1,T1,T4,fusion_plus_voiced_nucleus,uncalibrated_linear_svm_margin,-0.2815380152343455,-1.0837922786901817,-0.9097502953779982,0.1541744406059783
00203811_06,02038,1,T2,T2,fusion_plus_voiced_nucleus,uncalibrated_linear_svm_margin,-0.32913839929335964,0.3380405864736248,-1.335498142329906,-1.1467757065413262
00203811_07,02038,1,T4,T2,fusion_plus_voiced_nucleus,uncalibrated_linear_svm_margin,-1.077836054712079,-0.17232255948785113,-1.102226080473181,-0.5439326129923963
00203811_08,02038,1,T3,T4,fusion_plus_voiced_nucleus,uncalibrated_linear_svm_margin,-1.6396105023616192,-1.0295732545737146,-0.24144272002505884,0.3361052151578744
00203813_02,02038,1,T4,T4,fusion_plus_voiced_nucleus,uncalibrated_linear_svm_margin,-0.2727144950266146,-1.6825220468364583,-1.8244574018821185,0.4664208739223289
00203813_03,02038,1,T4,T4,fusion_plus_voiced_nucleus,uncalibrated_linear_svm_margin,-1.8426669702162801,-0.6193501171481737,-1.042135691139626,1.1780293709184404
00203813_06,02038,1,T1,T1,fusion_plus_voiced_nucleus,uncalibrated_linear_svm_margin,0.6156110968089537,-2.6191606102536005,-2.6129822859710474,-0.10798368022339144
00203813_08,02038,1,T2,T2,fusion_plus_voiced_nucleus,uncalibrated_linear_svm_margin,-1.1490437916410332,0.9899557737667953,-0.7096594420160917,-1.4224949814118868
00203813_10,02038,1,T4,T4,fusion_plus_voiced_nucleus,uncalibrated_linear_svm_margin,-1.3897105943208397,-1.4077344579046083,-1.0184539936788621,0.7344310020426356
00203818_01,02038,1,T4,T4,fusion_plus_voiced_nucleus,uncalibrated_linear_svm_margin,-0.6124781571110252,-0.843032326117622,-1.8441437850582112,-0.058120375380820044
00203818_02,02038,1,T1,T4,fusion_plus_voiced_nucleus,uncalibrated_linear_svm_margin,-0.9317357846510076,-0.388351275453394,-1.2309458383605307,0.10759961301377163
00203818_03,02038,1,T1,T4,fusion_plus_voiced_nucleus,uncalibrated_linear_svm_margin,-0.15993650313522,-0.8103437888105824,-3.0314118519947955,0.27803729257684606
00203818_06,02038,1,T1,T1,fusion_plus_voiced_nucleus,uncalibrated_linear_svm_margin,0.3073254000255907,-0.5299066400008136,-0.7949301194594246,-1.1882327645598307
00203818_08,02038,1,T1,T4,fusion_plus_voiced_nucleus,uncalibrated_linear_svm_margin,-0.2911430906600974,-1.3566331040638526,-2.3646580703014632,-0.15607544603199847
00203818_10,02038,1,T2,T2,fusion_plus_voiced_nucleus,uncalibrated_linear_svm_margin,-0.6961293241253037,0.41800910215449505,-0.8218732748874188,-1.4886385747945505
00203820_00,02038,1,T4,T1,fusion_plus_voiced_nucleus,uncalibrated_linear_svm_margin,0.3092421780277367,-1.3750604612480835,-1.279067658854006,-0.02867632244862306
00203820_03,02038,1,T1,T3,fusion_plus_voiced_nucleus,uncalibrated_linear_svm_margin,-0.23566786189776145,-0.5083220944231389,-0.10697500266416982,-1.0606392364220172
00203820_05,02038,1,T4,T4,fusion_plus_voiced_nucleus,uncalibrated_linear_svm_margin,-0.08765541986753611,-1.653365175724414,-1.1407357591217644,0.30179874452216315
00203820_06,02038,1,T2,T2,fusion_plus_voiced_nucleus,uncalibrated_linear_svm_margin,-0.38809890054892093,-0.08736709243766083,-1.3371113348217567,-0.7556752076498423
00203820_08,02038,1,T4,T4,fusion_plus_voiced_nucleus,uncalibrated_linear_svm_margin,-0.41789439313941446,-0.5975754162865594,-0.6456341240150274,-0.29675106794430506
00203824_01,02038,1,T4,T4,fusion_plus_voiced_nucleus,uncalibrated_linear_svm_margin,-0.47174182278740096,-1.5192180932731938,-1.6979237795912943,0.9916950342913539
00203824_03,02038,1,T1,T1,fusion_plus_voiced_nucleus,uncalibrated_linear_svm_margin,0.040331021387880917,-0.536541065842553,-0.9162973297630244,-1.1079408256317596
00203824_04,02038,1,T2,T1,fusion_plus_voiced_nucleus,uncalibrated_linear_svm_margin,-0.37542167813620997,-0.49383299263282265,-1.6821416722654545,-0.5551519842853972
00203826_00,02038,1,T4,T4,fusion_plus_voiced_nucleus,uncalibrated_linear_svm_margin,-0.3875561468404393,-1.8405067201999286,-0.7242901960878508,0.46565280258441777
00203826_02,02038,1,T2,T2,fusion_plus_voiced_nucleus,uncalibrated_linear_svm_margin,-1.409593383869654,1.4087305461093171,-0.8147527267390192,-1.5508110401012996
00203826_03,02038,1,T4,T4,fusion_plus_voiced_nucleus,uncalibrated_linear_svm_margin,-0.2577034556814376,-0.6406828518966547,-1.19251631558715,-0.10675246061515764
00203826_04,02038,1,T4,T4,fusion_plus_voiced_nucleus,uncalibrated_linear_svm_margin,-0.6020887845571399,-1.1894375795468357,-2.01049859800693,0.7994328706851762
00203826_05,02038,1,T1,T4,fusion_plus_voiced_nucleus,uncalibrated_linear_svm_margin,-0.24092405046830295,-0.6776199106865126,-1.2961018166026108,-0.22264782334856578
00203826_06,02038,1,T4,T4,fusion_plus_voiced_nucleus,uncalibrated_linear_svm_margin,-0.5892721976000903,-0.9195401102844207,-1.5044296902074255,0.23634456357225997
00203826_07,02038,1,T1,T1,fusion_plus_voiced_nucleus,uncalibrated_linear_svm_margin,-0.12200333548203324,-0.21504899785134868,-1.6279326419360298,-0.4084067314891023
00203826_08,02038,1,T3,T3,fusion_plus_voiced_nucleus,uncalibrated_linear_svm_margin,-0.6804674902675385,-0.5873390227267938,0.2683751782805235,-0.9052735615187598
00203826_09,02038,1,T3,T2,fusion_plus_voiced_nucleus,uncalibrated_linear_svm_margin,-1.9173209123136334,0.33758463012242645,-0.6056459483909064,-0.32791340301409344
00203826_10,02038,1,T4,T1,fusion_plus_voiced_nucleus,uncalibrated_linear_svm_margin,0.024446113106514122,-0.4365801589387167,-1.5315180826080086,-0.40869600159386754
00203828_00,02038,1,T4,T4,fusion_plus_voiced_nucleus,uncalibrated_linear_svm_margin,-0.6812135943874668,-1.2584757887246933,-1.2299155592919102,-0.2553998649678674
00203828_01,02038,1,T2,T2,fusion_plus_voiced_nucleus,uncalibrated_linear_svm_margin,-1.4741764518808675,1.2474236350135381,-1.6296610129694504,-0.9429923310670115
00203828_03,02038,1,T2,T2,fusion_plus_voiced_nucleus,uncalibrated_linear_svm_margin,-1.4948554147055173,1.5679669819342332,-1.974559913153763,-0.8732891872057904
00203828_04,02038,1,T3,T3,fusion_plus_voiced_nucleus,uncalibrated_linear_svm_margin,-1.178277419900358,-1.063807058118126,-0.0142981908395301,-0.38057425989618743
00203828_05,02038,1,T4,T4,fusion_plus_voiced_nucleus,uncalibrated_linear_svm_margin,-0.639065968080098,-0.7585102751333719,-1.1707655336306955,0.28275897044036324
00203828_07,02038,1,T3,T4,fusion_plus_voiced_nucleus,uncalibrated_linear_svm_margin,-0.15188955996174608,-1.0913735409597913,-1.406950703054508,-0.1004727893585155
00203829_03,02038,1,T3,T4,fusion_plus_voiced_nucleus,uncalibrated_linear_svm_margin,-1.417466301258707,-1.4892173058210303,-0.07975177013347823,0.4929883956219213
00203829_04,02038,1,T1,T1,fusion_plus_voiced_nucleus,uncalibrated_linear_svm_margin,0.4130954235456773,-1.2806201458243693,-1.3942333060651912,-0.7359835202365552
00203829_05,02038,1,T1,T4,fusion_plus_voiced_nucleus,uncalibrated_linear_svm_margin,-0.622963638272406,-1.5075830569653603,-0.7137772368920938,0.7736731537821172
00203829_07,02038,1,T2,T3,fusion_plus_voiced_nucleus,uncalibrated_linear_svm_margin,-0.8347930956615793,-0.45187243884226147,-0.08135312091489189,-1.0727938427452102
00203829_10,02038,1,T4,T3,fusion_plus_voiced_nucleus,uncalibrated_linear_svm_margin,-1.2988047790985269,-0.36604240989095166,0.010396435063814824,-0.7872064593217767
00203901_01,02039,1,T2,T1,fusion_plus_voiced_nucleus,uncalibrated_linear_svm_margin,0.4848090768536022,-1.449171572252968,-0.41978125486384277,-0.9339630638771739
00203901_05,02039,1,T1,T1,fusion_plus_voiced_nucleus,uncalibrated_linear_svm_margin,-0.27600363742167844,-0.4974781935766379,-1.063353465790159,-1.0794139461205703
00203901_06,02039,1,T2,T2,fusion_plus_voiced_nucleus,uncalibrated_linear_svm_margin,-0.23684924426205595,1.7061471736271638,-1.9475227589444826,-2.9132761169151338
00203907_03,02039,1,T2,T1,fusion_plus_voiced_nucleus,uncalibrated_linear_svm_margin,-0.23882183084132025,-0.34499292294978084,-0.33590165583900666,-0.8929725237317611
00203907_04,02039,1,T4,T2,fusion_plus_voiced_nucleus,uncalibrated_linear_svm_margin,-0.06649492083933228,-0.029884857380796048,-0.9052704829220525,-0.6865859466408543
00203907_05,02039,1,T4,T2,fusion_plus_voiced_nucleus,uncalibrated_linear_svm_margin,-1.0129770886406266,0.4750752089944623,-1.2429540388173406,-0.827250107631661
00203907_06,02039,1,T1,T1,fusion_plus_voiced_nucleus,uncalibrated_linear_svm_margin,1.1193805489868816,-0.0021735430407310297,-2.1275694453665657,-1.2823978408203685
00203908_00,02039,1,T2,T1,fusion_plus_voiced_nucleus,uncalibrated_linear_svm_margin,0.31481665234906286,0.10808642476860442,-1.9845048737820026,-1.1646344506455466
00203908_02,02039,1,T4,T1,fusion_plus_voiced_nucleus,uncalibrated_linear_svm_margin,0.5313546623190757,-0.5252531604638795,-1.7039912556725265,-0.8259867469559019
00203908_04,02039,1,T3,T2,fusion_plus_voiced_nucleus,uncalibrated_linear_svm_margin,-1.1531065960846778,-0.3615694569951063,-0.9027720384441813,-1.115674739451305
00203908_05,02039,1,T4,T4,fusion_plus_voiced_nucleus,uncalibrated_linear_svm_margin,-1.1782205525842697,-1.0632353306613667,-0.6932259987933234,-0.006826727942803701
00203908_07,02039,1,T2,T2,fusion_plus_voiced_nucleus,uncalibrated_linear_svm_margin,-1.268196782757229,1.5582796659891964,-1.6878166919159217,-2.0298739661412686
00203909_10,02039,1,T4,T2,fusion_plus_voiced_nucleus,uncalibrated_linear_svm_margin,-0.5636594055720081,-0.4134322284849889,-0.6345323350415686,-0.7157692798074236
00203911_01,02039,1,T1,T1,fusion_plus_voiced_nucleus,uncalibrated_linear_svm_margin,0.4029446119661566,0.07071721692205601,-1.5904573701154918,-2.452709924537866
00203911_07,02039,1,T4,T4,fusion_plus_voiced_nucleus,uncalibrated_linear_svm_margin,-1.4962619752998594,0.3072318962960663,-3.28762877753612,0.5478526469754353
00203913_10,02039,1,T4,T2,fusion_plus_voiced_nucleus,uncalibrated_linear_svm_margin,-1.3765264218640934,-0.17212566712708122,-0.6048781382443811,-1.10279533514399
00203918_04,02039,1,T2,T2,fusion_plus_voiced_nucleus,uncalibrated_linear_svm_margin,-0.8198457709329743,0.83740473964828,-1.4688749274014294,-0.6449923651129699
00203918_06,02039,1,T1,T1,fusion_plus_voiced_nucleus,uncalibrated_linear_svm_margin,0.12828756367938432,-0.38288396507815897,-0.6032833006130123,-1.6781526258146227
00203918_10,02039,1,T2,T2,fusion_plus_voiced_nucleus,uncalibrated_linear_svm_margin,-1.8465133841131613,1.0111526674623872,-0.31997333523477367,-0.8177178602062734
00203920_00,02039,1,T4,T4,fusion_plus_voiced_nucleus,uncalibrated_linear_svm_margin,-0.7923746981844341,-0.9476541235956879,-2.218145473906396,0.03852651603621682
00203920_03,02039,1,T1,T1,fusion_plus_voiced_nucleus,uncalibrated_linear_svm_margin,0.3172095787092819,-0.922033055863076,-1.160371212681162,-0.5416200881682862
00203920_05,02039,1,T4,T1,fusion_plus_voiced_nucleus,uncalibrated_linear_svm_margin,0.07813735454498616,-0.41080728070093325,-0.8746005338802709,-0.9960222767520691
00203920_06,02039,1,T2,T2,fusion_plus_voiced_nucleus,uncalibrated_linear_svm_margin,-0.939053802835503,0.842934990640565,-1.3801029362805508,-0.7370716674579806
00203920_08,02039,1,T4,T1,fusion_plus_voiced_nucleus,uncalibrated_linear_svm_margin,-0.5366178695420828,-1.1239818102831496,-0.972996395430723,-0.8673782756684636
00203926_02,02039,1,T2,T2,fusion_plus_voiced_nucleus,uncalibrated_linear_svm_margin,-1.1742790397872556,1.596921411316072,-1.1631937532604395,-2.7204755275272605
00203926_08,02039,1,T3,T3,fusion_plus_voiced_nucleus,uncalibrated_linear_svm_margin,-0.3734816855458609,-1.0745470638296606,0.11030237840599655,-0.48244302724684457
00203928_01,02039,1,T2,T2,fusion_plus_voiced_nucleus,uncalibrated_linear_svm_margin,0.9384681447489784,2.099667130648191,-1.6845533558936865,-3.3699688747129053
00203928_03,02039,1,T2,T2,fusion_plus_voiced_nucleus,uncalibrated_linear_svm_margin,-0.42331793186843497,1.033624141143697,-1.1290001005514214,-2.422152618803437
00203928_04,02039,1,T3,T2,fusion_plus_voiced_nucleus,uncalibrated_linear_svm_margin,-0.815861605051885,-0.26542012094287315,-0.5042422381410103,-0.5595684015453577
00203929_07,02039,1,T2,T3,fusion_plus_voiced_nucleus,uncalibrated_linear_svm_margin,-0.6792100087445594,-1.3440073088025413,0.6164103054142255,-1.0186795301627938
00203929_10,02039,1,T4,T4,fusion_plus_voiced_nucleus,uncalibrated_linear_svm_margin,-0.9262590945718876,-1.9033557232388312,-0.9170392873269095,0.6026078624363497
00204101_01,02041,1,T2,T3,fusion_plus_voiced_nucleus,uncalibrated_linear_svm_margin,-1.1207266488678673,-0.6537534834136648,-0.08993213428183233,-0.43045373070356846
00204101_03,02041,1,T4,T4,fusion_plus_voiced_nucleus,uncalibrated_linear_svm_margin,-1.6942334039813765,-0.5871557461188674,0.014623456156013792,0.44253082785053277
00204101_05,02041,1,T1,T3,fusion_plus_voiced_nucleus,uncalibrated_linear_svm_margin,-0.39858151779194984,-0.7896723369172468,-0.3821196313789972,-0.5626056866415442
00204101_06,02041,1,T2,T2,fusion_plus_voiced_nucleus,uncalibrated_linear_svm_margin,-1.7545175650994334,-0.19304511541852276,-0.48109578957923615,-0.5660316176619198
00204101_07,02041,1,T4,T4,fusion_plus_voiced_nucleus,uncalibrated_linear_svm_margin,-1.7136703881658415,-1.164634569105057,0.11372945658371225,0.6159386245779607
00204101_09,02041,1,T1,T1,fusion_plus_voiced_nucleus,uncalibrated_linear_svm_margin,0.6999624453620925,-1.0506675088178083,-0.8200123700838279,-0.9584939767351346
00204101_10,02041,1,T2,T3,fusion_plus_voiced_nucleus,uncalibrated_linear_svm_margin,-0.6668960752121101,-1.3846900570968508,0.5280022671399339,-0.33564507052175685
00204107_02,02041,1,T4,T4,fusion_plus_voiced_nucleus,uncalibrated_linear_svm_margin,-0.9803144232783697,-0.7906586587097971,-1.2738964012794525,0.17429290647486606
00204107_03,02041,1,T2,T4,fusion_plus_voiced_nucleus,uncalibrated_linear_svm_margin,-1.5547602329071912,-0.8464452597592635,-2.027248683608322,0.8266579954550043
00204107_04,02041,1,T4,T4,fusion_plus_voiced_nucleus,uncalibrated_linear_svm_margin,-0.15979616960731102,-1.5189611248597892,-0.8340744711956823,-0.1007918311908646
00204107_05,02041,1,T4,T2,fusion_plus_voiced_nucleus,uncalibrated_linear_svm_margin,-0.6932911994383013,0.05644614806258719,-1.0683352032356808,-0.46196644233823236
00204107_06,02041,1,T1,T1,fusion_plus_voiced_nucleus,uncalibrated_linear_svm_margin,0.19647753471859697,-0.2501768888385175,-2.1769896896731638,-0.9686430641410393
00204107_07,02041,1,T1,T2,fusion_plus_voiced_nucleus,uncalibrated_linear_svm_margin,-0.38013670031356706,0.1312088144243302,-0.9212124552920171,-1.586765613105754
00204108_00,02041,1,T2,T2,fusion_plus_voiced_nucleus,uncalibrated_linear_svm_margin,-0.5856743939750964,-0.2244739547376161,-0.9640996929734077,-0.4078521659169707
00204108_02,02041,1,T4,T2,fusion_plus_voiced_nucleus,uncalibrated_linear_svm_margin,-0.7959800205943683,-0.3826267272706312,-0.5794274450506236,-0.4964602171759286
00204108_04,02041,1,T3,T4,fusion_plus_voiced_nucleus,uncalibrated_linear_svm_margin,-0.5757199874087413,-0.7060193114072812,-0.9776444922302057,-0.05909372538157687
00204108_05,02041,1,T4,T4,fusion_plus_voiced_nucleus,uncalibrated_linear_svm_margin,-0.6177464868645639,-1.067326348629905,-1.250037038709374,0.03061728885555104
00204108_07,02041,1,T2,T2,fusion_plus_voiced_nucleus,uncalibrated_linear_svm_margin,-1.301032892021986,0.08389783120280558,-0.6479877288566736,-0.4690522975998488
00204109_03,02041,1,T1,T1,fusion_plus_voiced_nucleus,uncalibrated_linear_svm_margin,-0.2655972630547204,-0.6651442255153857,-1.621573718182364,-0.7754616226462121
00204109_10,02041,1,T4,T1,fusion_plus_voiced_nucleus,uncalibrated_linear_svm_margin,0.2636924104056273,-0.5389099889481719,-1.4262898586985924,-0.5497675491528361
00204109_11,02041,1,T4,T2,fusion_plus_voiced_nucleus,uncalibrated_linear_svm_margin,-0.9232076724015538,0.013194329372957614,-1.2420798096966081,-0.1832334632623251
00204111_01,02041,1,T1,T3,fusion_plus_voiced_nucleus,uncalibrated_linear_svm_margin,-1.202042450127816,-1.2189758151547463,0.18537778119652037,0.05295593255322839
00204111_06,02041,1,T2,T2,fusion_plus_voiced_nucleus,uncalibrated_linear_svm_margin,-0.6958352468489413,0.6512818514509155,-1.0886929397669913,-0.8283872874663162
00204111_07,02041,1,T4,T4,fusion_plus_voiced_nucleus,uncalibrated_linear_svm_margin,-0.4866083121289928,-1.3627173757135167,-1.482605772563811,0.35502324846840827
00204111_08,02041,1,T3,T1,fusion_plus_voiced_nucleus,uncalibrated_linear_svm_margin,-0.11553684112476292,-0.8328685223808328,-0.4862895835671601,-1.0362791126397322
00204111_10,02041,1,T2,T2,fusion_plus_voiced_nucleus,uncalibrated_linear_svm_margin,-1.311531797934391,0.9546350748208108,-0.9189767913126701,-0.5624024536754368
00204111_11,02041,1,T4,T4,fusion_plus_voiced_nucleus,uncalibrated_linear_svm_margin,-0.2646592684752008,-1.9933439990710549,-0.6420564816925253,0.17204872644855518
00204113_06,02041,1,T1,T4,fusion_plus_voiced_nucleus,uncalibrated_linear_svm_margin,-0.8439408969281386,-1.4782742977282448,-4.593537798661111,0.6166102829594079
00204113_09,02041,1,T4,T3,fusion_plus_voiced_nucleus,uncalibrated_linear_svm_margin,-1.0598672172377115,-0.19892126584289693,0.04963635509848496,-0.330565840146698
00204118_01,02041,1,T4,T4,fusion_plus_voiced_nucleus,uncalibrated_linear_svm_margin,-1.7293980594657274,-1.054681603009942,-1.0330197383859567,0.6273349845372117
00204118_02,02041,1,T1,T1,fusion_plus_voiced_nucleus,uncalibrated_linear_svm_margin,0.2037293881052964,-0.5757352698149468,-1.9022349860487653,-0.8511935221974161
00204118_03,02041,1,T1,T3,fusion_plus_voiced_nucleus,uncalibrated_linear_svm_margin,-0.7100447249765887,-1.2200394867326145,-0.008133469880331146,-0.42043587473457794
00204118_04,02041,1,T2,T2,fusion_plus_voiced_nucleus,uncalibrated_linear_svm_margin,-0.22983214087878134,-0.18256078295905576,-0.8706975734395549,-0.6315571879133479
00204118_06,02041,1,T1,T1,fusion_plus_voiced_nucleus,uncalibrated_linear_svm_margin,0.6205799248685568,-1.3924022916285885,-1.1760202567082811,-1.2057241920551223
00204118_08,02041,1,T1,T1,fusion_plus_voiced_nucleus,uncalibrated_linear_svm_margin,-0.36282265628528215,-1.0332357988616012,-0.6008663795478293,-0.4018048702601479
00204120_00,02041,1,T4,T1,fusion_plus_voiced_nucleus,uncalibrated_linear_svm_margin,0.01372897653991989,-0.911634124988926,-2.49039521048209,-0.4432648077290919
00204120_03,02041,1,T1,T1,fusion_plus_voiced_nucleus,uncalibrated_linear_svm_margin,-0.01577439238598155,-0.7861587524913533,-0.08026757549420127,-1.2696275346006263
00204120_05,02041,1,T4,T1,fusion_plus_voiced_nucleus,uncalibrated_linear_svm_margin,0.10502560726402854,-0.5542501856533789,-2.1260684583499545,-0.4075996366439898
00204120_06,02041,1,T2,T2,fusion_plus_voiced_nucleus,uncalibrated_linear_svm_margin,-0.8821674665908097,0.8882924281196534,-1.8082401409610553,-0.8594757536507731
00204120_08,02041,1,T4,T1,fusion_plus_voiced_nucleus,uncalibrated_linear_svm_margin,0.5066917615880158,-0.48753804806126644,-1.4704575367736132,-1.5114315684362745
00204124_01,02041,1,T4,T4,fusion_plus_voiced_nucleus,uncalibrated_linear_svm_margin,-0.815486650325602,-0.8153771897371495,-0.8982750421397956,0.41521074997766894
00204124_03,02041,1,T1,T1,fusion_plus_voiced_nucleus,uncalibrated_linear_svm_margin,0.022021232719867112,-1.3388891525424322,-0.7547675472253315,-0.20305358293762799
00204124_04,02041,1,T2,T2,fusion_plus_voiced_nucleus,uncalibrated_linear_svm_margin,-1.3850831362030478,0.08274071939918826,-0.0029385929055727456,-0.6560355601977115
00204126_00,02041,1,T4,T3,fusion_plus_voiced_nucleus,uncalibrated_linear_svm_margin,-1.049810265662008,-1.347719367198041,0.2683382726976241,0.22314790862466338
00204126_02,02041,1,T2,T2,fusion_plus_voiced_nucleus,uncalibrated_linear_svm_margin,-0.653801329181622,0.3839799679407039,-0.9094429313817929,-1.2410226199578176
00204126_03,02041,1,T4,T4,fusion_plus_voiced_nucleus,uncalibrated_linear_svm_margin,-1.9951255231754326,-0.6270962530126839,0.20800966046571945,0.40412153830387554
00204126_04,02041,1,T4,T1,fusion_plus_voiced_nucleus,uncalibrated_linear_svm_margin,0.9178886545764033,-0.6101192263403867,-1.1553771893225755,-1.353590735288372
00204126_05,02041,1,T1,T1,fusion_plus_voiced_nucleus,uncalibrated_linear_svm_margin,0.4679528840198337,-0.520673732790257,-0.8623154611573168,-1.0802083504595923
00204126_06,02041,1,T4,T3,fusion_plus_voiced_nucleus,uncalibrated_linear_svm_margin,-0.6530460856900874,-0.9572534207785559,-0.24746995745455547,-0.3987266969985106
00204126_07,02041,1,T1,T2,fusion_plus_voiced_nucleus,uncalibrated_linear_svm_margin,-0.10728615404763486,0.22717778713166958,-0.7664795357593395,-1.5720961917619132
00204126_09,02041,1,T3,T3,fusion_plus_voiced_nucleus,uncalibrated_linear_svm_margin,-0.9820625059382133,-0.28425243361437236,0.42819117272326956,-1.212762279175441
00204126_10,02041,1,T4,T1,fusion_plus_voiced_nucleus,uncalibrated_linear_svm_margin,-0.08832405225574358,-0.3702970815108621,-1.7016105349980677,-0.7100411245116495
00204128_00,02041,1,T4,T4,fusion_plus_voiced_nucleus,uncalibrated_linear_svm_margin,-0.9182492421974673,-1.2318991830097494,-0.523476948395005,0.3016440285814831
00204128_01,02041,1,T2,T3,fusion_plus_voiced_nucleus,uncalibrated_linear_svm_margin,-0.7032402442612276,-0.2134720861377507,-0.03965678537198214,-1.0070542164395446
00204128_02,02041,1,T4,T4,fusion_plus_voiced_nucleus,uncalibrated_linear_svm_margin,-0.4571586853816959,-1.1657147232293366,-0.42618909788867376,-0.28332602432320775
00204128_03,02041,1,T2,T2,fusion_plus_voiced_nucleus,uncalibrated_linear_svm_margin,-1.0902278028288814,0.8202319756530969,-0.42772700129449936,-1.7948863656863048
00204128_04,02041,1,T3,T4,fusion_plus_voiced_nucleus,uncalibrated_linear_svm_margin,-1.2316835640802335,-1.0223430126327107,-0.14939418597158471,0.10162954955632109
00204128_05,02041,1,T4,T1,fusion_plus_voiced_nucleus,uncalibrated_linear_svm_margin,0.03461459708308268,-1.0362156539923675,-1.5531938173451802,-0.7814381697769617
00204128_07,02041,1,T3,T3,fusion_plus_voiced_nucleus,uncalibrated_linear_svm_margin,-0.6973227801329459,-0.8460173859023996,0.7593078366103089,-0.6990334229436368
00204129_02,02041,1,T4,T3,fusion_plus_voiced_nucleus,uncalibrated_linear_svm_margin,-1.1623985330477296,-0.4558444137865759,0.35135907017992063,-0.7213551889853886
00204129_03,02041,1,T3,T1,fusion_plus_voiced_nucleus,uncalibrated_linear_svm_margin,-0.06603477180556405,-0.753465736089572,-1.5322566217274138,-0.48544217998173894
00204129_04,02041,1,T1,T1,fusion_plus_voiced_nucleus,uncalibrated_linear_svm_margin,0.09153590527551847,-0.34107233430871237,-1.8560918656080891,-0.6691323610132872
00204129_05,02041,1,T1,T2,fusion_plus_voiced_nucleus,uncalibrated_linear_svm_margin,-0.3563316375664616,-0.2595422752295137,-1.328324367982512,-0.5713273152555001
00204129_07,02041,1,T2,T3,fusion_plus_voiced_nucleus,uncalibrated_linear_svm_margin,-0.7378512619304635,-0.29229925257396516,-0.09006964495580905,-1.4341145904048345
00204129_08,02041,1,T3,T3,fusion_plus_voiced_nucleus,uncalibrated_linear_svm_margin,-0.37503968124691034,-2.190898592176313,0.8728119052937519,-0.3725633061697884
00204129_10,02041,1,T4,T4,fusion_plus_voiced_nucleus,uncalibrated_linear_svm_margin,-0.8573693091197139,-1.6050101016971015,0.03712842365670255,0.09915569047955874
00204201_01,02042,1,T2,T2,fusion,uncalibrated_linear_svm_margin,-0.5254781973930932,-0.4261431244204243,-1.0338981262533211,-0.4979890048419355
00204201_03,02042,1,T4,T3,fusion,uncalibrated_linear_svm_margin,-0.32892108301047496,-0.8505589018397941,-0.24093920637879762,-1.0514682123265304
00204201_05,02042,1,T1,T1,fusion,uncalibrated_linear_svm_margin,-0.31073075000082895,-0.6447201541352414,-0.7662400661353886,-0.4161252248386912
00204201_06,02042,1,T2,T2,fusion,uncalibrated_linear_svm_margin,-1.6732452065445718,0.7451959796567573,-0.15102575547905417,-1.0159696399896625
00204201_09,02042,1,T1,T1,fusion,uncalibrated_linear_svm_margin,-0.44066829073502123,-0.5477018292360614,-0.5325020357678654,-0.7619458214755026
00204207_03,02042,1,T2,T1,fusion,uncalibrated_linear_svm_margin,-0.08413151703779043,-1.2648514506441533,-0.8213332674263719,-0.2544451772397812
00204207_04,02042,1,T4,T2,fusion,uncalibrated_linear_svm_margin,-0.5451295636723494,-0.30376585068350004,-0.3335279833565168,-0.9551122923271326
00204207_05,02042,1,T4,T4,fusion,uncalibrated_linear_svm_margin,-0.9270711117470491,-0.48852399675169556,-0.5214334559074036,-0.2837056469009138
00204207_06,02042,1,T1,T1,fusion,uncalibrated_linear_svm_margin,-0.08215481085833443,-0.7657576760708266,-0.9955825565245755,-0.5489441121461023
00204207_07,02042,1,T1,T4,fusion,uncalibrated_linear_svm_margin,-0.4854096318234017,-0.6528379513850268,-0.9222662834674492,-0.29344468266153223
00204208_04,02042,1,T3,T3,fusion,uncalibrated_linear_svm_margin,-1.0365584084593804,-0.14788022566229264,0.030174935414077675,-0.7344675994221568
00204208_05,02042,1,T4,T4,fusion,uncalibrated_linear_svm_margin,-0.6654414983995425,-1.7511885523958877,-0.6279580817136741,0.28478982053202084
00204209_10,02042,1,T4,T2,fusion,uncalibrated_linear_svm_margin,-0.9788477696692028,0.23133197298027408,-0.9548818194682563,-0.43088007652689353
00204209_11,02042,1,T4,T4,fusion,uncalibrated_linear_svm_margin,-1.520929051226473,-1.1815888992552532,-0.5830242812350908,0.34613481701223836
00204211_01,02042,1,T1,T1,fusion,uncalibrated_linear_svm_margin,1.215707878151432,-2.8159135424628876,-0.5124906044988364,-1.1463020825253278
00204211_06,02042,1,T2,T2,fusion,uncalibrated_linear_svm_margin,-0.4984162109917596,0.14111690278694522,-1.2532042360456492,-0.5763013001677374
00204211_07,02042,1,T4,T4,fusion,uncalibrated_linear_svm_margin,-0.7620977047378268,-1.442860583507159,-1.5848472372925302,0.7704938617335445
00204211_08,02042,1,T3,T3,fusion,uncalibrated_linear_svm_margin,-1.3428436099020011,0.3409295433287123,0.6297108799482032,-1.2294000442868493
00204211_10,02042,1,T2,T2,fusion,uncalibrated_linear_svm_margin,-0.4069165052110865,0.4933980641207316,-2.0592982224662446,-0.7550706669096257
00204211_11,02042,1,T4,T4,fusion,uncalibrated_linear_svm_margin,-0.5403566216662598,-0.8354863948625535,-0.6485382092134122,-0.2996228816593601
00204213_02,02042,1,T4,T4,fusion,uncalibrated_linear_svm_margin,0.3739036166916362,-2.795213066807383,-1.9182463097134093,0.38480530007365366
00204213_03,02042,1,T4,T4,fusion,uncalibrated_linear_svm_margin,-0.35974765132078707,-0.8626996342535616,-1.2683949246036257,0.12649724479527957
00204213_06,02042,1,T1,T1,fusion,uncalibrated_linear_svm_margin,0.7771324282607112,-1.693022870978956,-1.186546597449673,-1.0291183842764249
00204213_10,02042,1,T4,T4,fusion,uncalibrated_linear_svm_margin,-1.6969900105106919,-0.8598736020119311,-0.8257651866579145,0.3543156094426736
00204218_01,02042,1,T4,T4,fusion,uncalibrated_linear_svm_margin,-0.41392494816180836,-0.5090016026145833,-2.077690862611224,-0.0076693449505526035
00204218_03,02042,1,T1,T2,fusion,uncalibrated_linear_svm_margin,-1.6831042439637254,0.0352339400575723,-0.00576929923134184,-0.3658807120684558
00204218_04,02042,1,T2,T4,fusion,uncalibrated_linear_svm_margin,-0.9137838427693274,-0.1733847612286421,-1.428915703354322,-0.04140591113338593
00204218_08,02042,1,T1,T4,fusion,uncalibrated_linear_svm_margin,-0.7488178387569183,-0.6130980384151059,-0.733725361545727,-0.30690504886152037
00204218_10,02042,1,T2,T2,fusion,uncalibrated_linear_svm_margin,-0.18931697356995786,0.19914265472044645,-1.2193920900405282,-1.0517087535899945
00204220_00,02042,1,T4,T1,fusion,uncalibrated_linear_svm_margin,0.10573263290740675,-0.8115831200792525,-1.0009853386804242,-0.46208778326324373
00204220_03,02042,1,T1,T3,fusion,uncalibrated_linear_svm_margin,-0.16200749846574958,-1.6660298596075118,0.43722475719812803,-0.9707414583066281
00204220_05,02042,1,T4,T1,fusion,uncalibrated_linear_svm_margin,0.09030871151512321,-1.5751166275499442,0.06864345992870247,-0.5960287441048483
00204220_06,02042,1,T2,T2,fusion,uncalibrated_linear_svm_margin,-0.38375658235327215,-0.054348217537160126,-0.9210176737540263,-1.0050212118279964
00204220_08,02042,1,T4,T1,fusion,uncalibrated_linear_svm_margin,0.06375317403140934,-0.7895932610830305,-0.6831373230189131,-0.9410779365326383
00204224_01,02042,1,T4,T4,fusion,uncalibrated_linear_svm_margin,-0.8454161508533649,-0.6086050229972859,-1.4527189093635857,-0.06556878693627488
00204224_03,02042,1,T1,T1,fusion,uncalibrated_linear_svm_margin,0.06984926338147812,-0.21854724718076474,-1.0765157800996712,-1.0598242571752028
00204224_04,02042,1,T2,T2,fusion,uncalibrated_linear_svm_margin,-0.8464474370730473,0.34980255983142494,-0.06232305452251641,-1.5634479971398072
00204226_00,02042,1,T4,T4,fusion,uncalibrated_linear_svm_margin,-1.7735925102018437,-1.0932159391984655,-0.27200941607659157,0.5592401774839632
00204226_02,02042,1,T2,T2,fusion,uncalibrated_linear_svm_margin,-1.9213067758734677,0.639994593596636,-0.5241714222655804,-1.8460773267602364
00204226_03,02042,1,T4,T3,fusion,uncalibrated_linear_svm_margin,-0.850238944917568,-0.6564172046381012,-0.19597075604806924,-0.9776821523446312
00204226_04,02042,1,T4,T4,fusion,uncalibrated_linear_svm_margin,-0.9137804394242588,-0.6970319370887758,-1.2532038699836336,0.09999604837939813
00204226_05,02042,1,T1,T1,fusion,uncalibrated_linear_svm_margin,0.11014348890880188,-1.0361431753462407,-1.2755517707522108,-0.32599781712550985
00204226_06,02042,1,T4,T4,fusion,uncalibrated_linear_svm_margin,-1.2047958238537908,-1.1708203022839663,-0.8414612412357607,0.47174478713379364
00204226_07,02042,1,T1,T4,fusion,uncalibrated_linear_svm_margin,-1.2478136818326215,-0.11113389352678049,-1.310102227039726,0.39374634392294194
00204226_09,02042,1,T3,T2,fusion,uncalibrated_linear_svm_margin,-0.8399539670048941,-0.15336157001550577,-1.005165491685537,-0.669561611251617
00204226_10,02042,1,T4,T2,fusion,uncalibrated_linear_svm_margin,-1.2246741804534773,-0.030804434278075887,-0.7654659185111318,-0.3233691126047368
00204228_00,02042,1,T4,T4,fusion,uncalibrated_linear_svm_margin,-0.8967078059274728,-1.2579266209265485,-0.8173768413874463,0.4229916276280923
00204228_01,02042,1,T2,T2,fusion,uncalibrated_linear_svm_margin,-1.399082473917951,0.40027619675692083,0.1076428368539436,-0.9450403051054967
00204228_02,02042,1,T4,T1,fusion,uncalibrated_linear_svm_margin,0.06296920972059339,-1.1164471903664537,-1.0338018529690742,-0.4232710626126456
00204228_03,02042,1,T2,T2,fusion,uncalibrated_linear_svm_margin,-0.9685991859714943,0.31948830524387073,-0.20818977838978014,-1.2039461612244806
00204228_04,02042,1,T3,T2,fusion,uncalibrated_linear_svm_margin,-0.43225867104200666,-0.09535496154829881,-0.10208686996329797,-1.0149130671967428
00204228_05,02042,1,T4,T4,fusion,uncalibrated_linear_svm_margin,-1.2139757788160064,-0.6984798906988314,-0.8837614279565646,0.25853961670221237
00204228_07,02042,1,T3,T2,fusion,uncalibrated_linear_svm_margin,-0.6897819580388899,-0.25432239874287876,-0.9506769138514042,-0.4262249781870618
00204229_02,02042,1,T4,T4,fusion,uncalibrated_linear_svm_margin,-2.2647211778044767,-0.6203324883697624,-0.5157216801921071,0.7191976694059855
00204229_03,02042,1,T3,T2,fusion,uncalibrated_linear_svm_margin,-0.30038045893618365,-0.052933629614227096,-0.1065481005076454,-1.5905236883181955
00204229_04,02042,1,T1,T1,fusion,uncalibrated_linear_svm_margin,0.6212502948374977,-1.0563174432835076,-1.4980963097668634,-0.6459974519920153
00204229_07,02042,1,T2,T3,fusion,uncalibrated_linear_svm_margin,-0.8821779230088611,-0.06475644484859766,0.15238187033142858,-0.9332205546311579
00204229_10,02042,1,T4,T3,fusion,uncalibrated_linear_svm_margin,-0.7968151309612183,-1.7773589072697535,0.3750277929711927,0.18673413581733966
00204301_01,02043,1,T2,T4,fusion_plus_voiced_nucleus,uncalibrated_linear_svm_margin,-1.2064254823586178,-0.5581486694246427,-0.456116929714218,0.21154701113562435
00204301_03,02043,1,T4,T4,fusion_plus_voiced_nucleus,uncalibrated_linear_svm_margin,-0.8298288113710055,-0.73977067931447,-1.827262350119256,0.07160321518748702
00204301_05,02043,1,T1,T1,fusion_plus_voiced_nucleus,uncalibrated_linear_svm_margin,0.20425144967680253,-1.251154867030515,-0.26623453942509423,-0.6946667596567878
00204301_06,02043,1,T2,T2,fusion_plus_voiced_nucleus,uncalibrated_linear_svm_margin,-0.8561530028854323,0.8806176363004251,-0.6967098655372582,-1.91680820508124
00204301_07,02043,1,T4,T3,fusion_plus_voiced_nucleus,uncalibrated_linear_svm_margin,-0.4344596191839208,-1.228936115783262,-0.05568334600354141,-0.16458526903426518
00204301_09,02043,1,T1,T1,fusion_plus_voiced_nucleus,uncalibrated_linear_svm_margin,0.7804287835956977,-1.4549336394138392,-1.1280694483816092,-0.7400862147635341
00204307_02,02043,1,T4,T4,fusion_plus_voiced_nucleus,uncalibrated_linear_svm_margin,-1.2318254277100793,-0.7685392712710424,-0.8649415720738829,0.026977811226231274
00204307_03,02043,1,T2,T4,fusion_plus_voiced_nucleus,uncalibrated_linear_svm_margin,-0.5026095210732047,-1.1210834561823306,-0.9483483559292865,0.013713776503736064
00204307_05,02043,1,T4,T3,fusion_plus_voiced_nucleus,uncalibrated_linear_svm_margin,-1.854520500922476,0.49409007389864035,0.9659584224409702,-1.5521282425902854
00204307_07,02043,1,T1,T1,fusion_plus_voiced_nucleus,uncalibrated_linear_svm_margin,0.14256161867964634,-0.12316835433917483,-2.108079690696216,-0.7177505785819301
00204308_00,02043,1,T2,T4,fusion_plus_voiced_nucleus,uncalibrated_linear_svm_margin,-0.2918392203036731,-0.76940792662475,-1.571353752005634,0.05082338606346337
00204308_02,02043,1,T4,T4,fusion_plus_voiced_nucleus,uncalibrated_linear_svm_margin,-0.6787081763706635,-1.2567969587416186,-0.504271775279503,0.19621313802521867
00204308_04,02043,1,T3,T1,fusion_plus_voiced_nucleus,uncalibrated_linear_svm_margin,-0.037859991949573235,-0.8871220368747582,-1.3067036045839013,-0.515015574742275
00204308_05,02043,1,T4,T4,fusion_plus_voiced_nucleus,uncalibrated_linear_svm_margin,-1.0922655807823338,-0.778663087774342,-0.7032438460204508,0.136082010950475
00204308_07,02043,1,T2,T2,fusion_plus_voiced_nucleus,uncalibrated_linear_svm_margin,-1.6821107791836538,0.7710442616922438,-0.013825903037858578,-1.4878314093785079
00204309_03,02043,1,T1,T2,fusion_plus_voiced_nucleus,uncalibrated_linear_svm_margin,-1.063261723462108,0.42466049721637,-1.8832354256899477,-0.7805472416700967
00204309_10,02043,1,T4,T2,fusion_plus_voiced_nucleus,uncalibrated_linear_svm_margin,-0.23696552140323668,-0.18865063518255476,-1.280919539237319,-0.554605381535479
00204309_11,02043,1,T4,T4,fusion_plus_voiced_nucleus,uncalibrated_linear_svm_margin,-0.7726196836961681,-2.424095200728235,-0.9232690043367683,0.6060163022283462
00204311_01,02043,1,T1,T4,fusion_plus_voiced_nucleus,uncalibrated_linear_svm_margin,-1.507107784840045,-1.1584425293095122,-0.7432475036456789,0.8345533171392903
00204311_08,02043,1,T3,T4,fusion_plus_voiced_nucleus,uncalibrated_linear_svm_margin,-4.276173858844201,-1.937289063791353,0.2352227921898723,1.6439691982448452
00204311_10,02043,1,T2,T2,fusion_plus_voiced_nucleus,uncalibrated_linear_svm_margin,-0.7923171587391847,-0.06412004220283585,-0.9692317597749573,-0.5206844359615415
00204311_11,02043,1,T4,T4,fusion_plus_voiced_nucleus,uncalibrated_linear_svm_margin,-0.643949443403445,-2.4661442023271385,0.0362115696435944,0.08342040169996467
00204313_02,02043,1,T4,T3,fusion_plus_voiced_nucleus,uncalibrated_linear_svm_margin,-0.3767215016667125,-1.7763414278583411,0.09265194605971916,-0.03225738817238111
00204313_03,02043,1,T4,T4,fusion_plus_voiced_nucleus,uncalibrated_linear_svm_margin,-0.5875363023408338,-0.9457126060524488,-1.0196846434326128,0.24686242643029133
00204313_06,02043,1,T1,T1,fusion_plus_voiced_nucleus,uncalibrated_linear_svm_margin,1.268914784688289,-2.9767257330903036,-1.643537696829096,-0.860165335606863
00204313_10,02043,1,T4,T4,fusion_plus_voiced_nucleus,uncalibrated_linear_svm_margin,-2.1243147578499717,-2.396636199362443,-1.8779818932638839,2.057843801853395
00204318_02,02043,1,T1,T1,fusion_plus_voiced_nucleus,uncalibrated_linear_svm_margin,0.058675386835454035,-0.5408971470279154,-2.09574895043896,-0.40914315508910276
00204318_03,02043,1,T1,T2,fusion_plus_voiced_nucleus,uncalibrated_linear_svm_margin,-0.41398029734043196,1.0884585510935505,-4.3460135533316935,-1.3029994238887685
00204318_04,02043,1,T2,T1,fusion_plus_voiced_nucleus,uncalibrated_linear_svm_margin,0.2050934920997427,-0.8578247711057903,-1.6544817902279325,-0.3025154698880701
00204318_06,02043,1,T1,T1,fusion_plus_voiced_nucleus,uncalibrated_linear_svm_margin,0.3087310476737374,-1.0133149524040341,-1.8304336033423896,-0.2470102805395924
00204318_08,02043,1,T1,T1,fusion_plus_voiced_nucleus,uncalibrated_linear_svm_margin,-0.24170490659236787,-0.5718830596306999,-1.0756573664950577,-0.6545723361192597
00204318_10,02043,1,T2,T2,fusion_plus_voiced_nucleus,uncalibrated_linear_svm_margin,-1.851288008037252,1.9333565161226662,0.3857773199200093,-2.198480478764645
00204320_00,02043,1,T4,T4,fusion_plus_voiced_nucleus,uncalibrated_linear_svm_margin,-1.0707523826264622,-0.7684081636386976,-1.0389195552565877,0.37549024213817384
00204320_03,02043,1,T1,T2,fusion_plus_voiced_nucleus,uncalibrated_linear_svm_margin,0.2518253253971049,0.5077770778242797,-2.7947683094165994,-2.70656567013241
00204320_06,02043,1,T2,T2,fusion_plus_voiced_nucleus,uncalibrated_linear_svm_margin,-0.7965230633003417,0.5234436361799074,-1.3144285057716032,-0.8123438278474497
00204320_08,02043,1,T4,T1,fusion_plus_voiced_nucleus,uncalibrated_linear_svm_margin,-0.004588370322934909,-0.29661155728961985,-1.3081159200492636,-0.6938897665655253
00204324_01,02043,1,T4,T4,fusion_plus_voiced_nucleus,uncalibrated_linear_svm_margin,-1.0953887184339122,-1.0187057847591865,-0.4570522843726459,0.34641354828598336
00204324_03,02043,1,T1,T1,fusion_plus_voiced_nucleus,uncalibrated_linear_svm_margin,0.07992028432936282,-0.5450097698537839,-1.7351040443980197,-0.4117045941655651
00204324_04,02043,1,T2,T4,fusion_plus_voiced_nucleus,uncalibrated_linear_svm_margin,-0.959584588666275,-0.33029962094620846,-0.4987023144664495,-0.32175098334045393
00204326_00,02043,1,T4,T4,fusion_plus_voiced_nucleus,uncalibrated_linear_svm_margin,-0.5595017293613962,-1.2693682546147977,-0.7500563151149527,0.10893038277201184
00204326_02,02043,1,T2,T1,fusion_plus_voiced_nucleus,uncalibrated_linear_svm_margin,-0.2941794896495483,-0.388289384212712,-1.7305045068129101,-0.6650302161442094
00204326_04,02043,1,T4,T1,fusion_plus_voiced_nucleus,uncalibrated_linear_svm_margin,0.3093369320837993,-1.0230438726520652,-1.541680056267659,-0.3156380545455304
00204326_05,02043,1,T1,T1,fusion_plus_voiced_nucleus,uncalibrated_linear_svm_margin,-0.08361847730162109,-0.17161561265476954,-1.0121762610564147,-1.3224298617232844
00204326_06,02043,1,T4,T3,fusion_plus_voiced_nucleus,uncalibrated_linear_svm_margin,-0.8656443514022467,-2.125251080395721,-0.24580566814638172,-0.36931016451193005
00204326_07,02043,1,T1,T1,fusion_plus_voiced_nucleus,uncalibrated_linear_svm_margin,0.478872580292547,-0.4662436581528692,-1.133722761889101,-1.2026550592190692
00204326_08,02043,1,T3,T4,fusion_plus_voiced_nucleus,uncalibrated_linear_svm_margin,-0.9241511511963749,-0.5298843466721792,-0.7152499714312983,-0.17136866051079286
00204326_10,02043,1,T4,T2,fusion_plus_voiced_nucleus,uncalibrated_linear_svm_margin,-0.7541597517365684,-0.08417749747441794,-0.5609541784098606,-0.7401220747705027
00204328_00,02043,1,T4,T4,fusion_plus_voiced_nucleus,uncalibrated_linear_svm_margin,0.13967065315267135,-2.1064113406790494,-1.201419418864963,0.638191229945088
00204328_03,02043,1,T2,T2,fusion_plus_voiced_nucleus,uncalibrated_linear_svm_margin,-2.5949415376173888,0.47072974474903917,-1.4050155992939541,0.07149274448453546
00204328_04,02043,1,T3,T3,fusion_plus_voiced_nucleus,uncalibrated_linear_svm_margin,-0.6639489342966873,-1.3891479016272918,-0.40475491493291677,-0.48422048723759525
00204328_05,02043,1,T4,T2,fusion_plus_voiced_nucleus,uncalibrated_linear_svm_margin,-0.6139763672829024,0.11260500906586379,-0.5311422162074263,-0.9159946821676488
00204328_07,02043,1,T3,T4,fusion_plus_voiced_nucleus,uncalibrated_linear_svm_margin,-2.6692844821157746,-0.9431140112057503,0.21765315844120148,0.46540801438032253
00204329_02,02043,1,T4,T3,fusion_plus_voiced_nucleus,uncalibrated_linear_svm_margin,-1.5133593856435275,0.02652350099973011,0.11863370220515634,-0.5647643345709956
00204329_03,02043,1,T3,T3,fusion_plus_voiced_nucleus,uncalibrated_linear_svm_margin,-3.0334926104092004,-1.814162587490808,0.1832943583169201,-0.04659039062656256
00204329_04,02043,1,T1,T4,fusion_plus_voiced_nucleus,uncalibrated_linear_svm_margin,-0.4433959411677496,-4.356252709018035,-1.4533788166180863,0.7730287226414292
00204329_05,02043,1,T1,T4,fusion_plus_voiced_nucleus,uncalibrated_linear_svm_margin,-0.2305034162947257,-1.345258653255005,-1.6955905657391424,0.07527655634624564
00204329_07,02043,1,T2,T4,fusion_plus_voiced_nucleus,uncalibrated_linear_svm_margin,-0.47934886055621795,-0.510983002514986,-1.5228044586242544,-0.20162698100973653
00204329_10,02043,1,T4,T4,fusion_plus_voiced_nucleus,uncalibrated_linear_svm_margin,-0.6328361873437383,-0.6713706559559008,-1.1748240171522264,-0.16275290048952074
00204401_01,02044,1,T2,T4,fusion,uncalibrated_linear_svm_margin,-0.8453382888523859,-0.2949912989130661,-1.3922898511566453,0.1889953452864216
00204401_03,02044,1,T4,T3,fusion,uncalibrated_linear_svm_margin,-0.9712676109294534,-0.816988129925288,-0.11344978046527587,-0.22488124254785175
00204401_06,02044,1,T2,T2,fusion,uncalibrated_linear_svm_margin,-0.8153953843730299,0.9772182412007584,-1.6699030267407364,-1.0285363518694168
00204401_07,02044,1,T4,T4,fusion,uncalibrated_linear_svm_margin,-1.700467442923673,-0.7742322850644097,0.13652341239529786,0.39874854719651565
00204401_09,02044,1,T1,T1,fusion,uncalibrated_linear_svm_margin,0.2413316509576916,-0.45031644594205794,-0.5254837003030066,-1.1453753866103744
00204401_10,02044,1,T2,T2,fusion,uncalibrated_linear_svm_margin,-0.9613314749617243,0.2993244818413823,-1.0659580678326162,-0.237058267648842
00204407_02,02044,1,T4,T3,fusion,uncalibrated_linear_svm_margin,-1.961978750532381,-0.5166863300804129,0.5553564235822652,-0.40568946584441345
00204407_03,02044,1,T2,T2,fusion,uncalibrated_linear_svm_margin,-0.6371230354601152,-0.32881364160811116,-0.790508217210045,-0.48462158273224915
00204407_04,02044,1,T4,T4,fusion,uncalibrated_linear_svm_margin,-0.8478843769554726,-1.4625034560758083,-0.9191502704532513,1.1546694339091288
00204407_05,02044,1,T4,T4,fusion,uncalibrated_linear_svm_margin,-0.8688687261642005,-0.882630965922832,-0.9706712028746816,0.14315339370717806
00204407_06,02044,1,T1,T2,fusion,uncalibrated_linear_svm_margin,-0.4528151884656858,0.07928189288374088,-1.8186933044207028,-0.5179346474123192
00204407_07,02044,1,T1,T2,fusion,uncalibrated_linear_svm_margin,-0.6308363735844605,0.0680071908488371,-1.6086224713506645,-0.2751074190508452
00204408_02,02044,1,T4,T4,fusion,uncalibrated_linear_svm_margin,-0.872914372147836,-0.46412572252737344,-0.8662680597887631,0.3936526487468298
00204408_04,02044,1,T3,T2,fusion,uncalibrated_linear_svm_margin,-0.8640460526283986,-0.2373344784533068,-0.4849686179678937,-0.38372919293729857
00204408_05,02044,1,T4,T2,fusion,uncalibrated_linear_svm_margin,-0.9755578653375722,-0.02857972258960162,-0.8080395445136036,-0.06444525009617691
00204408_07,02044,1,T2,T2,fusion,uncalibrated_linear_svm_margin,-1.2980774779164532,0.7528343104139921,-0.27616282313754636,-1.2727824648555277
00204409_03,02044,1,T1,T3,fusion,uncalibrated_linear_svm_margin,-1.2656955362925406,-0.29380574412939514,-0.1164381855261436,-0.408631567950141
00204409_10,02044,1,T4,T4,fusion,uncalibrated_linear_svm_margin,-1.087077264198302,-0.25273052800604956,-1.0137797324643516,-0.08873468121906558
00204409_11,02044,1,T4,T4,fusion,uncalibrated_linear_svm_margin,-1.1011772580652848,-0.3013429996196835,-1.325977426498796,0.08969061289052249
00204411_08,02044,1,T3,T4,fusion,uncalibrated_linear_svm_margin,-4.07575832716923,-0.42775802249775774,-0.6322341398119373,0.7918801360278697
00204411_10,02044,1,T2,T2,fusion,uncalibrated_linear_svm_margin,-0.17485444153572077,0.0534971158201244,-1.444471210249192,-0.809246915882307
00204411_11,02044,1,T4,T4,fusion,uncalibrated_linear_svm_margin,-1.5251465240556685,-1.594075758397142,-0.7954837953426626,0.9040128380090721
00204413_02,02044,1,T4,T4,fusion,uncalibrated_linear_svm_margin,-1.0108629065081995,-0.49296921587566267,-3.431749455349891,1.3210163175210172
00204413_03,02044,1,T4,T4,fusion,uncalibrated_linear_svm_margin,-0.34335950044389785,-1.1892295324835844,-2.209038905916101,0.799938824288772
00204413_06,02044,1,T1,T1,fusion,uncalibrated_linear_svm_margin,0.5844501369372176,-2.925659887494225,-1.7234080198384474,0.5044444639006568
00204413_08,02044,1,T2,T2,fusion,uncalibrated_linear_svm_margin,-0.859702099901434,1.2394003343016629,-0.6628030110813716,-2.1984491366189753
00204413_09,02044,1,T4,T3,fusion,uncalibrated_linear_svm_margin,-0.5832761606471534,-1.1358369859461641,-0.1071049606241371,-0.4015884080425461
00204413_10,02044,1,T4,T4,fusion,uncalibrated_linear_svm_margin,-3.5369337114228907,0.360160970760772,-2.137034736255192,1.3290010906925143
00204418_02,02044,1,T1,T1,fusion,uncalibrated_linear_svm_margin,0.5422600025803087,-0.4726950169054921,-1.8242617738418327,-0.9300809102726048
00204418_03,02044,1,T1,T1,fusion,uncalibrated_linear_svm_margin,0.5305398632416652,-2.10582500900165,-1.6229915696419694,-0.0996228952528006
00204418_06,02044,1,T1,T1,fusion,uncalibrated_linear_svm_margin,0.11824027183300456,-0.2971924128612109,-1.4915468096690483,-1.267025759630147
00204418_08,02044,1,T1,T4,fusion,uncalibrated_linear_svm_margin,-0.33316188616987386,-0.7415942137480038,-1.8575965846581335,0.10699738092999955
00204418_10,02044,1,T2,T2,fusion,uncalibrated_linear_svm_margin,-1.14723563569844,0.8580103387194189,-1.5367014783727329,-0.5257466835512618
00204420_00,02044,1,T4,T4,fusion,uncalibrated_linear_svm_margin,-0.426448564333435,-1.004753341327924,-1.094068535664997,0.03476723620023514
00204420_03,02044,1,T1,T4,fusion,uncalibrated_linear_svm_margin,-0.7542351545559208,-1.1232367149880909,-1.2929329442727022,0.37958858903896375
00204420_05,02044,1,T4,T4,fusion,uncalibrated_linear_svm_margin,-0.4336761939974213,-1.2449402366903648,-0.84278058675478,0.016730607499884198
00204420_06,02044,1,T2,T2,fusion,uncalibrated_linear_svm_margin,-0.778374693207795,0.45586835246319146,-1.0455898949579066,-0.700727368572832
00204420_08,02044,1,T4,T4,fusion,uncalibrated_linear_svm_margin,-1.1515117626808307,-1.1578229220933562,-0.92011384226025,0.186849076460479
00204424_01,02044,1,T4,T4,fusion,uncalibrated_linear_svm_margin,-1.0604189037232763,-0.6274250275023097,-1.5340519596827324,0.357116117965932
00204424_03,02044,1,T1,T2,fusion,uncalibrated_linear_svm_margin,-0.028494629463617582,-0.007805729301929465,-0.7247707713591545,-1.157492167364671
00204424_04,02044,1,T2,T4,fusion,uncalibrated_linear_svm_margin,-1.6543097528747706,-0.16800894198222938,-1.6891760389999784,0.41297695909886034
00204426_00,02044,1,T4,T4,fusion,uncalibrated_linear_svm_margin,0.016248194958872975,-1.4285574020515828,-1.946740047742057,0.5142248972091973
00204426_02,02044,1,T2,T2,fusion,uncalibrated_linear_svm_margin,-1.0670056451227952,1.1840573879610607,-1.2824268748244447,-0.8311522407514499
00204426_03,02044,1,T4,T4,fusion,uncalibrated_linear_svm_margin,-0.15700368142978827,-1.5214302843650103,-1.6356737651980993,0.20669086261598324
00204426_07,02044,1,T1,T1,fusion,uncalibrated_linear_svm_margin,0.09966145387458714,-0.00018958628298704205,-1.8996293866033884,-0.8286989947725243
00204426_08,02044,1,T3,T4,fusion,uncalibrated_linear_svm_margin,-0.2727206907416037,-1.0916095073439516,-0.5415517206989697,0.016718950535461685
00204426_09,02044,1,T3,T3,fusion,uncalibrated_linear_svm_margin,-0.9310436244228395,-0.5611873093964967,-0.15066307263372847,-0.4342964946276454
00204426_10,02044,1,T4,T1,fusion,uncalibrated_linear_svm_margin,0.23335089972037426,-0.8093384596357815,-0.5566599490003059,-0.8399323249700645
00204428_00,02044,1,T4,T4,fusion,uncalibrated_linear_svm_margin,-0.7255524162039735,-0.887515409415025,-1.5719883048257515,0.6929627081810364
00204428_01,02044,1,T2,T2,fusion,uncalibrated_linear_svm_margin,-0.8521038865392887,0.2657211676241924,-0.3779846102380679,-0.9890990599248485
00204428_02,02044,1,T4,T4,fusion,uncalibrated_linear_svm_margin,-0.9982293741183419,-1.2167295918093124,-0.6166770055246591,0.4052030170244755
00204428_03,02044,1,T2,T2,fusion,uncalibrated_linear_svm_margin,-0.998794501737323,1.7703431434384411,-1.5298953399846786,-1.564001838067103
00204428_04,02044,1,T3,T4,fusion,uncalibrated_linear_svm_margin,-1.3704122383102355,-0.601278881829937,-0.3514378020977089,0.08386968921534099
00204428_05,02044,1,T4,T4,fusion,uncalibrated_linear_svm_margin,-1.2173140382522298,-0.560655769203643,-0.4126095780032733,-0.15063606876545343
00204429_02,02044,1,T4,T4,fusion,uncalibrated_linear_svm_margin,-1.0378696507714418,-0.8891993212928504,-0.648934907167995,0.15459044564803726
00204429_03,02044,1,T3,T2,fusion,uncalibrated_linear_svm_margin,-1.3052519588667408,0.6031008215587632,-0.31481338697092176,-1.0889463741085605
00204429_04,02044,1,T1,T4,fusion,uncalibrated_linear_svm_margin,-0.3444214189150276,-1.2438651952998117,-0.8605346809958316,-0.3327417438294833
00204429_05,02044,1,T1,T4,fusion,uncalibrated_linear_svm_margin,-0.35595033109451957,-1.1307533386665032,-1.5681618214555717,0.13541055711780137
00204429_07,02044,1,T2,T1,fusion,uncalibrated_linear_svm_margin,-0.436116751112659,-0.6711570148182171,-0.9241587392453585,-0.6860062964794584
00204429_10,02044,1,T4,T4,fusion,uncalibrated_linear_svm_margin,-0.6834005993533769,-0.346306675093471,-1.74609787894374,0.2835645279179094
00204501_01,02045,1,T2,T1,fusion_plus_voiced_nucleus,uncalibrated_linear_svm_margin,4.006420479806346,-9.180774016972634,-1.4556913576326305,-1.2682137207399231
00204501_05,02045,1,T1,T2,fusion_plus_voiced_nucleus,uncalibrated_linear_svm_margin,-1.8880454260431097,0.2317144526329371,-0.5815824081627043,-0.37190114446971906
00204501_06,02045,1,T2,T2,fusion_plus_voiced_nucleus,uncalibrated_linear_svm_margin,-0.567650554071134,0.23456625761877803,-0.9527894689606041,-2.5228539473144704
00204501_07,02045,1,T4,T2,fusion_plus_voiced_nucleus,uncalibrated_linear_svm_margin,-6.115860123387502,0.3552558265231658,-0.6572383578375582,-1.5466958918491072
00204507_02,02045,1,T4,T4,fusion_plus_voiced_nucleus,uncalibrated_linear_svm_margin,-0.38825127578565855,-1.2371056393983724,-1.7475956296509558,0.6299688090468093
00204507_03,02045,1,T2,T2,fusion_plus_voiced_nucleus,uncalibrated_linear_svm_margin,-0.13818387585420566,-0.09157358666282356,-1.4052140626001468,-0.6408577240401468
00204507_04,02045,1,T4,T4,fusion_plus_voiced_nucleus,uncalibrated_linear_svm_margin,-0.5092055580113216,-0.9233912544860314,-1.0152842448698682,0.04375868504855074
00204507_05,02045,1,T4,T1,fusion_plus_voiced_nucleus,uncalibrated_linear_svm_margin,-0.29319344716934354,-1.0574833261426506,-0.3726779303877633,-0.8184155487293674
00204507_06,02045,1,T1,T2,fusion_plus_voiced_nucleus,uncalibrated_linear_svm_margin,-0.1047162715032528,0.2677910680865039,-1.467837439071198,-1.2185806974920612
00204508_00,02045,1,T2,T4,fusion_plus_voiced_nucleus,uncalibrated_linear_svm_margin,-0.7789675707319401,-1.5836286558812855,-0.8232195058107185,0.5064377302504898
00204508_02,02045,1,T4,T2,fusion_plus_voiced_nucleus,uncalibrated_linear_svm_margin,-1.4300955810566969,0.11882004497619125,-0.620520073804106,-0.3591705967105804
00204509_03,02045,1,T1,T1,fusion_plus_voiced_nucleus,uncalibrated_linear_svm_margin,0.82251686604472,-0.8075959903142759,-1.7797360829448143,-0.8152476684153991
00204511_01,02045,1,T1,T1,fusion_plus_voiced_nucleus,uncalibrated_linear_svm_margin,1.5020029520965494,-4.144972466035522,0.24236161895915032,-2.048791798018055
00204511_06,02045,1,T2,T2,fusion_plus_voiced_nucleus,uncalibrated_linear_svm_margin,-0.7182209500303929,0.07080955667976507,-0.9734558778016702,-0.7438614036581744
00204511_07,02045,1,T4,T4,fusion_plus_voiced_nucleus,uncalibrated_linear_svm_margin,-0.4283446513755025,-0.5371054500916816,-2.089458159190204,-0.02038879675890437
00204513_02,02045,1,T4,T4,fusion_plus_voiced_nucleus,uncalibrated_linear_svm_margin,-0.5820180197172375,-0.7274885256761566,-0.9918106755379444,-0.13265648926481804
00204513_03,02045,1,T4,T1,fusion_plus_voiced_nucleus,uncalibrated_linear_svm_margin,0.5335002305505745,-2.4724740559732017,-1.857642494695789,0.35772725570872144
00204513_06,02045,1,T1,T4,fusion_plus_voiced_nucleus,uncalibrated_linear_svm_margin,-0.6288218256302212,-0.591129840632433,-0.19631101289830366,-0.1916435782204826
00204513_08,02045,1,T2,T4,fusion_plus_voiced_nucleus,uncalibrated_linear_svm_margin,-0.7307220058359907,-0.550212195630055,-1.3654876023800042,0.3238706590651048
00204513_10,02045,1,T4,T4,fusion_plus_voiced_nucleus,uncalibrated_linear_svm_margin,-1.5080095956932973,-1.104902604329032,-0.9906317432226328,0.8814797518320302
00204518_01,02045,1,T4,T1,fusion_plus_voiced_nucleus,uncalibrated_linear_svm_margin,-0.2600899622561838,-0.3339906389848484,-1.2925252386566046,-0.5019737642565374
00204518_04,02045,1,T2,T4,fusion_plus_voiced_nucleus,uncalibrated_linear_svm_margin,-0.9203308787366759,-0.6279542849020521,-0.6784517798224796,-0.02409873112582317
00204518_06,02045,1,T1,T4,fusion_plus_voiced_nucleus,uncalibrated_linear_svm_margin,-0.9081719799968524,-0.6464353481931475,-0.4022335372287619,-0.1768283689362558
00204518_08,02045,1,T1,T2,fusion_plus_voiced_nucleus,uncalibrated_linear_svm_margin,-0.28294128044413275,0.20824360313606327,-1.5213992774186722,-0.753882265472201
00204518_10,02045,1,T2,T2,fusion_plus_voiced_nucleus,uncalibrated_linear_svm_margin,-1.6711489944054316,1.0999276287405357,-1.0888612883159487,-1.1796538337621456
00204520_00,02045,1,T4,T1,fusion_plus_voiced_nucleus,uncalibrated_linear_svm_margin,-0.12256558505945742,-0.39097628048066535,-4.3990736065133555,-0.8512828999436323
00204520_03,02045,1,T1,T1,fusion_plus_voiced_nucleus,uncalibrated_linear_svm_margin,3.2158806354602447,-5.998775798848853,2.706407762231166,-4.005655704797444
00204520_05,02045,1,T4,T1,fusion_plus_voiced_nucleus,uncalibrated_linear_svm_margin,0.2757672293265069,-1.4330305861989276,-0.12214282098089668,-0.5809662568547166
00204520_06,02045,1,T2,T2,fusion_plus_voiced_nucleus,uncalibrated_linear_svm_margin,-0.5383315237875841,0.5891959422148125,-1.6444545148700587,-0.8358943073758467
00204520_08,02045,1,T4,T1,fusion_plus_voiced_nucleus,uncalibrated_linear_svm_margin,-0.19238471096564524,-0.31127261058328587,-1.3963110276544164,-0.659814317307635
00204524_03,02045,1,T1,T2,fusion_plus_voiced_nucleus,uncalibrated_linear_svm_margin,-0.28596620282829743,-0.1666037107477003,-1.0136058762958757,-1.022904427233347
00204524_04,02045,1,T2,T1,fusion_plus_voiced_nucleus,uncalibrated_linear_svm_margin,0.35603740207655166,-1.4382850499767326,-1.1451751758147757,-0.619878336039742
00204526_00,02045,1,T4,T4,fusion_plus_voiced_nucleus,uncalibrated_linear_svm_margin,-0.8923305312027507,-0.7635348570287315,-0.2762398921126259,-0.22802686082038603
00204526_02,02045,1,T2,T1,fusion_plus_voiced_nucleus,uncalibrated_linear_svm_margin,-0.14467025474012757,-0.3964561431330553,-0.9366928775801197,-0.726881015331934
00204526_05,02045,1,T1,T4,fusion_plus_voiced_nucleus,uncalibrated_linear_svm_margin,-0.5950739390722584,-1.4083345723932439,-0.8029675460298312,0.4902199187539068
00204526_07,02045,1,T1,T4,fusion_plus_voiced_nucleus,uncalibrated_linear_svm_margin,-0.47589959330696086,-1.2560047858540493,-0.09733105694160327,-0.08750933394280785
00204526_08,02045,1,T3,T3,fusion_plus_voiced_nucleus,uncalibrated_linear_svm_margin,-0.6381819140565592,-1.0269776606785914,0.0270260642832858,-0.13233876489227148
00204526_09,02045,1,T3,T4,fusion_plus_voiced_nucleus,uncalibrated_linear_svm_margin,-1.736936187004179,-0.5734495427780357,-0.3034547373363137,0.35238624788913653
00204528_00,02045,1,T4,T3,fusion_plus_voiced_nucleus,uncalibrated_linear_svm_margin,-1.275672097819828,-0.38636703154122176,-0.09821820526219693,-0.12135309007601752
00204528_03,02045,1,T2,T2,fusion_plus_voiced_nucleus,uncalibrated_linear_svm_margin,-0.4251104013913488,-0.24009394850174304,-0.48846464647650056,-0.6483838027656974
00204528_04,02045,1,T3,T4,fusion_plus_voiced_nucleus,uncalibrated_linear_svm_margin,-0.38455188351548564,-2.056452671655663,-1.4412416246004727,0.5730736700399993
00204528_05,02045,1,T4,T1,fusion_plus_voiced_nucleus,uncalibrated_linear_svm_margin,-0.20050022039269655,-0.8065557413910123,-1.1786116593340468,-0.21107029260714205
00204528_07,02045,1,T3,T4,fusion_plus_voiced_nucleus,uncalibrated_linear_svm_margin,-0.6558546657506797,-1.3207874116287999,-0.37964058938368883,0.209506195358083
00204529_02,02045,1,T4,T3,fusion_plus_voiced_nucleus,uncalibrated_linear_svm_margin,-1.4020978042070888,-0.14469485330108656,-0.09098080683265075,-0.10451984265677156
00204529_03,02045,1,T3,T4,fusion_plus_voiced_nucleus,uncalibrated_linear_svm_margin,-0.7838234471530028,-0.7250576722257139,-0.49377729685345473,-0.1260181569898886
00204529_04,02045,1,T1,T1,fusion_plus_voiced_nucleus,uncalibrated_linear_svm_margin,-0.22292878798633486,-0.7142323080442863,-1.0492906335171366,-0.4874734519873274
00204529_05,02045,1,T1,T4,fusion_plus_voiced_nucleus,uncalibrated_linear_svm_margin,-1.39004485106228,-2.39595724498004,-2.5201781784787647,1.3163606090208853
00204529_07,02045,1,T2,T2,fusion_plus_voiced_nucleus,uncalibrated_linear_svm_margin,-0.7680253370050993,0.235957862398546,-1.1746515843820582,-1.7392152980096114
00204529_08,02045,1,T3,T3,fusion_plus_voiced_nucleus,uncalibrated_linear_svm_margin,-0.40008212855986225,-0.7458441576824153,0.013958316221996503,-0.5865610991556711
00204529_10,02045,1,T4,T4,fusion_plus_voiced_nucleus,uncalibrated_linear_svm_margin,-1.6898520225597078,-0.5255809875042358,-0.1469272603715911,0.2388157937492824
00204601_01,02046,1,T2,T4,fusion_plus_voiced_nucleus,uncalibrated_linear_svm_margin,-1.4347797144659,-1.1107903636467782,-0.8637323523514002,0.2829783937203312
00204601_03,02046,1,T4,T1,fusion_plus_voiced_nucleus,uncalibrated_linear_svm_margin,-0.23954754259848499,-0.529629927582875,-1.0154037676167127,-0.2936198377367387
00204601_05,02046,1,T1,T1,fusion_plus_voiced_nucleus,uncalibrated_linear_svm_margin,0.24835904979605028,-1.039426905495659,-1.3748237889510202,-0.3734876141292055
00204601_06,02046,1,T2,T2,fusion_plus_voiced_nucleus,uncalibrated_linear_svm_margin,-1.644344807649397,1.2342636908824276,-1.433322503593486,-1.2028533667315215
00204601_07,02046,1,T4,T4,fusion_plus_voiced_nucleus,uncalibrated_linear_svm_margin,-1.6707312601916118,-0.6690963245684872,-0.3115771456596671,0.41467087171202377
00204601_09,02046,1,T1,T1,fusion_plus_voiced_nucleus,uncalibrated_linear_svm_margin,0.3057926364687211,-0.6224064890706602,-1.2065483620573052,-0.7583110389228662
00204601_10,02046,1,T2,T2,fusion_plus_voiced_nucleus,uncalibrated_linear_svm_margin,-0.7811590327569654,0.061624226473632526,-0.7282601173346386,-0.5489324352093196
00204607_02,02046,1,T4,T1,fusion_plus_voiced_nucleus,uncalibrated_linear_svm_margin,-0.26738914033397865,-0.763942443952212,-0.9680343362636041,-0.47774566675690344
00204607_03,02046,1,T2,T4,fusion_plus_voiced_nucleus,uncalibrated_linear_svm_margin,-0.42924721719122333,-0.9309861814673235,-1.6468372036586194,-0.08303328789318609
00204607_04,02046,1,T4,T4,fusion_plus_voiced_nucleus,uncalibrated_linear_svm_margin,-0.8258667074190873,-0.9658947163461096,-1.7781300168612182,0.3910712779367045
00204607_05,02046,1,T4,T4,fusion_plus_voiced_nucleus,uncalibrated_linear_svm_margin,-0.2680111547482674,-2.5290726578406555,-2.4865951148426952,0.6016711749395867
00204608_02,02046,1,T4,T4,fusion_plus_voiced_nucleus,uncalibrated_linear_svm_margin,-1.4947649814557602,-0.8116183925349555,-0.21259293394565526,0.4135497459878028
00204608_04,02046,1,T3,T3,fusion_plus_voiced_nucleus,uncalibrated_linear_svm_margin,-0.010061560536042902,-0.9147582302827652,0.011296590910586324,-0.8488496866619051
00204608_05,02046,1,T4,T4,fusion_plus_voiced_nucleus,uncalibrated_linear_svm_margin,-0.6899353106519569,-1.2226371754579755,-1.281107765754954,0.2465920334976286
00204608_07,02046,1,T2,T2,fusion_plus_voiced_nucleus,uncalibrated_linear_svm_margin,-1.6686898620523838,0.866766124053293,-0.6397787000592492,-1.2105274891157027
00204609_03,02046,1,T1,T2,fusion_plus_voiced_nucleus,uncalibrated_linear_svm_margin,-0.7195390415719153,0.5410382979998122,-2.288593087350899,-2.4493341470797247
00204609_10,02046,1,T4,T4,fusion_plus_voiced_nucleus,uncalibrated_linear_svm_margin,-0.8476346876839826,-0.9335243686995837,-1.2238383921796188,0.2695259870858272
00204609_11,02046,1,T4,T4,fusion_plus_voiced_nucleus,uncalibrated_linear_svm_margin,-0.580368816662365,-1.148100171578398,-1.3528540465642946,0.4341784430069686
00204611_06,02046,1,T2,T2,fusion_plus_voiced_nucleus,uncalibrated_linear_svm_margin,-1.8132043046870159,0.5725228123676308,-0.5200195937997742,-1.2966392099860835
00204611_07,02046,1,T4,T4,fusion_plus_voiced_nucleus,uncalibrated_linear_svm_margin,-0.7831459028372725,-1.5258983537542217,-1.2383134363698027,0.942866983135207
00204611_08,02046,1,T3,T3,fusion_plus_voiced_nucleus,uncalibrated_linear_svm_margin,-1.4771565663229946,-1.1233108341598803,0.8677882808393415,-0.38877090440047996
00204611_10,02046,1,T2,T2,fusion_plus_voiced_nucleus,uncalibrated_linear_svm_margin,-1.8296437151888276,1.0640217825351623,-0.9083062168163432,-0.6808028948399603
00204611_11,02046,1,T4,T4,fusion_plus_voiced_nucleus,uncalibrated_linear_svm_margin,-3.3092544998680404,-2.670062767549778,-2.39937460104783,4.170246227246462
00204613_02,02046,1,T4,T4,fusion_plus_voiced_nucleus,uncalibrated_linear_svm_margin,-0.15342606786444524,-1.8999768958060916,-0.836193767120314,0.49965986681182106
00204613_03,02046,1,T4,T4,fusion_plus_voiced_nucleus,uncalibrated_linear_svm_margin,-0.12189821135085249,-0.5791822227818925,-2.0885496661190497,0.1132312038375145
00204613_06,02046,1,T1,T1,fusion_plus_voiced_nucleus,uncalibrated_linear_svm_margin,-0.2543848288161188,-1.3806196047132606,-0.274473491480576,-1.0532794455068561
00204613_08,02046,1,T2,T2,fusion_plus_voiced_nucleus,uncalibrated_linear_svm_margin,-2.0402138570163664,1.4404295889062912,-1.2420164055175373,-0.9726240792065125
00204613_10,02046,1,T4,T4,fusion_plus_voiced_nucleus,uncalibrated_linear_svm_margin,-2.9433015053437055,-2.20631720367335,-0.8559155641298952,1.2867573484287174
00204618_01,02046,1,T4,T4,fusion_plus_voiced_nucleus,uncalibrated_linear_svm_margin,-0.9780848630244967,-1.1874706332490526,-0.7336469422722636,0.5845590551282198
00204618_02,02046,1,T1,T1,fusion_plus_voiced_nucleus,uncalibrated_linear_svm_margin,0.006528849420421423,-1.4019725456100287,-1.1256987908955478,-0.43043826582291944
00204618_03,02046,1,T1,T1,fusion_plus_voiced_nucleus,uncalibrated_linear_svm_margin,0.1961347285833145,-2.506151518639488,-1.036850918446189,-0.041416755038707564
00204618_04,02046,1,T2,T2,fusion_plus_voiced_nucleus,uncalibrated_linear_svm_margin,-1.842331220984644,0.19027078567392142,-0.20533743283529393,-0.2531829883695493
00204618_06,02046,1,T1,T4,fusion_plus_voiced_nucleus,uncalibrated_linear_svm_margin,-0.4397212122575388,-1.1808599664871418,-1.4029288719167075,0.262329864912202
00204618_08,02046,1,T1,T4,fusion_plus_voiced_nucleus,uncalibrated_linear_svm_margin,-0.0682314347340125,-1.4656430214872809,-0.9423354176828237,-0.02377939938479473
00204618_10,02046,1,T2,T2,fusion_plus_voiced_nucleus,uncalibrated_linear_svm_margin,-1.5758314058514828,1.079536127164506,-0.3967940312647191,-1.1682127340274977
00204620_00,02046,1,T4,T3,fusion_plus_voiced_nucleus,uncalibrated_linear_svm_margin,-0.680491179958413,-1.0748965265616954,0.1019134285936375,-0.3953085845724685
00204620_03,02046,1,T1,T1,fusion_plus_voiced_nucleus,uncalibrated_linear_svm_margin,0.3510838555485847,-1.1802694889626824,-1.2291234881996542,-0.5388742919197905
00204620_08,02046,1,T4,T4,fusion_plus_voiced_nucleus,uncalibrated_linear_svm_margin,-0.9658821465267484,-1.1156753644229087,-1.001531217572763,0.564080923011729
00204624_01,02046,1,T4,T4,fusion_plus_voiced_nucleus,uncalibrated_linear_svm_margin,-0.4621695832803378,-0.7329931949512727,-1.8765717983818129,0.3345310481312691
00204624_04,02046,1,T2,T4,fusion_plus_voiced_nucleus,uncalibrated_linear_svm_margin,-0.3778160532081588,-1.0706981804935034,-1.2077392209687037,0.06179254234472953
00204626_00,02046,1,T4,T3,fusion_plus_voiced_nucleus,uncalibrated_linear_svm_margin,-1.3508551237565078,-1.547178447074944,0.6820570584248925,0.19453717560608386
00204626_02,02046,1,T2,T2,fusion_plus_voiced_nucleus,uncalibrated_linear_svm_margin,-1.8404484231481506,0.9220356878806811,-1.2402171534208528,-0.6163080255727198
00204626_04,02046,1,T4,T4,fusion_plus_voiced_nucleus,uncalibrated_linear_svm_margin,-0.22867279787270545,-1.56006765215026,-1.39977280729244,0.35186656127686444
00204626_06,02046,1,T4,T3,fusion_plus_voiced_nucleus,uncalibrated_linear_svm_margin,-0.9448226097204164,-0.8229604924145506,0.06552878059512535,-0.456827623981431
00204626_07,02046,1,T1,T4,fusion_plus_voiced_nucleus,uncalibrated_linear_svm_margin,-0.20436999085586066,-0.7843605309473349,-1.695193748647731,0.160289002861983
00204626_08,02046,1,T3,T2,fusion_plus_voiced_nucleus,uncalibrated_linear_svm_margin,-0.9731219474113434,0.18080238384740066,-0.19573591846844385,-1.1666635006305872
00204626_09,02046,1,T3,T3,fusion_plus_voiced_nucleus,uncalibrated_linear_svm_margin,-0.59201431206678,-0.5526192103749077,-0.3348719637481655,-0.6519742188909912
00204628_00,02046,1,T4,T4,fusion_plus_voiced_nucleus,uncalibrated_linear_svm_margin,-0.4409020810746126,-1.040798780678261,-1.834274058217483,0.13618158746313824
00204628_01,02046,1,T2,T2,fusion_plus_voiced_nucleus,uncalibrated_linear_svm_margin,-1.8335301659657315,0.2729458534249194,-0.5033582091315897,-0.16247066417817846
00204628_04,02046,1,T3,T1,fusion_plus_voiced_nucleus,uncalibrated_linear_svm_margin,0.10738742361768594,-1.235979854063508,-0.8983272312238211,-0.7081133679262677
00204628_05,02046,1,T4,T4,fusion_plus_voiced_nucleus,uncalibrated_linear_svm_margin,-0.8590408658234243,-0.4686743313025043,-1.052820503893369,0.14246274841876405
00204628_07,02046,1,T3,T3,fusion_plus_voiced_nucleus,uncalibrated_linear_svm_margin,-0.63395554406157,-0.12046710877639955,-0.0972372606871329,-1.3335802908654835
00204629_02,02046,1,T4,T4,fusion_plus_voiced_nucleus,uncalibrated_linear_svm_margin,-0.8800146298761777,-1.0724096192373873,-0.47163884839387316,-0.05600046078954596
00204629_04,02046,1,T1,T3,fusion_plus_voiced_nucleus,uncalibrated_linear_svm_margin,-1.0289129129295431,-0.4402331091046901,-0.33378769136961217,-0.4919497064666832
00204629_05,02046,1,T1,T1,fusion_plus_voiced_nucleus,uncalibrated_linear_svm_margin,0.012236826796556355,-0.26175838326439205,-1.4839902087389936,-0.45541406220487163
00204629_07,02046,1,T2,T4,fusion_plus_voiced_nucleus,uncalibrated_linear_svm_margin,-0.8060542942649869,-1.046323676163439,-1.2222523149783937,0.4459574024405051
00204629_08,02046,1,T3,T3,fusion_plus_voiced_nucleus,uncalibrated_linear_svm_margin,-0.8238451203315535,-0.10219569216300328,0.012346866288010294,-1.0893470766642122
00204629_10,02046,1,T4,T4,fusion_plus_voiced_nucleus,uncalibrated_linear_svm_margin,-0.9037967700495706,-0.7953257381259268,-1.093543966557907,0.09274186985724842
