token_id,speaker_id,human_correct,produced_tone_proxy,predicted_tone,nested_selected_candidate,score_type,decision_score_T1,decision_score_T2,decision_score_T3,decision_score_T4
00200214_00,02002,1,T3,T2,fusion;C=0.03,uncalibrated_linear_svm_margin,-1.5691922354579761,0.17440116416280993,-0.12259354488046226,-1.186596929642353
00200214_01,02002,1,T1,T2,fusion;C=0.03,uncalibrated_linear_svm_margin,-0.2330976398447706,-0.06792216296662734,-1.6744083612302152,-0.6103579808802514
00200214_03,02002,1,T2,T2,fusion;C=0.03,uncalibrated_linear_svm_margin,-0.7441687337537654,0.651809553000505,-0.9920357016306914,-1.3815558754731798
00200214_04,02002,1,T4,T4,fusion;C=0.03,uncalibrated_linear_svm_margin,-1.6043920466075585,-2.339452724148832,-0.8744243099247555,1.6337323933971992
00200214_06,02002,1,T4,T2,fusion;C=0.03,uncalibrated_linear_svm_margin,-1.1076113374645256,0.26936974318653584,-1.5914469900829937,-0.5804312403455223
00200214_07,02002,1,T1,T1,fusion;C=0.03,uncalibrated_linear_svm_margin,0.6453465103289966,-1.4965524197411129,-0.9130674678890945,-0.5659805364620387
00200214_08,02002,1,T1,T1,fusion;C=0.03,uncalibrated_linear_svm_margin,0.05204652777709318,-0.8738539867343424,-0.33219175454163374,-0.7268083469383522
00200217_03,02002,1,T2,T1,fusion;C=0.03,uncalibrated_linear_svm_margin,-0.0183740716966857,-0.5225881653979695,-0.7808503237233202,-1.0313515502604045
00200220_00,02002,1,T3,T3,fusion;C=0.03,uncalibrated_linear_svm_margin,-0.8143316696599268,-1.5033909207801939,1.276341425681796,-0.11338791655009955
00200220_01,02002,1,T1,T1,fusion;C=0.03,uncalibrated_linear_svm_margin,-0.07074642897530287,-0.4681388243436244,-0.7893134888125034,-0.8569161580520693
00200220_05,02002,1,T3,T3,fusion;C=0.03,uncalibrated_linear_svm_margin,-0.845900681412357,-1.0643997875414546,-0.059674535085786684,-0.864492883397952
00200220_06,02002,1,T1,T1,fusion;C=0.03,uncalibrated_linear_svm_margin,0.34708724939708313,-1.2268924871422562,-0.7414940389187736,-0.4447347937674182
00200220_08,02002,1,T3,T3,fusion;C=0.03,uncalibrated_linear_svm_margin,-1.4801487244747502,-0.12534093879529862,0.18839037920945956,-0.7309815410524534
00200220_15,02002,1,T2,T2,fusion;C=0.03,uncalibrated_linear_svm_margin,-0.12821288837872835,0.5913035683415284,-0.7862265599613578,-1.9319392657148444
00200314_00,02003,1,T3,T3,fusion;C=0.03,uncalibrated_linear_svm_margin,-1.1365811286661833,-0.5224060919931497,0.24444303155556346,-0.5188501756344565
00200314_01,02003,1,T1,T1,fusion;C=0.03,uncalibrated_linear_svm_margin,0.36500349476509997,-0.08713830864730843,-2.281993606293123,-0.8260192358817855
00200314_03,02003,1,T2,T2,fusion;C=0.03,uncalibrated_linear_svm_margin,-0.5747224496808969,-0.22752407443072437,-0.5230975625743611,-0.9890857560427044
00200314_04,02003,1,T4,T4,fusion;C=0.03,uncalibrated_linear_svm_margin,-0.46149506226214176,-0.6909791771263406,-1.7072541405886974,0.15545606719292138
00200314_06,02003,1,T4,T4,fusion;C=0.03,uncalibrated_linear_svm_margin,-0.9548571132121784,-0.591242262434553,-1.0148917509330542,0.2176057558064356
00200314_07,02003,1,T1,T1,fusion;C=0.03,uncalibrated_linear_svm_margin,0.5265955629531952,-1.2158010549762253,-1.403514952791702,-0.8351229334597217
00200314_08,02003,1,T1,T3,fusion;C=0.03,uncalibrated_linear_svm_margin,-3.371950668503472,-0.8041123900571807,0.8145179360017176,-0.6958509792400591
00200317_01,02003,1,T4,T4,fusion;C=0.03,uncalibrated_linear_svm_margin,-0.6690372906811668,-1.2499022828130508,-2.5683188106170034,0.7897834086793903
00200320_00,02003,1,T3,T2,fusion;C=0.03,uncalibrated_linear_svm_margin,-0.47868382346370997,-0.2999588587569637,-0.8185164402152733,-0.9258554186550557
00200320_01,02003,1,T1,T2,fusion;C=0.03,uncalibrated_linear_svm_margin,-0.41289247147394464,-0.17393829189278903,-0.7773584213774833,-0.6302296395313507
00200320_03,02003,1,T1,T4,fusion;C=0.03,uncalibrated_linear_svm_margin,-0.08148488277930599,-2.997412097387578,-1.4195571526440438,0.0401191188527632
00200320_05,02003,1,T3,T3,fusion;C=0.03,uncalibrated_linear_svm_margin,-0.6143254389654149,-0.6340134312528594,1.5129047327601624,-1.7817515143837857
00200320_06,02003,1,T1,T1,fusion;C=0.03,uncalibrated_linear_svm_margin,-0.05522313146043445,-0.6557178101692753,-1.822141905456368,-0.10054245183222793
00200320_08,02003,1,T3,T3,fusion;C=0.03,uncalibrated_linear_svm_margin,-0.6204346964720375,0.33732339842072356,0.5087586996497877,-1.7349373719019088
00200320_13,02003,1,T1,T1,fusion;C=0.03,uncalibrated_linear_svm_margin,0.18088943958631054,-2.266115782541247,-0.037466130767685124,-0.31338392258838194
00200320_15,02003,1,T2,T1,fusion;C=0.03,uncalibrated_linear_svm_margin,0.2798956755922476,-0.28481055927933135,0.17000967817884383,-2.257077888363089
00200514_04,02005,1,T4,T4,fusion;C=0.03,uncalibrated_linear_svm_margin,-1.0824618290481784,-0.4413007315414409,-0.669839819490054,-0.01615017906067895
00200514_06,02005,1,T4,T2,fusion;C=0.03,uncalibrated_linear_svm_margin,-0.9092478733184273,-0.07630433890978416,-0.8646221891276256,-0.5409991901734955
00200514_07,02005,1,T1,T4,fusion;C=0.03,uncalibrated_linear_svm_margin,-0.8294403163458111,-0.20898657477864563,-0.748822017252829,-0.2079412779677515
00200514_08,02005,1,T1,T4,fusion;C=0.03,uncalibrated_linear_svm_margin,-0.7515990505004789,-0.4246545468577665,-0.9807430094185734,-0.16949651739436966
00200517_01,02005,1,T4,T4,fusion;C=0.03,uncalibrated_linear_svm_margin,-1.1830336581934051,-0.14061352266171867,-1.1843589756459612,0.09556044457640722
00200520_00,02005,1,T3,T3,fusion;C=0.03,uncalibrated_linear_svm_margin,-1.4741704573127365,-0.26850716630902094,0.550744926734718,-0.8192336412799794
00200520_01,02005,1,T1,T3,fusion;C=0.03,uncalibrated_linear_svm_margin,-0.2054216747176838,-1.0105924440152938,-0.15603338205167339,-0.3318529826837092
00200520_03,02005,1,T1,T3,fusion;C=0.03,uncalibrated_linear_svm_margin,-0.21867051072500787,-0.9439177805026007,0.7200133113026344,-0.9501391371665091
00200520_06,02005,1,T1,T1,fusion;C=0.03,uncalibrated_linear_svm_margin,0.2115550650273027,-1.0737074494022874,-1.7237609839945185,-0.24769145715772378
00200520_13,02005,1,T1,T1,fusion;C=0.03,uncalibrated_linear_svm_margin,0.15192792320948378,-1.9160066736946846,-2.363829247863286,-2.722070126713856
00200520_15,02005,1,T2,T2,fusion;C=0.03,uncalibrated_linear_svm_margin,-0.5590069172569337,0.8729935000153977,-0.5814007598139528,-2.486703860360735
00200614_03,02006,1,T2,T3,fusion;C=0.03,uncalibrated_linear_svm_margin,-2.4221492176051727,-2.0968065939372025,1.2918724754924296,-1.2820340790495965
00200614_04,02006,1,T4,T4,fusion;C=0.03,uncalibrated_linear_svm_margin,-0.72708553466421,-2.4798966377609997,-3.094743162795596,1.6757855831493607
00200614_06,02006,1,T4,T4,fusion;C=0.03,uncalibrated_linear_svm_margin,-0.7895559768788274,-0.5839916147062778,-1.0114225967538526,0.1319241201332983
00200614_08,02006,1,T1,T1,fusion;C=0.03,uncalibrated_linear_svm_margin,1.1971524817918042,-3.3841227757894927,-1.3124192222501607,-0.3268694526879645
00200617_01,02006,1,T4,T1,fusion;C=0.03,uncalibrated_linear_svm_margin,2.1898112944362045,-2.935952524477103,-3.890837550224156,-1.1099000564853514
00200620_00,02006,1,T3,T3,fusion;C=0.03,uncalibrated_linear_svm_margin,-0.005662899802276522,-2.320342067864216,0.20011224354961843,-0.5529287444128466
00200620_03,02006,1,T1,T1,fusion;C=0.03,uncalibrated_linear_svm_margin,1.3248759031602162,-1.6135306991539498,-1.4733692831278895,-4.34134660104436
00200620_13,02006,1,T1,T4,fusion;C=0.03,uncalibrated_linear_svm_margin,-0.10919177016202763,-2.4913144209323828,-0.09201215097609106,-0.03015876313928395
00200714_00,02007,1,T3,T3,fusion;C=0.03,uncalibrated_linear_svm_margin,-1.031492016879826,-0.1897922291137637,0.30532302308892756,-1.142490285388595
00200714_01,02007,1,T1,T1,fusion;C=0.03,uncalibrated_linear_svm_margin,0.27432384073887506,-0.021457226114673378,-2.7455668564688662,-1.0117587870566345
00200714_03,02007,1,T2,T2,fusion;C=0.03,uncalibrated_linear_svm_margin,-2.3569727808452043,1.1910477096510779,-0.007605007679639675,-3.360900367514051
00200714_04,02007,1,T4,T1,fusion;C=0.03,uncalibrated_linear_svm_margin,0.28474374148803927,-0.296886772807722,-2.0498644312209136,-0.3581620198072412
00200714_06,02007,1,T4,T4,fusion;C=0.03,uncalibrated_linear_svm_margin,-1.118155190373821,0.07128329053625038,-1.7837100529667804,0.2378338695208339
00200714_07,02007,1,T1,T1,fusion;C=0.03,uncalibrated_linear_svm_margin,0.250643075898615,-1.2262933054582972,-1.5518217055093935,0.02825335283616187
00200714_08,02007,1,T1,T2,fusion;C=0.03,uncalibrated_linear_svm_margin,-0.1967969630910965,0.21812939089741623,-1.4696196031148565,-1.1381367628732542
00200717_01,02007,1,T4,T4,fusion;C=0.03,uncalibrated_linear_svm_margin,-0.7744833301431902,-1.1396361298282507,-1.0613291794541475,0.6251832522337668
00200717_03,02007,1,T2,T2,fusion;C=0.03,uncalibrated_linear_svm_margin,-0.827428812621584,0.777087608032837,-0.9646963851938223,-1.5358559557031544
00200720_00,02007,1,T3,T2,fusion;C=0.03,uncalibrated_linear_svm_margin,-1.870220224443613,1.4226045967158523,-0.07705375145854843,-1.6515676124977798
00200720_01,02007,1,T1,T2,fusion;C=0.03,uncalibrated_linear_svm_margin,-0.2816479808897484,1.4660136575724347,-1.473624592864367,-2.4401964329520403
00200720_05,02007,1,T3,T3,fusion;C=0.03,uncalibrated_linear_svm_margin,-1.727543698267441,-0.17397563287144707,0.8204895822114605,-2.020309256407227
00200720_06,02007,1,T1,T4,fusion;C=0.03,uncalibrated_linear_svm_margin,-0.19436527142492277,-1.3235945849865136,-2.363016774256985,0.9484475030949242
00200720_08,02007,1,T3,T2,fusion;C=0.03,uncalibrated_linear_svm_margin,-2.9808239885428174,2.9461468377722593,2.2303435732176937,-5.2887975142870856
00200720_13,02007,1,T1,T4,fusion;C=0.03,uncalibrated_linear_svm_margin,-0.07316427691499816,-1.8624641892349427,-1.8672286079059726,0.8456246371163112
00200720_15,02007,1,T2,T4,fusion;C=0.03,uncalibrated_linear_svm_margin,-1.9756385368497933,-1.1960583802468983,-4.378280733318771,0.08788703155753913
00200914_00,02009,1,T3,T1,fusion;C=0.1,uncalibrated_linear_svm_margin,0.3265876562840416,-1.2898968264801547,-0.3257767988649958,-0.7667717515492449
00200914_01,02009,1,T1,T2,fusion;C=0.1,uncalibrated_linear_svm_margin,-0.07383954631379952,-0.04945848672337638,-0.8200714204465293,-1.0409536045160712
00200914_03,02009,1,T2,T2,fusion;C=0.1,uncalibrated_linear_svm_margin,-1.183875174122874,0.9696811002871503,0.15879519960957,-1.6836245261466993
00200914_04,02009,1,T4,T4,fusion;C=0.1,uncalibrated_linear_svm_margin,-1.631533028532019,-1.291521311764869,-0.44839076674857403,0.4324905951053036
00200914_06,02009,1,T4,T4,fusion;C=0.1,uncalibrated_linear_svm_margin,-0.21725557384748356,-1.2043735764564554,-3.601869076104342,1.2168006240469051
00200914_07,02009,1,T1,T1,fusion;C=0.1,uncalibrated_linear_svm_margin,1.4594732608257956,-0.4717699522463601,-3.9627611796432776,-1.1016100843135586
00200914_08,02009,1,T1,T1,fusion;C=0.1,uncalibrated_linear_svm_margin,0.45416735827076715,-1.4193489057104522,-0.6752723049374583,-0.6154179308103499
00200917_01,02009,1,T4,T1,fusion;C=0.1,uncalibrated_linear_svm_margin,0.5782464490369915,0.09349168733887547,-2.9666848471159346,-1.1868564896738494
00200917_03,02009,1,T2,T2,fusion;C=0.1,uncalibrated_linear_svm_margin,-0.28438499943039874,-0.08804016207848131,-1.152666063663616,-0.4658984132005945
00200920_00,02009,1,T3,T1,fusion;C=0.1,uncalibrated_linear_svm_margin,1.3246969568731761,-2.14142056957015,1.188295018298667,-1.0331155632179234
00200920_01,02009,1,T1,T2,fusion;C=0.1,uncalibrated_linear_svm_margin,-1.423606498250464,0.7458512159518226,-1.6401769180287604,-0.4245069441999132
00200920_03,02009,1,T1,T4,fusion;C=0.1,uncalibrated_linear_svm_margin,-1.2335933160080232,-0.6194880961652124,-0.6241438139133901,-0.008720009006424834
00200920_05,02009,1,T3,T3,fusion;C=0.1,uncalibrated_linear_svm_margin,-0.6351380813857149,-0.850582104584451,0.2425294014104833,-0.6945751352792111
00200920_06,02009,1,T1,T4,fusion;C=0.1,uncalibrated_linear_svm_margin,-0.6123583960131873,-1.4118818527981758,-2.4214801937516235,2.611972037817399
00200920_08,02009,1,T3,T2,fusion;C=0.1,uncalibrated_linear_svm_margin,-0.0553098404884339,0.1394269143245188,-0.6652685629478953,-1.3412710218388766
00200920_13,02009,1,T1,T4,fusion;C=0.1,uncalibrated_linear_svm_margin,-0.3096806424129555,-1.8680078247387928,-1.276449690178228,-0.20130778886568296
00200920_15,02009,1,T2,T1,fusion;C=0.1,uncalibrated_linear_svm_margin,0.4178146669183619,-1.8367685551552209,-0.2189747115653532,-1.852290425911719
00201014_00,02010,1,T3,T3,fusion;C=0.03,uncalibrated_linear_svm_margin,-2.8247581846386223,-0.394112173594937,0.256268348767943,-0.5006335843735351
00201014_01,02010,1,T1,T1,fusion;C=0.03,uncalibrated_linear_svm_margin,0.2510683779595009,-0.8777529006889307,-2.223155021985603,-0.06200095595650734
00201014_03,02010,1,T2,T2,fusion;C=0.03,uncalibrated_linear_svm_margin,-0.7912832500473472,-0.23568333804203728,-1.0913973504476966,-0.6602352710122725
00201014_04,02010,1,T4,T3,fusion;C=0.03,uncalibrated_linear_svm_margin,-0.7571352410392964,-0.29870740083878616,-0.18592585555026753,-0.7914627819689426
00201014_06,02010,1,T4,T2,fusion;C=0.03,uncalibrated_linear_svm_margin,-1.0369431292824665,0.6618741809574075,-0.7126017493949519,-0.9827793409126337
00201014_07,02010,1,T1,T1,fusion;C=0.03,uncalibrated_linear_svm_margin,0.5181050425825839,-1.48851437284802,-1.3198198593518997,-0.19576276954958188
00201017_01,02010,1,T4,T4,fusion;C=0.03,uncalibrated_linear_svm_margin,-0.31999646075751476,-1.4944449370957613,-1.5230454212220033,0.5500863019060391
00201017_03,02010,1,T2,T2,fusion;C=0.03,uncalibrated_linear_svm_margin,-0.8099217554544214,-0.04397480763007955,-0.0443922524891639,-1.1463852520558702
00201020_00,02010,1,T3,T2,fusion;C=0.03,uncalibrated_linear_svm_margin,-1.451555706799445,0.27539960474974834,-0.021751752133314928,-0.8675672121874334
00201020_01,02010,1,T1,T4,fusion;C=0.03,uncalibrated_linear_svm_margin,-0.4960550434728366,-0.791165548433356,-0.589467555745941,-0.46855652495457684
00201020_03,02010,1,T1,T1,fusion;C=0.03,uncalibrated_linear_svm_margin,1.2471834334957896,-2.3587195234468634,-1.8734656982049014,-0.2063392225152733
00201020_05,02010,1,T3,T2,fusion;C=0.03,uncalibrated_linear_svm_margin,-2.4773326903104524,2.107941844760962,-0.6314928388918012,-2.272044070348491
00201020_06,02010,1,T1,T1,fusion;C=0.03,uncalibrated_linear_svm_margin,0.4282101972405563,-1.018983130201576,-1.746068293845903,-0.165896369346765
00201020_08,02010,1,T3,T3,fusion;C=0.03,uncalibrated_linear_svm_margin,0.3325436313394443,-0.7940737070491563,1.036961120567998,-1.8021817299435543
00201020_13,02010,1,T1,T1,fusion;C=0.03,uncalibrated_linear_svm_margin,2.900027714821308,-4.243057206695003,-2.413151907899848,-1.6456961091892441
00201020_15,02010,1,T2,T2,fusion;C=0.03,uncalibrated_linear_svm_margin,0.002193318497754948,0.32527269216250654,-0.9550127079077146,-2.111105862903366
00201114_00,02011,1,T3,T3,fusion;C=0.1,uncalibrated_linear_svm_margin,-1.105440841913773,-0.4181863104516194,0.4221787912235533,-0.3585807649866686
00201114_01,02011,1,T1,T1,fusion;C=0.1,uncalibrated_linear_svm_margin,0.1956049777217439,-0.9795502530936924,-1.7456916133258322,-0.6787249907628825
00201114_03,02011,1,T2,T2,fusion;C=0.1,uncalibrated_linear_svm_margin,-1.6717896858879522,0.48895559166044367,0.06663339614043928,-0.9138240781653459
00201114_04,02011,1,T4,T1,fusion;C=0.1,uncalibrated_linear_svm_margin,0.27853346969965587,-1.385559988739103,-0.5590110073333814,-0.6262638588345295
00201114_06,02011,1,T4,T1,fusion;C=0.1,uncalibrated_linear_svm_margin,1.5760658980420814,-1.8000785118616287,-4.833848277008396,-1.5775521305714117
00201114_07,02011,1,T1,T1,fusion;C=0.1,uncalibrated_linear_svm_margin,0.18663405935580202,-1.6090139516838229,-1.9916375950145104,-0.3024581832608104
00201114_08,02011,1,T1,T3,fusion;C=0.1,uncalibrated_linear_svm_margin,-0.10562139803436688,-0.6220731850001029,-0.04217785202199198,-0.9482207388343002
00201117_03,02011,1,T2,T2,fusion;C=0.1,uncalibrated_linear_svm_margin,-0.3571265190646762,0.44085710350737106,-0.8737994493503073,-1.9585381639590504
00201120_00,02011,1,T3,T2,fusion;C=0.1,uncalibrated_linear_svm_margin,-1.3302851152409914,0.10887265808298408,-0.33895009739903104,-0.40118886776378004
00201120_01,02011,1,T1,T2,fusion;C=0.1,uncalibrated_linear_svm_margin,-0.9787855841746357,0.4341668925470811,-1.241045581700613,-0.9226764358322803
00201120_03,02011,1,T1,T2,fusion;C=0.1,uncalibrated_linear_svm_margin,-1.5138038452991678,-0.5401235402536936,-1.319149053097719,-0.5770766036305093
00201120_05,02011,1,T3,T3,fusion;C=0.1,uncalibrated_linear_svm_margin,-1.4361613843118732,-0.8854454326142873,0.35047175189345814,-0.4070802644961819
00201120_06,02011,1,T1,T3,fusion;C=0.1,uncalibrated_linear_svm_margin,-1.2149254636330284,-0.0404774688944638,0.06582561797086983,-1.6043991876652448
00201120_08,02011,1,T3,T2,fusion;C=0.1,uncalibrated_linear_svm_margin,-4.7844717625166675,1.4858590198701278,-1.3880377343626158,-0.14054553389867314
00201120_13,02011,1,T1,T1,fusion;C=0.1,uncalibrated_linear_svm_margin,3.0010836715167817,-3.6537245678565755,-3.9128775998314813,-4.024144191185954
00201120_15,02011,1,T2,T2,fusion;C=0.1,uncalibrated_linear_svm_margin,-1.2088897556058433,0.2444870280882706,0.11190235388638747,-4.69327535215601
00201214_00,02012,1,T3,T3,fusion;C=0.03,uncalibrated_linear_svm_margin,-0.9326659070174115,-0.040882300913129055,0.36598842115570485,-1.19704387945371
00201214_01,02012,1,T1,T1,fusion;C=0.03,uncalibrated_linear_svm_margin,0.6716751164319072,-0.6857488115500134,-2.094290901623893,-0.8964227213222007
00201214_03,02012,1,T2,T2,fusion;C=0.03,uncalibrated_linear_svm_margin,-0.8707473359920967,-0.15169386493387216,-1.6151192939168344,-0.7262791252565485
00201214_04,02012,1,T4,T1,fusion;C=0.03,uncalibrated_linear_svm_margin,-0.457161452068228,-0.6203254992109446,-0.5729841469575485,-0.6163180090654448
00201214_06,02012,1,T4,T4,fusion;C=0.03,uncalibrated_linear_svm_margin,-0.7265134814709839,-0.39549713887671,-1.086671460181011,-0.31811670122963476
00201214_07,02012,1,T1,T4,fusion;C=0.03,uncalibrated_linear_svm_margin,-0.029870045453613603,-1.7520206986664522,-1.058116571014549,0.06275639069433675
00201214_08,02012,1,T1,T1,fusion;C=0.03,uncalibrated_linear_svm_margin,0.09342720114100422,-1.2727904012382658,-1.483532429296211,-0.41719697711819215
00201217_01,02012,1,T4,T4,fusion;C=0.03,uncalibrated_linear_svm_margin,-0.6244582734731992,-1.1226208027475868,-1.61832093757061,0.5435648898167842
00201217_03,02012,1,T2,T3,fusion;C=0.03,uncalibrated_linear_svm_margin,-0.1557127682127637,-0.32619549122818253,0.8376834712066611,-1.8681616333488553
00201220_00,02012,1,T3,T3,fusion;C=0.03,uncalibrated_linear_svm_margin,-1.2161044851856426,-0.7971162379766376,0.03867069397649325,-0.07134428960893158
00201220_01,02012,1,T1,T1,fusion;C=0.03,uncalibrated_linear_svm_margin,-0.1413729086635852,-1.054486574155553,-0.23911267574641204,-0.6485274891141541
00201220_03,02012,1,T1,T1,fusion;C=0.03,uncalibrated_linear_svm_margin,1.0211387082155985,-1.4814470052182798,-1.4334479781698053,-0.7868482333824784
00201220_05,02012,1,T3,T3,fusion;C=0.03,uncalibrated_linear_svm_margin,-1.6140948309713006,-0.6933954952015139,0.9961632044476004,-0.4823043808210335
00201220_06,02012,1,T1,T1,fusion;C=0.03,uncalibrated_linear_svm_margin,0.3748861960405999,-1.1915102517880354,-1.563969554450741,-0.40900463991309477
00201220_08,02012,1,T3,T3,fusion;C=0.03,uncalibrated_linear_svm_margin,-2.0070765522258487,-2.650767144691896,2.094659547399207,-0.5459738863085506
00201220_13,02012,1,T1,T1,fusion;C=0.03,uncalibrated_linear_svm_margin,0.25405597044169836,-2.7368028819490218,-2.6128557483094452,-0.08219211678475014
00201220_15,02012,1,T2,T3,fusion;C=0.03,uncalibrated_linear_svm_margin,-0.4238509040178283,0.137042047659511,0.29161572646547473,-2.1007025074894385
00201314_00,02013,1,T3,T3,fusion;C=0.03,uncalibrated_linear_svm_margin,-0.4820969265952651,-0.7725112471953559,-0.2881976561929046,-0.935929880240993
00201314_03,02013,1,T2,T4,fusion;C=0.03,uncalibrated_linear_svm_margin,-1.5314966951098654,0.08774050752592655,-0.8859674732402709,0.09907131480697201
00201314_04,02013,1,T4,T4,fusion;C=0.03,uncalibrated_linear_svm_margin,-1.105452176376613,-0.9804199439444796,-1.1824743827790456,0.7055510662217428
00201314_06,02013,1,T4,T4,fusion;C=0.03,uncalibrated_linear_svm_margin,-1.269841486139479,-0.4688889107583659,-1.4240403706724978,0.19217708028687625
00201314_07,02013,1,T1,T1,fusion;C=0.03,uncalibrated_linear_svm_margin,0.6902233140324654,-1.5996792360875247,-1.8521958650975607,-0.27156153103776587
00201317_01,02013,1,T4,T4,fusion;C=0.03,uncalibrated_linear_svm_margin,-0.7697413673850867,-1.300388993837048,-2.2601238421150716,1.2343182283046208
00201317_03,02013,1,T2,T3,fusion;C=0.03,uncalibrated_linear_svm_margin,-0.5228986888065518,-0.21817160693325105,-0.1608286646221263,-0.9023955722915107
00201320_00,02013,1,T3,T1,fusion;C=0.03,uncalibrated_linear_svm_margin,0.6040309410437783,-2.4849069432297286,-0.32982992218963425,-1.310043198904774
00201320_08,02013,1,T3,T3,fusion;C=0.03,uncalibrated_linear_svm_margin,-1.3108908417352625,-1.187919171207965,0.5442735409943683,-1.0166672602285995
00201320_15,02013,1,T2,T1,fusion;C=0.03,uncalibrated_linear_svm_margin,0.77294481622396,0.03553482045674339,-1.0102692867033656,-2.5306182489742506
00201614_00,02016,1,T3,T4,fusion;C=0.1,uncalibrated_linear_svm_margin,-1.457133997038133,-1.838039853132448,-0.09837684802530955,0.2510709409845312
00201614_01,02016,1,T1,T1,fusion;C=0.1,uncalibrated_linear_svm_margin,-0.08850231510015738,-0.7342845794977031,-2.526515219366855,-0.5822120127499444
00201614_03,02016,1,T2,T2,fusion;C=0.1,uncalibrated_linear_svm_margin,-1.3983352983143242,0.28203096684276396,-0.8446292262567305,-1.4462596912780754
00201614_04,02016,1,T4,T4,fusion;C=0.1,uncalibrated_linear_svm_margin,-0.32978184924170384,-2.7639783489127674,-1.7166784203541643,0.7288430686082331
00201614_06,02016,1,T4,T4,fusion;C=0.1,uncalibrated_linear_svm_margin,-1.0980361231625884,-1.1231060646062638,-1.1060825805320376,0.036544551918329615
00201614_07,02016,1,T1,T3,fusion;C=0.1,uncalibrated_linear_svm_margin,-0.2996037636320025,-2.234378530949445,-0.16703028096205452,-0.17234625813452414
00201617_01,02016,1,T4,T4,fusion;C=0.1,uncalibrated_linear_svm_margin,-1.4174888625647486,-2.025114456180766,-2.4447874570479478,0.9055393411177665
00201617_03,02016,1,T2,T1,fusion;C=0.1,uncalibrated_linear_svm_margin,0.05105610753735357,-0.36220216956367934,-1.1548686258881122,-2.0040690289171024
00201620_00,02016,1,T3,T4,fusion;C=0.1,uncalibrated_linear_svm_margin,-0.06990833675457309,-2.348122123775338,-3.660413071947448,0.8496308406326284
00201620_01,02016,1,T1,T4,fusion;C=0.1,uncalibrated_linear_svm_margin,-1.1082656956516375,-1.400046252654974,-0.7235244221637329,-0.18748625061570234
00201620_03,02016,1,T1,T1,fusion;C=0.1,uncalibrated_linear_svm_margin,0.635113440235019,-0.9144519958333756,-4.082783322615613,0.3292012022106502
00201620_05,02016,1,T3,T4,fusion;C=0.1,uncalibrated_linear_svm_margin,-0.9566521994407234,-0.9631780639134426,-0.5993699476953963,0.05435052500782367
00201620_08,02016,1,T3,T2,fusion;C=0.1,uncalibrated_linear_svm_margin,-0.4258161026228704,-0.3251967241368904,-0.7607989598236042,-1.240652312182707
00201620_13,02016,1,T1,T4,fusion;C=0.1,uncalibrated_linear_svm_margin,-0.7203154280608269,-1.7885851476161059,-2.6947660901847543,0.6217828831663105
00201620_15,02016,1,T2,T2,fusion;C=0.1,uncalibrated_linear_svm_margin,-0.4166529192464664,2.4775532499530466,-1.5318543033883718,-5.34116382095373
00201814_03,02018,1,T2,T2,fusion;C=0.1,uncalibrated_linear_svm_margin,-0.5787186183519899,0.2661315148230906,-1.7326474394362061,-0.9858623278186721
00201814_04,02018,1,T4,T4,fusion;C=0.1,uncalibrated_linear_svm_margin,-0.7863301657189186,-1.1131877461973072,-2.2549523516501395,1.1095710361425406
00201814_06,02018,1,T4,T4,fusion;C=0.1,uncalibrated_linear_svm_margin,-0.5510245383780433,-1.9484761782265885,-1.0122309312626263,-0.279241252168889
00201814_07,02018,1,T1,T1,fusion;C=0.1,uncalibrated_linear_svm_margin,0.5426537423285548,-1.605181580460831,-2.524259721219727,-0.857474846773344
00201814_08,02018,1,T1,T1,fusion;C=0.1,uncalibrated_linear_svm_margin,0.110717851033722,-1.7242285097288321,-2.6376270546220892,0.08632009623786224
00201817_03,02018,1,T2,T2,fusion;C=0.1,uncalibrated_linear_svm_margin,-0.15076286796755167,0.1840566081441991,-1.5564102378496436,-1.05534046850083
00201820_00,02018,1,T3,T4,fusion;C=0.1,uncalibrated_linear_svm_margin,-0.8790075320076823,-0.6731578447865277,-0.757638268767367,-0.0429413982741737
00201820_01,02018,1,T1,T1,fusion;C=0.1,uncalibrated_linear_svm_margin,0.03909964014745382,-1.6519745155935697,-1.852704636129972,-0.11232240334825416
00201820_08,02018,1,T3,T3,fusion;C=0.1,uncalibrated_linear_svm_margin,-1.782649328796925,-0.6530880771742773,-0.17884321782499357,-0.2262609164228624
00201820_13,02018,1,T1,T1,fusion;C=0.1,uncalibrated_linear_svm_margin,1.1970206994805088,-3.092968904407546,-1.1045922808471949,-1.310238470946787
00201820_15,02018,1,T2,T2,fusion;C=0.1,uncalibrated_linear_svm_margin,-1.0942005747717143,0.808547410614232,-1.6755425131679522,-0.8139659691996158
00201914_03,02019,1,T2,T4,fusion;C=0.03,uncalibrated_linear_svm_margin,-0.5006327409227084,-0.15020004397029585,-1.484236800577821,-0.10040924429680909
00201914_04,02019,1,T4,T1,fusion;C=0.03,uncalibrated_linear_svm_margin,-0.16071709607724294,-0.645522812271401,-1.1418245677067111,-0.5233501072214335
00201914_06,02019,1,T4,T1,fusion;C=0.03,uncalibrated_linear_svm_margin,0.13690638768437613,-1.5853519676313388,-0.6032096751416754,-0.44746813799729623
00201914_07,02019,1,T1,T1,fusion;C=0.03,uncalibrated_linear_svm_margin,0.2661386004659926,-0.3020545494409612,-1.3381179682715612,-1.0065092286473438
00201914_08,02019,1,T1,T4,fusion;C=0.03,uncalibrated_linear_svm_margin,-0.36755644545688615,-1.2412923356666332,-1.0409085225465682,-0.20484231478683446
00201917_01,02019,1,T4,T4,fusion;C=0.03,uncalibrated_linear_svm_margin,0.24638616284038473,-1.4211983318506065,-2.0563033007154106,0.5523478672397695
00201920_01,02019,1,T1,T3,fusion;C=0.03,uncalibrated_linear_svm_margin,-1.1548199293964934,-0.40757157091520496,0.36743153817724006,-0.43491878795682787
00201920_03,02019,1,T1,T1,fusion;C=0.03,uncalibrated_linear_svm_margin,0.07443702691933152,-1.2773180741998997,-0.5983701542267023,-1.3020617597969326
00201920_05,02019,1,T3,T3,fusion;C=0.03,uncalibrated_linear_svm_margin,-0.6395791426442916,-0.6245974491291667,-0.5488353250350704,-0.6456060227867703
00201920_08,02019,1,T3,T3,fusion;C=0.03,uncalibrated_linear_svm_margin,-0.32444698308661774,-0.5754982540529128,-0.05953272437221757,-1.0381988505609843
00201920_13,02019,1,T1,T3,fusion;C=0.03,uncalibrated_linear_svm_margin,-1.2521519699247596,-0.5399254888778027,1.134309903606617,-0.7724783296328519
00202014_00,02020,1,T3,T3,fusion;C=0.03,uncalibrated_linear_svm_margin,-0.709080662316829,-0.6832991475731642,0.7898260957211383,-0.8954357427285904
00202014_01,02020,1,T1,T4,fusion;C=0.03,uncalibrated_linear_svm_margin,-0.08457935690949858,-1.7513284386045378,-1.8966695448907378,0.07773086270343399
00202014_03,02020,1,T2,T2,fusion;C=0.03,uncalibrated_linear_svm_margin,-0.8524570252397381,0.1900001851819071,-1.5650598082858695,-0.5715228293109187
00202014_04,02020,1,T4,T4,fusion;C=0.03,uncalibrated_linear_svm_margin,-0.5842593191444647,-0.8608728290919381,-1.7402555950219436,0.3468725433211557
00202014_06,02020,1,T4,T4,fusion;C=0.03,uncalibrated_linear_svm_margin,-0.3546200471040598,-1.0748438317434628,-1.300306964142735,0.29612198765864495
00202014_07,02020,1,T1,T1,fusion;C=0.03,uncalibrated_linear_svm_margin,0.8452460991049754,-1.69085547751257,-1.0889622009670152,-0.8185211068968108
00202014_08,02020,1,T1,T3,fusion;C=0.03,uncalibrated_linear_svm_margin,-0.7530980171947709,-1.4008970565290408,0.3156041824771385,-0.3522509245771215
00202017_01,02020,1,T4,T4,fusion;C=0.03,uncalibrated_linear_svm_margin,-1.0280796562116594,-0.42927206614899305,-1.4747726733748148,0.2300025758646843
00202017_03,02020,1,T2,T3,fusion;C=0.03,uncalibrated_linear_svm_margin,-0.5352388762237266,-0.20988079931847853,-0.14204369192131594,-1.1179462289571438
00202020_00,02020,1,T3,T4,fusion;C=0.03,uncalibrated_linear_svm_margin,-0.3432897563367183,-1.2607516252756379,-0.3434845039482447,-0.08577787109525048
00202020_01,02020,1,T1,T1,fusion;C=0.03,uncalibrated_linear_svm_margin,-0.19804546066476025,-0.3946388365227122,-1.4098412762940904,-0.616210176079344
00202020_05,02020,1,T3,T3,fusion;C=0.03,uncalibrated_linear_svm_margin,-0.3826063585917583,-0.7882839329314055,-0.35645441064500605,-0.3617525083787201
00202020_06,02020,1,T1,T4,fusion;C=0.03,uncalibrated_linear_svm_margin,-0.6341091459127735,-1.4311491726417795,-0.5739141058343077,0.3964071050792849
00202020_08,02020,1,T3,T2,fusion;C=0.03,uncalibrated_linear_svm_margin,-1.1958383260527565,-0.19108521975623977,-0.4597730470916998,-0.25093673017956186
00202020_13,02020,1,T1,T1,fusion;C=0.03,uncalibrated_linear_svm_margin,2.488339899447182,-3.452107856873369,-3.1468114418771176,-0.8929550304305001
00202020_15,02020,1,T2,T2,fusion;C=0.03,uncalibrated_linear_svm_margin,-0.29818798631244714,0.20889758555778937,-0.6285008295281623,-1.64241953397811
00202114_00,02021,1,T3,T4,fusion;C=0.1,uncalibrated_linear_svm_margin,-0.7829076030032754,-0.9921163938326117,-0.7593694066499934,-0.3592361981368394
00202114_01,02021,1,T1,T1,fusion;C=0.1,uncalibrated_linear_svm_margin,-0.7313257348303663,-0.9239467229236799,-1.1772025704613034,-0.75428121157303
00202114_04,02021,1,T4,T4,fusion;C=0.1,uncalibrated_linear_svm_margin,-1.886853600478803,-1.2195366315637768,-0.26374244813779035,0.5925677664242955
00202114_06,02021,1,T4,T4,fusion;C=0.1,uncalibrated_linear_svm_margin,-0.2971865692339477,-0.7087889104603631,-1.5672870376506705,-0.1898572722252343
00202117_01,02021,1,T4,T4,fusion;C=0.1,uncalibrated_linear_svm_margin,-1.0427637885422607,-0.638026577024538,-1.5587681361859056,-0.32589756555877253
00202120_00,02021,1,T3,T2,fusion;C=0.1,uncalibrated_linear_svm_margin,-2.163178508717432,-0.2470809910274313,-0.3343618108973918,-0.43672630139264834
00202120_01,02021,1,T1,T1,fusion;C=0.1,uncalibrated_linear_svm_margin,-0.17860406353338348,-0.5518280207730761,-0.8713736819243735,-0.43866234177818997
00202120_03,02021,1,T1,T1,fusion;C=0.1,uncalibrated_linear_svm_margin,3.1679804277256114,-5.00071558731109,2.1031409728430135,-7.621238122807835
00202120_05,02021,1,T3,T3,fusion;C=0.1,uncalibrated_linear_svm_margin,-1.3136985848922316,-0.44786681359653635,0.43952282324895386,-1.1122533507129968
00202120_15,02021,1,T2,T2,fusion;C=0.1,uncalibrated_linear_svm_margin,-1.248321374531837,1.8828059625930291,-2.5429341159960606,-2.0858245363979155
00202214_00,02022,1,T3,T2,fusion;C=0.03,uncalibrated_linear_svm_margin,-0.029846879994657738,0.2605419660380972,-1.3310947367315618,-1.7431572438497163
00202214_01,02022,1,T1,T3,fusion;C=0.03,uncalibrated_linear_svm_margin,-1.9967162530420979,0.017091766035906675,1.078769832132918,-1.5245036914864254
00202214_03,02022,1,T2,T2,fusion;C=0.03,uncalibrated_linear_svm_margin,-0.21990298433779742,0.048277172505696186,-0.9227696043848596,-1.1239059200834003
00202214_04,02022,1,T4,T4,fusion;C=0.03,uncalibrated_linear_svm_margin,-0.5307386087867761,-0.511567273760683,-1.1628329608412635,0.04659446295859465
00202214_06,02022,1,T4,T1,fusion;C=0.03,uncalibrated_linear_svm_margin,-0.007461315440424832,-1.4287426178401348,-0.11680047681582617,-0.4330883961129795
00202214_07,02022,1,T1,T1,fusion;C=0.03,uncalibrated_linear_svm_margin,0.7538786405933131,-1.7927571632836805,-0.664058418490798,-0.3091446569675529
00202214_08,02022,1,T1,T4,fusion;C=0.03,uncalibrated_linear_svm_margin,-0.5553349891350672,-1.613183083833603,-0.9741843795833068,0.6305962323703402
00202217_01,02022,1,T4,T4,fusion;C=0.03,uncalibrated_linear_svm_margin,-0.4852127820125295,-0.5847871691016852,-1.3468197600131968,0.1002926499290962
00202217_03,02022,1,T2,T2,fusion;C=0.03,uncalibrated_linear_svm_margin,-0.43398099007120317,0.30976390115027574,-1.1013803886513376,-0.9321186371453674
00202220_00,02022,1,T3,T3,fusion;C=0.03,uncalibrated_linear_svm_margin,-0.5774191712516833,-0.2282678636185147,-0.00034360569974334343,-0.8884906936571155
00202220_01,02022,1,T1,T2,fusion;C=0.03,uncalibrated_linear_svm_margin,-0.5241593458452136,0.31460090696786347,-1.1328657370186566,-0.7300770043701461
00202220_03,02022,1,T1,T3,fusion;C=0.03,uncalibrated_linear_svm_margin,-0.06677083607298023,-1.390108660054301,0.6936056959905913,-0.46395038004631534
00202220_05,02022,1,T3,T2,fusion;C=0.03,uncalibrated_linear_svm_margin,-0.3634229310168807,0.12962977977401857,-1.5363532134638245,-0.6110172298229928
00202220_06,02022,1,T1,T1,fusion;C=0.03,uncalibrated_linear_svm_margin,0.32935269649471943,-0.6874186948079668,-0.2773258478646238,-1.2269683517970018
00202220_08,02022,1,T3,T2,fusion;C=0.03,uncalibrated_linear_svm_margin,-1.7656818403353884,0.8463253811913709,-0.1470115568217646,-1.1806538054262248
00202220_13,02022,1,T1,T3,fusion;C=0.03,uncalibrated_linear_svm_margin,-0.388281412498782,-0.783954693341095,-0.22059092119015966,-0.4611510156997314
00202220_15,02022,1,T2,T2,fusion;C=0.03,uncalibrated_linear_svm_margin,-1.7072079842280976,0.9197446060373697,-0.7859782751910571,-0.3217494562751198
00202401_01,02024,1,T2,T4,fusion;C=0.03,uncalibrated_linear_svm_margin,-1.118986542303191,-0.6360024116238262,-0.9809166489868015,0.1193243066964293
00202401_03,02024,1,T4,T4,fusion;C=0.03,uncalibrated_linear_svm_margin,-0.20216056249737702,-0.9769745490068132,-1.1676552337365302,-0.19892038658081101
00202401_05,02024,1,T1,T4,fusion;C=0.03,uncalibrated_linear_svm_margin,-0.4111481301798686,-1.2220055877792295,-1.677052715173041,0.20089044667383144
00202401_06,02024,1,T2,T2,fusion;C=0.03,uncalibrated_linear_svm_margin,-1.4228501777471294,0.7909950023434965,-0.3481407077490589,-1.13151549941239
00202401_07,02024,1,T4,T4,fusion;C=0.03,uncalibrated_linear_svm_margin,-1.172893641594452,-0.8894984674245351,-0.7927796017329775,0.2036477649777642
00202401_09,02024,1,T1,T1,fusion;C=0.03,uncalibrated_linear_svm_margin,0.37701541399650507,-0.3217973425742495,-2.0706834345554586,-0.6411228848240929
00202401_10,02024,1,T2,T2,fusion;C=0.03,uncalibrated_linear_svm_margin,-1.6724698234352966,0.43558649913333014,-0.6940290423052405,-0.09946036788333784
00202407_02,02024,1,T4,T4,fusion;C=0.03,uncalibrated_linear_svm_margin,-1.2526063098745754,-0.5624980178962803,-0.9886117167725423,0.21401799288888573
00202407_03,02024,1,T2,T2,fusion;C=0.03,uncalibrated_linear_svm_margin,-0.35867231659982507,-0.20107207120155945,-1.8763453050114034,-1.0207182173234524
00202407_04,02024,1,T4,T4,fusion;C=0.03,uncalibrated_linear_svm_margin,-0.1169151276203732,-1.8494741483834902,-1.3505167433685363,0.06235915508497042
00202407_05,02024,1,T4,T2,fusion;C=0.03,uncalibrated_linear_svm_margin,-1.1994763823814634,-0.10571366025256912,-0.26126950956337447,-0.3495898818034977
00202407_06,02024,1,T1,T1,fusion;C=0.03,uncalibrated_linear_svm_margin,0.7055969732184795,-0.6740315203837693,-1.7616721888652227,-1.268600221901916
00202407_07,02024,1,T1,T2,fusion;C=0.03,uncalibrated_linear_svm_margin,-0.3793770770058506,0.37038122895005177,-1.2415187010873003,-1.2034802903879442
00202408_00,02024,1,T2,T4,fusion;C=0.03,uncalibrated_linear_svm_margin,-0.6963112289815401,-1.135145270309938,-0.4352798014025846,-0.06924196870698707
00202408_02,02024,1,T4,T4,fusion;C=0.03,uncalibrated_linear_svm_margin,-0.9249538789553529,-1.1304834436174063,-1.3882500644176616,0.5953284785841935
00202408_04,02024,1,T3,T4,fusion;C=0.03,uncalibrated_linear_svm_margin,-0.817543595756464,-1.1184977513228351,-0.6521211530851643,0.39703410612831175
00202408_05,02024,1,T4,T4,fusion;C=0.03,uncalibrated_linear_svm_margin,-1.6660643401849047,-1.2902161498647486,-1.7816240221964592,0.9860425775345858
00202408_07,02024,1,T2,T2,fusion;C=0.03,uncalibrated_linear_svm_margin,-1.781345280177079,0.5834279123304996,-0.9038590424341055,-0.5626170885737447
00202409_03,02024,1,T1,T4,fusion;C=0.03,uncalibrated_linear_svm_margin,-1.3144880391003344,-0.5325044223748082,-1.0570316754310127,0.4195924097754436
00202409_10,02024,1,T4,T4,fusion;C=0.03,uncalibrated_linear_svm_margin,-0.9663985468135812,-0.9950319655496734,-1.2690624149004424,0.3515286974831237
00202409_11,02024,1,T4,T2,fusion;C=0.03,uncalibrated_linear_svm_margin,-1.300931989667175,0.014676387904953514,-1.2331170430398448,-0.3710491210983334
00202411_01,02024,1,T1,T4,fusion;C=0.03,uncalibrated_linear_svm_margin,-0.5965330440801699,-1.240353958971637,-1.6002689532507142,0.6286124200358745
00202411_06,02024,1,T2,T2,fusion;C=0.03,uncalibrated_linear_svm_margin,-0.5730802887360308,0.9094173883914135,-0.4980576688246118,-1.5263345242546569
00202411_07,02024,1,T4,T4,fusion;C=0.03,uncalibrated_linear_svm_margin,-0.9940755774089023,-1.3855086342763507,-1.7828880891000982,0.6473211285393685
00202411_08,02024,1,T3,T3,fusion;C=0.03,uncalibrated_linear_svm_margin,-1.7153189708075356,-0.4838498020349271,-0.04607000231099334,-0.5216641797460111
00202411_10,02024,1,T2,T2,fusion;C=0.03,uncalibrated_linear_svm_margin,-0.9942307857175906,0.632110779928804,-1.4162991116703498,-0.9044008494606974
00202411_11,02024,1,T4,T4,fusion;C=0.03,uncalibrated_linear_svm_margin,-1.323681858529701,-2.019799031990576,-0.9459831528913737,1.0434408062521356
00202413_02,02024,1,T4,T4,fusion;C=0.03,uncalibrated_linear_svm_margin,-0.5117579179803363,-0.5347229616385332,-1.4002528779188763,-0.08341954657319711
00202413_03,02024,1,T4,T4,fusion;C=0.03,uncalibrated_linear_svm_margin,-0.722031708185934,-0.41785146641753135,-2.025323445113895,0.3244688032091388
00202413_06,02024,1,T1,T4,fusion;C=0.03,uncalibrated_linear_svm_margin,-0.32670976295678233,-1.0566571803003995,-0.6130769984929707,-0.10566965113710519
00202413_08,02024,1,T2,T2,fusion;C=0.03,uncalibrated_linear_svm_margin,-1.4338874382471298,0.6095058497094646,-0.737069734215712,-0.7776361181556299
00202413_09,02024,1,T4,T4,fusion;C=0.03,uncalibrated_linear_svm_margin,-1.504480189518243,-1.0436000969284391,-1.2982836124254435,0.8626066842165669
00202413_10,02024,1,T4,T4,fusion;C=0.03,uncalibrated_linear_svm_margin,-0.9941587409565963,-1.6141073184112198,-0.5379613479874749,0.30592156500430684
00202418_01,02024,1,T4,T4,fusion;C=0.03,uncalibrated_linear_svm_margin,-0.8488878824025852,-0.5598062339716093,-1.3531286914640601,0.3707417880035993
00202418_02,02024,1,T1,T1,fusion;C=0.03,uncalibrated_linear_svm_margin,0.42283478337424885,-0.5025374012189657,-2.0961741833744143,-0.5923631084390686
00202418_03,02024,1,T1,T3,fusion;C=0.03,uncalibrated_linear_svm_margin,-0.04323523911471994,-1.4057852281551346,0.4260558102774602,-0.8030162567229489
00202418_04,02024,1,T2,T3,fusion;C=0.03,uncalibrated_linear_svm_margin,-0.741640842061903,-0.41098475974322324,-0.13141464505884148,-0.884278891198644
00202418_06,02024,1,T1,T1,fusion;C=0.03,uncalibrated_linear_svm_margin,0.6362830221138711,-0.4218403236880889,-1.9007931084334873,-0.794809859085154
00202418_08,02024,1,T1,T4,fusion;C=0.03,uncalibrated_linear_svm_margin,-0.1160737485520561,-1.299591785279766,-2.022087993743075,0.2508128407091384
00202418_10,02024,1,T2,T2,fusion;C=0.03,uncalibrated_linear_svm_margin,-1.4076291274049664,0.7943230789819785,0.016254585321961224,-1.3985953375333375
00202420_00,02024,1,T4,T2,fusion;C=0.03,uncalibrated_linear_svm_margin,-0.7875028045035182,0.15549759130848007,-1.5685349592060938,-0.8411103043519907
00202420_03,02024,1,T1,T3,fusion;C=0.03,uncalibrated_linear_svm_margin,-0.6365124200423586,-2.318721102271854,0.4810004840234988,0.016924710431137968
00202420_05,02024,1,T4,T4,fusion;C=0.03,uncalibrated_linear_svm_margin,-1.2061961665326681,-1.2133181012043646,-0.9240488867774954,0.33555038888699334
00202420_06,02024,1,T2,T1,fusion;C=0.03,uncalibrated_linear_svm_margin,-0.09389184912391613,-0.33539904930391273,-1.794125607017472,-0.2336892104907911
00202420_08,02024,1,T4,T4,fusion;C=0.03,uncalibrated_linear_svm_margin,-1.687192676665864,-0.1971882456529137,-0.892972262324842,-0.14223309729720685
00202424_01,02024,1,T4,T4,fusion;C=0.03,uncalibrated_linear_svm_margin,-1.0696523826911695,-1.079836840191541,-0.8116092813747402,0.17901082210627
00202424_03,02024,1,T1,T1,fusion;C=0.03,uncalibrated_linear_svm_margin,0.9912739544500782,-1.0963285765845012,-0.9322368584600846,-1.2157679643263637
00202424_04,02024,1,T2,T4,fusion;C=0.03,uncalibrated_linear_svm_margin,-0.7522686945301422,-1.043112090193635,-0.4408305009533484,-0.321844622940339
00202426_00,02024,1,T4,T4,fusion;C=0.03,uncalibrated_linear_svm_margin,-0.841610751301511,-0.9862592553757161,-1.2408720572687915,0.47389361070120567
00202426_02,02024,1,T2,T2,fusion;C=0.03,uncalibrated_linear_svm_margin,-0.950962436705004,0.34080798288985037,-0.02507710482451453,-1.233968561020001
00202426_03,02024,1,T4,T4,fusion;C=0.03,uncalibrated_linear_svm_margin,-0.7900145527170949,-1.3318682920637037,-2.171943718081997,0.9404629679192535
00202426_04,02024,1,T4,T4,fusion;C=0.03,uncalibrated_linear_svm_margin,-0.9912904204121762,-1.0651728897951254,-1.5515333170735066,0.42636819374309304
00202426_05,02024,1,T1,T1,fusion;C=0.03,uncalibrated_linear_svm_margin,0.13502884259418657,-0.726975456019835,-1.2837406550073842,-0.23456515445002069
00202426_06,02024,1,T4,T4,fusion;C=0.03,uncalibrated_linear_svm_margin,-1.3304599025366122,-1.9096132564781718,-1.3856344934690068,0.9763707489711946
00202426_07,02024,1,T1,T1,fusion;C=0.03,uncalibrated_linear_svm_margin,-0.0286641819846446,-0.40015117436262665,-1.8291465860070288,-0.3580827963624241
00202426_08,02024,1,T3,T3,fusion;C=0.03,uncalibrated_linear_svm_margin,-4.3341916456490495,-0.22574465649238162,-0.017574687811968914,-0.28595753217413394
00202426_09,02024,1,T3,T4,fusion;C=0.03,uncalibrated_linear_svm_margin,-2.0793892871027633,-1.009949954349588,-0.034599997951113126,0.22349066482889696
00202426_10,02024,1,T4,T1,fusion;C=0.03,uncalibrated_linear_svm_margin,1.3348422896366317,-0.4003585187998976,-2.128841348005284,-1.5627716863433079
00202428_00,02024,1,T4,T4,fusion;C=0.03,uncalibrated_linear_svm_margin,-1.4781489886095742,-1.4901537856180935,-1.5313539938178913,1.3761234203183197
00202428_01,02024,1,T2,T2,fusion;C=0.03,uncalibrated_linear_svm_margin,-1.8041495171074768,0.9112540592171431,-1.088489182798062,-0.8127985728049977
00202428_02,02024,1,T4,T4,fusion;C=0.03,uncalibrated_linear_svm_margin,-0.47140462145354567,-1.6723727767559993,-2.17956777601823,0.9795463379580633
00202428_03,02024,1,T2,T2,fusion;C=0.03,uncalibrated_linear_svm_margin,-1.974123514054865,1.4361617425586473,-0.20496669207469542,-1.5279117396721584
00202428_04,02024,1,T3,T4,fusion;C=0.03,uncalibrated_linear_svm_margin,-2.04099180293573,-0.3572791647834235,-1.4606952132760873,0.8351952709748314
00202428_05,02024,1,T4,T4,fusion;C=0.03,uncalibrated_linear_svm_margin,-1.5991303054443493,-1.1597452555503591,-0.933028767971406,0.7414316646407766
00202428_07,02024,1,T3,T2,fusion;C=0.03,uncalibrated_linear_svm_margin,-2.7975214161409068,0.6959763237618061,0.41289531746041963,-0.755531062181324
00202429_02,02024,1,T4,T4,fusion;C=0.03,uncalibrated_linear_svm_margin,-1.4985630937628904,-0.4261218147389707,-2.679421771888211,1.4288793416775882
00202429_03,02024,1,T3,T3,fusion;C=0.03,uncalibrated_linear_svm_margin,-1.05036056599157,-0.5151493906038764,0.4106838897991695,-1.0689353341422785
00202429_04,02024,1,T1,T1,fusion;C=0.03,uncalibrated_linear_svm_margin,0.4564966231316303,-0.7851450355930054,-1.919595167715396,-0.42383203314815726
00202429_05,02024,1,T1,T4,fusion;C=0.03,uncalibrated_linear_svm_margin,0.13077184344120374,-1.79717796006973,-2.159317610056636,0.21835520322460805
00202429_07,02024,1,T2,T1,fusion;C=0.03,uncalibrated_linear_svm_margin,0.28719339253558374,-0.10582344191932225,-0.8907821673975768,-1.3105511031511365
00202429_08,02024,1,T3,T4,fusion;C=0.03,uncalibrated_linear_svm_margin,-5.769618515154111,-1.479246241045698,0.25945431688460296,2.123530320532742
00202429_10,02024,1,T4,T4,fusion;C=0.03,uncalibrated_linear_svm_margin,-1.0181220458337155,-0.8495790172063383,-1.8938911179918034,0.672579990711482
00202801_01,02028,1,T2,T3,fusion;C=0.03,uncalibrated_linear_svm_margin,-1.2426533916623579,-0.17080552497596657,0.06147891075032996,-0.3091821708528133
00202801_05,02028,1,T1,T4,fusion;C=0.03,uncalibrated_linear_svm_margin,-0.27247916478709167,-0.48047249374930895,-1.1075642072819618,-0.22096287649373186
00202801_06,02028,1,T2,T2,fusion;C=0.03,uncalibrated_linear_svm_margin,-1.17055346341657,0.3144442586512204,-0.6892177409848799,-0.4583816179163988
00202801_07,02028,1,T4,T3,fusion;C=0.03,uncalibrated_linear_svm_margin,-0.6248993235249742,-1.1913699541025569,0.22766815074765157,-0.374077310546193
00202801_10,02028,1,T2,T1,fusion;C=0.03,uncalibrated_linear_svm_margin,0.09318621487027734,-0.7897637891623488,-2.840287469625869,-0.9576968284947498
00202807_06,02028,1,T1,T4,fusion;C=0.03,uncalibrated_linear_svm_margin,-0.34366718463284285,-1.135257897474539,-0.6431195661111376,-0.2601690411437021
00202808_00,02028,1,T2,T4,fusion;C=0.03,uncalibrated_linear_svm_margin,-0.9210592271190751,-0.4041415582558666,-1.2292210892395485,0.12739297412500145
00202808_02,02028,1,T4,T3,fusion;C=0.03,uncalibrated_linear_svm_margin,-0.567303183304686,-0.6557943265686269,0.3407560575345169,-1.1348436324758349
00202808_05,02028,1,T4,T3,fusion;C=0.03,uncalibrated_linear_svm_margin,-1.5706149369175297,-0.8189599017439564,-0.328847897346602,-0.403962512386434
00202808_07,02028,1,T2,T2,fusion;C=0.03,uncalibrated_linear_svm_margin,-0.9286293010274361,0.8740846872848829,-1.5353074473552466,-0.6980621000510789
00202809_03,02028,1,T1,T4,fusion;C=0.03,uncalibrated_linear_svm_margin,-0.8603725151619186,-0.3073536103536601,-1.3865776512484758,0.27563393259571173
00202809_10,02028,1,T4,T2,fusion;C=0.03,uncalibrated_linear_svm_margin,-0.3652104619641694,-0.12158977132481241,-0.1604409102779506,-1.0796495646372875
00202809_11,02028,1,T4,T3,fusion;C=0.03,uncalibrated_linear_svm_margin,-0.6135854204363217,-1.2326934850100442,-0.2379335812527863,-0.5673419518511945
00202811_01,02028,1,T1,T3,fusion;C=0.03,uncalibrated_linear_svm_margin,-0.4409279969274102,-1.2796016399198216,0.4090857569478715,-0.649895045390974
00202811_07,02028,1,T4,T1,fusion;C=0.03,uncalibrated_linear_svm_margin,0.6170475744628579,-1.0584021953910052,-0.969782234075487,-0.8341449789019697
00202811_08,02028,1,T3,T3,fusion;C=0.03,uncalibrated_linear_svm_margin,-0.97289745356755,-1.0782725553875925,0.15700065643593575,-0.40800806078371976
00202813_06,02028,1,T1,T1,fusion;C=0.03,uncalibrated_linear_svm_margin,1.4879005459260892,-2.818514567329375,-1.3781865513934197,-1.6749915335104364
00202813_10,02028,1,T4,T1,fusion;C=0.03,uncalibrated_linear_svm_margin,-0.17684193939959414,-1.3238783624634194,-0.9590979500415631,-0.3025297234768205
00202818_01,02028,1,T4,T2,fusion;C=0.03,uncalibrated_linear_svm_margin,-1.4789982675008706,0.2848838548668783,-0.4421930091829901,-0.607191065614439
00202818_02,02028,1,T1,T1,fusion;C=0.03,uncalibrated_linear_svm_margin,-0.2519877492657644,-0.9525098408023154,-0.6286067186181301,-1.236429888788168
00202818_03,02028,1,T1,T1,fusion;C=0.03,uncalibrated_linear_svm_margin,1.3910655266395584,-1.6178372097479092,-3.661618378354047,-1.3026236079958224
00202818_04,02028,1,T2,T2,fusion;C=0.03,uncalibrated_linear_svm_margin,-0.8373029035948706,0.09224767517585586,-0.12697142232434888,-0.9973258080565737
00202818_06,02028,1,T1,T1,fusion;C=0.03,uncalibrated_linear_svm_margin,0.027402487823014576,-1.387763957992567,-0.9305905277477122,-0.119434636223343
00202818_08,02028,1,T1,T4,fusion;C=0.03,uncalibrated_linear_svm_margin,-0.623571779596857,-0.6067463069962508,-1.2405870094212679,-0.454676345117517
00202818_10,02028,1,T2,T2,fusion;C=0.03,uncalibrated_linear_svm_margin,-0.9784074623230747,1.129294320843336,-1.3220924400467147,-1.2751857876804662
00202820_00,02028,1,T4,T1,fusion;C=0.03,uncalibrated_linear_svm_margin,-0.10105722906951681,-0.6081374562639487,-1.0666520357885931,-0.2621395118219464
00202820_03,02028,1,T1,T1,fusion;C=0.03,uncalibrated_linear_svm_margin,0.27335513408266443,-2.1478994825753057,-0.7424381613221434,-0.037812361992308696
00202820_05,02028,1,T4,T2,fusion;C=0.03,uncalibrated_linear_svm_margin,-0.9886057600947431,0.36267568485049995,-0.7918359173981684,-0.7840170320169928
00202820_08,02028,1,T4,T1,fusion;C=0.03,uncalibrated_linear_svm_margin,0.1241324540438915,-0.3782585924982679,-1.4103677719539178,-0.8303659947334361
00202824_03,02028,1,T1,T1,fusion;C=0.03,uncalibrated_linear_svm_margin,0.37764228895564456,-0.2781236650028971,-1.5544807142519148,-0.6863553339725157
00202824_04,02028,1,T2,T2,fusion;C=0.03,uncalibrated_linear_svm_margin,-0.48373054355807266,0.1192367967620005,-0.9026015668459977,-0.9816241595611155
00202826_00,02028,1,T4,T1,fusion;C=0.03,uncalibrated_linear_svm_margin,-0.09803502634567113,-0.44570990963106993,-0.8675760413573828,-0.6097847999422775
00202826_02,02028,1,T2,T2,fusion;C=0.03,uncalibrated_linear_svm_margin,-1.1777452985286658,0.031245314130037283,-0.9457189282674963,-0.5897265859688005
00202826_04,02028,1,T4,T1,fusion;C=0.03,uncalibrated_linear_svm_margin,-0.310459322321863,-1.2682938355873676,-0.9413399950162398,-0.3600810989871528
00202826_05,02028,1,T1,T1,fusion;C=0.03,uncalibrated_linear_svm_margin,0.32785725819385236,-1.2240145394168356,-0.38624109927530204,-0.9435978101484941
00202826_06,02028,1,T4,T4,fusion;C=0.03,uncalibrated_linear_svm_margin,-0.5224223006397535,-0.7793048485046509,-0.48023078051085993,-0.4039503303654885
00202826_07,02028,1,T1,T1,fusion;C=0.03,uncalibrated_linear_svm_margin,0.10197148362276831,-1.3291749590307056,-0.8181558711379691,-0.5116616485004799
00202826_08,02028,1,T3,T1,fusion;C=0.03,uncalibrated_linear_svm_margin,-0.07422703451747925,-1.287023183741284,-0.20316090797069863,-0.5215019523696192
00202826_09,02028,1,T3,T4,fusion;C=0.03,uncalibrated_linear_svm_margin,-0.44301884923678037,-0.3449658259373988,-0.4508210756045369,-0.3313395343482582
00202826_10,02028,1,T4,T1,fusion;C=0.03,uncalibrated_linear_svm_margin,-0.11349199873155202,-0.5863867587787188,-0.756095763383048,-0.6665381884648115
00202828_00,02028,1,T4,T1,fusion;C=0.03,uncalibrated_linear_svm_margin,-0.14200993047190713,-1.221754336803441,-0.8719044990121845,-0.42149947355948414
00202828_01,02028,1,T2,T2,fusion;C=0.03,uncalibrated_linear_svm_margin,-0.04898204322135524,0.43886042062697195,-1.2983602345693823,-1.552894905815933
00202828_03,02028,1,T2,T2,fusion;C=0.03,uncalibrated_linear_svm_margin,-1.013438904013236,0.7564289183628008,-1.670951680811661,-0.8834872530217865
00202828_04,02028,1,T3,T4,fusion;C=0.03,uncalibrated_linear_svm_margin,-0.5616991439545951,-0.6292935010868057,-0.8012708247500107,-0.4251520562279794
00202828_05,02028,1,T4,T1,fusion;C=0.03,uncalibrated_linear_svm_margin,0.17918252899424925,-0.5598114144375337,-1.0583681341998616,-0.7408687412597353
00202828_07,02028,1,T3,T1,fusion;C=0.03,uncalibrated_linear_svm_margin,0.20387275661900484,-1.003901384037374,-0.6091613916983312,-0.6111756689439389
00202829_02,02028,1,T4,T2,fusion;C=0.03,uncalibrated_linear_svm_margin,-0.9075786714457074,0.17431082480537308,-0.40673304340004746,-0.894801520650055
00202829_03,02028,1,T3,T3,fusion;C=0.03,uncalibrated_linear_svm_margin,-0.6451827667850248,-0.5064076474796786,-0.1945883760149495,-0.48312439886091973
00202829_04,02028,1,T1,T1,fusion;C=0.03,uncalibrated_linear_svm_margin,0.09324622630193646,-0.5604901960023114,-0.6401200000733513,-1.275364556115433
00202829_05,02028,1,T1,T4,fusion;C=0.03,uncalibrated_linear_svm_margin,-0.28042699653955394,-1.024993308126087,-1.400766662906354,-0.13731170570123202
00202829_08,02028,1,T3,T4,fusion;C=0.03,uncalibrated_linear_svm_margin,-0.7264027619884589,-1.3477828375766907,-0.44522799647198,-0.020927789588683854
00202829_10,02028,1,T4,T4,fusion;C=0.03,uncalibrated_linear_svm_margin,-0.36859023787582834,-1.650301565573303,-1.5013192469444823,0.42447909166998016
00202901_01,02029,1,T2,T2,fusion;C=0.03,uncalibrated_linear_svm_margin,-0.26712731526119216,0.051855965274504534,-1.6311976090915943,-0.7582032757910415
00202901_03,02029,1,T4,T4,fusion;C=0.03,uncalibrated_linear_svm_margin,-0.9561826401711349,-0.8061401330156409,-0.44206764334948834,0.1339934464374875
00202901_05,02029,1,T1,T4,fusion;C=0.03,uncalibrated_linear_svm_margin,-0.28154662486219995,-0.7552840623984667,-1.1208700059940244,-0.15245292332145716
00202901_06,02029,1,T2,T2,fusion;C=0.03,uncalibrated_linear_svm_margin,-0.6882537348032997,0.19064572594876572,-0.6866633750413633,-0.9254199712728538
00202901_07,02029,1,T4,T4,fusion;C=0.03,uncalibrated_linear_svm_margin,-0.49662948728658535,-1.4939494024242708,-0.4567802416095309,-0.263955475641759
00202901_10,02029,1,T2,T4,fusion;C=0.03,uncalibrated_linear_svm_margin,-0.722069391656543,-0.37919418308176406,-0.7848444889877151,-0.19518424469563075
00202907_02,02029,1,T4,T1,fusion;C=0.03,uncalibrated_linear_svm_margin,0.20444035694587193,-0.7944295879540455,-0.18322665413227868,-1.2157685736263577
00202907_03,02029,1,T2,T2,fusion;C=0.03,uncalibrated_linear_svm_margin,-0.509584772056429,-0.09292958049009903,-0.848693544787902,-0.7074208038095162
00202907_04,02029,1,T4,T1,fusion;C=0.03,uncalibrated_linear_svm_margin,0.020718741295978393,-1.1327087147233459,-0.10415569451342066,-0.7369990662046739
00202907_05,02029,1,T4,T1,fusion;C=0.03,uncalibrated_linear_svm_margin,-0.18122703981525157,-0.9319720622903968,-0.25539524346900644,-1.0589092111053087
00202907_06,02029,1,T1,T1,fusion;C=0.03,uncalibrated_linear_svm_margin,0.13959697622563494,-0.45659229640626725,-0.5747829574489003,-1.3799099114292366
00202907_07,02029,1,T1,T1,fusion;C=0.03,uncalibrated_linear_svm_margin,0.13531276232296996,-0.9465345103352709,-0.5161051830997121,-1.0037019205876359
00202908_00,02029,1,T2,T4,fusion;C=0.03,uncalibrated_linear_svm_margin,-0.44269305893077526,-0.5897678084703449,-0.7655897621877374,-0.17104544384422377
00202908_02,02029,1,T4,T4,fusion;C=0.03,uncalibrated_linear_svm_margin,-0.5459407416040103,-0.9520240385267127,-1.7384573604373648,0.6518853898308994
00202908_04,02029,1,T3,T3,fusion;C=0.03,uncalibrated_linear_svm_margin,-0.40254305166228077,-1.5415999579931468,1.0784877168209794,-0.7287950866009538
00202908_05,02029,1,T4,T4,fusion;C=0.03,uncalibrated_linear_svm_margin,-0.812132143764951,-0.8722036692248244,-1.3931313729594292,-0.1031884851921746
00202908_07,02029,1,T2,T2,fusion;C=0.03,uncalibrated_linear_svm_margin,-0.6369843291318158,-0.15190857310049588,-1.047458040787963,-0.6883629675422145
00202909_10,02029,1,T4,T4,fusion;C=0.03,uncalibrated_linear_svm_margin,-0.24373537627304387,-0.7266016240957881,-1.084428408938977,-0.15827258969553432
00202909_11,02029,1,T4,T4,fusion;C=0.03,uncalibrated_linear_svm_margin,-1.123023056277825,-1.855670720773247,0.15542852419608433,0.3131605104256115
00202911_01,02029,1,T1,T3,fusion;C=0.03,uncalibrated_linear_svm_margin,-0.39738397084081895,-0.44654327928698134,-0.12802286691935127,-0.993025862765744
00202911_06,02029,1,T2,T2,fusion;C=0.03,uncalibrated_linear_svm_margin,-0.6901683232160285,0.46371049240085416,-1.7262583646556684,-0.5303232335620298
00202911_07,02029,1,T4,T4,fusion;C=0.03,uncalibrated_linear_svm_margin,-0.8584843642715841,-1.1127851886711175,-0.5790023808554299,4.655257282321079e-05
00202911_08,02029,1,T3,T3,fusion;C=0.03,uncalibrated_linear_svm_margin,-1.4250222876622356,-1.1019221138106228,0.28023179112931695,0.19677201983024678
00202911_10,02029,1,T2,T1,fusion;C=0.03,uncalibrated_linear_svm_margin,0.35330377407684066,-0.5109536347285906,-2.304027817124771,-0.5814515528144542
00202911_11,02029,1,T4,T4,fusion;C=0.03,uncalibrated_linear_svm_margin,-0.8078864951799527,-1.277560320335887,-0.9563218024647199,0.1982421506410243
00202913_02,02029,1,T4,T4,fusion;C=0.03,uncalibrated_linear_svm_margin,-1.0471465000614693,-1.36488857730881,-0.5649895640759289,0.28220111757072425
00202913_03,02029,1,T4,T4,fusion;C=0.03,uncalibrated_linear_svm_margin,0.03492260153750759,-2.415633323542691,-0.7480262275591819,0.46756870296102676
00202913_06,02029,1,T1,T4,fusion;C=0.03,uncalibrated_linear_svm_margin,-1.0038256881727148,-0.7852357624031022,-0.2140543317324879,0.29790076288718687
00202913_08,02029,1,T2,T2,fusion;C=0.03,uncalibrated_linear_svm_margin,-0.1937688460322925,0.765750066098831,-1.555206375662268,-2.517566116353746
00202913_09,02029,1,T4,T1,fusion;C=0.03,uncalibrated_linear_svm_margin,0.7384324294888516,-1.3257477143932328,-2.495318720770591,-0.5888245452322305
00202913_10,02029,1,T4,T4,fusion;C=0.03,uncalibrated_linear_svm_margin,-0.6503421993206768,-1.896668694622905,-0.6848348832916732,0.08964973136704474
00202918_01,02029,1,T4,T4,fusion;C=0.03,uncalibrated_linear_svm_margin,-0.6568031386808281,-0.7321822927693096,-1.06930104490156,0.13439369906414772
00202918_02,02029,1,T1,T1,fusion;C=0.03,uncalibrated_linear_svm_margin,-0.261672348630039,-0.41254037586516573,-1.5028353465789812,-0.40539372445265215
00202918_03,02029,1,T1,T1,fusion;C=0.03,uncalibrated_linear_svm_margin,-0.20564606029807447,-1.4223131570687007,-1.05966314081224,-0.24031242579864406
00202918_04,02029,1,T2,T1,fusion;C=0.03,uncalibrated_linear_svm_margin,-0.3359587546162677,-0.45825823661583076,-0.4408365049210108,-0.6685071616301005
00202918_06,02029,1,T1,T1,fusion;C=0.03,uncalibrated_linear_svm_margin,0.17566662227496044,-1.3391634864832813,-0.3448680309494465,-0.556360432702369
00202918_08,02029,1,T1,T1,fusion;C=0.03,uncalibrated_linear_svm_margin,0.19663596218911517,-1.3382710216761877,-1.1562951502217476,-0.3018823880282964
00202918_10,02029,1,T2,T3,fusion;C=0.03,uncalibrated_linear_svm_margin,-0.695982868801224,-0.6886656256984944,-0.42134058708891714,-0.7086724173212398
00202920_00,02029,1,T4,T4,fusion;C=0.03,uncalibrated_linear_svm_margin,-0.17694087568813355,-1.487338442923376,-1.307253834214264,0.3046221207070768
00202920_03,02029,1,T1,T4,fusion;C=0.03,uncalibrated_linear_svm_margin,-1.0696678430385111,-0.777797712402424,-1.054084934280658,-0.43377440291607283
00202920_05,02029,1,T4,T4,fusion;C=0.03,uncalibrated_linear_svm_margin,-0.563763688412662,-0.9977374872457224,-1.0842901503861802,0.42367301186968215
00202920_06,02029,1,T2,T2,fusion;C=0.03,uncalibrated_linear_svm_margin,-0.05361725190929523,0.040501169313429286,-1.0106497260240666,-1.2757612063119035
00202920_08,02029,1,T4,T1,fusion;C=0.03,uncalibrated_linear_svm_margin,0.018704367714307057,-0.6291440757690396,-0.4564725773767134,-0.9485429653055566
00202924_01,02029,1,T4,T4,fusion;C=0.03,uncalibrated_linear_svm_margin,-0.7192962997262761,-1.6346873834647069,-1.2115295034854816,0.5737767052327112
00202924_03,02029,1,T1,T1,fusion;C=0.03,uncalibrated_linear_svm_margin,0.07154424046143448,-1.2263820804023045,-0.40851626855697865,-0.633524182962149
00202924_04,02029,1,T2,T3,fusion;C=0.03,uncalibrated_linear_svm_margin,-0.7131485277703301,-1.221994070824839,0.1105462210472713,-0.3304451315712098
00202926_00,02029,1,T4,T4,fusion;C=0.03,uncalibrated_linear_svm_margin,0.39141052088977357,-1.384324882979449,-2.2014039348349237,0.40002126906576213
00202926_02,02029,1,T2,T2,fusion;C=0.03,uncalibrated_linear_svm_margin,-0.7079338112872898,0.290586469949209,-0.6326353024489308,-1.1629573235298336
00202926_03,02029,1,T4,T1,fusion;C=0.03,uncalibrated_linear_svm_margin,-0.22616988208731148,-0.4396803326951946,-0.592894474544549,-0.5983457541834076
00202926_04,02029,1,T4,T2,fusion;C=0.03,uncalibrated_linear_svm_margin,-0.8035164885052991,0.6040707253659543,-1.8492221669708298,-0.07417968754617071
00202926_05,02029,1,T1,T4,fusion;C=0.03,uncalibrated_linear_svm_margin,-0.2825849582909724,-0.8358595505970432,-0.6492281274905178,-0.28102519375168733
00202926_06,02029,1,T4,T4,fusion;C=0.03,uncalibrated_linear_svm_margin,-0.7348322285146355,-1.7410344831106175,-1.5427561099986722,0.6897005345585179
00202926_07,02029,1,T1,T1,fusion;C=0.03,uncalibrated_linear_svm_margin,-0.05314686868494345,-1.3271523975570612,-0.5907785186050927,-0.29475642367006455
00202926_08,02029,1,T3,T2,fusion;C=0.03,uncalibrated_linear_svm_margin,-0.8546558871683325,0.4437958849319408,-0.5552311697007468,-0.9545921407474594
00202926_09,02029,1,T3,T2,fusion;C=0.03,uncalibrated_linear_svm_margin,-1.3441229240433628,0.2529152660494489,-0.3154006971304212,-0.7933849420700093
00202926_10,02029,1,T4,T2,fusion;C=0.03,uncalibrated_linear_svm_margin,-0.47104345101806366,-0.10792426845034697,-1.6244599231269463,-0.39600089141716016
00202928_00,02029,1,T4,T4,fusion;C=0.03,uncalibrated_linear_svm_margin,-0.569402394203187,-1.2854048424423148,-2.176460266858837,1.197778812538518
00202928_01,02029,1,T2,T2,fusion;C=0.03,uncalibrated_linear_svm_margin,-0.2809766878627684,0.05317667880044974,-0.6828044591563741,-1.3143373535298184
00202928_02,02029,1,T4,T4,fusion;C=0.03,uncalibrated_linear_svm_margin,-0.8638792458405037,-2.0908955874645994,-1.0418523655452265,0.8326277248475509
00202928_03,02029,1,T2,T2,fusion;C=0.03,uncalibrated_linear_svm_margin,-0.6062719761891686,1.1108315957999697,-1.4606513885946022,-1.189875956098645
00202928_04,02029,1,T3,T3,fusion;C=0.03,uncalibrated_linear_svm_margin,-0.10888513407863681,-2.106876316130445,0.5345911183842155,-0.8917956027385806
00202928_05,02029,1,T4,T3,fusion;C=0.03,uncalibrated_linear_svm_margin,-0.48996133292249244,-0.7868622434364614,-0.1756453691545118,-0.5705986195517275
00202928_07,02029,1,T3,T2,fusion;C=0.03,uncalibrated_linear_svm_margin,-0.9499474674023338,0.10542671488549216,-0.7664185060059776,-0.29014566345885034
00202929_02,02029,1,T4,T3,fusion;C=0.03,uncalibrated_linear_svm_margin,-0.7788197205182518,-1.329082706525524,0.11189594208778353,-0.21454573121064344
00202929_03,02029,1,T3,T3,fusion;C=0.03,uncalibrated_linear_svm_margin,-0.3055549835773387,-1.0742038883879794,-0.02340402981104428,-0.47784016108897925
00202929_04,02029,1,T1,T4,fusion;C=0.03,uncalibrated_linear_svm_margin,-0.1453195761184406,-1.420027736800909,-1.1222001279265408,0.24472766942453655
00202929_05,02029,1,T1,T1,fusion;C=0.03,uncalibrated_linear_svm_margin,0.568442822661523,-1.6303826996911777,-1.4719289371094062,-0.36856833862194455
00202929_07,02029,1,T2,T2,fusion;C=0.03,uncalibrated_linear_svm_margin,-0.15712172768418592,-0.13061417711249113,-0.7367507061350311,-1.3442840883750755
00202929_08,02029,1,T3,T3,fusion;C=0.03,uncalibrated_linear_svm_margin,-0.8438824948513121,-0.6716975683788899,0.2864535347385754,-0.7443687227717414
00202929_10,02029,1,T4,T4,fusion;C=0.03,uncalibrated_linear_svm_margin,-0.8557457583920886,-1.3961923756690866,-0.5976739115942952,0.33064848620051085
00203001_01,02030,1,T2,T4,fusion;C=0.03,uncalibrated_linear_svm_margin,-0.454508702052541,-1.316866637765835,-1.3739095608122676,0.21865286851614624
00203001_03,02030,1,T4,T4,fusion;C=0.03,uncalibrated_linear_svm_margin,-0.6231605185777301,-0.3827397156813857,-0.5670540268725572,-0.23424984524160003
00203001_05,02030,1,T1,T2,fusion;C=0.03,uncalibrated_linear_svm_margin,-0.3904683651911862,0.09589155079678546,-0.7156979992406489,-1.202392915698333
00203001_06,02030,1,T2,T2,fusion;C=0.03,uncalibrated_linear_svm_margin,-1.7093237925926223,1.1910471519221582,-0.37977834955290907,-1.2108692252342783
00203001_07,02030,1,T4,T3,fusion;C=0.03,uncalibrated_linear_svm_margin,-1.4227299887771874,-1.1882733953919504,0.21501963822670744,0.18942314280431666
00203001_09,02030,1,T1,T2,fusion;C=0.03,uncalibrated_linear_svm_margin,-0.7497583984610461,-0.4554269611061167,-0.4727408000658506,-0.6289218477722218
00203001_10,02030,1,T2,T4,fusion;C=0.03,uncalibrated_linear_svm_margin,-0.5164779339799274,-0.8445495707288395,-0.5304021939434469,-0.28063086597585807
00203007_02,02030,1,T4,T4,fusion;C=0.03,uncalibrated_linear_svm_margin,-0.5787517907739915,-0.5105416687905433,-0.996305037583348,-0.15159602359563445
00203007_03,02030,1,T2,T4,fusion;C=0.03,uncalibrated_linear_svm_margin,-1.0725812735161635,-0.5219491394317424,-1.7937534197561422,0.34377535230973105
00203007_04,02030,1,T4,T4,fusion;C=0.03,uncalibrated_linear_svm_margin,-0.49830536345323506,-1.3967951477677862,-0.7028409534717219,0.16894058124351846
00203007_06,02030,1,T1,T1,fusion;C=0.03,uncalibrated_linear_svm_margin,0.5195744965823641,-1.3369449126415862,-0.6279919694954126,-0.6397300178664552
00203007_07,02030,1,T1,T3,fusion;C=0.03,uncalibrated_linear_svm_margin,-1.704222883491239,-0.3624436512702166,0.822654571598271,-0.7599335499876179
00203008_00,02030,1,T2,T4,fusion;C=0.03,uncalibrated_linear_svm_margin,-0.9214466884308741,-0.3490567679705546,-0.6397082225739265,0.21870912186264152
00203008_07,02030,1,T2,T2,fusion;C=0.03,uncalibrated_linear_svm_margin,-0.2894041760196716,0.10165787742594157,-0.8581436647785505,-0.8006329711117038
00203011_01,02030,1,T1,T2,fusion;C=0.03,uncalibrated_linear_svm_margin,-1.05342771065848,-0.10874424385080605,-0.39310533601439224,-0.4824641721573333
00203011_07,02030,1,T4,T4,fusion;C=0.03,uncalibrated_linear_svm_margin,-0.7282510997223492,-0.41090236487245013,-1.6413217304407106,0.07644961979499526
00203011_08,02030,1,T3,T3,fusion;C=0.03,uncalibrated_linear_svm_margin,-0.81164101937453,-0.8561854902560333,-0.2500676925904439,-0.3615965891909805
00203013_02,02030,1,T4,T4,fusion;C=0.03,uncalibrated_linear_svm_margin,-1.0185258153141485,-0.5084250901563244,-2.6656057947770004,0.8970819335987343
00203013_03,02030,1,T4,T4,fusion;C=0.03,uncalibrated_linear_svm_margin,-0.7568033964697388,-1.6151432546984246,-1.0091440966261827,0.8069829332839453
00203013_06,02030,1,T1,T1,fusion;C=0.03,uncalibrated_linear_svm_margin,1.3827986227176532,-2.578062017785564,-1.3139261510065396,-1.2937376806179437
00203013_08,02030,1,T2,T2,fusion;C=0.03,uncalibrated_linear_svm_margin,-0.9926804569213058,0.14396729153104815,-0.3035318921266932,-1.0903087672385374
00203013_10,02030,1,T4,T4,fusion;C=0.03,uncalibrated_linear_svm_margin,-2.040635227018699,-1.5640373914523922,-1.0694999328826362,1.2332032426349175
00203018_01,02030,1,T4,T2,fusion;C=0.03,uncalibrated_linear_svm_margin,-1.0643866965166104,-0.05773978609058972,-0.9864250344634564,-0.08015844603396421
00203018_02,02030,1,T1,T1,fusion;C=0.03,uncalibrated_linear_svm_margin,0.8031475405352206,-0.7091349800600987,-2.6603611101747693,-0.6626286473456962
00203018_03,02030,1,T1,T1,fusion;C=0.03,uncalibrated_linear_svm_margin,0.10401603348980537,-1.6507110095120436,-1.0136218969758333,-0.2111112476877629
00203018_04,02030,1,T2,T4,fusion;C=0.03,uncalibrated_linear_svm_margin,-3.5953263497478525,-1.0263209820898584,-1.510350538067808,0.6966111258694185
00203018_06,02030,1,T1,T1,fusion;C=0.03,uncalibrated_linear_svm_margin,-0.0259402037248746,-0.7553281744193344,-1.4683801959024838,-0.30107883702948446
00203018_08,02030,1,T1,T2,fusion;C=0.03,uncalibrated_linear_svm_margin,-1.735234009616897,0.1265430916318575,-0.8164443794914623,0.06020725637411667
00203020_00,02030,1,T4,T2,fusion;C=0.03,uncalibrated_linear_svm_margin,-1.1703671768578234,0.6617756511330469,-1.0468176597047865,-0.8228702732351503
00203020_03,02030,1,T1,T1,fusion;C=0.03,uncalibrated_linear_svm_margin,1.1982512249834747,-1.2930800860002822,-2.684610002689212,-1.4504642038808881
00203020_08,02030,1,T4,T1,fusion;C=0.03,uncalibrated_linear_svm_margin,0.12526242910774465,-0.6930750374590376,-0.8227197902931278,-1.1479394102868288
00203024_01,02030,1,T4,T3,fusion;C=0.03,uncalibrated_linear_svm_margin,-0.3080821841651711,-0.7425356689244536,-0.18768780756937342,-0.6936699044692826
00203024_03,02030,1,T1,T4,fusion;C=0.03,uncalibrated_linear_svm_margin,-0.22793247601381772,-1.387522817380028,-0.4360075312755869,-0.13050207761562904
00203024_04,02030,1,T2,T4,fusion;C=0.03,uncalibrated_linear_svm_margin,-1.364760797981417,-0.7791663676721874,-0.30473950130432037,0.6043429580387303
00203026_00,02030,1,T4,T4,fusion;C=0.03,uncalibrated_linear_svm_margin,-0.8950502534443726,-0.9223140943715744,-0.9143597691165053,0.0707427136564191
00203026_02,02030,1,T2,T2,fusion;C=0.03,uncalibrated_linear_svm_margin,-0.7420331083887297,0.96971590377519,0.020552506096600642,-2.050936238082127
00203026_04,02030,1,T4,T4,fusion;C=0.03,uncalibrated_linear_svm_margin,-0.737747984870857,-1.1295788821725898,-0.9086272968460465,0.13053643959421507
00203026_05,02030,1,T1,T1,fusion;C=0.03,uncalibrated_linear_svm_margin,0.11179697424701995,-0.9612556131182874,-0.18882017431888343,-0.7159072335191043
00203026_06,02030,1,T4,T4,fusion;C=0.03,uncalibrated_linear_svm_margin,-1.3029091297538211,-0.8807714172769004,-0.49025372888732177,0.4194520662370201
00203026_07,02030,1,T1,T3,fusion;C=0.03,uncalibrated_linear_svm_margin,-0.1767583896038879,-0.41326351262653305,-0.16584620413538764,-1.0929635043060237
00203026_08,02030,1,T3,T3,fusion;C=0.03,uncalibrated_linear_svm_margin,-0.44840940085257797,-0.9326013953504356,-0.10957930093319967,-0.49968336181347156
00203026_09,02030,1,T3,T2,fusion;C=0.03,uncalibrated_linear_svm_margin,-1.0263599389534503,0.413288710473383,-0.4976491422850065,-1.2091242522075047
00203026_10,02030,1,T4,T1,fusion;C=0.03,uncalibrated_linear_svm_margin,-0.11228080218718373,-1.0383168465621209,-1.110476387272977,-0.3606994744233391
00203028_00,02030,1,T4,T4,fusion;C=0.03,uncalibrated_linear_svm_margin,-1.2986054467711279,-1.1725960067251542,-0.14455659262714537,0.7504479515012943
00203028_01,02030,1,T2,T3,fusion;C=0.03,uncalibrated_linear_svm_margin,-0.27502910242590084,-0.903344379062173,0.9042604003146887,-1.0284014340066328
00203028_02,02030,1,T4,T4,fusion;C=0.03,uncalibrated_linear_svm_margin,-1.2928931131839017,-1.1725587624161364,-0.5397877728023275,0.0779844431995042
00203028_03,02030,1,T2,T3,fusion;C=0.03,uncalibrated_linear_svm_margin,-0.2606125095746408,-0.4501979299836566,-0.23841341348116363,-1.232962074725762
00203028_04,02030,1,T3,T3,fusion;C=0.03,uncalibrated_linear_svm_margin,-0.8064087566108067,-0.7791107300078554,0.037280495845462225,-0.5424172340999713
00203028_05,02030,1,T4,T4,fusion;C=0.03,uncalibrated_linear_svm_margin,-0.6762973893861302,-0.8710388218842459,-0.7388808177645907,-0.11646642665142565
00203029_02,02030,1,T4,T3,fusion;C=0.03,uncalibrated_linear_svm_margin,-1.059893226592931,-0.5626481169740636,0.2826782143123808,-0.49809530877600217
00203029_03,02030,1,T3,T3,fusion;C=0.03,uncalibrated_linear_svm_margin,-1.6776038307269667,-0.7270192731566323,0.695824602074765,-0.8936721986052802
00203029_04,02030,1,T1,T2,fusion;C=0.03,uncalibrated_linear_svm_margin,-0.5991108502572171,-0.08707309123696894,-1.2148035775718617,-0.41072752616781066
00203029_05,02030,1,T1,T4,fusion;C=0.03,uncalibrated_linear_svm_margin,-0.6845144318255663,-0.42247315980811373,-1.2685598773172875,-0.15227967751313937
00203029_07,02030,1,T2,T3,fusion;C=0.03,uncalibrated_linear_svm_margin,-1.6310534280132076,-1.052017333373365,0.0697314179685784,0.04904986282082058
00203029_08,02030,1,T3,T3,fusion;C=0.03,uncalibrated_linear_svm_margin,-0.16606679300536376,-0.9267739368624472,0.2930918062676705,-0.9469552484985742
00203029_10,02030,1,T4,T3,fusion;C=0.03,uncalibrated_linear_svm_margin,-1.0336752571361436,-0.5365838158826666,0.21227077947297668,-0.5798698283349784
00203101_01,02031,1,T2,T1,fusion;C=0.1,uncalibrated_linear_svm_margin,4.574321746708378,0.004930192791331112,-16.349084418592383,-6.761913670247841
00203101_03,02031,1,T4,T1,fusion;C=0.1,uncalibrated_linear_svm_margin,1.0598705609283403,-3.9870439323094886,-2.349025368364813,-4.121339334751102
00203101_05,02031,1,T1,T1,fusion;C=0.1,uncalibrated_linear_svm_margin,1.7206128342008684,-0.6255071223062076,-2.795015578482654,-1.526456422695803
00203101_06,02031,1,T2,T2,fusion;C=0.1,uncalibrated_linear_svm_margin,0.42202699411430855,0.42820283443082274,-1.72439962502281,-2.3012870528785476
00203101_07,02031,1,T4,T3,fusion;C=0.1,uncalibrated_linear_svm_margin,-0.20739599194914915,-1.6023625204816017,-0.08156956943675331,-1.0015902642338286
00203101_09,02031,1,T1,T1,fusion;C=0.1,uncalibrated_linear_svm_margin,0.7999682824729991,-0.5287267524555578,-3.4217763416517326,-1.03233043838862
00203101_10,02031,1,T2,T1,fusion;C=0.1,uncalibrated_linear_svm_margin,-0.20528583053763333,-0.72100430700409,-0.717000162094876,-1.1354798141798499
00203107_02,02031,1,T4,T4,fusion;C=0.1,uncalibrated_linear_svm_margin,-1.790406047060379,-1.4081777507258662,-1.7919163201082342,0.4913107296653302
00203107_03,02031,1,T2,T4,fusion;C=0.1,uncalibrated_linear_svm_margin,-1.1342166642847842,-0.5701864849023179,-3.989941845109907,-0.03184835021110166
00203107_04,02031,1,T4,T1,fusion;C=0.1,uncalibrated_linear_svm_margin,0.6059467078414394,0.3414690117470901,-3.4918045503321813,-1.2203910144100267
00203107_05,02031,1,T4,T1,fusion;C=0.1,uncalibrated_linear_svm_margin,0.1319108880255493,-0.5180681262557646,-0.3121945859945988,-1.6626419215184476
00203107_06,02031,1,T1,T4,fusion;C=0.1,uncalibrated_linear_svm_margin,-1.6213631109057816,-1.8506514483673238,-1.4939116776595307,0.4756716766896488
00203107_07,02031,1,T1,T1,fusion;C=0.1,uncalibrated_linear_svm_margin,0.6639184586889931,-0.40087375918729407,-2.1058542409573766,-1.925006624877732
00203108_00,02031,1,T2,T1,fusion;C=0.1,uncalibrated_linear_svm_margin,-0.0005595442082544366,-1.4396804349783738,-0.5968175114808656,-0.5589974738211957
00203108_02,02031,1,T4,T1,fusion;C=0.1,uncalibrated_linear_svm_margin,0.6971839436788118,-0.5696366604980694,-2.6396088768185217,-0.8748143213427488
00203108_04,02031,1,T3,T1,fusion;C=0.1,uncalibrated_linear_svm_margin,1.1277434485691842,-0.48756859652230744,-1.6535750488804606,-1.3675116655085784
00203108_05,02031,1,T4,T3,fusion;C=0.1,uncalibrated_linear_svm_margin,-0.8465736360983509,-0.627062742282452,0.24912776269962245,-1.1629069972411048
00203108_07,02031,1,T2,T1,fusion;C=0.1,uncalibrated_linear_svm_margin,-0.24307020923289813,-0.992924554893626,-1.1222094618797116,-0.8817224133372783
00203109_03,02031,1,T1,T1,fusion;C=0.1,uncalibrated_linear_svm_margin,1.5785687729537496,-1.2292990022308934,-5.9795185786201674,-2.40923736421912
00203109_10,02031,1,T4,T1,fusion;C=0.1,uncalibrated_linear_svm_margin,1.5233715583636354,0.014607356376320602,-1.0410822142286373,-2.6468851710853927
00203109_11,02031,1,T4,T3,fusion;C=0.1,uncalibrated_linear_svm_margin,-0.11952433124550677,-1.7501156138023881,-0.11759370255708568,-0.8849520591666258
00203111_01,02031,1,T1,T1,fusion;C=0.1,uncalibrated_linear_svm_margin,4.0572876674406455,-10.679624728916654,0.14466539717631766,-4.045360796067715
00203111_06,02031,1,T2,T4,fusion;C=0.1,uncalibrated_linear_svm_margin,-2.8387516010290024,-2.304099931287791,-1.3653006654463893,1.893478203477506
00203111_07,02031,1,T4,T1,fusion;C=0.1,uncalibrated_linear_svm_margin,0.9026522466297425,-0.5099781116250772,-2.827824335981645,-1.2959533130524985
00203111_08,02031,1,T3,T3,fusion;C=0.1,uncalibrated_linear_svm_margin,-1.0085132299677575,-0.9561874847273112,-0.01965256144650329,-1.2209991426277762
00203111_10,02031,1,T2,T4,fusion;C=0.1,uncalibrated_linear_svm_margin,-0.39374273058265163,-0.7661809408149849,-2.024237100937494,-0.2504279960863794
00203111_11,02031,1,T4,T1,fusion;C=0.1,uncalibrated_linear_svm_margin,-0.03449165066112814,-0.9318356581218499,-0.8936138009862951,-0.9393657694002485
00203113_02,02031,1,T4,T4,fusion;C=0.1,uncalibrated_linear_svm_margin,-0.7832069912997331,-1.7675088952503697,-4.946498186658118,1.395668355167912
00203113_03,02031,1,T4,T4,fusion;C=0.1,uncalibrated_linear_svm_margin,-0.25512438273768134,-1.5081984232722905,-2.0768513221220704,-0.13390816545419804
00203113_06,02031,1,T1,T1,fusion;C=0.1,uncalibrated_linear_svm_margin,1.8842538060355234,-4.888701042881222,-4.563595659887186,-2.275150116007691
00203113_08,02031,1,T2,T1,fusion;C=0.1,uncalibrated_linear_svm_margin,0.1500325744503347,-0.15411245150259223,-1.2009075892531653,-1.5552348514343732
00203113_10,02031,1,T4,T1,fusion;C=0.1,uncalibrated_linear_svm_margin,0.2649696645743952,-2.32956299957638,-1.0349166223917599,-0.707945040331321
00203118_01,02031,1,T4,T1,fusion;C=0.1,uncalibrated_linear_svm_margin,0.020449906535555562,-0.7833617996466162,-0.3418129497939384,-1.034554176921049
00203118_02,02031,1,T1,T4,fusion;C=0.1,uncalibrated_linear_svm_margin,-0.2796817208575376,-1.5955991284020619,-2.87840664269958,0.6825407384780767
00203118_03,02031,1,T1,T1,fusion;C=0.1,uncalibrated_linear_svm_margin,1.1989116714065151,-1.0214519373474933,-2.3055058212531865,-1.1323538103493984
00203118_04,02031,1,T2,T4,fusion;C=0.1,uncalibrated_linear_svm_margin,-0.32143224782646895,-1.4009476891026051,-2.96651237050785,0.43362859861610514
00203118_06,02031,1,T1,T4,fusion;C=0.1,uncalibrated_linear_svm_margin,-0.12913697588509832,-2.0320929593602495,-1.934157473179389,0.35838103853099634
00203118_08,02031,1,T1,T1,fusion;C=0.1,uncalibrated_linear_svm_margin,1.6186219861862274,0.07913836467189028,-2.7478698296147677,-1.7065368071035927
00203118_10,02031,1,T2,T4,fusion;C=0.1,uncalibrated_linear_svm_margin,-0.7070168795652877,-0.6160979769428768,-3.7963551494878947,-0.08612111760335317
00203120_00,02031,1,T4,T4,fusion;C=0.1,uncalibrated_linear_svm_margin,-1.646742166056617,-2.3010817971692634,-3.0773322653322257,-0.025817231972496746
00203120_03,02031,1,T1,T1,fusion;C=0.1,uncalibrated_linear_svm_margin,6.1657796253992805,-11.747734806055337,0.9323264834588532,-4.400937182917553
00203120_06,02031,1,T2,T2,fusion;C=0.1,uncalibrated_linear_svm_margin,-0.9713477500189818,1.0539671593027546,-1.4983847785526574,-1.1969657735625445
00203120_08,02031,1,T4,T3,fusion;C=0.1,uncalibrated_linear_svm_margin,0.44871944676361564,-4.934246852358593,0.5656938586573803,-0.5325267321130396
00203124_01,02031,1,T4,T1,fusion;C=0.1,uncalibrated_linear_svm_margin,0.07220259826714404,-1.6174867494888057,-1.5884344182264782,-0.10688727519587238
00203124_03,02031,1,T1,T1,fusion;C=0.1,uncalibrated_linear_svm_margin,1.035583945750088,-1.6065158109839934,-1.6242718200706419,-1.1889353494821138
00203124_04,02031,1,T2,T1,fusion;C=0.1,uncalibrated_linear_svm_margin,-0.4120687462482321,-1.6035483283953065,-0.9857830436179759,-0.7256191815657633
00203126_00,02031,1,T4,T4,fusion;C=0.1,uncalibrated_linear_svm_margin,0.0610115311484416,-1.9570790964658027,-2.5314268401510054,0.5626359692510569
00203126_02,02031,1,T2,T1,fusion;C=0.1,uncalibrated_linear_svm_margin,0.41999249306566966,0.030455239159551284,-1.4123615931303197,-1.770254729461053
00203126_03,02031,1,T4,T1,fusion;C=0.1,uncalibrated_linear_svm_margin,0.8997295174950469,-1.2877864035118711,-0.19588079919506507,-1.4321313816129884
00203126_04,02031,1,T4,T1,fusion;C=0.1,uncalibrated_linear_svm_margin,-0.18870223629991767,-1.0559559092915514,-1.8853300184848818,-0.5629255060057933
00203126_05,02031,1,T1,T1,fusion;C=0.1,uncalibrated_linear_svm_margin,0.43439861611736974,-1.4998040146652538,-1.4971073998283408,-1.2923845840067592
00203126_06,02031,1,T4,T3,fusion;C=0.1,uncalibrated_linear_svm_margin,-0.887615108297954,-2.060757641227425,-0.22299932577324877,-0.4501594193516312
00203126_09,02031,1,T3,T3,fusion;C=0.1,uncalibrated_linear_svm_margin,0.026369417561174724,-0.5249698347595952,0.5844303590816116,-2.4480532281818053
00203126_10,02031,1,T4,T1,fusion;C=0.1,uncalibrated_linear_svm_margin,0.7952455294977004,-2.64101049342271,-1.9380041654966358,0.39733491527136355
00203128_00,02031,1,T4,T1,fusion;C=0.1,uncalibrated_linear_svm_margin,-0.08411706419878684,-1.5920828764428374,-3.053147854041118,-0.1017314616187065
00203128_01,02031,1,T2,T2,fusion;C=0.1,uncalibrated_linear_svm_margin,-0.735994449160123,0.15825944244907275,-0.9278018136864743,-1.7976736114489804
00203128_03,02031,1,T2,T2,fusion;C=0.1,uncalibrated_linear_svm_margin,0.10937359673551694,1.0288946024443018,-2.1514723156580877,-1.8182743700612174
00203128_04,02031,1,T3,T1,fusion;C=0.1,uncalibrated_linear_svm_margin,0.38933881787687497,-2.1673719131923153,-2.4459121764201637,-0.10661359863368308
00203128_05,02031,1,T4,T2,fusion;C=0.1,uncalibrated_linear_svm_margin,-0.32463824680252096,-0.13024169989622558,-1.3044382826403527,-1.1659124079378977
00203129_02,02031,1,T4,T2,fusion;C=0.1,uncalibrated_linear_svm_margin,-0.47119615751037813,0.3266383946001402,-2.453292597991118,-2.0379078886937836
00203129_03,02031,1,T3,T1,fusion;C=0.1,uncalibrated_linear_svm_margin,-0.39374218660530713,-0.629156685606732,-1.455229065408874,-0.857758219667722
00203129_04,02031,1,T1,T1,fusion;C=0.1,uncalibrated_linear_svm_margin,1.3808294144813842,-1.6700331556353207,-3.6185107123599978,-0.5897732582635122
00203129_05,02031,1,T1,T4,fusion;C=0.1,uncalibrated_linear_svm_margin,-0.4766741832493986,-1.5558722895478967,-2.7428625321040014,0.24726012837846156
00203129_07,02031,1,T2,T1,fusion;C=0.1,uncalibrated_linear_svm_margin,-0.2565507639513782,-2.023767306769186,-0.26283876902491676,-0.9484411802393973
00203129_08,02031,1,T3,T1,fusion;C=0.1,uncalibrated_linear_svm_margin,1.4033665242867763,-0.3023439163696999,-1.820334401134907,-2.9392487764442397
00203129_10,02031,1,T4,T4,fusion;C=0.1,uncalibrated_linear_svm_margin,-0.48751274274488704,-2.5154928872658244,-0.7962599361692595,-0.07849013992865411
00203301_01,02033,1,T2,T2,fusion;C=0.1,uncalibrated_linear_svm_margin,-1.318735926461422,0.4721250060861383,-1.008523121394675,-0.9074656770531019
00203301_03,02033,1,T4,T1,fusion;C=0.1,uncalibrated_linear_svm_margin,0.34823162566806076,-1.9717332591944912,-2.4384630078999585,0.06169646350210595
00203301_05,02033,1,T1,T1,fusion;C=0.1,uncalibrated_linear_svm_margin,0.15222463820859067,-1.4152632722772034,-1.0377082785898455,0.007018744440959346
00203301_06,02033,1,T2,T2,fusion;C=0.1,uncalibrated_linear_svm_margin,-1.8854377619174558,0.6318357274079104,-0.5640397817859174,-1.2789301567091478
00203301_07,02033,1,T4,T3,fusion;C=0.1,uncalibrated_linear_svm_margin,-1.855831918430591,-0.876554005762058,0.27095543528325217,0.061888990713907244
00203301_09,02033,1,T1,T1,fusion;C=0.1,uncalibrated_linear_svm_margin,0.21881978998523943,-1.6490258332549033,-1.0144677895778067,-1.2247160312262408
00203301_10,02033,1,T2,T2,fusion;C=0.1,uncalibrated_linear_svm_margin,-0.7281510355964007,-0.1853963923184926,-0.9418470331569284,-0.4579469238305033
00203307_02,02033,1,T4,T1,fusion;C=0.1,uncalibrated_linear_svm_margin,0.2205683884724231,-1.9630544159501988,-1.8092219196746286,-0.3002503625473703
00203307_03,02033,1,T2,T4,fusion;C=0.1,uncalibrated_linear_svm_margin,-1.8911681207150757,-0.10854761448166683,-1.087706568671493,-0.04375844230288978
00203307_04,02033,1,T4,T1,fusion;C=0.1,uncalibrated_linear_svm_margin,-0.011620891235274544,-0.9533426851108249,-1.3486893992409346,-0.4120987845169148
00203307_05,02033,1,T4,T1,fusion;C=0.1,uncalibrated_linear_svm_margin,0.6706285117312906,-1.9501057181337975,-0.20417540664525347,-0.7145428884665792
00203307_06,02033,1,T1,T1,fusion;C=0.1,uncalibrated_linear_svm_margin,0.11924376378355561,-0.8170322894148057,-1.8548393569625952,-1.1490308206578932
00203307_07,02033,1,T1,T2,fusion;C=0.1,uncalibrated_linear_svm_margin,-0.22449280700414315,0.444207739947598,-1.3156175165291553,-1.3564854744379877
00203308_00,02033,1,T2,T1,fusion;C=0.1,uncalibrated_linear_svm_margin,0.07249032259256472,-0.5678267657765682,-0.5962294886168774,-1.2496433548782788
00203308_02,02033,1,T4,T4,fusion;C=0.1,uncalibrated_linear_svm_margin,-1.866772189820487,-0.9147486639081234,-0.33394468326552773,0.7087729729834951
00203308_04,02033,1,T3,T3,fusion;C=0.1,uncalibrated_linear_svm_margin,-0.1978075751142051,-2.2330488157745907,1.2612428912899871,-0.8200413986338461
00203308_05,02033,1,T4,T3,fusion;C=0.1,uncalibrated_linear_svm_margin,-1.303415413227536,-1.855554824869773,0.3030511796930584,-0.24967094195917355
00203308_07,02033,1,T2,T2,fusion;C=0.1,uncalibrated_linear_svm_margin,-1.8064810377942662,0.9139862586562343,-0.5722647546366884,-1.3816482393467537
00203309_03,02033,1,T1,T2,fusion;C=0.1,uncalibrated_linear_svm_margin,-0.9608722958807271,0.2544320371339258,-1.6038460834648487,-1.0060884875791882
00203309_10,02033,1,T4,T4,fusion;C=0.1,uncalibrated_linear_svm_margin,-1.3449815698746321,-0.39767257194432926,-0.5347381595375436,-0.04775745210556698
00203309_11,02033,1,T4,T4,fusion;C=0.1,uncalibrated_linear_svm_margin,-2.4316595412575843,-1.5266769863395089,-0.06205608526352746,0.21859319140575179
00203311_01,02033,1,T1,T1,fusion;C=0.1,uncalibrated_linear_svm_margin,0.3611614810751388,-1.4082872613014628,0.10515000253732687,-1.9130179768475115
00203311_06,02033,1,T2,T2,fusion;C=0.1,uncalibrated_linear_svm_margin,-1.2459355480523355,0.12375609995982384,-1.6250792314105194,-0.765770161201951
00203311_07,02033,1,T4,T4,fusion;C=0.1,uncalibrated_linear_svm_margin,-1.023768143005493,-0.9993297971880488,-1.1038931098106535,0.22867085870365272
00203311_08,02033,1,T3,T3,fusion;C=0.1,uncalibrated_linear_svm_margin,-1.1164785539968847,-1.8104539818745926,0.7804852668799005,-0.9605098704282875
00203311_10,02033,1,T2,T2,fusion;C=0.1,uncalibrated_linear_svm_margin,-1.551948542279675,0.9901835234510924,-1.3402508375349078,-0.6906300002329844
00203311_11,02033,1,T4,T4,fusion;C=0.1,uncalibrated_linear_svm_margin,-2.391707573976987,-1.7371192462578047,-0.4829377589058166,0.6742191010610517
00203313_02,02033,1,T4,T1,fusion;C=0.1,uncalibrated_linear_svm_margin,1.5164058361681532,-3.13358058503655,0.01913465248576296,-0.6490259065820088
00203313_03,02033,1,T4,T4,fusion;C=0.1,uncalibrated_linear_svm_margin,-1.399501750348862,-1.2374924622668986,-1.537070212599483,1.3382122349745227
00203313_06,02033,1,T1,T3,fusion;C=0.1,uncalibrated_linear_svm_margin,-0.3478204883982826,-0.9234954402628089,0.9101290192511795,-1.5136829121697273
00203313_08,02033,1,T2,T2,fusion;C=0.1,uncalibrated_linear_svm_margin,-0.009843150894163322,0.8297292225425986,-2.6684970837187265,-1.6775665014775287
00203313_09,02033,1,T4,T4,fusion;C=0.1,uncalibrated_linear_svm_margin,-1.2434484934381103,-0.8691881545858027,-0.7563990273555076,0.09100086146323089
00203313_10,02033,1,T4,T4,fusion;C=0.1,uncalibrated_linear_svm_margin,-0.7690901485879368,-1.6280366695397817,-1.1646139480207536,-0.2220322131236127
00203318_01,02033,1,T4,T4,fusion;C=0.1,uncalibrated_linear_svm_margin,-1.0322202488887187,-1.4917175722282958,-1.626867152479635,1.1096884161938536
00203318_02,02033,1,T1,T1,fusion;C=0.1,uncalibrated_linear_svm_margin,2.249429734950908,-0.77608938588737,-1.5738644660861905,-3.2180479524855463
00203318_03,02033,1,T1,T4,fusion;C=0.1,uncalibrated_linear_svm_margin,-1.0363079187224238,-1.6722880385320424,-1.4506739794809485,0.42067235624200355
00203318_04,02033,1,T2,T2,fusion;C=0.1,uncalibrated_linear_svm_margin,-0.5753226639618015,-0.35869263895795034,-0.4989270988559039,-1.1188458089204276
00203318_06,02033,1,T1,T1,fusion;C=0.1,uncalibrated_linear_svm_margin,0.521713613379983,-0.6309361897284751,-0.3769679468779016,-1.9625837744898238
00203318_08,02033,1,T1,T1,fusion;C=0.1,uncalibrated_linear_svm_margin,-0.003980253026904745,-1.8169101761579651,-0.138962669242227,-0.510968789991789
00203318_10,02033,1,T2,T2,fusion;C=0.1,uncalibrated_linear_svm_margin,-1.251822869217611,0.8387840542313939,-0.35489748444287006,-1.5862100775171808
00203320_00,02033,1,T4,T4,fusion;C=0.1,uncalibrated_linear_svm_margin,-1.7704444548162024,-0.7357084247231723,-0.9455138508477827,-0.19481688945333647
00203320_03,02033,1,T1,T2,fusion;C=0.1,uncalibrated_linear_svm_margin,-0.12216603378856472,0.08354909669402477,-4.650621460106065,-0.5491007654285931
00203320_05,02033,1,T4,T4,fusion;C=0.1,uncalibrated_linear_svm_margin,-0.7453024162531482,-1.814742693121816,-1.0391459646625159,0.41875172255510623
00203320_06,02033,1,T2,T2,fusion;C=0.1,uncalibrated_linear_svm_margin,-1.745975004370767,1.3514607691861018,-1.6364485954364132,-0.6743931575812783
00203320_08,02033,1,T4,T1,fusion;C=0.1,uncalibrated_linear_svm_margin,0.33520716829584607,-2.1994890175824824,-0.017052941447995185,-0.4801677339121757
00203324_01,02033,1,T4,T4,fusion;C=0.1,uncalibrated_linear_svm_margin,-1.0547766631638789,-1.1320930341354838,-0.8543362989844115,-0.19673263098238541
00203324_03,02033,1,T1,T3,fusion;C=0.1,uncalibrated_linear_svm_margin,-0.5224350577516077,-0.5482094352423251,-0.5154947900809383,-1.2402260550380413
00203324_04,02033,1,T2,T2,fusion;C=0.1,uncalibrated_linear_svm_margin,-0.6833443883131106,0.8741423956617719,0.22015382867381783,-1.815543431802259
00203326_00,02033,1,T4,T1,fusion;C=0.1,uncalibrated_linear_svm_margin,0.41086702209293724,-2.677104021515137,-1.4429285176873077,0.3036299899032809
00203326_02,02033,1,T2,T2,fusion;C=0.1,uncalibrated_linear_svm_margin,-1.3705545709557125,0.9057927751170808,-0.09674598025944392,-1.2927659750787188
00203326_03,02033,1,T4,T1,fusion;C=0.1,uncalibrated_linear_svm_margin,0.48329024256187136,-1.4025033407077534,-2.86711330392923,-0.9331821061196968
00203326_04,02033,1,T4,T4,fusion;C=0.1,uncalibrated_linear_svm_margin,-0.47739419755135704,-1.3162237579643095,-1.3950386725091743,-0.42000465244176116
00203326_05,02033,1,T1,T1,fusion;C=0.1,uncalibrated_linear_svm_margin,0.06015670834802689,-0.4028576097341571,-0.07728341420106433,-1.5487868531937583
00203326_06,02033,1,T4,T1,fusion;C=0.1,uncalibrated_linear_svm_margin,-0.5417327920693216,-1.3371304517794276,-0.9900584127865326,-0.5870667062076038
00203326_07,02033,1,T1,T2,fusion;C=0.1,uncalibrated_linear_svm_margin,-0.13376560945295624,0.6028006701208503,-2.732120733403029,-1.5228491976175638
00203326_08,02033,1,T3,T3,fusion;C=0.1,uncalibrated_linear_svm_margin,0.138831630337789,-0.3826628758744814,0.47624881387220097,-2.5634142324683955
00203326_09,02033,1,T3,T3,fusion;C=0.1,uncalibrated_linear_svm_margin,-2.0696217832218906,-0.09895957076381512,0.7114931584991859,-0.6975220427793478
00203326_10,02033,1,T4,T1,fusion;C=0.1,uncalibrated_linear_svm_margin,-0.04574922533032255,-0.7305627031425673,-1.2856543150658737,-0.7561320432552243
00203328_00,02033,1,T4,T1,fusion;C=0.1,uncalibrated_linear_svm_margin,0.7056757937878394,-2.9037672096158604,-1.290918983774076,0.3744650161884468
00203328_01,02033,1,T2,T3,fusion;C=0.1,uncalibrated_linear_svm_margin,-1.3818254190288177,-0.32171217597796553,0.10572106055297437,-0.7522976857423391
00203328_02,02033,1,T4,T4,fusion;C=0.1,uncalibrated_linear_svm_margin,0.11795217004057867,-2.223834664066698,-1.555656387955876,0.4143975829065802
00203328_03,02033,1,T2,T2,fusion;C=0.1,uncalibrated_linear_svm_margin,-0.9863223529618513,0.6769573440792734,-0.9669847053532755,-1.7436661730544027
00203328_04,02033,1,T3,T3,fusion;C=0.1,uncalibrated_linear_svm_margin,-1.2942321439417634,-0.27152642795386595,-0.03119563564732153,-0.5893540526939622
00203328_05,02033,1,T4,T4,fusion;C=0.1,uncalibrated_linear_svm_margin,-1.2804562811933695,-0.1850163386982775,-1.523321346143252,-0.04294196917521492
00203328_07,02033,1,T3,T3,fusion;C=0.1,uncalibrated_linear_svm_margin,-1.1901972217372183,-0.3382115430440775,0.06749497917500169,-0.21106820193289116
00203329_02,02033,1,T4,T4,fusion;C=0.1,uncalibrated_linear_svm_margin,-1.675608863090083,-2.1054534549257333,-0.3148939849473886,0.7421423337162585
00203329_03,02033,1,T3,T3,fusion;C=0.1,uncalibrated_linear_svm_margin,-0.7594296527006317,-1.4501779092190534,1.5398907692568036,-1.2350373453723291
00203329_04,02033,1,T1,T1,fusion;C=0.1,uncalibrated_linear_svm_margin,0.3471035437427742,-1.1337854040442212,-2.570296412980989,-0.3024552106755603
00203329_05,02033,1,T1,T4,fusion;C=0.1,uncalibrated_linear_svm_margin,-0.7248136709673153,-0.9115018987415607,-0.9939138169146898,-0.0584556335932927
00203329_07,02033,1,T2,T2,fusion;C=0.1,uncalibrated_linear_svm_margin,-1.2740997515534405,0.012782883851892635,-0.09358910211023663,-0.9969984582228726
00203329_08,02033,1,T3,T4,fusion;C=0.1,uncalibrated_linear_svm_margin,-1.5011030824171896,-1.368316560689076,0.33834968493707085,0.8225040215262143
00203329_10,02033,1,T4,T1,fusion;C=0.1,uncalibrated_linear_svm_margin,0.2589969443782153,-2.9769068123342874,-1.2536064040296966,0.258073888016961
00203401_01,02034,1,T2,T4,fusion;C=0.03,uncalibrated_linear_svm_margin,0.016095004565151783,-1.2782753887647704,-1.4500686268983065,0.09396028403690304
00203401_03,02034,1,T4,T1,fusion;C=0.03,uncalibrated_linear_svm_margin,1.1810959885392918,-2.292730154942191,-1.6323828946182446,-0.6569538341055611
00203401_05,02034,1,T1,T1,fusion;C=0.03,uncalibrated_linear_svm_margin,0.06887589740231015,-0.8802072426117205,-0.78372828377707,-0.6340698762294501
00203401_06,02034,1,T2,T3,fusion;C=0.03,uncalibrated_linear_svm_margin,-0.20507803352483228,-0.6928375871855876,0.018339343405254782,-1.2308365998778932
00203401_07,02034,1,T4,T4,fusion;C=0.03,uncalibrated_linear_svm_margin,-0.26193541416041577,-2.0003297591483467,-0.09608583409079896,0.11521565762431807
00203401_09,02034,1,T1,T1,fusion;C=0.03,uncalibrated_linear_svm_margin,0.6692806363980756,-1.7038673300958185,-0.945877628954967,-0.5992127632667404
00203401_10,02034,1,T2,T1,fusion;C=0.03,uncalibrated_linear_svm_margin,0.9272955769019663,-0.9967102312983521,-0.7494938765608465,-1.5360101929653087
00203407_02,02034,1,T4,T1,fusion;C=0.03,uncalibrated_linear_svm_margin,0.3554337018483711,-1.5112804496332493,-1.4984891235171724,-0.3344243826163014
00203407_03,02034,1,T2,T1,fusion;C=0.03,uncalibrated_linear_svm_margin,-0.12398365152991209,-0.20736995889236443,-1.101077206518342,-0.717631883019428
00203407_04,02034,1,T4,T4,fusion;C=0.03,uncalibrated_linear_svm_margin,-0.8095512859517738,-0.5776401217456871,-0.4449749741520647,0.0638307356982395
00203407_05,02034,1,T4,T4,fusion;C=0.03,uncalibrated_linear_svm_margin,-0.36243301648165616,-1.4466219366289574,-0.7272045100460522,0.008134860886882422
00203407_06,02034,1,T1,T2,fusion;C=0.03,uncalibrated_linear_svm_margin,-0.1656423542873971,-0.10303937939472707,-1.324931375741071,-0.6107617116211675
00203407_07,02034,1,T1,T1,fusion;C=0.03,uncalibrated_linear_svm_margin,0.3640615308182472,-0.6440584980921503,-1.623368854157818,-0.6512840380937439
00203408_00,02034,1,T2,T4,fusion;C=0.03,uncalibrated_linear_svm_margin,-1.0081581768770294,-0.4149623878022596,-1.3891228087930192,0.13266557167679227
00203408_02,02034,1,T4,T4,fusion;C=0.03,uncalibrated_linear_svm_margin,-0.9807022799362689,-1.1287190486584657,-0.6149972262521485,0.4196406381797514
00203408_04,02034,1,T3,T3,fusion;C=0.03,uncalibrated_linear_svm_margin,-0.23667958875194306,-1.4681861536551286,0.1441021477114608,-0.6196245688101014
00203408_05,02034,1,T4,T1,fusion;C=0.03,uncalibrated_linear_svm_margin,-0.33799178293655646,-0.8882336692513595,-0.7825591592345147,-0.39090866040330474
00203408_07,02034,1,T2,T2,fusion;C=0.03,uncalibrated_linear_svm_margin,-0.58123458106834,0.14880378363521918,-0.6678179603188084,-0.7199601534589398
00203409_03,02034,1,T1,T1,fusion;C=0.03,uncalibrated_linear_svm_margin,1.021841916429481,-2.827827619983675,-1.9709541888088744,0.052110172850156955
00203409_10,02034,1,T4,T4,fusion;C=0.03,uncalibrated_linear_svm_margin,-0.7600510910772109,-1.0899071324601473,-0.5290631110078199,-0.26027182953776495
00203409_11,02034,1,T4,T4,fusion;C=0.03,uncalibrated_linear_svm_margin,-2.837472409193759,0.537842110952615,-1.4169481589239177,1.0921010181710025
00203411_01,02034,1,T1,T1,fusion;C=0.03,uncalibrated_linear_svm_margin,0.4757618841765322,-1.2594299744719102,-0.8386936016340725,-0.5275684201322343
00203411_06,02034,1,T2,T2,fusion;C=0.03,uncalibrated_linear_svm_margin,-0.9008954589469732,0.5496649719807911,-1.1798174677421998,-0.69465563459264
00203411_07,02034,1,T4,T4,fusion;C=0.03,uncalibrated_linear_svm_margin,-0.7736606570410002,-0.5724522407970685,-0.8827971689101772,0.32125065814503817
00203411_08,02034,1,T3,T3,fusion;C=0.03,uncalibrated_linear_svm_margin,-0.6992624892304231,-1.6192782742374334,0.8326083934656521,-0.6539310635260407
00203411_10,02034,1,T2,T2,fusion;C=0.03,uncalibrated_linear_svm_margin,-0.8833248264695024,0.7759105859938749,-1.7161371094606643,-0.4910734013834254
00203411_11,02034,1,T4,T4,fusion;C=0.03,uncalibrated_linear_svm_margin,-1.541994945595929,-1.7063349772102752,-0.5630506480488298,0.6537600324961091
00203413_02,02034,1,T4,T4,fusion;C=0.03,uncalibrated_linear_svm_margin,-0.46495273092126216,-1.3927370192633424,-1.2714874146544077,0.4774288370901768
00203413_03,02034,1,T4,T4,fusion;C=0.03,uncalibrated_linear_svm_margin,-0.826941778148092,-1.395017097713871,-2.0490558944811226,1.2667435920016432
00203413_06,02034,1,T1,T1,fusion;C=0.03,uncalibrated_linear_svm_margin,1.8441644440583826,-1.6689166145380925,-0.17456806267171054,-2.6841242703235153
00203413_08,02034,1,T2,T2,fusion;C=0.03,uncalibrated_linear_svm_margin,-1.1495660269385657,0.12520448628853387,-0.21423414991535006,-0.9126437047631557
00203413_09,02034,1,T4,T2,fusion;C=0.03,uncalibrated_linear_svm_margin,-0.23655013695346383,-0.21623709305971006,-0.7369932165776913,-0.8494397121059348
00203413_10,02034,1,T4,T4,fusion;C=0.03,uncalibrated_linear_svm_margin,-2.1216247333875073,-0.7677008415023705,-1.3788679205676229,0.9271967748055315
00203418_01,02034,1,T4,T4,fusion;C=0.03,uncalibrated_linear_svm_margin,-0.3506220826814398,-0.8025071294789101,-2.3084842031093045,0.21323009888495625
00203418_02,02034,1,T1,T1,fusion;C=0.03,uncalibrated_linear_svm_margin,0.7963742862017019,-0.8066847092443521,-1.6006749447168072,-0.9730883141120178
00203418_03,02034,1,T1,T1,fusion;C=0.03,uncalibrated_linear_svm_margin,2.1357566695773986,-2.6457100569326855,-1.4591617100714713,-1.0589569915811707
00203418_04,02034,1,T2,T2,fusion;C=0.03,uncalibrated_linear_svm_margin,-1.2357323526079178,-0.09511631507448226,-0.9682231898974997,-0.24893953211337383
00203418_06,02034,1,T1,T1,fusion;C=0.03,uncalibrated_linear_svm_margin,0.15080099972952976,-1.3335830147197805,-0.9081160125832184,-0.2542130295085474
00203418_08,02034,1,T1,T1,fusion;C=0.03,uncalibrated_linear_svm_margin,-0.1762059519376062,-0.8962409346283934,-0.6478560301587345,-0.3775329844256397
00203418_10,02034,1,T2,T2,fusion;C=0.03,uncalibrated_linear_svm_margin,-0.8169624431916066,0.6478661372995176,-1.656661825449741,-0.8755208981061501
00203420_00,02034,1,T4,T4,fusion;C=0.03,uncalibrated_linear_svm_margin,-1.3737952331884495,-0.26566160982874576,-1.6358611611454736,0.3918738789991524
00203420_03,02034,1,T1,T1,fusion;C=0.03,uncalibrated_linear_svm_margin,1.1188534420793008,-1.7457772616426437,-2.6369141297781282,-0.24924145789850566
00203420_05,02034,1,T4,T4,fusion;C=0.03,uncalibrated_linear_svm_margin,-0.13686109347984765,-1.6527698482541637,-0.9420744151877447,0.2865814199719324
00203420_06,02034,1,T2,T2,fusion;C=0.03,uncalibrated_linear_svm_margin,-1.2189578003923998,0.343353424689649,-1.7497192779974104,-0.07424895560719152
00203420_08,02034,1,T4,T1,fusion;C=0.03,uncalibrated_linear_svm_margin,0.1401936757552812,-1.599381627052846,-0.4710531470596212,-0.7828339460511942
00203424_01,02034,1,T4,T4,fusion;C=0.03,uncalibrated_linear_svm_margin,-0.1995704341513807,-1.125437526431387,-1.3012006694959926,0.0008738368772960303
00203424_03,02034,1,T1,T1,fusion;C=0.03,uncalibrated_linear_svm_margin,2.267331571215087,-3.239643630641507,-2.2466915212891423,-2.0359321293278017
00203424_04,02034,1,T2,T1,fusion;C=0.03,uncalibrated_linear_svm_margin,-0.06502505226665456,-0.7153160527877163,-0.43360144430232095,-0.7858792780103805
00203426_00,02034,1,T4,T4,fusion;C=0.03,uncalibrated_linear_svm_margin,-0.9940365927692667,-1.217988788186827,-0.8224124203305305,0.7615053939376523
00203426_02,02034,1,T2,T2,fusion;C=0.03,uncalibrated_linear_svm_margin,-1.5924648496188984,0.4750426289828267,-0.6963561130584119,-0.5613993566883879
00203426_03,02034,1,T4,T1,fusion;C=0.03,uncalibrated_linear_svm_margin,0.7464149128773713,-1.3351324850055464,-2.0308429135318713,-1.0619808359876868
00203426_04,02034,1,T4,T4,fusion;C=0.03,uncalibrated_linear_svm_margin,-0.42235233955899276,-1.266364605053122,-0.8224254797833248,0.040026414981279346
00203426_05,02034,1,T1,T1,fusion;C=0.03,uncalibrated_linear_svm_margin,0.43770580521138436,-1.0338694134549682,-1.4693992869856531,-0.46153512193320445
00203426_06,02034,1,T4,T4,fusion;C=0.03,uncalibrated_linear_svm_margin,-0.9048166592712192,-1.6991478865407714,-0.6971488271763701,0.6328169039383907
00203426_07,02034,1,T1,T2,fusion;C=0.03,uncalibrated_linear_svm_margin,-0.32596316833040834,-0.24440037004997034,-1.0474086586507825,-0.3696453070467615
00203426_08,02034,1,T3,T3,fusion;C=0.03,uncalibrated_linear_svm_margin,-0.6152694187570373,-0.6352009235350088,0.004100817164937709,-0.4503675809275685
00203426_09,02034,1,T3,T3,fusion;C=0.03,uncalibrated_linear_svm_margin,-1.3575179417845211,-0.5049246370028231,-0.022827100001164502,-0.5096110224345646
00203426_10,02034,1,T4,T2,fusion;C=0.03,uncalibrated_linear_svm_margin,-0.7881244292479945,0.1934998077313358,-1.8146850074909846,-0.29181285804896606
00203428_00,02034,1,T4,T4,fusion;C=0.03,uncalibrated_linear_svm_margin,0.16504862983801694,-1.954903186805275,-0.7883382092752919,0.17511560442327478
00203428_01,02034,1,T2,T2,fusion;C=0.03,uncalibrated_linear_svm_margin,-0.4081522171455041,-0.17623031016740126,-0.9124178085479809,-0.7733017407583405
00203428_02,02034,1,T4,T4,fusion;C=0.03,uncalibrated_linear_svm_margin,0.02107058154437258,-1.6438649410453507,-1.7801302553080716,0.5348144200037978
00203428_03,02034,1,T2,T2,fusion;C=0.03,uncalibrated_linear_svm_margin,-1.0161295744407175,0.3224897188892808,-0.4458030000507369,-1.1280788839115266
00203428_04,02034,1,T3,T3,fusion;C=0.03,uncalibrated_linear_svm_margin,-0.23093935628711837,-1.0458118812201826,0.7557761742235147,-0.7814833789752405
00203428_05,02034,1,T4,T4,fusion;C=0.03,uncalibrated_linear_svm_margin,0.15229158220985728,-1.7353890923092514,-1.0787042112757939,0.27063406415386126
00203428_07,02034,1,T3,T3,fusion;C=0.03,uncalibrated_linear_svm_margin,-1.0607272138468575,-2.4569854230407095,0.5964072100782267,0.13913465407319736
00203429_03,02034,1,T3,T4,fusion;C=0.03,uncalibrated_linear_svm_margin,-3.6847388166380735,-1.5860165879969026,-0.23559546749338256,1.42000574999381
00203429_04,02034,1,T1,T1,fusion;C=0.03,uncalibrated_linear_svm_margin,0.09808264396175415,-1.4848136357069244,-1.0076260070800585,0.03959377722847912
00203429_05,02034,1,T1,T4,fusion;C=0.03,uncalibrated_linear_svm_margin,0.027185090123052924,-2.5500715301735832,-1.5561697046778504,0.3153927567181287
00203429_07,02034,1,T2,T2,fusion;C=0.03,uncalibrated_linear_svm_margin,-0.2549875686040086,0.11018848699361894,-0.9193429991161608,-1.4124855195148038
00203429_08,02034,1,T3,T4,fusion;C=0.03,uncalibrated_linear_svm_margin,-3.1467475171536936,-0.5149558269719066,-0.06530102536358195,0.6738764982190618
00203429_10,02034,1,T4,T4,fusion;C=0.03,uncalibrated_linear_svm_margin,-0.31532711120061957,-1.41685403918596,-0.42203477176741,0.13041592894818
00203501_01,02035,1,T2,T2,fusion;C=0.03,uncalibrated_linear_svm_margin,-1.1763610350301659,0.0386966676182523,-1.0163953137394242,-0.36834733392380936
00203501_03,02035,1,T4,T4,fusion;C=0.03,uncalibrated_linear_svm_margin,-0.37769336714413254,-0.673596859576195,-1.6773093097169056,-0.32785303425673695
00203501_05,02035,1,T1,T1,fusion;C=0.03,uncalibrated_linear_svm_margin,0.001535394500709053,-1.6119135479683901,-0.8935141203592692,-0.17440444340311395
00203501_06,02035,1,T2,T2,fusion;C=0.03,uncalibrated_linear_svm_margin,-1.7362370365353315,0.9425980411240175,-0.6191249112998983,-1.4391828659380397
00203501_07,02035,1,T4,T4,fusion;C=0.03,uncalibrated_linear_svm_margin,-1.0700617770708123,-1.6446653398214823,-0.4779417838115564,0.39981323803197116
00203501_09,02035,1,T1,T1,fusion;C=0.03,uncalibrated_linear_svm_margin,-0.2612830106301985,-0.4567982207716448,-0.7091037485923373,-0.9688158801950915
00203507_02,02035,1,T4,T4,fusion;C=0.03,uncalibrated_linear_svm_margin,-1.0619881187692204,-0.0936966530980361,-1.672477517707466,-0.05804237583920435
00203507_04,02035,1,T4,T4,fusion;C=0.03,uncalibrated_linear_svm_margin,-1.089492385628125,-0.36750961248511527,-1.03841061494685,0.00912911614791917
00203507_05,02035,1,T4,T4,fusion;C=0.03,uncalibrated_linear_svm_margin,-0.8783855086588275,-0.4855692103837628,-1.788245513066319,0.05303181762478654
00203507_06,02035,1,T1,T1,fusion;C=0.03,uncalibrated_linear_svm_margin,-0.1316492064701068,-0.5853276519555548,-1.1878005644009042,-0.8172446135321905
00203507_07,02035,1,T1,T4,fusion;C=0.03,uncalibrated_linear_svm_margin,-0.12451294375447686,-0.8020771602568129,-2.034228615714126,-0.10270653713508138
00203508_00,02035,1,T2,T3,fusion;C=0.03,uncalibrated_linear_svm_margin,-2.602989404863295,-0.7033552760790137,0.8434761862779677,-1.808056537070391
00203508_02,02035,1,T4,T4,fusion;C=0.03,uncalibrated_linear_svm_margin,-0.285833929741506,-1.6775536251035135,-1.3882060159111207,0.8208380407662976
00203508_05,02035,1,T4,T4,fusion;C=0.03,uncalibrated_linear_svm_margin,-0.6455359206397993,-2.0447371938818737,-1.1057077343752055,0.9118423987030138
00203508_07,02035,1,T2,T2,fusion;C=0.03,uncalibrated_linear_svm_margin,-0.9679243898452488,0.08337104957705099,-1.0231923271835535,-1.102360178225983
00203509_03,02035,1,T1,T1,fusion;C=0.03,uncalibrated_linear_svm_margin,0.03397305052789412,-1.0669911553191707,-0.8365364066117211,-2.1664323302049944
00203509_10,02035,1,T4,T4,fusion;C=0.03,uncalibrated_linear_svm_margin,-0.9672801093168744,-1.2036455017778689,-1.1366985963224239,0.5237399643315048
00203509_11,02035,1,T4,T4,fusion;C=0.03,uncalibrated_linear_svm_margin,-1.8661638408216694,-1.1783697501801103,-1.1846834035223572,0.8274061693846426
00203511_06,02035,1,T2,T2,fusion;C=0.03,uncalibrated_linear_svm_margin,-0.4681485838930147,0.9951999579282215,-0.8494002228562971,-1.6845794847881062
00203511_07,02035,1,T4,T4,fusion;C=0.03,uncalibrated_linear_svm_margin,-0.633212082970315,-1.4115239661822683,-1.5229045220377797,0.19189369045301502
00203511_08,02035,1,T3,T3,fusion;C=0.03,uncalibrated_linear_svm_margin,-1.0652697214628946,0.15395209812745136,0.5142435391017252,-1.7086865008812968
00203511_11,02035,1,T4,T4,fusion;C=0.03,uncalibrated_linear_svm_margin,-1.5787955817909218,-1.9012497761990281,-0.6851329451308782,0.9244259697614026
00203513_02,02035,1,T4,T1,fusion;C=0.03,uncalibrated_linear_svm_margin,0.39146013003915625,-2.062086601044996,-1.4299186549072322,0.2163071510169316
00203513_03,02035,1,T4,T4,fusion;C=0.03,uncalibrated_linear_svm_margin,-0.9794191446092153,-0.8685750019417992,-0.7737922955198893,0.36132818663797067
00203513_06,02035,1,T1,T1,fusion;C=0.03,uncalibrated_linear_svm_margin,0.014394067801760668,-0.6186796450289047,-0.09026940336950384,-1.1200490377946164
00203513_08,02035,1,T2,T3,fusion;C=0.03,uncalibrated_linear_svm_margin,-0.9399293662447998,0.2604728335236336,0.3108731013620273,-1.8303578821256166
00203513_10,02035,1,T4,T4,fusion;C=0.03,uncalibrated_linear_svm_margin,-0.4686312947906718,-1.5732836721906156,-1.647178851897194,0.7136423769135014
00203518_02,02035,1,T1,T1,fusion;C=0.03,uncalibrated_linear_svm_margin,0.021182506843474447,-0.8203597809684333,-1.2183873009145514,-0.4503954671641364
00203518_03,02035,1,T1,T4,fusion;C=0.03,uncalibrated_linear_svm_margin,0.09298867697582758,-2.672337879407714,-0.06817500162201984,0.22180798031875776
00203518_04,02035,1,T2,T3,fusion;C=0.03,uncalibrated_linear_svm_margin,-1.3638078400926785,-0.9281088063708189,0.06416853801104427,-0.7934112095836072
00203518_08,02035,1,T1,T1,fusion;C=0.03,uncalibrated_linear_svm_margin,0.3851793961790767,-1.2015277245137956,-2.269692839390299,0.15390669242677307
00203518_10,02035,1,T2,T2,fusion;C=0.03,uncalibrated_linear_svm_margin,-0.6171710637009361,0.04802195782858931,-0.5141192035584009,-0.864645608587853
00203520_00,02035,1,T4,T4,fusion;C=0.03,uncalibrated_linear_svm_margin,-1.4513574524684252,-0.39099584169400114,-0.8722704712833405,0.2785679519639606
00203520_03,02035,1,T1,T4,fusion;C=0.03,uncalibrated_linear_svm_margin,-0.4840464787527671,-1.130877583705176,-1.1084200535675528,0.24891090281086709
00203520_05,02035,1,T4,T4,fusion;C=0.03,uncalibrated_linear_svm_margin,-1.183391821832494,-1.5329790990097405,-0.4080337867844277,0.5647964200015083
00203520_06,02035,1,T2,T2,fusion;C=0.03,uncalibrated_linear_svm_margin,-1.1056319045503298,1.081883430915409,-1.7450031570579307,-0.977989860486117
00203520_08,02035,1,T4,T4,fusion;C=0.03,uncalibrated_linear_svm_margin,-0.8491167349145055,-0.5492741820726565,-0.9326983306758503,-0.40568630228076785
00203524_01,02035,1,T4,T3,fusion;C=0.03,uncalibrated_linear_svm_margin,-1.299388500069972,-0.35293136202788883,0.3413625734039144,-0.45597921805538155
00203524_03,02035,1,T1,T1,fusion;C=0.03,uncalibrated_linear_svm_margin,-0.00575814475095604,-0.7333127946010463,-1.7210314530778899,-0.06822300843164664
00203524_04,02035,1,T2,T3,fusion;C=0.03,uncalibrated_linear_svm_margin,-0.8546130793987202,-0.2811645011735973,-0.04909156025991568,-0.7242617351664955
00203526_00,02035,1,T4,T4,fusion;C=0.03,uncalibrated_linear_svm_margin,-0.6527666581778819,-1.2359805116540112,-0.9015046525459055,-0.022328995841753296
00203526_04,02035,1,T4,T4,fusion;C=0.03,uncalibrated_linear_svm_margin,-2.2281926179751257,-0.09227627396966731,-3.6920061106026445,0.03601001563350925
00203526_05,02035,1,T1,T4,fusion;C=0.03,uncalibrated_linear_svm_margin,0.18320450904669028,-1.1575202135052218,-2.325448947165,0.3243785495062436
00203526_06,02035,1,T4,T4,fusion;C=0.03,uncalibrated_linear_svm_margin,-1.1524828432391268,-2.2951845498547834,-1.212765458951155,1.2790955487564404
00203526_07,02035,1,T1,T3,fusion;C=0.03,uncalibrated_linear_svm_margin,-1.6240725206506028,-2.0777126240535044,-0.1375185151818017,-0.19373372501160174
00203526_08,02035,1,T3,T2,fusion;C=0.03,uncalibrated_linear_svm_margin,-0.4944119799925532,-0.21939618170055863,-0.6128575804017097,-1.1706773947337872
00203526_09,02035,1,T3,T3,fusion;C=0.03,uncalibrated_linear_svm_margin,-1.1196959660748869,-0.4176533094364856,0.390526321120897,-0.86686722425518
00203526_10,02035,1,T4,T4,fusion;C=0.03,uncalibrated_linear_svm_margin,-0.24385796270707477,-1.5367699077642074,-1.5415031768186918,0.4648172178247287
00203528_00,02035,1,T4,T4,fusion;C=0.03,uncalibrated_linear_svm_margin,-0.5896441215852298,-1.824802770403097,-1.1825385988366517,0.5890287926030227
00203528_01,02035,1,T2,T4,fusion;C=0.03,uncalibrated_linear_svm_margin,-5.448499356893029,-0.2520092457901648,-1.4111270853259725,0.5658814148535907
00203528_02,02035,1,T4,T4,fusion;C=0.03,uncalibrated_linear_svm_margin,-0.45873313148903155,-2.3717769897276058,-1.619089904890616,1.1547692181008933
00203528_03,02035,1,T2,T2,fusion;C=0.03,uncalibrated_linear_svm_margin,-1.3389941091490325,1.009405179171698,-0.8734072974379763,-1.343079729185796
00203528_04,02035,1,T3,T3,fusion;C=0.03,uncalibrated_linear_svm_margin,-0.5942044372011311,-0.4772220078625863,-0.43931893676205375,-0.5840410410914904
00203528_05,02035,1,T4,T4,fusion;C=0.03,uncalibrated_linear_svm_margin,-1.3490256575432664,-1.1181945751695632,-1.0113766998504605,0.6646059804199906
00203529_02,02035,1,T4,T4,fusion;C=0.03,uncalibrated_linear_svm_margin,-1.4413891559529683,-1.3261521737820738,-0.9605930032769698,0.3062188116532983
00203529_03,02035,1,T3,T3,fusion;C=0.03,uncalibrated_linear_svm_margin,-1.8068580447855835,0.1313866455204743,1.090336258753834,-1.6389209492321872
00203529_04,02035,1,T1,T4,fusion;C=0.03,uncalibrated_linear_svm_margin,-0.477971579350187,-0.38019815075990304,-1.6499243466877649,-0.08596487249614337
00203529_05,02035,1,T1,T4,fusion;C=0.03,uncalibrated_linear_svm_margin,-0.26128490031137835,-1.4138456430223103,-1.4418238994640773,0.21071369303661042
00203529_08,02035,1,T3,T3,fusion;C=0.03,uncalibrated_linear_svm_margin,-2.078774223205027,-0.22977134694907986,0.27195652647673485,-2.3914125268561826
00203529_10,02035,1,T4,T4,fusion;C=0.03,uncalibrated_linear_svm_margin,-1.1217708378215039,-0.9089483380726773,-0.8765216902347305,0.231133829724616
00203801_01,02038,1,T2,T2,fusion;C=0.03,uncalibrated_linear_svm_margin,-0.5720470771090509,-0.04171923895817908,-1.208309892850739,-0.6046662342763363
00203801_03,02038,1,T4,T4,fusion;C=0.03,uncalibrated_linear_svm_margin,-0.16413995530004893,-1.9789204756527605,-1.0587227741014371,0.3897436719537403
00203801_05,02038,1,T1,T4,fusion;C=0.03,uncalibrated_linear_svm_margin,0.0001524160309277489,-1.2479882872867547,-1.2688799158572173,0.1200469763333864
00203801_06,02038,1,T2,T2,fusion;C=0.03,uncalibrated_linear_svm_margin,-1.2883647915829708,2.0828289711094543,-1.6086033239166637,-1.9178404077428932
00203801_07,02038,1,T4,T4,fusion;C=0.03,uncalibrated_linear_svm_margin,-0.6597146275124991,-1.0309014454631138,-1.141224891231908,0.20133699947798417
00203801_09,02038,1,T1,T1,fusion;C=0.03,uncalibrated_linear_svm_margin,0.2874153227626608,-0.7497481624235968,-0.8078066005214527,-1.1884355701924043
00203801_10,02038,1,T2,T4,fusion;C=0.03,uncalibrated_linear_svm_margin,-1.5057118160785887,-0.44318234051629746,-0.47152036844786177,-0.2669950421702859
00203807_03,02038,1,T2,T2,fusion;C=0.03,uncalibrated_linear_svm_margin,-1.1761448506190475,0.10985494187320333,-1.0635727576765288,-0.4105887043020826
00203807_04,02038,1,T4,T4,fusion;C=0.03,uncalibrated_linear_svm_margin,-0.3834635387399279,-2.163427988222134,-0.2448424380607328,0.4880656428297406
00203807_05,02038,1,T4,T4,fusion;C=0.03,uncalibrated_linear_svm_margin,-0.38156835258442057,-1.4213591276455102,-3.4397577053864747,0.4588684500768499
00203807_06,02038,1,T1,T1,fusion;C=0.03,uncalibrated_linear_svm_margin,0.5802629426338142,-0.44957137831811816,-0.8224073559475022,-1.716874070665343
00203807_07,02038,1,T1,T1,fusion;C=0.03,uncalibrated_linear_svm_margin,-0.1284239211398856,-0.21159511420053123,-1.4785848051472918,-0.5216492476664929
00203808_02,02038,1,T4,T4,fusion;C=0.03,uncalibrated_linear_svm_margin,-0.6411204421054164,-1.2856581324451524,-0.6169412015397517,0.3406066883846643
00203808_04,02038,1,T3,T3,fusion;C=0.03,uncalibrated_linear_svm_margin,-0.8612273157836788,-0.8432622409576056,-0.13687552136986503,-0.3244152104316509
00203808_05,02038,1,T4,T4,fusion;C=0.03,uncalibrated_linear_svm_margin,-0.7714278145269489,-1.818058284432923,-1.3966214274546969,0.9450259601443973
00203808_07,02038,1,T2,T3,fusion;C=0.03,uncalibrated_linear_svm_margin,-3.584783440412915,-0.7950932061226315,-0.6234473915252163,-0.8672819328998678
00203809_10,02038,1,T4,T4,fusion;C=0.03,uncalibrated_linear_svm_margin,-0.6007437139477597,-1.5865935406695124,-1.5564067044318368,0.7127971561733544
00203809_11,02038,1,T4,T2,fusion;C=0.03,uncalibrated_linear_svm_margin,-0.7606871959870767,0.16934221744866773,-0.41089284901254186,-1.10922645353471
00203811_01,02038,1,T1,T4,fusion;C=0.03,uncalibrated_linear_svm_margin,-0.3459339114088449,-1.0899675630035583,-0.9641877933655892,0.2594467988105596
00203811_06,02038,1,T2,T2,fusion;C=0.03,uncalibrated_linear_svm_margin,-0.3621391944133504,0.3197690788028775,-1.3393572140461016,-1.1491137214407747
00203811_07,02038,1,T4,T2,fusion;C=0.03,uncalibrated_linear_svm_margin,-1.1041547558349016,-0.22070011556439872,-1.0781953987954522,-0.51080345651933
00203811_08,02038,1,T3,T4,fusion;C=0.03,uncalibrated_linear_svm_margin,-1.648689219084806,-1.0350855591406984,-0.2780650620750279,0.4029757491053752
00203813_02,02038,1,T4,T4,fusion;C=0.03,uncalibrated_linear_svm_margin,-0.28708799504518867,-1.6904090153630331,-1.8368472925958135,0.48538790599501586
00203813_03,02038,1,T4,T4,fusion;C=0.03,uncalibrated_linear_svm_margin,-1.8140191338538194,-0.5980020011872638,-1.0745122827304014,1.1501727932655075
00203813_06,02038,1,T1,T1,fusion;C=0.03,uncalibrated_linear_svm_margin,0.5160363250220519,-2.672518451431441,-2.48316010359403,0.04109296536121915
00203813_08,02038,1,T2,T2,fusion;C=0.03,uncalibrated_linear_svm_margin,-0.8782476447235252,1.0126924799879895,-0.7210368733521142,-1.4963334088797702
00203813_10,02038,1,T4,T4,fusion;C=0.03,uncalibrated_linear_svm_margin,-1.3821315528392342,-1.496559181862867,-0.9474809146318356,0.7080762855729441
00203818_01,02038,1,T4,T4,fusion;C=0.03,uncalibrated_linear_svm_margin,-0.6532228439549338,-0.8349702866669868,-1.9000424641849656,0.007511277642374969
00203818_02,02038,1,T1,T4,fusion;C=0.03,uncalibrated_linear_svm_margin,-0.9084953301603509,-0.40058773022124905,-1.2491653012704362,0.06513729685448705
00203818_03,02038,1,T1,T4,fusion;C=0.03,uncalibrated_linear_svm_margin,-0.1728086856198483,-0.8631614041259265,-2.9959841040912822,0.23820438357615986
00203818_06,02038,1,T1,T1,fusion;C=0.03,uncalibrated_linear_svm_margin,0.23674959944434615,-0.5332337024899844,-0.7598050405830307,-1.1428694739852012
00203818_08,02038,1,T1,T4,fusion;C=0.03,uncalibrated_linear_svm_margin,-0.35126164119602443,-1.39208817745611,-2.3568515834877357,-0.12580811611854792
00203818_10,02038,1,T2,T2,fusion;C=0.03,uncalibrated_linear_svm_margin,-0.5873296716237898,0.5345980711401466,-0.9469288102930903,-1.5616607028105867
00203820_00,02038,1,T4,T1,fusion;C=0.03,uncalibrated_linear_svm_margin,0.2604528678020033,-1.4342227719550449,-1.148092058698769,-0.003611709700421739
00203820_03,02038,1,T1,T3,fusion;C=0.03,uncalibrated_linear_svm_margin,-0.33453640532845275,-0.49438551814270115,-0.13557767268269239,-1.0035246959109971
00203820_05,02038,1,T4,T4,fusion;C=0.03,uncalibrated_linear_svm_margin,-0.14743506814475782,-1.7593808496865277,-0.9216103307868114,0.2982743983777985
00203820_06,02038,1,T2,T2,fusion;C=0.03,uncalibrated_linear_svm_margin,-0.38644081288145127,-0.14263712998209832,-1.2526105266332874,-0.8122163264296738
00203820_08,02038,1,T4,T4,fusion;C=0.03,uncalibrated_linear_svm_margin,-0.46690171500251365,-0.6144545744312431,-0.6012899499672825,-0.24562189436243465
00203824_01,02038,1,T4,T4,fusion;C=0.03,uncalibrated_linear_svm_margin,-0.4753096690493118,-1.5540104513262314,-1.6459788531114636,0.9344066494766066
00203824_03,02038,1,T1,T1,fusion;C=0.03,uncalibrated_linear_svm_margin,0.0010271100063702354,-0.5537890508807028,-0.9127988296169607,-1.1328718154717101
00203824_04,02038,1,T2,T1,fusion;C=0.03,uncalibrated_linear_svm_margin,-0.3352777641326462,-0.4089507478900506,-1.760905008634809,-0.6218292458905501
00203826_00,02038,1,T4,T4,fusion;C=0.03,uncalibrated_linear_svm_margin,-0.4919831401626653,-1.8714226109516063,-0.6335623065160804,0.5011045257555142
00203826_02,02038,1,T2,T2,fusion;C=0.03,uncalibrated_linear_svm_margin,-1.4012742544425913,1.3581206546359643,-0.7870410591014656,-1.530930662917351
00203826_03,02038,1,T4,T4,fusion;C=0.03,uncalibrated_linear_svm_margin,-0.2960928397138117,-0.680968305698502,-1.1572442269807883,-0.05242546138143822
00203826_04,02038,1,T4,T4,fusion;C=0.03,uncalibrated_linear_svm_margin,-0.5401144651197349,-1.1622187816208809,-1.9709341896111372,0.7314259034720718
00203826_05,02038,1,T1,T4,fusion;C=0.03,uncalibrated_linear_svm_margin,-0.28006556597090737,-0.7212094869963142,-1.1809163247438592,-0.15776085478725566
00203826_06,02038,1,T4,T4,fusion;C=0.03,uncalibrated_linear_svm_margin,-0.5537809200383035,-0.8961246841626109,-1.5022111340537165,0.22022838503775471
00203826_07,02038,1,T1,T1,fusion;C=0.03,uncalibrated_linear_svm_margin,-0.14168263008256698,-0.30965608774223435,-1.5068778161117486,-0.39979142963218445
00203826_08,02038,1,T3,T3,fusion;C=0.03,uncalibrated_linear_svm_margin,-0.6247937027113206,-0.6520067197718388,0.36385754511499624,-0.9081243843358835
00203826_09,02038,1,T3,T2,fusion;C=0.03,uncalibrated_linear_svm_margin,-1.8888984964000526,0.47288189222959476,-0.7835485522759382,-0.41901452061668915
00203826_10,02038,1,T4,T1,fusion;C=0.03,uncalibrated_linear_svm_margin,-0.0030611974430524436,-0.4637659288760073,-1.495600039249623,-0.44225374548550395
00203828_00,02038,1,T4,T4,fusion;C=0.03,uncalibrated_linear_svm_margin,-0.7158643491851113,-1.2268098429729115,-1.3087182262816435,-0.23048778363052563
00203828_01,02038,1,T2,T2,fusion;C=0.03,uncalibrated_linear_svm_margin,-1.4114972359921065,1.230592499890454,-1.6083759373168829,-0.8772835616600623
00203828_03,02038,1,T2,T2,fusion;C=0.03,uncalibrated_linear_svm_margin,-1.401073266837628,1.579823850656849,-1.9870331797675123,-0.8473941649564831
00203828_04,02038,1,T3,T3,fusion;C=0.03,uncalibrated_linear_svm_margin,-1.1035516866030126,-1.0182111384578196,-0.08410818981307044,-0.4281935481366692
00203828_05,02038,1,T4,T4,fusion;C=0.03,uncalibrated_linear_svm_margin,-0.6071961028092326,-0.7702175082708321,-1.168638037088807,0.23752412030910935
00203828_07,02038,1,T3,T4,fusion;C=0.03,uncalibrated_linear_svm_margin,-0.14092094524868803,-1.0242870590509459,-1.4702640634642452,-0.1400861083032599
00203829_03,02038,1,T3,T4,fusion;C=0.03,uncalibrated_linear_svm_margin,-1.388176882704442,-1.5276486171966215,-0.1350450903146755,0.4646176341598817
00203829_04,02038,1,T1,T1,fusion;C=0.03,uncalibrated_linear_svm_margin,0.28673816122089135,-1.2609856398334336,-1.4279121201906229,-0.6286907524599883
00203829_05,02038,1,T1,T4,fusion;C=0.03,uncalibrated_linear_svm_margin,-0.6785068881321571,-1.5297943231379796,-0.7679011629877094,0.7081810096529293
00203829_07,02038,1,T2,T3,fusion;C=0.03,uncalibrated_linear_svm_margin,-0.8786846961488598,-0.4521404950243178,-0.05511842342729556,-0.9889659404865243
00203829_10,02038,1,T4,T3,fusion;C=0.03,uncalibrated_linear_svm_margin,-1.1973629966766737,-0.3569158481587462,-0.06167393768759011,-0.8137544278061251
00203901_01,02039,1,T2,T1,fusion;C=0.1,uncalibrated_linear_svm_margin,0.3677217834955394,-1.6169562697671802,-0.37881149540379444,-1.122229112335737
00203901_05,02039,1,T1,T1,fusion;C=0.1,uncalibrated_linear_svm_margin,0.11930388960760918,-0.9459908889982633,-1.0593343989455093,-1.1500290972342548
00203901_06,02039,1,T2,T2,fusion;C=0.1,uncalibrated_linear_svm_margin,-0.9890752556289139,1.1744777075905541,-1.8053757584423635,-2.6346253932970582
00203907_03,02039,1,T2,T3,fusion;C=0.1,uncalibrated_linear_svm_margin,-0.5013399078456374,-0.31413468324159055,0.3684996614348104,-1.0259708334700963
00203907_04,02039,1,T4,T2,fusion;C=0.1,uncalibrated_linear_svm_margin,-0.4932407640766524,-0.34009495296687775,-0.5545965651573129,-0.5334011312078255
00203907_05,02039,1,T4,T2,fusion;C=0.1,uncalibrated_linear_svm_margin,-0.9659301628906911,0.727655075322622,-1.7940832234171862,-0.9386544241005539
00203907_06,02039,1,T1,T1,fusion;C=0.1,uncalibrated_linear_svm_margin,0.8987067084348298,0.13436594973404492,-2.3922679484862277,-1.1308616381943093
00203908_00,02039,1,T2,T1,fusion;C=0.1,uncalibrated_linear_svm_margin,0.5602350470894836,0.5073928754862757,-2.719594664404387,-1.6349400347815424
00203908_02,02039,1,T4,T1,fusion;C=0.1,uncalibrated_linear_svm_margin,0.740812631313826,-0.4145207019412519,-2.2032009343393977,-0.8437617184441446
00203908_04,02039,1,T3,T2,fusion;C=0.1,uncalibrated_linear_svm_margin,-1.3377304706594377,-0.48150658345217534,-1.4647139330869223,-1.4463448315025245
00203908_05,02039,1,T4,T4,fusion;C=0.1,uncalibrated_linear_svm_margin,-1.1772927134870077,-1.1750553221818025,-1.0015535397225723,-0.2498461184005779
00203908_07,02039,1,T2,T2,fusion;C=0.1,uncalibrated_linear_svm_margin,-1.085619995453198,1.7388889284746134,-2.0957441812265305,-2.3497591686365853
00203909_10,02039,1,T4,T4,fusion;C=0.1,uncalibrated_linear_svm_margin,-0.7381287007100655,-0.6627971487148845,-0.7672462510530664,-0.6602926041310206
00203911_01,02039,1,T1,T1,fusion;C=0.1,uncalibrated_linear_svm_margin,0.7229659732957702,-0.32916207693205124,-2.3544644182357755,-2.978067541733074
00203911_07,02039,1,T4,T4,fusion;C=0.1,uncalibrated_linear_svm_margin,-1.878561542992275,0.39766713196263404,-5.0102576297884,0.6291695107527885
00203913_10,02039,1,T4,T1,fusion;C=0.1,uncalibrated_linear_svm_margin,-0.10582920092357218,-0.197223967064443,-0.9236673862654206,-1.5384793848075828
00203918_04,02039,1,T2,T2,fusion;C=0.1,uncalibrated_linear_svm_margin,-0.8486023943725591,1.1840095815321363,-2.0018682009328117,-0.775694239457628
00203918_06,02039,1,T1,T1,fusion;C=0.1,uncalibrated_linear_svm_margin,-0.182892353960377,-0.5156078446167227,-0.41365895415083154,-1.6402313166742837
00203918_10,02039,1,T2,T2,fusion;C=0.1,uncalibrated_linear_svm_margin,-2.0960161801630273,1.6210887353945478,-0.9423037809259814,-0.8912822602020853
00203920_00,02039,1,T4,T1,fusion;C=0.1,uncalibrated_linear_svm_margin,-0.31016258339480984,-0.5662887954601723,-3.5076528800860527,-0.5708003821192214
00203920_03,02039,1,T1,T1,fusion;C=0.1,uncalibrated_linear_svm_margin,0.31457707614777397,-0.9699548384421647,-1.5383870937509996,-0.546276998001298
00203920_05,02039,1,T4,T1,fusion;C=0.1,uncalibrated_linear_svm_margin,0.1363177141540325,-0.5717355764290571,-1.0233624165224917,-1.1887686286809824
00203920_06,02039,1,T2,T2,fusion;C=0.1,uncalibrated_linear_svm_margin,-1.2602717261885583,0.7811493252566831,-1.6682549694333002,-0.6132343185659803
00203920_08,02039,1,T4,T1,fusion;C=0.1,uncalibrated_linear_svm_margin,-0.6803512900209716,-0.9615735514370329,-1.4828484260798027,-1.2714300444253799
00203926_02,02039,1,T2,T2,fusion;C=0.1,uncalibrated_linear_svm_margin,-0.8568505107820064,1.863251306384238,-1.9543098014276157,-3.415233508816218
00203926_08,02039,1,T3,T3,fusion;C=0.1,uncalibrated_linear_svm_margin,-0.5844180998590986,-1.1130682151497298,0.0757842732594185,-0.8485999299556904
00203928_01,02039,1,T2,T2,fusion;C=0.1,uncalibrated_linear_svm_margin,-0.5026410917834713,1.8127091713877728,-1.7882303558674468,-3.0368257162376464
00203928_03,02039,1,T2,T2,fusion;C=0.1,uncalibrated_linear_svm_margin,-0.7115856959616648,1.1980187075846849,-1.4476015923972714,-2.5415470000893423
00203928_04,02039,1,T3,T2,fusion;C=0.1,uncalibrated_linear_svm_margin,-1.199590982797473,-0.501879189600299,-0.8679503451579993,-0.554501201884285
00203929_07,02039,1,T2,T3,fusion;C=0.1,uncalibrated_linear_svm_margin,-0.7212778394745644,-1.7701832153427697,0.6283171918746706,-1.039817896386523
00203929_10,02039,1,T4,T4,fusion;C=0.1,uncalibrated_linear_svm_margin,-1.1369962611418205,-2.522862822257178,-1.2904776588091487,0.8086089891991176
00204101_01,02041,1,T2,T3,fusion;C=0.1,uncalibrated_linear_svm_margin,-1.55961113715056,-0.3782058986642093,-0.3413412822565536,-0.48816602265633235
00204101_03,02041,1,T4,T4,fusion;C=0.1,uncalibrated_linear_svm_margin,-2.29627935028427,-0.6038276200818407,0.06514071953535994,0.6613004695431625
00204101_05,02041,1,T1,T1,fusion;C=0.1,uncalibrated_linear_svm_margin,-0.23487716553501192,-1.1108985902701398,-0.8361351423023331,-0.31255905318663724
00204101_06,02041,1,T2,T2,fusion;C=0.1,uncalibrated_linear_svm_margin,-1.6652371660945904,-0.1649023037417895,-0.924807524412872,-0.6610288177470862
00204101_07,02041,1,T4,T4,fusion;C=0.1,uncalibrated_linear_svm_margin,-2.0002728762348023,-1.3120708198804736,-0.08620472626915321,0.7693669975233047
00204101_09,02041,1,T1,T1,fusion;C=0.1,uncalibrated_linear_svm_margin,0.7091102986228087,-1.1792079775998061,-1.027145978433443,-0.9698633119155224
00204101_10,02041,1,T2,T3,fusion;C=0.1,uncalibrated_linear_svm_margin,-0.8274336733921531,-1.6813426578733748,0.5449837704563627,-0.009862268425777532
00204107_02,02041,1,T4,T4,fusion;C=0.1,uncalibrated_linear_svm_margin,-1.075905904777905,-0.7481904254889121,-2.0426985298820215,0.07101670084167666
00204107_03,02041,1,T2,T4,fusion;C=0.1,uncalibrated_linear_svm_margin,-2.381921432658866,-0.8312894722231934,-2.6147849063265416,1.1477218010175307
00204107_04,02041,1,T4,T4,fusion;C=0.1,uncalibrated_linear_svm_margin,-0.19342890008985125,-1.9115703069281886,-1.3612187607229083,-0.09603843295453529
00204107_05,02041,1,T4,T2,fusion;C=0.1,uncalibrated_linear_svm_margin,-1.0753534673024738,1.0212796091594423,-1.4587998900320986,-0.36676927102218826
00204107_06,02041,1,T1,T1,fusion;C=0.1,uncalibrated_linear_svm_margin,0.7231001937704457,-0.7876281769991086,-2.624268171376473,-1.4626461195211016
00204107_07,02041,1,T1,T2,fusion;C=0.1,uncalibrated_linear_svm_margin,-0.864118879256234,-0.32431851651136956,-0.8786981062801401,-1.4320862646154948
00204108_00,02041,1,T2,T2,fusion;C=0.1,uncalibrated_linear_svm_margin,-0.8725450931432867,-0.28774671141169195,-1.1501205902655678,-0.30099808396845507
00204108_02,02041,1,T4,T2,fusion;C=0.1,uncalibrated_linear_svm_margin,-1.0498071237085282,-0.30962309895468376,-0.7289780147884729,-0.4284071172197984
00204108_04,02041,1,T3,T4,fusion;C=0.1,uncalibrated_linear_svm_margin,-0.7140931962586243,-0.6429626328012046,-1.0621878078928708,0.06637247363999488
00204108_05,02041,1,T4,T4,fusion;C=0.1,uncalibrated_linear_svm_margin,-0.8393943068496815,-1.2687028246846603,-1.8424671289465175,0.22053271480642056
00204108_07,02041,1,T2,T2,fusion;C=0.1,uncalibrated_linear_svm_margin,-1.50333764339335,-0.048260448105114206,-1.2019764555716825,-0.2448739322294642
00204109_03,02041,1,T1,T1,fusion;C=0.1,uncalibrated_linear_svm_margin,0.17693867583508516,-0.9862029662529408,-2.182761185688201,-1.2542385934009541
00204109_10,02041,1,T4,T1,fusion;C=0.1,uncalibrated_linear_svm_margin,0.31160454983319263,-0.4780556560597229,-1.911001611964624,-0.52055341539789
00204109_11,02041,1,T4,T2,fusion;C=0.1,uncalibrated_linear_svm_margin,-0.9825560607782838,0.4994936964066815,-1.327900806880858,-0.3847692388242163
00204111_01,02041,1,T1,T3,fusion;C=0.1,uncalibrated_linear_svm_margin,-1.6387279389607752,-1.3783730358366193,0.4240627917016193,0.2503245336212091
00204111_06,02041,1,T2,T2,fusion;C=0.1,uncalibrated_linear_svm_margin,-1.1045368647861515,0.47445835457141283,-1.3853876373389686,-0.6352474323680406
00204111_07,02041,1,T4,T4,fusion;C=0.1,uncalibrated_linear_svm_margin,-0.5447516900243227,-1.8165225179229496,-2.0443538806700454,0.44612363858494875
00204111_08,02041,1,T3,T1,fusion;C=0.1,uncalibrated_linear_svm_margin,-0.4804881899584944,-1.2542155448419305,-1.0055588162250466,-0.9564161637460644
00204111_10,02041,1,T2,T2,fusion;C=0.1,uncalibrated_linear_svm_margin,-1.48470102822215,1.1769385802701748,-1.0713782101952325,-0.7201945031981147
00204111_11,02041,1,T4,T4,fusion;C=0.1,uncalibrated_linear_svm_margin,-0.3617890509509496,-2.947294891055812,-0.9954354172438714,0.4620034367876861
00204113_06,02041,1,T1,T4,fusion;C=0.1,uncalibrated_linear_svm_margin,-0.6176545793702976,-1.415538121962339,-7.393928605104861,1.4023465641494748
00204113_09,02041,1,T4,T3,fusion;C=0.1,uncalibrated_linear_svm_margin,-1.084040930998866,-0.5269905513907486,0.14949352552644357,-0.21522170841988864
00204118_01,02041,1,T4,T4,fusion;C=0.1,uncalibrated_linear_svm_margin,-2.0104652362915867,-1.113110872731645,-1.4226765840142082,0.7115572137768821
00204118_02,02041,1,T1,T1,fusion;C=0.1,uncalibrated_linear_svm_margin,0.2368753996959141,-0.8525192261181999,-2.6114001830446876,-0.9068424276752096
00204118_03,02041,1,T1,T3,fusion;C=0.1,uncalibrated_linear_svm_margin,-1.0961022050416138,-1.4766882684359215,0.22464510767168622,-0.5452942310080812
00204118_04,02041,1,T2,T2,fusion;C=0.1,uncalibrated_linear_svm_margin,-0.3204638380513263,-0.22695567904561065,-1.1953909958219908,-0.6396294506588055
00204118_06,02041,1,T1,T1,fusion;C=0.1,uncalibrated_linear_svm_margin,0.5081166811359291,-2.163487171084591,-1.4544401861887764,-1.0203827289529581
00204118_08,02041,1,T1,T3,fusion;C=0.1,uncalibrated_linear_svm_margin,-0.3874766574846247,-1.3202908780157023,-0.2654468981883332,-0.4299931081689301
00204120_00,02041,1,T4,T1,fusion;C=0.1,uncalibrated_linear_svm_margin,0.08814217619729237,-1.0143569862808435,-3.4846336784766,-0.4581800127279113
00204120_03,02041,1,T1,T1,fusion;C=0.1,uncalibrated_linear_svm_margin,-0.08534300013013951,-1.1689872513008475,-0.13632455452184855,-1.1009312624301841
00204120_05,02041,1,T4,T1,fusion;C=0.1,uncalibrated_linear_svm_margin,0.28677147760787447,-0.7725713342805655,-3.2475334719083073,-0.25415741779573175
00204120_06,02041,1,T2,T2,fusion;C=0.1,uncalibrated_linear_svm_margin,-1.0253756568698171,1.2373576963512032,-2.6944093489758596,-1.0291390565879768
00204120_08,02041,1,T4,T1,fusion;C=0.1,uncalibrated_linear_svm_margin,0.409331140298573,-0.5915537949667918,-1.6785142525645749,-1.5865901414693373
00204124_01,02041,1,T4,T4,fusion;C=0.1,uncalibrated_linear_svm_margin,-0.9335630431893679,-1.0469731885338591,-1.12724441718233,0.5821744573402433
00204124_03,02041,1,T1,T1,fusion;C=0.1,uncalibrated_linear_svm_margin,0.06526486929471575,-1.4957920876178457,-0.539639651346866,-0.19430532172981452
00204124_04,02041,1,T2,T2,fusion;C=0.1,uncalibrated_linear_svm_margin,-1.8511609019809403,0.28488988266140536,0.13038984455898417,-0.524277385591398
00204126_00,02041,1,T4,T3,fusion;C=0.1,uncalibrated_linear_svm_margin,-1.2861405252007785,-1.5789990861272165,0.7670750126203414,0.25027349888299866
00204126_02,02041,1,T2,T2,fusion;C=0.1,uncalibrated_linear_svm_margin,-0.7966056329521487,0.7626267701281212,-1.2813758695324742,-1.3479356813919998
00204126_03,02041,1,T4,T4,fusion;C=0.1,uncalibrated_linear_svm_margin,-2.5476345239607263,-0.895617033465624,0.6451173049434376,0.7454465042822945
00204126_04,02041,1,T4,T1,fusion;C=0.1,uncalibrated_linear_svm_margin,1.153146503813685,-0.7350118556878174,-1.4803221350393057,-1.5284292809950322
00204126_05,02041,1,T1,T1,fusion;C=0.1,uncalibrated_linear_svm_margin,0.4581647340367109,-0.5456753198881144,-1.193631141836706,-1.206706517219542
00204126_06,02041,1,T4,T4,fusion;C=0.1,uncalibrated_linear_svm_margin,-0.8027903866173455,-1.5050788298155369,-0.623049327576624,-0.3668745653618609
00204126_07,02041,1,T1,T2,fusion;C=0.1,uncalibrated_linear_svm_margin,-0.27524307946549775,0.06847969578310564,-1.1134895970984477,-1.6821940052426263
00204126_09,02041,1,T3,T3,fusion;C=0.1,uncalibrated_linear_svm_margin,-1.5098948587154135,-0.460823240290426,0.5768642676885718,-0.9523792825368582
00204126_10,02041,1,T4,T1,fusion;C=0.1,uncalibrated_linear_svm_margin,-0.010752571802798205,-0.5337593739015444,-2.194915015864486,-0.7047297949215479
00204128_00,02041,1,T4,T4,fusion;C=0.1,uncalibrated_linear_svm_margin,-1.0178651771324398,-1.2640332924116198,-0.6759684606048426,0.256006174775091
00204128_01,02041,1,T2,T2,fusion;C=0.1,uncalibrated_linear_svm_margin,-0.976284421475499,0.1644990205111715,0.07646125644334845,-1.2360487475733595
00204128_02,02041,1,T4,T4,fusion;C=0.1,uncalibrated_linear_svm_margin,-0.6829555660710647,-1.4747711576036577,-0.5478515909072904,-0.20785460307431314
00204128_03,02041,1,T2,T2,fusion;C=0.1,uncalibrated_linear_svm_margin,-1.0951214841686814,1.0474767290893405,-0.985651579271589,-2.1255517193041444
00204128_04,02041,1,T3,T4,fusion;C=0.1,uncalibrated_linear_svm_margin,-1.7004721435232706,-1.1946793411329035,-0.10710427094347574,0.18368205808317706
00204128_05,02041,1,T4,T1,fusion;C=0.1,uncalibrated_linear_svm_margin,-0.5481272402546458,-0.6230972286358221,-2.4259582978611514,-0.8688650369355044
00204128_07,02041,1,T3,T3,fusion;C=0.1,uncalibrated_linear_svm_margin,-0.9118718504000308,-0.9284420527194921,1.0634620902538185,-0.5413645822832268
00204129_02,02041,1,T4,T3,fusion;C=0.1,uncalibrated_linear_svm_margin,-1.1481508480852298,-0.7408064570993701,0.2655645547518364,-0.5951239689262561
00204129_03,02041,1,T3,T1,fusion;C=0.1,uncalibrated_linear_svm_margin,0.2324877346303722,-1.088743997771017,-1.9463827276268129,-0.7103181651304865
00204129_04,02041,1,T1,T1,fusion;C=0.1,uncalibrated_linear_svm_margin,0.07096623984103256,-0.4767152352751758,-2.2171644381006907,-0.6966117108230777
00204129_05,02041,1,T1,T1,fusion;C=0.1,uncalibrated_linear_svm_margin,-0.33705974781878745,-0.5473909399582682,-1.7166601747602401,-0.6856700895556564
00204129_07,02041,1,T2,T2,fusion;C=0.1,uncalibrated_linear_svm_margin,-0.4656766801996025,-0.3216681232053388,-0.3804750165411026,-1.916133579571027
00204129_08,02041,1,T3,T3,fusion;C=0.1,uncalibrated_linear_svm_margin,-0.6498273777121747,-2.4675619842916983,1.1949268675741216,-0.3861178741771851
00204129_10,02041,1,T4,T4,fusion;C=0.1,uncalibrated_linear_svm_margin,-1.0988497001472932,-1.7653704029735127,0.015555121210748979,0.15849832479900594
00204201_01,02042,1,T2,T2,fusion;C=0.03,uncalibrated_linear_svm_margin,-0.5254781973930932,-0.4261431244204243,-1.0338981262533211,-0.4979890048419355
00204201_03,02042,1,T4,T3,fusion;C=0.03,uncalibrated_linear_svm_margin,-0.32892108301047496,-0.8505589018397941,-0.24093920637879762,-1.0514682123265304
00204201_05,02042,1,T1,T1,fusion;C=0.03,uncalibrated_linear_svm_margin,-0.31073075000082895,-0.6447201541352414,-0.7662400661353886,-0.4161252248386912
00204201_06,02042,1,T2,T2,fusion;C=0.03,uncalibrated_linear_svm_margin,-1.6732452065445718,0.7451959796567573,-0.15102575547905417,-1.0159696399896625
00204201_09,02042,1,T1,T1,fusion;C=0.03,uncalibrated_linear_svm_margin,-0.44066829073502123,-0.5477018292360614,-0.5325020357678654,-0.7619458214755026
00204207_03,02042,1,T2,T1,fusion;C=0.03,uncalibrated_linear_svm_margin,-0.08413151703779043,-1.2648514506441533,-0.8213332674263719,-0.2544451772397812
00204207_04,02042,1,T4,T2,fusion;C=0.03,uncalibrated_linear_svm_margin,-0.5451295636723494,-0.30376585068350004,-0.3335279833565168,-0.9551122923271326
00204207_05,02042,1,T4,T4,fusion;C=0.03,uncalibrated_linear_svm_margin,-0.9270711117470491,-0.48852399675169556,-0.5214334559074036,-0.2837056469009138
00204207_06,02042,1,T1,T1,fusion;C=0.03,uncalibrated_linear_svm_margin,-0.08215481085833443,-0.7657576760708266,-0.9955825565245755,-0.5489441121461023
00204207_07,02042,1,T1,T4,fusion;C=0.03,uncalibrated_linear_svm_margin,-0.4854096318234017,-0.6528379513850268,-0.9222662834674492,-0.29344468266153223
00204208_04,02042,1,T3,T3,fusion;C=0.03,uncalibrated_linear_svm_margin,-1.0365584084593804,-0.14788022566229264,0.030174935414077675,-0.7344675994221568
00204208_05,02042,1,T4,T4,fusion;C=0.03,uncalibrated_linear_svm_margin,-0.6654414983995425,-1.7511885523958877,-0.6279580817136741,0.28478982053202084
00204209_10,02042,1,T4,T2,fusion;C=0.03,uncalibrated_linear_svm_margin,-0.9788477696692028,0.23133197298027408,-0.9548818194682563,-0.43088007652689353
00204209_11,02042,1,T4,T4,fusion;C=0.03,uncalibrated_linear_svm_margin,-1.520929051226473,-1.1815888992552532,-0.5830242812350908,0.34613481701223836
00204211_01,02042,1,T1,T1,fusion;C=0.03,uncalibrated_linear_svm_margin,1.215707878151432,-2.8159135424628876,-0.5124906044988364,-1.1463020825253278
00204211_06,02042,1,T2,T2,fusion;C=0.03,uncalibrated_linear_svm_margin,-0.4984162109917596,0.14111690278694522,-1.2532042360456492,-0.5763013001677374
00204211_07,02042,1,T4,T4,fusion;C=0.03,uncalibrated_linear_svm_margin,-0.7620977047378268,-1.442860583507159,-1.5848472372925302,0.7704938617335445
00204211_08,02042,1,T3,T3,fusion;C=0.03,uncalibrated_linear_svm_margin,-1.3428436099020011,0.3409295433287123,0.6297108799482032,-1.2294000442868493
00204211_10,02042,1,T2,T2,fusion;C=0.03,uncalibrated_linear_svm_margin,-0.4069165052110865,0.4933980641207316,-2.0592982224662446,-0.7550706669096257
00204211_11,02042,1,T4,T4,fusion;C=0.03,uncalibrated_linear_svm_margin,-0.5403566216662598,-0.8354863948625535,-0.6485382092134122,-0.2996228816593601
00204213_02,02042,1,T4,T4,fusion;C=0.03,uncalibrated_linear_svm_margin,0.3739036166916362,-2.795213066807383,-1.9182463097134093,0.38480530007365366
00204213_03,02042,1,T4,T4,fusion;C=0.03,uncalibrated_linear_svm_margin,-0.35974765132078707,-0.8626996342535616,-1.2683949246036257,0.12649724479527957
00204213_06,02042,1,T1,T1,fusion;C=0.03,uncalibrated_linear_svm_margin,0.7771324282607112,-1.693022870978956,-1.186546597449673,-1.0291183842764249
00204213_10,02042,1,T4,T4,fusion;C=0.03,uncalibrated_linear_svm_margin,-1.6969900105106919,-0.8598736020119311,-0.8257651866579145,0.3543156094426736
00204218_01,02042,1,T4,T4,fusion;C=0.03,uncalibrated_linear_svm_margin,-0.41392494816180836,-0.5090016026145833,-2.077690862611224,-0.0076693449505526035
00204218_03,02042,1,T1,T2,fusion;C=0.03,uncalibrated_linear_svm_margin,-1.6831042439637254,0.0352339400575723,-0.00576929923134184,-0.3658807120684558
00204218_04,02042,1,T2,T4,fusion;C=0.03,uncalibrated_linear_svm_margin,-0.9137838427693274,-0.1733847612286421,-1.428915703354322,-0.04140591113338593
00204218_08,02042,1,T1,T4,fusion;C=0.03,uncalibrated_linear_svm_margin,-0.7488178387569183,-0.6130980384151059,-0.733725361545727,-0.30690504886152037
00204218_10,02042,1,T2,T2,fusion;C=0.03,uncalibrated_linear_svm_margin,-0.18931697356995786,0.19914265472044645,-1.2193920900405282,-1.0517087535899945
00204220_00,02042,1,T4,T1,fusion;C=0.03,uncalibrated_linear_svm_margin,0.10573263290740675,-0.8115831200792525,-1.0009853386804242,-0.46208778326324373
00204220_03,02042,1,T1,T3,fusion;C=0.03,uncalibrated_linear_svm_margin,-0.16200749846574958,-1.6660298596075118,0.43722475719812803,-0.9707414583066281
00204220_05,02042,1,T4,T1,fusion;C=0.03,uncalibrated_linear_svm_margin,0.09030871151512321,-1.5751166275499442,0.06864345992870247,-0.5960287441048483
00204220_06,02042,1,T2,T2,fusion;C=0.03,uncalibrated_linear_svm_margin,-0.38375658235327215,-0.054348217537160126,-0.9210176737540263,-1.0050212118279964
00204220_08,02042,1,T4,T1,fusion;C=0.03,uncalibrated_linear_svm_margin,0.06375317403140934,-0.7895932610830305,-0.6831373230189131,-0.9410779365326383
00204224_01,02042,1,T4,T4,fusion;C=0.03,uncalibrated_linear_svm_margin,-0.8454161508533649,-0.6086050229972859,-1.4527189093635857,-0.06556878693627488
00204224_03,02042,1,T1,T1,fusion;C=0.03,uncalibrated_linear_svm_margin,0.06984926338147812,-0.21854724718076474,-1.0765157800996712,-1.0598242571752028
00204224_04,02042,1,T2,T2,fusion;C=0.03,uncalibrated_linear_svm_margin,-0.8464474370730473,0.34980255983142494,-0.06232305452251641,-1.5634479971398072
00204226_00,02042,1,T4,T4,fusion;C=0.03,uncalibrated_linear_svm_margin,-1.7735925102018437,-1.0932159391984655,-0.27200941607659157,0.5592401774839632
00204226_02,02042,1,T2,T2,fusion;C=0.03,uncalibrated_linear_svm_margin,-1.9213067758734677,0.639994593596636,-0.5241714222655804,-1.8460773267602364
00204226_03,02042,1,T4,T3,fusion;C=0.03,uncalibrated_linear_svm_margin,-0.850238944917568,-0.6564172046381012,-0.19597075604806924,-0.9776821523446312
00204226_04,02042,1,T4,T4,fusion;C=0.03,uncalibrated_linear_svm_margin,-0.9137804394242588,-0.6970319370887758,-1.2532038699836336,0.09999604837939813
00204226_05,02042,1,T1,T1,fusion;C=0.03,uncalibrated_linear_svm_margin,0.11014348890880188,-1.0361431753462407,-1.2755517707522108,-0.32599781712550985
00204226_06,02042,1,T4,T4,fusion;C=0.03,uncalibrated_linear_svm_margin,-1.2047958238537908,-1.1708203022839663,-0.8414612412357607,0.47174478713379364
00204226_07,02042,1,T1,T4,fusion;C=0.03,uncalibrated_linear_svm_margin,-1.2478136818326215,-0.11113389352678049,-1.310102227039726,0.39374634392294194
00204226_09,02042,1,T3,T2,fusion;C=0.03,uncalibrated_linear_svm_margin,-0.8399539670048941,-0.15336157001550577,-1.005165491685537,-0.669561611251617
00204226_10,02042,1,T4,T2,fusion;C=0.03,uncalibrated_linear_svm_margin,-1.2246741804534773,-0.030804434278075887,-0.7654659185111318,-0.3233691126047368
00204228_00,02042,1,T4,T4,fusion;C=0.03,uncalibrated_linear_svm_margin,-0.8967078059274728,-1.2579266209265485,-0.8173768413874463,0.4229916276280923
00204228_01,02042,1,T2,T2,fusion;C=0.03,uncalibrated_linear_svm_margin,-1.399082473917951,0.40027619675692083,0.1076428368539436,-0.9450403051054967
00204228_02,02042,1,T4,T1,fusion;C=0.03,uncalibrated_linear_svm_margin,0.06296920972059339,-1.1164471903664537,-1.0338018529690742,-0.4232710626126456
00204228_03,02042,1,T2,T2,fusion;C=0.03,uncalibrated_linear_svm_margin,-0.9685991859714943,0.31948830524387073,-0.20818977838978014,-1.2039461612244806
00204228_04,02042,1,T3,T2,fusion;C=0.03,uncalibrated_linear_svm_margin,-0.43225867104200666,-0.09535496154829881,-0.10208686996329797,-1.0149130671967428
00204228_05,02042,1,T4,T4,fusion;C=0.03,uncalibrated_linear_svm_margin,-1.2139757788160064,-0.6984798906988314,-0.8837614279565646,0.25853961670221237
00204228_07,02042,1,T3,T2,fusion;C=0.03,uncalibrated_linear_svm_margin,-0.6897819580388899,-0.25432239874287876,-0.9506769138514042,-0.4262249781870618
00204229_02,02042,1,T4,T4,fusion;C=0.03,uncalibrated_linear_svm_margin,-2.2647211778044767,-0.6203324883697624,-0.5157216801921071,0.7191976694059855
00204229_03,02042,1,T3,T2,fusion;C=0.03,uncalibrated_linear_svm_margin,-0.30038045893618365,-0.052933629614227096,-0.1065481005076454,-1.5905236883181955
00204229_04,02042,1,T1,T1,fusion;C=0.03,uncalibrated_linear_svm_margin,0.6212502948374977,-1.0563174432835076,-1.4980963097668634,-0.6459974519920153
00204229_07,02042,1,T2,T3,fusion;C=0.03,uncalibrated_linear_svm_margin,-0.8821779230088611,-0.06475644484859766,0.15238187033142858,-0.9332205546311579
00204229_10,02042,1,T4,T3,fusion;C=0.03,uncalibrated_linear_svm_margin,-0.7968151309612183,-1.7773589072697535,0.3750277929711927,0.18673413581733966
00204301_01,02043,1,T2,T4,fusion;C=0.1,uncalibrated_linear_svm_margin,-1.2033175339234288,-0.6829461245677777,-0.47544034052905526,0.008734657499603282
00204301_03,02043,1,T4,T4,fusion;C=0.1,uncalibrated_linear_svm_margin,-1.1656655469313275,-0.8111276387640393,-2.2346011468285014,0.14558110681417297
00204301_05,02043,1,T1,T1,fusion;C=0.1,uncalibrated_linear_svm_margin,0.4321886063191426,-1.3939085271672882,-0.21656636683760522,-0.7000670805452589
00204301_06,02043,1,T2,T2,fusion;C=0.1,uncalibrated_linear_svm_margin,-0.98368336661458,1.259867381493848,-1.3362301078895,-1.7188302335557581
00204301_07,02043,1,T4,T4,fusion;C=0.1,uncalibrated_linear_svm_margin,-0.500644131993897,-1.6626530362024494,-0.17269970772432575,-0.07809620771441833
00204301_09,02043,1,T1,T1,fusion;C=0.1,uncalibrated_linear_svm_margin,1.2020252663894286,-1.9223739766649715,-1.3999439236266034,-0.8445027957432287
00204307_02,02043,1,T4,T4,fusion;C=0.1,uncalibrated_linear_svm_margin,-1.3504930879428083,-1.0537100229639078,-0.8162532838443142,0.014062683729239633
00204307_03,02043,1,T2,T4,fusion;C=0.1,uncalibrated_linear_svm_margin,-0.6385819262414454,-1.3813792954930117,-1.0366805221110182,-0.16983461658794868
00204307_05,02043,1,T4,T3,fusion;C=0.1,uncalibrated_linear_svm_margin,-2.291256248826539,0.6717889596353036,1.2173538177809993,-1.5771970693479964
00204307_07,02043,1,T1,T1,fusion;C=0.1,uncalibrated_linear_svm_margin,0.45487901215846593,0.07173787153985511,-3.0173502403885424,-0.7674414872861527
00204308_00,02043,1,T2,T4,fusion;C=0.1,uncalibrated_linear_svm_margin,-0.38836410426162304,-0.9667198317831356,-1.9667351798572674,-0.04265577322171127
00204308_02,02043,1,T4,T4,fusion;C=0.1,uncalibrated_linear_svm_margin,-0.7788654026161089,-1.8948217633039448,-0.16661400553394767,0.6815939814992333
00204308_04,02043,1,T3,T1,fusion;C=0.1,uncalibrated_linear_svm_margin,-0.024548001103239292,-1.1076598144984946,-1.8208724247076304,-0.5576830182434621
00204308_05,02043,1,T4,T4,fusion;C=0.1,uncalibrated_linear_svm_margin,-1.613846989571373,-0.8867935820691271,-0.7736811284564069,0.38665242309807973
00204308_07,02043,1,T2,T2,fusion;C=0.1,uncalibrated_linear_svm_margin,-1.843571238557968,1.033131474627217,-0.6180846364805798,-1.4914448676465304
00204309_03,02043,1,T1,T2,fusion;C=0.1,uncalibrated_linear_svm_margin,-1.2236215625672746,0.03789638709443566,-2.412803325791753,-0.8031975054791602
00204309_10,02043,1,T4,T2,fusion;C=0.1,uncalibrated_linear_svm_margin,-0.22858224024603707,-0.2040944683385285,-1.5805448417095616,-0.5872560861889264
00204309_11,02043,1,T4,T4,fusion;C=0.1,uncalibrated_linear_svm_margin,-0.10985340595700543,-2.940947275470125,-1.3731830674442638,0.6920374305534567
00204311_01,02043,1,T1,T4,fusion;C=0.1,uncalibrated_linear_svm_margin,-1.7081456136509243,-1.3425200572783025,-0.8985113074871027,0.9851008222440978
00204311_08,02043,1,T3,T4,fusion;C=0.1,uncalibrated_linear_svm_margin,-5.895066951683248,-2.575659127631255,0.4093793890501274,3.218445087134145
00204311_10,02043,1,T2,T2,fusion;C=0.1,uncalibrated_linear_svm_margin,-1.1527895252328109,-0.1675566119639772,-0.9902407522603983,-0.5065179966060698
00204311_11,02043,1,T4,T4,fusion;C=0.1,uncalibrated_linear_svm_margin,-0.8294849305925001,-2.988625264420217,-0.2067619780888752,0.415743022070645
00204313_02,02043,1,T4,T3,fusion;C=0.1,uncalibrated_linear_svm_margin,-0.36880844899836135,-2.2895617662221373,0.12503285407926756,-0.020436047364852106
00204313_03,02043,1,T4,T4,fusion;C=0.1,uncalibrated_linear_svm_margin,-0.7982574250290508,-1.0001513685727583,-1.668033264623544,0.27681332246690954
00204313_06,02043,1,T1,T1,fusion;C=0.1,uncalibrated_linear_svm_margin,1.9950386640653672,-4.246720567677659,-2.296274088266472,-1.327873236808873
00204313_10,02043,1,T4,T4,fusion;C=0.1,uncalibrated_linear_svm_margin,-3.190862257105186,-2.499563682165508,-2.083254712994229,2.094895194796661
00204318_02,02043,1,T1,T1,fusion;C=0.1,uncalibrated_linear_svm_margin,-0.07125170440969208,-0.4857403666696911,-2.738175445888892,-0.37892574094305664
00204318_03,02043,1,T1,T2,fusion;C=0.1,uncalibrated_linear_svm_margin,0.612236142216431,0.7908075686773345,-6.597839242448361,-1.9502387675881858
00204318_04,02043,1,T2,T1,fusion;C=0.1,uncalibrated_linear_svm_margin,0.41488916173675083,-1.0735214963746387,-1.8964931377534797,-0.4866648710488926
00204318_06,02043,1,T1,T1,fusion;C=0.1,uncalibrated_linear_svm_margin,0.22392769335888574,-1.3226424287385825,-2.1857345079999355,-0.016638227411157502
00204318_08,02043,1,T1,T1,fusion;C=0.1,uncalibrated_linear_svm_margin,-0.12181929987801532,-0.5750704102942206,-1.2681786054973718,-0.8449364514137183
00204318_10,02043,1,T2,T2,fusion;C=0.1,uncalibrated_linear_svm_margin,-1.9083640876664973,2.3595281819332783,0.53809220767868,-2.461217892584631
00204320_00,02043,1,T4,T4,fusion;C=0.1,uncalibrated_linear_svm_margin,-1.7439734343233528,-0.933777325855007,-0.9281384988687773,0.44122390714535825
00204320_03,02043,1,T1,T2,fusion;C=0.1,uncalibrated_linear_svm_margin,0.34736290741760867,1.185371478143499,-4.12187416195812,-3.8055475464811903
00204320_06,02043,1,T2,T2,fusion;C=0.1,uncalibrated_linear_svm_margin,-0.9768851233448804,0.6479974569271859,-1.5628123586028249,-0.9319715091710554
00204320_08,02043,1,T4,T1,fusion;C=0.1,uncalibrated_linear_svm_margin,0.026840493067692983,-0.18736326694717798,-1.5898331177787173,-0.8661638533044402
00204324_01,02043,1,T4,T4,fusion;C=0.1,uncalibrated_linear_svm_margin,-1.3553776460873144,-1.0450294677562504,-0.6794232024022068,0.5398253467198402
00204324_03,02043,1,T1,T1,fusion;C=0.1,uncalibrated_linear_svm_margin,-0.050681737843435215,-0.4318631969373733,-2.162900881917735,-0.4663920556031413
00204324_04,02043,1,T2,T4,fusion;C=0.1,uncalibrated_linear_svm_margin,-1.29306067823729,-0.3016380214528055,-0.2892921041693777,-0.1751099041985706
00204326_00,02043,1,T4,T4,fusion;C=0.1,uncalibrated_linear_svm_margin,-0.8351696328092983,-1.5000137850528723,-1.0687967011517037,0.3557959573960204
00204326_02,02043,1,T2,T4,fusion;C=0.1,uncalibrated_linear_svm_margin,-0.5049748538670762,-0.5513126260613387,-2.62603726162426,-0.2756101138403285
00204326_04,02043,1,T4,T1,fusion;C=0.1,uncalibrated_linear_svm_margin,0.5911953635323363,-1.23808227545429,-2.158124901306433,-0.3388155080533315
00204326_05,02043,1,T1,T2,fusion;C=0.1,uncalibrated_linear_svm_margin,-0.21441970543875433,-0.03577261637394691,-1.3735228141083458,-1.4886980503203973
00204326_06,02043,1,T4,T3,fusion;C=0.1,uncalibrated_linear_svm_margin,-1.3414554869216386,-2.261205367893351,0.13952357941050542,0.13367415810455413
00204326_07,02043,1,T1,T1,fusion;C=0.1,uncalibrated_linear_svm_margin,0.5394997240212539,-0.540405667505593,-1.592796572163271,-1.417444766466955
00204326_08,02043,1,T3,T4,fusion;C=0.1,uncalibrated_linear_svm_margin,-1.1555048795824057,-0.645675302161104,-0.42174214848405567,-0.2659476965770604
00204326_10,02043,1,T4,T2,fusion;C=0.1,uncalibrated_linear_svm_margin,-0.8908540861865908,-0.4086872562796383,-0.5999047241819777,-0.5507254561587588
00204328_00,02043,1,T4,T4,fusion;C=0.1,uncalibrated_linear_svm_margin,0.414050229228731,-2.5773499122839465,-1.5661767830840352,0.6266529415268265
00204328_03,02043,1,T2,T2,fusion;C=0.1,uncalibrated_linear_svm_margin,-3.2986849910863785,0.3712520111957701,-1.8723024582837409,-0.37112102692430393
00204328_04,02043,1,T3,T3,fusion;C=0.1,uncalibrated_linear_svm_margin,-0.9703819128361107,-1.5820694347375246,0.024206879832486594,-0.7351032371972916
00204328_05,02043,1,T4,T2,fusion;C=0.1,uncalibrated_linear_svm_margin,-0.7293679610722033,0.24119996862448556,-0.673944898525697,-1.1587790912655442
00204328_07,02043,1,T3,T4,fusion;C=0.1,uncalibrated_linear_svm_margin,-3.9958568305247746,-0.5736237634496663,-0.32467606483608,1.4616006489538196
00204329_02,02043,1,T4,T4,fusion;C=0.1,uncalibrated_linear_svm_margin,-2.2029446741667016,-0.2355627694807958,-0.02715915452004536,0.10816960904192457
00204329_03,02043,1,T3,T4,fusion;C=0.1,uncalibrated_linear_svm_margin,-4.371408264765856,-1.7887742886244684,-0.3517912372327767,0.6974214352560071
00204329_04,02043,1,T1,T4,fusion;C=0.1,uncalibrated_linear_svm_margin,-0.10705550803972608,-7.739222279763755,-1.612421780916701,1.6862488041971224
00204329_05,02043,1,T1,T1,fusion;C=0.1,uncalibrated_linear_svm_margin,-0.055830833526694934,-1.8974395694006545,-1.8970625072666494,-0.10473827193664115
00204329_07,02043,1,T2,T2,fusion;C=0.1,uncalibrated_linear_svm_margin,-0.5162010099451032,-0.15538600281313175,-2.263695860800033,-0.33877927823611675
00204329_10,02043,1,T4,T4,fusion;C=0.1,uncalibrated_linear_svm_margin,-0.6901985251891104,-0.8594480078558671,-1.5559171422129554,-0.0030157367935887414
00204401_01,02044,1,T2,T4,fusion;C=0.03,uncalibrated_linear_svm_margin,-0.8453382888523859,-0.2949912989130661,-1.3922898511566453,0.1889953452864216
00204401_03,02044,1,T4,T3,fusion;C=0.03,uncalibrated_linear_svm_margin,-0.9712676109294534,-0.816988129925288,-0.11344978046527587,-0.22488124254785175
00204401_06,02044,1,T2,T2,fusion;C=0.03,uncalibrated_linear_svm_margin,-0.8153953843730299,0.9772182412007584,-1.6699030267407364,-1.0285363518694168
00204401_07,02044,1,T4,T4,fusion;C=0.03,uncalibrated_linear_svm_margin,-1.700467442923673,-0.7742322850644097,0.13652341239529786,0.39874854719651565
00204401_09,02044,1,T1,T1,fusion;C=0.03,uncalibrated_linear_svm_margin,0.2413316509576916,-0.45031644594205794,-0.5254837003030066,-1.1453753866103744
00204401_10,02044,1,T2,T2,fusion;C=0.03,uncalibrated_linear_svm_margin,-0.9613314749617243,0.2993244818413823,-1.0659580678326162,-0.237058267648842
00204407_02,02044,1,T4,T3,fusion;C=0.03,uncalibrated_linear_svm_margin,-1.961978750532381,-0.5166863300804129,0.5553564235822652,-0.40568946584441345
00204407_03,02044,1,T2,T2,fusion;C=0.03,uncalibrated_linear_svm_margin,-0.6371230354601152,-0.32881364160811116,-0.790508217210045,-0.48462158273224915
00204407_04,02044,1,T4,T4,fusion;C=0.03,uncalibrated_linear_svm_margin,-0.8478843769554726,-1.4625034560758083,-0.9191502704532513,1.1546694339091288
00204407_05,02044,1,T4,T4,fusion;C=0.03,uncalibrated_linear_svm_margin,-0.8688687261642005,-0.882630965922832,-0.9706712028746816,0.14315339370717806
00204407_06,02044,1,T1,T2,fusion;C=0.03,uncalibrated_linear_svm_margin,-0.4528151884656858,0.07928189288374088,-1.8186933044207028,-0.5179346474123192
00204407_07,02044,1,T1,T2,fusion;C=0.03,uncalibrated_linear_svm_margin,-0.6308363735844605,0.0680071908488371,-1.6086224713506645,-0.2751074190508452
00204408_02,02044,1,T4,T4,fusion;C=0.03,uncalibrated_linear_svm_margin,-0.872914372147836,-0.46412572252737344,-0.8662680597887631,0.3936526487468298
00204408_04,02044,1,T3,T2,fusion;C=0.03,uncalibrated_linear_svm_margin,-0.8640460526283986,-0.2373344784533068,-0.4849686179678937,-0.38372919293729857
00204408_05,02044,1,T4,T2,fusion;C=0.03,uncalibrated_linear_svm_margin,-0.9755578653375722,-0.02857972258960162,-0.8080395445136036,-0.06444525009617691
00204408_07,02044,1,T2,T2,fusion;C=0.03,uncalibrated_linear_svm_margin,-1.2980774779164532,0.7528343104139921,-0.27616282313754636,-1.2727824648555277
00204409_03,02044,1,T1,T3,fusion;C=0.03,uncalibrated_linear_svm_margin,-1.2656955362925406,-0.29380574412939514,-0.1164381855261436,-0.408631567950141
00204409_10,02044,1,T4,T4,fusion;C=0.03,uncalibrated_linear_svm_margin,-1.087077264198302,-0.25273052800604956,-1.0137797324643516,-0.08873468121906558
00204409_11,02044,1,T4,T4,fusion;C=0.03,uncalibrated_linear_svm_margin,-1.1011772580652848,-0.3013429996196835,-1.325977426498796,0.08969061289052249
00204411_08,02044,1,T3,T4,fusion;C=0.03,uncalibrated_linear_svm_margin,-4.07575832716923,-0.42775802249775774,-0.6322341398119373,0.7918801360278697
00204411_10,02044,1,T2,T2,fusion;C=0.03,uncalibrated_linear_svm_margin,-0.17485444153572077,0.0534971158201244,-1.444471210249192,-0.809246915882307
00204411_11,02044,1,T4,T4,fusion;C=0.03,uncalibrated_linear_svm_margin,-1.5251465240556685,-1.594075758397142,-0.7954837953426626,0.9040128380090721
00204413_02,02044,1,T4,T4,fusion;C=0.03,uncalibrated_linear_svm_margin,-1.0108629065081995,-0.49296921587566267,-3.431749455349891,1.3210163175210172
00204413_03,02044,1,T4,T4,fusion;C=0.03,uncalibrated_linear_svm_margin,-0.34335950044389785,-1.1892295324835844,-2.209038905916101,0.799938824288772
00204413_06,02044,1,T1,T1,fusion;C=0.03,uncalibrated_linear_svm_margin,0.5844501369372176,-2.925659887494225,-1.7234080198384474,0.5044444639006568
00204413_08,02044,1,T2,T2,fusion;C=0.03,uncalibrated_linear_svm_margin,-0.859702099901434,1.2394003343016629,-0.6628030110813716,-2.1984491366189753
00204413_09,02044,1,T4,T3,fusion;C=0.03,uncalibrated_linear_svm_margin,-0.5832761606471534,-1.1358369859461641,-0.1071049606241371,-0.4015884080425461
00204413_10,02044,1,T4,T4,fusion;C=0.03,uncalibrated_linear_svm_margin,-3.5369337114228907,0.360160970760772,-2.137034736255192,1.3290010906925143
00204418_02,02044,1,T1,T1,fusion;C=0.03,uncalibrated_linear_svm_margin,0.5422600025803087,-0.4726950169054921,-1.8242617738418327,-0.9300809102726048
00204418_03,02044,1,T1,T1,fusion;C=0.03,uncalibrated_linear_svm_margin,0.5305398632416652,-2.10582500900165,-1.6229915696419694,-0.0996228952528006
00204418_06,02044,1,T1,T1,fusion;C=0.03,uncalibrated_linear_svm_margin,0.11824027183300456,-0.2971924128612109,-1.4915468096690483,-1.267025759630147
00204418_08,02044,1,T1,T4,fusion;C=0.03,uncalibrated_linear_svm_margin,-0.33316188616987386,-0.7415942137480038,-1.8575965846581335,0.10699738092999955
00204418_10,02044,1,T2,T2,fusion;C=0.03,uncalibrated_linear_svm_margin,-1.14723563569844,0.8580103387194189,-1.5367014783727329,-0.5257466835512618
00204420_00,02044,1,T4,T4,fusion;C=0.03,uncalibrated_linear_svm_margin,-0.426448564333435,-1.004753341327924,-1.094068535664997,0.03476723620023514
00204420_03,02044,1,T1,T4,fusion;C=0.03,uncalibrated_linear_svm_margin,-0.7542351545559208,-1.1232367149880909,-1.2929329442727022,0.37958858903896375
00204420_05,02044,1,T4,T4,fusion;C=0.03,uncalibrated_linear_svm_margin,-0.4336761939974213,-1.2449402366903648,-0.84278058675478,0.016730607499884198
00204420_06,02044,1,T2,T2,fusion;C=0.03,uncalibrated_linear_svm_margin,-0.778374693207795,0.45586835246319146,-1.0455898949579066,-0.700727368572832
00204420_08,02044,1,T4,T4,fusion;C=0.03,uncalibrated_linear_svm_margin,-1.1515117626808307,-1.1578229220933562,-0.92011384226025,0.186849076460479
00204424_01,02044,1,T4,T4,fusion;C=0.03,uncalibrated_linear_svm_margin,-1.0604189037232763,-0.6274250275023097,-1.5340519596827324,0.357116117965932
00204424_03,02044,1,T1,T2,fusion;C=0.03,uncalibrated_linear_svm_margin,-0.028494629463617582,-0.007805729301929465,-0.7247707713591545,-1.157492167364671
00204424_04,02044,1,T2,T4,fusion;C=0.03,uncalibrated_linear_svm_margin,-1.6543097528747706,-0.16800894198222938,-1.6891760389999784,0.41297695909886034
00204426_00,02044,1,T4,T4,fusion;C=0.03,uncalibrated_linear_svm_margin,0.016248194958872975,-1.4285574020515828,-1.946740047742057,0.5142248972091973
00204426_02,02044,1,T2,T2,fusion;C=0.03,uncalibrated_linear_svm_margin,-1.0670056451227952,1.1840573879610607,-1.2824268748244447,-0.8311522407514499
00204426_03,02044,1,T4,T4,fusion;C=0.03,uncalibrated_linear_svm_margin,-0.15700368142978827,-1.5214302843650103,-1.6356737651980993,0.20669086261598324
00204426_07,02044,1,T1,T1,fusion;C=0.03,uncalibrated_linear_svm_margin,0.09966145387458714,-0.00018958628298704205,-1.8996293866033884,-0.8286989947725243
00204426_08,02044,1,T3,T4,fusion;C=0.03,uncalibrated_linear_svm_margin,-0.2727206907416037,-1.0916095073439516,-0.5415517206989697,0.016718950535461685
00204426_09,02044,1,T3,T3,fusion;C=0.03,uncalibrated_linear_svm_margin,-0.9310436244228395,-0.5611873093964967,-0.15066307263372847,-0.4342964946276454
00204426_10,02044,1,T4,T1,fusion;C=0.03,uncalibrated_linear_svm_margin,0.23335089972037426,-0.8093384596357815,-0.5566599490003059,-0.8399323249700645
00204428_00,02044,1,T4,T4,fusion;C=0.03,uncalibrated_linear_svm_margin,-0.7255524162039735,-0.887515409415025,-1.5719883048257515,0.6929627081810364
00204428_01,02044,1,T2,T2,fusion;C=0.03,uncalibrated_linear_svm_margin,-0.8521038865392887,0.2657211676241924,-0.3779846102380679,-0.9890990599248485
00204428_02,02044,1,T4,T4,fusion;C=0.03,uncalibrated_linear_svm_margin,-0.9982293741183419,-1.2167295918093124,-0.6166770055246591,0.4052030170244755
00204428_03,02044,1,T2,T2,fusion;C=0.03,uncalibrated_linear_svm_margin,-0.998794501737323,1.7703431434384411,-1.5298953399846786,-1.564001838067103
00204428_04,02044,1,T3,T4,fusion;C=0.03,uncalibrated_linear_svm_margin,-1.3704122383102355,-0.601278881829937,-0.3514378020977089,0.08386968921534099
00204428_05,02044,1,T4,T4,fusion;C=0.03,uncalibrated_linear_svm_margin,-1.2173140382522298,-0.560655769203643,-0.4126095780032733,-0.15063606876545343
00204429_02,02044,1,T4,T4,fusion;C=0.03,uncalibrated_linear_svm_margin,-1.0378696507714418,-0.8891993212928504,-0.648934907167995,0.15459044564803726
00204429_03,02044,1,T3,T2,fusion;C=0.03,uncalibrated_linear_svm_margin,-1.3052519588667408,0.6031008215587632,-0.31481338697092176,-1.0889463741085605
00204429_04,02044,1,T1,T4,fusion;C=0.03,uncalibrated_linear_svm_margin,-0.3444214189150276,-1.2438651952998117,-0.8605346809958316,-0.3327417438294833
00204429_05,02044,1,T1,T4,fusion;C=0.03,uncalibrated_linear_svm_margin,-0.35595033109451957,-1.1307533386665032,-1.5681618214555717,0.13541055711780137
00204429_07,02044,1,T2,T1,fusion;C=0.03,uncalibrated_linear_svm_margin,-0.436116751112659,-0.6711570148182171,-0.9241587392453585,-0.6860062964794584
00204429_10,02044,1,T4,T4,fusion;C=0.03,uncalibrated_linear_svm_margin,-0.6834005993533769,-0.346306675093471,-1.74609787894374,0.2835645279179094
00204501_01,02045,1,T2,T1,fusion;C=0.1,uncalibrated_linear_svm_margin,5.9766419581258425,-13.683057456375549,-2.228800131553975,-1.6120519861008993
00204501_05,02045,1,T1,T2,fusion;C=0.1,uncalibrated_linear_svm_margin,-2.385475905930105,0.5579081003414886,-0.8064232234089594,-0.3424839598363977
00204501_06,02045,1,T2,T2,fusion;C=0.1,uncalibrated_linear_svm_margin,-1.077280459811897,0.1585878787299736,-1.0029779037350384,-3.061373912869555
00204501_07,02045,1,T4,T2,fusion;C=0.1,uncalibrated_linear_svm_margin,-3.6951763732075014,0.012057612522009431,-0.7577051395177028,-1.5071426610413896
00204507_02,02045,1,T4,T4,fusion;C=0.1,uncalibrated_linear_svm_margin,-0.37492387441087,-1.744198635997121,-2.442316148866471,1.0072827809537883
00204507_03,02045,1,T2,T1,fusion;C=0.1,uncalibrated_linear_svm_margin,0.038414487457785196,-0.11002430773002281,-1.7208104512432558,-1.0873856751046838
00204507_04,02045,1,T4,T4,fusion;C=0.1,uncalibrated_linear_svm_margin,-0.5159346875233736,-1.3451481036744606,-1.1558171273829612,0.0852872026721826
00204507_05,02045,1,T4,T3,fusion;C=0.1,uncalibrated_linear_svm_margin,-0.2651359140335983,-1.343989032236891,-0.12909111997526757,-1.0190576708573558
00204507_06,02045,1,T1,T2,fusion;C=0.1,uncalibrated_linear_svm_margin,-0.23532440167183655,0.47306324708468195,-2.1504749106508685,-1.2240026459176192
00204508_00,02045,1,T2,T4,fusion;C=0.1,uncalibrated_linear_svm_margin,-0.9361544894977704,-1.907859484005582,-0.8095593918938446,0.616724742274399
00204508_02,02045,1,T4,T2,fusion;C=0.1,uncalibrated_linear_svm_margin,-1.7206276087430203,0.31642027841421216,-0.806291860161242,-0.4863555843541941
00204509_03,02045,1,T1,T1,fusion;C=0.1,uncalibrated_linear_svm_margin,0.9610243554223062,-1.0046929682836594,-2.187423521914243,-0.7839686202036973
00204511_01,02045,1,T1,T3,fusion;C=0.1,uncalibrated_linear_svm_margin,1.1394882627146585,-7.384233076138326,1.621708787765359,-2.905979065406278
00204511_06,02045,1,T2,T2,fusion;C=0.1,uncalibrated_linear_svm_margin,-0.6772776985845044,0.22273802723182123,-1.1600111994879885,-1.0065332819402086
00204511_07,02045,1,T4,T4,fusion;C=0.1,uncalibrated_linear_svm_margin,-0.4442790940521317,-0.8335424054923972,-2.689186028643663,0.03534830487102136
00204513_02,02045,1,T4,T4,fusion;C=0.1,uncalibrated_linear_svm_margin,-0.5976217268763783,-0.8455630089136934,-1.3290263775267528,-0.3273424193744139
00204513_03,02045,1,T4,T1,fusion;C=0.1,uncalibrated_linear_svm_margin,0.5172631900995474,-3.0918854038447763,-2.478077767354145,0.22728840275726936
00204513_06,02045,1,T1,T3,fusion;C=0.1,uncalibrated_linear_svm_margin,-0.5456247275359127,-0.7567683670394424,-0.05232861617627593,-0.40456062028048545
00204513_08,02045,1,T2,T4,fusion;C=0.1,uncalibrated_linear_svm_margin,-0.822347557712772,-0.35584712009598707,-1.6929337019808897,0.4690926416862887
00204513_10,02045,1,T4,T4,fusion;C=0.1,uncalibrated_linear_svm_margin,-1.6946983851853354,-1.0182659141520303,-1.32375210561492,0.9776257782732741
00204518_01,02045,1,T4,T1,fusion;C=0.1,uncalibrated_linear_svm_margin,-0.28443329002870965,-0.6500032833631938,-1.846730774461764,-0.46213466927217717
00204518_04,02045,1,T2,T4,fusion;C=0.1,uncalibrated_linear_svm_margin,-1.187770426977909,-0.628113726815441,-0.3681569862252029,0.0012284003402155408
00204518_06,02045,1,T1,T4,fusion;C=0.1,uncalibrated_linear_svm_margin,-0.9838462835504695,-0.886832514118889,-0.5185236163526734,-0.09173786819721719
00204518_08,02045,1,T1,T2,fusion;C=0.1,uncalibrated_linear_svm_margin,-0.3243431625220909,0.31389993806246375,-2.2019555807092734,-0.8344763177593576
00204518_10,02045,1,T2,T2,fusion;C=0.1,uncalibrated_linear_svm_margin,-1.869985628086511,1.0513044324396796,-1.728789808956669,-1.203613765690299
00204520_00,02045,1,T4,T1,fusion;C=0.1,uncalibrated_linear_svm_margin,0.3721333852168561,-0.751326554733072,-6.121728303705442,-1.6463831064764038
00204520_03,02045,1,T1,T1,fusion;C=0.1,uncalibrated_linear_svm_margin,4.410028138868316,-9.714609764369083,3.921005023066327,-4.868820590303224
00204520_05,02045,1,T4,T1,fusion;C=0.1,uncalibrated_linear_svm_margin,0.4586985481800102,-1.8695399855559103,0.19866911668576503,-0.6297548831979499
00204520_06,02045,1,T2,T2,fusion;C=0.1,uncalibrated_linear_svm_margin,-0.8188401125895365,0.9252654830404806,-2.3691633574176847,-0.8912243091705412
00204520_08,02045,1,T4,T1,fusion;C=0.1,uncalibrated_linear_svm_margin,-0.2128457016735792,-0.6577806627677955,-1.8307144282089485,-0.3431128104580877
00204524_03,02045,1,T1,T2,fusion;C=0.1,uncalibrated_linear_svm_margin,-0.333849295735647,0.07728991163778198,-1.3742845155682282,-1.1565439425289739
00204524_04,02045,1,T2,T1,fusion;C=0.1,uncalibrated_linear_svm_margin,0.6873768905688779,-1.8352799694496689,-1.6932147856034545,-0.7011606193840333
00204526_00,02045,1,T4,T4,fusion;C=0.1,uncalibrated_linear_svm_margin,-0.9309413408372806,-0.7657753428656119,-0.6796361513759517,0.010748646746212787
00204526_02,02045,1,T2,T2,fusion;C=0.1,uncalibrated_linear_svm_margin,-0.25103326618562405,-0.24383949372033054,-0.8496241249107244,-0.9774816946094897
00204526_05,02045,1,T1,T4,fusion;C=0.1,uncalibrated_linear_svm_margin,-0.6796637416499454,-1.807006963661653,-0.7793064948627093,0.6562618540540662
00204526_07,02045,1,T1,T3,fusion;C=0.1,uncalibrated_linear_svm_margin,-0.5037697158021553,-1.505134930024865,0.1914326044570125,-0.10295693616497303
00204526_08,02045,1,T3,T3,fusion;C=0.1,uncalibrated_linear_svm_margin,-0.6918870349867469,-1.2503643995734577,0.6623350793226037,-0.1475633751108305
00204526_09,02045,1,T3,T4,fusion;C=0.1,uncalibrated_linear_svm_margin,-2.2981686034548043,-0.8165457850098238,-0.23709923717480974,0.617717994473611
00204528_00,02045,1,T4,T4,fusion;C=0.1,uncalibrated_linear_svm_margin,-1.3577117819663318,-0.29558903663400904,-0.22397638140791787,0.014650890711477405
00204528_03,02045,1,T2,T2,fusion;C=0.1,uncalibrated_linear_svm_margin,-0.5009871125228582,-0.14286574175310585,-0.40845805037471616,-0.7561284247520892
00204528_04,02045,1,T3,T4,fusion;C=0.1,uncalibrated_linear_svm_margin,-0.5963998719439758,-2.6464094540767253,-1.7543933948319843,0.8015588933463039
00204528_05,02045,1,T4,T1,fusion;C=0.1,uncalibrated_linear_svm_margin,0.12422487303033036,-0.8151387191481704,-1.6063598846248412,-0.2974040211068279
00204528_07,02045,1,T3,T4,fusion;C=0.1,uncalibrated_linear_svm_margin,-0.7190244749721869,-1.194527330452882,-0.6114309734790426,0.33770073548383295
00204529_02,02045,1,T4,T3,fusion;C=0.1,uncalibrated_linear_svm_margin,-1.5309197333421998,-0.2449191344561259,0.03199076241743404,-0.150298642962847
00204529_03,02045,1,T3,T4,fusion;C=0.1,uncalibrated_linear_svm_margin,-1.1214779272125264,-0.603011484792042,-0.8224224966754535,-0.006227966412772568
00204529_04,02045,1,T1,T1,fusion;C=0.1,uncalibrated_linear_svm_margin,0.026122261381385514,-0.7357117948457684,-1.4083328655203382,-0.6919162992275552
00204529_05,02045,1,T1,T4,fusion;C=0.1,uncalibrated_linear_svm_margin,-1.7416489224278284,-2.5398490229426502,-3.662847634687116,1.645963559981169
00204529_07,02045,1,T2,T2,fusion;C=0.1,uncalibrated_linear_svm_margin,-1.434324730838094,0.008780214489079508,-1.0992422664743011,-1.9518036604989324
00204529_08,02045,1,T3,T3,fusion;C=0.1,uncalibrated_linear_svm_margin,-0.2887456295990015,-0.6442497461389253,0.3197816092433159,-0.6321050016162126
00204529_10,02045,1,T4,T4,fusion;C=0.1,uncalibrated_linear_svm_margin,-2.214155050132744,-0.6230168954127986,-0.07933457665112975,0.4211141810527461
00204601_01,02046,1,T2,T4,fusion;C=0.1,uncalibrated_linear_svm_margin,-2.2637262623318115,-1.020539717214069,-0.8430674281728732,0.49089504430535297
00204601_03,02046,1,T4,T1,fusion;C=0.1,uncalibrated_linear_svm_margin,-0.2049298741050175,-0.3757564857337864,-1.0048810947749862,-0.676249016419158
00204601_05,02046,1,T1,T1,fusion;C=0.1,uncalibrated_linear_svm_margin,0.2311897055849862,-0.9381982129719866,-1.6734365416910468,-0.3678982091110766
00204601_06,02046,1,T2,T2,fusion;C=0.1,uncalibrated_linear_svm_margin,-2.0191951220108613,1.5162733604167706,-1.6897380166896607,-1.3132830402435494
00204601_07,02046,1,T4,T4,fusion;C=0.1,uncalibrated_linear_svm_margin,-2.0130679546862758,-0.6607621976073916,-0.325345901797222,0.3215910338798436
00204601_09,02046,1,T1,T1,fusion;C=0.1,uncalibrated_linear_svm_margin,0.6889591190729542,-0.5196282349335628,-1.5245177670175527,-1.151160942861057
00204601_10,02046,1,T2,T2,fusion;C=0.1,uncalibrated_linear_svm_margin,-0.9489802136521683,0.3480416505912244,-0.9231419227840512,-0.46415659526526293
00204607_02,02046,1,T4,T1,fusion;C=0.1,uncalibrated_linear_svm_margin,-0.3745125930737979,-1.0525624029577187,-1.185522041330011,-0.5183364017177101
00204607_03,02046,1,T2,T4,fusion;C=0.1,uncalibrated_linear_svm_margin,-0.4419906995066787,-0.9029580770974142,-2.1027964906154173,-0.10087514381643553
00204607_04,02046,1,T4,T4,fusion;C=0.1,uncalibrated_linear_svm_margin,-0.8717227133072929,-1.0440880625584459,-2.294696378420637,0.6425073884787513
00204607_05,02046,1,T4,T4,fusion;C=0.1,uncalibrated_linear_svm_margin,-0.8033931071336634,-3.6532025325058823,-3.0837272643224134,0.8377226431303746
00204608_02,02046,1,T4,T4,fusion;C=0.1,uncalibrated_linear_svm_margin,-1.818336084944551,-0.8411850197699342,-0.16866304715184266,0.4988168909147425
00204608_04,02046,1,T3,T3,fusion;C=0.1,uncalibrated_linear_svm_margin,-0.09891961744353028,-0.7743146423042514,0.26046374850977405,-1.1233614801102254
00204608_05,02046,1,T4,T4,fusion;C=0.1,uncalibrated_linear_svm_margin,-0.6545865124569401,-1.6949627148647597,-1.2772219787031385,0.19460643352508716
00204608_07,02046,1,T2,T2,fusion;C=0.1,uncalibrated_linear_svm_margin,-1.7497405436808657,1.0393407311886733,-1.0095829399715277,-1.6466540513159906
00204609_03,02046,1,T1,T2,fusion;C=0.1,uncalibrated_linear_svm_margin,-1.2775509650700845,0.8350198193933523,-3.2628320680383744,-3.8561007153355455
00204609_10,02046,1,T4,T4,fusion;C=0.1,uncalibrated_linear_svm_margin,-0.9831000527820528,-1.154128404073583,-1.6660754470996224,0.38022290909604445
00204609_11,02046,1,T4,T4,fusion;C=0.1,uncalibrated_linear_svm_margin,-0.7075248392899733,-1.3958178155122853,-1.6452689875570672,0.6067860877309985
00204611_06,02046,1,T2,T2,fusion;C=0.1,uncalibrated_linear_svm_margin,-2.295210855662345,0.8105148315325025,-0.769511524137541,-1.1772321474979575
00204611_07,02046,1,T4,T4,fusion;C=0.1,uncalibrated_linear_svm_margin,-0.7085264248217059,-1.7657956907641967,-1.3804203536674309,0.5332679618383485
00204611_08,02046,1,T3,T3,fusion;C=0.1,uncalibrated_linear_svm_margin,-2.00247289294839,-1.458859837012624,1.4394139967526411,-0.4372186958017842
00204611_10,02046,1,T2,T2,fusion;C=0.1,uncalibrated_linear_svm_margin,-2.2050198993864916,1.378310712467378,-1.174276023831162,-0.5786713691434048
00204611_11,02046,1,T4,T4,fusion;C=0.1,uncalibrated_linear_svm_margin,-1.2831013630173758,-2.2623110958081627,-1.6352000328245473,2.8383157841750344
00204613_02,02046,1,T4,T4,fusion;C=0.1,uncalibrated_linear_svm_margin,-0.1883362966686532,-2.156227922109357,-0.6981366349203838,0.4531328453165114
00204613_03,02046,1,T4,T4,fusion;C=0.1,uncalibrated_linear_svm_margin,-0.20737360511700653,-0.4178590220561912,-2.427381151474152,0.06637913539562262
00204613_06,02046,1,T1,T1,fusion;C=0.1,uncalibrated_linear_svm_margin,-0.21960614372042175,-2.1515420693150977,-0.6395208916556907,-0.8734607646588516
00204613_08,02046,1,T2,T2,fusion;C=0.1,uncalibrated_linear_svm_margin,-2.5757055046594033,1.983600965203319,-1.5966358013514506,-1.0475406734876724
00204613_10,02046,1,T4,T4,fusion;C=0.1,uncalibrated_linear_svm_margin,-3.8589207981164986,-2.4251594722278966,-0.7024336507908389,1.1529243121540829
00204618_01,02046,1,T4,T4,fusion;C=0.1,uncalibrated_linear_svm_margin,-1.0014731523654739,-1.1617652008054735,-0.9495115449245877,0.43020491996310534
00204618_02,02046,1,T1,T1,fusion;C=0.1,uncalibrated_linear_svm_margin,0.131250854260489,-1.340735804022422,-1.5037102049672226,-1.0174168368430856
00204618_03,02046,1,T1,T1,fusion;C=0.1,uncalibrated_linear_svm_margin,0.42778796590804025,-3.804541219974501,-1.1746047834452757,0.12999681648915745
00204618_04,02046,1,T2,T2,fusion;C=0.1,uncalibrated_linear_svm_margin,-2.4532556910172696,0.6141657192709254,-0.17835181757074714,-0.22859655856640843
00204618_06,02046,1,T1,T4,fusion;C=0.1,uncalibrated_linear_svm_margin,-0.4330845287160192,-1.422823758416094,-1.7616937944306872,0.18679743147194744
00204618_08,02046,1,T1,T1,fusion;C=0.1,uncalibrated_linear_svm_margin,0.0352680440948282,-1.8441705721380917,-0.9390585311038127,-0.10160864748313508
00204618_10,02046,1,T2,T2,fusion;C=0.1,uncalibrated_linear_svm_margin,-1.7643301524638226,1.5201240247151135,-0.6073844424041775,-1.269036147566845
00204620_00,02046,1,T4,T3,fusion;C=0.1,uncalibrated_linear_svm_margin,-0.9543705149420145,-1.5992891651034862,0.190334677021893,-0.0443316099946191
00204620_03,02046,1,T1,T1,fusion;C=0.1,uncalibrated_linear_svm_margin,0.5729457065287179,-1.581389118931874,-1.5033507808627418,-0.6006653144125558
00204620_08,02046,1,T4,T4,fusion;C=0.1,uncalibrated_linear_svm_margin,-1.3010661613893275,-0.8501694714928208,-1.6168572920877078,0.9283988209737255
00204624_01,02046,1,T4,T4,fusion;C=0.1,uncalibrated_linear_svm_margin,-0.4061762477721679,-0.8999365927469543,-2.5018304653588386,0.3864242691291862
00204624_04,02046,1,T2,T4,fusion;C=0.1,uncalibrated_linear_svm_margin,-0.3321149232696613,-1.1750560506243894,-1.5320258710304218,0.1284311059724827
00204626_00,02046,1,T4,T3,fusion;C=0.1,uncalibrated_linear_svm_margin,-1.8325988310942196,-1.8706378258667251,1.0200893973001073,0.2328918343356718
00204626_02,02046,1,T2,T2,fusion;C=0.1,uncalibrated_linear_svm_margin,-2.2936565870022823,1.2643407859853326,-1.310533356630953,-0.669014770631372
00204626_04,02046,1,T4,T4,fusion;C=0.1,uncalibrated_linear_svm_margin,-0.0923825676098401,-2.0979941346822186,-1.8664953135787483,0.33588801641073057
00204626_06,02046,1,T4,T3,fusion;C=0.1,uncalibrated_linear_svm_margin,-1.4231204773510222,-0.7037140825081498,-0.1108921867361965,-0.3456072042829089
00204626_07,02046,1,T1,T4,fusion;C=0.1,uncalibrated_linear_svm_margin,-0.29417612209427313,-0.6218041181243181,-2.1239193180694875,0.09513277083392707
00204626_08,02046,1,T3,T2,fusion;C=0.1,uncalibrated_linear_svm_margin,-1.013118957718784,0.24274894255004764,-0.10484181386770319,-1.4615224313934945
00204626_09,02046,1,T3,T3,fusion;C=0.1,uncalibrated_linear_svm_margin,-0.6963166384063249,-0.6877099646831363,-0.3498924520992124,-0.797954989045319
00204628_00,02046,1,T4,T4,fusion;C=0.1,uncalibrated_linear_svm_margin,-0.5885852309250922,-1.039919783671586,-2.5600870716254134,0.1399364141622414
00204628_01,02046,1,T2,T2,fusion;C=0.1,uncalibrated_linear_svm_margin,-2.105301067889572,0.5196757008531679,-0.2844078094829885,-0.2432728061171878
00204628_04,02046,1,T3,T1,fusion;C=0.1,uncalibrated_linear_svm_margin,0.12312858409075567,-1.7122333473002045,-1.2963805700270057,-0.48238618223097773
00204628_05,02046,1,T4,T4,fusion;C=0.1,uncalibrated_linear_svm_margin,-0.8062680667222321,-0.3960742508004388,-1.3227326687960423,-0.11557272708079813
00204628_07,02046,1,T3,T2,fusion;C=0.1,uncalibrated_linear_svm_margin,-0.8294051432521486,0.13691398349774575,-0.08428254829677972,-2.14563665404876
00204629_02,02046,1,T4,T4,fusion;C=0.1,uncalibrated_linear_svm_margin,-1.1294759831787713,-1.2691472736144316,-0.7291898486213906,0.0862388512594518
00204629_04,02046,1,T1,T4,fusion;C=0.1,uncalibrated_linear_svm_margin,-1.0962341240964049,-0.38583486096904446,-0.704546367429838,-0.3752463036192312
00204629_05,02046,1,T1,T1,fusion;C=0.1,uncalibrated_linear_svm_margin,0.24887690589090605,-0.30507707658492234,-1.7676590741350444,-0.5597882402081825
00204629_07,02046,1,T2,T4,fusion;C=0.1,uncalibrated_linear_svm_margin,-1.1260125670463772,-0.9427121472963447,-1.5173319259324523,0.5089521193975026
00204629_08,02046,1,T3,T2,fusion;C=0.1,uncalibrated_linear_svm_margin,-0.9530118140486641,-0.02764137525951882,-0.03858681571068545,-1.2132822774446186
00204629_10,02046,1,T4,T4,fusion;C=0.1,uncalibrated_linear_svm_margin,-1.3700224062733344,-0.7846260857589555,-1.3100118603246405,0.17334198578064192
