t_accept,t_incorrect,t2_safe,n,n_acceptable,n_uncertain,n_incorrect,coverage,abstention_rate,acceptable_precision,accepted_correct,accepted_incorrect,incorrect_precision,flagged_incorrect,flagged_correct,incorrect_recall_of_all,selective_error,false_acceptance_among_accepted,false_rejection_among_flagged,speakers_with_any_decision,speakers_with_5plus
0.02,0.2,False,1424,0,1336,88,0.06179775280898876,0.9382022471910112,nan,0,0,0.2159090909090909,19,69,0.07883817427385892,0.7840909090909091,nan,0.7840909090909091,16,7
0.02,0.2,True,1424,0,1364,60,0.042134831460674156,0.9578651685393258,nan,0,0,0.2833333333333333,17,43,0.07053941908713693,0.7166666666666667,nan,0.7166666666666667,16,5
0.02,0.21,False,1424,0,1391,33,0.023174157303370788,0.9768258426966292,nan,0,0,0.3333333333333333,11,22,0.04564315352697095,0.6666666666666666,nan,0.6666666666666666,14,2
0.02,0.21,True,1424,0,1397,27,0.018960674157303372,0.9810393258426966,nan,0,0,0.37037037037037035,10,17,0.04149377593360996,0.6296296296296297,nan,0.6296296296296297,12,1
0.02,0.22,False,1424,0,1400,24,0.016853932584269662,0.9831460674157303,nan,0,0,0.4166666666666667,10,14,0.04149377593360996,0.5833333333333334,nan,0.5833333333333334,12,2
0.02,0.22,True,1424,0,1403,21,0.014747191011235955,0.985252808988764,nan,0,0,0.42857142857142855,9,12,0.03734439834024896,0.5714285714285714,nan,0.5714285714285714,11,1
0.02,0.23,False,1424,0,1404,20,0.014044943820224719,0.9859550561797753,nan,0,0,0.4,8,12,0.03319502074688797,0.6,nan,0.6,11,1
0.02,0.23,True,1424,0,1407,17,0.011938202247191011,0.988061797752809,nan,0,0,0.4117647058823529,7,10,0.029045643153526972,0.5882352941176471,nan,0.5882352941176471,9,0
0.02,0.24,False,1424,0,1410,14,0.009831460674157303,0.9901685393258427,nan,0,0,0.42857142857142855,6,8,0.024896265560165973,0.5714285714285714,nan,0.5714285714285714,7,0
0.02,0.24,True,1424,0,1411,13,0.009129213483146067,0.9908707865168539,nan,0,0,0.38461538461538464,5,8,0.02074688796680498,0.6153846153846154,nan,0.6153846153846154,7,0
0.02,0.25,False,1424,0,1411,13,0.009129213483146067,0.9908707865168539,nan,0,0,0.46153846153846156,6,7,0.024896265560165973,0.5384615384615384,nan,0.5384615384615384,7,0
0.02,0.25,True,1424,0,1412,12,0.008426966292134831,0.9915730337078652,nan,0,0,0.4166666666666667,5,7,0.02074688796680498,0.5833333333333334,nan,0.5833333333333334,7,0
0.02,0.26,False,1424,0,1415,9,0.006320224719101123,0.9936797752808989,nan,0,0,0.3333333333333333,3,6,0.012448132780082987,0.6666666666666666,nan,0.6666666666666666,6,0
0.02,0.26,True,1424,0,1415,9,0.006320224719101123,0.9936797752808989,nan,0,0,0.3333333333333333,3,6,0.012448132780082987,0.6666666666666666,nan,0.6666666666666666,6,0
0.02,0.27,False,1424,0,1418,6,0.004213483146067416,0.9957865168539326,nan,0,0,0.3333333333333333,2,4,0.008298755186721992,0.6666666666666666,nan,0.6666666666666666,4,0
0.02,0.27,True,1424,0,1418,6,0.004213483146067416,0.9957865168539326,nan,0,0,0.3333333333333333,2,4,0.008298755186721992,0.6666666666666666,nan,0.6666666666666666,4,0
0.02,0.28,False,1424,0,1419,5,0.0035112359550561797,0.9964887640449438,nan,0,0,0.2,1,4,0.004149377593360996,0.8,nan,0.8,3,0
0.02,0.28,True,1424,0,1419,5,0.0035112359550561797,0.9964887640449438,nan,0,0,0.2,1,4,0.004149377593360996,0.8,nan,0.8,3,0
0.02,0.29,False,1424,0,1419,5,0.0035112359550561797,0.9964887640449438,nan,0,0,0.2,1,4,0.004149377593360996,0.8,nan,0.8,3,0
0.02,0.29,True,1424,0,1419,5,0.0035112359550561797,0.9964887640449438,nan,0,0,0.2,1,4,0.004149377593360996,0.8,nan,0.8,3,0
0.02,0.3,False,1424,0,1419,5,0.0035112359550561797,0.9964887640449438,nan,0,0,0.2,1,4,0.004149377593360996,0.8,nan,0.8,3,0
0.02,0.3,True,1424,0,1419,5,0.0035112359550561797,0.9964887640449438,nan,0,0,0.2,1,4,0.004149377593360996,0.8,nan,0.8,3,0
0.02,0.31,False,1424,0,1419,5,0.0035112359550561797,0.9964887640449438,nan,0,0,0.2,1,4,0.004149377593360996,0.8,nan,0.8,3,0
0.02,0.31,True,1424,0,1419,5,0.0035112359550561797,0.9964887640449438,nan,0,0,0.2,1,4,0.004149377593360996,0.8,nan,0.8,3,0
0.02,0.32,False,1424,0,1419,5,0.0035112359550561797,0.9964887640449438,nan,0,0,0.2,1,4,0.004149377593360996,0.8,nan,0.8,3,0
0.02,0.32,True,1424,0,1419,5,0.0035112359550561797,0.9964887640449438,nan,0,0,0.2,1,4,0.004149377593360996,0.8,nan,0.8,3,0
0.02,0.33,False,1424,0,1419,5,0.0035112359550561797,0.9964887640449438,nan,0,0,0.2,1,4,0.004149377593360996,0.8,nan,0.8,3,0
0.02,0.33,True,1424,0,1419,5,0.0035112359550561797,0.9964887640449438,nan,0,0,0.2,1,4,0.004149377593360996,0.8,nan,0.8,3,0
0.02,0.34,False,1424,0,1419,5,0.0035112359550561797,0.9964887640449438,nan,0,0,0.2,1,4,0.004149377593360996,0.8,nan,0.8,3,0
0.02,0.34,True,1424,0,1419,5,0.0035112359550561797,0.9964887640449438,nan,0,0,0.2,1,4,0.004149377593360996,0.8,nan,0.8,3,0
0.02,0.35,False,1424,0,1419,5,0.0035112359550561797,0.9964887640449438,nan,0,0,0.2,1,4,0.004149377593360996,0.8,nan,0.8,3,0
0.02,0.35,True,1424,0,1419,5,0.0035112359550561797,0.9964887640449438,nan,0,0,0.2,1,4,0.004149377593360996,0.8,nan,0.8,3,0
0.02,0.36,False,1424,0,1419,5,0.0035112359550561797,0.9964887640449438,nan,0,0,0.2,1,4,0.004149377593360996,0.8,nan,0.8,3,0
0.02,0.36,True,1424,0,1419,5,0.0035112359550561797,0.9964887640449438,nan,0,0,0.2,1,4,0.004149377593360996,0.8,nan,0.8,3,0
0.02,0.37,False,1424,0,1421,3,0.002106741573033708,0.9978932584269663,nan,0,0,0.3333333333333333,1,2,0.004149377593360996,0.6666666666666666,nan,0.6666666666666666,3,0
0.02,0.37,True,1424,0,1421,3,0.002106741573033708,0.9978932584269663,nan,0,0,0.3333333333333333,1,2,0.004149377593360996,0.6666666666666666,nan,0.6666666666666666,3,0
0.02,0.38,False,1424,0,1421,3,0.002106741573033708,0.9978932584269663,nan,0,0,0.3333333333333333,1,2,0.004149377593360996,0.6666666666666666,nan,0.6666666666666666,3,0
0.02,0.38,True,1424,0,1421,3,0.002106741573033708,0.9978932584269663,nan,0,0,0.3333333333333333,1,2,0.004149377593360996,0.6666666666666666,nan,0.6666666666666666,3,0
0.02,0.39,False,1424,0,1421,3,0.002106741573033708,0.9978932584269663,nan,0,0,0.3333333333333333,1,2,0.004149377593360996,0.6666666666666666,nan,0.6666666666666666,3,0
0.02,0.39,True,1424,0,1421,3,0.002106741573033708,0.9978932584269663,nan,0,0,0.3333333333333333,1,2,0.004149377593360996,0.6666666666666666,nan,0.6666666666666666,3,0
0.02,0.4,False,1424,0,1421,3,0.002106741573033708,0.9978932584269663,nan,0,0,0.3333333333333333,1,2,0.004149377593360996,0.6666666666666666,nan,0.6666666666666666,3,0
0.02,0.4,True,1424,0,1421,3,0.002106741573033708,0.9978932584269663,nan,0,0,0.3333333333333333,1,2,0.004149377593360996,0.6666666666666666,nan,0.6666666666666666,3,0
0.02,0.41,False,1424,0,1422,2,0.0014044943820224719,0.9985955056179775,nan,0,0,0.0,0,2,0.0,1.0,nan,1.0,2,0
0.02,0.41,True,1424,0,1422,2,0.0014044943820224719,0.9985955056179775,nan,0,0,0.0,0,2,0.0,1.0,nan,1.0,2,0
0.02,0.42,False,1424,0,1423,1,0.0007022471910112359,0.9992977528089888,nan,0,0,0.0,0,1,0.0,1.0,nan,1.0,1,0
0.02,0.42,True,1424,0,1423,1,0.0007022471910112359,0.9992977528089888,nan,0,0,0.0,0,1,0.0,1.0,nan,1.0,1,0
0.02,0.43,False,1424,0,1423,1,0.0007022471910112359,0.9992977528089888,nan,0,0,0.0,0,1,0.0,1.0,nan,1.0,1,0
0.02,0.43,True,1424,0,1423,1,0.0007022471910112359,0.9992977528089888,nan,0,0,0.0,0,1,0.0,1.0,nan,1.0,1,0
0.02,0.44,False,1424,0,1423,1,0.0007022471910112359,0.9992977528089888,nan,0,0,0.0,0,1,0.0,1.0,nan,1.0,1,0
0.02,0.44,True,1424,0,1423,1,0.0007022471910112359,0.9992977528089888,nan,0,0,0.0,0,1,0.0,1.0,nan,1.0,1,0
0.02,0.45,False,1424,0,1423,1,0.0007022471910112359,0.9992977528089888,nan,0,0,0.0,0,1,0.0,1.0,nan,1.0,1,0
0.02,0.45,True,1424,0,1423,1,0.0007022471910112359,0.9992977528089888,nan,0,0,0.0,0,1,0.0,1.0,nan,1.0,1,0
0.02,0.46,False,1424,0,1423,1,0.0007022471910112359,0.9992977528089888,nan,0,0,0.0,0,1,0.0,1.0,nan,1.0,1,0
0.02,0.46,True,1424,0,1423,1,0.0007022471910112359,0.9992977528089888,nan,0,0,0.0,0,1,0.0,1.0,nan,1.0,1,0
0.02,0.47,False,1424,0,1423,1,0.0007022471910112359,0.9992977528089888,nan,0,0,0.0,0,1,0.0,1.0,nan,1.0,1,0
0.02,0.47,True,1424,0,1423,1,0.0007022471910112359,0.9992977528089888,nan,0,0,0.0,0,1,0.0,1.0,nan,1.0,1,0
0.02,0.48,False,1424,0,1423,1,0.0007022471910112359,0.9992977528089888,nan,0,0,0.0,0,1,0.0,1.0,nan,1.0,1,0
0.02,0.48,True,1424,0,1423,1,0.0007022471910112359,0.9992977528089888,nan,0,0,0.0,0,1,0.0,1.0,nan,1.0,1,0
0.02,0.49,False,1424,0,1423,1,0.0007022471910112359,0.9992977528089888,nan,0,0,0.0,0,1,0.0,1.0,nan,1.0,1,0
0.02,0.49,True,1424,0,1423,1,0.0007022471910112359,0.9992977528089888,nan,0,0,0.0,0,1,0.0,1.0,nan,1.0,1,0
0.02,0.5,False,1424,0,1423,1,0.0007022471910112359,0.9992977528089888,nan,0,0,0.0,0,1,0.0,1.0,nan,1.0,1,0
0.02,0.5,True,1424,0,1423,1,0.0007022471910112359,0.9992977528089888,nan,0,0,0.0,0,1,0.0,1.0,nan,1.0,1,0
0.02,0.51,False,1424,0,1423,1,0.0007022471910112359,0.9992977528089888,nan,0,0,0.0,0,1,0.0,1.0,nan,1.0,1,0
0.02,0.51,True,1424,0,1423,1,0.0007022471910112359,0.9992977528089888,nan,0,0,0.0,0,1,0.0,1.0,nan,1.0,1,0
0.02,0.52,False,1424,0,1423,1,0.0007022471910112359,0.9992977528089888,nan,0,0,0.0,0,1,0.0,1.0,nan,1.0,1,0
0.02,0.52,True,1424,0,1423,1,0.0007022471910112359,0.9992977528089888,nan,0,0,0.0,0,1,0.0,1.0,nan,1.0,1,0
0.02,0.53,False,1424,0,1423,1,0.0007022471910112359,0.9992977528089888,nan,0,0,0.0,0,1,0.0,1.0,nan,1.0,1,0
0.02,0.53,True,1424,0,1423,1,0.0007022471910112359,0.9992977528089888,nan,0,0,0.0,0,1,0.0,1.0,nan,1.0,1,0
0.02,0.54,False,1424,0,1423,1,0.0007022471910112359,0.9992977528089888,nan,0,0,0.0,0,1,0.0,1.0,nan,1.0,1,0
0.02,0.54,True,1424,0,1423,1,0.0007022471910112359,0.9992977528089888,nan,0,0,0.0,0,1,0.0,1.0,nan,1.0,1,0
0.02,0.55,False,1424,0,1423,1,0.0007022471910112359,0.9992977528089888,nan,0,0,0.0,0,1,0.0,1.0,nan,1.0,1,0
0.02,0.55,True,1424,0,1423,1,0.0007022471910112359,0.9992977528089888,nan,0,0,0.0,0,1,0.0,1.0,nan,1.0,1,0
0.02,0.56,False,1424,0,1423,1,0.0007022471910112359,0.9992977528089888,nan,0,0,0.0,0,1,0.0,1.0,nan,1.0,1,0
0.02,0.56,True,1424,0,1423,1,0.0007022471910112359,0.9992977528089888,nan,0,0,0.0,0,1,0.0,1.0,nan,1.0,1,0
0.02,0.57,False,1424,0,1423,1,0.0007022471910112359,0.9992977528089888,nan,0,0,0.0,0,1,0.0,1.0,nan,1.0,1,0
0.02,0.57,True,1424,0,1423,1,0.0007022471910112359,0.9992977528089888,nan,0,0,0.0,0,1,0.0,1.0,nan,1.0,1,0
0.02,0.58,False,1424,0,1423,1,0.0007022471910112359,0.9992977528089888,nan,0,0,0.0,0,1,0.0,1.0,nan,1.0,1,0
0.02,0.58,True,1424,0,1423,1,0.0007022471910112359,0.9992977528089888,nan,0,0,0.0,0,1,0.0,1.0,nan,1.0,1,0
0.02,0.59,False,1424,0,1423,1,0.0007022471910112359,0.9992977528089888,nan,0,0,0.0,0,1,0.0,1.0,nan,1.0,1,0
0.02,0.59,True,1424,0,1423,1,0.0007022471910112359,0.9992977528089888,nan,0,0,0.0,0,1,0.0,1.0,nan,1.0,1,0
0.02,0.6,False,1424,0,1423,1,0.0007022471910112359,0.9992977528089888,nan,0,0,0.0,0,1,0.0,1.0,nan,1.0,1,0
0.02,0.6,True,1424,0,1423,1,0.0007022471910112359,0.9992977528089888,nan,0,0,0.0,0,1,0.0,1.0,nan,1.0,1,0
0.02,0.61,False,1424,0,1423,1,0.0007022471910112359,0.9992977528089888,nan,0,0,0.0,0,1,0.0,1.0,nan,1.0,1,0
0.02,0.61,True,1424,0,1423,1,0.0007022471910112359,0.9992977528089888,nan,0,0,0.0,0,1,0.0,1.0,nan,1.0,1,0
0.02,0.62,False,1424,0,1423,1,0.0007022471910112359,0.9992977528089888,nan,0,0,0.0,0,1,0.0,1.0,nan,1.0,1,0
0.02,0.62,True,1424,0,1423,1,0.0007022471910112359,0.9992977528089888,nan,0,0,0.0,0,1,0.0,1.0,nan,1.0,1,0
0.02,0.63,False,1424,0,1423,1,0.0007022471910112359,0.9992977528089888,nan,0,0,0.0,0,1,0.0,1.0,nan,1.0,1,0
0.02,0.63,True,1424,0,1423,1,0.0007022471910112359,0.9992977528089888,nan,0,0,0.0,0,1,0.0,1.0,nan,1.0,1,0
0.02,0.64,False,1424,0,1423,1,0.0007022471910112359,0.9992977528089888,nan,0,0,0.0,0,1,0.0,1.0,nan,1.0,1,0
0.02,0.64,True,1424,0,1423,1,0.0007022471910112359,0.9992977528089888,nan,0,0,0.0,0,1,0.0,1.0,nan,1.0,1,0
0.02,0.65,False,1424,0,1423,1,0.0007022471910112359,0.9992977528089888,nan,0,0,0.0,0,1,0.0,1.0,nan,1.0,1,0
0.02,0.65,True,1424,0,1423,1,0.0007022471910112359,0.9992977528089888,nan,0,0,0.0,0,1,0.0,1.0,nan,1.0,1,0
0.02,0.66,False,1424,0,1424,0,0.0,1.0,nan,0,0,nan,0,0,0.0,nan,nan,nan,0,0
0.02,0.66,True,1424,0,1424,0,0.0,1.0,nan,0,0,nan,0,0,0.0,nan,nan,nan,0,0
0.02,0.67,False,1424,0,1424,0,0.0,1.0,nan,0,0,nan,0,0,0.0,nan,nan,nan,0,0
0.02,0.67,True,1424,0,1424,0,0.0,1.0,nan,0,0,nan,0,0,0.0,nan,nan,nan,0,0
0.02,0.68,False,1424,0,1424,0,0.0,1.0,nan,0,0,nan,0,0,0.0,nan,nan,nan,0,0
0.02,0.68,True,1424,0,1424,0,0.0,1.0,nan,0,0,nan,0,0,0.0,nan,nan,nan,0,0
0.02,0.69,False,1424,0,1424,0,0.0,1.0,nan,0,0,nan,0,0,0.0,nan,nan,nan,0,0
0.02,0.69,True,1424,0,1424,0,0.0,1.0,nan,0,0,nan,0,0,0.0,nan,nan,nan,0,0
0.02,0.7,False,1424,0,1424,0,0.0,1.0,nan,0,0,nan,0,0,0.0,nan,nan,nan,0,0
0.02,0.7,True,1424,0,1424,0,0.0,1.0,nan,0,0,nan,0,0,0.0,nan,nan,nan,0,0
0.02,0.71,False,1424,0,1424,0,0.0,1.0,nan,0,0,nan,0,0,0.0,nan,nan,nan,0,0
0.02,0.71,True,1424,0,1424,0,0.0,1.0,nan,0,0,nan,0,0,0.0,nan,nan,nan,0,0
0.02,0.72,False,1424,0,1424,0,0.0,1.0,nan,0,0,nan,0,0,0.0,nan,nan,nan,0,0
0.02,0.72,True,1424,0,1424,0,0.0,1.0,nan,0,0,nan,0,0,0.0,nan,nan,nan,0,0
0.02,0.73,False,1424,0,1424,0,0.0,1.0,nan,0,0,nan,0,0,0.0,nan,nan,nan,0,0
0.02,0.73,True,1424,0,1424,0,0.0,1.0,nan,0,0,nan,0,0,0.0,nan,nan,nan,0,0
0.02,0.74,False,1424,0,1424,0,0.0,1.0,nan,0,0,nan,0,0,0.0,nan,nan,nan,0,0
0.02,0.74,True,1424,0,1424,0,0.0,1.0,nan,0,0,nan,0,0,0.0,nan,nan,nan,0,0
0.02,0.75,False,1424,0,1424,0,0.0,1.0,nan,0,0,nan,0,0,0.0,nan,nan,nan,0,0
0.02,0.75,True,1424,0,1424,0,0.0,1.0,nan,0,0,nan,0,0,0.0,nan,nan,nan,0,0
0.02,0.76,False,1424,0,1424,0,0.0,1.0,nan,0,0,nan,0,0,0.0,nan,nan,nan,0,0
0.02,0.76,True,1424,0,1424,0,0.0,1.0,nan,0,0,nan,0,0,0.0,nan,nan,nan,0,0
0.02,0.77,False,1424,0,1424,0,0.0,1.0,nan,0,0,nan,0,0,0.0,nan,nan,nan,0,0
0.02,0.77,True,1424,0,1424,0,0.0,1.0,nan,0,0,nan,0,0,0.0,nan,nan,nan,0,0
0.02,0.78,False,1424,0,1424,0,0.0,1.0,nan,0,0,nan,0,0,0.0,nan,nan,nan,0,0
0.02,0.78,True,1424,0,1424,0,0.0,1.0,nan,0,0,nan,0,0,0.0,nan,nan,nan,0,0
0.02,0.79,False,1424,0,1424,0,0.0,1.0,nan,0,0,nan,0,0,0.0,nan,nan,nan,0,0
0.02,0.79,True,1424,0,1424,0,0.0,1.0,nan,0,0,nan,0,0,0.0,nan,nan,nan,0,0
0.02,0.8,False,1424,0,1424,0,0.0,1.0,nan,0,0,nan,0,0,0.0,nan,nan,nan,0,0
0.02,0.8,True,1424,0,1424,0,0.0,1.0,nan,0,0,nan,0,0,0.0,nan,nan,nan,0,0
0.02,0.81,False,1424,0,1424,0,0.0,1.0,nan,0,0,nan,0,0,0.0,nan,nan,nan,0,0
0.02,0.81,True,1424,0,1424,0,0.0,1.0,nan,0,0,nan,0,0,0.0,nan,nan,nan,0,0
0.02,0.82,False,1424,0,1424,0,0.0,1.0,nan,0,0,nan,0,0,0.0,nan,nan,nan,0,0
0.02,0.82,True,1424,0,1424,0,0.0,1.0,nan,0,0,nan,0,0,0.0,nan,nan,nan,0,0
0.02,0.83,False,1424,0,1424,0,0.0,1.0,nan,0,0,nan,0,0,0.0,nan,nan,nan,0,0
0.02,0.83,True,1424,0,1424,0,0.0,1.0,nan,0,0,nan,0,0,0.0,nan,nan,nan,0,0
0.02,0.84,False,1424,0,1424,0,0.0,1.0,nan,0,0,nan,0,0,0.0,nan,nan,nan,0,0
0.02,0.84,True,1424,0,1424,0,0.0,1.0,nan,0,0,nan,0,0,0.0,nan,nan,nan,0,0
0.02,0.85,False,1424,0,1424,0,0.0,1.0,nan,0,0,nan,0,0,0.0,nan,nan,nan,0,0
0.02,0.85,True,1424,0,1424,0,0.0,1.0,nan,0,0,nan,0,0,0.0,nan,nan,nan,0,0
0.03,0.2,False,1424,0,1336,88,0.06179775280898876,0.9382022471910112,nan,0,0,0.2159090909090909,19,69,0.07883817427385892,0.7840909090909091,nan,0.7840909090909091,16,7
0.03,0.2,True,1424,0,1364,60,0.042134831460674156,0.9578651685393258,nan,0,0,0.2833333333333333,17,43,0.07053941908713693,0.7166666666666667,nan,0.7166666666666667,16,5
0.03,0.21,False,1424,0,1391,33,0.023174157303370788,0.9768258426966292,nan,0,0,0.3333333333333333,11,22,0.04564315352697095,0.6666666666666666,nan,0.6666666666666666,14,2
0.03,0.21,True,1424,0,1397,27,0.018960674157303372,0.9810393258426966,nan,0,0,0.37037037037037035,10,17,0.04149377593360996,0.6296296296296297,nan,0.6296296296296297,12,1
0.03,0.22,False,1424,0,1400,24,0.016853932584269662,0.9831460674157303,nan,0,0,0.4166666666666667,10,14,0.04149377593360996,0.5833333333333334,nan,0.5833333333333334,12,2
0.03,0.22,True,1424,0,1403,21,0.014747191011235955,0.985252808988764,nan,0,0,0.42857142857142855,9,12,0.03734439834024896,0.5714285714285714,nan,0.5714285714285714,11,1
0.03,0.23,False,1424,0,1404,20,0.014044943820224719,0.9859550561797753,nan,0,0,0.4,8,12,0.03319502074688797,0.6,nan,0.6,11,1
0.03,0.23,True,1424,0,1407,17,0.011938202247191011,0.988061797752809,nan,0,0,0.4117647058823529,7,10,0.029045643153526972,0.5882352941176471,nan,0.5882352941176471,9,0
0.03,0.24,False,1424,0,1410,14,0.009831460674157303,0.9901685393258427,nan,0,0,0.42857142857142855,6,8,0.024896265560165973,0.5714285714285714,nan,0.5714285714285714,7,0
0.03,0.24,True,1424,0,1411,13,0.009129213483146067,0.9908707865168539,nan,0,0,0.38461538461538464,5,8,0.02074688796680498,0.6153846153846154,nan,0.6153846153846154,7,0
0.03,0.25,False,1424,0,1411,13,0.009129213483146067,0.9908707865168539,nan,0,0,0.46153846153846156,6,7,0.024896265560165973,0.5384615384615384,nan,0.5384615384615384,7,0
0.03,0.25,True,1424,0,1412,12,0.008426966292134831,0.9915730337078652,nan,0,0,0.4166666666666667,5,7,0.02074688796680498,0.5833333333333334,nan,0.5833333333333334,7,0
0.03,0.26,False,1424,0,1415,9,0.006320224719101123,0.9936797752808989,nan,0,0,0.3333333333333333,3,6,0.012448132780082987,0.6666666666666666,nan,0.6666666666666666,6,0
0.03,0.26,True,1424,0,1415,9,0.006320224719101123,0.9936797752808989,nan,0,0,0.3333333333333333,3,6,0.012448132780082987,0.6666666666666666,nan,0.6666666666666666,6,0
0.03,0.27,False,1424,0,1418,6,0.004213483146067416,0.9957865168539326,nan,0,0,0.3333333333333333,2,4,0.008298755186721992,0.6666666666666666,nan,0.6666666666666666,4,0
0.03,0.27,True,1424,0,1418,6,0.004213483146067416,0.9957865168539326,nan,0,0,0.3333333333333333,2,4,0.008298755186721992,0.6666666666666666,nan,0.6666666666666666,4,0
0.03,0.28,False,1424,0,1419,5,0.0035112359550561797,0.9964887640449438,nan,0,0,0.2,1,4,0.004149377593360996,0.8,nan,0.8,3,0
0.03,0.28,True,1424,0,1419,5,0.0035112359550561797,0.9964887640449438,nan,0,0,0.2,1,4,0.004149377593360996,0.8,nan,0.8,3,0
0.03,0.29,False,1424,0,1419,5,0.0035112359550561797,0.9964887640449438,nan,0,0,0.2,1,4,0.004149377593360996,0.8,nan,0.8,3,0
0.03,0.29,True,1424,0,1419,5,0.0035112359550561797,0.9964887640449438,nan,0,0,0.2,1,4,0.004149377593360996,0.8,nan,0.8,3,0
0.03,0.3,False,1424,0,1419,5,0.0035112359550561797,0.9964887640449438,nan,0,0,0.2,1,4,0.004149377593360996,0.8,nan,0.8,3,0
0.03,0.3,True,1424,0,1419,5,0.0035112359550561797,0.9964887640449438,nan,0,0,0.2,1,4,0.004149377593360996,0.8,nan,0.8,3,0
0.03,0.31,False,1424,0,1419,5,0.0035112359550561797,0.9964887640449438,nan,0,0,0.2,1,4,0.004149377593360996,0.8,nan,0.8,3,0
0.03,0.31,True,1424,0,1419,5,0.0035112359550561797,0.9964887640449438,nan,0,0,0.2,1,4,0.004149377593360996,0.8,nan,0.8,3,0
0.03,0.32,False,1424,0,1419,5,0.0035112359550561797,0.9964887640449438,nan,0,0,0.2,1,4,0.004149377593360996,0.8,nan,0.8,3,0
0.03,0.32,True,1424,0,1419,5,0.0035112359550561797,0.9964887640449438,nan,0,0,0.2,1,4,0.004149377593360996,0.8,nan,0.8,3,0
0.03,0.33,False,1424,0,1419,5,0.0035112359550561797,0.9964887640449438,nan,0,0,0.2,1,4,0.004149377593360996,0.8,nan,0.8,3,0
0.03,0.33,True,1424,0,1419,5,0.0035112359550561797,0.9964887640449438,nan,0,0,0.2,1,4,0.004149377593360996,0.8,nan,0.8,3,0
0.03,0.34,False,1424,0,1419,5,0.0035112359550561797,0.9964887640449438,nan,0,0,0.2,1,4,0.004149377593360996,0.8,nan,0.8,3,0
0.03,0.34,True,1424,0,1419,5,0.0035112359550561797,0.9964887640449438,nan,0,0,0.2,1,4,0.004149377593360996,0.8,nan,0.8,3,0
0.03,0.35,False,1424,0,1419,5,0.0035112359550561797,0.9964887640449438,nan,0,0,0.2,1,4,0.004149377593360996,0.8,nan,0.8,3,0
0.03,0.35,True,1424,0,1419,5,0.0035112359550561797,0.9964887640449438,nan,0,0,0.2,1,4,0.004149377593360996,0.8,nan,0.8,3,0
0.03,0.36,False,1424,0,1419,5,0.0035112359550561797,0.9964887640449438,nan,0,0,0.2,1,4,0.004149377593360996,0.8,nan,0.8,3,0
0.03,0.36,True,1424,0,1419,5,0.0035112359550561797,0.9964887640449438,nan,0,0,0.2,1,4,0.004149377593360996,0.8,nan,0.8,3,0
0.03,0.37,False,1424,0,1421,3,0.002106741573033708,0.9978932584269663,nan,0,0,0.3333333333333333,1,2,0.004149377593360996,0.6666666666666666,nan,0.6666666666666666,3,0
0.03,0.37,True,1424,0,1421,3,0.002106741573033708,0.9978932584269663,nan,0,0,0.3333333333333333,1,2,0.004149377593360996,0.6666666666666666,nan,0.6666666666666666,3,0
0.03,0.38,False,1424,0,1421,3,0.002106741573033708,0.9978932584269663,nan,0,0,0.3333333333333333,1,2,0.004149377593360996,0.6666666666666666,nan,0.6666666666666666,3,0
0.03,0.38,True,1424,0,1421,3,0.002106741573033708,0.9978932584269663,nan,0,0,0.3333333333333333,1,2,0.004149377593360996,0.6666666666666666,nan,0.6666666666666666,3,0
0.03,0.39,False,1424,0,1421,3,0.002106741573033708,0.9978932584269663,nan,0,0,0.3333333333333333,1,2,0.004149377593360996,0.6666666666666666,nan,0.6666666666666666,3,0
0.03,0.39,True,1424,0,1421,3,0.002106741573033708,0.9978932584269663,nan,0,0,0.3333333333333333,1,2,0.004149377593360996,0.6666666666666666,nan,0.6666666666666666,3,0
0.03,0.4,False,1424,0,1421,3,0.002106741573033708,0.9978932584269663,nan,0,0,0.3333333333333333,1,2,0.004149377593360996,0.6666666666666666,nan,0.6666666666666666,3,0
0.03,0.4,True,1424,0,1421,3,0.002106741573033708,0.9978932584269663,nan,0,0,0.3333333333333333,1,2,0.004149377593360996,0.6666666666666666,nan,0.6666666666666666,3,0
0.03,0.41,False,1424,0,1422,2,0.0014044943820224719,0.9985955056179775,nan,0,0,0.0,0,2,0.0,1.0,nan,1.0,2,0
0.03,0.41,True,1424,0,1422,2,0.0014044943820224719,0.9985955056179775,nan,0,0,0.0,0,2,0.0,1.0,nan,1.0,2,0
0.03,0.42,False,1424,0,1423,1,0.0007022471910112359,0.9992977528089888,nan,0,0,0.0,0,1,0.0,1.0,nan,1.0,1,0
0.03,0.42,True,1424,0,1423,1,0.0007022471910112359,0.9992977528089888,nan,0,0,0.0,0,1,0.0,1.0,nan,1.0,1,0
0.03,0.43,False,1424,0,1423,1,0.0007022471910112359,0.9992977528089888,nan,0,0,0.0,0,1,0.0,1.0,nan,1.0,1,0
0.03,0.43,True,1424,0,1423,1,0.0007022471910112359,0.9992977528089888,nan,0,0,0.0,0,1,0.0,1.0,nan,1.0,1,0
0.03,0.44,False,1424,0,1423,1,0.0007022471910112359,0.9992977528089888,nan,0,0,0.0,0,1,0.0,1.0,nan,1.0,1,0
0.03,0.44,True,1424,0,1423,1,0.0007022471910112359,0.9992977528089888,nan,0,0,0.0,0,1,0.0,1.0,nan,1.0,1,0
0.03,0.45,False,1424,0,1423,1,0.0007022471910112359,0.9992977528089888,nan,0,0,0.0,0,1,0.0,1.0,nan,1.0,1,0
0.03,0.45,True,1424,0,1423,1,0.0007022471910112359,0.9992977528089888,nan,0,0,0.0,0,1,0.0,1.0,nan,1.0,1,0
0.03,0.46,False,1424,0,1423,1,0.0007022471910112359,0.9992977528089888,nan,0,0,0.0,0,1,0.0,1.0,nan,1.0,1,0
0.03,0.46,True,1424,0,1423,1,0.0007022471910112359,0.9992977528089888,nan,0,0,0.0,0,1,0.0,1.0,nan,1.0,1,0
0.03,0.47,False,1424,0,1423,1,0.0007022471910112359,0.9992977528089888,nan,0,0,0.0,0,1,0.0,1.0,nan,1.0,1,0
0.03,0.47,True,1424,0,1423,1,0.0007022471910112359,0.9992977528089888,nan,0,0,0.0,0,1,0.0,1.0,nan,1.0,1,0
0.03,0.48,False,1424,0,1423,1,0.0007022471910112359,0.9992977528089888,nan,0,0,0.0,0,1,0.0,1.0,nan,1.0,1,0
0.03,0.48,True,1424,0,1423,1,0.0007022471910112359,0.9992977528089888,nan,0,0,0.0,0,1,0.0,1.0,nan,1.0,1,0
0.03,0.49,False,1424,0,1423,1,0.0007022471910112359,0.9992977528089888,nan,0,0,0.0,0,1,0.0,1.0,nan,1.0,1,0
0.03,0.49,True,1424,0,1423,1,0.0007022471910112359,0.9992977528089888,nan,0,0,0.0,0,1,0.0,1.0,nan,1.0,1,0
0.03,0.5,False,1424,0,1423,1,0.0007022471910112359,0.9992977528089888,nan,0,0,0.0,0,1,0.0,1.0,nan,1.0,1,0
0.03,0.5,True,1424,0,1423,1,0.0007022471910112359,0.9992977528089888,nan,0,0,0.0,0,1,0.0,1.0,nan,1.0,1,0
0.03,0.51,False,1424,0,1423,1,0.0007022471910112359,0.9992977528089888,nan,0,0,0.0,0,1,0.0,1.0,nan,1.0,1,0
0.03,0.51,True,1424,0,1423,1,0.0007022471910112359,0.9992977528089888,nan,0,0,0.0,0,1,0.0,1.0,nan,1.0,1,0
0.03,0.52,False,1424,0,1423,1,0.0007022471910112359,0.9992977528089888,nan,0,0,0.0,0,1,0.0,1.0,nan,1.0,1,0
0.03,0.52,True,1424,0,1423,1,0.0007022471910112359,0.9992977528089888,nan,0,0,0.0,0,1,0.0,1.0,nan,1.0,1,0
0.03,0.53,False,1424,0,1423,1,0.0007022471910112359,0.9992977528089888,nan,0,0,0.0,0,1,0.0,1.0,nan,1.0,1,0
0.03,0.53,True,1424,0,1423,1,0.0007022471910112359,0.9992977528089888,nan,0,0,0.0,0,1,0.0,1.0,nan,1.0,1,0
0.03,0.54,False,1424,0,1423,1,0.0007022471910112359,0.9992977528089888,nan,0,0,0.0,0,1,0.0,1.0,nan,1.0,1,0
0.03,0.54,True,1424,0,1423,1,0.0007022471910112359,0.9992977528089888,nan,0,0,0.0,0,1,0.0,1.0,nan,1.0,1,0
0.03,0.55,False,1424,0,1423,1,0.0007022471910112359,0.9992977528089888,nan,0,0,0.0,0,1,0.0,1.0,nan,1.0,1,0
0.03,0.55,True,1424,0,1423,1,0.0007022471910112359,0.9992977528089888,nan,0,0,0.0,0,1,0.0,1.0,nan,1.0,1,0
0.03,0.56,False,1424,0,1423,1,0.0007022471910112359,0.9992977528089888,nan,0,0,0.0,0,1,0.0,1.0,nan,1.0,1,0
0.03,0.56,True,1424,0,1423,1,0.0007022471910112359,0.9992977528089888,nan,0,0,0.0,0,1,0.0,1.0,nan,1.0,1,0
0.03,0.57,False,1424,0,1423,1,0.0007022471910112359,0.9992977528089888,nan,0,0,0.0,0,1,0.0,1.0,nan,1.0,1,0
0.03,0.57,True,1424,0,1423,1,0.0007022471910112359,0.9992977528089888,nan,0,0,0.0,0,1,0.0,1.0,nan,1.0,1,0
0.03,0.58,False,1424,0,1423,1,0.0007022471910112359,0.9992977528089888,nan,0,0,0.0,0,1,0.0,1.0,nan,1.0,1,0
0.03,0.58,True,1424,0,1423,1,0.0007022471910112359,0.9992977528089888,nan,0,0,0.0,0,1,0.0,1.0,nan,1.0,1,0
0.03,0.59,False,1424,0,1423,1,0.0007022471910112359,0.9992977528089888,nan,0,0,0.0,0,1,0.0,1.0,nan,1.0,1,0
0.03,0.59,True,1424,0,1423,1,0.0007022471910112359,0.9992977528089888,nan,0,0,0.0,0,1,0.0,1.0,nan,1.0,1,0
0.03,0.6,False,1424,0,1423,1,0.0007022471910112359,0.9992977528089888,nan,0,0,0.0,0,1,0.0,1.0,nan,1.0,1,0
0.03,0.6,True,1424,0,1423,1,0.0007022471910112359,0.9992977528089888,nan,0,0,0.0,0,1,0.0,1.0,nan,1.0,1,0
0.03,0.61,False,1424,0,1423,1,0.0007022471910112359,0.9992977528089888,nan,0,0,0.0,0,1,0.0,1.0,nan,1.0,1,0
0.03,0.61,True,1424,0,1423,1,0.0007022471910112359,0.9992977528089888,nan,0,0,0.0,0,1,0.0,1.0,nan,1.0,1,0
0.03,0.62,False,1424,0,1423,1,0.0007022471910112359,0.9992977528089888,nan,0,0,0.0,0,1,0.0,1.0,nan,1.0,1,0
0.03,0.62,True,1424,0,1423,1,0.0007022471910112359,0.9992977528089888,nan,0,0,0.0,0,1,0.0,1.0,nan,1.0,1,0
0.03,0.63,False,1424,0,1423,1,0.0007022471910112359,0.9992977528089888,nan,0,0,0.0,0,1,0.0,1.0,nan,1.0,1,0
0.03,0.63,True,1424,0,1423,1,0.0007022471910112359,0.9992977528089888,nan,0,0,0.0,0,1,0.0,1.0,nan,1.0,1,0
0.03,0.64,False,1424,0,1423,1,0.0007022471910112359,0.9992977528089888,nan,0,0,0.0,0,1,0.0,1.0,nan,1.0,1,0
0.03,0.64,True,1424,0,1423,1,0.0007022471910112359,0.9992977528089888,nan,0,0,0.0,0,1,0.0,1.0,nan,1.0,1,0
0.03,0.65,False,1424,0,1423,1,0.0007022471910112359,0.9992977528089888,nan,0,0,0.0,0,1,0.0,1.0,nan,1.0,1,0
0.03,0.65,True,1424,0,1423,1,0.0007022471910112359,0.9992977528089888,nan,0,0,0.0,0,1,0.0,1.0,nan,1.0,1,0
0.03,0.66,False,1424,0,1424,0,0.0,1.0,nan,0,0,nan,0,0,0.0,nan,nan,nan,0,0
0.03,0.66,True,1424,0,1424,0,0.0,1.0,nan,0,0,nan,0,0,0.0,nan,nan,nan,0,0
0.03,0.67,False,1424,0,1424,0,0.0,1.0,nan,0,0,nan,0,0,0.0,nan,nan,nan,0,0
0.03,0.67,True,1424,0,1424,0,0.0,1.0,nan,0,0,nan,0,0,0.0,nan,nan,nan,0,0
0.03,0.68,False,1424,0,1424,0,0.0,1.0,nan,0,0,nan,0,0,0.0,nan,nan,nan,0,0
0.03,0.68,True,1424,0,1424,0,0.0,1.0,nan,0,0,nan,0,0,0.0,nan,nan,nan,0,0
0.03,0.69,False,1424,0,1424,0,0.0,1.0,nan,0,0,nan,0,0,0.0,nan,nan,nan,0,0
0.03,0.69,True,1424,0,1424,0,0.0,1.0,nan,0,0,nan,0,0,0.0,nan,nan,nan,0,0
0.03,0.7,False,1424,0,1424,0,0.0,1.0,nan,0,0,nan,0,0,0.0,nan,nan,nan,0,0
0.03,0.7,True,1424,0,1424,0,0.0,1.0,nan,0,0,nan,0,0,0.0,nan,nan,nan,0,0
0.03,0.71,False,1424,0,1424,0,0.0,1.0,nan,0,0,nan,0,0,0.0,nan,nan,nan,0,0
0.03,0.71,True,1424,0,1424,0,0.0,1.0,nan,0,0,nan,0,0,0.0,nan,nan,nan,0,0
0.03,0.72,False,1424,0,1424,0,0.0,1.0,nan,0,0,nan,0,0,0.0,nan,nan,nan,0,0
0.03,0.72,True,1424,0,1424,0,0.0,1.0,nan,0,0,nan,0,0,0.0,nan,nan,nan,0,0
0.03,0.73,False,1424,0,1424,0,0.0,1.0,nan,0,0,nan,0,0,0.0,nan,nan,nan,0,0
0.03,0.73,True,1424,0,1424,0,0.0,1.0,nan,0,0,nan,0,0,0.0,nan,nan,nan,0,0
0.03,0.74,False,1424,0,1424,0,0.0,1.0,nan,0,0,nan,0,0,0.0,nan,nan,nan,0,0
0.03,0.74,True,1424,0,1424,0,0.0,1.0,nan,0,0,nan,0,0,0.0,nan,nan,nan,0,0
0.03,0.75,False,1424,0,1424,0,0.0,1.0,nan,0,0,nan,0,0,0.0,nan,nan,nan,0,0
0.03,0.75,True,1424,0,1424,0,0.0,1.0,nan,0,0,nan,0,0,0.0,nan,nan,nan,0,0
0.03,0.76,False,1424,0,1424,0,0.0,1.0,nan,0,0,nan,0,0,0.0,nan,nan,nan,0,0
0.03,0.76,True,1424,0,1424,0,0.0,1.0,nan,0,0,nan,0,0,0.0,nan,nan,nan,0,0
0.03,0.77,False,1424,0,1424,0,0.0,1.0,nan,0,0,nan,0,0,0.0,nan,nan,nan,0,0
0.03,0.77,True,1424,0,1424,0,0.0,1.0,nan,0,0,nan,0,0,0.0,nan,nan,nan,0,0
0.03,0.78,False,1424,0,1424,0,0.0,1.0,nan,0,0,nan,0,0,0.0,nan,nan,nan,0,0
0.03,0.78,True,1424,0,1424,0,0.0,1.0,nan,0,0,nan,0,0,0.0,nan,nan,nan,0,0
0.03,0.79,False,1424,0,1424,0,0.0,1.0,nan,0,0,nan,0,0,0.0,nan,nan,nan,0,0
0.03,0.79,True,1424,0,1424,0,0.0,1.0,nan,0,0,nan,0,0,0.0,nan,nan,nan,0,0
0.03,0.8,False,1424,0,1424,0,0.0,1.0,nan,0,0,nan,0,0,0.0,nan,nan,nan,0,0
0.03,0.8,True,1424,0,1424,0,0.0,1.0,nan,0,0,nan,0,0,0.0,nan,nan,nan,0,0
0.03,0.81,False,1424,0,1424,0,0.0,1.0,nan,0,0,nan,0,0,0.0,nan,nan,nan,0,0
0.03,0.81,True,1424,0,1424,0,0.0,1.0,nan,0,0,nan,0,0,0.0,nan,nan,nan,0,0
0.03,0.82,False,1424,0,1424,0,0.0,1.0,nan,0,0,nan,0,0,0.0,nan,nan,nan,0,0
0.03,0.82,True,1424,0,1424,0,0.0,1.0,nan,0,0,nan,0,0,0.0,nan,nan,nan,0,0
0.03,0.83,False,1424,0,1424,0,0.0,1.0,nan,0,0,nan,0,0,0.0,nan,nan,nan,0,0
0.03,0.83,True,1424,0,1424,0,0.0,1.0,nan,0,0,nan,0,0,0.0,nan,nan,nan,0,0
0.03,0.84,False,1424,0,1424,0,0.0,1.0,nan,0,0,nan,0,0,0.0,nan,nan,nan,0,0
0.03,0.84,True,1424,0,1424,0,0.0,1.0,nan,0,0,nan,0,0,0.0,nan,nan,nan,0,0
0.03,0.85,False,1424,0,1424,0,0.0,1.0,nan,0,0,nan,0,0,0.0,nan,nan,nan,0,0
0.03,0.85,True,1424,0,1424,0,0.0,1.0,nan,0,0,nan,0,0,0.0,nan,nan,nan,0,0
0.04,0.2,False,1424,2,1334,88,0.06320224719101124,0.9367977528089888,0.5,1,1,0.2159090909090909,19,69,0.07883817427385892,0.7777777777777778,0.5,0.7840909090909091,16,7
0.04,0.2,True,1424,2,1362,60,0.04353932584269663,0.9564606741573034,0.5,1,1,0.2833333333333333,17,43,0.07053941908713693,0.7096774193548387,0.5,0.7166666666666667,16,5
0.04,0.21,False,1424,2,1389,33,0.02457865168539326,0.9754213483146067,0.5,1,1,0.3333333333333333,11,22,0.04564315352697095,0.6571428571428571,0.5,0.6666666666666666,14,2
0.04,0.21,True,1424,2,1395,27,0.020365168539325844,0.9796348314606742,0.5,1,1,0.37037037037037035,10,17,0.04149377593360996,0.6206896551724138,0.5,0.6296296296296297,12,2
0.04,0.22,False,1424,2,1398,24,0.018258426966292134,0.9817415730337079,0.5,1,1,0.4166666666666667,10,14,0.04149377593360996,0.5769230769230769,0.5,0.5833333333333334,12,2
0.04,0.22,True,1424,2,1401,21,0.016151685393258428,0.9838483146067416,0.5,1,1,0.42857142857142855,9,12,0.03734439834024896,0.5652173913043478,0.5,0.5714285714285714,11,2
0.04,0.23,False,1424,2,1402,20,0.01544943820224719,0.9845505617977528,0.5,1,1,0.4,8,12,0.03319502074688797,0.5909090909090909,0.5,0.6,11,2
0.04,0.23,True,1424,2,1405,17,0.013342696629213483,0.9866573033707865,0.5,1,1,0.4117647058823529,7,10,0.029045643153526972,0.5789473684210527,0.5,0.5882352941176471,9,2
0.04,0.24,False,1424,2,1408,14,0.011235955056179775,0.9887640449438202,0.5,1,1,0.42857142857142855,6,8,0.024896265560165973,0.5625,0.5,0.5714285714285714,7,2
0.04,0.24,True,1424,2,1409,13,0.010533707865168539,0.9894662921348315,0.5,1,1,0.38461538461538464,5,8,0.02074688796680498,0.6,0.5,0.6153846153846154,7,1
0.04,0.25,False,1424,2,1409,13,0.010533707865168539,0.9894662921348315,0.5,1,1,0.46153846153846156,6,7,0.024896265560165973,0.5333333333333333,0.5,0.5384615384615384,7,2
0.04,0.25,True,1424,2,1410,12,0.009831460674157303,0.9901685393258427,0.5,1,1,0.4166666666666667,5,7,0.02074688796680498,0.5714285714285714,0.5,0.5833333333333334,7,1
0.04,0.26,False,1424,2,1413,9,0.007724719101123595,0.9922752808988764,0.5,1,1,0.3333333333333333,3,6,0.012448132780082987,0.6363636363636364,0.5,0.6666666666666666,6,1
0.04,0.26,True,1424,2,1413,9,0.007724719101123595,0.9922752808988764,0.5,1,1,0.3333333333333333,3,6,0.012448132780082987,0.6363636363636364,0.5,0.6666666666666666,6,1
0.04,0.27,False,1424,2,1416,6,0.0056179775280898875,0.9943820224719101,0.5,1,1,0.3333333333333333,2,4,0.008298755186721992,0.625,0.5,0.6666666666666666,4,0
0.04,0.27,True,1424,2,1416,6,0.0056179775280898875,0.9943820224719101,0.5,1,1,0.3333333333333333,2,4,0.008298755186721992,0.625,0.5,0.6666666666666666,4,0
0.04,0.28,False,1424,2,1417,5,0.0049157303370786515,0.9950842696629213,0.5,1,1,0.2,1,4,0.004149377593360996,0.7142857142857143,0.5,0.8,4,0
0.04,0.28,True,1424,2,1417,5,0.0049157303370786515,0.9950842696629213,0.5,1,1,0.2,1,4,0.004149377593360996,0.7142857142857143,0.5,0.8,4,0
0.04,0.29,False,1424,2,1417,5,0.0049157303370786515,0.9950842696629213,0.5,1,1,0.2,1,4,0.004149377593360996,0.7142857142857143,0.5,0.8,4,0
0.04,0.29,True,1424,2,1417,5,0.0049157303370786515,0.9950842696629213,0.5,1,1,0.2,1,4,0.004149377593360996,0.7142857142857143,0.5,0.8,4,0
0.04,0.3,False,1424,2,1417,5,0.0049157303370786515,0.9950842696629213,0.5,1,1,0.2,1,4,0.004149377593360996,0.7142857142857143,0.5,0.8,4,0
0.04,0.3,True,1424,2,1417,5,0.0049157303370786515,0.9950842696629213,0.5,1,1,0.2,1,4,0.004149377593360996,0.7142857142857143,0.5,0.8,4,0
0.04,0.31,False,1424,2,1417,5,0.0049157303370786515,0.9950842696629213,0.5,1,1,0.2,1,4,0.004149377593360996,0.7142857142857143,0.5,0.8,4,0
0.04,0.31,True,1424,2,1417,5,0.0049157303370786515,0.9950842696629213,0.5,1,1,0.2,1,4,0.004149377593360996,0.7142857142857143,0.5,0.8,4,0
0.04,0.32,False,1424,2,1417,5,0.0049157303370786515,0.9950842696629213,0.5,1,1,0.2,1,4,0.004149377593360996,0.7142857142857143,0.5,0.8,4,0
0.04,0.32,True,1424,2,1417,5,0.0049157303370786515,0.9950842696629213,0.5,1,1,0.2,1,4,0.004149377593360996,0.7142857142857143,0.5,0.8,4,0
0.04,0.33,False,1424,2,1417,5,0.0049157303370786515,0.9950842696629213,0.5,1,1,0.2,1,4,0.004149377593360996,0.7142857142857143,0.5,0.8,4,0
0.04,0.33,True,1424,2,1417,5,0.0049157303370786515,0.9950842696629213,0.5,1,1,0.2,1,4,0.004149377593360996,0.7142857142857143,0.5,0.8,4,0
0.04,0.34,False,1424,2,1417,5,0.0049157303370786515,0.9950842696629213,0.5,1,1,0.2,1,4,0.004149377593360996,0.7142857142857143,0.5,0.8,4,0
0.04,0.34,True,1424,2,1417,5,0.0049157303370786515,0.9950842696629213,0.5,1,1,0.2,1,4,0.004149377593360996,0.7142857142857143,0.5,0.8,4,0
0.04,0.35,False,1424,2,1417,5,0.0049157303370786515,0.9950842696629213,0.5,1,1,0.2,1,4,0.004149377593360996,0.7142857142857143,0.5,0.8,4,0
0.04,0.35,True,1424,2,1417,5,0.0049157303370786515,0.9950842696629213,0.5,1,1,0.2,1,4,0.004149377593360996,0.7142857142857143,0.5,0.8,4,0
0.04,0.36,False,1424,2,1417,5,0.0049157303370786515,0.9950842696629213,0.5,1,1,0.2,1,4,0.004149377593360996,0.7142857142857143,0.5,0.8,4,0
0.04,0.36,True,1424,2,1417,5,0.0049157303370786515,0.9950842696629213,0.5,1,1,0.2,1,4,0.004149377593360996,0.7142857142857143,0.5,0.8,4,0
0.04,0.37,False,1424,2,1419,3,0.0035112359550561797,0.9964887640449438,0.5,1,1,0.3333333333333333,1,2,0.004149377593360996,0.6,0.5,0.6666666666666666,4,0
0.04,0.37,True,1424,2,1419,3,0.0035112359550561797,0.9964887640449438,0.5,1,1,0.3333333333333333,1,2,0.004149377593360996,0.6,0.5,0.6666666666666666,4,0
0.04,0.38,False,1424,2,1419,3,0.0035112359550561797,0.9964887640449438,0.5,1,1,0.3333333333333333,1,2,0.004149377593360996,0.6,0.5,0.6666666666666666,4,0
0.04,0.38,True,1424,2,1419,3,0.0035112359550561797,0.9964887640449438,0.5,1,1,0.3333333333333333,1,2,0.004149377593360996,0.6,0.5,0.6666666666666666,4,0
0.04,0.39,False,1424,2,1419,3,0.0035112359550561797,0.9964887640449438,0.5,1,1,0.3333333333333333,1,2,0.004149377593360996,0.6,0.5,0.6666666666666666,4,0
0.04,0.39,True,1424,2,1419,3,0.0035112359550561797,0.9964887640449438,0.5,1,1,0.3333333333333333,1,2,0.004149377593360996,0.6,0.5,0.6666666666666666,4,0
0.04,0.4,False,1424,2,1419,3,0.0035112359550561797,0.9964887640449438,0.5,1,1,0.3333333333333333,1,2,0.004149377593360996,0.6,0.5,0.6666666666666666,4,0
0.04,0.4,True,1424,2,1419,3,0.0035112359550561797,0.9964887640449438,0.5,1,1,0.3333333333333333,1,2,0.004149377593360996,0.6,0.5,0.6666666666666666,4,0
0.04,0.41,False,1424,2,1420,2,0.0028089887640449437,0.9971910112359551,0.5,1,1,0.0,0,2,0.0,0.75,0.5,1.0,3,0
0.04,0.41,True,1424,2,1420,2,0.0028089887640449437,0.9971910112359551,0.5,1,1,0.0,0,2,0.0,0.75,0.5,1.0,3,0
0.04,0.42,False,1424,2,1421,1,0.002106741573033708,0.9978932584269663,0.5,1,1,0.0,0,1,0.0,0.6666666666666666,0.5,1.0,3,0
0.04,0.42,True,1424,2,1421,1,0.002106741573033708,0.9978932584269663,0.5,1,1,0.0,0,1,0.0,0.6666666666666666,0.5,1.0,3,0
0.04,0.43,False,1424,2,1421,1,0.002106741573033708,0.9978932584269663,0.5,1,1,0.0,0,1,0.0,0.6666666666666666,0.5,1.0,3,0
0.04,0.43,True,1424,2,1421,1,0.002106741573033708,0.9978932584269663,0.5,1,1,0.0,0,1,0.0,0.6666666666666666,0.5,1.0,3,0
0.04,0.44,False,1424,2,1421,1,0.002106741573033708,0.9978932584269663,0.5,1,1,0.0,0,1,0.0,0.6666666666666666,0.5,1.0,3,0
0.04,0.44,True,1424,2,1421,1,0.002106741573033708,0.9978932584269663,0.5,1,1,0.0,0,1,0.0,0.6666666666666666,0.5,1.0,3,0
0.04,0.45,False,1424,2,1421,1,0.002106741573033708,0.9978932584269663,0.5,1,1,0.0,0,1,0.0,0.6666666666666666,0.5,1.0,3,0
0.04,0.45,True,1424,2,1421,1,0.002106741573033708,0.9978932584269663,0.5,1,1,0.0,0,1,0.0,0.6666666666666666,0.5,1.0,3,0
0.04,0.46,False,1424,2,1421,1,0.002106741573033708,0.9978932584269663,0.5,1,1,0.0,0,1,0.0,0.6666666666666666,0.5,1.0,3,0
0.04,0.46,True,1424,2,1421,1,0.002106741573033708,0.9978932584269663,0.5,1,1,0.0,0,1,0.0,0.6666666666666666,0.5,1.0,3,0
0.04,0.47,False,1424,2,1421,1,0.002106741573033708,0.9978932584269663,0.5,1,1,0.0,0,1,0.0,0.6666666666666666,0.5,1.0,3,0
0.04,0.47,True,1424,2,1421,1,0.002106741573033708,0.9978932584269663,0.5,1,1,0.0,0,1,0.0,0.6666666666666666,0.5,1.0,3,0
0.04,0.48,False,1424,2,1421,1,0.002106741573033708,0.9978932584269663,0.5,1,1,0.0,0,1,0.0,0.6666666666666666,0.5,1.0,3,0
0.04,0.48,True,1424,2,1421,1,0.002106741573033708,0.9978932584269663,0.5,1,1,0.0,0,1,0.0,0.6666666666666666,0.5,1.0,3,0
0.04,0.49,False,1424,2,1421,1,0.002106741573033708,0.9978932584269663,0.5,1,1,0.0,0,1,0.0,0.6666666666666666,0.5,1.0,3,0
0.04,0.49,True,1424,2,1421,1,0.002106741573033708,0.9978932584269663,0.5,1,1,0.0,0,1,0.0,0.6666666666666666,0.5,1.0,3,0
0.04,0.5,False,1424,2,1421,1,0.002106741573033708,0.9978932584269663,0.5,1,1,0.0,0,1,0.0,0.6666666666666666,0.5,1.0,3,0
0.04,0.5,True,1424,2,1421,1,0.002106741573033708,0.9978932584269663,0.5,1,1,0.0,0,1,0.0,0.6666666666666666,0.5,1.0,3,0
0.04,0.51,False,1424,2,1421,1,0.002106741573033708,0.9978932584269663,0.5,1,1,0.0,0,1,0.0,0.6666666666666666,0.5,1.0,3,0
0.04,0.51,True,1424,2,1421,1,0.002106741573033708,0.9978932584269663,0.5,1,1,0.0,0,1,0.0,0.6666666666666666,0.5,1.0,3,0
0.04,0.52,False,1424,2,1421,1,0.002106741573033708,0.9978932584269663,0.5,1,1,0.0,0,1,0.0,0.6666666666666666,0.5,1.0,3,0
0.04,0.52,True,1424,2,1421,1,0.002106741573033708,0.9978932584269663,0.5,1,1,0.0,0,1,0.0,0.6666666666666666,0.5,1.0,3,0
0.04,0.53,False,1424,2,1421,1,0.002106741573033708,0.9978932584269663,0.5,1,1,0.0,0,1,0.0,0.6666666666666666,0.5,1.0,3,0
0.04,0.53,True,1424,2,1421,1,0.002106741573033708,0.9978932584269663,0.5,1,1,0.0,0,1,0.0,0.6666666666666666,0.5,1.0,3,0
0.04,0.54,False,1424,2,1421,1,0.002106741573033708,0.9978932584269663,0.5,1,1,0.0,0,1,0.0,0.6666666666666666,0.5,1.0,3,0
0.04,0.54,True,1424,2,1421,1,0.002106741573033708,0.9978932584269663,0.5,1,1,0.0,0,1,0.0,0.6666666666666666,0.5,1.0,3,0
0.04,0.55,False,1424,2,1421,1,0.002106741573033708,0.9978932584269663,0.5,1,1,0.0,0,1,0.0,0.6666666666666666,0.5,1.0,3,0
0.04,0.55,True,1424,2,1421,1,0.002106741573033708,0.9978932584269663,0.5,1,1,0.0,0,1,0.0,0.6666666666666666,0.5,1.0,3,0
0.04,0.56,False,1424,2,1421,1,0.002106741573033708,0.9978932584269663,0.5,1,1,0.0,0,1,0.0,0.6666666666666666,0.5,1.0,3,0
0.04,0.56,True,1424,2,1421,1,0.002106741573033708,0.9978932584269663,0.5,1,1,0.0,0,1,0.0,0.6666666666666666,0.5,1.0,3,0
0.04,0.57,False,1424,2,1421,1,0.002106741573033708,0.9978932584269663,0.5,1,1,0.0,0,1,0.0,0.6666666666666666,0.5,1.0,3,0
0.04,0.57,True,1424,2,1421,1,0.002106741573033708,0.9978932584269663,0.5,1,1,0.0,0,1,0.0,0.6666666666666666,0.5,1.0,3,0
0.04,0.58,False,1424,2,1421,1,0.002106741573033708,0.9978932584269663,0.5,1,1,0.0,0,1,0.0,0.6666666666666666,0.5,1.0,3,0
0.04,0.58,True,1424,2,1421,1,0.002106741573033708,0.9978932584269663,0.5,1,1,0.0,0,1,0.0,0.6666666666666666,0.5,1.0,3,0
0.04,0.59,False,1424,2,1421,1,0.002106741573033708,0.9978932584269663,0.5,1,1,0.0,0,1,0.0,0.6666666666666666,0.5,1.0,3,0
0.04,0.59,True,1424,2,1421,1,0.002106741573033708,0.9978932584269663,0.5,1,1,0.0,0,1,0.0,0.6666666666666666,0.5,1.0,3,0
0.04,0.6,False,1424,2,1421,1,0.002106741573033708,0.9978932584269663,0.5,1,1,0.0,0,1,0.0,0.6666666666666666,0.5,1.0,3,0
0.04,0.6,True,1424,2,1421,1,0.002106741573033708,0.9978932584269663,0.5,1,1,0.0,0,1,0.0,0.6666666666666666,0.5,1.0,3,0
0.04,0.61,False,1424,2,1421,1,0.002106741573033708,0.9978932584269663,0.5,1,1,0.0,0,1,0.0,0.6666666666666666,0.5,1.0,3,0
0.04,0.61,True,1424,2,1421,1,0.002106741573033708,0.9978932584269663,0.5,1,1,0.0,0,1,0.0,0.6666666666666666,0.5,1.0,3,0
0.04,0.62,False,1424,2,1421,1,0.002106741573033708,0.9978932584269663,0.5,1,1,0.0,0,1,0.0,0.6666666666666666,0.5,1.0,3,0
0.04,0.62,True,1424,2,1421,1,0.002106741573033708,0.9978932584269663,0.5,1,1,0.0,0,1,0.0,0.6666666666666666,0.5,1.0,3,0
0.04,0.63,False,1424,2,1421,1,0.002106741573033708,0.9978932584269663,0.5,1,1,0.0,0,1,0.0,0.6666666666666666,0.5,1.0,3,0
0.04,0.63,True,1424,2,1421,1,0.002106741573033708,0.9978932584269663,0.5,1,1,0.0,0,1,0.0,0.6666666666666666,0.5,1.0,3,0
0.04,0.64,False,1424,2,1421,1,0.002106741573033708,0.9978932584269663,0.5,1,1,0.0,0,1,0.0,0.6666666666666666,0.5,1.0,3,0
0.04,0.64,True,1424,2,1421,1,0.002106741573033708,0.9978932584269663,0.5,1,1,0.0,0,1,0.0,0.6666666666666666,0.5,1.0,3,0
0.04,0.65,False,1424,2,1421,1,0.002106741573033708,0.9978932584269663,0.5,1,1,0.0,0,1,0.0,0.6666666666666666,0.5,1.0,3,0
0.04,0.65,True,1424,2,1421,1,0.002106741573033708,0.9978932584269663,0.5,1,1,0.0,0,1,0.0,0.6666666666666666,0.5,1.0,3,0
0.04,0.66,False,1424,2,1422,0,0.0014044943820224719,0.9985955056179775,0.5,1,1,nan,0,0,0.0,0.5,0.5,nan,2,0
0.04,0.66,True,1424,2,1422,0,0.0014044943820224719,0.9985955056179775,0.5,1,1,nan,0,0,0.0,0.5,0.5,nan,2,0
0.04,0.67,False,1424,2,1422,0,0.0014044943820224719,0.9985955056179775,0.5,1,1,nan,0,0,0.0,0.5,0.5,nan,2,0
0.04,0.67,True,1424,2,1422,0,0.0014044943820224719,0.9985955056179775,0.5,1,1,nan,0,0,0.0,0.5,0.5,nan,2,0
0.04,0.68,False,1424,2,1422,0,0.0014044943820224719,0.9985955056179775,0.5,1,1,nan,0,0,0.0,0.5,0.5,nan,2,0
0.04,0.68,True,1424,2,1422,0,0.0014044943820224719,0.9985955056179775,0.5,1,1,nan,0,0,0.0,0.5,0.5,nan,2,0
0.04,0.69,False,1424,2,1422,0,0.0014044943820224719,0.9985955056179775,0.5,1,1,nan,0,0,0.0,0.5,0.5,nan,2,0
0.04,0.69,True,1424,2,1422,0,0.0014044943820224719,0.9985955056179775,0.5,1,1,nan,0,0,0.0,0.5,0.5,nan,2,0
0.04,0.7,False,1424,2,1422,0,0.0014044943820224719,0.9985955056179775,0.5,1,1,nan,0,0,0.0,0.5,0.5,nan,2,0
0.04,0.7,True,1424,2,1422,0,0.0014044943820224719,0.9985955056179775,0.5,1,1,nan,0,0,0.0,0.5,0.5,nan,2,0
0.04,0.71,False,1424,2,1422,0,0.0014044943820224719,0.9985955056179775,0.5,1,1,nan,0,0,0.0,0.5,0.5,nan,2,0
0.04,0.71,True,1424,2,1422,0,0.0014044943820224719,0.9985955056179775,0.5,1,1,nan,0,0,0.0,0.5,0.5,nan,2,0
0.04,0.72,False,1424,2,1422,0,0.0014044943820224719,0.9985955056179775,0.5,1,1,nan,0,0,0.0,0.5,0.5,nan,2,0
0.04,0.72,True,1424,2,1422,0,0.0014044943820224719,0.9985955056179775,0.5,1,1,nan,0,0,0.0,0.5,0.5,nan,2,0
0.04,0.73,False,1424,2,1422,0,0.0014044943820224719,0.9985955056179775,0.5,1,1,nan,0,0,0.0,0.5,0.5,nan,2,0
0.04,0.73,True,1424,2,1422,0,0.0014044943820224719,0.9985955056179775,0.5,1,1,nan,0,0,0.0,0.5,0.5,nan,2,0
0.04,0.74,False,1424,2,1422,0,0.0014044943820224719,0.9985955056179775,0.5,1,1,nan,0,0,0.0,0.5,0.5,nan,2,0
0.04,0.74,True,1424,2,1422,0,0.0014044943820224719,0.9985955056179775,0.5,1,1,nan,0,0,0.0,0.5,0.5,nan,2,0
0.04,0.75,False,1424,2,1422,0,0.0014044943820224719,0.9985955056179775,0.5,1,1,nan,0,0,0.0,0.5,0.5,nan,2,0
0.04,0.75,True,1424,2,1422,0,0.0014044943820224719,0.9985955056179775,0.5,1,1,nan,0,0,0.0,0.5,0.5,nan,2,0
0.04,0.76,False,1424,2,1422,0,0.0014044943820224719,0.9985955056179775,0.5,1,1,nan,0,0,0.0,0.5,0.5,nan,2,0
0.04,0.76,True,1424,2,1422,0,0.0014044943820224719,0.9985955056179775,0.5,1,1,nan,0,0,0.0,0.5,0.5,nan,2,0
0.04,0.77,False,1424,2,1422,0,0.0014044943820224719,0.9985955056179775,0.5,1,1,nan,0,0,0.0,0.5,0.5,nan,2,0
0.04,0.77,True,1424,2,1422,0,0.0014044943820224719,0.9985955056179775,0.5,1,1,nan,0,0,0.0,0.5,0.5,nan,2,0
0.04,0.78,False,1424,2,1422,0,0.0014044943820224719,0.9985955056179775,0.5,1,1,nan,0,0,0.0,0.5,0.5,nan,2,0
0.04,0.78,True,1424,2,1422,0,0.0014044943820224719,0.9985955056179775,0.5,1,1,nan,0,0,0.0,0.5,0.5,nan,2,0
0.04,0.79,False,1424,2,1422,0,0.0014044943820224719,0.9985955056179775,0.5,1,1,nan,0,0,0.0,0.5,0.5,nan,2,0
0.04,0.79,True,1424,2,1422,0,0.0014044943820224719,0.9985955056179775,0.5,1,1,nan,0,0,0.0,0.5,0.5,nan,2,0
0.04,0.8,False,1424,2,1422,0,0.0014044943820224719,0.9985955056179775,0.5,1,1,nan,0,0,0.0,0.5,0.5,nan,2,0
0.04,0.8,True,1424,2,1422,0,0.0014044943820224719,0.9985955056179775,0.5,1,1,nan,0,0,0.0,0.5,0.5,nan,2,0
0.04,0.81,False,1424,2,1422,0,0.0014044943820224719,0.9985955056179775,0.5,1,1,nan,0,0,0.0,0.5,0.5,nan,2,0
0.04,0.81,True,1424,2,1422,0,0.0014044943820224719,0.9985955056179775,0.5,1,1,nan,0,0,0.0,0.5,0.5,nan,2,0
0.04,0.82,False,1424,2,1422,0,0.0014044943820224719,0.9985955056179775,0.5,1,1,nan,0,0,0.0,0.5,0.5,nan,2,0
0.04,0.82,True,1424,2,1422,0,0.0014044943820224719,0.9985955056179775,0.5,1,1,nan,0,0,0.0,0.5,0.5,nan,2,0
0.04,0.83,False,1424,2,1422,0,0.0014044943820224719,0.9985955056179775,0.5,1,1,nan,0,0,0.0,0.5,0.5,nan,2,0
0.04,0.83,True,1424,2,1422,0,0.0014044943820224719,0.9985955056179775,0.5,1,1,nan,0,0,0.0,0.5,0.5,nan,2,0
0.04,0.84,False,1424,2,1422,0,0.0014044943820224719,0.9985955056179775,0.5,1,1,nan,0,0,0.0,0.5,0.5,nan,2,0
0.04,0.84,True,1424,2,1422,0,0.0014044943820224719,0.9985955056179775,0.5,1,1,nan,0,0,0.0,0.5,0.5,nan,2,0
0.04,0.85,False,1424,2,1422,0,0.0014044943820224719,0.9985955056179775,0.5,1,1,nan,0,0,0.0,0.5,0.5,nan,2,0
0.04,0.85,True,1424,2,1422,0,0.0014044943820224719,0.9985955056179775,0.5,1,1,nan,0,0,0.0,0.5,0.5,nan,2,0
0.05,0.2,False,1424,4,1332,88,0.06460674157303371,0.9353932584269663,0.75,3,1,0.2159090909090909,19,69,0.07883817427385892,0.7608695652173914,0.25,0.7840909090909091,16,7
0.05,0.2,True,1424,4,1360,60,0.0449438202247191,0.9550561797752809,0.75,3,1,0.2833333333333333,17,43,0.07053941908713693,0.6875,0.25,0.7166666666666667,16,6
0.05,0.21,False,1424,4,1387,33,0.02598314606741573,0.9740168539325843,0.75,3,1,0.3333333333333333,11,22,0.04564315352697095,0.6216216216216216,0.25,0.6666666666666666,14,3
0.05,0.21,True,1424,4,1393,27,0.021769662921348316,0.9782303370786517,0.75,3,1,0.37037037037037035,10,17,0.04149377593360996,0.5806451612903226,0.25,0.6296296296296297,12,2
0.05,0.22,False,1424,4,1396,24,0.019662921348314606,0.9803370786516854,0.75,3,1,0.4166666666666667,10,14,0.04149377593360996,0.5357142857142857,0.25,0.5833333333333334,12,2
0.05,0.22,True,1424,4,1399,21,0.0175561797752809,0.9824438202247191,0.75,3,1,0.42857142857142855,9,12,0.03734439834024896,0.52,0.25,0.5714285714285714,11,2
0.05,0.23,False,1424,4,1400,20,0.016853932584269662,0.9831460674157303,0.75,3,1,0.4,8,12,0.03319502074688797,0.5416666666666666,0.25,0.6,12,2
0.05,0.23,True,1424,4,1403,17,0.014747191011235955,0.985252808988764,0.75,3,1,0.4117647058823529,7,10,0.029045643153526972,0.5238095238095238,0.25,0.5882352941176471,10,2
0.05,0.24,False,1424,4,1406,14,0.012640449438202247,0.9873595505617978,0.75,3,1,0.42857142857142855,6,8,0.024896265560165973,0.5,0.25,0.5714285714285714,8,2
0.05,0.24,True,1424,4,1407,13,0.011938202247191011,0.988061797752809,0.75,3,1,0.38461538461538464,5,8,0.02074688796680498,0.5294117647058824,0.25,0.6153846153846154,8,1
0.05,0.25,False,1424,4,1407,13,0.011938202247191011,0.988061797752809,0.75,3,1,0.46153846153846156,6,7,0.024896265560165973,0.47058823529411764,0.25,0.5384615384615384,8,2
0.05,0.25,True,1424,4,1408,12,0.011235955056179775,0.9887640449438202,0.75,3,1,0.4166666666666667,5,7,0.02074688796680498,0.5,0.25,0.5833333333333334,8,1
0.05,0.26,False,1424,4,1411,9,0.009129213483146067,0.9908707865168539,0.75,3,1,0.3333333333333333,3,6,0.012448132780082987,0.5384615384615384,0.25,0.6666666666666666,7,1
0.05,0.26,True,1424,4,1411,9,0.009129213483146067,0.9908707865168539,0.75,3,1,0.3333333333333333,3,6,0.012448132780082987,0.5384615384615384,0.25,0.6666666666666666,7,1
0.05,0.27,False,1424,4,1414,6,0.007022471910112359,0.9929775280898876,0.75,3,1,0.3333333333333333,2,4,0.008298755186721992,0.5,0.25,0.6666666666666666,5,0
0.05,0.27,True,1424,4,1414,6,0.007022471910112359,0.9929775280898876,0.75,3,1,0.3333333333333333,2,4,0.008298755186721992,0.5,0.25,0.6666666666666666,5,0
0.05,0.28,False,1424,4,1415,5,0.006320224719101123,0.9936797752808989,0.75,3,1,0.2,1,4,0.004149377593360996,0.5555555555555556,0.25,0.8,5,0
0.05,0.28,True,1424,4,1415,5,0.006320224719101123,0.9936797752808989,0.75,3,1,0.2,1,4,0.004149377593360996,0.5555555555555556,0.25,0.8,5,0
0.05,0.29,False,1424,4,1415,5,0.006320224719101123,0.9936797752808989,0.75,3,1,0.2,1,4,0.004149377593360996,0.5555555555555556,0.25,0.8,5,0
0.05,0.29,True,1424,4,1415,5,0.006320224719101123,0.9936797752808989,0.75,3,1,0.2,1,4,0.004149377593360996,0.5555555555555556,0.25,0.8,5,0
0.05,0.3,False,1424,4,1415,5,0.006320224719101123,0.9936797752808989,0.75,3,1,0.2,1,4,0.004149377593360996,0.5555555555555556,0.25,0.8,5,0
0.05,0.3,True,1424,4,1415,5,0.006320224719101123,0.9936797752808989,0.75,3,1,0.2,1,4,0.004149377593360996,0.5555555555555556,0.25,0.8,5,0
0.05,0.31,False,1424,4,1415,5,0.006320224719101123,0.9936797752808989,0.75,3,1,0.2,1,4,0.004149377593360996,0.5555555555555556,0.25,0.8,5,0
0.05,0.31,True,1424,4,1415,5,0.006320224719101123,0.9936797752808989,0.75,3,1,0.2,1,4,0.004149377593360996,0.5555555555555556,0.25,0.8,5,0
0.05,0.32,False,1424,4,1415,5,0.006320224719101123,0.9936797752808989,0.75,3,1,0.2,1,4,0.004149377593360996,0.5555555555555556,0.25,0.8,5,0
0.05,0.32,True,1424,4,1415,5,0.006320224719101123,0.9936797752808989,0.75,3,1,0.2,1,4,0.004149377593360996,0.5555555555555556,0.25,0.8,5,0
0.05,0.33,False,1424,4,1415,5,0.006320224719101123,0.9936797752808989,0.75,3,1,0.2,1,4,0.004149377593360996,0.5555555555555556,0.25,0.8,5,0
0.05,0.33,True,1424,4,1415,5,0.006320224719101123,0.9936797752808989,0.75,3,1,0.2,1,4,0.004149377593360996,0.5555555555555556,0.25,0.8,5,0
0.05,0.34,False,1424,4,1415,5,0.006320224719101123,0.9936797752808989,0.75,3,1,0.2,1,4,0.004149377593360996,0.5555555555555556,0.25,0.8,5,0
0.05,0.34,True,1424,4,1415,5,0.006320224719101123,0.9936797752808989,0.75,3,1,0.2,1,4,0.004149377593360996,0.5555555555555556,0.25,0.8,5,0
0.05,0.35,False,1424,4,1415,5,0.006320224719101123,0.9936797752808989,0.75,3,1,0.2,1,4,0.004149377593360996,0.5555555555555556,0.25,0.8,5,0
0.05,0.35,True,1424,4,1415,5,0.006320224719101123,0.9936797752808989,0.75,3,1,0.2,1,4,0.004149377593360996,0.5555555555555556,0.25,0.8,5,0
0.05,0.36,False,1424,4,1415,5,0.006320224719101123,0.9936797752808989,0.75,3,1,0.2,1,4,0.004149377593360996,0.5555555555555556,0.25,0.8,5,0
0.05,0.36,True,1424,4,1415,5,0.006320224719101123,0.9936797752808989,0.75,3,1,0.2,1,4,0.004149377593360996,0.5555555555555556,0.25,0.8,5,0
0.05,0.37,False,1424,4,1417,3,0.0049157303370786515,0.9950842696629213,0.75,3,1,0.3333333333333333,1,2,0.004149377593360996,0.42857142857142855,0.25,0.6666666666666666,5,0
0.05,0.37,True,1424,4,1417,3,0.0049157303370786515,0.9950842696629213,0.75,3,1,0.3333333333333333,1,2,0.004149377593360996,0.42857142857142855,0.25,0.6666666666666666,5,0
0.05,0.38,False,1424,4,1417,3,0.0049157303370786515,0.9950842696629213,0.75,3,1,0.3333333333333333,1,2,0.004149377593360996,0.42857142857142855,0.25,0.6666666666666666,5,0
0.05,0.38,True,1424,4,1417,3,0.0049157303370786515,0.9950842696629213,0.75,3,1,0.3333333333333333,1,2,0.004149377593360996,0.42857142857142855,0.25,0.6666666666666666,5,0
0.05,0.39,False,1424,4,1417,3,0.0049157303370786515,0.9950842696629213,0.75,3,1,0.3333333333333333,1,2,0.004149377593360996,0.42857142857142855,0.25,0.6666666666666666,5,0
0.05,0.39,True,1424,4,1417,3,0.0049157303370786515,0.9950842696629213,0.75,3,1,0.3333333333333333,1,2,0.004149377593360996,0.42857142857142855,0.25,0.6666666666666666,5,0
0.05,0.4,False,1424,4,1417,3,0.0049157303370786515,0.9950842696629213,0.75,3,1,0.3333333333333333,1,2,0.004149377593360996,0.42857142857142855,0.25,0.6666666666666666,5,0
0.05,0.4,True,1424,4,1417,3,0.0049157303370786515,0.9950842696629213,0.75,3,1,0.3333333333333333,1,2,0.004149377593360996,0.42857142857142855,0.25,0.6666666666666666,5,0
0.05,0.41,False,1424,4,1418,2,0.004213483146067416,0.9957865168539326,0.75,3,1,0.0,0,2,0.0,0.5,0.25,1.0,4,0
0.05,0.41,True,1424,4,1418,2,0.004213483146067416,0.9957865168539326,0.75,3,1,0.0,0,2,0.0,0.5,0.25,1.0,4,0
0.05,0.42,False,1424,4,1419,1,0.0035112359550561797,0.9964887640449438,0.75,3,1,0.0,0,1,0.0,0.4,0.25,1.0,4,0
0.05,0.42,True,1424,4,1419,1,0.0035112359550561797,0.9964887640449438,0.75,3,1,0.0,0,1,0.0,0.4,0.25,1.0,4,0
0.05,0.43,False,1424,4,1419,1,0.0035112359550561797,0.9964887640449438,0.75,3,1,0.0,0,1,0.0,0.4,0.25,1.0,4,0
0.05,0.43,True,1424,4,1419,1,0.0035112359550561797,0.9964887640449438,0.75,3,1,0.0,0,1,0.0,0.4,0.25,1.0,4,0
0.05,0.44,False,1424,4,1419,1,0.0035112359550561797,0.9964887640449438,0.75,3,1,0.0,0,1,0.0,0.4,0.25,1.0,4,0
0.05,0.44,True,1424,4,1419,1,0.0035112359550561797,0.9964887640449438,0.75,3,1,0.0,0,1,0.0,0.4,0.25,1.0,4,0
0.05,0.45,False,1424,4,1419,1,0.0035112359550561797,0.9964887640449438,0.75,3,1,0.0,0,1,0.0,0.4,0.25,1.0,4,0
0.05,0.45,True,1424,4,1419,1,0.0035112359550561797,0.9964887640449438,0.75,3,1,0.0,0,1,0.0,0.4,0.25,1.0,4,0
0.05,0.46,False,1424,4,1419,1,0.0035112359550561797,0.9964887640449438,0.75,3,1,0.0,0,1,0.0,0.4,0.25,1.0,4,0
0.05,0.46,True,1424,4,1419,1,0.0035112359550561797,0.9964887640449438,0.75,3,1,0.0,0,1,0.0,0.4,0.25,1.0,4,0
0.05,0.47,False,1424,4,1419,1,0.0035112359550561797,0.9964887640449438,0.75,3,1,0.0,0,1,0.0,0.4,0.25,1.0,4,0
0.05,0.47,True,1424,4,1419,1,0.0035112359550561797,0.9964887640449438,0.75,3,1,0.0,0,1,0.0,0.4,0.25,1.0,4,0
0.05,0.48,False,1424,4,1419,1,0.0035112359550561797,0.9964887640449438,0.75,3,1,0.0,0,1,0.0,0.4,0.25,1.0,4,0
0.05,0.48,True,1424,4,1419,1,0.0035112359550561797,0.9964887640449438,0.75,3,1,0.0,0,1,0.0,0.4,0.25,1.0,4,0
0.05,0.49,False,1424,4,1419,1,0.0035112359550561797,0.9964887640449438,0.75,3,1,0.0,0,1,0.0,0.4,0.25,1.0,4,0
0.05,0.49,True,1424,4,1419,1,0.0035112359550561797,0.9964887640449438,0.75,3,1,0.0,0,1,0.0,0.4,0.25,1.0,4,0
0.05,0.5,False,1424,4,1419,1,0.0035112359550561797,0.9964887640449438,0.75,3,1,0.0,0,1,0.0,0.4,0.25,1.0,4,0
0.05,0.5,True,1424,4,1419,1,0.0035112359550561797,0.9964887640449438,0.75,3,1,0.0,0,1,0.0,0.4,0.25,1.0,4,0
0.05,0.51,False,1424,4,1419,1,0.0035112359550561797,0.9964887640449438,0.75,3,1,0.0,0,1,0.0,0.4,0.25,1.0,4,0
0.05,0.51,True,1424,4,1419,1,0.0035112359550561797,0.9964887640449438,0.75,3,1,0.0,0,1,0.0,0.4,0.25,1.0,4,0
0.05,0.52,False,1424,4,1419,1,0.0035112359550561797,0.9964887640449438,0.75,3,1,0.0,0,1,0.0,0.4,0.25,1.0,4,0
0.05,0.52,True,1424,4,1419,1,0.0035112359550561797,0.9964887640449438,0.75,3,1,0.0,0,1,0.0,0.4,0.25,1.0,4,0
0.05,0.53,False,1424,4,1419,1,0.0035112359550561797,0.9964887640449438,0.75,3,1,0.0,0,1,0.0,0.4,0.25,1.0,4,0
0.05,0.53,True,1424,4,1419,1,0.0035112359550561797,0.9964887640449438,0.75,3,1,0.0,0,1,0.0,0.4,0.25,1.0,4,0
0.05,0.54,False,1424,4,1419,1,0.0035112359550561797,0.9964887640449438,0.75,3,1,0.0,0,1,0.0,0.4,0.25,1.0,4,0
0.05,0.54,True,1424,4,1419,1,0.0035112359550561797,0.9964887640449438,0.75,3,1,0.0,0,1,0.0,0.4,0.25,1.0,4,0
0.05,0.55,False,1424,4,1419,1,0.0035112359550561797,0.9964887640449438,0.75,3,1,0.0,0,1,0.0,0.4,0.25,1.0,4,0
0.05,0.55,True,1424,4,1419,1,0.0035112359550561797,0.9964887640449438,0.75,3,1,0.0,0,1,0.0,0.4,0.25,1.0,4,0
0.05,0.56,False,1424,4,1419,1,0.0035112359550561797,0.9964887640449438,0.75,3,1,0.0,0,1,0.0,0.4,0.25,1.0,4,0
0.05,0.56,True,1424,4,1419,1,0.0035112359550561797,0.9964887640449438,0.75,3,1,0.0,0,1,0.0,0.4,0.25,1.0,4,0
0.05,0.57,False,1424,4,1419,1,0.0035112359550561797,0.9964887640449438,0.75,3,1,0.0,0,1,0.0,0.4,0.25,1.0,4,0
0.05,0.57,True,1424,4,1419,1,0.0035112359550561797,0.9964887640449438,0.75,3,1,0.0,0,1,0.0,0.4,0.25,1.0,4,0
0.05,0.58,False,1424,4,1419,1,0.0035112359550561797,0.9964887640449438,0.75,3,1,0.0,0,1,0.0,0.4,0.25,1.0,4,0
0.05,0.58,True,1424,4,1419,1,0.0035112359550561797,0.9964887640449438,0.75,3,1,0.0,0,1,0.0,0.4,0.25,1.0,4,0
0.05,0.59,False,1424,4,1419,1,0.0035112359550561797,0.9964887640449438,0.75,3,1,0.0,0,1,0.0,0.4,0.25,1.0,4,0
0.05,0.59,True,1424,4,1419,1,0.0035112359550561797,0.9964887640449438,0.75,3,1,0.0,0,1,0.0,0.4,0.25,1.0,4,0
0.05,0.6,False,1424,4,1419,1,0.0035112359550561797,0.9964887640449438,0.75,3,1,0.0,0,1,0.0,0.4,0.25,1.0,4,0
0.05,0.6,True,1424,4,1419,1,0.0035112359550561797,0.9964887640449438,0.75,3,1,0.0,0,1,0.0,0.4,0.25,1.0,4,0
0.05,0.61,False,1424,4,1419,1,0.0035112359550561797,0.9964887640449438,0.75,3,1,0.0,0,1,0.0,0.4,0.25,1.0,4,0
0.05,0.61,True,1424,4,1419,1,0.0035112359550561797,0.9964887640449438,0.75,3,1,0.0,0,1,0.0,0.4,0.25,1.0,4,0
0.05,0.62,False,1424,4,1419,1,0.0035112359550561797,0.9964887640449438,0.75,3,1,0.0,0,1,0.0,0.4,0.25,1.0,4,0
0.05,0.62,True,1424,4,1419,1,0.0035112359550561797,0.9964887640449438,0.75,3,1,0.0,0,1,0.0,0.4,0.25,1.0,4,0
0.05,0.63,False,1424,4,1419,1,0.0035112359550561797,0.9964887640449438,0.75,3,1,0.0,0,1,0.0,0.4,0.25,1.0,4,0
0.05,0.63,True,1424,4,1419,1,0.0035112359550561797,0.9964887640449438,0.75,3,1,0.0,0,1,0.0,0.4,0.25,1.0,4,0
0.05,0.64,False,1424,4,1419,1,0.0035112359550561797,0.9964887640449438,0.75,3,1,0.0,0,1,0.0,0.4,0.25,1.0,4,0
0.05,0.64,True,1424,4,1419,1,0.0035112359550561797,0.9964887640449438,0.75,3,1,0.0,0,1,0.0,0.4,0.25,1.0,4,0
0.05,0.65,False,1424,4,1419,1,0.0035112359550561797,0.9964887640449438,0.75,3,1,0.0,0,1,0.0,0.4,0.25,1.0,4,0
0.05,0.65,True,1424,4,1419,1,0.0035112359550561797,0.9964887640449438,0.75,3,1,0.0,0,1,0.0,0.4,0.25,1.0,4,0
0.05,0.66,False,1424,4,1420,0,0.0028089887640449437,0.9971910112359551,0.75,3,1,nan,0,0,0.0,0.25,0.25,nan,3,0
0.05,0.66,True,1424,4,1420,0,0.0028089887640449437,0.9971910112359551,0.75,3,1,nan,0,0,0.0,0.25,0.25,nan,3,0
0.05,0.67,False,1424,4,1420,0,0.0028089887640449437,0.9971910112359551,0.75,3,1,nan,0,0,0.0,0.25,0.25,nan,3,0
0.05,0.67,True,1424,4,1420,0,0.0028089887640449437,0.9971910112359551,0.75,3,1,nan,0,0,0.0,0.25,0.25,nan,3,0
0.05,0.68,False,1424,4,1420,0,0.0028089887640449437,0.9971910112359551,0.75,3,1,nan,0,0,0.0,0.25,0.25,nan,3,0
0.05,0.68,True,1424,4,1420,0,0.0028089887640449437,0.9971910112359551,0.75,3,1,nan,0,0,0.0,0.25,0.25,nan,3,0
0.05,0.69,False,1424,4,1420,0,0.0028089887640449437,0.9971910112359551,0.75,3,1,nan,0,0,0.0,0.25,0.25,nan,3,0
0.05,0.69,True,1424,4,1420,0,0.0028089887640449437,0.9971910112359551,0.75,3,1,nan,0,0,0.0,0.25,0.25,nan,3,0
0.05,0.7,False,1424,4,1420,0,0.0028089887640449437,0.9971910112359551,0.75,3,1,nan,0,0,0.0,0.25,0.25,nan,3,0
0.05,0.7,True,1424,4,1420,0,0.0028089887640449437,0.9971910112359551,0.75,3,1,nan,0,0,0.0,0.25,0.25,nan,3,0
0.05,0.71,False,1424,4,1420,0,0.0028089887640449437,0.9971910112359551,0.75,3,1,nan,0,0,0.0,0.25,0.25,nan,3,0
0.05,0.71,True,1424,4,1420,0,0.0028089887640449437,0.9971910112359551,0.75,3,1,nan,0,0,0.0,0.25,0.25,nan,3,0
0.05,0.72,False,1424,4,1420,0,0.0028089887640449437,0.9971910112359551,0.75,3,1,nan,0,0,0.0,0.25,0.25,nan,3,0
0.05,0.72,True,1424,4,1420,0,0.0028089887640449437,0.9971910112359551,0.75,3,1,nan,0,0,0.0,0.25,0.25,nan,3,0
0.05,0.73,False,1424,4,1420,0,0.0028089887640449437,0.9971910112359551,0.75,3,1,nan,0,0,0.0,0.25,0.25,nan,3,0
0.05,0.73,True,1424,4,1420,0,0.0028089887640449437,0.9971910112359551,0.75,3,1,nan,0,0,0.0,0.25,0.25,nan,3,0
0.05,0.74,False,1424,4,1420,0,0.0028089887640449437,0.9971910112359551,0.75,3,1,nan,0,0,0.0,0.25,0.25,nan,3,0
0.05,0.74,True,1424,4,1420,0,0.0028089887640449437,0.9971910112359551,0.75,3,1,nan,0,0,0.0,0.25,0.25,nan,3,0
0.05,0.75,False,1424,4,1420,0,0.0028089887640449437,0.9971910112359551,0.75,3,1,nan,0,0,0.0,0.25,0.25,nan,3,0
0.05,0.75,True,1424,4,1420,0,0.0028089887640449437,0.9971910112359551,0.75,3,1,nan,0,0,0.0,0.25,0.25,nan,3,0
0.05,0.76,False,1424,4,1420,0,0.0028089887640449437,0.9971910112359551,0.75,3,1,nan,0,0,0.0,0.25,0.25,nan,3,0
0.05,0.76,True,1424,4,1420,0,0.0028089887640449437,0.9971910112359551,0.75,3,1,nan,0,0,0.0,0.25,0.25,nan,3,0
0.05,0.77,False,1424,4,1420,0,0.0028089887640449437,0.9971910112359551,0.75,3,1,nan,0,0,0.0,0.25,0.25,nan,3,0
0.05,0.77,True,1424,4,1420,0,0.0028089887640449437,0.9971910112359551,0.75,3,1,nan,0,0,0.0,0.25,0.25,nan,3,0
0.05,0.78,False,1424,4,1420,0,0.0028089887640449437,0.9971910112359551,0.75,3,1,nan,0,0,0.0,0.25,0.25,nan,3,0
0.05,0.78,True,1424,4,1420,0,0.0028089887640449437,0.9971910112359551,0.75,3,1,nan,0,0,0.0,0.25,0.25,nan,3,0
0.05,0.79,False,1424,4,1420,0,0.0028089887640449437,0.9971910112359551,0.75,3,1,nan,0,0,0.0,0.25,0.25,nan,3,0
0.05,0.79,True,1424,4,1420,0,0.0028089887640449437,0.9971910112359551,0.75,3,1,nan,0,0,0.0,0.25,0.25,nan,3,0
0.05,0.8,False,1424,4,1420,0,0.0028089887640449437,0.9971910112359551,0.75,3,1,nan,0,0,0.0,0.25,0.25,nan,3,0
0.05,0.8,True,1424,4,1420,0,0.0028089887640449437,0.9971910112359551,0.75,3,1,nan,0,0,0.0,0.25,0.25,nan,3,0
0.05,0.81,False,1424,4,1420,0,0.0028089887640449437,0.9971910112359551,0.75,3,1,nan,0,0,0.0,0.25,0.25,nan,3,0
0.05,0.81,True,1424,4,1420,0,0.0028089887640449437,0.9971910112359551,0.75,3,1,nan,0,0,0.0,0.25,0.25,nan,3,0
0.05,0.82,False,1424,4,1420,0,0.0028089887640449437,0.9971910112359551,0.75,3,1,nan,0,0,0.0,0.25,0.25,nan,3,0
0.05,0.82,True,1424,4,1420,0,0.0028089887640449437,0.9971910112359551,0.75,3,1,nan,0,0,0.0,0.25,0.25,nan,3,0
0.05,0.83,False,1424,4,1420,0,0.0028089887640449437,0.9971910112359551,0.75,3,1,nan,0,0,0.0,0.25,0.25,nan,3,0
0.05,0.83,True,1424,4,1420,0,0.0028089887640449437,0.9971910112359551,0.75,3,1,nan,0,0,0.0,0.25,0.25,nan,3,0
0.05,0.84,False,1424,4,1420,0,0.0028089887640449437,0.9971910112359551,0.75,3,1,nan,0,0,0.0,0.25,0.25,nan,3,0
0.05,0.84,True,1424,4,1420,0,0.0028089887640449437,0.9971910112359551,0.75,3,1,nan,0,0,0.0,0.25,0.25,nan,3,0
0.05,0.85,False,1424,4,1420,0,0.0028089887640449437,0.9971910112359551,0.75,3,1,nan,0,0,0.0,0.25,0.25,nan,3,0
0.05,0.85,True,1424,4,1420,0,0.0028089887640449437,0.9971910112359551,0.75,3,1,nan,0,0,0.0,0.25,0.25,nan,3,0
0.06,0.2,False,1424,5,1331,88,0.06530898876404495,0.9346910112359551,0.8,4,1,0.2159090909090909,19,69,0.07883817427385892,0.7526881720430108,0.2,0.7840909090909091,16,7
0.06,0.2,True,1424,5,1359,60,0.04564606741573034,0.9543539325842697,0.8,4,1,0.2833333333333333,17,43,0.07053941908713693,0.676923076923077,0.2,0.7166666666666667,16,6
0.06,0.21,False,1424,5,1386,33,0.026685393258426966,0.973314606741573,0.8,4,1,0.3333333333333333,11,22,0.04564315352697095,0.6052631578947368,0.2,0.6666666666666666,14,3
0.06,0.21,True,1424,5,1392,27,0.02247191011235955,0.9775280898876404,0.8,4,1,0.37037037037037035,10,17,0.04149377593360996,0.5625,0.2,0.6296296296296297,13,2
0.06,0.22,False,1424,5,1395,24,0.020365168539325844,0.9796348314606742,0.8,4,1,0.4166666666666667,10,14,0.04149377593360996,0.5172413793103449,0.2,0.5833333333333334,12,2
0.06,0.22,True,1424,5,1398,21,0.018258426966292134,0.9817415730337079,0.8,4,1,0.42857142857142855,9,12,0.03734439834024896,0.5,0.2,0.5714285714285714,12,2
0.06,0.23,False,1424,5,1399,20,0.0175561797752809,0.9824438202247191,0.8,4,1,0.4,8,12,0.03319502074688797,0.52,0.2,0.6,12,2
0.06,0.23,True,1424,5,1402,17,0.01544943820224719,0.9845505617977528,0.8,4,1,0.4117647058823529,7,10,0.029045643153526972,0.5,0.2,0.5882352941176471,11,2
0.06,0.24,False,1424,5,1405,14,0.013342696629213483,0.9866573033707865,0.8,4,1,0.42857142857142855,6,8,0.024896265560165973,0.47368421052631576,0.2,0.5714285714285714,9,2
0.06,0.24,True,1424,5,1406,13,0.012640449438202247,0.9873595505617978,0.8,4,1,0.38461538461538464,5,8,0.02074688796680498,0.5,0.2,0.6153846153846154,9,1
0.06,0.25,False,1424,5,1406,13,0.012640449438202247,0.9873595505617978,0.8,4,1,0.46153846153846156,6,7,0.024896265560165973,0.4444444444444444,0.2,0.5384615384615384,9,2
0.06,0.25,True,1424,5,1407,12,0.011938202247191011,0.988061797752809,0.8,4,1,0.4166666666666667,5,7,0.02074688796680498,0.47058823529411764,0.2,0.5833333333333334,9,1
0.06,0.26,False,1424,5,1410,9,0.009831460674157303,0.9901685393258427,0.8,4,1,0.3333333333333333,3,6,0.012448132780082987,0.5,0.2,0.6666666666666666,8,1
0.06,0.26,True,1424,5,1410,9,0.009831460674157303,0.9901685393258427,0.8,4,1,0.3333333333333333,3,6,0.012448132780082987,0.5,0.2,0.6666666666666666,8,1
0.06,0.27,False,1424,5,1413,6,0.007724719101123595,0.9922752808988764,0.8,4,1,0.3333333333333333,2,4,0.008298755186721992,0.45454545454545453,0.2,0.6666666666666666,6,0
0.06,0.27,True,1424,5,1413,6,0.007724719101123595,0.9922752808988764,0.8,4,1,0.3333333333333333,2,4,0.008298755186721992,0.45454545454545453,0.2,0.6666666666666666,6,0
0.06,0.28,False,1424,5,1414,5,0.007022471910112359,0.9929775280898876,0.8,4,1,0.2,1,4,0.004149377593360996,0.5,0.2,0.8,6,0
0.06,0.28,True,1424,5,1414,5,0.007022471910112359,0.9929775280898876,0.8,4,1,0.2,1,4,0.004149377593360996,0.5,0.2,0.8,6,0
0.06,0.29,False,1424,5,1414,5,0.007022471910112359,0.9929775280898876,0.8,4,1,0.2,1,4,0.004149377593360996,0.5,0.2,0.8,6,0
0.06,0.29,True,1424,5,1414,5,0.007022471910112359,0.9929775280898876,0.8,4,1,0.2,1,4,0.004149377593360996,0.5,0.2,0.8,6,0
0.06,0.3,False,1424,5,1414,5,0.007022471910112359,0.9929775280898876,0.8,4,1,0.2,1,4,0.004149377593360996,0.5,0.2,0.8,6,0
0.06,0.3,True,1424,5,1414,5,0.007022471910112359,0.9929775280898876,0.8,4,1,0.2,1,4,0.004149377593360996,0.5,0.2,0.8,6,0
0.06,0.31,False,1424,5,1414,5,0.007022471910112359,0.9929775280898876,0.8,4,1,0.2,1,4,0.004149377593360996,0.5,0.2,0.8,6,0
0.06,0.31,True,1424,5,1414,5,0.007022471910112359,0.9929775280898876,0.8,4,1,0.2,1,4,0.004149377593360996,0.5,0.2,0.8,6,0
0.06,0.32,False,1424,5,1414,5,0.007022471910112359,0.9929775280898876,0.8,4,1,0.2,1,4,0.004149377593360996,0.5,0.2,0.8,6,0
0.06,0.32,True,1424,5,1414,5,0.007022471910112359,0.9929775280898876,0.8,4,1,0.2,1,4,0.004149377593360996,0.5,0.2,0.8,6,0
0.06,0.33,False,1424,5,1414,5,0.007022471910112359,0.9929775280898876,0.8,4,1,0.2,1,4,0.004149377593360996,0.5,0.2,0.8,6,0
0.06,0.33,True,1424,5,1414,5,0.007022471910112359,0.9929775280898876,0.8,4,1,0.2,1,4,0.004149377593360996,0.5,0.2,0.8,6,0
0.06,0.34,False,1424,5,1414,5,0.007022471910112359,0.9929775280898876,0.8,4,1,0.2,1,4,0.004149377593360996,0.5,0.2,0.8,6,0
0.06,0.34,True,1424,5,1414,5,0.007022471910112359,0.9929775280898876,0.8,4,1,0.2,1,4,0.004149377593360996,0.5,0.2,0.8,6,0
0.06,0.35,False,1424,5,1414,5,0.007022471910112359,0.9929775280898876,0.8,4,1,0.2,1,4,0.004149377593360996,0.5,0.2,0.8,6,0
0.06,0.35,True,1424,5,1414,5,0.007022471910112359,0.9929775280898876,0.8,4,1,0.2,1,4,0.004149377593360996,0.5,0.2,0.8,6,0
0.06,0.36,False,1424,5,1414,5,0.007022471910112359,0.9929775280898876,0.8,4,1,0.2,1,4,0.004149377593360996,0.5,0.2,0.8,6,0
0.06,0.36,True,1424,5,1414,5,0.007022471910112359,0.9929775280898876,0.8,4,1,0.2,1,4,0.004149377593360996,0.5,0.2,0.8,6,0
0.06,0.37,False,1424,5,1416,3,0.0056179775280898875,0.9943820224719101,0.8,4,1,0.3333333333333333,1,2,0.004149377593360996,0.375,0.2,0.6666666666666666,6,0
0.06,0.37,True,1424,5,1416,3,0.0056179775280898875,0.9943820224719101,0.8,4,1,0.3333333333333333,1,2,0.004149377593360996,0.375,0.2,0.6666666666666666,6,0
0.06,0.38,False,1424,5,1416,3,0.0056179775280898875,0.9943820224719101,0.8,4,1,0.3333333333333333,1,2,0.004149377593360996,0.375,0.2,0.6666666666666666,6,0
0.06,0.38,True,1424,5,1416,3,0.0056179775280898875,0.9943820224719101,0.8,4,1,0.3333333333333333,1,2,0.004149377593360996,0.375,0.2,0.6666666666666666,6,0
0.06,0.39,False,1424,5,1416,3,0.0056179775280898875,0.9943820224719101,0.8,4,1,0.3333333333333333,1,2,0.004149377593360996,0.375,0.2,0.6666666666666666,6,0
0.06,0.39,True,1424,5,1416,3,0.0056179775280898875,0.9943820224719101,0.8,4,1,0.3333333333333333,1,2,0.004149377593360996,0.375,0.2,0.6666666666666666,6,0
0.06,0.4,False,1424,5,1416,3,0.0056179775280898875,0.9943820224719101,0.8,4,1,0.3333333333333333,1,2,0.004149377593360996,0.375,0.2,0.6666666666666666,6,0
0.06,0.4,True,1424,5,1416,3,0.0056179775280898875,0.9943820224719101,0.8,4,1,0.3333333333333333,1,2,0.004149377593360996,0.375,0.2,0.6666666666666666,6,0
0.06,0.41,False,1424,5,1417,2,0.0049157303370786515,0.9950842696629213,0.8,4,1,0.0,0,2,0.0,0.42857142857142855,0.2,1.0,5,0
0.06,0.41,True,1424,5,1417,2,0.0049157303370786515,0.9950842696629213,0.8,4,1,0.0,0,2,0.0,0.42857142857142855,0.2,1.0,5,0
0.06,0.42,False,1424,5,1418,1,0.004213483146067416,0.9957865168539326,0.8,4,1,0.0,0,1,0.0,0.3333333333333333,0.2,1.0,5,0
0.06,0.42,True,1424,5,1418,1,0.004213483146067416,0.9957865168539326,0.8,4,1,0.0,0,1,0.0,0.3333333333333333,0.2,1.0,5,0
0.06,0.43,False,1424,5,1418,1,0.004213483146067416,0.9957865168539326,0.8,4,1,0.0,0,1,0.0,0.3333333333333333,0.2,1.0,5,0
0.06,0.43,True,1424,5,1418,1,0.004213483146067416,0.9957865168539326,0.8,4,1,0.0,0,1,0.0,0.3333333333333333,0.2,1.0,5,0
0.06,0.44,False,1424,5,1418,1,0.004213483146067416,0.9957865168539326,0.8,4,1,0.0,0,1,0.0,0.3333333333333333,0.2,1.0,5,0
0.06,0.44,True,1424,5,1418,1,0.004213483146067416,0.9957865168539326,0.8,4,1,0.0,0,1,0.0,0.3333333333333333,0.2,1.0,5,0
0.06,0.45,False,1424,5,1418,1,0.004213483146067416,0.9957865168539326,0.8,4,1,0.0,0,1,0.0,0.3333333333333333,0.2,1.0,5,0
0.06,0.45,True,1424,5,1418,1,0.004213483146067416,0.9957865168539326,0.8,4,1,0.0,0,1,0.0,0.3333333333333333,0.2,1.0,5,0
0.06,0.46,False,1424,5,1418,1,0.004213483146067416,0.9957865168539326,0.8,4,1,0.0,0,1,0.0,0.3333333333333333,0.2,1.0,5,0
0.06,0.46,True,1424,5,1418,1,0.004213483146067416,0.9957865168539326,0.8,4,1,0.0,0,1,0.0,0.3333333333333333,0.2,1.0,5,0
0.06,0.47,False,1424,5,1418,1,0.004213483146067416,0.9957865168539326,0.8,4,1,0.0,0,1,0.0,0.3333333333333333,0.2,1.0,5,0
0.06,0.47,True,1424,5,1418,1,0.004213483146067416,0.9957865168539326,0.8,4,1,0.0,0,1,0.0,0.3333333333333333,0.2,1.0,5,0
0.06,0.48,False,1424,5,1418,1,0.004213483146067416,0.9957865168539326,0.8,4,1,0.0,0,1,0.0,0.3333333333333333,0.2,1.0,5,0
0.06,0.48,True,1424,5,1418,1,0.004213483146067416,0.9957865168539326,0.8,4,1,0.0,0,1,0.0,0.3333333333333333,0.2,1.0,5,0
0.06,0.49,False,1424,5,1418,1,0.004213483146067416,0.9957865168539326,0.8,4,1,0.0,0,1,0.0,0.3333333333333333,0.2,1.0,5,0
0.06,0.49,True,1424,5,1418,1,0.004213483146067416,0.9957865168539326,0.8,4,1,0.0,0,1,0.0,0.3333333333333333,0.2,1.0,5,0
0.06,0.5,False,1424,5,1418,1,0.004213483146067416,0.9957865168539326,0.8,4,1,0.0,0,1,0.0,0.3333333333333333,0.2,1.0,5,0
0.06,0.5,True,1424,5,1418,1,0.004213483146067416,0.9957865168539326,0.8,4,1,0.0,0,1,0.0,0.3333333333333333,0.2,1.0,5,0
0.06,0.51,False,1424,5,1418,1,0.004213483146067416,0.9957865168539326,0.8,4,1,0.0,0,1,0.0,0.3333333333333333,0.2,1.0,5,0
0.06,0.51,True,1424,5,1418,1,0.004213483146067416,0.9957865168539326,0.8,4,1,0.0,0,1,0.0,0.3333333333333333,0.2,1.0,5,0
0.06,0.52,False,1424,5,1418,1,0.004213483146067416,0.9957865168539326,0.8,4,1,0.0,0,1,0.0,0.3333333333333333,0.2,1.0,5,0
0.06,0.52,True,1424,5,1418,1,0.004213483146067416,0.9957865168539326,0.8,4,1,0.0,0,1,0.0,0.3333333333333333,0.2,1.0,5,0
0.06,0.53,False,1424,5,1418,1,0.004213483146067416,0.9957865168539326,0.8,4,1,0.0,0,1,0.0,0.3333333333333333,0.2,1.0,5,0
0.06,0.53,True,1424,5,1418,1,0.004213483146067416,0.9957865168539326,0.8,4,1,0.0,0,1,0.0,0.3333333333333333,0.2,1.0,5,0
0.06,0.54,False,1424,5,1418,1,0.004213483146067416,0.9957865168539326,0.8,4,1,0.0,0,1,0.0,0.3333333333333333,0.2,1.0,5,0
0.06,0.54,True,1424,5,1418,1,0.004213483146067416,0.9957865168539326,0.8,4,1,0.0,0,1,0.0,0.3333333333333333,0.2,1.0,5,0
0.06,0.55,False,1424,5,1418,1,0.004213483146067416,0.9957865168539326,0.8,4,1,0.0,0,1,0.0,0.3333333333333333,0.2,1.0,5,0
0.06,0.55,True,1424,5,1418,1,0.004213483146067416,0.9957865168539326,0.8,4,1,0.0,0,1,0.0,0.3333333333333333,0.2,1.0,5,0
0.06,0.56,False,1424,5,1418,1,0.004213483146067416,0.9957865168539326,0.8,4,1,0.0,0,1,0.0,0.3333333333333333,0.2,1.0,5,0
0.06,0.56,True,1424,5,1418,1,0.004213483146067416,0.9957865168539326,0.8,4,1,0.0,0,1,0.0,0.3333333333333333,0.2,1.0,5,0
0.06,0.57,False,1424,5,1418,1,0.004213483146067416,0.9957865168539326,0.8,4,1,0.0,0,1,0.0,0.3333333333333333,0.2,1.0,5,0
0.06,0.57,True,1424,5,1418,1,0.004213483146067416,0.9957865168539326,0.8,4,1,0.0,0,1,0.0,0.3333333333333333,0.2,1.0,5,0
0.06,0.58,False,1424,5,1418,1,0.004213483146067416,0.9957865168539326,0.8,4,1,0.0,0,1,0.0,0.3333333333333333,0.2,1.0,5,0
0.06,0.58,True,1424,5,1418,1,0.004213483146067416,0.9957865168539326,0.8,4,1,0.0,0,1,0.0,0.3333333333333333,0.2,1.0,5,0
0.06,0.59,False,1424,5,1418,1,0.004213483146067416,0.9957865168539326,0.8,4,1,0.0,0,1,0.0,0.3333333333333333,0.2,1.0,5,0
0.06,0.59,True,1424,5,1418,1,0.004213483146067416,0.9957865168539326,0.8,4,1,0.0,0,1,0.0,0.3333333333333333,0.2,1.0,5,0
0.06,0.6,False,1424,5,1418,1,0.004213483146067416,0.9957865168539326,0.8,4,1,0.0,0,1,0.0,0.3333333333333333,0.2,1.0,5,0
0.06,0.6,True,1424,5,1418,1,0.004213483146067416,0.9957865168539326,0.8,4,1,0.0,0,1,0.0,0.3333333333333333,0.2,1.0,5,0
0.06,0.61,False,1424,5,1418,1,0.004213483146067416,0.9957865168539326,0.8,4,1,0.0,0,1,0.0,0.3333333333333333,0.2,1.0,5,0
0.06,0.61,True,1424,5,1418,1,0.004213483146067416,0.9957865168539326,0.8,4,1,0.0,0,1,0.0,0.3333333333333333,0.2,1.0,5,0
0.06,0.62,False,1424,5,1418,1,0.004213483146067416,0.9957865168539326,0.8,4,1,0.0,0,1,0.0,0.3333333333333333,0.2,1.0,5,0
0.06,0.62,True,1424,5,1418,1,0.004213483146067416,0.9957865168539326,0.8,4,1,0.0,0,1,0.0,0.3333333333333333,0.2,1.0,5,0
0.06,0.63,False,1424,5,1418,1,0.004213483146067416,0.9957865168539326,0.8,4,1,0.0,0,1,0.0,0.3333333333333333,0.2,1.0,5,0
0.06,0.63,True,1424,5,1418,1,0.004213483146067416,0.9957865168539326,0.8,4,1,0.0,0,1,0.0,0.3333333333333333,0.2,1.0,5,0
0.06,0.64,False,1424,5,1418,1,0.004213483146067416,0.9957865168539326,0.8,4,1,0.0,0,1,0.0,0.3333333333333333,0.2,1.0,5,0
0.06,0.64,True,1424,5,1418,1,0.004213483146067416,0.9957865168539326,0.8,4,1,0.0,0,1,0.0,0.3333333333333333,0.2,1.0,5,0
0.06,0.65,False,1424,5,1418,1,0.004213483146067416,0.9957865168539326,0.8,4,1,0.0,0,1,0.0,0.3333333333333333,0.2,1.0,5,0
0.06,0.65,True,1424,5,1418,1,0.004213483146067416,0.9957865168539326,0.8,4,1,0.0,0,1,0.0,0.3333333333333333,0.2,1.0,5,0
0.06,0.66,False,1424,5,1419,0,0.0035112359550561797,0.9964887640449438,0.8,4,1,nan,0,0,0.0,0.2,0.2,nan,4,0
0.06,0.66,True,1424,5,1419,0,0.0035112359550561797,0.9964887640449438,0.8,4,1,nan,0,0,0.0,0.2,0.2,nan,4,0
0.06,0.67,False,1424,5,1419,0,0.0035112359550561797,0.9964887640449438,0.8,4,1,nan,0,0,0.0,0.2,0.2,nan,4,0
0.06,0.67,True,1424,5,1419,0,0.0035112359550561797,0.9964887640449438,0.8,4,1,nan,0,0,0.0,0.2,0.2,nan,4,0
0.06,0.68,False,1424,5,1419,0,0.0035112359550561797,0.9964887640449438,0.8,4,1,nan,0,0,0.0,0.2,0.2,nan,4,0
0.06,0.68,True,1424,5,1419,0,0.0035112359550561797,0.9964887640449438,0.8,4,1,nan,0,0,0.0,0.2,0.2,nan,4,0
0.06,0.69,False,1424,5,1419,0,0.0035112359550561797,0.9964887640449438,0.8,4,1,nan,0,0,0.0,0.2,0.2,nan,4,0
0.06,0.69,True,1424,5,1419,0,0.0035112359550561797,0.9964887640449438,0.8,4,1,nan,0,0,0.0,0.2,0.2,nan,4,0
0.06,0.7,False,1424,5,1419,0,0.0035112359550561797,0.9964887640449438,0.8,4,1,nan,0,0,0.0,0.2,0.2,nan,4,0
0.06,0.7,True,1424,5,1419,0,0.0035112359550561797,0.9964887640449438,0.8,4,1,nan,0,0,0.0,0.2,0.2,nan,4,0
0.06,0.71,False,1424,5,1419,0,0.0035112359550561797,0.9964887640449438,0.8,4,1,nan,0,0,0.0,0.2,0.2,nan,4,0
0.06,0.71,True,1424,5,1419,0,0.0035112359550561797,0.9964887640449438,0.8,4,1,nan,0,0,0.0,0.2,0.2,nan,4,0
0.06,0.72,False,1424,5,1419,0,0.0035112359550561797,0.9964887640449438,0.8,4,1,nan,0,0,0.0,0.2,0.2,nan,4,0
0.06,0.72,True,1424,5,1419,0,0.0035112359550561797,0.9964887640449438,0.8,4,1,nan,0,0,0.0,0.2,0.2,nan,4,0
0.06,0.73,False,1424,5,1419,0,0.0035112359550561797,0.9964887640449438,0.8,4,1,nan,0,0,0.0,0.2,0.2,nan,4,0
0.06,0.73,True,1424,5,1419,0,0.0035112359550561797,0.9964887640449438,0.8,4,1,nan,0,0,0.0,0.2,0.2,nan,4,0
0.06,0.74,False,1424,5,1419,0,0.0035112359550561797,0.9964887640449438,0.8,4,1,nan,0,0,0.0,0.2,0.2,nan,4,0
0.06,0.74,True,1424,5,1419,0,0.0035112359550561797,0.9964887640449438,0.8,4,1,nan,0,0,0.0,0.2,0.2,nan,4,0
0.06,0.75,False,1424,5,1419,0,0.0035112359550561797,0.9964887640449438,0.8,4,1,nan,0,0,0.0,0.2,0.2,nan,4,0
0.06,0.75,True,1424,5,1419,0,0.0035112359550561797,0.9964887640449438,0.8,4,1,nan,0,0,0.0,0.2,0.2,nan,4,0
0.06,0.76,False,1424,5,1419,0,0.0035112359550561797,0.9964887640449438,0.8,4,1,nan,0,0,0.0,0.2,0.2,nan,4,0
0.06,0.76,True,1424,5,1419,0,0.0035112359550561797,0.9964887640449438,0.8,4,1,nan,0,0,0.0,0.2,0.2,nan,4,0
0.06,0.77,False,1424,5,1419,0,0.0035112359550561797,0.9964887640449438,0.8,4,1,nan,0,0,0.0,0.2,0.2,nan,4,0
0.06,0.77,True,1424,5,1419,0,0.0035112359550561797,0.9964887640449438,0.8,4,1,nan,0,0,0.0,0.2,0.2,nan,4,0
0.06,0.78,False,1424,5,1419,0,0.0035112359550561797,0.9964887640449438,0.8,4,1,nan,0,0,0.0,0.2,0.2,nan,4,0
0.06,0.78,True,1424,5,1419,0,0.0035112359550561797,0.9964887640449438,0.8,4,1,nan,0,0,0.0,0.2,0.2,nan,4,0
0.06,0.79,False,1424,5,1419,0,0.0035112359550561797,0.9964887640449438,0.8,4,1,nan,0,0,0.0,0.2,0.2,nan,4,0
0.06,0.79,True,1424,5,1419,0,0.0035112359550561797,0.9964887640449438,0.8,4,1,nan,0,0,0.0,0.2,0.2,nan,4,0
0.06,0.8,False,1424,5,1419,0,0.0035112359550561797,0.9964887640449438,0.8,4,1,nan,0,0,0.0,0.2,0.2,nan,4,0
0.06,0.8,True,1424,5,1419,0,0.0035112359550561797,0.9964887640449438,0.8,4,1,nan,0,0,0.0,0.2,0.2,nan,4,0
0.06,0.81,False,1424,5,1419,0,0.0035112359550561797,0.9964887640449438,0.8,4,1,nan,0,0,0.0,0.2,0.2,nan,4,0
0.06,0.81,True,1424,5,1419,0,0.0035112359550561797,0.9964887640449438,0.8,4,1,nan,0,0,0.0,0.2,0.2,nan,4,0
0.06,0.82,False,1424,5,1419,0,0.0035112359550561797,0.9964887640449438,0.8,4,1,nan,0,0,0.0,0.2,0.2,nan,4,0
0.06,0.82,True,1424,5,1419,0,0.0035112359550561797,0.9964887640449438,0.8,4,1,nan,0,0,0.0,0.2,0.2,nan,4,0
0.06,0.83,False,1424,5,1419,0,0.0035112359550561797,0.9964887640449438,0.8,4,1,nan,0,0,0.0,0.2,0.2,nan,4,0
0.06,0.83,True,1424,5,1419,0,0.0035112359550561797,0.9964887640449438,0.8,4,1,nan,0,0,0.0,0.2,0.2,nan,4,0
0.06,0.84,False,1424,5,1419,0,0.0035112359550561797,0.9964887640449438,0.8,4,1,nan,0,0,0.0,0.2,0.2,nan,4,0
0.06,0.84,True,1424,5,1419,0,0.0035112359550561797,0.9964887640449438,0.8,4,1,nan,0,0,0.0,0.2,0.2,nan,4,0
0.06,0.85,False,1424,5,1419,0,0.0035112359550561797,0.9964887640449438,0.8,4,1,nan,0,0,0.0,0.2,0.2,nan,4,0
0.06,0.85,True,1424,5,1419,0,0.0035112359550561797,0.9964887640449438,0.8,4,1,nan,0,0,0.0,0.2,0.2,nan,4,0
0.07,0.2,False,1424,10,1326,88,0.06882022471910113,0.9311797752808989,0.7,7,3,0.2159090909090909,19,69,0.07883817427385892,0.7346938775510204,0.3,0.7840909090909091,17,7
0.07,0.2,True,1424,10,1354,60,0.04915730337078652,0.9508426966292135,0.7,7,3,0.2833333333333333,17,43,0.07053941908713693,0.6571428571428571,0.3,0.7166666666666667,17,6
0.07,0.21,False,1424,10,1381,33,0.030196629213483147,0.9698033707865169,0.7,7,3,0.3333333333333333,11,22,0.04564315352697095,0.5813953488372093,0.3,0.6666666666666666,15,3
0.07,0.21,True,1424,10,1387,27,0.02598314606741573,0.9740168539325843,0.7,7,3,0.37037037037037035,10,17,0.04149377593360996,0.5405405405405406,0.3,0.6296296296296297,14,3
0.07,0.22,False,1424,10,1390,24,0.023876404494382022,0.976123595505618,0.7,7,3,0.4166666666666667,10,14,0.04149377593360996,0.5,0.3,0.5833333333333334,13,2
0.07,0.22,True,1424,10,1393,21,0.021769662921348316,0.9782303370786517,0.7,7,3,0.42857142857142855,9,12,0.03734439834024896,0.4838709677419355,0.3,0.5714285714285714,13,2
0.07,0.23,False,1424,10,1394,20,0.021067415730337078,0.9789325842696629,0.7,7,3,0.4,8,12,0.03319502074688797,0.5,0.3,0.6,13,2
0.07,0.23,True,1424,10,1397,17,0.018960674157303372,0.9810393258426966,0.7,7,3,0.4117647058823529,7,10,0.029045643153526972,0.48148148148148145,0.3,0.5882352941176471,12,2
0.07,0.24,False,1424,10,1400,14,0.016853932584269662,0.9831460674157303,0.7,7,3,0.42857142857142855,6,8,0.024896265560165973,0.4583333333333333,0.3,0.5714285714285714,10,2
0.07,0.24,True,1424,10,1401,13,0.016151685393258428,0.9838483146067416,0.7,7,3,0.38461538461538464,5,8,0.02074688796680498,0.4782608695652174,0.3,0.6153846153846154,10,2
0.07,0.25,False,1424,10,1401,13,0.016151685393258428,0.9838483146067416,0.7,7,3,0.46153846153846156,6,7,0.024896265560165973,0.43478260869565216,0.3,0.5384615384615384,10,2
0.07,0.25,True,1424,10,1402,12,0.01544943820224719,0.9845505617977528,0.7,7,3,0.4166666666666667,5,7,0.02074688796680498,0.45454545454545453,0.3,0.5833333333333334,10,2
0.07,0.26,False,1424,10,1405,9,0.013342696629213483,0.9866573033707865,0.7,7,3,0.3333333333333333,3,6,0.012448132780082987,0.47368421052631576,0.3,0.6666666666666666,9,2
0.07,0.26,True,1424,10,1405,9,0.013342696629213483,0.9866573033707865,0.7,7,3,0.3333333333333333,3,6,0.012448132780082987,0.47368421052631576,0.3,0.6666666666666666,9,2
0.07,0.27,False,1424,10,1408,6,0.011235955056179775,0.9887640449438202,0.7,7,3,0.3333333333333333,2,4,0.008298755186721992,0.4375,0.3,0.6666666666666666,7,1
0.07,0.27,True,1424,10,1408,6,0.011235955056179775,0.9887640449438202,0.7,7,3,0.3333333333333333,2,4,0.008298755186721992,0.4375,0.3,0.6666666666666666,7,1
0.07,0.28,False,1424,10,1409,5,0.010533707865168539,0.9894662921348315,0.7,7,3,0.2,1,4,0.004149377593360996,0.4666666666666667,0.3,0.8,7,0
0.07,0.28,True,1424,10,1409,5,0.010533707865168539,0.9894662921348315,0.7,7,3,0.2,1,4,0.004149377593360996,0.4666666666666667,0.3,0.8,7,0
0.07,0.29,False,1424,10,1409,5,0.010533707865168539,0.9894662921348315,0.7,7,3,0.2,1,4,0.004149377593360996,0.4666666666666667,0.3,0.8,7,0
0.07,0.29,True,1424,10,1409,5,0.010533707865168539,0.9894662921348315,0.7,7,3,0.2,1,4,0.004149377593360996,0.4666666666666667,0.3,0.8,7,0
0.07,0.3,False,1424,10,1409,5,0.010533707865168539,0.9894662921348315,0.7,7,3,0.2,1,4,0.004149377593360996,0.4666666666666667,0.3,0.8,7,0
0.07,0.3,True,1424,10,1409,5,0.010533707865168539,0.9894662921348315,0.7,7,3,0.2,1,4,0.004149377593360996,0.4666666666666667,0.3,0.8,7,0
0.07,0.31,False,1424,10,1409,5,0.010533707865168539,0.9894662921348315,0.7,7,3,0.2,1,4,0.004149377593360996,0.4666666666666667,0.3,0.8,7,0
0.07,0.31,True,1424,10,1409,5,0.010533707865168539,0.9894662921348315,0.7,7,3,0.2,1,4,0.004149377593360996,0.4666666666666667,0.3,0.8,7,0
0.07,0.32,False,1424,10,1409,5,0.010533707865168539,0.9894662921348315,0.7,7,3,0.2,1,4,0.004149377593360996,0.4666666666666667,0.3,0.8,7,0
0.07,0.32,True,1424,10,1409,5,0.010533707865168539,0.9894662921348315,0.7,7,3,0.2,1,4,0.004149377593360996,0.4666666666666667,0.3,0.8,7,0
0.07,0.33,False,1424,10,1409,5,0.010533707865168539,0.9894662921348315,0.7,7,3,0.2,1,4,0.004149377593360996,0.4666666666666667,0.3,0.8,7,0
0.07,0.33,True,1424,10,1409,5,0.010533707865168539,0.9894662921348315,0.7,7,3,0.2,1,4,0.004149377593360996,0.4666666666666667,0.3,0.8,7,0
0.07,0.34,False,1424,10,1409,5,0.010533707865168539,0.9894662921348315,0.7,7,3,0.2,1,4,0.004149377593360996,0.4666666666666667,0.3,0.8,7,0
0.07,0.34,True,1424,10,1409,5,0.010533707865168539,0.9894662921348315,0.7,7,3,0.2,1,4,0.004149377593360996,0.4666666666666667,0.3,0.8,7,0
0.07,0.35,False,1424,10,1409,5,0.010533707865168539,0.9894662921348315,0.7,7,3,0.2,1,4,0.004149377593360996,0.4666666666666667,0.3,0.8,7,0
0.07,0.35,True,1424,10,1409,5,0.010533707865168539,0.9894662921348315,0.7,7,3,0.2,1,4,0.004149377593360996,0.4666666666666667,0.3,0.8,7,0
0.07,0.36,False,1424,10,1409,5,0.010533707865168539,0.9894662921348315,0.7,7,3,0.2,1,4,0.004149377593360996,0.4666666666666667,0.3,0.8,7,0
0.07,0.36,True,1424,10,1409,5,0.010533707865168539,0.9894662921348315,0.7,7,3,0.2,1,4,0.004149377593360996,0.4666666666666667,0.3,0.8,7,0
0.07,0.37,False,1424,10,1411,3,0.009129213483146067,0.9908707865168539,0.7,7,3,0.3333333333333333,1,2,0.004149377593360996,0.38461538461538464,0.3,0.6666666666666666,7,0
0.07,0.37,True,1424,10,1411,3,0.009129213483146067,0.9908707865168539,0.7,7,3,0.3333333333333333,1,2,0.004149377593360996,0.38461538461538464,0.3,0.6666666666666666,7,0
0.07,0.38,False,1424,10,1411,3,0.009129213483146067,0.9908707865168539,0.7,7,3,0.3333333333333333,1,2,0.004149377593360996,0.38461538461538464,0.3,0.6666666666666666,7,0
0.07,0.38,True,1424,10,1411,3,0.009129213483146067,0.9908707865168539,0.7,7,3,0.3333333333333333,1,2,0.004149377593360996,0.38461538461538464,0.3,0.6666666666666666,7,0
0.07,0.39,False,1424,10,1411,3,0.009129213483146067,0.9908707865168539,0.7,7,3,0.3333333333333333,1,2,0.004149377593360996,0.38461538461538464,0.3,0.6666666666666666,7,0
0.07,0.39,True,1424,10,1411,3,0.009129213483146067,0.9908707865168539,0.7,7,3,0.3333333333333333,1,2,0.004149377593360996,0.38461538461538464,0.3,0.6666666666666666,7,0
0.07,0.4,False,1424,10,1411,3,0.009129213483146067,0.9908707865168539,0.7,7,3,0.3333333333333333,1,2,0.004149377593360996,0.38461538461538464,0.3,0.6666666666666666,7,0
0.07,0.4,True,1424,10,1411,3,0.009129213483146067,0.9908707865168539,0.7,7,3,0.3333333333333333,1,2,0.004149377593360996,0.38461538461538464,0.3,0.6666666666666666,7,0
0.07,0.41,False,1424,10,1412,2,0.008426966292134831,0.9915730337078652,0.7,7,3,0.0,0,2,0.0,0.4166666666666667,0.3,1.0,6,0
0.07,0.41,True,1424,10,1412,2,0.008426966292134831,0.9915730337078652,0.7,7,3,0.0,0,2,0.0,0.4166666666666667,0.3,1.0,6,0
0.07,0.42,False,1424,10,1413,1,0.007724719101123595,0.9922752808988764,0.7,7,3,0.0,0,1,0.0,0.36363636363636365,0.3,1.0,6,0
0.07,0.42,True,1424,10,1413,1,0.007724719101123595,0.9922752808988764,0.7,7,3,0.0,0,1,0.0,0.36363636363636365,0.3,1.0,6,0
0.07,0.43,False,1424,10,1413,1,0.007724719101123595,0.9922752808988764,0.7,7,3,0.0,0,1,0.0,0.36363636363636365,0.3,1.0,6,0
0.07,0.43,True,1424,10,1413,1,0.007724719101123595,0.9922752808988764,0.7,7,3,0.0,0,1,0.0,0.36363636363636365,0.3,1.0,6,0
0.07,0.44,False,1424,10,1413,1,0.007724719101123595,0.9922752808988764,0.7,7,3,0.0,0,1,0.0,0.36363636363636365,0.3,1.0,6,0
0.07,0.44,True,1424,10,1413,1,0.007724719101123595,0.9922752808988764,0.7,7,3,0.0,0,1,0.0,0.36363636363636365,0.3,1.0,6,0
0.07,0.45,False,1424,10,1413,1,0.007724719101123595,0.9922752808988764,0.7,7,3,0.0,0,1,0.0,0.36363636363636365,0.3,1.0,6,0
0.07,0.45,True,1424,10,1413,1,0.007724719101123595,0.9922752808988764,0.7,7,3,0.0,0,1,0.0,0.36363636363636365,0.3,1.0,6,0
0.07,0.46,False,1424,10,1413,1,0.007724719101123595,0.9922752808988764,0.7,7,3,0.0,0,1,0.0,0.36363636363636365,0.3,1.0,6,0
0.07,0.46,True,1424,10,1413,1,0.007724719101123595,0.9922752808988764,0.7,7,3,0.0,0,1,0.0,0.36363636363636365,0.3,1.0,6,0
0.07,0.47,False,1424,10,1413,1,0.007724719101123595,0.9922752808988764,0.7,7,3,0.0,0,1,0.0,0.36363636363636365,0.3,1.0,6,0
0.07,0.47,True,1424,10,1413,1,0.007724719101123595,0.9922752808988764,0.7,7,3,0.0,0,1,0.0,0.36363636363636365,0.3,1.0,6,0
0.07,0.48,False,1424,10,1413,1,0.007724719101123595,0.9922752808988764,0.7,7,3,0.0,0,1,0.0,0.36363636363636365,0.3,1.0,6,0
0.07,0.48,True,1424,10,1413,1,0.007724719101123595,0.9922752808988764,0.7,7,3,0.0,0,1,0.0,0.36363636363636365,0.3,1.0,6,0
0.07,0.49,False,1424,10,1413,1,0.007724719101123595,0.9922752808988764,0.7,7,3,0.0,0,1,0.0,0.36363636363636365,0.3,1.0,6,0
0.07,0.49,True,1424,10,1413,1,0.007724719101123595,0.9922752808988764,0.7,7,3,0.0,0,1,0.0,0.36363636363636365,0.3,1.0,6,0
0.07,0.5,False,1424,10,1413,1,0.007724719101123595,0.9922752808988764,0.7,7,3,0.0,0,1,0.0,0.36363636363636365,0.3,1.0,6,0
0.07,0.5,True,1424,10,1413,1,0.007724719101123595,0.9922752808988764,0.7,7,3,0.0,0,1,0.0,0.36363636363636365,0.3,1.0,6,0
0.07,0.51,False,1424,10,1413,1,0.007724719101123595,0.9922752808988764,0.7,7,3,0.0,0,1,0.0,0.36363636363636365,0.3,1.0,6,0
0.07,0.51,True,1424,10,1413,1,0.007724719101123595,0.9922752808988764,0.7,7,3,0.0,0,1,0.0,0.36363636363636365,0.3,1.0,6,0
0.07,0.52,False,1424,10,1413,1,0.007724719101123595,0.9922752808988764,0.7,7,3,0.0,0,1,0.0,0.36363636363636365,0.3,1.0,6,0
0.07,0.52,True,1424,10,1413,1,0.007724719101123595,0.9922752808988764,0.7,7,3,0.0,0,1,0.0,0.36363636363636365,0.3,1.0,6,0
0.07,0.53,False,1424,10,1413,1,0.007724719101123595,0.9922752808988764,0.7,7,3,0.0,0,1,0.0,0.36363636363636365,0.3,1.0,6,0
0.07,0.53,True,1424,10,1413,1,0.007724719101123595,0.9922752808988764,0.7,7,3,0.0,0,1,0.0,0.36363636363636365,0.3,1.0,6,0
0.07,0.54,False,1424,10,1413,1,0.007724719101123595,0.9922752808988764,0.7,7,3,0.0,0,1,0.0,0.36363636363636365,0.3,1.0,6,0
0.07,0.54,True,1424,10,1413,1,0.007724719101123595,0.9922752808988764,0.7,7,3,0.0,0,1,0.0,0.36363636363636365,0.3,1.0,6,0
0.07,0.55,False,1424,10,1413,1,0.007724719101123595,0.9922752808988764,0.7,7,3,0.0,0,1,0.0,0.36363636363636365,0.3,1.0,6,0
0.07,0.55,True,1424,10,1413,1,0.007724719101123595,0.9922752808988764,0.7,7,3,0.0,0,1,0.0,0.36363636363636365,0.3,1.0,6,0
0.07,0.56,False,1424,10,1413,1,0.007724719101123595,0.9922752808988764,0.7,7,3,0.0,0,1,0.0,0.36363636363636365,0.3,1.0,6,0
0.07,0.56,True,1424,10,1413,1,0.007724719101123595,0.9922752808988764,0.7,7,3,0.0,0,1,0.0,0.36363636363636365,0.3,1.0,6,0
0.07,0.57,False,1424,10,1413,1,0.007724719101123595,0.9922752808988764,0.7,7,3,0.0,0,1,0.0,0.36363636363636365,0.3,1.0,6,0
0.07,0.57,True,1424,10,1413,1,0.007724719101123595,0.9922752808988764,0.7,7,3,0.0,0,1,0.0,0.36363636363636365,0.3,1.0,6,0
0.07,0.58,False,1424,10,1413,1,0.007724719101123595,0.9922752808988764,0.7,7,3,0.0,0,1,0.0,0.36363636363636365,0.3,1.0,6,0
0.07,0.58,True,1424,10,1413,1,0.007724719101123595,0.9922752808988764,0.7,7,3,0.0,0,1,0.0,0.36363636363636365,0.3,1.0,6,0
0.07,0.59,False,1424,10,1413,1,0.007724719101123595,0.9922752808988764,0.7,7,3,0.0,0,1,0.0,0.36363636363636365,0.3,1.0,6,0
0.07,0.59,True,1424,10,1413,1,0.007724719101123595,0.9922752808988764,0.7,7,3,0.0,0,1,0.0,0.36363636363636365,0.3,1.0,6,0
0.07,0.6,False,1424,10,1413,1,0.007724719101123595,0.9922752808988764,0.7,7,3,0.0,0,1,0.0,0.36363636363636365,0.3,1.0,6,0
0.07,0.6,True,1424,10,1413,1,0.007724719101123595,0.9922752808988764,0.7,7,3,0.0,0,1,0.0,0.36363636363636365,0.3,1.0,6,0
0.07,0.61,False,1424,10,1413,1,0.007724719101123595,0.9922752808988764,0.7,7,3,0.0,0,1,0.0,0.36363636363636365,0.3,1.0,6,0
0.07,0.61,True,1424,10,1413,1,0.007724719101123595,0.9922752808988764,0.7,7,3,0.0,0,1,0.0,0.36363636363636365,0.3,1.0,6,0
0.07,0.62,False,1424,10,1413,1,0.007724719101123595,0.9922752808988764,0.7,7,3,0.0,0,1,0.0,0.36363636363636365,0.3,1.0,6,0
0.07,0.62,True,1424,10,1413,1,0.007724719101123595,0.9922752808988764,0.7,7,3,0.0,0,1,0.0,0.36363636363636365,0.3,1.0,6,0
0.07,0.63,False,1424,10,1413,1,0.007724719101123595,0.9922752808988764,0.7,7,3,0.0,0,1,0.0,0.36363636363636365,0.3,1.0,6,0
0.07,0.63,True,1424,10,1413,1,0.007724719101123595,0.9922752808988764,0.7,7,3,0.0,0,1,0.0,0.36363636363636365,0.3,1.0,6,0
0.07,0.64,False,1424,10,1413,1,0.007724719101123595,0.9922752808988764,0.7,7,3,0.0,0,1,0.0,0.36363636363636365,0.3,1.0,6,0
0.07,0.64,True,1424,10,1413,1,0.007724719101123595,0.9922752808988764,0.7,7,3,0.0,0,1,0.0,0.36363636363636365,0.3,1.0,6,0
0.07,0.65,False,1424,10,1413,1,0.007724719101123595,0.9922752808988764,0.7,7,3,0.0,0,1,0.0,0.36363636363636365,0.3,1.0,6,0
0.07,0.65,True,1424,10,1413,1,0.007724719101123595,0.9922752808988764,0.7,7,3,0.0,0,1,0.0,0.36363636363636365,0.3,1.0,6,0
0.07,0.66,False,1424,10,1414,0,0.007022471910112359,0.9929775280898876,0.7,7,3,nan,0,0,0.0,0.3,0.3,nan,5,0
0.07,0.66,True,1424,10,1414,0,0.007022471910112359,0.9929775280898876,0.7,7,3,nan,0,0,0.0,0.3,0.3,nan,5,0
0.07,0.67,False,1424,10,1414,0,0.007022471910112359,0.9929775280898876,0.7,7,3,nan,0,0,0.0,0.3,0.3,nan,5,0
0.07,0.67,True,1424,10,1414,0,0.007022471910112359,0.9929775280898876,0.7,7,3,nan,0,0,0.0,0.3,0.3,nan,5,0
0.07,0.68,False,1424,10,1414,0,0.007022471910112359,0.9929775280898876,0.7,7,3,nan,0,0,0.0,0.3,0.3,nan,5,0
0.07,0.68,True,1424,10,1414,0,0.007022471910112359,0.9929775280898876,0.7,7,3,nan,0,0,0.0,0.3,0.3,nan,5,0
0.07,0.69,False,1424,10,1414,0,0.007022471910112359,0.9929775280898876,0.7,7,3,nan,0,0,0.0,0.3,0.3,nan,5,0
0.07,0.69,True,1424,10,1414,0,0.007022471910112359,0.9929775280898876,0.7,7,3,nan,0,0,0.0,0.3,0.3,nan,5,0
0.07,0.7,False,1424,10,1414,0,0.007022471910112359,0.9929775280898876,0.7,7,3,nan,0,0,0.0,0.3,0.3,nan,5,0
0.07,0.7,True,1424,10,1414,0,0.007022471910112359,0.9929775280898876,0.7,7,3,nan,0,0,0.0,0.3,0.3,nan,5,0
0.07,0.71,False,1424,10,1414,0,0.007022471910112359,0.9929775280898876,0.7,7,3,nan,0,0,0.0,0.3,0.3,nan,5,0
0.07,0.71,True,1424,10,1414,0,0.007022471910112359,0.9929775280898876,0.7,7,3,nan,0,0,0.0,0.3,0.3,nan,5,0
0.07,0.72,False,1424,10,1414,0,0.007022471910112359,0.9929775280898876,0.7,7,3,nan,0,0,0.0,0.3,0.3,nan,5,0
0.07,0.72,True,1424,10,1414,0,0.007022471910112359,0.9929775280898876,0.7,7,3,nan,0,0,0.0,0.3,0.3,nan,5,0
0.07,0.73,False,1424,10,1414,0,0.007022471910112359,0.9929775280898876,0.7,7,3,nan,0,0,0.0,0.3,0.3,nan,5,0
0.07,0.73,True,1424,10,1414,0,0.007022471910112359,0.9929775280898876,0.7,7,3,nan,0,0,0.0,0.3,0.3,nan,5,0
0.07,0.74,False,1424,10,1414,0,0.007022471910112359,0.9929775280898876,0.7,7,3,nan,0,0,0.0,0.3,0.3,nan,5,0
0.07,0.74,True,1424,10,1414,0,0.007022471910112359,0.9929775280898876,0.7,7,3,nan,0,0,0.0,0.3,0.3,nan,5,0
0.07,0.75,False,1424,10,1414,0,0.007022471910112359,0.9929775280898876,0.7,7,3,nan,0,0,0.0,0.3,0.3,nan,5,0
0.07,0.75,True,1424,10,1414,0,0.007022471910112359,0.9929775280898876,0.7,7,3,nan,0,0,0.0,0.3,0.3,nan,5,0
0.07,0.76,False,1424,10,1414,0,0.007022471910112359,0.9929775280898876,0.7,7,3,nan,0,0,0.0,0.3,0.3,nan,5,0
0.07,0.76,True,1424,10,1414,0,0.007022471910112359,0.9929775280898876,0.7,7,3,nan,0,0,0.0,0.3,0.3,nan,5,0
0.07,0.77,False,1424,10,1414,0,0.007022471910112359,0.9929775280898876,0.7,7,3,nan,0,0,0.0,0.3,0.3,nan,5,0
0.07,0.77,True,1424,10,1414,0,0.007022471910112359,0.9929775280898876,0.7,7,3,nan,0,0,0.0,0.3,0.3,nan,5,0
0.07,0.78,False,1424,10,1414,0,0.007022471910112359,0.9929775280898876,0.7,7,3,nan,0,0,0.0,0.3,0.3,nan,5,0
0.07,0.78,True,1424,10,1414,0,0.007022471910112359,0.9929775280898876,0.7,7,3,nan,0,0,0.0,0.3,0.3,nan,5,0
0.07,0.79,False,1424,10,1414,0,0.007022471910112359,0.9929775280898876,0.7,7,3,nan,0,0,0.0,0.3,0.3,nan,5,0
0.07,0.79,True,1424,10,1414,0,0.007022471910112359,0.9929775280898876,0.7,7,3,nan,0,0,0.0,0.3,0.3,nan,5,0
0.07,0.8,False,1424,10,1414,0,0.007022471910112359,0.9929775280898876,0.7,7,3,nan,0,0,0.0,0.3,0.3,nan,5,0
0.07,0.8,True,1424,10,1414,0,0.007022471910112359,0.9929775280898876,0.7,7,3,nan,0,0,0.0,0.3,0.3,nan,5,0
0.07,0.81,False,1424,10,1414,0,0.007022471910112359,0.9929775280898876,0.7,7,3,nan,0,0,0.0,0.3,0.3,nan,5,0
0.07,0.81,True,1424,10,1414,0,0.007022471910112359,0.9929775280898876,0.7,7,3,nan,0,0,0.0,0.3,0.3,nan,5,0
0.07,0.82,False,1424,10,1414,0,0.007022471910112359,0.9929775280898876,0.7,7,3,nan,0,0,0.0,0.3,0.3,nan,5,0
0.07,0.82,True,1424,10,1414,0,0.007022471910112359,0.9929775280898876,0.7,7,3,nan,0,0,0.0,0.3,0.3,nan,5,0
0.07,0.83,False,1424,10,1414,0,0.007022471910112359,0.9929775280898876,0.7,7,3,nan,0,0,0.0,0.3,0.3,nan,5,0
0.07,0.83,True,1424,10,1414,0,0.007022471910112359,0.9929775280898876,0.7,7,3,nan,0,0,0.0,0.3,0.3,nan,5,0
0.07,0.84,False,1424,10,1414,0,0.007022471910112359,0.9929775280898876,0.7,7,3,nan,0,0,0.0,0.3,0.3,nan,5,0
0.07,0.84,True,1424,10,1414,0,0.007022471910112359,0.9929775280898876,0.7,7,3,nan,0,0,0.0,0.3,0.3,nan,5,0
0.07,0.85,False,1424,10,1414,0,0.007022471910112359,0.9929775280898876,0.7,7,3,nan,0,0,0.0,0.3,0.3,nan,5,0
0.07,0.85,True,1424,10,1414,0,0.007022471910112359,0.9929775280898876,0.7,7,3,nan,0,0,0.0,0.3,0.3,nan,5,0
0.08,0.2,False,1424,12,1324,88,0.0702247191011236,0.9297752808988764,0.75,9,3,0.2159090909090909,19,69,0.07883817427385892,0.72,0.25,0.7840909090909091,17,7
0.08,0.2,True,1424,12,1352,60,0.05056179775280899,0.949438202247191,0.75,9,3,0.2833333333333333,17,43,0.07053941908713693,0.6388888888888888,0.25,0.7166666666666667,17,6
0.08,0.21,False,1424,12,1379,33,0.03160112359550562,0.9683988764044944,0.75,9,3,0.3333333333333333,11,22,0.04564315352697095,0.5555555555555556,0.25,0.6666666666666666,16,3
0.08,0.21,True,1424,12,1385,27,0.027387640449438203,0.9726123595505618,0.75,9,3,0.37037037037037035,10,17,0.04149377593360996,0.5128205128205128,0.25,0.6296296296296297,15,3
0.08,0.22,False,1424,12,1388,24,0.025280898876404494,0.9747191011235955,0.75,9,3,0.4166666666666667,10,14,0.04149377593360996,0.4722222222222222,0.25,0.5833333333333334,14,2
0.08,0.22,True,1424,12,1391,21,0.023174157303370788,0.9768258426966292,0.75,9,3,0.42857142857142855,9,12,0.03734439834024896,0.45454545454545453,0.25,0.5714285714285714,14,2
0.08,0.23,False,1424,12,1392,20,0.02247191011235955,0.9775280898876404,0.75,9,3,0.4,8,12,0.03319502074688797,0.46875,0.25,0.6,14,2
0.08,0.23,True,1424,12,1395,17,0.020365168539325844,0.9796348314606742,0.75,9,3,0.4117647058823529,7,10,0.029045643153526972,0.4482758620689655,0.25,0.5882352941176471,13,2
0.08,0.24,False,1424,12,1398,14,0.018258426966292134,0.9817415730337079,0.75,9,3,0.42857142857142855,6,8,0.024896265560165973,0.4230769230769231,0.25,0.5714285714285714,11,2
0.08,0.24,True,1424,12,1399,13,0.0175561797752809,0.9824438202247191,0.75,9,3,0.38461538461538464,5,8,0.02074688796680498,0.44,0.25,0.6153846153846154,11,2
0.08,0.25,False,1424,12,1399,13,0.0175561797752809,0.9824438202247191,0.75,9,3,0.46153846153846156,6,7,0.024896265560165973,0.4,0.25,0.5384615384615384,11,2
0.08,0.25,True,1424,12,1400,12,0.016853932584269662,0.9831460674157303,0.75,9,3,0.4166666666666667,5,7,0.02074688796680498,0.4166666666666667,0.25,0.5833333333333334,11,2
0.08,0.26,False,1424,12,1403,9,0.014747191011235955,0.985252808988764,0.75,9,3,0.3333333333333333,3,6,0.012448132780082987,0.42857142857142855,0.25,0.6666666666666666,11,2
0.08,0.26,True,1424,12,1403,9,0.014747191011235955,0.985252808988764,0.75,9,3,0.3333333333333333,3,6,0.012448132780082987,0.42857142857142855,0.25,0.6666666666666666,11,2
0.08,0.27,False,1424,12,1406,6,0.012640449438202247,0.9873595505617978,0.75,9,3,0.3333333333333333,2,4,0.008298755186721992,0.3888888888888889,0.25,0.6666666666666666,9,1
0.08,0.27,True,1424,12,1406,6,0.012640449438202247,0.9873595505617978,0.75,9,3,0.3333333333333333,2,4,0.008298755186721992,0.3888888888888889,0.25,0.6666666666666666,9,1
0.08,0.28,False,1424,12,1407,5,0.011938202247191011,0.988061797752809,0.75,9,3,0.2,1,4,0.004149377593360996,0.4117647058823529,0.25,0.8,9,0
0.08,0.28,True,1424,12,1407,5,0.011938202247191011,0.988061797752809,0.75,9,3,0.2,1,4,0.004149377593360996,0.4117647058823529,0.25,0.8,9,0
0.08,0.29,False,1424,12,1407,5,0.011938202247191011,0.988061797752809,0.75,9,3,0.2,1,4,0.004149377593360996,0.4117647058823529,0.25,0.8,9,0
0.08,0.29,True,1424,12,1407,5,0.011938202247191011,0.988061797752809,0.75,9,3,0.2,1,4,0.004149377593360996,0.4117647058823529,0.25,0.8,9,0
0.08,0.3,False,1424,12,1407,5,0.011938202247191011,0.988061797752809,0.75,9,3,0.2,1,4,0.004149377593360996,0.4117647058823529,0.25,0.8,9,0
0.08,0.3,True,1424,12,1407,5,0.011938202247191011,0.988061797752809,0.75,9,3,0.2,1,4,0.004149377593360996,0.4117647058823529,0.25,0.8,9,0
0.08,0.31,False,1424,12,1407,5,0.011938202247191011,0.988061797752809,0.75,9,3,0.2,1,4,0.004149377593360996,0.4117647058823529,0.25,0.8,9,0
0.08,0.31,True,1424,12,1407,5,0.011938202247191011,0.988061797752809,0.75,9,3,0.2,1,4,0.004149377593360996,0.4117647058823529,0.25,0.8,9,0
0.08,0.32,False,1424,12,1407,5,0.011938202247191011,0.988061797752809,0.75,9,3,0.2,1,4,0.004149377593360996,0.4117647058823529,0.25,0.8,9,0
0.08,0.32,True,1424,12,1407,5,0.011938202247191011,0.988061797752809,0.75,9,3,0.2,1,4,0.004149377593360996,0.4117647058823529,0.25,0.8,9,0
0.08,0.33,False,1424,12,1407,5,0.011938202247191011,0.988061797752809,0.75,9,3,0.2,1,4,0.004149377593360996,0.4117647058823529,0.25,0.8,9,0
0.08,0.33,True,1424,12,1407,5,0.011938202247191011,0.988061797752809,0.75,9,3,0.2,1,4,0.004149377593360996,0.4117647058823529,0.25,0.8,9,0
0.08,0.34,False,1424,12,1407,5,0.011938202247191011,0.988061797752809,0.75,9,3,0.2,1,4,0.004149377593360996,0.4117647058823529,0.25,0.8,9,0
0.08,0.34,True,1424,12,1407,5,0.011938202247191011,0.988061797752809,0.75,9,3,0.2,1,4,0.004149377593360996,0.4117647058823529,0.25,0.8,9,0
0.08,0.35,False,1424,12,1407,5,0.011938202247191011,0.988061797752809,0.75,9,3,0.2,1,4,0.004149377593360996,0.4117647058823529,0.25,0.8,9,0
0.08,0.35,True,1424,12,1407,5,0.011938202247191011,0.988061797752809,0.75,9,3,0.2,1,4,0.004149377593360996,0.4117647058823529,0.25,0.8,9,0
0.08,0.36,False,1424,12,1407,5,0.011938202247191011,0.988061797752809,0.75,9,3,0.2,1,4,0.004149377593360996,0.4117647058823529,0.25,0.8,9,0
0.08,0.36,True,1424,12,1407,5,0.011938202247191011,0.988061797752809,0.75,9,3,0.2,1,4,0.004149377593360996,0.4117647058823529,0.25,0.8,9,0
0.08,0.37,False,1424,12,1409,3,0.010533707865168539,0.9894662921348315,0.75,9,3,0.3333333333333333,1,2,0.004149377593360996,0.3333333333333333,0.25,0.6666666666666666,9,0
0.08,0.37,True,1424,12,1409,3,0.010533707865168539,0.9894662921348315,0.75,9,3,0.3333333333333333,1,2,0.004149377593360996,0.3333333333333333,0.25,0.6666666666666666,9,0
0.08,0.38,False,1424,12,1409,3,0.010533707865168539,0.9894662921348315,0.75,9,3,0.3333333333333333,1,2,0.004149377593360996,0.3333333333333333,0.25,0.6666666666666666,9,0
0.08,0.38,True,1424,12,1409,3,0.010533707865168539,0.9894662921348315,0.75,9,3,0.3333333333333333,1,2,0.004149377593360996,0.3333333333333333,0.25,0.6666666666666666,9,0
0.08,0.39,False,1424,12,1409,3,0.010533707865168539,0.9894662921348315,0.75,9,3,0.3333333333333333,1,2,0.004149377593360996,0.3333333333333333,0.25,0.6666666666666666,9,0
0.08,0.39,True,1424,12,1409,3,0.010533707865168539,0.9894662921348315,0.75,9,3,0.3333333333333333,1,2,0.004149377593360996,0.3333333333333333,0.25,0.6666666666666666,9,0
0.08,0.4,False,1424,12,1409,3,0.010533707865168539,0.9894662921348315,0.75,9,3,0.3333333333333333,1,2,0.004149377593360996,0.3333333333333333,0.25,0.6666666666666666,9,0
0.08,0.4,True,1424,12,1409,3,0.010533707865168539,0.9894662921348315,0.75,9,3,0.3333333333333333,1,2,0.004149377593360996,0.3333333333333333,0.25,0.6666666666666666,9,0
0.08,0.41,False,1424,12,1410,2,0.009831460674157303,0.9901685393258427,0.75,9,3,0.0,0,2,0.0,0.35714285714285715,0.25,1.0,8,0
0.08,0.41,True,1424,12,1410,2,0.009831460674157303,0.9901685393258427,0.75,9,3,0.0,0,2,0.0,0.35714285714285715,0.25,1.0,8,0
0.08,0.42,False,1424,12,1411,1,0.009129213483146067,0.9908707865168539,0.75,9,3,0.0,0,1,0.0,0.3076923076923077,0.25,1.0,8,0
0.08,0.42,True,1424,12,1411,1,0.009129213483146067,0.9908707865168539,0.75,9,3,0.0,0,1,0.0,0.3076923076923077,0.25,1.0,8,0
0.08,0.43,False,1424,12,1411,1,0.009129213483146067,0.9908707865168539,0.75,9,3,0.0,0,1,0.0,0.3076923076923077,0.25,1.0,8,0
0.08,0.43,True,1424,12,1411,1,0.009129213483146067,0.9908707865168539,0.75,9,3,0.0,0,1,0.0,0.3076923076923077,0.25,1.0,8,0
0.08,0.44,False,1424,12,1411,1,0.009129213483146067,0.9908707865168539,0.75,9,3,0.0,0,1,0.0,0.3076923076923077,0.25,1.0,8,0
0.08,0.44,True,1424,12,1411,1,0.009129213483146067,0.9908707865168539,0.75,9,3,0.0,0,1,0.0,0.3076923076923077,0.25,1.0,8,0
0.08,0.45,False,1424,12,1411,1,0.009129213483146067,0.9908707865168539,0.75,9,3,0.0,0,1,0.0,0.3076923076923077,0.25,1.0,8,0
0.08,0.45,True,1424,12,1411,1,0.009129213483146067,0.9908707865168539,0.75,9,3,0.0,0,1,0.0,0.3076923076923077,0.25,1.0,8,0
0.08,0.46,False,1424,12,1411,1,0.009129213483146067,0.9908707865168539,0.75,9,3,0.0,0,1,0.0,0.3076923076923077,0.25,1.0,8,0
0.08,0.46,True,1424,12,1411,1,0.009129213483146067,0.9908707865168539,0.75,9,3,0.0,0,1,0.0,0.3076923076923077,0.25,1.0,8,0
0.08,0.47,False,1424,12,1411,1,0.009129213483146067,0.9908707865168539,0.75,9,3,0.0,0,1,0.0,0.3076923076923077,0.25,1.0,8,0
0.08,0.47,True,1424,12,1411,1,0.009129213483146067,0.9908707865168539,0.75,9,3,0.0,0,1,0.0,0.3076923076923077,0.25,1.0,8,0
0.08,0.48,False,1424,12,1411,1,0.009129213483146067,0.9908707865168539,0.75,9,3,0.0,0,1,0.0,0.3076923076923077,0.25,1.0,8,0
0.08,0.48,True,1424,12,1411,1,0.009129213483146067,0.9908707865168539,0.75,9,3,0.0,0,1,0.0,0.3076923076923077,0.25,1.0,8,0
0.08,0.49,False,1424,12,1411,1,0.009129213483146067,0.9908707865168539,0.75,9,3,0.0,0,1,0.0,0.3076923076923077,0.25,1.0,8,0
0.08,0.49,True,1424,12,1411,1,0.009129213483146067,0.9908707865168539,0.75,9,3,0.0,0,1,0.0,0.3076923076923077,0.25,1.0,8,0
0.08,0.5,False,1424,12,1411,1,0.009129213483146067,0.9908707865168539,0.75,9,3,0.0,0,1,0.0,0.3076923076923077,0.25,1.0,8,0
0.08,0.5,True,1424,12,1411,1,0.009129213483146067,0.9908707865168539,0.75,9,3,0.0,0,1,0.0,0.3076923076923077,0.25,1.0,8,0
0.08,0.51,False,1424,12,1411,1,0.009129213483146067,0.9908707865168539,0.75,9,3,0.0,0,1,0.0,0.3076923076923077,0.25,1.0,8,0
0.08,0.51,True,1424,12,1411,1,0.009129213483146067,0.9908707865168539,0.75,9,3,0.0,0,1,0.0,0.3076923076923077,0.25,1.0,8,0
0.08,0.52,False,1424,12,1411,1,0.009129213483146067,0.9908707865168539,0.75,9,3,0.0,0,1,0.0,0.3076923076923077,0.25,1.0,8,0
0.08,0.52,True,1424,12,1411,1,0.009129213483146067,0.9908707865168539,0.75,9,3,0.0,0,1,0.0,0.3076923076923077,0.25,1.0,8,0
0.08,0.53,False,1424,12,1411,1,0.009129213483146067,0.9908707865168539,0.75,9,3,0.0,0,1,0.0,0.3076923076923077,0.25,1.0,8,0
0.08,0.53,True,1424,12,1411,1,0.009129213483146067,0.9908707865168539,0.75,9,3,0.0,0,1,0.0,0.3076923076923077,0.25,1.0,8,0
0.08,0.54,False,1424,12,1411,1,0.009129213483146067,0.9908707865168539,0.75,9,3,0.0,0,1,0.0,0.3076923076923077,0.25,1.0,8,0
0.08,0.54,True,1424,12,1411,1,0.009129213483146067,0.9908707865168539,0.75,9,3,0.0,0,1,0.0,0.3076923076923077,0.25,1.0,8,0
0.08,0.55,False,1424,12,1411,1,0.009129213483146067,0.9908707865168539,0.75,9,3,0.0,0,1,0.0,0.3076923076923077,0.25,1.0,8,0
0.08,0.55,True,1424,12,1411,1,0.009129213483146067,0.9908707865168539,0.75,9,3,0.0,0,1,0.0,0.3076923076923077,0.25,1.0,8,0
0.08,0.56,False,1424,12,1411,1,0.009129213483146067,0.9908707865168539,0.75,9,3,0.0,0,1,0.0,0.3076923076923077,0.25,1.0,8,0
0.08,0.56,True,1424,12,1411,1,0.009129213483146067,0.9908707865168539,0.75,9,3,0.0,0,1,0.0,0.3076923076923077,0.25,1.0,8,0
0.08,0.57,False,1424,12,1411,1,0.009129213483146067,0.9908707865168539,0.75,9,3,0.0,0,1,0.0,0.3076923076923077,0.25,1.0,8,0
0.08,0.57,True,1424,12,1411,1,0.009129213483146067,0.9908707865168539,0.75,9,3,0.0,0,1,0.0,0.3076923076923077,0.25,1.0,8,0
0.08,0.58,False,1424,12,1411,1,0.009129213483146067,0.9908707865168539,0.75,9,3,0.0,0,1,0.0,0.3076923076923077,0.25,1.0,8,0
0.08,0.58,True,1424,12,1411,1,0.009129213483146067,0.9908707865168539,0.75,9,3,0.0,0,1,0.0,0.3076923076923077,0.25,1.0,8,0
0.08,0.59,False,1424,12,1411,1,0.009129213483146067,0.9908707865168539,0.75,9,3,0.0,0,1,0.0,0.3076923076923077,0.25,1.0,8,0
0.08,0.59,True,1424,12,1411,1,0.009129213483146067,0.9908707865168539,0.75,9,3,0.0,0,1,0.0,0.3076923076923077,0.25,1.0,8,0
0.08,0.6,False,1424,12,1411,1,0.009129213483146067,0.9908707865168539,0.75,9,3,0.0,0,1,0.0,0.3076923076923077,0.25,1.0,8,0
0.08,0.6,True,1424,12,1411,1,0.009129213483146067,0.9908707865168539,0.75,9,3,0.0,0,1,0.0,0.3076923076923077,0.25,1.0,8,0
0.08,0.61,False,1424,12,1411,1,0.009129213483146067,0.9908707865168539,0.75,9,3,0.0,0,1,0.0,0.3076923076923077,0.25,1.0,8,0
0.08,0.61,True,1424,12,1411,1,0.009129213483146067,0.9908707865168539,0.75,9,3,0.0,0,1,0.0,0.3076923076923077,0.25,1.0,8,0
0.08,0.62,False,1424,12,1411,1,0.009129213483146067,0.9908707865168539,0.75,9,3,0.0,0,1,0.0,0.3076923076923077,0.25,1.0,8,0
0.08,0.62,True,1424,12,1411,1,0.009129213483146067,0.9908707865168539,0.75,9,3,0.0,0,1,0.0,0.3076923076923077,0.25,1.0,8,0
0.08,0.63,False,1424,12,1411,1,0.009129213483146067,0.9908707865168539,0.75,9,3,0.0,0,1,0.0,0.3076923076923077,0.25,1.0,8,0
0.08,0.63,True,1424,12,1411,1,0.009129213483146067,0.9908707865168539,0.75,9,3,0.0,0,1,0.0,0.3076923076923077,0.25,1.0,8,0
0.08,0.64,False,1424,12,1411,1,0.009129213483146067,0.9908707865168539,0.75,9,3,0.0,0,1,0.0,0.3076923076923077,0.25,1.0,8,0
0.08,0.64,True,1424,12,1411,1,0.009129213483146067,0.9908707865168539,0.75,9,3,0.0,0,1,0.0,0.3076923076923077,0.25,1.0,8,0
0.08,0.65,False,1424,12,1411,1,0.009129213483146067,0.9908707865168539,0.75,9,3,0.0,0,1,0.0,0.3076923076923077,0.25,1.0,8,0
0.08,0.65,True,1424,12,1411,1,0.009129213483146067,0.9908707865168539,0.75,9,3,0.0,0,1,0.0,0.3076923076923077,0.25,1.0,8,0
0.08,0.66,False,1424,12,1412,0,0.008426966292134831,0.9915730337078652,0.75,9,3,nan,0,0,0.0,0.25,0.25,nan,7,0
0.08,0.66,True,1424,12,1412,0,0.008426966292134831,0.9915730337078652,0.75,9,3,nan,0,0,0.0,0.25,0.25,nan,7,0
0.08,0.67,False,1424,12,1412,0,0.008426966292134831,0.9915730337078652,0.75,9,3,nan,0,0,0.0,0.25,0.25,nan,7,0
0.08,0.67,True,1424,12,1412,0,0.008426966292134831,0.9915730337078652,0.75,9,3,nan,0,0,0.0,0.25,0.25,nan,7,0
0.08,0.68,False,1424,12,1412,0,0.008426966292134831,0.9915730337078652,0.75,9,3,nan,0,0,0.0,0.25,0.25,nan,7,0
0.08,0.68,True,1424,12,1412,0,0.008426966292134831,0.9915730337078652,0.75,9,3,nan,0,0,0.0,0.25,0.25,nan,7,0
0.08,0.69,False,1424,12,1412,0,0.008426966292134831,0.9915730337078652,0.75,9,3,nan,0,0,0.0,0.25,0.25,nan,7,0
0.08,0.69,True,1424,12,1412,0,0.008426966292134831,0.9915730337078652,0.75,9,3,nan,0,0,0.0,0.25,0.25,nan,7,0
0.08,0.7,False,1424,12,1412,0,0.008426966292134831,0.9915730337078652,0.75,9,3,nan,0,0,0.0,0.25,0.25,nan,7,0
0.08,0.7,True,1424,12,1412,0,0.008426966292134831,0.9915730337078652,0.75,9,3,nan,0,0,0.0,0.25,0.25,nan,7,0
0.08,0.71,False,1424,12,1412,0,0.008426966292134831,0.9915730337078652,0.75,9,3,nan,0,0,0.0,0.25,0.25,nan,7,0
0.08,0.71,True,1424,12,1412,0,0.008426966292134831,0.9915730337078652,0.75,9,3,nan,0,0,0.0,0.25,0.25,nan,7,0
0.08,0.72,False,1424,12,1412,0,0.008426966292134831,0.9915730337078652,0.75,9,3,nan,0,0,0.0,0.25,0.25,nan,7,0
0.08,0.72,True,1424,12,1412,0,0.008426966292134831,0.9915730337078652,0.75,9,3,nan,0,0,0.0,0.25,0.25,nan,7,0
0.08,0.73,False,1424,12,1412,0,0.008426966292134831,0.9915730337078652,0.75,9,3,nan,0,0,0.0,0.25,0.25,nan,7,0
0.08,0.73,True,1424,12,1412,0,0.008426966292134831,0.9915730337078652,0.75,9,3,nan,0,0,0.0,0.25,0.25,nan,7,0
0.08,0.74,False,1424,12,1412,0,0.008426966292134831,0.9915730337078652,0.75,9,3,nan,0,0,0.0,0.25,0.25,nan,7,0
0.08,0.74,True,1424,12,1412,0,0.008426966292134831,0.9915730337078652,0.75,9,3,nan,0,0,0.0,0.25,0.25,nan,7,0
0.08,0.75,False,1424,12,1412,0,0.008426966292134831,0.9915730337078652,0.75,9,3,nan,0,0,0.0,0.25,0.25,nan,7,0
0.08,0.75,True,1424,12,1412,0,0.008426966292134831,0.9915730337078652,0.75,9,3,nan,0,0,0.0,0.25,0.25,nan,7,0
0.08,0.76,False,1424,12,1412,0,0.008426966292134831,0.9915730337078652,0.75,9,3,nan,0,0,0.0,0.25,0.25,nan,7,0
0.08,0.76,True,1424,12,1412,0,0.008426966292134831,0.9915730337078652,0.75,9,3,nan,0,0,0.0,0.25,0.25,nan,7,0
0.08,0.77,False,1424,12,1412,0,0.008426966292134831,0.9915730337078652,0.75,9,3,nan,0,0,0.0,0.25,0.25,nan,7,0
0.08,0.77,True,1424,12,1412,0,0.008426966292134831,0.9915730337078652,0.75,9,3,nan,0,0,0.0,0.25,0.25,nan,7,0
0.08,0.78,False,1424,12,1412,0,0.008426966292134831,0.9915730337078652,0.75,9,3,nan,0,0,0.0,0.25,0.25,nan,7,0
0.08,0.78,True,1424,12,1412,0,0.008426966292134831,0.9915730337078652,0.75,9,3,nan,0,0,0.0,0.25,0.25,nan,7,0
0.08,0.79,False,1424,12,1412,0,0.008426966292134831,0.9915730337078652,0.75,9,3,nan,0,0,0.0,0.25,0.25,nan,7,0
0.08,0.79,True,1424,12,1412,0,0.008426966292134831,0.9915730337078652,0.75,9,3,nan,0,0,0.0,0.25,0.25,nan,7,0
0.08,0.8,False,1424,12,1412,0,0.008426966292134831,0.9915730337078652,0.75,9,3,nan,0,0,0.0,0.25,0.25,nan,7,0
0.08,0.8,True,1424,12,1412,0,0.008426966292134831,0.9915730337078652,0.75,9,3,nan,0,0,0.0,0.25,0.25,nan,7,0
0.08,0.81,False,1424,12,1412,0,0.008426966292134831,0.9915730337078652,0.75,9,3,nan,0,0,0.0,0.25,0.25,nan,7,0
0.08,0.81,True,1424,12,1412,0,0.008426966292134831,0.9915730337078652,0.75,9,3,nan,0,0,0.0,0.25,0.25,nan,7,0
0.08,0.82,False,1424,12,1412,0,0.008426966292134831,0.9915730337078652,0.75,9,3,nan,0,0,0.0,0.25,0.25,nan,7,0
0.08,0.82,True,1424,12,1412,0,0.008426966292134831,0.9915730337078652,0.75,9,3,nan,0,0,0.0,0.25,0.25,nan,7,0
0.08,0.83,False,1424,12,1412,0,0.008426966292134831,0.9915730337078652,0.75,9,3,nan,0,0,0.0,0.25,0.25,nan,7,0
0.08,0.83,True,1424,12,1412,0,0.008426966292134831,0.9915730337078652,0.75,9,3,nan,0,0,0.0,0.25,0.25,nan,7,0
0.08,0.84,False,1424,12,1412,0,0.008426966292134831,0.9915730337078652,0.75,9,3,nan,0,0,0.0,0.25,0.25,nan,7,0
0.08,0.84,True,1424,12,1412,0,0.008426966292134831,0.9915730337078652,0.75,9,3,nan,0,0,0.0,0.25,0.25,nan,7,0
0.08,0.85,False,1424,12,1412,0,0.008426966292134831,0.9915730337078652,0.75,9,3,nan,0,0,0.0,0.25,0.25,nan,7,0
0.08,0.85,True,1424,12,1412,0,0.008426966292134831,0.9915730337078652,0.75,9,3,nan,0,0,0.0,0.25,0.25,nan,7,0
0.09,0.2,False,1424,17,1319,88,0.07373595505617977,0.9262640449438202,0.7647058823529411,13,4,0.2159090909090909,19,69,0.07883817427385892,0.6952380952380952,0.23529411764705882,0.7840909090909091,18,7
0.09,0.2,True,1424,17,1347,60,0.05407303370786517,0.9459269662921348,0.7647058823529411,13,4,0.2833333333333333,17,43,0.07053941908713693,0.6103896103896104,0.23529411764705882,0.7166666666666667,18,6
0.09,0.21,False,1424,17,1374,33,0.0351123595505618,0.9648876404494382,0.7647058823529411,13,4,0.3333333333333333,11,22,0.04564315352697095,0.52,0.23529411764705882,0.6666666666666666,17,3
0.09,0.21,True,1424,17,1380,27,0.03089887640449438,0.9691011235955056,0.7647058823529411,13,4,0.37037037037037035,10,17,0.04149377593360996,0.4772727272727273,0.23529411764705882,0.6296296296296297,16,3
0.09,0.22,False,1424,17,1383,24,0.028792134831460675,0.9712078651685393,0.7647058823529411,13,4,0.4166666666666667,10,14,0.04149377593360996,0.43902439024390244,0.23529411764705882,0.5833333333333334,15,3
0.09,0.22,True,1424,17,1386,21,0.026685393258426966,0.973314606741573,0.7647058823529411,13,4,0.42857142857142855,9,12,0.03734439834024896,0.42105263157894735,0.23529411764705882,0.5714285714285714,15,3
0.09,0.23,False,1424,17,1387,20,0.02598314606741573,0.9740168539325843,0.7647058823529411,13,4,0.4,8,12,0.03319502074688797,0.43243243243243246,0.23529411764705882,0.6,15,2
0.09,0.23,True,1424,17,1390,17,0.023876404494382022,0.976123595505618,0.7647058823529411,13,4,0.4117647058823529,7,10,0.029045643153526972,0.4117647058823529,0.23529411764705882,0.5882352941176471,14,2
0.09,0.24,False,1424,17,1393,14,0.021769662921348316,0.9782303370786517,0.7647058823529411,13,4,0.42857142857142855,6,8,0.024896265560165973,0.3870967741935484,0.23529411764705882,0.5714285714285714,12,2
0.09,0.24,True,1424,17,1394,13,0.021067415730337078,0.9789325842696629,0.7647058823529411,13,4,0.38461538461538464,5,8,0.02074688796680498,0.4,0.23529411764705882,0.6153846153846154,12,2
0.09,0.25,False,1424,17,1394,13,0.021067415730337078,0.9789325842696629,0.7647058823529411,13,4,0.46153846153846156,6,7,0.024896265560165973,0.36666666666666664,0.23529411764705882,0.5384615384615384,12,2
0.09,0.25,True,1424,17,1395,12,0.020365168539325844,0.9796348314606742,0.7647058823529411,13,4,0.4166666666666667,5,7,0.02074688796680498,0.3793103448275862,0.23529411764705882,0.5833333333333334,12,2
0.09,0.26,False,1424,17,1398,9,0.018258426966292134,0.9817415730337079,0.7647058823529411,13,4,0.3333333333333333,3,6,0.012448132780082987,0.38461538461538464,0.23529411764705882,0.6666666666666666,12,2
0.09,0.26,True,1424,17,1398,9,0.018258426966292134,0.9817415730337079,0.7647058823529411,13,4,0.3333333333333333,3,6,0.012448132780082987,0.38461538461538464,0.23529411764705882,0.6666666666666666,12,2
0.09,0.27,False,1424,17,1401,6,0.016151685393258428,0.9838483146067416,0.7647058823529411,13,4,0.3333333333333333,2,4,0.008298755186721992,0.34782608695652173,0.23529411764705882,0.6666666666666666,10,1
0.09,0.27,True,1424,17,1401,6,0.016151685393258428,0.9838483146067416,0.7647058823529411,13,4,0.3333333333333333,2,4,0.008298755186721992,0.34782608695652173,0.23529411764705882,0.6666666666666666,10,1
0.09,0.28,False,1424,17,1402,5,0.01544943820224719,0.9845505617977528,0.7647058823529411,13,4,0.2,1,4,0.004149377593360996,0.36363636363636365,0.23529411764705882,0.8,10,1
0.09,0.28,True,1424,17,1402,5,0.01544943820224719,0.9845505617977528,0.7647058823529411,13,4,0.2,1,4,0.004149377593360996,0.36363636363636365,0.23529411764705882,0.8,10,1
0.09,0.29,False,1424,17,1402,5,0.01544943820224719,0.9845505617977528,0.7647058823529411,13,4,0.2,1,4,0.004149377593360996,0.36363636363636365,0.23529411764705882,0.8,10,1
0.09,0.29,True,1424,17,1402,5,0.01544943820224719,0.9845505617977528,0.7647058823529411,13,4,0.2,1,4,0.004149377593360996,0.36363636363636365,0.23529411764705882,0.8,10,1
0.09,0.3,False,1424,17,1402,5,0.01544943820224719,0.9845505617977528,0.7647058823529411,13,4,0.2,1,4,0.004149377593360996,0.36363636363636365,0.23529411764705882,0.8,10,1
0.09,0.3,True,1424,17,1402,5,0.01544943820224719,0.9845505617977528,0.7647058823529411,13,4,0.2,1,4,0.004149377593360996,0.36363636363636365,0.23529411764705882,0.8,10,1
0.09,0.31,False,1424,17,1402,5,0.01544943820224719,0.9845505617977528,0.7647058823529411,13,4,0.2,1,4,0.004149377593360996,0.36363636363636365,0.23529411764705882,0.8,10,1
0.09,0.31,True,1424,17,1402,5,0.01544943820224719,0.9845505617977528,0.7647058823529411,13,4,0.2,1,4,0.004149377593360996,0.36363636363636365,0.23529411764705882,0.8,10,1
0.09,0.32,False,1424,17,1402,5,0.01544943820224719,0.9845505617977528,0.7647058823529411,13,4,0.2,1,4,0.004149377593360996,0.36363636363636365,0.23529411764705882,0.8,10,1
0.09,0.32,True,1424,17,1402,5,0.01544943820224719,0.9845505617977528,0.7647058823529411,13,4,0.2,1,4,0.004149377593360996,0.36363636363636365,0.23529411764705882,0.8,10,1
0.09,0.33,False,1424,17,1402,5,0.01544943820224719,0.9845505617977528,0.7647058823529411,13,4,0.2,1,4,0.004149377593360996,0.36363636363636365,0.23529411764705882,0.8,10,1
0.09,0.33,True,1424,17,1402,5,0.01544943820224719,0.9845505617977528,0.7647058823529411,13,4,0.2,1,4,0.004149377593360996,0.36363636363636365,0.23529411764705882,0.8,10,1
0.09,0.34,False,1424,17,1402,5,0.01544943820224719,0.9845505617977528,0.7647058823529411,13,4,0.2,1,4,0.004149377593360996,0.36363636363636365,0.23529411764705882,0.8,10,1
0.09,0.34,True,1424,17,1402,5,0.01544943820224719,0.9845505617977528,0.7647058823529411,13,4,0.2,1,4,0.004149377593360996,0.36363636363636365,0.23529411764705882,0.8,10,1
0.09,0.35,False,1424,17,1402,5,0.01544943820224719,0.9845505617977528,0.7647058823529411,13,4,0.2,1,4,0.004149377593360996,0.36363636363636365,0.23529411764705882,0.8,10,1
0.09,0.35,True,1424,17,1402,5,0.01544943820224719,0.9845505617977528,0.7647058823529411,13,4,0.2,1,4,0.004149377593360996,0.36363636363636365,0.23529411764705882,0.8,10,1
0.09,0.36,False,1424,17,1402,5,0.01544943820224719,0.9845505617977528,0.7647058823529411,13,4,0.2,1,4,0.004149377593360996,0.36363636363636365,0.23529411764705882,0.8,10,1
0.09,0.36,True,1424,17,1402,5,0.01544943820224719,0.9845505617977528,0.7647058823529411,13,4,0.2,1,4,0.004149377593360996,0.36363636363636365,0.23529411764705882,0.8,10,1
0.09,0.37,False,1424,17,1404,3,0.014044943820224719,0.9859550561797753,0.7647058823529411,13,4,0.3333333333333333,1,2,0.004149377593360996,0.3,0.23529411764705882,0.6666666666666666,10,1
0.09,0.37,True,1424,17,1404,3,0.014044943820224719,0.9859550561797753,0.7647058823529411,13,4,0.3333333333333333,1,2,0.004149377593360996,0.3,0.23529411764705882,0.6666666666666666,10,1
0.09,0.38,False,1424,17,1404,3,0.014044943820224719,0.9859550561797753,0.7647058823529411,13,4,0.3333333333333333,1,2,0.004149377593360996,0.3,0.23529411764705882,0.6666666666666666,10,1
0.09,0.38,True,1424,17,1404,3,0.014044943820224719,0.9859550561797753,0.7647058823529411,13,4,0.3333333333333333,1,2,0.004149377593360996,0.3,0.23529411764705882,0.6666666666666666,10,1
0.09,0.39,False,1424,17,1404,3,0.014044943820224719,0.9859550561797753,0.7647058823529411,13,4,0.3333333333333333,1,2,0.004149377593360996,0.3,0.23529411764705882,0.6666666666666666,10,1
0.09,0.39,True,1424,17,1404,3,0.014044943820224719,0.9859550561797753,0.7647058823529411,13,4,0.3333333333333333,1,2,0.004149377593360996,0.3,0.23529411764705882,0.6666666666666666,10,1
0.09,0.4,False,1424,17,1404,3,0.014044943820224719,0.9859550561797753,0.7647058823529411,13,4,0.3333333333333333,1,2,0.004149377593360996,0.3,0.23529411764705882,0.6666666666666666,10,1
0.09,0.4,True,1424,17,1404,3,0.014044943820224719,0.9859550561797753,0.7647058823529411,13,4,0.3333333333333333,1,2,0.004149377593360996,0.3,0.23529411764705882,0.6666666666666666,10,1
0.09,0.41,False,1424,17,1405,2,0.013342696629213483,0.9866573033707865,0.7647058823529411,13,4,0.0,0,2,0.0,0.3157894736842105,0.23529411764705882,1.0,9,1
0.09,0.41,True,1424,17,1405,2,0.013342696629213483,0.9866573033707865,0.7647058823529411,13,4,0.0,0,2,0.0,0.3157894736842105,0.23529411764705882,1.0,9,1
0.09,0.42,False,1424,17,1406,1,0.012640449438202247,0.9873595505617978,0.7647058823529411,13,4,0.0,0,1,0.0,0.2777777777777778,0.23529411764705882,1.0,9,1
0.09,0.42,True,1424,17,1406,1,0.012640449438202247,0.9873595505617978,0.7647058823529411,13,4,0.0,0,1,0.0,0.2777777777777778,0.23529411764705882,1.0,9,1
0.09,0.43,False,1424,17,1406,1,0.012640449438202247,0.9873595505617978,0.7647058823529411,13,4,0.0,0,1,0.0,0.2777777777777778,0.23529411764705882,1.0,9,1
0.09,0.43,True,1424,17,1406,1,0.012640449438202247,0.9873595505617978,0.7647058823529411,13,4,0.0,0,1,0.0,0.2777777777777778,0.23529411764705882,1.0,9,1
0.09,0.44,False,1424,17,1406,1,0.012640449438202247,0.9873595505617978,0.7647058823529411,13,4,0.0,0,1,0.0,0.2777777777777778,0.23529411764705882,1.0,9,1
0.09,0.44,True,1424,17,1406,1,0.012640449438202247,0.9873595505617978,0.7647058823529411,13,4,0.0,0,1,0.0,0.2777777777777778,0.23529411764705882,1.0,9,1
0.09,0.45,False,1424,17,1406,1,0.012640449438202247,0.9873595505617978,0.7647058823529411,13,4,0.0,0,1,0.0,0.2777777777777778,0.23529411764705882,1.0,9,1
0.09,0.45,True,1424,17,1406,1,0.012640449438202247,0.9873595505617978,0.7647058823529411,13,4,0.0,0,1,0.0,0.2777777777777778,0.23529411764705882,1.0,9,1
0.09,0.46,False,1424,17,1406,1,0.012640449438202247,0.9873595505617978,0.7647058823529411,13,4,0.0,0,1,0.0,0.2777777777777778,0.23529411764705882,1.0,9,1
0.09,0.46,True,1424,17,1406,1,0.012640449438202247,0.9873595505617978,0.7647058823529411,13,4,0.0,0,1,0.0,0.2777777777777778,0.23529411764705882,1.0,9,1
0.09,0.47,False,1424,17,1406,1,0.012640449438202247,0.9873595505617978,0.7647058823529411,13,4,0.0,0,1,0.0,0.2777777777777778,0.23529411764705882,1.0,9,1
0.09,0.47,True,1424,17,1406,1,0.012640449438202247,0.9873595505617978,0.7647058823529411,13,4,0.0,0,1,0.0,0.2777777777777778,0.23529411764705882,1.0,9,1
0.09,0.48,False,1424,17,1406,1,0.012640449438202247,0.9873595505617978,0.7647058823529411,13,4,0.0,0,1,0.0,0.2777777777777778,0.23529411764705882,1.0,9,1
0.09,0.48,True,1424,17,1406,1,0.012640449438202247,0.9873595505617978,0.7647058823529411,13,4,0.0,0,1,0.0,0.2777777777777778,0.23529411764705882,1.0,9,1
0.09,0.49,False,1424,17,1406,1,0.012640449438202247,0.9873595505617978,0.7647058823529411,13,4,0.0,0,1,0.0,0.2777777777777778,0.23529411764705882,1.0,9,1
0.09,0.49,True,1424,17,1406,1,0.012640449438202247,0.9873595505617978,0.7647058823529411,13,4,0.0,0,1,0.0,0.2777777777777778,0.23529411764705882,1.0,9,1
0.09,0.5,False,1424,17,1406,1,0.012640449438202247,0.9873595505617978,0.7647058823529411,13,4,0.0,0,1,0.0,0.2777777777777778,0.23529411764705882,1.0,9,1
0.09,0.5,True,1424,17,1406,1,0.012640449438202247,0.9873595505617978,0.7647058823529411,13,4,0.0,0,1,0.0,0.2777777777777778,0.23529411764705882,1.0,9,1
0.09,0.51,False,1424,17,1406,1,0.012640449438202247,0.9873595505617978,0.7647058823529411,13,4,0.0,0,1,0.0,0.2777777777777778,0.23529411764705882,1.0,9,1
0.09,0.51,True,1424,17,1406,1,0.012640449438202247,0.9873595505617978,0.7647058823529411,13,4,0.0,0,1,0.0,0.2777777777777778,0.23529411764705882,1.0,9,1
0.09,0.52,False,1424,17,1406,1,0.012640449438202247,0.9873595505617978,0.7647058823529411,13,4,0.0,0,1,0.0,0.2777777777777778,0.23529411764705882,1.0,9,1
0.09,0.52,True,1424,17,1406,1,0.012640449438202247,0.9873595505617978,0.7647058823529411,13,4,0.0,0,1,0.0,0.2777777777777778,0.23529411764705882,1.0,9,1
0.09,0.53,False,1424,17,1406,1,0.012640449438202247,0.9873595505617978,0.7647058823529411,13,4,0.0,0,1,0.0,0.2777777777777778,0.23529411764705882,1.0,9,1
0.09,0.53,True,1424,17,1406,1,0.012640449438202247,0.9873595505617978,0.7647058823529411,13,4,0.0,0,1,0.0,0.2777777777777778,0.23529411764705882,1.0,9,1
0.09,0.54,False,1424,17,1406,1,0.012640449438202247,0.9873595505617978,0.7647058823529411,13,4,0.0,0,1,0.0,0.2777777777777778,0.23529411764705882,1.0,9,1
0.09,0.54,True,1424,17,1406,1,0.012640449438202247,0.9873595505617978,0.7647058823529411,13,4,0.0,0,1,0.0,0.2777777777777778,0.23529411764705882,1.0,9,1
0.09,0.55,False,1424,17,1406,1,0.012640449438202247,0.9873595505617978,0.7647058823529411,13,4,0.0,0,1,0.0,0.2777777777777778,0.23529411764705882,1.0,9,1
0.09,0.55,True,1424,17,1406,1,0.012640449438202247,0.9873595505617978,0.7647058823529411,13,4,0.0,0,1,0.0,0.2777777777777778,0.23529411764705882,1.0,9,1
0.09,0.56,False,1424,17,1406,1,0.012640449438202247,0.9873595505617978,0.7647058823529411,13,4,0.0,0,1,0.0,0.2777777777777778,0.23529411764705882,1.0,9,1
0.09,0.56,True,1424,17,1406,1,0.012640449438202247,0.9873595505617978,0.7647058823529411,13,4,0.0,0,1,0.0,0.2777777777777778,0.23529411764705882,1.0,9,1
0.09,0.57,False,1424,17,1406,1,0.012640449438202247,0.9873595505617978,0.7647058823529411,13,4,0.0,0,1,0.0,0.2777777777777778,0.23529411764705882,1.0,9,1
0.09,0.57,True,1424,17,1406,1,0.012640449438202247,0.9873595505617978,0.7647058823529411,13,4,0.0,0,1,0.0,0.2777777777777778,0.23529411764705882,1.0,9,1
0.09,0.58,False,1424,17,1406,1,0.012640449438202247,0.9873595505617978,0.7647058823529411,13,4,0.0,0,1,0.0,0.2777777777777778,0.23529411764705882,1.0,9,1
0.09,0.58,True,1424,17,1406,1,0.012640449438202247,0.9873595505617978,0.7647058823529411,13,4,0.0,0,1,0.0,0.2777777777777778,0.23529411764705882,1.0,9,1
0.09,0.59,False,1424,17,1406,1,0.012640449438202247,0.9873595505617978,0.7647058823529411,13,4,0.0,0,1,0.0,0.2777777777777778,0.23529411764705882,1.0,9,1
0.09,0.59,True,1424,17,1406,1,0.012640449438202247,0.9873595505617978,0.7647058823529411,13,4,0.0,0,1,0.0,0.2777777777777778,0.23529411764705882,1.0,9,1
0.09,0.6,False,1424,17,1406,1,0.012640449438202247,0.9873595505617978,0.7647058823529411,13,4,0.0,0,1,0.0,0.2777777777777778,0.23529411764705882,1.0,9,1
0.09,0.6,True,1424,17,1406,1,0.012640449438202247,0.9873595505617978,0.7647058823529411,13,4,0.0,0,1,0.0,0.2777777777777778,0.23529411764705882,1.0,9,1
0.09,0.61,False,1424,17,1406,1,0.012640449438202247,0.9873595505617978,0.7647058823529411,13,4,0.0,0,1,0.0,0.2777777777777778,0.23529411764705882,1.0,9,1
0.09,0.61,True,1424,17,1406,1,0.012640449438202247,0.9873595505617978,0.7647058823529411,13,4,0.0,0,1,0.0,0.2777777777777778,0.23529411764705882,1.0,9,1
0.09,0.62,False,1424,17,1406,1,0.012640449438202247,0.9873595505617978,0.7647058823529411,13,4,0.0,0,1,0.0,0.2777777777777778,0.23529411764705882,1.0,9,1
0.09,0.62,True,1424,17,1406,1,0.012640449438202247,0.9873595505617978,0.7647058823529411,13,4,0.0,0,1,0.0,0.2777777777777778,0.23529411764705882,1.0,9,1
0.09,0.63,False,1424,17,1406,1,0.012640449438202247,0.9873595505617978,0.7647058823529411,13,4,0.0,0,1,0.0,0.2777777777777778,0.23529411764705882,1.0,9,1
0.09,0.63,True,1424,17,1406,1,0.012640449438202247,0.9873595505617978,0.7647058823529411,13,4,0.0,0,1,0.0,0.2777777777777778,0.23529411764705882,1.0,9,1
0.09,0.64,False,1424,17,1406,1,0.012640449438202247,0.9873595505617978,0.7647058823529411,13,4,0.0,0,1,0.0,0.2777777777777778,0.23529411764705882,1.0,9,1
0.09,0.64,True,1424,17,1406,1,0.012640449438202247,0.9873595505617978,0.7647058823529411,13,4,0.0,0,1,0.0,0.2777777777777778,0.23529411764705882,1.0,9,1
0.09,0.65,False,1424,17,1406,1,0.012640449438202247,0.9873595505617978,0.7647058823529411,13,4,0.0,0,1,0.0,0.2777777777777778,0.23529411764705882,1.0,9,1
0.09,0.65,True,1424,17,1406,1,0.012640449438202247,0.9873595505617978,0.7647058823529411,13,4,0.0,0,1,0.0,0.2777777777777778,0.23529411764705882,1.0,9,1
0.09,0.66,False,1424,17,1407,0,0.011938202247191011,0.988061797752809,0.7647058823529411,13,4,nan,0,0,0.0,0.23529411764705882,0.23529411764705882,nan,8,1
0.09,0.66,True,1424,17,1407,0,0.011938202247191011,0.988061797752809,0.7647058823529411,13,4,nan,0,0,0.0,0.23529411764705882,0.23529411764705882,nan,8,1
0.09,0.67,False,1424,17,1407,0,0.011938202247191011,0.988061797752809,0.7647058823529411,13,4,nan,0,0,0.0,0.23529411764705882,0.23529411764705882,nan,8,1
0.09,0.67,True,1424,17,1407,0,0.011938202247191011,0.988061797752809,0.7647058823529411,13,4,nan,0,0,0.0,0.23529411764705882,0.23529411764705882,nan,8,1
0.09,0.68,False,1424,17,1407,0,0.011938202247191011,0.988061797752809,0.7647058823529411,13,4,nan,0,0,0.0,0.23529411764705882,0.23529411764705882,nan,8,1
0.09,0.68,True,1424,17,1407,0,0.011938202247191011,0.988061797752809,0.7647058823529411,13,4,nan,0,0,0.0,0.23529411764705882,0.23529411764705882,nan,8,1
0.09,0.69,False,1424,17,1407,0,0.011938202247191011,0.988061797752809,0.7647058823529411,13,4,nan,0,0,0.0,0.23529411764705882,0.23529411764705882,nan,8,1
0.09,0.69,True,1424,17,1407,0,0.011938202247191011,0.988061797752809,0.7647058823529411,13,4,nan,0,0,0.0,0.23529411764705882,0.23529411764705882,nan,8,1
0.09,0.7,False,1424,17,1407,0,0.011938202247191011,0.988061797752809,0.7647058823529411,13,4,nan,0,0,0.0,0.23529411764705882,0.23529411764705882,nan,8,1
0.09,0.7,True,1424,17,1407,0,0.011938202247191011,0.988061797752809,0.7647058823529411,13,4,nan,0,0,0.0,0.23529411764705882,0.23529411764705882,nan,8,1
0.09,0.71,False,1424,17,1407,0,0.011938202247191011,0.988061797752809,0.7647058823529411,13,4,nan,0,0,0.0,0.23529411764705882,0.23529411764705882,nan,8,1
0.09,0.71,True,1424,17,1407,0,0.011938202247191011,0.988061797752809,0.7647058823529411,13,4,nan,0,0,0.0,0.23529411764705882,0.23529411764705882,nan,8,1
0.09,0.72,False,1424,17,1407,0,0.011938202247191011,0.988061797752809,0.7647058823529411,13,4,nan,0,0,0.0,0.23529411764705882,0.23529411764705882,nan,8,1
0.09,0.72,True,1424,17,1407,0,0.011938202247191011,0.988061797752809,0.7647058823529411,13,4,nan,0,0,0.0,0.23529411764705882,0.23529411764705882,nan,8,1
0.09,0.73,False,1424,17,1407,0,0.011938202247191011,0.988061797752809,0.7647058823529411,13,4,nan,0,0,0.0,0.23529411764705882,0.23529411764705882,nan,8,1
0.09,0.73,True,1424,17,1407,0,0.011938202247191011,0.988061797752809,0.7647058823529411,13,4,nan,0,0,0.0,0.23529411764705882,0.23529411764705882,nan,8,1
0.09,0.74,False,1424,17,1407,0,0.011938202247191011,0.988061797752809,0.7647058823529411,13,4,nan,0,0,0.0,0.23529411764705882,0.23529411764705882,nan,8,1
0.09,0.74,True,1424,17,1407,0,0.011938202247191011,0.988061797752809,0.7647058823529411,13,4,nan,0,0,0.0,0.23529411764705882,0.23529411764705882,nan,8,1
0.09,0.75,False,1424,17,1407,0,0.011938202247191011,0.988061797752809,0.7647058823529411,13,4,nan,0,0,0.0,0.23529411764705882,0.23529411764705882,nan,8,1
0.09,0.75,True,1424,17,1407,0,0.011938202247191011,0.988061797752809,0.7647058823529411,13,4,nan,0,0,0.0,0.23529411764705882,0.23529411764705882,nan,8,1
0.09,0.76,False,1424,17,1407,0,0.011938202247191011,0.988061797752809,0.7647058823529411,13,4,nan,0,0,0.0,0.23529411764705882,0.23529411764705882,nan,8,1
0.09,0.76,True,1424,17,1407,0,0.011938202247191011,0.988061797752809,0.7647058823529411,13,4,nan,0,0,0.0,0.23529411764705882,0.23529411764705882,nan,8,1
0.09,0.77,False,1424,17,1407,0,0.011938202247191011,0.988061797752809,0.7647058823529411,13,4,nan,0,0,0.0,0.23529411764705882,0.23529411764705882,nan,8,1
0.09,0.77,True,1424,17,1407,0,0.011938202247191011,0.988061797752809,0.7647058823529411,13,4,nan,0,0,0.0,0.23529411764705882,0.23529411764705882,nan,8,1
0.09,0.78,False,1424,17,1407,0,0.011938202247191011,0.988061797752809,0.7647058823529411,13,4,nan,0,0,0.0,0.23529411764705882,0.23529411764705882,nan,8,1
0.09,0.78,True,1424,17,1407,0,0.011938202247191011,0.988061797752809,0.7647058823529411,13,4,nan,0,0,0.0,0.23529411764705882,0.23529411764705882,nan,8,1
0.09,0.79,False,1424,17,1407,0,0.011938202247191011,0.988061797752809,0.7647058823529411,13,4,nan,0,0,0.0,0.23529411764705882,0.23529411764705882,nan,8,1
0.09,0.79,True,1424,17,1407,0,0.011938202247191011,0.988061797752809,0.7647058823529411,13,4,nan,0,0,0.0,0.23529411764705882,0.23529411764705882,nan,8,1
0.09,0.8,False,1424,17,1407,0,0.011938202247191011,0.988061797752809,0.7647058823529411,13,4,nan,0,0,0.0,0.23529411764705882,0.23529411764705882,nan,8,1
0.09,0.8,True,1424,17,1407,0,0.011938202247191011,0.988061797752809,0.7647058823529411,13,4,nan,0,0,0.0,0.23529411764705882,0.23529411764705882,nan,8,1
0.09,0.81,False,1424,17,1407,0,0.011938202247191011,0.988061797752809,0.7647058823529411,13,4,nan,0,0,0.0,0.23529411764705882,0.23529411764705882,nan,8,1
0.09,0.81,True,1424,17,1407,0,0.011938202247191011,0.988061797752809,0.7647058823529411,13,4,nan,0,0,0.0,0.23529411764705882,0.23529411764705882,nan,8,1
0.09,0.82,False,1424,17,1407,0,0.011938202247191011,0.988061797752809,0.7647058823529411,13,4,nan,0,0,0.0,0.23529411764705882,0.23529411764705882,nan,8,1
0.09,0.82,True,1424,17,1407,0,0.011938202247191011,0.988061797752809,0.7647058823529411,13,4,nan,0,0,0.0,0.23529411764705882,0.23529411764705882,nan,8,1
0.09,0.83,False,1424,17,1407,0,0.011938202247191011,0.988061797752809,0.7647058823529411,13,4,nan,0,0,0.0,0.23529411764705882,0.23529411764705882,nan,8,1
0.09,0.83,True,1424,17,1407,0,0.011938202247191011,0.988061797752809,0.7647058823529411,13,4,nan,0,0,0.0,0.23529411764705882,0.23529411764705882,nan,8,1
0.09,0.84,False,1424,17,1407,0,0.011938202247191011,0.988061797752809,0.7647058823529411,13,4,nan,0,0,0.0,0.23529411764705882,0.23529411764705882,nan,8,1
0.09,0.84,True,1424,17,1407,0,0.011938202247191011,0.988061797752809,0.7647058823529411,13,4,nan,0,0,0.0,0.23529411764705882,0.23529411764705882,nan,8,1
0.09,0.85,False,1424,17,1407,0,0.011938202247191011,0.988061797752809,0.7647058823529411,13,4,nan,0,0,0.0,0.23529411764705882,0.23529411764705882,nan,8,1
0.09,0.85,True,1424,17,1407,0,0.011938202247191011,0.988061797752809,0.7647058823529411,13,4,nan,0,0,0.0,0.23529411764705882,0.23529411764705882,nan,8,1
0.1,0.2,False,1424,24,1312,88,0.07865168539325842,0.9213483146067416,0.7916666666666666,19,5,0.2159090909090909,19,69,0.07883817427385892,0.6607142857142857,0.20833333333333334,0.7840909090909091,19,7
0.1,0.2,True,1424,24,1340,60,0.05898876404494382,0.9410112359550562,0.7916666666666666,19,5,0.2833333333333333,17,43,0.07053941908713693,0.5714285714285714,0.20833333333333334,0.7166666666666667,19,6
0.1,0.21,False,1424,24,1367,33,0.04002808988764045,0.9599719101123596,0.7916666666666666,19,5,0.3333333333333333,11,22,0.04564315352697095,0.47368421052631576,0.20833333333333334,0.6666666666666666,18,3
0.1,0.21,True,1424,24,1373,27,0.03581460674157303,0.964185393258427,0.7916666666666666,19,5,0.37037037037037035,10,17,0.04149377593360996,0.43137254901960786,0.20833333333333334,0.6296296296296297,17,3
0.1,0.22,False,1424,24,1376,24,0.033707865168539325,0.9662921348314607,0.7916666666666666,19,5,0.4166666666666667,10,14,0.04149377593360996,0.3958333333333333,0.20833333333333334,0.5833333333333334,16,3
0.1,0.22,True,1424,24,1379,21,0.03160112359550562,0.9683988764044944,0.7916666666666666,19,5,0.42857142857142855,9,12,0.03734439834024896,0.37777777777777777,0.20833333333333334,0.5714285714285714,16,3
0.1,0.23,False,1424,24,1380,20,0.03089887640449438,0.9691011235955056,0.7916666666666666,19,5,0.4,8,12,0.03319502074688797,0.38636363636363635,0.20833333333333334,0.6,16,3
0.1,0.23,True,1424,24,1383,17,0.028792134831460675,0.9712078651685393,0.7916666666666666,19,5,0.4117647058823529,7,10,0.029045643153526972,0.36585365853658536,0.20833333333333334,0.5882352941176471,15,3
0.1,0.24,False,1424,24,1386,14,0.026685393258426966,0.973314606741573,0.7916666666666666,19,5,0.42857142857142855,6,8,0.024896265560165973,0.34210526315789475,0.20833333333333334,0.5714285714285714,13,3
0.1,0.24,True,1424,24,1387,13,0.02598314606741573,0.9740168539325843,0.7916666666666666,19,5,0.38461538461538464,5,8,0.02074688796680498,0.35135135135135137,0.20833333333333334,0.6153846153846154,13,3
0.1,0.25,False,1424,24,1387,13,0.02598314606741573,0.9740168539325843,0.7916666666666666,19,5,0.46153846153846156,6,7,0.024896265560165973,0.32432432432432434,0.20833333333333334,0.5384615384615384,13,3
0.1,0.25,True,1424,24,1388,12,0.025280898876404494,0.9747191011235955,0.7916666666666666,19,5,0.4166666666666667,5,7,0.02074688796680498,0.3333333333333333,0.20833333333333334,0.5833333333333334,13,3
0.1,0.26,False,1424,24,1391,9,0.023174157303370788,0.9768258426966292,0.7916666666666666,19,5,0.3333333333333333,3,6,0.012448132780082987,0.3333333333333333,0.20833333333333334,0.6666666666666666,13,3
0.1,0.26,True,1424,24,1391,9,0.023174157303370788,0.9768258426966292,0.7916666666666666,19,5,0.3333333333333333,3,6,0.012448132780082987,0.3333333333333333,0.20833333333333334,0.6666666666666666,13,3
0.1,0.27,False,1424,24,1394,6,0.021067415730337078,0.9789325842696629,0.7916666666666666,19,5,0.3333333333333333,2,4,0.008298755186721992,0.3,0.20833333333333334,0.6666666666666666,12,2
0.1,0.27,True,1424,24,1394,6,0.021067415730337078,0.9789325842696629,0.7916666666666666,19,5,0.3333333333333333,2,4,0.008298755186721992,0.3,0.20833333333333334,0.6666666666666666,12,2
0.1,0.28,False,1424,24,1395,5,0.020365168539325844,0.9796348314606742,0.7916666666666666,19,5,0.2,1,4,0.004149377593360996,0.3103448275862069,0.20833333333333334,0.8,12,2
0.1,0.28,True,1424,24,1395,5,0.020365168539325844,0.9796348314606742,0.7916666666666666,19,5,0.2,1,4,0.004149377593360996,0.3103448275862069,0.20833333333333334,0.8,12,2
0.1,0.29,False,1424,24,1395,5,0.020365168539325844,0.9796348314606742,0.7916666666666666,19,5,0.2,1,4,0.004149377593360996,0.3103448275862069,0.20833333333333334,0.8,12,2
0.1,0.29,True,1424,24,1395,5,0.020365168539325844,0.9796348314606742,0.7916666666666666,19,5,0.2,1,4,0.004149377593360996,0.3103448275862069,0.20833333333333334,0.8,12,2
0.1,0.3,False,1424,24,1395,5,0.020365168539325844,0.9796348314606742,0.7916666666666666,19,5,0.2,1,4,0.004149377593360996,0.3103448275862069,0.20833333333333334,0.8,12,2
0.1,0.3,True,1424,24,1395,5,0.020365168539325844,0.9796348314606742,0.7916666666666666,19,5,0.2,1,4,0.004149377593360996,0.3103448275862069,0.20833333333333334,0.8,12,2
0.1,0.31,False,1424,24,1395,5,0.020365168539325844,0.9796348314606742,0.7916666666666666,19,5,0.2,1,4,0.004149377593360996,0.3103448275862069,0.20833333333333334,0.8,12,2
0.1,0.31,True,1424,24,1395,5,0.020365168539325844,0.9796348314606742,0.7916666666666666,19,5,0.2,1,4,0.004149377593360996,0.3103448275862069,0.20833333333333334,0.8,12,2
0.1,0.32,False,1424,24,1395,5,0.020365168539325844,0.9796348314606742,0.7916666666666666,19,5,0.2,1,4,0.004149377593360996,0.3103448275862069,0.20833333333333334,0.8,12,2
0.1,0.32,True,1424,24,1395,5,0.020365168539325844,0.9796348314606742,0.7916666666666666,19,5,0.2,1,4,0.004149377593360996,0.3103448275862069,0.20833333333333334,0.8,12,2
0.1,0.33,False,1424,24,1395,5,0.020365168539325844,0.9796348314606742,0.7916666666666666,19,5,0.2,1,4,0.004149377593360996,0.3103448275862069,0.20833333333333334,0.8,12,2
0.1,0.33,True,1424,24,1395,5,0.020365168539325844,0.9796348314606742,0.7916666666666666,19,5,0.2,1,4,0.004149377593360996,0.3103448275862069,0.20833333333333334,0.8,12,2
0.1,0.34,False,1424,24,1395,5,0.020365168539325844,0.9796348314606742,0.7916666666666666,19,5,0.2,1,4,0.004149377593360996,0.3103448275862069,0.20833333333333334,0.8,12,2
0.1,0.34,True,1424,24,1395,5,0.020365168539325844,0.9796348314606742,0.7916666666666666,19,5,0.2,1,4,0.004149377593360996,0.3103448275862069,0.20833333333333334,0.8,12,2
0.1,0.35,False,1424,24,1395,5,0.020365168539325844,0.9796348314606742,0.7916666666666666,19,5,0.2,1,4,0.004149377593360996,0.3103448275862069,0.20833333333333334,0.8,12,2
0.1,0.35,True,1424,24,1395,5,0.020365168539325844,0.9796348314606742,0.7916666666666666,19,5,0.2,1,4,0.004149377593360996,0.3103448275862069,0.20833333333333334,0.8,12,2
0.1,0.36,False,1424,24,1395,5,0.020365168539325844,0.9796348314606742,0.7916666666666666,19,5,0.2,1,4,0.004149377593360996,0.3103448275862069,0.20833333333333334,0.8,12,2
0.1,0.36,True,1424,24,1395,5,0.020365168539325844,0.9796348314606742,0.7916666666666666,19,5,0.2,1,4,0.004149377593360996,0.3103448275862069,0.20833333333333334,0.8,12,2
0.1,0.37,False,1424,24,1397,3,0.018960674157303372,0.9810393258426966,0.7916666666666666,19,5,0.3333333333333333,1,2,0.004149377593360996,0.25925925925925924,0.20833333333333334,0.6666666666666666,12,2
0.1,0.37,True,1424,24,1397,3,0.018960674157303372,0.9810393258426966,0.7916666666666666,19,5,0.3333333333333333,1,2,0.004149377593360996,0.25925925925925924,0.20833333333333334,0.6666666666666666,12,2
0.1,0.38,False,1424,24,1397,3,0.018960674157303372,0.9810393258426966,0.7916666666666666,19,5,0.3333333333333333,1,2,0.004149377593360996,0.25925925925925924,0.20833333333333334,0.6666666666666666,12,2
0.1,0.38,True,1424,24,1397,3,0.018960674157303372,0.9810393258426966,0.7916666666666666,19,5,0.3333333333333333,1,2,0.004149377593360996,0.25925925925925924,0.20833333333333334,0.6666666666666666,12,2
0.1,0.39,False,1424,24,1397,3,0.018960674157303372,0.9810393258426966,0.7916666666666666,19,5,0.3333333333333333,1,2,0.004149377593360996,0.25925925925925924,0.20833333333333334,0.6666666666666666,12,2
0.1,0.39,True,1424,24,1397,3,0.018960674157303372,0.9810393258426966,0.7916666666666666,19,5,0.3333333333333333,1,2,0.004149377593360996,0.25925925925925924,0.20833333333333334,0.6666666666666666,12,2
0.1,0.4,False,1424,24,1397,3,0.018960674157303372,0.9810393258426966,0.7916666666666666,19,5,0.3333333333333333,1,2,0.004149377593360996,0.25925925925925924,0.20833333333333334,0.6666666666666666,12,2
0.1,0.4,True,1424,24,1397,3,0.018960674157303372,0.9810393258426966,0.7916666666666666,19,5,0.3333333333333333,1,2,0.004149377593360996,0.25925925925925924,0.20833333333333334,0.6666666666666666,12,2
0.1,0.41,False,1424,24,1398,2,0.018258426966292134,0.9817415730337079,0.7916666666666666,19,5,0.0,0,2,0.0,0.2692307692307692,0.20833333333333334,1.0,11,2
0.1,0.41,True,1424,24,1398,2,0.018258426966292134,0.9817415730337079,0.7916666666666666,19,5,0.0,0,2,0.0,0.2692307692307692,0.20833333333333334,1.0,11,2
0.1,0.42,False,1424,24,1399,1,0.0175561797752809,0.9824438202247191,0.7916666666666666,19,5,0.0,0,1,0.0,0.24,0.20833333333333334,1.0,11,2
0.1,0.42,True,1424,24,1399,1,0.0175561797752809,0.9824438202247191,0.7916666666666666,19,5,0.0,0,1,0.0,0.24,0.20833333333333334,1.0,11,2
0.1,0.43,False,1424,24,1399,1,0.0175561797752809,0.9824438202247191,0.7916666666666666,19,5,0.0,0,1,0.0,0.24,0.20833333333333334,1.0,11,2
0.1,0.43,True,1424,24,1399,1,0.0175561797752809,0.9824438202247191,0.7916666666666666,19,5,0.0,0,1,0.0,0.24,0.20833333333333334,1.0,11,2
0.1,0.44,False,1424,24,1399,1,0.0175561797752809,0.9824438202247191,0.7916666666666666,19,5,0.0,0,1,0.0,0.24,0.20833333333333334,1.0,11,2
0.1,0.44,True,1424,24,1399,1,0.0175561797752809,0.9824438202247191,0.7916666666666666,19,5,0.0,0,1,0.0,0.24,0.20833333333333334,1.0,11,2
0.1,0.45,False,1424,24,1399,1,0.0175561797752809,0.9824438202247191,0.7916666666666666,19,5,0.0,0,1,0.0,0.24,0.20833333333333334,1.0,11,2
0.1,0.45,True,1424,24,1399,1,0.0175561797752809,0.9824438202247191,0.7916666666666666,19,5,0.0,0,1,0.0,0.24,0.20833333333333334,1.0,11,2
0.1,0.46,False,1424,24,1399,1,0.0175561797752809,0.9824438202247191,0.7916666666666666,19,5,0.0,0,1,0.0,0.24,0.20833333333333334,1.0,11,2
0.1,0.46,True,1424,24,1399,1,0.0175561797752809,0.9824438202247191,0.7916666666666666,19,5,0.0,0,1,0.0,0.24,0.20833333333333334,1.0,11,2
0.1,0.47,False,1424,24,1399,1,0.0175561797752809,0.9824438202247191,0.7916666666666666,19,5,0.0,0,1,0.0,0.24,0.20833333333333334,1.0,11,2
0.1,0.47,True,1424,24,1399,1,0.0175561797752809,0.9824438202247191,0.7916666666666666,19,5,0.0,0,1,0.0,0.24,0.20833333333333334,1.0,11,2
0.1,0.48,False,1424,24,1399,1,0.0175561797752809,0.9824438202247191,0.7916666666666666,19,5,0.0,0,1,0.0,0.24,0.20833333333333334,1.0,11,2
0.1,0.48,True,1424,24,1399,1,0.0175561797752809,0.9824438202247191,0.7916666666666666,19,5,0.0,0,1,0.0,0.24,0.20833333333333334,1.0,11,2
0.1,0.49,False,1424,24,1399,1,0.0175561797752809,0.9824438202247191,0.7916666666666666,19,5,0.0,0,1,0.0,0.24,0.20833333333333334,1.0,11,2
0.1,0.49,True,1424,24,1399,1,0.0175561797752809,0.9824438202247191,0.7916666666666666,19,5,0.0,0,1,0.0,0.24,0.20833333333333334,1.0,11,2
0.1,0.5,False,1424,24,1399,1,0.0175561797752809,0.9824438202247191,0.7916666666666666,19,5,0.0,0,1,0.0,0.24,0.20833333333333334,1.0,11,2
0.1,0.5,True,1424,24,1399,1,0.0175561797752809,0.9824438202247191,0.7916666666666666,19,5,0.0,0,1,0.0,0.24,0.20833333333333334,1.0,11,2
0.1,0.51,False,1424,24,1399,1,0.0175561797752809,0.9824438202247191,0.7916666666666666,19,5,0.0,0,1,0.0,0.24,0.20833333333333334,1.0,11,2
0.1,0.51,True,1424,24,1399,1,0.0175561797752809,0.9824438202247191,0.7916666666666666,19,5,0.0,0,1,0.0,0.24,0.20833333333333334,1.0,11,2
0.1,0.52,False,1424,24,1399,1,0.0175561797752809,0.9824438202247191,0.7916666666666666,19,5,0.0,0,1,0.0,0.24,0.20833333333333334,1.0,11,2
0.1,0.52,True,1424,24,1399,1,0.0175561797752809,0.9824438202247191,0.7916666666666666,19,5,0.0,0,1,0.0,0.24,0.20833333333333334,1.0,11,2
0.1,0.53,False,1424,24,1399,1,0.0175561797752809,0.9824438202247191,0.7916666666666666,19,5,0.0,0,1,0.0,0.24,0.20833333333333334,1.0,11,2
0.1,0.53,True,1424,24,1399,1,0.0175561797752809,0.9824438202247191,0.7916666666666666,19,5,0.0,0,1,0.0,0.24,0.20833333333333334,1.0,11,2
0.1,0.54,False,1424,24,1399,1,0.0175561797752809,0.9824438202247191,0.7916666666666666,19,5,0.0,0,1,0.0,0.24,0.20833333333333334,1.0,11,2
0.1,0.54,True,1424,24,1399,1,0.0175561797752809,0.9824438202247191,0.7916666666666666,19,5,0.0,0,1,0.0,0.24,0.20833333333333334,1.0,11,2
0.1,0.55,False,1424,24,1399,1,0.0175561797752809,0.9824438202247191,0.7916666666666666,19,5,0.0,0,1,0.0,0.24,0.20833333333333334,1.0,11,2
0.1,0.55,True,1424,24,1399,1,0.0175561797752809,0.9824438202247191,0.7916666666666666,19,5,0.0,0,1,0.0,0.24,0.20833333333333334,1.0,11,2
0.1,0.56,False,1424,24,1399,1,0.0175561797752809,0.9824438202247191,0.7916666666666666,19,5,0.0,0,1,0.0,0.24,0.20833333333333334,1.0,11,2
0.1,0.56,True,1424,24,1399,1,0.0175561797752809,0.9824438202247191,0.7916666666666666,19,5,0.0,0,1,0.0,0.24,0.20833333333333334,1.0,11,2
0.1,0.57,False,1424,24,1399,1,0.0175561797752809,0.9824438202247191,0.7916666666666666,19,5,0.0,0,1,0.0,0.24,0.20833333333333334,1.0,11,2
0.1,0.57,True,1424,24,1399,1,0.0175561797752809,0.9824438202247191,0.7916666666666666,19,5,0.0,0,1,0.0,0.24,0.20833333333333334,1.0,11,2
0.1,0.58,False,1424,24,1399,1,0.0175561797752809,0.9824438202247191,0.7916666666666666,19,5,0.0,0,1,0.0,0.24,0.20833333333333334,1.0,11,2
0.1,0.58,True,1424,24,1399,1,0.0175561797752809,0.9824438202247191,0.7916666666666666,19,5,0.0,0,1,0.0,0.24,0.20833333333333334,1.0,11,2
0.1,0.59,False,1424,24,1399,1,0.0175561797752809,0.9824438202247191,0.7916666666666666,19,5,0.0,0,1,0.0,0.24,0.20833333333333334,1.0,11,2
0.1,0.59,True,1424,24,1399,1,0.0175561797752809,0.9824438202247191,0.7916666666666666,19,5,0.0,0,1,0.0,0.24,0.20833333333333334,1.0,11,2
0.1,0.6,False,1424,24,1399,1,0.0175561797752809,0.9824438202247191,0.7916666666666666,19,5,0.0,0,1,0.0,0.24,0.20833333333333334,1.0,11,2
0.1,0.6,True,1424,24,1399,1,0.0175561797752809,0.9824438202247191,0.7916666666666666,19,5,0.0,0,1,0.0,0.24,0.20833333333333334,1.0,11,2
0.1,0.61,False,1424,24,1399,1,0.0175561797752809,0.9824438202247191,0.7916666666666666,19,5,0.0,0,1,0.0,0.24,0.20833333333333334,1.0,11,2
0.1,0.61,True,1424,24,1399,1,0.0175561797752809,0.9824438202247191,0.7916666666666666,19,5,0.0,0,1,0.0,0.24,0.20833333333333334,1.0,11,2
0.1,0.62,False,1424,24,1399,1,0.0175561797752809,0.9824438202247191,0.7916666666666666,19,5,0.0,0,1,0.0,0.24,0.20833333333333334,1.0,11,2
0.1,0.62,True,1424,24,1399,1,0.0175561797752809,0.9824438202247191,0.7916666666666666,19,5,0.0,0,1,0.0,0.24,0.20833333333333334,1.0,11,2
0.1,0.63,False,1424,24,1399,1,0.0175561797752809,0.9824438202247191,0.7916666666666666,19,5,0.0,0,1,0.0,0.24,0.20833333333333334,1.0,11,2
0.1,0.63,True,1424,24,1399,1,0.0175561797752809,0.9824438202247191,0.7916666666666666,19,5,0.0,0,1,0.0,0.24,0.20833333333333334,1.0,11,2
0.1,0.64,False,1424,24,1399,1,0.0175561797752809,0.9824438202247191,0.7916666666666666,19,5,0.0,0,1,0.0,0.24,0.20833333333333334,1.0,11,2
0.1,0.64,True,1424,24,1399,1,0.0175561797752809,0.9824438202247191,0.7916666666666666,19,5,0.0,0,1,0.0,0.24,0.20833333333333334,1.0,11,2
0.1,0.65,False,1424,24,1399,1,0.0175561797752809,0.9824438202247191,0.7916666666666666,19,5,0.0,0,1,0.0,0.24,0.20833333333333334,1.0,11,2
0.1,0.65,True,1424,24,1399,1,0.0175561797752809,0.9824438202247191,0.7916666666666666,19,5,0.0,0,1,0.0,0.24,0.20833333333333334,1.0,11,2
0.1,0.66,False,1424,24,1400,0,0.016853932584269662,0.9831460674157303,0.7916666666666666,19,5,nan,0,0,0.0,0.20833333333333334,0.20833333333333334,nan,10,2
0.1,0.66,True,1424,24,1400,0,0.016853932584269662,0.9831460674157303,0.7916666666666666,19,5,nan,0,0,0.0,0.20833333333333334,0.20833333333333334,nan,10,2
0.1,0.67,False,1424,24,1400,0,0.016853932584269662,0.9831460674157303,0.7916666666666666,19,5,nan,0,0,0.0,0.20833333333333334,0.20833333333333334,nan,10,2
0.1,0.67,True,1424,24,1400,0,0.016853932584269662,0.9831460674157303,0.7916666666666666,19,5,nan,0,0,0.0,0.20833333333333334,0.20833333333333334,nan,10,2
0.1,0.68,False,1424,24,1400,0,0.016853932584269662,0.9831460674157303,0.7916666666666666,19,5,nan,0,0,0.0,0.20833333333333334,0.20833333333333334,nan,10,2
0.1,0.68,True,1424,24,1400,0,0.016853932584269662,0.9831460674157303,0.7916666666666666,19,5,nan,0,0,0.0,0.20833333333333334,0.20833333333333334,nan,10,2
0.1,0.69,False,1424,24,1400,0,0.016853932584269662,0.9831460674157303,0.7916666666666666,19,5,nan,0,0,0.0,0.20833333333333334,0.20833333333333334,nan,10,2
0.1,0.69,True,1424,24,1400,0,0.016853932584269662,0.9831460674157303,0.7916666666666666,19,5,nan,0,0,0.0,0.20833333333333334,0.20833333333333334,nan,10,2
0.1,0.7,False,1424,24,1400,0,0.016853932584269662,0.9831460674157303,0.7916666666666666,19,5,nan,0,0,0.0,0.20833333333333334,0.20833333333333334,nan,10,2
0.1,0.7,True,1424,24,1400,0,0.016853932584269662,0.9831460674157303,0.7916666666666666,19,5,nan,0,0,0.0,0.20833333333333334,0.20833333333333334,nan,10,2
0.1,0.71,False,1424,24,1400,0,0.016853932584269662,0.9831460674157303,0.7916666666666666,19,5,nan,0,0,0.0,0.20833333333333334,0.20833333333333334,nan,10,2
0.1,0.71,True,1424,24,1400,0,0.016853932584269662,0.9831460674157303,0.7916666666666666,19,5,nan,0,0,0.0,0.20833333333333334,0.20833333333333334,nan,10,2
0.1,0.72,False,1424,24,1400,0,0.016853932584269662,0.9831460674157303,0.7916666666666666,19,5,nan,0,0,0.0,0.20833333333333334,0.20833333333333334,nan,10,2
0.1,0.72,True,1424,24,1400,0,0.016853932584269662,0.9831460674157303,0.7916666666666666,19,5,nan,0,0,0.0,0.20833333333333334,0.20833333333333334,nan,10,2
0.1,0.73,False,1424,24,1400,0,0.016853932584269662,0.9831460674157303,0.7916666666666666,19,5,nan,0,0,0.0,0.20833333333333334,0.20833333333333334,nan,10,2
0.1,0.73,True,1424,24,1400,0,0.016853932584269662,0.9831460674157303,0.7916666666666666,19,5,nan,0,0,0.0,0.20833333333333334,0.20833333333333334,nan,10,2
0.1,0.74,False,1424,24,1400,0,0.016853932584269662,0.9831460674157303,0.7916666666666666,19,5,nan,0,0,0.0,0.20833333333333334,0.20833333333333334,nan,10,2
0.1,0.74,True,1424,24,1400,0,0.016853932584269662,0.9831460674157303,0.7916666666666666,19,5,nan,0,0,0.0,0.20833333333333334,0.20833333333333334,nan,10,2
0.1,0.75,False,1424,24,1400,0,0.016853932584269662,0.9831460674157303,0.7916666666666666,19,5,nan,0,0,0.0,0.20833333333333334,0.20833333333333334,nan,10,2
0.1,0.75,True,1424,24,1400,0,0.016853932584269662,0.9831460674157303,0.7916666666666666,19,5,nan,0,0,0.0,0.20833333333333334,0.20833333333333334,nan,10,2
0.1,0.76,False,1424,24,1400,0,0.016853932584269662,0.9831460674157303,0.7916666666666666,19,5,nan,0,0,0.0,0.20833333333333334,0.20833333333333334,nan,10,2
0.1,0.76,True,1424,24,1400,0,0.016853932584269662,0.9831460674157303,0.7916666666666666,19,5,nan,0,0,0.0,0.20833333333333334,0.20833333333333334,nan,10,2
0.1,0.77,False,1424,24,1400,0,0.016853932584269662,0.9831460674157303,0.7916666666666666,19,5,nan,0,0,0.0,0.20833333333333334,0.20833333333333334,nan,10,2
0.1,0.77,True,1424,24,1400,0,0.016853932584269662,0.9831460674157303,0.7916666666666666,19,5,nan,0,0,0.0,0.20833333333333334,0.20833333333333334,nan,10,2
0.1,0.78,False,1424,24,1400,0,0.016853932584269662,0.9831460674157303,0.7916666666666666,19,5,nan,0,0,0.0,0.20833333333333334,0.20833333333333334,nan,10,2
0.1,0.78,True,1424,24,1400,0,0.016853932584269662,0.9831460674157303,0.7916666666666666,19,5,nan,0,0,0.0,0.20833333333333334,0.20833333333333334,nan,10,2
0.1,0.79,False,1424,24,1400,0,0.016853932584269662,0.9831460674157303,0.7916666666666666,19,5,nan,0,0,0.0,0.20833333333333334,0.20833333333333334,nan,10,2
0.1,0.79,True,1424,24,1400,0,0.016853932584269662,0.9831460674157303,0.7916666666666666,19,5,nan,0,0,0.0,0.20833333333333334,0.20833333333333334,nan,10,2
0.1,0.8,False,1424,24,1400,0,0.016853932584269662,0.9831460674157303,0.7916666666666666,19,5,nan,0,0,0.0,0.20833333333333334,0.20833333333333334,nan,10,2
0.1,0.8,True,1424,24,1400,0,0.016853932584269662,0.9831460674157303,0.7916666666666666,19,5,nan,0,0,0.0,0.20833333333333334,0.20833333333333334,nan,10,2
0.1,0.81,False,1424,24,1400,0,0.016853932584269662,0.9831460674157303,0.7916666666666666,19,5,nan,0,0,0.0,0.20833333333333334,0.20833333333333334,nan,10,2
0.1,0.81,True,1424,24,1400,0,0.016853932584269662,0.9831460674157303,0.7916666666666666,19,5,nan,0,0,0.0,0.20833333333333334,0.20833333333333334,nan,10,2
0.1,0.82,False,1424,24,1400,0,0.016853932584269662,0.9831460674157303,0.7916666666666666,19,5,nan,0,0,0.0,0.20833333333333334,0.20833333333333334,nan,10,2
0.1,0.82,True,1424,24,1400,0,0.016853932584269662,0.9831460674157303,0.7916666666666666,19,5,nan,0,0,0.0,0.20833333333333334,0.20833333333333334,nan,10,2
0.1,0.83,False,1424,24,1400,0,0.016853932584269662,0.9831460674157303,0.7916666666666666,19,5,nan,0,0,0.0,0.20833333333333334,0.20833333333333334,nan,10,2
0.1,0.83,True,1424,24,1400,0,0.016853932584269662,0.9831460674157303,0.7916666666666666,19,5,nan,0,0,0.0,0.20833333333333334,0.20833333333333334,nan,10,2
0.1,0.84,False,1424,24,1400,0,0.016853932584269662,0.9831460674157303,0.7916666666666666,19,5,nan,0,0,0.0,0.20833333333333334,0.20833333333333334,nan,10,2
0.1,0.84,True,1424,24,1400,0,0.016853932584269662,0.9831460674157303,0.7916666666666666,19,5,nan,0,0,0.0,0.20833333333333334,0.20833333333333334,nan,10,2
0.1,0.85,False,1424,24,1400,0,0.016853932584269662,0.9831460674157303,0.7916666666666666,19,5,nan,0,0,0.0,0.20833333333333334,0.20833333333333334,nan,10,2
0.1,0.85,True,1424,24,1400,0,0.016853932584269662,0.9831460674157303,0.7916666666666666,19,5,nan,0,0,0.0,0.20833333333333334,0.20833333333333334,nan,10,2
0.11,0.2,False,1424,29,1307,88,0.08216292134831461,0.9178370786516854,0.7931034482758621,23,6,0.2159090909090909,19,69,0.07883817427385892,0.6410256410256411,0.20689655172413793,0.7840909090909091,21,7
0.11,0.2,True,1424,29,1335,60,0.0625,0.9375,0.7931034482758621,23,6,0.2833333333333333,17,43,0.07053941908713693,0.550561797752809,0.20689655172413793,0.7166666666666667,21,6
0.11,0.21,False,1424,29,1362,33,0.04353932584269663,0.9564606741573034,0.7931034482758621,23,6,0.3333333333333333,11,22,0.04564315352697095,0.45161290322580644,0.20689655172413793,0.6666666666666666,20,3
0.11,0.21,True,1424,29,1368,27,0.03932584269662921,0.9606741573033708,0.7931034482758621,23,6,0.37037037037037035,10,17,0.04149377593360996,0.4107142857142857,0.20689655172413793,0.6296296296296297,19,3
0.11,0.22,False,1424,29,1371,24,0.037219101123595506,0.9627808988764045,0.7931034482758621,23,6,0.4166666666666667,10,14,0.04149377593360996,0.37735849056603776,0.20689655172413793,0.5833333333333334,18,3
0.11,0.22,True,1424,29,1374,21,0.0351123595505618,0.9648876404494382,0.7931034482758621,23,6,0.42857142857142855,9,12,0.03734439834024896,0.36,0.20689655172413793,0.5714285714285714,18,3
0.11,0.23,False,1424,29,1375,20,0.03441011235955056,0.9655898876404494,0.7931034482758621,23,6,0.4,8,12,0.03319502074688797,0.3673469387755102,0.20689655172413793,0.6,18,3
0.11,0.23,True,1424,29,1378,17,0.032303370786516857,0.9676966292134831,0.7931034482758621,23,6,0.4117647058823529,7,10,0.029045643153526972,0.34782608695652173,0.20689655172413793,0.5882352941176471,17,3
0.11,0.24,False,1424,29,1381,14,0.030196629213483147,0.9698033707865169,0.7931034482758621,23,6,0.42857142857142855,6,8,0.024896265560165973,0.32558139534883723,0.20689655172413793,0.5714285714285714,15,3
0.11,0.24,True,1424,29,1382,13,0.02949438202247191,0.9705056179775281,0.7931034482758621,23,6,0.38461538461538464,5,8,0.02074688796680498,0.3333333333333333,0.20689655172413793,0.6153846153846154,15,3
0.11,0.25,False,1424,29,1382,13,0.02949438202247191,0.9705056179775281,0.7931034482758621,23,6,0.46153846153846156,6,7,0.024896265560165973,0.30952380952380953,0.20689655172413793,0.5384615384615384,15,3
0.11,0.25,True,1424,29,1383,12,0.028792134831460675,0.9712078651685393,0.7931034482758621,23,6,0.4166666666666667,5,7,0.02074688796680498,0.3170731707317073,0.20689655172413793,0.5833333333333334,15,3
0.11,0.26,False,1424,29,1386,9,0.026685393258426966,0.973314606741573,0.7931034482758621,23,6,0.3333333333333333,3,6,0.012448132780082987,0.3157894736842105,0.20689655172413793,0.6666666666666666,15,3
0.11,0.26,True,1424,29,1386,9,0.026685393258426966,0.973314606741573,0.7931034482758621,23,6,0.3333333333333333,3,6,0.012448132780082987,0.3157894736842105,0.20689655172413793,0.6666666666666666,15,3
0.11,0.27,False,1424,29,1389,6,0.02457865168539326,0.9754213483146067,0.7931034482758621,23,6,0.3333333333333333,2,4,0.008298755186721992,0.2857142857142857,0.20689655172413793,0.6666666666666666,14,2
0.11,0.27,True,1424,29,1389,6,0.02457865168539326,0.9754213483146067,0.7931034482758621,23,6,0.3333333333333333,2,4,0.008298755186721992,0.2857142857142857,0.20689655172413793,0.6666666666666666,14,2
0.11,0.28,False,1424,29,1390,5,0.023876404494382022,0.976123595505618,0.7931034482758621,23,6,0.2,1,4,0.004149377593360996,0.29411764705882354,0.20689655172413793,0.8,14,2
0.11,0.28,True,1424,29,1390,5,0.023876404494382022,0.976123595505618,0.7931034482758621,23,6,0.2,1,4,0.004149377593360996,0.29411764705882354,0.20689655172413793,0.8,14,2
0.11,0.29,False,1424,29,1390,5,0.023876404494382022,0.976123595505618,0.7931034482758621,23,6,0.2,1,4,0.004149377593360996,0.29411764705882354,0.20689655172413793,0.8,14,2
0.11,0.29,True,1424,29,1390,5,0.023876404494382022,0.976123595505618,0.7931034482758621,23,6,0.2,1,4,0.004149377593360996,0.29411764705882354,0.20689655172413793,0.8,14,2
0.11,0.3,False,1424,29,1390,5,0.023876404494382022,0.976123595505618,0.7931034482758621,23,6,0.2,1,4,0.004149377593360996,0.29411764705882354,0.20689655172413793,0.8,14,2
0.11,0.3,True,1424,29,1390,5,0.023876404494382022,0.976123595505618,0.7931034482758621,23,6,0.2,1,4,0.004149377593360996,0.29411764705882354,0.20689655172413793,0.8,14,2
0.11,0.31,False,1424,29,1390,5,0.023876404494382022,0.976123595505618,0.7931034482758621,23,6,0.2,1,4,0.004149377593360996,0.29411764705882354,0.20689655172413793,0.8,14,2
0.11,0.31,True,1424,29,1390,5,0.023876404494382022,0.976123595505618,0.7931034482758621,23,6,0.2,1,4,0.004149377593360996,0.29411764705882354,0.20689655172413793,0.8,14,2
0.11,0.32,False,1424,29,1390,5,0.023876404494382022,0.976123595505618,0.7931034482758621,23,6,0.2,1,4,0.004149377593360996,0.29411764705882354,0.20689655172413793,0.8,14,2
0.11,0.32,True,1424,29,1390,5,0.023876404494382022,0.976123595505618,0.7931034482758621,23,6,0.2,1,4,0.004149377593360996,0.29411764705882354,0.20689655172413793,0.8,14,2
0.11,0.33,False,1424,29,1390,5,0.023876404494382022,0.976123595505618,0.7931034482758621,23,6,0.2,1,4,0.004149377593360996,0.29411764705882354,0.20689655172413793,0.8,14,2
0.11,0.33,True,1424,29,1390,5,0.023876404494382022,0.976123595505618,0.7931034482758621,23,6,0.2,1,4,0.004149377593360996,0.29411764705882354,0.20689655172413793,0.8,14,2
0.11,0.34,False,1424,29,1390,5,0.023876404494382022,0.976123595505618,0.7931034482758621,23,6,0.2,1,4,0.004149377593360996,0.29411764705882354,0.20689655172413793,0.8,14,2
0.11,0.34,True,1424,29,1390,5,0.023876404494382022,0.976123595505618,0.7931034482758621,23,6,0.2,1,4,0.004149377593360996,0.29411764705882354,0.20689655172413793,0.8,14,2
0.11,0.35,False,1424,29,1390,5,0.023876404494382022,0.976123595505618,0.7931034482758621,23,6,0.2,1,4,0.004149377593360996,0.29411764705882354,0.20689655172413793,0.8,14,2
0.11,0.35,True,1424,29,1390,5,0.023876404494382022,0.976123595505618,0.7931034482758621,23,6,0.2,1,4,0.004149377593360996,0.29411764705882354,0.20689655172413793,0.8,14,2
0.11,0.36,False,1424,29,1390,5,0.023876404494382022,0.976123595505618,0.7931034482758621,23,6,0.2,1,4,0.004149377593360996,0.29411764705882354,0.20689655172413793,0.8,14,2
0.11,0.36,True,1424,29,1390,5,0.023876404494382022,0.976123595505618,0.7931034482758621,23,6,0.2,1,4,0.004149377593360996,0.29411764705882354,0.20689655172413793,0.8,14,2
0.11,0.37,False,1424,29,1392,3,0.02247191011235955,0.9775280898876404,0.7931034482758621,23,6,0.3333333333333333,1,2,0.004149377593360996,0.25,0.20689655172413793,0.6666666666666666,14,2
0.11,0.37,True,1424,29,1392,3,0.02247191011235955,0.9775280898876404,0.7931034482758621,23,6,0.3333333333333333,1,2,0.004149377593360996,0.25,0.20689655172413793,0.6666666666666666,14,2
0.11,0.38,False,1424,29,1392,3,0.02247191011235955,0.9775280898876404,0.7931034482758621,23,6,0.3333333333333333,1,2,0.004149377593360996,0.25,0.20689655172413793,0.6666666666666666,14,2
0.11,0.38,True,1424,29,1392,3,0.02247191011235955,0.9775280898876404,0.7931034482758621,23,6,0.3333333333333333,1,2,0.004149377593360996,0.25,0.20689655172413793,0.6666666666666666,14,2
0.11,0.39,False,1424,29,1392,3,0.02247191011235955,0.9775280898876404,0.7931034482758621,23,6,0.3333333333333333,1,2,0.004149377593360996,0.25,0.20689655172413793,0.6666666666666666,14,2
0.11,0.39,True,1424,29,1392,3,0.02247191011235955,0.9775280898876404,0.7931034482758621,23,6,0.3333333333333333,1,2,0.004149377593360996,0.25,0.20689655172413793,0.6666666666666666,14,2
0.11,0.4,False,1424,29,1392,3,0.02247191011235955,0.9775280898876404,0.7931034482758621,23,6,0.3333333333333333,1,2,0.004149377593360996,0.25,0.20689655172413793,0.6666666666666666,14,2
0.11,0.4,True,1424,29,1392,3,0.02247191011235955,0.9775280898876404,0.7931034482758621,23,6,0.3333333333333333,1,2,0.004149377593360996,0.25,0.20689655172413793,0.6666666666666666,14,2
0.11,0.41,False,1424,29,1393,2,0.021769662921348316,0.9782303370786517,0.7931034482758621,23,6,0.0,0,2,0.0,0.25806451612903225,0.20689655172413793,1.0,13,2
0.11,0.41,True,1424,29,1393,2,0.021769662921348316,0.9782303370786517,0.7931034482758621,23,6,0.0,0,2,0.0,0.25806451612903225,0.20689655172413793,1.0,13,2
0.11,0.42,False,1424,29,1394,1,0.021067415730337078,0.9789325842696629,0.7931034482758621,23,6,0.0,0,1,0.0,0.23333333333333334,0.20689655172413793,1.0,13,2
0.11,0.42,True,1424,29,1394,1,0.021067415730337078,0.9789325842696629,0.7931034482758621,23,6,0.0,0,1,0.0,0.23333333333333334,0.20689655172413793,1.0,13,2
0.11,0.43,False,1424,29,1394,1,0.021067415730337078,0.9789325842696629,0.7931034482758621,23,6,0.0,0,1,0.0,0.23333333333333334,0.20689655172413793,1.0,13,2
0.11,0.43,True,1424,29,1394,1,0.021067415730337078,0.9789325842696629,0.7931034482758621,23,6,0.0,0,1,0.0,0.23333333333333334,0.20689655172413793,1.0,13,2
0.11,0.44,False,1424,29,1394,1,0.021067415730337078,0.9789325842696629,0.7931034482758621,23,6,0.0,0,1,0.0,0.23333333333333334,0.20689655172413793,1.0,13,2
0.11,0.44,True,1424,29,1394,1,0.021067415730337078,0.9789325842696629,0.7931034482758621,23,6,0.0,0,1,0.0,0.23333333333333334,0.20689655172413793,1.0,13,2
0.11,0.45,False,1424,29,1394,1,0.021067415730337078,0.9789325842696629,0.7931034482758621,23,6,0.0,0,1,0.0,0.23333333333333334,0.20689655172413793,1.0,13,2
0.11,0.45,True,1424,29,1394,1,0.021067415730337078,0.9789325842696629,0.7931034482758621,23,6,0.0,0,1,0.0,0.23333333333333334,0.20689655172413793,1.0,13,2
0.11,0.46,False,1424,29,1394,1,0.021067415730337078,0.9789325842696629,0.7931034482758621,23,6,0.0,0,1,0.0,0.23333333333333334,0.20689655172413793,1.0,13,2
0.11,0.46,True,1424,29,1394,1,0.021067415730337078,0.9789325842696629,0.7931034482758621,23,6,0.0,0,1,0.0,0.23333333333333334,0.20689655172413793,1.0,13,2
0.11,0.47,False,1424,29,1394,1,0.021067415730337078,0.9789325842696629,0.7931034482758621,23,6,0.0,0,1,0.0,0.23333333333333334,0.20689655172413793,1.0,13,2
0.11,0.47,True,1424,29,1394,1,0.021067415730337078,0.9789325842696629,0.7931034482758621,23,6,0.0,0,1,0.0,0.23333333333333334,0.20689655172413793,1.0,13,2
0.11,0.48,False,1424,29,1394,1,0.021067415730337078,0.9789325842696629,0.7931034482758621,23,6,0.0,0,1,0.0,0.23333333333333334,0.20689655172413793,1.0,13,2
0.11,0.48,True,1424,29,1394,1,0.021067415730337078,0.9789325842696629,0.7931034482758621,23,6,0.0,0,1,0.0,0.23333333333333334,0.20689655172413793,1.0,13,2
0.11,0.49,False,1424,29,1394,1,0.021067415730337078,0.9789325842696629,0.7931034482758621,23,6,0.0,0,1,0.0,0.23333333333333334,0.20689655172413793,1.0,13,2
0.11,0.49,True,1424,29,1394,1,0.021067415730337078,0.9789325842696629,0.7931034482758621,23,6,0.0,0,1,0.0,0.23333333333333334,0.20689655172413793,1.0,13,2
0.11,0.5,False,1424,29,1394,1,0.021067415730337078,0.9789325842696629,0.7931034482758621,23,6,0.0,0,1,0.0,0.23333333333333334,0.20689655172413793,1.0,13,2
0.11,0.5,True,1424,29,1394,1,0.021067415730337078,0.9789325842696629,0.7931034482758621,23,6,0.0,0,1,0.0,0.23333333333333334,0.20689655172413793,1.0,13,2
0.11,0.51,False,1424,29,1394,1,0.021067415730337078,0.9789325842696629,0.7931034482758621,23,6,0.0,0,1,0.0,0.23333333333333334,0.20689655172413793,1.0,13,2
0.11,0.51,True,1424,29,1394,1,0.021067415730337078,0.9789325842696629,0.7931034482758621,23,6,0.0,0,1,0.0,0.23333333333333334,0.20689655172413793,1.0,13,2
0.11,0.52,False,1424,29,1394,1,0.021067415730337078,0.9789325842696629,0.7931034482758621,23,6,0.0,0,1,0.0,0.23333333333333334,0.20689655172413793,1.0,13,2
0.11,0.52,True,1424,29,1394,1,0.021067415730337078,0.9789325842696629,0.7931034482758621,23,6,0.0,0,1,0.0,0.23333333333333334,0.20689655172413793,1.0,13,2
0.11,0.53,False,1424,29,1394,1,0.021067415730337078,0.9789325842696629,0.7931034482758621,23,6,0.0,0,1,0.0,0.23333333333333334,0.20689655172413793,1.0,13,2
0.11,0.53,True,1424,29,1394,1,0.021067415730337078,0.9789325842696629,0.7931034482758621,23,6,0.0,0,1,0.0,0.23333333333333334,0.20689655172413793,1.0,13,2
0.11,0.54,False,1424,29,1394,1,0.021067415730337078,0.9789325842696629,0.7931034482758621,23,6,0.0,0,1,0.0,0.23333333333333334,0.20689655172413793,1.0,13,2
0.11,0.54,True,1424,29,1394,1,0.021067415730337078,0.9789325842696629,0.7931034482758621,23,6,0.0,0,1,0.0,0.23333333333333334,0.20689655172413793,1.0,13,2
0.11,0.55,False,1424,29,1394,1,0.021067415730337078,0.9789325842696629,0.7931034482758621,23,6,0.0,0,1,0.0,0.23333333333333334,0.20689655172413793,1.0,13,2
0.11,0.55,True,1424,29,1394,1,0.021067415730337078,0.9789325842696629,0.7931034482758621,23,6,0.0,0,1,0.0,0.23333333333333334,0.20689655172413793,1.0,13,2
0.11,0.56,False,1424,29,1394,1,0.021067415730337078,0.9789325842696629,0.7931034482758621,23,6,0.0,0,1,0.0,0.23333333333333334,0.20689655172413793,1.0,13,2
0.11,0.56,True,1424,29,1394,1,0.021067415730337078,0.9789325842696629,0.7931034482758621,23,6,0.0,0,1,0.0,0.23333333333333334,0.20689655172413793,1.0,13,2
0.11,0.57,False,1424,29,1394,1,0.021067415730337078,0.9789325842696629,0.7931034482758621,23,6,0.0,0,1,0.0,0.23333333333333334,0.20689655172413793,1.0,13,2
0.11,0.57,True,1424,29,1394,1,0.021067415730337078,0.9789325842696629,0.7931034482758621,23,6,0.0,0,1,0.0,0.23333333333333334,0.20689655172413793,1.0,13,2
0.11,0.58,False,1424,29,1394,1,0.021067415730337078,0.9789325842696629,0.7931034482758621,23,6,0.0,0,1,0.0,0.23333333333333334,0.20689655172413793,1.0,13,2
0.11,0.58,True,1424,29,1394,1,0.021067415730337078,0.9789325842696629,0.7931034482758621,23,6,0.0,0,1,0.0,0.23333333333333334,0.20689655172413793,1.0,13,2
0.11,0.59,False,1424,29,1394,1,0.021067415730337078,0.9789325842696629,0.7931034482758621,23,6,0.0,0,1,0.0,0.23333333333333334,0.20689655172413793,1.0,13,2
0.11,0.59,True,1424,29,1394,1,0.021067415730337078,0.9789325842696629,0.7931034482758621,23,6,0.0,0,1,0.0,0.23333333333333334,0.20689655172413793,1.0,13,2
0.11,0.6,False,1424,29,1394,1,0.021067415730337078,0.9789325842696629,0.7931034482758621,23,6,0.0,0,1,0.0,0.23333333333333334,0.20689655172413793,1.0,13,2
0.11,0.6,True,1424,29,1394,1,0.021067415730337078,0.9789325842696629,0.7931034482758621,23,6,0.0,0,1,0.0,0.23333333333333334,0.20689655172413793,1.0,13,2
0.11,0.61,False,1424,29,1394,1,0.021067415730337078,0.9789325842696629,0.7931034482758621,23,6,0.0,0,1,0.0,0.23333333333333334,0.20689655172413793,1.0,13,2
0.11,0.61,True,1424,29,1394,1,0.021067415730337078,0.9789325842696629,0.7931034482758621,23,6,0.0,0,1,0.0,0.23333333333333334,0.20689655172413793,1.0,13,2
0.11,0.62,False,1424,29,1394,1,0.021067415730337078,0.9789325842696629,0.7931034482758621,23,6,0.0,0,1,0.0,0.23333333333333334,0.20689655172413793,1.0,13,2
0.11,0.62,True,1424,29,1394,1,0.021067415730337078,0.9789325842696629,0.7931034482758621,23,6,0.0,0,1,0.0,0.23333333333333334,0.20689655172413793,1.0,13,2
0.11,0.63,False,1424,29,1394,1,0.021067415730337078,0.9789325842696629,0.7931034482758621,23,6,0.0,0,1,0.0,0.23333333333333334,0.20689655172413793,1.0,13,2
0.11,0.63,True,1424,29,1394,1,0.021067415730337078,0.9789325842696629,0.7931034482758621,23,6,0.0,0,1,0.0,0.23333333333333334,0.20689655172413793,1.0,13,2
0.11,0.64,False,1424,29,1394,1,0.021067415730337078,0.9789325842696629,0.7931034482758621,23,6,0.0,0,1,0.0,0.23333333333333334,0.20689655172413793,1.0,13,2
0.11,0.64,True,1424,29,1394,1,0.021067415730337078,0.9789325842696629,0.7931034482758621,23,6,0.0,0,1,0.0,0.23333333333333334,0.20689655172413793,1.0,13,2
0.11,0.65,False,1424,29,1394,1,0.021067415730337078,0.9789325842696629,0.7931034482758621,23,6,0.0,0,1,0.0,0.23333333333333334,0.20689655172413793,1.0,13,2
0.11,0.65,True,1424,29,1394,1,0.021067415730337078,0.9789325842696629,0.7931034482758621,23,6,0.0,0,1,0.0,0.23333333333333334,0.20689655172413793,1.0,13,2
0.11,0.66,False,1424,29,1395,0,0.020365168539325844,0.9796348314606742,0.7931034482758621,23,6,nan,0,0,0.0,0.20689655172413793,0.20689655172413793,nan,12,2
0.11,0.66,True,1424,29,1395,0,0.020365168539325844,0.9796348314606742,0.7931034482758621,23,6,nan,0,0,0.0,0.20689655172413793,0.20689655172413793,nan,12,2
0.11,0.67,False,1424,29,1395,0,0.020365168539325844,0.9796348314606742,0.7931034482758621,23,6,nan,0,0,0.0,0.20689655172413793,0.20689655172413793,nan,12,2
0.11,0.67,True,1424,29,1395,0,0.020365168539325844,0.9796348314606742,0.7931034482758621,23,6,nan,0,0,0.0,0.20689655172413793,0.20689655172413793,nan,12,2
0.11,0.68,False,1424,29,1395,0,0.020365168539325844,0.9796348314606742,0.7931034482758621,23,6,nan,0,0,0.0,0.20689655172413793,0.20689655172413793,nan,12,2
0.11,0.68,True,1424,29,1395,0,0.020365168539325844,0.9796348314606742,0.7931034482758621,23,6,nan,0,0,0.0,0.20689655172413793,0.20689655172413793,nan,12,2
0.11,0.69,False,1424,29,1395,0,0.020365168539325844,0.9796348314606742,0.7931034482758621,23,6,nan,0,0,0.0,0.20689655172413793,0.20689655172413793,nan,12,2
0.11,0.69,True,1424,29,1395,0,0.020365168539325844,0.9796348314606742,0.7931034482758621,23,6,nan,0,0,0.0,0.20689655172413793,0.20689655172413793,nan,12,2
0.11,0.7,False,1424,29,1395,0,0.020365168539325844,0.9796348314606742,0.7931034482758621,23,6,nan,0,0,0.0,0.20689655172413793,0.20689655172413793,nan,12,2
0.11,0.7,True,1424,29,1395,0,0.020365168539325844,0.9796348314606742,0.7931034482758621,23,6,nan,0,0,0.0,0.20689655172413793,0.20689655172413793,nan,12,2
0.11,0.71,False,1424,29,1395,0,0.020365168539325844,0.9796348314606742,0.7931034482758621,23,6,nan,0,0,0.0,0.20689655172413793,0.20689655172413793,nan,12,2
0.11,0.71,True,1424,29,1395,0,0.020365168539325844,0.9796348314606742,0.7931034482758621,23,6,nan,0,0,0.0,0.20689655172413793,0.20689655172413793,nan,12,2
0.11,0.72,False,1424,29,1395,0,0.020365168539325844,0.9796348314606742,0.7931034482758621,23,6,nan,0,0,0.0,0.20689655172413793,0.20689655172413793,nan,12,2
0.11,0.72,True,1424,29,1395,0,0.020365168539325844,0.9796348314606742,0.7931034482758621,23,6,nan,0,0,0.0,0.20689655172413793,0.20689655172413793,nan,12,2
0.11,0.73,False,1424,29,1395,0,0.020365168539325844,0.9796348314606742,0.7931034482758621,23,6,nan,0,0,0.0,0.20689655172413793,0.20689655172413793,nan,12,2
0.11,0.73,True,1424,29,1395,0,0.020365168539325844,0.9796348314606742,0.7931034482758621,23,6,nan,0,0,0.0,0.20689655172413793,0.20689655172413793,nan,12,2
0.11,0.74,False,1424,29,1395,0,0.020365168539325844,0.9796348314606742,0.7931034482758621,23,6,nan,0,0,0.0,0.20689655172413793,0.20689655172413793,nan,12,2
0.11,0.74,True,1424,29,1395,0,0.020365168539325844,0.9796348314606742,0.7931034482758621,23,6,nan,0,0,0.0,0.20689655172413793,0.20689655172413793,nan,12,2
0.11,0.75,False,1424,29,1395,0,0.020365168539325844,0.9796348314606742,0.7931034482758621,23,6,nan,0,0,0.0,0.20689655172413793,0.20689655172413793,nan,12,2
0.11,0.75,True,1424,29,1395,0,0.020365168539325844,0.9796348314606742,0.7931034482758621,23,6,nan,0,0,0.0,0.20689655172413793,0.20689655172413793,nan,12,2
0.11,0.76,False,1424,29,1395,0,0.020365168539325844,0.9796348314606742,0.7931034482758621,23,6,nan,0,0,0.0,0.20689655172413793,0.20689655172413793,nan,12,2
0.11,0.76,True,1424,29,1395,0,0.020365168539325844,0.9796348314606742,0.7931034482758621,23,6,nan,0,0,0.0,0.20689655172413793,0.20689655172413793,nan,12,2
0.11,0.77,False,1424,29,1395,0,0.020365168539325844,0.9796348314606742,0.7931034482758621,23,6,nan,0,0,0.0,0.20689655172413793,0.20689655172413793,nan,12,2
0.11,0.77,True,1424,29,1395,0,0.020365168539325844,0.9796348314606742,0.7931034482758621,23,6,nan,0,0,0.0,0.20689655172413793,0.20689655172413793,nan,12,2
0.11,0.78,False,1424,29,1395,0,0.020365168539325844,0.9796348314606742,0.7931034482758621,23,6,nan,0,0,0.0,0.20689655172413793,0.20689655172413793,nan,12,2
0.11,0.78,True,1424,29,1395,0,0.020365168539325844,0.9796348314606742,0.7931034482758621,23,6,nan,0,0,0.0,0.20689655172413793,0.20689655172413793,nan,12,2
0.11,0.79,False,1424,29,1395,0,0.020365168539325844,0.9796348314606742,0.7931034482758621,23,6,nan,0,0,0.0,0.20689655172413793,0.20689655172413793,nan,12,2
0.11,0.79,True,1424,29,1395,0,0.020365168539325844,0.9796348314606742,0.7931034482758621,23,6,nan,0,0,0.0,0.20689655172413793,0.20689655172413793,nan,12,2
0.11,0.8,False,1424,29,1395,0,0.020365168539325844,0.9796348314606742,0.7931034482758621,23,6,nan,0,0,0.0,0.20689655172413793,0.20689655172413793,nan,12,2
0.11,0.8,True,1424,29,1395,0,0.020365168539325844,0.9796348314606742,0.7931034482758621,23,6,nan,0,0,0.0,0.20689655172413793,0.20689655172413793,nan,12,2
0.11,0.81,False,1424,29,1395,0,0.020365168539325844,0.9796348314606742,0.7931034482758621,23,6,nan,0,0,0.0,0.20689655172413793,0.20689655172413793,nan,12,2
0.11,0.81,True,1424,29,1395,0,0.020365168539325844,0.9796348314606742,0.7931034482758621,23,6,nan,0,0,0.0,0.20689655172413793,0.20689655172413793,nan,12,2
0.11,0.82,False,1424,29,1395,0,0.020365168539325844,0.9796348314606742,0.7931034482758621,23,6,nan,0,0,0.0,0.20689655172413793,0.20689655172413793,nan,12,2
0.11,0.82,True,1424,29,1395,0,0.020365168539325844,0.9796348314606742,0.7931034482758621,23,6,nan,0,0,0.0,0.20689655172413793,0.20689655172413793,nan,12,2
0.11,0.83,False,1424,29,1395,0,0.020365168539325844,0.9796348314606742,0.7931034482758621,23,6,nan,0,0,0.0,0.20689655172413793,0.20689655172413793,nan,12,2
0.11,0.83,True,1424,29,1395,0,0.020365168539325844,0.9796348314606742,0.7931034482758621,23,6,nan,0,0,0.0,0.20689655172413793,0.20689655172413793,nan,12,2
0.11,0.84,False,1424,29,1395,0,0.020365168539325844,0.9796348314606742,0.7931034482758621,23,6,nan,0,0,0.0,0.20689655172413793,0.20689655172413793,nan,12,2
0.11,0.84,True,1424,29,1395,0,0.020365168539325844,0.9796348314606742,0.7931034482758621,23,6,nan,0,0,0.0,0.20689655172413793,0.20689655172413793,nan,12,2
0.11,0.85,False,1424,29,1395,0,0.020365168539325844,0.9796348314606742,0.7931034482758621,23,6,nan,0,0,0.0,0.20689655172413793,0.20689655172413793,nan,12,2
0.11,0.85,True,1424,29,1395,0,0.020365168539325844,0.9796348314606742,0.7931034482758621,23,6,nan,0,0,0.0,0.20689655172413793,0.20689655172413793,nan,12,2
0.12,0.2,False,1424,41,1295,88,0.09058988764044944,0.9094101123595506,0.7560975609756098,31,10,0.2159090909090909,19,69,0.07883817427385892,0.6124031007751938,0.24390243902439024,0.7840909090909091,21,7
0.12,0.2,True,1424,41,1323,60,0.07092696629213484,0.9290730337078652,0.7560975609756098,31,10,0.2833333333333333,17,43,0.07053941908713693,0.5247524752475248,0.24390243902439024,0.7166666666666667,21,6
0.12,0.21,False,1424,41,1350,33,0.05196629213483146,0.9480337078651685,0.7560975609756098,31,10,0.3333333333333333,11,22,0.04564315352697095,0.43243243243243246,0.24390243902439024,0.6666666666666666,20,3
0.12,0.21,True,1424,41,1356,27,0.047752808988764044,0.952247191011236,0.7560975609756098,31,10,0.37037037037037035,10,17,0.04149377593360996,0.39705882352941174,0.24390243902439024,0.6296296296296297,19,3
0.12,0.22,False,1424,41,1359,24,0.04564606741573034,0.9543539325842697,0.7560975609756098,31,10,0.4166666666666667,10,14,0.04149377593360996,0.36923076923076925,0.24390243902439024,0.5833333333333334,18,3
0.12,0.22,True,1424,41,1362,21,0.04353932584269663,0.9564606741573034,0.7560975609756098,31,10,0.42857142857142855,9,12,0.03734439834024896,0.3548387096774194,0.24390243902439024,0.5714285714285714,18,3
0.12,0.23,False,1424,41,1363,20,0.042837078651685394,0.9571629213483146,0.7560975609756098,31,10,0.4,8,12,0.03319502074688797,0.36065573770491804,0.24390243902439024,0.6,18,3
0.12,0.23,True,1424,41,1366,17,0.04073033707865169,0.9592696629213483,0.7560975609756098,31,10,0.4117647058823529,7,10,0.029045643153526972,0.3448275862068966,0.24390243902439024,0.5882352941176471,17,3
0.12,0.24,False,1424,41,1369,14,0.038623595505617975,0.961376404494382,0.7560975609756098,31,10,0.42857142857142855,6,8,0.024896265560165973,0.32727272727272727,0.24390243902439024,0.5714285714285714,16,3
0.12,0.24,True,1424,41,1370,13,0.037921348314606744,0.9620786516853933,0.7560975609756098,31,10,0.38461538461538464,5,8,0.02074688796680498,0.3333333333333333,0.24390243902439024,0.6153846153846154,16,3
0.12,0.25,False,1424,41,1370,13,0.037921348314606744,0.9620786516853933,0.7560975609756098,31,10,0.46153846153846156,6,7,0.024896265560165973,0.3148148148148148,0.24390243902439024,0.5384615384615384,16,3
0.12,0.25,True,1424,41,1371,12,0.037219101123595506,0.9627808988764045,0.7560975609756098,31,10,0.4166666666666667,5,7,0.02074688796680498,0.32075471698113206,0.24390243902439024,0.5833333333333334,16,3
0.12,0.26,False,1424,41,1374,9,0.0351123595505618,0.9648876404494382,0.7560975609756098,31,10,0.3333333333333333,3,6,0.012448132780082987,0.32,0.24390243902439024,0.6666666666666666,16,3
0.12,0.26,True,1424,41,1374,9,0.0351123595505618,0.9648876404494382,0.7560975609756098,31,10,0.3333333333333333,3,6,0.012448132780082987,0.32,0.24390243902439024,0.6666666666666666,16,3
0.12,0.27,False,1424,41,1377,6,0.03300561797752809,0.9669943820224719,0.7560975609756098,31,10,0.3333333333333333,2,4,0.008298755186721992,0.2978723404255319,0.24390243902439024,0.6666666666666666,15,3
0.12,0.27,True,1424,41,1377,6,0.03300561797752809,0.9669943820224719,0.7560975609756098,31,10,0.3333333333333333,2,4,0.008298755186721992,0.2978723404255319,0.24390243902439024,0.6666666666666666,15,3
0.12,0.28,False,1424,41,1378,5,0.032303370786516857,0.9676966292134831,0.7560975609756098,31,10,0.2,1,4,0.004149377593360996,0.30434782608695654,0.24390243902439024,0.8,15,3
0.12,0.28,True,1424,41,1378,5,0.032303370786516857,0.9676966292134831,0.7560975609756098,31,10,0.2,1,4,0.004149377593360996,0.30434782608695654,0.24390243902439024,0.8,15,3
0.12,0.29,False,1424,41,1378,5,0.032303370786516857,0.9676966292134831,0.7560975609756098,31,10,0.2,1,4,0.004149377593360996,0.30434782608695654,0.24390243902439024,0.8,15,3
0.12,0.29,True,1424,41,1378,5,0.032303370786516857,0.9676966292134831,0.7560975609756098,31,10,0.2,1,4,0.004149377593360996,0.30434782608695654,0.24390243902439024,0.8,15,3
0.12,0.3,False,1424,41,1378,5,0.032303370786516857,0.9676966292134831,0.7560975609756098,31,10,0.2,1,4,0.004149377593360996,0.30434782608695654,0.24390243902439024,0.8,15,3
0.12,0.3,True,1424,41,1378,5,0.032303370786516857,0.9676966292134831,0.7560975609756098,31,10,0.2,1,4,0.004149377593360996,0.30434782608695654,0.24390243902439024,0.8,15,3
0.12,0.31,False,1424,41,1378,5,0.032303370786516857,0.9676966292134831,0.7560975609756098,31,10,0.2,1,4,0.004149377593360996,0.30434782608695654,0.24390243902439024,0.8,15,3
0.12,0.31,True,1424,41,1378,5,0.032303370786516857,0.9676966292134831,0.7560975609756098,31,10,0.2,1,4,0.004149377593360996,0.30434782608695654,0.24390243902439024,0.8,15,3
0.12,0.32,False,1424,41,1378,5,0.032303370786516857,0.9676966292134831,0.7560975609756098,31,10,0.2,1,4,0.004149377593360996,0.30434782608695654,0.24390243902439024,0.8,15,3
0.12,0.32,True,1424,41,1378,5,0.032303370786516857,0.9676966292134831,0.7560975609756098,31,10,0.2,1,4,0.004149377593360996,0.30434782608695654,0.24390243902439024,0.8,15,3
0.12,0.33,False,1424,41,1378,5,0.032303370786516857,0.9676966292134831,0.7560975609756098,31,10,0.2,1,4,0.004149377593360996,0.30434782608695654,0.24390243902439024,0.8,15,3
0.12,0.33,True,1424,41,1378,5,0.032303370786516857,0.9676966292134831,0.7560975609756098,31,10,0.2,1,4,0.004149377593360996,0.30434782608695654,0.24390243902439024,0.8,15,3
0.12,0.34,False,1424,41,1378,5,0.032303370786516857,0.9676966292134831,0.7560975609756098,31,10,0.2,1,4,0.004149377593360996,0.30434782608695654,0.24390243902439024,0.8,15,3
0.12,0.34,True,1424,41,1378,5,0.032303370786516857,0.9676966292134831,0.7560975609756098,31,10,0.2,1,4,0.004149377593360996,0.30434782608695654,0.24390243902439024,0.8,15,3
0.12,0.35,False,1424,41,1378,5,0.032303370786516857,0.9676966292134831,0.7560975609756098,31,10,0.2,1,4,0.004149377593360996,0.30434782608695654,0.24390243902439024,0.8,15,3
0.12,0.35,True,1424,41,1378,5,0.032303370786516857,0.9676966292134831,0.7560975609756098,31,10,0.2,1,4,0.004149377593360996,0.30434782608695654,0.24390243902439024,0.8,15,3
0.12,0.36,False,1424,41,1378,5,0.032303370786516857,0.9676966292134831,0.7560975609756098,31,10,0.2,1,4,0.004149377593360996,0.30434782608695654,0.24390243902439024,0.8,15,3
0.12,0.36,True,1424,41,1378,5,0.032303370786516857,0.9676966292134831,0.7560975609756098,31,10,0.2,1,4,0.004149377593360996,0.30434782608695654,0.24390243902439024,0.8,15,3
0.12,0.37,False,1424,41,1380,3,0.03089887640449438,0.9691011235955056,0.7560975609756098,31,10,0.3333333333333333,1,2,0.004149377593360996,0.2727272727272727,0.24390243902439024,0.6666666666666666,15,2
0.12,0.37,True,1424,41,1380,3,0.03089887640449438,0.9691011235955056,0.7560975609756098,31,10,0.3333333333333333,1,2,0.004149377593360996,0.2727272727272727,0.24390243902439024,0.6666666666666666,15,2
0.12,0.38,False,1424,41,1380,3,0.03089887640449438,0.9691011235955056,0.7560975609756098,31,10,0.3333333333333333,1,2,0.004149377593360996,0.2727272727272727,0.24390243902439024,0.6666666666666666,15,2
0.12,0.38,True,1424,41,1380,3,0.03089887640449438,0.9691011235955056,0.7560975609756098,31,10,0.3333333333333333,1,2,0.004149377593360996,0.2727272727272727,0.24390243902439024,0.6666666666666666,15,2
0.12,0.39,False,1424,41,1380,3,0.03089887640449438,0.9691011235955056,0.7560975609756098,31,10,0.3333333333333333,1,2,0.004149377593360996,0.2727272727272727,0.24390243902439024,0.6666666666666666,15,2
0.12,0.39,True,1424,41,1380,3,0.03089887640449438,0.9691011235955056,0.7560975609756098,31,10,0.3333333333333333,1,2,0.004149377593360996,0.2727272727272727,0.24390243902439024,0.6666666666666666,15,2
0.12,0.4,False,1424,41,1380,3,0.03089887640449438,0.9691011235955056,0.7560975609756098,31,10,0.3333333333333333,1,2,0.004149377593360996,0.2727272727272727,0.24390243902439024,0.6666666666666666,15,2
0.12,0.4,True,1424,41,1380,3,0.03089887640449438,0.9691011235955056,0.7560975609756098,31,10,0.3333333333333333,1,2,0.004149377593360996,0.2727272727272727,0.24390243902439024,0.6666666666666666,15,2
0.12,0.41,False,1424,41,1381,2,0.030196629213483147,0.9698033707865169,0.7560975609756098,31,10,0.0,0,2,0.0,0.27906976744186046,0.24390243902439024,1.0,14,2
0.12,0.41,True,1424,41,1381,2,0.030196629213483147,0.9698033707865169,0.7560975609756098,31,10,0.0,0,2,0.0,0.27906976744186046,0.24390243902439024,1.0,14,2
0.12,0.42,False,1424,41,1382,1,0.02949438202247191,0.9705056179775281,0.7560975609756098,31,10,0.0,0,1,0.0,0.2619047619047619,0.24390243902439024,1.0,14,2
0.12,0.42,True,1424,41,1382,1,0.02949438202247191,0.9705056179775281,0.7560975609756098,31,10,0.0,0,1,0.0,0.2619047619047619,0.24390243902439024,1.0,14,2
0.12,0.43,False,1424,41,1382,1,0.02949438202247191,0.9705056179775281,0.7560975609756098,31,10,0.0,0,1,0.0,0.2619047619047619,0.24390243902439024,1.0,14,2
0.12,0.43,True,1424,41,1382,1,0.02949438202247191,0.9705056179775281,0.7560975609756098,31,10,0.0,0,1,0.0,0.2619047619047619,0.24390243902439024,1.0,14,2
0.12,0.44,False,1424,41,1382,1,0.02949438202247191,0.9705056179775281,0.7560975609756098,31,10,0.0,0,1,0.0,0.2619047619047619,0.24390243902439024,1.0,14,2
0.12,0.44,True,1424,41,1382,1,0.02949438202247191,0.9705056179775281,0.7560975609756098,31,10,0.0,0,1,0.0,0.2619047619047619,0.24390243902439024,1.0,14,2
0.12,0.45,False,1424,41,1382,1,0.02949438202247191,0.9705056179775281,0.7560975609756098,31,10,0.0,0,1,0.0,0.2619047619047619,0.24390243902439024,1.0,14,2
0.12,0.45,True,1424,41,1382,1,0.02949438202247191,0.9705056179775281,0.7560975609756098,31,10,0.0,0,1,0.0,0.2619047619047619,0.24390243902439024,1.0,14,2
0.12,0.46,False,1424,41,1382,1,0.02949438202247191,0.9705056179775281,0.7560975609756098,31,10,0.0,0,1,0.0,0.2619047619047619,0.24390243902439024,1.0,14,2
0.12,0.46,True,1424,41,1382,1,0.02949438202247191,0.9705056179775281,0.7560975609756098,31,10,0.0,0,1,0.0,0.2619047619047619,0.24390243902439024,1.0,14,2
0.12,0.47,False,1424,41,1382,1,0.02949438202247191,0.9705056179775281,0.7560975609756098,31,10,0.0,0,1,0.0,0.2619047619047619,0.24390243902439024,1.0,14,2
0.12,0.47,True,1424,41,1382,1,0.02949438202247191,0.9705056179775281,0.7560975609756098,31,10,0.0,0,1,0.0,0.2619047619047619,0.24390243902439024,1.0,14,2
0.12,0.48,False,1424,41,1382,1,0.02949438202247191,0.9705056179775281,0.7560975609756098,31,10,0.0,0,1,0.0,0.2619047619047619,0.24390243902439024,1.0,14,2
0.12,0.48,True,1424,41,1382,1,0.02949438202247191,0.9705056179775281,0.7560975609756098,31,10,0.0,0,1,0.0,0.2619047619047619,0.24390243902439024,1.0,14,2
0.12,0.49,False,1424,41,1382,1,0.02949438202247191,0.9705056179775281,0.7560975609756098,31,10,0.0,0,1,0.0,0.2619047619047619,0.24390243902439024,1.0,14,2
0.12,0.49,True,1424,41,1382,1,0.02949438202247191,0.9705056179775281,0.7560975609756098,31,10,0.0,0,1,0.0,0.2619047619047619,0.24390243902439024,1.0,14,2
0.12,0.5,False,1424,41,1382,1,0.02949438202247191,0.9705056179775281,0.7560975609756098,31,10,0.0,0,1,0.0,0.2619047619047619,0.24390243902439024,1.0,14,2
0.12,0.5,True,1424,41,1382,1,0.02949438202247191,0.9705056179775281,0.7560975609756098,31,10,0.0,0,1,0.0,0.2619047619047619,0.24390243902439024,1.0,14,2
0.12,0.51,False,1424,41,1382,1,0.02949438202247191,0.9705056179775281,0.7560975609756098,31,10,0.0,0,1,0.0,0.2619047619047619,0.24390243902439024,1.0,14,2
0.12,0.51,True,1424,41,1382,1,0.02949438202247191,0.9705056179775281,0.7560975609756098,31,10,0.0,0,1,0.0,0.2619047619047619,0.24390243902439024,1.0,14,2
0.12,0.52,False,1424,41,1382,1,0.02949438202247191,0.9705056179775281,0.7560975609756098,31,10,0.0,0,1,0.0,0.2619047619047619,0.24390243902439024,1.0,14,2
0.12,0.52,True,1424,41,1382,1,0.02949438202247191,0.9705056179775281,0.7560975609756098,31,10,0.0,0,1,0.0,0.2619047619047619,0.24390243902439024,1.0,14,2
0.12,0.53,False,1424,41,1382,1,0.02949438202247191,0.9705056179775281,0.7560975609756098,31,10,0.0,0,1,0.0,0.2619047619047619,0.24390243902439024,1.0,14,2
0.12,0.53,True,1424,41,1382,1,0.02949438202247191,0.9705056179775281,0.7560975609756098,31,10,0.0,0,1,0.0,0.2619047619047619,0.24390243902439024,1.0,14,2
0.12,0.54,False,1424,41,1382,1,0.02949438202247191,0.9705056179775281,0.7560975609756098,31,10,0.0,0,1,0.0,0.2619047619047619,0.24390243902439024,1.0,14,2
0.12,0.54,True,1424,41,1382,1,0.02949438202247191,0.9705056179775281,0.7560975609756098,31,10,0.0,0,1,0.0,0.2619047619047619,0.24390243902439024,1.0,14,2
0.12,0.55,False,1424,41,1382,1,0.02949438202247191,0.9705056179775281,0.7560975609756098,31,10,0.0,0,1,0.0,0.2619047619047619,0.24390243902439024,1.0,14,2
0.12,0.55,True,1424,41,1382,1,0.02949438202247191,0.9705056179775281,0.7560975609756098,31,10,0.0,0,1,0.0,0.2619047619047619,0.24390243902439024,1.0,14,2
0.12,0.56,False,1424,41,1382,1,0.02949438202247191,0.9705056179775281,0.7560975609756098,31,10,0.0,0,1,0.0,0.2619047619047619,0.24390243902439024,1.0,14,2
0.12,0.56,True,1424,41,1382,1,0.02949438202247191,0.9705056179775281,0.7560975609756098,31,10,0.0,0,1,0.0,0.2619047619047619,0.24390243902439024,1.0,14,2
0.12,0.57,False,1424,41,1382,1,0.02949438202247191,0.9705056179775281,0.7560975609756098,31,10,0.0,0,1,0.0,0.2619047619047619,0.24390243902439024,1.0,14,2
0.12,0.57,True,1424,41,1382,1,0.02949438202247191,0.9705056179775281,0.7560975609756098,31,10,0.0,0,1,0.0,0.2619047619047619,0.24390243902439024,1.0,14,2
0.12,0.58,False,1424,41,1382,1,0.02949438202247191,0.9705056179775281,0.7560975609756098,31,10,0.0,0,1,0.0,0.2619047619047619,0.24390243902439024,1.0,14,2
0.12,0.58,True,1424,41,1382,1,0.02949438202247191,0.9705056179775281,0.7560975609756098,31,10,0.0,0,1,0.0,0.2619047619047619,0.24390243902439024,1.0,14,2
0.12,0.59,False,1424,41,1382,1,0.02949438202247191,0.9705056179775281,0.7560975609756098,31,10,0.0,0,1,0.0,0.2619047619047619,0.24390243902439024,1.0,14,2
0.12,0.59,True,1424,41,1382,1,0.02949438202247191,0.9705056179775281,0.7560975609756098,31,10,0.0,0,1,0.0,0.2619047619047619,0.24390243902439024,1.0,14,2
0.12,0.6,False,1424,41,1382,1,0.02949438202247191,0.9705056179775281,0.7560975609756098,31,10,0.0,0,1,0.0,0.2619047619047619,0.24390243902439024,1.0,14,2
0.12,0.6,True,1424,41,1382,1,0.02949438202247191,0.9705056179775281,0.7560975609756098,31,10,0.0,0,1,0.0,0.2619047619047619,0.24390243902439024,1.0,14,2
0.12,0.61,False,1424,41,1382,1,0.02949438202247191,0.9705056179775281,0.7560975609756098,31,10,0.0,0,1,0.0,0.2619047619047619,0.24390243902439024,1.0,14,2
0.12,0.61,True,1424,41,1382,1,0.02949438202247191,0.9705056179775281,0.7560975609756098,31,10,0.0,0,1,0.0,0.2619047619047619,0.24390243902439024,1.0,14,2
0.12,0.62,False,1424,41,1382,1,0.02949438202247191,0.9705056179775281,0.7560975609756098,31,10,0.0,0,1,0.0,0.2619047619047619,0.24390243902439024,1.0,14,2
0.12,0.62,True,1424,41,1382,1,0.02949438202247191,0.9705056179775281,0.7560975609756098,31,10,0.0,0,1,0.0,0.2619047619047619,0.24390243902439024,1.0,14,2
0.12,0.63,False,1424,41,1382,1,0.02949438202247191,0.9705056179775281,0.7560975609756098,31,10,0.0,0,1,0.0,0.2619047619047619,0.24390243902439024,1.0,14,2
0.12,0.63,True,1424,41,1382,1,0.02949438202247191,0.9705056179775281,0.7560975609756098,31,10,0.0,0,1,0.0,0.2619047619047619,0.24390243902439024,1.0,14,2
0.12,0.64,False,1424,41,1382,1,0.02949438202247191,0.9705056179775281,0.7560975609756098,31,10,0.0,0,1,0.0,0.2619047619047619,0.24390243902439024,1.0,14,2
0.12,0.64,True,1424,41,1382,1,0.02949438202247191,0.9705056179775281,0.7560975609756098,31,10,0.0,0,1,0.0,0.2619047619047619,0.24390243902439024,1.0,14,2
0.12,0.65,False,1424,41,1382,1,0.02949438202247191,0.9705056179775281,0.7560975609756098,31,10,0.0,0,1,0.0,0.2619047619047619,0.24390243902439024,1.0,14,2
0.12,0.65,True,1424,41,1382,1,0.02949438202247191,0.9705056179775281,0.7560975609756098,31,10,0.0,0,1,0.0,0.2619047619047619,0.24390243902439024,1.0,14,2
0.12,0.66,False,1424,41,1383,0,0.028792134831460675,0.9712078651685393,0.7560975609756098,31,10,nan,0,0,0.0,0.24390243902439024,0.24390243902439024,nan,13,2
0.12,0.66,True,1424,41,1383,0,0.028792134831460675,0.9712078651685393,0.7560975609756098,31,10,nan,0,0,0.0,0.24390243902439024,0.24390243902439024,nan,13,2
0.12,0.67,False,1424,41,1383,0,0.028792134831460675,0.9712078651685393,0.7560975609756098,31,10,nan,0,0,0.0,0.24390243902439024,0.24390243902439024,nan,13,2
0.12,0.67,True,1424,41,1383,0,0.028792134831460675,0.9712078651685393,0.7560975609756098,31,10,nan,0,0,0.0,0.24390243902439024,0.24390243902439024,nan,13,2
0.12,0.68,False,1424,41,1383,0,0.028792134831460675,0.9712078651685393,0.7560975609756098,31,10,nan,0,0,0.0,0.24390243902439024,0.24390243902439024,nan,13,2
0.12,0.68,True,1424,41,1383,0,0.028792134831460675,0.9712078651685393,0.7560975609756098,31,10,nan,0,0,0.0,0.24390243902439024,0.24390243902439024,nan,13,2
0.12,0.69,False,1424,41,1383,0,0.028792134831460675,0.9712078651685393,0.7560975609756098,31,10,nan,0,0,0.0,0.24390243902439024,0.24390243902439024,nan,13,2
0.12,0.69,True,1424,41,1383,0,0.028792134831460675,0.9712078651685393,0.7560975609756098,31,10,nan,0,0,0.0,0.24390243902439024,0.24390243902439024,nan,13,2
0.12,0.7,False,1424,41,1383,0,0.028792134831460675,0.9712078651685393,0.7560975609756098,31,10,nan,0,0,0.0,0.24390243902439024,0.24390243902439024,nan,13,2
0.12,0.7,True,1424,41,1383,0,0.028792134831460675,0.9712078651685393,0.7560975609756098,31,10,nan,0,0,0.0,0.24390243902439024,0.24390243902439024,nan,13,2
0.12,0.71,False,1424,41,1383,0,0.028792134831460675,0.9712078651685393,0.7560975609756098,31,10,nan,0,0,0.0,0.24390243902439024,0.24390243902439024,nan,13,2
0.12,0.71,True,1424,41,1383,0,0.028792134831460675,0.9712078651685393,0.7560975609756098,31,10,nan,0,0,0.0,0.24390243902439024,0.24390243902439024,nan,13,2
0.12,0.72,False,1424,41,1383,0,0.028792134831460675,0.9712078651685393,0.7560975609756098,31,10,nan,0,0,0.0,0.24390243902439024,0.24390243902439024,nan,13,2
0.12,0.72,True,1424,41,1383,0,0.028792134831460675,0.9712078651685393,0.7560975609756098,31,10,nan,0,0,0.0,0.24390243902439024,0.24390243902439024,nan,13,2
0.12,0.73,False,1424,41,1383,0,0.028792134831460675,0.9712078651685393,0.7560975609756098,31,10,nan,0,0,0.0,0.24390243902439024,0.24390243902439024,nan,13,2
0.12,0.73,True,1424,41,1383,0,0.028792134831460675,0.9712078651685393,0.7560975609756098,31,10,nan,0,0,0.0,0.24390243902439024,0.24390243902439024,nan,13,2
0.12,0.74,False,1424,41,1383,0,0.028792134831460675,0.9712078651685393,0.7560975609756098,31,10,nan,0,0,0.0,0.24390243902439024,0.24390243902439024,nan,13,2
0.12,0.74,True,1424,41,1383,0,0.028792134831460675,0.9712078651685393,0.7560975609756098,31,10,nan,0,0,0.0,0.24390243902439024,0.24390243902439024,nan,13,2
0.12,0.75,False,1424,41,1383,0,0.028792134831460675,0.9712078651685393,0.7560975609756098,31,10,nan,0,0,0.0,0.24390243902439024,0.24390243902439024,nan,13,2
0.12,0.75,True,1424,41,1383,0,0.028792134831460675,0.9712078651685393,0.7560975609756098,31,10,nan,0,0,0.0,0.24390243902439024,0.24390243902439024,nan,13,2
0.12,0.76,False,1424,41,1383,0,0.028792134831460675,0.9712078651685393,0.7560975609756098,31,10,nan,0,0,0.0,0.24390243902439024,0.24390243902439024,nan,13,2
0.12,0.76,True,1424,41,1383,0,0.028792134831460675,0.9712078651685393,0.7560975609756098,31,10,nan,0,0,0.0,0.24390243902439024,0.24390243902439024,nan,13,2
0.12,0.77,False,1424,41,1383,0,0.028792134831460675,0.9712078651685393,0.7560975609756098,31,10,nan,0,0,0.0,0.24390243902439024,0.24390243902439024,nan,13,2
0.12,0.77,True,1424,41,1383,0,0.028792134831460675,0.9712078651685393,0.7560975609756098,31,10,nan,0,0,0.0,0.24390243902439024,0.24390243902439024,nan,13,2
0.12,0.78,False,1424,41,1383,0,0.028792134831460675,0.9712078651685393,0.7560975609756098,31,10,nan,0,0,0.0,0.24390243902439024,0.24390243902439024,nan,13,2
0.12,0.78,True,1424,41,1383,0,0.028792134831460675,0.9712078651685393,0.7560975609756098,31,10,nan,0,0,0.0,0.24390243902439024,0.24390243902439024,nan,13,2
0.12,0.79,False,1424,41,1383,0,0.028792134831460675,0.9712078651685393,0.7560975609756098,31,10,nan,0,0,0.0,0.24390243902439024,0.24390243902439024,nan,13,2
0.12,0.79,True,1424,41,1383,0,0.028792134831460675,0.9712078651685393,0.7560975609756098,31,10,nan,0,0,0.0,0.24390243902439024,0.24390243902439024,nan,13,2
0.12,0.8,False,1424,41,1383,0,0.028792134831460675,0.9712078651685393,0.7560975609756098,31,10,nan,0,0,0.0,0.24390243902439024,0.24390243902439024,nan,13,2
0.12,0.8,True,1424,41,1383,0,0.028792134831460675,0.9712078651685393,0.7560975609756098,31,10,nan,0,0,0.0,0.24390243902439024,0.24390243902439024,nan,13,2
0.12,0.81,False,1424,41,1383,0,0.028792134831460675,0.9712078651685393,0.7560975609756098,31,10,nan,0,0,0.0,0.24390243902439024,0.24390243902439024,nan,13,2
0.12,0.81,True,1424,41,1383,0,0.028792134831460675,0.9712078651685393,0.7560975609756098,31,10,nan,0,0,0.0,0.24390243902439024,0.24390243902439024,nan,13,2
0.12,0.82,False,1424,41,1383,0,0.028792134831460675,0.9712078651685393,0.7560975609756098,31,10,nan,0,0,0.0,0.24390243902439024,0.24390243902439024,nan,13,2
0.12,0.82,True,1424,41,1383,0,0.028792134831460675,0.9712078651685393,0.7560975609756098,31,10,nan,0,0,0.0,0.24390243902439024,0.24390243902439024,nan,13,2
0.12,0.83,False,1424,41,1383,0,0.028792134831460675,0.9712078651685393,0.7560975609756098,31,10,nan,0,0,0.0,0.24390243902439024,0.24390243902439024,nan,13,2
0.12,0.83,True,1424,41,1383,0,0.028792134831460675,0.9712078651685393,0.7560975609756098,31,10,nan,0,0,0.0,0.24390243902439024,0.24390243902439024,nan,13,2
0.12,0.84,False,1424,41,1383,0,0.028792134831460675,0.9712078651685393,0.7560975609756098,31,10,nan,0,0,0.0,0.24390243902439024,0.24390243902439024,nan,13,2
0.12,0.84,True,1424,41,1383,0,0.028792134831460675,0.9712078651685393,0.7560975609756098,31,10,nan,0,0,0.0,0.24390243902439024,0.24390243902439024,nan,13,2
0.12,0.85,False,1424,41,1383,0,0.028792134831460675,0.9712078651685393,0.7560975609756098,31,10,nan,0,0,0.0,0.24390243902439024,0.24390243902439024,nan,13,2
0.12,0.85,True,1424,41,1383,0,0.028792134831460675,0.9712078651685393,0.7560975609756098,31,10,nan,0,0,0.0,0.24390243902439024,0.24390243902439024,nan,13,2
0.13,0.2,False,1424,75,1261,88,0.11446629213483146,0.8855337078651685,0.7333333333333333,55,20,0.2159090909090909,19,69,0.07883817427385892,0.5460122699386503,0.26666666666666666,0.7840909090909091,21,10
0.13,0.2,True,1424,75,1289,60,0.09480337078651685,0.9051966292134831,0.7333333333333333,55,20,0.2833333333333333,17,43,0.07053941908713693,0.4666666666666667,0.26666666666666666,0.7166666666666667,21,9
0.13,0.21,False,1424,75,1316,33,0.07584269662921349,0.9241573033707865,0.7333333333333333,55,20,0.3333333333333333,11,22,0.04564315352697095,0.3888888888888889,0.26666666666666666,0.6666666666666666,20,6
0.13,0.21,True,1424,75,1322,27,0.07162921348314606,0.9283707865168539,0.7333333333333333,55,20,0.37037037037037035,10,17,0.04149377593360996,0.3627450980392157,0.26666666666666666,0.6296296296296297,19,6
0.13,0.22,False,1424,75,1325,24,0.06952247191011236,0.9304775280898876,0.7333333333333333,55,20,0.4166666666666667,10,14,0.04149377593360996,0.3434343434343434,0.26666666666666666,0.5833333333333334,18,6
0.13,0.22,True,1424,75,1328,21,0.06741573033707865,0.9325842696629213,0.7333333333333333,55,20,0.42857142857142855,9,12,0.03734439834024896,0.3333333333333333,0.26666666666666666,0.5714285714285714,18,6
0.13,0.23,False,1424,75,1329,20,0.06671348314606741,0.9332865168539326,0.7333333333333333,55,20,0.4,8,12,0.03319502074688797,0.3368421052631579,0.26666666666666666,0.6,18,6
0.13,0.23,True,1424,75,1332,17,0.06460674157303371,0.9353932584269663,0.7333333333333333,55,20,0.4117647058823529,7,10,0.029045643153526972,0.32608695652173914,0.26666666666666666,0.5882352941176471,17,6
0.13,0.24,False,1424,75,1335,14,0.0625,0.9375,0.7333333333333333,55,20,0.42857142857142855,6,8,0.024896265560165973,0.3146067415730337,0.26666666666666666,0.5714285714285714,16,6
0.13,0.24,True,1424,75,1336,13,0.06179775280898876,0.9382022471910112,0.7333333333333333,55,20,0.38461538461538464,5,8,0.02074688796680498,0.3181818181818182,0.26666666666666666,0.6153846153846154,16,6
0.13,0.25,False,1424,75,1336,13,0.06179775280898876,0.9382022471910112,0.7333333333333333,55,20,0.46153846153846156,6,7,0.024896265560165973,0.3068181818181818,0.26666666666666666,0.5384615384615384,16,6
0.13,0.25,True,1424,75,1337,12,0.061095505617977525,0.9389044943820225,0.7333333333333333,55,20,0.4166666666666667,5,7,0.02074688796680498,0.3103448275862069,0.26666666666666666,0.5833333333333334,16,6
0.13,0.26,False,1424,75,1340,9,0.05898876404494382,0.9410112359550562,0.7333333333333333,55,20,0.3333333333333333,3,6,0.012448132780082987,0.30952380952380953,0.26666666666666666,0.6666666666666666,16,6
0.13,0.26,True,1424,75,1340,9,0.05898876404494382,0.9410112359550562,0.7333333333333333,55,20,0.3333333333333333,3,6,0.012448132780082987,0.30952380952380953,0.26666666666666666,0.6666666666666666,16,6
0.13,0.27,False,1424,75,1343,6,0.05688202247191011,0.9431179775280899,0.7333333333333333,55,20,0.3333333333333333,2,4,0.008298755186721992,0.2962962962962963,0.26666666666666666,0.6666666666666666,16,5
0.13,0.27,True,1424,75,1343,6,0.05688202247191011,0.9431179775280899,0.7333333333333333,55,20,0.3333333333333333,2,4,0.008298755186721992,0.2962962962962963,0.26666666666666666,0.6666666666666666,16,5
0.13,0.28,False,1424,75,1344,5,0.056179775280898875,0.9438202247191011,0.7333333333333333,55,20,0.2,1,4,0.004149377593360996,0.3,0.26666666666666666,0.8,16,5
0.13,0.28,True,1424,75,1344,5,0.056179775280898875,0.9438202247191011,0.7333333333333333,55,20,0.2,1,4,0.004149377593360996,0.3,0.26666666666666666,0.8,16,5
0.13,0.29,False,1424,75,1344,5,0.056179775280898875,0.9438202247191011,0.7333333333333333,55,20,0.2,1,4,0.004149377593360996,0.3,0.26666666666666666,0.8,16,5
0.13,0.29,True,1424,75,1344,5,0.056179775280898875,0.9438202247191011,0.7333333333333333,55,20,0.2,1,4,0.004149377593360996,0.3,0.26666666666666666,0.8,16,5
0.13,0.3,False,1424,75,1344,5,0.056179775280898875,0.9438202247191011,0.7333333333333333,55,20,0.2,1,4,0.004149377593360996,0.3,0.26666666666666666,0.8,16,5
0.13,0.3,True,1424,75,1344,5,0.056179775280898875,0.9438202247191011,0.7333333333333333,55,20,0.2,1,4,0.004149377593360996,0.3,0.26666666666666666,0.8,16,5
0.13,0.31,False,1424,75,1344,5,0.056179775280898875,0.9438202247191011,0.7333333333333333,55,20,0.2,1,4,0.004149377593360996,0.3,0.26666666666666666,0.8,16,5
0.13,0.31,True,1424,75,1344,5,0.056179775280898875,0.9438202247191011,0.7333333333333333,55,20,0.2,1,4,0.004149377593360996,0.3,0.26666666666666666,0.8,16,5
0.13,0.32,False,1424,75,1344,5,0.056179775280898875,0.9438202247191011,0.7333333333333333,55,20,0.2,1,4,0.004149377593360996,0.3,0.26666666666666666,0.8,16,5
0.13,0.32,True,1424,75,1344,5,0.056179775280898875,0.9438202247191011,0.7333333333333333,55,20,0.2,1,4,0.004149377593360996,0.3,0.26666666666666666,0.8,16,5
0.13,0.33,False,1424,75,1344,5,0.056179775280898875,0.9438202247191011,0.7333333333333333,55,20,0.2,1,4,0.004149377593360996,0.3,0.26666666666666666,0.8,16,5
0.13,0.33,True,1424,75,1344,5,0.056179775280898875,0.9438202247191011,0.7333333333333333,55,20,0.2,1,4,0.004149377593360996,0.3,0.26666666666666666,0.8,16,5
0.13,0.34,False,1424,75,1344,5,0.056179775280898875,0.9438202247191011,0.7333333333333333,55,20,0.2,1,4,0.004149377593360996,0.3,0.26666666666666666,0.8,16,5
0.13,0.34,True,1424,75,1344,5,0.056179775280898875,0.9438202247191011,0.7333333333333333,55,20,0.2,1,4,0.004149377593360996,0.3,0.26666666666666666,0.8,16,5
0.13,0.35,False,1424,75,1344,5,0.056179775280898875,0.9438202247191011,0.7333333333333333,55,20,0.2,1,4,0.004149377593360996,0.3,0.26666666666666666,0.8,16,5
0.13,0.35,True,1424,75,1344,5,0.056179775280898875,0.9438202247191011,0.7333333333333333,55,20,0.2,1,4,0.004149377593360996,0.3,0.26666666666666666,0.8,16,5
0.13,0.36,False,1424,75,1344,5,0.056179775280898875,0.9438202247191011,0.7333333333333333,55,20,0.2,1,4,0.004149377593360996,0.3,0.26666666666666666,0.8,16,5
0.13,0.36,True,1424,75,1344,5,0.056179775280898875,0.9438202247191011,0.7333333333333333,55,20,0.2,1,4,0.004149377593360996,0.3,0.26666666666666666,0.8,16,5
0.13,0.37,False,1424,75,1346,3,0.054775280898876406,0.9452247191011236,0.7333333333333333,55,20,0.3333333333333333,1,2,0.004149377593360996,0.28205128205128205,0.26666666666666666,0.6666666666666666,16,4
0.13,0.37,True,1424,75,1346,3,0.054775280898876406,0.9452247191011236,0.7333333333333333,55,20,0.3333333333333333,1,2,0.004149377593360996,0.28205128205128205,0.26666666666666666,0.6666666666666666,16,4
0.13,0.38,False,1424,75,1346,3,0.054775280898876406,0.9452247191011236,0.7333333333333333,55,20,0.3333333333333333,1,2,0.004149377593360996,0.28205128205128205,0.26666666666666666,0.6666666666666666,16,4
0.13,0.38,True,1424,75,1346,3,0.054775280898876406,0.9452247191011236,0.7333333333333333,55,20,0.3333333333333333,1,2,0.004149377593360996,0.28205128205128205,0.26666666666666666,0.6666666666666666,16,4
0.13,0.39,False,1424,75,1346,3,0.054775280898876406,0.9452247191011236,0.7333333333333333,55,20,0.3333333333333333,1,2,0.004149377593360996,0.28205128205128205,0.26666666666666666,0.6666666666666666,16,4
0.13,0.39,True,1424,75,1346,3,0.054775280898876406,0.9452247191011236,0.7333333333333333,55,20,0.3333333333333333,1,2,0.004149377593360996,0.28205128205128205,0.26666666666666666,0.6666666666666666,16,4
0.13,0.4,False,1424,75,1346,3,0.054775280898876406,0.9452247191011236,0.7333333333333333,55,20,0.3333333333333333,1,2,0.004149377593360996,0.28205128205128205,0.26666666666666666,0.6666666666666666,16,4
0.13,0.4,True,1424,75,1346,3,0.054775280898876406,0.9452247191011236,0.7333333333333333,55,20,0.3333333333333333,1,2,0.004149377593360996,0.28205128205128205,0.26666666666666666,0.6666666666666666,16,4
0.13,0.41,False,1424,75,1347,2,0.05407303370786517,0.9459269662921348,0.7333333333333333,55,20,0.0,0,2,0.0,0.2857142857142857,0.26666666666666666,1.0,15,4
0.13,0.41,True,1424,75,1347,2,0.05407303370786517,0.9459269662921348,0.7333333333333333,55,20,0.0,0,2,0.0,0.2857142857142857,0.26666666666666666,1.0,15,4
0.13,0.42,False,1424,75,1348,1,0.05337078651685393,0.9466292134831461,0.7333333333333333,55,20,0.0,0,1,0.0,0.27631578947368424,0.26666666666666666,1.0,15,4
0.13,0.42,True,1424,75,1348,1,0.05337078651685393,0.9466292134831461,0.7333333333333333,55,20,0.0,0,1,0.0,0.27631578947368424,0.26666666666666666,1.0,15,4
0.13,0.43,False,1424,75,1348,1,0.05337078651685393,0.9466292134831461,0.7333333333333333,55,20,0.0,0,1,0.0,0.27631578947368424,0.26666666666666666,1.0,15,4
0.13,0.43,True,1424,75,1348,1,0.05337078651685393,0.9466292134831461,0.7333333333333333,55,20,0.0,0,1,0.0,0.27631578947368424,0.26666666666666666,1.0,15,4
0.13,0.44,False,1424,75,1348,1,0.05337078651685393,0.9466292134831461,0.7333333333333333,55,20,0.0,0,1,0.0,0.27631578947368424,0.26666666666666666,1.0,15,4
0.13,0.44,True,1424,75,1348,1,0.05337078651685393,0.9466292134831461,0.7333333333333333,55,20,0.0,0,1,0.0,0.27631578947368424,0.26666666666666666,1.0,15,4
0.13,0.45,False,1424,75,1348,1,0.05337078651685393,0.9466292134831461,0.7333333333333333,55,20,0.0,0,1,0.0,0.27631578947368424,0.26666666666666666,1.0,15,4
0.13,0.45,True,1424,75,1348,1,0.05337078651685393,0.9466292134831461,0.7333333333333333,55,20,0.0,0,1,0.0,0.27631578947368424,0.26666666666666666,1.0,15,4
0.13,0.46,False,1424,75,1348,1,0.05337078651685393,0.9466292134831461,0.7333333333333333,55,20,0.0,0,1,0.0,0.27631578947368424,0.26666666666666666,1.0,15,4
0.13,0.46,True,1424,75,1348,1,0.05337078651685393,0.9466292134831461,0.7333333333333333,55,20,0.0,0,1,0.0,0.27631578947368424,0.26666666666666666,1.0,15,4
0.13,0.47,False,1424,75,1348,1,0.05337078651685393,0.9466292134831461,0.7333333333333333,55,20,0.0,0,1,0.0,0.27631578947368424,0.26666666666666666,1.0,15,4
0.13,0.47,True,1424,75,1348,1,0.05337078651685393,0.9466292134831461,0.7333333333333333,55,20,0.0,0,1,0.0,0.27631578947368424,0.26666666666666666,1.0,15,4
0.13,0.48,False,1424,75,1348,1,0.05337078651685393,0.9466292134831461,0.7333333333333333,55,20,0.0,0,1,0.0,0.27631578947368424,0.26666666666666666,1.0,15,4
0.13,0.48,True,1424,75,1348,1,0.05337078651685393,0.9466292134831461,0.7333333333333333,55,20,0.0,0,1,0.0,0.27631578947368424,0.26666666666666666,1.0,15,4
0.13,0.49,False,1424,75,1348,1,0.05337078651685393,0.9466292134831461,0.7333333333333333,55,20,0.0,0,1,0.0,0.27631578947368424,0.26666666666666666,1.0,15,4
0.13,0.49,True,1424,75,1348,1,0.05337078651685393,0.9466292134831461,0.7333333333333333,55,20,0.0,0,1,0.0,0.27631578947368424,0.26666666666666666,1.0,15,4
0.13,0.5,False,1424,75,1348,1,0.05337078651685393,0.9466292134831461,0.7333333333333333,55,20,0.0,0,1,0.0,0.27631578947368424,0.26666666666666666,1.0,15,4
0.13,0.5,True,1424,75,1348,1,0.05337078651685393,0.9466292134831461,0.7333333333333333,55,20,0.0,0,1,0.0,0.27631578947368424,0.26666666666666666,1.0,15,4
0.13,0.51,False,1424,75,1348,1,0.05337078651685393,0.9466292134831461,0.7333333333333333,55,20,0.0,0,1,0.0,0.27631578947368424,0.26666666666666666,1.0,15,4
0.13,0.51,True,1424,75,1348,1,0.05337078651685393,0.9466292134831461,0.7333333333333333,55,20,0.0,0,1,0.0,0.27631578947368424,0.26666666666666666,1.0,15,4
0.13,0.52,False,1424,75,1348,1,0.05337078651685393,0.9466292134831461,0.7333333333333333,55,20,0.0,0,1,0.0,0.27631578947368424,0.26666666666666666,1.0,15,4
0.13,0.52,True,1424,75,1348,1,0.05337078651685393,0.9466292134831461,0.7333333333333333,55,20,0.0,0,1,0.0,0.27631578947368424,0.26666666666666666,1.0,15,4
0.13,0.53,False,1424,75,1348,1,0.05337078651685393,0.9466292134831461,0.7333333333333333,55,20,0.0,0,1,0.0,0.27631578947368424,0.26666666666666666,1.0,15,4
0.13,0.53,True,1424,75,1348,1,0.05337078651685393,0.9466292134831461,0.7333333333333333,55,20,0.0,0,1,0.0,0.27631578947368424,0.26666666666666666,1.0,15,4
0.13,0.54,False,1424,75,1348,1,0.05337078651685393,0.9466292134831461,0.7333333333333333,55,20,0.0,0,1,0.0,0.27631578947368424,0.26666666666666666,1.0,15,4
0.13,0.54,True,1424,75,1348,1,0.05337078651685393,0.9466292134831461,0.7333333333333333,55,20,0.0,0,1,0.0,0.27631578947368424,0.26666666666666666,1.0,15,4
0.13,0.55,False,1424,75,1348,1,0.05337078651685393,0.9466292134831461,0.7333333333333333,55,20,0.0,0,1,0.0,0.27631578947368424,0.26666666666666666,1.0,15,4
0.13,0.55,True,1424,75,1348,1,0.05337078651685393,0.9466292134831461,0.7333333333333333,55,20,0.0,0,1,0.0,0.27631578947368424,0.26666666666666666,1.0,15,4
0.13,0.56,False,1424,75,1348,1,0.05337078651685393,0.9466292134831461,0.7333333333333333,55,20,0.0,0,1,0.0,0.27631578947368424,0.26666666666666666,1.0,15,4
0.13,0.56,True,1424,75,1348,1,0.05337078651685393,0.9466292134831461,0.7333333333333333,55,20,0.0,0,1,0.0,0.27631578947368424,0.26666666666666666,1.0,15,4
0.13,0.57,False,1424,75,1348,1,0.05337078651685393,0.9466292134831461,0.7333333333333333,55,20,0.0,0,1,0.0,0.27631578947368424,0.26666666666666666,1.0,15,4
0.13,0.57,True,1424,75,1348,1,0.05337078651685393,0.9466292134831461,0.7333333333333333,55,20,0.0,0,1,0.0,0.27631578947368424,0.26666666666666666,1.0,15,4
0.13,0.58,False,1424,75,1348,1,0.05337078651685393,0.9466292134831461,0.7333333333333333,55,20,0.0,0,1,0.0,0.27631578947368424,0.26666666666666666,1.0,15,4
0.13,0.58,True,1424,75,1348,1,0.05337078651685393,0.9466292134831461,0.7333333333333333,55,20,0.0,0,1,0.0,0.27631578947368424,0.26666666666666666,1.0,15,4
0.13,0.59,False,1424,75,1348,1,0.05337078651685393,0.9466292134831461,0.7333333333333333,55,20,0.0,0,1,0.0,0.27631578947368424,0.26666666666666666,1.0,15,4
0.13,0.59,True,1424,75,1348,1,0.05337078651685393,0.9466292134831461,0.7333333333333333,55,20,0.0,0,1,0.0,0.27631578947368424,0.26666666666666666,1.0,15,4
0.13,0.6,False,1424,75,1348,1,0.05337078651685393,0.9466292134831461,0.7333333333333333,55,20,0.0,0,1,0.0,0.27631578947368424,0.26666666666666666,1.0,15,4
0.13,0.6,True,1424,75,1348,1,0.05337078651685393,0.9466292134831461,0.7333333333333333,55,20,0.0,0,1,0.0,0.27631578947368424,0.26666666666666666,1.0,15,4
0.13,0.61,False,1424,75,1348,1,0.05337078651685393,0.9466292134831461,0.7333333333333333,55,20,0.0,0,1,0.0,0.27631578947368424,0.26666666666666666,1.0,15,4
0.13,0.61,True,1424,75,1348,1,0.05337078651685393,0.9466292134831461,0.7333333333333333,55,20,0.0,0,1,0.0,0.27631578947368424,0.26666666666666666,1.0,15,4
0.13,0.62,False,1424,75,1348,1,0.05337078651685393,0.9466292134831461,0.7333333333333333,55,20,0.0,0,1,0.0,0.27631578947368424,0.26666666666666666,1.0,15,4
0.13,0.62,True,1424,75,1348,1,0.05337078651685393,0.9466292134831461,0.7333333333333333,55,20,0.0,0,1,0.0,0.27631578947368424,0.26666666666666666,1.0,15,4
0.13,0.63,False,1424,75,1348,1,0.05337078651685393,0.9466292134831461,0.7333333333333333,55,20,0.0,0,1,0.0,0.27631578947368424,0.26666666666666666,1.0,15,4
0.13,0.63,True,1424,75,1348,1,0.05337078651685393,0.9466292134831461,0.7333333333333333,55,20,0.0,0,1,0.0,0.27631578947368424,0.26666666666666666,1.0,15,4
0.13,0.64,False,1424,75,1348,1,0.05337078651685393,0.9466292134831461,0.7333333333333333,55,20,0.0,0,1,0.0,0.27631578947368424,0.26666666666666666,1.0,15,4
0.13,0.64,True,1424,75,1348,1,0.05337078651685393,0.9466292134831461,0.7333333333333333,55,20,0.0,0,1,0.0,0.27631578947368424,0.26666666666666666,1.0,15,4
0.13,0.65,False,1424,75,1348,1,0.05337078651685393,0.9466292134831461,0.7333333333333333,55,20,0.0,0,1,0.0,0.27631578947368424,0.26666666666666666,1.0,15,4
0.13,0.65,True,1424,75,1348,1,0.05337078651685393,0.9466292134831461,0.7333333333333333,55,20,0.0,0,1,0.0,0.27631578947368424,0.26666666666666666,1.0,15,4
0.13,0.66,False,1424,75,1349,0,0.05266853932584269,0.9473314606741573,0.7333333333333333,55,20,nan,0,0,0.0,0.26666666666666666,0.26666666666666666,nan,14,4
0.13,0.66,True,1424,75,1349,0,0.05266853932584269,0.9473314606741573,0.7333333333333333,55,20,nan,0,0,0.0,0.26666666666666666,0.26666666666666666,nan,14,4
0.13,0.67,False,1424,75,1349,0,0.05266853932584269,0.9473314606741573,0.7333333333333333,55,20,nan,0,0,0.0,0.26666666666666666,0.26666666666666666,nan,14,4
0.13,0.67,True,1424,75,1349,0,0.05266853932584269,0.9473314606741573,0.7333333333333333,55,20,nan,0,0,0.0,0.26666666666666666,0.26666666666666666,nan,14,4
0.13,0.68,False,1424,75,1349,0,0.05266853932584269,0.9473314606741573,0.7333333333333333,55,20,nan,0,0,0.0,0.26666666666666666,0.26666666666666666,nan,14,4
0.13,0.68,True,1424,75,1349,0,0.05266853932584269,0.9473314606741573,0.7333333333333333,55,20,nan,0,0,0.0,0.26666666666666666,0.26666666666666666,nan,14,4
0.13,0.69,False,1424,75,1349,0,0.05266853932584269,0.9473314606741573,0.7333333333333333,55,20,nan,0,0,0.0,0.26666666666666666,0.26666666666666666,nan,14,4
0.13,0.69,True,1424,75,1349,0,0.05266853932584269,0.9473314606741573,0.7333333333333333,55,20,nan,0,0,0.0,0.26666666666666666,0.26666666666666666,nan,14,4
0.13,0.7,False,1424,75,1349,0,0.05266853932584269,0.9473314606741573,0.7333333333333333,55,20,nan,0,0,0.0,0.26666666666666666,0.26666666666666666,nan,14,4
0.13,0.7,True,1424,75,1349,0,0.05266853932584269,0.9473314606741573,0.7333333333333333,55,20,nan,0,0,0.0,0.26666666666666666,0.26666666666666666,nan,14,4
0.13,0.71,False,1424,75,1349,0,0.05266853932584269,0.9473314606741573,0.7333333333333333,55,20,nan,0,0,0.0,0.26666666666666666,0.26666666666666666,nan,14,4
0.13,0.71,True,1424,75,1349,0,0.05266853932584269,0.9473314606741573,0.7333333333333333,55,20,nan,0,0,0.0,0.26666666666666666,0.26666666666666666,nan,14,4
0.13,0.72,False,1424,75,1349,0,0.05266853932584269,0.9473314606741573,0.7333333333333333,55,20,nan,0,0,0.0,0.26666666666666666,0.26666666666666666,nan,14,4
0.13,0.72,True,1424,75,1349,0,0.05266853932584269,0.9473314606741573,0.7333333333333333,55,20,nan,0,0,0.0,0.26666666666666666,0.26666666666666666,nan,14,4
0.13,0.73,False,1424,75,1349,0,0.05266853932584269,0.9473314606741573,0.7333333333333333,55,20,nan,0,0,0.0,0.26666666666666666,0.26666666666666666,nan,14,4
0.13,0.73,True,1424,75,1349,0,0.05266853932584269,0.9473314606741573,0.7333333333333333,55,20,nan,0,0,0.0,0.26666666666666666,0.26666666666666666,nan,14,4
0.13,0.74,False,1424,75,1349,0,0.05266853932584269,0.9473314606741573,0.7333333333333333,55,20,nan,0,0,0.0,0.26666666666666666,0.26666666666666666,nan,14,4
0.13,0.74,True,1424,75,1349,0,0.05266853932584269,0.9473314606741573,0.7333333333333333,55,20,nan,0,0,0.0,0.26666666666666666,0.26666666666666666,nan,14,4
0.13,0.75,False,1424,75,1349,0,0.05266853932584269,0.9473314606741573,0.7333333333333333,55,20,nan,0,0,0.0,0.26666666666666666,0.26666666666666666,nan,14,4
0.13,0.75,True,1424,75,1349,0,0.05266853932584269,0.9473314606741573,0.7333333333333333,55,20,nan,0,0,0.0,0.26666666666666666,0.26666666666666666,nan,14,4
0.13,0.76,False,1424,75,1349,0,0.05266853932584269,0.9473314606741573,0.7333333333333333,55,20,nan,0,0,0.0,0.26666666666666666,0.26666666666666666,nan,14,4
0.13,0.76,True,1424,75,1349,0,0.05266853932584269,0.9473314606741573,0.7333333333333333,55,20,nan,0,0,0.0,0.26666666666666666,0.26666666666666666,nan,14,4
0.13,0.77,False,1424,75,1349,0,0.05266853932584269,0.9473314606741573,0.7333333333333333,55,20,nan,0,0,0.0,0.26666666666666666,0.26666666666666666,nan,14,4
0.13,0.77,True,1424,75,1349,0,0.05266853932584269,0.9473314606741573,0.7333333333333333,55,20,nan,0,0,0.0,0.26666666666666666,0.26666666666666666,nan,14,4
0.13,0.78,False,1424,75,1349,0,0.05266853932584269,0.9473314606741573,0.7333333333333333,55,20,nan,0,0,0.0,0.26666666666666666,0.26666666666666666,nan,14,4
0.13,0.78,True,1424,75,1349,0,0.05266853932584269,0.9473314606741573,0.7333333333333333,55,20,nan,0,0,0.0,0.26666666666666666,0.26666666666666666,nan,14,4
0.13,0.79,False,1424,75,1349,0,0.05266853932584269,0.9473314606741573,0.7333333333333333,55,20,nan,0,0,0.0,0.26666666666666666,0.26666666666666666,nan,14,4
0.13,0.79,True,1424,75,1349,0,0.05266853932584269,0.9473314606741573,0.7333333333333333,55,20,nan,0,0,0.0,0.26666666666666666,0.26666666666666666,nan,14,4
0.13,0.8,False,1424,75,1349,0,0.05266853932584269,0.9473314606741573,0.7333333333333333,55,20,nan,0,0,0.0,0.26666666666666666,0.26666666666666666,nan,14,4
0.13,0.8,True,1424,75,1349,0,0.05266853932584269,0.9473314606741573,0.7333333333333333,55,20,nan,0,0,0.0,0.26666666666666666,0.26666666666666666,nan,14,4
0.13,0.81,False,1424,75,1349,0,0.05266853932584269,0.9473314606741573,0.7333333333333333,55,20,nan,0,0,0.0,0.26666666666666666,0.26666666666666666,nan,14,4
0.13,0.81,True,1424,75,1349,0,0.05266853932584269,0.9473314606741573,0.7333333333333333,55,20,nan,0,0,0.0,0.26666666666666666,0.26666666666666666,nan,14,4
0.13,0.82,False,1424,75,1349,0,0.05266853932584269,0.9473314606741573,0.7333333333333333,55,20,nan,0,0,0.0,0.26666666666666666,0.26666666666666666,nan,14,4
0.13,0.82,True,1424,75,1349,0,0.05266853932584269,0.9473314606741573,0.7333333333333333,55,20,nan,0,0,0.0,0.26666666666666666,0.26666666666666666,nan,14,4
0.13,0.83,False,1424,75,1349,0,0.05266853932584269,0.9473314606741573,0.7333333333333333,55,20,nan,0,0,0.0,0.26666666666666666,0.26666666666666666,nan,14,4
0.13,0.83,True,1424,75,1349,0,0.05266853932584269,0.9473314606741573,0.7333333333333333,55,20,nan,0,0,0.0,0.26666666666666666,0.26666666666666666,nan,14,4
0.13,0.84,False,1424,75,1349,0,0.05266853932584269,0.9473314606741573,0.7333333333333333,55,20,nan,0,0,0.0,0.26666666666666666,0.26666666666666666,nan,14,4
0.13,0.84,True,1424,75,1349,0,0.05266853932584269,0.9473314606741573,0.7333333333333333,55,20,nan,0,0,0.0,0.26666666666666666,0.26666666666666666,nan,14,4
0.13,0.85,False,1424,75,1349,0,0.05266853932584269,0.9473314606741573,0.7333333333333333,55,20,nan,0,0,0.0,0.26666666666666666,0.26666666666666666,nan,14,4
0.13,0.85,True,1424,75,1349,0,0.05266853932584269,0.9473314606741573,0.7333333333333333,55,20,nan,0,0,0.0,0.26666666666666666,0.26666666666666666,nan,14,4
0.14,0.2,False,1424,157,1179,88,0.1720505617977528,0.8279494382022472,0.732484076433121,115,42,0.2159090909090909,19,69,0.07883817427385892,0.4530612244897959,0.267515923566879,0.7840909090909091,22,14
0.14,0.2,True,1424,157,1207,60,0.1523876404494382,0.8476123595505618,0.732484076433121,115,42,0.2833333333333333,17,43,0.07053941908713693,0.391705069124424,0.267515923566879,0.7166666666666667,22,13
0.14,0.21,False,1424,157,1234,33,0.13342696629213482,0.8665730337078652,0.732484076433121,115,42,0.3333333333333333,11,22,0.04564315352697095,0.3368421052631579,0.267515923566879,0.6666666666666666,21,11
0.14,0.21,True,1424,157,1240,27,0.12921348314606743,0.8707865168539326,0.732484076433121,115,42,0.37037037037037035,10,17,0.04149377593360996,0.32065217391304346,0.267515923566879,0.6296296296296297,20,10
0.14,0.22,False,1424,157,1243,24,0.1271067415730337,0.8728932584269663,0.732484076433121,115,42,0.4166666666666667,10,14,0.04149377593360996,0.30939226519337015,0.267515923566879,0.5833333333333334,19,10
0.14,0.22,True,1424,157,1246,21,0.125,0.875,0.732484076433121,115,42,0.42857142857142855,9,12,0.03734439834024896,0.30337078651685395,0.267515923566879,0.5714285714285714,19,10
0.14,0.23,False,1424,157,1247,20,0.12429775280898876,0.8757022471910112,0.732484076433121,115,42,0.4,8,12,0.03319502074688797,0.3050847457627119,0.267515923566879,0.6,19,9
0.14,0.23,True,1424,157,1250,17,0.12219101123595505,0.8778089887640449,0.732484076433121,115,42,0.4117647058823529,7,10,0.029045643153526972,0.2988505747126437,0.267515923566879,0.5882352941176471,19,9
0.14,0.24,False,1424,157,1253,14,0.12008426966292135,0.8799157303370787,0.732484076433121,115,42,0.42857142857142855,6,8,0.024896265560165973,0.29239766081871343,0.267515923566879,0.5714285714285714,19,9
0.14,0.24,True,1424,157,1254,13,0.11938202247191011,0.8806179775280899,0.732484076433121,115,42,0.38461538461538464,5,8,0.02074688796680498,0.29411764705882354,0.267515923566879,0.6153846153846154,19,9
0.14,0.25,False,1424,157,1254,13,0.11938202247191011,0.8806179775280899,0.732484076433121,115,42,0.46153846153846156,6,7,0.024896265560165973,0.28823529411764703,0.267515923566879,0.5384615384615384,19,9
0.14,0.25,True,1424,157,1255,12,0.11867977528089887,0.8813202247191011,0.732484076433121,115,42,0.4166666666666667,5,7,0.02074688796680498,0.28994082840236685,0.267515923566879,0.5833333333333334,19,9
0.14,0.26,False,1424,157,1258,9,0.11657303370786516,0.8834269662921348,0.732484076433121,115,42,0.3333333333333333,3,6,0.012448132780082987,0.2891566265060241,0.267515923566879,0.6666666666666666,19,9
0.14,0.26,True,1424,157,1258,9,0.11657303370786516,0.8834269662921348,0.732484076433121,115,42,0.3333333333333333,3,6,0.012448132780082987,0.2891566265060241,0.267515923566879,0.6666666666666666,19,9
0.14,0.27,False,1424,157,1261,6,0.11446629213483146,0.8855337078651685,0.732484076433121,115,42,0.3333333333333333,2,4,0.008298755186721992,0.2822085889570552,0.267515923566879,0.6666666666666666,19,9
0.14,0.27,True,1424,157,1261,6,0.11446629213483146,0.8855337078651685,0.732484076433121,115,42,0.3333333333333333,2,4,0.008298755186721992,0.2822085889570552,0.267515923566879,0.6666666666666666,19,9
0.14,0.28,False,1424,157,1262,5,0.11376404494382023,0.8862359550561798,0.732484076433121,115,42,0.2,1,4,0.004149377593360996,0.2839506172839506,0.267515923566879,0.8,19,9
0.14,0.28,True,1424,157,1262,5,0.11376404494382023,0.8862359550561798,0.732484076433121,115,42,0.2,1,4,0.004149377593360996,0.2839506172839506,0.267515923566879,0.8,19,9
0.14,0.29,False,1424,157,1262,5,0.11376404494382023,0.8862359550561798,0.732484076433121,115,42,0.2,1,4,0.004149377593360996,0.2839506172839506,0.267515923566879,0.8,19,9
0.14,0.29,True,1424,157,1262,5,0.11376404494382023,0.8862359550561798,0.732484076433121,115,42,0.2,1,4,0.004149377593360996,0.2839506172839506,0.267515923566879,0.8,19,9
0.14,0.3,False,1424,157,1262,5,0.11376404494382023,0.8862359550561798,0.732484076433121,115,42,0.2,1,4,0.004149377593360996,0.2839506172839506,0.267515923566879,0.8,19,9
0.14,0.3,True,1424,157,1262,5,0.11376404494382023,0.8862359550561798,0.732484076433121,115,42,0.2,1,4,0.004149377593360996,0.2839506172839506,0.267515923566879,0.8,19,9
0.14,0.31,False,1424,157,1262,5,0.11376404494382023,0.8862359550561798,0.732484076433121,115,42,0.2,1,4,0.004149377593360996,0.2839506172839506,0.267515923566879,0.8,19,9
0.14,0.31,True,1424,157,1262,5,0.11376404494382023,0.8862359550561798,0.732484076433121,115,42,0.2,1,4,0.004149377593360996,0.2839506172839506,0.267515923566879,0.8,19,9
0.14,0.32,False,1424,157,1262,5,0.11376404494382023,0.8862359550561798,0.732484076433121,115,42,0.2,1,4,0.004149377593360996,0.2839506172839506,0.267515923566879,0.8,19,9
0.14,0.32,True,1424,157,1262,5,0.11376404494382023,0.8862359550561798,0.732484076433121,115,42,0.2,1,4,0.004149377593360996,0.2839506172839506,0.267515923566879,0.8,19,9
0.14,0.33,False,1424,157,1262,5,0.11376404494382023,0.8862359550561798,0.732484076433121,115,42,0.2,1,4,0.004149377593360996,0.2839506172839506,0.267515923566879,0.8,19,9
0.14,0.33,True,1424,157,1262,5,0.11376404494382023,0.8862359550561798,0.732484076433121,115,42,0.2,1,4,0.004149377593360996,0.2839506172839506,0.267515923566879,0.8,19,9
0.14,0.34,False,1424,157,1262,5,0.11376404494382023,0.8862359550561798,0.732484076433121,115,42,0.2,1,4,0.004149377593360996,0.2839506172839506,0.267515923566879,0.8,19,9
0.14,0.34,True,1424,157,1262,5,0.11376404494382023,0.8862359550561798,0.732484076433121,115,42,0.2,1,4,0.004149377593360996,0.2839506172839506,0.267515923566879,0.8,19,9
0.14,0.35,False,1424,157,1262,5,0.11376404494382023,0.8862359550561798,0.732484076433121,115,42,0.2,1,4,0.004149377593360996,0.2839506172839506,0.267515923566879,0.8,19,9
0.14,0.35,True,1424,157,1262,5,0.11376404494382023,0.8862359550561798,0.732484076433121,115,42,0.2,1,4,0.004149377593360996,0.2839506172839506,0.267515923566879,0.8,19,9
0.14,0.36,False,1424,157,1262,5,0.11376404494382023,0.8862359550561798,0.732484076433121,115,42,0.2,1,4,0.004149377593360996,0.2839506172839506,0.267515923566879,0.8,19,9
0.14,0.36,True,1424,157,1262,5,0.11376404494382023,0.8862359550561798,0.732484076433121,115,42,0.2,1,4,0.004149377593360996,0.2839506172839506,0.267515923566879,0.8,19,9
0.14,0.37,False,1424,157,1264,3,0.11235955056179775,0.8876404494382022,0.732484076433121,115,42,0.3333333333333333,1,2,0.004149377593360996,0.275,0.267515923566879,0.6666666666666666,19,9
0.14,0.37,True,1424,157,1264,3,0.11235955056179775,0.8876404494382022,0.732484076433121,115,42,0.3333333333333333,1,2,0.004149377593360996,0.275,0.267515923566879,0.6666666666666666,19,9
0.14,0.38,False,1424,157,1264,3,0.11235955056179775,0.8876404494382022,0.732484076433121,115,42,0.3333333333333333,1,2,0.004149377593360996,0.275,0.267515923566879,0.6666666666666666,19,9
0.14,0.38,True,1424,157,1264,3,0.11235955056179775,0.8876404494382022,0.732484076433121,115,42,0.3333333333333333,1,2,0.004149377593360996,0.275,0.267515923566879,0.6666666666666666,19,9
0.14,0.39,False,1424,157,1264,3,0.11235955056179775,0.8876404494382022,0.732484076433121,115,42,0.3333333333333333,1,2,0.004149377593360996,0.275,0.267515923566879,0.6666666666666666,19,9
0.14,0.39,True,1424,157,1264,3,0.11235955056179775,0.8876404494382022,0.732484076433121,115,42,0.3333333333333333,1,2,0.004149377593360996,0.275,0.267515923566879,0.6666666666666666,19,9
0.14,0.4,False,1424,157,1264,3,0.11235955056179775,0.8876404494382022,0.732484076433121,115,42,0.3333333333333333,1,2,0.004149377593360996,0.275,0.267515923566879,0.6666666666666666,19,9
0.14,0.4,True,1424,157,1264,3,0.11235955056179775,0.8876404494382022,0.732484076433121,115,42,0.3333333333333333,1,2,0.004149377593360996,0.275,0.267515923566879,0.6666666666666666,19,9
0.14,0.41,False,1424,157,1265,2,0.11165730337078651,0.8883426966292135,0.732484076433121,115,42,0.0,0,2,0.0,0.27672955974842767,0.267515923566879,1.0,18,9
0.14,0.41,True,1424,157,1265,2,0.11165730337078651,0.8883426966292135,0.732484076433121,115,42,0.0,0,2,0.0,0.27672955974842767,0.267515923566879,1.0,18,9
0.14,0.42,False,1424,157,1266,1,0.11095505617977527,0.8890449438202247,0.732484076433121,115,42,0.0,0,1,0.0,0.2721518987341772,0.267515923566879,1.0,18,8
0.14,0.42,True,1424,157,1266,1,0.11095505617977527,0.8890449438202247,0.732484076433121,115,42,0.0,0,1,0.0,0.2721518987341772,0.267515923566879,1.0,18,8
0.14,0.43,False,1424,157,1266,1,0.11095505617977527,0.8890449438202247,0.732484076433121,115,42,0.0,0,1,0.0,0.2721518987341772,0.267515923566879,1.0,18,8
0.14,0.43,True,1424,157,1266,1,0.11095505617977527,0.8890449438202247,0.732484076433121,115,42,0.0,0,1,0.0,0.2721518987341772,0.267515923566879,1.0,18,8
0.14,0.44,False,1424,157,1266,1,0.11095505617977527,0.8890449438202247,0.732484076433121,115,42,0.0,0,1,0.0,0.2721518987341772,0.267515923566879,1.0,18,8
0.14,0.44,True,1424,157,1266,1,0.11095505617977527,0.8890449438202247,0.732484076433121,115,42,0.0,0,1,0.0,0.2721518987341772,0.267515923566879,1.0,18,8
0.14,0.45,False,1424,157,1266,1,0.11095505617977527,0.8890449438202247,0.732484076433121,115,42,0.0,0,1,0.0,0.2721518987341772,0.267515923566879,1.0,18,8
0.14,0.45,True,1424,157,1266,1,0.11095505617977527,0.8890449438202247,0.732484076433121,115,42,0.0,0,1,0.0,0.2721518987341772,0.267515923566879,1.0,18,8
0.14,0.46,False,1424,157,1266,1,0.11095505617977527,0.8890449438202247,0.732484076433121,115,42,0.0,0,1,0.0,0.2721518987341772,0.267515923566879,1.0,18,8
0.14,0.46,True,1424,157,1266,1,0.11095505617977527,0.8890449438202247,0.732484076433121,115,42,0.0,0,1,0.0,0.2721518987341772,0.267515923566879,1.0,18,8
0.14,0.47,False,1424,157,1266,1,0.11095505617977527,0.8890449438202247,0.732484076433121,115,42,0.0,0,1,0.0,0.2721518987341772,0.267515923566879,1.0,18,8
0.14,0.47,True,1424,157,1266,1,0.11095505617977527,0.8890449438202247,0.732484076433121,115,42,0.0,0,1,0.0,0.2721518987341772,0.267515923566879,1.0,18,8
0.14,0.48,False,1424,157,1266,1,0.11095505617977527,0.8890449438202247,0.732484076433121,115,42,0.0,0,1,0.0,0.2721518987341772,0.267515923566879,1.0,18,8
0.14,0.48,True,1424,157,1266,1,0.11095505617977527,0.8890449438202247,0.732484076433121,115,42,0.0,0,1,0.0,0.2721518987341772,0.267515923566879,1.0,18,8
0.14,0.49,False,1424,157,1266,1,0.11095505617977527,0.8890449438202247,0.732484076433121,115,42,0.0,0,1,0.0,0.2721518987341772,0.267515923566879,1.0,18,8
0.14,0.49,True,1424,157,1266,1,0.11095505617977527,0.8890449438202247,0.732484076433121,115,42,0.0,0,1,0.0,0.2721518987341772,0.267515923566879,1.0,18,8
0.14,0.5,False,1424,157,1266,1,0.11095505617977527,0.8890449438202247,0.732484076433121,115,42,0.0,0,1,0.0,0.2721518987341772,0.267515923566879,1.0,18,8
0.14,0.5,True,1424,157,1266,1,0.11095505617977527,0.8890449438202247,0.732484076433121,115,42,0.0,0,1,0.0,0.2721518987341772,0.267515923566879,1.0,18,8
0.14,0.51,False,1424,157,1266,1,0.11095505617977527,0.8890449438202247,0.732484076433121,115,42,0.0,0,1,0.0,0.2721518987341772,0.267515923566879,1.0,18,8
0.14,0.51,True,1424,157,1266,1,0.11095505617977527,0.8890449438202247,0.732484076433121,115,42,0.0,0,1,0.0,0.2721518987341772,0.267515923566879,1.0,18,8
0.14,0.52,False,1424,157,1266,1,0.11095505617977527,0.8890449438202247,0.732484076433121,115,42,0.0,0,1,0.0,0.2721518987341772,0.267515923566879,1.0,18,8
0.14,0.52,True,1424,157,1266,1,0.11095505617977527,0.8890449438202247,0.732484076433121,115,42,0.0,0,1,0.0,0.2721518987341772,0.267515923566879,1.0,18,8
0.14,0.53,False,1424,157,1266,1,0.11095505617977527,0.8890449438202247,0.732484076433121,115,42,0.0,0,1,0.0,0.2721518987341772,0.267515923566879,1.0,18,8
0.14,0.53,True,1424,157,1266,1,0.11095505617977527,0.8890449438202247,0.732484076433121,115,42,0.0,0,1,0.0,0.2721518987341772,0.267515923566879,1.0,18,8
0.14,0.54,False,1424,157,1266,1,0.11095505617977527,0.8890449438202247,0.732484076433121,115,42,0.0,0,1,0.0,0.2721518987341772,0.267515923566879,1.0,18,8
0.14,0.54,True,1424,157,1266,1,0.11095505617977527,0.8890449438202247,0.732484076433121,115,42,0.0,0,1,0.0,0.2721518987341772,0.267515923566879,1.0,18,8
0.14,0.55,False,1424,157,1266,1,0.11095505617977527,0.8890449438202247,0.732484076433121,115,42,0.0,0,1,0.0,0.2721518987341772,0.267515923566879,1.0,18,8
0.14,0.55,True,1424,157,1266,1,0.11095505617977527,0.8890449438202247,0.732484076433121,115,42,0.0,0,1,0.0,0.2721518987341772,0.267515923566879,1.0,18,8
0.14,0.56,False,1424,157,1266,1,0.11095505617977527,0.8890449438202247,0.732484076433121,115,42,0.0,0,1,0.0,0.2721518987341772,0.267515923566879,1.0,18,8
0.14,0.56,True,1424,157,1266,1,0.11095505617977527,0.8890449438202247,0.732484076433121,115,42,0.0,0,1,0.0,0.2721518987341772,0.267515923566879,1.0,18,8
0.14,0.57,False,1424,157,1266,1,0.11095505617977527,0.8890449438202247,0.732484076433121,115,42,0.0,0,1,0.0,0.2721518987341772,0.267515923566879,1.0,18,8
0.14,0.57,True,1424,157,1266,1,0.11095505617977527,0.8890449438202247,0.732484076433121,115,42,0.0,0,1,0.0,0.2721518987341772,0.267515923566879,1.0,18,8
0.14,0.58,False,1424,157,1266,1,0.11095505617977527,0.8890449438202247,0.732484076433121,115,42,0.0,0,1,0.0,0.2721518987341772,0.267515923566879,1.0,18,8
0.14,0.58,True,1424,157,1266,1,0.11095505617977527,0.8890449438202247,0.732484076433121,115,42,0.0,0,1,0.0,0.2721518987341772,0.267515923566879,1.0,18,8
0.14,0.59,False,1424,157,1266,1,0.11095505617977527,0.8890449438202247,0.732484076433121,115,42,0.0,0,1,0.0,0.2721518987341772,0.267515923566879,1.0,18,8
0.14,0.59,True,1424,157,1266,1,0.11095505617977527,0.8890449438202247,0.732484076433121,115,42,0.0,0,1,0.0,0.2721518987341772,0.267515923566879,1.0,18,8
0.14,0.6,False,1424,157,1266,1,0.11095505617977527,0.8890449438202247,0.732484076433121,115,42,0.0,0,1,0.0,0.2721518987341772,0.267515923566879,1.0,18,8
0.14,0.6,True,1424,157,1266,1,0.11095505617977527,0.8890449438202247,0.732484076433121,115,42,0.0,0,1,0.0,0.2721518987341772,0.267515923566879,1.0,18,8
0.14,0.61,False,1424,157,1266,1,0.11095505617977527,0.8890449438202247,0.732484076433121,115,42,0.0,0,1,0.0,0.2721518987341772,0.267515923566879,1.0,18,8
0.14,0.61,True,1424,157,1266,1,0.11095505617977527,0.8890449438202247,0.732484076433121,115,42,0.0,0,1,0.0,0.2721518987341772,0.267515923566879,1.0,18,8
0.14,0.62,False,1424,157,1266,1,0.11095505617977527,0.8890449438202247,0.732484076433121,115,42,0.0,0,1,0.0,0.2721518987341772,0.267515923566879,1.0,18,8
0.14,0.62,True,1424,157,1266,1,0.11095505617977527,0.8890449438202247,0.732484076433121,115,42,0.0,0,1,0.0,0.2721518987341772,0.267515923566879,1.0,18,8
0.14,0.63,False,1424,157,1266,1,0.11095505617977527,0.8890449438202247,0.732484076433121,115,42,0.0,0,1,0.0,0.2721518987341772,0.267515923566879,1.0,18,8
0.14,0.63,True,1424,157,1266,1,0.11095505617977527,0.8890449438202247,0.732484076433121,115,42,0.0,0,1,0.0,0.2721518987341772,0.267515923566879,1.0,18,8
0.14,0.64,False,1424,157,1266,1,0.11095505617977527,0.8890449438202247,0.732484076433121,115,42,0.0,0,1,0.0,0.2721518987341772,0.267515923566879,1.0,18,8
0.14,0.64,True,1424,157,1266,1,0.11095505617977527,0.8890449438202247,0.732484076433121,115,42,0.0,0,1,0.0,0.2721518987341772,0.267515923566879,1.0,18,8
0.14,0.65,False,1424,157,1266,1,0.11095505617977527,0.8890449438202247,0.732484076433121,115,42,0.0,0,1,0.0,0.2721518987341772,0.267515923566879,1.0,18,8
0.14,0.65,True,1424,157,1266,1,0.11095505617977527,0.8890449438202247,0.732484076433121,115,42,0.0,0,1,0.0,0.2721518987341772,0.267515923566879,1.0,18,8
0.14,0.66,False,1424,157,1267,0,0.11025280898876405,0.889747191011236,0.732484076433121,115,42,nan,0,0,0.0,0.267515923566879,0.267515923566879,nan,17,8
0.14,0.66,True,1424,157,1267,0,0.11025280898876405,0.889747191011236,0.732484076433121,115,42,nan,0,0,0.0,0.267515923566879,0.267515923566879,nan,17,8
0.14,0.67,False,1424,157,1267,0,0.11025280898876405,0.889747191011236,0.732484076433121,115,42,nan,0,0,0.0,0.267515923566879,0.267515923566879,nan,17,8
0.14,0.67,True,1424,157,1267,0,0.11025280898876405,0.889747191011236,0.732484076433121,115,42,nan,0,0,0.0,0.267515923566879,0.267515923566879,nan,17,8
0.14,0.68,False,1424,157,1267,0,0.11025280898876405,0.889747191011236,0.732484076433121,115,42,nan,0,0,0.0,0.267515923566879,0.267515923566879,nan,17,8
0.14,0.68,True,1424,157,1267,0,0.11025280898876405,0.889747191011236,0.732484076433121,115,42,nan,0,0,0.0,0.267515923566879,0.267515923566879,nan,17,8
0.14,0.69,False,1424,157,1267,0,0.11025280898876405,0.889747191011236,0.732484076433121,115,42,nan,0,0,0.0,0.267515923566879,0.267515923566879,nan,17,8
0.14,0.69,True,1424,157,1267,0,0.11025280898876405,0.889747191011236,0.732484076433121,115,42,nan,0,0,0.0,0.267515923566879,0.267515923566879,nan,17,8
0.14,0.7,False,1424,157,1267,0,0.11025280898876405,0.889747191011236,0.732484076433121,115,42,nan,0,0,0.0,0.267515923566879,0.267515923566879,nan,17,8
0.14,0.7,True,1424,157,1267,0,0.11025280898876405,0.889747191011236,0.732484076433121,115,42,nan,0,0,0.0,0.267515923566879,0.267515923566879,nan,17,8
0.14,0.71,False,1424,157,1267,0,0.11025280898876405,0.889747191011236,0.732484076433121,115,42,nan,0,0,0.0,0.267515923566879,0.267515923566879,nan,17,8
0.14,0.71,True,1424,157,1267,0,0.11025280898876405,0.889747191011236,0.732484076433121,115,42,nan,0,0,0.0,0.267515923566879,0.267515923566879,nan,17,8
0.14,0.72,False,1424,157,1267,0,0.11025280898876405,0.889747191011236,0.732484076433121,115,42,nan,0,0,0.0,0.267515923566879,0.267515923566879,nan,17,8
0.14,0.72,True,1424,157,1267,0,0.11025280898876405,0.889747191011236,0.732484076433121,115,42,nan,0,0,0.0,0.267515923566879,0.267515923566879,nan,17,8
0.14,0.73,False,1424,157,1267,0,0.11025280898876405,0.889747191011236,0.732484076433121,115,42,nan,0,0,0.0,0.267515923566879,0.267515923566879,nan,17,8
0.14,0.73,True,1424,157,1267,0,0.11025280898876405,0.889747191011236,0.732484076433121,115,42,nan,0,0,0.0,0.267515923566879,0.267515923566879,nan,17,8
0.14,0.74,False,1424,157,1267,0,0.11025280898876405,0.889747191011236,0.732484076433121,115,42,nan,0,0,0.0,0.267515923566879,0.267515923566879,nan,17,8
0.14,0.74,True,1424,157,1267,0,0.11025280898876405,0.889747191011236,0.732484076433121,115,42,nan,0,0,0.0,0.267515923566879,0.267515923566879,nan,17,8
0.14,0.75,False,1424,157,1267,0,0.11025280898876405,0.889747191011236,0.732484076433121,115,42,nan,0,0,0.0,0.267515923566879,0.267515923566879,nan,17,8
0.14,0.75,True,1424,157,1267,0,0.11025280898876405,0.889747191011236,0.732484076433121,115,42,nan,0,0,0.0,0.267515923566879,0.267515923566879,nan,17,8
0.14,0.76,False,1424,157,1267,0,0.11025280898876405,0.889747191011236,0.732484076433121,115,42,nan,0,0,0.0,0.267515923566879,0.267515923566879,nan,17,8
0.14,0.76,True,1424,157,1267,0,0.11025280898876405,0.889747191011236,0.732484076433121,115,42,nan,0,0,0.0,0.267515923566879,0.267515923566879,nan,17,8
0.14,0.77,False,1424,157,1267,0,0.11025280898876405,0.889747191011236,0.732484076433121,115,42,nan,0,0,0.0,0.267515923566879,0.267515923566879,nan,17,8
0.14,0.77,True,1424,157,1267,0,0.11025280898876405,0.889747191011236,0.732484076433121,115,42,nan,0,0,0.0,0.267515923566879,0.267515923566879,nan,17,8
0.14,0.78,False,1424,157,1267,0,0.11025280898876405,0.889747191011236,0.732484076433121,115,42,nan,0,0,0.0,0.267515923566879,0.267515923566879,nan,17,8
0.14,0.78,True,1424,157,1267,0,0.11025280898876405,0.889747191011236,0.732484076433121,115,42,nan,0,0,0.0,0.267515923566879,0.267515923566879,nan,17,8
0.14,0.79,False,1424,157,1267,0,0.11025280898876405,0.889747191011236,0.732484076433121,115,42,nan,0,0,0.0,0.267515923566879,0.267515923566879,nan,17,8
0.14,0.79,True,1424,157,1267,0,0.11025280898876405,0.889747191011236,0.732484076433121,115,42,nan,0,0,0.0,0.267515923566879,0.267515923566879,nan,17,8
0.14,0.8,False,1424,157,1267,0,0.11025280898876405,0.889747191011236,0.732484076433121,115,42,nan,0,0,0.0,0.267515923566879,0.267515923566879,nan,17,8
0.14,0.8,True,1424,157,1267,0,0.11025280898876405,0.889747191011236,0.732484076433121,115,42,nan,0,0,0.0,0.267515923566879,0.267515923566879,nan,17,8
0.14,0.81,False,1424,157,1267,0,0.11025280898876405,0.889747191011236,0.732484076433121,115,42,nan,0,0,0.0,0.267515923566879,0.267515923566879,nan,17,8
0.14,0.81,True,1424,157,1267,0,0.11025280898876405,0.889747191011236,0.732484076433121,115,42,nan,0,0,0.0,0.267515923566879,0.267515923566879,nan,17,8
0.14,0.82,False,1424,157,1267,0,0.11025280898876405,0.889747191011236,0.732484076433121,115,42,nan,0,0,0.0,0.267515923566879,0.267515923566879,nan,17,8
0.14,0.82,True,1424,157,1267,0,0.11025280898876405,0.889747191011236,0.732484076433121,115,42,nan,0,0,0.0,0.267515923566879,0.267515923566879,nan,17,8
0.14,0.83,False,1424,157,1267,0,0.11025280898876405,0.889747191011236,0.732484076433121,115,42,nan,0,0,0.0,0.267515923566879,0.267515923566879,nan,17,8
0.14,0.83,True,1424,157,1267,0,0.11025280898876405,0.889747191011236,0.732484076433121,115,42,nan,0,0,0.0,0.267515923566879,0.267515923566879,nan,17,8
0.14,0.84,False,1424,157,1267,0,0.11025280898876405,0.889747191011236,0.732484076433121,115,42,nan,0,0,0.0,0.267515923566879,0.267515923566879,nan,17,8
0.14,0.84,True,1424,157,1267,0,0.11025280898876405,0.889747191011236,0.732484076433121,115,42,nan,0,0,0.0,0.267515923566879,0.267515923566879,nan,17,8
0.14,0.85,False,1424,157,1267,0,0.11025280898876405,0.889747191011236,0.732484076433121,115,42,nan,0,0,0.0,0.267515923566879,0.267515923566879,nan,17,8
0.14,0.85,True,1424,157,1267,0,0.11025280898876405,0.889747191011236,0.732484076433121,115,42,nan,0,0,0.0,0.267515923566879,0.267515923566879,nan,17,8
0.15,0.2,False,1424,272,1064,88,0.25280898876404495,0.7471910112359551,0.75,204,68,0.2159090909090909,19,69,0.07883817427385892,0.38055555555555554,0.25,0.7840909090909091,24,15
0.15,0.2,True,1424,272,1092,60,0.23314606741573032,0.7668539325842697,0.75,204,68,0.2833333333333333,17,43,0.07053941908713693,0.33433734939759036,0.25,0.7166666666666667,24,14
0.15,0.21,False,1424,272,1119,33,0.21418539325842698,0.785814606741573,0.75,204,68,0.3333333333333333,11,22,0.04564315352697095,0.29508196721311475,0.25,0.6666666666666666,23,12
0.15,0.21,True,1424,272,1125,27,0.20997191011235955,0.7900280898876404,0.75,204,68,0.37037037037037035,10,17,0.04149377593360996,0.2842809364548495,0.25,0.6296296296296297,22,11
0.15,0.22,False,1424,272,1128,24,0.20786516853932585,0.7921348314606742,0.75,204,68,0.4166666666666667,10,14,0.04149377593360996,0.27702702702702703,0.25,0.5833333333333334,21,10
0.15,0.22,True,1424,272,1131,21,0.20575842696629212,0.7942415730337079,0.75,204,68,0.42857142857142855,9,12,0.03734439834024896,0.27303754266211605,0.25,0.5714285714285714,21,10
0.15,0.23,False,1424,272,1132,20,0.2050561797752809,0.7949438202247191,0.75,204,68,0.4,8,12,0.03319502074688797,0.273972602739726,0.25,0.6,21,10
0.15,0.23,True,1424,272,1135,17,0.2029494382022472,0.7970505617977528,0.75,204,68,0.4117647058823529,7,10,0.029045643153526972,0.2698961937716263,0.25,0.5882352941176471,21,10
0.15,0.24,False,1424,272,1138,14,0.20084269662921347,0.7991573033707865,0.75,204,68,0.42857142857142855,6,8,0.024896265560165973,0.26573426573426573,0.25,0.5714285714285714,21,10
0.15,0.24,True,1424,272,1139,13,0.20014044943820225,0.7998595505617978,0.75,204,68,0.38461538461538464,5,8,0.02074688796680498,0.26666666666666666,0.25,0.6153846153846154,21,10
0.15,0.25,False,1424,272,1139,13,0.20014044943820225,0.7998595505617978,0.75,204,68,0.46153846153846156,6,7,0.024896265560165973,0.2631578947368421,0.25,0.5384615384615384,21,10
0.15,0.25,True,1424,272,1140,12,0.199438202247191,0.800561797752809,0.75,204,68,0.4166666666666667,5,7,0.02074688796680498,0.2640845070422535,0.25,0.5833333333333334,21,10
0.15,0.26,False,1424,272,1143,9,0.1973314606741573,0.8026685393258427,0.75,204,68,0.3333333333333333,3,6,0.012448132780082987,0.26334519572953735,0.25,0.6666666666666666,21,10
0.15,0.26,True,1424,272,1143,9,0.1973314606741573,0.8026685393258427,0.75,204,68,0.3333333333333333,3,6,0.012448132780082987,0.26334519572953735,0.25,0.6666666666666666,21,10
0.15,0.27,False,1424,272,1146,6,0.1952247191011236,0.8047752808988764,0.75,204,68,0.3333333333333333,2,4,0.008298755186721992,0.2589928057553957,0.25,0.6666666666666666,21,10
0.15,0.27,True,1424,272,1146,6,0.1952247191011236,0.8047752808988764,0.75,204,68,0.3333333333333333,2,4,0.008298755186721992,0.2589928057553957,0.25,0.6666666666666666,21,10
0.15,0.28,False,1424,272,1147,5,0.19452247191011235,0.8054775280898876,0.75,204,68,0.2,1,4,0.004149377593360996,0.259927797833935,0.25,0.8,21,10
0.15,0.28,True,1424,272,1147,5,0.19452247191011235,0.8054775280898876,0.75,204,68,0.2,1,4,0.004149377593360996,0.259927797833935,0.25,0.8,21,10
0.15,0.29,False,1424,272,1147,5,0.19452247191011235,0.8054775280898876,0.75,204,68,0.2,1,4,0.004149377593360996,0.259927797833935,0.25,0.8,21,10
0.15,0.29,True,1424,272,1147,5,0.19452247191011235,0.8054775280898876,0.75,204,68,0.2,1,4,0.004149377593360996,0.259927797833935,0.25,0.8,21,10
0.15,0.3,False,1424,272,1147,5,0.19452247191011235,0.8054775280898876,0.75,204,68,0.2,1,4,0.004149377593360996,0.259927797833935,0.25,0.8,21,10
0.15,0.3,True,1424,272,1147,5,0.19452247191011235,0.8054775280898876,0.75,204,68,0.2,1,4,0.004149377593360996,0.259927797833935,0.25,0.8,21,10
0.15,0.31,False,1424,272,1147,5,0.19452247191011235,0.8054775280898876,0.75,204,68,0.2,1,4,0.004149377593360996,0.259927797833935,0.25,0.8,21,10
0.15,0.31,True,1424,272,1147,5,0.19452247191011235,0.8054775280898876,0.75,204,68,0.2,1,4,0.004149377593360996,0.259927797833935,0.25,0.8,21,10
0.15,0.32,False,1424,272,1147,5,0.19452247191011235,0.8054775280898876,0.75,204,68,0.2,1,4,0.004149377593360996,0.259927797833935,0.25,0.8,21,10
0.15,0.32,True,1424,272,1147,5,0.19452247191011235,0.8054775280898876,0.75,204,68,0.2,1,4,0.004149377593360996,0.259927797833935,0.25,0.8,21,10
0.15,0.33,False,1424,272,1147,5,0.19452247191011235,0.8054775280898876,0.75,204,68,0.2,1,4,0.004149377593360996,0.259927797833935,0.25,0.8,21,10
0.15,0.33,True,1424,272,1147,5,0.19452247191011235,0.8054775280898876,0.75,204,68,0.2,1,4,0.004149377593360996,0.259927797833935,0.25,0.8,21,10
0.15,0.34,False,1424,272,1147,5,0.19452247191011235,0.8054775280898876,0.75,204,68,0.2,1,4,0.004149377593360996,0.259927797833935,0.25,0.8,21,10
0.15,0.34,True,1424,272,1147,5,0.19452247191011235,0.8054775280898876,0.75,204,68,0.2,1,4,0.004149377593360996,0.259927797833935,0.25,0.8,21,10
0.15,0.35,False,1424,272,1147,5,0.19452247191011235,0.8054775280898876,0.75,204,68,0.2,1,4,0.004149377593360996,0.259927797833935,0.25,0.8,21,10
0.15,0.35,True,1424,272,1147,5,0.19452247191011235,0.8054775280898876,0.75,204,68,0.2,1,4,0.004149377593360996,0.259927797833935,0.25,0.8,21,10
0.15,0.36,False,1424,272,1147,5,0.19452247191011235,0.8054775280898876,0.75,204,68,0.2,1,4,0.004149377593360996,0.259927797833935,0.25,0.8,21,10
0.15,0.36,True,1424,272,1147,5,0.19452247191011235,0.8054775280898876,0.75,204,68,0.2,1,4,0.004149377593360996,0.259927797833935,0.25,0.8,21,10
0.15,0.37,False,1424,272,1149,3,0.1931179775280899,0.8068820224719101,0.75,204,68,0.3333333333333333,1,2,0.004149377593360996,0.2545454545454545,0.25,0.6666666666666666,21,10
0.15,0.37,True,1424,272,1149,3,0.1931179775280899,0.8068820224719101,0.75,204,68,0.3333333333333333,1,2,0.004149377593360996,0.2545454545454545,0.25,0.6666666666666666,21,10
0.15,0.38,False,1424,272,1149,3,0.1931179775280899,0.8068820224719101,0.75,204,68,0.3333333333333333,1,2,0.004149377593360996,0.2545454545454545,0.25,0.6666666666666666,21,10
0.15,0.38,True,1424,272,1149,3,0.1931179775280899,0.8068820224719101,0.75,204,68,0.3333333333333333,1,2,0.004149377593360996,0.2545454545454545,0.25,0.6666666666666666,21,10
0.15,0.39,False,1424,272,1149,3,0.1931179775280899,0.8068820224719101,0.75,204,68,0.3333333333333333,1,2,0.004149377593360996,0.2545454545454545,0.25,0.6666666666666666,21,10
0.15,0.39,True,1424,272,1149,3,0.1931179775280899,0.8068820224719101,0.75,204,68,0.3333333333333333,1,2,0.004149377593360996,0.2545454545454545,0.25,0.6666666666666666,21,10
0.15,0.4,False,1424,272,1149,3,0.1931179775280899,0.8068820224719101,0.75,204,68,0.3333333333333333,1,2,0.004149377593360996,0.2545454545454545,0.25,0.6666666666666666,21,10
0.15,0.4,True,1424,272,1149,3,0.1931179775280899,0.8068820224719101,0.75,204,68,0.3333333333333333,1,2,0.004149377593360996,0.2545454545454545,0.25,0.6666666666666666,21,10
0.15,0.41,False,1424,272,1150,2,0.19241573033707865,0.8075842696629213,0.75,204,68,0.0,0,2,0.0,0.25547445255474455,0.25,1.0,20,10
0.15,0.41,True,1424,272,1150,2,0.19241573033707865,0.8075842696629213,0.75,204,68,0.0,0,2,0.0,0.25547445255474455,0.25,1.0,20,10
0.15,0.42,False,1424,272,1151,1,0.19171348314606743,0.8082865168539326,0.75,204,68,0.0,0,1,0.0,0.25274725274725274,0.25,1.0,20,10
0.15,0.42,True,1424,272,1151,1,0.19171348314606743,0.8082865168539326,0.75,204,68,0.0,0,1,0.0,0.25274725274725274,0.25,1.0,20,10
0.15,0.43,False,1424,272,1151,1,0.19171348314606743,0.8082865168539326,0.75,204,68,0.0,0,1,0.0,0.25274725274725274,0.25,1.0,20,10
0.15,0.43,True,1424,272,1151,1,0.19171348314606743,0.8082865168539326,0.75,204,68,0.0,0,1,0.0,0.25274725274725274,0.25,1.0,20,10
0.15,0.44,False,1424,272,1151,1,0.19171348314606743,0.8082865168539326,0.75,204,68,0.0,0,1,0.0,0.25274725274725274,0.25,1.0,20,10
0.15,0.44,True,1424,272,1151,1,0.19171348314606743,0.8082865168539326,0.75,204,68,0.0,0,1,0.0,0.25274725274725274,0.25,1.0,20,10
0.15,0.45,False,1424,272,1151,1,0.19171348314606743,0.8082865168539326,0.75,204,68,0.0,0,1,0.0,0.25274725274725274,0.25,1.0,20,10
0.15,0.45,True,1424,272,1151,1,0.19171348314606743,0.8082865168539326,0.75,204,68,0.0,0,1,0.0,0.25274725274725274,0.25,1.0,20,10
0.15,0.46,False,1424,272,1151,1,0.19171348314606743,0.8082865168539326,0.75,204,68,0.0,0,1,0.0,0.25274725274725274,0.25,1.0,20,10
0.15,0.46,True,1424,272,1151,1,0.19171348314606743,0.8082865168539326,0.75,204,68,0.0,0,1,0.0,0.25274725274725274,0.25,1.0,20,10
0.15,0.47,False,1424,272,1151,1,0.19171348314606743,0.8082865168539326,0.75,204,68,0.0,0,1,0.0,0.25274725274725274,0.25,1.0,20,10
0.15,0.47,True,1424,272,1151,1,0.19171348314606743,0.8082865168539326,0.75,204,68,0.0,0,1,0.0,0.25274725274725274,0.25,1.0,20,10
0.15,0.48,False,1424,272,1151,1,0.19171348314606743,0.8082865168539326,0.75,204,68,0.0,0,1,0.0,0.25274725274725274,0.25,1.0,20,10
0.15,0.48,True,1424,272,1151,1,0.19171348314606743,0.8082865168539326,0.75,204,68,0.0,0,1,0.0,0.25274725274725274,0.25,1.0,20,10
0.15,0.49,False,1424,272,1151,1,0.19171348314606743,0.8082865168539326,0.75,204,68,0.0,0,1,0.0,0.25274725274725274,0.25,1.0,20,10
0.15,0.49,True,1424,272,1151,1,0.19171348314606743,0.8082865168539326,0.75,204,68,0.0,0,1,0.0,0.25274725274725274,0.25,1.0,20,10
0.15,0.5,False,1424,272,1151,1,0.19171348314606743,0.8082865168539326,0.75,204,68,0.0,0,1,0.0,0.25274725274725274,0.25,1.0,20,10
0.15,0.5,True,1424,272,1151,1,0.19171348314606743,0.8082865168539326,0.75,204,68,0.0,0,1,0.0,0.25274725274725274,0.25,1.0,20,10
0.15,0.51,False,1424,272,1151,1,0.19171348314606743,0.8082865168539326,0.75,204,68,0.0,0,1,0.0,0.25274725274725274,0.25,1.0,20,10
0.15,0.51,True,1424,272,1151,1,0.19171348314606743,0.8082865168539326,0.75,204,68,0.0,0,1,0.0,0.25274725274725274,0.25,1.0,20,10
0.15,0.52,False,1424,272,1151,1,0.19171348314606743,0.8082865168539326,0.75,204,68,0.0,0,1,0.0,0.25274725274725274,0.25,1.0,20,10
0.15,0.52,True,1424,272,1151,1,0.19171348314606743,0.8082865168539326,0.75,204,68,0.0,0,1,0.0,0.25274725274725274,0.25,1.0,20,10
0.15,0.53,False,1424,272,1151,1,0.19171348314606743,0.8082865168539326,0.75,204,68,0.0,0,1,0.0,0.25274725274725274,0.25,1.0,20,10
0.15,0.53,True,1424,272,1151,1,0.19171348314606743,0.8082865168539326,0.75,204,68,0.0,0,1,0.0,0.25274725274725274,0.25,1.0,20,10
0.15,0.54,False,1424,272,1151,1,0.19171348314606743,0.8082865168539326,0.75,204,68,0.0,0,1,0.0,0.25274725274725274,0.25,1.0,20,10
0.15,0.54,True,1424,272,1151,1,0.19171348314606743,0.8082865168539326,0.75,204,68,0.0,0,1,0.0,0.25274725274725274,0.25,1.0,20,10
0.15,0.55,False,1424,272,1151,1,0.19171348314606743,0.8082865168539326,0.75,204,68,0.0,0,1,0.0,0.25274725274725274,0.25,1.0,20,10
0.15,0.55,True,1424,272,1151,1,0.19171348314606743,0.8082865168539326,0.75,204,68,0.0,0,1,0.0,0.25274725274725274,0.25,1.0,20,10
0.15,0.56,False,1424,272,1151,1,0.19171348314606743,0.8082865168539326,0.75,204,68,0.0,0,1,0.0,0.25274725274725274,0.25,1.0,20,10
0.15,0.56,True,1424,272,1151,1,0.19171348314606743,0.8082865168539326,0.75,204,68,0.0,0,1,0.0,0.25274725274725274,0.25,1.0,20,10
0.15,0.57,False,1424,272,1151,1,0.19171348314606743,0.8082865168539326,0.75,204,68,0.0,0,1,0.0,0.25274725274725274,0.25,1.0,20,10
0.15,0.57,True,1424,272,1151,1,0.19171348314606743,0.8082865168539326,0.75,204,68,0.0,0,1,0.0,0.25274725274725274,0.25,1.0,20,10
0.15,0.58,False,1424,272,1151,1,0.19171348314606743,0.8082865168539326,0.75,204,68,0.0,0,1,0.0,0.25274725274725274,0.25,1.0,20,10
0.15,0.58,True,1424,272,1151,1,0.19171348314606743,0.8082865168539326,0.75,204,68,0.0,0,1,0.0,0.25274725274725274,0.25,1.0,20,10
0.15,0.59,False,1424,272,1151,1,0.19171348314606743,0.8082865168539326,0.75,204,68,0.0,0,1,0.0,0.25274725274725274,0.25,1.0,20,10
0.15,0.59,True,1424,272,1151,1,0.19171348314606743,0.8082865168539326,0.75,204,68,0.0,0,1,0.0,0.25274725274725274,0.25,1.0,20,10
0.15,0.6,False,1424,272,1151,1,0.19171348314606743,0.8082865168539326,0.75,204,68,0.0,0,1,0.0,0.25274725274725274,0.25,1.0,20,10
0.15,0.6,True,1424,272,1151,1,0.19171348314606743,0.8082865168539326,0.75,204,68,0.0,0,1,0.0,0.25274725274725274,0.25,1.0,20,10
0.15,0.61,False,1424,272,1151,1,0.19171348314606743,0.8082865168539326,0.75,204,68,0.0,0,1,0.0,0.25274725274725274,0.25,1.0,20,10
0.15,0.61,True,1424,272,1151,1,0.19171348314606743,0.8082865168539326,0.75,204,68,0.0,0,1,0.0,0.25274725274725274,0.25,1.0,20,10
0.15,0.62,False,1424,272,1151,1,0.19171348314606743,0.8082865168539326,0.75,204,68,0.0,0,1,0.0,0.25274725274725274,0.25,1.0,20,10
0.15,0.62,True,1424,272,1151,1,0.19171348314606743,0.8082865168539326,0.75,204,68,0.0,0,1,0.0,0.25274725274725274,0.25,1.0,20,10
0.15,0.63,False,1424,272,1151,1,0.19171348314606743,0.8082865168539326,0.75,204,68,0.0,0,1,0.0,0.25274725274725274,0.25,1.0,20,10
0.15,0.63,True,1424,272,1151,1,0.19171348314606743,0.8082865168539326,0.75,204,68,0.0,0,1,0.0,0.25274725274725274,0.25,1.0,20,10
0.15,0.64,False,1424,272,1151,1,0.19171348314606743,0.8082865168539326,0.75,204,68,0.0,0,1,0.0,0.25274725274725274,0.25,1.0,20,10
0.15,0.64,True,1424,272,1151,1,0.19171348314606743,0.8082865168539326,0.75,204,68,0.0,0,1,0.0,0.25274725274725274,0.25,1.0,20,10
0.15,0.65,False,1424,272,1151,1,0.19171348314606743,0.8082865168539326,0.75,204,68,0.0,0,1,0.0,0.25274725274725274,0.25,1.0,20,10
0.15,0.65,True,1424,272,1151,1,0.19171348314606743,0.8082865168539326,0.75,204,68,0.0,0,1,0.0,0.25274725274725274,0.25,1.0,20,10
0.15,0.66,False,1424,272,1152,0,0.19101123595505617,0.8089887640449438,0.75,204,68,nan,0,0,0.0,0.25,0.25,nan,20,10
0.15,0.66,True,1424,272,1152,0,0.19101123595505617,0.8089887640449438,0.75,204,68,nan,0,0,0.0,0.25,0.25,nan,20,10
0.15,0.67,False,1424,272,1152,0,0.19101123595505617,0.8089887640449438,0.75,204,68,nan,0,0,0.0,0.25,0.25,nan,20,10
0.15,0.67,True,1424,272,1152,0,0.19101123595505617,0.8089887640449438,0.75,204,68,nan,0,0,0.0,0.25,0.25,nan,20,10
0.15,0.68,False,1424,272,1152,0,0.19101123595505617,0.8089887640449438,0.75,204,68,nan,0,0,0.0,0.25,0.25,nan,20,10
0.15,0.68,True,1424,272,1152,0,0.19101123595505617,0.8089887640449438,0.75,204,68,nan,0,0,0.0,0.25,0.25,nan,20,10
0.15,0.69,False,1424,272,1152,0,0.19101123595505617,0.8089887640449438,0.75,204,68,nan,0,0,0.0,0.25,0.25,nan,20,10
0.15,0.69,True,1424,272,1152,0,0.19101123595505617,0.8089887640449438,0.75,204,68,nan,0,0,0.0,0.25,0.25,nan,20,10
0.15,0.7,False,1424,272,1152,0,0.19101123595505617,0.8089887640449438,0.75,204,68,nan,0,0,0.0,0.25,0.25,nan,20,10
0.15,0.7,True,1424,272,1152,0,0.19101123595505617,0.8089887640449438,0.75,204,68,nan,0,0,0.0,0.25,0.25,nan,20,10
0.15,0.71,False,1424,272,1152,0,0.19101123595505617,0.8089887640449438,0.75,204,68,nan,0,0,0.0,0.25,0.25,nan,20,10
0.15,0.71,True,1424,272,1152,0,0.19101123595505617,0.8089887640449438,0.75,204,68,nan,0,0,0.0,0.25,0.25,nan,20,10
0.15,0.72,False,1424,272,1152,0,0.19101123595505617,0.8089887640449438,0.75,204,68,nan,0,0,0.0,0.25,0.25,nan,20,10
0.15,0.72,True,1424,272,1152,0,0.19101123595505617,0.8089887640449438,0.75,204,68,nan,0,0,0.0,0.25,0.25,nan,20,10
0.15,0.73,False,1424,272,1152,0,0.19101123595505617,0.8089887640449438,0.75,204,68,nan,0,0,0.0,0.25,0.25,nan,20,10
0.15,0.73,True,1424,272,1152,0,0.19101123595505617,0.8089887640449438,0.75,204,68,nan,0,0,0.0,0.25,0.25,nan,20,10
0.15,0.74,False,1424,272,1152,0,0.19101123595505617,0.8089887640449438,0.75,204,68,nan,0,0,0.0,0.25,0.25,nan,20,10
0.15,0.74,True,1424,272,1152,0,0.19101123595505617,0.8089887640449438,0.75,204,68,nan,0,0,0.0,0.25,0.25,nan,20,10
0.15,0.75,False,1424,272,1152,0,0.19101123595505617,0.8089887640449438,0.75,204,68,nan,0,0,0.0,0.25,0.25,nan,20,10
0.15,0.75,True,1424,272,1152,0,0.19101123595505617,0.8089887640449438,0.75,204,68,nan,0,0,0.0,0.25,0.25,nan,20,10
0.15,0.76,False,1424,272,1152,0,0.19101123595505617,0.8089887640449438,0.75,204,68,nan,0,0,0.0,0.25,0.25,nan,20,10
0.15,0.76,True,1424,272,1152,0,0.19101123595505617,0.8089887640449438,0.75,204,68,nan,0,0,0.0,0.25,0.25,nan,20,10
0.15,0.77,False,1424,272,1152,0,0.19101123595505617,0.8089887640449438,0.75,204,68,nan,0,0,0.0,0.25,0.25,nan,20,10
0.15,0.77,True,1424,272,1152,0,0.19101123595505617,0.8089887640449438,0.75,204,68,nan,0,0,0.0,0.25,0.25,nan,20,10
0.15,0.78,False,1424,272,1152,0,0.19101123595505617,0.8089887640449438,0.75,204,68,nan,0,0,0.0,0.25,0.25,nan,20,10
0.15,0.78,True,1424,272,1152,0,0.19101123595505617,0.8089887640449438,0.75,204,68,nan,0,0,0.0,0.25,0.25,nan,20,10
0.15,0.79,False,1424,272,1152,0,0.19101123595505617,0.8089887640449438,0.75,204,68,nan,0,0,0.0,0.25,0.25,nan,20,10
0.15,0.79,True,1424,272,1152,0,0.19101123595505617,0.8089887640449438,0.75,204,68,nan,0,0,0.0,0.25,0.25,nan,20,10
0.15,0.8,False,1424,272,1152,0,0.19101123595505617,0.8089887640449438,0.75,204,68,nan,0,0,0.0,0.25,0.25,nan,20,10
0.15,0.8,True,1424,272,1152,0,0.19101123595505617,0.8089887640449438,0.75,204,68,nan,0,0,0.0,0.25,0.25,nan,20,10
0.15,0.81,False,1424,272,1152,0,0.19101123595505617,0.8089887640449438,0.75,204,68,nan,0,0,0.0,0.25,0.25,nan,20,10
0.15,0.81,True,1424,272,1152,0,0.19101123595505617,0.8089887640449438,0.75,204,68,nan,0,0,0.0,0.25,0.25,nan,20,10
0.15,0.82,False,1424,272,1152,0,0.19101123595505617,0.8089887640449438,0.75,204,68,nan,0,0,0.0,0.25,0.25,nan,20,10
0.15,0.82,True,1424,272,1152,0,0.19101123595505617,0.8089887640449438,0.75,204,68,nan,0,0,0.0,0.25,0.25,nan,20,10
0.15,0.83,False,1424,272,1152,0,0.19101123595505617,0.8089887640449438,0.75,204,68,nan,0,0,0.0,0.25,0.25,nan,20,10
0.15,0.83,True,1424,272,1152,0,0.19101123595505617,0.8089887640449438,0.75,204,68,nan,0,0,0.0,0.25,0.25,nan,20,10
0.15,0.84,False,1424,272,1152,0,0.19101123595505617,0.8089887640449438,0.75,204,68,nan,0,0,0.0,0.25,0.25,nan,20,10
0.15,0.84,True,1424,272,1152,0,0.19101123595505617,0.8089887640449438,0.75,204,68,nan,0,0,0.0,0.25,0.25,nan,20,10
0.15,0.85,False,1424,272,1152,0,0.19101123595505617,0.8089887640449438,0.75,204,68,nan,0,0,0.0,0.25,0.25,nan,20,10
0.15,0.85,True,1424,272,1152,0,0.19101123595505617,0.8089887640449438,0.75,204,68,nan,0,0,0.0,0.25,0.25,nan,20,10
0.16,0.2,False,1424,335,1001,88,0.2970505617977528,0.7029494382022472,0.764179104477612,256,79,0.2159090909090909,19,69,0.07883817427385892,0.34988179669030733,0.23582089552238805,0.7840909090909091,26,15
0.16,0.2,True,1424,335,1029,60,0.2773876404494382,0.7226123595505618,0.764179104477612,256,79,0.2833333333333333,17,43,0.07053941908713693,0.30886075949367087,0.23582089552238805,0.7166666666666667,26,14
0.16,0.21,False,1424,335,1056,33,0.25842696629213485,0.7415730337078652,0.764179104477612,256,79,0.3333333333333333,11,22,0.04564315352697095,0.27445652173913043,0.23582089552238805,0.6666666666666666,25,12
0.16,0.21,True,1424,335,1062,27,0.2542134831460674,0.7457865168539326,0.764179104477612,256,79,0.37037037037037035,10,17,0.04149377593360996,0.26519337016574585,0.23582089552238805,0.6296296296296297,24,12
0.16,0.22,False,1424,335,1065,24,0.2521067415730337,0.7478932584269663,0.764179104477612,256,79,0.4166666666666667,10,14,0.04149377593360996,0.2590529247910863,0.23582089552238805,0.5833333333333334,23,11
0.16,0.22,True,1424,335,1068,21,0.25,0.75,0.764179104477612,256,79,0.42857142857142855,9,12,0.03734439834024896,0.2556179775280899,0.23582089552238805,0.5714285714285714,23,11
0.16,0.23,False,1424,335,1069,20,0.24929775280898878,0.7507022471910112,0.764179104477612,256,79,0.4,8,12,0.03319502074688797,0.2563380281690141,0.23582089552238805,0.6,23,11
0.16,0.23,True,1424,335,1072,17,0.24719101123595505,0.7528089887640449,0.764179104477612,256,79,0.4117647058823529,7,10,0.029045643153526972,0.2528409090909091,0.23582089552238805,0.5882352941176471,23,11
0.16,0.24,False,1424,335,1075,14,0.24508426966292135,0.7549157303370787,0.764179104477612,256,79,0.42857142857142855,6,8,0.024896265560165973,0.2492836676217765,0.23582089552238805,0.5714285714285714,23,11
0.16,0.24,True,1424,335,1076,13,0.2443820224719101,0.7556179775280899,0.764179104477612,256,79,0.38461538461538464,5,8,0.02074688796680498,0.25,0.23582089552238805,0.6153846153846154,23,11
0.16,0.25,False,1424,335,1076,13,0.2443820224719101,0.7556179775280899,0.764179104477612,256,79,0.46153846153846156,6,7,0.024896265560165973,0.2471264367816092,0.23582089552238805,0.5384615384615384,23,11
0.16,0.25,True,1424,335,1077,12,0.24367977528089887,0.7563202247191011,0.764179104477612,256,79,0.4166666666666667,5,7,0.02074688796680498,0.2478386167146974,0.23582089552238805,0.5833333333333334,23,11
0.16,0.26,False,1424,335,1080,9,0.24157303370786518,0.7584269662921348,0.764179104477612,256,79,0.3333333333333333,3,6,0.012448132780082987,0.24709302325581395,0.23582089552238805,0.6666666666666666,23,11
0.16,0.26,True,1424,335,1080,9,0.24157303370786518,0.7584269662921348,0.764179104477612,256,79,0.3333333333333333,3,6,0.012448132780082987,0.24709302325581395,0.23582089552238805,0.6666666666666666,23,11
0.16,0.27,False,1424,335,1083,6,0.23946629213483145,0.7605337078651685,0.764179104477612,256,79,0.3333333333333333,2,4,0.008298755186721992,0.2434017595307918,0.23582089552238805,0.6666666666666666,23,11
0.16,0.27,True,1424,335,1083,6,0.23946629213483145,0.7605337078651685,0.764179104477612,256,79,0.3333333333333333,2,4,0.008298755186721992,0.2434017595307918,0.23582089552238805,0.6666666666666666,23,11
0.16,0.28,False,1424,335,1084,5,0.23876404494382023,0.7612359550561798,0.764179104477612,256,79,0.2,1,4,0.004149377593360996,0.24411764705882352,0.23582089552238805,0.8,23,11
0.16,0.28,True,1424,335,1084,5,0.23876404494382023,0.7612359550561798,0.764179104477612,256,79,0.2,1,4,0.004149377593360996,0.24411764705882352,0.23582089552238805,0.8,23,11
0.16,0.29,False,1424,335,1084,5,0.23876404494382023,0.7612359550561798,0.764179104477612,256,79,0.2,1,4,0.004149377593360996,0.24411764705882352,0.23582089552238805,0.8,23,11
0.16,0.29,True,1424,335,1084,5,0.23876404494382023,0.7612359550561798,0.764179104477612,256,79,0.2,1,4,0.004149377593360996,0.24411764705882352,0.23582089552238805,0.8,23,11
0.16,0.3,False,1424,335,1084,5,0.23876404494382023,0.7612359550561798,0.764179104477612,256,79,0.2,1,4,0.004149377593360996,0.24411764705882352,0.23582089552238805,0.8,23,11
0.16,0.3,True,1424,335,1084,5,0.23876404494382023,0.7612359550561798,0.764179104477612,256,79,0.2,1,4,0.004149377593360996,0.24411764705882352,0.23582089552238805,0.8,23,11
0.16,0.31,False,1424,335,1084,5,0.23876404494382023,0.7612359550561798,0.764179104477612,256,79,0.2,1,4,0.004149377593360996,0.24411764705882352,0.23582089552238805,0.8,23,11
0.16,0.31,True,1424,335,1084,5,0.23876404494382023,0.7612359550561798,0.764179104477612,256,79,0.2,1,4,0.004149377593360996,0.24411764705882352,0.23582089552238805,0.8,23,11
0.16,0.32,False,1424,335,1084,5,0.23876404494382023,0.7612359550561798,0.764179104477612,256,79,0.2,1,4,0.004149377593360996,0.24411764705882352,0.23582089552238805,0.8,23,11
0.16,0.32,True,1424,335,1084,5,0.23876404494382023,0.7612359550561798,0.764179104477612,256,79,0.2,1,4,0.004149377593360996,0.24411764705882352,0.23582089552238805,0.8,23,11
0.16,0.33,False,1424,335,1084,5,0.23876404494382023,0.7612359550561798,0.764179104477612,256,79,0.2,1,4,0.004149377593360996,0.24411764705882352,0.23582089552238805,0.8,23,11
0.16,0.33,True,1424,335,1084,5,0.23876404494382023,0.7612359550561798,0.764179104477612,256,79,0.2,1,4,0.004149377593360996,0.24411764705882352,0.23582089552238805,0.8,23,11
0.16,0.34,False,1424,335,1084,5,0.23876404494382023,0.7612359550561798,0.764179104477612,256,79,0.2,1,4,0.004149377593360996,0.24411764705882352,0.23582089552238805,0.8,23,11
0.16,0.34,True,1424,335,1084,5,0.23876404494382023,0.7612359550561798,0.764179104477612,256,79,0.2,1,4,0.004149377593360996,0.24411764705882352,0.23582089552238805,0.8,23,11
0.16,0.35,False,1424,335,1084,5,0.23876404494382023,0.7612359550561798,0.764179104477612,256,79,0.2,1,4,0.004149377593360996,0.24411764705882352,0.23582089552238805,0.8,23,11
0.16,0.35,True,1424,335,1084,5,0.23876404494382023,0.7612359550561798,0.764179104477612,256,79,0.2,1,4,0.004149377593360996,0.24411764705882352,0.23582089552238805,0.8,23,11
0.16,0.36,False,1424,335,1084,5,0.23876404494382023,0.7612359550561798,0.764179104477612,256,79,0.2,1,4,0.004149377593360996,0.24411764705882352,0.23582089552238805,0.8,23,11
0.16,0.36,True,1424,335,1084,5,0.23876404494382023,0.7612359550561798,0.764179104477612,256,79,0.2,1,4,0.004149377593360996,0.24411764705882352,0.23582089552238805,0.8,23,11
0.16,0.37,False,1424,335,1086,3,0.23735955056179775,0.7626404494382022,0.764179104477612,256,79,0.3333333333333333,1,2,0.004149377593360996,0.23964497041420119,0.23582089552238805,0.6666666666666666,23,11
0.16,0.37,True,1424,335,1086,3,0.23735955056179775,0.7626404494382022,0.764179104477612,256,79,0.3333333333333333,1,2,0.004149377593360996,0.23964497041420119,0.23582089552238805,0.6666666666666666,23,11
0.16,0.38,False,1424,335,1086,3,0.23735955056179775,0.7626404494382022,0.764179104477612,256,79,0.3333333333333333,1,2,0.004149377593360996,0.23964497041420119,0.23582089552238805,0.6666666666666666,23,11
0.16,0.38,True,1424,335,1086,3,0.23735955056179775,0.7626404494382022,0.764179104477612,256,79,0.3333333333333333,1,2,0.004149377593360996,0.23964497041420119,0.23582089552238805,0.6666666666666666,23,11
0.16,0.39,False,1424,335,1086,3,0.23735955056179775,0.7626404494382022,0.764179104477612,256,79,0.3333333333333333,1,2,0.004149377593360996,0.23964497041420119,0.23582089552238805,0.6666666666666666,23,11
0.16,0.39,True,1424,335,1086,3,0.23735955056179775,0.7626404494382022,0.764179104477612,256,79,0.3333333333333333,1,2,0.004149377593360996,0.23964497041420119,0.23582089552238805,0.6666666666666666,23,11
0.16,0.4,False,1424,335,1086,3,0.23735955056179775,0.7626404494382022,0.764179104477612,256,79,0.3333333333333333,1,2,0.004149377593360996,0.23964497041420119,0.23582089552238805,0.6666666666666666,23,11
0.16,0.4,True,1424,335,1086,3,0.23735955056179775,0.7626404494382022,0.764179104477612,256,79,0.3333333333333333,1,2,0.004149377593360996,0.23964497041420119,0.23582089552238805,0.6666666666666666,23,11
0.16,0.41,False,1424,335,1087,2,0.23665730337078653,0.7633426966292135,0.764179104477612,256,79,0.0,0,2,0.0,0.2403560830860534,0.23582089552238805,1.0,22,11
0.16,0.41,True,1424,335,1087,2,0.23665730337078653,0.7633426966292135,0.764179104477612,256,79,0.0,0,2,0.0,0.2403560830860534,0.23582089552238805,1.0,22,11
0.16,0.42,False,1424,335,1088,1,0.23595505617977527,0.7640449438202247,0.764179104477612,256,79,0.0,0,1,0.0,0.23809523809523808,0.23582089552238805,1.0,22,11
0.16,0.42,True,1424,335,1088,1,0.23595505617977527,0.7640449438202247,0.764179104477612,256,79,0.0,0,1,0.0,0.23809523809523808,0.23582089552238805,1.0,22,11
0.16,0.43,False,1424,335,1088,1,0.23595505617977527,0.7640449438202247,0.764179104477612,256,79,0.0,0,1,0.0,0.23809523809523808,0.23582089552238805,1.0,22,11
0.16,0.43,True,1424,335,1088,1,0.23595505617977527,0.7640449438202247,0.764179104477612,256,79,0.0,0,1,0.0,0.23809523809523808,0.23582089552238805,1.0,22,11
0.16,0.44,False,1424,335,1088,1,0.23595505617977527,0.7640449438202247,0.764179104477612,256,79,0.0,0,1,0.0,0.23809523809523808,0.23582089552238805,1.0,22,11
0.16,0.44,True,1424,335,1088,1,0.23595505617977527,0.7640449438202247,0.764179104477612,256,79,0.0,0,1,0.0,0.23809523809523808,0.23582089552238805,1.0,22,11
0.16,0.45,False,1424,335,1088,1,0.23595505617977527,0.7640449438202247,0.764179104477612,256,79,0.0,0,1,0.0,0.23809523809523808,0.23582089552238805,1.0,22,11
0.16,0.45,True,1424,335,1088,1,0.23595505617977527,0.7640449438202247,0.764179104477612,256,79,0.0,0,1,0.0,0.23809523809523808,0.23582089552238805,1.0,22,11
0.16,0.46,False,1424,335,1088,1,0.23595505617977527,0.7640449438202247,0.764179104477612,256,79,0.0,0,1,0.0,0.23809523809523808,0.23582089552238805,1.0,22,11
0.16,0.46,True,1424,335,1088,1,0.23595505617977527,0.7640449438202247,0.764179104477612,256,79,0.0,0,1,0.0,0.23809523809523808,0.23582089552238805,1.0,22,11
0.16,0.47,False,1424,335,1088,1,0.23595505617977527,0.7640449438202247,0.764179104477612,256,79,0.0,0,1,0.0,0.23809523809523808,0.23582089552238805,1.0,22,11
0.16,0.47,True,1424,335,1088,1,0.23595505617977527,0.7640449438202247,0.764179104477612,256,79,0.0,0,1,0.0,0.23809523809523808,0.23582089552238805,1.0,22,11
0.16,0.48,False,1424,335,1088,1,0.23595505617977527,0.7640449438202247,0.764179104477612,256,79,0.0,0,1,0.0,0.23809523809523808,0.23582089552238805,1.0,22,11
0.16,0.48,True,1424,335,1088,1,0.23595505617977527,0.7640449438202247,0.764179104477612,256,79,0.0,0,1,0.0,0.23809523809523808,0.23582089552238805,1.0,22,11
0.16,0.49,False,1424,335,1088,1,0.23595505617977527,0.7640449438202247,0.764179104477612,256,79,0.0,0,1,0.0,0.23809523809523808,0.23582089552238805,1.0,22,11
0.16,0.49,True,1424,335,1088,1,0.23595505617977527,0.7640449438202247,0.764179104477612,256,79,0.0,0,1,0.0,0.23809523809523808,0.23582089552238805,1.0,22,11
0.16,0.5,False,1424,335,1088,1,0.23595505617977527,0.7640449438202247,0.764179104477612,256,79,0.0,0,1,0.0,0.23809523809523808,0.23582089552238805,1.0,22,11
0.16,0.5,True,1424,335,1088,1,0.23595505617977527,0.7640449438202247,0.764179104477612,256,79,0.0,0,1,0.0,0.23809523809523808,0.23582089552238805,1.0,22,11
0.16,0.51,False,1424,335,1088,1,0.23595505617977527,0.7640449438202247,0.764179104477612,256,79,0.0,0,1,0.0,0.23809523809523808,0.23582089552238805,1.0,22,11
0.16,0.51,True,1424,335,1088,1,0.23595505617977527,0.7640449438202247,0.764179104477612,256,79,0.0,0,1,0.0,0.23809523809523808,0.23582089552238805,1.0,22,11
0.16,0.52,False,1424,335,1088,1,0.23595505617977527,0.7640449438202247,0.764179104477612,256,79,0.0,0,1,0.0,0.23809523809523808,0.23582089552238805,1.0,22,11
0.16,0.52,True,1424,335,1088,1,0.23595505617977527,0.7640449438202247,0.764179104477612,256,79,0.0,0,1,0.0,0.23809523809523808,0.23582089552238805,1.0,22,11
0.16,0.53,False,1424,335,1088,1,0.23595505617977527,0.7640449438202247,0.764179104477612,256,79,0.0,0,1,0.0,0.23809523809523808,0.23582089552238805,1.0,22,11
0.16,0.53,True,1424,335,1088,1,0.23595505617977527,0.7640449438202247,0.764179104477612,256,79,0.0,0,1,0.0,0.23809523809523808,0.23582089552238805,1.0,22,11
0.16,0.54,False,1424,335,1088,1,0.23595505617977527,0.7640449438202247,0.764179104477612,256,79,0.0,0,1,0.0,0.23809523809523808,0.23582089552238805,1.0,22,11
0.16,0.54,True,1424,335,1088,1,0.23595505617977527,0.7640449438202247,0.764179104477612,256,79,0.0,0,1,0.0,0.23809523809523808,0.23582089552238805,1.0,22,11
0.16,0.55,False,1424,335,1088,1,0.23595505617977527,0.7640449438202247,0.764179104477612,256,79,0.0,0,1,0.0,0.23809523809523808,0.23582089552238805,1.0,22,11
0.16,0.55,True,1424,335,1088,1,0.23595505617977527,0.7640449438202247,0.764179104477612,256,79,0.0,0,1,0.0,0.23809523809523808,0.23582089552238805,1.0,22,11
0.16,0.56,False,1424,335,1088,1,0.23595505617977527,0.7640449438202247,0.764179104477612,256,79,0.0,0,1,0.0,0.23809523809523808,0.23582089552238805,1.0,22,11
0.16,0.56,True,1424,335,1088,1,0.23595505617977527,0.7640449438202247,0.764179104477612,256,79,0.0,0,1,0.0,0.23809523809523808,0.23582089552238805,1.0,22,11
0.16,0.57,False,1424,335,1088,1,0.23595505617977527,0.7640449438202247,0.764179104477612,256,79,0.0,0,1,0.0,0.23809523809523808,0.23582089552238805,1.0,22,11
0.16,0.57,True,1424,335,1088,1,0.23595505617977527,0.7640449438202247,0.764179104477612,256,79,0.0,0,1,0.0,0.23809523809523808,0.23582089552238805,1.0,22,11
0.16,0.58,False,1424,335,1088,1,0.23595505617977527,0.7640449438202247,0.764179104477612,256,79,0.0,0,1,0.0,0.23809523809523808,0.23582089552238805,1.0,22,11
0.16,0.58,True,1424,335,1088,1,0.23595505617977527,0.7640449438202247,0.764179104477612,256,79,0.0,0,1,0.0,0.23809523809523808,0.23582089552238805,1.0,22,11
0.16,0.59,False,1424,335,1088,1,0.23595505617977527,0.7640449438202247,0.764179104477612,256,79,0.0,0,1,0.0,0.23809523809523808,0.23582089552238805,1.0,22,11
0.16,0.59,True,1424,335,1088,1,0.23595505617977527,0.7640449438202247,0.764179104477612,256,79,0.0,0,1,0.0,0.23809523809523808,0.23582089552238805,1.0,22,11
0.16,0.6,False,1424,335,1088,1,0.23595505617977527,0.7640449438202247,0.764179104477612,256,79,0.0,0,1,0.0,0.23809523809523808,0.23582089552238805,1.0,22,11
0.16,0.6,True,1424,335,1088,1,0.23595505617977527,0.7640449438202247,0.764179104477612,256,79,0.0,0,1,0.0,0.23809523809523808,0.23582089552238805,1.0,22,11
0.16,0.61,False,1424,335,1088,1,0.23595505617977527,0.7640449438202247,0.764179104477612,256,79,0.0,0,1,0.0,0.23809523809523808,0.23582089552238805,1.0,22,11
0.16,0.61,True,1424,335,1088,1,0.23595505617977527,0.7640449438202247,0.764179104477612,256,79,0.0,0,1,0.0,0.23809523809523808,0.23582089552238805,1.0,22,11
0.16,0.62,False,1424,335,1088,1,0.23595505617977527,0.7640449438202247,0.764179104477612,256,79,0.0,0,1,0.0,0.23809523809523808,0.23582089552238805,1.0,22,11
0.16,0.62,True,1424,335,1088,1,0.23595505617977527,0.7640449438202247,0.764179104477612,256,79,0.0,0,1,0.0,0.23809523809523808,0.23582089552238805,1.0,22,11
0.16,0.63,False,1424,335,1088,1,0.23595505617977527,0.7640449438202247,0.764179104477612,256,79,0.0,0,1,0.0,0.23809523809523808,0.23582089552238805,1.0,22,11
0.16,0.63,True,1424,335,1088,1,0.23595505617977527,0.7640449438202247,0.764179104477612,256,79,0.0,0,1,0.0,0.23809523809523808,0.23582089552238805,1.0,22,11
0.16,0.64,False,1424,335,1088,1,0.23595505617977527,0.7640449438202247,0.764179104477612,256,79,0.0,0,1,0.0,0.23809523809523808,0.23582089552238805,1.0,22,11
0.16,0.64,True,1424,335,1088,1,0.23595505617977527,0.7640449438202247,0.764179104477612,256,79,0.0,0,1,0.0,0.23809523809523808,0.23582089552238805,1.0,22,11
0.16,0.65,False,1424,335,1088,1,0.23595505617977527,0.7640449438202247,0.764179104477612,256,79,0.0,0,1,0.0,0.23809523809523808,0.23582089552238805,1.0,22,11
0.16,0.65,True,1424,335,1088,1,0.23595505617977527,0.7640449438202247,0.764179104477612,256,79,0.0,0,1,0.0,0.23809523809523808,0.23582089552238805,1.0,22,11
0.16,0.66,False,1424,335,1089,0,0.23525280898876405,0.764747191011236,0.764179104477612,256,79,nan,0,0,0.0,0.23582089552238805,0.23582089552238805,nan,22,11
0.16,0.66,True,1424,335,1089,0,0.23525280898876405,0.764747191011236,0.764179104477612,256,79,nan,0,0,0.0,0.23582089552238805,0.23582089552238805,nan,22,11
0.16,0.67,False,1424,335,1089,0,0.23525280898876405,0.764747191011236,0.764179104477612,256,79,nan,0,0,0.0,0.23582089552238805,0.23582089552238805,nan,22,11
0.16,0.67,True,1424,335,1089,0,0.23525280898876405,0.764747191011236,0.764179104477612,256,79,nan,0,0,0.0,0.23582089552238805,0.23582089552238805,nan,22,11
0.16,0.68,False,1424,335,1089,0,0.23525280898876405,0.764747191011236,0.764179104477612,256,79,nan,0,0,0.0,0.23582089552238805,0.23582089552238805,nan,22,11
0.16,0.68,True,1424,335,1089,0,0.23525280898876405,0.764747191011236,0.764179104477612,256,79,nan,0,0,0.0,0.23582089552238805,0.23582089552238805,nan,22,11
0.16,0.69,False,1424,335,1089,0,0.23525280898876405,0.764747191011236,0.764179104477612,256,79,nan,0,0,0.0,0.23582089552238805,0.23582089552238805,nan,22,11
0.16,0.69,True,1424,335,1089,0,0.23525280898876405,0.764747191011236,0.764179104477612,256,79,nan,0,0,0.0,0.23582089552238805,0.23582089552238805,nan,22,11
0.16,0.7,False,1424,335,1089,0,0.23525280898876405,0.764747191011236,0.764179104477612,256,79,nan,0,0,0.0,0.23582089552238805,0.23582089552238805,nan,22,11
0.16,0.7,True,1424,335,1089,0,0.23525280898876405,0.764747191011236,0.764179104477612,256,79,nan,0,0,0.0,0.23582089552238805,0.23582089552238805,nan,22,11
0.16,0.71,False,1424,335,1089,0,0.23525280898876405,0.764747191011236,0.764179104477612,256,79,nan,0,0,0.0,0.23582089552238805,0.23582089552238805,nan,22,11
0.16,0.71,True,1424,335,1089,0,0.23525280898876405,0.764747191011236,0.764179104477612,256,79,nan,0,0,0.0,0.23582089552238805,0.23582089552238805,nan,22,11
0.16,0.72,False,1424,335,1089,0,0.23525280898876405,0.764747191011236,0.764179104477612,256,79,nan,0,0,0.0,0.23582089552238805,0.23582089552238805,nan,22,11
0.16,0.72,True,1424,335,1089,0,0.23525280898876405,0.764747191011236,0.764179104477612,256,79,nan,0,0,0.0,0.23582089552238805,0.23582089552238805,nan,22,11
0.16,0.73,False,1424,335,1089,0,0.23525280898876405,0.764747191011236,0.764179104477612,256,79,nan,0,0,0.0,0.23582089552238805,0.23582089552238805,nan,22,11
0.16,0.73,True,1424,335,1089,0,0.23525280898876405,0.764747191011236,0.764179104477612,256,79,nan,0,0,0.0,0.23582089552238805,0.23582089552238805,nan,22,11
0.16,0.74,False,1424,335,1089,0,0.23525280898876405,0.764747191011236,0.764179104477612,256,79,nan,0,0,0.0,0.23582089552238805,0.23582089552238805,nan,22,11
0.16,0.74,True,1424,335,1089,0,0.23525280898876405,0.764747191011236,0.764179104477612,256,79,nan,0,0,0.0,0.23582089552238805,0.23582089552238805,nan,22,11
0.16,0.75,False,1424,335,1089,0,0.23525280898876405,0.764747191011236,0.764179104477612,256,79,nan,0,0,0.0,0.23582089552238805,0.23582089552238805,nan,22,11
0.16,0.75,True,1424,335,1089,0,0.23525280898876405,0.764747191011236,0.764179104477612,256,79,nan,0,0,0.0,0.23582089552238805,0.23582089552238805,nan,22,11
0.16,0.76,False,1424,335,1089,0,0.23525280898876405,0.764747191011236,0.764179104477612,256,79,nan,0,0,0.0,0.23582089552238805,0.23582089552238805,nan,22,11
0.16,0.76,True,1424,335,1089,0,0.23525280898876405,0.764747191011236,0.764179104477612,256,79,nan,0,0,0.0,0.23582089552238805,0.23582089552238805,nan,22,11
0.16,0.77,False,1424,335,1089,0,0.23525280898876405,0.764747191011236,0.764179104477612,256,79,nan,0,0,0.0,0.23582089552238805,0.23582089552238805,nan,22,11
0.16,0.77,True,1424,335,1089,0,0.23525280898876405,0.764747191011236,0.764179104477612,256,79,nan,0,0,0.0,0.23582089552238805,0.23582089552238805,nan,22,11
0.16,0.78,False,1424,335,1089,0,0.23525280898876405,0.764747191011236,0.764179104477612,256,79,nan,0,0,0.0,0.23582089552238805,0.23582089552238805,nan,22,11
0.16,0.78,True,1424,335,1089,0,0.23525280898876405,0.764747191011236,0.764179104477612,256,79,nan,0,0,0.0,0.23582089552238805,0.23582089552238805,nan,22,11
0.16,0.79,False,1424,335,1089,0,0.23525280898876405,0.764747191011236,0.764179104477612,256,79,nan,0,0,0.0,0.23582089552238805,0.23582089552238805,nan,22,11
0.16,0.79,True,1424,335,1089,0,0.23525280898876405,0.764747191011236,0.764179104477612,256,79,nan,0,0,0.0,0.23582089552238805,0.23582089552238805,nan,22,11
0.16,0.8,False,1424,335,1089,0,0.23525280898876405,0.764747191011236,0.764179104477612,256,79,nan,0,0,0.0,0.23582089552238805,0.23582089552238805,nan,22,11
0.16,0.8,True,1424,335,1089,0,0.23525280898876405,0.764747191011236,0.764179104477612,256,79,nan,0,0,0.0,0.23582089552238805,0.23582089552238805,nan,22,11
0.16,0.81,False,1424,335,1089,0,0.23525280898876405,0.764747191011236,0.764179104477612,256,79,nan,0,0,0.0,0.23582089552238805,0.23582089552238805,nan,22,11
0.16,0.81,True,1424,335,1089,0,0.23525280898876405,0.764747191011236,0.764179104477612,256,79,nan,0,0,0.0,0.23582089552238805,0.23582089552238805,nan,22,11
0.16,0.82,False,1424,335,1089,0,0.23525280898876405,0.764747191011236,0.764179104477612,256,79,nan,0,0,0.0,0.23582089552238805,0.23582089552238805,nan,22,11
0.16,0.82,True,1424,335,1089,0,0.23525280898876405,0.764747191011236,0.764179104477612,256,79,nan,0,0,0.0,0.23582089552238805,0.23582089552238805,nan,22,11
0.16,0.83,False,1424,335,1089,0,0.23525280898876405,0.764747191011236,0.764179104477612,256,79,nan,0,0,0.0,0.23582089552238805,0.23582089552238805,nan,22,11
0.16,0.83,True,1424,335,1089,0,0.23525280898876405,0.764747191011236,0.764179104477612,256,79,nan,0,0,0.0,0.23582089552238805,0.23582089552238805,nan,22,11
0.16,0.84,False,1424,335,1089,0,0.23525280898876405,0.764747191011236,0.764179104477612,256,79,nan,0,0,0.0,0.23582089552238805,0.23582089552238805,nan,22,11
0.16,0.84,True,1424,335,1089,0,0.23525280898876405,0.764747191011236,0.764179104477612,256,79,nan,0,0,0.0,0.23582089552238805,0.23582089552238805,nan,22,11
0.16,0.85,False,1424,335,1089,0,0.23525280898876405,0.764747191011236,0.764179104477612,256,79,nan,0,0,0.0,0.23582089552238805,0.23582089552238805,nan,22,11
0.16,0.85,True,1424,335,1089,0,0.23525280898876405,0.764747191011236,0.764179104477612,256,79,nan,0,0,0.0,0.23582089552238805,0.23582089552238805,nan,22,11
0.17,0.2,False,1424,779,557,88,0.6088483146067416,0.39115168539325845,0.8125802310654685,633,146,0.2159090909090909,19,69,0.07883817427385892,0.24798154555940022,0.18741976893453144,0.7840909090909091,32,31
0.17,0.2,True,1424,779,585,60,0.589185393258427,0.41081460674157305,0.8125802310654685,633,146,0.2833333333333333,17,43,0.07053941908713693,0.22526817640047675,0.18741976893453144,0.7166666666666667,32,31
0.17,0.21,False,1424,779,612,33,0.5702247191011236,0.4297752808988764,0.8125802310654685,633,146,0.3333333333333333,11,22,0.04564315352697095,0.20689655172413793,0.18741976893453144,0.6666666666666666,32,30
0.17,0.21,True,1424,779,618,27,0.5660112359550562,0.4339887640449438,0.8125802310654685,633,146,0.37037037037037035,10,17,0.04149377593360996,0.2022332506203474,0.18741976893453144,0.6296296296296297,32,29
0.17,0.22,False,1424,779,621,24,0.5639044943820225,0.43609550561797755,0.8125802310654685,633,146,0.4166666666666667,10,14,0.04149377593360996,0.199252801992528,0.18741976893453144,0.5833333333333334,31,28
0.17,0.22,True,1424,779,624,21,0.5617977528089888,0.43820224719101125,0.8125802310654685,633,146,0.42857142857142855,9,12,0.03734439834024896,0.1975,0.18741976893453144,0.5714285714285714,31,28
0.17,0.23,False,1424,779,625,20,0.5610955056179775,0.43890449438202245,0.8125802310654685,633,146,0.4,8,12,0.03319502074688797,0.19774718397997496,0.18741976893453144,0.6,31,28
0.17,0.23,True,1424,779,628,17,0.5589887640449438,0.4410112359550562,0.8125802310654685,633,146,0.4117647058823529,7,10,0.029045643153526972,0.19597989949748743,0.18741976893453144,0.5882352941176471,31,28
0.17,0.24,False,1424,779,631,14,0.5568820224719101,0.4431179775280899,0.8125802310654685,633,146,0.42857142857142855,6,8,0.024896265560165973,0.19419924337957126,0.18741976893453144,0.5714285714285714,31,28
0.17,0.24,True,1424,779,632,13,0.5561797752808989,0.4438202247191011,0.8125802310654685,633,146,0.38461538461538464,5,8,0.02074688796680498,0.19444444444444445,0.18741976893453144,0.6153846153846154,31,28
0.17,0.25,False,1424,779,632,13,0.5561797752808989,0.4438202247191011,0.8125802310654685,633,146,0.46153846153846156,6,7,0.024896265560165973,0.19318181818181818,0.18741976893453144,0.5384615384615384,31,28
0.17,0.25,True,1424,779,633,12,0.5554775280898876,0.44452247191011235,0.8125802310654685,633,146,0.4166666666666667,5,7,0.02074688796680498,0.1934260429835651,0.18741976893453144,0.5833333333333334,31,28
0.17,0.26,False,1424,779,636,9,0.5533707865168539,0.44662921348314605,0.8125802310654685,633,146,0.3333333333333333,3,6,0.012448132780082987,0.19289340101522842,0.18741976893453144,0.6666666666666666,31,28
0.17,0.26,True,1424,779,636,9,0.5533707865168539,0.44662921348314605,0.8125802310654685,633,146,0.3333333333333333,3,6,0.012448132780082987,0.19289340101522842,0.18741976893453144,0.6666666666666666,31,28
0.17,0.27,False,1424,779,639,6,0.5512640449438202,0.4487359550561798,0.8125802310654685,633,146,0.3333333333333333,2,4,0.008298755186721992,0.1910828025477707,0.18741976893453144,0.6666666666666666,31,28
0.17,0.27,True,1424,779,639,6,0.5512640449438202,0.4487359550561798,0.8125802310654685,633,146,0.3333333333333333,2,4,0.008298755186721992,0.1910828025477707,0.18741976893453144,0.6666666666666666,31,28
0.17,0.28,False,1424,779,640,5,0.550561797752809,0.449438202247191,0.8125802310654685,633,146,0.2,1,4,0.004149377593360996,0.1913265306122449,0.18741976893453144,0.8,31,28
0.17,0.28,True,1424,779,640,5,0.550561797752809,0.449438202247191,0.8125802310654685,633,146,0.2,1,4,0.004149377593360996,0.1913265306122449,0.18741976893453144,0.8,31,28
0.17,0.29,False,1424,779,640,5,0.550561797752809,0.449438202247191,0.8125802310654685,633,146,0.2,1,4,0.004149377593360996,0.1913265306122449,0.18741976893453144,0.8,31,28
0.17,0.29,True,1424,779,640,5,0.550561797752809,0.449438202247191,0.8125802310654685,633,146,0.2,1,4,0.004149377593360996,0.1913265306122449,0.18741976893453144,0.8,31,28
0.17,0.3,False,1424,779,640,5,0.550561797752809,0.449438202247191,0.8125802310654685,633,146,0.2,1,4,0.004149377593360996,0.1913265306122449,0.18741976893453144,0.8,31,28
0.17,0.3,True,1424,779,640,5,0.550561797752809,0.449438202247191,0.8125802310654685,633,146,0.2,1,4,0.004149377593360996,0.1913265306122449,0.18741976893453144,0.8,31,28
0.17,0.31,False,1424,779,640,5,0.550561797752809,0.449438202247191,0.8125802310654685,633,146,0.2,1,4,0.004149377593360996,0.1913265306122449,0.18741976893453144,0.8,31,28
0.17,0.31,True,1424,779,640,5,0.550561797752809,0.449438202247191,0.8125802310654685,633,146,0.2,1,4,0.004149377593360996,0.1913265306122449,0.18741976893453144,0.8,31,28
0.17,0.32,False,1424,779,640,5,0.550561797752809,0.449438202247191,0.8125802310654685,633,146,0.2,1,4,0.004149377593360996,0.1913265306122449,0.18741976893453144,0.8,31,28
0.17,0.32,True,1424,779,640,5,0.550561797752809,0.449438202247191,0.8125802310654685,633,146,0.2,1,4,0.004149377593360996,0.1913265306122449,0.18741976893453144,0.8,31,28
0.17,0.33,False,1424,779,640,5,0.550561797752809,0.449438202247191,0.8125802310654685,633,146,0.2,1,4,0.004149377593360996,0.1913265306122449,0.18741976893453144,0.8,31,28
0.17,0.33,True,1424,779,640,5,0.550561797752809,0.449438202247191,0.8125802310654685,633,146,0.2,1,4,0.004149377593360996,0.1913265306122449,0.18741976893453144,0.8,31,28
0.17,0.34,False,1424,779,640,5,0.550561797752809,0.449438202247191,0.8125802310654685,633,146,0.2,1,4,0.004149377593360996,0.1913265306122449,0.18741976893453144,0.8,31,28
0.17,0.34,True,1424,779,640,5,0.550561797752809,0.449438202247191,0.8125802310654685,633,146,0.2,1,4,0.004149377593360996,0.1913265306122449,0.18741976893453144,0.8,31,28
0.17,0.35,False,1424,779,640,5,0.550561797752809,0.449438202247191,0.8125802310654685,633,146,0.2,1,4,0.004149377593360996,0.1913265306122449,0.18741976893453144,0.8,31,28
0.17,0.35,True,1424,779,640,5,0.550561797752809,0.449438202247191,0.8125802310654685,633,146,0.2,1,4,0.004149377593360996,0.1913265306122449,0.18741976893453144,0.8,31,28
0.17,0.36,False,1424,779,640,5,0.550561797752809,0.449438202247191,0.8125802310654685,633,146,0.2,1,4,0.004149377593360996,0.1913265306122449,0.18741976893453144,0.8,31,28
0.17,0.36,True,1424,779,640,5,0.550561797752809,0.449438202247191,0.8125802310654685,633,146,0.2,1,4,0.004149377593360996,0.1913265306122449,0.18741976893453144,0.8,31,28
0.17,0.37,False,1424,779,642,3,0.5491573033707865,0.4508426966292135,0.8125802310654685,633,146,0.3333333333333333,1,2,0.004149377593360996,0.18925831202046037,0.18741976893453144,0.6666666666666666,31,28
0.17,0.37,True,1424,779,642,3,0.5491573033707865,0.4508426966292135,0.8125802310654685,633,146,0.3333333333333333,1,2,0.004149377593360996,0.18925831202046037,0.18741976893453144,0.6666666666666666,31,28
0.17,0.38,False,1424,779,642,3,0.5491573033707865,0.4508426966292135,0.8125802310654685,633,146,0.3333333333333333,1,2,0.004149377593360996,0.18925831202046037,0.18741976893453144,0.6666666666666666,31,28
0.17,0.38,True,1424,779,642,3,0.5491573033707865,0.4508426966292135,0.8125802310654685,633,146,0.3333333333333333,1,2,0.004149377593360996,0.18925831202046037,0.18741976893453144,0.6666666666666666,31,28
0.17,0.39,False,1424,779,642,3,0.5491573033707865,0.4508426966292135,0.8125802310654685,633,146,0.3333333333333333,1,2,0.004149377593360996,0.18925831202046037,0.18741976893453144,0.6666666666666666,31,28
0.17,0.39,True,1424,779,642,3,0.5491573033707865,0.4508426966292135,0.8125802310654685,633,146,0.3333333333333333,1,2,0.004149377593360996,0.18925831202046037,0.18741976893453144,0.6666666666666666,31,28
0.17,0.4,False,1424,779,642,3,0.5491573033707865,0.4508426966292135,0.8125802310654685,633,146,0.3333333333333333,1,2,0.004149377593360996,0.18925831202046037,0.18741976893453144,0.6666666666666666,31,28
0.17,0.4,True,1424,779,642,3,0.5491573033707865,0.4508426966292135,0.8125802310654685,633,146,0.3333333333333333,1,2,0.004149377593360996,0.18925831202046037,0.18741976893453144,0.6666666666666666,31,28
0.17,0.41,False,1424,779,643,2,0.5484550561797753,0.4515449438202247,0.8125802310654685,633,146,0.0,0,2,0.0,0.18950064020486557,0.18741976893453144,1.0,31,28
0.17,0.41,True,1424,779,643,2,0.5484550561797753,0.4515449438202247,0.8125802310654685,633,146,0.0,0,2,0.0,0.18950064020486557,0.18741976893453144,1.0,31,28
0.17,0.42,False,1424,779,644,1,0.547752808988764,0.45224719101123595,0.8125802310654685,633,146,0.0,0,1,0.0,0.18846153846153846,0.18741976893453144,1.0,31,28
0.17,0.42,True,1424,779,644,1,0.547752808988764,0.45224719101123595,0.8125802310654685,633,146,0.0,0,1,0.0,0.18846153846153846,0.18741976893453144,1.0,31,28
0.17,0.43,False,1424,779,644,1,0.547752808988764,0.45224719101123595,0.8125802310654685,633,146,0.0,0,1,0.0,0.18846153846153846,0.18741976893453144,1.0,31,28
0.17,0.43,True,1424,779,644,1,0.547752808988764,0.45224719101123595,0.8125802310654685,633,146,0.0,0,1,0.0,0.18846153846153846,0.18741976893453144,1.0,31,28
0.17,0.44,False,1424,779,644,1,0.547752808988764,0.45224719101123595,0.8125802310654685,633,146,0.0,0,1,0.0,0.18846153846153846,0.18741976893453144,1.0,31,28
0.17,0.44,True,1424,779,644,1,0.547752808988764,0.45224719101123595,0.8125802310654685,633,146,0.0,0,1,0.0,0.18846153846153846,0.18741976893453144,1.0,31,28
0.17,0.45,False,1424,779,644,1,0.547752808988764,0.45224719101123595,0.8125802310654685,633,146,0.0,0,1,0.0,0.18846153846153846,0.18741976893453144,1.0,31,28
0.17,0.45,True,1424,779,644,1,0.547752808988764,0.45224719101123595,0.8125802310654685,633,146,0.0,0,1,0.0,0.18846153846153846,0.18741976893453144,1.0,31,28
0.17,0.46,False,1424,779,644,1,0.547752808988764,0.45224719101123595,0.8125802310654685,633,146,0.0,0,1,0.0,0.18846153846153846,0.18741976893453144,1.0,31,28
0.17,0.46,True,1424,779,644,1,0.547752808988764,0.45224719101123595,0.8125802310654685,633,146,0.0,0,1,0.0,0.18846153846153846,0.18741976893453144,1.0,31,28
0.17,0.47,False,1424,779,644,1,0.547752808988764,0.45224719101123595,0.8125802310654685,633,146,0.0,0,1,0.0,0.18846153846153846,0.18741976893453144,1.0,31,28
0.17,0.47,True,1424,779,644,1,0.547752808988764,0.45224719101123595,0.8125802310654685,633,146,0.0,0,1,0.0,0.18846153846153846,0.18741976893453144,1.0,31,28
0.17,0.48,False,1424,779,644,1,0.547752808988764,0.45224719101123595,0.8125802310654685,633,146,0.0,0,1,0.0,0.18846153846153846,0.18741976893453144,1.0,31,28
0.17,0.48,True,1424,779,644,1,0.547752808988764,0.45224719101123595,0.8125802310654685,633,146,0.0,0,1,0.0,0.18846153846153846,0.18741976893453144,1.0,31,28
0.17,0.49,False,1424,779,644,1,0.547752808988764,0.45224719101123595,0.8125802310654685,633,146,0.0,0,1,0.0,0.18846153846153846,0.18741976893453144,1.0,31,28
0.17,0.49,True,1424,779,644,1,0.547752808988764,0.45224719101123595,0.8125802310654685,633,146,0.0,0,1,0.0,0.18846153846153846,0.18741976893453144,1.0,31,28
0.17,0.5,False,1424,779,644,1,0.547752808988764,0.45224719101123595,0.8125802310654685,633,146,0.0,0,1,0.0,0.18846153846153846,0.18741976893453144,1.0,31,28
0.17,0.5,True,1424,779,644,1,0.547752808988764,0.45224719101123595,0.8125802310654685,633,146,0.0,0,1,0.0,0.18846153846153846,0.18741976893453144,1.0,31,28
0.17,0.51,False,1424,779,644,1,0.547752808988764,0.45224719101123595,0.8125802310654685,633,146,0.0,0,1,0.0,0.18846153846153846,0.18741976893453144,1.0,31,28
0.17,0.51,True,1424,779,644,1,0.547752808988764,0.45224719101123595,0.8125802310654685,633,146,0.0,0,1,0.0,0.18846153846153846,0.18741976893453144,1.0,31,28
0.17,0.52,False,1424,779,644,1,0.547752808988764,0.45224719101123595,0.8125802310654685,633,146,0.0,0,1,0.0,0.18846153846153846,0.18741976893453144,1.0,31,28
0.17,0.52,True,1424,779,644,1,0.547752808988764,0.45224719101123595,0.8125802310654685,633,146,0.0,0,1,0.0,0.18846153846153846,0.18741976893453144,1.0,31,28
0.17,0.53,False,1424,779,644,1,0.547752808988764,0.45224719101123595,0.8125802310654685,633,146,0.0,0,1,0.0,0.18846153846153846,0.18741976893453144,1.0,31,28
0.17,0.53,True,1424,779,644,1,0.547752808988764,0.45224719101123595,0.8125802310654685,633,146,0.0,0,1,0.0,0.18846153846153846,0.18741976893453144,1.0,31,28
0.17,0.54,False,1424,779,644,1,0.547752808988764,0.45224719101123595,0.8125802310654685,633,146,0.0,0,1,0.0,0.18846153846153846,0.18741976893453144,1.0,31,28
0.17,0.54,True,1424,779,644,1,0.547752808988764,0.45224719101123595,0.8125802310654685,633,146,0.0,0,1,0.0,0.18846153846153846,0.18741976893453144,1.0,31,28
0.17,0.55,False,1424,779,644,1,0.547752808988764,0.45224719101123595,0.8125802310654685,633,146,0.0,0,1,0.0,0.18846153846153846,0.18741976893453144,1.0,31,28
0.17,0.55,True,1424,779,644,1,0.547752808988764,0.45224719101123595,0.8125802310654685,633,146,0.0,0,1,0.0,0.18846153846153846,0.18741976893453144,1.0,31,28
0.17,0.56,False,1424,779,644,1,0.547752808988764,0.45224719101123595,0.8125802310654685,633,146,0.0,0,1,0.0,0.18846153846153846,0.18741976893453144,1.0,31,28
0.17,0.56,True,1424,779,644,1,0.547752808988764,0.45224719101123595,0.8125802310654685,633,146,0.0,0,1,0.0,0.18846153846153846,0.18741976893453144,1.0,31,28
0.17,0.57,False,1424,779,644,1,0.547752808988764,0.45224719101123595,0.8125802310654685,633,146,0.0,0,1,0.0,0.18846153846153846,0.18741976893453144,1.0,31,28
0.17,0.57,True,1424,779,644,1,0.547752808988764,0.45224719101123595,0.8125802310654685,633,146,0.0,0,1,0.0,0.18846153846153846,0.18741976893453144,1.0,31,28
0.17,0.58,False,1424,779,644,1,0.547752808988764,0.45224719101123595,0.8125802310654685,633,146,0.0,0,1,0.0,0.18846153846153846,0.18741976893453144,1.0,31,28
0.17,0.58,True,1424,779,644,1,0.547752808988764,0.45224719101123595,0.8125802310654685,633,146,0.0,0,1,0.0,0.18846153846153846,0.18741976893453144,1.0,31,28
0.17,0.59,False,1424,779,644,1,0.547752808988764,0.45224719101123595,0.8125802310654685,633,146,0.0,0,1,0.0,0.18846153846153846,0.18741976893453144,1.0,31,28
0.17,0.59,True,1424,779,644,1,0.547752808988764,0.45224719101123595,0.8125802310654685,633,146,0.0,0,1,0.0,0.18846153846153846,0.18741976893453144,1.0,31,28
0.17,0.6,False,1424,779,644,1,0.547752808988764,0.45224719101123595,0.8125802310654685,633,146,0.0,0,1,0.0,0.18846153846153846,0.18741976893453144,1.0,31,28
0.17,0.6,True,1424,779,644,1,0.547752808988764,0.45224719101123595,0.8125802310654685,633,146,0.0,0,1,0.0,0.18846153846153846,0.18741976893453144,1.0,31,28
0.17,0.61,False,1424,779,644,1,0.547752808988764,0.45224719101123595,0.8125802310654685,633,146,0.0,0,1,0.0,0.18846153846153846,0.18741976893453144,1.0,31,28
0.17,0.61,True,1424,779,644,1,0.547752808988764,0.45224719101123595,0.8125802310654685,633,146,0.0,0,1,0.0,0.18846153846153846,0.18741976893453144,1.0,31,28
0.17,0.62,False,1424,779,644,1,0.547752808988764,0.45224719101123595,0.8125802310654685,633,146,0.0,0,1,0.0,0.18846153846153846,0.18741976893453144,1.0,31,28
0.17,0.62,True,1424,779,644,1,0.547752808988764,0.45224719101123595,0.8125802310654685,633,146,0.0,0,1,0.0,0.18846153846153846,0.18741976893453144,1.0,31,28
0.17,0.63,False,1424,779,644,1,0.547752808988764,0.45224719101123595,0.8125802310654685,633,146,0.0,0,1,0.0,0.18846153846153846,0.18741976893453144,1.0,31,28
0.17,0.63,True,1424,779,644,1,0.547752808988764,0.45224719101123595,0.8125802310654685,633,146,0.0,0,1,0.0,0.18846153846153846,0.18741976893453144,1.0,31,28
0.17,0.64,False,1424,779,644,1,0.547752808988764,0.45224719101123595,0.8125802310654685,633,146,0.0,0,1,0.0,0.18846153846153846,0.18741976893453144,1.0,31,28
0.17,0.64,True,1424,779,644,1,0.547752808988764,0.45224719101123595,0.8125802310654685,633,146,0.0,0,1,0.0,0.18846153846153846,0.18741976893453144,1.0,31,28
0.17,0.65,False,1424,779,644,1,0.547752808988764,0.45224719101123595,0.8125802310654685,633,146,0.0,0,1,0.0,0.18846153846153846,0.18741976893453144,1.0,31,28
0.17,0.65,True,1424,779,644,1,0.547752808988764,0.45224719101123595,0.8125802310654685,633,146,0.0,0,1,0.0,0.18846153846153846,0.18741976893453144,1.0,31,28
0.17,0.66,False,1424,779,645,0,0.5470505617977528,0.4529494382022472,0.8125802310654685,633,146,nan,0,0,0.0,0.18741976893453144,0.18741976893453144,nan,31,28
0.17,0.66,True,1424,779,645,0,0.5470505617977528,0.4529494382022472,0.8125802310654685,633,146,nan,0,0,0.0,0.18741976893453144,0.18741976893453144,nan,31,28
0.17,0.67,False,1424,779,645,0,0.5470505617977528,0.4529494382022472,0.8125802310654685,633,146,nan,0,0,0.0,0.18741976893453144,0.18741976893453144,nan,31,28
0.17,0.67,True,1424,779,645,0,0.5470505617977528,0.4529494382022472,0.8125802310654685,633,146,nan,0,0,0.0,0.18741976893453144,0.18741976893453144,nan,31,28
0.17,0.68,False,1424,779,645,0,0.5470505617977528,0.4529494382022472,0.8125802310654685,633,146,nan,0,0,0.0,0.18741976893453144,0.18741976893453144,nan,31,28
0.17,0.68,True,1424,779,645,0,0.5470505617977528,0.4529494382022472,0.8125802310654685,633,146,nan,0,0,0.0,0.18741976893453144,0.18741976893453144,nan,31,28
0.17,0.69,False,1424,779,645,0,0.5470505617977528,0.4529494382022472,0.8125802310654685,633,146,nan,0,0,0.0,0.18741976893453144,0.18741976893453144,nan,31,28
0.17,0.69,True,1424,779,645,0,0.5470505617977528,0.4529494382022472,0.8125802310654685,633,146,nan,0,0,0.0,0.18741976893453144,0.18741976893453144,nan,31,28
0.17,0.7,False,1424,779,645,0,0.5470505617977528,0.4529494382022472,0.8125802310654685,633,146,nan,0,0,0.0,0.18741976893453144,0.18741976893453144,nan,31,28
0.17,0.7,True,1424,779,645,0,0.5470505617977528,0.4529494382022472,0.8125802310654685,633,146,nan,0,0,0.0,0.18741976893453144,0.18741976893453144,nan,31,28
0.17,0.71,False,1424,779,645,0,0.5470505617977528,0.4529494382022472,0.8125802310654685,633,146,nan,0,0,0.0,0.18741976893453144,0.18741976893453144,nan,31,28
0.17,0.71,True,1424,779,645,0,0.5470505617977528,0.4529494382022472,0.8125802310654685,633,146,nan,0,0,0.0,0.18741976893453144,0.18741976893453144,nan,31,28
0.17,0.72,False,1424,779,645,0,0.5470505617977528,0.4529494382022472,0.8125802310654685,633,146,nan,0,0,0.0,0.18741976893453144,0.18741976893453144,nan,31,28
0.17,0.72,True,1424,779,645,0,0.5470505617977528,0.4529494382022472,0.8125802310654685,633,146,nan,0,0,0.0,0.18741976893453144,0.18741976893453144,nan,31,28
0.17,0.73,False,1424,779,645,0,0.5470505617977528,0.4529494382022472,0.8125802310654685,633,146,nan,0,0,0.0,0.18741976893453144,0.18741976893453144,nan,31,28
0.17,0.73,True,1424,779,645,0,0.5470505617977528,0.4529494382022472,0.8125802310654685,633,146,nan,0,0,0.0,0.18741976893453144,0.18741976893453144,nan,31,28
0.17,0.74,False,1424,779,645,0,0.5470505617977528,0.4529494382022472,0.8125802310654685,633,146,nan,0,0,0.0,0.18741976893453144,0.18741976893453144,nan,31,28
0.17,0.74,True,1424,779,645,0,0.5470505617977528,0.4529494382022472,0.8125802310654685,633,146,nan,0,0,0.0,0.18741976893453144,0.18741976893453144,nan,31,28
0.17,0.75,False,1424,779,645,0,0.5470505617977528,0.4529494382022472,0.8125802310654685,633,146,nan,0,0,0.0,0.18741976893453144,0.18741976893453144,nan,31,28
0.17,0.75,True,1424,779,645,0,0.5470505617977528,0.4529494382022472,0.8125802310654685,633,146,nan,0,0,0.0,0.18741976893453144,0.18741976893453144,nan,31,28
0.17,0.76,False,1424,779,645,0,0.5470505617977528,0.4529494382022472,0.8125802310654685,633,146,nan,0,0,0.0,0.18741976893453144,0.18741976893453144,nan,31,28
0.17,0.76,True,1424,779,645,0,0.5470505617977528,0.4529494382022472,0.8125802310654685,633,146,nan,0,0,0.0,0.18741976893453144,0.18741976893453144,nan,31,28
0.17,0.77,False,1424,779,645,0,0.5470505617977528,0.4529494382022472,0.8125802310654685,633,146,nan,0,0,0.0,0.18741976893453144,0.18741976893453144,nan,31,28
0.17,0.77,True,1424,779,645,0,0.5470505617977528,0.4529494382022472,0.8125802310654685,633,146,nan,0,0,0.0,0.18741976893453144,0.18741976893453144,nan,31,28
0.17,0.78,False,1424,779,645,0,0.5470505617977528,0.4529494382022472,0.8125802310654685,633,146,nan,0,0,0.0,0.18741976893453144,0.18741976893453144,nan,31,28
0.17,0.78,True,1424,779,645,0,0.5470505617977528,0.4529494382022472,0.8125802310654685,633,146,nan,0,0,0.0,0.18741976893453144,0.18741976893453144,nan,31,28
0.17,0.79,False,1424,779,645,0,0.5470505617977528,0.4529494382022472,0.8125802310654685,633,146,nan,0,0,0.0,0.18741976893453144,0.18741976893453144,nan,31,28
0.17,0.79,True,1424,779,645,0,0.5470505617977528,0.4529494382022472,0.8125802310654685,633,146,nan,0,0,0.0,0.18741976893453144,0.18741976893453144,nan,31,28
0.17,0.8,False,1424,779,645,0,0.5470505617977528,0.4529494382022472,0.8125802310654685,633,146,nan,0,0,0.0,0.18741976893453144,0.18741976893453144,nan,31,28
0.17,0.8,True,1424,779,645,0,0.5470505617977528,0.4529494382022472,0.8125802310654685,633,146,nan,0,0,0.0,0.18741976893453144,0.18741976893453144,nan,31,28
0.17,0.81,False,1424,779,645,0,0.5470505617977528,0.4529494382022472,0.8125802310654685,633,146,nan,0,0,0.0,0.18741976893453144,0.18741976893453144,nan,31,28
0.17,0.81,True,1424,779,645,0,0.5470505617977528,0.4529494382022472,0.8125802310654685,633,146,nan,0,0,0.0,0.18741976893453144,0.18741976893453144,nan,31,28
0.17,0.82,False,1424,779,645,0,0.5470505617977528,0.4529494382022472,0.8125802310654685,633,146,nan,0,0,0.0,0.18741976893453144,0.18741976893453144,nan,31,28
0.17,0.82,True,1424,779,645,0,0.5470505617977528,0.4529494382022472,0.8125802310654685,633,146,nan,0,0,0.0,0.18741976893453144,0.18741976893453144,nan,31,28
0.17,0.83,False,1424,779,645,0,0.5470505617977528,0.4529494382022472,0.8125802310654685,633,146,nan,0,0,0.0,0.18741976893453144,0.18741976893453144,nan,31,28
0.17,0.83,True,1424,779,645,0,0.5470505617977528,0.4529494382022472,0.8125802310654685,633,146,nan,0,0,0.0,0.18741976893453144,0.18741976893453144,nan,31,28
0.17,0.84,False,1424,779,645,0,0.5470505617977528,0.4529494382022472,0.8125802310654685,633,146,nan,0,0,0.0,0.18741976893453144,0.18741976893453144,nan,31,28
0.17,0.84,True,1424,779,645,0,0.5470505617977528,0.4529494382022472,0.8125802310654685,633,146,nan,0,0,0.0,0.18741976893453144,0.18741976893453144,nan,31,28
0.17,0.85,False,1424,779,645,0,0.5470505617977528,0.4529494382022472,0.8125802310654685,633,146,nan,0,0,0.0,0.18741976893453144,0.18741976893453144,nan,31,28
0.17,0.85,True,1424,779,645,0,0.5470505617977528,0.4529494382022472,0.8125802310654685,633,146,nan,0,0,0.0,0.18741976893453144,0.18741976893453144,nan,31,28
0.18,0.2,False,1424,1044,292,88,0.7949438202247191,0.2050561797752809,0.8122605363984674,848,196,0.2159090909090909,19,69,0.07883817427385892,0.23409893992932862,0.18773946360153257,0.7840909090909091,32,32
0.18,0.2,True,1424,1044,320,60,0.7752808988764045,0.2247191011235955,0.8122605363984674,848,196,0.2833333333333333,17,43,0.07053941908713693,0.2164855072463768,0.18773946360153257,0.7166666666666667,32,32
0.18,0.21,False,1424,1044,347,33,0.7563202247191011,0.24367977528089887,0.8122605363984674,848,196,0.3333333333333333,11,22,0.04564315352697095,0.20241411327762301,0.18773946360153257,0.6666666666666666,32,32
0.18,0.21,True,1424,1044,353,27,0.7521067415730337,0.2478932584269663,0.8122605363984674,848,196,0.37037037037037035,10,17,0.04149377593360996,0.19887955182072828,0.18773946360153257,0.6296296296296297,32,32
0.18,0.22,False,1424,1044,356,24,0.75,0.25,0.8122605363984674,848,196,0.4166666666666667,10,14,0.04149377593360996,0.19662921348314608,0.18773946360153257,0.5833333333333334,32,32
0.18,0.22,True,1424,1044,359,21,0.7478932584269663,0.2521067415730337,0.8122605363984674,848,196,0.42857142857142855,9,12,0.03734439834024896,0.19530516431924883,0.18773946360153257,0.5714285714285714,32,31
0.18,0.23,False,1424,1044,360,20,0.7471910112359551,0.25280898876404495,0.8122605363984674,848,196,0.4,8,12,0.03319502074688797,0.19548872180451127,0.18773946360153257,0.6,32,31
0.18,0.23,True,1424,1044,363,17,0.7450842696629213,0.25491573033707865,0.8122605363984674,848,196,0.4117647058823529,7,10,0.029045643153526972,0.1941564561734213,0.18773946360153257,0.5882352941176471,32,31
0.18,0.24,False,1424,1044,366,14,0.7429775280898876,0.25702247191011235,0.8122605363984674,848,196,0.42857142857142855,6,8,0.024896265560165973,0.19281663516068054,0.18773946360153257,0.5714285714285714,32,31
0.18,0.24,True,1424,1044,367,13,0.7422752808988764,0.2577247191011236,0.8122605363984674,848,196,0.38461538461538464,5,8,0.02074688796680498,0.19299905392620625,0.18773946360153257,0.6153846153846154,32,31
0.18,0.25,False,1424,1044,367,13,0.7422752808988764,0.2577247191011236,0.8122605363984674,848,196,0.46153846153846156,6,7,0.024896265560165973,0.19205298013245034,0.18773946360153257,0.5384615384615384,32,31
0.18,0.25,True,1424,1044,368,12,0.7415730337078652,0.25842696629213485,0.8122605363984674,848,196,0.4166666666666667,5,7,0.02074688796680498,0.19223484848484848,0.18773946360153257,0.5833333333333334,32,31
0.18,0.26,False,1424,1044,371,9,0.7394662921348315,0.26053370786516855,0.8122605363984674,848,196,0.3333333333333333,3,6,0.012448132780082987,0.19183285849952517,0.18773946360153257,0.6666666666666666,32,31
0.18,0.26,True,1424,1044,371,9,0.7394662921348315,0.26053370786516855,0.8122605363984674,848,196,0.3333333333333333,3,6,0.012448132780082987,0.19183285849952517,0.18773946360153257,0.6666666666666666,32,31
0.18,0.27,False,1424,1044,374,6,0.7373595505617978,0.26264044943820225,0.8122605363984674,848,196,0.3333333333333333,2,4,0.008298755186721992,0.19047619047619047,0.18773946360153257,0.6666666666666666,32,31
0.18,0.27,True,1424,1044,374,6,0.7373595505617978,0.26264044943820225,0.8122605363984674,848,196,0.3333333333333333,2,4,0.008298755186721992,0.19047619047619047,0.18773946360153257,0.6666666666666666,32,31
0.18,0.28,False,1424,1044,375,5,0.7366573033707865,0.2633426966292135,0.8122605363984674,848,196,0.2,1,4,0.004149377593360996,0.19065776930409914,0.18773946360153257,0.8,32,31
0.18,0.28,True,1424,1044,375,5,0.7366573033707865,0.2633426966292135,0.8122605363984674,848,196,0.2,1,4,0.004149377593360996,0.19065776930409914,0.18773946360153257,0.8,32,31
0.18,0.29,False,1424,1044,375,5,0.7366573033707865,0.2633426966292135,0.8122605363984674,848,196,0.2,1,4,0.004149377593360996,0.19065776930409914,0.18773946360153257,0.8,32,31
0.18,0.29,True,1424,1044,375,5,0.7366573033707865,0.2633426966292135,0.8122605363984674,848,196,0.2,1,4,0.004149377593360996,0.19065776930409914,0.18773946360153257,0.8,32,31
0.18,0.3,False,1424,1044,375,5,0.7366573033707865,0.2633426966292135,0.8122605363984674,848,196,0.2,1,4,0.004149377593360996,0.19065776930409914,0.18773946360153257,0.8,32,31
0.18,0.3,True,1424,1044,375,5,0.7366573033707865,0.2633426966292135,0.8122605363984674,848,196,0.2,1,4,0.004149377593360996,0.19065776930409914,0.18773946360153257,0.8,32,31
0.18,0.31,False,1424,1044,375,5,0.7366573033707865,0.2633426966292135,0.8122605363984674,848,196,0.2,1,4,0.004149377593360996,0.19065776930409914,0.18773946360153257,0.8,32,31
0.18,0.31,True,1424,1044,375,5,0.7366573033707865,0.2633426966292135,0.8122605363984674,848,196,0.2,1,4,0.004149377593360996,0.19065776930409914,0.18773946360153257,0.8,32,31
0.18,0.32,False,1424,1044,375,5,0.7366573033707865,0.2633426966292135,0.8122605363984674,848,196,0.2,1,4,0.004149377593360996,0.19065776930409914,0.18773946360153257,0.8,32,31
0.18,0.32,True,1424,1044,375,5,0.7366573033707865,0.2633426966292135,0.8122605363984674,848,196,0.2,1,4,0.004149377593360996,0.19065776930409914,0.18773946360153257,0.8,32,31
0.18,0.33,False,1424,1044,375,5,0.7366573033707865,0.2633426966292135,0.8122605363984674,848,196,0.2,1,4,0.004149377593360996,0.19065776930409914,0.18773946360153257,0.8,32,31
0.18,0.33,True,1424,1044,375,5,0.7366573033707865,0.2633426966292135,0.8122605363984674,848,196,0.2,1,4,0.004149377593360996,0.19065776930409914,0.18773946360153257,0.8,32,31
0.18,0.34,False,1424,1044,375,5,0.7366573033707865,0.2633426966292135,0.8122605363984674,848,196,0.2,1,4,0.004149377593360996,0.19065776930409914,0.18773946360153257,0.8,32,31
0.18,0.34,True,1424,1044,375,5,0.7366573033707865,0.2633426966292135,0.8122605363984674,848,196,0.2,1,4,0.004149377593360996,0.19065776930409914,0.18773946360153257,0.8,32,31
0.18,0.35,False,1424,1044,375,5,0.7366573033707865,0.2633426966292135,0.8122605363984674,848,196,0.2,1,4,0.004149377593360996,0.19065776930409914,0.18773946360153257,0.8,32,31
0.18,0.35,True,1424,1044,375,5,0.7366573033707865,0.2633426966292135,0.8122605363984674,848,196,0.2,1,4,0.004149377593360996,0.19065776930409914,0.18773946360153257,0.8,32,31
0.18,0.36,False,1424,1044,375,5,0.7366573033707865,0.2633426966292135,0.8122605363984674,848,196,0.2,1,4,0.004149377593360996,0.19065776930409914,0.18773946360153257,0.8,32,31
0.18,0.36,True,1424,1044,375,5,0.7366573033707865,0.2633426966292135,0.8122605363984674,848,196,0.2,1,4,0.004149377593360996,0.19065776930409914,0.18773946360153257,0.8,32,31
0.18,0.37,False,1424,1044,377,3,0.735252808988764,0.26474719101123595,0.8122605363984674,848,196,0.3333333333333333,1,2,0.004149377593360996,0.18911174785100288,0.18773946360153257,0.6666666666666666,32,31
0.18,0.37,True,1424,1044,377,3,0.735252808988764,0.26474719101123595,0.8122605363984674,848,196,0.3333333333333333,1,2,0.004149377593360996,0.18911174785100288,0.18773946360153257,0.6666666666666666,32,31
0.18,0.38,False,1424,1044,377,3,0.735252808988764,0.26474719101123595,0.8122605363984674,848,196,0.3333333333333333,1,2,0.004149377593360996,0.18911174785100288,0.18773946360153257,0.6666666666666666,32,31
0.18,0.38,True,1424,1044,377,3,0.735252808988764,0.26474719101123595,0.8122605363984674,848,196,0.3333333333333333,1,2,0.004149377593360996,0.18911174785100288,0.18773946360153257,0.6666666666666666,32,31
0.18,0.39,False,1424,1044,377,3,0.735252808988764,0.26474719101123595,0.8122605363984674,848,196,0.3333333333333333,1,2,0.004149377593360996,0.18911174785100288,0.18773946360153257,0.6666666666666666,32,31
0.18,0.39,True,1424,1044,377,3,0.735252808988764,0.26474719101123595,0.8122605363984674,848,196,0.3333333333333333,1,2,0.004149377593360996,0.18911174785100288,0.18773946360153257,0.6666666666666666,32,31
0.18,0.4,False,1424,1044,377,3,0.735252808988764,0.26474719101123595,0.8122605363984674,848,196,0.3333333333333333,1,2,0.004149377593360996,0.18911174785100288,0.18773946360153257,0.6666666666666666,32,31
0.18,0.4,True,1424,1044,377,3,0.735252808988764,0.26474719101123595,0.8122605363984674,848,196,0.3333333333333333,1,2,0.004149377593360996,0.18911174785100288,0.18773946360153257,0.6666666666666666,32,31
0.18,0.41,False,1424,1044,378,2,0.7345505617977528,0.2654494382022472,0.8122605363984674,848,196,0.0,0,2,0.0,0.18929254302103252,0.18773946360153257,1.0,32,31
0.18,0.41,True,1424,1044,378,2,0.7345505617977528,0.2654494382022472,0.8122605363984674,848,196,0.0,0,2,0.0,0.18929254302103252,0.18773946360153257,1.0,32,31
0.18,0.42,False,1424,1044,379,1,0.7338483146067416,0.26615168539325845,0.8122605363984674,848,196,0.0,0,1,0.0,0.18851674641148325,0.18773946360153257,1.0,32,31
0.18,0.42,True,1424,1044,379,1,0.7338483146067416,0.26615168539325845,0.8122605363984674,848,196,0.0,0,1,0.0,0.18851674641148325,0.18773946360153257,1.0,32,31
0.18,0.43,False,1424,1044,379,1,0.7338483146067416,0.26615168539325845,0.8122605363984674,848,196,0.0,0,1,0.0,0.18851674641148325,0.18773946360153257,1.0,32,31
0.18,0.43,True,1424,1044,379,1,0.7338483146067416,0.26615168539325845,0.8122605363984674,848,196,0.0,0,1,0.0,0.18851674641148325,0.18773946360153257,1.0,32,31
0.18,0.44,False,1424,1044,379,1,0.7338483146067416,0.26615168539325845,0.8122605363984674,848,196,0.0,0,1,0.0,0.18851674641148325,0.18773946360153257,1.0,32,31
0.18,0.44,True,1424,1044,379,1,0.7338483146067416,0.26615168539325845,0.8122605363984674,848,196,0.0,0,1,0.0,0.18851674641148325,0.18773946360153257,1.0,32,31
0.18,0.45,False,1424,1044,379,1,0.7338483146067416,0.26615168539325845,0.8122605363984674,848,196,0.0,0,1,0.0,0.18851674641148325,0.18773946360153257,1.0,32,31
0.18,0.45,True,1424,1044,379,1,0.7338483146067416,0.26615168539325845,0.8122605363984674,848,196,0.0,0,1,0.0,0.18851674641148325,0.18773946360153257,1.0,32,31
0.18,0.46,False,1424,1044,379,1,0.7338483146067416,0.26615168539325845,0.8122605363984674,848,196,0.0,0,1,0.0,0.18851674641148325,0.18773946360153257,1.0,32,31
0.18,0.46,True,1424,1044,379,1,0.7338483146067416,0.26615168539325845,0.8122605363984674,848,196,0.0,0,1,0.0,0.18851674641148325,0.18773946360153257,1.0,32,31
0.18,0.47,False,1424,1044,379,1,0.7338483146067416,0.26615168539325845,0.8122605363984674,848,196,0.0,0,1,0.0,0.18851674641148325,0.18773946360153257,1.0,32,31
0.18,0.47,True,1424,1044,379,1,0.7338483146067416,0.26615168539325845,0.8122605363984674,848,196,0.0,0,1,0.0,0.18851674641148325,0.18773946360153257,1.0,32,31
0.18,0.48,False,1424,1044,379,1,0.7338483146067416,0.26615168539325845,0.8122605363984674,848,196,0.0,0,1,0.0,0.18851674641148325,0.18773946360153257,1.0,32,31
0.18,0.48,True,1424,1044,379,1,0.7338483146067416,0.26615168539325845,0.8122605363984674,848,196,0.0,0,1,0.0,0.18851674641148325,0.18773946360153257,1.0,32,31
0.18,0.49,False,1424,1044,379,1,0.7338483146067416,0.26615168539325845,0.8122605363984674,848,196,0.0,0,1,0.0,0.18851674641148325,0.18773946360153257,1.0,32,31
0.18,0.49,True,1424,1044,379,1,0.7338483146067416,0.26615168539325845,0.8122605363984674,848,196,0.0,0,1,0.0,0.18851674641148325,0.18773946360153257,1.0,32,31
0.18,0.5,False,1424,1044,379,1,0.7338483146067416,0.26615168539325845,0.8122605363984674,848,196,0.0,0,1,0.0,0.18851674641148325,0.18773946360153257,1.0,32,31
0.18,0.5,True,1424,1044,379,1,0.7338483146067416,0.26615168539325845,0.8122605363984674,848,196,0.0,0,1,0.0,0.18851674641148325,0.18773946360153257,1.0,32,31
0.18,0.51,False,1424,1044,379,1,0.7338483146067416,0.26615168539325845,0.8122605363984674,848,196,0.0,0,1,0.0,0.18851674641148325,0.18773946360153257,1.0,32,31
0.18,0.51,True,1424,1044,379,1,0.7338483146067416,0.26615168539325845,0.8122605363984674,848,196,0.0,0,1,0.0,0.18851674641148325,0.18773946360153257,1.0,32,31
0.18,0.52,False,1424,1044,379,1,0.7338483146067416,0.26615168539325845,0.8122605363984674,848,196,0.0,0,1,0.0,0.18851674641148325,0.18773946360153257,1.0,32,31
0.18,0.52,True,1424,1044,379,1,0.7338483146067416,0.26615168539325845,0.8122605363984674,848,196,0.0,0,1,0.0,0.18851674641148325,0.18773946360153257,1.0,32,31
0.18,0.53,False,1424,1044,379,1,0.7338483146067416,0.26615168539325845,0.8122605363984674,848,196,0.0,0,1,0.0,0.18851674641148325,0.18773946360153257,1.0,32,31
0.18,0.53,True,1424,1044,379,1,0.7338483146067416,0.26615168539325845,0.8122605363984674,848,196,0.0,0,1,0.0,0.18851674641148325,0.18773946360153257,1.0,32,31
0.18,0.54,False,1424,1044,379,1,0.7338483146067416,0.26615168539325845,0.8122605363984674,848,196,0.0,0,1,0.0,0.18851674641148325,0.18773946360153257,1.0,32,31
0.18,0.54,True,1424,1044,379,1,0.7338483146067416,0.26615168539325845,0.8122605363984674,848,196,0.0,0,1,0.0,0.18851674641148325,0.18773946360153257,1.0,32,31
0.18,0.55,False,1424,1044,379,1,0.7338483146067416,0.26615168539325845,0.8122605363984674,848,196,0.0,0,1,0.0,0.18851674641148325,0.18773946360153257,1.0,32,31
0.18,0.55,True,1424,1044,379,1,0.7338483146067416,0.26615168539325845,0.8122605363984674,848,196,0.0,0,1,0.0,0.18851674641148325,0.18773946360153257,1.0,32,31
0.18,0.56,False,1424,1044,379,1,0.7338483146067416,0.26615168539325845,0.8122605363984674,848,196,0.0,0,1,0.0,0.18851674641148325,0.18773946360153257,1.0,32,31
0.18,0.56,True,1424,1044,379,1,0.7338483146067416,0.26615168539325845,0.8122605363984674,848,196,0.0,0,1,0.0,0.18851674641148325,0.18773946360153257,1.0,32,31
0.18,0.57,False,1424,1044,379,1,0.7338483146067416,0.26615168539325845,0.8122605363984674,848,196,0.0,0,1,0.0,0.18851674641148325,0.18773946360153257,1.0,32,31
0.18,0.57,True,1424,1044,379,1,0.7338483146067416,0.26615168539325845,0.8122605363984674,848,196,0.0,0,1,0.0,0.18851674641148325,0.18773946360153257,1.0,32,31
0.18,0.58,False,1424,1044,379,1,0.7338483146067416,0.26615168539325845,0.8122605363984674,848,196,0.0,0,1,0.0,0.18851674641148325,0.18773946360153257,1.0,32,31
0.18,0.58,True,1424,1044,379,1,0.7338483146067416,0.26615168539325845,0.8122605363984674,848,196,0.0,0,1,0.0,0.18851674641148325,0.18773946360153257,1.0,32,31
0.18,0.59,False,1424,1044,379,1,0.7338483146067416,0.26615168539325845,0.8122605363984674,848,196,0.0,0,1,0.0,0.18851674641148325,0.18773946360153257,1.0,32,31
0.18,0.59,True,1424,1044,379,1,0.7338483146067416,0.26615168539325845,0.8122605363984674,848,196,0.0,0,1,0.0,0.18851674641148325,0.18773946360153257,1.0,32,31
0.18,0.6,False,1424,1044,379,1,0.7338483146067416,0.26615168539325845,0.8122605363984674,848,196,0.0,0,1,0.0,0.18851674641148325,0.18773946360153257,1.0,32,31
0.18,0.6,True,1424,1044,379,1,0.7338483146067416,0.26615168539325845,0.8122605363984674,848,196,0.0,0,1,0.0,0.18851674641148325,0.18773946360153257,1.0,32,31
0.18,0.61,False,1424,1044,379,1,0.7338483146067416,0.26615168539325845,0.8122605363984674,848,196,0.0,0,1,0.0,0.18851674641148325,0.18773946360153257,1.0,32,31
0.18,0.61,True,1424,1044,379,1,0.7338483146067416,0.26615168539325845,0.8122605363984674,848,196,0.0,0,1,0.0,0.18851674641148325,0.18773946360153257,1.0,32,31
0.18,0.62,False,1424,1044,379,1,0.7338483146067416,0.26615168539325845,0.8122605363984674,848,196,0.0,0,1,0.0,0.18851674641148325,0.18773946360153257,1.0,32,31
0.18,0.62,True,1424,1044,379,1,0.7338483146067416,0.26615168539325845,0.8122605363984674,848,196,0.0,0,1,0.0,0.18851674641148325,0.18773946360153257,1.0,32,31
0.18,0.63,False,1424,1044,379,1,0.7338483146067416,0.26615168539325845,0.8122605363984674,848,196,0.0,0,1,0.0,0.18851674641148325,0.18773946360153257,1.0,32,31
0.18,0.63,True,1424,1044,379,1,0.7338483146067416,0.26615168539325845,0.8122605363984674,848,196,0.0,0,1,0.0,0.18851674641148325,0.18773946360153257,1.0,32,31
0.18,0.64,False,1424,1044,379,1,0.7338483146067416,0.26615168539325845,0.8122605363984674,848,196,0.0,0,1,0.0,0.18851674641148325,0.18773946360153257,1.0,32,31
0.18,0.64,True,1424,1044,379,1,0.7338483146067416,0.26615168539325845,0.8122605363984674,848,196,0.0,0,1,0.0,0.18851674641148325,0.18773946360153257,1.0,32,31
0.18,0.65,False,1424,1044,379,1,0.7338483146067416,0.26615168539325845,0.8122605363984674,848,196,0.0,0,1,0.0,0.18851674641148325,0.18773946360153257,1.0,32,31
0.18,0.65,True,1424,1044,379,1,0.7338483146067416,0.26615168539325845,0.8122605363984674,848,196,0.0,0,1,0.0,0.18851674641148325,0.18773946360153257,1.0,32,31
0.18,0.66,False,1424,1044,380,0,0.7331460674157303,0.26685393258426965,0.8122605363984674,848,196,nan,0,0,0.0,0.18773946360153257,0.18773946360153257,nan,32,31
0.18,0.66,True,1424,1044,380,0,0.7331460674157303,0.26685393258426965,0.8122605363984674,848,196,nan,0,0,0.0,0.18773946360153257,0.18773946360153257,nan,32,31
0.18,0.67,False,1424,1044,380,0,0.7331460674157303,0.26685393258426965,0.8122605363984674,848,196,nan,0,0,0.0,0.18773946360153257,0.18773946360153257,nan,32,31
0.18,0.67,True,1424,1044,380,0,0.7331460674157303,0.26685393258426965,0.8122605363984674,848,196,nan,0,0,0.0,0.18773946360153257,0.18773946360153257,nan,32,31
0.18,0.68,False,1424,1044,380,0,0.7331460674157303,0.26685393258426965,0.8122605363984674,848,196,nan,0,0,0.0,0.18773946360153257,0.18773946360153257,nan,32,31
0.18,0.68,True,1424,1044,380,0,0.7331460674157303,0.26685393258426965,0.8122605363984674,848,196,nan,0,0,0.0,0.18773946360153257,0.18773946360153257,nan,32,31
0.18,0.69,False,1424,1044,380,0,0.7331460674157303,0.26685393258426965,0.8122605363984674,848,196,nan,0,0,0.0,0.18773946360153257,0.18773946360153257,nan,32,31
0.18,0.69,True,1424,1044,380,0,0.7331460674157303,0.26685393258426965,0.8122605363984674,848,196,nan,0,0,0.0,0.18773946360153257,0.18773946360153257,nan,32,31
0.18,0.7,False,1424,1044,380,0,0.7331460674157303,0.26685393258426965,0.8122605363984674,848,196,nan,0,0,0.0,0.18773946360153257,0.18773946360153257,nan,32,31
0.18,0.7,True,1424,1044,380,0,0.7331460674157303,0.26685393258426965,0.8122605363984674,848,196,nan,0,0,0.0,0.18773946360153257,0.18773946360153257,nan,32,31
0.18,0.71,False,1424,1044,380,0,0.7331460674157303,0.26685393258426965,0.8122605363984674,848,196,nan,0,0,0.0,0.18773946360153257,0.18773946360153257,nan,32,31
0.18,0.71,True,1424,1044,380,0,0.7331460674157303,0.26685393258426965,0.8122605363984674,848,196,nan,0,0,0.0,0.18773946360153257,0.18773946360153257,nan,32,31
0.18,0.72,False,1424,1044,380,0,0.7331460674157303,0.26685393258426965,0.8122605363984674,848,196,nan,0,0,0.0,0.18773946360153257,0.18773946360153257,nan,32,31
0.18,0.72,True,1424,1044,380,0,0.7331460674157303,0.26685393258426965,0.8122605363984674,848,196,nan,0,0,0.0,0.18773946360153257,0.18773946360153257,nan,32,31
0.18,0.73,False,1424,1044,380,0,0.7331460674157303,0.26685393258426965,0.8122605363984674,848,196,nan,0,0,0.0,0.18773946360153257,0.18773946360153257,nan,32,31
0.18,0.73,True,1424,1044,380,0,0.7331460674157303,0.26685393258426965,0.8122605363984674,848,196,nan,0,0,0.0,0.18773946360153257,0.18773946360153257,nan,32,31
0.18,0.74,False,1424,1044,380,0,0.7331460674157303,0.26685393258426965,0.8122605363984674,848,196,nan,0,0,0.0,0.18773946360153257,0.18773946360153257,nan,32,31
0.18,0.74,True,1424,1044,380,0,0.7331460674157303,0.26685393258426965,0.8122605363984674,848,196,nan,0,0,0.0,0.18773946360153257,0.18773946360153257,nan,32,31
0.18,0.75,False,1424,1044,380,0,0.7331460674157303,0.26685393258426965,0.8122605363984674,848,196,nan,0,0,0.0,0.18773946360153257,0.18773946360153257,nan,32,31
0.18,0.75,True,1424,1044,380,0,0.7331460674157303,0.26685393258426965,0.8122605363984674,848,196,nan,0,0,0.0,0.18773946360153257,0.18773946360153257,nan,32,31
0.18,0.76,False,1424,1044,380,0,0.7331460674157303,0.26685393258426965,0.8122605363984674,848,196,nan,0,0,0.0,0.18773946360153257,0.18773946360153257,nan,32,31
0.18,0.76,True,1424,1044,380,0,0.7331460674157303,0.26685393258426965,0.8122605363984674,848,196,nan,0,0,0.0,0.18773946360153257,0.18773946360153257,nan,32,31
0.18,0.77,False,1424,1044,380,0,0.7331460674157303,0.26685393258426965,0.8122605363984674,848,196,nan,0,0,0.0,0.18773946360153257,0.18773946360153257,nan,32,31
0.18,0.77,True,1424,1044,380,0,0.7331460674157303,0.26685393258426965,0.8122605363984674,848,196,nan,0,0,0.0,0.18773946360153257,0.18773946360153257,nan,32,31
0.18,0.78,False,1424,1044,380,0,0.7331460674157303,0.26685393258426965,0.8122605363984674,848,196,nan,0,0,0.0,0.18773946360153257,0.18773946360153257,nan,32,31
0.18,0.78,True,1424,1044,380,0,0.7331460674157303,0.26685393258426965,0.8122605363984674,848,196,nan,0,0,0.0,0.18773946360153257,0.18773946360153257,nan,32,31
0.18,0.79,False,1424,1044,380,0,0.7331460674157303,0.26685393258426965,0.8122605363984674,848,196,nan,0,0,0.0,0.18773946360153257,0.18773946360153257,nan,32,31
0.18,0.79,True,1424,1044,380,0,0.7331460674157303,0.26685393258426965,0.8122605363984674,848,196,nan,0,0,0.0,0.18773946360153257,0.18773946360153257,nan,32,31
0.18,0.8,False,1424,1044,380,0,0.7331460674157303,0.26685393258426965,0.8122605363984674,848,196,nan,0,0,0.0,0.18773946360153257,0.18773946360153257,nan,32,31
0.18,0.8,True,1424,1044,380,0,0.7331460674157303,0.26685393258426965,0.8122605363984674,848,196,nan,0,0,0.0,0.18773946360153257,0.18773946360153257,nan,32,31
0.18,0.81,False,1424,1044,380,0,0.7331460674157303,0.26685393258426965,0.8122605363984674,848,196,nan,0,0,0.0,0.18773946360153257,0.18773946360153257,nan,32,31
0.18,0.81,True,1424,1044,380,0,0.7331460674157303,0.26685393258426965,0.8122605363984674,848,196,nan,0,0,0.0,0.18773946360153257,0.18773946360153257,nan,32,31
0.18,0.82,False,1424,1044,380,0,0.7331460674157303,0.26685393258426965,0.8122605363984674,848,196,nan,0,0,0.0,0.18773946360153257,0.18773946360153257,nan,32,31
0.18,0.82,True,1424,1044,380,0,0.7331460674157303,0.26685393258426965,0.8122605363984674,848,196,nan,0,0,0.0,0.18773946360153257,0.18773946360153257,nan,32,31
0.18,0.83,False,1424,1044,380,0,0.7331460674157303,0.26685393258426965,0.8122605363984674,848,196,nan,0,0,0.0,0.18773946360153257,0.18773946360153257,nan,32,31
0.18,0.83,True,1424,1044,380,0,0.7331460674157303,0.26685393258426965,0.8122605363984674,848,196,nan,0,0,0.0,0.18773946360153257,0.18773946360153257,nan,32,31
0.18,0.84,False,1424,1044,380,0,0.7331460674157303,0.26685393258426965,0.8122605363984674,848,196,nan,0,0,0.0,0.18773946360153257,0.18773946360153257,nan,32,31
0.18,0.84,True,1424,1044,380,0,0.7331460674157303,0.26685393258426965,0.8122605363984674,848,196,nan,0,0,0.0,0.18773946360153257,0.18773946360153257,nan,32,31
0.18,0.85,False,1424,1044,380,0,0.7331460674157303,0.26685393258426965,0.8122605363984674,848,196,nan,0,0,0.0,0.18773946360153257,0.18773946360153257,nan,32,31
0.18,0.85,True,1424,1044,380,0,0.7331460674157303,0.26685393258426965,0.8122605363984674,848,196,nan,0,0,0.0,0.18773946360153257,0.18773946360153257,nan,32,31
0.19,0.2,False,1424,1148,188,88,0.8679775280898876,0.13202247191011235,0.818815331010453,940,208,0.2159090909090909,19,69,0.07883817427385892,0.22411003236245955,0.18118466898954705,0.7840909090909091,32,32
0.19,0.2,True,1424,1148,216,60,0.848314606741573,0.15168539325842698,0.818815331010453,940,208,0.2833333333333333,17,43,0.07053941908713693,0.2077814569536424,0.18118466898954705,0.7166666666666667,32,32
0.19,0.21,False,1424,1148,243,33,0.8293539325842697,0.17064606741573032,0.818815331010453,940,208,0.3333333333333333,11,22,0.04564315352697095,0.1947502116850127,0.18118466898954705,0.6666666666666666,32,32
0.19,0.21,True,1424,1148,249,27,0.8251404494382022,0.17485955056179775,0.818815331010453,940,208,0.37037037037037035,10,17,0.04149377593360996,0.19148936170212766,0.18118466898954705,0.6296296296296297,32,32
0.19,0.22,False,1424,1148,252,24,0.8230337078651685,0.17696629213483145,0.818815331010453,940,208,0.4166666666666667,10,14,0.04149377593360996,0.189419795221843,0.18118466898954705,0.5833333333333334,32,32
0.19,0.22,True,1424,1148,255,21,0.8209269662921348,0.17907303370786518,0.818815331010453,940,208,0.42857142857142855,9,12,0.03734439834024896,0.1881950384944397,0.18118466898954705,0.5714285714285714,32,32
0.19,0.23,False,1424,1148,256,20,0.8202247191011236,0.1797752808988764,0.818815331010453,940,208,0.4,8,12,0.03319502074688797,0.18835616438356165,0.18118466898954705,0.6,32,32
0.19,0.23,True,1424,1148,259,17,0.8181179775280899,0.1818820224719101,0.818815331010453,940,208,0.4117647058823529,7,10,0.029045643153526972,0.1871244635193133,0.18118466898954705,0.5882352941176471,32,32
0.19,0.24,False,1424,1148,262,14,0.8160112359550562,0.18398876404494383,0.818815331010453,940,208,0.42857142857142855,6,8,0.024896265560165973,0.18588640275387264,0.18118466898954705,0.5714285714285714,32,32
0.19,0.24,True,1424,1148,263,13,0.8153089887640449,0.18469101123595505,0.818815331010453,940,208,0.38461538461538464,5,8,0.02074688796680498,0.18604651162790697,0.18118466898954705,0.6153846153846154,32,32
0.19,0.25,False,1424,1148,263,13,0.8153089887640449,0.18469101123595505,0.818815331010453,940,208,0.46153846153846156,6,7,0.024896265560165973,0.18518518518518517,0.18118466898954705,0.5384615384615384,32,32
0.19,0.25,True,1424,1148,264,12,0.8146067415730337,0.1853932584269663,0.818815331010453,940,208,0.4166666666666667,5,7,0.02074688796680498,0.1853448275862069,0.18118466898954705,0.5833333333333334,32,32
0.19,0.26,False,1424,1148,267,9,0.8125,0.1875,0.818815331010453,940,208,0.3333333333333333,3,6,0.012448132780082987,0.18496110630942092,0.18118466898954705,0.6666666666666666,32,32
0.19,0.26,True,1424,1148,267,9,0.8125,0.1875,0.818815331010453,940,208,0.3333333333333333,3,6,0.012448132780082987,0.18496110630942092,0.18118466898954705,0.6666666666666666,32,32
0.19,0.27,False,1424,1148,270,6,0.8103932584269663,0.1896067415730337,0.818815331010453,940,208,0.3333333333333333,2,4,0.008298755186721992,0.18370883882149047,0.18118466898954705,0.6666666666666666,32,32
0.19,0.27,True,1424,1148,270,6,0.8103932584269663,0.1896067415730337,0.818815331010453,940,208,0.3333333333333333,2,4,0.008298755186721992,0.18370883882149047,0.18118466898954705,0.6666666666666666,32,32
0.19,0.28,False,1424,1148,271,5,0.8096910112359551,0.19030898876404495,0.818815331010453,940,208,0.2,1,4,0.004149377593360996,0.18386816999132696,0.18118466898954705,0.8,32,32
0.19,0.28,True,1424,1148,271,5,0.8096910112359551,0.19030898876404495,0.818815331010453,940,208,0.2,1,4,0.004149377593360996,0.18386816999132696,0.18118466898954705,0.8,32,32
0.19,0.29,False,1424,1148,271,5,0.8096910112359551,0.19030898876404495,0.818815331010453,940,208,0.2,1,4,0.004149377593360996,0.18386816999132696,0.18118466898954705,0.8,32,32
0.19,0.29,True,1424,1148,271,5,0.8096910112359551,0.19030898876404495,0.818815331010453,940,208,0.2,1,4,0.004149377593360996,0.18386816999132696,0.18118466898954705,0.8,32,32
0.19,0.3,False,1424,1148,271,5,0.8096910112359551,0.19030898876404495,0.818815331010453,940,208,0.2,1,4,0.004149377593360996,0.18386816999132696,0.18118466898954705,0.8,32,32
0.19,0.3,True,1424,1148,271,5,0.8096910112359551,0.19030898876404495,0.818815331010453,940,208,0.2,1,4,0.004149377593360996,0.18386816999132696,0.18118466898954705,0.8,32,32
0.19,0.31,False,1424,1148,271,5,0.8096910112359551,0.19030898876404495,0.818815331010453,940,208,0.2,1,4,0.004149377593360996,0.18386816999132696,0.18118466898954705,0.8,32,32
0.19,0.31,True,1424,1148,271,5,0.8096910112359551,0.19030898876404495,0.818815331010453,940,208,0.2,1,4,0.004149377593360996,0.18386816999132696,0.18118466898954705,0.8,32,32
0.19,0.32,False,1424,1148,271,5,0.8096910112359551,0.19030898876404495,0.818815331010453,940,208,0.2,1,4,0.004149377593360996,0.18386816999132696,0.18118466898954705,0.8,32,32
0.19,0.32,True,1424,1148,271,5,0.8096910112359551,0.19030898876404495,0.818815331010453,940,208,0.2,1,4,0.004149377593360996,0.18386816999132696,0.18118466898954705,0.8,32,32
0.19,0.33,False,1424,1148,271,5,0.8096910112359551,0.19030898876404495,0.818815331010453,940,208,0.2,1,4,0.004149377593360996,0.18386816999132696,0.18118466898954705,0.8,32,32
0.19,0.33,True,1424,1148,271,5,0.8096910112359551,0.19030898876404495,0.818815331010453,940,208,0.2,1,4,0.004149377593360996,0.18386816999132696,0.18118466898954705,0.8,32,32
0.19,0.34,False,1424,1148,271,5,0.8096910112359551,0.19030898876404495,0.818815331010453,940,208,0.2,1,4,0.004149377593360996,0.18386816999132696,0.18118466898954705,0.8,32,32
0.19,0.34,True,1424,1148,271,5,0.8096910112359551,0.19030898876404495,0.818815331010453,940,208,0.2,1,4,0.004149377593360996,0.18386816999132696,0.18118466898954705,0.8,32,32
0.19,0.35,False,1424,1148,271,5,0.8096910112359551,0.19030898876404495,0.818815331010453,940,208,0.2,1,4,0.004149377593360996,0.18386816999132696,0.18118466898954705,0.8,32,32
0.19,0.35,True,1424,1148,271,5,0.8096910112359551,0.19030898876404495,0.818815331010453,940,208,0.2,1,4,0.004149377593360996,0.18386816999132696,0.18118466898954705,0.8,32,32
0.19,0.36,False,1424,1148,271,5,0.8096910112359551,0.19030898876404495,0.818815331010453,940,208,0.2,1,4,0.004149377593360996,0.18386816999132696,0.18118466898954705,0.8,32,32
0.19,0.36,True,1424,1148,271,5,0.8096910112359551,0.19030898876404495,0.818815331010453,940,208,0.2,1,4,0.004149377593360996,0.18386816999132696,0.18118466898954705,0.8,32,32
0.19,0.37,False,1424,1148,273,3,0.8082865168539326,0.19171348314606743,0.818815331010453,940,208,0.3333333333333333,1,2,0.004149377593360996,0.18245004344048654,0.18118466898954705,0.6666666666666666,32,32
0.19,0.37,True,1424,1148,273,3,0.8082865168539326,0.19171348314606743,0.818815331010453,940,208,0.3333333333333333,1,2,0.004149377593360996,0.18245004344048654,0.18118466898954705,0.6666666666666666,32,32
0.19,0.38,False,1424,1148,273,3,0.8082865168539326,0.19171348314606743,0.818815331010453,940,208,0.3333333333333333,1,2,0.004149377593360996,0.18245004344048654,0.18118466898954705,0.6666666666666666,32,32
0.19,0.38,True,1424,1148,273,3,0.8082865168539326,0.19171348314606743,0.818815331010453,940,208,0.3333333333333333,1,2,0.004149377593360996,0.18245004344048654,0.18118466898954705,0.6666666666666666,32,32
0.19,0.39,False,1424,1148,273,3,0.8082865168539326,0.19171348314606743,0.818815331010453,940,208,0.3333333333333333,1,2,0.004149377593360996,0.18245004344048654,0.18118466898954705,0.6666666666666666,32,32
0.19,0.39,True,1424,1148,273,3,0.8082865168539326,0.19171348314606743,0.818815331010453,940,208,0.3333333333333333,1,2,0.004149377593360996,0.18245004344048654,0.18118466898954705,0.6666666666666666,32,32
0.19,0.4,False,1424,1148,273,3,0.8082865168539326,0.19171348314606743,0.818815331010453,940,208,0.3333333333333333,1,2,0.004149377593360996,0.18245004344048654,0.18118466898954705,0.6666666666666666,32,32
0.19,0.4,True,1424,1148,273,3,0.8082865168539326,0.19171348314606743,0.818815331010453,940,208,0.3333333333333333,1,2,0.004149377593360996,0.18245004344048654,0.18118466898954705,0.6666666666666666,32,32
0.19,0.41,False,1424,1148,274,2,0.8075842696629213,0.19241573033707865,0.818815331010453,940,208,0.0,0,2,0.0,0.1826086956521739,0.18118466898954705,1.0,32,32
0.19,0.41,True,1424,1148,274,2,0.8075842696629213,0.19241573033707865,0.818815331010453,940,208,0.0,0,2,0.0,0.1826086956521739,0.18118466898954705,1.0,32,32
0.19,0.42,False,1424,1148,275,1,0.8068820224719101,0.1931179775280899,0.818815331010453,940,208,0.0,0,1,0.0,0.18189730200174065,0.18118466898954705,1.0,32,32
0.19,0.42,True,1424,1148,275,1,0.8068820224719101,0.1931179775280899,0.818815331010453,940,208,0.0,0,1,0.0,0.18189730200174065,0.18118466898954705,1.0,32,32
0.19,0.43,False,1424,1148,275,1,0.8068820224719101,0.1931179775280899,0.818815331010453,940,208,0.0,0,1,0.0,0.18189730200174065,0.18118466898954705,1.0,32,32
0.19,0.43,True,1424,1148,275,1,0.8068820224719101,0.1931179775280899,0.818815331010453,940,208,0.0,0,1,0.0,0.18189730200174065,0.18118466898954705,1.0,32,32
0.19,0.44,False,1424,1148,275,1,0.8068820224719101,0.1931179775280899,0.818815331010453,940,208,0.0,0,1,0.0,0.18189730200174065,0.18118466898954705,1.0,32,32
0.19,0.44,True,1424,1148,275,1,0.8068820224719101,0.1931179775280899,0.818815331010453,940,208,0.0,0,1,0.0,0.18189730200174065,0.18118466898954705,1.0,32,32
0.19,0.45,False,1424,1148,275,1,0.8068820224719101,0.1931179775280899,0.818815331010453,940,208,0.0,0,1,0.0,0.18189730200174065,0.18118466898954705,1.0,32,32
0.19,0.45,True,1424,1148,275,1,0.8068820224719101,0.1931179775280899,0.818815331010453,940,208,0.0,0,1,0.0,0.18189730200174065,0.18118466898954705,1.0,32,32
0.19,0.46,False,1424,1148,275,1,0.8068820224719101,0.1931179775280899,0.818815331010453,940,208,0.0,0,1,0.0,0.18189730200174065,0.18118466898954705,1.0,32,32
0.19,0.46,True,1424,1148,275,1,0.8068820224719101,0.1931179775280899,0.818815331010453,940,208,0.0,0,1,0.0,0.18189730200174065,0.18118466898954705,1.0,32,32
0.19,0.47,False,1424,1148,275,1,0.8068820224719101,0.1931179775280899,0.818815331010453,940,208,0.0,0,1,0.0,0.18189730200174065,0.18118466898954705,1.0,32,32
0.19,0.47,True,1424,1148,275,1,0.8068820224719101,0.1931179775280899,0.818815331010453,940,208,0.0,0,1,0.0,0.18189730200174065,0.18118466898954705,1.0,32,32
0.19,0.48,False,1424,1148,275,1,0.8068820224719101,0.1931179775280899,0.818815331010453,940,208,0.0,0,1,0.0,0.18189730200174065,0.18118466898954705,1.0,32,32
0.19,0.48,True,1424,1148,275,1,0.8068820224719101,0.1931179775280899,0.818815331010453,940,208,0.0,0,1,0.0,0.18189730200174065,0.18118466898954705,1.0,32,32
0.19,0.49,False,1424,1148,275,1,0.8068820224719101,0.1931179775280899,0.818815331010453,940,208,0.0,0,1,0.0,0.18189730200174065,0.18118466898954705,1.0,32,32
0.19,0.49,True,1424,1148,275,1,0.8068820224719101,0.1931179775280899,0.818815331010453,940,208,0.0,0,1,0.0,0.18189730200174065,0.18118466898954705,1.0,32,32
0.19,0.5,False,1424,1148,275,1,0.8068820224719101,0.1931179775280899,0.818815331010453,940,208,0.0,0,1,0.0,0.18189730200174065,0.18118466898954705,1.0,32,32
0.19,0.5,True,1424,1148,275,1,0.8068820224719101,0.1931179775280899,0.818815331010453,940,208,0.0,0,1,0.0,0.18189730200174065,0.18118466898954705,1.0,32,32
0.19,0.51,False,1424,1148,275,1,0.8068820224719101,0.1931179775280899,0.818815331010453,940,208,0.0,0,1,0.0,0.18189730200174065,0.18118466898954705,1.0,32,32
0.19,0.51,True,1424,1148,275,1,0.8068820224719101,0.1931179775280899,0.818815331010453,940,208,0.0,0,1,0.0,0.18189730200174065,0.18118466898954705,1.0,32,32
0.19,0.52,False,1424,1148,275,1,0.8068820224719101,0.1931179775280899,0.818815331010453,940,208,0.0,0,1,0.0,0.18189730200174065,0.18118466898954705,1.0,32,32
0.19,0.52,True,1424,1148,275,1,0.8068820224719101,0.1931179775280899,0.818815331010453,940,208,0.0,0,1,0.0,0.18189730200174065,0.18118466898954705,1.0,32,32
0.19,0.53,False,1424,1148,275,1,0.8068820224719101,0.1931179775280899,0.818815331010453,940,208,0.0,0,1,0.0,0.18189730200174065,0.18118466898954705,1.0,32,32
0.19,0.53,True,1424,1148,275,1,0.8068820224719101,0.1931179775280899,0.818815331010453,940,208,0.0,0,1,0.0,0.18189730200174065,0.18118466898954705,1.0,32,32
0.19,0.54,False,1424,1148,275,1,0.8068820224719101,0.1931179775280899,0.818815331010453,940,208,0.0,0,1,0.0,0.18189730200174065,0.18118466898954705,1.0,32,32
0.19,0.54,True,1424,1148,275,1,0.8068820224719101,0.1931179775280899,0.818815331010453,940,208,0.0,0,1,0.0,0.18189730200174065,0.18118466898954705,1.0,32,32
0.19,0.55,False,1424,1148,275,1,0.8068820224719101,0.1931179775280899,0.818815331010453,940,208,0.0,0,1,0.0,0.18189730200174065,0.18118466898954705,1.0,32,32
0.19,0.55,True,1424,1148,275,1,0.8068820224719101,0.1931179775280899,0.818815331010453,940,208,0.0,0,1,0.0,0.18189730200174065,0.18118466898954705,1.0,32,32
0.19,0.56,False,1424,1148,275,1,0.8068820224719101,0.1931179775280899,0.818815331010453,940,208,0.0,0,1,0.0,0.18189730200174065,0.18118466898954705,1.0,32,32
0.19,0.56,True,1424,1148,275,1,0.8068820224719101,0.1931179775280899,0.818815331010453,940,208,0.0,0,1,0.0,0.18189730200174065,0.18118466898954705,1.0,32,32
0.19,0.57,False,1424,1148,275,1,0.8068820224719101,0.1931179775280899,0.818815331010453,940,208,0.0,0,1,0.0,0.18189730200174065,0.18118466898954705,1.0,32,32
0.19,0.57,True,1424,1148,275,1,0.8068820224719101,0.1931179775280899,0.818815331010453,940,208,0.0,0,1,0.0,0.18189730200174065,0.18118466898954705,1.0,32,32
0.19,0.58,False,1424,1148,275,1,0.8068820224719101,0.1931179775280899,0.818815331010453,940,208,0.0,0,1,0.0,0.18189730200174065,0.18118466898954705,1.0,32,32
0.19,0.58,True,1424,1148,275,1,0.8068820224719101,0.1931179775280899,0.818815331010453,940,208,0.0,0,1,0.0,0.18189730200174065,0.18118466898954705,1.0,32,32
0.19,0.59,False,1424,1148,275,1,0.8068820224719101,0.1931179775280899,0.818815331010453,940,208,0.0,0,1,0.0,0.18189730200174065,0.18118466898954705,1.0,32,32
0.19,0.59,True,1424,1148,275,1,0.8068820224719101,0.1931179775280899,0.818815331010453,940,208,0.0,0,1,0.0,0.18189730200174065,0.18118466898954705,1.0,32,32
0.19,0.6,False,1424,1148,275,1,0.8068820224719101,0.1931179775280899,0.818815331010453,940,208,0.0,0,1,0.0,0.18189730200174065,0.18118466898954705,1.0,32,32
0.19,0.6,True,1424,1148,275,1,0.8068820224719101,0.1931179775280899,0.818815331010453,940,208,0.0,0,1,0.0,0.18189730200174065,0.18118466898954705,1.0,32,32
0.19,0.61,False,1424,1148,275,1,0.8068820224719101,0.1931179775280899,0.818815331010453,940,208,0.0,0,1,0.0,0.18189730200174065,0.18118466898954705,1.0,32,32
0.19,0.61,True,1424,1148,275,1,0.8068820224719101,0.1931179775280899,0.818815331010453,940,208,0.0,0,1,0.0,0.18189730200174065,0.18118466898954705,1.0,32,32
0.19,0.62,False,1424,1148,275,1,0.8068820224719101,0.1931179775280899,0.818815331010453,940,208,0.0,0,1,0.0,0.18189730200174065,0.18118466898954705,1.0,32,32
0.19,0.62,True,1424,1148,275,1,0.8068820224719101,0.1931179775280899,0.818815331010453,940,208,0.0,0,1,0.0,0.18189730200174065,0.18118466898954705,1.0,32,32
0.19,0.63,False,1424,1148,275,1,0.8068820224719101,0.1931179775280899,0.818815331010453,940,208,0.0,0,1,0.0,0.18189730200174065,0.18118466898954705,1.0,32,32
0.19,0.63,True,1424,1148,275,1,0.8068820224719101,0.1931179775280899,0.818815331010453,940,208,0.0,0,1,0.0,0.18189730200174065,0.18118466898954705,1.0,32,32
0.19,0.64,False,1424,1148,275,1,0.8068820224719101,0.1931179775280899,0.818815331010453,940,208,0.0,0,1,0.0,0.18189730200174065,0.18118466898954705,1.0,32,32
0.19,0.64,True,1424,1148,275,1,0.8068820224719101,0.1931179775280899,0.818815331010453,940,208,0.0,0,1,0.0,0.18189730200174065,0.18118466898954705,1.0,32,32
0.19,0.65,False,1424,1148,275,1,0.8068820224719101,0.1931179775280899,0.818815331010453,940,208,0.0,0,1,0.0,0.18189730200174065,0.18118466898954705,1.0,32,32
0.19,0.65,True,1424,1148,275,1,0.8068820224719101,0.1931179775280899,0.818815331010453,940,208,0.0,0,1,0.0,0.18189730200174065,0.18118466898954705,1.0,32,32
0.19,0.66,False,1424,1148,276,0,0.8061797752808989,0.19382022471910113,0.818815331010453,940,208,nan,0,0,0.0,0.18118466898954705,0.18118466898954705,nan,32,32
0.19,0.66,True,1424,1148,276,0,0.8061797752808989,0.19382022471910113,0.818815331010453,940,208,nan,0,0,0.0,0.18118466898954705,0.18118466898954705,nan,32,32
0.19,0.67,False,1424,1148,276,0,0.8061797752808989,0.19382022471910113,0.818815331010453,940,208,nan,0,0,0.0,0.18118466898954705,0.18118466898954705,nan,32,32
0.19,0.67,True,1424,1148,276,0,0.8061797752808989,0.19382022471910113,0.818815331010453,940,208,nan,0,0,0.0,0.18118466898954705,0.18118466898954705,nan,32,32
0.19,0.68,False,1424,1148,276,0,0.8061797752808989,0.19382022471910113,0.818815331010453,940,208,nan,0,0,0.0,0.18118466898954705,0.18118466898954705,nan,32,32
0.19,0.68,True,1424,1148,276,0,0.8061797752808989,0.19382022471910113,0.818815331010453,940,208,nan,0,0,0.0,0.18118466898954705,0.18118466898954705,nan,32,32
0.19,0.69,False,1424,1148,276,0,0.8061797752808989,0.19382022471910113,0.818815331010453,940,208,nan,0,0,0.0,0.18118466898954705,0.18118466898954705,nan,32,32
0.19,0.69,True,1424,1148,276,0,0.8061797752808989,0.19382022471910113,0.818815331010453,940,208,nan,0,0,0.0,0.18118466898954705,0.18118466898954705,nan,32,32
0.19,0.7,False,1424,1148,276,0,0.8061797752808989,0.19382022471910113,0.818815331010453,940,208,nan,0,0,0.0,0.18118466898954705,0.18118466898954705,nan,32,32
0.19,0.7,True,1424,1148,276,0,0.8061797752808989,0.19382022471910113,0.818815331010453,940,208,nan,0,0,0.0,0.18118466898954705,0.18118466898954705,nan,32,32
0.19,0.71,False,1424,1148,276,0,0.8061797752808989,0.19382022471910113,0.818815331010453,940,208,nan,0,0,0.0,0.18118466898954705,0.18118466898954705,nan,32,32
0.19,0.71,True,1424,1148,276,0,0.8061797752808989,0.19382022471910113,0.818815331010453,940,208,nan,0,0,0.0,0.18118466898954705,0.18118466898954705,nan,32,32
0.19,0.72,False,1424,1148,276,0,0.8061797752808989,0.19382022471910113,0.818815331010453,940,208,nan,0,0,0.0,0.18118466898954705,0.18118466898954705,nan,32,32
0.19,0.72,True,1424,1148,276,0,0.8061797752808989,0.19382022471910113,0.818815331010453,940,208,nan,0,0,0.0,0.18118466898954705,0.18118466898954705,nan,32,32
0.19,0.73,False,1424,1148,276,0,0.8061797752808989,0.19382022471910113,0.818815331010453,940,208,nan,0,0,0.0,0.18118466898954705,0.18118466898954705,nan,32,32
0.19,0.73,True,1424,1148,276,0,0.8061797752808989,0.19382022471910113,0.818815331010453,940,208,nan,0,0,0.0,0.18118466898954705,0.18118466898954705,nan,32,32
0.19,0.74,False,1424,1148,276,0,0.8061797752808989,0.19382022471910113,0.818815331010453,940,208,nan,0,0,0.0,0.18118466898954705,0.18118466898954705,nan,32,32
0.19,0.74,True,1424,1148,276,0,0.8061797752808989,0.19382022471910113,0.818815331010453,940,208,nan,0,0,0.0,0.18118466898954705,0.18118466898954705,nan,32,32
0.19,0.75,False,1424,1148,276,0,0.8061797752808989,0.19382022471910113,0.818815331010453,940,208,nan,0,0,0.0,0.18118466898954705,0.18118466898954705,nan,32,32
0.19,0.75,True,1424,1148,276,0,0.8061797752808989,0.19382022471910113,0.818815331010453,940,208,nan,0,0,0.0,0.18118466898954705,0.18118466898954705,nan,32,32
0.19,0.76,False,1424,1148,276,0,0.8061797752808989,0.19382022471910113,0.818815331010453,940,208,nan,0,0,0.0,0.18118466898954705,0.18118466898954705,nan,32,32
0.19,0.76,True,1424,1148,276,0,0.8061797752808989,0.19382022471910113,0.818815331010453,940,208,nan,0,0,0.0,0.18118466898954705,0.18118466898954705,nan,32,32
0.19,0.77,False,1424,1148,276,0,0.8061797752808989,0.19382022471910113,0.818815331010453,940,208,nan,0,0,0.0,0.18118466898954705,0.18118466898954705,nan,32,32
0.19,0.77,True,1424,1148,276,0,0.8061797752808989,0.19382022471910113,0.818815331010453,940,208,nan,0,0,0.0,0.18118466898954705,0.18118466898954705,nan,32,32
0.19,0.78,False,1424,1148,276,0,0.8061797752808989,0.19382022471910113,0.818815331010453,940,208,nan,0,0,0.0,0.18118466898954705,0.18118466898954705,nan,32,32
0.19,0.78,True,1424,1148,276,0,0.8061797752808989,0.19382022471910113,0.818815331010453,940,208,nan,0,0,0.0,0.18118466898954705,0.18118466898954705,nan,32,32
0.19,0.79,False,1424,1148,276,0,0.8061797752808989,0.19382022471910113,0.818815331010453,940,208,nan,0,0,0.0,0.18118466898954705,0.18118466898954705,nan,32,32
0.19,0.79,True,1424,1148,276,0,0.8061797752808989,0.19382022471910113,0.818815331010453,940,208,nan,0,0,0.0,0.18118466898954705,0.18118466898954705,nan,32,32
0.19,0.8,False,1424,1148,276,0,0.8061797752808989,0.19382022471910113,0.818815331010453,940,208,nan,0,0,0.0,0.18118466898954705,0.18118466898954705,nan,32,32
0.19,0.8,True,1424,1148,276,0,0.8061797752808989,0.19382022471910113,0.818815331010453,940,208,nan,0,0,0.0,0.18118466898954705,0.18118466898954705,nan,32,32
0.19,0.81,False,1424,1148,276,0,0.8061797752808989,0.19382022471910113,0.818815331010453,940,208,nan,0,0,0.0,0.18118466898954705,0.18118466898954705,nan,32,32
0.19,0.81,True,1424,1148,276,0,0.8061797752808989,0.19382022471910113,0.818815331010453,940,208,nan,0,0,0.0,0.18118466898954705,0.18118466898954705,nan,32,32
0.19,0.82,False,1424,1148,276,0,0.8061797752808989,0.19382022471910113,0.818815331010453,940,208,nan,0,0,0.0,0.18118466898954705,0.18118466898954705,nan,32,32
0.19,0.82,True,1424,1148,276,0,0.8061797752808989,0.19382022471910113,0.818815331010453,940,208,nan,0,0,0.0,0.18118466898954705,0.18118466898954705,nan,32,32
0.19,0.83,False,1424,1148,276,0,0.8061797752808989,0.19382022471910113,0.818815331010453,940,208,nan,0,0,0.0,0.18118466898954705,0.18118466898954705,nan,32,32
0.19,0.83,True,1424,1148,276,0,0.8061797752808989,0.19382022471910113,0.818815331010453,940,208,nan,0,0,0.0,0.18118466898954705,0.18118466898954705,nan,32,32
0.19,0.84,False,1424,1148,276,0,0.8061797752808989,0.19382022471910113,0.818815331010453,940,208,nan,0,0,0.0,0.18118466898954705,0.18118466898954705,nan,32,32
0.19,0.84,True,1424,1148,276,0,0.8061797752808989,0.19382022471910113,0.818815331010453,940,208,nan,0,0,0.0,0.18118466898954705,0.18118466898954705,nan,32,32
0.19,0.85,False,1424,1148,276,0,0.8061797752808989,0.19382022471910113,0.818815331010453,940,208,nan,0,0,0.0,0.18118466898954705,0.18118466898954705,nan,32,32
0.19,0.85,True,1424,1148,276,0,0.8061797752808989,0.19382022471910113,0.818815331010453,940,208,nan,0,0,0.0,0.18118466898954705,0.18118466898954705,nan,32,32
0.2,0.21,False,1424,1336,55,33,0.961376404494382,0.038623595505617975,0.8338323353293413,1114,222,0.3333333333333333,11,22,0.04564315352697095,0.17823228634039445,0.1661676646706587,0.6666666666666666,32,32
0.2,0.21,True,1424,1336,61,27,0.9571629213483146,0.042837078651685394,0.8338323353293413,1114,222,0.37037037037037035,10,17,0.04149377593360996,0.17534849596478358,0.1661676646706587,0.6296296296296297,32,32
0.2,0.22,False,1424,1336,64,24,0.9550561797752809,0.0449438202247191,0.8338323353293413,1114,222,0.4166666666666667,10,14,0.04149377593360996,0.17352941176470588,0.1661676646706587,0.5833333333333334,32,32
0.2,0.22,True,1424,1336,67,21,0.9529494382022472,0.047050561797752806,0.8338323353293413,1114,222,0.42857142857142855,9,12,0.03734439834024896,0.17243920412675018,0.1661676646706587,0.5714285714285714,32,32
0.2,0.23,False,1424,1336,68,20,0.952247191011236,0.047752808988764044,0.8338323353293413,1114,222,0.4,8,12,0.03319502074688797,0.17256637168141592,0.1661676646706587,0.6,32,32
0.2,0.23,True,1424,1336,71,17,0.9501404494382022,0.04985955056179775,0.8338323353293413,1114,222,0.4117647058823529,7,10,0.029045643153526972,0.1714708056171471,0.1661676646706587,0.5882352941176471,32,32
0.2,0.24,False,1424,1336,74,14,0.9480337078651685,0.05196629213483146,0.8338323353293413,1114,222,0.42857142857142855,6,8,0.024896265560165973,0.17037037037037037,0.1661676646706587,0.5714285714285714,32,32
0.2,0.24,True,1424,1336,75,13,0.9473314606741573,0.05266853932584269,0.8338323353293413,1114,222,0.38461538461538464,5,8,0.02074688796680498,0.17049666419570053,0.1661676646706587,0.6153846153846154,32,32
0.2,0.25,False,1424,1336,75,13,0.9473314606741573,0.05266853932584269,0.8338323353293413,1114,222,0.46153846153846156,6,7,0.024896265560165973,0.1697553743513714,0.1661676646706587,0.5384615384615384,32,32
0.2,0.25,True,1424,1336,76,12,0.9466292134831461,0.05337078651685393,0.8338323353293413,1114,222,0.4166666666666667,5,7,0.02074688796680498,0.1698813056379822,0.1661676646706587,0.5833333333333334,32,32
0.2,0.26,False,1424,1336,79,9,0.9445224719101124,0.05547752808988764,0.8338323353293413,1114,222,0.3333333333333333,3,6,0.012448132780082987,0.16951672862453532,0.1661676646706587,0.6666666666666666,32,32
0.2,0.26,True,1424,1336,79,9,0.9445224719101124,0.05547752808988764,0.8338323353293413,1114,222,0.3333333333333333,3,6,0.012448132780082987,0.16951672862453532,0.1661676646706587,0.6666666666666666,32,32
0.2,0.27,False,1424,1336,82,6,0.9424157303370787,0.05758426966292135,0.8338323353293413,1114,222,0.3333333333333333,2,4,0.008298755186721992,0.16840536512667661,0.1661676646706587,0.6666666666666666,32,32
0.2,0.27,True,1424,1336,82,6,0.9424157303370787,0.05758426966292135,0.8338323353293413,1114,222,0.3333333333333333,2,4,0.008298755186721992,0.16840536512667661,0.1661676646706587,0.6666666666666666,32,32
0.2,0.28,False,1424,1336,83,5,0.9417134831460674,0.05828651685393258,0.8338323353293413,1114,222,0.2,1,4,0.004149377593360996,0.168530947054437,0.1661676646706587,0.8,32,32
0.2,0.28,True,1424,1336,83,5,0.9417134831460674,0.05828651685393258,0.8338323353293413,1114,222,0.2,1,4,0.004149377593360996,0.168530947054437,0.1661676646706587,0.8,32,32
0.2,0.29,False,1424,1336,83,5,0.9417134831460674,0.05828651685393258,0.8338323353293413,1114,222,0.2,1,4,0.004149377593360996,0.168530947054437,0.1661676646706587,0.8,32,32
0.2,0.29,True,1424,1336,83,5,0.9417134831460674,0.05828651685393258,0.8338323353293413,1114,222,0.2,1,4,0.004149377593360996,0.168530947054437,0.1661676646706587,0.8,32,32
0.2,0.3,False,1424,1336,83,5,0.9417134831460674,0.05828651685393258,0.8338323353293413,1114,222,0.2,1,4,0.004149377593360996,0.168530947054437,0.1661676646706587,0.8,32,32
0.2,0.3,True,1424,1336,83,5,0.9417134831460674,0.05828651685393258,0.8338323353293413,1114,222,0.2,1,4,0.004149377593360996,0.168530947054437,0.1661676646706587,0.8,32,32
0.2,0.31,False,1424,1336,83,5,0.9417134831460674,0.05828651685393258,0.8338323353293413,1114,222,0.2,1,4,0.004149377593360996,0.168530947054437,0.1661676646706587,0.8,32,32
0.2,0.31,True,1424,1336,83,5,0.9417134831460674,0.05828651685393258,0.8338323353293413,1114,222,0.2,1,4,0.004149377593360996,0.168530947054437,0.1661676646706587,0.8,32,32
0.2,0.32,False,1424,1336,83,5,0.9417134831460674,0.05828651685393258,0.8338323353293413,1114,222,0.2,1,4,0.004149377593360996,0.168530947054437,0.1661676646706587,0.8,32,32
0.2,0.32,True,1424,1336,83,5,0.9417134831460674,0.05828651685393258,0.8338323353293413,1114,222,0.2,1,4,0.004149377593360996,0.168530947054437,0.1661676646706587,0.8,32,32
0.2,0.33,False,1424,1336,83,5,0.9417134831460674,0.05828651685393258,0.8338323353293413,1114,222,0.2,1,4,0.004149377593360996,0.168530947054437,0.1661676646706587,0.8,32,32
0.2,0.33,True,1424,1336,83,5,0.9417134831460674,0.05828651685393258,0.8338323353293413,1114,222,0.2,1,4,0.004149377593360996,0.168530947054437,0.1661676646706587,0.8,32,32
0.2,0.34,False,1424,1336,83,5,0.9417134831460674,0.05828651685393258,0.8338323353293413,1114,222,0.2,1,4,0.004149377593360996,0.168530947054437,0.1661676646706587,0.8,32,32
0.2,0.34,True,1424,1336,83,5,0.9417134831460674,0.05828651685393258,0.8338323353293413,1114,222,0.2,1,4,0.004149377593360996,0.168530947054437,0.1661676646706587,0.8,32,32
0.2,0.35,False,1424,1336,83,5,0.9417134831460674,0.05828651685393258,0.8338323353293413,1114,222,0.2,1,4,0.004149377593360996,0.168530947054437,0.1661676646706587,0.8,32,32
0.2,0.35,True,1424,1336,83,5,0.9417134831460674,0.05828651685393258,0.8338323353293413,1114,222,0.2,1,4,0.004149377593360996,0.168530947054437,0.1661676646706587,0.8,32,32
0.2,0.36,False,1424,1336,83,5,0.9417134831460674,0.05828651685393258,0.8338323353293413,1114,222,0.2,1,4,0.004149377593360996,0.168530947054437,0.1661676646706587,0.8,32,32
0.2,0.36,True,1424,1336,83,5,0.9417134831460674,0.05828651685393258,0.8338323353293413,1114,222,0.2,1,4,0.004149377593360996,0.168530947054437,0.1661676646706587,0.8,32,32
0.2,0.37,False,1424,1336,85,3,0.9403089887640449,0.059691011235955056,0.8338323353293413,1114,222,0.3333333333333333,1,2,0.004149377593360996,0.1672890216579537,0.1661676646706587,0.6666666666666666,32,32
0.2,0.37,True,1424,1336,85,3,0.9403089887640449,0.059691011235955056,0.8338323353293413,1114,222,0.3333333333333333,1,2,0.004149377593360996,0.1672890216579537,0.1661676646706587,0.6666666666666666,32,32
0.2,0.38,False,1424,1336,85,3,0.9403089887640449,0.059691011235955056,0.8338323353293413,1114,222,0.3333333333333333,1,2,0.004149377593360996,0.1672890216579537,0.1661676646706587,0.6666666666666666,32,32
0.2,0.38,True,1424,1336,85,3,0.9403089887640449,0.059691011235955056,0.8338323353293413,1114,222,0.3333333333333333,1,2,0.004149377593360996,0.1672890216579537,0.1661676646706587,0.6666666666666666,32,32
0.2,0.39,False,1424,1336,85,3,0.9403089887640449,0.059691011235955056,0.8338323353293413,1114,222,0.3333333333333333,1,2,0.004149377593360996,0.1672890216579537,0.1661676646706587,0.6666666666666666,32,32
0.2,0.39,True,1424,1336,85,3,0.9403089887640449,0.059691011235955056,0.8338323353293413,1114,222,0.3333333333333333,1,2,0.004149377593360996,0.1672890216579537,0.1661676646706587,0.6666666666666666,32,32
0.2,0.4,False,1424,1336,85,3,0.9403089887640449,0.059691011235955056,0.8338323353293413,1114,222,0.3333333333333333,1,2,0.004149377593360996,0.1672890216579537,0.1661676646706587,0.6666666666666666,32,32
0.2,0.4,True,1424,1336,85,3,0.9403089887640449,0.059691011235955056,0.8338323353293413,1114,222,0.3333333333333333,1,2,0.004149377593360996,0.1672890216579537,0.1661676646706587,0.6666666666666666,32,32
0.2,0.41,False,1424,1336,86,2,0.9396067415730337,0.060393258426966294,0.8338323353293413,1114,222,0.0,0,2,0.0,0.16741405082212257,0.1661676646706587,1.0,32,32
0.2,0.41,True,1424,1336,86,2,0.9396067415730337,0.060393258426966294,0.8338323353293413,1114,222,0.0,0,2,0.0,0.16741405082212257,0.1661676646706587,1.0,32,32
0.2,0.42,False,1424,1336,87,1,0.9389044943820225,0.061095505617977525,0.8338323353293413,1114,222,0.0,0,1,0.0,0.1667913238593867,0.1661676646706587,1.0,32,32
0.2,0.42,True,1424,1336,87,1,0.9389044943820225,0.061095505617977525,0.8338323353293413,1114,222,0.0,0,1,0.0,0.1667913238593867,0.1661676646706587,1.0,32,32
0.2,0.43,False,1424,1336,87,1,0.9389044943820225,0.061095505617977525,0.8338323353293413,1114,222,0.0,0,1,0.0,0.1667913238593867,0.1661676646706587,1.0,32,32
0.2,0.43,True,1424,1336,87,1,0.9389044943820225,0.061095505617977525,0.8338323353293413,1114,222,0.0,0,1,0.0,0.1667913238593867,0.1661676646706587,1.0,32,32
0.2,0.44,False,1424,1336,87,1,0.9389044943820225,0.061095505617977525,0.8338323353293413,1114,222,0.0,0,1,0.0,0.1667913238593867,0.1661676646706587,1.0,32,32
0.2,0.44,True,1424,1336,87,1,0.9389044943820225,0.061095505617977525,0.8338323353293413,1114,222,0.0,0,1,0.0,0.1667913238593867,0.1661676646706587,1.0,32,32
0.2,0.45,False,1424,1336,87,1,0.9389044943820225,0.061095505617977525,0.8338323353293413,1114,222,0.0,0,1,0.0,0.1667913238593867,0.1661676646706587,1.0,32,32
0.2,0.45,True,1424,1336,87,1,0.9389044943820225,0.061095505617977525,0.8338323353293413,1114,222,0.0,0,1,0.0,0.1667913238593867,0.1661676646706587,1.0,32,32
0.2,0.46,False,1424,1336,87,1,0.9389044943820225,0.061095505617977525,0.8338323353293413,1114,222,0.0,0,1,0.0,0.1667913238593867,0.1661676646706587,1.0,32,32
0.2,0.46,True,1424,1336,87,1,0.9389044943820225,0.061095505617977525,0.8338323353293413,1114,222,0.0,0,1,0.0,0.1667913238593867,0.1661676646706587,1.0,32,32
0.2,0.47,False,1424,1336,87,1,0.9389044943820225,0.061095505617977525,0.8338323353293413,1114,222,0.0,0,1,0.0,0.1667913238593867,0.1661676646706587,1.0,32,32
0.2,0.47,True,1424,1336,87,1,0.9389044943820225,0.061095505617977525,0.8338323353293413,1114,222,0.0,0,1,0.0,0.1667913238593867,0.1661676646706587,1.0,32,32
0.2,0.48,False,1424,1336,87,1,0.9389044943820225,0.061095505617977525,0.8338323353293413,1114,222,0.0,0,1,0.0,0.1667913238593867,0.1661676646706587,1.0,32,32
0.2,0.48,True,1424,1336,87,1,0.9389044943820225,0.061095505617977525,0.8338323353293413,1114,222,0.0,0,1,0.0,0.1667913238593867,0.1661676646706587,1.0,32,32
0.2,0.49,False,1424,1336,87,1,0.9389044943820225,0.061095505617977525,0.8338323353293413,1114,222,0.0,0,1,0.0,0.1667913238593867,0.1661676646706587,1.0,32,32
0.2,0.49,True,1424,1336,87,1,0.9389044943820225,0.061095505617977525,0.8338323353293413,1114,222,0.0,0,1,0.0,0.1667913238593867,0.1661676646706587,1.0,32,32
0.2,0.5,False,1424,1336,87,1,0.9389044943820225,0.061095505617977525,0.8338323353293413,1114,222,0.0,0,1,0.0,0.1667913238593867,0.1661676646706587,1.0,32,32
0.2,0.5,True,1424,1336,87,1,0.9389044943820225,0.061095505617977525,0.8338323353293413,1114,222,0.0,0,1,0.0,0.1667913238593867,0.1661676646706587,1.0,32,32
0.2,0.51,False,1424,1336,87,1,0.9389044943820225,0.061095505617977525,0.8338323353293413,1114,222,0.0,0,1,0.0,0.1667913238593867,0.1661676646706587,1.0,32,32
0.2,0.51,True,1424,1336,87,1,0.9389044943820225,0.061095505617977525,0.8338323353293413,1114,222,0.0,0,1,0.0,0.1667913238593867,0.1661676646706587,1.0,32,32
0.2,0.52,False,1424,1336,87,1,0.9389044943820225,0.061095505617977525,0.8338323353293413,1114,222,0.0,0,1,0.0,0.1667913238593867,0.1661676646706587,1.0,32,32
0.2,0.52,True,1424,1336,87,1,0.9389044943820225,0.061095505617977525,0.8338323353293413,1114,222,0.0,0,1,0.0,0.1667913238593867,0.1661676646706587,1.0,32,32
0.2,0.53,False,1424,1336,87,1,0.9389044943820225,0.061095505617977525,0.8338323353293413,1114,222,0.0,0,1,0.0,0.1667913238593867,0.1661676646706587,1.0,32,32
0.2,0.53,True,1424,1336,87,1,0.9389044943820225,0.061095505617977525,0.8338323353293413,1114,222,0.0,0,1,0.0,0.1667913238593867,0.1661676646706587,1.0,32,32
0.2,0.54,False,1424,1336,87,1,0.9389044943820225,0.061095505617977525,0.8338323353293413,1114,222,0.0,0,1,0.0,0.1667913238593867,0.1661676646706587,1.0,32,32
0.2,0.54,True,1424,1336,87,1,0.9389044943820225,0.061095505617977525,0.8338323353293413,1114,222,0.0,0,1,0.0,0.1667913238593867,0.1661676646706587,1.0,32,32
0.2,0.55,False,1424,1336,87,1,0.9389044943820225,0.061095505617977525,0.8338323353293413,1114,222,0.0,0,1,0.0,0.1667913238593867,0.1661676646706587,1.0,32,32
0.2,0.55,True,1424,1336,87,1,0.9389044943820225,0.061095505617977525,0.8338323353293413,1114,222,0.0,0,1,0.0,0.1667913238593867,0.1661676646706587,1.0,32,32
0.2,0.56,False,1424,1336,87,1,0.9389044943820225,0.061095505617977525,0.8338323353293413,1114,222,0.0,0,1,0.0,0.1667913238593867,0.1661676646706587,1.0,32,32
0.2,0.56,True,1424,1336,87,1,0.9389044943820225,0.061095505617977525,0.8338323353293413,1114,222,0.0,0,1,0.0,0.1667913238593867,0.1661676646706587,1.0,32,32
0.2,0.57,False,1424,1336,87,1,0.9389044943820225,0.061095505617977525,0.8338323353293413,1114,222,0.0,0,1,0.0,0.1667913238593867,0.1661676646706587,1.0,32,32
0.2,0.57,True,1424,1336,87,1,0.9389044943820225,0.061095505617977525,0.8338323353293413,1114,222,0.0,0,1,0.0,0.1667913238593867,0.1661676646706587,1.0,32,32
0.2,0.58,False,1424,1336,87,1,0.9389044943820225,0.061095505617977525,0.8338323353293413,1114,222,0.0,0,1,0.0,0.1667913238593867,0.1661676646706587,1.0,32,32
0.2,0.58,True,1424,1336,87,1,0.9389044943820225,0.061095505617977525,0.8338323353293413,1114,222,0.0,0,1,0.0,0.1667913238593867,0.1661676646706587,1.0,32,32
0.2,0.59,False,1424,1336,87,1,0.9389044943820225,0.061095505617977525,0.8338323353293413,1114,222,0.0,0,1,0.0,0.1667913238593867,0.1661676646706587,1.0,32,32
0.2,0.59,True,1424,1336,87,1,0.9389044943820225,0.061095505617977525,0.8338323353293413,1114,222,0.0,0,1,0.0,0.1667913238593867,0.1661676646706587,1.0,32,32
0.2,0.6,False,1424,1336,87,1,0.9389044943820225,0.061095505617977525,0.8338323353293413,1114,222,0.0,0,1,0.0,0.1667913238593867,0.1661676646706587,1.0,32,32
0.2,0.6,True,1424,1336,87,1,0.9389044943820225,0.061095505617977525,0.8338323353293413,1114,222,0.0,0,1,0.0,0.1667913238593867,0.1661676646706587,1.0,32,32
0.2,0.61,False,1424,1336,87,1,0.9389044943820225,0.061095505617977525,0.8338323353293413,1114,222,0.0,0,1,0.0,0.1667913238593867,0.1661676646706587,1.0,32,32
0.2,0.61,True,1424,1336,87,1,0.9389044943820225,0.061095505617977525,0.8338323353293413,1114,222,0.0,0,1,0.0,0.1667913238593867,0.1661676646706587,1.0,32,32
0.2,0.62,False,1424,1336,87,1,0.9389044943820225,0.061095505617977525,0.8338323353293413,1114,222,0.0,0,1,0.0,0.1667913238593867,0.1661676646706587,1.0,32,32
0.2,0.62,True,1424,1336,87,1,0.9389044943820225,0.061095505617977525,0.8338323353293413,1114,222,0.0,0,1,0.0,0.1667913238593867,0.1661676646706587,1.0,32,32
0.2,0.63,False,1424,1336,87,1,0.9389044943820225,0.061095505617977525,0.8338323353293413,1114,222,0.0,0,1,0.0,0.1667913238593867,0.1661676646706587,1.0,32,32
0.2,0.63,True,1424,1336,87,1,0.9389044943820225,0.061095505617977525,0.8338323353293413,1114,222,0.0,0,1,0.0,0.1667913238593867,0.1661676646706587,1.0,32,32
0.2,0.64,False,1424,1336,87,1,0.9389044943820225,0.061095505617977525,0.8338323353293413,1114,222,0.0,0,1,0.0,0.1667913238593867,0.1661676646706587,1.0,32,32
0.2,0.64,True,1424,1336,87,1,0.9389044943820225,0.061095505617977525,0.8338323353293413,1114,222,0.0,0,1,0.0,0.1667913238593867,0.1661676646706587,1.0,32,32
0.2,0.65,False,1424,1336,87,1,0.9389044943820225,0.061095505617977525,0.8338323353293413,1114,222,0.0,0,1,0.0,0.1667913238593867,0.1661676646706587,1.0,32,32
0.2,0.65,True,1424,1336,87,1,0.9389044943820225,0.061095505617977525,0.8338323353293413,1114,222,0.0,0,1,0.0,0.1667913238593867,0.1661676646706587,1.0,32,32
0.2,0.66,False,1424,1336,88,0,0.9382022471910112,0.06179775280898876,0.8338323353293413,1114,222,nan,0,0,0.0,0.1661676646706587,0.1661676646706587,nan,32,32
0.2,0.66,True,1424,1336,88,0,0.9382022471910112,0.06179775280898876,0.8338323353293413,1114,222,nan,0,0,0.0,0.1661676646706587,0.1661676646706587,nan,32,32
0.2,0.67,False,1424,1336,88,0,0.9382022471910112,0.06179775280898876,0.8338323353293413,1114,222,nan,0,0,0.0,0.1661676646706587,0.1661676646706587,nan,32,32
0.2,0.67,True,1424,1336,88,0,0.9382022471910112,0.06179775280898876,0.8338323353293413,1114,222,nan,0,0,0.0,0.1661676646706587,0.1661676646706587,nan,32,32
0.2,0.68,False,1424,1336,88,0,0.9382022471910112,0.06179775280898876,0.8338323353293413,1114,222,nan,0,0,0.0,0.1661676646706587,0.1661676646706587,nan,32,32
0.2,0.68,True,1424,1336,88,0,0.9382022471910112,0.06179775280898876,0.8338323353293413,1114,222,nan,0,0,0.0,0.1661676646706587,0.1661676646706587,nan,32,32
0.2,0.69,False,1424,1336,88,0,0.9382022471910112,0.06179775280898876,0.8338323353293413,1114,222,nan,0,0,0.0,0.1661676646706587,0.1661676646706587,nan,32,32
0.2,0.69,True,1424,1336,88,0,0.9382022471910112,0.06179775280898876,0.8338323353293413,1114,222,nan,0,0,0.0,0.1661676646706587,0.1661676646706587,nan,32,32
0.2,0.7,False,1424,1336,88,0,0.9382022471910112,0.06179775280898876,0.8338323353293413,1114,222,nan,0,0,0.0,0.1661676646706587,0.1661676646706587,nan,32,32
0.2,0.7,True,1424,1336,88,0,0.9382022471910112,0.06179775280898876,0.8338323353293413,1114,222,nan,0,0,0.0,0.1661676646706587,0.1661676646706587,nan,32,32
0.2,0.71,False,1424,1336,88,0,0.9382022471910112,0.06179775280898876,0.8338323353293413,1114,222,nan,0,0,0.0,0.1661676646706587,0.1661676646706587,nan,32,32
0.2,0.71,True,1424,1336,88,0,0.9382022471910112,0.06179775280898876,0.8338323353293413,1114,222,nan,0,0,0.0,0.1661676646706587,0.1661676646706587,nan,32,32
0.2,0.72,False,1424,1336,88,0,0.9382022471910112,0.06179775280898876,0.8338323353293413,1114,222,nan,0,0,0.0,0.1661676646706587,0.1661676646706587,nan,32,32
0.2,0.72,True,1424,1336,88,0,0.9382022471910112,0.06179775280898876,0.8338323353293413,1114,222,nan,0,0,0.0,0.1661676646706587,0.1661676646706587,nan,32,32
0.2,0.73,False,1424,1336,88,0,0.9382022471910112,0.06179775280898876,0.8338323353293413,1114,222,nan,0,0,0.0,0.1661676646706587,0.1661676646706587,nan,32,32
0.2,0.73,True,1424,1336,88,0,0.9382022471910112,0.06179775280898876,0.8338323353293413,1114,222,nan,0,0,0.0,0.1661676646706587,0.1661676646706587,nan,32,32
0.2,0.74,False,1424,1336,88,0,0.9382022471910112,0.06179775280898876,0.8338323353293413,1114,222,nan,0,0,0.0,0.1661676646706587,0.1661676646706587,nan,32,32
0.2,0.74,True,1424,1336,88,0,0.9382022471910112,0.06179775280898876,0.8338323353293413,1114,222,nan,0,0,0.0,0.1661676646706587,0.1661676646706587,nan,32,32
0.2,0.75,False,1424,1336,88,0,0.9382022471910112,0.06179775280898876,0.8338323353293413,1114,222,nan,0,0,0.0,0.1661676646706587,0.1661676646706587,nan,32,32
0.2,0.75,True,1424,1336,88,0,0.9382022471910112,0.06179775280898876,0.8338323353293413,1114,222,nan,0,0,0.0,0.1661676646706587,0.1661676646706587,nan,32,32
0.2,0.76,False,1424,1336,88,0,0.9382022471910112,0.06179775280898876,0.8338323353293413,1114,222,nan,0,0,0.0,0.1661676646706587,0.1661676646706587,nan,32,32
0.2,0.76,True,1424,1336,88,0,0.9382022471910112,0.06179775280898876,0.8338323353293413,1114,222,nan,0,0,0.0,0.1661676646706587,0.1661676646706587,nan,32,32
0.2,0.77,False,1424,1336,88,0,0.9382022471910112,0.06179775280898876,0.8338323353293413,1114,222,nan,0,0,0.0,0.1661676646706587,0.1661676646706587,nan,32,32
0.2,0.77,True,1424,1336,88,0,0.9382022471910112,0.06179775280898876,0.8338323353293413,1114,222,nan,0,0,0.0,0.1661676646706587,0.1661676646706587,nan,32,32
0.2,0.78,False,1424,1336,88,0,0.9382022471910112,0.06179775280898876,0.8338323353293413,1114,222,nan,0,0,0.0,0.1661676646706587,0.1661676646706587,nan,32,32
0.2,0.78,True,1424,1336,88,0,0.9382022471910112,0.06179775280898876,0.8338323353293413,1114,222,nan,0,0,0.0,0.1661676646706587,0.1661676646706587,nan,32,32
0.2,0.79,False,1424,1336,88,0,0.9382022471910112,0.06179775280898876,0.8338323353293413,1114,222,nan,0,0,0.0,0.1661676646706587,0.1661676646706587,nan,32,32
0.2,0.79,True,1424,1336,88,0,0.9382022471910112,0.06179775280898876,0.8338323353293413,1114,222,nan,0,0,0.0,0.1661676646706587,0.1661676646706587,nan,32,32
0.2,0.8,False,1424,1336,88,0,0.9382022471910112,0.06179775280898876,0.8338323353293413,1114,222,nan,0,0,0.0,0.1661676646706587,0.1661676646706587,nan,32,32
0.2,0.8,True,1424,1336,88,0,0.9382022471910112,0.06179775280898876,0.8338323353293413,1114,222,nan,0,0,0.0,0.1661676646706587,0.1661676646706587,nan,32,32
0.2,0.81,False,1424,1336,88,0,0.9382022471910112,0.06179775280898876,0.8338323353293413,1114,222,nan,0,0,0.0,0.1661676646706587,0.1661676646706587,nan,32,32
0.2,0.81,True,1424,1336,88,0,0.9382022471910112,0.06179775280898876,0.8338323353293413,1114,222,nan,0,0,0.0,0.1661676646706587,0.1661676646706587,nan,32,32
0.2,0.82,False,1424,1336,88,0,0.9382022471910112,0.06179775280898876,0.8338323353293413,1114,222,nan,0,0,0.0,0.1661676646706587,0.1661676646706587,nan,32,32
0.2,0.82,True,1424,1336,88,0,0.9382022471910112,0.06179775280898876,0.8338323353293413,1114,222,nan,0,0,0.0,0.1661676646706587,0.1661676646706587,nan,32,32
0.2,0.83,False,1424,1336,88,0,0.9382022471910112,0.06179775280898876,0.8338323353293413,1114,222,nan,0,0,0.0,0.1661676646706587,0.1661676646706587,nan,32,32
0.2,0.83,True,1424,1336,88,0,0.9382022471910112,0.06179775280898876,0.8338323353293413,1114,222,nan,0,0,0.0,0.1661676646706587,0.1661676646706587,nan,32,32
0.2,0.84,False,1424,1336,88,0,0.9382022471910112,0.06179775280898876,0.8338323353293413,1114,222,nan,0,0,0.0,0.1661676646706587,0.1661676646706587,nan,32,32
0.2,0.84,True,1424,1336,88,0,0.9382022471910112,0.06179775280898876,0.8338323353293413,1114,222,nan,0,0,0.0,0.1661676646706587,0.1661676646706587,nan,32,32
0.2,0.85,False,1424,1336,88,0,0.9382022471910112,0.06179775280898876,0.8338323353293413,1114,222,nan,0,0,0.0,0.1661676646706587,0.1661676646706587,nan,32,32
0.2,0.85,True,1424,1336,88,0,0.9382022471910112,0.06179775280898876,0.8338323353293413,1114,222,nan,0,0,0.0,0.1661676646706587,0.1661676646706587,nan,32,32
0.21,0.22,False,1424,1391,9,24,0.9936797752808989,0.006320224719101123,0.8346513299784328,1161,230,0.4166666666666667,10,14,0.04149377593360996,0.1724381625441696,0.16534867002156722,0.5833333333333334,32,32
0.21,0.22,True,1424,1391,12,21,0.9915730337078652,0.008426966292134831,0.8346513299784328,1161,230,0.42857142857142855,9,12,0.03734439834024896,0.17138810198300283,0.16534867002156722,0.5714285714285714,32,32
0.21,0.23,False,1424,1391,13,20,0.9908707865168539,0.009129213483146067,0.8346513299784328,1161,230,0.4,8,12,0.03319502074688797,0.17150956768249467,0.16534867002156722,0.6,32,32
0.21,0.23,True,1424,1391,16,17,0.9887640449438202,0.011235955056179775,0.8346513299784328,1161,230,0.4117647058823529,7,10,0.029045643153526972,0.17045454545454544,0.16534867002156722,0.5882352941176471,32,32
0.21,0.24,False,1424,1391,19,14,0.9866573033707865,0.013342696629213483,0.8346513299784328,1161,230,0.42857142857142855,6,8,0.024896265560165973,0.1693950177935943,0.16534867002156722,0.5714285714285714,32,32
0.21,0.24,True,1424,1391,20,13,0.9859550561797753,0.014044943820224719,0.8346513299784328,1161,230,0.38461538461538464,5,8,0.02074688796680498,0.16951566951566951,0.16534867002156722,0.6153846153846154,32,32
0.21,0.25,False,1424,1391,20,13,0.9859550561797753,0.014044943820224719,0.8346513299784328,1161,230,0.46153846153846156,6,7,0.024896265560165973,0.16880341880341881,0.16534867002156722,0.5384615384615384,32,32
0.21,0.25,True,1424,1391,21,12,0.985252808988764,0.014747191011235955,0.8346513299784328,1161,230,0.4166666666666667,5,7,0.02074688796680498,0.16892373485388454,0.16534867002156722,0.5833333333333334,32,32
0.21,0.26,False,1424,1391,24,9,0.9831460674157303,0.016853932584269662,0.8346513299784328,1161,230,0.3333333333333333,3,6,0.012448132780082987,0.16857142857142857,0.16534867002156722,0.6666666666666666,32,32
0.21,0.26,True,1424,1391,24,9,0.9831460674157303,0.016853932584269662,0.8346513299784328,1161,230,0.3333333333333333,3,6,0.012448132780082987,0.16857142857142857,0.16534867002156722,0.6666666666666666,32,32
0.21,0.27,False,1424,1391,27,6,0.9810393258426966,0.018960674157303372,0.8346513299784328,1161,230,0.3333333333333333,2,4,0.008298755186721992,0.16750178954903364,0.16534867002156722,0.6666666666666666,32,32
0.21,0.27,True,1424,1391,27,6,0.9810393258426966,0.018960674157303372,0.8346513299784328,1161,230,0.3333333333333333,2,4,0.008298755186721992,0.16750178954903364,0.16534867002156722,0.6666666666666666,32,32
0.21,0.28,False,1424,1391,28,5,0.9803370786516854,0.019662921348314606,0.8346513299784328,1161,230,0.2,1,4,0.004149377593360996,0.167621776504298,0.16534867002156722,0.8,32,32
0.21,0.28,True,1424,1391,28,5,0.9803370786516854,0.019662921348314606,0.8346513299784328,1161,230,0.2,1,4,0.004149377593360996,0.167621776504298,0.16534867002156722,0.8,32,32
0.21,0.29,False,1424,1391,28,5,0.9803370786516854,0.019662921348314606,0.8346513299784328,1161,230,0.2,1,4,0.004149377593360996,0.167621776504298,0.16534867002156722,0.8,32,32
0.21,0.29,True,1424,1391,28,5,0.9803370786516854,0.019662921348314606,0.8346513299784328,1161,230,0.2,1,4,0.004149377593360996,0.167621776504298,0.16534867002156722,0.8,32,32
0.21,0.3,False,1424,1391,28,5,0.9803370786516854,0.019662921348314606,0.8346513299784328,1161,230,0.2,1,4,0.004149377593360996,0.167621776504298,0.16534867002156722,0.8,32,32
0.21,0.3,True,1424,1391,28,5,0.9803370786516854,0.019662921348314606,0.8346513299784328,1161,230,0.2,1,4,0.004149377593360996,0.167621776504298,0.16534867002156722,0.8,32,32
0.21,0.31,False,1424,1391,28,5,0.9803370786516854,0.019662921348314606,0.8346513299784328,1161,230,0.2,1,4,0.004149377593360996,0.167621776504298,0.16534867002156722,0.8,32,32
0.21,0.31,True,1424,1391,28,5,0.9803370786516854,0.019662921348314606,0.8346513299784328,1161,230,0.2,1,4,0.004149377593360996,0.167621776504298,0.16534867002156722,0.8,32,32
0.21,0.32,False,1424,1391,28,5,0.9803370786516854,0.019662921348314606,0.8346513299784328,1161,230,0.2,1,4,0.004149377593360996,0.167621776504298,0.16534867002156722,0.8,32,32
0.21,0.32,True,1424,1391,28,5,0.9803370786516854,0.019662921348314606,0.8346513299784328,1161,230,0.2,1,4,0.004149377593360996,0.167621776504298,0.16534867002156722,0.8,32,32
0.21,0.33,False,1424,1391,28,5,0.9803370786516854,0.019662921348314606,0.8346513299784328,1161,230,0.2,1,4,0.004149377593360996,0.167621776504298,0.16534867002156722,0.8,32,32
0.21,0.33,True,1424,1391,28,5,0.9803370786516854,0.019662921348314606,0.8346513299784328,1161,230,0.2,1,4,0.004149377593360996,0.167621776504298,0.16534867002156722,0.8,32,32
0.21,0.34,False,1424,1391,28,5,0.9803370786516854,0.019662921348314606,0.8346513299784328,1161,230,0.2,1,4,0.004149377593360996,0.167621776504298,0.16534867002156722,0.8,32,32
0.21,0.34,True,1424,1391,28,5,0.9803370786516854,0.019662921348314606,0.8346513299784328,1161,230,0.2,1,4,0.004149377593360996,0.167621776504298,0.16534867002156722,0.8,32,32
0.21,0.35,False,1424,1391,28,5,0.9803370786516854,0.019662921348314606,0.8346513299784328,1161,230,0.2,1,4,0.004149377593360996,0.167621776504298,0.16534867002156722,0.8,32,32
0.21,0.35,True,1424,1391,28,5,0.9803370786516854,0.019662921348314606,0.8346513299784328,1161,230,0.2,1,4,0.004149377593360996,0.167621776504298,0.16534867002156722,0.8,32,32
0.21,0.36,False,1424,1391,28,5,0.9803370786516854,0.019662921348314606,0.8346513299784328,1161,230,0.2,1,4,0.004149377593360996,0.167621776504298,0.16534867002156722,0.8,32,32
0.21,0.36,True,1424,1391,28,5,0.9803370786516854,0.019662921348314606,0.8346513299784328,1161,230,0.2,1,4,0.004149377593360996,0.167621776504298,0.16534867002156722,0.8,32,32
0.21,0.37,False,1424,1391,30,3,0.9789325842696629,0.021067415730337078,0.8346513299784328,1161,230,0.3333333333333333,1,2,0.004149377593360996,0.16642754662840745,0.16534867002156722,0.6666666666666666,32,32
0.21,0.37,True,1424,1391,30,3,0.9789325842696629,0.021067415730337078,0.8346513299784328,1161,230,0.3333333333333333,1,2,0.004149377593360996,0.16642754662840745,0.16534867002156722,0.6666666666666666,32,32
0.21,0.38,False,1424,1391,30,3,0.9789325842696629,0.021067415730337078,0.8346513299784328,1161,230,0.3333333333333333,1,2,0.004149377593360996,0.16642754662840745,0.16534867002156722,0.6666666666666666,32,32
0.21,0.38,True,1424,1391,30,3,0.9789325842696629,0.021067415730337078,0.8346513299784328,1161,230,0.3333333333333333,1,2,0.004149377593360996,0.16642754662840745,0.16534867002156722,0.6666666666666666,32,32
0.21,0.39,False,1424,1391,30,3,0.9789325842696629,0.021067415730337078,0.8346513299784328,1161,230,0.3333333333333333,1,2,0.004149377593360996,0.16642754662840745,0.16534867002156722,0.6666666666666666,32,32
0.21,0.39,True,1424,1391,30,3,0.9789325842696629,0.021067415730337078,0.8346513299784328,1161,230,0.3333333333333333,1,2,0.004149377593360996,0.16642754662840745,0.16534867002156722,0.6666666666666666,32,32
0.21,0.4,False,1424,1391,30,3,0.9789325842696629,0.021067415730337078,0.8346513299784328,1161,230,0.3333333333333333,1,2,0.004149377593360996,0.16642754662840745,0.16534867002156722,0.6666666666666666,32,32
0.21,0.4,True,1424,1391,30,3,0.9789325842696629,0.021067415730337078,0.8346513299784328,1161,230,0.3333333333333333,1,2,0.004149377593360996,0.16642754662840745,0.16534867002156722,0.6666666666666666,32,32
0.21,0.41,False,1424,1391,31,2,0.9782303370786517,0.021769662921348316,0.8346513299784328,1161,230,0.0,0,2,0.0,0.1665470208183776,0.16534867002156722,1.0,32,32
0.21,0.41,True,1424,1391,31,2,0.9782303370786517,0.021769662921348316,0.8346513299784328,1161,230,0.0,0,2,0.0,0.1665470208183776,0.16534867002156722,1.0,32,32
0.21,0.42,False,1424,1391,32,1,0.9775280898876404,0.02247191011235955,0.8346513299784328,1161,230,0.0,0,1,0.0,0.16594827586206898,0.16534867002156722,1.0,32,32
0.21,0.42,True,1424,1391,32,1,0.9775280898876404,0.02247191011235955,0.8346513299784328,1161,230,0.0,0,1,0.0,0.16594827586206898,0.16534867002156722,1.0,32,32
0.21,0.43,False,1424,1391,32,1,0.9775280898876404,0.02247191011235955,0.8346513299784328,1161,230,0.0,0,1,0.0,0.16594827586206898,0.16534867002156722,1.0,32,32
0.21,0.43,True,1424,1391,32,1,0.9775280898876404,0.02247191011235955,0.8346513299784328,1161,230,0.0,0,1,0.0,0.16594827586206898,0.16534867002156722,1.0,32,32
0.21,0.44,False,1424,1391,32,1,0.9775280898876404,0.02247191011235955,0.8346513299784328,1161,230,0.0,0,1,0.0,0.16594827586206898,0.16534867002156722,1.0,32,32
0.21,0.44,True,1424,1391,32,1,0.9775280898876404,0.02247191011235955,0.8346513299784328,1161,230,0.0,0,1,0.0,0.16594827586206898,0.16534867002156722,1.0,32,32
0.21,0.45,False,1424,1391,32,1,0.9775280898876404,0.02247191011235955,0.8346513299784328,1161,230,0.0,0,1,0.0,0.16594827586206898,0.16534867002156722,1.0,32,32
0.21,0.45,True,1424,1391,32,1,0.9775280898876404,0.02247191011235955,0.8346513299784328,1161,230,0.0,0,1,0.0,0.16594827586206898,0.16534867002156722,1.0,32,32
0.21,0.46,False,1424,1391,32,1,0.9775280898876404,0.02247191011235955,0.8346513299784328,1161,230,0.0,0,1,0.0,0.16594827586206898,0.16534867002156722,1.0,32,32
0.21,0.46,True,1424,1391,32,1,0.9775280898876404,0.02247191011235955,0.8346513299784328,1161,230,0.0,0,1,0.0,0.16594827586206898,0.16534867002156722,1.0,32,32
0.21,0.47,False,1424,1391,32,1,0.9775280898876404,0.02247191011235955,0.8346513299784328,1161,230,0.0,0,1,0.0,0.16594827586206898,0.16534867002156722,1.0,32,32
0.21,0.47,True,1424,1391,32,1,0.9775280898876404,0.02247191011235955,0.8346513299784328,1161,230,0.0,0,1,0.0,0.16594827586206898,0.16534867002156722,1.0,32,32
0.21,0.48,False,1424,1391,32,1,0.9775280898876404,0.02247191011235955,0.8346513299784328,1161,230,0.0,0,1,0.0,0.16594827586206898,0.16534867002156722,1.0,32,32
0.21,0.48,True,1424,1391,32,1,0.9775280898876404,0.02247191011235955,0.8346513299784328,1161,230,0.0,0,1,0.0,0.16594827586206898,0.16534867002156722,1.0,32,32
0.21,0.49,False,1424,1391,32,1,0.9775280898876404,0.02247191011235955,0.8346513299784328,1161,230,0.0,0,1,0.0,0.16594827586206898,0.16534867002156722,1.0,32,32
0.21,0.49,True,1424,1391,32,1,0.9775280898876404,0.02247191011235955,0.8346513299784328,1161,230,0.0,0,1,0.0,0.16594827586206898,0.16534867002156722,1.0,32,32
0.21,0.5,False,1424,1391,32,1,0.9775280898876404,0.02247191011235955,0.8346513299784328,1161,230,0.0,0,1,0.0,0.16594827586206898,0.16534867002156722,1.0,32,32
0.21,0.5,True,1424,1391,32,1,0.9775280898876404,0.02247191011235955,0.8346513299784328,1161,230,0.0,0,1,0.0,0.16594827586206898,0.16534867002156722,1.0,32,32
0.21,0.51,False,1424,1391,32,1,0.9775280898876404,0.02247191011235955,0.8346513299784328,1161,230,0.0,0,1,0.0,0.16594827586206898,0.16534867002156722,1.0,32,32
0.21,0.51,True,1424,1391,32,1,0.9775280898876404,0.02247191011235955,0.8346513299784328,1161,230,0.0,0,1,0.0,0.16594827586206898,0.16534867002156722,1.0,32,32
0.21,0.52,False,1424,1391,32,1,0.9775280898876404,0.02247191011235955,0.8346513299784328,1161,230,0.0,0,1,0.0,0.16594827586206898,0.16534867002156722,1.0,32,32
0.21,0.52,True,1424,1391,32,1,0.9775280898876404,0.02247191011235955,0.8346513299784328,1161,230,0.0,0,1,0.0,0.16594827586206898,0.16534867002156722,1.0,32,32
0.21,0.53,False,1424,1391,32,1,0.9775280898876404,0.02247191011235955,0.8346513299784328,1161,230,0.0,0,1,0.0,0.16594827586206898,0.16534867002156722,1.0,32,32
0.21,0.53,True,1424,1391,32,1,0.9775280898876404,0.02247191011235955,0.8346513299784328,1161,230,0.0,0,1,0.0,0.16594827586206898,0.16534867002156722,1.0,32,32
0.21,0.54,False,1424,1391,32,1,0.9775280898876404,0.02247191011235955,0.8346513299784328,1161,230,0.0,0,1,0.0,0.16594827586206898,0.16534867002156722,1.0,32,32
0.21,0.54,True,1424,1391,32,1,0.9775280898876404,0.02247191011235955,0.8346513299784328,1161,230,0.0,0,1,0.0,0.16594827586206898,0.16534867002156722,1.0,32,32
0.21,0.55,False,1424,1391,32,1,0.9775280898876404,0.02247191011235955,0.8346513299784328,1161,230,0.0,0,1,0.0,0.16594827586206898,0.16534867002156722,1.0,32,32
0.21,0.55,True,1424,1391,32,1,0.9775280898876404,0.02247191011235955,0.8346513299784328,1161,230,0.0,0,1,0.0,0.16594827586206898,0.16534867002156722,1.0,32,32
0.21,0.56,False,1424,1391,32,1,0.9775280898876404,0.02247191011235955,0.8346513299784328,1161,230,0.0,0,1,0.0,0.16594827586206898,0.16534867002156722,1.0,32,32
0.21,0.56,True,1424,1391,32,1,0.9775280898876404,0.02247191011235955,0.8346513299784328,1161,230,0.0,0,1,0.0,0.16594827586206898,0.16534867002156722,1.0,32,32
0.21,0.57,False,1424,1391,32,1,0.9775280898876404,0.02247191011235955,0.8346513299784328,1161,230,0.0,0,1,0.0,0.16594827586206898,0.16534867002156722,1.0,32,32
0.21,0.57,True,1424,1391,32,1,0.9775280898876404,0.02247191011235955,0.8346513299784328,1161,230,0.0,0,1,0.0,0.16594827586206898,0.16534867002156722,1.0,32,32
0.21,0.58,False,1424,1391,32,1,0.9775280898876404,0.02247191011235955,0.8346513299784328,1161,230,0.0,0,1,0.0,0.16594827586206898,0.16534867002156722,1.0,32,32
0.21,0.58,True,1424,1391,32,1,0.9775280898876404,0.02247191011235955,0.8346513299784328,1161,230,0.0,0,1,0.0,0.16594827586206898,0.16534867002156722,1.0,32,32
0.21,0.59,False,1424,1391,32,1,0.9775280898876404,0.02247191011235955,0.8346513299784328,1161,230,0.0,0,1,0.0,0.16594827586206898,0.16534867002156722,1.0,32,32
0.21,0.59,True,1424,1391,32,1,0.9775280898876404,0.02247191011235955,0.8346513299784328,1161,230,0.0,0,1,0.0,0.16594827586206898,0.16534867002156722,1.0,32,32
0.21,0.6,False,1424,1391,32,1,0.9775280898876404,0.02247191011235955,0.8346513299784328,1161,230,0.0,0,1,0.0,0.16594827586206898,0.16534867002156722,1.0,32,32
0.21,0.6,True,1424,1391,32,1,0.9775280898876404,0.02247191011235955,0.8346513299784328,1161,230,0.0,0,1,0.0,0.16594827586206898,0.16534867002156722,1.0,32,32
0.21,0.61,False,1424,1391,32,1,0.9775280898876404,0.02247191011235955,0.8346513299784328,1161,230,0.0,0,1,0.0,0.16594827586206898,0.16534867002156722,1.0,32,32
0.21,0.61,True,1424,1391,32,1,0.9775280898876404,0.02247191011235955,0.8346513299784328,1161,230,0.0,0,1,0.0,0.16594827586206898,0.16534867002156722,1.0,32,32
0.21,0.62,False,1424,1391,32,1,0.9775280898876404,0.02247191011235955,0.8346513299784328,1161,230,0.0,0,1,0.0,0.16594827586206898,0.16534867002156722,1.0,32,32
0.21,0.62,True,1424,1391,32,1,0.9775280898876404,0.02247191011235955,0.8346513299784328,1161,230,0.0,0,1,0.0,0.16594827586206898,0.16534867002156722,1.0,32,32
0.21,0.63,False,1424,1391,32,1,0.9775280898876404,0.02247191011235955,0.8346513299784328,1161,230,0.0,0,1,0.0,0.16594827586206898,0.16534867002156722,1.0,32,32
0.21,0.63,True,1424,1391,32,1,0.9775280898876404,0.02247191011235955,0.8346513299784328,1161,230,0.0,0,1,0.0,0.16594827586206898,0.16534867002156722,1.0,32,32
0.21,0.64,False,1424,1391,32,1,0.9775280898876404,0.02247191011235955,0.8346513299784328,1161,230,0.0,0,1,0.0,0.16594827586206898,0.16534867002156722,1.0,32,32
0.21,0.64,True,1424,1391,32,1,0.9775280898876404,0.02247191011235955,0.8346513299784328,1161,230,0.0,0,1,0.0,0.16594827586206898,0.16534867002156722,1.0,32,32
0.21,0.65,False,1424,1391,32,1,0.9775280898876404,0.02247191011235955,0.8346513299784328,1161,230,0.0,0,1,0.0,0.16594827586206898,0.16534867002156722,1.0,32,32
0.21,0.65,True,1424,1391,32,1,0.9775280898876404,0.02247191011235955,0.8346513299784328,1161,230,0.0,0,1,0.0,0.16594827586206898,0.16534867002156722,1.0,32,32
0.21,0.66,False,1424,1391,33,0,0.9768258426966292,0.023174157303370788,0.8346513299784328,1161,230,nan,0,0,0.0,0.16534867002156722,0.16534867002156722,nan,32,32
0.21,0.66,True,1424,1391,33,0,0.9768258426966292,0.023174157303370788,0.8346513299784328,1161,230,nan,0,0,0.0,0.16534867002156722,0.16534867002156722,nan,32,32
0.21,0.67,False,1424,1391,33,0,0.9768258426966292,0.023174157303370788,0.8346513299784328,1161,230,nan,0,0,0.0,0.16534867002156722,0.16534867002156722,nan,32,32
0.21,0.67,True,1424,1391,33,0,0.9768258426966292,0.023174157303370788,0.8346513299784328,1161,230,nan,0,0,0.0,0.16534867002156722,0.16534867002156722,nan,32,32
0.21,0.68,False,1424,1391,33,0,0.9768258426966292,0.023174157303370788,0.8346513299784328,1161,230,nan,0,0,0.0,0.16534867002156722,0.16534867002156722,nan,32,32
0.21,0.68,True,1424,1391,33,0,0.9768258426966292,0.023174157303370788,0.8346513299784328,1161,230,nan,0,0,0.0,0.16534867002156722,0.16534867002156722,nan,32,32
0.21,0.69,False,1424,1391,33,0,0.9768258426966292,0.023174157303370788,0.8346513299784328,1161,230,nan,0,0,0.0,0.16534867002156722,0.16534867002156722,nan,32,32
0.21,0.69,True,1424,1391,33,0,0.9768258426966292,0.023174157303370788,0.8346513299784328,1161,230,nan,0,0,0.0,0.16534867002156722,0.16534867002156722,nan,32,32
0.21,0.7,False,1424,1391,33,0,0.9768258426966292,0.023174157303370788,0.8346513299784328,1161,230,nan,0,0,0.0,0.16534867002156722,0.16534867002156722,nan,32,32
0.21,0.7,True,1424,1391,33,0,0.9768258426966292,0.023174157303370788,0.8346513299784328,1161,230,nan,0,0,0.0,0.16534867002156722,0.16534867002156722,nan,32,32
0.21,0.71,False,1424,1391,33,0,0.9768258426966292,0.023174157303370788,0.8346513299784328,1161,230,nan,0,0,0.0,0.16534867002156722,0.16534867002156722,nan,32,32
0.21,0.71,True,1424,1391,33,0,0.9768258426966292,0.023174157303370788,0.8346513299784328,1161,230,nan,0,0,0.0,0.16534867002156722,0.16534867002156722,nan,32,32
0.21,0.72,False,1424,1391,33,0,0.9768258426966292,0.023174157303370788,0.8346513299784328,1161,230,nan,0,0,0.0,0.16534867002156722,0.16534867002156722,nan,32,32
0.21,0.72,True,1424,1391,33,0,0.9768258426966292,0.023174157303370788,0.8346513299784328,1161,230,nan,0,0,0.0,0.16534867002156722,0.16534867002156722,nan,32,32
0.21,0.73,False,1424,1391,33,0,0.9768258426966292,0.023174157303370788,0.8346513299784328,1161,230,nan,0,0,0.0,0.16534867002156722,0.16534867002156722,nan,32,32
0.21,0.73,True,1424,1391,33,0,0.9768258426966292,0.023174157303370788,0.8346513299784328,1161,230,nan,0,0,0.0,0.16534867002156722,0.16534867002156722,nan,32,32
0.21,0.74,False,1424,1391,33,0,0.9768258426966292,0.023174157303370788,0.8346513299784328,1161,230,nan,0,0,0.0,0.16534867002156722,0.16534867002156722,nan,32,32
0.21,0.74,True,1424,1391,33,0,0.9768258426966292,0.023174157303370788,0.8346513299784328,1161,230,nan,0,0,0.0,0.16534867002156722,0.16534867002156722,nan,32,32
0.21,0.75,False,1424,1391,33,0,0.9768258426966292,0.023174157303370788,0.8346513299784328,1161,230,nan,0,0,0.0,0.16534867002156722,0.16534867002156722,nan,32,32
0.21,0.75,True,1424,1391,33,0,0.9768258426966292,0.023174157303370788,0.8346513299784328,1161,230,nan,0,0,0.0,0.16534867002156722,0.16534867002156722,nan,32,32
0.21,0.76,False,1424,1391,33,0,0.9768258426966292,0.023174157303370788,0.8346513299784328,1161,230,nan,0,0,0.0,0.16534867002156722,0.16534867002156722,nan,32,32
0.21,0.76,True,1424,1391,33,0,0.9768258426966292,0.023174157303370788,0.8346513299784328,1161,230,nan,0,0,0.0,0.16534867002156722,0.16534867002156722,nan,32,32
0.21,0.77,False,1424,1391,33,0,0.9768258426966292,0.023174157303370788,0.8346513299784328,1161,230,nan,0,0,0.0,0.16534867002156722,0.16534867002156722,nan,32,32
0.21,0.77,True,1424,1391,33,0,0.9768258426966292,0.023174157303370788,0.8346513299784328,1161,230,nan,0,0,0.0,0.16534867002156722,0.16534867002156722,nan,32,32
0.21,0.78,False,1424,1391,33,0,0.9768258426966292,0.023174157303370788,0.8346513299784328,1161,230,nan,0,0,0.0,0.16534867002156722,0.16534867002156722,nan,32,32
0.21,0.78,True,1424,1391,33,0,0.9768258426966292,0.023174157303370788,0.8346513299784328,1161,230,nan,0,0,0.0,0.16534867002156722,0.16534867002156722,nan,32,32
0.21,0.79,False,1424,1391,33,0,0.9768258426966292,0.023174157303370788,0.8346513299784328,1161,230,nan,0,0,0.0,0.16534867002156722,0.16534867002156722,nan,32,32
0.21,0.79,True,1424,1391,33,0,0.9768258426966292,0.023174157303370788,0.8346513299784328,1161,230,nan,0,0,0.0,0.16534867002156722,0.16534867002156722,nan,32,32
0.21,0.8,False,1424,1391,33,0,0.9768258426966292,0.023174157303370788,0.8346513299784328,1161,230,nan,0,0,0.0,0.16534867002156722,0.16534867002156722,nan,32,32
0.21,0.8,True,1424,1391,33,0,0.9768258426966292,0.023174157303370788,0.8346513299784328,1161,230,nan,0,0,0.0,0.16534867002156722,0.16534867002156722,nan,32,32
0.21,0.81,False,1424,1391,33,0,0.9768258426966292,0.023174157303370788,0.8346513299784328,1161,230,nan,0,0,0.0,0.16534867002156722,0.16534867002156722,nan,32,32
0.21,0.81,True,1424,1391,33,0,0.9768258426966292,0.023174157303370788,0.8346513299784328,1161,230,nan,0,0,0.0,0.16534867002156722,0.16534867002156722,nan,32,32
0.21,0.82,False,1424,1391,33,0,0.9768258426966292,0.023174157303370788,0.8346513299784328,1161,230,nan,0,0,0.0,0.16534867002156722,0.16534867002156722,nan,32,32
0.21,0.82,True,1424,1391,33,0,0.9768258426966292,0.023174157303370788,0.8346513299784328,1161,230,nan,0,0,0.0,0.16534867002156722,0.16534867002156722,nan,32,32
0.21,0.83,False,1424,1391,33,0,0.9768258426966292,0.023174157303370788,0.8346513299784328,1161,230,nan,0,0,0.0,0.16534867002156722,0.16534867002156722,nan,32,32
0.21,0.83,True,1424,1391,33,0,0.9768258426966292,0.023174157303370788,0.8346513299784328,1161,230,nan,0,0,0.0,0.16534867002156722,0.16534867002156722,nan,32,32
0.21,0.84,False,1424,1391,33,0,0.9768258426966292,0.023174157303370788,0.8346513299784328,1161,230,nan,0,0,0.0,0.16534867002156722,0.16534867002156722,nan,32,32
0.21,0.84,True,1424,1391,33,0,0.9768258426966292,0.023174157303370788,0.8346513299784328,1161,230,nan,0,0,0.0,0.16534867002156722,0.16534867002156722,nan,32,32
0.21,0.85,False,1424,1391,33,0,0.9768258426966292,0.023174157303370788,0.8346513299784328,1161,230,nan,0,0,0.0,0.16534867002156722,0.16534867002156722,nan,32,32
0.21,0.85,True,1424,1391,33,0,0.9768258426966292,0.023174157303370788,0.8346513299784328,1161,230,nan,0,0,0.0,0.16534867002156722,0.16534867002156722,nan,32,32
0.22,0.23,False,1424,1400,4,20,0.9971910112359551,0.0028089887640449437,0.835,1169,231,0.4,8,12,0.03319502074688797,0.17112676056338028,0.165,0.6,32,32
0.22,0.23,True,1424,1400,7,17,0.9950842696629213,0.0049157303370786515,0.835,1169,231,0.4117647058823529,7,10,0.029045643153526972,0.17007762879322513,0.165,0.5882352941176471,32,32
0.22,0.24,False,1424,1400,10,14,0.9929775280898876,0.007022471910112359,0.835,1169,231,0.42857142857142855,6,8,0.024896265560165973,0.16902404526166903,0.165,0.5714285714285714,32,32
0.22,0.24,True,1424,1400,11,13,0.9922752808988764,0.007724719101123595,0.835,1169,231,0.38461538461538464,5,8,0.02074688796680498,0.16914366595895258,0.165,0.6153846153846154,32,32
0.22,0.25,False,1424,1400,11,13,0.9922752808988764,0.007724719101123595,0.835,1169,231,0.46153846153846156,6,7,0.024896265560165973,0.16843595187544233,0.165,0.5384615384615384,32,32
0.22,0.25,True,1424,1400,12,12,0.9915730337078652,0.008426966292134831,0.835,1169,231,0.4166666666666667,5,7,0.02074688796680498,0.16855524079320114,0.165,0.5833333333333334,32,32
0.22,0.26,False,1424,1400,15,9,0.9894662921348315,0.010533707865168539,0.835,1169,231,0.3333333333333333,3,6,0.012448132780082987,0.16820440028388928,0.165,0.6666666666666666,32,32
0.22,0.26,True,1424,1400,15,9,0.9894662921348315,0.010533707865168539,0.835,1169,231,0.3333333333333333,3,6,0.012448132780082987,0.16820440028388928,0.165,0.6666666666666666,32,32
0.22,0.27,False,1424,1400,18,6,0.9873595505617978,0.012640449438202247,0.835,1169,231,0.3333333333333333,2,4,0.008298755186721992,0.16714082503556188,0.165,0.6666666666666666,32,32
0.22,0.27,True,1424,1400,18,6,0.9873595505617978,0.012640449438202247,0.835,1169,231,0.3333333333333333,2,4,0.008298755186721992,0.16714082503556188,0.165,0.6666666666666666,32,32
0.22,0.28,False,1424,1400,19,5,0.9866573033707865,0.013342696629213483,0.835,1169,231,0.2,1,4,0.004149377593360996,0.16725978647686832,0.165,0.8,32,32
0.22,0.28,True,1424,1400,19,5,0.9866573033707865,0.013342696629213483,0.835,1169,231,0.2,1,4,0.004149377593360996,0.16725978647686832,0.165,0.8,32,32
0.22,0.29,False,1424,1400,19,5,0.9866573033707865,0.013342696629213483,0.835,1169,231,0.2,1,4,0.004149377593360996,0.16725978647686832,0.165,0.8,32,32
0.22,0.29,True,1424,1400,19,5,0.9866573033707865,0.013342696629213483,0.835,1169,231,0.2,1,4,0.004149377593360996,0.16725978647686832,0.165,0.8,32,32
0.22,0.3,False,1424,1400,19,5,0.9866573033707865,0.013342696629213483,0.835,1169,231,0.2,1,4,0.004149377593360996,0.16725978647686832,0.165,0.8,32,32
0.22,0.3,True,1424,1400,19,5,0.9866573033707865,0.013342696629213483,0.835,1169,231,0.2,1,4,0.004149377593360996,0.16725978647686832,0.165,0.8,32,32
0.22,0.31,False,1424,1400,19,5,0.9866573033707865,0.013342696629213483,0.835,1169,231,0.2,1,4,0.004149377593360996,0.16725978647686832,0.165,0.8,32,32
0.22,0.31,True,1424,1400,19,5,0.9866573033707865,0.013342696629213483,0.835,1169,231,0.2,1,4,0.004149377593360996,0.16725978647686832,0.165,0.8,32,32
0.22,0.32,False,1424,1400,19,5,0.9866573033707865,0.013342696629213483,0.835,1169,231,0.2,1,4,0.004149377593360996,0.16725978647686832,0.165,0.8,32,32
0.22,0.32,True,1424,1400,19,5,0.9866573033707865,0.013342696629213483,0.835,1169,231,0.2,1,4,0.004149377593360996,0.16725978647686832,0.165,0.8,32,32
0.22,0.33,False,1424,1400,19,5,0.9866573033707865,0.013342696629213483,0.835,1169,231,0.2,1,4,0.004149377593360996,0.16725978647686832,0.165,0.8,32,32
0.22,0.33,True,1424,1400,19,5,0.9866573033707865,0.013342696629213483,0.835,1169,231,0.2,1,4,0.004149377593360996,0.16725978647686832,0.165,0.8,32,32
0.22,0.34,False,1424,1400,19,5,0.9866573033707865,0.013342696629213483,0.835,1169,231,0.2,1,4,0.004149377593360996,0.16725978647686832,0.165,0.8,32,32
0.22,0.34,True,1424,1400,19,5,0.9866573033707865,0.013342696629213483,0.835,1169,231,0.2,1,4,0.004149377593360996,0.16725978647686832,0.165,0.8,32,32
0.22,0.35,False,1424,1400,19,5,0.9866573033707865,0.013342696629213483,0.835,1169,231,0.2,1,4,0.004149377593360996,0.16725978647686832,0.165,0.8,32,32
0.22,0.35,True,1424,1400,19,5,0.9866573033707865,0.013342696629213483,0.835,1169,231,0.2,1,4,0.004149377593360996,0.16725978647686832,0.165,0.8,32,32
0.22,0.36,False,1424,1400,19,5,0.9866573033707865,0.013342696629213483,0.835,1169,231,0.2,1,4,0.004149377593360996,0.16725978647686832,0.165,0.8,32,32
0.22,0.36,True,1424,1400,19,5,0.9866573033707865,0.013342696629213483,0.835,1169,231,0.2,1,4,0.004149377593360996,0.16725978647686832,0.165,0.8,32,32
0.22,0.37,False,1424,1400,21,3,0.985252808988764,0.014747191011235955,0.835,1169,231,0.3333333333333333,1,2,0.004149377593360996,0.1660727013542409,0.165,0.6666666666666666,32,32
0.22,0.37,True,1424,1400,21,3,0.985252808988764,0.014747191011235955,0.835,1169,231,0.3333333333333333,1,2,0.004149377593360996,0.1660727013542409,0.165,0.6666666666666666,32,32
0.22,0.38,False,1424,1400,21,3,0.985252808988764,0.014747191011235955,0.835,1169,231,0.3333333333333333,1,2,0.004149377593360996,0.1660727013542409,0.165,0.6666666666666666,32,32
0.22,0.38,True,1424,1400,21,3,0.985252808988764,0.014747191011235955,0.835,1169,231,0.3333333333333333,1,2,0.004149377593360996,0.1660727013542409,0.165,0.6666666666666666,32,32
0.22,0.39,False,1424,1400,21,3,0.985252808988764,0.014747191011235955,0.835,1169,231,0.3333333333333333,1,2,0.004149377593360996,0.1660727013542409,0.165,0.6666666666666666,32,32
0.22,0.39,True,1424,1400,21,3,0.985252808988764,0.014747191011235955,0.835,1169,231,0.3333333333333333,1,2,0.004149377593360996,0.1660727013542409,0.165,0.6666666666666666,32,32
0.22,0.4,False,1424,1400,21,3,0.985252808988764,0.014747191011235955,0.835,1169,231,0.3333333333333333,1,2,0.004149377593360996,0.1660727013542409,0.165,0.6666666666666666,32,32
0.22,0.4,True,1424,1400,21,3,0.985252808988764,0.014747191011235955,0.835,1169,231,0.3333333333333333,1,2,0.004149377593360996,0.1660727013542409,0.165,0.6666666666666666,32,32
0.22,0.41,False,1424,1400,22,2,0.9845505617977528,0.01544943820224719,0.835,1169,231,0.0,0,2,0.0,0.16619115549215407,0.165,1.0,32,32
0.22,0.41,True,1424,1400,22,2,0.9845505617977528,0.01544943820224719,0.835,1169,231,0.0,0,2,0.0,0.16619115549215407,0.165,1.0,32,32
0.22,0.42,False,1424,1400,23,1,0.9838483146067416,0.016151685393258428,0.835,1169,231,0.0,0,1,0.0,0.1655960028551035,0.165,1.0,32,32
0.22,0.42,True,1424,1400,23,1,0.9838483146067416,0.016151685393258428,0.835,1169,231,0.0,0,1,0.0,0.1655960028551035,0.165,1.0,32,32
0.22,0.43,False,1424,1400,23,1,0.9838483146067416,0.016151685393258428,0.835,1169,231,0.0,0,1,0.0,0.1655960028551035,0.165,1.0,32,32
0.22,0.43,True,1424,1400,23,1,0.9838483146067416,0.016151685393258428,0.835,1169,231,0.0,0,1,0.0,0.1655960028551035,0.165,1.0,32,32
0.22,0.44,False,1424,1400,23,1,0.9838483146067416,0.016151685393258428,0.835,1169,231,0.0,0,1,0.0,0.1655960028551035,0.165,1.0,32,32
0.22,0.44,True,1424,1400,23,1,0.9838483146067416,0.016151685393258428,0.835,1169,231,0.0,0,1,0.0,0.1655960028551035,0.165,1.0,32,32
0.22,0.45,False,1424,1400,23,1,0.9838483146067416,0.016151685393258428,0.835,1169,231,0.0,0,1,0.0,0.1655960028551035,0.165,1.0,32,32
0.22,0.45,True,1424,1400,23,1,0.9838483146067416,0.016151685393258428,0.835,1169,231,0.0,0,1,0.0,0.1655960028551035,0.165,1.0,32,32
0.22,0.46,False,1424,1400,23,1,0.9838483146067416,0.016151685393258428,0.835,1169,231,0.0,0,1,0.0,0.1655960028551035,0.165,1.0,32,32
0.22,0.46,True,1424,1400,23,1,0.9838483146067416,0.016151685393258428,0.835,1169,231,0.0,0,1,0.0,0.1655960028551035,0.165,1.0,32,32
0.22,0.47,False,1424,1400,23,1,0.9838483146067416,0.016151685393258428,0.835,1169,231,0.0,0,1,0.0,0.1655960028551035,0.165,1.0,32,32
0.22,0.47,True,1424,1400,23,1,0.9838483146067416,0.016151685393258428,0.835,1169,231,0.0,0,1,0.0,0.1655960028551035,0.165,1.0,32,32
0.22,0.48,False,1424,1400,23,1,0.9838483146067416,0.016151685393258428,0.835,1169,231,0.0,0,1,0.0,0.1655960028551035,0.165,1.0,32,32
0.22,0.48,True,1424,1400,23,1,0.9838483146067416,0.016151685393258428,0.835,1169,231,0.0,0,1,0.0,0.1655960028551035,0.165,1.0,32,32
0.22,0.49,False,1424,1400,23,1,0.9838483146067416,0.016151685393258428,0.835,1169,231,0.0,0,1,0.0,0.1655960028551035,0.165,1.0,32,32
0.22,0.49,True,1424,1400,23,1,0.9838483146067416,0.016151685393258428,0.835,1169,231,0.0,0,1,0.0,0.1655960028551035,0.165,1.0,32,32
0.22,0.5,False,1424,1400,23,1,0.9838483146067416,0.016151685393258428,0.835,1169,231,0.0,0,1,0.0,0.1655960028551035,0.165,1.0,32,32
0.22,0.5,True,1424,1400,23,1,0.9838483146067416,0.016151685393258428,0.835,1169,231,0.0,0,1,0.0,0.1655960028551035,0.165,1.0,32,32
0.22,0.51,False,1424,1400,23,1,0.9838483146067416,0.016151685393258428,0.835,1169,231,0.0,0,1,0.0,0.1655960028551035,0.165,1.0,32,32
0.22,0.51,True,1424,1400,23,1,0.9838483146067416,0.016151685393258428,0.835,1169,231,0.0,0,1,0.0,0.1655960028551035,0.165,1.0,32,32
0.22,0.52,False,1424,1400,23,1,0.9838483146067416,0.016151685393258428,0.835,1169,231,0.0,0,1,0.0,0.1655960028551035,0.165,1.0,32,32
0.22,0.52,True,1424,1400,23,1,0.9838483146067416,0.016151685393258428,0.835,1169,231,0.0,0,1,0.0,0.1655960028551035,0.165,1.0,32,32
0.22,0.53,False,1424,1400,23,1,0.9838483146067416,0.016151685393258428,0.835,1169,231,0.0,0,1,0.0,0.1655960028551035,0.165,1.0,32,32
0.22,0.53,True,1424,1400,23,1,0.9838483146067416,0.016151685393258428,0.835,1169,231,0.0,0,1,0.0,0.1655960028551035,0.165,1.0,32,32
0.22,0.54,False,1424,1400,23,1,0.9838483146067416,0.016151685393258428,0.835,1169,231,0.0,0,1,0.0,0.1655960028551035,0.165,1.0,32,32
0.22,0.54,True,1424,1400,23,1,0.9838483146067416,0.016151685393258428,0.835,1169,231,0.0,0,1,0.0,0.1655960028551035,0.165,1.0,32,32
0.22,0.55,False,1424,1400,23,1,0.9838483146067416,0.016151685393258428,0.835,1169,231,0.0,0,1,0.0,0.1655960028551035,0.165,1.0,32,32
0.22,0.55,True,1424,1400,23,1,0.9838483146067416,0.016151685393258428,0.835,1169,231,0.0,0,1,0.0,0.1655960028551035,0.165,1.0,32,32
0.22,0.56,False,1424,1400,23,1,0.9838483146067416,0.016151685393258428,0.835,1169,231,0.0,0,1,0.0,0.1655960028551035,0.165,1.0,32,32
0.22,0.56,True,1424,1400,23,1,0.9838483146067416,0.016151685393258428,0.835,1169,231,0.0,0,1,0.0,0.1655960028551035,0.165,1.0,32,32
0.22,0.57,False,1424,1400,23,1,0.9838483146067416,0.016151685393258428,0.835,1169,231,0.0,0,1,0.0,0.1655960028551035,0.165,1.0,32,32
0.22,0.57,True,1424,1400,23,1,0.9838483146067416,0.016151685393258428,0.835,1169,231,0.0,0,1,0.0,0.1655960028551035,0.165,1.0,32,32
0.22,0.58,False,1424,1400,23,1,0.9838483146067416,0.016151685393258428,0.835,1169,231,0.0,0,1,0.0,0.1655960028551035,0.165,1.0,32,32
0.22,0.58,True,1424,1400,23,1,0.9838483146067416,0.016151685393258428,0.835,1169,231,0.0,0,1,0.0,0.1655960028551035,0.165,1.0,32,32
0.22,0.59,False,1424,1400,23,1,0.9838483146067416,0.016151685393258428,0.835,1169,231,0.0,0,1,0.0,0.1655960028551035,0.165,1.0,32,32
0.22,0.59,True,1424,1400,23,1,0.9838483146067416,0.016151685393258428,0.835,1169,231,0.0,0,1,0.0,0.1655960028551035,0.165,1.0,32,32
0.22,0.6,False,1424,1400,23,1,0.9838483146067416,0.016151685393258428,0.835,1169,231,0.0,0,1,0.0,0.1655960028551035,0.165,1.0,32,32
0.22,0.6,True,1424,1400,23,1,0.9838483146067416,0.016151685393258428,0.835,1169,231,0.0,0,1,0.0,0.1655960028551035,0.165,1.0,32,32
0.22,0.61,False,1424,1400,23,1,0.9838483146067416,0.016151685393258428,0.835,1169,231,0.0,0,1,0.0,0.1655960028551035,0.165,1.0,32,32
0.22,0.61,True,1424,1400,23,1,0.9838483146067416,0.016151685393258428,0.835,1169,231,0.0,0,1,0.0,0.1655960028551035,0.165,1.0,32,32
0.22,0.62,False,1424,1400,23,1,0.9838483146067416,0.016151685393258428,0.835,1169,231,0.0,0,1,0.0,0.1655960028551035,0.165,1.0,32,32
0.22,0.62,True,1424,1400,23,1,0.9838483146067416,0.016151685393258428,0.835,1169,231,0.0,0,1,0.0,0.1655960028551035,0.165,1.0,32,32
0.22,0.63,False,1424,1400,23,1,0.9838483146067416,0.016151685393258428,0.835,1169,231,0.0,0,1,0.0,0.1655960028551035,0.165,1.0,32,32
0.22,0.63,True,1424,1400,23,1,0.9838483146067416,0.016151685393258428,0.835,1169,231,0.0,0,1,0.0,0.1655960028551035,0.165,1.0,32,32
0.22,0.64,False,1424,1400,23,1,0.9838483146067416,0.016151685393258428,0.835,1169,231,0.0,0,1,0.0,0.1655960028551035,0.165,1.0,32,32
0.22,0.64,True,1424,1400,23,1,0.9838483146067416,0.016151685393258428,0.835,1169,231,0.0,0,1,0.0,0.1655960028551035,0.165,1.0,32,32
0.22,0.65,False,1424,1400,23,1,0.9838483146067416,0.016151685393258428,0.835,1169,231,0.0,0,1,0.0,0.1655960028551035,0.165,1.0,32,32
0.22,0.65,True,1424,1400,23,1,0.9838483146067416,0.016151685393258428,0.835,1169,231,0.0,0,1,0.0,0.1655960028551035,0.165,1.0,32,32
0.22,0.66,False,1424,1400,24,0,0.9831460674157303,0.016853932584269662,0.835,1169,231,nan,0,0,0.0,0.165,0.165,nan,32,32
0.22,0.66,True,1424,1400,24,0,0.9831460674157303,0.016853932584269662,0.835,1169,231,nan,0,0,0.0,0.165,0.165,nan,32,32
0.22,0.67,False,1424,1400,24,0,0.9831460674157303,0.016853932584269662,0.835,1169,231,nan,0,0,0.0,0.165,0.165,nan,32,32
0.22,0.67,True,1424,1400,24,0,0.9831460674157303,0.016853932584269662,0.835,1169,231,nan,0,0,0.0,0.165,0.165,nan,32,32
0.22,0.68,False,1424,1400,24,0,0.9831460674157303,0.016853932584269662,0.835,1169,231,nan,0,0,0.0,0.165,0.165,nan,32,32
0.22,0.68,True,1424,1400,24,0,0.9831460674157303,0.016853932584269662,0.835,1169,231,nan,0,0,0.0,0.165,0.165,nan,32,32
0.22,0.69,False,1424,1400,24,0,0.9831460674157303,0.016853932584269662,0.835,1169,231,nan,0,0,0.0,0.165,0.165,nan,32,32
0.22,0.69,True,1424,1400,24,0,0.9831460674157303,0.016853932584269662,0.835,1169,231,nan,0,0,0.0,0.165,0.165,nan,32,32
0.22,0.7,False,1424,1400,24,0,0.9831460674157303,0.016853932584269662,0.835,1169,231,nan,0,0,0.0,0.165,0.165,nan,32,32
0.22,0.7,True,1424,1400,24,0,0.9831460674157303,0.016853932584269662,0.835,1169,231,nan,0,0,0.0,0.165,0.165,nan,32,32
0.22,0.71,False,1424,1400,24,0,0.9831460674157303,0.016853932584269662,0.835,1169,231,nan,0,0,0.0,0.165,0.165,nan,32,32
0.22,0.71,True,1424,1400,24,0,0.9831460674157303,0.016853932584269662,0.835,1169,231,nan,0,0,0.0,0.165,0.165,nan,32,32
0.22,0.72,False,1424,1400,24,0,0.9831460674157303,0.016853932584269662,0.835,1169,231,nan,0,0,0.0,0.165,0.165,nan,32,32
0.22,0.72,True,1424,1400,24,0,0.9831460674157303,0.016853932584269662,0.835,1169,231,nan,0,0,0.0,0.165,0.165,nan,32,32
0.22,0.73,False,1424,1400,24,0,0.9831460674157303,0.016853932584269662,0.835,1169,231,nan,0,0,0.0,0.165,0.165,nan,32,32
0.22,0.73,True,1424,1400,24,0,0.9831460674157303,0.016853932584269662,0.835,1169,231,nan,0,0,0.0,0.165,0.165,nan,32,32
0.22,0.74,False,1424,1400,24,0,0.9831460674157303,0.016853932584269662,0.835,1169,231,nan,0,0,0.0,0.165,0.165,nan,32,32
0.22,0.74,True,1424,1400,24,0,0.9831460674157303,0.016853932584269662,0.835,1169,231,nan,0,0,0.0,0.165,0.165,nan,32,32
0.22,0.75,False,1424,1400,24,0,0.9831460674157303,0.016853932584269662,0.835,1169,231,nan,0,0,0.0,0.165,0.165,nan,32,32
0.22,0.75,True,1424,1400,24,0,0.9831460674157303,0.016853932584269662,0.835,1169,231,nan,0,0,0.0,0.165,0.165,nan,32,32
0.22,0.76,False,1424,1400,24,0,0.9831460674157303,0.016853932584269662,0.835,1169,231,nan,0,0,0.0,0.165,0.165,nan,32,32
0.22,0.76,True,1424,1400,24,0,0.9831460674157303,0.016853932584269662,0.835,1169,231,nan,0,0,0.0,0.165,0.165,nan,32,32
0.22,0.77,False,1424,1400,24,0,0.9831460674157303,0.016853932584269662,0.835,1169,231,nan,0,0,0.0,0.165,0.165,nan,32,32
0.22,0.77,True,1424,1400,24,0,0.9831460674157303,0.016853932584269662,0.835,1169,231,nan,0,0,0.0,0.165,0.165,nan,32,32
0.22,0.78,False,1424,1400,24,0,0.9831460674157303,0.016853932584269662,0.835,1169,231,nan,0,0,0.0,0.165,0.165,nan,32,32
0.22,0.78,True,1424,1400,24,0,0.9831460674157303,0.016853932584269662,0.835,1169,231,nan,0,0,0.0,0.165,0.165,nan,32,32
0.22,0.79,False,1424,1400,24,0,0.9831460674157303,0.016853932584269662,0.835,1169,231,nan,0,0,0.0,0.165,0.165,nan,32,32
0.22,0.79,True,1424,1400,24,0,0.9831460674157303,0.016853932584269662,0.835,1169,231,nan,0,0,0.0,0.165,0.165,nan,32,32
0.22,0.8,False,1424,1400,24,0,0.9831460674157303,0.016853932584269662,0.835,1169,231,nan,0,0,0.0,0.165,0.165,nan,32,32
0.22,0.8,True,1424,1400,24,0,0.9831460674157303,0.016853932584269662,0.835,1169,231,nan,0,0,0.0,0.165,0.165,nan,32,32
0.22,0.81,False,1424,1400,24,0,0.9831460674157303,0.016853932584269662,0.835,1169,231,nan,0,0,0.0,0.165,0.165,nan,32,32
0.22,0.81,True,1424,1400,24,0,0.9831460674157303,0.016853932584269662,0.835,1169,231,nan,0,0,0.0,0.165,0.165,nan,32,32
0.22,0.82,False,1424,1400,24,0,0.9831460674157303,0.016853932584269662,0.835,1169,231,nan,0,0,0.0,0.165,0.165,nan,32,32
0.22,0.82,True,1424,1400,24,0,0.9831460674157303,0.016853932584269662,0.835,1169,231,nan,0,0,0.0,0.165,0.165,nan,32,32
0.22,0.83,False,1424,1400,24,0,0.9831460674157303,0.016853932584269662,0.835,1169,231,nan,0,0,0.0,0.165,0.165,nan,32,32
0.22,0.83,True,1424,1400,24,0,0.9831460674157303,0.016853932584269662,0.835,1169,231,nan,0,0,0.0,0.165,0.165,nan,32,32
0.22,0.84,False,1424,1400,24,0,0.9831460674157303,0.016853932584269662,0.835,1169,231,nan,0,0,0.0,0.165,0.165,nan,32,32
0.22,0.84,True,1424,1400,24,0,0.9831460674157303,0.016853932584269662,0.835,1169,231,nan,0,0,0.0,0.165,0.165,nan,32,32
0.22,0.85,False,1424,1400,24,0,0.9831460674157303,0.016853932584269662,0.835,1169,231,nan,0,0,0.0,0.165,0.165,nan,32,32
0.22,0.85,True,1424,1400,24,0,0.9831460674157303,0.016853932584269662,0.835,1169,231,nan,0,0,0.0,0.165,0.165,nan,32,32
0.23,0.24,False,1424,1404,6,14,0.9957865168539326,0.004213483146067416,0.834045584045584,1171,233,0.42857142857142855,6,8,0.024896265560165973,0.16995768688293372,0.16595441595441596,0.5714285714285714,32,32
0.23,0.24,True,1424,1404,7,13,0.9950842696629213,0.0049157303370786515,0.834045584045584,1171,233,0.38461538461538464,5,8,0.02074688796680498,0.17007762879322513,0.16595441595441596,0.6153846153846154,32,32
0.23,0.25,False,1424,1404,7,13,0.9950842696629213,0.0049157303370786515,0.834045584045584,1171,233,0.46153846153846156,6,7,0.024896265560165973,0.16937191249117856,0.16595441595441596,0.5384615384615384,32,32
0.23,0.25,True,1424,1404,8,12,0.9943820224719101,0.0056179775280898875,0.834045584045584,1171,233,0.4166666666666667,5,7,0.02074688796680498,0.1694915254237288,0.16595441595441596,0.5833333333333334,32,32
0.23,0.26,False,1424,1404,11,9,0.9922752808988764,0.007724719101123595,0.834045584045584,1171,233,0.3333333333333333,3,6,0.012448132780082987,0.16914366595895258,0.16595441595441596,0.6666666666666666,32,32
0.23,0.26,True,1424,1404,11,9,0.9922752808988764,0.007724719101123595,0.834045584045584,1171,233,0.3333333333333333,3,6,0.012448132780082987,0.16914366595895258,0.16595441595441596,0.6666666666666666,32,32
0.23,0.27,False,1424,1404,14,6,0.9901685393258427,0.009831460674157303,0.834045584045584,1171,233,0.3333333333333333,2,4,0.008298755186721992,0.16808510638297872,0.16595441595441596,0.6666666666666666,32,32
0.23,0.27,True,1424,1404,14,6,0.9901685393258427,0.009831460674157303,0.834045584045584,1171,233,0.3333333333333333,2,4,0.008298755186721992,0.16808510638297872,0.16595441595441596,0.6666666666666666,32,32
0.23,0.28,False,1424,1404,15,5,0.9894662921348315,0.010533707865168539,0.834045584045584,1171,233,0.2,1,4,0.004149377593360996,0.16820440028388928,0.16595441595441596,0.8,32,32
0.23,0.28,True,1424,1404,15,5,0.9894662921348315,0.010533707865168539,0.834045584045584,1171,233,0.2,1,4,0.004149377593360996,0.16820440028388928,0.16595441595441596,0.8,32,32
0.23,0.29,False,1424,1404,15,5,0.9894662921348315,0.010533707865168539,0.834045584045584,1171,233,0.2,1,4,0.004149377593360996,0.16820440028388928,0.16595441595441596,0.8,32,32
0.23,0.29,True,1424,1404,15,5,0.9894662921348315,0.010533707865168539,0.834045584045584,1171,233,0.2,1,4,0.004149377593360996,0.16820440028388928,0.16595441595441596,0.8,32,32
0.23,0.3,False,1424,1404,15,5,0.9894662921348315,0.010533707865168539,0.834045584045584,1171,233,0.2,1,4,0.004149377593360996,0.16820440028388928,0.16595441595441596,0.8,32,32
0.23,0.3,True,1424,1404,15,5,0.9894662921348315,0.010533707865168539,0.834045584045584,1171,233,0.2,1,4,0.004149377593360996,0.16820440028388928,0.16595441595441596,0.8,32,32
0.23,0.31,False,1424,1404,15,5,0.9894662921348315,0.010533707865168539,0.834045584045584,1171,233,0.2,1,4,0.004149377593360996,0.16820440028388928,0.16595441595441596,0.8,32,32
0.23,0.31,True,1424,1404,15,5,0.9894662921348315,0.010533707865168539,0.834045584045584,1171,233,0.2,1,4,0.004149377593360996,0.16820440028388928,0.16595441595441596,0.8,32,32
0.23,0.32,False,1424,1404,15,5,0.9894662921348315,0.010533707865168539,0.834045584045584,1171,233,0.2,1,4,0.004149377593360996,0.16820440028388928,0.16595441595441596,0.8,32,32
0.23,0.32,True,1424,1404,15,5,0.9894662921348315,0.010533707865168539,0.834045584045584,1171,233,0.2,1,4,0.004149377593360996,0.16820440028388928,0.16595441595441596,0.8,32,32
0.23,0.33,False,1424,1404,15,5,0.9894662921348315,0.010533707865168539,0.834045584045584,1171,233,0.2,1,4,0.004149377593360996,0.16820440028388928,0.16595441595441596,0.8,32,32
0.23,0.33,True,1424,1404,15,5,0.9894662921348315,0.010533707865168539,0.834045584045584,1171,233,0.2,1,4,0.004149377593360996,0.16820440028388928,0.16595441595441596,0.8,32,32
0.23,0.34,False,1424,1404,15,5,0.9894662921348315,0.010533707865168539,0.834045584045584,1171,233,0.2,1,4,0.004149377593360996,0.16820440028388928,0.16595441595441596,0.8,32,32
0.23,0.34,True,1424,1404,15,5,0.9894662921348315,0.010533707865168539,0.834045584045584,1171,233,0.2,1,4,0.004149377593360996,0.16820440028388928,0.16595441595441596,0.8,32,32
0.23,0.35,False,1424,1404,15,5,0.9894662921348315,0.010533707865168539,0.834045584045584,1171,233,0.2,1,4,0.004149377593360996,0.16820440028388928,0.16595441595441596,0.8,32,32
0.23,0.35,True,1424,1404,15,5,0.9894662921348315,0.010533707865168539,0.834045584045584,1171,233,0.2,1,4,0.004149377593360996,0.16820440028388928,0.16595441595441596,0.8,32,32
0.23,0.36,False,1424,1404,15,5,0.9894662921348315,0.010533707865168539,0.834045584045584,1171,233,0.2,1,4,0.004149377593360996,0.16820440028388928,0.16595441595441596,0.8,32,32
0.23,0.36,True,1424,1404,15,5,0.9894662921348315,0.010533707865168539,0.834045584045584,1171,233,0.2,1,4,0.004149377593360996,0.16820440028388928,0.16595441595441596,0.8,32,32
0.23,0.37,False,1424,1404,17,3,0.988061797752809,0.011938202247191011,0.834045584045584,1171,233,0.3333333333333333,1,2,0.004149377593360996,0.1670220326936745,0.16595441595441596,0.6666666666666666,32,32
0.23,0.37,True,1424,1404,17,3,0.988061797752809,0.011938202247191011,0.834045584045584,1171,233,0.3333333333333333,1,2,0.004149377593360996,0.1670220326936745,0.16595441595441596,0.6666666666666666,32,32
0.23,0.38,False,1424,1404,17,3,0.988061797752809,0.011938202247191011,0.834045584045584,1171,233,0.3333333333333333,1,2,0.004149377593360996,0.1670220326936745,0.16595441595441596,0.6666666666666666,32,32
0.23,0.38,True,1424,1404,17,3,0.988061797752809,0.011938202247191011,0.834045584045584,1171,233,0.3333333333333333,1,2,0.004149377593360996,0.1670220326936745,0.16595441595441596,0.6666666666666666,32,32
0.23,0.39,False,1424,1404,17,3,0.988061797752809,0.011938202247191011,0.834045584045584,1171,233,0.3333333333333333,1,2,0.004149377593360996,0.1670220326936745,0.16595441595441596,0.6666666666666666,32,32
0.23,0.39,True,1424,1404,17,3,0.988061797752809,0.011938202247191011,0.834045584045584,1171,233,0.3333333333333333,1,2,0.004149377593360996,0.1670220326936745,0.16595441595441596,0.6666666666666666,32,32
0.23,0.4,False,1424,1404,17,3,0.988061797752809,0.011938202247191011,0.834045584045584,1171,233,0.3333333333333333,1,2,0.004149377593360996,0.1670220326936745,0.16595441595441596,0.6666666666666666,32,32
0.23,0.4,True,1424,1404,17,3,0.988061797752809,0.011938202247191011,0.834045584045584,1171,233,0.3333333333333333,1,2,0.004149377593360996,0.1670220326936745,0.16595441595441596,0.6666666666666666,32,32
0.23,0.41,False,1424,1404,18,2,0.9873595505617978,0.012640449438202247,0.834045584045584,1171,233,0.0,0,2,0.0,0.16714082503556188,0.16595441595441596,1.0,32,32
0.23,0.41,True,1424,1404,18,2,0.9873595505617978,0.012640449438202247,0.834045584045584,1171,233,0.0,0,2,0.0,0.16714082503556188,0.16595441595441596,1.0,32,32
0.23,0.42,False,1424,1404,19,1,0.9866573033707865,0.013342696629213483,0.834045584045584,1171,233,0.0,0,1,0.0,0.16654804270462634,0.16595441595441596,1.0,32,32
0.23,0.42,True,1424,1404,19,1,0.9866573033707865,0.013342696629213483,0.834045584045584,1171,233,0.0,0,1,0.0,0.16654804270462634,0.16595441595441596,1.0,32,32
0.23,0.43,False,1424,1404,19,1,0.9866573033707865,0.013342696629213483,0.834045584045584,1171,233,0.0,0,1,0.0,0.16654804270462634,0.16595441595441596,1.0,32,32
0.23,0.43,True,1424,1404,19,1,0.9866573033707865,0.013342696629213483,0.834045584045584,1171,233,0.0,0,1,0.0,0.16654804270462634,0.16595441595441596,1.0,32,32
0.23,0.44,False,1424,1404,19,1,0.9866573033707865,0.013342696629213483,0.834045584045584,1171,233,0.0,0,1,0.0,0.16654804270462634,0.16595441595441596,1.0,32,32
0.23,0.44,True,1424,1404,19,1,0.9866573033707865,0.013342696629213483,0.834045584045584,1171,233,0.0,0,1,0.0,0.16654804270462634,0.16595441595441596,1.0,32,32
0.23,0.45,False,1424,1404,19,1,0.9866573033707865,0.013342696629213483,0.834045584045584,1171,233,0.0,0,1,0.0,0.16654804270462634,0.16595441595441596,1.0,32,32
0.23,0.45,True,1424,1404,19,1,0.9866573033707865,0.013342696629213483,0.834045584045584,1171,233,0.0,0,1,0.0,0.16654804270462634,0.16595441595441596,1.0,32,32
0.23,0.46,False,1424,1404,19,1,0.9866573033707865,0.013342696629213483,0.834045584045584,1171,233,0.0,0,1,0.0,0.16654804270462634,0.16595441595441596,1.0,32,32
0.23,0.46,True,1424,1404,19,1,0.9866573033707865,0.013342696629213483,0.834045584045584,1171,233,0.0,0,1,0.0,0.16654804270462634,0.16595441595441596,1.0,32,32
0.23,0.47,False,1424,1404,19,1,0.9866573033707865,0.013342696629213483,0.834045584045584,1171,233,0.0,0,1,0.0,0.16654804270462634,0.16595441595441596,1.0,32,32
0.23,0.47,True,1424,1404,19,1,0.9866573033707865,0.013342696629213483,0.834045584045584,1171,233,0.0,0,1,0.0,0.16654804270462634,0.16595441595441596,1.0,32,32
0.23,0.48,False,1424,1404,19,1,0.9866573033707865,0.013342696629213483,0.834045584045584,1171,233,0.0,0,1,0.0,0.16654804270462634,0.16595441595441596,1.0,32,32
0.23,0.48,True,1424,1404,19,1,0.9866573033707865,0.013342696629213483,0.834045584045584,1171,233,0.0,0,1,0.0,0.16654804270462634,0.16595441595441596,1.0,32,32
0.23,0.49,False,1424,1404,19,1,0.9866573033707865,0.013342696629213483,0.834045584045584,1171,233,0.0,0,1,0.0,0.16654804270462634,0.16595441595441596,1.0,32,32
0.23,0.49,True,1424,1404,19,1,0.9866573033707865,0.013342696629213483,0.834045584045584,1171,233,0.0,0,1,0.0,0.16654804270462634,0.16595441595441596,1.0,32,32
0.23,0.5,False,1424,1404,19,1,0.9866573033707865,0.013342696629213483,0.834045584045584,1171,233,0.0,0,1,0.0,0.16654804270462634,0.16595441595441596,1.0,32,32
0.23,0.5,True,1424,1404,19,1,0.9866573033707865,0.013342696629213483,0.834045584045584,1171,233,0.0,0,1,0.0,0.16654804270462634,0.16595441595441596,1.0,32,32
0.23,0.51,False,1424,1404,19,1,0.9866573033707865,0.013342696629213483,0.834045584045584,1171,233,0.0,0,1,0.0,0.16654804270462634,0.16595441595441596,1.0,32,32
0.23,0.51,True,1424,1404,19,1,0.9866573033707865,0.013342696629213483,0.834045584045584,1171,233,0.0,0,1,0.0,0.16654804270462634,0.16595441595441596,1.0,32,32
0.23,0.52,False,1424,1404,19,1,0.9866573033707865,0.013342696629213483,0.834045584045584,1171,233,0.0,0,1,0.0,0.16654804270462634,0.16595441595441596,1.0,32,32
0.23,0.52,True,1424,1404,19,1,0.9866573033707865,0.013342696629213483,0.834045584045584,1171,233,0.0,0,1,0.0,0.16654804270462634,0.16595441595441596,1.0,32,32
0.23,0.53,False,1424,1404,19,1,0.9866573033707865,0.013342696629213483,0.834045584045584,1171,233,0.0,0,1,0.0,0.16654804270462634,0.16595441595441596,1.0,32,32
0.23,0.53,True,1424,1404,19,1,0.9866573033707865,0.013342696629213483,0.834045584045584,1171,233,0.0,0,1,0.0,0.16654804270462634,0.16595441595441596,1.0,32,32
0.23,0.54,False,1424,1404,19,1,0.9866573033707865,0.013342696629213483,0.834045584045584,1171,233,0.0,0,1,0.0,0.16654804270462634,0.16595441595441596,1.0,32,32
0.23,0.54,True,1424,1404,19,1,0.9866573033707865,0.013342696629213483,0.834045584045584,1171,233,0.0,0,1,0.0,0.16654804270462634,0.16595441595441596,1.0,32,32
0.23,0.55,False,1424,1404,19,1,0.9866573033707865,0.013342696629213483,0.834045584045584,1171,233,0.0,0,1,0.0,0.16654804270462634,0.16595441595441596,1.0,32,32
0.23,0.55,True,1424,1404,19,1,0.9866573033707865,0.013342696629213483,0.834045584045584,1171,233,0.0,0,1,0.0,0.16654804270462634,0.16595441595441596,1.0,32,32
0.23,0.56,False,1424,1404,19,1,0.9866573033707865,0.013342696629213483,0.834045584045584,1171,233,0.0,0,1,0.0,0.16654804270462634,0.16595441595441596,1.0,32,32
0.23,0.56,True,1424,1404,19,1,0.9866573033707865,0.013342696629213483,0.834045584045584,1171,233,0.0,0,1,0.0,0.16654804270462634,0.16595441595441596,1.0,32,32
0.23,0.57,False,1424,1404,19,1,0.9866573033707865,0.013342696629213483,0.834045584045584,1171,233,0.0,0,1,0.0,0.16654804270462634,0.16595441595441596,1.0,32,32
0.23,0.57,True,1424,1404,19,1,0.9866573033707865,0.013342696629213483,0.834045584045584,1171,233,0.0,0,1,0.0,0.16654804270462634,0.16595441595441596,1.0,32,32
0.23,0.58,False,1424,1404,19,1,0.9866573033707865,0.013342696629213483,0.834045584045584,1171,233,0.0,0,1,0.0,0.16654804270462634,0.16595441595441596,1.0,32,32
0.23,0.58,True,1424,1404,19,1,0.9866573033707865,0.013342696629213483,0.834045584045584,1171,233,0.0,0,1,0.0,0.16654804270462634,0.16595441595441596,1.0,32,32
0.23,0.59,False,1424,1404,19,1,0.9866573033707865,0.013342696629213483,0.834045584045584,1171,233,0.0,0,1,0.0,0.16654804270462634,0.16595441595441596,1.0,32,32
0.23,0.59,True,1424,1404,19,1,0.9866573033707865,0.013342696629213483,0.834045584045584,1171,233,0.0,0,1,0.0,0.16654804270462634,0.16595441595441596,1.0,32,32
0.23,0.6,False,1424,1404,19,1,0.9866573033707865,0.013342696629213483,0.834045584045584,1171,233,0.0,0,1,0.0,0.16654804270462634,0.16595441595441596,1.0,32,32
0.23,0.6,True,1424,1404,19,1,0.9866573033707865,0.013342696629213483,0.834045584045584,1171,233,0.0,0,1,0.0,0.16654804270462634,0.16595441595441596,1.0,32,32
0.23,0.61,False,1424,1404,19,1,0.9866573033707865,0.013342696629213483,0.834045584045584,1171,233,0.0,0,1,0.0,0.16654804270462634,0.16595441595441596,1.0,32,32
0.23,0.61,True,1424,1404,19,1,0.9866573033707865,0.013342696629213483,0.834045584045584,1171,233,0.0,0,1,0.0,0.16654804270462634,0.16595441595441596,1.0,32,32
0.23,0.62,False,1424,1404,19,1,0.9866573033707865,0.013342696629213483,0.834045584045584,1171,233,0.0,0,1,0.0,0.16654804270462634,0.16595441595441596,1.0,32,32
0.23,0.62,True,1424,1404,19,1,0.9866573033707865,0.013342696629213483,0.834045584045584,1171,233,0.0,0,1,0.0,0.16654804270462634,0.16595441595441596,1.0,32,32
0.23,0.63,False,1424,1404,19,1,0.9866573033707865,0.013342696629213483,0.834045584045584,1171,233,0.0,0,1,0.0,0.16654804270462634,0.16595441595441596,1.0,32,32
0.23,0.63,True,1424,1404,19,1,0.9866573033707865,0.013342696629213483,0.834045584045584,1171,233,0.0,0,1,0.0,0.16654804270462634,0.16595441595441596,1.0,32,32
0.23,0.64,False,1424,1404,19,1,0.9866573033707865,0.013342696629213483,0.834045584045584,1171,233,0.0,0,1,0.0,0.16654804270462634,0.16595441595441596,1.0,32,32
0.23,0.64,True,1424,1404,19,1,0.9866573033707865,0.013342696629213483,0.834045584045584,1171,233,0.0,0,1,0.0,0.16654804270462634,0.16595441595441596,1.0,32,32
0.23,0.65,False,1424,1404,19,1,0.9866573033707865,0.013342696629213483,0.834045584045584,1171,233,0.0,0,1,0.0,0.16654804270462634,0.16595441595441596,1.0,32,32
0.23,0.65,True,1424,1404,19,1,0.9866573033707865,0.013342696629213483,0.834045584045584,1171,233,0.0,0,1,0.0,0.16654804270462634,0.16595441595441596,1.0,32,32
0.23,0.66,False,1424,1404,20,0,0.9859550561797753,0.014044943820224719,0.834045584045584,1171,233,nan,0,0,0.0,0.16595441595441596,0.16595441595441596,nan,32,32
0.23,0.66,True,1424,1404,20,0,0.9859550561797753,0.014044943820224719,0.834045584045584,1171,233,nan,0,0,0.0,0.16595441595441596,0.16595441595441596,nan,32,32
0.23,0.67,False,1424,1404,20,0,0.9859550561797753,0.014044943820224719,0.834045584045584,1171,233,nan,0,0,0.0,0.16595441595441596,0.16595441595441596,nan,32,32
0.23,0.67,True,1424,1404,20,0,0.9859550561797753,0.014044943820224719,0.834045584045584,1171,233,nan,0,0,0.0,0.16595441595441596,0.16595441595441596,nan,32,32
0.23,0.68,False,1424,1404,20,0,0.9859550561797753,0.014044943820224719,0.834045584045584,1171,233,nan,0,0,0.0,0.16595441595441596,0.16595441595441596,nan,32,32
0.23,0.68,True,1424,1404,20,0,0.9859550561797753,0.014044943820224719,0.834045584045584,1171,233,nan,0,0,0.0,0.16595441595441596,0.16595441595441596,nan,32,32
0.23,0.69,False,1424,1404,20,0,0.9859550561797753,0.014044943820224719,0.834045584045584,1171,233,nan,0,0,0.0,0.16595441595441596,0.16595441595441596,nan,32,32
0.23,0.69,True,1424,1404,20,0,0.9859550561797753,0.014044943820224719,0.834045584045584,1171,233,nan,0,0,0.0,0.16595441595441596,0.16595441595441596,nan,32,32
0.23,0.7,False,1424,1404,20,0,0.9859550561797753,0.014044943820224719,0.834045584045584,1171,233,nan,0,0,0.0,0.16595441595441596,0.16595441595441596,nan,32,32
0.23,0.7,True,1424,1404,20,0,0.9859550561797753,0.014044943820224719,0.834045584045584,1171,233,nan,0,0,0.0,0.16595441595441596,0.16595441595441596,nan,32,32
0.23,0.71,False,1424,1404,20,0,0.9859550561797753,0.014044943820224719,0.834045584045584,1171,233,nan,0,0,0.0,0.16595441595441596,0.16595441595441596,nan,32,32
0.23,0.71,True,1424,1404,20,0,0.9859550561797753,0.014044943820224719,0.834045584045584,1171,233,nan,0,0,0.0,0.16595441595441596,0.16595441595441596,nan,32,32
0.23,0.72,False,1424,1404,20,0,0.9859550561797753,0.014044943820224719,0.834045584045584,1171,233,nan,0,0,0.0,0.16595441595441596,0.16595441595441596,nan,32,32
0.23,0.72,True,1424,1404,20,0,0.9859550561797753,0.014044943820224719,0.834045584045584,1171,233,nan,0,0,0.0,0.16595441595441596,0.16595441595441596,nan,32,32
0.23,0.73,False,1424,1404,20,0,0.9859550561797753,0.014044943820224719,0.834045584045584,1171,233,nan,0,0,0.0,0.16595441595441596,0.16595441595441596,nan,32,32
0.23,0.73,True,1424,1404,20,0,0.9859550561797753,0.014044943820224719,0.834045584045584,1171,233,nan,0,0,0.0,0.16595441595441596,0.16595441595441596,nan,32,32
0.23,0.74,False,1424,1404,20,0,0.9859550561797753,0.014044943820224719,0.834045584045584,1171,233,nan,0,0,0.0,0.16595441595441596,0.16595441595441596,nan,32,32
0.23,0.74,True,1424,1404,20,0,0.9859550561797753,0.014044943820224719,0.834045584045584,1171,233,nan,0,0,0.0,0.16595441595441596,0.16595441595441596,nan,32,32
0.23,0.75,False,1424,1404,20,0,0.9859550561797753,0.014044943820224719,0.834045584045584,1171,233,nan,0,0,0.0,0.16595441595441596,0.16595441595441596,nan,32,32
0.23,0.75,True,1424,1404,20,0,0.9859550561797753,0.014044943820224719,0.834045584045584,1171,233,nan,0,0,0.0,0.16595441595441596,0.16595441595441596,nan,32,32
0.23,0.76,False,1424,1404,20,0,0.9859550561797753,0.014044943820224719,0.834045584045584,1171,233,nan,0,0,0.0,0.16595441595441596,0.16595441595441596,nan,32,32
0.23,0.76,True,1424,1404,20,0,0.9859550561797753,0.014044943820224719,0.834045584045584,1171,233,nan,0,0,0.0,0.16595441595441596,0.16595441595441596,nan,32,32
0.23,0.77,False,1424,1404,20,0,0.9859550561797753,0.014044943820224719,0.834045584045584,1171,233,nan,0,0,0.0,0.16595441595441596,0.16595441595441596,nan,32,32
0.23,0.77,True,1424,1404,20,0,0.9859550561797753,0.014044943820224719,0.834045584045584,1171,233,nan,0,0,0.0,0.16595441595441596,0.16595441595441596,nan,32,32
0.23,0.78,False,1424,1404,20,0,0.9859550561797753,0.014044943820224719,0.834045584045584,1171,233,nan,0,0,0.0,0.16595441595441596,0.16595441595441596,nan,32,32
0.23,0.78,True,1424,1404,20,0,0.9859550561797753,0.014044943820224719,0.834045584045584,1171,233,nan,0,0,0.0,0.16595441595441596,0.16595441595441596,nan,32,32
0.23,0.79,False,1424,1404,20,0,0.9859550561797753,0.014044943820224719,0.834045584045584,1171,233,nan,0,0,0.0,0.16595441595441596,0.16595441595441596,nan,32,32
0.23,0.79,True,1424,1404,20,0,0.9859550561797753,0.014044943820224719,0.834045584045584,1171,233,nan,0,0,0.0,0.16595441595441596,0.16595441595441596,nan,32,32
0.23,0.8,False,1424,1404,20,0,0.9859550561797753,0.014044943820224719,0.834045584045584,1171,233,nan,0,0,0.0,0.16595441595441596,0.16595441595441596,nan,32,32
0.23,0.8,True,1424,1404,20,0,0.9859550561797753,0.014044943820224719,0.834045584045584,1171,233,nan,0,0,0.0,0.16595441595441596,0.16595441595441596,nan,32,32
0.23,0.81,False,1424,1404,20,0,0.9859550561797753,0.014044943820224719,0.834045584045584,1171,233,nan,0,0,0.0,0.16595441595441596,0.16595441595441596,nan,32,32
0.23,0.81,True,1424,1404,20,0,0.9859550561797753,0.014044943820224719,0.834045584045584,1171,233,nan,0,0,0.0,0.16595441595441596,0.16595441595441596,nan,32,32
0.23,0.82,False,1424,1404,20,0,0.9859550561797753,0.014044943820224719,0.834045584045584,1171,233,nan,0,0,0.0,0.16595441595441596,0.16595441595441596,nan,32,32
0.23,0.82,True,1424,1404,20,0,0.9859550561797753,0.014044943820224719,0.834045584045584,1171,233,nan,0,0,0.0,0.16595441595441596,0.16595441595441596,nan,32,32
0.23,0.83,False,1424,1404,20,0,0.9859550561797753,0.014044943820224719,0.834045584045584,1171,233,nan,0,0,0.0,0.16595441595441596,0.16595441595441596,nan,32,32
0.23,0.83,True,1424,1404,20,0,0.9859550561797753,0.014044943820224719,0.834045584045584,1171,233,nan,0,0,0.0,0.16595441595441596,0.16595441595441596,nan,32,32
0.23,0.84,False,1424,1404,20,0,0.9859550561797753,0.014044943820224719,0.834045584045584,1171,233,nan,0,0,0.0,0.16595441595441596,0.16595441595441596,nan,32,32
0.23,0.84,True,1424,1404,20,0,0.9859550561797753,0.014044943820224719,0.834045584045584,1171,233,nan,0,0,0.0,0.16595441595441596,0.16595441595441596,nan,32,32
0.23,0.85,False,1424,1404,20,0,0.9859550561797753,0.014044943820224719,0.834045584045584,1171,233,nan,0,0,0.0,0.16595441595441596,0.16595441595441596,nan,32,32
0.23,0.85,True,1424,1404,20,0,0.9859550561797753,0.014044943820224719,0.834045584045584,1171,233,nan,0,0,0.0,0.16595441595441596,0.16595441595441596,nan,32,32
0.24,0.25,False,1424,1410,1,13,0.9992977528089888,0.0007022471910112359,0.8333333333333334,1175,235,0.46153846153846156,6,7,0.024896265560165973,0.17006324666198172,0.16666666666666666,0.5384615384615384,32,32
0.24,0.25,True,1424,1410,2,12,0.9985955056179775,0.0014044943820224719,0.8333333333333334,1175,235,0.4166666666666667,5,7,0.02074688796680498,0.170182841068917,0.16666666666666666,0.5833333333333334,32,32
0.24,0.26,False,1424,1410,5,9,0.9964887640449438,0.0035112359550561797,0.8333333333333334,1175,235,0.3333333333333333,3,6,0.012448132780082987,0.16983791402396053,0.16666666666666666,0.6666666666666666,32,32
0.24,0.26,True,1424,1410,5,9,0.9964887640449438,0.0035112359550561797,0.8333333333333334,1175,235,0.3333333333333333,3,6,0.012448132780082987,0.16983791402396053,0.16666666666666666,0.6666666666666666,32,32
0.24,0.27,False,1424,1410,8,6,0.9943820224719101,0.0056179775280898875,0.8333333333333334,1175,235,0.3333333333333333,2,4,0.008298755186721992,0.1687853107344633,0.16666666666666666,0.6666666666666666,32,32
0.24,0.27,True,1424,1410,8,6,0.9943820224719101,0.0056179775280898875,0.8333333333333334,1175,235,0.3333333333333333,2,4,0.008298755186721992,0.1687853107344633,0.16666666666666666,0.6666666666666666,32,32
0.24,0.28,False,1424,1410,9,5,0.9936797752808989,0.006320224719101123,0.8333333333333334,1175,235,0.2,1,4,0.004149377593360996,0.16890459363957597,0.16666666666666666,0.8,32,32
0.24,0.28,True,1424,1410,9,5,0.9936797752808989,0.006320224719101123,0.8333333333333334,1175,235,0.2,1,4,0.004149377593360996,0.16890459363957597,0.16666666666666666,0.8,32,32
0.24,0.29,False,1424,1410,9,5,0.9936797752808989,0.006320224719101123,0.8333333333333334,1175,235,0.2,1,4,0.004149377593360996,0.16890459363957597,0.16666666666666666,0.8,32,32
0.24,0.29,True,1424,1410,9,5,0.9936797752808989,0.006320224719101123,0.8333333333333334,1175,235,0.2,1,4,0.004149377593360996,0.16890459363957597,0.16666666666666666,0.8,32,32
0.24,0.3,False,1424,1410,9,5,0.9936797752808989,0.006320224719101123,0.8333333333333334,1175,235,0.2,1,4,0.004149377593360996,0.16890459363957597,0.16666666666666666,0.8,32,32
0.24,0.3,True,1424,1410,9,5,0.9936797752808989,0.006320224719101123,0.8333333333333334,1175,235,0.2,1,4,0.004149377593360996,0.16890459363957597,0.16666666666666666,0.8,32,32
0.24,0.31,False,1424,1410,9,5,0.9936797752808989,0.006320224719101123,0.8333333333333334,1175,235,0.2,1,4,0.004149377593360996,0.16890459363957597,0.16666666666666666,0.8,32,32
0.24,0.31,True,1424,1410,9,5,0.9936797752808989,0.006320224719101123,0.8333333333333334,1175,235,0.2,1,4,0.004149377593360996,0.16890459363957597,0.16666666666666666,0.8,32,32
0.24,0.32,False,1424,1410,9,5,0.9936797752808989,0.006320224719101123,0.8333333333333334,1175,235,0.2,1,4,0.004149377593360996,0.16890459363957597,0.16666666666666666,0.8,32,32
0.24,0.32,True,1424,1410,9,5,0.9936797752808989,0.006320224719101123,0.8333333333333334,1175,235,0.2,1,4,0.004149377593360996,0.16890459363957597,0.16666666666666666,0.8,32,32
0.24,0.33,False,1424,1410,9,5,0.9936797752808989,0.006320224719101123,0.8333333333333334,1175,235,0.2,1,4,0.004149377593360996,0.16890459363957597,0.16666666666666666,0.8,32,32
0.24,0.33,True,1424,1410,9,5,0.9936797752808989,0.006320224719101123,0.8333333333333334,1175,235,0.2,1,4,0.004149377593360996,0.16890459363957597,0.16666666666666666,0.8,32,32
0.24,0.34,False,1424,1410,9,5,0.9936797752808989,0.006320224719101123,0.8333333333333334,1175,235,0.2,1,4,0.004149377593360996,0.16890459363957597,0.16666666666666666,0.8,32,32
0.24,0.34,True,1424,1410,9,5,0.9936797752808989,0.006320224719101123,0.8333333333333334,1175,235,0.2,1,4,0.004149377593360996,0.16890459363957597,0.16666666666666666,0.8,32,32
0.24,0.35,False,1424,1410,9,5,0.9936797752808989,0.006320224719101123,0.8333333333333334,1175,235,0.2,1,4,0.004149377593360996,0.16890459363957597,0.16666666666666666,0.8,32,32
0.24,0.35,True,1424,1410,9,5,0.9936797752808989,0.006320224719101123,0.8333333333333334,1175,235,0.2,1,4,0.004149377593360996,0.16890459363957597,0.16666666666666666,0.8,32,32
0.24,0.36,False,1424,1410,9,5,0.9936797752808989,0.006320224719101123,0.8333333333333334,1175,235,0.2,1,4,0.004149377593360996,0.16890459363957597,0.16666666666666666,0.8,32,32
0.24,0.36,True,1424,1410,9,5,0.9936797752808989,0.006320224719101123,0.8333333333333334,1175,235,0.2,1,4,0.004149377593360996,0.16890459363957597,0.16666666666666666,0.8,32,32
0.24,0.37,False,1424,1410,11,3,0.9922752808988764,0.007724719101123595,0.8333333333333334,1175,235,0.3333333333333333,1,2,0.004149377593360996,0.16772823779193205,0.16666666666666666,0.6666666666666666,32,32
0.24,0.37,True,1424,1410,11,3,0.9922752808988764,0.007724719101123595,0.8333333333333334,1175,235,0.3333333333333333,1,2,0.004149377593360996,0.16772823779193205,0.16666666666666666,0.6666666666666666,32,32
0.24,0.38,False,1424,1410,11,3,0.9922752808988764,0.007724719101123595,0.8333333333333334,1175,235,0.3333333333333333,1,2,0.004149377593360996,0.16772823779193205,0.16666666666666666,0.6666666666666666,32,32
0.24,0.38,True,1424,1410,11,3,0.9922752808988764,0.007724719101123595,0.8333333333333334,1175,235,0.3333333333333333,1,2,0.004149377593360996,0.16772823779193205,0.16666666666666666,0.6666666666666666,32,32
0.24,0.39,False,1424,1410,11,3,0.9922752808988764,0.007724719101123595,0.8333333333333334,1175,235,0.3333333333333333,1,2,0.004149377593360996,0.16772823779193205,0.16666666666666666,0.6666666666666666,32,32
0.24,0.39,True,1424,1410,11,3,0.9922752808988764,0.007724719101123595,0.8333333333333334,1175,235,0.3333333333333333,1,2,0.004149377593360996,0.16772823779193205,0.16666666666666666,0.6666666666666666,32,32
0.24,0.4,False,1424,1410,11,3,0.9922752808988764,0.007724719101123595,0.8333333333333334,1175,235,0.3333333333333333,1,2,0.004149377593360996,0.16772823779193205,0.16666666666666666,0.6666666666666666,32,32
0.24,0.4,True,1424,1410,11,3,0.9922752808988764,0.007724719101123595,0.8333333333333334,1175,235,0.3333333333333333,1,2,0.004149377593360996,0.16772823779193205,0.16666666666666666,0.6666666666666666,32,32
0.24,0.41,False,1424,1410,12,2,0.9915730337078652,0.008426966292134831,0.8333333333333334,1175,235,0.0,0,2,0.0,0.1678470254957507,0.16666666666666666,1.0,32,32
0.24,0.41,True,1424,1410,12,2,0.9915730337078652,0.008426966292134831,0.8333333333333334,1175,235,0.0,0,2,0.0,0.1678470254957507,0.16666666666666666,1.0,32,32
0.24,0.42,False,1424,1410,13,1,0.9908707865168539,0.009129213483146067,0.8333333333333334,1175,235,0.0,0,1,0.0,0.16725726435152374,0.16666666666666666,1.0,32,32
0.24,0.42,True,1424,1410,13,1,0.9908707865168539,0.009129213483146067,0.8333333333333334,1175,235,0.0,0,1,0.0,0.16725726435152374,0.16666666666666666,1.0,32,32
0.24,0.43,False,1424,1410,13,1,0.9908707865168539,0.009129213483146067,0.8333333333333334,1175,235,0.0,0,1,0.0,0.16725726435152374,0.16666666666666666,1.0,32,32
0.24,0.43,True,1424,1410,13,1,0.9908707865168539,0.009129213483146067,0.8333333333333334,1175,235,0.0,0,1,0.0,0.16725726435152374,0.16666666666666666,1.0,32,32
0.24,0.44,False,1424,1410,13,1,0.9908707865168539,0.009129213483146067,0.8333333333333334,1175,235,0.0,0,1,0.0,0.16725726435152374,0.16666666666666666,1.0,32,32
0.24,0.44,True,1424,1410,13,1,0.9908707865168539,0.009129213483146067,0.8333333333333334,1175,235,0.0,0,1,0.0,0.16725726435152374,0.16666666666666666,1.0,32,32
0.24,0.45,False,1424,1410,13,1,0.9908707865168539,0.009129213483146067,0.8333333333333334,1175,235,0.0,0,1,0.0,0.16725726435152374,0.16666666666666666,1.0,32,32
0.24,0.45,True,1424,1410,13,1,0.9908707865168539,0.009129213483146067,0.8333333333333334,1175,235,0.0,0,1,0.0,0.16725726435152374,0.16666666666666666,1.0,32,32
0.24,0.46,False,1424,1410,13,1,0.9908707865168539,0.009129213483146067,0.8333333333333334,1175,235,0.0,0,1,0.0,0.16725726435152374,0.16666666666666666,1.0,32,32
0.24,0.46,True,1424,1410,13,1,0.9908707865168539,0.009129213483146067,0.8333333333333334,1175,235,0.0,0,1,0.0,0.16725726435152374,0.16666666666666666,1.0,32,32
0.24,0.47,False,1424,1410,13,1,0.9908707865168539,0.009129213483146067,0.8333333333333334,1175,235,0.0,0,1,0.0,0.16725726435152374,0.16666666666666666,1.0,32,32
0.24,0.47,True,1424,1410,13,1,0.9908707865168539,0.009129213483146067,0.8333333333333334,1175,235,0.0,0,1,0.0,0.16725726435152374,0.16666666666666666,1.0,32,32
0.24,0.48,False,1424,1410,13,1,0.9908707865168539,0.009129213483146067,0.8333333333333334,1175,235,0.0,0,1,0.0,0.16725726435152374,0.16666666666666666,1.0,32,32
0.24,0.48,True,1424,1410,13,1,0.9908707865168539,0.009129213483146067,0.8333333333333334,1175,235,0.0,0,1,0.0,0.16725726435152374,0.16666666666666666,1.0,32,32
0.24,0.49,False,1424,1410,13,1,0.9908707865168539,0.009129213483146067,0.8333333333333334,1175,235,0.0,0,1,0.0,0.16725726435152374,0.16666666666666666,1.0,32,32
0.24,0.49,True,1424,1410,13,1,0.9908707865168539,0.009129213483146067,0.8333333333333334,1175,235,0.0,0,1,0.0,0.16725726435152374,0.16666666666666666,1.0,32,32
0.24,0.5,False,1424,1410,13,1,0.9908707865168539,0.009129213483146067,0.8333333333333334,1175,235,0.0,0,1,0.0,0.16725726435152374,0.16666666666666666,1.0,32,32
0.24,0.5,True,1424,1410,13,1,0.9908707865168539,0.009129213483146067,0.8333333333333334,1175,235,0.0,0,1,0.0,0.16725726435152374,0.16666666666666666,1.0,32,32
0.24,0.51,False,1424,1410,13,1,0.9908707865168539,0.009129213483146067,0.8333333333333334,1175,235,0.0,0,1,0.0,0.16725726435152374,0.16666666666666666,1.0,32,32
0.24,0.51,True,1424,1410,13,1,0.9908707865168539,0.009129213483146067,0.8333333333333334,1175,235,0.0,0,1,0.0,0.16725726435152374,0.16666666666666666,1.0,32,32
0.24,0.52,False,1424,1410,13,1,0.9908707865168539,0.009129213483146067,0.8333333333333334,1175,235,0.0,0,1,0.0,0.16725726435152374,0.16666666666666666,1.0,32,32
0.24,0.52,True,1424,1410,13,1,0.9908707865168539,0.009129213483146067,0.8333333333333334,1175,235,0.0,0,1,0.0,0.16725726435152374,0.16666666666666666,1.0,32,32
0.24,0.53,False,1424,1410,13,1,0.9908707865168539,0.009129213483146067,0.8333333333333334,1175,235,0.0,0,1,0.0,0.16725726435152374,0.16666666666666666,1.0,32,32
0.24,0.53,True,1424,1410,13,1,0.9908707865168539,0.009129213483146067,0.8333333333333334,1175,235,0.0,0,1,0.0,0.16725726435152374,0.16666666666666666,1.0,32,32
0.24,0.54,False,1424,1410,13,1,0.9908707865168539,0.009129213483146067,0.8333333333333334,1175,235,0.0,0,1,0.0,0.16725726435152374,0.16666666666666666,1.0,32,32
0.24,0.54,True,1424,1410,13,1,0.9908707865168539,0.009129213483146067,0.8333333333333334,1175,235,0.0,0,1,0.0,0.16725726435152374,0.16666666666666666,1.0,32,32
0.24,0.55,False,1424,1410,13,1,0.9908707865168539,0.009129213483146067,0.8333333333333334,1175,235,0.0,0,1,0.0,0.16725726435152374,0.16666666666666666,1.0,32,32
0.24,0.55,True,1424,1410,13,1,0.9908707865168539,0.009129213483146067,0.8333333333333334,1175,235,0.0,0,1,0.0,0.16725726435152374,0.16666666666666666,1.0,32,32
0.24,0.56,False,1424,1410,13,1,0.9908707865168539,0.009129213483146067,0.8333333333333334,1175,235,0.0,0,1,0.0,0.16725726435152374,0.16666666666666666,1.0,32,32
0.24,0.56,True,1424,1410,13,1,0.9908707865168539,0.009129213483146067,0.8333333333333334,1175,235,0.0,0,1,0.0,0.16725726435152374,0.16666666666666666,1.0,32,32
0.24,0.57,False,1424,1410,13,1,0.9908707865168539,0.009129213483146067,0.8333333333333334,1175,235,0.0,0,1,0.0,0.16725726435152374,0.16666666666666666,1.0,32,32
0.24,0.57,True,1424,1410,13,1,0.9908707865168539,0.009129213483146067,0.8333333333333334,1175,235,0.0,0,1,0.0,0.16725726435152374,0.16666666666666666,1.0,32,32
0.24,0.58,False,1424,1410,13,1,0.9908707865168539,0.009129213483146067,0.8333333333333334,1175,235,0.0,0,1,0.0,0.16725726435152374,0.16666666666666666,1.0,32,32
0.24,0.58,True,1424,1410,13,1,0.9908707865168539,0.009129213483146067,0.8333333333333334,1175,235,0.0,0,1,0.0,0.16725726435152374,0.16666666666666666,1.0,32,32
0.24,0.59,False,1424,1410,13,1,0.9908707865168539,0.009129213483146067,0.8333333333333334,1175,235,0.0,0,1,0.0,0.16725726435152374,0.16666666666666666,1.0,32,32
0.24,0.59,True,1424,1410,13,1,0.9908707865168539,0.009129213483146067,0.8333333333333334,1175,235,0.0,0,1,0.0,0.16725726435152374,0.16666666666666666,1.0,32,32
0.24,0.6,False,1424,1410,13,1,0.9908707865168539,0.009129213483146067,0.8333333333333334,1175,235,0.0,0,1,0.0,0.16725726435152374,0.16666666666666666,1.0,32,32
0.24,0.6,True,1424,1410,13,1,0.9908707865168539,0.009129213483146067,0.8333333333333334,1175,235,0.0,0,1,0.0,0.16725726435152374,0.16666666666666666,1.0,32,32
0.24,0.61,False,1424,1410,13,1,0.9908707865168539,0.009129213483146067,0.8333333333333334,1175,235,0.0,0,1,0.0,0.16725726435152374,0.16666666666666666,1.0,32,32
0.24,0.61,True,1424,1410,13,1,0.9908707865168539,0.009129213483146067,0.8333333333333334,1175,235,0.0,0,1,0.0,0.16725726435152374,0.16666666666666666,1.0,32,32
0.24,0.62,False,1424,1410,13,1,0.9908707865168539,0.009129213483146067,0.8333333333333334,1175,235,0.0,0,1,0.0,0.16725726435152374,0.16666666666666666,1.0,32,32
0.24,0.62,True,1424,1410,13,1,0.9908707865168539,0.009129213483146067,0.8333333333333334,1175,235,0.0,0,1,0.0,0.16725726435152374,0.16666666666666666,1.0,32,32
0.24,0.63,False,1424,1410,13,1,0.9908707865168539,0.009129213483146067,0.8333333333333334,1175,235,0.0,0,1,0.0,0.16725726435152374,0.16666666666666666,1.0,32,32
0.24,0.63,True,1424,1410,13,1,0.9908707865168539,0.009129213483146067,0.8333333333333334,1175,235,0.0,0,1,0.0,0.16725726435152374,0.16666666666666666,1.0,32,32
0.24,0.64,False,1424,1410,13,1,0.9908707865168539,0.009129213483146067,0.8333333333333334,1175,235,0.0,0,1,0.0,0.16725726435152374,0.16666666666666666,1.0,32,32
0.24,0.64,True,1424,1410,13,1,0.9908707865168539,0.009129213483146067,0.8333333333333334,1175,235,0.0,0,1,0.0,0.16725726435152374,0.16666666666666666,1.0,32,32
0.24,0.65,False,1424,1410,13,1,0.9908707865168539,0.009129213483146067,0.8333333333333334,1175,235,0.0,0,1,0.0,0.16725726435152374,0.16666666666666666,1.0,32,32
0.24,0.65,True,1424,1410,13,1,0.9908707865168539,0.009129213483146067,0.8333333333333334,1175,235,0.0,0,1,0.0,0.16725726435152374,0.16666666666666666,1.0,32,32
0.24,0.66,False,1424,1410,14,0,0.9901685393258427,0.009831460674157303,0.8333333333333334,1175,235,nan,0,0,0.0,0.16666666666666666,0.16666666666666666,nan,32,32
0.24,0.66,True,1424,1410,14,0,0.9901685393258427,0.009831460674157303,0.8333333333333334,1175,235,nan,0,0,0.0,0.16666666666666666,0.16666666666666666,nan,32,32
0.24,0.67,False,1424,1410,14,0,0.9901685393258427,0.009831460674157303,0.8333333333333334,1175,235,nan,0,0,0.0,0.16666666666666666,0.16666666666666666,nan,32,32
0.24,0.67,True,1424,1410,14,0,0.9901685393258427,0.009831460674157303,0.8333333333333334,1175,235,nan,0,0,0.0,0.16666666666666666,0.16666666666666666,nan,32,32
0.24,0.68,False,1424,1410,14,0,0.9901685393258427,0.009831460674157303,0.8333333333333334,1175,235,nan,0,0,0.0,0.16666666666666666,0.16666666666666666,nan,32,32
0.24,0.68,True,1424,1410,14,0,0.9901685393258427,0.009831460674157303,0.8333333333333334,1175,235,nan,0,0,0.0,0.16666666666666666,0.16666666666666666,nan,32,32
0.24,0.69,False,1424,1410,14,0,0.9901685393258427,0.009831460674157303,0.8333333333333334,1175,235,nan,0,0,0.0,0.16666666666666666,0.16666666666666666,nan,32,32
0.24,0.69,True,1424,1410,14,0,0.9901685393258427,0.009831460674157303,0.8333333333333334,1175,235,nan,0,0,0.0,0.16666666666666666,0.16666666666666666,nan,32,32
0.24,0.7,False,1424,1410,14,0,0.9901685393258427,0.009831460674157303,0.8333333333333334,1175,235,nan,0,0,0.0,0.16666666666666666,0.16666666666666666,nan,32,32
0.24,0.7,True,1424,1410,14,0,0.9901685393258427,0.009831460674157303,0.8333333333333334,1175,235,nan,0,0,0.0,0.16666666666666666,0.16666666666666666,nan,32,32
0.24,0.71,False,1424,1410,14,0,0.9901685393258427,0.009831460674157303,0.8333333333333334,1175,235,nan,0,0,0.0,0.16666666666666666,0.16666666666666666,nan,32,32
0.24,0.71,True,1424,1410,14,0,0.9901685393258427,0.009831460674157303,0.8333333333333334,1175,235,nan,0,0,0.0,0.16666666666666666,0.16666666666666666,nan,32,32
0.24,0.72,False,1424,1410,14,0,0.9901685393258427,0.009831460674157303,0.8333333333333334,1175,235,nan,0,0,0.0,0.16666666666666666,0.16666666666666666,nan,32,32
0.24,0.72,True,1424,1410,14,0,0.9901685393258427,0.009831460674157303,0.8333333333333334,1175,235,nan,0,0,0.0,0.16666666666666666,0.16666666666666666,nan,32,32
0.24,0.73,False,1424,1410,14,0,0.9901685393258427,0.009831460674157303,0.8333333333333334,1175,235,nan,0,0,0.0,0.16666666666666666,0.16666666666666666,nan,32,32
0.24,0.73,True,1424,1410,14,0,0.9901685393258427,0.009831460674157303,0.8333333333333334,1175,235,nan,0,0,0.0,0.16666666666666666,0.16666666666666666,nan,32,32
0.24,0.74,False,1424,1410,14,0,0.9901685393258427,0.009831460674157303,0.8333333333333334,1175,235,nan,0,0,0.0,0.16666666666666666,0.16666666666666666,nan,32,32
0.24,0.74,True,1424,1410,14,0,0.9901685393258427,0.009831460674157303,0.8333333333333334,1175,235,nan,0,0,0.0,0.16666666666666666,0.16666666666666666,nan,32,32
0.24,0.75,False,1424,1410,14,0,0.9901685393258427,0.009831460674157303,0.8333333333333334,1175,235,nan,0,0,0.0,0.16666666666666666,0.16666666666666666,nan,32,32
0.24,0.75,True,1424,1410,14,0,0.9901685393258427,0.009831460674157303,0.8333333333333334,1175,235,nan,0,0,0.0,0.16666666666666666,0.16666666666666666,nan,32,32
0.24,0.76,False,1424,1410,14,0,0.9901685393258427,0.009831460674157303,0.8333333333333334,1175,235,nan,0,0,0.0,0.16666666666666666,0.16666666666666666,nan,32,32
0.24,0.76,True,1424,1410,14,0,0.9901685393258427,0.009831460674157303,0.8333333333333334,1175,235,nan,0,0,0.0,0.16666666666666666,0.16666666666666666,nan,32,32
0.24,0.77,False,1424,1410,14,0,0.9901685393258427,0.009831460674157303,0.8333333333333334,1175,235,nan,0,0,0.0,0.16666666666666666,0.16666666666666666,nan,32,32
0.24,0.77,True,1424,1410,14,0,0.9901685393258427,0.009831460674157303,0.8333333333333334,1175,235,nan,0,0,0.0,0.16666666666666666,0.16666666666666666,nan,32,32
0.24,0.78,False,1424,1410,14,0,0.9901685393258427,0.009831460674157303,0.8333333333333334,1175,235,nan,0,0,0.0,0.16666666666666666,0.16666666666666666,nan,32,32
0.24,0.78,True,1424,1410,14,0,0.9901685393258427,0.009831460674157303,0.8333333333333334,1175,235,nan,0,0,0.0,0.16666666666666666,0.16666666666666666,nan,32,32
0.24,0.79,False,1424,1410,14,0,0.9901685393258427,0.009831460674157303,0.8333333333333334,1175,235,nan,0,0,0.0,0.16666666666666666,0.16666666666666666,nan,32,32
0.24,0.79,True,1424,1410,14,0,0.9901685393258427,0.009831460674157303,0.8333333333333334,1175,235,nan,0,0,0.0,0.16666666666666666,0.16666666666666666,nan,32,32
0.24,0.8,False,1424,1410,14,0,0.9901685393258427,0.009831460674157303,0.8333333333333334,1175,235,nan,0,0,0.0,0.16666666666666666,0.16666666666666666,nan,32,32
0.24,0.8,True,1424,1410,14,0,0.9901685393258427,0.009831460674157303,0.8333333333333334,1175,235,nan,0,0,0.0,0.16666666666666666,0.16666666666666666,nan,32,32
0.24,0.81,False,1424,1410,14,0,0.9901685393258427,0.009831460674157303,0.8333333333333334,1175,235,nan,0,0,0.0,0.16666666666666666,0.16666666666666666,nan,32,32
0.24,0.81,True,1424,1410,14,0,0.9901685393258427,0.009831460674157303,0.8333333333333334,1175,235,nan,0,0,0.0,0.16666666666666666,0.16666666666666666,nan,32,32
0.24,0.82,False,1424,1410,14,0,0.9901685393258427,0.009831460674157303,0.8333333333333334,1175,235,nan,0,0,0.0,0.16666666666666666,0.16666666666666666,nan,32,32
0.24,0.82,True,1424,1410,14,0,0.9901685393258427,0.009831460674157303,0.8333333333333334,1175,235,nan,0,0,0.0,0.16666666666666666,0.16666666666666666,nan,32,32
0.24,0.83,False,1424,1410,14,0,0.9901685393258427,0.009831460674157303,0.8333333333333334,1175,235,nan,0,0,0.0,0.16666666666666666,0.16666666666666666,nan,32,32
0.24,0.83,True,1424,1410,14,0,0.9901685393258427,0.009831460674157303,0.8333333333333334,1175,235,nan,0,0,0.0,0.16666666666666666,0.16666666666666666,nan,32,32
0.24,0.84,False,1424,1410,14,0,0.9901685393258427,0.009831460674157303,0.8333333333333334,1175,235,nan,0,0,0.0,0.16666666666666666,0.16666666666666666,nan,32,32
0.24,0.84,True,1424,1410,14,0,0.9901685393258427,0.009831460674157303,0.8333333333333334,1175,235,nan,0,0,0.0,0.16666666666666666,0.16666666666666666,nan,32,32
0.24,0.85,False,1424,1410,14,0,0.9901685393258427,0.009831460674157303,0.8333333333333334,1175,235,nan,0,0,0.0,0.16666666666666666,0.16666666666666666,nan,32,32
0.24,0.85,True,1424,1410,14,0,0.9901685393258427,0.009831460674157303,0.8333333333333334,1175,235,nan,0,0,0.0,0.16666666666666666,0.16666666666666666,nan,32,32
0.25,0.26,False,1424,1411,4,9,0.9971910112359551,0.0028089887640449437,0.8334514528703048,1176,235,0.3333333333333333,3,6,0.012448132780082987,0.16971830985915493,0.16654854712969525,0.6666666666666666,32,32
0.25,0.26,True,1424,1411,4,9,0.9971910112359551,0.0028089887640449437,0.8334514528703048,1176,235,0.3333333333333333,3,6,0.012448132780082987,0.16971830985915493,0.16654854712969525,0.6666666666666666,32,32
0.25,0.27,False,1424,1411,7,6,0.9950842696629213,0.0049157303370786515,0.8334514528703048,1176,235,0.3333333333333333,2,4,0.008298755186721992,0.16866619618913198,0.16654854712969525,0.6666666666666666,32,32
0.25,0.27,True,1424,1411,7,6,0.9950842696629213,0.0049157303370786515,0.8334514528703048,1176,235,0.3333333333333333,2,4,0.008298755186721992,0.16866619618913198,0.16654854712969525,0.6666666666666666,32,32
0.25,0.28,False,1424,1411,8,5,0.9943820224719101,0.0056179775280898875,0.8334514528703048,1176,235,0.2,1,4,0.004149377593360996,0.1687853107344633,0.16654854712969525,0.8,32,32
0.25,0.28,True,1424,1411,8,5,0.9943820224719101,0.0056179775280898875,0.8334514528703048,1176,235,0.2,1,4,0.004149377593360996,0.1687853107344633,0.16654854712969525,0.8,32,32
0.25,0.29,False,1424,1411,8,5,0.9943820224719101,0.0056179775280898875,0.8334514528703048,1176,235,0.2,1,4,0.004149377593360996,0.1687853107344633,0.16654854712969525,0.8,32,32
0.25,0.29,True,1424,1411,8,5,0.9943820224719101,0.0056179775280898875,0.8334514528703048,1176,235,0.2,1,4,0.004149377593360996,0.1687853107344633,0.16654854712969525,0.8,32,32
0.25,0.3,False,1424,1411,8,5,0.9943820224719101,0.0056179775280898875,0.8334514528703048,1176,235,0.2,1,4,0.004149377593360996,0.1687853107344633,0.16654854712969525,0.8,32,32
0.25,0.3,True,1424,1411,8,5,0.9943820224719101,0.0056179775280898875,0.8334514528703048,1176,235,0.2,1,4,0.004149377593360996,0.1687853107344633,0.16654854712969525,0.8,32,32
0.25,0.31,False,1424,1411,8,5,0.9943820224719101,0.0056179775280898875,0.8334514528703048,1176,235,0.2,1,4,0.004149377593360996,0.1687853107344633,0.16654854712969525,0.8,32,32
0.25,0.31,True,1424,1411,8,5,0.9943820224719101,0.0056179775280898875,0.8334514528703048,1176,235,0.2,1,4,0.004149377593360996,0.1687853107344633,0.16654854712969525,0.8,32,32
0.25,0.32,False,1424,1411,8,5,0.9943820224719101,0.0056179775280898875,0.8334514528703048,1176,235,0.2,1,4,0.004149377593360996,0.1687853107344633,0.16654854712969525,0.8,32,32
0.25,0.32,True,1424,1411,8,5,0.9943820224719101,0.0056179775280898875,0.8334514528703048,1176,235,0.2,1,4,0.004149377593360996,0.1687853107344633,0.16654854712969525,0.8,32,32
0.25,0.33,False,1424,1411,8,5,0.9943820224719101,0.0056179775280898875,0.8334514528703048,1176,235,0.2,1,4,0.004149377593360996,0.1687853107344633,0.16654854712969525,0.8,32,32
0.25,0.33,True,1424,1411,8,5,0.9943820224719101,0.0056179775280898875,0.8334514528703048,1176,235,0.2,1,4,0.004149377593360996,0.1687853107344633,0.16654854712969525,0.8,32,32
0.25,0.34,False,1424,1411,8,5,0.9943820224719101,0.0056179775280898875,0.8334514528703048,1176,235,0.2,1,4,0.004149377593360996,0.1687853107344633,0.16654854712969525,0.8,32,32
0.25,0.34,True,1424,1411,8,5,0.9943820224719101,0.0056179775280898875,0.8334514528703048,1176,235,0.2,1,4,0.004149377593360996,0.1687853107344633,0.16654854712969525,0.8,32,32
0.25,0.35,False,1424,1411,8,5,0.9943820224719101,0.0056179775280898875,0.8334514528703048,1176,235,0.2,1,4,0.004149377593360996,0.1687853107344633,0.16654854712969525,0.8,32,32
0.25,0.35,True,1424,1411,8,5,0.9943820224719101,0.0056179775280898875,0.8334514528703048,1176,235,0.2,1,4,0.004149377593360996,0.1687853107344633,0.16654854712969525,0.8,32,32
0.25,0.36,False,1424,1411,8,5,0.9943820224719101,0.0056179775280898875,0.8334514528703048,1176,235,0.2,1,4,0.004149377593360996,0.1687853107344633,0.16654854712969525,0.8,32,32
0.25,0.36,True,1424,1411,8,5,0.9943820224719101,0.0056179775280898875,0.8334514528703048,1176,235,0.2,1,4,0.004149377593360996,0.1687853107344633,0.16654854712969525,0.8,32,32
0.25,0.37,False,1424,1411,10,3,0.9929775280898876,0.007022471910112359,0.8334514528703048,1176,235,0.3333333333333333,1,2,0.004149377593360996,0.1676096181046676,0.16654854712969525,0.6666666666666666,32,32
0.25,0.37,True,1424,1411,10,3,0.9929775280898876,0.007022471910112359,0.8334514528703048,1176,235,0.3333333333333333,1,2,0.004149377593360996,0.1676096181046676,0.16654854712969525,0.6666666666666666,32,32
0.25,0.38,False,1424,1411,10,3,0.9929775280898876,0.007022471910112359,0.8334514528703048,1176,235,0.3333333333333333,1,2,0.004149377593360996,0.1676096181046676,0.16654854712969525,0.6666666666666666,32,32
0.25,0.38,True,1424,1411,10,3,0.9929775280898876,0.007022471910112359,0.8334514528703048,1176,235,0.3333333333333333,1,2,0.004149377593360996,0.1676096181046676,0.16654854712969525,0.6666666666666666,32,32
0.25,0.39,False,1424,1411,10,3,0.9929775280898876,0.007022471910112359,0.8334514528703048,1176,235,0.3333333333333333,1,2,0.004149377593360996,0.1676096181046676,0.16654854712969525,0.6666666666666666,32,32
0.25,0.39,True,1424,1411,10,3,0.9929775280898876,0.007022471910112359,0.8334514528703048,1176,235,0.3333333333333333,1,2,0.004149377593360996,0.1676096181046676,0.16654854712969525,0.6666666666666666,32,32
0.25,0.4,False,1424,1411,10,3,0.9929775280898876,0.007022471910112359,0.8334514528703048,1176,235,0.3333333333333333,1,2,0.004149377593360996,0.1676096181046676,0.16654854712969525,0.6666666666666666,32,32
0.25,0.4,True,1424,1411,10,3,0.9929775280898876,0.007022471910112359,0.8334514528703048,1176,235,0.3333333333333333,1,2,0.004149377593360996,0.1676096181046676,0.16654854712969525,0.6666666666666666,32,32
0.25,0.41,False,1424,1411,11,2,0.9922752808988764,0.007724719101123595,0.8334514528703048,1176,235,0.0,0,2,0.0,0.16772823779193205,0.16654854712969525,1.0,32,32
0.25,0.41,True,1424,1411,11,2,0.9922752808988764,0.007724719101123595,0.8334514528703048,1176,235,0.0,0,2,0.0,0.16772823779193205,0.16654854712969525,1.0,32,32
0.25,0.42,False,1424,1411,12,1,0.9915730337078652,0.008426966292134831,0.8334514528703048,1176,235,0.0,0,1,0.0,0.1671388101983003,0.16654854712969525,1.0,32,32
0.25,0.42,True,1424,1411,12,1,0.9915730337078652,0.008426966292134831,0.8334514528703048,1176,235,0.0,0,1,0.0,0.1671388101983003,0.16654854712969525,1.0,32,32
0.25,0.43,False,1424,1411,12,1,0.9915730337078652,0.008426966292134831,0.8334514528703048,1176,235,0.0,0,1,0.0,0.1671388101983003,0.16654854712969525,1.0,32,32
0.25,0.43,True,1424,1411,12,1,0.9915730337078652,0.008426966292134831,0.8334514528703048,1176,235,0.0,0,1,0.0,0.1671388101983003,0.16654854712969525,1.0,32,32
0.25,0.44,False,1424,1411,12,1,0.9915730337078652,0.008426966292134831,0.8334514528703048,1176,235,0.0,0,1,0.0,0.1671388101983003,0.16654854712969525,1.0,32,32
0.25,0.44,True,1424,1411,12,1,0.9915730337078652,0.008426966292134831,0.8334514528703048,1176,235,0.0,0,1,0.0,0.1671388101983003,0.16654854712969525,1.0,32,32
0.25,0.45,False,1424,1411,12,1,0.9915730337078652,0.008426966292134831,0.8334514528703048,1176,235,0.0,0,1,0.0,0.1671388101983003,0.16654854712969525,1.0,32,32
0.25,0.45,True,1424,1411,12,1,0.9915730337078652,0.008426966292134831,0.8334514528703048,1176,235,0.0,0,1,0.0,0.1671388101983003,0.16654854712969525,1.0,32,32
0.25,0.46,False,1424,1411,12,1,0.9915730337078652,0.008426966292134831,0.8334514528703048,1176,235,0.0,0,1,0.0,0.1671388101983003,0.16654854712969525,1.0,32,32
0.25,0.46,True,1424,1411,12,1,0.9915730337078652,0.008426966292134831,0.8334514528703048,1176,235,0.0,0,1,0.0,0.1671388101983003,0.16654854712969525,1.0,32,32
0.25,0.47,False,1424,1411,12,1,0.9915730337078652,0.008426966292134831,0.8334514528703048,1176,235,0.0,0,1,0.0,0.1671388101983003,0.16654854712969525,1.0,32,32
0.25,0.47,True,1424,1411,12,1,0.9915730337078652,0.008426966292134831,0.8334514528703048,1176,235,0.0,0,1,0.0,0.1671388101983003,0.16654854712969525,1.0,32,32
0.25,0.48,False,1424,1411,12,1,0.9915730337078652,0.008426966292134831,0.8334514528703048,1176,235,0.0,0,1,0.0,0.1671388101983003,0.16654854712969525,1.0,32,32
0.25,0.48,True,1424,1411,12,1,0.9915730337078652,0.008426966292134831,0.8334514528703048,1176,235,0.0,0,1,0.0,0.1671388101983003,0.16654854712969525,1.0,32,32
0.25,0.49,False,1424,1411,12,1,0.9915730337078652,0.008426966292134831,0.8334514528703048,1176,235,0.0,0,1,0.0,0.1671388101983003,0.16654854712969525,1.0,32,32
0.25,0.49,True,1424,1411,12,1,0.9915730337078652,0.008426966292134831,0.8334514528703048,1176,235,0.0,0,1,0.0,0.1671388101983003,0.16654854712969525,1.0,32,32
0.25,0.5,False,1424,1411,12,1,0.9915730337078652,0.008426966292134831,0.8334514528703048,1176,235,0.0,0,1,0.0,0.1671388101983003,0.16654854712969525,1.0,32,32
0.25,0.5,True,1424,1411,12,1,0.9915730337078652,0.008426966292134831,0.8334514528703048,1176,235,0.0,0,1,0.0,0.1671388101983003,0.16654854712969525,1.0,32,32
0.25,0.51,False,1424,1411,12,1,0.9915730337078652,0.008426966292134831,0.8334514528703048,1176,235,0.0,0,1,0.0,0.1671388101983003,0.16654854712969525,1.0,32,32
0.25,0.51,True,1424,1411,12,1,0.9915730337078652,0.008426966292134831,0.8334514528703048,1176,235,0.0,0,1,0.0,0.1671388101983003,0.16654854712969525,1.0,32,32
0.25,0.52,False,1424,1411,12,1,0.9915730337078652,0.008426966292134831,0.8334514528703048,1176,235,0.0,0,1,0.0,0.1671388101983003,0.16654854712969525,1.0,32,32
0.25,0.52,True,1424,1411,12,1,0.9915730337078652,0.008426966292134831,0.8334514528703048,1176,235,0.0,0,1,0.0,0.1671388101983003,0.16654854712969525,1.0,32,32
0.25,0.53,False,1424,1411,12,1,0.9915730337078652,0.008426966292134831,0.8334514528703048,1176,235,0.0,0,1,0.0,0.1671388101983003,0.16654854712969525,1.0,32,32
0.25,0.53,True,1424,1411,12,1,0.9915730337078652,0.008426966292134831,0.8334514528703048,1176,235,0.0,0,1,0.0,0.1671388101983003,0.16654854712969525,1.0,32,32
0.25,0.54,False,1424,1411,12,1,0.9915730337078652,0.008426966292134831,0.8334514528703048,1176,235,0.0,0,1,0.0,0.1671388101983003,0.16654854712969525,1.0,32,32
0.25,0.54,True,1424,1411,12,1,0.9915730337078652,0.008426966292134831,0.8334514528703048,1176,235,0.0,0,1,0.0,0.1671388101983003,0.16654854712969525,1.0,32,32
0.25,0.55,False,1424,1411,12,1,0.9915730337078652,0.008426966292134831,0.8334514528703048,1176,235,0.0,0,1,0.0,0.1671388101983003,0.16654854712969525,1.0,32,32
0.25,0.55,True,1424,1411,12,1,0.9915730337078652,0.008426966292134831,0.8334514528703048,1176,235,0.0,0,1,0.0,0.1671388101983003,0.16654854712969525,1.0,32,32
0.25,0.56,False,1424,1411,12,1,0.9915730337078652,0.008426966292134831,0.8334514528703048,1176,235,0.0,0,1,0.0,0.1671388101983003,0.16654854712969525,1.0,32,32
0.25,0.56,True,1424,1411,12,1,0.9915730337078652,0.008426966292134831,0.8334514528703048,1176,235,0.0,0,1,0.0,0.1671388101983003,0.16654854712969525,1.0,32,32
0.25,0.57,False,1424,1411,12,1,0.9915730337078652,0.008426966292134831,0.8334514528703048,1176,235,0.0,0,1,0.0,0.1671388101983003,0.16654854712969525,1.0,32,32
0.25,0.57,True,1424,1411,12,1,0.9915730337078652,0.008426966292134831,0.8334514528703048,1176,235,0.0,0,1,0.0,0.1671388101983003,0.16654854712969525,1.0,32,32
0.25,0.58,False,1424,1411,12,1,0.9915730337078652,0.008426966292134831,0.8334514528703048,1176,235,0.0,0,1,0.0,0.1671388101983003,0.16654854712969525,1.0,32,32
0.25,0.58,True,1424,1411,12,1,0.9915730337078652,0.008426966292134831,0.8334514528703048,1176,235,0.0,0,1,0.0,0.1671388101983003,0.16654854712969525,1.0,32,32
0.25,0.59,False,1424,1411,12,1,0.9915730337078652,0.008426966292134831,0.8334514528703048,1176,235,0.0,0,1,0.0,0.1671388101983003,0.16654854712969525,1.0,32,32
0.25,0.59,True,1424,1411,12,1,0.9915730337078652,0.008426966292134831,0.8334514528703048,1176,235,0.0,0,1,0.0,0.1671388101983003,0.16654854712969525,1.0,32,32
0.25,0.6,False,1424,1411,12,1,0.9915730337078652,0.008426966292134831,0.8334514528703048,1176,235,0.0,0,1,0.0,0.1671388101983003,0.16654854712969525,1.0,32,32
0.25,0.6,True,1424,1411,12,1,0.9915730337078652,0.008426966292134831,0.8334514528703048,1176,235,0.0,0,1,0.0,0.1671388101983003,0.16654854712969525,1.0,32,32
0.25,0.61,False,1424,1411,12,1,0.9915730337078652,0.008426966292134831,0.8334514528703048,1176,235,0.0,0,1,0.0,0.1671388101983003,0.16654854712969525,1.0,32,32
0.25,0.61,True,1424,1411,12,1,0.9915730337078652,0.008426966292134831,0.8334514528703048,1176,235,0.0,0,1,0.0,0.1671388101983003,0.16654854712969525,1.0,32,32
0.25,0.62,False,1424,1411,12,1,0.9915730337078652,0.008426966292134831,0.8334514528703048,1176,235,0.0,0,1,0.0,0.1671388101983003,0.16654854712969525,1.0,32,32
0.25,0.62,True,1424,1411,12,1,0.9915730337078652,0.008426966292134831,0.8334514528703048,1176,235,0.0,0,1,0.0,0.1671388101983003,0.16654854712969525,1.0,32,32
0.25,0.63,False,1424,1411,12,1,0.9915730337078652,0.008426966292134831,0.8334514528703048,1176,235,0.0,0,1,0.0,0.1671388101983003,0.16654854712969525,1.0,32,32
0.25,0.63,True,1424,1411,12,1,0.9915730337078652,0.008426966292134831,0.8334514528703048,1176,235,0.0,0,1,0.0,0.1671388101983003,0.16654854712969525,1.0,32,32
0.25,0.64,False,1424,1411,12,1,0.9915730337078652,0.008426966292134831,0.8334514528703048,1176,235,0.0,0,1,0.0,0.1671388101983003,0.16654854712969525,1.0,32,32
0.25,0.64,True,1424,1411,12,1,0.9915730337078652,0.008426966292134831,0.8334514528703048,1176,235,0.0,0,1,0.0,0.1671388101983003,0.16654854712969525,1.0,32,32
0.25,0.65,False,1424,1411,12,1,0.9915730337078652,0.008426966292134831,0.8334514528703048,1176,235,0.0,0,1,0.0,0.1671388101983003,0.16654854712969525,1.0,32,32
0.25,0.65,True,1424,1411,12,1,0.9915730337078652,0.008426966292134831,0.8334514528703048,1176,235,0.0,0,1,0.0,0.1671388101983003,0.16654854712969525,1.0,32,32
0.25,0.66,False,1424,1411,13,0,0.9908707865168539,0.009129213483146067,0.8334514528703048,1176,235,nan,0,0,0.0,0.16654854712969525,0.16654854712969525,nan,32,32
0.25,0.66,True,1424,1411,13,0,0.9908707865168539,0.009129213483146067,0.8334514528703048,1176,235,nan,0,0,0.0,0.16654854712969525,0.16654854712969525,nan,32,32
0.25,0.67,False,1424,1411,13,0,0.9908707865168539,0.009129213483146067,0.8334514528703048,1176,235,nan,0,0,0.0,0.16654854712969525,0.16654854712969525,nan,32,32
0.25,0.67,True,1424,1411,13,0,0.9908707865168539,0.009129213483146067,0.8334514528703048,1176,235,nan,0,0,0.0,0.16654854712969525,0.16654854712969525,nan,32,32
0.25,0.68,False,1424,1411,13,0,0.9908707865168539,0.009129213483146067,0.8334514528703048,1176,235,nan,0,0,0.0,0.16654854712969525,0.16654854712969525,nan,32,32
0.25,0.68,True,1424,1411,13,0,0.9908707865168539,0.009129213483146067,0.8334514528703048,1176,235,nan,0,0,0.0,0.16654854712969525,0.16654854712969525,nan,32,32
0.25,0.69,False,1424,1411,13,0,0.9908707865168539,0.009129213483146067,0.8334514528703048,1176,235,nan,0,0,0.0,0.16654854712969525,0.16654854712969525,nan,32,32
0.25,0.69,True,1424,1411,13,0,0.9908707865168539,0.009129213483146067,0.8334514528703048,1176,235,nan,0,0,0.0,0.16654854712969525,0.16654854712969525,nan,32,32
0.25,0.7,False,1424,1411,13,0,0.9908707865168539,0.009129213483146067,0.8334514528703048,1176,235,nan,0,0,0.0,0.16654854712969525,0.16654854712969525,nan,32,32
0.25,0.7,True,1424,1411,13,0,0.9908707865168539,0.009129213483146067,0.8334514528703048,1176,235,nan,0,0,0.0,0.16654854712969525,0.16654854712969525,nan,32,32
0.25,0.71,False,1424,1411,13,0,0.9908707865168539,0.009129213483146067,0.8334514528703048,1176,235,nan,0,0,0.0,0.16654854712969525,0.16654854712969525,nan,32,32
0.25,0.71,True,1424,1411,13,0,0.9908707865168539,0.009129213483146067,0.8334514528703048,1176,235,nan,0,0,0.0,0.16654854712969525,0.16654854712969525,nan,32,32
0.25,0.72,False,1424,1411,13,0,0.9908707865168539,0.009129213483146067,0.8334514528703048,1176,235,nan,0,0,0.0,0.16654854712969525,0.16654854712969525,nan,32,32
0.25,0.72,True,1424,1411,13,0,0.9908707865168539,0.009129213483146067,0.8334514528703048,1176,235,nan,0,0,0.0,0.16654854712969525,0.16654854712969525,nan,32,32
0.25,0.73,False,1424,1411,13,0,0.9908707865168539,0.009129213483146067,0.8334514528703048,1176,235,nan,0,0,0.0,0.16654854712969525,0.16654854712969525,nan,32,32
0.25,0.73,True,1424,1411,13,0,0.9908707865168539,0.009129213483146067,0.8334514528703048,1176,235,nan,0,0,0.0,0.16654854712969525,0.16654854712969525,nan,32,32
0.25,0.74,False,1424,1411,13,0,0.9908707865168539,0.009129213483146067,0.8334514528703048,1176,235,nan,0,0,0.0,0.16654854712969525,0.16654854712969525,nan,32,32
0.25,0.74,True,1424,1411,13,0,0.9908707865168539,0.009129213483146067,0.8334514528703048,1176,235,nan,0,0,0.0,0.16654854712969525,0.16654854712969525,nan,32,32
0.25,0.75,False,1424,1411,13,0,0.9908707865168539,0.009129213483146067,0.8334514528703048,1176,235,nan,0,0,0.0,0.16654854712969525,0.16654854712969525,nan,32,32
0.25,0.75,True,1424,1411,13,0,0.9908707865168539,0.009129213483146067,0.8334514528703048,1176,235,nan,0,0,0.0,0.16654854712969525,0.16654854712969525,nan,32,32
0.25,0.76,False,1424,1411,13,0,0.9908707865168539,0.009129213483146067,0.8334514528703048,1176,235,nan,0,0,0.0,0.16654854712969525,0.16654854712969525,nan,32,32
0.25,0.76,True,1424,1411,13,0,0.9908707865168539,0.009129213483146067,0.8334514528703048,1176,235,nan,0,0,0.0,0.16654854712969525,0.16654854712969525,nan,32,32
0.25,0.77,False,1424,1411,13,0,0.9908707865168539,0.009129213483146067,0.8334514528703048,1176,235,nan,0,0,0.0,0.16654854712969525,0.16654854712969525,nan,32,32
0.25,0.77,True,1424,1411,13,0,0.9908707865168539,0.009129213483146067,0.8334514528703048,1176,235,nan,0,0,0.0,0.16654854712969525,0.16654854712969525,nan,32,32
0.25,0.78,False,1424,1411,13,0,0.9908707865168539,0.009129213483146067,0.8334514528703048,1176,235,nan,0,0,0.0,0.16654854712969525,0.16654854712969525,nan,32,32
0.25,0.78,True,1424,1411,13,0,0.9908707865168539,0.009129213483146067,0.8334514528703048,1176,235,nan,0,0,0.0,0.16654854712969525,0.16654854712969525,nan,32,32
0.25,0.79,False,1424,1411,13,0,0.9908707865168539,0.009129213483146067,0.8334514528703048,1176,235,nan,0,0,0.0,0.16654854712969525,0.16654854712969525,nan,32,32
0.25,0.79,True,1424,1411,13,0,0.9908707865168539,0.009129213483146067,0.8334514528703048,1176,235,nan,0,0,0.0,0.16654854712969525,0.16654854712969525,nan,32,32
0.25,0.8,False,1424,1411,13,0,0.9908707865168539,0.009129213483146067,0.8334514528703048,1176,235,nan,0,0,0.0,0.16654854712969525,0.16654854712969525,nan,32,32
0.25,0.8,True,1424,1411,13,0,0.9908707865168539,0.009129213483146067,0.8334514528703048,1176,235,nan,0,0,0.0,0.16654854712969525,0.16654854712969525,nan,32,32
0.25,0.81,False,1424,1411,13,0,0.9908707865168539,0.009129213483146067,0.8334514528703048,1176,235,nan,0,0,0.0,0.16654854712969525,0.16654854712969525,nan,32,32
0.25,0.81,True,1424,1411,13,0,0.9908707865168539,0.009129213483146067,0.8334514528703048,1176,235,nan,0,0,0.0,0.16654854712969525,0.16654854712969525,nan,32,32
0.25,0.82,False,1424,1411,13,0,0.9908707865168539,0.009129213483146067,0.8334514528703048,1176,235,nan,0,0,0.0,0.16654854712969525,0.16654854712969525,nan,32,32
0.25,0.82,True,1424,1411,13,0,0.9908707865168539,0.009129213483146067,0.8334514528703048,1176,235,nan,0,0,0.0,0.16654854712969525,0.16654854712969525,nan,32,32
0.25,0.83,False,1424,1411,13,0,0.9908707865168539,0.009129213483146067,0.8334514528703048,1176,235,nan,0,0,0.0,0.16654854712969525,0.16654854712969525,nan,32,32
0.25,0.83,True,1424,1411,13,0,0.9908707865168539,0.009129213483146067,0.8334514528703048,1176,235,nan,0,0,0.0,0.16654854712969525,0.16654854712969525,nan,32,32
0.25,0.84,False,1424,1411,13,0,0.9908707865168539,0.009129213483146067,0.8334514528703048,1176,235,nan,0,0,0.0,0.16654854712969525,0.16654854712969525,nan,32,32
0.25,0.84,True,1424,1411,13,0,0.9908707865168539,0.009129213483146067,0.8334514528703048,1176,235,nan,0,0,0.0,0.16654854712969525,0.16654854712969525,nan,32,32
0.25,0.85,False,1424,1411,13,0,0.9908707865168539,0.009129213483146067,0.8334514528703048,1176,235,nan,0,0,0.0,0.16654854712969525,0.16654854712969525,nan,32,32
0.25,0.85,True,1424,1411,13,0,0.9908707865168539,0.009129213483146067,0.8334514528703048,1176,235,nan,0,0,0.0,0.16654854712969525,0.16654854712969525,nan,32,32
0.26,0.27,False,1424,1415,3,6,0.9978932584269663,0.002106741573033708,0.8318021201413428,1177,238,0.3333333333333333,2,4,0.008298755186721992,0.17030260380014076,0.16819787985865725,0.6666666666666666,32,32
0.26,0.27,True,1424,1415,3,6,0.9978932584269663,0.002106741573033708,0.8318021201413428,1177,238,0.3333333333333333,2,4,0.008298755186721992,0.17030260380014076,0.16819787985865725,0.6666666666666666,32,32
0.26,0.28,False,1424,1415,4,5,0.9971910112359551,0.0028089887640449437,0.8318021201413428,1177,238,0.2,1,4,0.004149377593360996,0.1704225352112676,0.16819787985865725,0.8,32,32
0.26,0.28,True,1424,1415,4,5,0.9971910112359551,0.0028089887640449437,0.8318021201413428,1177,238,0.2,1,4,0.004149377593360996,0.1704225352112676,0.16819787985865725,0.8,32,32
0.26,0.29,False,1424,1415,4,5,0.9971910112359551,0.0028089887640449437,0.8318021201413428,1177,238,0.2,1,4,0.004149377593360996,0.1704225352112676,0.16819787985865725,0.8,32,32
0.26,0.29,True,1424,1415,4,5,0.9971910112359551,0.0028089887640449437,0.8318021201413428,1177,238,0.2,1,4,0.004149377593360996,0.1704225352112676,0.16819787985865725,0.8,32,32
0.26,0.3,False,1424,1415,4,5,0.9971910112359551,0.0028089887640449437,0.8318021201413428,1177,238,0.2,1,4,0.004149377593360996,0.1704225352112676,0.16819787985865725,0.8,32,32
0.26,0.3,True,1424,1415,4,5,0.9971910112359551,0.0028089887640449437,0.8318021201413428,1177,238,0.2,1,4,0.004149377593360996,0.1704225352112676,0.16819787985865725,0.8,32,32
0.26,0.31,False,1424,1415,4,5,0.9971910112359551,0.0028089887640449437,0.8318021201413428,1177,238,0.2,1,4,0.004149377593360996,0.1704225352112676,0.16819787985865725,0.8,32,32
0.26,0.31,True,1424,1415,4,5,0.9971910112359551,0.0028089887640449437,0.8318021201413428,1177,238,0.2,1,4,0.004149377593360996,0.1704225352112676,0.16819787985865725,0.8,32,32
0.26,0.32,False,1424,1415,4,5,0.9971910112359551,0.0028089887640449437,0.8318021201413428,1177,238,0.2,1,4,0.004149377593360996,0.1704225352112676,0.16819787985865725,0.8,32,32
0.26,0.32,True,1424,1415,4,5,0.9971910112359551,0.0028089887640449437,0.8318021201413428,1177,238,0.2,1,4,0.004149377593360996,0.1704225352112676,0.16819787985865725,0.8,32,32
0.26,0.33,False,1424,1415,4,5,0.9971910112359551,0.0028089887640449437,0.8318021201413428,1177,238,0.2,1,4,0.004149377593360996,0.1704225352112676,0.16819787985865725,0.8,32,32
0.26,0.33,True,1424,1415,4,5,0.9971910112359551,0.0028089887640449437,0.8318021201413428,1177,238,0.2,1,4,0.004149377593360996,0.1704225352112676,0.16819787985865725,0.8,32,32
0.26,0.34,False,1424,1415,4,5,0.9971910112359551,0.0028089887640449437,0.8318021201413428,1177,238,0.2,1,4,0.004149377593360996,0.1704225352112676,0.16819787985865725,0.8,32,32
0.26,0.34,True,1424,1415,4,5,0.9971910112359551,0.0028089887640449437,0.8318021201413428,1177,238,0.2,1,4,0.004149377593360996,0.1704225352112676,0.16819787985865725,0.8,32,32
0.26,0.35,False,1424,1415,4,5,0.9971910112359551,0.0028089887640449437,0.8318021201413428,1177,238,0.2,1,4,0.004149377593360996,0.1704225352112676,0.16819787985865725,0.8,32,32
0.26,0.35,True,1424,1415,4,5,0.9971910112359551,0.0028089887640449437,0.8318021201413428,1177,238,0.2,1,4,0.004149377593360996,0.1704225352112676,0.16819787985865725,0.8,32,32
0.26,0.36,False,1424,1415,4,5,0.9971910112359551,0.0028089887640449437,0.8318021201413428,1177,238,0.2,1,4,0.004149377593360996,0.1704225352112676,0.16819787985865725,0.8,32,32
0.26,0.36,True,1424,1415,4,5,0.9971910112359551,0.0028089887640449437,0.8318021201413428,1177,238,0.2,1,4,0.004149377593360996,0.1704225352112676,0.16819787985865725,0.8,32,32
0.26,0.37,False,1424,1415,6,3,0.9957865168539326,0.004213483146067416,0.8318021201413428,1177,238,0.3333333333333333,1,2,0.004149377593360996,0.1692524682651622,0.16819787985865725,0.6666666666666666,32,32
0.26,0.37,True,1424,1415,6,3,0.9957865168539326,0.004213483146067416,0.8318021201413428,1177,238,0.3333333333333333,1,2,0.004149377593360996,0.1692524682651622,0.16819787985865725,0.6666666666666666,32,32
0.26,0.38,False,1424,1415,6,3,0.9957865168539326,0.004213483146067416,0.8318021201413428,1177,238,0.3333333333333333,1,2,0.004149377593360996,0.1692524682651622,0.16819787985865725,0.6666666666666666,32,32
0.26,0.38,True,1424,1415,6,3,0.9957865168539326,0.004213483146067416,0.8318021201413428,1177,238,0.3333333333333333,1,2,0.004149377593360996,0.1692524682651622,0.16819787985865725,0.6666666666666666,32,32
0.26,0.39,False,1424,1415,6,3,0.9957865168539326,0.004213483146067416,0.8318021201413428,1177,238,0.3333333333333333,1,2,0.004149377593360996,0.1692524682651622,0.16819787985865725,0.6666666666666666,32,32
0.26,0.39,True,1424,1415,6,3,0.9957865168539326,0.004213483146067416,0.8318021201413428,1177,238,0.3333333333333333,1,2,0.004149377593360996,0.1692524682651622,0.16819787985865725,0.6666666666666666,32,32
0.26,0.4,False,1424,1415,6,3,0.9957865168539326,0.004213483146067416,0.8318021201413428,1177,238,0.3333333333333333,1,2,0.004149377593360996,0.1692524682651622,0.16819787985865725,0.6666666666666666,32,32
0.26,0.4,True,1424,1415,6,3,0.9957865168539326,0.004213483146067416,0.8318021201413428,1177,238,0.3333333333333333,1,2,0.004149377593360996,0.1692524682651622,0.16819787985865725,0.6666666666666666,32,32
0.26,0.41,False,1424,1415,7,2,0.9950842696629213,0.0049157303370786515,0.8318021201413428,1177,238,0.0,0,2,0.0,0.16937191249117856,0.16819787985865725,1.0,32,32
0.26,0.41,True,1424,1415,7,2,0.9950842696629213,0.0049157303370786515,0.8318021201413428,1177,238,0.0,0,2,0.0,0.16937191249117856,0.16819787985865725,1.0,32,32
0.26,0.42,False,1424,1415,8,1,0.9943820224719101,0.0056179775280898875,0.8318021201413428,1177,238,0.0,0,1,0.0,0.1687853107344633,0.16819787985865725,1.0,32,32
0.26,0.42,True,1424,1415,8,1,0.9943820224719101,0.0056179775280898875,0.8318021201413428,1177,238,0.0,0,1,0.0,0.1687853107344633,0.16819787985865725,1.0,32,32
0.26,0.43,False,1424,1415,8,1,0.9943820224719101,0.0056179775280898875,0.8318021201413428,1177,238,0.0,0,1,0.0,0.1687853107344633,0.16819787985865725,1.0,32,32
0.26,0.43,True,1424,1415,8,1,0.9943820224719101,0.0056179775280898875,0.8318021201413428,1177,238,0.0,0,1,0.0,0.1687853107344633,0.16819787985865725,1.0,32,32
0.26,0.44,False,1424,1415,8,1,0.9943820224719101,0.0056179775280898875,0.8318021201413428,1177,238,0.0,0,1,0.0,0.1687853107344633,0.16819787985865725,1.0,32,32
0.26,0.44,True,1424,1415,8,1,0.9943820224719101,0.0056179775280898875,0.8318021201413428,1177,238,0.0,0,1,0.0,0.1687853107344633,0.16819787985865725,1.0,32,32
0.26,0.45,False,1424,1415,8,1,0.9943820224719101,0.0056179775280898875,0.8318021201413428,1177,238,0.0,0,1,0.0,0.1687853107344633,0.16819787985865725,1.0,32,32
0.26,0.45,True,1424,1415,8,1,0.9943820224719101,0.0056179775280898875,0.8318021201413428,1177,238,0.0,0,1,0.0,0.1687853107344633,0.16819787985865725,1.0,32,32
0.26,0.46,False,1424,1415,8,1,0.9943820224719101,0.0056179775280898875,0.8318021201413428,1177,238,0.0,0,1,0.0,0.1687853107344633,0.16819787985865725,1.0,32,32
0.26,0.46,True,1424,1415,8,1,0.9943820224719101,0.0056179775280898875,0.8318021201413428,1177,238,0.0,0,1,0.0,0.1687853107344633,0.16819787985865725,1.0,32,32
0.26,0.47,False,1424,1415,8,1,0.9943820224719101,0.0056179775280898875,0.8318021201413428,1177,238,0.0,0,1,0.0,0.1687853107344633,0.16819787985865725,1.0,32,32
0.26,0.47,True,1424,1415,8,1,0.9943820224719101,0.0056179775280898875,0.8318021201413428,1177,238,0.0,0,1,0.0,0.1687853107344633,0.16819787985865725,1.0,32,32
0.26,0.48,False,1424,1415,8,1,0.9943820224719101,0.0056179775280898875,0.8318021201413428,1177,238,0.0,0,1,0.0,0.1687853107344633,0.16819787985865725,1.0,32,32
0.26,0.48,True,1424,1415,8,1,0.9943820224719101,0.0056179775280898875,0.8318021201413428,1177,238,0.0,0,1,0.0,0.1687853107344633,0.16819787985865725,1.0,32,32
0.26,0.49,False,1424,1415,8,1,0.9943820224719101,0.0056179775280898875,0.8318021201413428,1177,238,0.0,0,1,0.0,0.1687853107344633,0.16819787985865725,1.0,32,32
0.26,0.49,True,1424,1415,8,1,0.9943820224719101,0.0056179775280898875,0.8318021201413428,1177,238,0.0,0,1,0.0,0.1687853107344633,0.16819787985865725,1.0,32,32
0.26,0.5,False,1424,1415,8,1,0.9943820224719101,0.0056179775280898875,0.8318021201413428,1177,238,0.0,0,1,0.0,0.1687853107344633,0.16819787985865725,1.0,32,32
0.26,0.5,True,1424,1415,8,1,0.9943820224719101,0.0056179775280898875,0.8318021201413428,1177,238,0.0,0,1,0.0,0.1687853107344633,0.16819787985865725,1.0,32,32
0.26,0.51,False,1424,1415,8,1,0.9943820224719101,0.0056179775280898875,0.8318021201413428,1177,238,0.0,0,1,0.0,0.1687853107344633,0.16819787985865725,1.0,32,32
0.26,0.51,True,1424,1415,8,1,0.9943820224719101,0.0056179775280898875,0.8318021201413428,1177,238,0.0,0,1,0.0,0.1687853107344633,0.16819787985865725,1.0,32,32
0.26,0.52,False,1424,1415,8,1,0.9943820224719101,0.0056179775280898875,0.8318021201413428,1177,238,0.0,0,1,0.0,0.1687853107344633,0.16819787985865725,1.0,32,32
0.26,0.52,True,1424,1415,8,1,0.9943820224719101,0.0056179775280898875,0.8318021201413428,1177,238,0.0,0,1,0.0,0.1687853107344633,0.16819787985865725,1.0,32,32
0.26,0.53,False,1424,1415,8,1,0.9943820224719101,0.0056179775280898875,0.8318021201413428,1177,238,0.0,0,1,0.0,0.1687853107344633,0.16819787985865725,1.0,32,32
0.26,0.53,True,1424,1415,8,1,0.9943820224719101,0.0056179775280898875,0.8318021201413428,1177,238,0.0,0,1,0.0,0.1687853107344633,0.16819787985865725,1.0,32,32
0.26,0.54,False,1424,1415,8,1,0.9943820224719101,0.0056179775280898875,0.8318021201413428,1177,238,0.0,0,1,0.0,0.1687853107344633,0.16819787985865725,1.0,32,32
0.26,0.54,True,1424,1415,8,1,0.9943820224719101,0.0056179775280898875,0.8318021201413428,1177,238,0.0,0,1,0.0,0.1687853107344633,0.16819787985865725,1.0,32,32
0.26,0.55,False,1424,1415,8,1,0.9943820224719101,0.0056179775280898875,0.8318021201413428,1177,238,0.0,0,1,0.0,0.1687853107344633,0.16819787985865725,1.0,32,32
0.26,0.55,True,1424,1415,8,1,0.9943820224719101,0.0056179775280898875,0.8318021201413428,1177,238,0.0,0,1,0.0,0.1687853107344633,0.16819787985865725,1.0,32,32
0.26,0.56,False,1424,1415,8,1,0.9943820224719101,0.0056179775280898875,0.8318021201413428,1177,238,0.0,0,1,0.0,0.1687853107344633,0.16819787985865725,1.0,32,32
0.26,0.56,True,1424,1415,8,1,0.9943820224719101,0.0056179775280898875,0.8318021201413428,1177,238,0.0,0,1,0.0,0.1687853107344633,0.16819787985865725,1.0,32,32
0.26,0.57,False,1424,1415,8,1,0.9943820224719101,0.0056179775280898875,0.8318021201413428,1177,238,0.0,0,1,0.0,0.1687853107344633,0.16819787985865725,1.0,32,32
0.26,0.57,True,1424,1415,8,1,0.9943820224719101,0.0056179775280898875,0.8318021201413428,1177,238,0.0,0,1,0.0,0.1687853107344633,0.16819787985865725,1.0,32,32
0.26,0.58,False,1424,1415,8,1,0.9943820224719101,0.0056179775280898875,0.8318021201413428,1177,238,0.0,0,1,0.0,0.1687853107344633,0.16819787985865725,1.0,32,32
0.26,0.58,True,1424,1415,8,1,0.9943820224719101,0.0056179775280898875,0.8318021201413428,1177,238,0.0,0,1,0.0,0.1687853107344633,0.16819787985865725,1.0,32,32
0.26,0.59,False,1424,1415,8,1,0.9943820224719101,0.0056179775280898875,0.8318021201413428,1177,238,0.0,0,1,0.0,0.1687853107344633,0.16819787985865725,1.0,32,32
0.26,0.59,True,1424,1415,8,1,0.9943820224719101,0.0056179775280898875,0.8318021201413428,1177,238,0.0,0,1,0.0,0.1687853107344633,0.16819787985865725,1.0,32,32
0.26,0.6,False,1424,1415,8,1,0.9943820224719101,0.0056179775280898875,0.8318021201413428,1177,238,0.0,0,1,0.0,0.1687853107344633,0.16819787985865725,1.0,32,32
0.26,0.6,True,1424,1415,8,1,0.9943820224719101,0.0056179775280898875,0.8318021201413428,1177,238,0.0,0,1,0.0,0.1687853107344633,0.16819787985865725,1.0,32,32
0.26,0.61,False,1424,1415,8,1,0.9943820224719101,0.0056179775280898875,0.8318021201413428,1177,238,0.0,0,1,0.0,0.1687853107344633,0.16819787985865725,1.0,32,32
0.26,0.61,True,1424,1415,8,1,0.9943820224719101,0.0056179775280898875,0.8318021201413428,1177,238,0.0,0,1,0.0,0.1687853107344633,0.16819787985865725,1.0,32,32
0.26,0.62,False,1424,1415,8,1,0.9943820224719101,0.0056179775280898875,0.8318021201413428,1177,238,0.0,0,1,0.0,0.1687853107344633,0.16819787985865725,1.0,32,32
0.26,0.62,True,1424,1415,8,1,0.9943820224719101,0.0056179775280898875,0.8318021201413428,1177,238,0.0,0,1,0.0,0.1687853107344633,0.16819787985865725,1.0,32,32
0.26,0.63,False,1424,1415,8,1,0.9943820224719101,0.0056179775280898875,0.8318021201413428,1177,238,0.0,0,1,0.0,0.1687853107344633,0.16819787985865725,1.0,32,32
0.26,0.63,True,1424,1415,8,1,0.9943820224719101,0.0056179775280898875,0.8318021201413428,1177,238,0.0,0,1,0.0,0.1687853107344633,0.16819787985865725,1.0,32,32
0.26,0.64,False,1424,1415,8,1,0.9943820224719101,0.0056179775280898875,0.8318021201413428,1177,238,0.0,0,1,0.0,0.1687853107344633,0.16819787985865725,1.0,32,32
0.26,0.64,True,1424,1415,8,1,0.9943820224719101,0.0056179775280898875,0.8318021201413428,1177,238,0.0,0,1,0.0,0.1687853107344633,0.16819787985865725,1.0,32,32
0.26,0.65,False,1424,1415,8,1,0.9943820224719101,0.0056179775280898875,0.8318021201413428,1177,238,0.0,0,1,0.0,0.1687853107344633,0.16819787985865725,1.0,32,32
0.26,0.65,True,1424,1415,8,1,0.9943820224719101,0.0056179775280898875,0.8318021201413428,1177,238,0.0,0,1,0.0,0.1687853107344633,0.16819787985865725,1.0,32,32
0.26,0.66,False,1424,1415,9,0,0.9936797752808989,0.006320224719101123,0.8318021201413428,1177,238,nan,0,0,0.0,0.16819787985865725,0.16819787985865725,nan,32,32
0.26,0.66,True,1424,1415,9,0,0.9936797752808989,0.006320224719101123,0.8318021201413428,1177,238,nan,0,0,0.0,0.16819787985865725,0.16819787985865725,nan,32,32
0.26,0.67,False,1424,1415,9,0,0.9936797752808989,0.006320224719101123,0.8318021201413428,1177,238,nan,0,0,0.0,0.16819787985865725,0.16819787985865725,nan,32,32
0.26,0.67,True,1424,1415,9,0,0.9936797752808989,0.006320224719101123,0.8318021201413428,1177,238,nan,0,0,0.0,0.16819787985865725,0.16819787985865725,nan,32,32
0.26,0.68,False,1424,1415,9,0,0.9936797752808989,0.006320224719101123,0.8318021201413428,1177,238,nan,0,0,0.0,0.16819787985865725,0.16819787985865725,nan,32,32
0.26,0.68,True,1424,1415,9,0,0.9936797752808989,0.006320224719101123,0.8318021201413428,1177,238,nan,0,0,0.0,0.16819787985865725,0.16819787985865725,nan,32,32
0.26,0.69,False,1424,1415,9,0,0.9936797752808989,0.006320224719101123,0.8318021201413428,1177,238,nan,0,0,0.0,0.16819787985865725,0.16819787985865725,nan,32,32
0.26,0.69,True,1424,1415,9,0,0.9936797752808989,0.006320224719101123,0.8318021201413428,1177,238,nan,0,0,0.0,0.16819787985865725,0.16819787985865725,nan,32,32
0.26,0.7,False,1424,1415,9,0,0.9936797752808989,0.006320224719101123,0.8318021201413428,1177,238,nan,0,0,0.0,0.16819787985865725,0.16819787985865725,nan,32,32
0.26,0.7,True,1424,1415,9,0,0.9936797752808989,0.006320224719101123,0.8318021201413428,1177,238,nan,0,0,0.0,0.16819787985865725,0.16819787985865725,nan,32,32
0.26,0.71,False,1424,1415,9,0,0.9936797752808989,0.006320224719101123,0.8318021201413428,1177,238,nan,0,0,0.0,0.16819787985865725,0.16819787985865725,nan,32,32
0.26,0.71,True,1424,1415,9,0,0.9936797752808989,0.006320224719101123,0.8318021201413428,1177,238,nan,0,0,0.0,0.16819787985865725,0.16819787985865725,nan,32,32
0.26,0.72,False,1424,1415,9,0,0.9936797752808989,0.006320224719101123,0.8318021201413428,1177,238,nan,0,0,0.0,0.16819787985865725,0.16819787985865725,nan,32,32
0.26,0.72,True,1424,1415,9,0,0.9936797752808989,0.006320224719101123,0.8318021201413428,1177,238,nan,0,0,0.0,0.16819787985865725,0.16819787985865725,nan,32,32
0.26,0.73,False,1424,1415,9,0,0.9936797752808989,0.006320224719101123,0.8318021201413428,1177,238,nan,0,0,0.0,0.16819787985865725,0.16819787985865725,nan,32,32
0.26,0.73,True,1424,1415,9,0,0.9936797752808989,0.006320224719101123,0.8318021201413428,1177,238,nan,0,0,0.0,0.16819787985865725,0.16819787985865725,nan,32,32
0.26,0.74,False,1424,1415,9,0,0.9936797752808989,0.006320224719101123,0.8318021201413428,1177,238,nan,0,0,0.0,0.16819787985865725,0.16819787985865725,nan,32,32
0.26,0.74,True,1424,1415,9,0,0.9936797752808989,0.006320224719101123,0.8318021201413428,1177,238,nan,0,0,0.0,0.16819787985865725,0.16819787985865725,nan,32,32
0.26,0.75,False,1424,1415,9,0,0.9936797752808989,0.006320224719101123,0.8318021201413428,1177,238,nan,0,0,0.0,0.16819787985865725,0.16819787985865725,nan,32,32
0.26,0.75,True,1424,1415,9,0,0.9936797752808989,0.006320224719101123,0.8318021201413428,1177,238,nan,0,0,0.0,0.16819787985865725,0.16819787985865725,nan,32,32
0.26,0.76,False,1424,1415,9,0,0.9936797752808989,0.006320224719101123,0.8318021201413428,1177,238,nan,0,0,0.0,0.16819787985865725,0.16819787985865725,nan,32,32
0.26,0.76,True,1424,1415,9,0,0.9936797752808989,0.006320224719101123,0.8318021201413428,1177,238,nan,0,0,0.0,0.16819787985865725,0.16819787985865725,nan,32,32
0.26,0.77,False,1424,1415,9,0,0.9936797752808989,0.006320224719101123,0.8318021201413428,1177,238,nan,0,0,0.0,0.16819787985865725,0.16819787985865725,nan,32,32
0.26,0.77,True,1424,1415,9,0,0.9936797752808989,0.006320224719101123,0.8318021201413428,1177,238,nan,0,0,0.0,0.16819787985865725,0.16819787985865725,nan,32,32
0.26,0.78,False,1424,1415,9,0,0.9936797752808989,0.006320224719101123,0.8318021201413428,1177,238,nan,0,0,0.0,0.16819787985865725,0.16819787985865725,nan,32,32
0.26,0.78,True,1424,1415,9,0,0.9936797752808989,0.006320224719101123,0.8318021201413428,1177,238,nan,0,0,0.0,0.16819787985865725,0.16819787985865725,nan,32,32
0.26,0.79,False,1424,1415,9,0,0.9936797752808989,0.006320224719101123,0.8318021201413428,1177,238,nan,0,0,0.0,0.16819787985865725,0.16819787985865725,nan,32,32
0.26,0.79,True,1424,1415,9,0,0.9936797752808989,0.006320224719101123,0.8318021201413428,1177,238,nan,0,0,0.0,0.16819787985865725,0.16819787985865725,nan,32,32
0.26,0.8,False,1424,1415,9,0,0.9936797752808989,0.006320224719101123,0.8318021201413428,1177,238,nan,0,0,0.0,0.16819787985865725,0.16819787985865725,nan,32,32
0.26,0.8,True,1424,1415,9,0,0.9936797752808989,0.006320224719101123,0.8318021201413428,1177,238,nan,0,0,0.0,0.16819787985865725,0.16819787985865725,nan,32,32
0.26,0.81,False,1424,1415,9,0,0.9936797752808989,0.006320224719101123,0.8318021201413428,1177,238,nan,0,0,0.0,0.16819787985865725,0.16819787985865725,nan,32,32
0.26,0.81,True,1424,1415,9,0,0.9936797752808989,0.006320224719101123,0.8318021201413428,1177,238,nan,0,0,0.0,0.16819787985865725,0.16819787985865725,nan,32,32
0.26,0.82,False,1424,1415,9,0,0.9936797752808989,0.006320224719101123,0.8318021201413428,1177,238,nan,0,0,0.0,0.16819787985865725,0.16819787985865725,nan,32,32
0.26,0.82,True,1424,1415,9,0,0.9936797752808989,0.006320224719101123,0.8318021201413428,1177,238,nan,0,0,0.0,0.16819787985865725,0.16819787985865725,nan,32,32
0.26,0.83,False,1424,1415,9,0,0.9936797752808989,0.006320224719101123,0.8318021201413428,1177,238,nan,0,0,0.0,0.16819787985865725,0.16819787985865725,nan,32,32
0.26,0.83,True,1424,1415,9,0,0.9936797752808989,0.006320224719101123,0.8318021201413428,1177,238,nan,0,0,0.0,0.16819787985865725,0.16819787985865725,nan,32,32
0.26,0.84,False,1424,1415,9,0,0.9936797752808989,0.006320224719101123,0.8318021201413428,1177,238,nan,0,0,0.0,0.16819787985865725,0.16819787985865725,nan,32,32
0.26,0.84,True,1424,1415,9,0,0.9936797752808989,0.006320224719101123,0.8318021201413428,1177,238,nan,0,0,0.0,0.16819787985865725,0.16819787985865725,nan,32,32
0.26,0.85,False,1424,1415,9,0,0.9936797752808989,0.006320224719101123,0.8318021201413428,1177,238,nan,0,0,0.0,0.16819787985865725,0.16819787985865725,nan,32,32
0.26,0.85,True,1424,1415,9,0,0.9936797752808989,0.006320224719101123,0.8318021201413428,1177,238,nan,0,0,0.0,0.16819787985865725,0.16819787985865725,nan,32,32
0.27,0.28,False,1424,1418,1,5,0.9992977528089888,0.0007022471910112359,0.8314527503526093,1179,239,0.2,1,4,0.004149377593360996,0.17076598735066761,0.16854724964739068,0.8,32,32
0.27,0.28,True,1424,1418,1,5,0.9992977528089888,0.0007022471910112359,0.8314527503526093,1179,239,0.2,1,4,0.004149377593360996,0.17076598735066761,0.16854724964739068,0.8,32,32
0.27,0.29,False,1424,1418,1,5,0.9992977528089888,0.0007022471910112359,0.8314527503526093,1179,239,0.2,1,4,0.004149377593360996,0.17076598735066761,0.16854724964739068,0.8,32,32
0.27,0.29,True,1424,1418,1,5,0.9992977528089888,0.0007022471910112359,0.8314527503526093,1179,239,0.2,1,4,0.004149377593360996,0.17076598735066761,0.16854724964739068,0.8,32,32
0.27,0.3,False,1424,1418,1,5,0.9992977528089888,0.0007022471910112359,0.8314527503526093,1179,239,0.2,1,4,0.004149377593360996,0.17076598735066761,0.16854724964739068,0.8,32,32
0.27,0.3,True,1424,1418,1,5,0.9992977528089888,0.0007022471910112359,0.8314527503526093,1179,239,0.2,1,4,0.004149377593360996,0.17076598735066761,0.16854724964739068,0.8,32,32
0.27,0.31,False,1424,1418,1,5,0.9992977528089888,0.0007022471910112359,0.8314527503526093,1179,239,0.2,1,4,0.004149377593360996,0.17076598735066761,0.16854724964739068,0.8,32,32
0.27,0.31,True,1424,1418,1,5,0.9992977528089888,0.0007022471910112359,0.8314527503526093,1179,239,0.2,1,4,0.004149377593360996,0.17076598735066761,0.16854724964739068,0.8,32,32
0.27,0.32,False,1424,1418,1,5,0.9992977528089888,0.0007022471910112359,0.8314527503526093,1179,239,0.2,1,4,0.004149377593360996,0.17076598735066761,0.16854724964739068,0.8,32,32
0.27,0.32,True,1424,1418,1,5,0.9992977528089888,0.0007022471910112359,0.8314527503526093,1179,239,0.2,1,4,0.004149377593360996,0.17076598735066761,0.16854724964739068,0.8,32,32
0.27,0.33,False,1424,1418,1,5,0.9992977528089888,0.0007022471910112359,0.8314527503526093,1179,239,0.2,1,4,0.004149377593360996,0.17076598735066761,0.16854724964739068,0.8,32,32
0.27,0.33,True,1424,1418,1,5,0.9992977528089888,0.0007022471910112359,0.8314527503526093,1179,239,0.2,1,4,0.004149377593360996,0.17076598735066761,0.16854724964739068,0.8,32,32
0.27,0.34,False,1424,1418,1,5,0.9992977528089888,0.0007022471910112359,0.8314527503526093,1179,239,0.2,1,4,0.004149377593360996,0.17076598735066761,0.16854724964739068,0.8,32,32
0.27,0.34,True,1424,1418,1,5,0.9992977528089888,0.0007022471910112359,0.8314527503526093,1179,239,0.2,1,4,0.004149377593360996,0.17076598735066761,0.16854724964739068,0.8,32,32
0.27,0.35,False,1424,1418,1,5,0.9992977528089888,0.0007022471910112359,0.8314527503526093,1179,239,0.2,1,4,0.004149377593360996,0.17076598735066761,0.16854724964739068,0.8,32,32
0.27,0.35,True,1424,1418,1,5,0.9992977528089888,0.0007022471910112359,0.8314527503526093,1179,239,0.2,1,4,0.004149377593360996,0.17076598735066761,0.16854724964739068,0.8,32,32
0.27,0.36,False,1424,1418,1,5,0.9992977528089888,0.0007022471910112359,0.8314527503526093,1179,239,0.2,1,4,0.004149377593360996,0.17076598735066761,0.16854724964739068,0.8,32,32
0.27,0.36,True,1424,1418,1,5,0.9992977528089888,0.0007022471910112359,0.8314527503526093,1179,239,0.2,1,4,0.004149377593360996,0.17076598735066761,0.16854724964739068,0.8,32,32
0.27,0.37,False,1424,1418,3,3,0.9978932584269663,0.002106741573033708,0.8314527503526093,1179,239,0.3333333333333333,1,2,0.004149377593360996,0.16959887403237156,0.16854724964739068,0.6666666666666666,32,32
0.27,0.37,True,1424,1418,3,3,0.9978932584269663,0.002106741573033708,0.8314527503526093,1179,239,0.3333333333333333,1,2,0.004149377593360996,0.16959887403237156,0.16854724964739068,0.6666666666666666,32,32
0.27,0.38,False,1424,1418,3,3,0.9978932584269663,0.002106741573033708,0.8314527503526093,1179,239,0.3333333333333333,1,2,0.004149377593360996,0.16959887403237156,0.16854724964739068,0.6666666666666666,32,32
0.27,0.38,True,1424,1418,3,3,0.9978932584269663,0.002106741573033708,0.8314527503526093,1179,239,0.3333333333333333,1,2,0.004149377593360996,0.16959887403237156,0.16854724964739068,0.6666666666666666,32,32
0.27,0.39,False,1424,1418,3,3,0.9978932584269663,0.002106741573033708,0.8314527503526093,1179,239,0.3333333333333333,1,2,0.004149377593360996,0.16959887403237156,0.16854724964739068,0.6666666666666666,32,32
0.27,0.39,True,1424,1418,3,3,0.9978932584269663,0.002106741573033708,0.8314527503526093,1179,239,0.3333333333333333,1,2,0.004149377593360996,0.16959887403237156,0.16854724964739068,0.6666666666666666,32,32
0.27,0.4,False,1424,1418,3,3,0.9978932584269663,0.002106741573033708,0.8314527503526093,1179,239,0.3333333333333333,1,2,0.004149377593360996,0.16959887403237156,0.16854724964739068,0.6666666666666666,32,32
0.27,0.4,True,1424,1418,3,3,0.9978932584269663,0.002106741573033708,0.8314527503526093,1179,239,0.3333333333333333,1,2,0.004149377593360996,0.16959887403237156,0.16854724964739068,0.6666666666666666,32,32
0.27,0.41,False,1424,1418,4,2,0.9971910112359551,0.0028089887640449437,0.8314527503526093,1179,239,0.0,0,2,0.0,0.16971830985915493,0.16854724964739068,1.0,32,32
0.27,0.41,True,1424,1418,4,2,0.9971910112359551,0.0028089887640449437,0.8314527503526093,1179,239,0.0,0,2,0.0,0.16971830985915493,0.16854724964739068,1.0,32,32
0.27,0.42,False,1424,1418,5,1,0.9964887640449438,0.0035112359550561797,0.8314527503526093,1179,239,0.0,0,1,0.0,0.16913319238900634,0.16854724964739068,1.0,32,32
0.27,0.42,True,1424,1418,5,1,0.9964887640449438,0.0035112359550561797,0.8314527503526093,1179,239,0.0,0,1,0.0,0.16913319238900634,0.16854724964739068,1.0,32,32
0.27,0.43,False,1424,1418,5,1,0.9964887640449438,0.0035112359550561797,0.8314527503526093,1179,239,0.0,0,1,0.0,0.16913319238900634,0.16854724964739068,1.0,32,32
0.27,0.43,True,1424,1418,5,1,0.9964887640449438,0.0035112359550561797,0.8314527503526093,1179,239,0.0,0,1,0.0,0.16913319238900634,0.16854724964739068,1.0,32,32
0.27,0.44,False,1424,1418,5,1,0.9964887640449438,0.0035112359550561797,0.8314527503526093,1179,239,0.0,0,1,0.0,0.16913319238900634,0.16854724964739068,1.0,32,32
0.27,0.44,True,1424,1418,5,1,0.9964887640449438,0.0035112359550561797,0.8314527503526093,1179,239,0.0,0,1,0.0,0.16913319238900634,0.16854724964739068,1.0,32,32
0.27,0.45,False,1424,1418,5,1,0.9964887640449438,0.0035112359550561797,0.8314527503526093,1179,239,0.0,0,1,0.0,0.16913319238900634,0.16854724964739068,1.0,32,32
0.27,0.45,True,1424,1418,5,1,0.9964887640449438,0.0035112359550561797,0.8314527503526093,1179,239,0.0,0,1,0.0,0.16913319238900634,0.16854724964739068,1.0,32,32
0.27,0.46,False,1424,1418,5,1,0.9964887640449438,0.0035112359550561797,0.8314527503526093,1179,239,0.0,0,1,0.0,0.16913319238900634,0.16854724964739068,1.0,32,32
0.27,0.46,True,1424,1418,5,1,0.9964887640449438,0.0035112359550561797,0.8314527503526093,1179,239,0.0,0,1,0.0,0.16913319238900634,0.16854724964739068,1.0,32,32
0.27,0.47,False,1424,1418,5,1,0.9964887640449438,0.0035112359550561797,0.8314527503526093,1179,239,0.0,0,1,0.0,0.16913319238900634,0.16854724964739068,1.0,32,32
0.27,0.47,True,1424,1418,5,1,0.9964887640449438,0.0035112359550561797,0.8314527503526093,1179,239,0.0,0,1,0.0,0.16913319238900634,0.16854724964739068,1.0,32,32
0.27,0.48,False,1424,1418,5,1,0.9964887640449438,0.0035112359550561797,0.8314527503526093,1179,239,0.0,0,1,0.0,0.16913319238900634,0.16854724964739068,1.0,32,32
0.27,0.48,True,1424,1418,5,1,0.9964887640449438,0.0035112359550561797,0.8314527503526093,1179,239,0.0,0,1,0.0,0.16913319238900634,0.16854724964739068,1.0,32,32
0.27,0.49,False,1424,1418,5,1,0.9964887640449438,0.0035112359550561797,0.8314527503526093,1179,239,0.0,0,1,0.0,0.16913319238900634,0.16854724964739068,1.0,32,32
0.27,0.49,True,1424,1418,5,1,0.9964887640449438,0.0035112359550561797,0.8314527503526093,1179,239,0.0,0,1,0.0,0.16913319238900634,0.16854724964739068,1.0,32,32
0.27,0.5,False,1424,1418,5,1,0.9964887640449438,0.0035112359550561797,0.8314527503526093,1179,239,0.0,0,1,0.0,0.16913319238900634,0.16854724964739068,1.0,32,32
0.27,0.5,True,1424,1418,5,1,0.9964887640449438,0.0035112359550561797,0.8314527503526093,1179,239,0.0,0,1,0.0,0.16913319238900634,0.16854724964739068,1.0,32,32
0.27,0.51,False,1424,1418,5,1,0.9964887640449438,0.0035112359550561797,0.8314527503526093,1179,239,0.0,0,1,0.0,0.16913319238900634,0.16854724964739068,1.0,32,32
0.27,0.51,True,1424,1418,5,1,0.9964887640449438,0.0035112359550561797,0.8314527503526093,1179,239,0.0,0,1,0.0,0.16913319238900634,0.16854724964739068,1.0,32,32
0.27,0.52,False,1424,1418,5,1,0.9964887640449438,0.0035112359550561797,0.8314527503526093,1179,239,0.0,0,1,0.0,0.16913319238900634,0.16854724964739068,1.0,32,32
0.27,0.52,True,1424,1418,5,1,0.9964887640449438,0.0035112359550561797,0.8314527503526093,1179,239,0.0,0,1,0.0,0.16913319238900634,0.16854724964739068,1.0,32,32
0.27,0.53,False,1424,1418,5,1,0.9964887640449438,0.0035112359550561797,0.8314527503526093,1179,239,0.0,0,1,0.0,0.16913319238900634,0.16854724964739068,1.0,32,32
0.27,0.53,True,1424,1418,5,1,0.9964887640449438,0.0035112359550561797,0.8314527503526093,1179,239,0.0,0,1,0.0,0.16913319238900634,0.16854724964739068,1.0,32,32
0.27,0.54,False,1424,1418,5,1,0.9964887640449438,0.0035112359550561797,0.8314527503526093,1179,239,0.0,0,1,0.0,0.16913319238900634,0.16854724964739068,1.0,32,32
0.27,0.54,True,1424,1418,5,1,0.9964887640449438,0.0035112359550561797,0.8314527503526093,1179,239,0.0,0,1,0.0,0.16913319238900634,0.16854724964739068,1.0,32,32
0.27,0.55,False,1424,1418,5,1,0.9964887640449438,0.0035112359550561797,0.8314527503526093,1179,239,0.0,0,1,0.0,0.16913319238900634,0.16854724964739068,1.0,32,32
0.27,0.55,True,1424,1418,5,1,0.9964887640449438,0.0035112359550561797,0.8314527503526093,1179,239,0.0,0,1,0.0,0.16913319238900634,0.16854724964739068,1.0,32,32
0.27,0.56,False,1424,1418,5,1,0.9964887640449438,0.0035112359550561797,0.8314527503526093,1179,239,0.0,0,1,0.0,0.16913319238900634,0.16854724964739068,1.0,32,32
0.27,0.56,True,1424,1418,5,1,0.9964887640449438,0.0035112359550561797,0.8314527503526093,1179,239,0.0,0,1,0.0,0.16913319238900634,0.16854724964739068,1.0,32,32
0.27,0.57,False,1424,1418,5,1,0.9964887640449438,0.0035112359550561797,0.8314527503526093,1179,239,0.0,0,1,0.0,0.16913319238900634,0.16854724964739068,1.0,32,32
0.27,0.57,True,1424,1418,5,1,0.9964887640449438,0.0035112359550561797,0.8314527503526093,1179,239,0.0,0,1,0.0,0.16913319238900634,0.16854724964739068,1.0,32,32
0.27,0.58,False,1424,1418,5,1,0.9964887640449438,0.0035112359550561797,0.8314527503526093,1179,239,0.0,0,1,0.0,0.16913319238900634,0.16854724964739068,1.0,32,32
0.27,0.58,True,1424,1418,5,1,0.9964887640449438,0.0035112359550561797,0.8314527503526093,1179,239,0.0,0,1,0.0,0.16913319238900634,0.16854724964739068,1.0,32,32
0.27,0.59,False,1424,1418,5,1,0.9964887640449438,0.0035112359550561797,0.8314527503526093,1179,239,0.0,0,1,0.0,0.16913319238900634,0.16854724964739068,1.0,32,32
0.27,0.59,True,1424,1418,5,1,0.9964887640449438,0.0035112359550561797,0.8314527503526093,1179,239,0.0,0,1,0.0,0.16913319238900634,0.16854724964739068,1.0,32,32
0.27,0.6,False,1424,1418,5,1,0.9964887640449438,0.0035112359550561797,0.8314527503526093,1179,239,0.0,0,1,0.0,0.16913319238900634,0.16854724964739068,1.0,32,32
0.27,0.6,True,1424,1418,5,1,0.9964887640449438,0.0035112359550561797,0.8314527503526093,1179,239,0.0,0,1,0.0,0.16913319238900634,0.16854724964739068,1.0,32,32
0.27,0.61,False,1424,1418,5,1,0.9964887640449438,0.0035112359550561797,0.8314527503526093,1179,239,0.0,0,1,0.0,0.16913319238900634,0.16854724964739068,1.0,32,32
0.27,0.61,True,1424,1418,5,1,0.9964887640449438,0.0035112359550561797,0.8314527503526093,1179,239,0.0,0,1,0.0,0.16913319238900634,0.16854724964739068,1.0,32,32
0.27,0.62,False,1424,1418,5,1,0.9964887640449438,0.0035112359550561797,0.8314527503526093,1179,239,0.0,0,1,0.0,0.16913319238900634,0.16854724964739068,1.0,32,32
0.27,0.62,True,1424,1418,5,1,0.9964887640449438,0.0035112359550561797,0.8314527503526093,1179,239,0.0,0,1,0.0,0.16913319238900634,0.16854724964739068,1.0,32,32
0.27,0.63,False,1424,1418,5,1,0.9964887640449438,0.0035112359550561797,0.8314527503526093,1179,239,0.0,0,1,0.0,0.16913319238900634,0.16854724964739068,1.0,32,32
0.27,0.63,True,1424,1418,5,1,0.9964887640449438,0.0035112359550561797,0.8314527503526093,1179,239,0.0,0,1,0.0,0.16913319238900634,0.16854724964739068,1.0,32,32
0.27,0.64,False,1424,1418,5,1,0.9964887640449438,0.0035112359550561797,0.8314527503526093,1179,239,0.0,0,1,0.0,0.16913319238900634,0.16854724964739068,1.0,32,32
0.27,0.64,True,1424,1418,5,1,0.9964887640449438,0.0035112359550561797,0.8314527503526093,1179,239,0.0,0,1,0.0,0.16913319238900634,0.16854724964739068,1.0,32,32
0.27,0.65,False,1424,1418,5,1,0.9964887640449438,0.0035112359550561797,0.8314527503526093,1179,239,0.0,0,1,0.0,0.16913319238900634,0.16854724964739068,1.0,32,32
0.27,0.65,True,1424,1418,5,1,0.9964887640449438,0.0035112359550561797,0.8314527503526093,1179,239,0.0,0,1,0.0,0.16913319238900634,0.16854724964739068,1.0,32,32
0.27,0.66,False,1424,1418,6,0,0.9957865168539326,0.004213483146067416,0.8314527503526093,1179,239,nan,0,0,0.0,0.16854724964739068,0.16854724964739068,nan,32,32
0.27,0.66,True,1424,1418,6,0,0.9957865168539326,0.004213483146067416,0.8314527503526093,1179,239,nan,0,0,0.0,0.16854724964739068,0.16854724964739068,nan,32,32
0.27,0.67,False,1424,1418,6,0,0.9957865168539326,0.004213483146067416,0.8314527503526093,1179,239,nan,0,0,0.0,0.16854724964739068,0.16854724964739068,nan,32,32
0.27,0.67,True,1424,1418,6,0,0.9957865168539326,0.004213483146067416,0.8314527503526093,1179,239,nan,0,0,0.0,0.16854724964739068,0.16854724964739068,nan,32,32
0.27,0.68,False,1424,1418,6,0,0.9957865168539326,0.004213483146067416,0.8314527503526093,1179,239,nan,0,0,0.0,0.16854724964739068,0.16854724964739068,nan,32,32
0.27,0.68,True,1424,1418,6,0,0.9957865168539326,0.004213483146067416,0.8314527503526093,1179,239,nan,0,0,0.0,0.16854724964739068,0.16854724964739068,nan,32,32
0.27,0.69,False,1424,1418,6,0,0.9957865168539326,0.004213483146067416,0.8314527503526093,1179,239,nan,0,0,0.0,0.16854724964739068,0.16854724964739068,nan,32,32
0.27,0.69,True,1424,1418,6,0,0.9957865168539326,0.004213483146067416,0.8314527503526093,1179,239,nan,0,0,0.0,0.16854724964739068,0.16854724964739068,nan,32,32
0.27,0.7,False,1424,1418,6,0,0.9957865168539326,0.004213483146067416,0.8314527503526093,1179,239,nan,0,0,0.0,0.16854724964739068,0.16854724964739068,nan,32,32
0.27,0.7,True,1424,1418,6,0,0.9957865168539326,0.004213483146067416,0.8314527503526093,1179,239,nan,0,0,0.0,0.16854724964739068,0.16854724964739068,nan,32,32
0.27,0.71,False,1424,1418,6,0,0.9957865168539326,0.004213483146067416,0.8314527503526093,1179,239,nan,0,0,0.0,0.16854724964739068,0.16854724964739068,nan,32,32
0.27,0.71,True,1424,1418,6,0,0.9957865168539326,0.004213483146067416,0.8314527503526093,1179,239,nan,0,0,0.0,0.16854724964739068,0.16854724964739068,nan,32,32
0.27,0.72,False,1424,1418,6,0,0.9957865168539326,0.004213483146067416,0.8314527503526093,1179,239,nan,0,0,0.0,0.16854724964739068,0.16854724964739068,nan,32,32
0.27,0.72,True,1424,1418,6,0,0.9957865168539326,0.004213483146067416,0.8314527503526093,1179,239,nan,0,0,0.0,0.16854724964739068,0.16854724964739068,nan,32,32
0.27,0.73,False,1424,1418,6,0,0.9957865168539326,0.004213483146067416,0.8314527503526093,1179,239,nan,0,0,0.0,0.16854724964739068,0.16854724964739068,nan,32,32
0.27,0.73,True,1424,1418,6,0,0.9957865168539326,0.004213483146067416,0.8314527503526093,1179,239,nan,0,0,0.0,0.16854724964739068,0.16854724964739068,nan,32,32
0.27,0.74,False,1424,1418,6,0,0.9957865168539326,0.004213483146067416,0.8314527503526093,1179,239,nan,0,0,0.0,0.16854724964739068,0.16854724964739068,nan,32,32
0.27,0.74,True,1424,1418,6,0,0.9957865168539326,0.004213483146067416,0.8314527503526093,1179,239,nan,0,0,0.0,0.16854724964739068,0.16854724964739068,nan,32,32
0.27,0.75,False,1424,1418,6,0,0.9957865168539326,0.004213483146067416,0.8314527503526093,1179,239,nan,0,0,0.0,0.16854724964739068,0.16854724964739068,nan,32,32
0.27,0.75,True,1424,1418,6,0,0.9957865168539326,0.004213483146067416,0.8314527503526093,1179,239,nan,0,0,0.0,0.16854724964739068,0.16854724964739068,nan,32,32
0.27,0.76,False,1424,1418,6,0,0.9957865168539326,0.004213483146067416,0.8314527503526093,1179,239,nan,0,0,0.0,0.16854724964739068,0.16854724964739068,nan,32,32
0.27,0.76,True,1424,1418,6,0,0.9957865168539326,0.004213483146067416,0.8314527503526093,1179,239,nan,0,0,0.0,0.16854724964739068,0.16854724964739068,nan,32,32
0.27,0.77,False,1424,1418,6,0,0.9957865168539326,0.004213483146067416,0.8314527503526093,1179,239,nan,0,0,0.0,0.16854724964739068,0.16854724964739068,nan,32,32
0.27,0.77,True,1424,1418,6,0,0.9957865168539326,0.004213483146067416,0.8314527503526093,1179,239,nan,0,0,0.0,0.16854724964739068,0.16854724964739068,nan,32,32
0.27,0.78,False,1424,1418,6,0,0.9957865168539326,0.004213483146067416,0.8314527503526093,1179,239,nan,0,0,0.0,0.16854724964739068,0.16854724964739068,nan,32,32
0.27,0.78,True,1424,1418,6,0,0.9957865168539326,0.004213483146067416,0.8314527503526093,1179,239,nan,0,0,0.0,0.16854724964739068,0.16854724964739068,nan,32,32
0.27,0.79,False,1424,1418,6,0,0.9957865168539326,0.004213483146067416,0.8314527503526093,1179,239,nan,0,0,0.0,0.16854724964739068,0.16854724964739068,nan,32,32
0.27,0.79,True,1424,1418,6,0,0.9957865168539326,0.004213483146067416,0.8314527503526093,1179,239,nan,0,0,0.0,0.16854724964739068,0.16854724964739068,nan,32,32
0.27,0.8,False,1424,1418,6,0,0.9957865168539326,0.004213483146067416,0.8314527503526093,1179,239,nan,0,0,0.0,0.16854724964739068,0.16854724964739068,nan,32,32
0.27,0.8,True,1424,1418,6,0,0.9957865168539326,0.004213483146067416,0.8314527503526093,1179,239,nan,0,0,0.0,0.16854724964739068,0.16854724964739068,nan,32,32
0.27,0.81,False,1424,1418,6,0,0.9957865168539326,0.004213483146067416,0.8314527503526093,1179,239,nan,0,0,0.0,0.16854724964739068,0.16854724964739068,nan,32,32
0.27,0.81,True,1424,1418,6,0,0.9957865168539326,0.004213483146067416,0.8314527503526093,1179,239,nan,0,0,0.0,0.16854724964739068,0.16854724964739068,nan,32,32
0.27,0.82,False,1424,1418,6,0,0.9957865168539326,0.004213483146067416,0.8314527503526093,1179,239,nan,0,0,0.0,0.16854724964739068,0.16854724964739068,nan,32,32
0.27,0.82,True,1424,1418,6,0,0.9957865168539326,0.004213483146067416,0.8314527503526093,1179,239,nan,0,0,0.0,0.16854724964739068,0.16854724964739068,nan,32,32
0.27,0.83,False,1424,1418,6,0,0.9957865168539326,0.004213483146067416,0.8314527503526093,1179,239,nan,0,0,0.0,0.16854724964739068,0.16854724964739068,nan,32,32
0.27,0.83,True,1424,1418,6,0,0.9957865168539326,0.004213483146067416,0.8314527503526093,1179,239,nan,0,0,0.0,0.16854724964739068,0.16854724964739068,nan,32,32
0.27,0.84,False,1424,1418,6,0,0.9957865168539326,0.004213483146067416,0.8314527503526093,1179,239,nan,0,0,0.0,0.16854724964739068,0.16854724964739068,nan,32,32
0.27,0.84,True,1424,1418,6,0,0.9957865168539326,0.004213483146067416,0.8314527503526093,1179,239,nan,0,0,0.0,0.16854724964739068,0.16854724964739068,nan,32,32
0.27,0.85,False,1424,1418,6,0,0.9957865168539326,0.004213483146067416,0.8314527503526093,1179,239,nan,0,0,0.0,0.16854724964739068,0.16854724964739068,nan,32,32
0.27,0.85,True,1424,1418,6,0,0.9957865168539326,0.004213483146067416,0.8314527503526093,1179,239,nan,0,0,0.0,0.16854724964739068,0.16854724964739068,nan,32,32
0.28,0.29,False,1424,1419,0,5,1.0,0.0,0.8308668076109936,1179,240,0.2,1,4,0.004149377593360996,0.17134831460674158,0.16913319238900634,0.8,32,32
0.28,0.29,True,1424,1419,0,5,1.0,0.0,0.8308668076109936,1179,240,0.2,1,4,0.004149377593360996,0.17134831460674158,0.16913319238900634,0.8,32,32
0.28,0.3,False,1424,1419,0,5,1.0,0.0,0.8308668076109936,1179,240,0.2,1,4,0.004149377593360996,0.17134831460674158,0.16913319238900634,0.8,32,32
0.28,0.3,True,1424,1419,0,5,1.0,0.0,0.8308668076109936,1179,240,0.2,1,4,0.004149377593360996,0.17134831460674158,0.16913319238900634,0.8,32,32
0.28,0.31,False,1424,1419,0,5,1.0,0.0,0.8308668076109936,1179,240,0.2,1,4,0.004149377593360996,0.17134831460674158,0.16913319238900634,0.8,32,32
0.28,0.31,True,1424,1419,0,5,1.0,0.0,0.8308668076109936,1179,240,0.2,1,4,0.004149377593360996,0.17134831460674158,0.16913319238900634,0.8,32,32
0.28,0.32,False,1424,1419,0,5,1.0,0.0,0.8308668076109936,1179,240,0.2,1,4,0.004149377593360996,0.17134831460674158,0.16913319238900634,0.8,32,32
0.28,0.32,True,1424,1419,0,5,1.0,0.0,0.8308668076109936,1179,240,0.2,1,4,0.004149377593360996,0.17134831460674158,0.16913319238900634,0.8,32,32
0.28,0.33,False,1424,1419,0,5,1.0,0.0,0.8308668076109936,1179,240,0.2,1,4,0.004149377593360996,0.17134831460674158,0.16913319238900634,0.8,32,32
0.28,0.33,True,1424,1419,0,5,1.0,0.0,0.8308668076109936,1179,240,0.2,1,4,0.004149377593360996,0.17134831460674158,0.16913319238900634,0.8,32,32
0.28,0.34,False,1424,1419,0,5,1.0,0.0,0.8308668076109936,1179,240,0.2,1,4,0.004149377593360996,0.17134831460674158,0.16913319238900634,0.8,32,32
0.28,0.34,True,1424,1419,0,5,1.0,0.0,0.8308668076109936,1179,240,0.2,1,4,0.004149377593360996,0.17134831460674158,0.16913319238900634,0.8,32,32
0.28,0.35,False,1424,1419,0,5,1.0,0.0,0.8308668076109936,1179,240,0.2,1,4,0.004149377593360996,0.17134831460674158,0.16913319238900634,0.8,32,32
0.28,0.35,True,1424,1419,0,5,1.0,0.0,0.8308668076109936,1179,240,0.2,1,4,0.004149377593360996,0.17134831460674158,0.16913319238900634,0.8,32,32
0.28,0.36,False,1424,1419,0,5,1.0,0.0,0.8308668076109936,1179,240,0.2,1,4,0.004149377593360996,0.17134831460674158,0.16913319238900634,0.8,32,32
0.28,0.36,True,1424,1419,0,5,1.0,0.0,0.8308668076109936,1179,240,0.2,1,4,0.004149377593360996,0.17134831460674158,0.16913319238900634,0.8,32,32
0.28,0.37,False,1424,1419,2,3,0.9985955056179775,0.0014044943820224719,0.8308668076109936,1179,240,0.3333333333333333,1,2,0.004149377593360996,0.170182841068917,0.16913319238900634,0.6666666666666666,32,32
0.28,0.37,True,1424,1419,2,3,0.9985955056179775,0.0014044943820224719,0.8308668076109936,1179,240,0.3333333333333333,1,2,0.004149377593360996,0.170182841068917,0.16913319238900634,0.6666666666666666,32,32
0.28,0.38,False,1424,1419,2,3,0.9985955056179775,0.0014044943820224719,0.8308668076109936,1179,240,0.3333333333333333,1,2,0.004149377593360996,0.170182841068917,0.16913319238900634,0.6666666666666666,32,32
0.28,0.38,True,1424,1419,2,3,0.9985955056179775,0.0014044943820224719,0.8308668076109936,1179,240,0.3333333333333333,1,2,0.004149377593360996,0.170182841068917,0.16913319238900634,0.6666666666666666,32,32
0.28,0.39,False,1424,1419,2,3,0.9985955056179775,0.0014044943820224719,0.8308668076109936,1179,240,0.3333333333333333,1,2,0.004149377593360996,0.170182841068917,0.16913319238900634,0.6666666666666666,32,32
0.28,0.39,True,1424,1419,2,3,0.9985955056179775,0.0014044943820224719,0.8308668076109936,1179,240,0.3333333333333333,1,2,0.004149377593360996,0.170182841068917,0.16913319238900634,0.6666666666666666,32,32
0.28,0.4,False,1424,1419,2,3,0.9985955056179775,0.0014044943820224719,0.8308668076109936,1179,240,0.3333333333333333,1,2,0.004149377593360996,0.170182841068917,0.16913319238900634,0.6666666666666666,32,32
0.28,0.4,True,1424,1419,2,3,0.9985955056179775,0.0014044943820224719,0.8308668076109936,1179,240,0.3333333333333333,1,2,0.004149377593360996,0.170182841068917,0.16913319238900634,0.6666666666666666,32,32
0.28,0.41,False,1424,1419,3,2,0.9978932584269663,0.002106741573033708,0.8308668076109936,1179,240,0.0,0,2,0.0,0.17030260380014076,0.16913319238900634,1.0,32,32
0.28,0.41,True,1424,1419,3,2,0.9978932584269663,0.002106741573033708,0.8308668076109936,1179,240,0.0,0,2,0.0,0.17030260380014076,0.16913319238900634,1.0,32,32
0.28,0.42,False,1424,1419,4,1,0.9971910112359551,0.0028089887640449437,0.8308668076109936,1179,240,0.0,0,1,0.0,0.16971830985915493,0.16913319238900634,1.0,32,32
0.28,0.42,True,1424,1419,4,1,0.9971910112359551,0.0028089887640449437,0.8308668076109936,1179,240,0.0,0,1,0.0,0.16971830985915493,0.16913319238900634,1.0,32,32
0.28,0.43,False,1424,1419,4,1,0.9971910112359551,0.0028089887640449437,0.8308668076109936,1179,240,0.0,0,1,0.0,0.16971830985915493,0.16913319238900634,1.0,32,32
0.28,0.43,True,1424,1419,4,1,0.9971910112359551,0.0028089887640449437,0.8308668076109936,1179,240,0.0,0,1,0.0,0.16971830985915493,0.16913319238900634,1.0,32,32
0.28,0.44,False,1424,1419,4,1,0.9971910112359551,0.0028089887640449437,0.8308668076109936,1179,240,0.0,0,1,0.0,0.16971830985915493,0.16913319238900634,1.0,32,32
0.28,0.44,True,1424,1419,4,1,0.9971910112359551,0.0028089887640449437,0.8308668076109936,1179,240,0.0,0,1,0.0,0.16971830985915493,0.16913319238900634,1.0,32,32
0.28,0.45,False,1424,1419,4,1,0.9971910112359551,0.0028089887640449437,0.8308668076109936,1179,240,0.0,0,1,0.0,0.16971830985915493,0.16913319238900634,1.0,32,32
0.28,0.45,True,1424,1419,4,1,0.9971910112359551,0.0028089887640449437,0.8308668076109936,1179,240,0.0,0,1,0.0,0.16971830985915493,0.16913319238900634,1.0,32,32
0.28,0.46,False,1424,1419,4,1,0.9971910112359551,0.0028089887640449437,0.8308668076109936,1179,240,0.0,0,1,0.0,0.16971830985915493,0.16913319238900634,1.0,32,32
0.28,0.46,True,1424,1419,4,1,0.9971910112359551,0.0028089887640449437,0.8308668076109936,1179,240,0.0,0,1,0.0,0.16971830985915493,0.16913319238900634,1.0,32,32
0.28,0.47,False,1424,1419,4,1,0.9971910112359551,0.0028089887640449437,0.8308668076109936,1179,240,0.0,0,1,0.0,0.16971830985915493,0.16913319238900634,1.0,32,32
0.28,0.47,True,1424,1419,4,1,0.9971910112359551,0.0028089887640449437,0.8308668076109936,1179,240,0.0,0,1,0.0,0.16971830985915493,0.16913319238900634,1.0,32,32
0.28,0.48,False,1424,1419,4,1,0.9971910112359551,0.0028089887640449437,0.8308668076109936,1179,240,0.0,0,1,0.0,0.16971830985915493,0.16913319238900634,1.0,32,32
0.28,0.48,True,1424,1419,4,1,0.9971910112359551,0.0028089887640449437,0.8308668076109936,1179,240,0.0,0,1,0.0,0.16971830985915493,0.16913319238900634,1.0,32,32
0.28,0.49,False,1424,1419,4,1,0.9971910112359551,0.0028089887640449437,0.8308668076109936,1179,240,0.0,0,1,0.0,0.16971830985915493,0.16913319238900634,1.0,32,32
0.28,0.49,True,1424,1419,4,1,0.9971910112359551,0.0028089887640449437,0.8308668076109936,1179,240,0.0,0,1,0.0,0.16971830985915493,0.16913319238900634,1.0,32,32
0.28,0.5,False,1424,1419,4,1,0.9971910112359551,0.0028089887640449437,0.8308668076109936,1179,240,0.0,0,1,0.0,0.16971830985915493,0.16913319238900634,1.0,32,32
0.28,0.5,True,1424,1419,4,1,0.9971910112359551,0.0028089887640449437,0.8308668076109936,1179,240,0.0,0,1,0.0,0.16971830985915493,0.16913319238900634,1.0,32,32
0.28,0.51,False,1424,1419,4,1,0.9971910112359551,0.0028089887640449437,0.8308668076109936,1179,240,0.0,0,1,0.0,0.16971830985915493,0.16913319238900634,1.0,32,32
0.28,0.51,True,1424,1419,4,1,0.9971910112359551,0.0028089887640449437,0.8308668076109936,1179,240,0.0,0,1,0.0,0.16971830985915493,0.16913319238900634,1.0,32,32
0.28,0.52,False,1424,1419,4,1,0.9971910112359551,0.0028089887640449437,0.8308668076109936,1179,240,0.0,0,1,0.0,0.16971830985915493,0.16913319238900634,1.0,32,32
0.28,0.52,True,1424,1419,4,1,0.9971910112359551,0.0028089887640449437,0.8308668076109936,1179,240,0.0,0,1,0.0,0.16971830985915493,0.16913319238900634,1.0,32,32
0.28,0.53,False,1424,1419,4,1,0.9971910112359551,0.0028089887640449437,0.8308668076109936,1179,240,0.0,0,1,0.0,0.16971830985915493,0.16913319238900634,1.0,32,32
0.28,0.53,True,1424,1419,4,1,0.9971910112359551,0.0028089887640449437,0.8308668076109936,1179,240,0.0,0,1,0.0,0.16971830985915493,0.16913319238900634,1.0,32,32
0.28,0.54,False,1424,1419,4,1,0.9971910112359551,0.0028089887640449437,0.8308668076109936,1179,240,0.0,0,1,0.0,0.16971830985915493,0.16913319238900634,1.0,32,32
0.28,0.54,True,1424,1419,4,1,0.9971910112359551,0.0028089887640449437,0.8308668076109936,1179,240,0.0,0,1,0.0,0.16971830985915493,0.16913319238900634,1.0,32,32
0.28,0.55,False,1424,1419,4,1,0.9971910112359551,0.0028089887640449437,0.8308668076109936,1179,240,0.0,0,1,0.0,0.16971830985915493,0.16913319238900634,1.0,32,32
0.28,0.55,True,1424,1419,4,1,0.9971910112359551,0.0028089887640449437,0.8308668076109936,1179,240,0.0,0,1,0.0,0.16971830985915493,0.16913319238900634,1.0,32,32
0.28,0.56,False,1424,1419,4,1,0.9971910112359551,0.0028089887640449437,0.8308668076109936,1179,240,0.0,0,1,0.0,0.16971830985915493,0.16913319238900634,1.0,32,32
0.28,0.56,True,1424,1419,4,1,0.9971910112359551,0.0028089887640449437,0.8308668076109936,1179,240,0.0,0,1,0.0,0.16971830985915493,0.16913319238900634,1.0,32,32
0.28,0.57,False,1424,1419,4,1,0.9971910112359551,0.0028089887640449437,0.8308668076109936,1179,240,0.0,0,1,0.0,0.16971830985915493,0.16913319238900634,1.0,32,32
0.28,0.57,True,1424,1419,4,1,0.9971910112359551,0.0028089887640449437,0.8308668076109936,1179,240,0.0,0,1,0.0,0.16971830985915493,0.16913319238900634,1.0,32,32
0.28,0.58,False,1424,1419,4,1,0.9971910112359551,0.0028089887640449437,0.8308668076109936,1179,240,0.0,0,1,0.0,0.16971830985915493,0.16913319238900634,1.0,32,32
0.28,0.58,True,1424,1419,4,1,0.9971910112359551,0.0028089887640449437,0.8308668076109936,1179,240,0.0,0,1,0.0,0.16971830985915493,0.16913319238900634,1.0,32,32
0.28,0.59,False,1424,1419,4,1,0.9971910112359551,0.0028089887640449437,0.8308668076109936,1179,240,0.0,0,1,0.0,0.16971830985915493,0.16913319238900634,1.0,32,32
0.28,0.59,True,1424,1419,4,1,0.9971910112359551,0.0028089887640449437,0.8308668076109936,1179,240,0.0,0,1,0.0,0.16971830985915493,0.16913319238900634,1.0,32,32
0.28,0.6,False,1424,1419,4,1,0.9971910112359551,0.0028089887640449437,0.8308668076109936,1179,240,0.0,0,1,0.0,0.16971830985915493,0.16913319238900634,1.0,32,32
0.28,0.6,True,1424,1419,4,1,0.9971910112359551,0.0028089887640449437,0.8308668076109936,1179,240,0.0,0,1,0.0,0.16971830985915493,0.16913319238900634,1.0,32,32
0.28,0.61,False,1424,1419,4,1,0.9971910112359551,0.0028089887640449437,0.8308668076109936,1179,240,0.0,0,1,0.0,0.16971830985915493,0.16913319238900634,1.0,32,32
0.28,0.61,True,1424,1419,4,1,0.9971910112359551,0.0028089887640449437,0.8308668076109936,1179,240,0.0,0,1,0.0,0.16971830985915493,0.16913319238900634,1.0,32,32
0.28,0.62,False,1424,1419,4,1,0.9971910112359551,0.0028089887640449437,0.8308668076109936,1179,240,0.0,0,1,0.0,0.16971830985915493,0.16913319238900634,1.0,32,32
0.28,0.62,True,1424,1419,4,1,0.9971910112359551,0.0028089887640449437,0.8308668076109936,1179,240,0.0,0,1,0.0,0.16971830985915493,0.16913319238900634,1.0,32,32
0.28,0.63,False,1424,1419,4,1,0.9971910112359551,0.0028089887640449437,0.8308668076109936,1179,240,0.0,0,1,0.0,0.16971830985915493,0.16913319238900634,1.0,32,32
0.28,0.63,True,1424,1419,4,1,0.9971910112359551,0.0028089887640449437,0.8308668076109936,1179,240,0.0,0,1,0.0,0.16971830985915493,0.16913319238900634,1.0,32,32
0.28,0.64,False,1424,1419,4,1,0.9971910112359551,0.0028089887640449437,0.8308668076109936,1179,240,0.0,0,1,0.0,0.16971830985915493,0.16913319238900634,1.0,32,32
0.28,0.64,True,1424,1419,4,1,0.9971910112359551,0.0028089887640449437,0.8308668076109936,1179,240,0.0,0,1,0.0,0.16971830985915493,0.16913319238900634,1.0,32,32
0.28,0.65,False,1424,1419,4,1,0.9971910112359551,0.0028089887640449437,0.8308668076109936,1179,240,0.0,0,1,0.0,0.16971830985915493,0.16913319238900634,1.0,32,32
0.28,0.65,True,1424,1419,4,1,0.9971910112359551,0.0028089887640449437,0.8308668076109936,1179,240,0.0,0,1,0.0,0.16971830985915493,0.16913319238900634,1.0,32,32
0.28,0.66,False,1424,1419,5,0,0.9964887640449438,0.0035112359550561797,0.8308668076109936,1179,240,nan,0,0,0.0,0.16913319238900634,0.16913319238900634,nan,32,32
0.28,0.66,True,1424,1419,5,0,0.9964887640449438,0.0035112359550561797,0.8308668076109936,1179,240,nan,0,0,0.0,0.16913319238900634,0.16913319238900634,nan,32,32
0.28,0.67,False,1424,1419,5,0,0.9964887640449438,0.0035112359550561797,0.8308668076109936,1179,240,nan,0,0,0.0,0.16913319238900634,0.16913319238900634,nan,32,32
0.28,0.67,True,1424,1419,5,0,0.9964887640449438,0.0035112359550561797,0.8308668076109936,1179,240,nan,0,0,0.0,0.16913319238900634,0.16913319238900634,nan,32,32
0.28,0.68,False,1424,1419,5,0,0.9964887640449438,0.0035112359550561797,0.8308668076109936,1179,240,nan,0,0,0.0,0.16913319238900634,0.16913319238900634,nan,32,32
0.28,0.68,True,1424,1419,5,0,0.9964887640449438,0.0035112359550561797,0.8308668076109936,1179,240,nan,0,0,0.0,0.16913319238900634,0.16913319238900634,nan,32,32
0.28,0.69,False,1424,1419,5,0,0.9964887640449438,0.0035112359550561797,0.8308668076109936,1179,240,nan,0,0,0.0,0.16913319238900634,0.16913319238900634,nan,32,32
0.28,0.69,True,1424,1419,5,0,0.9964887640449438,0.0035112359550561797,0.8308668076109936,1179,240,nan,0,0,0.0,0.16913319238900634,0.16913319238900634,nan,32,32
0.28,0.7,False,1424,1419,5,0,0.9964887640449438,0.0035112359550561797,0.8308668076109936,1179,240,nan,0,0,0.0,0.16913319238900634,0.16913319238900634,nan,32,32
0.28,0.7,True,1424,1419,5,0,0.9964887640449438,0.0035112359550561797,0.8308668076109936,1179,240,nan,0,0,0.0,0.16913319238900634,0.16913319238900634,nan,32,32
0.28,0.71,False,1424,1419,5,0,0.9964887640449438,0.0035112359550561797,0.8308668076109936,1179,240,nan,0,0,0.0,0.16913319238900634,0.16913319238900634,nan,32,32
0.28,0.71,True,1424,1419,5,0,0.9964887640449438,0.0035112359550561797,0.8308668076109936,1179,240,nan,0,0,0.0,0.16913319238900634,0.16913319238900634,nan,32,32
0.28,0.72,False,1424,1419,5,0,0.9964887640449438,0.0035112359550561797,0.8308668076109936,1179,240,nan,0,0,0.0,0.16913319238900634,0.16913319238900634,nan,32,32
0.28,0.72,True,1424,1419,5,0,0.9964887640449438,0.0035112359550561797,0.8308668076109936,1179,240,nan,0,0,0.0,0.16913319238900634,0.16913319238900634,nan,32,32
0.28,0.73,False,1424,1419,5,0,0.9964887640449438,0.0035112359550561797,0.8308668076109936,1179,240,nan,0,0,0.0,0.16913319238900634,0.16913319238900634,nan,32,32
0.28,0.73,True,1424,1419,5,0,0.9964887640449438,0.0035112359550561797,0.8308668076109936,1179,240,nan,0,0,0.0,0.16913319238900634,0.16913319238900634,nan,32,32
0.28,0.74,False,1424,1419,5,0,0.9964887640449438,0.0035112359550561797,0.8308668076109936,1179,240,nan,0,0,0.0,0.16913319238900634,0.16913319238900634,nan,32,32
0.28,0.74,True,1424,1419,5,0,0.9964887640449438,0.0035112359550561797,0.8308668076109936,1179,240,nan,0,0,0.0,0.16913319238900634,0.16913319238900634,nan,32,32
0.28,0.75,False,1424,1419,5,0,0.9964887640449438,0.0035112359550561797,0.8308668076109936,1179,240,nan,0,0,0.0,0.16913319238900634,0.16913319238900634,nan,32,32
0.28,0.75,True,1424,1419,5,0,0.9964887640449438,0.0035112359550561797,0.8308668076109936,1179,240,nan,0,0,0.0,0.16913319238900634,0.16913319238900634,nan,32,32
0.28,0.76,False,1424,1419,5,0,0.9964887640449438,0.0035112359550561797,0.8308668076109936,1179,240,nan,0,0,0.0,0.16913319238900634,0.16913319238900634,nan,32,32
0.28,0.76,True,1424,1419,5,0,0.9964887640449438,0.0035112359550561797,0.8308668076109936,1179,240,nan,0,0,0.0,0.16913319238900634,0.16913319238900634,nan,32,32
0.28,0.77,False,1424,1419,5,0,0.9964887640449438,0.0035112359550561797,0.8308668076109936,1179,240,nan,0,0,0.0,0.16913319238900634,0.16913319238900634,nan,32,32
0.28,0.77,True,1424,1419,5,0,0.9964887640449438,0.0035112359550561797,0.8308668076109936,1179,240,nan,0,0,0.0,0.16913319238900634,0.16913319238900634,nan,32,32
0.28,0.78,False,1424,1419,5,0,0.9964887640449438,0.0035112359550561797,0.8308668076109936,1179,240,nan,0,0,0.0,0.16913319238900634,0.16913319238900634,nan,32,32
0.28,0.78,True,1424,1419,5,0,0.9964887640449438,0.0035112359550561797,0.8308668076109936,1179,240,nan,0,0,0.0,0.16913319238900634,0.16913319238900634,nan,32,32
0.28,0.79,False,1424,1419,5,0,0.9964887640449438,0.0035112359550561797,0.8308668076109936,1179,240,nan,0,0,0.0,0.16913319238900634,0.16913319238900634,nan,32,32
0.28,0.79,True,1424,1419,5,0,0.9964887640449438,0.0035112359550561797,0.8308668076109936,1179,240,nan,0,0,0.0,0.16913319238900634,0.16913319238900634,nan,32,32
0.28,0.8,False,1424,1419,5,0,0.9964887640449438,0.0035112359550561797,0.8308668076109936,1179,240,nan,0,0,0.0,0.16913319238900634,0.16913319238900634,nan,32,32
0.28,0.8,True,1424,1419,5,0,0.9964887640449438,0.0035112359550561797,0.8308668076109936,1179,240,nan,0,0,0.0,0.16913319238900634,0.16913319238900634,nan,32,32
0.28,0.81,False,1424,1419,5,0,0.9964887640449438,0.0035112359550561797,0.8308668076109936,1179,240,nan,0,0,0.0,0.16913319238900634,0.16913319238900634,nan,32,32
0.28,0.81,True,1424,1419,5,0,0.9964887640449438,0.0035112359550561797,0.8308668076109936,1179,240,nan,0,0,0.0,0.16913319238900634,0.16913319238900634,nan,32,32
0.28,0.82,False,1424,1419,5,0,0.9964887640449438,0.0035112359550561797,0.8308668076109936,1179,240,nan,0,0,0.0,0.16913319238900634,0.16913319238900634,nan,32,32
0.28,0.82,True,1424,1419,5,0,0.9964887640449438,0.0035112359550561797,0.8308668076109936,1179,240,nan,0,0,0.0,0.16913319238900634,0.16913319238900634,nan,32,32
0.28,0.83,False,1424,1419,5,0,0.9964887640449438,0.0035112359550561797,0.8308668076109936,1179,240,nan,0,0,0.0,0.16913319238900634,0.16913319238900634,nan,32,32
0.28,0.83,True,1424,1419,5,0,0.9964887640449438,0.0035112359550561797,0.8308668076109936,1179,240,nan,0,0,0.0,0.16913319238900634,0.16913319238900634,nan,32,32
0.28,0.84,False,1424,1419,5,0,0.9964887640449438,0.0035112359550561797,0.8308668076109936,1179,240,nan,0,0,0.0,0.16913319238900634,0.16913319238900634,nan,32,32
0.28,0.84,True,1424,1419,5,0,0.9964887640449438,0.0035112359550561797,0.8308668076109936,1179,240,nan,0,0,0.0,0.16913319238900634,0.16913319238900634,nan,32,32
0.28,0.85,False,1424,1419,5,0,0.9964887640449438,0.0035112359550561797,0.8308668076109936,1179,240,nan,0,0,0.0,0.16913319238900634,0.16913319238900634,nan,32,32
0.28,0.85,True,1424,1419,5,0,0.9964887640449438,0.0035112359550561797,0.8308668076109936,1179,240,nan,0,0,0.0,0.16913319238900634,0.16913319238900634,nan,32,32
0.29,0.3,False,1424,1419,0,5,1.0,0.0,0.8308668076109936,1179,240,0.2,1,4,0.004149377593360996,0.17134831460674158,0.16913319238900634,0.8,32,32
0.29,0.3,True,1424,1419,0,5,1.0,0.0,0.8308668076109936,1179,240,0.2,1,4,0.004149377593360996,0.17134831460674158,0.16913319238900634,0.8,32,32
0.29,0.31,False,1424,1419,0,5,1.0,0.0,0.8308668076109936,1179,240,0.2,1,4,0.004149377593360996,0.17134831460674158,0.16913319238900634,0.8,32,32
0.29,0.31,True,1424,1419,0,5,1.0,0.0,0.8308668076109936,1179,240,0.2,1,4,0.004149377593360996,0.17134831460674158,0.16913319238900634,0.8,32,32
0.29,0.32,False,1424,1419,0,5,1.0,0.0,0.8308668076109936,1179,240,0.2,1,4,0.004149377593360996,0.17134831460674158,0.16913319238900634,0.8,32,32
0.29,0.32,True,1424,1419,0,5,1.0,0.0,0.8308668076109936,1179,240,0.2,1,4,0.004149377593360996,0.17134831460674158,0.16913319238900634,0.8,32,32
0.29,0.33,False,1424,1419,0,5,1.0,0.0,0.8308668076109936,1179,240,0.2,1,4,0.004149377593360996,0.17134831460674158,0.16913319238900634,0.8,32,32
0.29,0.33,True,1424,1419,0,5,1.0,0.0,0.8308668076109936,1179,240,0.2,1,4,0.004149377593360996,0.17134831460674158,0.16913319238900634,0.8,32,32
0.29,0.34,False,1424,1419,0,5,1.0,0.0,0.8308668076109936,1179,240,0.2,1,4,0.004149377593360996,0.17134831460674158,0.16913319238900634,0.8,32,32
0.29,0.34,True,1424,1419,0,5,1.0,0.0,0.8308668076109936,1179,240,0.2,1,4,0.004149377593360996,0.17134831460674158,0.16913319238900634,0.8,32,32
0.29,0.35,False,1424,1419,0,5,1.0,0.0,0.8308668076109936,1179,240,0.2,1,4,0.004149377593360996,0.17134831460674158,0.16913319238900634,0.8,32,32
0.29,0.35,True,1424,1419,0,5,1.0,0.0,0.8308668076109936,1179,240,0.2,1,4,0.004149377593360996,0.17134831460674158,0.16913319238900634,0.8,32,32
0.29,0.36,False,1424,1419,0,5,1.0,0.0,0.8308668076109936,1179,240,0.2,1,4,0.004149377593360996,0.17134831460674158,0.16913319238900634,0.8,32,32
0.29,0.36,True,1424,1419,0,5,1.0,0.0,0.8308668076109936,1179,240,0.2,1,4,0.004149377593360996,0.17134831460674158,0.16913319238900634,0.8,32,32
0.29,0.37,False,1424,1419,2,3,0.9985955056179775,0.0014044943820224719,0.8308668076109936,1179,240,0.3333333333333333,1,2,0.004149377593360996,0.170182841068917,0.16913319238900634,0.6666666666666666,32,32
0.29,0.37,True,1424,1419,2,3,0.9985955056179775,0.0014044943820224719,0.8308668076109936,1179,240,0.3333333333333333,1,2,0.004149377593360996,0.170182841068917,0.16913319238900634,0.6666666666666666,32,32
0.29,0.38,False,1424,1419,2,3,0.9985955056179775,0.0014044943820224719,0.8308668076109936,1179,240,0.3333333333333333,1,2,0.004149377593360996,0.170182841068917,0.16913319238900634,0.6666666666666666,32,32
0.29,0.38,True,1424,1419,2,3,0.9985955056179775,0.0014044943820224719,0.8308668076109936,1179,240,0.3333333333333333,1,2,0.004149377593360996,0.170182841068917,0.16913319238900634,0.6666666666666666,32,32
0.29,0.39,False,1424,1419,2,3,0.9985955056179775,0.0014044943820224719,0.8308668076109936,1179,240,0.3333333333333333,1,2,0.004149377593360996,0.170182841068917,0.16913319238900634,0.6666666666666666,32,32
0.29,0.39,True,1424,1419,2,3,0.9985955056179775,0.0014044943820224719,0.8308668076109936,1179,240,0.3333333333333333,1,2,0.004149377593360996,0.170182841068917,0.16913319238900634,0.6666666666666666,32,32
0.29,0.4,False,1424,1419,2,3,0.9985955056179775,0.0014044943820224719,0.8308668076109936,1179,240,0.3333333333333333,1,2,0.004149377593360996,0.170182841068917,0.16913319238900634,0.6666666666666666,32,32
0.29,0.4,True,1424,1419,2,3,0.9985955056179775,0.0014044943820224719,0.8308668076109936,1179,240,0.3333333333333333,1,2,0.004149377593360996,0.170182841068917,0.16913319238900634,0.6666666666666666,32,32
0.29,0.41,False,1424,1419,3,2,0.9978932584269663,0.002106741573033708,0.8308668076109936,1179,240,0.0,0,2,0.0,0.17030260380014076,0.16913319238900634,1.0,32,32
0.29,0.41,True,1424,1419,3,2,0.9978932584269663,0.002106741573033708,0.8308668076109936,1179,240,0.0,0,2,0.0,0.17030260380014076,0.16913319238900634,1.0,32,32
0.29,0.42,False,1424,1419,4,1,0.9971910112359551,0.0028089887640449437,0.8308668076109936,1179,240,0.0,0,1,0.0,0.16971830985915493,0.16913319238900634,1.0,32,32
0.29,0.42,True,1424,1419,4,1,0.9971910112359551,0.0028089887640449437,0.8308668076109936,1179,240,0.0,0,1,0.0,0.16971830985915493,0.16913319238900634,1.0,32,32
0.29,0.43,False,1424,1419,4,1,0.9971910112359551,0.0028089887640449437,0.8308668076109936,1179,240,0.0,0,1,0.0,0.16971830985915493,0.16913319238900634,1.0,32,32
0.29,0.43,True,1424,1419,4,1,0.9971910112359551,0.0028089887640449437,0.8308668076109936,1179,240,0.0,0,1,0.0,0.16971830985915493,0.16913319238900634,1.0,32,32
0.29,0.44,False,1424,1419,4,1,0.9971910112359551,0.0028089887640449437,0.8308668076109936,1179,240,0.0,0,1,0.0,0.16971830985915493,0.16913319238900634,1.0,32,32
0.29,0.44,True,1424,1419,4,1,0.9971910112359551,0.0028089887640449437,0.8308668076109936,1179,240,0.0,0,1,0.0,0.16971830985915493,0.16913319238900634,1.0,32,32
0.29,0.45,False,1424,1419,4,1,0.9971910112359551,0.0028089887640449437,0.8308668076109936,1179,240,0.0,0,1,0.0,0.16971830985915493,0.16913319238900634,1.0,32,32
0.29,0.45,True,1424,1419,4,1,0.9971910112359551,0.0028089887640449437,0.8308668076109936,1179,240,0.0,0,1,0.0,0.16971830985915493,0.16913319238900634,1.0,32,32
0.29,0.46,False,1424,1419,4,1,0.9971910112359551,0.0028089887640449437,0.8308668076109936,1179,240,0.0,0,1,0.0,0.16971830985915493,0.16913319238900634,1.0,32,32
0.29,0.46,True,1424,1419,4,1,0.9971910112359551,0.0028089887640449437,0.8308668076109936,1179,240,0.0,0,1,0.0,0.16971830985915493,0.16913319238900634,1.0,32,32
0.29,0.47,False,1424,1419,4,1,0.9971910112359551,0.0028089887640449437,0.8308668076109936,1179,240,0.0,0,1,0.0,0.16971830985915493,0.16913319238900634,1.0,32,32
0.29,0.47,True,1424,1419,4,1,0.9971910112359551,0.0028089887640449437,0.8308668076109936,1179,240,0.0,0,1,0.0,0.16971830985915493,0.16913319238900634,1.0,32,32
0.29,0.48,False,1424,1419,4,1,0.9971910112359551,0.0028089887640449437,0.8308668076109936,1179,240,0.0,0,1,0.0,0.16971830985915493,0.16913319238900634,1.0,32,32
0.29,0.48,True,1424,1419,4,1,0.9971910112359551,0.0028089887640449437,0.8308668076109936,1179,240,0.0,0,1,0.0,0.16971830985915493,0.16913319238900634,1.0,32,32
0.29,0.49,False,1424,1419,4,1,0.9971910112359551,0.0028089887640449437,0.8308668076109936,1179,240,0.0,0,1,0.0,0.16971830985915493,0.16913319238900634,1.0,32,32
0.29,0.49,True,1424,1419,4,1,0.9971910112359551,0.0028089887640449437,0.8308668076109936,1179,240,0.0,0,1,0.0,0.16971830985915493,0.16913319238900634,1.0,32,32
0.29,0.5,False,1424,1419,4,1,0.9971910112359551,0.0028089887640449437,0.8308668076109936,1179,240,0.0,0,1,0.0,0.16971830985915493,0.16913319238900634,1.0,32,32
0.29,0.5,True,1424,1419,4,1,0.9971910112359551,0.0028089887640449437,0.8308668076109936,1179,240,0.0,0,1,0.0,0.16971830985915493,0.16913319238900634,1.0,32,32
0.29,0.51,False,1424,1419,4,1,0.9971910112359551,0.0028089887640449437,0.8308668076109936,1179,240,0.0,0,1,0.0,0.16971830985915493,0.16913319238900634,1.0,32,32
0.29,0.51,True,1424,1419,4,1,0.9971910112359551,0.0028089887640449437,0.8308668076109936,1179,240,0.0,0,1,0.0,0.16971830985915493,0.16913319238900634,1.0,32,32
0.29,0.52,False,1424,1419,4,1,0.9971910112359551,0.0028089887640449437,0.8308668076109936,1179,240,0.0,0,1,0.0,0.16971830985915493,0.16913319238900634,1.0,32,32
0.29,0.52,True,1424,1419,4,1,0.9971910112359551,0.0028089887640449437,0.8308668076109936,1179,240,0.0,0,1,0.0,0.16971830985915493,0.16913319238900634,1.0,32,32
0.29,0.53,False,1424,1419,4,1,0.9971910112359551,0.0028089887640449437,0.8308668076109936,1179,240,0.0,0,1,0.0,0.16971830985915493,0.16913319238900634,1.0,32,32
0.29,0.53,True,1424,1419,4,1,0.9971910112359551,0.0028089887640449437,0.8308668076109936,1179,240,0.0,0,1,0.0,0.16971830985915493,0.16913319238900634,1.0,32,32
0.29,0.54,False,1424,1419,4,1,0.9971910112359551,0.0028089887640449437,0.8308668076109936,1179,240,0.0,0,1,0.0,0.16971830985915493,0.16913319238900634,1.0,32,32
0.29,0.54,True,1424,1419,4,1,0.9971910112359551,0.0028089887640449437,0.8308668076109936,1179,240,0.0,0,1,0.0,0.16971830985915493,0.16913319238900634,1.0,32,32
0.29,0.55,False,1424,1419,4,1,0.9971910112359551,0.0028089887640449437,0.8308668076109936,1179,240,0.0,0,1,0.0,0.16971830985915493,0.16913319238900634,1.0,32,32
0.29,0.55,True,1424,1419,4,1,0.9971910112359551,0.0028089887640449437,0.8308668076109936,1179,240,0.0,0,1,0.0,0.16971830985915493,0.16913319238900634,1.0,32,32
0.29,0.56,False,1424,1419,4,1,0.9971910112359551,0.0028089887640449437,0.8308668076109936,1179,240,0.0,0,1,0.0,0.16971830985915493,0.16913319238900634,1.0,32,32
0.29,0.56,True,1424,1419,4,1,0.9971910112359551,0.0028089887640449437,0.8308668076109936,1179,240,0.0,0,1,0.0,0.16971830985915493,0.16913319238900634,1.0,32,32
0.29,0.57,False,1424,1419,4,1,0.9971910112359551,0.0028089887640449437,0.8308668076109936,1179,240,0.0,0,1,0.0,0.16971830985915493,0.16913319238900634,1.0,32,32
0.29,0.57,True,1424,1419,4,1,0.9971910112359551,0.0028089887640449437,0.8308668076109936,1179,240,0.0,0,1,0.0,0.16971830985915493,0.16913319238900634,1.0,32,32
0.29,0.58,False,1424,1419,4,1,0.9971910112359551,0.0028089887640449437,0.8308668076109936,1179,240,0.0,0,1,0.0,0.16971830985915493,0.16913319238900634,1.0,32,32
0.29,0.58,True,1424,1419,4,1,0.9971910112359551,0.0028089887640449437,0.8308668076109936,1179,240,0.0,0,1,0.0,0.16971830985915493,0.16913319238900634,1.0,32,32
0.29,0.59,False,1424,1419,4,1,0.9971910112359551,0.0028089887640449437,0.8308668076109936,1179,240,0.0,0,1,0.0,0.16971830985915493,0.16913319238900634,1.0,32,32
0.29,0.59,True,1424,1419,4,1,0.9971910112359551,0.0028089887640449437,0.8308668076109936,1179,240,0.0,0,1,0.0,0.16971830985915493,0.16913319238900634,1.0,32,32
0.29,0.6,False,1424,1419,4,1,0.9971910112359551,0.0028089887640449437,0.8308668076109936,1179,240,0.0,0,1,0.0,0.16971830985915493,0.16913319238900634,1.0,32,32
0.29,0.6,True,1424,1419,4,1,0.9971910112359551,0.0028089887640449437,0.8308668076109936,1179,240,0.0,0,1,0.0,0.16971830985915493,0.16913319238900634,1.0,32,32
0.29,0.61,False,1424,1419,4,1,0.9971910112359551,0.0028089887640449437,0.8308668076109936,1179,240,0.0,0,1,0.0,0.16971830985915493,0.16913319238900634,1.0,32,32
0.29,0.61,True,1424,1419,4,1,0.9971910112359551,0.0028089887640449437,0.8308668076109936,1179,240,0.0,0,1,0.0,0.16971830985915493,0.16913319238900634,1.0,32,32
0.29,0.62,False,1424,1419,4,1,0.9971910112359551,0.0028089887640449437,0.8308668076109936,1179,240,0.0,0,1,0.0,0.16971830985915493,0.16913319238900634,1.0,32,32
0.29,0.62,True,1424,1419,4,1,0.9971910112359551,0.0028089887640449437,0.8308668076109936,1179,240,0.0,0,1,0.0,0.16971830985915493,0.16913319238900634,1.0,32,32
0.29,0.63,False,1424,1419,4,1,0.9971910112359551,0.0028089887640449437,0.8308668076109936,1179,240,0.0,0,1,0.0,0.16971830985915493,0.16913319238900634,1.0,32,32
0.29,0.63,True,1424,1419,4,1,0.9971910112359551,0.0028089887640449437,0.8308668076109936,1179,240,0.0,0,1,0.0,0.16971830985915493,0.16913319238900634,1.0,32,32
0.29,0.64,False,1424,1419,4,1,0.9971910112359551,0.0028089887640449437,0.8308668076109936,1179,240,0.0,0,1,0.0,0.16971830985915493,0.16913319238900634,1.0,32,32
0.29,0.64,True,1424,1419,4,1,0.9971910112359551,0.0028089887640449437,0.8308668076109936,1179,240,0.0,0,1,0.0,0.16971830985915493,0.16913319238900634,1.0,32,32
0.29,0.65,False,1424,1419,4,1,0.9971910112359551,0.0028089887640449437,0.8308668076109936,1179,240,0.0,0,1,0.0,0.16971830985915493,0.16913319238900634,1.0,32,32
0.29,0.65,True,1424,1419,4,1,0.9971910112359551,0.0028089887640449437,0.8308668076109936,1179,240,0.0,0,1,0.0,0.16971830985915493,0.16913319238900634,1.0,32,32
0.29,0.66,False,1424,1419,5,0,0.9964887640449438,0.0035112359550561797,0.8308668076109936,1179,240,nan,0,0,0.0,0.16913319238900634,0.16913319238900634,nan,32,32
0.29,0.66,True,1424,1419,5,0,0.9964887640449438,0.0035112359550561797,0.8308668076109936,1179,240,nan,0,0,0.0,0.16913319238900634,0.16913319238900634,nan,32,32
0.29,0.67,False,1424,1419,5,0,0.9964887640449438,0.0035112359550561797,0.8308668076109936,1179,240,nan,0,0,0.0,0.16913319238900634,0.16913319238900634,nan,32,32
0.29,0.67,True,1424,1419,5,0,0.9964887640449438,0.0035112359550561797,0.8308668076109936,1179,240,nan,0,0,0.0,0.16913319238900634,0.16913319238900634,nan,32,32
0.29,0.68,False,1424,1419,5,0,0.9964887640449438,0.0035112359550561797,0.8308668076109936,1179,240,nan,0,0,0.0,0.16913319238900634,0.16913319238900634,nan,32,32
0.29,0.68,True,1424,1419,5,0,0.9964887640449438,0.0035112359550561797,0.8308668076109936,1179,240,nan,0,0,0.0,0.16913319238900634,0.16913319238900634,nan,32,32
0.29,0.69,False,1424,1419,5,0,0.9964887640449438,0.0035112359550561797,0.8308668076109936,1179,240,nan,0,0,0.0,0.16913319238900634,0.16913319238900634,nan,32,32
0.29,0.69,True,1424,1419,5,0,0.9964887640449438,0.0035112359550561797,0.8308668076109936,1179,240,nan,0,0,0.0,0.16913319238900634,0.16913319238900634,nan,32,32
0.29,0.7,False,1424,1419,5,0,0.9964887640449438,0.0035112359550561797,0.8308668076109936,1179,240,nan,0,0,0.0,0.16913319238900634,0.16913319238900634,nan,32,32
0.29,0.7,True,1424,1419,5,0,0.9964887640449438,0.0035112359550561797,0.8308668076109936,1179,240,nan,0,0,0.0,0.16913319238900634,0.16913319238900634,nan,32,32
0.29,0.71,False,1424,1419,5,0,0.9964887640449438,0.0035112359550561797,0.8308668076109936,1179,240,nan,0,0,0.0,0.16913319238900634,0.16913319238900634,nan,32,32
0.29,0.71,True,1424,1419,5,0,0.9964887640449438,0.0035112359550561797,0.8308668076109936,1179,240,nan,0,0,0.0,0.16913319238900634,0.16913319238900634,nan,32,32
0.29,0.72,False,1424,1419,5,0,0.9964887640449438,0.0035112359550561797,0.8308668076109936,1179,240,nan,0,0,0.0,0.16913319238900634,0.16913319238900634,nan,32,32
0.29,0.72,True,1424,1419,5,0,0.9964887640449438,0.0035112359550561797,0.8308668076109936,1179,240,nan,0,0,0.0,0.16913319238900634,0.16913319238900634,nan,32,32
0.29,0.73,False,1424,1419,5,0,0.9964887640449438,0.0035112359550561797,0.8308668076109936,1179,240,nan,0,0,0.0,0.16913319238900634,0.16913319238900634,nan,32,32
0.29,0.73,True,1424,1419,5,0,0.9964887640449438,0.0035112359550561797,0.8308668076109936,1179,240,nan,0,0,0.0,0.16913319238900634,0.16913319238900634,nan,32,32
0.29,0.74,False,1424,1419,5,0,0.9964887640449438,0.0035112359550561797,0.8308668076109936,1179,240,nan,0,0,0.0,0.16913319238900634,0.16913319238900634,nan,32,32
0.29,0.74,True,1424,1419,5,0,0.9964887640449438,0.0035112359550561797,0.8308668076109936,1179,240,nan,0,0,0.0,0.16913319238900634,0.16913319238900634,nan,32,32
0.29,0.75,False,1424,1419,5,0,0.9964887640449438,0.0035112359550561797,0.8308668076109936,1179,240,nan,0,0,0.0,0.16913319238900634,0.16913319238900634,nan,32,32
0.29,0.75,True,1424,1419,5,0,0.9964887640449438,0.0035112359550561797,0.8308668076109936,1179,240,nan,0,0,0.0,0.16913319238900634,0.16913319238900634,nan,32,32
0.29,0.76,False,1424,1419,5,0,0.9964887640449438,0.0035112359550561797,0.8308668076109936,1179,240,nan,0,0,0.0,0.16913319238900634,0.16913319238900634,nan,32,32
0.29,0.76,True,1424,1419,5,0,0.9964887640449438,0.0035112359550561797,0.8308668076109936,1179,240,nan,0,0,0.0,0.16913319238900634,0.16913319238900634,nan,32,32
0.29,0.77,False,1424,1419,5,0,0.9964887640449438,0.0035112359550561797,0.8308668076109936,1179,240,nan,0,0,0.0,0.16913319238900634,0.16913319238900634,nan,32,32
0.29,0.77,True,1424,1419,5,0,0.9964887640449438,0.0035112359550561797,0.8308668076109936,1179,240,nan,0,0,0.0,0.16913319238900634,0.16913319238900634,nan,32,32
0.29,0.78,False,1424,1419,5,0,0.9964887640449438,0.0035112359550561797,0.8308668076109936,1179,240,nan,0,0,0.0,0.16913319238900634,0.16913319238900634,nan,32,32
0.29,0.78,True,1424,1419,5,0,0.9964887640449438,0.0035112359550561797,0.8308668076109936,1179,240,nan,0,0,0.0,0.16913319238900634,0.16913319238900634,nan,32,32
0.29,0.79,False,1424,1419,5,0,0.9964887640449438,0.0035112359550561797,0.8308668076109936,1179,240,nan,0,0,0.0,0.16913319238900634,0.16913319238900634,nan,32,32
0.29,0.79,True,1424,1419,5,0,0.9964887640449438,0.0035112359550561797,0.8308668076109936,1179,240,nan,0,0,0.0,0.16913319238900634,0.16913319238900634,nan,32,32
0.29,0.8,False,1424,1419,5,0,0.9964887640449438,0.0035112359550561797,0.8308668076109936,1179,240,nan,0,0,0.0,0.16913319238900634,0.16913319238900634,nan,32,32
0.29,0.8,True,1424,1419,5,0,0.9964887640449438,0.0035112359550561797,0.8308668076109936,1179,240,nan,0,0,0.0,0.16913319238900634,0.16913319238900634,nan,32,32
0.29,0.81,False,1424,1419,5,0,0.9964887640449438,0.0035112359550561797,0.8308668076109936,1179,240,nan,0,0,0.0,0.16913319238900634,0.16913319238900634,nan,32,32
0.29,0.81,True,1424,1419,5,0,0.9964887640449438,0.0035112359550561797,0.8308668076109936,1179,240,nan,0,0,0.0,0.16913319238900634,0.16913319238900634,nan,32,32
0.29,0.82,False,1424,1419,5,0,0.9964887640449438,0.0035112359550561797,0.8308668076109936,1179,240,nan,0,0,0.0,0.16913319238900634,0.16913319238900634,nan,32,32
0.29,0.82,True,1424,1419,5,0,0.9964887640449438,0.0035112359550561797,0.8308668076109936,1179,240,nan,0,0,0.0,0.16913319238900634,0.16913319238900634,nan,32,32
0.29,0.83,False,1424,1419,5,0,0.9964887640449438,0.0035112359550561797,0.8308668076109936,1179,240,nan,0,0,0.0,0.16913319238900634,0.16913319238900634,nan,32,32
0.29,0.83,True,1424,1419,5,0,0.9964887640449438,0.0035112359550561797,0.8308668076109936,1179,240,nan,0,0,0.0,0.16913319238900634,0.16913319238900634,nan,32,32
0.29,0.84,False,1424,1419,5,0,0.9964887640449438,0.0035112359550561797,0.8308668076109936,1179,240,nan,0,0,0.0,0.16913319238900634,0.16913319238900634,nan,32,32
0.29,0.84,True,1424,1419,5,0,0.9964887640449438,0.0035112359550561797,0.8308668076109936,1179,240,nan,0,0,0.0,0.16913319238900634,0.16913319238900634,nan,32,32
0.29,0.85,False,1424,1419,5,0,0.9964887640449438,0.0035112359550561797,0.8308668076109936,1179,240,nan,0,0,0.0,0.16913319238900634,0.16913319238900634,nan,32,32
0.29,0.85,True,1424,1419,5,0,0.9964887640449438,0.0035112359550561797,0.8308668076109936,1179,240,nan,0,0,0.0,0.16913319238900634,0.16913319238900634,nan,32,32
0.3,0.31,False,1424,1419,0,5,1.0,0.0,0.8308668076109936,1179,240,0.2,1,4,0.004149377593360996,0.17134831460674158,0.16913319238900634,0.8,32,32
0.3,0.31,True,1424,1419,0,5,1.0,0.0,0.8308668076109936,1179,240,0.2,1,4,0.004149377593360996,0.17134831460674158,0.16913319238900634,0.8,32,32
0.3,0.32,False,1424,1419,0,5,1.0,0.0,0.8308668076109936,1179,240,0.2,1,4,0.004149377593360996,0.17134831460674158,0.16913319238900634,0.8,32,32
0.3,0.32,True,1424,1419,0,5,1.0,0.0,0.8308668076109936,1179,240,0.2,1,4,0.004149377593360996,0.17134831460674158,0.16913319238900634,0.8,32,32
0.3,0.33,False,1424,1419,0,5,1.0,0.0,0.8308668076109936,1179,240,0.2,1,4,0.004149377593360996,0.17134831460674158,0.16913319238900634,0.8,32,32
0.3,0.33,True,1424,1419,0,5,1.0,0.0,0.8308668076109936,1179,240,0.2,1,4,0.004149377593360996,0.17134831460674158,0.16913319238900634,0.8,32,32
0.3,0.34,False,1424,1419,0,5,1.0,0.0,0.8308668076109936,1179,240,0.2,1,4,0.004149377593360996,0.17134831460674158,0.16913319238900634,0.8,32,32
0.3,0.34,True,1424,1419,0,5,1.0,0.0,0.8308668076109936,1179,240,0.2,1,4,0.004149377593360996,0.17134831460674158,0.16913319238900634,0.8,32,32
0.3,0.35,False,1424,1419,0,5,1.0,0.0,0.8308668076109936,1179,240,0.2,1,4,0.004149377593360996,0.17134831460674158,0.16913319238900634,0.8,32,32
0.3,0.35,True,1424,1419,0,5,1.0,0.0,0.8308668076109936,1179,240,0.2,1,4,0.004149377593360996,0.17134831460674158,0.16913319238900634,0.8,32,32
0.3,0.36,False,1424,1419,0,5,1.0,0.0,0.8308668076109936,1179,240,0.2,1,4,0.004149377593360996,0.17134831460674158,0.16913319238900634,0.8,32,32
0.3,0.36,True,1424,1419,0,5,1.0,0.0,0.8308668076109936,1179,240,0.2,1,4,0.004149377593360996,0.17134831460674158,0.16913319238900634,0.8,32,32
0.3,0.37,False,1424,1419,2,3,0.9985955056179775,0.0014044943820224719,0.8308668076109936,1179,240,0.3333333333333333,1,2,0.004149377593360996,0.170182841068917,0.16913319238900634,0.6666666666666666,32,32
0.3,0.37,True,1424,1419,2,3,0.9985955056179775,0.0014044943820224719,0.8308668076109936,1179,240,0.3333333333333333,1,2,0.004149377593360996,0.170182841068917,0.16913319238900634,0.6666666666666666,32,32
0.3,0.38,False,1424,1419,2,3,0.9985955056179775,0.0014044943820224719,0.8308668076109936,1179,240,0.3333333333333333,1,2,0.004149377593360996,0.170182841068917,0.16913319238900634,0.6666666666666666,32,32
0.3,0.38,True,1424,1419,2,3,0.9985955056179775,0.0014044943820224719,0.8308668076109936,1179,240,0.3333333333333333,1,2,0.004149377593360996,0.170182841068917,0.16913319238900634,0.6666666666666666,32,32
0.3,0.39,False,1424,1419,2,3,0.9985955056179775,0.0014044943820224719,0.8308668076109936,1179,240,0.3333333333333333,1,2,0.004149377593360996,0.170182841068917,0.16913319238900634,0.6666666666666666,32,32
0.3,0.39,True,1424,1419,2,3,0.9985955056179775,0.0014044943820224719,0.8308668076109936,1179,240,0.3333333333333333,1,2,0.004149377593360996,0.170182841068917,0.16913319238900634,0.6666666666666666,32,32
0.3,0.4,False,1424,1419,2,3,0.9985955056179775,0.0014044943820224719,0.8308668076109936,1179,240,0.3333333333333333,1,2,0.004149377593360996,0.170182841068917,0.16913319238900634,0.6666666666666666,32,32
0.3,0.4,True,1424,1419,2,3,0.9985955056179775,0.0014044943820224719,0.8308668076109936,1179,240,0.3333333333333333,1,2,0.004149377593360996,0.170182841068917,0.16913319238900634,0.6666666666666666,32,32
0.3,0.41,False,1424,1419,3,2,0.9978932584269663,0.002106741573033708,0.8308668076109936,1179,240,0.0,0,2,0.0,0.17030260380014076,0.16913319238900634,1.0,32,32
0.3,0.41,True,1424,1419,3,2,0.9978932584269663,0.002106741573033708,0.8308668076109936,1179,240,0.0,0,2,0.0,0.17030260380014076,0.16913319238900634,1.0,32,32
0.3,0.42,False,1424,1419,4,1,0.9971910112359551,0.0028089887640449437,0.8308668076109936,1179,240,0.0,0,1,0.0,0.16971830985915493,0.16913319238900634,1.0,32,32
0.3,0.42,True,1424,1419,4,1,0.9971910112359551,0.0028089887640449437,0.8308668076109936,1179,240,0.0,0,1,0.0,0.16971830985915493,0.16913319238900634,1.0,32,32
0.3,0.43,False,1424,1419,4,1,0.9971910112359551,0.0028089887640449437,0.8308668076109936,1179,240,0.0,0,1,0.0,0.16971830985915493,0.16913319238900634,1.0,32,32
0.3,0.43,True,1424,1419,4,1,0.9971910112359551,0.0028089887640449437,0.8308668076109936,1179,240,0.0,0,1,0.0,0.16971830985915493,0.16913319238900634,1.0,32,32
0.3,0.44,False,1424,1419,4,1,0.9971910112359551,0.0028089887640449437,0.8308668076109936,1179,240,0.0,0,1,0.0,0.16971830985915493,0.16913319238900634,1.0,32,32
0.3,0.44,True,1424,1419,4,1,0.9971910112359551,0.0028089887640449437,0.8308668076109936,1179,240,0.0,0,1,0.0,0.16971830985915493,0.16913319238900634,1.0,32,32
0.3,0.45,False,1424,1419,4,1,0.9971910112359551,0.0028089887640449437,0.8308668076109936,1179,240,0.0,0,1,0.0,0.16971830985915493,0.16913319238900634,1.0,32,32
0.3,0.45,True,1424,1419,4,1,0.9971910112359551,0.0028089887640449437,0.8308668076109936,1179,240,0.0,0,1,0.0,0.16971830985915493,0.16913319238900634,1.0,32,32
0.3,0.46,False,1424,1419,4,1,0.9971910112359551,0.0028089887640449437,0.8308668076109936,1179,240,0.0,0,1,0.0,0.16971830985915493,0.16913319238900634,1.0,32,32
0.3,0.46,True,1424,1419,4,1,0.9971910112359551,0.0028089887640449437,0.8308668076109936,1179,240,0.0,0,1,0.0,0.16971830985915493,0.16913319238900634,1.0,32,32
0.3,0.47,False,1424,1419,4,1,0.9971910112359551,0.0028089887640449437,0.8308668076109936,1179,240,0.0,0,1,0.0,0.16971830985915493,0.16913319238900634,1.0,32,32
0.3,0.47,True,1424,1419,4,1,0.9971910112359551,0.0028089887640449437,0.8308668076109936,1179,240,0.0,0,1,0.0,0.16971830985915493,0.16913319238900634,1.0,32,32
0.3,0.48,False,1424,1419,4,1,0.9971910112359551,0.0028089887640449437,0.8308668076109936,1179,240,0.0,0,1,0.0,0.16971830985915493,0.16913319238900634,1.0,32,32
0.3,0.48,True,1424,1419,4,1,0.9971910112359551,0.0028089887640449437,0.8308668076109936,1179,240,0.0,0,1,0.0,0.16971830985915493,0.16913319238900634,1.0,32,32
0.3,0.49,False,1424,1419,4,1,0.9971910112359551,0.0028089887640449437,0.8308668076109936,1179,240,0.0,0,1,0.0,0.16971830985915493,0.16913319238900634,1.0,32,32
0.3,0.49,True,1424,1419,4,1,0.9971910112359551,0.0028089887640449437,0.8308668076109936,1179,240,0.0,0,1,0.0,0.16971830985915493,0.16913319238900634,1.0,32,32
0.3,0.5,False,1424,1419,4,1,0.9971910112359551,0.0028089887640449437,0.8308668076109936,1179,240,0.0,0,1,0.0,0.16971830985915493,0.16913319238900634,1.0,32,32
0.3,0.5,True,1424,1419,4,1,0.9971910112359551,0.0028089887640449437,0.8308668076109936,1179,240,0.0,0,1,0.0,0.16971830985915493,0.16913319238900634,1.0,32,32
0.3,0.51,False,1424,1419,4,1,0.9971910112359551,0.0028089887640449437,0.8308668076109936,1179,240,0.0,0,1,0.0,0.16971830985915493,0.16913319238900634,1.0,32,32
0.3,0.51,True,1424,1419,4,1,0.9971910112359551,0.0028089887640449437,0.8308668076109936,1179,240,0.0,0,1,0.0,0.16971830985915493,0.16913319238900634,1.0,32,32
0.3,0.52,False,1424,1419,4,1,0.9971910112359551,0.0028089887640449437,0.8308668076109936,1179,240,0.0,0,1,0.0,0.16971830985915493,0.16913319238900634,1.0,32,32
0.3,0.52,True,1424,1419,4,1,0.9971910112359551,0.0028089887640449437,0.8308668076109936,1179,240,0.0,0,1,0.0,0.16971830985915493,0.16913319238900634,1.0,32,32
0.3,0.53,False,1424,1419,4,1,0.9971910112359551,0.0028089887640449437,0.8308668076109936,1179,240,0.0,0,1,0.0,0.16971830985915493,0.16913319238900634,1.0,32,32
0.3,0.53,True,1424,1419,4,1,0.9971910112359551,0.0028089887640449437,0.8308668076109936,1179,240,0.0,0,1,0.0,0.16971830985915493,0.16913319238900634,1.0,32,32
0.3,0.54,False,1424,1419,4,1,0.9971910112359551,0.0028089887640449437,0.8308668076109936,1179,240,0.0,0,1,0.0,0.16971830985915493,0.16913319238900634,1.0,32,32
0.3,0.54,True,1424,1419,4,1,0.9971910112359551,0.0028089887640449437,0.8308668076109936,1179,240,0.0,0,1,0.0,0.16971830985915493,0.16913319238900634,1.0,32,32
0.3,0.55,False,1424,1419,4,1,0.9971910112359551,0.0028089887640449437,0.8308668076109936,1179,240,0.0,0,1,0.0,0.16971830985915493,0.16913319238900634,1.0,32,32
0.3,0.55,True,1424,1419,4,1,0.9971910112359551,0.0028089887640449437,0.8308668076109936,1179,240,0.0,0,1,0.0,0.16971830985915493,0.16913319238900634,1.0,32,32
0.3,0.56,False,1424,1419,4,1,0.9971910112359551,0.0028089887640449437,0.8308668076109936,1179,240,0.0,0,1,0.0,0.16971830985915493,0.16913319238900634,1.0,32,32
0.3,0.56,True,1424,1419,4,1,0.9971910112359551,0.0028089887640449437,0.8308668076109936,1179,240,0.0,0,1,0.0,0.16971830985915493,0.16913319238900634,1.0,32,32
0.3,0.57,False,1424,1419,4,1,0.9971910112359551,0.0028089887640449437,0.8308668076109936,1179,240,0.0,0,1,0.0,0.16971830985915493,0.16913319238900634,1.0,32,32
0.3,0.57,True,1424,1419,4,1,0.9971910112359551,0.0028089887640449437,0.8308668076109936,1179,240,0.0,0,1,0.0,0.16971830985915493,0.16913319238900634,1.0,32,32
0.3,0.58,False,1424,1419,4,1,0.9971910112359551,0.0028089887640449437,0.8308668076109936,1179,240,0.0,0,1,0.0,0.16971830985915493,0.16913319238900634,1.0,32,32
0.3,0.58,True,1424,1419,4,1,0.9971910112359551,0.0028089887640449437,0.8308668076109936,1179,240,0.0,0,1,0.0,0.16971830985915493,0.16913319238900634,1.0,32,32
0.3,0.59,False,1424,1419,4,1,0.9971910112359551,0.0028089887640449437,0.8308668076109936,1179,240,0.0,0,1,0.0,0.16971830985915493,0.16913319238900634,1.0,32,32
0.3,0.59,True,1424,1419,4,1,0.9971910112359551,0.0028089887640449437,0.8308668076109936,1179,240,0.0,0,1,0.0,0.16971830985915493,0.16913319238900634,1.0,32,32
0.3,0.6,False,1424,1419,4,1,0.9971910112359551,0.0028089887640449437,0.8308668076109936,1179,240,0.0,0,1,0.0,0.16971830985915493,0.16913319238900634,1.0,32,32
0.3,0.6,True,1424,1419,4,1,0.9971910112359551,0.0028089887640449437,0.8308668076109936,1179,240,0.0,0,1,0.0,0.16971830985915493,0.16913319238900634,1.0,32,32
0.3,0.61,False,1424,1419,4,1,0.9971910112359551,0.0028089887640449437,0.8308668076109936,1179,240,0.0,0,1,0.0,0.16971830985915493,0.16913319238900634,1.0,32,32
0.3,0.61,True,1424,1419,4,1,0.9971910112359551,0.0028089887640449437,0.8308668076109936,1179,240,0.0,0,1,0.0,0.16971830985915493,0.16913319238900634,1.0,32,32
0.3,0.62,False,1424,1419,4,1,0.9971910112359551,0.0028089887640449437,0.8308668076109936,1179,240,0.0,0,1,0.0,0.16971830985915493,0.16913319238900634,1.0,32,32
0.3,0.62,True,1424,1419,4,1,0.9971910112359551,0.0028089887640449437,0.8308668076109936,1179,240,0.0,0,1,0.0,0.16971830985915493,0.16913319238900634,1.0,32,32
0.3,0.63,False,1424,1419,4,1,0.9971910112359551,0.0028089887640449437,0.8308668076109936,1179,240,0.0,0,1,0.0,0.16971830985915493,0.16913319238900634,1.0,32,32
0.3,0.63,True,1424,1419,4,1,0.9971910112359551,0.0028089887640449437,0.8308668076109936,1179,240,0.0,0,1,0.0,0.16971830985915493,0.16913319238900634,1.0,32,32
0.3,0.64,False,1424,1419,4,1,0.9971910112359551,0.0028089887640449437,0.8308668076109936,1179,240,0.0,0,1,0.0,0.16971830985915493,0.16913319238900634,1.0,32,32
0.3,0.64,True,1424,1419,4,1,0.9971910112359551,0.0028089887640449437,0.8308668076109936,1179,240,0.0,0,1,0.0,0.16971830985915493,0.16913319238900634,1.0,32,32
0.3,0.65,False,1424,1419,4,1,0.9971910112359551,0.0028089887640449437,0.8308668076109936,1179,240,0.0,0,1,0.0,0.16971830985915493,0.16913319238900634,1.0,32,32
0.3,0.65,True,1424,1419,4,1,0.9971910112359551,0.0028089887640449437,0.8308668076109936,1179,240,0.0,0,1,0.0,0.16971830985915493,0.16913319238900634,1.0,32,32
0.3,0.66,False,1424,1419,5,0,0.9964887640449438,0.0035112359550561797,0.8308668076109936,1179,240,nan,0,0,0.0,0.16913319238900634,0.16913319238900634,nan,32,32
0.3,0.66,True,1424,1419,5,0,0.9964887640449438,0.0035112359550561797,0.8308668076109936,1179,240,nan,0,0,0.0,0.16913319238900634,0.16913319238900634,nan,32,32
0.3,0.67,False,1424,1419,5,0,0.9964887640449438,0.0035112359550561797,0.8308668076109936,1179,240,nan,0,0,0.0,0.16913319238900634,0.16913319238900634,nan,32,32
0.3,0.67,True,1424,1419,5,0,0.9964887640449438,0.0035112359550561797,0.8308668076109936,1179,240,nan,0,0,0.0,0.16913319238900634,0.16913319238900634,nan,32,32
0.3,0.68,False,1424,1419,5,0,0.9964887640449438,0.0035112359550561797,0.8308668076109936,1179,240,nan,0,0,0.0,0.16913319238900634,0.16913319238900634,nan,32,32
0.3,0.68,True,1424,1419,5,0,0.9964887640449438,0.0035112359550561797,0.8308668076109936,1179,240,nan,0,0,0.0,0.16913319238900634,0.16913319238900634,nan,32,32
0.3,0.69,False,1424,1419,5,0,0.9964887640449438,0.0035112359550561797,0.8308668076109936,1179,240,nan,0,0,0.0,0.16913319238900634,0.16913319238900634,nan,32,32
0.3,0.69,True,1424,1419,5,0,0.9964887640449438,0.0035112359550561797,0.8308668076109936,1179,240,nan,0,0,0.0,0.16913319238900634,0.16913319238900634,nan,32,32
0.3,0.7,False,1424,1419,5,0,0.9964887640449438,0.0035112359550561797,0.8308668076109936,1179,240,nan,0,0,0.0,0.16913319238900634,0.16913319238900634,nan,32,32
0.3,0.7,True,1424,1419,5,0,0.9964887640449438,0.0035112359550561797,0.8308668076109936,1179,240,nan,0,0,0.0,0.16913319238900634,0.16913319238900634,nan,32,32
0.3,0.71,False,1424,1419,5,0,0.9964887640449438,0.0035112359550561797,0.8308668076109936,1179,240,nan,0,0,0.0,0.16913319238900634,0.16913319238900634,nan,32,32
0.3,0.71,True,1424,1419,5,0,0.9964887640449438,0.0035112359550561797,0.8308668076109936,1179,240,nan,0,0,0.0,0.16913319238900634,0.16913319238900634,nan,32,32
0.3,0.72,False,1424,1419,5,0,0.9964887640449438,0.0035112359550561797,0.8308668076109936,1179,240,nan,0,0,0.0,0.16913319238900634,0.16913319238900634,nan,32,32
0.3,0.72,True,1424,1419,5,0,0.9964887640449438,0.0035112359550561797,0.8308668076109936,1179,240,nan,0,0,0.0,0.16913319238900634,0.16913319238900634,nan,32,32
0.3,0.73,False,1424,1419,5,0,0.9964887640449438,0.0035112359550561797,0.8308668076109936,1179,240,nan,0,0,0.0,0.16913319238900634,0.16913319238900634,nan,32,32
0.3,0.73,True,1424,1419,5,0,0.9964887640449438,0.0035112359550561797,0.8308668076109936,1179,240,nan,0,0,0.0,0.16913319238900634,0.16913319238900634,nan,32,32
0.3,0.74,False,1424,1419,5,0,0.9964887640449438,0.0035112359550561797,0.8308668076109936,1179,240,nan,0,0,0.0,0.16913319238900634,0.16913319238900634,nan,32,32
0.3,0.74,True,1424,1419,5,0,0.9964887640449438,0.0035112359550561797,0.8308668076109936,1179,240,nan,0,0,0.0,0.16913319238900634,0.16913319238900634,nan,32,32
0.3,0.75,False,1424,1419,5,0,0.9964887640449438,0.0035112359550561797,0.8308668076109936,1179,240,nan,0,0,0.0,0.16913319238900634,0.16913319238900634,nan,32,32
0.3,0.75,True,1424,1419,5,0,0.9964887640449438,0.0035112359550561797,0.8308668076109936,1179,240,nan,0,0,0.0,0.16913319238900634,0.16913319238900634,nan,32,32
0.3,0.76,False,1424,1419,5,0,0.9964887640449438,0.0035112359550561797,0.8308668076109936,1179,240,nan,0,0,0.0,0.16913319238900634,0.16913319238900634,nan,32,32
0.3,0.76,True,1424,1419,5,0,0.9964887640449438,0.0035112359550561797,0.8308668076109936,1179,240,nan,0,0,0.0,0.16913319238900634,0.16913319238900634,nan,32,32
0.3,0.77,False,1424,1419,5,0,0.9964887640449438,0.0035112359550561797,0.8308668076109936,1179,240,nan,0,0,0.0,0.16913319238900634,0.16913319238900634,nan,32,32
0.3,0.77,True,1424,1419,5,0,0.9964887640449438,0.0035112359550561797,0.8308668076109936,1179,240,nan,0,0,0.0,0.16913319238900634,0.16913319238900634,nan,32,32
0.3,0.78,False,1424,1419,5,0,0.9964887640449438,0.0035112359550561797,0.8308668076109936,1179,240,nan,0,0,0.0,0.16913319238900634,0.16913319238900634,nan,32,32
0.3,0.78,True,1424,1419,5,0,0.9964887640449438,0.0035112359550561797,0.8308668076109936,1179,240,nan,0,0,0.0,0.16913319238900634,0.16913319238900634,nan,32,32
0.3,0.79,False,1424,1419,5,0,0.9964887640449438,0.0035112359550561797,0.8308668076109936,1179,240,nan,0,0,0.0,0.16913319238900634,0.16913319238900634,nan,32,32
0.3,0.79,True,1424,1419,5,0,0.9964887640449438,0.0035112359550561797,0.8308668076109936,1179,240,nan,0,0,0.0,0.16913319238900634,0.16913319238900634,nan,32,32
0.3,0.8,False,1424,1419,5,0,0.9964887640449438,0.0035112359550561797,0.8308668076109936,1179,240,nan,0,0,0.0,0.16913319238900634,0.16913319238900634,nan,32,32
0.3,0.8,True,1424,1419,5,0,0.9964887640449438,0.0035112359550561797,0.8308668076109936,1179,240,nan,0,0,0.0,0.16913319238900634,0.16913319238900634,nan,32,32
0.3,0.81,False,1424,1419,5,0,0.9964887640449438,0.0035112359550561797,0.8308668076109936,1179,240,nan,0,0,0.0,0.16913319238900634,0.16913319238900634,nan,32,32
0.3,0.81,True,1424,1419,5,0,0.9964887640449438,0.0035112359550561797,0.8308668076109936,1179,240,nan,0,0,0.0,0.16913319238900634,0.16913319238900634,nan,32,32
0.3,0.82,False,1424,1419,5,0,0.9964887640449438,0.0035112359550561797,0.8308668076109936,1179,240,nan,0,0,0.0,0.16913319238900634,0.16913319238900634,nan,32,32
0.3,0.82,True,1424,1419,5,0,0.9964887640449438,0.0035112359550561797,0.8308668076109936,1179,240,nan,0,0,0.0,0.16913319238900634,0.16913319238900634,nan,32,32
0.3,0.83,False,1424,1419,5,0,0.9964887640449438,0.0035112359550561797,0.8308668076109936,1179,240,nan,0,0,0.0,0.16913319238900634,0.16913319238900634,nan,32,32
0.3,0.83,True,1424,1419,5,0,0.9964887640449438,0.0035112359550561797,0.8308668076109936,1179,240,nan,0,0,0.0,0.16913319238900634,0.16913319238900634,nan,32,32
0.3,0.84,False,1424,1419,5,0,0.9964887640449438,0.0035112359550561797,0.8308668076109936,1179,240,nan,0,0,0.0,0.16913319238900634,0.16913319238900634,nan,32,32
0.3,0.84,True,1424,1419,5,0,0.9964887640449438,0.0035112359550561797,0.8308668076109936,1179,240,nan,0,0,0.0,0.16913319238900634,0.16913319238900634,nan,32,32
0.3,0.85,False,1424,1419,5,0,0.9964887640449438,0.0035112359550561797,0.8308668076109936,1179,240,nan,0,0,0.0,0.16913319238900634,0.16913319238900634,nan,32,32
0.3,0.85,True,1424,1419,5,0,0.9964887640449438,0.0035112359550561797,0.8308668076109936,1179,240,nan,0,0,0.0,0.16913319238900634,0.16913319238900634,nan,32,32
