dataset_index,utt_id,speaker_id,pinyin,syllable_base,tone,speaker_variety,pinyin_variety,pinyin_source,duration_seconds,mean_f0_hz,median_f0_hz,min_f0_hz,max_f0_hz,f0_range_hz,f0_start,f0_25,f0_50,f0_75,f0_end,slope_start_to_mid,slope_mid_to_end,voiced_proportion,slope_start_to_mid_hz_per_s,slope_mid_to_end_hz_per_s,f0_sd_hz,voiced_frames,total_frames,flags
18,SSB00050032,SSB0005,jiang1,jiang,1,mainland,mainland,corpus,0.28,262.763,258.543,255.435,284.362,28.9267,257.554,256.304,283.73,266.647,258.443,14.5718,-14.0528,0.87234,227.622,-219.887,8.80593,41,47,
38,SSB00050050,SSB0005,wei2,wei,2,mainland,mainland,corpus,0.3,216.878,215.268,212.505,225.05,12.545,213.227,212.681,215.17,219.483,223.824,1.25671,5.46116,1,15.5487,69.2313,3.92294,51,51,
43,SSB00050076,SSB0005,dai4,dai,4,mainland,mainland,corpus,0.2,302.058,301.976,282.156,330.765,48.6091,324.102,306.112,301.976,295.179,285.172,-20.4026,-16.5206,0.806452,-368.764,-280.072,12.4075,25,31,
56,SSB00050085,SSB0005,ye2,ye,2,mainland,mainland,corpus,0.22,252.707,248.745,234.847,308.175,73.3286,300.458,251.425,248.745,241.895,234.894,-39.6357,-12.0226,1,-626.824,-167.887,19.6332,34,34,
61,SSB00050089,SSB0005,ta1,ta,1,mainland,mainland,corpus,0.22,295.584,288.704,274.876,324.281,49.4057,322.082,316.061,288.704,277.37,275.014,-44.5658,-19.7892,0.529412,-785.365,-322.12,19.7726,18,34,
73,SSB00050096,SSB0005,hui4,hui,4,mainland,mainland,corpus,0.44,274.28,271.296,253.683,322.671,68.9871,285.994,272.287,256.404,260.711,293.349,-9.69654,11.9507,0.886076,-151.746,189.461,17.2751,70,79,
82,SSB00050105,SSB0005,lai2,lai,2,mainland,mainland,corpus,0.22,244.862,239.111,235.148,307.951,72.8031,288.544,241.907,239.111,236.986,236.582,-39.4345,-2.23122,1,-599.191,-30.6535,16.8594,34,34,
90,SSB03380365,SSB0338,wei4,wei,4,mainland,mainland,corpus,0.22,273.392,276.175,236.783,301.42,64.6372,238.928,254.1,299.502,287.559,269.775,47.4168,-21.9357,1,734.233,-360.325,21.017,34,34,
117,SSB03380390,SSB0338,wo3,wo,3,mainland,mainland,corpus,0.34,247.45,235.225,204.4,338.939,134.538,325.961,276.383,235.225,209.432,209.577,-64.5477,-22.8423,0.610169,-1036.99,-293.115,40.3675,36,59,
125,SSB03380403,SSB0338,jiu4,jiu,4,mainland,mainland,corpus,0.16,320.216,319.865,291.226,358.398,67.1718,357.964,320.84,319.865,310.221,295.012,-45.8406,-32.9478,0.782609,-896.452,-584.78,19.7625,18,23,
138,SSB03380413,SSB0338,dui4,dui,4,mainland,mainland,corpus,0.3,247.696,233.226,197.888,327.37,129.482,199.121,211.03,230.645,302.369,285.538,20.3546,29.5689,1,252.19,439.144,41.8371,51,51,
142,SSB03380414,SSB0338,you3,you,3,mainland,mainland,corpus,0.28,249.977,256.944,191.549,282.374,90.8252,246.51,264.48,271.275,238.295,197.989,14.4117,-47.4091,1,215.351,-637.272,25.05,47,47,
144,SSB03380414,SSB0338,zai4,zai,4,mainland,mainland,corpus,0.22,244.091,231.02,213.04,285.285,72.2456,219.781,216.356,229.03,284.125,262.9,8.65022,28.9421,0.852941,112.11,410.544,28.2665,29,34,
162,SSB03380431,SSB0338,ni2,ni,2,mainland,mainland,corpus,0.14,243.192,241.993,229.31,267.006,37.6964,242.613,231.81,237.004,249.291,258.752,-8.9993,33.7759,1,-124.651,483.292,10.6456,19,19,
168,SSB03380433,SSB0338,mai3,mai,3,mainland,mainland,corpus,0.24,280.704,286.866,248.457,294.023,45.5653,283.684,288.879,293.689,273.307,252.256,10.0009,-43.8798,0.641026,166.751,-690.546,14.1016,25,39,
188,SSB03380464,SSB0338,zai4,zai,4,mainland,mainland,corpus,0.18,276.052,275.143,230.386,321.908,91.522,273.947,308.939,289.812,263.659,234.617,14.9941,-56.2719,1,244.07,-849.143,23.9419,27,27,
195,SSB00120081,SSB0012,shi4,shi,4,mainland,mainland,corpus,0.96,244.409,240.216,197.619,289.879,92.26,219.136,243.682,243.682,289.784,285.198,4.06202,6.01904,0.225275,54.2447,91.7495,29.4621,41,182,low_voicing
201,SSB00120090,SSB0012,xiang4,xiang,4,mainland,mainland,corpus,0.2,275.745,271.819,260.343,306.059,45.7157,300.282,280.468,271.819,264.69,262.507,-43.1021,-15.0861,0.548387,-711.584,-232.784,14.5898,17,31,
214,SSB00120111,SSB0012,wo3,wo,3,mainland,mainland,corpus,0.14,234.243,235.137,231.384,236.136,4.75159,232.047,234.048,235.541,235.775,233.595,7.39281,-4.10263,0.789474,99.834,-55.587,1.72193,15,19,
225,SSB00120125,SSB0012,jiu4,jiu,4,mainland,mainland,corpus,0.34,249.989,247.178,229.015,291.109,62.0936,269.816,238.873,233.322,265.912,256.677,-17.3511,11.3904,0.881356,-251.689,161.072,15.7306,52,59,
236,SSB00120141,SSB0012,dao4,dao,4,mainland,mainland,corpus,0.18,281.709,282.4,272.362,288.062,15.7002,287.499,287.646,282.4,276.562,273.405,-6.19577,-11.2079,0.777778,-101.975,-179.896,5.42054,21,27,
242,SSB00120142,SSB0012,jiu4,jiu,4,mainland,mainland,corpus,0.32,240.116,232.914,216.632,285.504,68.8718,238.456,223.638,225.325,270.15,252.944,-7.26315,14.8276,0.854545,-97.2604,204.585,19.1202,47,55,
255,SSB00120158,SSB0012,jiu4,jiu,4,mainland,mainland,corpus,0.28,222.541,215.842,210.878,242.748,31.8697,214.859,215.53,241.128,234.656,216.04,17.3644,-16.539,0.829787,228.426,-218.154,10.1648,39,47,
260,SSB00120174,SSB0012,wo3,wo,3,mainland,mainland,corpus,0.18,212.612,211.566,209.7,226.076,16.3759,220.835,212.211,210.733,211.259,210.357,-14.7394,-0.561113,0.851852,-183.681,-6.82401,3.82262,23,27,
266,SSB00120180,SSB0012,wo2,wo,2,mainland,mainland,corpus,0.18,234.338,235.941,225.527,243.206,17.6792,226.394,229.928,235.941,237.677,241.676,14.301,8.31587,0.777778,190.931,114.705,5.25063,21,27,
284,SSB00050119,SSB0005,rang4,rang,4,mainland,mainland,corpus,0.34,248.9,244.609,221.596,272.511,50.915,222.22,231.105,244.609,271.591,266.002,11.4607,10.0108,1,154.401,147.543,19.3993,59,59,
324,SSB00050152,SSB0005,ye3,ye,3,mainland,mainland,corpus,0.44,237.47,232.811,210.013,271.845,61.8322,269.634,250.585,232.811,227.098,211.642,-13.0366,-8.46361,1,-188.837,-108.559,18.3453,79,79,
329,SSB00050157,SSB0005,zai4,zai,4,mainland,mainland,corpus,0.2,269.433,270.792,249.549,285.609,36.0603,253.869,261.915,270.792,280.634,278.346,14.8963,6.35082,1,225.643,100.716,12.1636,31,31,
344,SSB00050184,SSB0005,lai2,lai,2,mainland,mainland,corpus,0.22,250.08,241.731,232.096,301.066,68.9698,295.915,258.805,241.731,232.636,234.075,-43.767,-6.96477,0.970588,-677.3,-95.7004,20.9719,33,34,
352,SSB00050196,SSB0005,er2,er,2,mainland,mainland,corpus,0.2,218.872,240.023,117.965,255.918,137.953,118.627,235.868,240.023,244.426,252.114,195.214,13.6139,0.83871,1942.33,193.462,50.1981,26,31,octave_span|frame_jump
363,SSB00050197,SSB0005,zai4,zai,4,mainland,mainland,corpus,0.22,299.688,298.214,284.188,323.293,39.1048,315.692,306.494,298.214,292.795,287.037,-17.1486,-11.5014,0.705882,-303.968,-194.381,9.97852,24,34,
366,SSB00050197,SSB0005,yao4,yao,4,mainland,mainland,corpus,0.28,249.766,253.035,235.143,264.553,29.4105,236.88,236.955,253.035,263.25,258.222,9.93153,3.05486,1,140.473,45.1056,11.2761,47,47,
374,SSB03390065,SSB0339,wo3,wo,3,mainland,mainland,corpus,0.14,163.635,193.842,93.0354,197.902,104.867,95.0678,95.5768,196.196,197.165,193.306,278.737,-5.70776,1,2247.29,-64.2069,47.9746,19,19,octave_span|frame_jump
377,SSB03390066,SSB0339,zai4,zai,4,mainland,mainland,corpus,0.14,276.627,271.008,258.194,316.892,58.6979,303.394,283.94,270.078,264.885,260.116,-57.5376,-18.5899,0.789474,-951.895,-284.627,16.9444,15,19,
382,SSB03390070,SSB0339,wo3,wo,3,mainland,mainland,corpus,0.14,200.759,200.646,196.872,202.848,5.97554,199.565,199.928,200.394,202.307,202.658,2.87083,7.78024,0.578947,33.1617,90.5656,1.81358,11,19,
385,SSB03390070,SSB0339,hen3,hen,3,mainland,mainland,corpus,0.18,210.104,214.641,185.068,224.961,39.8936,223.749,216.314,214.641,206.91,185.369,-11.0686,-39.0517,1,-140.122,-450.348,11.7201,27,27,
388,SSB03390072,SSB0339,bei4,bei,4,mainland,mainland,corpus,0.14,133.889,134.3,124.028,140.921,16.8934,139.449,138.437,134.3,131.47,126.402,-20.0404,-32.2843,0.736842,-158.424,-243.006,5.49254,14,19,
405,SSB03390091,SSB0339,jiu4,jiu,4,mainland,mainland,corpus,0.16,137.24,137.988,133.314,139.347,6.03276,139.243,139.13,137.988,135.654,134.324,-6.26896,-18.6337,0.478261,-50.1935,-146.539,2.1936,11,23,
414,SSB03390093,SSB0339,yong4,yong,4,mainland,mainland,corpus,0.14,131.497,133.264,124.743,137.285,12.5417,125.048,125.63,133.264,136.638,135.521,24.4813,6.45905,1,182.577,50.1392,5.00076,19,19,
417,SSB03390096,SSB0339,lai2,lai,2,mainland,mainland,corpus,0.16,215.158,215.926,204.225,217.944,13.7185,212.867,214.801,215.172,217.322,217.437,4.14361,4.02771,0.826087,51.2239,50.3228,3.15059,19,23,
469,SSB03390131,SSB0339,ye3,ye,3,mainland,mainland,corpus,0.16,223.13,216.583,199.056,248.572,49.516,234.72,237.794,215.239,215.96,200.384,-27.273,-22.5105,1,-354.199,-270.093,13.6899,23,23,
474,SSB03390132,SSB0339,wo3,wo,3,mainland,mainland,corpus,0.12,248.453,205.084,198.606,361.183,162.577,348.28,346.506,201.356,202.085,206.346,-291.878,13.041,0.928571,-4520.76,153.549,70.9595,13,14,
477,SSB03390132,SSB0339,wo2,wo,2,mainland,mainland,corpus,0.16,188.286,187.173,182.472,198.625,16.1534,182.689,183.503,187.173,192.206,196.954,7.63267,16.0342,1,81.5283,177.845,5.25125,23,23,
486,SSB03390151,SSB0339,hai2,hai,2,mainland,mainland,corpus,0.2,215.458,214.315,188.179,233.658,45.479,225.822,230.134,206.581,210.86,193.844,-20.5565,-14.6895,0.741935,-256.546,-169.823,13.9797,23,31,
500,SSB03390174,SSB0339,lai2,lai,2,mainland,mainland,corpus,0.16,70.4688,67.3396,61.2234,85.6073,24.3838,61.3999,84.1595,66.0463,67.3396,68.0489,26.5871,10.8871,0.869565,97.8183,42.1605,8.55185,20,23,
505,SSB03390181,SSB0339,ye3,ye,3,mainland,mainland,corpus,0.14,197.601,198.829,188.6,214.359,25.7589,210.487,200.093,198.829,189.17,192.399,-21.9215,-12.6464,1,-259.076,-142.88,8.16339,19,19,
512,SSB03390186,SSB0339,lai2,lai,2,mainland,mainland,corpus,0.18,209.838,209.373,207.956,215.163,7.20717,209.664,208.317,208.206,210.611,213.433,-3.02146,10.7314,0.62963,-36.4645,130.674,2.06433,17,27,
518,SSB03390189,SSB0339,cong2,cong,2,mainland,mainland,corpus,0.16,227.89,225.291,203.682,256.782,53.0998,251.235,245.321,225.291,210.617,205.899,-68.6173,-56.6648,0.521739,-943.42,-705.185,19.1395,12,23,
523,SSB03390190,SSB0339,hao3,hao,3,mainland,mainland,corpus,0.32,152.018,179.414,83.0777,219.594,136.516,83.3032,84.1765,199.845,199.845,179.309,112.217,-13.9056,0.454545,863.273,-152.123,53.2238,25,55,octave_span
528,SSB03390197,SSB0339,dou1,dou,1,mainland,mainland,corpus,0.34,221.856,221.596,194.455,248.783,54.3281,248.579,234.33,196.679,219.098,240.485,-27.9608,24.0086,0.881356,-357.929,302.11,18.6528,52,59,
538,SSB03390199,SSB0339,deng3,deng,3,mainland,mainland,corpus,0.16,152.33,93.1494,87.7148,254.371,166.656,251.682,230.586,93.3756,92.8539,90.4874,-312.106,-9.88987,0.652174,-2878.31,-52.5126,76.9324,15,23,octave_span
547,SSB03390204,SSB0339,he2,he,2,mainland,mainland,corpus,0.2,188.822,193.027,175.274,201.255,25.9814,198.885,196.356,193.027,181.938,175.667,-6.90116,-21.7535,0.903226,-78.1073,-231.466,8.75044,28,31,
568,SSB03390220,SSB0339,zhe4,zhe,4,mainland,mainland,corpus,0.14,249.187,249.631,242.424,254.497,12.0728,254.035,252.595,249.631,246.385,245.341,-17.3002,-17.1495,0.421053,-251.649,-245.152,4.52679,8,19,
571,SSB03390224,SSB0339,zou3,zou,3,mainland,mainland,corpus,0.16,93.0536,92.8246,92.6479,93.9243,1.27647,93.3808,93.1469,93.0027,92.7906,92.7427,-4.01324,-2.76934,0.347826,-21.6031,-14.8562,0.474034,8,23,
575,SSB03390225,SSB0339,ni3,ni,3,mainland,mainland,corpus,0.36,166.866,192.701,63.3778,243.28,179.902,226.338,212.107,189.323,64.7217,89.8046,-19.9455,-83.3024,0.920635,-238.806,-642.055,60.4526,58,63,octave_span
587,SSB03390244,SSB0339,he2,he,2,mainland,mainland,corpus,0.18,217.251,217.048,207.996,232.145,24.1492,218.56,217.351,216.95,217.284,208.041,-1.96987,-11.1678,1,-24.7769,-137.056,5.9019,27,27,
591,SSB03390245,SSB0339,you2,you,2,mainland,mainland,corpus,0.16,210.652,209.143,203.138,218.685,15.5475,217.155,216.936,209.143,205.488,203.498,-16.2709,-11.8422,0.73913,-200.303,-141.121,5.68085,17,23,
594,SSB03390245,SSB0339,an4,an,4,mainland,mainland,corpus,0.18,229.404,230.053,219.332,235.855,16.5228,229.019,234.044,234.047,228.136,220.307,8.84597,-24.6446,0.666667,118.3,-323.294,5.13712,18,27,
600,SSB03390251,SSB0339,zuo4,zuo,4,mainland,mainland,corpus,0.22,258.335,257.061,241.938,280.016,38.0781,247.23,244.321,258.651,272.976,258.881,9.477,0.186213,1,138.439,2.78331,12.7598,34,34,
603,SSB03390253,SSB0339,wo3,wo,3,mainland,mainland,corpus,0.3,211.342,212.107,202.494,219.347,16.8523,209.519,212.542,213.217,213.435,203.03,2.63371,-7.36943,0.921569,32.1543,-88.5753,4.07994,47,51,
615,SSB03390263,SSB0339,lai2,lai,2,mainland,mainland,corpus,0.18,219.785,218.73,214.763,228.881,14.1184,225.834,221.714,218.568,216.732,215.861,-9.43523,-3.59619,0.925926,-121.089,-45.1201,3.58738,25,27,
618,SSB03390263,SSB0339,qing2,qing,2,mainland,mainland,corpus,0.34,177.717,196.571,107.334,231.413,124.079,107.833,107.667,228.887,228.887,196.426,89.8626,-18.2607,0.322034,834.856,-223.869,50.1175,19,59,octave_span
622,SSB03390269,SSB0339,qing3,qing,3,mainland,mainland,corpus,0.18,225.02,225.746,198.505,250.012,51.5067,242.198,235.669,225.746,214.687,203.911,-54.1261,-78.2711,0.37037,-731.2,-970.429,17.2868,10,27,
630,SSB03390276,SSB0339,ke3,ke,3,mainland,mainland,corpus,0.16,245.023,247.984,221.573,259.944,38.3708,258.698,255.956,247.984,236.84,227.623,-32.5447,-65.9201,0.434783,-476.174,-904.93,13.7942,10,23,
639,SSB03390278,SSB0339,ke3,ke,3,mainland,mainland,corpus,0.2,219.904,216.871,197.734,256.015,58.2803,201.251,214.245,220.395,252.795,212.895,20.9749,-7.99156,0.774194,255.248,-99.9957,17.0477,24,31,
648,SSB03390281,SSB0339,jiu4,jiu,4,mainland,mainland,corpus,0.18,226.597,238.202,198.992,261.276,62.2839,199.823,203.032,261.05,245.262,238.66,71.1881,-23.8831,0.814815,941.951,-344.456,22.9956,22,27,
650,SSB03390281,SSB0339,neng2,neng,2,mainland,mainland,corpus,0.16,208.294,204.862,188.709,234.946,46.2376,234.417,224.273,204.862,191.73,189.044,-42.4208,-25.2929,1,-537.374,-287.588,17.6109,23,23,
666,SSB03390304,SSB0339,bie2,bie,2,mainland,mainland,corpus,0.14,200.815,201.175,197.528,202.919,5.3919,202.841,202.742,199.004,199.609,200.443,-12.0224,4.53632,0.631579,-139.524,52.3329,2.04633,12,19,
681,SSB03390319,SSB0339,you3,you,3,mainland,mainland,corpus,0.18,224.604,228.864,186.659,262.322,75.6631,260.567,249.595,228.864,194.961,187.895,-34.5532,-52.5342,1,-487.736,-630.285,27.8893,27,27,
691,SSB03390322,SSB0339,na4,na,4,mainland,mainland,corpus,0.14,256.081,253.464,250.557,265.245,14.6875,263.646,260.907,251.433,252.5,253.464,-19.3205,3.27666,0.947368,-287.359,47.7799,5.20881,18,19,
699,SSB03390330,SSB0339,ta1,ta,1,mainland,mainland,corpus,0.14,280.613,279.2,275.971,289.024,13.0528,284.335,282.114,279.52,278.411,277.658,-11.8276,-4.62706,0.578947,-192.605,-74.458,3.87613,11,19,
703,SSB03390332,SSB0339,wo3,wo,3,mainland,mainland,corpus,0.16,191.297,208.307,102.437,212.807,110.371,103.183,212.236,212.376,207.809,198.62,227.217,-21.0785,0.826087,1985.32,-250.109,39.5899,19,23,octave_span
704,SSB03390332,SSB0339,geng4,geng,4,mainland,mainland,corpus,0.2,231.259,195.918,193.166,272.031,78.8653,194.295,194.523,195.497,271.827,269.088,1.42413,73.7492,0.870968,16.0323,981.216,38.8015,27,31,
707,SSB03390333,SSB0339,rang4,rang,4,mainland,mainland,corpus,0.14,262.675,261.944,256.772,269.312,12.54,268.672,267.688,257.545,260.154,263.48,-16.2722,8.76482,1,-247.264,131.885,4.63015,19,19,
711,SSB03390333,SSB0339,shi4,shi,4,mainland,mainland,corpus,0.18,230.159,229.296,222.422,240.07,17.6484,225.701,232.446,232.446,240.033,230.886,7.84333,-1.79306,0.407407,103.774,-23.9939,5.81317,11,27,
716,SSB03390342,SSB0339,dan4,dan,4,mainland,mainland,corpus,0.14,127.717,129.312,123.213,130.167,6.95465,129.712,129.647,129.422,126.772,124.611,-1.93236,-32.7913,0.473684,-14.4619,-240.554,2.77059,9,19,
728,SSB03390349,SSB0339,zai4,zai,4,mainland,mainland,corpus,0.14,287.723,285.8,260.729,325.825,65.0957,317.184,299.528,285.8,269.657,263.673,-55.4999,-42.9262,0.736842,-965.65,-680.844,22.0053,14,19,
750,SSB03390363,SSB0339,shi4,shi,4,mainland,mainland,corpus,0.22,220.774,198.037,192.896,269.951,77.0554,194.135,198.322,198.322,264.398,256.577,4.47728,54.0431,0.294118,50.7462,706.118,32.9192,10,34,low_voicing
757,SSB03390366,SSB0339,dan4,dan,4,mainland,mainland,corpus,0.18,251.899,254.878,239.933,261.976,22.0429,255.953,255.194,255.169,247.652,241.032,-1.06219,-19.7358,0.777778,-15.6799,-282.754,5.82923,21,27,
760,SSB03390366,SSB0339,he2,he,2,mainland,mainland,corpus,0.28,190.056,190.446,178.834,202.688,23.8543,189.192,180.617,195.597,191.627,200.198,5.01244,3.50018,0.93617,55.6987,40.0088,7.41109,44,47,
764,SSB03390368,SSB0339,gai1,gai,1,mainland,mainland,corpus,0.16,263.939,263.082,261.578,269.503,7.9246,264.497,262.248,261.919,263.934,265.309,-6.16751,8.09708,0.521739,-93.7669,123.292,2.42426,12,23,
780,SSB03390381,SSB0339,dao4,dao,4,mainland,mainland,corpus,0.26,246.476,246.383,231.555,260.046,28.4912,248.82,243.784,246.455,251.572,235.06,-1.5752,-7.80515,1,-22.5317,-108.523,6.13002,43,43,
790,SSB03390389,SSB0339,jiao4,jiao,4,mainland,mainland,corpus,0.28,211.842,197.479,194.829,261.4,66.5704,197.071,196.989,197.351,259.227,234.438,0.213754,25.9241,0.914894,2.43495,322.491,23.7459,43,47,
793,SSB03390391,SSB0339,lai2,lai,2,mainland,mainland,corpus,0.18,99.8514,100.637,96.353,102.968,6.61464,96.6583,96.8334,100.637,101.364,101.958,23.2796,7.52641,0.481481,132.632,44.0378,2.33311,13,27,
821,SSB03390405,SSB0339,shi4,shi,4,mainland,mainland,corpus,0.18,242.327,244.508,230.265,248.403,18.1379,243.354,243.783,247.016,246.638,232.128,3.9788,-16.558,1,56.3485,-229.059,5.47508,27,27,
826,SSB03390412,SSB0339,wo3,wo,3,mainland,mainland,corpus,0.14,207.42,209.258,187.652,211.383,23.7318,200.981,209.681,209.339,209.723,209.465,15.6756,0.231561,1,185.738,2.80086,5.64001,19,19,
830,SSB03390415,SSB0339,ting1,ting,1,mainland,mainland,corpus,0.32,232.295,225.879,213.412,273.895,60.4829,238.464,220.181,216.711,273.895,253.094,-12.2666,19.9025,0.745455,-161.133,269.506,17.5984,41,55,
865,SSB03390445,SSB0339,wo3,wo,3,mainland,mainland,corpus,0.3,235.928,227.118,203.646,273.631,69.9853,205.085,219.598,227.598,266.193,273.485,14.4254,25.4374,0.901961,180.103,367.095,24.8615,46,51,
877,SSB03390451,SSB0339,hai2,hai,2,mainland,mainland,corpus,0.2,218.031,220.318,204.179,234.08,29.9018,231.55,224.905,220.644,205.913,206.132,-11.1369,-15.7042,1,-145.418,-193.491,9.58556,31,31,
886,SSB03390460,SSB0339,wo2,wo,2,mainland,mainland,corpus,0.12,230.167,229.856,225.164,237.333,12.1686,229.544,226.214,226.605,231.814,234.992,-6.86358,19.3587,1,-90.4202,258.052,3.98985,14,14,
904,SSB03390490,SSB0339,ke3,ke,3,mainland,mainland,corpus,0.16,233.009,237.656,208.119,250.186,42.0666,249.293,247.77,237.656,219.43,212.524,-36.7832,-86,0.434783,-517.207,-1116.98,16.7342,10,23,
919,SSB03390508,SSB0339,ke3,ke,3,mainland,mainland,corpus,0.22,224.597,222.425,193.944,254.993,61.0489,209.029,233.344,250.998,249.528,196.912,38.3962,-50.928,0.647059,508.717,-655.597,20.0196,22,34,
926,SSB03410006,SSB0341,zhe4,zhe,4,mainland,mainland,corpus,0.26,218.307,211.866,204.875,250.321,45.4463,249.63,227.999,206.89,205.692,211.581,-38.248,4.5662,0.813953,-502.816,55.1845,14.7029,35,43,
933,SSB03410010,SSB0341,jiu4,jiu,4,mainland,mainland,corpus,0.32,185.566,178.09,171.443,227.865,56.4221,171.703,177.31,176.113,177.37,209.316,3.25157,22.1495,0.945455,32.6613,245.949,16.5241,52,55,
936,SSB03410011,SSB0341,wo3,wo,3,mainland,mainland,corpus,0.4,174.381,167.86,124.138,228.935,104.797,211.179,207.549,167.86,148.027,125.084,-22.7116,-29.0987,1,-247.539,-244.431,32.035,71,71,
940,SSB03410012,SSB0341,neng2,neng,2,mainland,mainland,corpus,0.2,163.859,168.385,149.64,178.156,28.516,172.968,177.313,168.385,151.141,150.058,-6.19812,-26.5984,1,-61.1015,-244.356,11.6431,31,31,
949,SSB03410015,SSB0341,jian1,jian,1,mainland,mainland,corpus,0.32,172.429,171.544,146.52,198.495,51.975,148.298,169.71,156.971,194.263,179.415,7.28903,17.1379,0.836364,64.2466,166.251,15.9215,46,55,
959,SSB03410024,SSB0341,wo2,wo,2,mainland,mainland,corpus,0.2,171.067,169.504,153.854,192.383,38.5291,156.627,162.24,169.504,179.112,188.392,26.0527,34.8386,0.709677,245.264,359.771,11.6264,22,31,
978,SSB03410037,SSB0341,you4,you,4,mainland,mainland,corpus,0.18,212.584,214.748,201.902,222.52,20.6181,202.745,209.301,216.992,217.972,206.102,20.4481,-15.5037,0.888889,247.786,-189.405,6.81796,24,27,
983,SSB03410038,SSB0341,ta1,ta,1,mainland,mainland,corpus,0.18,233.868,230.674,229.167,243.327,14.1597,240.382,237.985,229.641,230.08,230.674,-26.3784,2.59105,0.481481,-358.019,34.4464,5.62926,13,27,
985,SSB03410038,SSB0341,wo3,wo,3,mainland,mainland,corpus,0.22,200.897,187.484,145.969,339.371,193.403,207.085,194.539,162.541,146.388,333.304,-50.8245,150.695,0.823529,-539.927,2069.85,59.0514,28,34,octave_span
990,SSB03410058,SSB0341,ni2,ni,2,mainland,mainland,corpus,0.16,192.948,192.995,175.843,212.154,36.3108,203.913,194.846,179.073,188.736,207.755,-42.8365,48.9922,0.956522,-473.152,546.337,11.4756,22,23,
997,SSB03410061,SSB0341,zai4,zai,4,mainland,mainland,corpus,0.28,193.658,180.197,156.572,235.813,79.2416,164.058,173.837,180.197,224.861,205.438,14.1252,19.7355,0.617021,140.337,219.491,25.4711,29,47,
999,SSB03410066,SSB0341,ni3,ni,3,mainland,mainland,corpus,0.18,175.944,175.038,155.581,207.01,51.4289,201.907,179.018,175.038,167.112,155.995,-38.0349,-30.6767,1,-413.369,-292.965,13.8491,27,27,
1011,SSB03410070,SSB0341,qu4,qu,4,mainland,mainland,corpus,0.28,189.919,176.754,148.801,239.083,90.282,158.03,176.703,176.703,238.703,221.588,16.8136,34.0751,0.574468,162.376,390.305,29.2648,27,47,
1013,SSB03410072,SSB0341,qing3,qing,3,mainland,mainland,corpus,0.18,183.326,182.97,168.078,198.877,30.7988,195.008,189.352,180.747,174.123,170.261,-65.7376,-51.7313,0.333333,-713.057,-524.27,11.5265,9,27,
1019,SSB00120191,SSB0012,wo2,wo,2,mainland,mainland,corpus,0.12,245.813,244.382,240.354,256.081,15.7274,242.513,241.076,242.437,248.145,252.583,-0.166054,21.839,1,-2.32574,312.183,5.15682,14,14,
1040,SSB00120201,SSB0012,cong2,cong,2,mainland,mainland,corpus,0.18,266.245,259.546,256.293,305.78,49.4875,284.266,268.58,259.546,256.778,257.446,-39.3768,-3.51524,0.62963,-618.022,-52.4869,14.0122,17,27,
1044,SSB00120201,SSB0012,jiu4,jiu,4,mainland,mainland,corpus,0.24,232.136,228.212,224.947,244.772,19.8244,228.862,227.034,225.583,243.505,238.545,-2.62993,10.1818,1,-34.517,136.447,7.243,39,39,
1050,SSB00120209,SSB0012,ta1,ta,1,mainland,mainland,corpus,0.18,274.636,274.516,272.092,278.101,6.00923,274.167,275.986,274.029,272.66,276.966,-0.192944,4.10095,0.703704,-3.0548,65.2592,1.78772,19,27,
1057,SSB00120211,SSB0012,zai4,zai,4,mainland,mainland,corpus,0.4,211.119,213.172,188.134,239.675,51.541,226.566,200.655,196.973,232.621,215.271,-13.8469,8.7881,0.84507,-169.103,104.563,14.7987,60,71,
1063,SSB00120230,SSB0012,wo3,wo,3,mainland,mainland,corpus,0.14,229.384,230.893,215.657,236.879,21.2223,219.417,227.552,230.893,234.06,236.517,27.1568,12.8182,0.736842,353.111,173.029,6.89393,14,19,
1100,SSB00120276,SSB0012,dan4,dan,4,mainland,mainland,corpus,0.18,276.183,275.273,272.601,283.837,11.2356,281.329,276.935,274.291,275.273,273.53,-9.23365,-1.01298,0.740741,-148.164,-16.0271,2.96999,20,27,
1116,SSB00120292,SSB0012,chao1,chao,1,mainland,mainland,corpus,0.22,255.527,254.246,247.585,268.068,20.4824,264.739,261.455,253.202,248.747,247.792,-22.0394,-10.6838,0.441176,-329.626,-154.581,7.19607,15,34,
1122,SSB00120295,SSB0012,bing4,bing,4,mainland,mainland,corpus,0.22,276.971,278.537,260.468,294.025,33.5569,286.433,280.352,279.88,275.687,263.216,-5.34206,-14.1701,0.911765,-87.3696,-222.191,7.30078,31,34,
1129,SSB00120296,SSB0012,yu3,yu,3,mainland,mainland,corpus,0.18,228.414,227.677,220.275,252.011,31.7362,238.987,222.581,229.827,228.004,222.521,-10.4102,-8.60338,1,-140.935,-112.388,6.80393,27,27,
1157,SSB00120340,SSB0012,wo2,wo,2,mainland,mainland,corpus,0.14,243.32,241.409,230.897,259.985,29.0881,231.936,235.757,241.409,250.524,256.086,21.3259,31.4388,0.736842,291.501,451.59,9.95303,14,19,
1162,SSB00120340,SSB0012,jiu4,jiu,4,mainland,mainland,corpus,0.36,223.629,218.715,211.865,279.997,68.1319,216.047,212.904,220.08,243.471,222.458,2.06567,1.20048,0.888889,26.0182,15.3432,14.6186,56,63,
1196,SSB00120378,SSB0012,he2,he,2,mainland,mainland,corpus,0.42,212.067,215.357,193.669,226.054,32.3851,215.825,214.395,217.87,215.674,193.752,0.882629,-10.9788,1,11.0554,-130.368,8.48363,75,75,
1212,SSB00120410,SSB0012,wo3,wo,3,mainland,mainland,corpus,0.6,207.322,200.864,179.348,261.764,82.4162,253.464,206.227,196.502,182.461,198.75,-16.172,0.722558,0.927273,-209.037,8.24814,20.9984,102,110,
1216,SSB00120414,SSB0012,shi4,shi,4,mainland,mainland,corpus,0.22,262.625,269.404,224.885,275.734,50.8491,224.885,224.885,273.769,273.769,265.77,41.2757,-6.22211,0.352941,592.53,-96.9489,18.0767,12,34,
1217,SSB00120414,SSB0012,wo2,wo,2,mainland,mainland,corpus,0.2,211.59,209.208,203.568,233.877,30.309,226.889,210.913,204.185,208.186,214.033,-24.3372,10.8732,1,-302.715,131.309,7.74358,31,31,
1218,SSB00120414,SSB0012,zhi3,zhi,3,mainland,mainland,corpus,0.22,222.901,227.323,197.569,234.976,37.4073,234.436,228.025,231.673,219.496,201.191,-2.48835,-29.6034,0.823529,-33.4972,-369.477,11.4096,28,34,
1221,SSB00120420,SSB0012,zhe4,zhe,4,mainland,mainland,corpus,0.18,284.589,283.84,272.168,297.928,25.7603,297.876,288.57,283.84,279.268,274.753,-22.2836,-15.0218,0.592593,-374.305,-242.321,7.70589,16,27,
1235,SSB00120449,SSB0012,zhe4,zhe,4,mainland,mainland,corpus,0.18,288.465,287.288,285.503,297.042,11.539,291.407,289.632,287.288,286.458,285.827,-6.16036,-2.2077,0.62963,-102.959,-36.5422,2.92903,17,27,
1243,SSB00120457,SSB0012,tai4,tai,4,mainland,mainland,corpus,0.34,230.809,256.136,190.7,272.499,81.7995,191.064,192.156,265.264,269.293,260.125,39.1757,-2.33557,0.610169,511.725,-35.4385,37.6026,36,59,
1251,SSB00120471,SSB0012,jiu4,jiu,4,mainland,mainland,corpus,0.26,202.877,210.048,93.8205,270.896,177.076,210.048,201.481,96.9773,263.138,235.472,-127.428,146.267,0.767442,-1076.86,1319,55.2616,33,43,octave_span
1256,SSB00120473,SSB0012,dui4,dui,4,mainland,mainland,corpus,0.24,241.365,241.626,180.918,290.419,109.5,183.414,280.056,272.388,241.819,236.282,72.0708,-25.9145,0.769231,936.57,-380.069,34.2174,30,39,
1265,SSB00120479,SSB0012,wo3,wo,3,mainland,mainland,corpus,0.3,233.259,233.78,199.816,267.908,68.0921,265.315,252.97,234.722,214.015,201.158,-16.9687,-21.3714,1,-244.75,-268.506,22.3248,51,51,
1270,SSB00120483,SSB0012,ye3,ye,3,mainland,mainland,corpus,0.3,264.376,274.14,222.913,279.537,56.6246,274.068,278.698,276.488,252.334,227.109,1.21721,-27.2478,1,19.3543,-395.031,18.0937,51,51,
1278,SSB00120500,SSB0012,wo3,wo,3,mainland,mainland,corpus,0.34,224.492,223.617,216.179,235.995,19.8159,218.129,226.092,224.845,223.546,219.647,3.88872,-2.99934,0.932203,49.7469,-38.5022,4.78331,55,59,
1283,SSB00120503,SSB0012,hui4,hui,4,mainland,mainland,corpus,0.32,235.097,223.081,209.241,272.102,62.8608,211.036,218.617,223.081,258.889,249.03,7.11794,14.1112,1,89.2203,192.214,20.6365,55,55,
1286,SSB00120509,SSB0012,cong2,cong,2,mainland,mainland,corpus,0.2,255.758,253.581,248.082,271.371,23.2884,266.369,260.916,253.581,248.967,248.35,-22.7133,-9.62272,0.516129,-341.011,-139.489,7.5283,16,31,
1294,SSB00160010,SSB0016,wo3,wo,3,mainland,mainland,corpus,0.2,202.356,201.971,190.481,212.795,22.3143,212.366,208.647,201.971,192.5,198.339,-11.9849,-4.33272,0.967742,-143.387,-50.0909,7.1406,30,31,
1303,SSB00160012,SSB0016,ni3,ni,3,mainland,mainland,corpus,0.16,191.677,192.248,184.815,197.785,12.9699,189.219,197.293,195.272,187.878,185.531,10.903,-17.7187,0.913043,121.063,-194.828,4.67686,21,23,
1306,SSB00160014,SSB0016,ni3,ni,3,mainland,mainland,corpus,0.14,206.188,209.069,193.02,216.514,23.4944,212.619,210.679,209.069,200.831,195.643,-6.4769,-25.5348,1,-78.8792,-298.355,6.85462,19,19,
1314,SSB00160016,SSB0016,shi4,shi,4,mainland,mainland,corpus,0.18,266.22,264.153,256.228,279.129,22.9005,278.208,273.467,264.153,259.813,257.536,-32.6371,-15.9695,0.444444,-511.114,-240.6,8.24113,12,27,
1337,SSB00160040,SSB0016,wo3,wo,3,mainland,mainland,corpus,0.4,208.578,203.648,161.996,274.182,112.186,268.334,239.394,203.648,178.108,167.655,-36.0409,-25.4108,0.760563,-488.195,-271.641,32.7341,54,71,
1351,SSB00160053,SSB0016,shi4,shi,4,mainland,mainland,corpus,0.22,221.594,217.232,191.175,260.835,69.6591,193.78,198.532,228.894,259.989,240.714,34.947,10.5655,0.411765,425.626,143.268,28.0681,14,34,
1355,SSB00160057,SSB0016,bei4,bei,4,mainland,mainland,corpus,0.46,183.65,186.297,92.5669,263.316,170.749,186.801,179.358,93.5207,246.629,218.83,-58.4279,71.7922,0.843373,-455.024,611.263,58.6755,70,83,octave_span|frame_jump
1365,SSB00160066,SSB0016,zhe4,zhe,4,mainland,mainland,corpus,0.16,248.832,252.082,228.275,262.152,33.8777,261.066,260.81,252.082,237.117,230.669,-12.762,-32.3547,0.869565,-189.117,-450.807,12.1277,20,23,
1376,SSB00160070,SSB0016,dui4,dui,4,mainland,mainland,corpus,0.34,213.075,225.324,161.853,246.242,84.3889,163.768,176.682,220.81,243.987,234.351,35.6816,7.10614,0.59322,393.393,93.3866,33.1946,35,59,
1416,SSB00160118,SSB0016,dan4,dan,4,mainland,mainland,corpus,0.16,123.924,123.991,119.112,128.129,9.01654,127.334,127.478,123.991,121.414,119.676,-10.2339,-13.6275,0.826087,-74.2794,-95.8921,2.98672,19,23,
1426,SSB00160125,SSB0016,zuo4,zuo,4,mainland,mainland,corpus,0.32,213.011,210.828,194.083,249.603,55.5203,226.772,209.961,198.09,217.907,214.288,-17.3411,10.0795,0.963636,-212.46,119.985,12.4548,53,55,
1437,SSB00160142,SSB0016,dan4,dan,4,mainland,mainland,corpus,0.16,251.39,250.086,236.981,271.667,34.6859,265.185,257.472,250.086,244.614,238.176,-23.8803,-19.8776,0.782609,-355.276,-280.249,10.0406,18,23,
1439,SSB00160142,SSB0016,zuo4,zuo,4,mainland,mainland,corpus,0.24,209.211,188.076,173.335,253.818,80.4835,182.426,179.833,176.727,247.605,234.859,-5.78371,51.8237,0.794872,-59.9878,611.914,32.4571,31,39,
1446,SSB00160146,SSB0016,ta1,ta,1,mainland,mainland,corpus,0.14,342.188,265.634,262.277,484.325,222.048,483.365,483.103,263.665,264.473,265.403,-233.175,2.52757,0.894737,-4882.22,38.6213,107.307,17,19,
1455,SSB00160157,SSB0016,dan4,dan,4,mainland,mainland,corpus,0.18,254.801,255.322,239.646,266.95,27.3035,266.379,261.746,255.322,248.082,241.578,-14.6791,-19.1584,0.777778,-221.141,-274.873,8.37641,21,27,
1469,SSB00160160,SSB0016,yao4,yao,4,mainland,mainland,corpus,0.2,243.4,248.206,224.287,258.096,33.8083,224.89,232.408,255.988,251.154,248.074,29.897,-7.24933,1,414.64,-105.526,11.2696,31,31,
1471,SSB00160164,SSB0016,wo2,wo,2,mainland,mainland,corpus,0.14,232.977,227.93,197.421,264.588,67.1671,202.327,211.19,227.93,261.397,263.74,55.0083,67.3693,0.842105,682.741,954.948,25.2971,16,19,
1477,SSB00160167,SSB0016,ba3,ba,3,mainland,mainland,corpus,0.2,234.531,248.173,193.776,260.908,67.1324,251.489,249.361,250.526,216.412,198.358,-0.886289,-53.8965,1,-12.8501,-695.572,21.1515,31,31,
1480,SSB00160167,SSB0016,quan2,quan,2,mainland,mainland,corpus,0.26,190.672,186.492,176.67,226.303,49.6331,178.357,190.426,177.021,222.089,205.998,-1.24017,24.9958,0.651163,-12.7287,275.975,14.8573,28,43,
1486,SSB00160170,SSB0016,huan4,huan,4,mainland,mainland,corpus,0.26,254.943,252.81,239.026,288.975,49.9493,244.005,252.606,285.321,264.183,246.006,25.7913,-24.4448,0.790698,393.484,-374.428,13.3426,34,43,
1515,SSB00160199,SSB0016,ke3,ke,3,mainland,mainland,corpus,0.28,208.758,209.096,182.516,227.752,45.2361,214.579,199.264,214.388,224.854,189.324,-0.134506,-18.7164,1,-1.6664,-217.946,11.6857,47,47,
1518,SSB00160211,SSB0016,wo2,wo,2,mainland,mainland,corpus,0.16,218.018,221.178,199.611,232.467,32.8558,201.049,210.59,221.178,225.576,229.897,30.0345,12.1703,1,365.975,158.53,10.1175,23,23,
1527,SSB00160224,SSB0016,ni3,ni,3,mainland,mainland,corpus,0.12,214.097,213.078,209.149,227.177,18.028,215.147,213.029,214.369,213.707,211.194,-1.93006,-7.9481,1,-23.9422,-97.6863,4.31392,14,14,
1543,SSB00160255,SSB0016,wo2,wo,2,mainland,mainland,corpus,0.14,212.467,212.186,195.454,238.7,43.2463,195.759,196.857,212.186,223.517,234.157,30.9997,37.9055,1,365.039,488.24,14.9884,19,19,
1550,SSB00160262,SSB0016,dan4,dan,4,mainland,mainland,corpus,0.14,248.97,250.629,235.184,263.23,28.0462,257.205,251.437,250.629,245.973,238.354,-9.96453,-19.3201,1,-146.14,-272.789,6.94376,19,19,
1558,SSB00160263,SSB0016,dou1,dou,1,mainland,mainland,corpus,0.3,231.183,223.673,214.744,266.877,52.1339,221.801,221.85,217.14,247.006,246.808,-2.94199,17.7376,1,-37.2945,237.348,13.7511,51,51,
1565,SSB00160270,SSB0016,meng4,meng,4,mainland,mainland,corpus,0.38,207.196,189.242,161.015,258.163,97.1486,184.181,168.703,161.181,254.924,238.554,-13.9958,41.1369,0.80597,-139.394,468.926,38.181,54,67,
1571,SSB00160277,SSB0016,fang4,fang,4,mainland,mainland,corpus,0.22,240.8,244.826,221.392,252.831,31.4391,250.904,249.419,244.826,231.65,224.662,-8.48992,-29.7608,0.617647,-121.546,-403.29,10.2044,21,34,
1578,SSB00160282,SSB0016,you2,you,2,mainland,mainland,corpus,0.34,194.169,196.87,178.071,205.289,27.218,204.113,201.154,196.216,197.267,178.825,-4.71145,-11.0805,0.864407,-54.4665,-119.933,8.33741,51,59,
1583,SSB00160291,SSB0016,shuang1,shuang,1,mainland,mainland,corpus,0.2,265.703,265.771,246.663,276.956,30.2935,249.504,266.664,272.916,265.282,265.884,20.7025,-6.02496,1,312.152,-93.7499,7.83733,31,31,
1593,SSB00160295,SSB0016,wo3,wo,3,mainland,mainland,corpus,0.38,213.1,207.803,181.045,260.147,79.1019,255.518,232.511,192.551,190.399,190.049,-32.1193,-1.48502,0.776119,-412.898,-16.4091,25.4567,52,67,
1597,SSB00160299,SSB0016,you3,you,3,mainland,mainland,corpus,0.14,201.399,205.151,185.329,213.883,28.554,209.74,210.96,205.151,190.997,188.058,-8.51032,-33.4697,1,-101.971,-379.853,10.2293,19,19,
1601,SSB00160304,SSB0016,tian1,tian,1,mainland,mainland,corpus,0.2,259.732,254.422,245.25,284.756,39.5066,279.433,265.12,254.422,252.684,247.963,-38.196,-10.4753,0.580645,-588.486,-151.982,11.9638,18,31,
1610,SSB00160419,SSB0016,ni2,ni,2,mainland,mainland,corpus,0.14,237.405,238.228,213.156,256.635,43.4786,218.649,227.693,238.228,249.809,253.75,45.6843,33.6233,0.736842,602.441,477.591,14.7512,14,19,
1622,SSB00160435,SSB0016,ye3,ye,3,mainland,mainland,corpus,0.22,209.989,208.031,175.772,237.805,62.0336,237.587,232.737,208.031,191.602,180.173,-27.8776,-30.1694,1,-358.257,-337.671,20.6088,34,34,
1625,SSB00160435,SSB0016,qu4,qu,4,mainland,mainland,corpus,0.3,174.307,169.696,155.568,204.947,49.3789,169.344,169.664,193.919,193.919,166.496,18.7681,-21.1168,0.352941,196.603,-219.384,12.4481,18,51,
1648,SSB00160471,SSB0016,na4,na,4,mainland,mainland,corpus,0.22,229.731,231.121,208.512,244.79,36.2781,209.118,223.87,241.842,236.05,226.943,30.5087,-13.3429,1,396.653,-180.589,10.8722,34,34,
1651,SSB00160475,SSB0016,zai4,zai,4,mainland,mainland,corpus,0.2,245.072,245.203,231.451,257.176,25.7242,244.13,246.178,253.265,241.869,233.7,8.47961,-18.5582,1,121.799,-260.864,6.74874,31,31,
1672,SSB00160495,SSB0016,jin4,jin,4,mainland,mainland,corpus,0.52,225.118,199.409,191.736,272.999,81.263,194.659,196.786,197.48,272.128,265.507,1.05996,21.8067,0.494737,12.0043,289.479,34.696,47,95,
1676,SSB00160506,SSB0016,tong2,tong,2,mainland,mainland,corpus,0.2,229.293,228.076,224.283,243.925,19.6425,228.818,228.131,224.542,227.308,237.991,-6.22081,19.1813,0.709677,-81.4502,256.16,5.2721,22,31,
1682,SSB00380002,SSB0038,dui4,dui,4,mainland,mainland,corpus,0.12,231.592,231.792,229.767,232.625,2.8576,231.581,232.342,232.342,231.686,231.113,2.52467,-4.07837,0.714286,33.827,-54.5894,0.964796,10,14,
1684,SSB00380002,SSB0038,ben3,ben,3,mainland,mainland,corpus,0.2,179.134,179.568,167.589,189.501,21.912,180.998,176.685,179.568,184.329,170.383,-1.8304,-12.1197,1,-19.0608,-122.465,4.87852,31,31,
1689,SSB00380005,SSB0038,ba3,ba,3,mainland,mainland,corpus,0.22,217.343,224.653,169.635,246.16,76.5242,246.013,240.453,222.432,184.217,174.294,-21.1449,-51.1772,0.882353,-285.832,-583.494,26.9813,30,34,
1697,SSB00380015,SSB0038,cai2,cai,2,mainland,mainland,corpus,0.16,196.468,198.343,181.449,203.297,21.8487,192.587,194.621,201.927,202.472,202.668,46.8474,3.62276,0.347826,533.68,42.3324,7.65874,8,23,
1699,SSB00380015,SSB0038,zhe4,zhe,4,mainland,mainland,corpus,0.14,187.677,187.494,177.722,200.103,22.3805,181.109,179.85,187.494,196.406,192.062,13.3289,9.26179,1,141.881,101.523,8.32735,19,19,
1704,SSB00380021,SSB0038,dui4,dui,4,mainland,mainland,corpus,0.14,218.621,216.606,210.052,235.875,25.8231,227.355,223.182,216.606,211.973,211.032,-30.4911,-16.4117,0.631579,-390.883,-202.684,8.15615,12,19,
1723,SSB00380027,SSB0038,shi4,shi,4,mainland,mainland,corpus,0.16,265.489,265.043,262.673,269.315,6.64229,265.835,265.043,265.043,264.414,263.785,-5.1648,-8.23981,0.217391,-79.1886,-125.848,2.59652,5,23,low_voicing
1731,SSB00380048,SSB0038,yang3,yang,3,mainland,mainland,corpus,0.18,166.556,172.123,137.89,181.088,43.1982,180.121,180.08,172.123,155.751,140.733,-12.0971,-53.628,1,-123.045,-482.932,14.5228,27,27,
1742,SSB00380079,SSB0038,zuo4,zuo,4,mainland,mainland,corpus,0.16,211.91,216.385,194.89,229.173,34.2831,197.029,195.396,216.385,228.003,227.09,29.4975,15.1996,1,351.939,194.64,14.2176,23,23,
1745,SSB00380079,SSB0038,dou1,dou,1,mainland,mainland,corpus,0.14,221.313,227.785,195.51,239.627,44.1175,199.003,202.069,227.785,239.388,237.983,51.9679,16.8509,1,639.59,226.641,17.9473,19,19,
1748,SSB00380087,SSB0038,dui4,dui,4,mainland,mainland,corpus,0.14,248.954,247.648,233.935,270.239,36.3037,263.463,255.651,246.494,241.026,236.403,-32.9303,-20.6767,0.789474,-484.824,-288.328,10.4938,15,19,
1754,SSB00380087,SSB0038,he2,he,2,mainland,mainland,corpus,0.18,174.253,173.713,170.347,181.349,11.0019,172.172,173.112,177.106,174.998,170.482,7.52526,-10.1524,1,75.9064,-101.905,3.25059,27,27,
1771,SSB00380113,SSB0038,yao1,yao,1,mainland,mainland,corpus,0.24,209.166,203.707,199.051,233.487,34.4367,205.767,203.015,215.003,212.121,200.043,8.00137,-13.1424,1,97.2194,-157.469,10.2949,39,39,
1784,SSB00380119,SSB0038,jiu4,jiu,4,mainland,mainland,corpus,0.18,208.357,223.663,174.595,234.836,60.2404,177.127,174.792,219.934,234.204,229.562,57.6526,11.4117,0.814815,658.565,148.123,27.1789,22,27,
1787,SSB00380119,SSB0038,ni3,ni,3,mainland,mainland,corpus,0.28,156.342,156.921,131.327,176.754,45.427,173.752,162.842,157.011,152.666,136.331,-17.1123,-23.8543,0.893617,-163.331,-201.759,11.3388,42,47,
1793,SSB00380129,SSB0038,zai4,zai,4,mainland,mainland,corpus,0.14,230.144,226.368,224.855,247.819,22.9639,236.43,232.696,227.258,225.125,224.961,-27.3975,-7.03571,0.578947,-366.856,-91.89,7.39187,11,19,
1802,SSB00380152,SSB0038,shuo1,shuo,1,mainland,mainland,corpus,0.16,246.666,244.515,241.795,254.832,13.0369,250.447,247.161,244.515,243.734,243.044,-23.7119,-5.97018,0.347826,-338.947,-84.0673,4.95448,8,23,
1805,SSB00380152,SSB0038,bei4,bei,4,mainland,mainland,corpus,0.24,196.692,190.658,181.594,221.971,40.3771,190.576,182.567,186.518,215.087,204.299,-3.92259,16.5943,1,-42.7189,187.174,13.0825,39,39,
1823,SSB00380188,SSB0038,zai4,zai,4,mainland,mainland,corpus,0.16,231.617,227.758,220.86,255.357,34.4976,240.97,234.412,227.758,224.085,221.756,-43.3883,-20.5482,0.434783,-587.21,-266.751,11.2763,10,23,
1831,SSB00380195,SSB0038,zai4,zai,4,mainland,mainland,corpus,0.18,216.523,213.091,201.573,248.657,47.0838,213.167,212.684,205.573,227.549,209.318,-9.66184,4.80859,1,-116.835,57.6176,12.901,27,27,
1833,SSB00380196,SSB0038,zuo4,zuo,4,mainland,mainland,corpus,0.16,240.01,240.247,238.115,242.387,4.27158,239.53,240.402,240.667,239.926,238.868,2.73379,-4.33001,0.565217,37.9138,-59.9682,1.13597,13,23,
1841,SSB00380199,SSB0038,dan4,dan,4,mainland,mainland,corpus,0.16,240.427,237.694,233.727,263.243,29.5162,253.35,241.023,237.694,235.529,233.956,-24.5396,-6.09811,0.826087,-347.901,-83.0655,8.0657,19,23,
1863,SSB00380215,SSB0038,jiang1,jiang,1,mainland,mainland,corpus,0.22,234.878,234.764,230.585,239.426,8.84126,238.887,235.572,231.575,234.764,236.39,-11.3304,7.50076,0.588235,-153.939,101.372,2.92584,20,34,
1865,SSB00380215,SSB0038,dui4,dui,4,mainland,mainland,corpus,0.16,207.231,209.164,188.611,230.38,41.769,191.938,192.42,209.164,223.098,213.576,27.0524,6.57092,1,313.19,80.2228,15.6542,23,23,
1879,SSB00380218,SSB0038,wo3,wo,3,mainland,mainland,corpus,0.14,193.01,192.403,190.214,201.172,10.9589,193.733,191.512,191.117,192.617,192.934,-8.5597,5.95787,0.631579,-95.1386,66.083,2.92784,12,19,
1902,SSB00050235,SSB0005,shi4,shi,4,mainland,mainland,corpus,0.7,236.479,235.396,212.792,271.965,59.1733,266.13,245.625,231.943,214.142,233.158,-9.71544,0.368985,0.755725,-139.536,4.95644,17.2073,99,131,
1907,SSB00050255,SSB0005,zhe4,zhe,4,mainland,mainland,corpus,0.18,304.775,303.158,286.745,338.174,51.4291,330.277,311.213,303.158,292.273,287.791,-29.6655,-18.0126,0.777778,-542.379,-307.357,14.8496,21,27,
1917,SSB00050260,SSB0005,zai4,zai,4,mainland,mainland,corpus,0.36,262.536,258.62,251.062,295.753,44.6909,251.537,254.919,264.592,279.372,260.906,5.65163,-1.56678,1,84.2273,-23.7785,11.1943,63,63,
1962,SSB00050314,SSB0005,shi4,shi,4,mainland,mainland,corpus,0.44,251.589,246.133,233.539,304.514,70.9751,246.638,234.387,252.017,304.238,275.302,1.91549,7.84556,0.759494,27.5853,119.407,18.1521,60,79,
1965,SSB00050315,SSB0005,jiu4,jiu,4,mainland,mainland,corpus,0.54,269.342,261.798,243.382,320.394,77.0118,297.797,283.615,255.38,266.809,244.336,-12.6677,-3.64452,0.757576,-201.986,-52.5905,20.0766,75,99,
1971,SSB00050315,SSB0005,la1,la,1,mainland,mainland,corpus,0.26,233.632,233.222,231.015,237.04,6.02512,231.182,234.479,236.125,232.109,233.185,3.48824,-2.06571,1,47.0768,-27.9988,1.82078,43,43,
1989,SSB00380247,SSB0038,dou1,dou,1,mainland,mainland,corpus,0.16,184.914,180.939,176.496,193.979,17.4833,180.71,178.983,177.276,191.967,190.899,-6.03941,23.3043,1,-62.4398,247.689,6.68869,23,23,
2000,SSB00380280,SSB0038,rang4,rang,4,mainland,mainland,corpus,0.16,216.43,222.467,188.905,225.336,36.431,192.057,212.1,222.467,224.953,223.845,53.5712,2.25169,0.869565,640.198,29.0242,12.2272,20,23,
2011,SSB00380300,SSB0038,shi4,shi,4,mainland,mainland,corpus,0.18,224.968,225.152,217.944,232.517,14.5722,218.516,223.469,225.732,231.996,229.602,8.65329,4.52662,0.518519,111.016,59.5262,5.73285,14,27,
2016,SSB00380307,SSB0038,zuo4,zuo,4,mainland,mainland,corpus,0.22,216.865,215.487,195.473,241.424,45.951,207.266,205.756,212.374,235.684,223.82,5.10943,11.0148,1,61.9217,138.731,14.3193,34,34,
2019,SSB00380310,SSB0038,dui4,dui,4,mainland,mainland,corpus,0.14,235.965,236.231,232.38,240.061,7.68084,238.166,237.464,236.231,234.185,233.249,-6.27638,-9.77595,0.526316,-85.9931,-132.552,2.54338,10,19,
2023,SSB00380310,SSB0038,you3,you,3,mainland,mainland,corpus,0.14,160.218,159.044,157.397,164.227,6.83022,163.539,163.445,157.986,158.803,159.064,-13.2917,2.61639,1,-123.414,23.9576,2.50603,19,19,
2034,SSB00380351,SSB0038,ta1,ta,1,mainland,mainland,corpus,0.14,256.629,254.425,253.572,266.04,12.4683,260.039,257.549,254.425,253.849,253.784,-16.7956,-1.94022,0.526316,-249.544,-28.4778,4.1937,10,19,
2042,SSB00380356,SSB0038,xin1,xin,1,mainland,mainland,corpus,0.2,195.37,192.216,190.039,204.332,14.2922,203.107,199.973,193.593,190.829,190.524,-27.6842,-9.22001,0.419355,-317.121,-102.282,5.58228,13,31,
2078,SSB00380459,SSB0038,zai4,zai,4,mainland,mainland,corpus,0.2,177.562,183.406,154.209,190.888,36.6791,154.87,154.385,187.704,188.854,182.713,44.3842,-6.2207,0.483871,437.785,-66.5453,14.4522,15,31,
2089,SSB00430003,SSB0043,wo3,wo,3,mainland,mainland,corpus,0.14,225.961,230.457,206.436,235.092,28.6553,234.924,234.843,230.457,217.997,210.553,-7.386,-34.749,1,-99.2701,-442.293,10.0045,19,19,
2091,SSB00430003,SSB0043,wo2,wo,2,mainland,mainland,corpus,0.24,234.778,235.198,195.319,272.21,76.8913,271.946,256.591,235.198,212.615,195.651,-26.4558,-33.5486,1,-386.817,-416.284,25.5257,39,39,
2097,SSB00430012,SSB0043,wo3,wo,3,mainland,mainland,corpus,0.36,270.137,262.277,230.197,329.515,99.3183,326.22,294.496,262.277,245.065,230.921,-29.054,-16.9563,0.84127,-491.865,-241.202,31.6154,53,63,
2105,SSB00430056,SSB0043,ni2,ni,2,mainland,mainland,corpus,0.14,300.667,296.265,288.186,322.672,34.4855,291.721,289.328,296.265,309.289,317.597,5.94729,26.7489,1,100.993,474.042,11.2772,19,19,
2113,SSB00430081,SSB0043,dui4,dui,4,mainland,mainland,corpus,0.34,283.3,277.956,268.369,328.081,59.7113,270.064,277.956,277.195,304.599,283.073,3.11165,2.50539,0.949153,49.1782,40.5386,13.3047,56,59,
2117,SSB00430081,SSB0043,lai2,lai,2,mainland,mainland,corpus,0.32,215.885,215.512,206.067,226.678,20.6107,217.712,224.627,213.544,214.556,206.676,-2.47856,-4.19229,1,-30.8699,-50.8749,5.70647,55,55,
2144,SSB00430159,SSB0043,wo3,wo,3,mainland,mainland,corpus,0.18,233.879,232.496,226.454,254.153,27.699,245.671,233.507,234.71,229.534,227.09,-12.6421,-9.14288,0.962963,-175.365,-121.93,6.63274,26,27,
2148,SSB00430159,SSB0043,lai2,lai,2,mainland,mainland,corpus,0.2,213.578,209.614,192.589,242.719,50.1306,239.13,228.044,207.332,193.914,206.717,-32.9366,-0.685214,1,-423.975,-8.19392,17.5203,31,31,
2153,SSB00430173,SSB0043,wo3,wo,3,mainland,mainland,corpus,0.36,267.584,269.195,227.23,293.034,65.8046,268.623,279.878,288.953,261.432,231.976,8.14865,-24.5311,0.84127,131.163,-367.594,17.8347,53,63,
2165,SSB00430184,SSB0043,you2,you,2,mainland,mainland,corpus,0.18,269.514,265.563,262.203,293.609,31.4058,264.127,264.15,264.381,272.955,288.773,0.256456,23.5047,1,3.91453,375.262,8.58639,27,27,
2217,SSB00430270,SSB0043,ni3,ni,3,mainland,mainland,corpus,0.22,238.887,239.325,231.462,253.601,22.1386,246.461,241.676,239.325,234.977,233.062,-6.16552,-5.56522,1,-86.4965,-75.9223,4.61624,34,34,
2224,SSB00430276,SSB0043,ye3,ye,3,mainland,mainland,corpus,0.2,128.865,119.523,101.908,201.139,99.2311,195.874,130.628,103.098,105.7,141.237,-148.145,72.6562,0.903226,-1237.01,508.52,31.7645,28,31,
2229,SSB00430282,SSB0043,wo3,wo,3,mainland,mainland,corpus,0.16,244.617,244.739,236.133,260.805,24.6721,256.502,245.947,244.964,238.48,236.63,-14.4874,-10.8955,1,-209.782,-151.529,6.84497,23,23,
2231,SSB00430282,SSB0043,jiu4,jiu,4,mainland,mainland,corpus,0.22,253.953,254.746,241.129,273.839,32.7093,241.403,242.787,264.29,264.028,255.881,19.0077,-6.78544,1,277.419,-101.93,11.5488,34,34,
2249,SSB00430294,SSB0043,cong2,cong,2,mainland,mainland,corpus,0.14,282.556,280.07,277.943,294.819,16.876,290.504,285.873,279.262,278.206,279.085,-18.2207,-0.29124,0.842105,-299.791,-4.69645,5.40225,16,19,
2254,SSB00430294,SSB0043,ta1,ta,1,mainland,mainland,corpus,0.22,277.935,272.759,266.85,296.309,29.4584,272.759,270.917,268.602,268.604,292.731,-3.22257,18.0511,0.705882,-50.3843,292.464,11.1529,24,34,
2262,SSB00430311,SSB0043,ni3,ni,3,mainland,mainland,corpus,0.14,265.389,264.716,255.982,280.16,24.1781,276.32,271.887,264.716,257.37,256.578,-16.5057,-12.013,1,-257.873,-180.847,8.0555,19,19,
2265,SSB00430311,SSB0043,jiu4,jiu,4,mainland,mainland,corpus,0.34,239.05,232.714,229.328,273.862,44.5344,231.927,233.295,230.52,270.201,253.786,-0.726327,11.4799,0.881356,-9.7008,160.45,13.117,52,59,
2268,SSB00430324,SSB0043,zhe4,zhe,4,mainland,mainland,corpus,0.14,332.548,332.168,313.484,358.84,45.3559,346.555,339.773,332.168,324.956,318.019,-18.351,-18.8401,0.894737,-359.668,-353.725,12.0501,17,19,
2270,SSB00430324,SSB0043,yi2,yi,2,mainland,mainland,corpus,0.34,256.762,254.249,234.921,281.816,46.8949,277.778,253.251,264.845,249.307,251.172,-5.69245,-6.329,0.932203,-89.1928,-94.3,12.2475,55,59,
2271,SSB00430324,SSB0043,hen3,hen,3,mainland,mainland,corpus,0.32,243.26,253.224,206.101,273.248,67.1474,254.167,269.995,259.069,215.105,208.516,2.44984,-27.8382,1,36.3125,-374.469,23.7895,55,55,
2293,SSB00430361,SSB0043,er2,er,2,mainland,mainland,corpus,0.12,236.028,235.622,233.202,237.884,4.68188,235.813,237.349,236.767,235.499,235.495,2.15135,-2.86966,1,29.3629,-39.1404,1.27924,14,14,
2311,SSB00430386,SSB0043,qu4,qu,4,mainland,mainland,corpus,0.16,340.136,341.193,325.905,351.529,25.6238,341.745,347.6,344.206,335.718,329.179,3.82137,-23.7777,0.608696,75.705,-462.355,7.77523,14,23,
2332,SSB00430409,SSB0043,hai2,hai,2,mainland,mainland,corpus,0.12,271.718,270.398,267.581,280.526,12.945,276.553,273.899,268.467,268.248,269.432,-18.6803,2.25774,0.857143,-294.021,35.0742,4.25799,12,14,
2340,SSB00430415,SSB0043,hai2,hai,2,mainland,mainland,corpus,0.2,229.991,233.54,217.774,237.339,19.5655,218.789,217.939,233.203,233.88,236.309,14.728,3.05367,0.580645,192.195,41.4072,7.71127,18,31,
2344,SSB00430417,SSB0043,hui4,hui,4,mainland,mainland,corpus,0.16,348.678,349.351,335.537,362.693,27.1558,357.694,352.925,349.351,344.288,337.245,-9.07988,-13.568,0.826087,-185.405,-269.021,7.25351,19,23,
2359,SSB00430434,SSB0043,ni3,ni,3,mainland,mainland,corpus,0.24,254.47,253.165,215.621,294.679,79.0579,291.045,273.869,253.165,234.455,217.887,-25.4104,-27.3467,1,-398.74,-371.342,23.3496,39,39,
2372,SSB00430456,SSB0043,ta1,ta,1,mainland,mainland,corpus,0.16,311.509,309.7,303.705,328.63,24.9254,321.067,316.836,309.7,304.382,304.558,-13.1378,-6.10198,0.869565,-239.309,-108.249,7.21003,20,23,
2381,SSB00430469,SSB0043,wo3,wo,3,mainland,mainland,corpus,0.12,278.424,279.614,269.244,285.308,16.0647,284.904,284.37,279.614,273.639,270.639,-9.98307,-17.3788,1,-162.758,-276.158,5.95405,14,14,
2399,SSB00430489,SSB0043,he2,he,2,mainland,mainland,corpus,0.14,308.917,302.611,288.203,345.719,57.5161,289.312,290.404,302.611,322.341,336.744,19.4512,46.257,0.894737,332.471,853.337,19.5516,17,19,
2405,SSB00430498,SSB0043,ni3,ni,3,mainland,mainland,corpus,0.2,241.089,241.272,224.393,251.639,27.2461,240.146,250.037,247.452,236.614,226.829,6.91789,-20.0872,1,97.4132,-274.977,7.84631,31,31,
2412,SSB00570020,SSB0057,yao4,yao,4,mainland,mainland,corpus,0.2,231.937,232.818,217.394,241.919,24.5249,232.724,231.756,238.572,232.179,220.145,5.72863,-18.556,1,77.9717,-245.702,5.87022,31,31,
2421,SSB00570035,SSB0057,zhe4,zhe,4,mainland,mainland,corpus,0.18,269.881,274.906,241.586,295.087,53.5008,282.715,281.005,274.906,259.646,246.302,-14.9211,-58.5257,0.518519,-240.284,-880.107,15.946,14,27,
2429,SSB00570099,SSB0057,dui4,dui,4,mainland,mainland,corpus,0.3,232.719,216.241,207.187,270.059,62.8718,208.753,215.695,212.586,265.964,252.231,2.5205,23.6827,0.862745,30.6705,317.155,24.4595,44,51,
2433,SSB00570118,SSB0057,er2,er,2,mainland,mainland,corpus,0.18,207.686,206.347,203.97,215.074,11.1035,204.233,205.663,206.506,209.182,214.096,3.48354,11.3614,0.851852,41.3235,137.997,3.19599,23,27,
2440,SSB00570124,SSB0057,ge1,ge,1,mainland,mainland,corpus,0.28,221.492,221.322,219.043,225.518,6.47493,223.294,219.364,219.757,222.715,223.409,-4.25341,4.38991,0.574468,-54.4247,56.1858,1.90201,27,47,
2486,SSB00050336,SSB0005,wo2,wo,2,mainland,mainland,corpus,0.18,245.038,244.122,234.573,251.981,17.4083,241.059,243.482,244.122,247.416,250.869,4.16344,8.98991,0.814815,58.3398,128.511,3.86434,22,27,
2495,SSB00050346,SSB0005,cong2,cong,2,mainland,mainland,corpus,0.42,233.971,231.672,217.494,253.919,36.4256,218.138,228.806,249.347,249.439,222.048,12.5135,-10.8509,0.84,168.699,-147.563,12.2921,63,75,
2514,SSB00050382,SSB0005,yao4,yao,4,mainland,mainland,corpus,0.16,161.08,143.354,142.51,341.374,198.864,335.148,143.871,143.13,143.372,142.761,-267.811,-0.813698,0.956522,-3491.23,-6.71858,57.3593,22,23,octave_span
2537,SSB00050417,SSB0005,zai4,zai,4,mainland,mainland,corpus,0.22,294.372,293.323,272.341,327.566,55.2254,317.662,302.708,292.294,282.652,274.938,-24.0148,-17.662,0.735294,-422.806,-289.254,14.7866,25,34,
2555,SSB00570379,SSB0057,lai2,lai,2,mainland,mainland,corpus,0.24,202.66,199.7,196.819,218.83,22.0104,215.909,203.214,197.987,197.943,200.67,-15.792,2.45282,1,-188.656,28.2405,6.77721,39,39,
2566,SSB00570405,SSB0057,die1,die,1,mainland,mainland,corpus,0.28,247.548,267.282,203.744,280.582,76.8381,214.141,210.04,267.509,270.085,267.282,33.4987,-0.127709,0.829787,464.073,-1.97251,28.2663,39,47,
2568,SSB00570405,SSB0057,zhi4,zhi,4,mainland,mainland,corpus,0.4,225.778,226.889,189.099,259.988,70.8894,193.107,205.204,257.895,259.321,233.591,28.6207,-9.7921,0.507042,370.219,-138.882,28.4874,36,71,
2583,SSB00570450,SSB0057,yao4,yao,4,mainland,mainland,corpus,0.3,221.37,223.685,188.677,242.236,53.5596,226.264,220.513,239.76,221.409,197.326,9.78496,-32.8988,0.568627,131.662,-413.99,15.1192,29,51,
2590,SSB00570483,SSB0057,cong2,cong,2,mainland,mainland,corpus,0.58,195.906,192.397,185.509,222.928,37.4183,204.149,189.131,191.425,199.89,199.318,-4.2442,2.66462,0.415094,-48.4718,30.0664,8.63897,44,106,
2597,SSB00730002,SSB0073,zhe4,zhe,4,mainland,mainland,corpus,0.32,108.364,126.627,60.1996,162.513,102.314,134.444,126.406,64.0979,154.865,154.105,-94.9916,112.494,0.745455,-521.081,666.716,39.6269,41,55,octave_span
2601,SSB00730012,SSB0073,shi4,shi,4,mainland,mainland,corpus,0.26,146.755,146.052,142.805,153.892,11.0872,147.517,150.567,145.82,143.947,145.504,-1.90682,-0.358435,1,-16.1542,-3.01579,3.01016,43,43,
2605,SSB00730012,SSB0073,he2,he,2,mainland,mainland,corpus,0.38,138.163,138.934,127.354,147.468,20.1143,136.886,134.781,145.644,140.151,129.182,6.50713,-12.585,1,53.0798,-99.7713,5.9712,67,67,
2611,SSB00730015,SSB0073,shi4,shi,4,mainland,mainland,corpus,0.32,141.401,143.872,113.572,170.286,56.7141,164.957,144.652,122.899,142.199,151.77,-37.7445,27.0596,0.690909,-311.547,213.864,18.4689,38,55,
2613,SSB00730015,SSB0073,guo4,guo,4,mainland,mainland,corpus,0.4,133.559,135.95,109.039,174.464,65.4255,140.384,139.326,112.348,118.769,154.499,-22.039,31.5171,0.816901,-160.205,240.864,17.311,58,71,
2618,SSB00730037,SSB0073,zai4,zai,4,mainland,mainland,corpus,0.14,151.985,149.997,143.048,170.102,27.054,164.171,157.755,149.428,144.431,143.301,-46.5418,-20.7092,0.789474,-421.223,-175.058,8.4486,15,19,
2635,SSB00730049,SSB0073,kan4,kan,4,mainland,mainland,corpus,0.26,137.77,130.618,123.991,161.178,37.1864,124.597,128.471,130.618,158.313,158.572,7.78178,31.9751,0.837209,57.348,266.227,14.0711,36,43,
2637,SSB00730049,SSB0073,xiang3,xiang,3,mainland,mainland,corpus,0.24,127.291,128.817,121.812,129.935,8.12284,124.204,126.388,129.012,129.012,128.93,29.2195,-0.488497,0.25641,213.661,-3.63912,2.86168,10,39,low_voicing
2639,SSB00730051,SSB0073,zai4,zai,4,mainland,mainland,corpus,0.16,158.845,159.812,145.918,170.1,24.1818,169.041,168.108,159.812,149.366,147.195,-35.3459,-51.7722,0.521739,-335.615,-458.79,9.50907,12,23,
2641,SSB00730051,SSB0073,yu3,yu,3,mainland,mainland,corpus,0.22,104.978,104.665,100.88,113.49,12.6101,111.283,105.626,105.583,101.275,104.283,-11.0327,-2.60026,1,-69.0856,-15.7605,2.96901,34,34,
2660,SSB00730061,SSB0073,he2,he,2,mainland,mainland,corpus,0.12,152.912,152.936,152.847,152.956,0.109895,152.939,152.936,152.936,152.936,152.908,-0.0372084,-0.316204,0.357143,-0.328701,-2.79307,0.0468667,5,14,
2677,SSB00730072,SSB0073,er2,er,2,mainland,mainland,corpus,0.16,125.415,125.694,121.112,134.39,13.2781,127.996,126.953,125.694,122.446,121.362,-7.85309,-15.181,0.73913,-57.5368,-108.309,3.29102,17,23,
2688,SSB00730086,SSB0073,ji2,ji,2,mainland,mainland,corpus,0.22,129.283,132.159,119.573,135.99,16.4174,135.406,132.548,132.263,119.841,121.993,-4.92845,-16.9608,0.794118,-38.098,-124.479,6.17344,27,34,
2700,SSB00730099,SSB0073,hai2,hai,2,mainland,mainland,corpus,0.24,131.875,128.811,120.734,151.58,30.8458,121.295,125.64,132.706,139.121,135.686,16.3853,4.04663,1,120.119,31.3661,9.23698,39,39,
2721,SSB00730110,SSB0073,ye3,ye,3,mainland,mainland,corpus,0.18,130.603,130.025,129.092,133.087,3.99517,132.671,132.282,129.925,129.856,129.098,-7.62391,-2.32831,0.740741,-57.8182,-17.4177,1.30454,20,27,
2723,SSB00730110,SSB0073,dong3,dong,3,mainland,mainland,corpus,0.2,126.477,131.332,113.734,139.013,25.279,135.079,134.976,139.013,117.835,115.062,6.62766,-43.6493,0.806452,52.4615,-319.347,9.53556,25,31,
2727,SSB00730112,SSB0073,ge1,ge,1,mainland,mainland,corpus,0.26,133.086,134.119,115.599,135.394,19.7947,116.271,132.645,134.004,135.303,133.947,23.4045,-0.0704154,0.651163,168.89,-0.544927,4.81065,28,43,
2730,SSB00730115,SSB0073,dui4,dui,4,mainland,mainland,corpus,0.16,149.707,149.517,142.786,157.109,14.3229,144.894,147.894,154.357,150.998,144.138,19.9138,-21.5601,1,172.051,-185.794,4.45117,23,23,
2738,SSB00730121,SSB0073,you2,you,2,mainland,mainland,corpus,0.16,143.142,144.948,129.528,147.531,18.0026,134.918,141.735,145.838,147.023,143.666,28.3647,-5.46783,0.869565,229.88,-45.7167,4.9079,20,23,
2751,SSB00730140,SSB0073,ye3,ye,3,mainland,mainland,corpus,0.18,111.574,113.135,104.533,118.534,14.0017,114.374,115.142,113.758,109.327,105.883,-1.43734,-19.1087,1,-9.47018,-121.164,3.92123,27,27,
2755,SSB00730155,SSB0073,ge1,ge,1,mainland,mainland,corpus,0.24,113.324,113.59,109.246,114.41,5.16455,112.759,113.531,114.285,113.705,112.58,4.65367,-5.20498,0.538462,30.5149,-34.1029,1.17321,21,39,
2757,SSB00730157,SSB0073,zai4,zai,4,mainland,mainland,corpus,0.18,146.803,143.676,134.263,161.85,27.5874,146.041,141,161.333,154.312,137.058,26.5229,-43.4317,0.851852,235.258,-373.462,8.49584,23,27,
2762,SSB00730185,SSB0073,zai4,zai,4,mainland,mainland,corpus,0.14,150.945,148.009,140.255,165.361,25.1061,162.8,163.021,148.009,142.631,140.582,-36.6454,-19.8059,1,-328.699,-165.043,9.27197,19,19,
2767,SSB00730188,SSB0073,zai4,zai,4,mainland,mainland,corpus,0.2,140.851,137.882,135.385,150.249,14.8641,149.825,147.676,137.882,135.437,135.399,-38.3501,-8.38778,0.516129,-318.478,-66.2,6.13428,16,31,
2787,SSB00730213,SSB0073,dao4,dao,4,mainland,mainland,corpus,0.22,126.184,121.892,116.795,143.123,26.3289,119.693,118.874,120.016,133.017,128.437,0.56602,14.2307,1,3.91859,102.075,8.08362,34,34,
2791,SSB00730214,SSB0073,ge1,ge,1,mainland,mainland,corpus,0.26,121.063,124.722,98.7223,125.322,26.6,98.8393,121.189,124.491,125.085,125.185,38.0441,0.917112,0.744186,244.303,6.61322,7.91925,32,43,
2793,SSB00730218,SSB0073,ge1,ge,1,mainland,mainland,corpus,0.28,109.364,132.7,62.602,136.006,73.4035,69.6717,63.0857,128.82,134.917,134.974,92.5267,7.02439,0.702128,514.335,53.5067,33.1023,33,47,octave_span
2809,SSB00730233,SSB0073,dui4,dui,4,mainland,mainland,corpus,0.24,139.959,132.549,126.669,165.703,39.0341,132.046,127.757,126.669,153.524,142.377,-7.57621,21.3036,0.846154,-56.6011,165.348,12.3243,33,39,
2819,SSB00730262,SSB0073,he2,he,2,mainland,mainland,corpus,0.16,131.587,131.5,122.142,143.486,21.3446,131.275,136.845,133.511,128.217,123.363,5.3157,-24.8833,1,40.6499,-184.508,5.38326,23,23,
2823,SSB00730265,SSB0073,hai2,hai,2,mainland,mainland,corpus,0.2,123.885,126.068,100.229,145.484,45.2553,105.336,113.562,128.703,136.768,122.6,46.2469,-11.2131,1,311.555,-81.3676,12.1178,31,31,
2852,SSB00730291,SSB0073,ge1,ge,1,mainland,mainland,corpus,0.24,122.735,123.654,107.926,130.319,22.3936,123.32,108.911,126.848,123.899,122.905,5.14122,-5.75432,0.820513,37.1435,-41.5034,5.50809,32,39,
2854,SSB00730292,SSB0073,ge1,ge,1,mainland,mainland,corpus,0.26,105.904,116.514,61.7247,118.778,57.0535,62.1795,62.3576,114.226,116.948,118.562,127.618,7.81918,0.604651,630.864,52.5637,21.8531,26,43,
2857,SSB00730303,SSB0073,zai4,zai,4,mainland,mainland,corpus,0.16,164.768,166.781,150.639,175.761,25.1218,175.026,174.578,164.836,153.425,151.472,-34.6161,-48.7912,0.565217,-339.675,-445.457,10.1104,13,23,
2888,SSB00730350,SSB0073,dan4,dan,4,mainland,mainland,corpus,0.18,150.988,148.649,139.758,167.652,27.8942,167.025,158.348,148.649,142.453,139.824,-42.482,-22.3074,0.740741,-386.872,-185.795,9.88988,20,27,
2901,SSB00730367,SSB0073,dui4,dui,4,mainland,mainland,corpus,0.14,150.264,150.3,146.471,152.886,6.41467,152.083,151.907,151.051,149.072,148.206,-4.28589,-11.9697,0.631579,-37.5222,-103.45,2.02472,12,19,
2907,SSB00730373,SSB0073,xiang4,xiang,4,mainland,mainland,corpus,0.26,139.341,131.674,111.83,170.762,58.9318,170.59,170.336,134.288,127.64,116.111,-75.3169,-45.7787,0.372093,-660.035,-330.481,22.6723,16,43,
2919,SSB00730374,SSB0073,he2,he,2,mainland,mainland,corpus,0.22,124.019,121.24,117.185,139.046,21.8608,125.532,118.57,119.262,134.295,120.972,-10.7519,2.98741,1,-75.9986,20.7269,6.41142,34,34,
2926,SSB00730396,SSB0073,rang4,rang,4,mainland,mainland,corpus,0.14,144.839,144.564,139.276,151.076,11.8003,150.52,149.62,144.564,140.373,139.49,-15.5344,-13.7442,1,-132.372,-112.743,4.40588,19,19,
2931,SSB00730399,SSB0073,ge1,ge,1,mainland,mainland,corpus,0.22,120.168,119.905,118.648,124.694,6.04546,122.939,118.975,119.478,120.201,120.032,-9.88949,1.6033,0.617647,-69.2344,11.0905,1.57919,21,34,
2949,SSB00730417,SSB0073,he2,he,2,mainland,mainland,corpus,0.2,125.782,127.186,119.472,129.221,9.74826,127.01,128.889,129.058,121.496,120.76,3.69232,-15.3418,1,27.3062,-110.65,3.62382,31,31,
2963,SSB00730440,SSB0073,cheng1,cheng,1,mainland,mainland,corpus,0.32,122.126,112.834,101.87,165.464,63.5937,118.601,105.887,108.517,163.523,160.916,-11.3955,50.5232,0.8,-74.699,388.14,22.6659,44,55,
2969,SSB00730443,SSB0073,ge1,ge,1,mainland,mainland,corpus,0.24,110.1,118.088,65.5416,121.323,55.7811,66.4203,106.185,117.07,118.827,119.585,103.286,3.87243,0.794872,533.16,26.4666,17.695,31,39,frame_jump
2973,SSB00730455,SSB0073,cai2,cai,2,mainland,mainland,corpus,0.16,129.621,130.012,125.019,133.882,8.86221,129.403,131.293,126.36,125.409,132.912,-7.49184,15.914,1,-55.3375,119.14,3.23898,23,23,
2975,SSB00730459,SSB0073,jiu4,jiu,4,mainland,mainland,corpus,0.16,158.75,157.67,155.11,165.114,10.0037,161.653,160.56,157.67,156.639,155.831,-17.2792,-8.12321,0.478261,-159.347,-73.5487,3.06841,11,23,
2982,SSB00730467,SSB0073,he2,he,2,mainland,mainland,corpus,0.16,130.36,130.493,124.76,137.381,12.6216,130.404,136.203,133.063,125.443,125.752,6.3537,-17.7868,1,48.3451,-132.919,4.22115,23,23,
2988,SSB00730471,SSB0073,zai4,zai,4,mainland,mainland,corpus,0.14,137.877,139.938,128.522,141.874,13.3522,141.678,141.354,140.539,136.052,132.729,-5.59092,-39.5963,0.578947,-45.57,-312.42,4.745,11,19,
2991,SSB00730471,SSB0073,he2,he,2,mainland,mainland,corpus,0.3,111.46,115.73,94.1963,122.19,27.9935,98.1127,111.782,121.967,118.577,118.452,30.1422,-4.05082,0.686275,190.836,-28.1251,9.70081,35,51,
2995,SSB00730486,SSB0073,ge1,ge,1,mainland,mainland,corpus,0.24,126.41,129.26,96.217,142.226,46.0091,97.6435,96.217,137.567,129.824,126.502,62.4674,-15.2805,0.589744,420.243,-116.47,11.9684,23,39,
3027,SSB01220073,SSB0122,cai2,cai,2,mainland,mainland,corpus,0.2,177.402,174.419,173.918,192.459,18.5419,175.333,174.228,174.119,183.026,191.226,-1.60336,21.6323,0.741935,-16.182,228.088,6.58698,23,31,
3033,SSB01220085,SSB0122,dui4,dui,4,mainland,mainland,corpus,0.16,240.21,241.049,232.01,247.205,15.1953,243.989,243.073,241.049,237.724,234.652,-9.32656,-20.6953,0.434783,-130.649,-284.311,4.70076,10,23,
3048,SSB01220091,SSB0122,wei4,wei,4,mainland,mainland,corpus,0.14,232.158,232.286,231.34,233.782,2.44208,232.461,232.432,232.307,231.593,231.453,-0.460275,-2.54847,0.578947,-6.17828,-34.134,0.694208,11,19,
3069,SSB01220171,SSB0122,dui4,dui,4,mainland,mainland,corpus,0.14,237.862,239.33,229.604,248.957,19.353,242.911,239.867,238.791,234.605,231.043,-8.46199,-16.3158,0.789474,-117.721,-221.375,4.92191,15,19,
3073,SSB01220171,SSB0122,jiang1,jiang,1,mainland,mainland,corpus,0.16,177.568,177.682,168.68,184.933,16.2537,175.984,176.799,174.197,182.458,179.272,-3.21214,9.03888,1,-32.486,92.2678,3.94626,23,23,
3092,SSB01220337,SSB0122,ta1,ta,1,mainland,mainland,corpus,0.14,223.453,223.568,222.564,224.147,1.58331,223.924,223.819,223.568,223.318,223.079,-2.20313,-3.03661,0.315789,-28.4734,-39.1713,0.653257,6,19,
3099,SSB01220359,SSB0122,ge1,ge,1,mainland,mainland,corpus,0.16,175.575,173.705,173.269,185.759,12.4901,179.798,175.966,173.627,173.454,173.323,-17.2772,-0.866955,0.652174,-176.336,-8.68714,3.61397,15,23,
3104,SSB01220366,SSB0122,yi3,yi,3,mainland,mainland,corpus,0.26,172.915,173.174,154.041,186.493,32.4514,185.862,183.864,173.174,165.249,154.729,-11.6578,-18.5692,1,-120.834,-175.669,10.2948,43,43,
3107,SSB01220373,SSB0122,wei4,wei,4,mainland,mainland,corpus,0.14,248.885,248.862,247.187,250.174,2.98703,249.325,249.731,249.731,248.643,248.285,1.12735,-4.02093,0.578947,16.2488,-57.834,1.02222,11,19,
3122,SSB01220398,SSB0122,shi4,shi,4,mainland,mainland,corpus,0.26,198.194,201.901,182.729,213.361,30.632,203.529,185.003,189.556,213.293,207.351,-11.7276,14.7948,0.627907,-133.085,169.481,10.6446,27,43,
3127,SSB01220401,SSB0122,zai4,zai,4,mainland,mainland,corpus,0.16,239.501,237.202,232.646,253.053,20.407,246.81,242.874,237.202,234.378,233.181,-27.4971,-11.84,0.478261,-384.327,-160.845,6.80256,11,23,
3144,SSB00050433,SSB0005,qi2,qi,2,mainland,mainland,corpus,0.28,255.954,245.441,243.49,302.73,59.2402,295.257,257.945,244.408,243.993,245.067,-65.4434,0.932905,0.446809,-1016.98,13.1881,19.7955,21,47,
3153,SSB00050443,SSB0005,jiang1,jiang,1,mainland,mainland,corpus,0.24,277.959,272.344,264.587,321.049,56.4623,301.707,280.815,272.344,267.903,265.124,-33.7645,-8.8603,0.564103,-559.302,-137.527,14.741,22,39,
3164,SSB00050449,SSB0005,ge1,ge,1,mainland,mainland,corpus,0.34,216.634,219.122,150.828,288.797,137.969,152.513,214.955,218.938,223.502,223.794,43.1661,2.61921,1,458.104,33.4894,27.5871,59,59,
3166,SSB00050449,SSB0005,dou1,dou,1,mainland,mainland,corpus,0.24,227.819,228.748,211.531,258.694,47.1626,213.865,221.101,239.58,233.116,229.828,20.6911,-7.57309,0.923077,270.68,-102.654,10.3094,36,39,
3170,SSB00050458,SSB0005,zai4,zai,4,mainland,mainland,corpus,0.46,258.107,253.228,247.71,296.233,48.523,262.458,252.858,250.453,256.708,260.466,-3.95409,3.3106,1,-58.5631,48.8447,10.5671,83,83,
3172,SSB00050458,SSB0005,he2,he,2,mainland,mainland,corpus,0.28,252.803,257.334,223.954,281.455,57.5016,251.345,259.628,258.356,260.534,225.052,4.14176,-20.776,1,60.9658,-289.601,13.4669,47,47,
3174,SSB00050458,SSB0005,you3,you,3,mainland,mainland,corpus,0.2,217.678,217.296,206.849,224.225,17.3761,223.934,219.217,217.296,216.779,209.645,-6.94609,-8.27352,1,-88.5088,-102.006,4.14534,31,31,
3177,SSB00050462,SSB0005,ta1,ta,1,mainland,mainland,corpus,0.18,310.458,312.512,297.78,321.754,23.9745,301.18,319.452,317.662,307.373,300.317,23.0596,-24.3008,0.62963,412.044,-433.606,8.88242,17,27,
3189,SSB00050470,SSB0005,dan4,dan,4,mainland,mainland,corpus,0.2,294.524,297.282,281.256,307.445,26.1883,301.792,298.788,297.282,290.186,283.876,-4.3446,-13.3145,0.806452,-75.1686,-223.437,6.58601,25,31,
3192,SSB00050470,SSB0005,shi4,shi,4,mainland,mainland,corpus,0.52,241.177,242.738,217.73,278.279,60.5494,274.595,249.905,233.842,218.913,244.775,-13.5669,3.8588,0.873684,-198.792,53.3309,17.3048,83,95,
3199,SSB00050479,SSB0005,cai2,cai,2,mainland,mainland,corpus,0.3,251.054,243.27,239.867,284.759,44.8922,283.222,257.631,243.27,240.466,240.097,-38.9997,-3.36796,0.54902,-591.878,-47.0167,14.747,28,51,
3209,SSB00050480,SSB0005,jiang1,jiang,1,mainland,mainland,corpus,0.26,243.118,249.467,217.138,277.123,59.9851,219.011,224.261,277.123,264.085,250.057,38.8027,-16.9451,0.767442,553.448,-257.772,19.9153,33,43,
3220,SSB00110016,SSB0011,bei4,bei,4,mainland,mainland,corpus,0.2,232.083,232.738,211.552,252.302,40.7497,233.364,240.425,246.948,224.191,214.839,13.06,-32.152,1,181.119,-428.116,11.1385,31,31,
3235,SSB00110029,SSB0011,cong2,cong,2,mainland,mainland,corpus,0.4,159.299,187.199,70.6485,243.674,173.026,229.25,198.874,72.0085,71.0733,232.93,-114.561,116.136,0.676056,-898.525,919.55,69.89,48,71,octave_span
3242,SSB00110031,SSB0011,dan4,dan,4,mainland,mainland,corpus,0.2,300.512,303.419,251.052,335.08,84.0284,331.087,319.657,303.419,288.076,261.274,-25.1793,-43.1498,0.806452,-461.125,-702.421,24.0334,25,31,
3262,SSB01220427,SSB0122,jiang1,jiang,1,mainland,mainland,corpus,0.26,170.977,204.424,94.1588,224.141,129.983,144.978,95.7358,223.026,216.376,204.671,71.0145,-14.161,0.767442,743.314,-174.814,47.2574,33,43,octave_span|frame_jump
3279,SSB01220442,SSB0122,jiang1,jiang,1,mainland,mainland,corpus,0.16,228.886,228.911,223.213,233.917,10.7039,233.334,232.326,228.911,225.754,223.868,-13.2537,-15.4255,0.478261,-176.933,-201.708,3.92685,11,23,
3285,SSB01220448,SSB0122,dui4,dui,4,mainland,mainland,corpus,0.18,206.403,197.497,186.078,230.014,43.9358,194.884,189.715,197.497,226.547,211.059,3.54753,17.6892,1,40.2014,208.648,15.6741,27,27,
3305,SSB01220473,SSB0122,dou1,dou,1,mainland,mainland,corpus,0.3,193.632,203.281,127.693,220.62,92.9266,130.114,184.122,202.637,211.746,217.64,61.356,9.89218,0.901961,580.186,120.021,27.9767,46,51,
3310,SSB01450012,SSB0145,lai2,lai,2,mainland,mainland,corpus,0.18,211.394,210.787,203.37,216.827,13.4569,209.773,214.726,212.296,208.257,211.406,3.18344,-1.11796,1,38.8051,-13.6805,3.34389,27,27,
3331,SSB01450039,SSB0145,bing4,bing,4,mainland,mainland,corpus,0.24,239.638,240.612,218.171,260.283,42.1122,258.659,256.549,240.612,221.954,218.892,-14.731,-19.269,0.897436,-212.322,-255.529,16.2059,35,39,
3335,SSB01450039,SSB0145,he2,he,2,mainland,mainland,corpus,0.16,185.42,184.879,180.643,196.033,15.3904,181.441,183.118,189.427,189.427,184.936,13.5587,-7.55222,0.521739,145.206,-81.6509,4.47505,12,23,
3338,SSB01450040,SSB0145,zai4,zai,4,mainland,mainland,corpus,0.2,278.029,277.982,262.29,291.4,29.11,281.149,271.399,287.97,282.15,272.006,5.53357,-13.1647,1,90.9498,-212.852,8.57738,31,31,
3346,SSB01450046,SSB0145,zui4,zui,4,mainland,mainland,corpus,0.22,262.62,263.399,254.762,271.304,16.5418,263.491,262.776,266.74,268.902,258.185,2.57201,-6.84044,0.705882,39.3864,-103.695,5.61807,24,34,
3351,SSB01450048,SSB0145,ying1,ying,1,mainland,mainland,corpus,0.18,274.164,274.349,269.945,278.154,8.20916,276.04,274.686,270.781,273.944,277.583,-5.12378,6.6082,1,-80.9164,104.651,2.3094,27,27,
3371,SSB01450074,SSB0145,you3,you,3,mainland,mainland,corpus,0.18,238.426,238.703,221.028,277.333,56.3049,262.612,239.188,243.019,227.072,221.618,-20.652,-24.5529,1,-301.434,-329.248,13.6029,27,27,
3385,SSB01450082,SSB0145,dui4,dui,4,mainland,mainland,corpus,0.22,258.198,259.245,243.897,269.892,25.9954,259.293,251.375,266.552,264.64,254.691,5.79435,-9.55217,1,87.9933,-143.774,7.98484,34,34,
3392,SSB01450086,SSB0145,shi4,shi,4,mainland,mainland,corpus,0.2,231.214,219.474,207.628,266.677,59.0494,212.014,216.136,221.698,266.44,248.092,10.3098,25.9646,0.677419,129.12,351.918,20.4278,21,31,
3397,SSB01450089,SSB0145,dou1,dou,1,mainland,mainland,corpus,0.16,203.376,203.955,188.499,213.666,25.1665,209.111,211.902,190.661,203.724,204.101,-29.0746,21.4418,1,-335.453,244.367,7.97969,23,23,
3404,SSB01450097,SSB0145,he2,he,2,mainland,mainland,corpus,0.24,206.946,208.995,191.325,229.748,38.4229,196.937,210.593,195.065,219.069,208.572,-1.74131,12.2017,1,-19.714,142.188,9.92697,39,39,
3421,SSB01450129,SSB0145,qu4,qu,4,mainland,mainland,corpus,0.16,279.541,286.487,265.542,288.799,23.257,287.346,286.487,286.487,277.579,268.672,-5.18281,-111.148,0.217391,-85.8943,-1781.49,11.436,5,23,low_voicing
3440,SSB01450133,SSB0145,he2,he,2,mainland,mainland,corpus,0.24,212.083,210.659,203.58,221.734,18.1539,206.653,216.323,210.672,221.734,207.503,4.16814,-3.28039,0.538462,50.2364,-39.6177,5.33839,21,39,
3448,SSB01450135,SSB0145,ying1,ying,1,mainland,mainland,corpus,0.28,234.515,249.081,192.758,264.719,71.9613,193.677,193.89,237.122,253.797,264.17,35.0372,18.7004,0.659574,434.45,270.479,28.7069,31,47,
3452,SSB01450142,SSB0145,geng4,geng,4,mainland,mainland,corpus,0.14,327.236,326.529,315.808,339.537,23.7298,336.191,334.235,326.529,320.942,319.076,-18.3588,-14.5353,0.631579,-351.365,-271.01,7.72994,12,19,
3454,SSB01450142,SSB0145,shi4,shi,4,mainland,mainland,corpus,0.4,205.203,206.965,192.463,223.212,30.7488,211.021,198.311,207.046,204.307,221.412,-1.88153,6.63661,0.633803,-22.7174,82.093,8.06345,45,71,
3459,SSB01450142,SSB0145,ke3,ke,3,mainland,mainland,corpus,0.2,196.247,185.876,181.816,231.962,50.1456,184.725,183.24,184.547,225.817,203.541,-0.222036,22.6127,0.612903,-2.36801,253.25,16.2015,19,31,
3462,SSB01450146,SSB0145,you4,you,4,mainland,mainland,corpus,0.18,240.583,240.688,231.387,250.072,18.6855,237.482,232.683,249.051,246.07,233.565,12.6685,-17.0987,1,177.98,-238.249,6.74724,27,27,
3499,SSB01450156,SSB0145,geng4,geng,4,mainland,mainland,corpus,0.14,227.559,216.994,214.766,245.665,30.8991,216.474,215.952,216.91,244.643,241.644,0.774771,41.543,0.736842,9.69751,549.644,13.7865,14,19,
3509,SSB01450169,SSB0145,yu3,yu,3,mainland,mainland,corpus,0.22,191.06,203.187,115.885,219.999,104.114,216.653,161.675,201.515,204.034,199.158,-15.2003,-2.4684,0.970588,-183.496,-28.5637,32.5307,33,34,frame_jump
3512,SSB01450171,SSB0145,bing4,bing,4,mainland,mainland,corpus,0.2,242.281,267.225,137.468,281.461,143.993,138.624,281.345,277.872,265.772,250.736,178.355,-26.3552,0.903226,2062.94,-402.006,55.5889,28,31,octave_span|frame_jump
3519,SSB01450174,SSB0145,lai2,lai,2,mainland,mainland,corpus,0.18,194.207,190.249,185.412,209.481,24.0687,209.157,203.005,190.249,185.639,186.632,-25.2365,-5.11307,1,-290.893,-55.6527,9.16266,27,27,
3526,SSB01450176,SSB0145,lai2,lai,2,mainland,mainland,corpus,0.2,200.602,201.198,193.587,209.259,15.6716,205.533,204.197,193.986,197.604,206.227,-16.6831,17.6555,0.806452,-192.445,204.009,5.15692,25,31,
3529,SSB01450185,SSB0145,yu2,yu,2,mainland,mainland,corpus,0.18,179.988,221.893,94.6712,245.484,150.813,96.9518,96.6998,221.893,230.129,241.999,238.905,25.027,0.888889,2082.36,335.095,66.0983,24,27,octave_span
3538,SSB01450200,SSB0145,qie3,qie,3,mainland,mainland,corpus,0.2,230.692,231.816,217.665,243.165,25.5006,235.836,234.449,231.816,226.566,223.898,-10.8244,-21.8787,0.387097,-146.194,-287.928,6.79093,12,31,
3549,SSB01450213,SSB0145,shi4,shi,4,mainland,mainland,corpus,0.2,251.406,252.456,244.682,254.651,9.96873,253.364,254.014,254.014,250.608,248.587,1.77665,-14.9553,0.354839,26.0344,-217.079,3.20319,11,31,
3554,SSB01450213,SSB0145,he2,he,2,mainland,mainland,corpus,0.16,204.702,204.427,198.824,207.947,9.12377,203.729,207.114,206.546,203.847,203.665,7.31571,-7.4839,0.608696,86.6839,-88.663,2.48959,14,23,
3573,SSB01450229,SSB0145,shi4,shi,4,mainland,mainland,corpus,0.26,214.838,212.996,189.436,253.639,64.2037,191.054,215.666,212.123,252.669,249.453,17.2475,26.7277,0.604651,200.65,355.524,19.6785,26,43,
3574,SSB01450229,SSB0145,hen2,hen,2,mainland,mainland,corpus,0.16,210.795,211.283,191.603,226.862,35.2585,192.147,226.177,220.819,211.283,206.067,43.779,-21.7645,0.869565,521.31,-268.227,11.7407,20,23,
3579,SSB01450232,SSB0145,you2,you,2,mainland,mainland,corpus,0.3,153.991,188.768,65.4331,190.512,125.079,65.4753,66.5311,66.628,189.967,188.397,2.41697,143.96,0.54902,9.22123,974.154,56.5665,28,51,octave_span
3584,SSB01450237,SSB0145,bei4,bei,4,mainland,mainland,corpus,0.16,256.297,256.141,249.94,265.869,15.9295,261.711,257.852,256.141,253.618,250.993,-9.93138,-9.3746,0.695652,-148.53,-137.301,4.17749,16,23,
3588,SSB01450237,SSB0145,ji2,ji,2,mainland,mainland,corpus,0.34,290.734,217.405,193.301,496.659,303.358,466.031,194.082,217.739,204.308,204.675,-90.8545,-7.38736,0.440678,-1712.36,-90.0956,126.007,26,59,octave_span
3596,SSB01450246,SSB0145,shi4,shi,4,mainland,mainland,corpus,0.38,175.334,203.003,102.816,239.722,136.906,201.065,103.87,109.637,239.224,222.438,-63.6306,74.2302,0.447761,-554.105,683.641,57.8873,30,67,octave_span
3611,SSB01450275,SSB0145,dan4,dan,4,mainland,mainland,corpus,0.18,287.524,286.437,272.841,309.874,37.0326,303.202,297.785,286.437,276.714,273.525,-19.6945,-15.9708,0.777778,-335.296,-258.239,11.3911,21,27,
3624,SSB01450285,SSB0145,zai4,zai,4,mainland,mainland,corpus,0.22,219.2,221.876,208.375,227.383,19.008,223.132,222.03,223.674,219.368,209.383,0.50925,-13.8558,0.705882,6.57151,-173.234,5.66533,24,34,
3634,SSB01450305,SSB0145,zai4,zai,4,mainland,mainland,corpus,0.2,262.836,261.668,244.613,280.076,35.4627,276.629,278.412,261.668,251.666,247.09,-20.2642,-20.8931,0.645161,-314.959,-306.909,12.3285,20,31,
3638,SSB01450306,SSB0145,lai2,lai,2,mainland,mainland,corpus,0.2,180.514,202.99,103.163,213.336,110.173,108.486,157.826,205.339,202.054,208.853,147.28,3.91634,1,1291.37,46.8475,44.6409,31,31,octave_span|frame_jump
3659,SSB01450362,SSB0145,gei3,gei,3,mainland,mainland,corpus,0.14,208.51,209.266,201.769,212.397,10.6289,211.354,211.677,210.658,205.781,204.22,-2.07629,-19.5388,0.631579,-25.3062,-234.098,3.61498,12,19,
3666,SSB01450367,SSB0145,zai4,zai,4,mainland,mainland,corpus,0.3,253.79,252.293,225.712,278.957,53.2452,276.581,271.602,252.293,239.047,232.949,-53.0405,-46.0354,0.254902,-809.595,-644.814,18.615,13,51,low_voicing
3671,SSB01450374,SSB0145,jiu4,jiu,4,mainland,mainland,corpus,0.2,319.966,325.106,299.151,330.295,31.1437,327.166,328.845,325.106,312.297,303.325,-2.91675,-32.0148,0.516129,-54.9466,-580.828,10.6267,16,31,
3703,SSB01450413,SSB0145,bian4,bian,4,mainland,mainland,corpus,0.16,223.78,227.268,209.806,230.141,20.3359,227.75,229.647,229.069,217.026,211.584,2.22067,-30.5466,0.826087,29.2982,-388.549,7.33964,19,23,
3708,SSB01450428,SSB0145,fang2,fang,2,mainland,mainland,corpus,0.18,214.886,213.599,208.286,226.389,18.1027,222.154,219.366,213.599,209.488,208.299,-20.9207,-13.3844,0.518519,-263.254,-163.079,6.12784,14,27,
3721,SSB01450440,SSB0145,yong4,yong,4,mainland,mainland,corpus,0.22,223.422,224.178,206.065,231.116,25.0511,215.592,222.503,230.355,226.787,219.956,24.1397,-16.8361,0.588235,310.793,-218.923,6.678,20,34,
3724,SSB01450440,SSB0145,qu4,qu,4,mainland,mainland,corpus,0.24,60.5574,60.5903,60.2951,60.754,0.458891,60.5903,60.5903,60.5903,60.5903,60.5903,0,0,0.102564,0,0,0.21884,4,39,low_voicing
3738,SSB01450469,SSB0145,cong2,cong,2,mainland,mainland,corpus,0.22,211.901,211.524,204.23,224.879,20.6488,219.501,214.657,211.524,206.829,205.074,-19.7178,-16.4958,0.411765,-245.429,-198.459,6.37343,14,34,
3750,SSB01450474,SSB0145,lai2,lai,2,mainland,mainland,corpus,0.18,177.885,198.462,104.051,212.379,108.328,107.93,158.023,198.794,198.051,203.395,183.898,6.88859,0.888889,1580.25,80.0121,42.3518,24,27,octave_span|frame_jump
3773,SSB02000084,SSB0200,zai4,zai,4,mainland,mainland,corpus,0.3,156.185,121.186,118.081,285.8,167.72,126.298,119.335,119.101,267.939,246.884,-8.12575,100.959,0.921569,-57.5738,1022.27,60.8921,47,51,octave_span
3779,SSB02000088,SSB0200,ni3,ni,3,mainland,mainland,corpus,0.12,247.707,245.092,233.16,268.713,35.5527,261.957,257.308,243.296,237.046,234.482,-51.1779,-25.5529,0.785714,-746.462,-352.558,12.6722,11,14,
3809,SSB02000159,SSB0200,wo3,wo,3,mainland,mainland,corpus,0.16,119.364,119.535,117.673,120.773,3.09977,120.162,120.243,118.237,119.264,118.592,-5.08358,0.942721,1,-35.001,6.44811,0.984518,23,23,
3813,SSB02000169,SSB0200,you2,you,2,mainland,mainland,corpus,0.14,237.129,235.062,231.948,246.051,14.1031,232.701,234.697,235.062,239.575,244.264,3.88305,14.7737,1,52.4577,204.493,4.26519,19,19,
3837,SSB02000220,SSB0200,er2,er,2,mainland,mainland,corpus,0.18,144.373,114.542,65.4956,237.824,172.329,237.503,235.293,65.6418,117.409,113.766,-342.509,146.471,0.777778,-2644.02,740.372,69.0246,21,27,octave_span
3845,SSB02000244,SSB0200,yong4,yong,4,mainland,mainland,corpus,0.24,272.289,276.709,247.426,286.259,38.8328,249.365,262.893,276.709,285.217,279.633,18.962,1.91557,1,287.841,30.7788,12.6377,39,39,
3852,SSB02000244,SSB0200,ni3,ni,3,mainland,mainland,corpus,0.12,119.204,118.76,117.195,122.097,4.9021,118.64,117.644,117.617,120.238,121.827,-4.61171,18.7324,1,-31.4673,129.529,1.76469,14,14,
3857,SSB02000256,SSB0200,he2,he,2,mainland,mainland,corpus,0.26,237.072,255.144,121.58,281.593,160.013,248.409,258.05,252.216,256.944,122.487,2.5077,-119.089,0.976744,36.2571,-1235.51,47.6209,42,43,octave_span
3865,SSB02000258,SSB0200,dui4,dui,4,mainland,mainland,corpus,0.22,263.711,260.166,243.019,284.286,41.2675,245.138,254.154,260.166,279.782,266.103,12.4853,4.73496,1,182.155,71.9648,12.8817,34,34,
3885,SSB02000289,SSB0200,he2,he,2,mainland,mainland,corpus,0.14,251.534,249.92,246.615,264.442,17.8271,259.166,253.082,249.92,247.93,246.835,-16.7713,-5.73345,0.842105,-246.56,-82.256,5.21398,16,19,
3888,SSB02000289,SSB0200,zai4,zai,4,mainland,mainland,corpus,0.18,249.67,246.785,241.35,271.121,29.7715,246.016,241.809,260.857,249.303,246.879,15.6006,-14.6687,1,228.313,-215.047,8.52976,27,27,
3893,SSB02000294,SSB0200,jiang1,jiang,1,mainland,mainland,corpus,0.16,275.478,274.223,265.608,294.419,28.8111,266.387,274.629,285.177,272.913,268.39,21.4544,-19.0962,1,341.632,-305.21,8.02264,23,23,
3897,SSB02000298,SSB0200,wei4,wei,4,mainland,mainland,corpus,0.18,279.299,280.66,259.639,303.789,44.1495,296.835,289.004,282.125,266.225,261.282,-19.5542,-29.5267,0.703704,-326.897,-463.171,13.71,19,27,
3900,SSB02000298,SSB0200,he2,he,2,mainland,mainland,corpus,0.16,245.484,243.004,234.553,258.247,23.694,236.617,246.297,253.139,243.995,239.91,21.2466,-16.8956,1,300.413,-240.533,8.03844,23,23,
3909,SSB02000299,SSB0200,jiang1,jiang,1,mainland,mainland,corpus,0.3,246.937,240.505,231.745,276.232,44.4869,240.658,235.725,237.709,270.248,251.929,-1.70784,8.04691,0.803922,-23.5949,113.762,12.7508,41,51,
3916,SSB02000371,SSB0200,er2,er,2,mainland,mainland,corpus,0.12,247.24,244.96,242.942,259.573,16.6308,251.874,248.559,244.677,243.779,243.383,-20.0775,-3.66993,0.785714,-287.91,-51.7302,5.27363,11,14,
3941,SSB02000398,SSB0200,zai4,zai,4,mainland,mainland,corpus,0.18,247.181,237.755,231.785,268.08,36.2946,235.894,235.867,236.144,266.668,251.269,0.281895,16.535,0.777778,3.84308,232.689,13.5753,21,27,
3947,SSB02000425,SSB0200,ke3,ke,3,mainland,mainland,corpus,0.16,267.808,267.106,253.672,283.78,30.1081,279.008,274.196,264.755,260.33,255.389,-45.3898,-31.1764,0.391304,-712.661,-468.293,11.2138,9,23,
3957,SSB02000427,SSB0200,zai4,zai,4,mainland,mainland,corpus,0.2,255.823,255.066,241.601,276.095,34.4937,253.483,257.56,265.729,250.433,242.56,10.8906,-21.0583,1,163.279,-308.921,9.20504,31,31,
3976,SSB02000453,SSB0200,ke3,ke,3,mainland,mainland,corpus,0.16,242.688,241.969,221.444,274.166,52.7226,221.993,222.331,274.166,258.551,234.993,66.4442,-48.5311,0.478261,948.603,-712.245,18.565,11,23,
4001,SSB02410013,SSB0241,jin4,jin,4,mainland,mainland,corpus,0.24,158.876,134.125,127.245,201.949,74.704,129.9,129.217,133.523,199.543,200.951,5.01226,74.4957,0.769231,38.1306,709.769,34.5537,30,39,
4006,SSB02410015,SSB0241,bing4,bing,4,mainland,mainland,corpus,0.26,152.729,157.576,128.803,165.209,36.4061,164.264,163.387,157.576,144.657,129.288,-9.59541,-45.6723,0.72093,-89.1774,-377.164,12.2702,31,43,
4011,SSB02410020,SSB0241,yin1,yin,1,mainland,mainland,corpus,0.18,176.026,177.141,161.906,187.097,25.1906,166.914,168.001,177.117,180.701,186.066,18.6771,15.5146,0.851852,185.522,162.702,7.30346,23,27,
4037,SSB02410039,SSB0241,jin3,jin,3,mainland,mainland,corpus,0.56,130.75,131.152,121.033,145.416,24.3829,132.965,131.005,133.628,133.628,124.07,0.362425,-5.40971,0.300971,2.79049,-40.2439,6.02054,31,103,
4049,SSB00110050,SSB0011,dui4,dui,4,mainland,mainland,corpus,0.22,233.557,201.457,191.701,280.211,88.5099,201.27,194.852,193.563,278.91,260.511,-8.19287,62.3335,0.911765,-93.4133,811.495,39.1307,31,34,
4051,SSB00110050,SSB0011,dou1,dou,1,mainland,mainland,corpus,0.2,266.092,271.132,244.979,288.366,43.3865,269.454,284.401,271.603,252.906,246.788,1.83302,-22.1159,1,28.6432,-330.86,13.5866,31,31,
4066,SSB00110073,SSB0011,shi4,shi,4,mainland,mainland,corpus,0.2,262.292,262.963,254.153,270.712,16.5589,264.553,262.963,262.963,262.963,260.225,-10.4354,-18.1152,0.16129,-158.986,-273.723,6.62363,5,31,low_voicing
4074,SSB00110093,SSB0011,he2,he,2,mainland,mainland,corpus,0.18,204.662,203.415,197.412,214.546,17.134,204.244,200.167,200.385,207.347,210.982,-5.08048,13.7253,1,-59.3693,163.031,5.29877,27,27,
4077,SSB00110094,SSB0011,na4,na,4,mainland,mainland,corpus,0.16,303.213,301.103,284.463,321.263,36.8001,287.487,296.711,317.292,313.087,297.923,32.5281,-20.7703,0.956522,567.698,-368.926,11.456,22,23,
4092,SSB00110128,SSB0011,kan4,kan,4,mainland,mainland,corpus,0.28,268.462,274.545,217.05,285.675,68.6252,228.386,274.414,283.201,284.444,275.924,34.644,-4.19197,0.468085,509.907,-67.6889,20.9507,22,47,
4098,SSB00110138,SSB0011,shi4,shi,4,mainland,mainland,corpus,0.26,220.039,205.049,202.938,269.463,66.5252,210.326,203.531,204.698,269.103,267.402,-4.47158,44.0582,0.488372,-53.5947,597.175,25.6994,21,43,
4109,SSB02410047,SSB0241,cong2,cong,2,mainland,mainland,corpus,0.24,157.027,163.684,133.382,171.127,37.7446,170.539,166.432,163.662,136.751,133.498,-7.50078,-37.1236,0.589744,-72.388,-317.51,15.425,23,39,
4110,SSB02410047,SSB0241,gai1,gai,1,mainland,mainland,corpus,0.28,161.306,162.935,143.2,183.595,40.3949,152.372,148.813,145.454,177.504,169.347,-6.99495,22.8959,0.829787,-60.1565,207.764,13.0784,39,47,
4116,SSB02410049,SSB0241,jiang1,jiang,1,mainland,mainland,corpus,0.18,169.576,170.438,161.354,172.374,11.0201,162.965,169.429,171.318,171.245,170.219,14.4229,-1.8575,0.925926,139.217,-18.3222,2.87116,25,27,
4126,SSB02410056,SSB0241,zai4,zai,4,mainland,mainland,corpus,0.2,173.599,176.487,161.934,177.834,15.9007,176.594,177.509,177.141,171.498,164.462,1.0716,-25.7148,0.677419,10.9477,-253.583,5.19737,21,31,
4133,SSB02410062,SSB0241,he2,he,2,mainland,mainland,corpus,0.22,126.996,126.148,121.899,135.993,14.0945,134.286,127.463,130.201,122.23,123.125,-6.48273,-11.7267,1,-49.5157,-85.7743,4.658,34,34,
4137,SSB02410065,SSB0241,dan4,dan,4,mainland,mainland,corpus,0.2,190.742,192.419,181.656,194.394,12.7385,193.935,194.032,192.743,189.043,184.918,-2.6687,-17.9384,0.548387,-29.8032,-195.631,3.99542,17,31,
4147,SSB02410070,SSB0241,yi3,yi,3,mainland,mainland,corpus,0.18,137.482,137.896,132.567,139.971,7.40337,136.6,139.418,139.602,137.47,133.188,5.78852,-12.5277,1,46.1734,-98.681,2.31969,27,27,
4160,SSB02410076,SSB0241,he2,he,2,mainland,mainland,corpus,0.26,142.375,141.875,123.47,159.269,35.799,158.822,149.147,155.569,124.834,130.05,-3.41245,-29.5421,0.790698,-30.9839,-243.043,14.2207,34,43,
4176,SSB02410091,SSB0241,wei4,wei,4,mainland,mainland,corpus,0.14,180.672,181.158,173.803,183.646,9.84305,176.855,179.257,182.028,183.46,182.52,11.7433,1.10105,0.947368,121.71,11.5924,2.8436,18,19,
4181,SSB02410092,SSB0241,dan4,dan,4,mainland,mainland,corpus,0.18,182.153,183.365,162.516,195.478,32.9625,194.552,192.485,182.77,173.695,164.107,-19.6643,-33.9041,0.851852,-214.222,-339.33,10.667,23,27,
4183,SSB02410092,SSB0241,dui4,dui,4,mainland,mainland,corpus,0.28,158.759,145.601,141.156,185.975,44.8191,145.509,143.087,144.021,185.747,180.549,-1.54677,34.0289,0.680851,-12.9339,317.634,19.7256,32,47,
4191,SSB02410097,SSB0241,yao4,yao,4,mainland,mainland,corpus,0.22,166.024,168.533,139.169,179.596,40.4268,179.525,177.837,168.612,156.98,146.347,-14.009,-31.6352,0.941176,-140.808,-287.286,11.458,32,34,
4194,SSB02410097,SSB0241,he2,he,2,mainland,mainland,corpus,0.42,154.194,161.727,126.154,182.387,56.2324,182.252,171.659,161.727,127.416,130.367,-11.1812,-20.1716,0.44,-110.948,-169.512,25.4772,33,75,
4196,SSB02410097,SSB0241,he2,he,2,mainland,mainland,corpus,0.3,124.488,123.27,120.991,132.721,11.7294,121.289,122.585,123.27,125.284,129.166,6.59956,19.0336,0.352941,46.6124,138.742,3.2455,18,51,
4221,SSB02410117,SSB0241,zhe4,zhe,4,mainland,mainland,corpus,0.18,170.795,172.24,158.49,176.892,18.4018,171.279,175.904,175.793,169.074,161.163,10.5965,-35.3948,0.666667,106.211,-344.234,5.62853,18,27,
4226,SSB02410118,SSB0241,dui4,dui,4,mainland,mainland,corpus,0.18,149.169,149.354,142.601,156.357,13.7563,143.224,143.379,155.134,154.287,149.085,21.276,-10.5926,1,183.236,-93.0563,5.28719,27,27,
4235,SSB02410119,SSB0241,ye2,ye,2,mainland,mainland,corpus,0.52,130.067,131.164,121.656,137.296,15.6402,135.836,133.471,122.712,122.712,130.636,-7.48536,4.60998,0.284211,-55.8464,33.7202,6.06576,27,95,low_voicing
4247,SSB02410128,SSB0241,zai4,zai,4,mainland,mainland,corpus,0.42,139.813,126.29,108.489,194.346,85.8571,109.971,121.504,127.439,194.243,184.463,13.7959,34.607,0.733333,94.4227,308.238,32.3293,55,75,
4266,SSB02410141,SSB0241,dian3,dian,3,mainland,mainland,corpus,0.24,132.478,130.938,115.058,149.504,34.4459,149.136,146.061,130.938,120.913,116.139,-23.715,-21.8571,1,-191.557,-155.782,12.9007,39,39,
4287,SSB02410152,SSB0241,rang4,rang,4,mainland,mainland,corpus,0.16,176.601,178.087,167.068,180.07,13.0023,178.579,175.156,179.912,178.078,169.349,2.34051,-19.0457,1,24.2327,-192.057,3.68964,23,23,
4291,SSB02410153,SSB0241,yao4,yao,4,mainland,mainland,corpus,0.14,171.925,191.773,93.3402,195.549,102.209,94.3129,191.896,191.415,194.828,193.835,272.314,4.8334,1,2157.83,53.778,41.3219,19,19,octave_span|frame_jump
4310,SSB02410166,SSB0241,que4,que,4,mainland,mainland,corpus,0.26,236.719,274.515,160.074,294.522,134.448,277.126,289.988,272.838,176.843,160.277,-2.57137,-87.7119,0.651163,-40.8417,-1072.01,57.2101,28,43,
4314,SSB02410167,SSB0241,wei4,wei,4,mainland,mainland,corpus,0.14,180.113,178.159,174.746,190.817,16.0714,187.644,183.149,178.159,177.554,175.677,-19.9543,-5.39823,1,-210.766,-55.1647,4.69393,19,19,
4326,SSB02410173,SSB0241,dui4,dui,4,mainland,mainland,corpus,0.22,154.98,154.578,143.723,178.668,34.9455,155.248,149.841,144.493,169.007,155.389,-15.0646,15.2559,0.941176,-130.356,132.072,9.55418,32,34,
4344,SSB02410180,SSB0241,ba3,ba,3,mainland,mainland,corpus,0.26,163.352,164.268,143.405,178.437,35.0323,175.395,178.203,164.268,144.749,145.566,-17.4554,-32.1937,0.627907,-171.174,-287.73,14.1037,27,43,
4349,SSB02410185,SSB0241,bing4,bing,4,mainland,mainland,corpus,0.24,187.568,189.357,141.597,235.375,93.7778,233.373,210.557,189.357,164.544,142.888,-42.5692,-57.3487,0.897436,-517.84,-546.689,27.9894,35,39,
4364,SSB02410192,SSB0241,he2,he,2,mainland,mainland,corpus,0.3,115.962,115.881,111.059,124.764,13.7057,112.655,114.01,115.932,116.693,118.132,3.97152,2.60372,1,26.2175,17.6007,2.67279,51,51,
4395,SSB02410215,SSB0241,hai2,hai,2,mainland,mainland,corpus,0.3,142.319,143.202,136.199,144.748,8.54897,144.101,143.211,142.88,136.973,138.855,-1.17865,-3.95795,0.647059,-9.769,-32.2029,2.17059,33,51,
4408,SSB02410220,SSB0241,shi4,shi,4,mainland,mainland,corpus,0.2,149.547,148.286,138.267,162.948,24.6806,148.25,148.395,159.796,150.523,141.697,17.311,-27.7472,1,153.939,-241.317,5.78696,31,31,
4419,SSB02410224,SSB0241,jiang1,jiang,1,mainland,mainland,corpus,0.4,163.508,165.556,145.804,174.613,28.809,164.326,150.419,165.424,170.319,167.383,0.658875,1.16449,0.619718,6.2748,11.1927,7.81688,44,71,
4422,SSB02410224,SSB0241,zhi1,zhi,1,mainland,mainland,corpus,0.64,144.389,143.897,139.963,149.368,9.40515,140.896,140.896,142.469,142.469,146.832,0.657415,1.78537,0.220339,5.38017,14.9163,2.73471,26,118,low_voicing
4423,SSB02410224,SSB0241,zheng1,zheng,1,mainland,mainland,corpus,0.7,133.526,128.047,124.743,145.29,20.5468,142.525,143.783,128.047,127.11,125.977,-5.70613,-0.868298,0.48855,-44.5476,-6.37013,8.03447,64,131,
4428,SSB02410228,SSB0241,ye3,ye,3,mainland,mainland,corpus,0.26,117.479,118.323,99.8229,124.448,24.6251,106.42,118.029,123.435,118.674,116.184,35.4172,-14.4562,0.697674,234.686,-100.013,5.37641,30,43,
4439,SSB02410247,SSB0241,lai2,lai,2,mainland,mainland,corpus,0.16,124.917,124.035,120.149,131.828,11.6784,120.95,123.4,124.035,126.471,130.542,10.2588,20.8284,0.782609,72.5817,153.106,3.27696,18,23,
4447,SSB02410253,SSB0241,er2,er,2,mainland,mainland,corpus,0.16,139.517,135.899,133.791,155.92,22.1285,134.794,134.011,135.899,143.303,151.993,2.57074,35.2293,1,20.0978,292.614,6.75956,23,23,
4451,SSB02410253,SSB0241,ye3,ye,3,mainland,mainland,corpus,0.42,123.871,124.055,118.962,127.771,8.80914,121.188,124.619,124.469,122.478,124.229,2.49931,-0.180081,0.893333,17.7312,-1.29346,1.80189,67,75,
4464,SSB02410259,SSB0241,er2,er,2,mainland,mainland,corpus,0.18,151.077,148.066,137.059,177.579,40.5195,137.397,139.273,148.066,159.354,174.662,19.9176,43.9987,1,164.134,409.171,13.013,27,27,
4492,SSB02410278,SSB0241,er2,er,2,mainland,mainland,corpus,0.14,140.368,138.272,129.27,158.473,29.2025,130.514,132.558,138.272,147.32,153.628,22.2166,40.514,1,172.416,341.235,9.20284,19,19,
4496,SSB02410280,SSB0241,cong2,cong,2,mainland,mainland,corpus,0.18,138.921,139.165,133.226,147.538,14.3119,140.307,135.766,134.151,140.292,145.26,-19.4169,34.4335,0.62963,-153.885,277.723,4.00818,17,27,
4503,SSB02410285,SSB0241,zai4,zai,4,mainland,mainland,corpus,0.24,182.051,182.27,162.2,201.718,39.518,175.276,163.582,201.718,199.088,186.618,25.6059,-14.1797,0.641026,278.34,-158.954,13.8563,25,39,
4505,SSB02410285,SSB0241,wei4,wei,4,mainland,mainland,corpus,0.26,129.992,131.841,102.399,153.119,50.7202,114.659,105.638,131.841,152.502,147.167,23.0229,18.1321,1,163.639,145.962,19.2824,43,43,
4520,SSB02410295,SSB0241,shi3,shi,3,mainland,mainland,corpus,0.2,169.992,189.386,126.432,197.718,71.2859,191.245,194.658,196.242,138.543,127.974,5.95297,-98.6846,1,66.6164,-910.234,28.5873,31,31,
4541,SSB02410321,SSB0241,neng2,neng,2,mainland,mainland,corpus,0.28,142.148,131.319,124.542,203.66,79.1175,193.725,146.543,129.219,125.69,134.826,-60.9593,6.39428,0.851064,-560.924,48.755,23.812,40,47,
4548,SSB02410322,SSB0241,hui4,hui,4,mainland,mainland,corpus,0.2,143.361,140.744,135.903,153.244,17.3412,137.497,140.336,149.51,147.583,140.567,19.3352,-14.2387,1,160.177,-119.25,5.38839,31,31,
4552,SSB02410333,SSB0241,he2,he,2,mainland,mainland,corpus,0.28,151.81,148.017,134.827,173.434,38.6072,171.313,155.595,147.773,135.101,145.932,-22.2528,-1.8866,0.680851,-204.699,-16.003,13.0612,32,47,
4556,SSB02410333,SSB0241,jiu4,jiu,4,mainland,mainland,corpus,0.18,144.65,143.209,139.243,152.605,13.3622,140.723,142.802,142.837,151.059,143.23,3.97059,0.731028,1,32.5167,6.0397,4.45817,27,27,
4558,SSB02410341,SSB0241,ni3,ni,3,mainland,mainland,corpus,0.2,122.413,123.087,114.949,128.065,13.1159,126.613,126.613,123.319,119.258,115.926,-7.02024,-16.4671,0.870968,-50.6714,-113.746,4.0736,27,31,
4560,SSB02410352,SSB0241,wei4,wei,4,mainland,mainland,corpus,0.18,167.122,167.739,161.27,170.507,9.23671,163.282,164.533,169.756,170.111,166.962,11.219,-4.78945,0.925926,107.897,-46.5753,2.85908,25,27,
4579,SSB02410374,SSB0241,jiu4,jiu,4,mainland,mainland,corpus,0.34,141.312,121.234,110.724,181.351,70.6269,111.47,120.46,120.685,171.807,180.049,9.48304,47.7635,0.508475,63.5494,409.406,30.293,30,59,
4583,SSB02410377,SSB0241,she4,she,4,mainland,mainland,corpus,0.24,205.42,209.598,180.205,219.672,39.4674,218.342,218.339,209.598,195.784,183.529,-16.6488,-54.1022,0.461538,-205.74,-613.372,14.0398,18,39,
4591,SSB02410379,SSB0241,dui4,dui,4,mainland,mainland,corpus,0.4,132.854,124.152,122.59,170.017,47.4264,123.811,124.375,123.773,162.8,154.397,-0.0304949,21.8709,0.84507,-0.218055,174.996,15.0273,60,71,
4600,SSB02410380,SSB0241,cong2,cong,2,mainland,mainland,corpus,0.18,143.245,143.613,138.223,152.238,14.0144,150.367,144.589,138.621,141.803,145.604,-37.5484,22.6889,0.592593,-313.218,186.21,4.45379,16,27,
4615,SSB02410402,SSB0241,ye3,ye,3,mainland,mainland,corpus,0.28,115.834,118.737,96.1443,125.798,29.6534,98.1917,112.684,118.737,125.643,121.173,36.5468,3.90578,0.787234,228.285,27.0618,9.21058,37,47,
4619,SSB02410407,SSB0241,gai1,gai,1,mainland,mainland,corpus,0.24,147.954,158.044,125.507,166.304,40.7967,128.727,126.734,160.76,158.594,164.839,40.4963,4.56599,0.666667,337.191,42.9347,16.8087,26,39,
4624,SSB02410414,SSB0241,lai2,lai,2,mainland,mainland,corpus,0.2,119.552,118.911,112.656,123.931,11.2756,115.749,123.214,118.39,117.981,121.546,7.1003,8.28322,0.741935,48.0115,57.3963,3.09915,23,31,
4639,SSB02410424,SSB0241,jiang1,jiang,1,mainland,mainland,corpus,0.22,172.259,170.326,166.468,184.617,18.1489,167.06,180.835,173.368,169.085,169.048,9.16607,-6.2413,0.852941,90.1101,-61.7191,5.24685,29,34,
4674,SSB02410434,SSB0241,he2,he,2,mainland,mainland,corpus,0.34,127.833,127.061,124.116,134.685,10.5681,129.468,124.335,124.82,128.82,131.845,-14.8928,22.3016,0.305085,-109.363,165.275,3.47582,18,59,
4683,SSB02410441,SSB0241,jiang1,jiang,1,mainland,mainland,corpus,0.36,199.544,173.509,133.587,396.894,263.306,177.475,143.307,372.589,173.4,178.94,82.8363,-81.918,0.619048,1258.8,-1249.35,82.1604,39,63,octave_span
4688,SSB02410442,SSB0241,shi4,shi,4,mainland,mainland,corpus,0.18,183.846,183.938,180.86,185.564,4.7038,183.252,183.637,185.036,184.484,182.561,6.09887,-8.47838,0.444444,64.8705,-90.0102,1.38073,12,27,
4694,SSB02410444,SSB0241,jiang1,jiang,1,mainland,mainland,corpus,0.22,139.805,144.665,124.807,147.032,22.2251,132.525,132.014,145.202,146.283,144.792,19.1702,-0.592662,1,153.658,-4.96375,7.56922,34,34,
4701,SSB02410449,SSB0241,wei4,wei,4,mainland,mainland,corpus,0.16,182.744,183.076,176.488,187.187,10.6991,177.379,180.224,184.995,186.675,182.593,15.3211,-4.7622,0.869565,160.324,-50.5565,3.50939,20,23,
4708,SSB02610008,SSB0261,rang4,rang,4,mainland,mainland,corpus,0.18,207.12,217.463,165.286,222.573,57.2871,166.38,198.307,219.466,222.091,217.463,73.7573,-2.443,1,816.715,-30.828,20.2223,27,27,
4710,SSB02610008,SSB0261,zai4,zai,4,mainland,mainland,corpus,0.24,201.947,200.849,179.936,217.307,37.3703,202.169,199.759,196.445,216.12,211.442,-5.23323,13.4066,1,-60.2431,157.862,9.80807,39,39,
4724,SSB02610018,SSB0261,wo3,wo,3,mainland,mainland,corpus,0.2,150.733,152.007,143.912,158.195,14.283,145.957,144.519,152.007,157.273,152.776,9.37568,1.16498,1,80.6717,10.2547,5.05121,31,31,
4726,SSB02610018,SSB0261,dou1,dou,1,mainland,mainland,corpus,0.18,202.442,209.697,176.275,210.583,34.3076,199.312,193.332,209.805,210.551,209.755,13.6647,-0.0629406,1,161.424,-0.762675,9.91462,27,27,
4735,SSB02610023,SSB0261,ni3,ni,3,mainland,mainland,corpus,0.22,169.391,172.065,159.26,175.433,16.1724,160.977,164.52,172.065,173.741,175.179,13.9776,3.76332,1,134.396,37.7405,5.51896,34,34,
4738,SSB02610023,SSB0261,zai4,zai,4,mainland,mainland,corpus,0.22,198.002,199.195,182.854,207.535,24.6817,205.724,197.378,186.527,206.403,202.405,-20.5555,17.1427,1,-232.681,192.454,7.91595,34,34,
4741,SSB02610026,SSB0261,ni3,ni,3,mainland,mainland,corpus,0.44,162.74,156.654,125.552,203.22,77.6683,202.505,169.951,143.494,128.57,141.149,-30.5826,-1.46265,0.772152,-302.621,-12.0239,25.2937,61,79,
4746,SSB02610027,SSB0261,yao4,yao,4,mainland,mainland,corpus,0.46,193.928,196.319,176.096,205.452,29.3567,204.131,183.034,188.77,185.232,199.911,-6.60686,4.84248,0.60241,-74.9327,54.3446,8.72426,50,83,
4756,SSB02610041,SSB0261,dan4,dan,4,mainland,mainland,corpus,0.2,217.422,221.381,192.01,225.36,33.3504,221.711,221.623,225.058,215.166,196.448,3.8436,-34.8721,0.903226,49.5939,-423.866,9.8337,28,31,
4767,SSB02610051,SSB0261,zuo4,zuo,4,mainland,mainland,corpus,0.34,212.75,206.857,196.302,242.415,46.1128,207.133,205.622,206.122,208.727,234.688,-0.584251,15.4962,1,-6.97319,197.008,14.2079,59,59,
4783,SSB02610059,SSB0261,cong2,cong,2,mainland,mainland,corpus,0.18,180.047,177.535,173.73,193.302,19.5716,173.995,174.176,177.535,185.102,191.288,9.29766,34.4465,0.592593,94.3919,366.755,6.72404,16,27,
4805,SSB02610070,SSB0261,qu4,qu,4,mainland,mainland,corpus,0.58,175.892,173.248,150.314,218.27,67.9564,162.108,173.619,171.085,217.289,217.289,3.55469,15.7669,0.358491,34.1984,176.015,17.5161,38,106,
4839,SSB02610098,SSB0261,wu2,wu,2,mainland,mainland,corpus,0.2,153.201,151.71,135.398,173.148,37.75,135.987,142.334,151.71,164.274,171.856,25.2559,28.7823,1,209.642,268.621,12.8226,31,31,
4841,SSB02610099,SSB0261,wo2,wo,2,mainland,mainland,corpus,0.18,142.342,138.978,135.125,156.881,21.7561,135.852,137.716,138.978,147.092,155.009,6.85075,32.8675,0.888889,54.3748,278.791,6.57961,24,27,
4856,SSB02610124,SSB0261,jun1,jun,1,mainland,mainland,corpus,1.04,192.485,188.962,171.423,214.568,43.1445,174.844,176.097,194.33,208.704,213.293,3.69549,3.25634,0.286432,39.3654,38.3079,17.3608,57,199,low_voicing
4877,SSB02610144,SSB0261,zuo4,zuo,4,mainland,mainland,corpus,0.3,192.926,194.064,162.743,220.701,57.9573,217.124,180.162,163.877,216.973,213.631,-38.9671,36.7204,1,-425.978,398.028,22.3934,51,51,
4882,SSB02610153,SSB0261,dui4,dui,4,mainland,mainland,corpus,0.18,190.373,191.108,176.276,196.947,20.6711,186.087,191.057,196.605,192.526,179.363,16.5542,-27.6357,0.888889,182.92,-299.868,5.9065,24,27,
4896,SSB02610161,SSB0261,ni3,ni,3,mainland,mainland,corpus,0.2,155.283,154.082,151.094,180.221,29.1267,167.134,152.068,154.645,154.422,151.895,-18.5446,-4.28491,0.967742,-172.255,-37.9343,6.11542,30,31,
4900,SSB02610164,SSB0261,you4,you,4,mainland,mainland,corpus,0.2,200.685,208.354,173.434,213.343,39.9091,174.224,187.269,212.479,212.967,208.354,50.9113,-5.02896,0.903226,566.74,-61.1207,14.8864,28,31,
4909,SSB02610169,SSB0261,jiang1,jiang,1,mainland,mainland,corpus,0.2,196.247,198.871,185.798,203.236,17.4376,186.131,189.279,198.871,201.896,203.16,18.3396,5.90969,0.83871,203.849,68.6155,6.58378,26,31,
4921,SSB02610178,SSB0261,wo3,wo,3,mainland,mainland,corpus,0.2,155.284,154.657,151.75,159.82,8.07064,151.945,152.738,155.659,159.544,155.533,5.57494,-0.187319,1,49.5251,-1.68354,2.91507,31,31,
4923,SSB02610178,SSB0261,ni3,ni,3,mainland,mainland,corpus,0.3,191.956,195.15,131.113,252.013,120.9,247.955,229.213,196.458,150.05,133.981,-32.2424,-53.0103,1,-411.978,-499.815,41.1644,51,51,
4931,SSB02610183,SSB0261,jiang1,jiang,1,mainland,mainland,corpus,0.18,204.079,204.483,192.133,212.929,20.7962,194.614,201.632,204.483,208.3,211.591,18.0286,12.4543,0.740741,207.763,149.645,5.70388,20,27,
4934,SSB02610183,SSB0261,yi3,yi,3,mainland,mainland,corpus,0.68,147.556,133.305,125.399,182.933,57.5345,127.411,133.245,133.305,164.084,179.205,2.48519,16.2622,0.322835,18.7097,145.715,22.0473,41,127,
4942,SSB02610187,SSB0261,jiu4,jiu,4,mainland,mainland,corpus,0.14,215.328,216.321,209.339,217.24,7.90124,216.71,216.951,216.919,214.331,212.738,0.608681,-12.2526,0.631579,7.62294,-152.037,2.49778,12,19,
4959,SSB02610199,SSB0261,yao4,yao,4,mainland,mainland,corpus,0.18,186.248,199.235,140.176,215,74.8238,141.32,158.5,199.235,214.444,212.153,91.4777,16.7318,1,890.999,198.731,28.617,27,27,
4967,SSB02610203,SSB0261,shu4,shu,4,mainland,mainland,corpus,0.14,262.166,261.605,254.179,268.245,14.0659,259.383,260.624,261.332,264.963,266.459,5.18256,13.4544,0.578947,77.9393,205.081,4.0816,11,19,
4971,SSB02610204,SSB0261,wo2,wo,2,mainland,mainland,corpus,0.28,172.838,172.357,140.765,212.148,71.3828,141.056,150.397,172.357,192.906,210.99,31.5415,31.8296,0.957447,284.554,351.205,24.2528,45,47,
4992,SSB02610229,SSB0261,hai2,hai,2,mainland,mainland,corpus,0.28,196.427,192.15,170.094,217.26,47.1658,215.649,214.704,180.132,186.529,188.541,-27.092,6.86918,1,-308.845,73.1282,15.575,47,47,
5014,SSB02610239,SSB0261,jiang1,jiang,1,mainland,mainland,corpus,0.16,182.794,189.236,157.208,196.199,38.9905,174.635,159.428,189.236,194.536,195.628,25.2752,10.4571,1,265.474,116.224,14.0037,23,23,
5027,SSB02610251,SSB0261,zai4,zai,4,mainland,mainland,corpus,0.28,167.731,166.338,141.516,200.652,59.1358,195.096,160.271,144.067,180.451,186.345,-45.6466,38.7384,1,-443.733,367.642,21.0988,47,47,
5044,SSB02610264,SSB0261,jiu4,jiu,4,mainland,mainland,corpus,0.3,186.024,183.809,156.087,226.264,70.1769,215.304,185.094,169.483,165.796,225.404,-33.1429,39.4917,1,-366.572,447.366,22.4297,51,51,
5065,SSB02610278,SSB0261,qu4,qu,4,mainland,mainland,corpus,0.32,162.996,110.845,103.879,478.119,374.24,115.579,105.897,104.846,477.855,179.384,-12.4986,68.8694,0.709091,-79.505,552.135,112.11,39,55,octave_span
5073,SSB02610280,SSB0261,yu2,yu,2,mainland,mainland,corpus,0.46,147.44,156.715,60.5318,196.699,136.167,185.211,60.6569,127.311,128.386,167.702,-34.6125,25.4428,0.361446,-308.804,215.419,40.9006,30,83,octave_span
5105,SSB02610320,SSB0261,hen3,hen,3,mainland,mainland,corpus,0.3,179.742,178.996,147.61,214.164,66.5541,212.034,192.777,175.949,152.012,151.44,-25.8372,-20.7763,0.705882,-288.68,-196.08,23.2328,36,51,
5107,SSB02610326,SSB0261,chuan1,chuan,1,mainland,mainland,corpus,0.22,227.339,227.606,222.776,229.971,7.19493,223.988,226.462,229.137,227.394,228.744,8.28386,-0.626326,0.588235,108.404,-8.2826,2.0473,20,34,
5115,SSB02610327,SSB0261,jiu4,jiu,4,mainland,mainland,corpus,0.44,126.291,61.7278,60.1417,238.762,178.62,61.7668,60.5848,60.4044,224.134,232.688,-1.98014,119.734,0.392405,-6.98651,883.506,83.4563,31,79,octave_span
5118,SSB02610328,SSB0261,ni3,ni,3,mainland,mainland,corpus,0.18,159.749,159.879,157.666,161.066,3.3994,159.527,160.385,160.86,159.102,157.926,2.21733,-4.90374,1,20.5171,-45.147,1.13714,27,27,
5129,SSB02610337,SSB0261,ta1,ta,1,mainland,mainland,corpus,0.34,175.677,175.337,140.016,215.959,75.9425,199.421,167.41,141.712,173.196,208.807,-40.7881,46.2796,0.847458,-397.994,462.728,22.9219,50,59,
5132,SSB02610340,SSB0261,ye3,ye,3,mainland,mainland,corpus,0.34,181.38,182.396,145.449,209.917,64.4684,209.499,200.879,182.396,159.613,145.911,-16.5406,-26.6471,1,-186.914,-251.622,22.1545,59,59,
5139,SSB02610353,SSB0261,shui2,shui,2,mainland,mainland,corpus,0.28,183.791,176.166,165.301,222.35,57.0496,214.51,184.673,170.204,170.188,166.627,-34.8288,-3.19777,0.680851,-385.265,-31.1069,17.9167,32,47,
5146,SSB02610369,SSB0261,yao4,yao,4,mainland,mainland,corpus,0.2,217.783,217.036,195.887,237.934,42.047,198.178,206.031,225.551,234.143,217.618,29.865,-8.26442,1,364.971,-105.767,13.338,31,31,
5164,SSB02610390,SSB0261,ni3,ni,3,mainland,mainland,corpus,0.2,152.953,156.31,140.59,159.209,18.6192,141.833,146.053,156.31,159.11,158.301,22.434,2.92259,1,193.021,26.5553,6.71679,31,31,
5168,SSB02610390,SSB0261,da4,da,4,mainland,mainland,corpus,0.24,184.079,184.144,177.213,189.116,11.903,188.828,188.167,184.144,180.702,179.497,-15.8105,-16.094,0.307692,-170.299,-169.016,4.17715,12,39,
5171,SSB02610390,SSB0261,tai4,tai,4,mainland,mainland,corpus,0.28,206.309,224.863,132.027,229.942,97.9151,133.306,133.306,229.756,229.756,207.664,81.9504,-15.2197,0.361702,838.695,-192.11,36.1429,17,47,
5181,SSB02610406,SSB0261,er2,er,2,mainland,mainland,corpus,0.16,151.196,149.073,141.368,165.048,23.6798,142.548,143.307,149.073,159.26,163.834,19.3718,40.8639,0.73913,163.128,369.017,8.33686,17,23,
5186,SSB02610410,SSB0261,dan4,dan,4,mainland,mainland,corpus,0.18,216.478,222.031,190.633,225.954,35.3209,225.43,225.777,222.031,209.234,195.809,-4.57475,-37.8398,0.888889,-59.1192,-456.038,11.4021,24,27,
5188,SSB02610410,SSB0261,ni3,ni,3,mainland,mainland,corpus,0.22,144.09,138.531,123.618,181.936,58.3171,178.123,160.402,138.531,125.907,123.662,-52.7509,-23.8262,1,-479.9,-180.229,19.3404,34,34,
5194,SSB02610413,SSB0261,wo2,wo,2,mainland,mainland,corpus,0.16,144.284,142.477,139.596,155.104,15.5088,141.995,140.036,142.418,145.312,153.181,0.935101,22.9322,1,7.68108,195.691,4.45072,23,23,
5201,SSB02610420,SSB0261,shi4,shi,4,mainland,mainland,corpus,0.18,200.3,202.228,189.586,207.216,17.6304,206.402,205.717,201.044,195.407,191.973,-18.215,-31.972,0.407407,-214.333,-362.842,6.29685,11,27,
5211,SSB02610426,SSB0261,shi2,shi,2,mainland,mainland,corpus,0.28,227.079,243.289,149.827,271.936,122.108,268.418,256.067,232.222,149.877,150.34,-21.8066,-65.4547,0.553191,-314.752,-712.015,49.6458,26,47,
5218,SSB02610431,SSB0261,zai4,zai,4,mainland,mainland,corpus,0.2,210.229,207.231,197.265,224.791,27.5258,207.198,203.575,222.59,215.474,201.79,16.5401,-22.645,1,205.221,-277.327,7.80803,31,31,
5250,SSB02610462,SSB0261,shi4,shi,4,mainland,mainland,corpus,0.16,165.989,167.761,155.078,172.919,17.8409,172.77,170.808,166.305,162.779,158.054,-33.0128,-44.0483,0.391304,-323.251,-412.55,6.73986,9,23,
5252,SSB02610465,SSB0261,wo3,wo,3,mainland,mainland,corpus,0.18,144.179,143.649,141.706,146.924,5.2181,142.202,142.979,145.95,146.061,142.464,6.92924,-6.43804,1,57.6629,-53.6245,1.74892,27,27,
5260,SSB02610470,SSB0261,ni3,ni,3,mainland,mainland,corpus,0.18,173.379,175.532,164.073,180.329,16.2568,164.629,167.541,175.532,178.245,180.072,17.0803,6.80203,1,167.743,69.8548,5.92622,27,27,
5275,SSB02610482,SSB0261,wo2,wo,2,mainland,mainland,corpus,0.16,159.813,153.843,145.34,187.267,41.9274,145.948,147.768,153.843,171.763,183.351,16.5821,55.2333,1,143.539,536.515,13.9665,23,23,
5278,SSB02610486,SSB0261,lai2,lai,2,mainland,mainland,corpus,0.18,139.424,136.717,128.3,155.794,27.4938,133.113,133.32,136.717,143.962,154.04,7.11456,31.7743,1,55.4405,266.505,7.35778,27,27,
5286,SSB02610496,SSB0261,wo3,wo,3,mainland,mainland,corpus,0.18,152.207,152.175,146.951,163.364,16.4132,160.221,149.525,147.412,154.154,152.497,-22.194,9.0331,1,-197.075,78.2345,4.38698,27,27,
5305,SSB02670005,SSB0267,ye3,ye,3,mainland,mainland,corpus,0.16,205.362,201.854,189.523,234.385,44.8621,223.799,213.697,201.854,196.423,190.493,-32.4861,-18.2346,1,-399.009,-206.566,12.0475,23,23,
5313,SSB02670014,SSB0267,ye3,ye,3,mainland,mainland,corpus,0.18,207.837,203.81,183.516,250.145,66.6291,246.835,216.288,203.81,189.659,184.268,-51.0141,-26.8457,1,-661.933,-300.636,21.2377,27,27,
5318,SSB02670018,SSB0267,ta1,ta,1,mainland,mainland,corpus,0.16,208.307,213.307,192.482,223.766,31.2839,195.62,192.482,223.766,223.766,216.132,42.3133,-10.9256,0.304348,511.742,-138.792,13.12,7,23,
5329,SSB02670032,SSB0267,ni3,ni,3,mainland,mainland,corpus,0.3,215.027,217.244,187.22,248.274,61.0536,242.579,225.243,217.484,201.445,189.689,-15.1244,-18.9377,1,-200.76,-222.354,16.3795,51,51,
5362,SSB02670075,SSB0267,ni3,ni,3,mainland,mainland,corpus,0.2,196.029,189.594,183.671,237.492,53.8214,228.641,200.95,189.594,186.432,183.83,-43.227,-7.12603,1,-520.622,-76.8475,14.6078,31,31,
5395,SSB02670106,SSB0267,zai4,zai,4,mainland,mainland,corpus,0.24,190.099,217.818,73.8483,241.551,167.702,73.9553,73.9306,239.916,229.924,211.771,214.46,-22.7406,0.461538,1746.96,-296.272,64.5256,18,39,octave_span
5403,SSB02670114,SSB0267,bie2,bie,2,mainland,mainland,corpus,0.14,234.173,232.99,227.9,244.348,16.4476,228.532,228.94,230.121,236.775,240.53,5.32924,34.0413,0.526316,70.593,462.645,6.09105,10,19,
5406,SSB02670114,SSB0267,zai4,zai,4,mainland,mainland,corpus,0.26,212.331,210.662,190.066,254.334,64.268,191.105,190.913,212.125,246.701,222.321,17.2053,7.74009,1,200.188,97.0993,20.5934,43,43,
5422,SSB02670124,SSB0267,wo3,wo,3,mainland,mainland,corpus,0.16,208.208,208.351,205.717,209.502,3.78517,207.414,207.912,209.137,208.518,207.942,4.77313,-3.30534,0.565217,57.4226,-39.8151,1.04583,13,23,
5431,SSB00110162,SSB0011,zai4,zai,4,mainland,mainland,corpus,0.14,304.168,302.39,293.838,320.011,26.1726,313.262,308.101,302.39,297.762,296.675,-34.9415,-18.8757,0.421053,-621.221,-326.572,9.12592,8,19,
5435,SSB00110162,SSB0011,shi4,shi,4,mainland,mainland,corpus,0.4,213.727,208.121,201.111,277.126,76.015,207.955,201.837,210.847,208.619,264.462,1.36597,22.4136,0.71831,16.5218,306.372,19.2905,51,71,
5448,SSB00110172,SSB0011,zai4,zai,4,mainland,mainland,corpus,0.18,279.729,281.937,252.644,301.693,49.0489,297.158,290.421,282.91,269.595,257.529,-18.9029,-36.1619,0.703704,-316.616,-564.018,14.1465,19,27,
5459,SSB00110176,SSB0011,ge1,ge,1,mainland,mainland,corpus,0.3,227.841,240.932,175.476,266.638,91.1619,186.104,182.505,240.18,266.028,263.707,35.3286,12.9428,0.882353,432.608,188.217,38.1381,45,51,
5461,SSB00110184,SSB0011,dui4,dui,4,mainland,mainland,corpus,0.14,309.753,311.153,295.442,326.172,30.7299,316.313,313.237,311.153,305.043,300.384,-9.49179,-20.3248,0.684211,-172.005,-358.937,8.15885,13,19,
5483,SSB00110237,SSB0011,shi4,shi,4,mainland,mainland,corpus,0.2,281.748,284.296,270.357,286.112,15.7545,285.314,285.109,284.873,281.66,277.846,-1.33884,-21.6191,0.290323,-22.0475,-351.334,5.43502,9,31,low_voicing
5485,SSB00110237,SSB0011,zai4,zai,4,mainland,mainland,corpus,0.26,216.272,253.707,62.409,287.986,225.577,63.0939,63.4141,286.73,270.151,246.5,249.614,-24.9266,0.581395,2129.87,-383.147,88.8697,25,43,octave_span
5489,SSB02670130,SSB0267,shi4,shi,4,mainland,mainland,corpus,0.18,288.823,419.469,122.962,421.874,298.912,419.821,419.606,419.606,125.726,123.998,-0.186545,-444.306,0.333333,-4.52252,-6223.31,155.797,9,27,octave_span
5492,SSB02670130,SSB0267,zui4,zui,4,mainland,mainland,corpus,0.22,182.474,135.947,93.6513,265.891,172.239,93.9579,262.68,262.405,135.496,134.734,215.521,-139.881,0.617647,2041.78,-1547.53,80.3789,21,34,octave_span
5506,SSB02670144,SSB0267,ge1,ge,1,mainland,mainland,corpus,0.18,176.971,186.271,93.8077,189.879,96.0713,94.3475,189.083,186.087,185.889,188.418,180.909,3.31549,0.703704,1411.38,35.8604,29.1649,19,27,octave_span
5513,SSB02670154,SSB0267,wo3,wo,3,mainland,mainland,corpus,0.16,200.682,187.216,181.579,260.584,79.0046,260.515,191.721,188.896,183.433,181.596,-101.187,-12.4056,0.869565,-1302.16,-132.726,30.8505,20,23,
5517,SSB02670158,SSB0267,zhao3,zhao,3,mainland,mainland,corpus,0.18,233.396,275.137,165.302,281.258,115.956,275.662,281.096,281.153,172.719,165.531,5.25249,-141.093,0.62963,84.4648,-1778.8,55.7286,17,27,
5520,SSB02670159,SSB0267,na4,na,4,mainland,mainland,corpus,0.16,260.831,262.588,246.793,279.219,32.4255,272.685,264.838,262.82,253.569,248.07,-13.4311,-21.0501,0.869565,-207.702,-310.51,8.75325,20,23,
5522,SSB02670159,SSB0267,jiu4,jiu,4,mainland,mainland,corpus,0.22,226.873,222.921,210.158,266.032,55.8737,221.354,213.327,220.515,249.409,232.762,-0.797496,11.343,1,-10.1774,148.456,13.371,34,34,
5533,SSB02670175,SSB0267,dui4,dui,4,mainland,mainland,corpus,0.16,261.016,260.166,244.666,290.439,45.7729,276.492,264.386,259.086,252.266,246.522,-32.1629,-24.5882,0.652174,-497.325,-358.976,12.8835,15,23,
5544,SSB02670181,SSB0267,ge1,ge,1,mainland,mainland,corpus,0.2,182.451,192.537,89.0159,193.886,104.87,89.0619,192.871,192.835,190.98,193.258,178.317,0.506547,0.677419,1383.63,5.6484,31.0623,21,31,octave_span
5551,SSB02670192,SSB0267,shi4,shi,4,mainland,mainland,corpus,0.3,211.248,207.407,195.176,239.187,44.0108,236.337,222.513,207.663,200.336,196.684,-25.5907,-10.7477,0.705882,-327.698,-125.481,13.7029,36,51,
5554,SSB02670193,SSB0267,rang4,rang,4,mainland,mainland,corpus,0.18,229.008,232.757,211.025,246.646,35.6212,240.02,238.017,232.757,218.773,211.902,-8.18361,-25.0022,1,-111.733,-320.85,10.9567,27,27,
5562,SSB02670195,SSB0267,zai4,zai,4,mainland,mainland,corpus,0.18,229.826,225.806,220.533,245.678,25.1451,225.335,224.334,245.678,237.627,222.605,23.0213,-26.2674,0.703704,312.974,-354.967,8.11909,19,27,
5576,SSB02670206,SSB0267,geng4,geng,4,mainland,mainland,corpus,0.16,295.021,291.342,280.663,327.232,46.5683,310.384,297.393,291.342,287.33,282.362,-33.7245,-16.6778,0.608696,-585.887,-276.316,13.0957,14,23,
5578,SSB02670206,SSB0267,shi4,shi,4,mainland,mainland,corpus,0.36,97.8456,97.3009,92.8978,103.362,10.4645,102.157,99.7902,97.3009,95.1404,93.0582,-8.87463,-8.12457,0.619048,-51.1127,-44.6597,2.94399,39,63,
5579,SSB02670206,SSB0267,zai4,zai,4,mainland,mainland,corpus,0.2,228.394,229.285,214.825,240.77,25.9446,222.566,231.466,231.004,233.281,218.79,8.58905,-12.539,0.83871,112.5,-162.849,6.22984,26,31,
5583,SSB02670206,SSB0267,he2,he,2,mainland,mainland,corpus,0.14,208.792,208.579,201.746,217.631,15.8849,216.801,210.937,208.579,204.683,202.711,-14.8751,-10.9784,0.789474,-182.724,-130.398,5.65748,15,19,
5585,SSB02670213,SSB0267,ba3,ba,3,mainland,mainland,corpus,0.16,200.431,197.443,190.961,220.593,29.6325,212.401,205.685,195.813,192.129,192.208,-46.9237,-10.7255,0.565217,-552.911,-120.192,9.82986,13,23,
5602,SSB02670242,SSB0267,zher4,zher,4,mainland,mainland,corpus,0.36,218.236,211.077,196.71,250.301,53.5905,204.936,208.487,248.222,231.28,205.081,35.8646,-35.7325,0.492063,467.955,-466.391,17.2148,31,63,
5609,SSB02670259,SSB0267,shuo1,shuo,1,mainland,mainland,corpus,0.22,225.98,225.151,208.815,248.279,39.4639,210.336,209.015,225.732,243.726,240.538,14.8244,13.3317,0.529412,186.622,179.47,17.0446,18,34,
5612,SSB02670265,SSB0267,gan4,gan,4,mainland,mainland,corpus,0.36,233.623,234.968,205.666,269.233,63.5676,247.76,222.282,209.819,255.254,239.859,-18.5652,14.9451,1,-244.783,193.806,17.908,63,63,
5614,SSB02670282,SSB0267,qu4,qu,4,mainland,mainland,corpus,0.2,268.274,267.695,246.265,284.588,38.3226,284.297,281.553,267.695,261.126,256.761,-69.4457,-48.1335,0.225806,-1106.78,-728.966,15.7436,7,31,low_voicing
5640,SSB02670313,SSB0267,ni3,ni,3,mainland,mainland,corpus,0.16,212.823,211.706,194.885,253.865,58.9805,245.53,215.448,211.706,199.219,195.737,-46.6546,-24.687,1,-614.972,-290.353,16.622,23,23,
5648,SSB02670321,SSB0267,ba3,ba,3,mainland,mainland,corpus,0.14,191.604,190.631,189.96,194.834,4.87466,194.352,192.304,190.549,190.549,190.483,-10.5272,-0.184236,0.736842,-117.021,-2.02745,1.73936,14,19,
5689,SSB02670350,SSB0267,you2,you,2,mainland,mainland,corpus,0.14,193.9,192.836,190.753,201.912,11.1591,192.713,193.038,191.385,193.694,199.653,-2.66129,16.2712,1,-29.5221,183.734,3.25396,19,19,
5710,SSB02670380,SSB0267,wo3,wo,3,mainland,mainland,corpus,0.16,204.978,204.238,196.42,212.927,16.5071,210.396,208.898,203.174,203.445,197.504,-12.7306,-10.3163,0.869565,-152.043,-119.373,4.37822,20,23,
5717,SSB02670383,SSB0267,dou1,dou,1,mainland,mainland,corpus,0.22,97.7355,90.1282,61.0874,126.987,65.9,90.9405,61.5058,81.0024,122.364,126.629,-24.2847,93.7556,0.823529,-120.461,553.048,23.5343,28,34,octave_span
5720,SSB02670383,SSB0267,qu4,qu,4,mainland,mainland,corpus,0.16,176.254,176.252,176.054,176.514,0.459725,176.27,176.255,176.252,176.248,176.167,-0.143495,-0.665335,0.26087,-1.46095,-6.77195,0.15232,6,23,low_voicing
5723,SSB02670385,SSB0267,shi4,shi,4,mainland,mainland,corpus,0.22,191.114,213.201,114.542,221.582,107.04,212.107,221.455,221.455,117.522,116.194,9.05047,-135.342,0.352941,113.31,-1275.89,45.4049,12,34,
5727,SSB02670385,SSB0267,ba3,ba,3,mainland,mainland,corpus,0.28,218.609,221.094,200.122,229.219,29.0966,219.836,222.518,226.373,216.376,201.236,5.07261,-20.378,0.87234,65.3662,-251.374,8.07077,41,47,
5733,SSB02670389,SSB0267,ge1,ge,1,mainland,mainland,corpus,0.16,193.295,192.856,191.041,195.475,4.43374,195.334,195.073,192.428,191.933,192.828,-5.46392,0.758176,0.869565,-61.1893,8.43593,1.49254,20,23,
5740,SSB02670397,SSB0267,zhe4,zhe,4,mainland,mainland,corpus,0.16,125.838,125.897,122.483,128.688,6.20463,127.909,126.737,125.891,124.665,123.409,-9.17402,-11.4928,0.565217,-67.2445,-82.7463,1.78248,13,23,
5751,SSB02670412,SSB0267,wo3,wo,3,mainland,mainland,corpus,0.14,211.152,203.492,195.211,248.431,53.2204,248.194,217.065,202.646,196.942,195.26,-100.289,-18.3651,0.789474,-1301.38,-211.027,19.1462,15,19,
5761,SSB02670425,SSB0267,zhe4,zhe,4,mainland,mainland,corpus,0.26,220.456,225.938,193.211,239.406,46.1948,198.375,193.211,238.565,238.565,225.938,30.4178,-8.96645,0.302326,382.767,-120.259,16.8165,13,43,
5767,SSB02670432,SSB0267,wo2,wo,2,mainland,mainland,corpus,0.24,243.779,248.011,214.265,267.434,53.1687,228.241,224.305,246.55,258.91,257.745,16.1919,9.31887,0.871795,221.921,135.703,16.4629,34,39,
5790,SSB02670449,SSB0267,huo4,huo,4,mainland,mainland,corpus,0.24,209.106,196.916,174.906,249.107,74.2005,175.947,196.349,193.813,242.349,227.494,17.6242,29.199,0.615385,188.064,354.529,26.1597,24,39,
5796,SSB02670471,SSB0267,cong2,cong,2,mainland,mainland,corpus,0.2,220.188,217.481,209.592,254.057,44.4647,219.438,213.243,218.993,249.114,210.118,-0.468724,-9.5498,0.516129,-5.93517,-118.336,12.9286,16,31,
5798,SSB02670471,SSB0267,yao4,yao,4,mainland,mainland,corpus,0.3,207.4,219.381,84.185,350.296,266.111,334.498,88.0496,283.149,233.816,208.613,-23.0817,-42.3104,0.843137,-410.79,-596.29,83.6874,43,51,octave_span
5804,SSB02670482,SSB0267,ju4,ju,4,mainland,mainland,corpus,0.24,251.143,250.303,219.4,297.109,77.7083,288.018,264.944,249.631,232.861,220.139,-45.0247,-39.5747,0.589744,-697.95,-536.223,23.204,23,39,
5812,SSB02670497,SSB0267,ge1,ge,1,mainland,mainland,corpus,0.16,212.383,211.734,210.557,215.903,5.34536,214.006,213.415,211.734,211.548,210.859,-4.92801,-1.91149,0.695652,-60.5934,-23.3296,1.42962,16,23,
5824,SSB02730007,SSB0273,he2,he,2,mainland,mainland,corpus,0.24,131.185,130.847,128.896,134.581,5.6843,134.118,130.365,131.681,129.95,131.168,-3.34292,-0.71113,0.615385,-25.6615,-5.39844,1.63295,24,39,
5830,SSB02730008,SSB0273,cong1,cong,1,mainland,mainland,corpus,0.2,133.74,126.278,119.463,155.52,36.0568,121.853,119.889,126.278,145.143,152.613,8.23545,43.7235,1,59.0115,351.131,12.7059,31,31,
5831,SSB02730008,SSB0273,gen1,gen,1,mainland,mainland,corpus,0.18,150.234,150.834,137.819,162.568,24.7496,147.26,139.42,144.724,160.272,155.006,-4.62804,18.2807,1,-39.0266,158.186,9.283,27,27,
5833,SSB02730008,SSB0273,dou1,dou,1,mainland,mainland,corpus,0.3,150.544,152.371,131.281,179.716,48.4357,140.601,150.786,138.388,159.147,152.534,-2.19718,13.4793,0.862745,-17.7035,113.166,14.2455,44,51,
5836,SSB02730018,SSB0273,ye3,ye,3,mainland,mainland,corpus,0.18,126.801,132.655,83.1839,136.512,53.328,83.8733,131.244,135.696,134.647,132.12,151.438,-8.40685,0.851852,942.228,-65.0216,17.0974,23,27,frame_jump
5840,SSB02730018,SSB0273,yu4,yu,4,mainland,mainland,corpus,0.44,106.816,125.191,59.8528,141.184,81.3317,131.868,78.1651,81.0595,125.191,130.403,-43.2028,42.2106,0.582278,-260.558,253.043,29.8127,46,79,f0_below_floor|octave_span
5852,SSB02730020,SSB0273,zai4,zai,4,mainland,mainland,corpus,0.18,160.909,160.652,159.044,163.277,4.23263,163.039,162.286,159.923,160.736,160.146,-6.68073,0.480957,0.777778,-62.3126,4.44594,1.31481,21,27,
5857,SSB02730026,SSB0273,fang4,fang,4,mainland,mainland,corpus,0.32,128.79,123.895,115.853,148.524,32.6705,132.28,120.231,120.777,147.985,141.608,-11.6664,20.405,0.781818,-85.2059,154.303,10.8772,43,55,
5858,SSB02730026,SSB0273,li3,li,3,mainland,mainland,corpus,0.32,125.273,125.676,107.25,132.156,24.906,129.537,130.753,108.498,124.807,122.289,-29.2234,19.7291,0.672727,-200.379,131.346,5.94689,37,55,
5860,SSB02730026,SSB0273,ge1,ge,1,mainland,mainland,corpus,0.2,119.484,119.604,107.976,135.855,27.8781,126.015,119.502,110.479,118.114,121.59,-33.7464,24.5776,0.774194,-230.163,164.604,5.47252,24,31,
5862,SSB02730027,SSB0273,fang4,fang,4,mainland,mainland,corpus,0.42,125.396,122,114.253,139.899,25.6461,133.011,121.099,118.434,121.062,134.495,-10.8624,11.9002,0.96,-78.7951,86.8129,8.0955,72,75,
5864,SSB02730027,SSB0273,ge1,ge,1,mainland,mainland,corpus,0.24,118.662,126.9,65.5212,127.828,62.307,116.385,65.5987,126.843,126.9,127.809,15.6815,1.38193,0.717949,110.09,10.1636,19.2117,28,39,frame_jump
5871,SSB02730052,SSB0273,dou1,dou,1,mainland,mainland,corpus,0.3,146.742,147.325,138.359,158.068,19.7088,146.78,142.641,142.966,151.061,148.952,-3.64662,5.68128,0.921569,-30.5138,47.8918,4.63246,47,51,
5877,SSB02730057,SSB0273,fang4,fang,4,mainland,mainland,corpus,0.36,130.058,126.74,118.889,157.064,38.1746,130.046,122.633,125.116,140.107,135.282,-4.31626,8.72541,1,-31.8042,65.5869,8.29665,63,63,
5888,SSB02730073,SSB0273,ge1,ge,1,mainland,mainland,corpus,0.2,120.682,125.197,108.249,126.989,18.7398,111.415,108.434,124.914,125.642,125.339,26.3982,0.784513,0.83871,179.983,5.67014,7.2798,26,31,
5895,SSB02730087,SSB0273,zai4,zai,4,mainland,mainland,corpus,0.16,154.101,153.802,149.085,159.354,10.2691,158.623,157.041,153.802,151.305,149.525,-14.2478,-13.0216,0.695652,-128.551,-114.068,3.37903,16,23,
5902,SSB02730087,SSB0273,he2,he,2,mainland,mainland,corpus,0.32,148.817,148.511,139.01,161.037,22.0267,148.511,149.475,160.096,160.738,139.379,9.63268,-17.7711,0.472727,85.8152,-153.461,8.8657,26,55,
5905,SSB02730088,SSB0273,jiu4,jiu,4,mainland,mainland,corpus,0.18,169.183,168.284,159.606,184.253,24.6468,176.487,173.903,167.149,162.997,160.824,-37.6454,-26.715,0.407407,-373.524,-253.019,7.75458,11,27,
5911,SSB02730101,SSB0273,cong2,cong,2,mainland,mainland,corpus,0.16,156.137,152.736,151.932,167.021,15.0887,160.298,155.294,152.736,152.044,152.03,-47.8052,-4.58467,0.347826,-432.111,-40.354,6.30068,8,23,
5916,SSB02730106,SSB0273,ben3,ben,3,mainland,mainland,corpus,0.18,134.863,133.987,132.693,138.351,5.65795,137.216,135.811,133.987,133.814,133.173,-10.309,-2.63574,0.62963,-80.7432,-20.337,1.65271,17,27,
5918,SSB02730106,SSB0273,jiang1,jiang,1,mainland,mainland,corpus,0.3,138.011,137.19,118.187,157.73,39.543,135.229,122.33,129.319,149.432,151.276,-6.1892,21.7201,0.882353,-47.2803,175.657,12.9782,45,51,
5929,SSB02730126,SSB0273,fang4,fang,4,mainland,mainland,corpus,0.4,129.212,124.073,116.635,150.414,33.7783,135.728,120.762,119.423,148.26,142.39,-12.661,17.4011,0.971831,-93.1725,131.239,11.4106,69,71,
5932,SSB02730127,SSB0273,fang4,fang,4,mainland,mainland,corpus,0.34,124.584,122.43,111.416,147.55,36.134,122.822,115.203,122.43,137.952,129.591,-0.382058,6.78674,1,-2.70618,49.385,9.21661,59,59,
5934,SSB02730144,SSB0273,yu3,yu,3,mainland,mainland,corpus,0.26,139.143,138.056,132.508,151.949,19.441,144.503,141.96,138.056,136.636,133.133,-7.70792,-6.13347,0.976744,-62.8905,-48.0336,4.20917,42,43,
5942,SSB02730150,SSB0273,shi4,shi,4,mainland,mainland,corpus,0.16,150.49,151.807,125.653,167.061,41.4079,143.197,127.008,147.034,166.156,161.674,8.32431,29.8756,0.695652,69.7721,266.167,15.483,16,23,
5960,SSB02730160,SSB0273,deng3,deng,3,mainland,mainland,corpus,0.22,142.111,149.463,120.144,151.724,31.5792,151.196,149.766,150.646,130.404,122.419,-0.764759,-43.5396,1,-6.66679,-342.144,11.3414,34,34,
5963,SSB02730160,SSB0273,he2,he,2,mainland,mainland,corpus,0.36,184.425,132.158,102.845,352.964,250.119,104.686,112.512,125.013,350.842,132.645,19.8203,6.61838,0.52381,131.143,49.236,104.054,33,63,octave_span
5968,SSB02730171,SSB0273,fang4,fang,4,mainland,mainland,corpus,0.42,124.745,121.726,112.722,139.291,26.5698,126.161,116.174,121.249,138.615,131.164,-3.71675,7.35575,0.96,-26.5544,53.5955,7.78788,72,75,
5997,SSB02730199,SSB0273,jiang1,jiang,1,mainland,mainland,corpus,0.34,122.357,121.097,65.7229,154.152,88.4294,127.09,111.969,116.439,152.53,143.163,-10.4503,24.6688,0.830508,-73.4542,184.301,23.3562,49,59,octave_span|frame_jump
6000,SSB02730205,SSB0273,zai4,zai,4,mainland,mainland,corpus,0.18,162.335,160.506,152.814,176.081,23.2671,172.991,168.283,161.689,155.748,153.474,-25.9927,-20.0611,0.703704,-251.148,-182.56,7.53637,19,27,
6010,SSB02730216,SSB0273,rang4,rang,4,mainland,mainland,corpus,0.3,145.23,141.639,130.196,166.204,36.0076,141.77,132.199,133.303,165.211,160.466,-8.52937,25.6858,1,-67.7394,217.305,13.3707,51,51,
6035,SSB02730247,SSB0273,shi4,shi,4,mainland,mainland,corpus,0.26,148.291,159.692,119.418,166.926,47.5086,122.232,120.836,166.862,166.862,159.692,61.582,-8.68994,0.325581,510.058,-81.9436,20.518,14,43,
6041,SSB02730250,SSB0273,fang4,fang,4,mainland,mainland,corpus,0.38,126.652,124.458,116.21,138.332,22.1219,130.597,121.561,120.121,137.701,134.876,-8.77303,12.1553,0.955224,-63.4889,89.4187,7.14341,64,67,
6048,SSB02730257,SSB0273,jiu4,jiu,4,mainland,mainland,corpus,0.32,97.3536,64.9663,62.0394,166.022,103.982,65.3405,64.0755,62.4661,159.994,147.793,-6.49041,124.244,0.581818,-23.9534,711.06,44.0701,32,55,octave_span
6057,SSB02730276,SSB0273,zuo4,zuo,4,mainland,mainland,corpus,0.16,177.222,175.31,164.459,194.745,30.2856,193.133,181.593,175.31,171.185,165.597,-39.4411,-23.2181,0.782609,-419.367,-228.539,9.35496,18,23,
6060,SSB02730276,SSB0273,yu3,yu,3,mainland,mainland,corpus,0.22,117.979,115.428,112.178,131.306,19.1276,128.868,121.116,115.361,114.194,112.843,-23.2347,-4.62995,1,-163.721,-30.5138,5.19959,34,34,
6068,SSB02730305,SSB0273,fang4,fang,4,mainland,mainland,corpus,0.36,124.501,119.782,111.032,149.162,38.1295,122.989,114.189,113.967,145.905,135.467,-8.50969,19.303,0.761905,-58.2084,138.713,12.2221,48,63,
6070,SSB02730305,SSB0273,ge1,ge,1,mainland,mainland,corpus,0.24,120.736,126.927,65.7128,136.267,70.5545,65.7787,124.901,123.5,128.737,129.101,114.798,8.08354,0.871795,607.591,58.9631,17.836,34,39,octave_span
6086,SSB02730330,SSB0273,fang4,fang,4,mainland,mainland,corpus,0.48,122.859,117.547,112.545,147.332,34.7868,125.902,117.545,115.342,130.184,136.325,-7.0538,13.4582,0.885057,-49.1153,97.593,9.78648,77,87,
6106,SSB02730367,SSB0273,shi4,shi,4,mainland,mainland,corpus,0.32,135.041,123.781,118.3,163.555,45.2552,123.125,122.061,118.643,163.533,158.309,-4.75452,36.9876,0.654545,-33.1948,293.819,18.3517,36,55,
6111,SSB02730395,SSB0273,fang4,fang,4,mainland,mainland,corpus,0.36,124.828,120.383,109.869,151.033,41.164,131.451,112.406,112.251,150.632,144.508,-17.6364,28.2133,0.761905,-123.875,208.11,14.5801,48,63,
6113,SSB02730395,SSB0273,ge1,ge,1,mainland,mainland,corpus,0.2,128.443,128.193,120.274,131.795,11.5218,129.758,131.689,122.122,126.937,128.193,-13.9986,11.1974,0.83871,-101.803,80.9347,2.77628,26,31,
6114,SSB02730398,SSB0273,bing4,bing,4,mainland,mainland,corpus,0.24,165.66,166.708,150.256,174.723,24.4666,169.538,174.508,167.666,159.676,153.107,-2.48121,-20.2913,0.820513,-24.1639,-187.855,7.72469,32,39,
6121,SSB02730404,SSB0273,ta1,ta,1,mainland,mainland,corpus,0.16,148.707,148.254,147.752,151.226,3.47363,150.45,148.777,148.123,147.947,148.278,-7.71273,0.520292,0.652174,-66.5064,4.4539,1.11583,15,23,
6128,SSB02730409,SSB0273,ke3,ke,3,mainland,mainland,corpus,0.24,132.288,131.785,126.665,139.726,13.0608,134.816,133.573,131.785,129.946,129.105,-26.2411,-23.7184,0.179487,-202.041,-178.707,4.55968,7,39,low_voicing
6131,SSB02730413,SSB0273,fang2,fang,2,mainland,mainland,corpus,0.18,135.968,135.481,134.477,139.271,4.79467,135.077,134.792,135.04,136.536,138.183,-0.155656,13.2735,0.481481,-1.21432,104.737,1.48963,13,27,
6133,SSB02730413,SSB0273,ye3,ye,3,mainland,mainland,corpus,0.56,127.144,125.346,116.419,141.136,24.7172,121.694,138.042,126.643,123.481,123.169,2.96851,-2.07154,0.815534,21.2881,-14.9449,6.68651,84,103,
6155,SSB02730446,SSB0273,fang4,fang,4,mainland,mainland,corpus,0.38,123.622,121.455,114.056,142.853,28.7968,127.189,117.333,119.082,137.228,129.836,-6.91029,9.0718,0.955224,-49.1321,65.1768,8.05937,64,67,
6159,SSB02730455,SSB0273,mao1,mao,1,mainland,mainland,corpus,0.22,140.105,140.693,136.223,143.427,7.20444,136.474,139.056,142.418,140.518,140.763,8.94603,-2.45252,1,72.0466,-20.0578,2.02301,34,34,
6168,SSB02730465,SSB0273,fang4,fang,4,mainland,mainland,corpus,0.34,134.062,130.371,118.966,150.639,31.6727,135.49,125.535,127.231,150.384,140.559,-7.50907,11.895,0.915254,-56.9575,91.9206,9.74682,54,59,
6170,SSB02730465,SSB0273,ge1,ge,1,mainland,mainland,corpus,0.2,128.685,128.189,124.032,133.242,9.21051,131.963,131.324,126.675,128.378,126.975,-9.4401,0.545956,1,-70.5056,3.99952,2.32203,31,31,
6181,SSB02870002,SSB0287,ta1,ta,1,mainland,mainland,corpus,0.16,291.678,291.996,281.369,297.531,16.1613,286.381,293.307,295.838,291.996,291.182,20.4542,-9.98735,0.521739,343.91,-169.32,5.15193,12,23,
6183,SSB02870002,SSB0287,shi4,shi,4,mainland,mainland,corpus,0.42,265.089,255.261,229.812,318.97,89.1583,230.486,249.83,251.411,315.328,282.97,8.1318,11.0662,0.733333,113.105,170.591,30.4129,55,75,
6184,SSB02870002,SSB0287,wo3,wo,3,mainland,mainland,corpus,0.42,265.089,255.261,229.812,318.97,89.1583,230.486,249.83,251.411,315.328,282.97,8.1318,11.0662,0.733333,113.105,170.591,30.4129,55,75,
6188,SSB02870004,SSB0287,shuo1,shuo,1,mainland,mainland,corpus,0.16,293.428,289.634,284.22,314.977,30.7575,302.797,298.158,289.634,287.282,285.751,-27.9809,-8.49719,0.521739,-478.677,-141.202,9.21401,12,23,
6190,SSB02870004,SSB0287,qian4,qian,4,mainland,mainland,corpus,0.34,283.081,284.415,252.015,301.561,49.5455,271.463,283.913,295.036,297.718,261.855,9.94197,-14.2444,0.847458,162.568,-228.83,12.2289,50,59,
6208,SSB02870046,SSB0287,ni3,ni,3,mainland,mainland,corpus,0.22,213.415,213.577,189.326,245.759,56.4326,243.179,230.152,213.577,195.585,189.577,-27.2375,-25.0149,1,-358.803,-290.918,19.1207,34,34,
6212,SSB02870055,SSB0287,ruo4,ruo,4,mainland,mainland,corpus,0.18,301.373,301.442,289.761,312.538,22.7766,303.673,303.615,309.07,295.339,291.141,5.80876,-19.7066,0.814815,102.793,-341.507,7.11821,22,27,
6214,SSB02870055,SSB0287,ke3,ke,3,mainland,mainland,corpus,0.46,241.671,234.982,199.341,287.521,88.1795,215.477,236.855,271.376,239.228,221.658,19.4785,-17.09,0.638554,272.677,-242.524,25.3207,53,83,
6217,SSB02870055,SSB0287,he2,he,2,mainland,mainland,corpus,0.18,193.776,192.202,187.62,217.867,30.2471,195.379,189.867,190.929,195.191,190.41,-6.1367,-0.724891,1,-68.4641,-7.98357,6.62514,27,27,
6224,SSB02870071,SSB0287,shi4,shi,4,mainland,mainland,corpus,0.3,248.326,220.427,212.813,297.867,85.0542,216.182,218.895,213.204,296.22,286.062,-1.92068,40.7128,0.647059,-23.8182,582.863,37.0633,33,51,
6237,SSB02870083,SSB0287,mang2,mang,2,mainland,mainland,corpus,0.2,230.887,220.446,202.378,266.597,64.2193,266.377,259.689,220.446,204.011,203.571,-43.6876,-18.383,1,-612.42,-225,26.3558,31,31,
6246,SSB02870093,SSB0287,you2,you,2,mainland,mainland,corpus,0.18,215.275,210.479,197.613,241.636,44.0222,240.897,229.284,210.479,198.019,200.523,-35.9515,-12.9069,1,-467.962,-153.177,17.0039,27,27,
6274,SSB02870135,SSB0287,er2,er,2,mainland,mainland,corpus,0.14,219.744,219.01,215.128,225.912,10.7839,215.877,218.501,218.964,221.257,224.062,7.02239,11.3852,0.789474,88.1906,145.669,2.93321,15,19,
6277,SSB02870135,SSB0287,jiang1,jiang,1,mainland,mainland,corpus,0.18,243.82,248.957,222.321,271.71,49.3891,227.835,226.855,268.291,254.013,248.957,43.5348,-19.9204,1,622.411,-297.447,17.5476,27,27,
6289,SSB02870141,SSB0287,zhi3,zhi,3,mainland,mainland,corpus,0.38,247.561,250.981,192.958,283.947,90.9897,233.319,260.382,276.542,231.679,195.443,17.8325,-36.4183,0.880597,261.959,-491.51,28.8825,59,67,
6308,SSB02870183,SSB0287,hen2,hen,2,mainland,mainland,corpus,0.22,224.354,228.62,206.912,237.119,30.2069,209.696,207.573,233.89,231.284,230.662,22.9135,-2.91593,0.588235,293.26,-39.1217,10.7905,20,34,
6310,SSB02870183,SSB0287,zai4,zai,4,mainland,mainland,corpus,0.24,235.118,228.442,201.22,278.095,76.8749,202.883,217.197,225.612,257.196,240.541,19.3508,11.6762,1,239.25,157.143,23.1124,39,39,
6315,SSB02870187,SSB0287,jiang1,jiang,1,mainland,mainland,corpus,0.2,219.111,243.03,181.157,264.095,82.9385,181.309,184.489,260.893,244.876,243.093,84.0013,-16.3125,0.870968,1061.12,-237.341,32.9078,27,31,
6320,SSB02870192,SSB0287,zui4,zui,4,mainland,mainland,corpus,0.3,285.073,277.73,272.215,314.174,41.9591,302.998,278.621,272.468,277.275,299.686,-14.709,13.1869,1,-244.236,217.742,13.787,51,51,
6328,SSB00110255,SSB0011,jiu4,jiu,4,mainland,mainland,corpus,0.2,233.662,243.833,207.615,267.268,59.6526,210.627,210.436,266.143,256.613,247.308,54.0019,-16.943,0.806452,740.214,-251.135,23.7974,25,31,
6338,SSB00110260,SSB0011,yu3,yu,3,mainland,mainland,corpus,0.28,137.488,103.683,86.24,227.65,141.41,212.82,202.656,86.4235,98.0308,103.951,-135.667,27.7993,0.765957,-1099.1,152.414,54.4889,36,47,octave_span
6353,SSB00110289,SSB0011,duo1,duo,1,mainland,mainland,corpus,0.18,307.957,305.516,298.896,325.363,26.467,311.462,302.758,300.537,310.101,323.992,-10.7509,22.6259,0.888889,-190.004,407.913,8.32156,24,27,
6376,SSB00110325,SSB0011,shi4,shi,4,mainland,mainland,corpus,0.18,321.858,323.042,291.409,353.795,62.3861,323.226,318.817,336.306,341.715,296.699,10.5657,-33.3736,0.666667,201.23,-609.336,16.1559,18,27,
6380,SSB00110326,SSB0011,yong4,yong,4,mainland,mainland,corpus,0.16,285.1,291.564,259.214,304.811,45.5969,264.485,263.138,291.564,300.06,304.763,37.4995,17.0335,0.826087,601.74,293.313,17.1947,19,23,
6388,SSB00110332,SSB0011,xiang3,xiang,3,mainland,mainland,corpus,0.32,249.884,254.438,185.912,298.164,112.251,286.207,254.884,253.663,252.911,189.452,-15.4795,-37.4297,0.836364,-241.064,-475.64,27.6115,46,55,
6391,SSB00110332,SSB0011,qu4,qu,4,mainland,mainland,corpus,0.2,263.938,255.671,240.484,287.329,46.8452,254.258,247.414,240.484,276.876,285.149,-12.8569,39.3247,0.580645,-183.661,595.543,18.3443,18,31,
6402,SSB02870200,SSB0287,dou1,dou,1,mainland,mainland,corpus,0.18,260.646,263.545,234.133,294.702,60.5686,239.849,245.418,282.97,272.698,263.545,44.0349,-18.9417,1,663.399,-298.849,18.877,27,27,
6417,SSB02870212,SSB0287,shi4,shi,4,mainland,mainland,corpus,0.22,233.734,204.802,202.535,271.992,69.4571,203.854,202.89,203.245,269.279,268.787,-0.627926,58.6538,0.382353,-7.38281,794.452,33.9775,13,34,
6434,SSB02870235,SSB0287,ai4,ai,4,mainland,mainland,corpus,0.18,264.787,265.891,254.964,270.73,15.7663,262.219,267.346,270.033,264.177,256.553,9.68259,-16.8864,0.814815,148.83,-256.76,4.72307,22,27,
6471,SSB02870306,SSB0287,ye2,ye,2,mainland,mainland,corpus,0.18,204.626,202.827,196.58,221.986,25.406,220.455,206.032,202.639,196.974,202.86,-22.4439,0.290769,1,-274.09,3.40527,7.82166,27,27,
6478,SSB02870312,SSB0287,dui4,dui,4,mainland,mainland,corpus,0.24,253.927,254.054,215.046,281.02,65.9745,252.989,226.627,233.507,280.399,271.271,-14.6033,27.3187,1,-205.074,397.524,24.2431,39,39,
6492,SSB02870318,SSB0287,he2,he,2,mainland,mainland,corpus,0.24,245.772,247.241,221.715,276.049,54.3336,248.742,246.833,244.284,256.625,222.125,-3.29591,-17.3288,1,-46.9298,-233.251,13.1882,39,39,
6498,SSB02870320,SSB0287,gai1,gai,1,mainland,mainland,corpus,0.2,272.694,277.589,253.279,296.165,42.8864,255.482,259.113,291.83,279.778,277.741,30.7055,-11.4229,1,484.647,-187.866,13.7118,31,31,
6504,SSB02870324,SSB0287,zai4,zai,4,mainland,mainland,corpus,0.16,285.883,286.558,273.054,302.078,29.0242,298.288,293.481,285.177,276.157,273.688,-22.2347,-20.339,0.652174,-374.616,-328.238,9.96896,15,23,
6507,SSB02870324,SSB0287,tao4,tao,4,mainland,mainland,corpus,0.28,280.504,272.106,188.275,357.751,169.476,189.961,189.41,356.835,274.486,260.306,94.9105,-47.4833,0.765957,1451.09,-839.383,59.7581,36,47,
6510,SSB02870342,SSB0287,zai4,zai,4,mainland,mainland,corpus,0.16,269.955,262.354,246.321,315.404,69.0835,301.895,289.605,262.354,249.838,246.373,-64.8107,-29.0132,0.695652,-1054.43,-426.139,23.0287,16,23,
6514,SSB02870355,SSB0287,zhe4,zhe,4,mainland,mainland,corpus,0.14,304.999,302.843,291.902,322.361,30.4591,317.976,312.119,302.843,296.023,293.752,-37.5194,-23.45,0.526316,-672.588,-404.02,11.4166,10,19,
6521,SSB02870357,SSB0287,er2,er,2,mainland,mainland,corpus,0.14,234.49,232.538,227.666,244.983,17.3173,230.554,231.947,232.538,236.251,240.812,4.56229,18.6263,0.736842,61.0185,254.613,4.85117,14,19,
6531,SSB02870374,SSB0287,dan4,dan,4,mainland,mainland,corpus,0.16,297.153,296.994,284.432,320.519,36.0875,307.565,302.199,296.994,289.851,285.767,-13.4552,-14.825,0.826087,-234.909,-249.486,9.16891,19,23,
6533,SSB02870374,SSB0287,shi4,shi,4,mainland,mainland,corpus,0.28,280.55,281.411,265.546,289.795,24.2488,273.96,276.327,289.355,287.23,274.126,8.23032,-8.13897,0.510638,133.867,-132.421,7.33001,24,47,
6547,SSB02870405,SSB0287,dang1,dang,1,mainland,mainland,corpus,0.14,322.482,319.91,319.108,348.079,28.9707,330.97,319.838,319.519,319.908,319.985,-17.4168,0.721248,0.789474,-327.173,13.3212,7.6567,15,19,
6553,SSB02870407,SSB0287,yao4,yao,4,mainland,mainland,corpus,0.14,296.907,295.849,282.885,313.695,30.81,310.206,305.014,294.546,288.738,284.478,-25.6236,-17.2024,0.789474,-447.439,-287.645,9.95586,15,19,
6562,SSB02870412,SSB0287,bei4,bei,4,mainland,mainland,corpus,0.24,225.809,222.552,188.724,268.97,80.2457,189.226,205.276,222.552,260.757,241.275,29.5614,14.7206,1,350.793,197.087,25.4528,39,39,
6564,SSB02870412,SSB0287,suo2,suo,2,mainland,mainland,corpus,0.18,208.984,196.094,185.479,239.774,54.2948,193.154,187.705,238.651,226.133,194.909,56.3362,-53.9271,1,699.962,-672.962,20.921,27,27,
6583,SSB02870431,SSB0287,shi4,shi,4,mainland,mainland,corpus,0.48,239.861,232.975,201.115,291.125,90.0094,203.509,221.445,250.895,290.452,277.478,16.8552,8.10911,0.701149,220.399,123.641,29.7997,61,87,
6586,SSB02870433,SSB0287,shang4,shang,4,mainland,mainland,corpus,0.22,288.498,287.656,270.129,309.406,39.2775,306.45,298.735,287.656,277.517,273.473,-36.5228,-29.1786,0.382353,-626.465,-472.768,13.2456,13,34,
6605,SSB02870451,SSB0287,bing4,bing,4,mainland,mainland,corpus,0.18,288.633,288.737,278.685,298.661,19.9759,296.373,294.472,288.737,282.986,279.399,-9.03876,-11.3833,0.777778,-152.734,-186.764,6.27005,21,27,
6619,SSB02870478,SSB0287,shi4,shi,4,mainland,mainland,corpus,0.3,276.128,275.113,263.129,291.304,28.1752,270.261,276.929,277.594,291.304,273.867,3.70747,-1.87178,0.490196,58.6586,-29.811,7.20232,25,51,
6635,SSB02870488,SSB0287,yin1,yin,1,mainland,mainland,corpus,0.14,289.088,289.231,283.648,294.587,10.9393,285.753,284.754,288.495,291.604,293.828,3.88991,7.46136,0.947368,64.5134,125.483,3.58148,18,19,
6641,SSB02870489,SSB0287,zai4,zai,4,mainland,mainland,corpus,0.24,288.014,286.819,266.118,317.712,51.5941,286.864,286.867,309.119,280.667,268.97,13.6164,-25.354,1,234.266,-422.625,12.8452,39,39,
6643,SSB02870489,SSB0287,shi4,shi,4,mainland,mainland,corpus,0.48,245.417,247.156,206.268,295.787,89.5193,209.643,239.663,255.19,287.87,285.75,15.8308,9.10775,0.712644,211.845,142.138,24.333,62,87,
6661,SSB02880031,SSB0288,huo4,huo,4,mainland,mainland,corpus,0.42,183.969,181.583,82.0098,405.146,323.136,184.672,85.1788,379.491,371.133,208.334,67.401,-56.1189,0.56,1053.07,-925.172,94.646,42,75,octave_span|frame_jump
6669,SSB02880088,SSB0288,jiu4,jiu,4,mainland,mainland,corpus,0.16,191.117,193.786,173.588,205.363,31.7744,174.28,176.056,204.556,201.013,190.184,50.4203,-22.9308,0.695652,550.482,-261.308,12.3488,16,23,
6678,SSB02880097,SSB0288,zai4,zai,4,mainland,mainland,corpus,0.18,220.099,213.466,192.31,267.991,75.6816,252.033,232.751,213.466,202.854,195.491,-82.1508,-43.5098,0.555556,-1101.91,-513.569,23.1308,15,27,
6716,SSB02880231,SSB0288,you3,you,3,mainland,mainland,corpus,0.64,190.043,177.567,170.6,259.272,88.6719,171.796,254.356,255.433,214.296,180.954,23.4769,-20.4029,0.398305,285.939,-254.628,25.1841,47,118,
6719,SSB02880231,SSB0288,zai4,zai,4,mainland,mainland,corpus,0.2,201.725,201.436,190.794,213.484,22.6899,201.725,196.531,191.307,211.594,200.354,-12.2404,10.6658,0.774194,-138.911,120.625,6.95348,24,31,
6729,SSB02880237,SSB0288,bing4,bing,4,mainland,mainland,corpus,0.2,223.055,225.395,187.247,264.253,77.0064,258.169,235.944,225.395,204.999,189.422,-37.6057,-48.163,0.83871,-524.391,-575.561,22.5161,26,31,
6753,SSB02880398,SSB0288,zai4,zai,4,mainland,mainland,corpus,0.18,234.522,235.825,226.913,238.597,11.6832,238.131,237.811,235.825,232.749,230.007,-9.62624,-24.7114,0.296296,-131.766,-332.443,4.29386,8,27,low_voicing
6757,SSB02880412,SSB0288,zang4,zang,4,mainland,mainland,corpus,0.3,205.681,186.772,167.534,316.957,149.424,307.739,316.957,192.473,188.081,171.765,-112.063,-27.1813,0.294118,-1589.87,-285.629,50.5223,15,51,low_voicing
6762,SSB02880417,SSB0288,ai4,ai,4,mainland,mainland,corpus,0.16,234.918,219.652,216.029,304.703,88.6743,290.948,228.072,218.996,218.857,217.36,-103.542,-2.73392,0.869565,-1514.76,-34.4539,30.1469,20,23,
6767,SSB02880428,SSB0288,jiang1,jiang,1,mainland,mainland,corpus,0.26,184.485,180.195,161.379,211.482,50.1036,170.374,173.27,173.364,210.973,195.9,2.86889,20.1499,0.697674,28.4803,214.628,17.3621,30,43,
6785,SSB03070014,SSB0307,ye3,ye,3,mainland,mainland,corpus,0.2,191.112,196.065,170.794,200.942,30.1483,198.882,200.414,196.065,186.584,172.347,-3.29284,-29.7636,1,-37.5593,-316.252,10.2473,31,31,
6801,SSB03070026,SSB0307,na4,na,4,mainland,mainland,corpus,0.14,202.264,202.631,194.405,208.842,14.437,204.392,206.954,204.392,199.931,195.839,0.000277934,-18.5003,0.894737,0.00328133,-213.815,4.67403,17,19,
6808,SSB03070027,SSB0307,bie2,bie,2,mainland,mainland,corpus,0.22,173.599,174.113,166.78,178.867,12.0877,174.884,172.167,173.084,174.677,174.728,-2.17068,1.98339,0.882353,-21.8145,19.9234,2.38448,30,34,
6817,SSB03070032,SSB0307,wo3,wo,3,mainland,mainland,corpus,0.28,188.806,187.022,169.919,210.936,41.0168,207.546,199.215,187.022,176.808,172.249,-17.5872,-13.8982,0.893617,-200.235,-144.128,12.3002,42,47,
6822,SSB03070039,SSB0307,ta1,ta,1,mainland,mainland,corpus,0.26,199.657,197.306,180.037,222.649,42.6123,180.268,199.69,191.244,211.685,189.186,9.74508,-1.78327,0.744186,104.531,-19.593,13.22,32,43,
6826,SSB03070044,SSB0307,ta1,ta,1,mainland,mainland,corpus,0.14,213.024,212.565,209.019,218.744,9.72501,216.402,214.675,212.565,210.624,210.113,-17.6989,-11.4745,0.421053,-219.267,-140.073,3.41595,8,19,
6828,SSB03070044,SSB0307,wo3,wo,3,mainland,mainland,corpus,0.26,173.52,190.273,88.963,199.348,110.385,193.743,190.703,192.284,181.878,89.3653,-1.24648,-126.337,1,-13.8967,-980.175,37.5255,43,43,octave_span|frame_jump
6842,SSB03070055,SSB0307,yin1,yin,1,mainland,mainland,corpus,0.2,212.455,212.01,210.444,214.735,4.29031,211.512,210.499,212.008,214.071,214.329,0.600899,2.7926,0.903226,7.35002,34.3851,1.55746,28,31,
6850,SSB03070064,SSB0307,wo3,wo,3,mainland,mainland,corpus,0.18,198.267,196.758,186.004,213.714,27.7099,210.024,206.386,195.765,190.777,190.926,-20.2862,-7.2209,0.925926,-237.649,-80.6393,8.55226,25,27,
6860,SSB03070072,SSB0307,zhe4,zhe,4,mainland,mainland,corpus,0.22,206.113,198.18,192.086,227.958,35.8722,196.691,193.978,196.42,220.765,211.625,-0.289729,15.6461,0.794118,-3.28943,184.301,12.4991,27,34,
6863,SSB03070072,SSB0307,jiu4,jiu,4,mainland,mainland,corpus,0.2,183.977,183.076,176.829,188.823,11.9946,182.803,180.903,186.593,187.634,178.793,4.73719,-9.85683,1,50.5373,-104.001,3.30992,31,31,
6888,SSB03070113,SSB0307,wo3,wo,3,mainland,mainland,corpus,0.16,200.259,200.419,192.062,211.742,19.6796,207.614,203.42,200.419,196.171,193.157,-12.2127,-12.7788,0.913043,-143.905,-145.238,5.08062,21,23,
6893,SSB03070114,SSB0307,dou1,dou,1,mainland,mainland,corpus,0.2,181.378,181.482,176.312,188.286,11.9735,181.651,181.563,184.224,182.421,176.402,3.24664,-10.0157,0.83871,34.3064,-104.3,3.07456,26,31,
6905,SSB03070126,SSB0307,ni3,ni,3,mainland,mainland,corpus,0.3,192.863,195.508,173.11,202.225,29.1145,193.755,200.662,200.894,187.445,174.345,5.01135,-19.6314,1,57.1127,-212.396,9.46949,51,51,
6912,SSB03070128,SSB0307,zai4,zai,4,mainland,mainland,corpus,0.22,195.759,192.359,181.528,228.993,47.4649,182.534,183.721,192.359,208.607,199.574,11.0016,7.72663,1,119.091,87.4515,13.6458,34,34,
6917,SSB03070129,SSB0307,jiu4,jiu,4,mainland,mainland,corpus,0.24,195.42,195.091,183.875,207.824,23.9484,188.523,196.533,193.288,204.029,193.131,5.76109,-0.187643,0.538462,63.5251,-2.09414,5.61886,21,39,
6927,SSB03070142,SSB0307,wo3,wo,3,mainland,mainland,corpus,0.12,200.266,199.488,193.643,209.206,15.563,206.347,204.64,198.947,196.376,194.683,-21.0736,-12.5046,0.928571,-246.646,-142.152,5.05203,13,14,
6932,SSB03070142,SSB0307,wan2,wan,2,mainland,mainland,corpus,0.2,174.992,173.299,168.718,186.902,18.1835,184.972,178.535,172.708,170.51,172.726,-15.8349,0.0231716,1,-163.513,0.231172,5.11152,31,31,
6953,SSB03070156,SSB0307,jiang1,jiang,1,mainland,mainland,corpus,0.28,189.752,189.914,180.405,200.713,20.3082,195.661,185.888,182.392,197.588,189.508,-10.5722,5.76189,1,-115.387,61.8802,6.05741,47,47,
6957,SSB03070157,SSB0307,wo3,wo,3,mainland,mainland,corpus,0.14,193.912,194.579,188.073,199.036,10.9627,197.668,195.603,194.579,191.807,189.276,-6.05834,-10.6311,1,-68.6308,-117.85,3.08156,19,19,
6961,SSB03070161,SSB0307,wo1,wo,1,mainland,mainland,corpus,0.14,199.095,197.619,195.051,215.476,20.4251,204.798,196.643,197.261,198.542,197.085,-14.4246,-0.34466,1,-167.477,-3.92539,4.94787,19,19,
6974,SSB03070171,SSB0307,zai4,zai,4,mainland,mainland,corpus,0.12,218.722,210.344,204.52,253.927,49.4068,237.881,226.428,209.378,206.798,205.955,-88.3828,-11.4147,0.785714,-1140.13,-136.92,17.0042,11,14,
6977,SSB03070180,SSB0307,zai4,zai,4,mainland,mainland,corpus,0.2,193.841,194.24,183.406,200.854,17.4483,200.298,199.961,194.24,189.586,184.771,-8.50691,-13.8447,0.83871,-96.9262,-151.516,5.75314,26,31,
6988,SSB03070193,SSB0307,neng2,neng,2,mainland,mainland,corpus,0.32,194.704,194.728,188.056,201.715,13.6595,200.261,200.347,194.728,188.541,191.115,-3.59272,-2.40196,1,-40.9821,-26.7656,4.69052,55,55,
6991,SSB03070197,SSB0307,wo3,wo,3,mainland,mainland,corpus,0.14,201.918,202.323,196.641,207.056,10.4147,205.524,204.248,202.323,199.339,197.766,-7.2449,-10.5171,0.842105,-85.3365,-121.52,3.12241,16,19,
6998,SSB03070200,SSB0307,wei2,wei,2,mainland,mainland,corpus,0.2,185.265,185.062,184.094,188.624,4.53081,187.159,184.691,185.366,184.253,185.509,-2.22208,0.177557,1,-23.907,1.90187,1.05545,31,31,
7007,SSB03070205,SSB0307,ni2,ni,2,mainland,mainland,corpus,0.14,192.002,191.104,190.546,197.552,7.00638,195.345,191.424,190.863,191.061,190.976,-10.0472,0.256232,0.894737,-112.063,2.8257,2.07849,17,19,
7011,SSB03070208,SSB0307,shi4,shi,4,mainland,mainland,corpus,0.16,196.44,194.333,190.421,206.562,16.1412,193.728,194.473,192.227,204.755,192.447,-2.44909,0.360564,1,-27.2994,4.0058,5.25196,23,23,
7014,SSB03070210,SSB0307,shi4,shi,4,mainland,mainland,corpus,0.32,190.363,191.726,180.125,207.109,26.9838,188.006,181.464,193.604,198.509,195.927,3.76261,1.52964,0.763636,41.466,17.2084,6.92411,42,55,
7031,SSB03070217,SSB0307,wo2,wo,2,mainland,mainland,corpus,0.2,192.425,192.243,187.724,196.369,8.64552,191.75,193.461,190.538,193.825,193.234,-1.46278,3.24315,1,-16.1503,35.9458,2.08994,31,31,
7045,SSB03070234,SSB0307,dao4,dao,4,mainland,mainland,corpus,0.18,177.826,175.979,172.533,194.103,21.5703,177.166,188.781,177.516,173.525,172.676,0.526469,-7.36283,0.888889,5.39295,-74.4626,5.89793,24,27,
7051,SSB03070242,SSB0307,wo2,wo,2,mainland,mainland,corpus,0.16,200.486,197.716,196.922,210.743,13.8207,207.634,203.912,197.716,197.035,197.085,-17.8392,-1.16405,0.869565,-208.801,-13.2728,4.48199,20,23,
7059,SSB03070244,SSB0307,cong2,cong,2,mainland,mainland,corpus,0.3,202.155,200.661,184.01,224.774,40.7643,199.99,200.006,209.085,206.449,185.456,6.15974,-16.6094,1,72.7625,-189.034,9.36032,51,51,
7073,SSB03070260,SSB0307,cong2,cong,2,mainland,mainland,corpus,0.32,200.415,197.957,188.802,218.414,29.612,204.133,197.205,195.621,215.533,189.148,-5.46212,-4.31482,0.872727,-63.0524,-47.9442,8.40122,48,55,
7089,SSB03070271,SSB0307,gai1,gai,1,mainland,mainland,corpus,0.24,201.694,201.084,192.101,212.581,20.4796,205.094,196.847,201.084,207.145,200.81,-3.59824,-0.248524,1,-42.2092,-2.88466,4.92556,39,39,
7110,SSB03070292,SSB0307,he2,he,2,mainland,mainland,corpus,0.22,185.954,185.146,172.721,198.073,25.3527,176.874,191.995,186.599,187.691,178.117,11.2311,-9.76233,1,117.87,-102.812,6.74773,34,34,
7115,SSB03070304,SSB0307,shi4,shi,4,mainland,mainland,corpus,0.44,179.566,178.594,173.895,186.861,12.9653,186.493,181.711,177.345,174.406,183.629,-6.33291,4.38379,0.708861,-66.5326,45.6979,4.19936,56,79,
7136,SSB00110357,SSB0011,jiang1,jiang,1,mainland,mainland,corpus,0.32,236.342,218.381,208.205,294.171,85.966,267.858,223.733,210.084,208.932,279.572,-31.1553,36.6447,0.890909,-427.95,514.725,30.0003,49,55,
7144,SSB00110377,SSB0011,yin1,yin,1,mainland,mainland,corpus,0.16,267.084,266.55,259.117,276.024,16.9068,259.481,261.604,266.55,273.176,275.001,8.46054,9.82532,1,128.528,153.661,5.92837,23,23,
7160,SSB00110386,SSB0011,dao4,dao,4,mainland,mainland,corpus,0.18,214.028,225.329,176.319,236.826,60.5074,179.389,183.97,235.56,231.37,219.64,72.5538,-18.6372,0.888889,864.162,-244.918,23.951,24,27,
7210,SSB03070325,SSB0307,ni3,ni,3,mainland,mainland,corpus,0.14,196.055,194.663,191.457,205.487,14.03,201.719,198.293,194.663,193.217,191.984,-14.5039,-5.6448,0.947368,-166.022,-63.0335,4.03583,18,19,
7215,SSB03070327,SSB0307,zhe4,zhe,4,mainland,mainland,corpus,0.16,230.833,228.083,217.238,248.381,31.1425,245.463,239.177,227.244,222.538,218.958,-38.1483,-18.3724,0.652174,-520.554,-236.735,10.4393,15,23,
7221,SSB03070338,SSB0307,hai2,hai,2,mainland,mainland,corpus,0.2,187.384,189.29,171.618,212.656,41.0384,188.091,190.331,212.239,172.56,174.547,27.8819,-45.1323,1,321.978,-502.565,12.5862,31,31,
7243,SSB03070355,SSB0307,he2,he,2,mainland,mainland,corpus,0.18,180.324,183.594,166.402,195.547,29.1457,185.042,175.176,169.956,188.667,185.023,-22.6512,22.6241,0.888889,-232.097,231.807,7.98608,24,27,
7257,SSB03070365,SSB0307,xiang3,xiang,3,mainland,mainland,corpus,0.22,185.154,189.184,166.869,202.529,35.6601,192.309,191.809,192.908,184.452,167.311,0.652214,-29.8731,0.705882,7.25619,-310.261,11.159,24,34,
7273,SSB03070395,SSB0307,ren2,ren,2,mainland,mainland,corpus,0.18,183.329,181.158,179.634,193.034,13.4001,191.921,185.522,180.838,179.83,181.158,-18.7235,0.556373,0.851852,-201.512,5.81679,4.22356,23,27,
7283,SSB03070407,SSB0307,zai4,zai,4,mainland,mainland,corpus,0.14,204.723,203.202,197.059,219.575,22.516,214.737,209.057,202.213,198.695,197.561,-29.7224,-11.5124,0.789474,-357.809,-132.915,6.99239,15,19,
7290,SSB03070409,SSB0307,ni2,ni,2,mainland,mainland,corpus,0.12,203.435,201.363,199.31,215.699,16.3888,209.306,204.795,201.235,199.622,199.626,-20.9474,-4.27696,1,-248.339,-49.5155,4.97457,14,14,
7295,SSB03070415,SSB0307,wo3,wo,3,mainland,mainland,corpus,0.34,191.949,191.257,188.134,199.836,11.7028,196.797,191.535,189.909,193.296,190.098,-4.2541,0.118901,1,-47.507,1.30494,2.66546,59,59,
7298,SSB03070416,SSB0307,zhe4,zhe,4,mainland,mainland,corpus,0.22,204.527,201.963,193.13,234.644,41.514,223.397,207.912,201.963,195.745,194.299,-31.7495,-12.1786,0.676471,-389.71,-139.36,10.9334,23,34,
7311,SSB03070430,SSB0307,shi4,shi,4,mainland,mainland,corpus,0.18,189.791,188.265,181.761,199.244,17.4826,183.046,184.79,188.265,196.809,198.041,12.9786,23.3691,0.592593,139.172,260.672,6.14649,16,27,
7320,SSB03070444,SSB0307,ni2,ni,2,mainland,mainland,corpus,0.16,200.562,198.921,197.051,211.126,14.0756,208.614,199.541,197.376,198.623,200.097,-23.9663,5.92646,0.73913,-280.944,68.0316,4.57086,17,23,
7330,SSB03070461,SSB0307,bei4,bei,4,mainland,mainland,corpus,0.2,192.574,191.058,190.465,206.35,15.8847,191.157,191.333,190.681,191.424,197.547,-0.574529,8.16473,0.870968,-6.33585,91.5371,3.91826,27,31,
7332,SSB03070462,SSB0307,ni3,ni,3,mainland,mainland,corpus,0.14,196.494,195.007,193.045,203.801,10.7556,201.402,198.608,195.007,194.012,193.653,-13.9656,-3.01521,0.894737,-159.875,-33.8453,3.32151,17,19,
7336,SSB03070471,SSB0307,cong2,cong,2,mainland,mainland,corpus,0.24,202.991,201.46,189.788,215.977,26.1888,205.518,201.489,201.211,209.925,192.874,-3.86022,-7.71127,1,-45.3435,-87.7537,5.51398,39,39,
7354,SSB03070483,SSB0307,ni3,ni,3,mainland,mainland,corpus,0.3,202.345,201.292,193.638,209.945,16.3068,204.808,199.993,196.381,206.772,209.683,-5.93785,9.26258,0.980392,-68.7905,108.589,4.96848,50,51,
7358,SSB03070488,SSB0307,ni2,ni,2,mainland,mainland,corpus,0.18,202.805,203.798,192.495,212.693,20.1979,193.053,196.442,203.798,208.417,212.361,17.8618,13.5718,0.814815,204.673,163.098,7.04818,22,27,
7368,SSB03070504,SSB0307,wo3,wo,3,mainland,mainland,corpus,0.12,194.687,193.692,190.446,202.692,12.2459,198.34,196.44,193.692,192.263,191.465,-14.9295,-7.28094,0.857143,-169.029,-80.9905,3.58998,12,14,
7374,SSB03070509,SSB0307,ni2,ni,2,mainland,mainland,corpus,0.16,197.894,197.537,196.659,200.582,3.9232,199.287,197.537,196.719,197.427,199.506,-4.49051,4.8715,0.913043,-51.3576,55.7456,1.25041,21,23,
7382,SSB03070511,SSB0307,he2,he,2,mainland,mainland,corpus,0.16,186.138,184.143,175.021,214.366,39.3455,184.482,178.416,179.704,198.723,186.025,-8.25932,10.8816,1,-86.8675,114.927,11.0497,23,23,
7389,SSB03090013,SSB0309,geng4,geng,4,mainland,mainland,corpus,0.28,257.725,287.172,203.659,298.096,94.4375,204.29,218.712,289.745,293.716,289.527,52.6087,-0.113137,0.680851,743.089,-1.89279,40.9473,32,47,
7396,SSB03090022,SSB0309,lai2,lai,2,mainland,mainland,corpus,0.18,156.411,166.42,88.6809,175.648,86.967,89.2903,171.065,165.631,164.275,172.492,164.565,10.8106,1,1174.47,105.555,28.7097,27,27,frame_jump
7410,SSB03090035,SSB0309,zai4,zai,4,mainland,mainland,corpus,0.22,220.672,235.413,178.129,275.465,97.3361,185.389,179.627,268.676,258.734,241.591,77.8635,-22.2978,0.970588,1009.54,-328.296,39.1576,33,34,
7420,SSB03090047,SSB0309,zai4,zai,4,mainland,mainland,corpus,0.28,254.693,241.511,220.422,303.302,82.88,225.174,241.511,230.492,298.63,276.534,3.51378,27.4168,0.893617,46.2397,400.371,28.9005,42,47,
7438,SSB03090095,SSB0309,cong3,cong,3,mainland,mainland,corpus,0.16,211.971,211.609,202.297,219.983,17.6858,218.46,218.131,211.609,207.04,204.354,-22.0652,-24.1589,0.478261,-274.047,-290.203,6.36534,11,23,
7451,SSB03090335,SSB0309,que4,que,4,mainland,mainland,corpus,0.22,209.609,210.449,182.638,243.271,60.6334,188.19,184.751,213.892,236.693,226.335,26.8641,11.8659,0.705882,311.536,150.825,24.3004,24,34,
7453,SSB03090335,SSB0309,qi2,qi,2,mainland,mainland,corpus,0.3,180.303,171.285,168.052,220.986,52.9336,169.18,171.294,170.77,205.734,196.571,1.29586,19.4876,0.529412,12.7228,206.409,16.5885,27,51,
7484,SSB03090379,SSB0309,jiang3,jiang,3,mainland,mainland,corpus,0.24,183.303,181.604,176.041,193.372,17.3311,181.268,182.282,184.174,187.048,176.845,2.89848,-7.40032,0.923077,30.591,-77.1498,4.94924,36,39,
7488,SSB03090383,SSB0309,zai4,zai,4,mainland,mainland,corpus,0.18,281.061,278.278,263.991,311.378,47.3872,296.912,285.365,278.278,272.659,266.968,-34.5262,-22.1017,0.518519,-573.353,-347.993,13.3129,14,27,
7496,SSB03090386,SSB0309,ye3,ye,3,mainland,mainland,corpus,0.2,188.269,186.662,184.388,199.66,15.2717,197.878,187.529,185.216,186.768,186.579,-15.2647,1.693,1,-168.83,18.1791,4.41864,31,31,
7500,SSB03090392,SSB0309,wo3,wo,3,mainland,mainland,corpus,0.22,208.614,205.144,202.933,239.945,37.0127,225.758,209.01,203.766,205.142,204.446,-23.6589,0.769886,0.911765,-293.235,9.07666,8.30996,31,34,
7502,SSB03090392,SSB0309,ni3,ni,3,mainland,mainland,corpus,0.26,210.021,211.446,183.757,253.724,69.9667,246.312,221.239,211.446,186.717,183.821,-25.1652,-23.0843,1,-332.054,-263.095,21.8467,43,43,
7503,SSB03090392,SSB0309,zui4,zui,4,mainland,mainland,corpus,0.26,234.566,184.053,176.148,310.515,134.367,176.781,181.39,179.79,303.244,283.934,2.78311,75.3415,0.744186,28.6603,991.841,59.5205,32,43,
7511,SSB03090398,SSB0309,jiang1,jiang,1,mainland,mainland,corpus,0.24,158.452,153.281,145.677,186.539,40.8622,147.147,150.563,154.896,171.679,161.655,9.3529,7.7827,0.871795,81.5708,71.1414,11.1642,34,39,
7519,SSB03090424,SSB0309,zhe4,zhe,4,mainland,mainland,corpus,0.16,280.63,283.009,261.73,303.417,41.6869,283.32,284.228,283.813,276.473,266.663,0.859619,-30.8305,0.652174,14.0801,-489.996,9.66541,15,23,
7530,SSB03090433,SSB0309,guo4,guo,4,mainland,mainland,corpus,0.46,188.887,166.679,136.447,301.075,164.627,144.005,276.989,186.804,161.988,141.935,21.9751,-23.1976,0.975904,208.776,-218.872,49.7591,81,83,octave_span
7531,SSB03090439,SSB0309,bing4,bing,4,mainland,mainland,corpus,0.22,295.176,303.916,259.874,334.983,75.1092,316.545,305.93,303.538,283.07,261.29,-9.68554,-34.5959,0.911765,-173.43,-563.303,19.0628,31,34,
7538,SSB03090439,SSB0309,he2,he,2,mainland,mainland,corpus,0.2,170.783,169.812,155.409,197.35,41.9407,164.108,170.763,175.697,171.61,156.689,15.7498,-26.4287,1,154.508,-253.43,9.78743,31,31,
7547,SSB03090442,SSB0309,jiang3,jiang,3,mainland,mainland,corpus,0.2,203.897,202.224,190.085,231.134,41.0491,221.045,210.19,202.224,194.754,191.25,-28.0102,-17.5628,0.741935,-342.185,-199.532,11.1461,23,31,
7554,SSB03090457,SSB0309,ke3,ke,3,mainland,mainland,corpus,0.2,289.154,208.434,189.326,479.731,290.404,478.66,478.638,212.649,192.938,189.794,-295.713,-41.441,0.612903,-5600.24,-481.151,132.944,19,31,octave_span
7561,SSB03090457,SSB0309,zai4,zai,4,mainland,mainland,corpus,0.26,191.279,230.062,140.615,240.03,99.4151,142.623,141.411,141.162,239.406,234.263,-1.6979,83.5178,0.627907,-13.9159,886.679,48.8529,27,43,
7566,SSB03160001,SSB0316,deng3,deng,3,mainland,mainland,corpus,0.12,138.941,137.722,135.467,145.829,10.3622,141.066,139.637,137.722,136.634,136.326,-23.734,-10.0786,0.571429,-191.091,-79.7699,3.58286,8,14,
7593,SSB03160038,SSB0316,wei4,wei,4,mainland,mainland,corpus,0.14,217.131,217.449,208.088,222.278,14.1892,215.42,219.751,220.989,217.449,211.957,10.3971,-16.998,0.947368,131.038,-212.512,3.95135,18,19,
7606,SSB03160045,SSB0316,que4,que,4,mainland,mainland,corpus,0.32,194.733,196.903,180.414,208.721,28.307,197.187,197.619,190.588,208.721,191.544,-4.36511,0.641727,0.690909,-48.8817,7.08234,5.3912,38,55,
7611,SSB03160049,SSB0316,er2,er,2,mainland,mainland,corpus,0.14,163.708,161.967,155.29,174.141,18.8518,157.853,160.276,161.967,167.346,171.021,13.7037,28.9769,0.736842,126.571,278.604,5.71948,14,19,
7624,SSB03160065,SSB0316,ni3,ni,3,mainland,mainland,corpus,0.18,151.833,151.695,145.056,163.29,18.2334,158.601,154.531,151.695,147.906,145.89,-14.6797,-12.8665,0.814815,-131.533,-110.568,4.76274,22,27,
7626,SSB03160065,SSB0316,wo2,wo,2,mainland,mainland,corpus,0.16,165.12,163.507,160.714,174.293,13.5799,172.686,164.169,161.148,162.705,168.728,-21.7672,14.4692,1,-209.785,137.827,4.35364,23,23,
7640,SSB03160188,SSB0316,yao4,yao,4,mainland,mainland,corpus,0.18,175.807,175.559,161.719,190.967,29.248,189.227,179.995,175.559,170.98,163.097,-19.9686,-19.6105,1,-210.28,-191.719,7.88169,27,27,
7642,SSB03160189,SSB0316,shei2,shei,2,mainland,mainland,corpus,0.18,147.842,147.984,146.444,148.956,2.51166,148.398,147.984,147.984,147.984,148.398,-6.44224,6.44224,0.148148,-55.1445,55.1445,1.09194,4,27,low_voicing
7653,SSB03160211,SSB0316,wo3,wo,3,mainland,mainland,corpus,0.14,147.614,144.538,141.342,165.844,24.5018,161.884,149.805,144.074,141.874,141.353,-57.6504,-9.4309,0.789474,-508.846,-77.7408,7.79999,15,19,
7660,SSB03160212,SSB0316,zai4,zai,4,mainland,mainland,corpus,0.2,136.418,135.656,127.209,146.255,19.0466,130.987,130.984,135.656,142.565,139.406,8.08385,6.2955,1,62.2468,50.009,5.63314,31,31,
7671,SSB03160219,SSB0316,shi4,shi,4,mainland,mainland,corpus,0.18,127.319,170.064,69.2147,171.205,101.99,69.3819,69.3819,170.832,171.018,170.896,239.99,0.100003,0.259259,1560.77,0.986974,54.1681,7,27,octave_span|low_voicing
7678,SSB03160223,SSB0316,ta1,ta,1,mainland,mainland,corpus,0.32,145.98,140.797,118.546,180.996,62.4502,146.391,133.38,120.6,170.235,175.002,-24.8525,47.7452,0.8,-191.04,402.972,23.0192,44,55,
7687,SSB03160241,SSB0316,ta1,ta,1,mainland,mainland,corpus,0.14,148.846,143.669,140.81,167.43,26.6199,141.535,142.766,142.31,158.412,162.923,2.10074,52.0406,1,17.2213,458.064,10.016,19,19,
7690,SSB03160241,SSB0316,bing4,bing,4,mainland,mainland,corpus,0.24,139.411,133.495,122.056,162.099,40.0429,128.895,125.108,123.119,158.898,148.616,-8.35442,34.2986,0.948718,-60.7966,268.384,15.5131,37,39,
7693,SSB03160256,SSB0316,wo2,wo,2,mainland,mainland,corpus,0.18,149.182,146.99,144.782,159.125,14.3433,158.32,150.676,145.574,145.12,149.417,-26.4197,8.20163,0.851852,-231.744,69.8712,4.73067,23,27,
7701,SSB03160273,SSB0316,qu4,qu,4,mainland,mainland,corpus,0.24,197.04,189.301,179.07,239.387,60.3169,185.544,191.462,188.954,237.557,235.373,3.31949,40.0309,0.641026,35.9024,488.618,19.551,25,39,
7732,SSB03160321,SSB0316,rang4,rang,4,mainland,mainland,corpus,0.14,163.195,162.411,157.665,175.167,17.502,170.355,163.738,162.411,160.07,158.443,-19.4545,-10.0741,0.947368,-186.935,-93.3481,4.74531,18,19,
7741,SSB03160327,SSB0316,yao4,yao,4,mainland,mainland,corpus,0.12,163.547,163.886,158.693,164.903,6.20964,162.21,163.786,164.007,164.619,164.7,5.87071,2.24415,1,55.3104,21.3046,1.65337,14,14,
7743,SSB03160327,SSB0316,zhe4,zhe,4,mainland,mainland,corpus,0.16,159.599,159.828,151.143,170.049,18.9063,152.092,152.365,170.049,168.245,160.944,35.1287,-17.3234,0.695652,326.492,-165.56,7.44058,16,23,
7745,SSB03160333,SSB0316,da4,da,4,mainland,mainland,corpus,0.16,189.875,190.156,180.938,196.771,15.8331,196.198,194.695,189.372,185.27,182.335,-20.4346,-21.8525,0.565217,-227.53,-234.565,5.42582,13,23,
7753,SSB03160372,SSB0316,jiu4,jiu,4,mainland,mainland,corpus,0.14,190.661,193.019,178.894,199.206,20.3118,196.226,194.818,193.625,186.193,183.025,-9.23837,-38.9909,0.578947,-104.016,-424.034,6.64262,11,19,
7763,SSB00110455,SSB0011,shi4,shi,4,mainland,mainland,corpus,0.2,300.412,300.241,297.767,303.016,5.2486,301.466,300.241,300.241,300.241,299.293,-7.0458,-5.47641,0.16129,-122.442,-94.8252,2.4118,5,31,low_voicing
7779,SSB00120008,SSB0012,ba1,ba,1,mainland,mainland,corpus,0.34,228.791,227.589,212.001,258.625,46.624,252.575,224.881,216.507,230.652,227.244,-18.397,5.77875,0.79661,-248.744,74.0462,11.8742,47,59,
7781,SSB00120008,SSB0012,jian3,jian,3,mainland,mainland,corpus,0.26,208.304,207.825,193.242,226.642,33.3999,211.784,215.172,208.466,203.369,194.746,-2.60391,-11.2246,1,-31.6038,-130.663,8.27713,43,43,
7788,SSB00120019,SSB0012,ba2,ba,2,mainland,mainland,corpus,0.36,226.926,225.628,211.685,243.34,31.6546,214.399,224.435,223.475,236.299,234.152,4.63082,5.21284,0.936508,58.5543,68.8845,7.38218,59,63,
7798,SSB00120037,SSB0012,kan4,kan,4,mainland,mainland,corpus,0.2,268.541,271.292,255.024,275.286,20.2628,272.472,274.219,273.112,264.396,257.971,0.903642,-21.9435,0.612903,14.2388,-336.484,6.53008,19,31,
7802,SSB00120059,SSB0012,ni3,ni,3,mainland,mainland,corpus,0.16,236.901,237.427,226.886,253.603,26.7172,233.055,233.721,237.608,239.307,235.456,6.0891,-2.86346,1,82.7683,-39.1221,5.19714,23,23,
7816,SSB00120067,SSB0012,deng3,deng,3,mainland,mainland,corpus,0.22,256.553,263.524,224.701,271.938,47.2369,267.134,269.286,263.524,246.947,227.03,-2.85567,-31.28,1,-43.7654,-442.349,14.3543,34,34,
7819,SSB00120068,SSB0012,ni2,ni,2,mainland,mainland,corpus,0.3,257.761,260.638,231.253,276.685,45.4315,244.585,241.475,258.986,274.278,275.811,8.08507,8.89534,0.980392,117.555,137.348,15.6774,50,51,
7828,SSB03160394,SSB0316,you2,you,2,mainland,mainland,corpus,0.18,203.075,200.978,191.625,221.013,29.3882,219.842,211.574,197.92,191.79,198.723,-27.9781,1.07893,1,-337.258,12.3597,10.4987,27,27,
7832,SSB03160394,SSB0316,zai4,zai,4,mainland,mainland,corpus,0.16,159.77,153.963,146.61,178.645,32.0353,154.201,151.679,147.847,178.504,178.294,-13.2442,58.9429,0.826087,-115.519,553.586,13.0799,19,23,
7842,SSB03160401,SSB0316,jiu4,jiu,4,mainland,mainland,corpus,0.44,151.789,147.226,139.546,189.121,49.5749,155.122,140.798,156.916,153.48,140.015,1.02086,-10.1176,0.822785,9.19987,-86.6722,12.7437,65,79,
7860,SSB03160432,SSB0316,you3,you,3,mainland,mainland,corpus,0.2,179.871,183.725,148.49,196.415,47.9246,194.071,195.55,183.725,171.78,149.935,-12.6462,-46.9145,1,-137.951,-450.54,15.4807,31,31,
7867,SSB03160450,SSB0316,wo2,wo,2,mainland,mainland,corpus,0.2,161.29,164.53,149.389,170.314,20.9249,151.9,151.876,164.53,168.139,168.504,26.3391,7.86961,0.709677,240.581,75.6895,7.75641,22,31,
7888,SSB03160489,SSB0316,shir4,shir,4,mainland,mainland,corpus,0.32,126.656,128.949,116.254,135.054,18.7995,133.858,125.944,117.777,131.805,127.833,-22.7263,14.5483,0.618182,-164.938,103.14,6.11535,34,55,
7891,SSB03160495,SSB0316,wo3,wo,3,mainland,mainland,corpus,0.16,161.641,161.859,156.897,166.561,9.66395,162.821,162.585,161.856,161.185,158.44,-2.93782,-10.5523,0.652174,-27.548,-97.6106,2.19767,15,23,
7907,SSB03160498,SSB0316,shir4,shir,4,mainland,mainland,corpus,0.32,121.473,121.073,104.217,141.194,36.9767,134.012,122.672,107.511,104.672,140.292,-38.1453,46.0737,0.618182,-265.009,327.809,12.7308,34,55,
7911,SSB03160507,SSB0316,wo2,wo,2,mainland,mainland,corpus,0.12,150.353,148.79,144.19,163.833,19.6427,155.685,147.624,145.376,147.65,151.485,-36.497,21.926,1,-317.217,187.96,5.97316,14,14,
7934,SSB03230017,SSB0323,you2,you,2,mainland,mainland,corpus,0.24,266.069,261,243.833,300.31,56.4766,299.693,285.768,261,244.212,245.371,-25.1921,-11.2529,1,-407.299,-164.516,21.0934,39,39,
7948,SSB03230018,SSB0323,lai2,lai,2,mainland,mainland,corpus,0.22,225.556,225.564,218.514,233.298,14.7842,233.009,227.202,222.946,219.319,230.353,-9.26474,6.85894,1,-121.983,89.7876,4.89285,34,34,
7972,SSB03230025,SSB0323,ting1,ting,1,mainland,mainland,corpus,0.38,260.953,255.607,234.006,299.636,65.6306,268.157,244.282,245.731,296.262,277.789,-9.16368,12.8661,0.746269,-135.918,194.29,19.8621,50,67,
7981,SSB03230041,SSB0323,dui4,dui,4,mainland,mainland,corpus,0.18,336.712,337.836,326.874,353.352,26.4781,339.793,337.972,337.921,334.712,329.316,-1.73933,-8.11928,0.851852,-34.0441,-156.454,4.84079,23,27,
8019,SSB03230079,SSB0323,zai4,zai,4,mainland,mainland,corpus,0.2,297.658,296.455,283.753,312.654,28.9014,312.373,306.424,296.455,289.279,285.168,-17.2465,-12.8009,0.709677,-303.186,-215.001,10.0502,22,31,
8026,SSB03230083,SSB0323,dian3,dian,3,mainland,mainland,corpus,0.44,289.477,301.619,243.429,307.067,63.6386,301.998,304.356,302.473,275.459,251.275,0.139329,-16.4639,0.886076,2.43237,-262.552,21.0004,70,79,
8028,SSB03230083,SSB0323,wang2,wang,2,mainland,mainland,corpus,0.26,281.442,288.497,242.524,315.728,73.2041,314.775,309.413,288.497,249.986,242.893,-14.3729,-28.3695,1,-250.263,-434.32,28.4648,43,43,
8036,SSB03230099,SSB0323,qi2,qi,2,mainland,mainland,corpus,0.4,267.588,269.663,250.891,281.061,30.1696,280.515,268.229,256.172,272.694,270.098,-8.98043,5.23678,0.704225,-139.102,79.5767,10.1803,50,71,
8041,SSB03230100,SSB0323,wei4,wei,4,mainland,mainland,corpus,0.16,308.381,308.586,291.417,317.73,26.3127,297.634,312.81,316.823,307.78,300.954,19.6665,-16.1748,1,348.892,-288.529,7.62457,23,23,
8049,SSB03230102,SSB0323,bing4,bing,4,mainland,mainland,corpus,0.34,276.915,292.228,235.3,314.334,79.0332,239.627,241.35,305.696,306.955,290.578,29.074,-6.05571,1,455.653,-104.263,31.48,59,59,
8068,SSB03230125,SSB0323,jiang1,jiang,1,mainland,mainland,corpus,0.28,303.591,300.004,282.587,323.019,40.4321,298.721,297.264,288.23,320.52,312.508,-5.38245,12.1749,1,-91.2326,211.12,13.2391,47,47,
8072,SSB03230125,SSB0323,he2,he,2,mainland,mainland,corpus,0.28,274.879,280.625,248.014,290.325,42.3105,277.895,281.653,285.598,265.032,248.193,4.11612,-21.1329,1,66.9828,-325.261,14.5807,47,47,
8082,SSB03230148,SSB0323,zai4,zai,4,mainland,mainland,corpus,0.24,297.864,298.455,277.183,318.7,41.5174,316.701,305.361,298.455,288.635,279.617,-13.6974,-15.0498,0.794872,-243.283,-251.172,12.0734,31,39,
8099,SSB03230152,SSB0323,chao1,chao,1,mainland,mainland,corpus,0.3,280.34,275.42,244.645,314.819,70.1739,246.048,267.423,275.124,280.887,310.698,15.47,16.8411,0.686275,232.614,284.587,24.5471,35,51,
8104,SSB03230157,SSB0323,shi4,shi,4,mainland,mainland,corpus,0.2,295.794,289.674,284.252,314.111,29.8591,288.713,288.829,287.782,312.091,304.551,-0.745146,13.0731,1,-12.4065,223.585,10.5947,31,31,
8110,SSB03230179,SSB0323,lai2,lai,2,mainland,mainland,corpus,0.24,212.724,244.149,129.438,259.241,129.803,138.577,129.953,245.462,244.015,248.149,113.116,2.15413,0.923077,1221.53,30.7091,53.0675,36,39,octave_span|frame_jump
8123,SSB03230197,SSB0323,lai2,lai,2,mainland,mainland,corpus,0.22,218.63,242.259,124.376,262.594,138.218,125.152,256.448,244.686,242.235,243.227,140.691,-1.25533,1,1448.9,-17.6895,52.9645,34,34,octave_span|frame_jump
8133,SSB03230202,SSB0323,rang4,rang,4,mainland,mainland,corpus,0.2,283.509,283.367,272.795,295.811,23.0164,274.16,280.721,292.758,283.791,277.948,15.1507,-11.9828,1,247.976,-197.464,7.68286,31,31,
8142,SSB03230207,SSB0323,dou1,dou,1,mainland,mainland,corpus,0.2,254.879,232.914,229.16,288.913,59.7528,230.58,232.38,232.11,276.301,281.63,1.52703,44.6384,1,20.4056,660.261,24.9561,31,31,
8166,SSB03230226,SSB0323,zai4,zai,4,mainland,mainland,corpus,0.2,310.548,311.324,299.476,321.172,21.6957,319.398,313.569,311.324,307.331,301.768,-8.86533,-10.7944,0.677419,-161.482,-191.118,6.02803,21,31,
8201,SSB03230246,SSB0323,geng4,geng,4,mainland,mainland,corpus,0.3,278.362,273.175,248.353,308.807,60.4537,278.729,265.18,264.165,305.471,297.543,-7.43271,16.4788,0.901961,-116.513,267.017,18.4024,46,51,
8205,SSB03230247,SSB0323,ta1,ta,1,mainland,mainland,corpus,0.3,282.671,274.087,253.959,310.417,56.4585,273.203,263.719,280.323,303.677,309.847,3.56319,13.8687,0.72549,56.9597,236.191,18.4699,37,51,
8212,SSB03230252,SSB0323,zai4,zai,4,mainland,mainland,corpus,0.52,280.924,273.748,243.284,345.867,102.583,326.746,286.16,254.825,285.58,260.444,-19.7884,1.73612,0.821053,-330.673,25.8351,25.503,78,95,
8218,SSB03230255,SSB0323,dui4,dui,4,mainland,mainland,corpus,0.18,311.424,311.926,298.336,334.943,36.6071,329.618,314.213,311.761,305.528,299.155,-17.5313,-12.9922,0.851852,-324.661,-229.201,9.01005,23,27,
8223,SSB03230266,SSB0323,zai4,zai,4,mainland,mainland,corpus,0.22,306.381,303.707,289.927,328.776,38.8489,323.993,314.854,303.707,298.432,292.136,-21.3215,-12.8091,0.647059,-386.397,-220.4,11.5033,22,34,
8257,SSB03230299,SSB0323,jing1,jing,1,mainland,mainland,corpus,0.24,310.903,297.684,283.293,339.485,56.1922,285.061,294.08,297.505,335.463,336.831,7.78655,22.6244,1,130.99,413.956,20.1439,39,39,
8284,SSB03230330,SSB0323,ai4,ai,4,mainland,mainland,corpus,0.32,273.676,276.159,244.488,286.987,42.4993,273.855,285.565,282.167,267.292,250.262,7.6696,-30.7751,0.509091,123.154,-472.667,12.2066,28,55,
8310,SSB03230373,SSB0323,bi3,bi,3,mainland,mainland,corpus,0.26,231.908,233.37,206.596,250.471,43.8748,235.191,232.861,243.122,228.873,208.306,5.46791,-25.4825,1,75.5279,-331.574,10.9871,43,43,
8321,SSB03230386,SSB0323,fang4,fang,4,mainland,mainland,corpus,0.28,287.403,305.429,240.694,330.065,89.3704,248.351,250.066,328.122,315.429,304.461,41.9321,-11.2668,0.787234,693.657,-205.745,33.1841,37,47,
8342,SSB03230405,SSB0323,xiang4,xiang,4,mainland,mainland,corpus,0.24,322.281,319.778,296.062,366.201,70.1396,346.272,335.09,319.778,308.73,301.285,-27.5605,-20.6252,0.538462,-529.881,-369.845,17.9501,21,39,
8359,SSB03230411,SSB0323,ge1,ge,1,mainland,mainland,corpus,0.26,235.617,234.908,225.842,248.13,22.2881,233.306,230.106,233.619,240.439,236.331,0.221173,1.90315,1,2.98259,25.8306,5.43617,43,43,
8360,SSB03230416,SSB0323,yao4,yao,4,mainland,mainland,corpus,0.2,299.303,303.014,262.882,312.386,49.5033,271.956,311.328,304.951,302.206,297.07,29.37,-6.71538,0.903226,488.821,-116.754,12.7343,28,31,
8388,SSB03230436,SSB0323,dui4,dui,4,mainland,mainland,corpus,0.3,294.112,287.76,272.94,318.186,45.2457,276.272,282.281,287.205,313.358,294.49,5.37515,3.46896,1,87.4635,58.2755,15.7459,51,51,
8401,SSB03230441,SSB0323,dan4,dan,4,mainland,mainland,corpus,0.2,299.053,299.287,277.538,319.877,42.3386,318.165,307.691,299.287,290.04,280.638,-16.9434,-17.8213,0.83871,-302.053,-298.383,12.5347,26,31,
8405,SSB03230441,SSB0323,he2,he,2,mainland,mainland,corpus,0.24,273.363,280.107,243.777,286.782,43.005,285.924,283.023,280.107,266.534,244.521,-3.74555,-24.7604,1,-61.2286,-374.59,14.1192,39,39,
8426,SSB03230449,SSB0323,wei4,wei,4,mainland,mainland,corpus,0.14,281.842,285.43,266.012,290.302,24.29,289.541,289.833,285.43,274.601,268.239,-5.50174,-23.8982,1,-91.3592,-382.024,8.77102,19,19,
8439,SSB03230452,SSB0323,zhe4,zhe,4,mainland,mainland,corpus,0.2,342.164,344.268,326.796,349.423,22.6267,343.689,347.784,347.723,339.387,330.424,4.04119,-17.6695,0.677419,80.6967,-345.994,6.90764,21,31,
8441,SSB03230452,SSB0323,gei3,gei,3,mainland,mainland,corpus,0.28,252.223,258.253,220.338,277.775,57.437,267.704,250.172,265.216,239.915,221.332,-1.40565,-27.2299,1,-21.6347,-381.597,16.8264,47,47,
8449,SSB03230453,SSB0323,rang4,rang,4,mainland,mainland,corpus,0.18,306.517,307.079,295.198,313.141,17.9429,305.875,311.681,309.5,304.119,296.891,3.13801,-11.0779,1,55.7702,-193.981,5.07035,27,27,
8453,SSB03230460,SSB0323,dan4,dan,4,mainland,mainland,corpus,0.2,304.581,307.523,285.989,316.074,30.0846,315.676,313.108,307.523,296.986,288.977,-8.62941,-20.512,0.709677,-155.309,-353.258,10.0284,22,31,
8457,SSB03230460,SSB0323,reng2,reng,2,mainland,mainland,corpus,0.24,240.929,240.467,232.56,262.347,29.7868,240.683,245.368,246.79,232.961,241.571,4.5661,-3.89542,1,64.2817,-54.9405,8.15965,39,39,
8465,SSB03230484,SSB0323,zai4,zai,4,mainland,mainland,corpus,0.18,326.59,324.925,310.593,343.884,33.2909,340.257,333.131,324.925,318.676,313.433,-19.9557,-15.5838,0.62963,-383.306,-287.28,10.0409,17,27,
8470,SSB03380003,SSB0338,yao4,yao,4,mainland,mainland,corpus,0.16,258.604,264.217,229.911,272.013,42.1015,267.829,271.469,264.338,249.936,233.535,-4.12939,-38.9988,1,-63.466,-560.053,13.3733,23,23,
8484,SSB03380015,SSB0338,shi4,shi,4,mainland,mainland,corpus,0.28,253.623,257.444,220.467,281.834,61.3664,221.236,239.631,260.402,281.5,276.666,24.5376,9.12024,0.425532,340.572,141.422,25.8429,20,47,
8492,SSB03380022,SSB0338,zai4,zai,4,mainland,mainland,corpus,0.18,309.817,313.528,287.72,324.519,36.7986,322.989,320.82,313.528,297.621,290.268,-12.8668,-33.3627,0.62963,-236.517,-581.502,12.7789,17,27,
8497,SSB03380023,SSB0338,xiang3,xiang,3,mainland,mainland,corpus,0.24,207.322,204.004,189.664,234.813,45.1491,232.824,217.085,203.283,194.627,190.362,-42.7088,-20.6704,0.589744,-537.104,-234.916,14.907,23,39,
8500,SSB03380024,SSB0338,yao4,yao,4,mainland,mainland,corpus,0.2,310.8,324.669,253.568,329.474,75.9061,329.387,328.693,324.669,297.63,261.247,-3.32977,-50.1694,1,-62.898,-845.636,24.2683,31,31,
8503,SSB03380031,SSB0338,hui2,hui,2,mainland,mainland,corpus,0.3,271.567,270.869,229.928,315.249,85.3216,312.506,280.754,265.482,274.114,231.461,-22.5859,-18.9935,1,-376.193,-272.173,23.7941,51,51,
8517,SSB03380047,SSB0338,xin1,xin,1,mainland,mainland,corpus,0.28,262.919,258.904,257.873,279.765,21.8916,279.198,265.979,258.629,258.138,258.387,-25.2347,-0.308479,0.468085,-391.781,-4.60621,6.59907,22,47,
8520,SSB03380261,SSB0338,he2,he,2,mainland,mainland,corpus,0.24,215.702,231.457,98.911,250.244,151.333,227.087,233.453,237.766,221.301,99.5879,8.37478,-158.59,1,112.416,-1454.51,42.1549,39,39,octave_span|frame_jump
8528,SSB03380271,SSB0338,qu3,qu,3,mainland,mainland,corpus,0.42,256.142,268.057,160.87,276.836,115.965,260.112,272.386,266.816,267.75,170.927,2.71109,-47.4432,0.64,41.2559,-590.082,32.8494,48,75,
8533,SSB03380277,SSB0338,jiu4,jiu,4,mainland,mainland,corpus,0.16,325.106,322.014,307.874,353.683,45.809,351.439,322.279,323.332,317.496,310.073,-38.4822,-19.3306,0.695652,-749.512,-353.572,14.3278,16,23,
8542,SSB03380290,SSB0338,qing3,qing,3,mainland,mainland,corpus,0.14,222.934,221.398,217.485,230.251,12.7666,225.826,222.985,221.398,219.811,219.106,-27.4278,-14.4112,0.315789,-354.256,-183.341,5.4113,6,19,
8546,SSB03380295,SSB0338,zai4,zai,4,mainland,mainland,corpus,0.16,328.293,328.552,319.195,335.009,15.8137,334.042,332.403,328.552,325.051,321.446,-8.82722,-11.6481,0.608696,-168.918,-218.657,5.05159,14,23,
8557,SSB03380317,SSB0338,shei2,shei,2,mainland,mainland,corpus,0.38,219.543,219.664,198.463,247.97,49.5066,239.04,201.692,201.692,216.303,205.619,-17.8251,2.02305,0.313433,-226.349,23.7976,16.1333,21,67,
8559,SSB03380317,SSB0338,zhe4,zhe,4,mainland,mainland,corpus,0.16,212.072,211.701,192.937,226.615,33.6774,196.569,205.089,215.407,223.618,219.131,28.8071,5.39594,0.782609,342.517,67.7172,11.2556,18,23,
8576,SSB03380330,SSB0338,dan4,dan,4,mainland,mainland,corpus,0.14,306.907,305.635,290.266,342.815,52.5495,326.334,310.053,305.635,298.064,292.181,-26.6932,-18.3385,0.947368,-487.03,-316.571,14.585,18,19,
8579,SSB03380330,SSB0338,shi4,shi,4,mainland,mainland,corpus,0.38,,,,,,,,,,,,,0,,,,0,67,too_few_voiced
8585,SSB03380338,SSB0338,you3,you,3,mainland,mainland,corpus,0.2,244.277,261.129,192.504,273.944,81.4401,273.66,268.742,261.129,218.098,193.54,-10.8193,-69.1409,1,-167.076,-901.186,29.5388,31,31,
8600,SSB03380348,SSB0338,you4,you,4,mainland,mainland,corpus,0.3,217.599,208.775,187.792,263.557,75.7652,220.77,203.935,190.772,251.773,261.163,-20.2271,43.4976,0.705882,-239.988,563.125,26.1189,36,51,
8610,SSB03380360,SSB0338,guan1,guan,1,mainland,mainland,corpus,0.18,245.724,245.454,244.42,249.739,5.31878,245.797,245.097,245.107,245.705,245.454,-1.62252,0.815099,0.481481,-23.0039,11.5483,1.36051,13,27,
