alignment_status,alignment_success,dataset,end_seconds,expected_tone,human_usable_boundary,sample_id,speaker_id,split,start_seconds,tone_correctness,utterance_id
ok,True,OMPAL,0.7433,T3,,00200114_00,02001,test,0.5223,True,00200114
ok,True,OMPAL,0.9442,T1,,00200114_01,02001,test,0.7835,True,00200114
ok,True,OMPAL,1.2656,T2,,00200114_03,02001,test,1.0848,True,00200114
ok,True,OMPAL,1.4464,T4,,00200114_04,02001,test,1.3259,True,00200114
ok,True,OMPAL,2.6518,T4,,00200114_06,02001,test,2.4911,True,00200114
ok,True,OMPAL,3.6964,T1,,00200114_07,02001,test,3.5558,True,00200114
ok,True,OMPAL,4.0179,T1,,00200114_08,02001,test,3.8772,True,00200114
ok,True,OMPAL,1.5726,T4,,00200117_01,02001,test,1.4516,True,00200117
ok,True,OMPAL,1.9556,T2,,00200117_03,02001,test,1.754,True,00200117
ok,True,OMPAL,0.8406,T3,,00200120_00,02001,test,0.7405,True,00200120
ok,True,OMPAL,1.2408,T1,,00200120_01,02001,test,0.9206,True,00200120
ok,True,OMPAL,2.8219,T1,,00200120_03,02001,test,2.7818,True,00200120
ok,True,OMPAL,3.7224,T3,,00200120_05,02001,test,3.5023,True,00200120
ok,True,OMPAL,3.9226,T1,,00200120_06,02001,test,3.8025,True,00200120
ok,True,OMPAL,5.2635,T3,,00200120_08,02001,test,5.0433,False,00200120
ok,True,OMPAL,7.605,T1,,00200120_13,02001,test,7.565,True,00200120
ok,True,OMPAL,8.3455,T2,,00200120_15,02001,test,7.9652,True,00200120
ok,True,OMPAL,0.683,T3,,00200214_00,02002,train,0.3616,True,00200214
ok,True,OMPAL,1.1048,T1,,00200214_01,02002,train,0.8236,True,00200214
ok,True,OMPAL,1.9284,T2,,00200214_03,02002,train,1.6271,True,00200214
ok,True,OMPAL,2.1694,T4,,00200214_04,02002,train,2.0489,True,00200214
ok,True,OMPAL,3.3546,T4,,00200214_06,02002,train,3.1738,True,00200214
ok,True,OMPAL,3.8568,T1,,00200214_07,02002,train,3.7162,True,00200214
ok,True,OMPAL,4.1782,T1,,00200214_08,02002,train,3.9773,True,00200214
ok,True,OMPAL,1.2073,T4,,00200217_01,02002,train,1.0665,False,00200217
ok,True,OMPAL,2.6159,T2,,00200217_03,02002,train,2.3744,True,00200217
ok,True,OMPAL,0.5806,T3,,00200220_00,02002,train,0.4605,True,00200220
ok,True,OMPAL,1.021,T1,,00200220_01,02002,train,0.7007,True,00200220
ok,True,OMPAL,1.6817,T1,,00200220_03,02002,train,1.5816,False,00200220
ok,True,OMPAL,2.9229,T3,,00200220_05,02002,train,2.6026,True,00200220
ok,True,OMPAL,3.2032,T1,,00200220_06,02002,train,3.043,True,00200220
ok,True,OMPAL,4.2843,T3,,00200220_08,02002,train,4.044,True,00200220
ok,True,OMPAL,7.3073,T1,,00200220_13,02002,train,7.2272,False,00200220
ok,True,OMPAL,8.4884,T2,,00200220_15,02002,train,8.008,True,00200220
ok,True,OMPAL,1.2842,T3,,00200314_00,02003,train,1.0234,True,00200314
ok,True,OMPAL,1.6655,T1,,00200314_01,02003,train,1.3845,True,00200314
ok,True,OMPAL,2.2674,T2,,00200314_03,02003,train,2.0467,True,00200314
ok,True,OMPAL,2.5082,T4,,00200314_04,02003,train,2.3477,True,00200314
ok,True,OMPAL,4.5148,T4,,00200314_06,02003,train,4.3743,True,00200314
ok,True,OMPAL,5.177,T1,,00200314_07,02003,train,4.9964,True,00200314
ok,True,OMPAL,5.4579,T1,,00200314_08,02003,train,5.3174,True,00200314
ok,True,OMPAL,1.4302,T4,,00200317_01,02003,train,1.2892,True,00200317
ok,True,OMPAL,2.2158,T2,,00200317_03,02003,train,1.9741,False,00200317
ok,True,OMPAL,1.5218,T3,,00200320_00,02003,train,1.3817,True,00200320
ok,True,OMPAL,1.9824,T1,,00200320_01,02003,train,1.682,True,00200320
ok,True,OMPAL,3.2439,T1,,00200320_03,02003,train,3.1438,True,00200320
ok,True,OMPAL,5.4666,T3,,00200320_05,02003,train,5.1462,True,00200320
ok,True,OMPAL,5.807,T1,,00200320_06,02003,train,5.6068,True,00200320
ok,True,OMPAL,13.2159,T3,,00200320_08,02003,train,12.9556,True,00200320
ok,True,OMPAL,16.1795,T1,,00200320_13,02003,train,16.0994,True,00200320
ok,True,OMPAL,17.5612,T2,,00200320_15,02003,train,17.2207,True,00200320
ok,True,OMPAL,0.6634,T3,,00200414_00,02004,dev,0.4222,True,00200414
ok,True,OMPAL,1.0253,T1,,00200414_01,02004,dev,0.784,True,00200414
ok,True,OMPAL,1.5278,T2,,00200414_03,02004,dev,1.3067,False,00200414
ok,True,OMPAL,1.749,T4,,00200414_04,02004,dev,1.6082,True,00200414
ok,True,OMPAL,2.8144,T4,,00200414_06,02004,dev,2.6737,True,00200414
ok,True,OMPAL,3.1562,T1,,00200414_07,02004,dev,3.0356,True,00200414
ok,True,OMPAL,3.4979,T1,,00200414_08,02004,dev,3.3371,True,00200414
ok,True,OMPAL,1.1294,T4,,00200417_01,02004,dev,0.9882,True,00200417
ok,True,OMPAL,1.795,T2,,00200417_03,02004,dev,1.5529,False,00200417
ok,True,OMPAL,0.4804,T3,,00200420_00,02004,dev,0.3603,True,00200420
ok,True,OMPAL,0.9007,T1,,00200420_01,02004,dev,0.6205,True,00200420
ok,True,OMPAL,1.4811,T1,,00200420_03,02004,dev,1.4011,True,00200420
ok,True,OMPAL,2.3017,T3,,00200420_05,02004,dev,2.0616,True,00200420
ok,True,OMPAL,2.5419,T1,,00200420_06,02004,dev,2.4218,True,00200420
ok,True,OMPAL,3.923,T3,,00200420_08,02004,dev,3.6428,True,00200420
ok,True,OMPAL,5.7444,T1,,00200420_13,02004,dev,5.6643,True,00200420
ok,True,OMPAL,6.6651,T2,,00200420_15,02004,dev,6.2247,True,00200420
ok,True,OMPAL,0.7028,T3,,00200514_00,02005,train,0.4618,False,00200514
ok,True,OMPAL,1.1647,T1,,00200514_01,02005,train,0.8434,False,00200514
ok,True,OMPAL,2.9317,T2,,00200514_03,02005,train,2.7309,False,00200514
ok,True,OMPAL,3.1325,T4,,00200514_04,02005,train,3.0321,True,00200514
ok,True,OMPAL,4.0161,T4,,00200514_06,02005,train,3.8956,True,00200514
ok,True,OMPAL,4.3373,T1,,00200514_07,02005,train,4.1968,True,00200514
ok,True,OMPAL,4.6386,T1,,00200514_08,02005,train,4.498,True,00200514
ok,True,OMPAL,1.6452,T4,,00200517_01,02005,train,1.5248,True,00200517
ok,True,OMPAL,2.5481,T2,,00200517_03,02005,train,2.3475,False,00200517
ok,True,OMPAL,0.7015,T3,,00200520_00,02005,train,0.6013,True,00200520
ok,True,OMPAL,0.9821,T1,,00200520_01,02005,train,0.7817,True,00200520
ok,True,OMPAL,1.4632,T1,,00200520_03,02005,train,1.4031,True,00200520
ok,True,OMPAL,2.0845,T3,,00200520_05,02005,train,1.8841,False,00200520
ok,True,OMPAL,2.3451,T1,,00200520_06,02005,train,2.1848,True,00200520
ok,True,OMPAL,4.0889,T3,,00200520_08,02005,train,3.9085,False,00200520
ok,True,OMPAL,6.434,T1,,00200520_13,02005,train,6.3939,True,00200520
ok,True,OMPAL,7.1155,T2,,00200520_15,02005,train,6.7547,True,00200520
ok,True,OMPAL,0.8647,T3,,00200614_00,02006,train,0.6033,False,00200614
ok,True,OMPAL,1.1864,T1,,00200614_01,02006,train,0.9652,False,00200614
ok,True,OMPAL,1.6489,T2,,00200614_03,02006,train,1.4277,True,00200614
ok,True,OMPAL,1.9103,T4,,00200614_04,02006,train,1.7495,True,00200614
ok,True,OMPAL,2.775,T4,,00200614_06,02006,train,2.6745,True,00200614
ok,True,OMPAL,3.0565,T1,,00200614_07,02006,train,2.9158,False,00200614
ok,True,OMPAL,3.338,T1,,00200614_08,02006,train,3.2174,True,00200614
ok,True,OMPAL,0.7281,T4,,00200617_01,02006,train,0.627,True,00200617
ok,True,OMPAL,1.1933,T2,,00200617_03,02006,train,0.991,False,00200617
ok,True,OMPAL,0.621,T3,,00200620_00,02006,train,0.5008,True,00200620
ok,True,OMPAL,1.0817,T1,,00200620_01,02006,train,0.7412,False,00200620
ok,True,OMPAL,1.8029,T1,,00200620_03,02006,train,1.7228,True,00200620
ok,True,OMPAL,2.5441,T3,,00200620_05,02006,train,2.2836,False,00200620
ok,True,OMPAL,2.8045,T1,,00200620_06,02006,train,2.6442,False,00200620
ok,True,OMPAL,4.3269,T3,,00200620_08,02006,train,4.1466,False,00200620
ok,True,OMPAL,5.9094,T1,,00200620_13,02006,train,5.8293,True,00200620
ok,True,OMPAL,6.6506,T2,,00200620_15,02006,train,6.3101,False,00200620
ok,True,OMPAL,1.1037,T3,,00200714_00,02007,train,0.8428,True,00200714
ok,True,OMPAL,1.6054,T1,,00200714_01,02007,train,1.2642,True,00200714
ok,True,OMPAL,2.388,T2,,00200714_03,02007,train,2.1472,True,00200714
ok,True,OMPAL,2.5686,T4,,00200714_04,02007,train,2.4682,True,00200714
ok,True,OMPAL,4.3344,T4,,00200714_06,02007,train,4.194,True,00200714
ok,True,OMPAL,4.9365,T1,,00200714_07,02007,train,4.7759,True,00200714
ok,True,OMPAL,5.3378,T1,,00200714_08,02007,train,5.2174,True,00200714
ok,True,OMPAL,1.6296,T4,,00200717_01,02007,train,1.4888,True,00200717
ok,True,OMPAL,2.4142,T2,,00200717_03,02007,train,2.0923,True,00200717
ok,True,OMPAL,0.6614,T3,,00200720_00,02007,train,0.5211,True,00200720
ok,True,OMPAL,1.1224,T1,,00200720_01,02007,train,0.8217,True,00200720
ok,True,OMPAL,2.0043,T1,,00200720_03,02007,train,1.9241,False,00200720
ok,True,OMPAL,3.1266,T3,,00200720_05,02007,train,2.8661,True,00200720
ok,True,OMPAL,3.4273,T1,,00200720_06,02007,train,3.287,True,00200720
ok,True,OMPAL,5.5919,T3,,00200720_08,02007,train,5.2912,True,00200720
ok,True,OMPAL,8.6584,T1,,00200720_13,02007,train,8.5782,True,00200720
ok,True,OMPAL,9.7006,T2,,00200720_15,02007,train,9.2196,True,00200720
ok,True,OMPAL,0.7232,T3,,00200814_00,02008,test,0.4621,False,00200814
ok,True,OMPAL,1.3259,T1,,00200814_01,02008,test,0.8839,True,00200814
ok,True,OMPAL,2.2902,T2,,00200814_03,02008,test,2.029,True,00200814
ok,True,OMPAL,2.5312,T4,,00200814_04,02008,test,2.3705,True,00200814
ok,True,OMPAL,3.4152,T4,,00200814_06,02008,test,3.2746,True,00200814
ok,True,OMPAL,3.8371,T1,,00200814_07,02008,test,3.6763,False,00200814
ok,True,OMPAL,4.1585,T1,,00200814_08,02008,test,4.0179,True,00200814
ok,True,OMPAL,1.1055,T4,,00200817_01,02008,test,0.9447,True,00200817
ok,True,OMPAL,2.8141,T2,,00200817_03,02008,test,2.4121,False,00200817
ok,True,OMPAL,0.7414,T3,,00200820_00,02008,test,0.6011,True,00200820
ok,True,OMPAL,1.3025,T1,,00200820_01,02008,test,0.9819,False,00200820
ok,True,OMPAL,2.5849,T1,,00200820_03,02008,test,2.5048,True,00200820
ok,True,OMPAL,4.0077,T3,,00200820_05,02008,test,3.647,True,00200820
ok,True,OMPAL,4.8092,T1,,00200820_06,02008,test,4.5888,True,00200820
ok,True,OMPAL,7.2939,T3,,00200820_08,02008,test,6.9132,True,00200820
ok,True,OMPAL,9.5983,T1,,00200820_13,02008,test,9.4981,True,00200820
ok,True,OMPAL,11.502,T2,,00200820_15,02008,test,10.7605,True,00200820
ok,True,OMPAL,0.6636,T3,,00200914_00,02009,train,0.4625,True,00200914
ok,True,OMPAL,0.8647,T1,,00200914_01,02009,train,0.6837,True,00200914
ok,True,OMPAL,1.2467,T2,,00200914_03,02009,train,1.0658,True,00200914
ok,True,OMPAL,1.3875,T4,,00200914_04,02009,train,1.287,True,00200914
ok,True,OMPAL,2.6141,T4,,00200914_06,02009,train,2.4935,True,00200914
ok,True,OMPAL,2.8353,T1,,00200914_07,02009,train,2.7147,True,00200914
ok,True,OMPAL,3.1168,T1,,00200914_08,02009,train,2.956,True,00200914
ok,True,OMPAL,0.9083,T4,,00200917_01,02009,train,0.7872,True,00200917
ok,True,OMPAL,1.3927,T2,,00200917_03,02009,train,1.1706,True,00200917
ok,True,OMPAL,0.4409,T3,,00200920_00,02009,train,0.3407,True,00200920
ok,True,OMPAL,0.8216,T1,,00200920_01,02009,train,0.6012,True,00200920
ok,True,OMPAL,1.1824,T1,,00200920_03,02009,train,1.1222,True,00200920
ok,True,OMPAL,1.7034,T3,,00200920_05,02009,train,1.5231,True,00200920
ok,True,OMPAL,1.8838,T1,,00200920_06,02009,train,1.7635,True,00200920
ok,True,OMPAL,3.0461,T3,,00200920_08,02009,train,2.8257,True,00200920
ok,True,OMPAL,4.6894,T1,,00200920_13,02009,train,4.6092,True,00200920
ok,True,OMPAL,5.511,T2,,00200920_15,02009,train,5.1102,True,00200920
ok,True,OMPAL,0.703,T3,,00201014_00,02010,train,0.462,True,00201014
ok,True,OMPAL,1.1248,T1,,00201014_01,02010,train,0.8637,True,00201014
ok,True,OMPAL,1.8679,T2,,00201014_03,02010,train,1.647,True,00201014
ok,True,OMPAL,2.0487,T4,,00201014_04,02010,train,1.9282,True,00201014
ok,True,OMPAL,3.4949,T4,,00201014_06,02010,train,3.3543,True,00201014
ok,True,OMPAL,4.0573,T1,,00201014_07,02010,train,3.8363,True,00201014
ok,True,OMPAL,4.459,T1,,00201014_08,02010,train,4.3385,False,00201014
ok,True,OMPAL,1.1294,T4,,00201017_01,02010,train,0.9882,True,00201017
ok,True,OMPAL,1.7546,T2,,00201017_03,02010,train,1.5126,True,00201017
ok,True,OMPAL,1.0009,T3,,00201020_00,02010,train,0.8808,True,00201020
ok,True,OMPAL,1.4012,T1,,00201020_01,02010,train,1.121,True,00201020
ok,True,OMPAL,2.5822,T1,,00201020_03,02010,train,2.5022,True,00201020
ok,True,OMPAL,4.1436,T3,,00201020_05,02010,train,3.8833,True,00201020
ok,True,OMPAL,4.5639,T1,,00201020_06,02010,train,4.3838,True,00201020
ok,True,OMPAL,5.7249,T3,,00201020_08,02010,train,5.5047,True,00201020
ok,True,OMPAL,7.6666,T1,,00201020_13,02010,train,7.5865,True,00201020
ok,True,OMPAL,8.8076,T2,,00201020_15,02010,train,8.2871,True,00201020
ok,True,OMPAL,0.8228,T3,,00201114_00,02011,train,0.582,True,00201114
ok,True,OMPAL,1.2241,T1,,00201114_01,02011,train,0.9031,True,00201114
ok,True,OMPAL,2.95,T2,,00201114_03,02011,train,2.6891,True,00201114
ok,True,OMPAL,3.2109,T4,,00201114_04,02011,train,3.0704,True,00201114
ok,True,OMPAL,4.1741,T4,,00201114_06,02011,train,4.0337,True,00201114
ok,True,OMPAL,5.1374,T1,,00201114_07,02011,train,4.9769,True,00201114
ok,True,OMPAL,5.4786,T1,,00201114_08,02011,train,5.298,True,00201114
ok,True,OMPAL,1.127,T4,,00201117_01,02011,train,0.966,False,00201117
ok,True,OMPAL,2.3346,T2,,00201117_03,02011,train,2.0327,True,00201117
ok,True,OMPAL,1.1216,T3,,00201120_00,02011,train,0.9614,True,00201120
ok,True,OMPAL,2.2432,T1,,00201120_01,02011,train,1.8226,True,00201120
ok,True,OMPAL,3.1845,T1,,00201120_03,02011,train,3.1044,True,00201120
ok,True,OMPAL,4.6065,T3,,00201120_05,02011,train,4.3061,True,00201120
ok,True,OMPAL,4.8869,T1,,00201120_06,02011,train,4.7267,True,00201120
ok,True,OMPAL,8.2317,T3,,00201120_08,02011,train,7.8912,True,00201120
ok,True,OMPAL,10.0943,T1,,00201120_13,02011,train,10.0342,True,00201120
ok,True,OMPAL,11.7567,T2,,00201120_15,02011,train,11.2159,True,00201120
ok,True,OMPAL,0.7632,T3,,00201214_00,02012,train,0.5222,True,00201214
ok,True,OMPAL,1.185,T1,,00201214_01,02012,train,0.8637,True,00201214
ok,True,OMPAL,2.0487,T2,,00201214_03,02012,train,1.7876,True,00201214
ok,True,OMPAL,2.2094,T4,,00201214_04,02012,train,2.109,True,00201214
ok,True,OMPAL,3.294,T4,,00201214_06,02012,train,3.1333,True,00201214
ok,True,OMPAL,3.7158,T1,,00201214_07,02012,train,3.5752,True,00201214
ok,True,OMPAL,4.0974,T1,,00201214_08,02012,train,3.9568,True,00201214
ok,True,OMPAL,0.8683,T4,,00201217_01,02012,train,0.7269,True,00201217
ok,True,OMPAL,1.4538,T2,,00201217_03,02012,train,1.1913,True,00201217
ok,True,OMPAL,0.561,T3,,00201220_00,02012,train,0.4608,True,00201220
ok,True,OMPAL,0.9616,T1,,00201220_01,02012,train,0.7012,True,00201220
ok,True,OMPAL,1.4825,T1,,00201220_03,02012,train,1.4024,True,00201220
ok,True,OMPAL,2.2438,T3,,00201220_05,02012,train,2.0034,True,00201220
ok,True,OMPAL,2.8048,T1,,00201220_06,02012,train,2.6244,True,00201220
ok,True,OMPAL,6.0102,T3,,00201220_08,02012,train,5.7097,True,00201220
ok,True,OMPAL,9.9368,T1,,00201220_13,02012,train,9.8567,True,00201220
ok,True,OMPAL,10.9986,T2,,00201220_15,02012,train,10.4778,True,00201220
ok,True,OMPAL,0.6242,T3,,00201314_00,02013,train,0.4228,True,00201314
ok,True,OMPAL,0.8054,T1,,00201314_01,02013,train,0.6644,False,00201314
ok,True,OMPAL,1.1275,T2,,00201314_03,02013,train,0.9463,True,00201314
ok,True,OMPAL,1.2483,T4,,00201314_04,02013,train,1.1477,True,00201314
ok,True,OMPAL,1.7718,T4,,00201314_06,02013,train,1.6309,True,00201314
ok,True,OMPAL,2.3356,T1,,00201314_07,02013,train,2.1946,True,00201314
ok,True,OMPAL,2.5973,T1,,00201314_08,02013,train,2.4362,False,00201314
ok,True,OMPAL,1.3114,T4,,00201317_01,02013,train,1.2105,True,00201317
ok,True,OMPAL,1.6947,T2,,00201317_03,02013,train,1.5132,True,00201317
ok,True,OMPAL,0.8808,T3,,00201320_00,02013,train,0.8007,True,00201320
ok,True,OMPAL,1.121,T1,,00201320_01,02013,train,0.9608,False,00201320
ok,True,OMPAL,2.5022,T1,,00201320_03,02013,train,2.4221,False,00201320
ok,True,OMPAL,3.2228,T3,,00201320_05,02013,train,3.0026,False,00201320
ok,True,OMPAL,3.383,T1,,00201320_06,02013,train,3.2629,False,00201320
ok,True,OMPAL,5.3247,T3,,00201320_08,02013,train,5.0444,True,00201320
ok,True,OMPAL,6.7259,T1,,00201320_13,02013,train,6.6658,False,00201320
ok,True,OMPAL,7.5066,T2,,00201320_15,02013,train,7.1062,True,00201320
ok,True,OMPAL,0.5235,T3,,00201414_00,02014,dev,0.3221,True,00201414
ok,True,OMPAL,0.7651,T1,,00201414_01,02014,dev,0.5839,True,00201414
ok,True,OMPAL,1.1074,T2,,00201414_03,02014,dev,0.9262,True,00201414
ok,True,OMPAL,1.2886,T4,,00201414_04,02014,dev,1.1678,True,00201414
ok,True,OMPAL,2.0134,T4,,00201414_06,02014,dev,1.8725,True,00201414
ok,True,OMPAL,2.3154,T1,,00201414_07,02014,dev,2.1745,True,00201414
ok,True,OMPAL,2.6376,T1,,00201414_08,02014,dev,2.4765,True,00201414
ok,True,OMPAL,1.2496,T4,,00201417_01,02014,dev,1.1085,True,00201417
ok,True,OMPAL,1.8341,T2,,00201417_03,02014,dev,1.5721,True,00201417
ok,True,OMPAL,1.0022,T3,,00201420_00,02014,dev,0.9019,False,00201420
ok,True,OMPAL,1.2627,T1,,00201420_01,02014,dev,1.0623,False,00201420
ok,True,OMPAL,1.6836,T1,,00201420_03,02014,dev,1.6034,True,00201420
ok,True,OMPAL,2.325,T3,,00201420_05,02014,dev,2.1446,True,00201420
ok,True,OMPAL,2.5455,T1,,00201420_06,02014,dev,2.4052,True,00201420
ok,True,OMPAL,4.1489,T3,,00201420_08,02014,dev,3.9284,False,00201420
ok,True,OMPAL,5.7524,T1,,00201420_13,02014,dev,5.6922,True,00201420
ok,True,OMPAL,6.5741,T2,,00201420_15,02014,dev,6.0931,True,00201420
ok,True,OMPAL,1.5252,T3,,00201514_00,02015,test,1.2643,True,00201514
ok,True,OMPAL,1.8663,T1,,00201514_01,02015,test,1.6255,True,00201514
ok,True,OMPAL,2.4483,T2,,00201514_03,02015,test,2.2075,True,00201514
ok,True,OMPAL,2.649,T4,,00201514_04,02015,test,2.5286,True,00201514
ok,True,OMPAL,3.7327,T4,,00201514_06,02015,test,3.5922,True,00201514
ok,True,OMPAL,4.9367,T1,,00201514_07,02015,test,4.7762,True,00201514
ok,True,OMPAL,5.2779,T1,,00201514_08,02015,test,5.1173,True,00201514
ok,True,OMPAL,2.6124,T4,,00201517_01,02015,test,2.4718,True,00201517
ok,True,OMPAL,3.5167,T2,,00201517_03,02015,test,3.2756,True,00201517
ok,True,OMPAL,0.6604,T3,,00201520_00,02015,test,0.5203,True,00201520
ok,True,OMPAL,1.1206,T1,,00201520_01,02015,test,0.8405,True,00201520
ok,True,OMPAL,2.0612,T1,,00201520_03,02015,test,1.9611,True,00201520
ok,True,OMPAL,3.582,T3,,00201520_05,02015,test,3.3018,False,00201520
ok,True,OMPAL,4.9027,T1,,00201520_06,02015,test,4.1823,False,00201520
ok,True,OMPAL,6.8238,T3,,00201520_08,02015,test,6.5637,False,00201520
ok,True,OMPAL,8.7249,T1,,00201520_13,02015,test,8.6448,True,00201520
ok,True,OMPAL,9.6854,T2,,00201520_15,02015,test,9.2852,True,00201520
ok,True,OMPAL,0.8844,T3,,00201614_00,02016,train,0.7035,True,00201614
ok,True,OMPAL,1.1859,T1,,00201614_01,02016,train,0.9648,True,00201614
ok,True,OMPAL,1.7085,T2,,00201614_03,02016,train,1.5075,True,00201614
ok,True,OMPAL,1.8693,T4,,00201614_04,02016,train,1.7487,True,00201614
ok,True,OMPAL,2.9548,T4,,00201614_06,02016,train,2.8342,True,00201614
ok,True,OMPAL,3.2764,T1,,00201614_07,02016,train,3.1558,True,00201614
ok,True,OMPAL,3.5578,T1,,00201614_08,02016,train,3.4171,False,00201614
ok,True,OMPAL,0.9702,T4,,00201617_01,02016,train,0.8691,True,00201617
ok,True,OMPAL,1.4351,T2,,00201617_03,02016,train,1.2128,True,00201617
ok,True,OMPAL,0.9419,T3,,00201620_00,02016,train,0.8417,True,00201620
ok,True,OMPAL,1.3026,T1,,00201620_01,02016,train,1.0621,True,00201620
ok,True,OMPAL,1.8437,T1,,00201620_03,02016,train,1.7836,True,00201620
ok,True,OMPAL,2.4449,T3,,00201620_05,02016,train,2.2445,True,00201620
ok,True,OMPAL,2.6653,T1,,00201620_06,02016,train,2.5251,False,00201620
ok,True,OMPAL,4.489,T3,,00201620_08,02016,train,4.2084,True,00201620
ok,True,OMPAL,6.3727,T1,,00201620_13,02016,train,6.2926,True,00201620
ok,True,OMPAL,7.1142,T2,,00201620_15,02016,train,6.7936,True,00201620
ok,True,OMPAL,0.6225,T3,,00201814_00,02018,train,0.3614,False,00201814
ok,True,OMPAL,1.004,T1,,00201814_01,02018,train,0.7028,False,00201814
ok,True,OMPAL,1.988,T2,,00201814_03,02018,train,1.7269,True,00201814
ok,True,OMPAL,2.2289,T4,,00201814_04,02018,train,2.0884,True,00201814
ok,True,OMPAL,3.5542,T4,,00201814_06,02018,train,3.4137,True,00201814
ok,True,OMPAL,4.0161,T1,,00201814_07,02018,train,3.8755,True,00201814
ok,True,OMPAL,4.3173,T1,,00201814_08,02018,train,4.1767,True,00201814
ok,True,OMPAL,1.4277,T4,,00201817_01,02018,train,1.2668,False,00201817
ok,True,OMPAL,3.0163,T2,,00201817_03,02018,train,2.775,True,00201817
ok,True,OMPAL,0.6809,T3,,00201820_00,02018,train,0.5808,True,00201820
ok,True,OMPAL,1.2016,T1,,00201820_01,02018,train,0.9412,True,00201820
ok,True,OMPAL,2.303,T1,,00201820_03,02018,train,2.2029,False,00201820
ok,True,OMPAL,3.3043,T3,,00201820_05,02018,train,2.9639,False,00201820
ok,True,OMPAL,4.2856,T1,,00201820_06,02018,train,4.1054,False,00201820
ok,True,OMPAL,5.7275,T3,,00201820_08,02018,train,5.4271,True,00201820
ok,True,OMPAL,8.3509,T1,,00201820_13,02018,train,8.2708,True,00201820
ok,True,OMPAL,9.6326,T2,,00201820_15,02018,train,9.212,True,00201820
ok,True,OMPAL,1.1232,T3,,00201914_00,02019,train,0.9026,False,00201914
ok,True,OMPAL,1.4241,T1,,00201914_01,02019,train,1.1834,False,00201914
ok,True,OMPAL,2.9685,T2,,00201914_03,02019,train,2.808,True,00201914
ok,True,OMPAL,3.1089,T4,,00201914_04,02019,train,3.0086,True,00201914
ok,True,OMPAL,3.9914,T4,,00201914_06,02019,train,3.851,True,00201914
ok,True,OMPAL,4.2722,T1,,00201914_07,02019,train,4.1519,True,00201914
ok,True,OMPAL,4.553,T1,,00201914_08,02019,train,4.4126,True,00201914
ok,True,OMPAL,1.9109,T4,,00201917_01,02019,train,1.7902,True,00201917
ok,True,OMPAL,2.5948,T2,,00201917_03,02019,train,2.3937,False,00201917
ok,True,OMPAL,1.0811,T3,,00201920_00,02019,train,1.001,False,00201920
ok,True,OMPAL,1.3614,T1,,00201920_01,02019,train,1.1812,True,00201920
ok,True,OMPAL,2.3224,T1,,00201920_03,02019,train,2.2423,True,00201920
ok,True,OMPAL,3.1232,T3,,00201920_05,02019,train,2.8429,True,00201920
ok,True,OMPAL,4.0442,T1,,00201920_06,02019,train,3.864,False,00201920
ok,True,OMPAL,7.4277,T3,,00201920_08,02019,train,7.2074,True,00201920
ok,True,OMPAL,12.7131,T1,,00201920_13,02019,train,12.633,True,00201920
ok,True,OMPAL,13.4539,T2,,00201920_15,02019,train,13.1135,False,00201920
ok,True,OMPAL,0.4431,T3,,00202014_00,02020,train,0.2618,True,00202014
ok,True,OMPAL,0.6646,T1,,00202014_01,02020,train,0.5035,True,00202014
ok,True,OMPAL,1.0069,T2,,00202014_03,02020,train,0.8257,True,00202014
ok,True,OMPAL,1.1479,T4,,00202014_04,02020,train,1.0674,True,00202014
ok,True,OMPAL,1.9938,T4,,00202014_06,02020,train,1.8729,True,00202014
ok,True,OMPAL,2.2556,T1,,00202014_07,02020,train,2.1146,True,00202014
ok,True,OMPAL,2.5375,T1,,00202014_08,02020,train,2.3965,True,00202014
ok,True,OMPAL,0.6886,T4,,00202017_01,02020,train,0.5671,True,00202017
ok,True,OMPAL,1.0532,T2,,00202017_03,02020,train,0.8709,True,00202017
ok,True,OMPAL,0.4204,T3,,00202020_00,02020,train,0.3203,True,00202020
ok,True,OMPAL,0.7207,T1,,00202020_01,02020,train,0.5005,True,00202020
ok,True,OMPAL,1.2813,T1,,00202020_03,02020,train,1.2212,False,00202020
ok,True,OMPAL,2.8428,T3,,00202020_05,02020,train,2.6626,True,00202020
ok,True,OMPAL,3.023,T1,,00202020_06,02020,train,2.9029,True,00202020
ok,True,OMPAL,4.1241,T3,,00202020_08,02020,train,3.9039,True,00202020
ok,True,OMPAL,5.4054,T1,,00202020_13,02020,train,5.3453,True,00202020
ok,True,OMPAL,6.066,T2,,00202020_15,02020,train,5.7457,True,00202020
ok,True,OMPAL,0.6428,T3,,00202114_00,02021,train,0.4218,True,00202114
ok,True,OMPAL,0.9441,T1,,00202114_01,02021,train,0.7231,True,00202114
ok,True,OMPAL,1.9686,T2,,00202114_03,02021,train,1.7878,False,00202114
ok,True,OMPAL,2.1694,T4,,00202114_04,02021,train,2.0489,True,00202114
ok,True,OMPAL,3.3144,T4,,00202114_06,02021,train,3.1738,True,00202114
ok,True,OMPAL,3.7362,T1,,00202114_07,02021,train,3.6157,False,00202114
ok,True,OMPAL,4.0175,T1,,00202114_08,02021,train,3.917,False,00202114
ok,True,OMPAL,1.0078,T4,,00202117_01,02021,train,0.8667,True,00202117
ok,True,OMPAL,2.0155,T2,,00202117_03,02021,train,1.814,False,00202117
ok,True,OMPAL,0.6009,T3,,00202120_00,02021,train,0.5007,True,00202120
ok,True,OMPAL,1.0215,T1,,00202120_01,02021,train,0.681,True,00202120
ok,True,OMPAL,1.4822,T1,,00202120_03,02021,train,1.4221,True,00202120
ok,True,OMPAL,2.3234,T3,,00202120_05,02021,train,2.063,True,00202120
ok,True,OMPAL,2.5838,T1,,00202120_06,02021,train,2.4436,False,00202120
ok,True,OMPAL,3.9457,T3,,00202120_08,02021,train,3.6453,False,00202120
ok,True,OMPAL,6.5896,T1,,00202120_13,02021,train,6.5095,False,00202120
ok,True,OMPAL,7.6912,T2,,00202120_15,02021,train,7.2305,True,00202120
ok,True,OMPAL,1.5253,T3,,00202214_00,02022,train,0.9633,True,00202214
ok,True,OMPAL,2.8498,T1,,00202214_01,02022,train,2.6291,True,00202214
ok,True,OMPAL,3.1308,T2,,00202214_03,02022,train,2.8699,True,00202214
ok,True,OMPAL,3.4519,T4,,00202214_04,02022,train,3.2512,True,00202214
ok,True,OMPAL,4.7564,T4,,00202214_06,02022,train,4.5758,True,00202214
ok,True,OMPAL,5.1377,T1,,00202214_07,02022,train,4.9772,True,00202214
ok,True,OMPAL,5.4388,T1,,00202214_08,02022,train,5.2983,True,00202214
ok,True,OMPAL,1.3487,T4,,00202217_01,02022,train,1.2279,True,00202217
ok,True,OMPAL,2.2948,T2,,00202217_03,02022,train,1.9929,True,00202217
ok,True,OMPAL,0.5008,T3,,00202220_00,02022,train,0.3806,True,00202220
ok,True,OMPAL,0.9616,T1,,00202220_01,02022,train,0.641,True,00202220
ok,True,OMPAL,1.6427,T1,,00202220_03,02022,train,1.5625,True,00202220
ok,True,OMPAL,2.5641,T3,,00202220_05,02022,train,2.2436,True,00202220
ok,True,OMPAL,2.9648,T1,,00202220_06,02022,train,2.7645,True,00202220
ok,True,OMPAL,4.347,T3,,00202220_08,02022,train,4.0866,True,00202220
ok,True,OMPAL,7.3719,T1,,00202220_13,02022,train,7.2718,True,00202220
ok,True,OMPAL,9.0146,T2,,00202220_15,02022,train,8.5739,True,00202220
ok,True,OMPAL,3.0082,T2,,00202301_01,02023,dev,2.8478,True,00202301
ok,True,OMPAL,4.031,T4,,00202301_03,02023,dev,3.8907,True,00202301
ok,True,OMPAL,4.8734,T1,,00202301_05,02023,dev,4.5725,True,00202301
ok,True,OMPAL,5.3346,T2,,00202301_06,02023,dev,4.9736,True,00202301
ok,True,OMPAL,5.856,T4,,00202301_07,02023,dev,5.6555,True,00202301
ok,True,OMPAL,6.7184,T1,,00202301_09,02023,dev,6.3374,True,00202301
ok,True,OMPAL,7.0794,T2,,00202301_10,02023,dev,6.8588,True,00202301
ok,True,OMPAL,4.1116,T4,,00202307_02,02023,dev,3.9712,True,00202307
ok,True,OMPAL,4.6932,T2,,00202307_03,02023,dev,4.4525,True,00202307
ok,True,OMPAL,5.1946,T4,,00202307_04,02023,dev,5.0743,True,00202307
ok,True,OMPAL,5.4955,T4,,00202307_05,02023,dev,5.335,True,00202307
ok,True,OMPAL,5.9367,T1,,00202307_06,02023,dev,5.7161,True,00202307
ok,True,OMPAL,6.4782,T1,,00202307_07,02023,dev,6.1373,True,00202307
ok,True,OMPAL,0.6031,T2,,00202308_00,02023,dev,0.382,True,00202308
ok,True,OMPAL,1.2464,T4,,00202308_02,02023,dev,1.0655,True,00202308
ok,True,OMPAL,2.0505,T3,,00202308_04,02023,dev,1.7088,True,00202308
ok,True,OMPAL,2.3722,T4,,00202308_05,02023,dev,2.2113,True,00202308
ok,True,OMPAL,3.1361,T2,,00202308_07,02023,dev,2.8546,True,00202308
ok,True,OMPAL,2.4681,T1,,00202309_03,02023,dev,2.3477,True,00202309
ok,True,OMPAL,5.5181,T4,,00202309_10,02023,dev,5.2974,True,00202309
ok,True,OMPAL,5.8592,T4,,00202309_11,02023,dev,5.5783,True,00202309
ok,True,OMPAL,0.3811,T1,,00202311_01,02023,dev,0.3409,True,00202311
ok,True,OMPAL,2.9281,T2,,00202311_06,02023,dev,2.7476,True,00202311
ok,True,OMPAL,3.3894,T4,,00202311_07,02023,dev,3.1889,True,00202311
ok,True,OMPAL,4.4123,T3,,00202311_08,02023,dev,4.1916,True,00202311
ok,True,OMPAL,5.9766,T2,,00202311_10,02023,dev,5.8162,True,00202311
ok,True,OMPAL,6.3376,T4,,00202311_11,02023,dev,6.137,True,00202311
ok,True,OMPAL,1.225,T4,,00202313_02,02023,dev,1.0844,True,00202313
ok,True,OMPAL,1.5664,T4,,00202313_03,02023,dev,1.4258,True,00202313
ok,True,OMPAL,3.0725,T1,,00202313_06,02023,dev,2.9922,True,00202313
ok,True,OMPAL,3.916,T2,,00202313_08,02023,dev,3.6348,True,00202313
ok,True,OMPAL,4.177,T4,,00202313_09,02023,dev,4.0566,True,00202313
ok,True,OMPAL,4.6189,T4,,00202313_10,02023,dev,4.3578,True,00202313
ok,True,OMPAL,1.8642,T4,,00202318_01,02023,dev,1.744,True,00202318
ok,True,OMPAL,2.2251,T1,,00202318_02,02023,dev,2.0046,True,00202318
ok,True,OMPAL,2.4255,T1,,00202318_03,02023,dev,2.3453,True,00202318
ok,True,OMPAL,3.3276,T2,,00202318_04,02023,dev,3.1071,True,00202318
ok,True,OMPAL,4.0492,T1,,00202318_06,02023,dev,3.6884,True,00202318
ok,True,OMPAL,7.2765,T1,,00202318_08,02023,dev,6.9759,True,00202318
ok,True,OMPAL,7.7576,T2,,00202318_10,02023,dev,7.6173,True,00202318
ok,True,OMPAL,0.6225,T4,,00202320_00,02023,dev,0.502,True,00202320
ok,True,OMPAL,1.6266,T1,,00202320_03,02023,dev,1.5664,False,00202320
ok,True,OMPAL,3.6549,T4,,00202320_05,02023,dev,3.5143,True,00202320
ok,True,OMPAL,4.0164,T2,,00202320_06,02023,dev,3.8357,True,00202320
ok,True,OMPAL,4.5988,T4,,00202320_08,02023,dev,4.4582,True,00202320
ok,True,OMPAL,0.6229,T4,,00202324_01,02023,dev,0.422,True,00202324
ok,True,OMPAL,1.6477,T1,,00202324_03,02023,dev,1.2458,True,00202324
ok,True,OMPAL,2.0294,T2,,00202324_04,02023,dev,1.7883,True,00202324
ok,True,OMPAL,0.4413,T4,,00202326_00,02023,dev,0.2808,True,00202326
ok,True,OMPAL,2.1062,T2,,00202326_02,02023,dev,1.8655,True,00202326
ok,True,OMPAL,2.3268,T4,,00202326_03,02023,dev,2.2065,True,00202326
ok,True,OMPAL,2.7481,T4,,00202326_04,02023,dev,2.4873,True,00202326
ok,True,OMPAL,3.6307,T1,,00202326_05,02023,dev,3.3298,True,00202326
ok,True,OMPAL,4.1121,T4,,00202326_06,02023,dev,3.9115,True,00202326
ok,True,OMPAL,4.6938,T1,,00202326_07,02023,dev,4.2124,True,00202326
ok,True,OMPAL,5.1351,T3,,00202326_08,02023,dev,4.7941,True,00202326
ok,True,OMPAL,5.3357,T3,,00202326_09,02023,dev,5.2153,True,00202326
ok,True,OMPAL,5.9575,T4,,00202326_10,02023,dev,5.8171,True,00202326
ok,True,OMPAL,2.3679,T4,,00202328_00,02023,dev,2.2475,True,00202328
ok,True,OMPAL,2.7893,T2,,00202328_01,02023,dev,2.5284,True,00202328
ok,True,OMPAL,3.612,T4,,00202328_02,02023,dev,3.4314,True,00202328
ok,True,OMPAL,3.9532,T2,,00202328_03,02023,dev,3.7124,True,00202328
ok,True,OMPAL,4.1538,T3,,00202328_04,02023,dev,4.0535,True,00202328
ok,True,OMPAL,4.5552,T4,,00202328_05,02023,dev,4.3344,False,00202328
ok,True,OMPAL,5.1371,T3,,00202328_07,02023,dev,4.8963,True,00202328
ok,True,OMPAL,1.682,T4,,00202329_02,02023,dev,1.4617,True,00202329
ok,True,OMPAL,2.1025,T3,,00202329_03,02023,dev,1.8021,True,00202329
ok,True,OMPAL,2.4829,T1,,00202329_04,02023,dev,2.2426,True,00202329
ok,True,OMPAL,2.9234,T1,,00202329_05,02023,dev,2.7432,True,00202329
ok,True,OMPAL,5.0259,T2,,00202329_07,02023,dev,4.5453,True,00202329
ok,True,OMPAL,5.4464,T3,,00202329_08,02023,dev,5.106,True,00202329
ok,True,OMPAL,7.0082,T4,,00202329_10,02023,dev,6.8481,True,00202329
ok,True,OMPAL,1.5667,T2,,00202401_01,02024,train,1.4261,True,00202401
ok,True,OMPAL,2.1893,T4,,00202401_03,02024,train,2.0688,True,00202401
ok,True,OMPAL,2.8521,T1,,00202401_05,02024,train,2.6714,True,00202401
ok,True,OMPAL,3.1333,T2,,00202401_06,02024,train,2.9325,True,00202401
ok,True,OMPAL,3.3944,T4,,00202401_07,02024,train,3.1936,True,00202401
ok,True,OMPAL,4.1577,T1,,00202401_09,02024,train,3.8765,True,00202401
ok,True,OMPAL,4.4389,T2,,00202401_10,02024,train,4.238,True,00202401
ok,True,OMPAL,1.3263,T4,,00202407_02,02024,train,1.2057,True,00202407
ok,True,OMPAL,1.9292,T2,,00202407_03,02024,train,1.8086,True,00202407
ok,True,OMPAL,2.2708,T4,,00202407_04,02024,train,2.2306,True,00202407
ok,True,OMPAL,2.5321,T4,,00202407_05,02024,train,2.3713,True,00202407
ok,True,OMPAL,3.0947,T1,,00202407_06,02024,train,2.8536,True,00202407
ok,True,OMPAL,3.577,T1,,00202407_07,02024,train,3.2957,True,00202407
ok,True,OMPAL,0.6839,T2,,00202408_00,02024,train,0.5029,True,00202408
ok,True,OMPAL,1.2069,T4,,00202408_02,02024,train,1.0259,True,00202408
ok,True,OMPAL,1.8908,T3,,00202408_04,02024,train,1.7299,True,00202408
ok,True,OMPAL,2.1121,T4,,00202408_05,02024,train,1.9713,True,00202408
ok,True,OMPAL,2.8161,T2,,00202408_07,02024,train,2.6149,True,00202408
ok,True,OMPAL,2.109,T1,,00202409_03,02024,train,2.0085,True,00202409
ok,True,OMPAL,4.3786,T4,,00202409_10,02024,train,4.1778,True,00202409
ok,True,OMPAL,4.6598,T4,,00202409_11,02024,train,4.4188,True,00202409
ok,True,OMPAL,2.5064,T1,,00202411_01,02024,train,2.4463,True,00202411
ok,True,OMPAL,3.7296,T2,,00202411_06,02024,train,3.5692,True,00202411
ok,True,OMPAL,4.0504,T4,,00202411_07,02024,train,3.91,True,00202411
ok,True,OMPAL,4.8123,T3,,00202411_08,02024,train,4.6118,True,00202411
ok,True,OMPAL,7.2586,T2,,00202411_10,02024,train,7.1383,True,00202411
ok,True,OMPAL,7.5393,T4,,00202411_11,02024,train,7.3589,True,00202411
ok,True,OMPAL,0.9256,T4,,00202413_02,02024,train,0.825,True,00202413
ok,True,OMPAL,1.147,T4,,00202413_03,02024,train,1.0463,True,00202413
ok,True,OMPAL,1.9317,T1,,00202413_06,02024,train,1.8713,True,00202413
ok,True,OMPAL,2.6762,T2,,00202413_08,02024,train,2.4951,True,00202413
ok,True,OMPAL,2.8372,T4,,00202413_09,02024,train,2.7366,True,00202413
ok,True,OMPAL,3.1793,T4,,00202413_10,02024,train,2.978,True,00202413
ok,True,OMPAL,1.6667,T4,,00202418_01,02024,train,1.506,True,00202418
ok,True,OMPAL,2.0683,T1,,00202418_02,02024,train,1.8876,True,00202418
ok,True,OMPAL,2.3092,T1,,00202418_03,02024,train,2.2088,True,00202418
ok,True,OMPAL,2.9116,T2,,00202418_04,02024,train,2.7108,True,00202418
ok,True,OMPAL,3.5542,T1,,00202418_06,02024,train,3.2329,True,00202418
ok,True,OMPAL,4.1968,T1,,00202418_08,02024,train,4.0562,True,00202418
ok,True,OMPAL,4.6386,T2,,00202418_10,02024,train,4.498,True,00202418
ok,True,OMPAL,0.4221,T4,,00202420_00,02024,train,0.3015,True,00202420
ok,True,OMPAL,2.2513,T1,,00202420_03,02024,train,2.1709,True,00202420
ok,True,OMPAL,2.8945,T4,,00202420_05,02024,train,2.794,True,00202420
ok,True,OMPAL,3.1156,T2,,00202420_06,02024,train,3.0151,True,00202420
ok,True,OMPAL,3.4774,T4,,00202420_08,02024,train,3.3568,True,00202420
ok,True,OMPAL,2.0283,T4,,00202424_01,02024,train,1.727,True,00202424
ok,True,OMPAL,2.7111,T1,,00202424_03,02024,train,2.4701,True,00202424
ok,True,OMPAL,2.9119,T2,,00202424_04,02024,train,2.7914,True,00202424
ok,True,OMPAL,0.6214,T4,,00202426_00,02024,train,0.441,True,00202426
ok,True,OMPAL,2.4256,T2,,00202426_02,02024,train,2.2252,True,00202426
ok,True,OMPAL,2.566,T4,,00202426_03,02024,train,2.4858,True,00202426
ok,True,OMPAL,2.9869,T4,,00202426_04,02024,train,2.7464,True,00202426
ok,True,OMPAL,4.29,T1,,00202426_05,02024,train,4.0093,True,00202426
ok,True,OMPAL,4.8312,T4,,00202426_06,02024,train,4.5907,True,00202426
ok,True,OMPAL,6.2145,T1,,00202426_07,02024,train,5.9538,True,00202426
ok,True,OMPAL,6.4951,T3,,00202426_08,02024,train,6.2946,True,00202426
ok,True,OMPAL,6.7156,T3,,00202426_09,02024,train,6.5753,True,00202426
ok,True,OMPAL,7.5576,T4,,00202426_10,02024,train,7.3772,True,00202426
ok,True,OMPAL,1.2849,T4,,00202428_00,02024,train,1.0842,True,00202428
ok,True,OMPAL,1.9274,T2,,00202428_01,02024,train,1.6263,True,00202428
ok,True,OMPAL,2.3892,T4,,00202428_02,02024,train,2.2085,True,00202428
ok,True,OMPAL,2.7907,T2,,00202428_03,02024,train,2.4695,True,00202428
ok,True,OMPAL,3.4131,T3,,00202428_04,02024,train,3.2525,True,00202428
ok,True,OMPAL,3.895,T4,,00202428_05,02024,train,3.6741,True,00202428
ok,True,OMPAL,4.4571,T3,,00202428_07,02024,train,4.2764,True,00202428
ok,True,OMPAL,1.6615,T4,,00202429_02,02024,train,1.4813,True,00202429
ok,True,OMPAL,1.9417,T3,,00202429_03,02024,train,1.7616,True,00202429
ok,True,OMPAL,2.1819,T1,,00202429_04,02024,train,2.0418,True,00202429
ok,True,OMPAL,2.8826,T1,,00202429_05,02024,train,2.7625,True,00202429
ok,True,OMPAL,4.2838,T2,,00202429_07,02024,train,4.0036,True,00202429
ok,True,OMPAL,4.504,T3,,00202429_08,02024,train,4.3238,True,00202429
ok,True,OMPAL,5.7851,T4,,00202429_10,02024,train,5.5649,True,00202429
ok,True,OMPAL,2.1295,T2,,00202501_01,02025,test,2.0491,True,00202501
ok,True,OMPAL,2.5513,T4,,00202501_03,02025,test,2.4509,True,00202501
ok,True,OMPAL,2.9531,T1,,00202501_05,02025,test,2.7723,True,00202501
ok,True,OMPAL,3.2344,T2,,00202501_06,02025,test,2.9933,True,00202501
ok,True,OMPAL,3.5156,T4,,00202501_07,02025,test,3.3549,True,00202501
ok,True,OMPAL,3.9978,T1,,00202501_09,02025,test,3.7366,True,00202501
ok,True,OMPAL,4.2589,T2,,00202501_10,02025,test,4.0982,True,00202501
ok,True,OMPAL,1.8696,T4,,00202507_02,02025,test,1.7691,True,00202507
ok,True,OMPAL,2.3521,T2,,00202507_03,02025,test,2.2314,True,00202507
ok,True,OMPAL,2.5531,T4,,00202507_04,02025,test,2.4727,True,00202507
ok,True,OMPAL,2.7943,T4,,00202507_05,02025,test,2.6134,True,00202507
ok,True,OMPAL,3.1361,T1,,00202507_06,02025,test,2.9552,True,00202507
ok,True,OMPAL,3.4577,T1,,00202507_07,02025,test,3.2567,True,00202507
ok,True,OMPAL,0.5244,T2,,00202508_00,02025,test,0.4034,True,00202508
ok,True,OMPAL,0.9076,T4,,00202508_02,02025,test,0.7866,True,00202508
ok,True,OMPAL,1.3311,T3,,00202508_04,02025,test,1.1496,True,00202508
ok,True,OMPAL,1.4924,T4,,00202508_05,02025,test,1.3714,True,00202508
ok,True,OMPAL,1.8756,T2,,00202508_07,02025,test,1.7143,True,00202508
ok,True,OMPAL,1.3893,T1,,00202509_03,02025,test,1.349,True,00202509
ok,True,OMPAL,2.7785,T4,,00202509_10,02025,test,2.6174,True,00202509
ok,True,OMPAL,2.9799,T4,,00202509_11,02025,test,2.8188,True,00202509
ok,True,OMPAL,0.643,T1,,00202511_01,02025,test,0.6028,True,00202511
ok,True,OMPAL,2.1098,T2,,00202511_06,02025,test,1.9893,True,00202511
ok,True,OMPAL,2.3509,T4,,00202511_07,02025,test,2.2103,True,00202511
ok,True,OMPAL,3.0944,T3,,00202511_08,02025,test,2.9136,True,00202511
ok,True,OMPAL,3.5967,T2,,00202511_10,02025,test,3.4963,True,00202511
ok,True,OMPAL,3.8981,T4,,00202511_11,02025,test,3.7173,True,00202511
ok,True,OMPAL,0.7866,T4,,00202513_02,02025,test,0.6857,True,00202513
ok,True,OMPAL,0.9479,T4,,00202513_03,02025,test,0.8672,True,00202513
ok,True,OMPAL,1.4319,T1,,00202513_06,02025,test,1.3714,True,00202513
ok,True,OMPAL,1.795,T2,,00202513_08,02025,test,1.6336,True,00202513
ok,True,OMPAL,1.9563,T4,,00202513_09,02025,test,1.8756,True,00202513
ok,True,OMPAL,2.2588,T4,,00202513_10,02025,test,2.0571,True,00202513
ok,True,OMPAL,2.1083,T4,,00202518_01,02025,test,1.9677,True,00202518
ok,True,OMPAL,2.5299,T1,,00202518_02,02025,test,2.4094,True,00202518
ok,True,OMPAL,2.7307,T1,,00202518_03,02025,test,2.6303,True,00202518
ok,True,OMPAL,3.2929,T2,,00202518_04,02025,test,3.1524,False,00202518
ok,True,OMPAL,3.815,T1,,00202518_06,02025,test,3.574,True,00202518
ok,True,OMPAL,4.5378,T1,,00202518_08,02025,test,4.3571,True,00202518
ok,True,OMPAL,4.9394,T2,,00202518_10,02025,test,4.7988,True,00202518
ok,True,OMPAL,0.504,T4,,00202520_00,02025,test,0.4234,True,00202520
ok,True,OMPAL,1.0685,T1,,00202520_03,02025,test,1.0282,True,00202520
ok,True,OMPAL,1.6734,T4,,00202520_05,02025,test,1.5524,True,00202520
ok,True,OMPAL,1.9355,T2,,00202520_06,02025,test,1.8145,True,00202520
ok,True,OMPAL,2.2782,T4,,00202520_08,02025,test,2.1371,True,00202520
ok,True,OMPAL,0.363,T4,,00202524_01,02025,test,0.2017,True,00202524
ok,True,OMPAL,0.8471,T1,,00202524_03,02025,test,0.6655,True,00202524
ok,True,OMPAL,1.0286,T2,,00202524_04,02025,test,0.9277,True,00202524
ok,True,OMPAL,0.5425,T4,,00202526_00,02025,test,0.4019,True,00202526
ok,True,OMPAL,1.1654,T2,,00202526_02,02025,test,0.9846,True,00202526
ok,True,OMPAL,1.286,T4,,00202526_03,02025,test,1.2056,True,00202526
ok,True,OMPAL,1.6276,T4,,00202526_04,02025,test,1.3864,True,00202526
ok,True,OMPAL,2.0696,T1,,00202526_05,02025,test,1.8888,True,00202526
ok,True,OMPAL,2.3911,T4,,00202526_06,02025,test,2.15,True,00202526
ok,True,OMPAL,2.793,T1,,00202526_07,02025,test,2.5318,True,00202526
ok,True,OMPAL,3.1949,T3,,00202526_08,02025,test,2.9738,False,00202526
ok,True,OMPAL,3.4159,T3,,00202526_09,02025,test,3.2953,True,00202526
ok,True,OMPAL,3.8579,T4,,00202526_10,02025,test,3.7173,True,00202526
ok,True,OMPAL,0.8863,T4,,00202528_00,02025,test,0.7655,True,00202528
ok,True,OMPAL,1.1281,T2,,00202528_01,02025,test,0.9669,True,00202528
ok,True,OMPAL,1.4101,T4,,00202528_02,02025,test,1.2086,True,00202528
ok,True,OMPAL,1.6921,T2,,00202528_03,02025,test,1.5108,True,00202528
ok,True,OMPAL,1.8331,T3,,00202528_04,02025,test,1.7727,True,00202528
ok,True,OMPAL,2.0345,T4,,00202528_05,02025,test,1.9137,True,00202528
ok,True,OMPAL,2.3568,T3,,00202528_07,02025,test,2.1957,True,00202528
ok,True,OMPAL,1.4259,T4,,00202529_02,02025,test,1.2653,True,00202529
ok,True,OMPAL,1.6268,T3,,00202529_03,02025,test,1.4661,True,00202529
ok,True,OMPAL,1.8477,T1,,00202529_04,02025,test,1.7071,True,00202529
ok,True,OMPAL,2.1891,T1,,00202529_05,02025,test,2.0686,True,00202529
ok,True,OMPAL,2.8117,T2,,00202529_07,02025,test,2.5506,True,00202529
ok,True,OMPAL,3.1933,T3,,00202529_08,02025,test,2.9925,True,00202529
ok,True,OMPAL,3.6352,T4,,00202529_10,02025,test,3.4946,True,00202529
ok,True,OMPAL,2.9882,T2,,00202601_01,02026,test,2.8679,True,00202601
ok,True,OMPAL,3.6099,T4,,00202601_03,02026,test,3.4896,True,00202601
ok,True,OMPAL,4.3519,T1,,00202601_05,02026,test,4.1313,True,00202601
ok,True,OMPAL,4.6929,T2,,00202601_06,02026,test,4.392,True,00202601
ok,True,OMPAL,5.0739,T4,,00202601_07,02026,test,4.7931,False,00202601
ok,True,OMPAL,6.6382,T1,,00202601_09,02026,test,6.2973,True,00202601
ok,True,OMPAL,6.9591,T2,,00202601_10,02026,test,6.7585,True,00202601
ok,True,OMPAL,2.6663,T4,,00202607_02,02026,test,2.546,True,00202607
ok,True,OMPAL,4.0094,T2,,00202607_03,02026,test,3.8691,False,00202607
ok,True,OMPAL,4.25,T4,,00202607_04,02026,test,4.2099,False,00202607
ok,True,OMPAL,4.5106,T4,,00202607_05,02026,test,4.3703,False,00202607
ok,True,OMPAL,7.4375,T1,,00202607_06,02026,test,7.2771,False,00202607
ok,True,OMPAL,7.7583,T1,,00202607_07,02026,test,7.5177,True,00202607
ok,True,OMPAL,0.8028,T2,,00202608_00,02026,test,0.6021,True,00202608
ok,True,OMPAL,2.1475,T4,,00202608_02,02026,test,1.7461,False,00202608
ok,True,OMPAL,3.4722,T3,,00202608_04,02026,test,3.2113,True,00202608
ok,True,OMPAL,3.8535,T4,,00202608_05,02026,test,3.6327,True,00202608
ok,True,OMPAL,4.9975,T2,,00202608_07,02026,test,4.7567,True,00202608
ok,True,OMPAL,4.7088,T1,,00202609_03,02026,test,4.5886,False,00202609
ok,True,OMPAL,10.1991,T4,,00202609_10,02026,test,9.9586,False,00202609
ok,True,OMPAL,10.5197,T4,,00202609_11,02026,test,10.2792,False,00202609
ok,True,OMPAL,1.4413,T1,,00202611_01,02026,test,1.3612,True,00202611
ok,True,OMPAL,9.8686,T2,,00202611_06,02026,test,9.7485,True,00202611
ok,True,OMPAL,10.249,T4,,00202611_07,02026,test,10.0888,True,00202611
ok,True,OMPAL,16.8347,T3,,00202611_08,02026,test,16.4544,True,00202611
ok,True,OMPAL,21.719,T2,,00202611_10,02026,test,21.5588,True,00202611
ok,True,OMPAL,22.2394,T4,,00202611_11,02026,test,21.9792,True,00202611
ok,True,OMPAL,3.4073,T4,,00202613_02,02026,test,3.3272,False,00202613
ok,True,OMPAL,3.708,T4,,00202613_03,02026,test,3.5877,False,00202613
ok,True,OMPAL,6.1332,T1,,00202613_06,02026,test,6.0731,True,00202613
ok,True,OMPAL,6.9149,T2,,00202613_08,02026,test,6.4739,True,00202613
ok,True,OMPAL,8.0974,T4,,00202613_09,02026,test,7.8769,False,00202613
ok,True,OMPAL,8.4782,T4,,00202613_10,02026,test,8.2377,True,00202613
ok,True,OMPAL,7.0684,T4,,00202618_01,02026,test,6.9683,True,00202618
ok,True,OMPAL,7.5089,T1,,00202618_02,02026,test,7.2687,False,00202618
ok,True,OMPAL,7.6892,T1,,00202618_03,02026,test,7.589,True,00202618
ok,True,OMPAL,9.8117,T2,,00202618_04,02026,test,9.5914,True,00202618
ok,True,OMPAL,14.0768,T1,,00202618_06,02026,test,13.7964,False,00202618
ok,True,OMPAL,16.0391,T1,,00202618_08,02026,test,15.8188,True,00202618
ok,True,OMPAL,16.5797,T2,,00202618_10,02026,test,16.4195,False,00202618
ok,True,OMPAL,4.5669,T4,,00202620_00,02026,test,4.4868,False,00202620
ok,True,OMPAL,6.5099,T1,,00202620_03,02026,test,6.4297,True,00202620
ok,True,OMPAL,11.4173,T4,,00202620_05,02026,test,11.237,True,00202620
ok,True,OMPAL,11.7979,T2,,00202620_06,02026,test,11.6577,True,00202620
ok,True,OMPAL,12.4188,T4,,00202620_08,02026,test,12.2185,True,00202620
ok,True,OMPAL,1.8647,T4,,00202624_01,02026,test,1.4837,True,00202624
ok,True,OMPAL,3.7494,T1,,00202624_03,02026,test,3.4887,True,00202624
ok,True,OMPAL,4.0501,T2,,00202624_04,02026,test,3.8697,True,00202624
ok,True,OMPAL,3.3845,T4,,00202626_00,02026,test,3.1041,True,00202626
ok,True,OMPAL,5.4072,T2,,00202626_02,02026,test,5.2069,False,00202626
ok,True,OMPAL,5.5874,T4,,00202626_03,02026,test,5.4873,False,00202626
ok,True,OMPAL,6.028,T4,,00202626_04,02026,test,5.7877,True,00202626
ok,True,OMPAL,9.052,T1,,00202626_05,02026,test,8.8317,True,00202626
ok,True,OMPAL,9.4125,T4,,00202626_06,02026,test,9.1721,True,00202626
ok,True,OMPAL,9.7529,T1,,00202626_07,02026,test,9.5126,False,00202626
ok,True,OMPAL,11.355,T3,,00202626_08,02026,test,11.0747,True,00202626
ok,True,OMPAL,12.056,T3,,00202626_09,02026,test,11.9158,True,00202626
ok,True,OMPAL,13.9585,T4,,00202626_10,02026,test,13.7782,False,00202626
ok,True,OMPAL,1.6033,T4,,00202628_00,02026,test,1.463,True,00202628
ok,True,OMPAL,1.984,T2,,00202628_01,02026,test,1.7035,True,00202628
ok,True,OMPAL,2.2446,T4,,00202628_02,02026,test,2.0642,False,00202628
ok,True,OMPAL,2.6855,T2,,00202628_03,02026,test,2.2646,True,00202628
ok,True,OMPAL,4.409,T3,,00202628_04,02026,test,4.2286,True,00202628
ok,True,OMPAL,5.0503,T4,,00202628_05,02026,test,4.6094,False,00202628
ok,True,OMPAL,8.0965,T3,,00202628_07,02026,test,7.856,False,00202628
ok,True,OMPAL,5.3491,T4,,00202629_02,02026,test,5.0887,True,00202629
ok,True,OMPAL,6.0904,T3,,00202629_03,02026,test,5.6496,True,00202629
ok,True,OMPAL,6.8116,T1,,00202629_04,02026,test,6.6313,False,00202629
ok,True,OMPAL,9.0554,T1,,00202629_05,02026,test,8.9152,True,00202629
ok,True,OMPAL,10.5379,T2,,00202629_07,02026,test,10.2574,False,00202629
ok,True,OMPAL,10.9787,T3,,00202629_08,02026,test,10.6982,False,00202629
ok,True,OMPAL,13.0422,T4,,00202629_10,02026,test,12.8619,True,00202629
ok,True,OMPAL,1.4458,T2,,00202701_01,02027,dev,1.3253,True,00202701
ok,True,OMPAL,2.008,T4,,00202701_03,02027,dev,1.9076,True,00202701
ok,True,OMPAL,2.8112,T1,,00202701_05,02027,dev,2.6305,False,00202701
ok,True,OMPAL,3.0522,T2,,00202701_06,02027,dev,2.8715,True,00202701
ok,True,OMPAL,3.3735,T4,,00202701_07,02027,dev,3.1727,True,00202701
ok,True,OMPAL,4.3173,T1,,00202701_09,02027,dev,4.0763,True,00202701
ok,True,OMPAL,4.5783,T2,,00202701_10,02027,dev,4.3976,True,00202701
ok,True,OMPAL,2.406,T4,,00202707_02,02027,dev,2.3058,True,00202707
ok,True,OMPAL,5.3935,T2,,00202707_03,02027,dev,5.2932,False,00202707
ok,True,OMPAL,5.594,T4,,00202707_04,02027,dev,5.5138,False,00202707
ok,True,OMPAL,5.7744,T4,,00202707_05,02027,dev,5.6541,True,00202707
ok,True,OMPAL,6.3559,T1,,00202707_06,02027,dev,5.9348,False,00202707
ok,True,OMPAL,7.1779,T1,,00202707_07,02027,dev,6.9774,True,00202707
ok,True,OMPAL,0.9223,T2,,00202708_00,02027,dev,0.7419,False,00202708
ok,True,OMPAL,1.6441,T4,,00202708_02,02027,dev,1.4436,True,00202708
ok,True,OMPAL,6.1955,T3,,00202708_04,02027,dev,6.015,False,00202708
ok,True,OMPAL,6.6366,T4,,00202708_05,02027,dev,6.3158,False,00202708
ok,True,OMPAL,7.3584,T2,,00202708_07,02027,dev,7.1779,True,00202708
ok,True,OMPAL,5.5713,T1,,00202709_03,02027,dev,5.4109,True,00202709
ok,True,OMPAL,9.2988,T4,,00202709_10,02027,dev,9.1184,False,00202709
ok,True,OMPAL,9.5994,T4,,00202709_11,02027,dev,9.3589,False,00202709
ok,True,OMPAL,1.303,T1,,00202711_01,02027,dev,1.2629,True,00202711
ok,True,OMPAL,4.6508,T2,,00202711_06,02027,dev,4.4904,True,00202711
ok,True,OMPAL,4.9716,T4,,00202711_07,02027,dev,4.8112,False,00202711
ok,True,OMPAL,6.435,T3,,00202711_08,02027,dev,6.1944,False,00202711
ok,True,OMPAL,7.6779,T2,,00202711_10,02027,dev,7.5375,True,00202711
ok,True,OMPAL,7.9986,T4,,00202711_11,02027,dev,7.7981,True,00202711
ok,True,OMPAL,4.2105,T4,,00202713_02,02027,dev,4.0702,True,00202713
ok,True,OMPAL,4.6516,T4,,00202713_03,02027,dev,4.4712,True,00202713
ok,True,OMPAL,6.3358,T1,,00202713_06,02027,dev,6.2556,True,00202713
ok,True,OMPAL,7.0977,T2,,00202713_08,02027,dev,6.8772,True,00202713
ok,True,OMPAL,7.2782,T4,,00202713_09,02027,dev,7.1779,True,00202713
ok,True,OMPAL,7.6391,T4,,00202713_10,02027,dev,7.4185,True,00202713
ok,True,OMPAL,1.5056,T4,,00202718_01,02027,dev,1.3249,True,00202718
ok,True,OMPAL,1.7866,T1,,00202718_02,02027,dev,1.6461,True,00202718
ok,True,OMPAL,2.0074,T1,,00202718_03,02027,dev,1.9472,True,00202718
ok,True,OMPAL,2.9509,T2,,00202718_04,02027,dev,2.7703,True,00202718
ok,True,OMPAL,3.774,T1,,00202718_06,02027,dev,3.4729,True,00202718
ok,True,OMPAL,4.6572,T1,,00202718_08,02027,dev,4.4766,True,00202718
ok,True,OMPAL,5.0387,T2,,00202718_10,02027,dev,4.8981,True,00202718
ok,True,OMPAL,1.9649,T4,,00202720_00,02027,dev,1.8446,True,00202720
ok,True,OMPAL,3.8296,T1,,00202720_03,02027,dev,3.7494,True,00202720
ok,True,OMPAL,5.5539,T4,,00202720_05,02027,dev,5.4336,True,00202720
ok,True,OMPAL,5.9549,T2,,00202720_06,02027,dev,5.8145,True,00202720
ok,True,OMPAL,7.5589,T4,,00202720_08,02027,dev,7.3985,True,00202720
ok,True,OMPAL,0.9236,T4,,00202724_01,02027,dev,0.6224,True,00202724
ok,True,OMPAL,1.7066,T1,,00202724_03,02027,dev,1.4456,True,00202724
ok,True,OMPAL,1.9475,T2,,00202724_04,02027,dev,1.8069,True,00202724
ok,True,OMPAL,0.7013,T4,,00202726_00,02027,dev,0.501,True,00202726
ok,True,OMPAL,1.9838,T2,,00202726_02,02027,dev,1.6832,True,00202726
ok,True,OMPAL,3.2062,T4,,00202726_03,02027,dev,3.0659,False,00202726
ok,True,OMPAL,3.647,T4,,00202726_04,02027,dev,3.3665,False,00202726
ok,True,OMPAL,6.1318,T1,,00202726_05,02027,dev,5.9114,True,00202726
ok,True,OMPAL,6.5125,T4,,00202726_06,02027,dev,6.2721,True,00202726
ok,True,OMPAL,7.9753,T1,,00202726_07,02027,dev,7.7549,True,00202726
ok,True,OMPAL,8.296,T3,,00202726_08,02027,dev,8.0755,True,00202726
ok,True,OMPAL,8.4963,T3,,00202726_09,02027,dev,8.3761,True,00202726
ok,True,OMPAL,9.5584,T4,,00202726_10,02027,dev,9.4181,True,00202726
ok,True,OMPAL,1.283,T4,,00202728_00,02027,dev,1.0625,True,00202728
ok,True,OMPAL,2.0047,T2,,00202728_01,02027,dev,1.5436,True,00202728
ok,True,OMPAL,2.9469,T4,,00202728_02,02027,dev,2.7464,False,00202728
ok,True,OMPAL,3.4079,T2,,00202728_03,02027,dev,3.0671,True,00202728
ok,True,OMPAL,5.0517,T3,,00202728_04,02027,dev,4.9315,True,00202728
ok,True,OMPAL,5.6732,T4,,00202728_05,02027,dev,5.3725,True,00202728
ok,True,OMPAL,7.6779,T3,,00202728_07,02027,dev,7.4573,False,00202728
ok,True,OMPAL,3.9613,T4,,00202729_02,02027,dev,3.7612,True,00202729
ok,True,OMPAL,4.2814,T3,,00202729_03,02027,dev,4.0813,True,00202729
ok,True,OMPAL,4.5815,T1,,00202729_04,02027,dev,4.4214,True,00202729
ok,True,OMPAL,5.4417,T1,,00202729_05,02027,dev,5.3017,True,00202729
ok,True,OMPAL,6.4421,T2,,00202729_07,02027,dev,6.122,True,00202729
ok,True,OMPAL,6.5221,T3,,00202729_08,02027,dev,6.4421,False,00202729
ok,True,OMPAL,14.3646,T4,,00202729_10,02027,dev,14.2045,True,00202729
ok,True,OMPAL,2.1675,T2,,00202801_01,02028,train,2.0671,True,00202801
ok,True,OMPAL,2.8498,T4,,00202801_03,02028,train,2.7495,False,00202801
ok,True,OMPAL,3.2311,T1,,00202801_05,02028,train,3.0907,True,00202801
ok,True,OMPAL,3.5121,T2,,00202801_06,02028,train,3.2913,True,00202801
ok,True,OMPAL,4.074,T4,,00202801_07,02028,train,3.8934,True,00202801
ok,True,OMPAL,5.0574,T1,,00202801_09,02028,train,4.8567,False,00202801
ok,True,OMPAL,5.2983,T2,,00202801_10,02028,train,5.1578,True,00202801
ok,True,OMPAL,2.9478,T4,,00202807_02,02028,train,2.8274,False,00202807
ok,True,OMPAL,4.6121,T2,,00202807_03,02028,train,4.4718,False,00202807
ok,True,OMPAL,5.2137,T4,,00202807_04,02028,train,5.0734,False,00202807
ok,True,OMPAL,5.4945,T4,,00202807_05,02028,train,5.334,False,00202807
ok,True,OMPAL,6.3768,T1,,00202807_06,02028,train,6.2565,True,00202807
ok,True,OMPAL,6.6174,T1,,00202807_07,02028,train,6.457,False,00202807
ok,True,OMPAL,0.964,T2,,00202808_00,02028,train,0.8234,True,00202808
ok,True,OMPAL,2.0686,T4,,00202808_02,02028,train,1.8879,True,00202808
ok,True,OMPAL,3.2937,T3,,00202808_04,02028,train,3.1331,False,00202808
ok,True,OMPAL,3.4745,T4,,00202808_05,02028,train,3.354,True,00202808
ok,True,OMPAL,3.9766,T2,,00202808_07,02028,train,3.7356,True,00202808
ok,True,OMPAL,2.6289,T1,,00202809_03,02028,train,2.5486,True,00202809
ok,True,OMPAL,5.2779,T4,,00202809_10,02028,train,5.0772,True,00202809
ok,True,OMPAL,5.5187,T4,,00202809_11,02028,train,5.3381,True,00202809
ok,True,OMPAL,0.9621,T1,,00202811_01,02028,train,0.8819,True,00202811
ok,True,OMPAL,4.3095,T2,,00202811_06,02028,train,4.1892,False,00202811
ok,True,OMPAL,4.6101,T4,,00202811_07,02028,train,4.4498,True,00202811
ok,True,OMPAL,6.6346,T3,,00202811_08,02028,train,6.374,True,00202811
ok,True,OMPAL,7.9575,T2,,00202811_10,02028,train,7.8372,False,00202811
ok,True,OMPAL,8.2982,T4,,00202811_11,02028,train,8.0978,False,00202811
ok,True,OMPAL,1.1852,T4,,00202813_02,02028,train,1.0847,False,00202813
ok,True,OMPAL,1.386,T4,,00202813_03,02028,train,1.3057,False,00202813
ok,True,OMPAL,2.2699,T1,,00202813_06,02028,train,2.2297,True,00202813
ok,True,OMPAL,3.1336,T2,,00202813_08,02028,train,2.9328,False,00202813
ok,True,OMPAL,3.6559,T4,,00202813_09,02028,train,3.5755,False,00202813
ok,True,OMPAL,4.0576,T4,,00202813_10,02028,train,3.8367,True,00202813
ok,True,OMPAL,2.0463,T4,,00202818_01,02028,train,1.9259,True,00202818
ok,True,OMPAL,3.4907,T1,,00202818_02,02028,train,3.3503,True,00202818
ok,True,OMPAL,3.6512,T1,,00202818_03,02028,train,3.591,True,00202818
ok,True,OMPAL,4.6142,T2,,00202818_04,02028,train,4.4738,True,00202818
ok,True,OMPAL,5.216,T1,,00202818_06,02028,train,5.0154,True,00202818
ok,True,OMPAL,5.7577,T1,,00202818_08,02028,train,5.5772,True,00202818
ok,True,OMPAL,6.2191,T2,,00202818_10,02028,train,6.0586,True,00202818
ok,True,OMPAL,0.4022,T4,,00202820_00,02028,train,0.3017,True,00202820
ok,True,OMPAL,1.0257,T1,,00202820_03,02028,train,0.9654,True,00202820
ok,True,OMPAL,2.5341,T4,,00202820_05,02028,train,2.4335,True,00202820
ok,True,OMPAL,2.8559,T2,,00202820_06,02028,train,2.7553,False,00202820
ok,True,OMPAL,3.238,T4,,00202820_08,02028,train,3.0972,True,00202820
ok,True,OMPAL,1.5653,T4,,00202824_01,02028,train,1.3044,False,00202824
ok,True,OMPAL,2.6088,T1,,00202824_03,02028,train,2.4082,True,00202824
ok,True,OMPAL,2.8296,T2,,00202824_04,02028,train,2.6891,True,00202824
ok,True,OMPAL,0.7018,T4,,00202826_00,02028,train,0.5414,True,00202826
ok,True,OMPAL,2.2057,T2,,00202826_02,02028,train,2.0252,True,00202826
ok,True,OMPAL,2.4062,T4,,00202826_03,02028,train,2.326,False,00202826
ok,True,OMPAL,2.8674,T4,,00202826_04,02028,train,2.6468,True,00202826
ok,True,OMPAL,3.9902,T1,,00202826_05,02028,train,3.7897,True,00202826
ok,True,OMPAL,4.3111,T4,,00202826_06,02028,train,4.0704,True,00202826
ok,True,OMPAL,5.7347,T1,,00202826_07,02028,train,5.4941,True,00202826
ok,True,OMPAL,6.0154,T3,,00202826_08,02028,train,5.8149,True,00202826
ok,True,OMPAL,6.256,T3,,00202826_09,02028,train,6.1357,True,00202826
ok,True,OMPAL,6.8576,T4,,00202826_10,02028,train,6.6972,True,00202826
ok,True,OMPAL,1.1647,T4,,00202828_00,02028,train,1.0241,True,00202828
ok,True,OMPAL,1.5663,T2,,00202828_01,02028,train,1.3855,True,00202828
ok,True,OMPAL,1.8474,T4,,00202828_02,02028,train,1.6466,False,00202828
ok,True,OMPAL,2.2691,T2,,00202828_03,02028,train,2.008,True,00202828
ok,True,OMPAL,3.1526,T3,,00202828_04,02028,train,3.0321,True,00202828
ok,True,OMPAL,3.5743,T4,,00202828_05,02028,train,3.3534,True,00202828
ok,True,OMPAL,4.257,T3,,00202828_07,02028,train,4.0964,True,00202828
ok,True,OMPAL,0.8816,T4,,00202829_02,02028,train,0.7013,True,00202829
ok,True,OMPAL,1.1621,T3,,00202829_03,02028,train,0.9818,True,00202829
ok,True,OMPAL,1.4627,T1,,00202829_04,02028,train,1.2623,True,00202829
ok,True,OMPAL,2.2642,T1,,00202829_05,02028,train,2.1439,True,00202829
ok,True,OMPAL,3.266,T2,,00202829_07,02028,train,2.9053,False,00202829
ok,True,OMPAL,4.7487,T3,,00202829_08,02028,train,4.5484,True,00202829
ok,True,OMPAL,5.45,T4,,00202829_10,02028,train,5.3498,True,00202829
ok,True,OMPAL,1.1642,T2,,00202901_01,02029,train,1.0237,True,00202901
ok,True,OMPAL,2.6898,T4,,00202901_03,02029,train,2.5693,True,00202901
ok,True,OMPAL,3.2719,T1,,00202901_05,02029,train,3.0712,True,00202901
ok,True,OMPAL,3.5931,T2,,00202901_06,02029,train,3.3321,True,00202901
ok,True,OMPAL,4.0146,T4,,00202901_07,02029,train,3.8139,True,00202901
ok,True,OMPAL,4.9179,T1,,00202901_09,02029,train,4.6971,False,00202901
ok,True,OMPAL,5.1788,T2,,00202901_10,02029,train,5.0182,True,00202901
ok,True,OMPAL,1.8065,T4,,00202907_02,02029,train,1.686,True,00202907
ok,True,OMPAL,2.1878,T2,,00202907_03,02029,train,2.0473,True,00202907
ok,True,OMPAL,2.5892,T4,,00202907_04,02029,train,2.4688,True,00202907
ok,True,OMPAL,3.3319,T4,,00202907_05,02029,train,3.2115,True,00202907
ok,True,OMPAL,4.3556,T1,,00202907_06,02029,train,4.1749,True,00202907
ok,True,OMPAL,4.8975,T1,,00202907_07,02029,train,4.6165,True,00202907
ok,True,OMPAL,1.4653,T2,,00202908_00,02029,train,1.2646,True,00202908
ok,True,OMPAL,2.4288,T4,,00202908_02,02029,train,2.3084,True,00202908
ok,True,OMPAL,3.2518,T3,,00202908_04,02029,train,3.031,True,00202908
ok,True,OMPAL,3.6533,T4,,00202908_05,02029,train,3.4124,True,00202908
ok,True,OMPAL,4.938,T2,,00202908_07,02029,train,4.7172,True,00202908
ok,True,OMPAL,5.711,T1,,00202909_03,02029,train,5.5908,False,00202909
ok,True,OMPAL,9.879,T4,,00202909_10,02029,train,9.6586,True,00202909
ok,True,OMPAL,10.1395,T4,,00202909_11,02029,train,9.9592,True,00202909
ok,True,OMPAL,0.6819,T1,,00202911_01,02029,train,0.6217,True,00202911
ok,True,OMPAL,3.3091,T2,,00202911_06,02029,train,3.1887,True,00202911
ok,True,OMPAL,3.5898,T4,,00202911_07,02029,train,3.4495,True,00202911
ok,True,OMPAL,5.2343,T3,,00202911_08,02029,train,5.0137,True,00202911
ok,True,OMPAL,6.3975,T2,,00202911_10,02029,train,6.2772,True,00202911
ok,True,OMPAL,6.7786,T4,,00202911_11,02029,train,6.558,True,00202911
ok,True,OMPAL,1.566,T4,,00202913_02,02029,train,1.4255,True,00202913
ok,True,OMPAL,1.8471,T4,,00202913_03,02029,train,1.7467,True,00202913
ok,True,OMPAL,3.2726,T1,,00202913_06,02029,train,3.1923,True,00202913
ok,True,OMPAL,4.1961,T2,,00202913_08,02029,train,3.6741,True,00202913
ok,True,OMPAL,4.3969,T4,,00202913_09,02029,train,4.2965,True,00202913
ok,True,OMPAL,4.7181,T4,,00202913_10,02029,train,4.5375,True,00202913
ok,True,OMPAL,1.3649,T4,,00202918_01,02029,train,1.2444,True,00202918
ok,True,OMPAL,1.7663,T1,,00202918_02,02029,train,1.6057,True,00202918
ok,True,OMPAL,1.9269,T1,,00202918_03,02029,train,1.8466,True,00202918
ok,True,OMPAL,2.9104,T2,,00202918_04,02029,train,2.6896,True,00202918
ok,True,OMPAL,3.9942,T1,,00202918_06,02029,train,3.7132,True,00202918
ok,True,OMPAL,4.7168,T1,,00202918_08,02029,train,4.5362,True,00202918
ok,True,OMPAL,5.1383,T2,,00202918_10,02029,train,5.0179,True,00202918
ok,True,OMPAL,0.7845,T4,,00202920_00,02029,train,0.6638,True,00202920
ok,True,OMPAL,1.7098,T1,,00202920_03,02029,train,1.6293,True,00202920
ok,True,OMPAL,2.5144,T4,,00202920_05,02029,train,2.4138,True,00202920
ok,True,OMPAL,2.8563,T2,,00202920_06,02029,train,2.7155,True,00202920
ok,True,OMPAL,3.3592,T4,,00202920_08,02029,train,3.2184,True,00202920
ok,True,OMPAL,1.0236,T4,,00202924_01,02029,train,0.7225,True,00202924
ok,True,OMPAL,1.7461,T1,,00202924_03,02029,train,1.4852,True,00202924
ok,True,OMPAL,2.0673,T2,,00202924_04,02029,train,1.9067,True,00202924
ok,True,OMPAL,0.7621,T4,,00202926_00,02029,train,0.6217,True,00202926
ok,True,OMPAL,1.9052,T2,,00202926_02,02029,train,1.6245,True,00202926
ok,True,OMPAL,2.1258,T4,,00202926_03,02029,train,2.0055,True,00202926
ok,True,OMPAL,2.5069,T4,,00202926_04,02029,train,2.2462,True,00202926
ok,True,OMPAL,3.4093,T1,,00202926_05,02029,train,3.1687,True,00202926
ok,True,OMPAL,4.3319,T4,,00202926_06,02029,train,4.1313,True,00202926
ok,True,OMPAL,4.7731,T1,,00202926_07,02029,train,4.4923,True,00202926
ok,True,OMPAL,5.1742,T3,,00202926_08,02029,train,4.8734,True,00202926
ok,True,OMPAL,5.3547,T3,,00202926_09,02029,train,5.2343,True,00202926
ok,True,OMPAL,6.5179,T4,,00202926_10,02029,train,6.3775,True,00202926
ok,True,OMPAL,0.8028,T4,,00202928_00,02029,train,0.6824,True,00202928
ok,True,OMPAL,1.4049,T2,,00202928_01,02029,train,1.1239,True,00202928
ok,True,OMPAL,1.9669,T4,,00202928_02,02029,train,1.706,True,00202928
ok,True,OMPAL,2.4085,T2,,00202928_03,02029,train,2.1074,True,00202928
ok,True,OMPAL,3.131,T3,,00202928_04,02029,train,3.0106,True,00202928
ok,True,OMPAL,3.8736,T4,,00202928_05,02029,train,3.6327,True,00202928
ok,True,OMPAL,4.7968,T3,,00202928_07,02029,train,4.6363,True,00202928
ok,True,OMPAL,1.7017,T4,,00202929_02,02029,train,1.5015,True,00202929
ok,True,OMPAL,2.0621,T3,,00202929_03,02029,train,1.8619,True,00202929
ok,True,OMPAL,2.2623,T1,,00202929_04,02029,train,2.1622,True,00202929
ok,True,OMPAL,2.943,T1,,00202929_05,02029,train,2.8229,True,00202929
ok,True,OMPAL,3.7639,T2,,00202929_07,02029,train,3.3634,True,00202929
ok,True,OMPAL,4.1442,T3,,00202929_08,02029,train,3.924,True,00202929
ok,True,OMPAL,5.0652,T4,,00202929_10,02029,train,4.9451,True,00202929
ok,True,OMPAL,1.8075,T2,,00203001_01,02030,train,1.7071,True,00203001
ok,True,OMPAL,2.2695,T4,,00203001_03,02030,train,2.169,True,00203001
ok,True,OMPAL,2.8318,T1,,00203001_05,02030,train,2.651,True,00203001
ok,True,OMPAL,3.113,T2,,00203001_06,02030,train,2.8921,True,00203001
ok,True,OMPAL,3.4343,T4,,00203001_07,02030,train,3.1933,True,00203001
ok,True,OMPAL,4.1573,T1,,00203001_09,02030,train,3.9565,True,00203001
ok,True,OMPAL,4.3782,T2,,00203001_10,02030,train,4.2377,True,00203001
ok,True,OMPAL,2.0686,T4,,00203007_02,02030,train,1.928,True,00203007
ok,True,OMPAL,2.4904,T2,,00203007_03,02030,train,2.3699,True,00203007
ok,True,OMPAL,2.8117,T4,,00203007_04,02030,train,2.6912,True,00203007
ok,True,OMPAL,3.113,T4,,00203007_05,02030,train,2.9121,False,00203007
ok,True,OMPAL,4.0971,T1,,00203007_06,02030,train,3.9364,True,00203007
ok,True,OMPAL,4.3782,T1,,00203007_07,02030,train,4.2176,True,00203007
ok,True,OMPAL,0.2016,T2,,00203008_00,02030,train,0.0605,True,00203008
ok,True,OMPAL,0.625,T4,,00203008_02,02030,train,0.4435,False,00203008
ok,True,OMPAL,1.1492,T3,,00203008_04,02030,train,0.9879,False,00203008
ok,True,OMPAL,1.4315,T4,,00203008_05,02030,train,1.2298,False,00203008
ok,True,OMPAL,2.1169,T2,,00203008_07,02030,train,1.9153,True,00203008
ok,True,OMPAL,10.1547,T1,,00203009_03,02030,train,10.0746,False,00203009
ok,True,OMPAL,13.139,T4,,00203009_10,02030,train,12.9788,False,00203009
ok,True,OMPAL,13.3794,T4,,00203009_11,02030,train,13.1791,False,00203009
ok,True,OMPAL,0.3008,T1,,00203011_01,02030,train,0.2406,True,00203011
ok,True,OMPAL,3.5294,T2,,00203011_06,02030,train,3.389,False,00203011
ok,True,OMPAL,3.9104,T4,,00203011_07,02030,train,3.75,True,00203011
ok,True,OMPAL,6.0963,T3,,00203011_08,02030,train,5.8957,True,00203011
ok,True,OMPAL,6.7781,T2,,00203011_10,02030,train,6.6778,False,00203011
ok,True,OMPAL,7.0388,T4,,00203011_11,02030,train,6.8583,False,00203011
ok,True,OMPAL,2.3674,T4,,00203013_02,02030,train,2.2671,True,00203013
ok,True,OMPAL,2.4878,T4,,00203013_03,02030,train,2.4075,True,00203013
ok,True,OMPAL,4.3135,T1,,00203013_06,02030,train,4.2734,True,00203013
ok,True,OMPAL,4.9755,T2,,00203013_08,02030,train,4.7348,True,00203013
ok,True,OMPAL,5.7981,T4,,00203013_09,02030,train,5.6777,False,00203013
ok,True,OMPAL,6.1793,T4,,00203013_10,02030,train,5.9586,True,00203013
ok,True,OMPAL,2.2276,T4,,00203018_01,02030,train,2.0269,True,00203018
ok,True,OMPAL,2.7694,T1,,00203018_02,02030,train,2.6289,True,00203018
ok,True,OMPAL,2.9299,T1,,00203018_03,02030,train,2.8497,True,00203018
ok,True,OMPAL,3.552,T2,,00203018_04,02030,train,3.3714,True,00203018
ok,True,OMPAL,4.134,T1,,00203018_06,02030,train,3.8731,True,00203018
ok,True,OMPAL,5.4786,T1,,00203018_08,02030,train,5.298,True,00203018
ok,True,OMPAL,5.7395,T2,,00203018_10,02030,train,5.619,False,00203018
ok,True,OMPAL,1.0665,T4,,00203020_00,02030,train,0.9659,True,00203020
ok,True,OMPAL,1.6902,T1,,00203020_03,02030,train,1.65,True,00203020
ok,True,OMPAL,2.3341,T4,,00203020_05,02030,train,2.2134,False,00203020
ok,True,OMPAL,2.5354,T2,,00203020_06,02030,train,2.4348,False,00203020
ok,True,OMPAL,2.9579,T4,,00203020_08,02030,train,2.8171,True,00203020
ok,True,OMPAL,0.8239,T4,,00203024_01,02030,train,0.6029,True,00203024
ok,True,OMPAL,1.3866,T1,,00203024_03,02030,train,1.2057,True,00203024
ok,True,OMPAL,1.6478,T2,,00203024_04,02030,train,1.467,True,00203024
ok,True,OMPAL,0.2006,T4,,00203026_00,02030,train,0.0802,True,00203026
ok,True,OMPAL,0.6418,T2,,00203026_02,02030,train,0.4613,True,00203026
ok,True,OMPAL,0.8423,T4,,00203026_03,02030,train,0.7421,False,00203026
ok,True,OMPAL,1.6045,T4,,00203026_04,02030,train,1.4039,True,00203026
ok,True,OMPAL,2.3465,T1,,00203026_05,02030,train,2.146,True,00203026
ok,True,OMPAL,3.229,T4,,00203026_06,02030,train,2.9482,True,00203026
ok,True,OMPAL,4.6329,T1,,00203026_07,02030,train,4.3922,True,00203026
ok,True,OMPAL,4.8936,T3,,00203026_08,02030,train,4.7331,True,00203026
ok,True,OMPAL,5.054,T3,,00203026_09,02030,train,4.9538,True,00203026
ok,True,OMPAL,5.415,T4,,00203026_10,02030,train,5.2747,True,00203026
ok,True,OMPAL,1.1843,T4,,00203028_00,02030,train,0.9434,True,00203028
ok,True,OMPAL,1.9872,T2,,00203028_01,02030,train,1.7664,True,00203028
ok,True,OMPAL,2.75,T4,,00203028_02,02030,train,2.5493,True,00203028
ok,True,OMPAL,3.1113,T2,,00203028_03,02030,train,2.8504,True,00203028
ok,True,OMPAL,3.312,T3,,00203028_04,02030,train,3.1916,True,00203028
ok,True,OMPAL,4.2555,T4,,00203028_05,02030,train,4.0547,True,00203028
ok,True,OMPAL,4.7774,T3,,00203028_07,02030,train,4.5967,False,00203028
ok,True,OMPAL,1.022,T4,,00203029_02,02030,train,0.8417,True,00203029
ok,True,OMPAL,1.2825,T3,,00203029_03,02030,train,1.0821,True,00203029
ok,True,OMPAL,1.523,T1,,00203029_04,02030,train,1.3827,True,00203029
ok,True,OMPAL,1.9639,T1,,00203029_05,02030,train,1.8236,True,00203029
ok,True,OMPAL,2.9258,T2,,00203029_07,02030,train,2.6252,True,00203029
ok,True,OMPAL,3.2865,T3,,00203029_08,02030,train,3.0861,True,00203029
ok,True,OMPAL,3.8075,T4,,00203029_10,02030,train,3.6071,True,00203029
ok,True,OMPAL,0.3628,T2,,00203101_01,02031,train,0.2822,True,00203101
ok,True,OMPAL,0.4434,T4,,00203101_03,02031,train,0.3829,True,00203101
ok,True,OMPAL,0.8868,T1,,00203101_05,02031,train,0.7256,True,00203101
ok,True,OMPAL,1.1287,T2,,00203101_06,02031,train,0.9473,True,00203101
ok,True,OMPAL,1.6729,T4,,00203101_07,02031,train,1.431,True,00203101
ok,True,OMPAL,2.2372,T1,,00203101_09,02031,train,2.0357,True,00203101
ok,True,OMPAL,2.4992,T2,,00203101_10,02031,train,2.338,True,00203101
ok,True,OMPAL,3.2728,T4,,00203107_02,02031,train,3.1524,True,00203107
ok,True,OMPAL,3.3933,T2,,00203107_03,02031,train,3.2728,True,00203107
ok,True,OMPAL,3.4736,T4,,00203107_04,02031,train,3.3933,True,00203107
ok,True,OMPAL,3.7346,T4,,00203107_05,02031,train,3.5539,True,00203107
ok,True,OMPAL,4.337,T1,,00203107_06,02031,train,4.2165,True,00203107
ok,True,OMPAL,4.6583,T1,,00203107_07,02031,train,4.3972,True,00203107
ok,True,OMPAL,0.2416,T2,,00203108_00,02031,train,0.1007,True,00203108
ok,True,OMPAL,0.9262,T4,,00203108_02,02031,train,0.7651,True,00203108
ok,True,OMPAL,1.349,T3,,00203108_04,02031,train,1.2081,True,00203108
ok,True,OMPAL,1.6107,T4,,00203108_05,02031,train,1.4295,True,00203108
ok,True,OMPAL,2.1342,T2,,00203108_07,02031,train,1.953,True,00203108
ok,True,OMPAL,0.9657,T1,,00203109_03,02031,train,0.845,True,00203109
ok,True,OMPAL,2.8568,T4,,00203109_10,02031,train,2.6757,True,00203109
ok,True,OMPAL,3.1385,T4,,00203109_11,02031,train,2.9373,True,00203109
ok,True,OMPAL,0.2006,T1,,00203111_01,02031,train,0.1605,True,00203111
ok,True,OMPAL,2.6485,T2,,00203111_06,02031,train,2.5482,True,00203111
ok,True,OMPAL,2.9495,T4,,00203111_07,02031,train,2.7489,True,00203111
ok,True,OMPAL,4.2337,T3,,00203111_08,02031,train,3.9929,True,00203111
ok,True,OMPAL,4.635,T2,,00203111_10,02031,train,4.5346,True,00203111
ok,True,OMPAL,4.9159,T4,,00203111_11,02031,train,4.7152,True,00203111
ok,True,OMPAL,0.8046,T4,,00203113_02,02031,train,0.7241,True,00203113
ok,True,OMPAL,1.0057,T4,,00203113_03,02031,train,0.9052,True,00203113
ok,True,OMPAL,2.1925,T1,,00203113_06,02031,train,2.1523,True,00203113
ok,True,OMPAL,2.6753,T2,,00203113_08,02031,train,2.5345,True,00203113
ok,True,OMPAL,2.796,T4,,00203113_09,02031,train,2.7155,False,00203113
ok,True,OMPAL,3.1379,T4,,00203113_10,02031,train,2.8966,True,00203113
ok,True,OMPAL,1.5075,T4,,00203118_01,02031,train,1.4271,True,00203118
ok,True,OMPAL,1.7286,T1,,00203118_02,02031,train,1.608,True,00203118
ok,True,OMPAL,1.9095,T1,,00203118_03,02031,train,1.8492,True,00203118
ok,True,OMPAL,2.4322,T2,,00203118_04,02031,train,2.3116,True,00203118
ok,True,OMPAL,2.8945,T1,,00203118_06,02031,train,2.6935,True,00203118
ok,True,OMPAL,3.4573,T1,,00203118_08,02031,train,3.2362,True,00203118
ok,True,OMPAL,3.7789,T2,,00203118_10,02031,train,3.6382,True,00203118
ok,True,OMPAL,0.2215,T4,,00203120_00,02031,train,0.1208,True,00203120
ok,True,OMPAL,0.866,T1,,00203120_03,02031,train,0.8257,True,00203120
ok,True,OMPAL,2.0743,T4,,00203120_05,02031,train,1.9938,False,00203120
ok,True,OMPAL,2.3563,T2,,00203120_06,02031,train,2.2556,True,00203120
ok,True,OMPAL,2.759,T4,,00203120_08,02031,train,2.6181,True,00203120
ok,True,OMPAL,0.7239,T4,,00203124_01,02031,train,0.5228,True,00203124
ok,True,OMPAL,1.5484,T1,,00203124_03,02031,train,1.3071,True,00203124
ok,True,OMPAL,1.7897,T2,,00203124_04,02031,train,1.6288,True,00203124
ok,True,OMPAL,1.5466,T4,,00203126_00,02031,train,1.406,True,00203126
ok,True,OMPAL,1.9684,T2,,00203126_02,02031,train,1.8077,True,00203126
ok,True,OMPAL,2.109,T4,,00203126_03,02031,train,2.0286,True,00203126
ok,True,OMPAL,2.4504,T4,,00203126_04,02031,train,2.2295,True,00203126
ok,True,OMPAL,2.7919,T1,,00203126_05,02031,train,2.6111,True,00203126
ok,True,OMPAL,3.053,T4,,00203126_06,02031,train,2.8722,True,00203126
ok,True,OMPAL,3.294,T1,,00203126_07,02031,train,3.1333,False,00203126
ok,True,OMPAL,3.535,T3,,00203126_08,02031,train,3.3744,False,00203126
ok,True,OMPAL,3.7761,T3,,00203126_09,02031,train,3.6556,True,00203126
ok,True,OMPAL,4.3385,T4,,00203126_10,02031,train,4.2179,True,00203126
ok,True,OMPAL,1.5248,T4,,00203128_00,02031,train,1.3843,True,00203128
ok,True,OMPAL,1.7455,T2,,00203128_01,02031,train,1.585,True,00203128
ok,True,OMPAL,1.9661,T4,,00203128_02,02031,train,1.8056,False,00203128
ok,True,OMPAL,2.2069,T2,,00203128_03,02031,train,2.0263,True,00203128
ok,True,OMPAL,3.8922,T3,,00203128_04,02031,train,3.8119,True,00203128
ok,True,OMPAL,4.1129,T4,,00203128_05,02031,train,3.9524,True,00203128
ok,True,OMPAL,5.5373,T3,,00203128_07,02031,train,5.3567,False,00203128
ok,True,OMPAL,2.7272,T4,,00203129_02,02031,train,2.4866,True,00203129
ok,True,OMPAL,3.3288,T3,,00203129_03,02031,train,3.1884,True,00203129
ok,True,OMPAL,3.6095,T1,,00203129_04,02031,train,3.4491,True,00203129
ok,True,OMPAL,3.8502,T1,,00203129_05,02031,train,3.7499,True,00203129
ok,True,OMPAL,5.5547,T2,,00203129_07,02031,train,5.294,True,00203129
ok,True,OMPAL,6.2164,T3,,00203129_08,02031,train,5.9557,True,00203129
ok,True,OMPAL,6.838,T4,,00203129_10,02031,train,6.6977,True,00203129
ok,True,OMPAL,1.1673,T2,,00203201_01,02032,test,1.0667,True,00203201
ok,True,OMPAL,1.5296,T4,,00203201_03,02032,test,1.4491,True,00203201
ok,True,OMPAL,1.8717,T1,,00203201_05,02032,test,1.7308,True,00203201
ok,True,OMPAL,2.073,T2,,00203201_06,02032,test,1.9119,True,00203201
ok,True,OMPAL,2.3346,T4,,00203201_07,02032,test,2.1535,True,00203201
ok,True,OMPAL,2.8579,T1,,00203201_09,02032,test,2.6365,True,00203201
ok,True,OMPAL,3.0792,T2,,00203201_10,02032,test,2.9384,True,00203201
ok,True,OMPAL,1.3694,T4,,00203207_02,02032,test,1.2889,False,00203207
ok,True,OMPAL,1.591,T2,,00203207_03,02032,test,1.4903,True,00203207
ok,True,OMPAL,1.8125,T4,,00203207_04,02032,test,1.7319,True,00203207
ok,True,OMPAL,1.9535,T4,,00203207_05,02032,test,1.8931,True,00203207
ok,True,OMPAL,2.1549,T1,,00203207_06,02032,test,2.034,True,00203207
ok,True,OMPAL,2.4167,T1,,00203207_07,02032,test,2.2153,True,00203207
ok,True,OMPAL,0.4433,T2,,00203208_00,02032,test,0.3022,True,00203208
ok,True,OMPAL,0.9873,T4,,00203208_02,02032,test,0.7858,True,00203208
ok,True,OMPAL,1.4507,T3,,00203208_04,02032,test,1.2896,True,00203208
ok,True,OMPAL,1.6119,T4,,00203208_05,02032,test,1.491,True,00203208
ok,True,OMPAL,2.0552,T2,,00203208_07,02032,test,1.8739,True,00203208
ok,True,OMPAL,1.5687,T1,,00203209_03,02032,test,1.4883,False,00203209
ok,True,OMPAL,3.2581,T4,,00203209_10,02032,test,3.0771,True,00203209
ok,True,OMPAL,3.5196,T4,,00203209_11,02032,test,3.3184,True,00203209
ok,True,OMPAL,0.683,T1,,00203211_01,02032,test,0.6429,True,00203211
ok,True,OMPAL,1.8281,T2,,00203211_06,02032,test,1.7076,True,00203211
ok,True,OMPAL,2.0692,T4,,00203211_07,02032,test,1.9487,True,00203211
ok,True,OMPAL,2.933,T3,,00203211_08,02032,test,2.7321,True,00203211
ok,True,OMPAL,3.7567,T2,,00203211_10,02032,test,3.6161,True,00203211
ok,True,OMPAL,4.058,T4,,00203211_11,02032,test,3.8571,True,00203211
ok,True,OMPAL,1.0069,T4,,00203213_02,02032,test,0.8861,True,00203213
ok,True,OMPAL,1.2285,T4,,00203213_03,02032,test,1.1479,True,00203213
ok,True,OMPAL,1.9132,T1,,00203213_06,02032,test,1.8528,True,00203213
ok,True,OMPAL,2.3563,T2,,00203213_08,02032,test,2.175,False,00203213
ok,True,OMPAL,2.4972,T4,,00203213_09,02032,test,2.4368,False,00203213
ok,True,OMPAL,2.8194,T4,,00203213_10,02032,test,2.6181,True,00203213
ok,True,OMPAL,0.945,T4,,00203218_01,02032,test,0.8444,True,00203218
ok,True,OMPAL,1.1862,T1,,00203218_02,02032,test,1.0053,True,00203218
ok,True,OMPAL,1.3069,T1,,00203218_03,02032,test,1.2466,False,00203218
ok,True,OMPAL,2.3725,T2,,00203218_04,02032,test,2.2317,True,00203218
ok,True,OMPAL,2.8952,T1,,00203218_06,02032,test,2.6741,True,00203218
ok,True,OMPAL,3.3175,T1,,00203218_08,02032,test,3.1767,False,00203218
ok,True,OMPAL,3.6392,T2,,00203218_10,02032,test,3.5185,True,00203218
ok,True,OMPAL,0.6246,T4,,00203220_00,02032,test,0.544,True,00203220
ok,True,OMPAL,1.1082,T1,,00203220_03,02032,test,1.0679,True,00203220
ok,True,OMPAL,1.9142,T4,,00203220_05,02032,test,1.8134,True,00203220
ok,True,OMPAL,2.1157,T2,,00203220_06,02032,test,2.0149,False,00203220
ok,True,OMPAL,2.4179,T4,,00203220_08,02032,test,2.297,True,00203220
ok,True,OMPAL,0.544,T4,,00203224_01,02032,test,0.3828,True,00203224
ok,True,OMPAL,0.9672,T1,,00203224_03,02032,test,0.7657,True,00203224
ok,True,OMPAL,1.1485,T2,,00203224_04,02032,test,1.0276,True,00203224
ok,True,OMPAL,1.0441,T4,,00203229_02,02032,test,0.8835,True,00203229
ok,True,OMPAL,1.2248,T3,,00203229_03,02032,test,1.0843,True,00203229
ok,True,OMPAL,1.4256,T1,,00203229_04,02032,test,1.3051,True,00203229
ok,True,OMPAL,2.1083,T1,,00203229_05,02032,test,2.0079,True,00203229
ok,True,OMPAL,3.052,T2,,00203229_07,02032,test,2.8512,False,00203229
ok,True,OMPAL,3.2528,T3,,00203229_08,02032,test,3.0922,True,00203229
ok,True,OMPAL,3.9556,T4,,00203229_10,02032,test,3.8552,True,00203229
ok,True,OMPAL,1.4664,T2,,00203301_01,02033,train,1.3258,True,00203301
ok,True,OMPAL,2.2297,T4,,00203301_03,02033,train,2.1293,True,00203301
ok,True,OMPAL,2.8122,T1,,00203301_05,02033,train,2.6314,True,00203301
ok,True,OMPAL,3.1336,T2,,00203301_06,02033,train,2.8926,True,00203301
ok,True,OMPAL,3.5354,T4,,00203301_07,02033,train,3.3345,True,00203301
ok,True,OMPAL,4.138,T1,,00203301_09,02033,train,3.917,True,00203301
ok,True,OMPAL,4.379,T2,,00203301_10,02033,train,4.2183,True,00203301
ok,True,OMPAL,1.8881,T4,,00203307_02,02033,train,1.7675,True,00203307
ok,True,OMPAL,2.5107,T2,,00203307_03,02033,train,2.35,True,00203307
ok,True,OMPAL,2.8923,T4,,00203307_04,02033,train,2.6513,True,00203307
ok,True,OMPAL,3.0932,T4,,00203307_05,02033,train,2.9727,True,00203307
ok,True,OMPAL,3.5552,T1,,00203307_06,02033,train,3.3141,True,00203307
ok,True,OMPAL,4.3385,T1,,00203307_07,02033,train,4.0774,True,00203307
ok,True,OMPAL,1.1866,T2,,00203308_00,02033,train,1.0458,True,00203308
ok,True,OMPAL,1.8503,T4,,00203308_02,02033,train,1.7095,True,00203308
ok,True,OMPAL,2.3732,T3,,00203308_04,02033,train,2.2123,True,00203308
ok,True,OMPAL,2.695,T4,,00203308_05,02033,train,2.514,True,00203308
ok,True,OMPAL,3.2581,T2,,00203308_07,02033,train,3.0771,True,00203308
ok,True,OMPAL,2.6887,T1,,00203309_03,02033,train,2.5282,True,00203309
ok,True,OMPAL,4.7754,T4,,00203309_10,02033,train,4.5748,True,00203309
ok,True,OMPAL,5.0563,T4,,00203309_11,02033,train,4.8557,True,00203309
ok,True,OMPAL,1.2042,T1,,00203311_01,02033,train,1.1239,True,00203311
ok,True,OMPAL,2.9504,T2,,00203311_06,02033,train,2.8099,True,00203311
ok,True,OMPAL,3.2514,T4,,00203311_07,02033,train,3.131,True,00203311
ok,True,OMPAL,4.1144,T3,,00203311_08,02033,train,3.8937,True,00203311
ok,True,OMPAL,5.0577,T2,,00203311_10,02033,train,4.9574,True,00203311
ok,True,OMPAL,5.3789,T4,,00203311_11,02033,train,5.1782,True,00203311
ok,True,OMPAL,1.2253,T4,,00203313_02,02033,train,1.145,True,00203313
ok,True,OMPAL,1.4865,T4,,00203313_03,02033,train,1.386,True,00203313
ok,True,OMPAL,2.6917,T1,,00203313_06,02033,train,2.6114,True,00203313
ok,True,OMPAL,3.8166,T2,,00203313_08,02033,train,3.2944,True,00203313
ok,True,OMPAL,3.9974,T4,,00203313_09,02033,train,3.8769,True,00203313
ok,True,OMPAL,4.3188,T4,,00203313_10,02033,train,4.118,True,00203313
ok,True,OMPAL,2.0872,T4,,00203318_01,02033,train,1.9869,True,00203318
ok,True,OMPAL,2.3882,T1,,00203318_02,02033,train,2.2076,True,00203318
ok,True,OMPAL,2.5889,T1,,00203318_03,02033,train,2.5087,True,00203318
ok,True,OMPAL,3.6325,T2,,00203318_04,02033,train,3.492,True,00203318
ok,True,OMPAL,4.3952,T1,,00203318_06,02033,train,4.054,True,00203318
ok,True,OMPAL,5.2782,T1,,00203318_08,02033,train,5.0976,True,00203318
ok,True,OMPAL,5.5993,T2,,00203318_10,02033,train,5.4789,True,00203318
ok,True,OMPAL,0.8638,T4,,00203320_00,02033,train,0.7633,True,00203320
ok,True,OMPAL,1.8882,T1,,00203320_03,02033,train,1.8279,True,00203320
ok,True,OMPAL,3.5153,T4,,00203320_05,02033,train,3.4148,True,00203320
ok,True,OMPAL,3.7563,T2,,00203320_06,02033,train,3.6358,True,00203320
ok,True,OMPAL,4.1782,T4,,00203320_08,02033,train,4.0376,True,00203320
ok,True,OMPAL,0.8229,T4,,00203324_01,02033,train,0.5219,True,00203324
ok,True,OMPAL,2.1276,T1,,00203324_03,02033,train,1.8466,True,00203324
ok,True,OMPAL,2.4889,T2,,00203324_04,02033,train,2.2882,True,00203324
ok,True,OMPAL,1.7457,T4,,00203326_00,02033,train,1.5852,True,00203326
ok,True,OMPAL,2.3878,T2,,00203326_02,02033,train,2.1872,True,00203326
ok,True,OMPAL,2.5684,T4,,00203326_03,02033,train,2.448,True,00203326
ok,True,OMPAL,2.9296,T4,,00203326_04,02033,train,2.7089,True,00203326
ok,True,OMPAL,3.3309,T1,,00203326_05,02033,train,3.1503,True,00203326
ok,True,OMPAL,3.7724,T4,,00203326_06,02033,train,3.5115,True,00203326
ok,True,OMPAL,4.2941,T1,,00203326_07,02033,train,4.0132,True,00203326
ok,True,OMPAL,4.575,T3,,00203326_08,02033,train,4.3743,True,00203326
ok,True,OMPAL,4.7355,T3,,00203326_09,02033,train,4.6352,True,00203326
ok,True,OMPAL,5.2974,T4,,00203326_10,02033,train,5.177,True,00203326
ok,True,OMPAL,1.022,T4,,00203328_00,02033,train,0.9218,True,00203328
ok,True,OMPAL,1.3026,T2,,00203328_01,02033,train,1.1222,True,00203328
ok,True,OMPAL,1.8837,T4,,00203328_02,02033,train,1.7033,True,00203328
ok,True,OMPAL,2.2244,T2,,00203328_03,02033,train,1.9238,True,00203328
ok,True,OMPAL,8.4365,T3,,00203328_04,02033,train,8.3564,True,00203328
ok,True,OMPAL,8.9375,T4,,00203328_05,02033,train,8.677,True,00203328
ok,True,OMPAL,9.4585,T3,,00203328_07,02033,train,9.2582,True,00203328
ok,True,OMPAL,1.6414,T4,,00203329_02,02033,train,1.4413,True,00203329
ok,True,OMPAL,1.9017,T3,,00203329_03,02033,train,1.7215,True,00203329
ok,True,OMPAL,2.1219,T1,,00203329_04,02033,train,1.9817,True,00203329
ok,True,OMPAL,2.8025,T1,,00203329_05,02033,train,2.6824,True,00203329
ok,True,OMPAL,3.6232,T2,,00203329_07,02033,train,3.3029,True,00203329
ok,True,OMPAL,3.9034,T3,,00203329_08,02033,train,3.7233,True,00203329
ok,True,OMPAL,4.564,T4,,00203329_10,02033,train,4.4639,True,00203329
ok,True,OMPAL,1.1054,T2,,00203401_01,02034,train,0.9647,True,00203401
ok,True,OMPAL,1.5877,T4,,00203401_03,02034,train,1.5074,True,00203401
ok,True,OMPAL,2.0902,T1,,00203401_05,02034,train,1.8892,True,00203401
ok,True,OMPAL,2.4118,T2,,00203401_06,02034,train,2.1706,True,00203401
ok,True,OMPAL,2.8137,T4,,00203401_07,02034,train,2.6127,True,00203401
ok,True,OMPAL,3.477,T1,,00203401_09,02034,train,3.2157,True,00203401
ok,True,OMPAL,3.8186,T2,,00203401_10,02034,train,3.5775,True,00203401
ok,True,OMPAL,1.5695,T4,,00203407_02,02034,train,1.4488,True,00203407
ok,True,OMPAL,1.8713,T2,,00203407_03,02034,train,1.7707,True,00203407
ok,True,OMPAL,2.0726,T4,,00203407_04,02034,train,1.9921,True,00203407
ok,True,OMPAL,2.2134,T4,,00203407_05,02034,train,2.1329,True,00203407
ok,True,OMPAL,2.4549,T1,,00203407_06,02034,train,2.3341,True,00203407
ok,True,OMPAL,2.797,T1,,00203407_07,02034,train,2.5354,True,00203407
ok,True,OMPAL,0.6246,T2,,00203408_00,02034,train,0.4634,True,00203408
ok,True,OMPAL,1.209,T4,,00203408_02,02034,train,1.0679,True,00203408
ok,True,OMPAL,1.6522,T3,,00203408_04,02034,train,1.491,True,00203408
ok,True,OMPAL,1.8739,T4,,00203408_05,02034,train,1.7328,True,00203408
ok,True,OMPAL,2.3978,T2,,00203408_07,02034,train,2.1963,True,00203408
ok,True,OMPAL,1.5881,T1,,00203409_03,02034,train,1.5278,True,00203409
ok,True,OMPAL,3.4175,T4,,00203409_10,02034,train,3.2165,True,00203409
ok,True,OMPAL,3.7392,T4,,00203409_11,02034,train,3.4979,True,00203409
ok,True,OMPAL,0.2815,T1,,00203411_01,02034,train,0.2212,True,00203411
ok,True,OMPAL,1.327,T2,,00203411_06,02034,train,1.2063,True,00203411
ok,True,OMPAL,1.5884,T4,,00203411_07,02034,train,1.4677,True,00203411
ok,True,OMPAL,2.2519,T3,,00203411_08,02034,train,2.0709,True,00203411
ok,True,OMPAL,2.9958,T2,,00203411_10,02034,train,2.8952,True,00203411
ok,True,OMPAL,3.3376,T4,,00203411_11,02034,train,3.1365,True,00203411
ok,True,OMPAL,0.9063,T4,,00203413_02,02034,train,0.8056,True,00203413
ok,True,OMPAL,1.1076,T4,,00203413_03,02034,train,1.0069,True,00203413
ok,True,OMPAL,1.7118,T1,,00203413_06,02034,train,1.6514,True,00203413
ok,True,OMPAL,2.2153,T2,,00203413_08,02034,train,2.034,True,00203413
ok,True,OMPAL,2.3764,T4,,00203413_09,02034,train,2.2757,True,00203413
ok,True,OMPAL,2.759,T4,,00203413_10,02034,train,2.5174,True,00203413
ok,True,OMPAL,1.2459,T4,,00203418_01,02034,train,1.1455,True,00203418
ok,True,OMPAL,1.5273,T1,,00203418_02,02034,train,1.3866,True,00203418
ok,True,OMPAL,1.688,T1,,00203418_03,02034,train,1.6278,True,00203418
ok,True,OMPAL,2.4517,T2,,00203418_04,02034,train,2.2708,True,00203418
ok,True,OMPAL,2.9742,T1,,00203418_06,02034,train,2.7732,True,00203418
ok,True,OMPAL,3.5167,T1,,00203418_08,02034,train,3.356,True,00203418
ok,True,OMPAL,3.9789,T2,,00203418_10,02034,train,3.8584,True,00203418
ok,True,OMPAL,0.6039,T4,,00203420_00,02034,train,0.5234,True,00203420
ok,True,OMPAL,1.5701,T1,,00203420_03,02034,train,1.5097,True,00203420
ok,True,OMPAL,2.0532,T4,,00203420_05,02034,train,1.9325,True,00203420
ok,True,OMPAL,2.3552,T2,,00203420_06,02034,train,2.2143,True,00203420
ok,True,OMPAL,2.8182,T4,,00203420_08,02034,train,2.6773,True,00203420
ok,True,OMPAL,0.4632,T4,,00203424_01,02034,train,0.2618,True,00203424
ok,True,OMPAL,0.9465,T1,,00203424_03,02034,train,0.725,True,00203424
ok,True,OMPAL,1.2285,T2,,00203424_04,02034,train,1.0271,True,00203424
ok,True,OMPAL,0.6029,T4,,00203426_00,02034,train,0.422,True,00203426
ok,True,OMPAL,1.0852,T2,,00203426_02,02034,train,0.8842,True,00203426
ok,True,OMPAL,1.2258,T4,,00203426_03,02034,train,1.1455,True,00203426
ok,True,OMPAL,1.6077,T4,,00203426_04,02034,train,1.3665,True,00203426
ok,True,OMPAL,2.0297,T1,,00203426_05,02034,train,1.8287,True,00203426
ok,True,OMPAL,2.2909,T4,,00203426_06,02034,train,2.11,True,00203426
ok,True,OMPAL,2.6325,T1,,00203426_07,02034,train,2.4115,True,00203426
ok,True,OMPAL,2.8938,T3,,00203426_08,02034,train,2.7129,True,00203426
ok,True,OMPAL,3.0947,T3,,00203426_09,02034,train,2.9742,True,00203426
ok,True,OMPAL,3.5167,T4,,00203426_10,02034,train,3.3158,True,00203426
ok,True,OMPAL,1.0054,T4,,00203428_00,02034,train,0.8043,True,00203428
ok,True,OMPAL,1.3071,T2,,00203428_01,02034,train,1.0859,True,00203428
ok,True,OMPAL,1.5886,T4,,00203428_02,02034,train,1.4076,True,00203428
ok,True,OMPAL,1.9103,T2,,00203428_03,02034,train,1.669,True,00203428
ok,True,OMPAL,2.2723,T3,,00203428_04,02034,train,2.1918,True,00203428
ok,True,OMPAL,2.6745,T4,,00203428_05,02034,train,2.4533,True,00203428
ok,True,OMPAL,3.1168,T3,,00203428_07,02034,train,2.9158,True,00203428
ok,True,OMPAL,0.9022,T4,,00203429_02,02034,train,0.7418,False,00203429
ok,True,OMPAL,1.2029,T3,,00203429_03,02034,train,1.0225,True,00203429
ok,True,OMPAL,1.4034,T1,,00203429_04,02034,train,1.2831,True,00203429
ok,True,OMPAL,1.8845,T1,,00203429_05,02034,train,1.7843,True,00203429
ok,True,OMPAL,2.506,T2,,00203429_07,02034,train,2.2855,True,00203429
ok,True,OMPAL,2.7667,T3,,00203429_08,02034,train,2.5662,True,00203429
ok,True,OMPAL,3.4082,T4,,00203429_10,02034,train,3.2278,True,00203429
ok,True,OMPAL,1.1845,T2,,00203501_01,02035,train,1.064,True,00203501
ok,True,OMPAL,2.0678,T4,,00203501_03,02035,train,1.9473,True,00203501
ok,True,OMPAL,2.9311,T1,,00203501_05,02035,train,2.6902,True,00203501
ok,True,OMPAL,3.3326,T2,,00203501_06,02035,train,3.0515,True,00203501
ok,True,OMPAL,3.9148,T4,,00203501_07,02035,train,3.6538,True,00203501
ok,True,OMPAL,4.7981,T1,,00203501_09,02035,train,4.497,True,00203501
ok,True,OMPAL,5.0792,T2,,00203501_10,02035,train,4.9186,False,00203501
ok,True,OMPAL,2.4891,T4,,00203507_02,02035,train,2.3285,True,00203507
ok,True,OMPAL,3.1113,T2,,00203507_03,02035,train,2.9708,False,00203507
ok,True,OMPAL,3.4927,T4,,00203507_04,02035,train,3.3923,True,00203507
ok,True,OMPAL,3.7536,T4,,00203507_05,02035,train,3.6131,True,00203507
ok,True,OMPAL,4.3759,T1,,00203507_06,02035,train,4.1953,True,00203507
ok,True,OMPAL,4.8777,T1,,00203507_07,02035,train,4.6168,True,00203507
ok,True,OMPAL,0.8036,T2,,00203508_00,02035,train,0.6228,True,00203508
ok,True,OMPAL,1.6071,T4,,00203508_02,02035,train,1.3862,True,00203508
ok,True,OMPAL,2.4509,T3,,00203508_04,02035,train,2.1897,False,00203508
ok,True,OMPAL,2.8326,T4,,00203508_05,02035,train,2.6317,True,00203508
ok,True,OMPAL,4.058,T2,,00203508_07,02035,train,3.817,True,00203508
ok,True,OMPAL,2.1468,T1,,00203509_03,02035,train,2.0465,True,00203509
ok,True,OMPAL,5.5777,T4,,00203509_10,02035,train,5.357,True,00203509
ok,True,OMPAL,5.9188,T4,,00203509_11,02035,train,5.678,True,00203509
ok,True,OMPAL,0.7221,T1,,00203511_01,02035,train,0.6419,False,00203511
ok,True,OMPAL,2.5074,T2,,00203511_06,02035,train,2.3469,True,00203511
ok,True,OMPAL,2.8283,T4,,00203511_07,02035,train,2.6678,True,00203511
ok,True,OMPAL,4.413,T3,,00203511_08,02035,train,4.1121,True,00203511
ok,True,OMPAL,5.777,T2,,00203511_10,02035,train,5.6767,False,00203511
ok,True,OMPAL,6.1581,T4,,00203511_11,02035,train,5.8973,True,00203511
ok,True,OMPAL,1.5057,T4,,00203513_02,02035,train,1.4053,True,00203513
ok,True,OMPAL,1.8269,T4,,00203513_03,02035,train,1.7064,True,00203513
ok,True,OMPAL,3.1519,T1,,00203513_06,02035,train,3.0515,True,00203513
ok,True,OMPAL,4.3564,T2,,00203513_08,02035,train,4.0955,True,00203513
ok,True,OMPAL,4.5572,T4,,00203513_09,02035,train,4.4568,False,00203513
ok,True,OMPAL,4.9788,T4,,00203513_10,02035,train,4.7178,True,00203513
ok,True,OMPAL,1.4043,T4,,00203518_01,02035,train,1.2638,False,00203518
ok,True,OMPAL,1.986,T1,,00203518_02,02035,train,1.7854,True,00203518
ok,True,OMPAL,2.2669,T1,,00203518_03,02035,train,2.1666,True,00203518
ok,True,OMPAL,3.1897,T2,,00203518_04,02035,train,3.0091,True,00203518
ok,True,OMPAL,4.2128,T1,,00203518_06,02035,train,3.8918,False,00203518
ok,True,OMPAL,5.3964,T1,,00203518_08,02035,train,5.1356,True,00203518
ok,True,OMPAL,6.1988,T2,,00203518_10,02035,train,6.0584,True,00203518
ok,True,OMPAL,1.0242,T4,,00203520_00,02035,train,0.9037,True,00203520
ok,True,OMPAL,2.952,T1,,00203520_03,02035,train,2.8717,True,00203520
ok,True,OMPAL,3.8758,T4,,00203520_05,02035,train,3.7352,True,00203520
ok,True,OMPAL,4.177,T2,,00203520_06,02035,train,4.0365,True,00203520
ok,True,OMPAL,4.5787,T4,,00203520_08,02035,train,4.418,True,00203520
ok,True,OMPAL,0.6626,T4,,00203524_01,02035,train,0.3614,True,00203524
ok,True,OMPAL,1.7669,T1,,00203524_03,02035,train,1.4256,True,00203524
ok,True,OMPAL,2.0681,T2,,00203524_04,02035,train,1.8874,True,00203524
ok,True,OMPAL,0.6215,T4,,00203526_00,02035,train,0.3609,True,00203526
ok,True,OMPAL,1.8243,T2,,00203526_02,02035,train,1.5637,False,00203526
ok,True,OMPAL,2.0649,T4,,00203526_03,02035,train,1.9446,False,00203526
ok,True,OMPAL,2.5661,T4,,00203526_04,02035,train,2.2453,True,00203526
ok,True,OMPAL,3.4282,T1,,00203526_05,02035,train,3.1475,True,00203526
ok,True,OMPAL,4.2301,T4,,00203526_06,02035,train,3.9494,True,00203526
ok,True,OMPAL,5.0119,T1,,00203526_07,02035,train,4.7313,True,00203526
ok,True,OMPAL,5.3728,T3,,00203526_08,02035,train,5.1322,True,00203526
ok,True,OMPAL,5.5733,T3,,00203526_09,02035,train,5.453,True,00203526
ok,True,OMPAL,7.558,T4,,00203526_10,02035,train,7.3976,True,00203526
ok,True,OMPAL,0.5423,T4,,00203528_00,02035,train,0.3414,True,00203528
ok,True,OMPAL,0.9038,T2,,00203528_01,02035,train,0.6226,True,00203528
ok,True,OMPAL,1.4059,T4,,00203528_02,02035,train,1.1448,True,00203528
ok,True,OMPAL,1.8879,T2,,00203528_03,02035,train,1.5464,True,00203528
ok,True,OMPAL,2.7113,T3,,00203528_04,02035,train,2.6109,True,00203528
ok,True,OMPAL,3.1331,T4,,00203528_05,02035,train,2.872,True,00203528
ok,True,OMPAL,3.8962,T3,,00203528_07,02035,train,3.6552,False,00203528
ok,True,OMPAL,1.8026,T4,,00203529_02,02035,train,1.5222,True,00203529
ok,True,OMPAL,2.3433,T3,,00203529_03,02035,train,2.103,True,00203529
ok,True,OMPAL,2.6838,T1,,00203529_04,02035,train,2.5236,True,00203529
ok,True,OMPAL,3.6051,T1,,00203529_05,02035,train,3.4849,True,00203529
ok,True,OMPAL,4.4864,T2,,00203529_07,02035,train,4.1459,False,00203529
ok,True,OMPAL,5.1673,T3,,00203529_08,02035,train,4.8869,True,00203529
ok,True,OMPAL,6.2288,T4,,00203529_10,02035,train,6.0486,True,00203529
ok,True,OMPAL,1.446,T2,,00203601_01,02036,dev,1.3255,True,00203601
ok,True,OMPAL,2.0084,T4,,00203601_03,02036,dev,1.9079,True,00203601
ok,True,OMPAL,2.6912,T1,,00203601_05,02036,dev,2.5105,True,00203601
ok,True,OMPAL,2.9523,T2,,00203601_06,02036,dev,2.7515,True,00203601
ok,True,OMPAL,3.2736,T4,,00203601_07,02036,dev,3.0527,True,00203601
ok,True,OMPAL,4.1372,T1,,00203601_09,02036,dev,3.836,True,00203601
ok,True,OMPAL,4.4385,T2,,00203601_10,02036,dev,4.2577,True,00203601
ok,True,OMPAL,2.3863,T4,,00203607_02,02036,dev,2.2459,False,00203607
ok,True,OMPAL,3.0079,T2,,00203607_03,02036,dev,2.8475,True,00203607
ok,True,OMPAL,3.5092,T4,,00203607_04,02036,dev,3.3288,True,00203607
ok,True,OMPAL,3.7699,T4,,00203607_05,02036,dev,3.6296,True,00203607
ok,True,OMPAL,6.0158,T1,,00203607_06,02036,dev,5.8755,True,00203607
ok,True,OMPAL,6.9182,T1,,00203607_07,02036,dev,6.6174,True,00203607
ok,True,OMPAL,0.9249,T2,,00203608_00,02036,dev,0.7037,False,00203608
ok,True,OMPAL,1.528,T4,,00203608_02,02036,dev,1.327,True,00203608
ok,True,OMPAL,2.2116,T3,,00203608_04,02036,dev,1.9905,True,00203608
ok,True,OMPAL,2.4931,T4,,00203608_05,02036,dev,2.2921,False,00203608
ok,True,OMPAL,3.2169,T2,,00203608_07,02036,dev,2.9958,True,00203608
ok,True,OMPAL,4.6104,T1,,00203609_03,02036,dev,4.5101,False,00203609
ok,True,OMPAL,8.1583,T4,,00203609_10,02036,dev,7.9378,False,00203609
ok,True,OMPAL,8.4991,T4,,00203609_11,02036,dev,8.2385,False,00203609
ok,True,OMPAL,0.4807,T1,,00203611_01,02036,dev,0.4006,True,00203611
ok,True,OMPAL,4.8474,T2,,00203611_06,02036,dev,4.6471,True,00203611
ok,True,OMPAL,5.3081,T4,,00203611_07,02036,dev,5.1278,True,00203611
ok,True,OMPAL,7.7719,T3,,00203611_08,02036,dev,7.3512,False,00203611
ok,True,OMPAL,12.0183,T2,,00203611_10,02036,dev,11.8781,True,00203611
ok,True,OMPAL,12.439,T4,,00203611_11,02036,dev,12.1986,True,00203611
ok,True,OMPAL,1.7466,T4,,00203613_02,02036,dev,1.6462,True,00203613
ok,True,OMPAL,2.0879,T4,,00203613_03,02036,dev,1.9674,True,00203613
ok,True,OMPAL,3.1117,T1,,00203613_06,02036,dev,3.0314,True,00203613
ok,True,OMPAL,4.4167,T2,,00203613_08,02036,dev,4.0553,True,00203613
ok,True,OMPAL,4.6777,T4,,00203613_09,02036,dev,4.5572,True,00203613
ok,True,OMPAL,5.0992,T4,,00203613_10,02036,dev,4.8583,True,00203613
ok,True,OMPAL,1.945,T4,,00203618_01,02036,dev,1.7846,True,00203618
ok,True,OMPAL,4.0905,T1,,00203618_02,02036,dev,3.91,True,00203618
ok,True,OMPAL,4.2509,T1,,00203618_03,02036,dev,4.2108,True,00203618
ok,True,OMPAL,5.6344,T2,,00203618_04,02036,dev,5.4139,True,00203618
ok,True,OMPAL,6.3162,T1,,00203618_06,02036,dev,6.0555,False,00203618
ok,True,OMPAL,7.0581,T1,,00203618_08,02036,dev,6.8776,True,00203618
ok,True,OMPAL,7.5193,T2,,00203618_10,02036,dev,7.3789,True,00203618
ok,True,OMPAL,1.225,T4,,00203620_00,02036,dev,1.0643,True,00203620
ok,True,OMPAL,2.1086,T1,,00203620_03,02036,dev,2.0484,True,00203620
ok,True,OMPAL,3.7352,T4,,00203620_05,02036,dev,3.6148,True,00203620
ok,True,OMPAL,4.0365,T2,,00203620_06,02036,dev,3.916,True,00203620
ok,True,OMPAL,4.4582,T4,,00203620_08,02036,dev,4.3176,True,00203620
ok,True,OMPAL,0.522,T4,,00203624_01,02036,dev,0.3213,True,00203624
ok,True,OMPAL,1.6866,T1,,00203624_03,02036,dev,1.4256,True,00203624
ok,True,OMPAL,1.9677,T2,,00203624_04,02036,dev,1.787,True,00203624
ok,True,OMPAL,0.3408,T4,,00203626_00,02036,dev,0.1604,True,00203626
ok,True,OMPAL,0.9223,T2,,00203626_02,02036,dev,0.6616,True,00203626
ok,True,OMPAL,1.1428,T4,,00203626_03,02036,dev,1.0225,True,00203626
ok,True,OMPAL,1.5438,T4,,00203626_04,02036,dev,1.2832,True,00203626
ok,True,OMPAL,2.5262,T1,,00203626_05,02036,dev,2.2255,True,00203626
ok,True,OMPAL,3.1478,T4,,00203626_06,02036,dev,2.8671,True,00203626
ok,True,OMPAL,6.1953,T1,,00203626_07,02036,dev,5.9748,True,00203626
ok,True,OMPAL,6.4559,T3,,00203626_08,02036,dev,6.2755,False,00203626
ok,True,OMPAL,6.6364,T3,,00203626_09,02036,dev,6.5161,True,00203626
ok,True,OMPAL,7.0374,T4,,00203626_10,02036,dev,6.8168,True,00203626
ok,True,OMPAL,2.3676,T4,,00203628_00,02036,dev,2.0867,True,00203628
ok,True,OMPAL,2.8291,T2,,00203628_01,02036,dev,2.5081,True,00203628
ok,True,OMPAL,3.5314,T4,,00203628_02,02036,dev,3.3107,True,00203628
ok,True,OMPAL,3.8926,T2,,00203628_03,02036,dev,3.6317,True,00203628
ok,True,OMPAL,4.1333,T3,,00203628_04,02036,dev,4.0129,True,00203628
ok,True,OMPAL,4.5146,T4,,00203628_05,02036,dev,4.2939,True,00203628
ok,True,OMPAL,5.2369,T3,,00203628_07,02036,dev,4.9761,True,00203628
ok,True,OMPAL,2.3629,T4,,00203629_02,02036,dev,2.1626,True,00203629
ok,True,OMPAL,2.6632,T3,,00203629_03,02036,dev,2.483,True,00203629
ok,True,OMPAL,2.9035,T1,,00203629_04,02036,dev,2.7433,True,00203629
ok,True,OMPAL,3.324,T1,,00203629_05,02036,dev,3.2039,True,00203629
ok,True,OMPAL,4.3453,T2,,00203629_07,02036,dev,4.0249,True,00203629
ok,True,OMPAL,4.8058,T3,,00203629_08,02036,dev,4.5856,True,00203629
ok,True,OMPAL,5.6869,T4,,00203629_10,02036,dev,5.4867,True,00203629
ok,True,OMPAL,1.5466,T2,,00203701_01,02037,test,1.4261,True,00203701
ok,True,OMPAL,2.0688,T4,,00203701_03,02037,test,1.9684,True,00203701
ok,True,OMPAL,2.6714,T1,,00203701_05,02037,test,2.4705,True,00203701
ok,True,OMPAL,3.0128,T2,,00203701_06,02037,test,2.7517,True,00203701
ok,True,OMPAL,3.4346,T4,,00203701_07,02037,test,3.1936,False,00203701
ok,True,OMPAL,4.0171,T1,,00203701_09,02037,test,3.7962,True,00203701
ok,True,OMPAL,4.3987,T2,,00203701_10,02037,test,4.1577,True,00203701
ok,True,OMPAL,1.5659,T4,,00203707_02,02037,test,1.4254,True,00203707
ok,True,OMPAL,2.1883,T2,,00203707_03,02037,test,2.0879,True,00203707
ok,True,OMPAL,2.5898,T4,,00203707_04,02037,test,2.4492,True,00203707
ok,True,OMPAL,3.8144,T4,,00203707_05,02037,test,3.6538,False,00203707
ok,True,OMPAL,4.1758,T1,,00203707_06,02037,test,4.0152,True,00203707
ok,True,OMPAL,4.5773,T1,,00203707_07,02037,test,4.3564,True,00203707
ok,True,OMPAL,0.5034,T2,,00203708_00,02037,test,0.302,True,00203708
ok,True,OMPAL,1.0872,T4,,00203708_02,02037,test,0.906,False,00203708
ok,True,OMPAL,1.7114,T3,,00203708_04,02037,test,1.5101,True,00203708
ok,True,OMPAL,2.0738,T4,,00203708_05,02037,test,1.9128,True,00203708
ok,True,OMPAL,2.6376,T2,,00203708_07,02037,test,2.4564,True,00203708
ok,True,OMPAL,1.7679,T1,,00203709_03,02037,test,1.6674,True,00203709
ok,True,OMPAL,4.0179,T4,,00203709_10,02037,test,3.817,False,00203709
ok,True,OMPAL,4.3192,T4,,00203709_11,02037,test,4.0781,True,00203709
ok,True,OMPAL,0.4421,T1,,00203711_01,02037,test,0.4019,True,00203711
ok,True,OMPAL,1.7081,T2,,00203711_06,02037,test,1.5675,True,00203711
ok,True,OMPAL,1.9694,T4,,00203711_07,02037,test,1.8689,True,00203711
ok,True,OMPAL,2.8335,T3,,00203711_08,02037,test,2.6124,True,00203711
ok,True,OMPAL,3.4364,T2,,00203711_10,02037,test,3.3158,True,00203711
ok,True,OMPAL,3.778,T4,,00203711_11,02037,test,3.5368,False,00203711
ok,True,OMPAL,1.3463,T4,,00203713_02,02037,test,1.2257,False,00203713
ok,True,OMPAL,1.5874,T4,,00203713_03,02037,test,1.4869,True,00203713
ok,True,OMPAL,2.8935,T1,,00203713_06,02037,test,2.8131,True,00203713
ok,True,OMPAL,3.5565,T2,,00203713_08,02037,test,3.3355,True,00203713
ok,True,OMPAL,3.7374,T4,,00203713_09,02037,test,3.6369,True,00203713
ok,True,OMPAL,4.1192,T4,,00203713_10,02037,test,3.8981,True,00203713
ok,True,OMPAL,1.0451,T4,,00203718_01,02037,test,0.9446,True,00203718
ok,True,OMPAL,1.3667,T1,,00203718_02,02037,test,1.2059,True,00203718
ok,True,OMPAL,1.5475,T1,,00203718_03,02037,test,1.4873,True,00203718
ok,True,OMPAL,2.2309,T2,,00203718_04,02037,test,2.0299,True,00203718
ok,True,OMPAL,2.874,T1,,00203718_06,02037,test,2.6328,True,00203718
ok,True,OMPAL,3.4569,T1,,00203718_08,02037,test,3.3162,True,00203718
ok,True,OMPAL,3.899,T2,,00203718_10,02037,test,3.7583,True,00203718
ok,True,OMPAL,0.683,T4,,00203720_00,02037,test,0.5825,True,00203720
ok,True,OMPAL,2.2498,T1,,00203720_03,02037,test,2.1493,True,00203720
ok,True,OMPAL,3.4148,T4,,00203720_05,02037,test,3.2541,True,00203720
ok,True,OMPAL,3.6961,T2,,00203720_06,02037,test,3.5956,True,00203720
ok,True,OMPAL,4.1179,T4,,00203720_08,02037,test,3.9974,True,00203720
ok,True,OMPAL,0.6029,T4,,00203724_01,02037,test,0.402,True,00203724
ok,True,OMPAL,1.1255,T1,,00203724_03,02037,test,0.9245,True,00203724
ok,True,OMPAL,1.4672,T2,,00203724_04,02037,test,1.2461,True,00203724
ok,True,OMPAL,0.783,T4,,00203726_00,02037,test,0.5822,True,00203726
ok,True,OMPAL,1.3452,T2,,00203726_02,02037,test,1.1645,True,00203726
ok,True,OMPAL,1.5259,T4,,00203726_03,02037,test,1.4255,False,00203726
ok,True,OMPAL,1.8672,T4,,00203726_04,02037,test,1.6664,True,00203726
ok,True,OMPAL,2.329,T1,,00203726_05,02037,test,2.1282,True,00203726
ok,True,OMPAL,2.7506,T4,,00203726_06,02037,test,2.4695,False,00203726
ok,True,OMPAL,3.6741,T1,,00203726_07,02037,test,3.4533,True,00203726
ok,True,OMPAL,3.9552,T3,,00203726_08,02037,test,3.7745,True,00203726
ok,True,OMPAL,4.1359,T3,,00203726_09,02037,test,4.0355,True,00203726
ok,True,OMPAL,4.417,T4,,00203726_10,02037,test,4.2764,False,00203726
ok,True,OMPAL,1.024,T4,,00203728_00,02037,test,0.8031,True,00203728
ok,True,OMPAL,1.3654,T2,,00203728_01,02037,test,1.1646,True,00203728
ok,True,OMPAL,1.9677,T4,,00203728_02,02037,test,1.7469,False,00203728
ok,True,OMPAL,2.4295,T2,,00203728_03,02037,test,2.048,True,00203728
ok,True,OMPAL,3.1122,T3,,00203728_04,02037,test,2.9917,True,00203728
ok,True,OMPAL,3.5941,T4,,00203728_05,02037,test,3.313,True,00203728
ok,True,OMPAL,4.2567,T3,,00203728_07,02037,test,3.9957,True,00203728
ok,True,OMPAL,1.6053,T4,,00203729_02,02037,test,1.3846,True,00203729
ok,True,OMPAL,1.9464,T3,,00203729_03,02037,test,1.7458,True,00203729
ok,True,OMPAL,2.2474,T1,,00203729_04,02037,test,2.0468,True,00203729
ok,True,OMPAL,3.2507,T1,,00203729_05,02037,test,3.1103,False,00203729
ok,True,OMPAL,4.1336,T2,,00203729_07,02037,test,3.8728,True,00203729
ok,True,OMPAL,4.6754,T3,,00203729_08,02037,test,4.4748,True,00203729
ok,True,OMPAL,5.2774,T4,,00203729_10,02037,test,5.1169,True,00203729
ok,True,OMPAL,1.4653,T2,,00203801_01,02038,train,1.2847,True,00203801
ok,True,OMPAL,2.3485,T4,,00203801_03,02038,train,2.2281,True,00203801
ok,True,OMPAL,3.0511,T1,,00203801_05,02038,train,2.8102,True,00203801
ok,True,OMPAL,3.4526,T2,,00203801_06,02038,train,3.1515,True,00203801
ok,True,OMPAL,3.9544,T4,,00203801_07,02038,train,3.6533,True,00203801
ok,True,OMPAL,4.7372,T1,,00203801_09,02038,train,4.4763,True,00203801
ok,True,OMPAL,5.1186,T2,,00203801_10,02038,train,4.8777,True,00203801
ok,True,OMPAL,2.4697,T4,,00203807_02,02038,train,2.3693,False,00203807
ok,True,OMPAL,2.7909,T2,,00203807_03,02038,train,2.6504,True,00203807
ok,True,OMPAL,3.052,T4,,00203807_04,02038,train,2.9717,True,00203807
ok,True,OMPAL,3.2728,T4,,00203807_05,02038,train,3.1524,True,00203807
ok,True,OMPAL,3.7748,T1,,00203807_06,02038,train,3.5339,True,00203807
ok,True,OMPAL,4.1965,T1,,00203807_07,02038,train,3.9154,True,00203807
ok,True,OMPAL,0.6038,T2,,00203808_00,02038,train,0.3824,False,00203808
ok,True,OMPAL,1.2075,T4,,00203808_02,02038,train,0.9862,True,00203808
ok,True,OMPAL,1.8314,T3,,00203808_04,02038,train,1.6503,True,00203808
ok,True,OMPAL,2.1132,T4,,00203808_05,02038,train,1.9522,True,00203808
ok,True,OMPAL,2.6969,T2,,00203808_07,02038,train,2.4553,True,00203808
ok,True,OMPAL,4.7124,T1,,00203809_03,02038,train,4.6322,False,00203809
ok,True,OMPAL,7.0185,T4,,00203809_10,02038,train,6.8179,True,00203809
ok,True,OMPAL,7.3193,T4,,00203809_11,02038,train,7.0987,True,00203809
ok,True,OMPAL,0.5017,T1,,00203811_01,02038,train,0.4215,True,00203811
ok,True,OMPAL,2.3481,T2,,00203811_06,02038,train,2.1875,True,00203811
ok,True,OMPAL,2.6893,T4,,00203811_07,02038,train,2.5488,True,00203811
ok,True,OMPAL,3.7128,T3,,00203811_08,02038,train,3.492,True,00203811
ok,True,OMPAL,4.6761,T2,,00203811_10,02038,train,4.5356,False,00203811
ok,True,OMPAL,5.0374,T4,,00203811_11,02038,train,4.8166,False,00203811
ok,True,OMPAL,0.8237,T4,,00203813_02,02038,train,0.7032,True,00203813
ok,True,OMPAL,1.0849,T4,,00203813_03,02038,train,0.9845,True,00203813
ok,True,OMPAL,1.989,T1,,00203813_06,02038,train,1.9087,True,00203813
ok,True,OMPAL,3.1945,T2,,00203813_08,02038,train,2.9132,True,00203813
ok,True,OMPAL,3.3954,T4,,00203813_09,02038,train,3.295,False,00203813
ok,True,OMPAL,3.737,T4,,00203813_10,02038,train,3.5361,True,00203813
ok,True,OMPAL,1.6662,T4,,00203818_01,02038,train,1.5457,True,00203818
ok,True,OMPAL,2.0275,T1,,00203818_02,02038,train,1.8468,True,00203818
ok,True,OMPAL,2.2684,T1,,00203818_03,02038,train,2.168,True,00203818
ok,True,OMPAL,3.0513,T2,,00203818_04,02038,train,2.8505,False,00203818
ok,True,OMPAL,3.9345,T1,,00203818_06,02038,train,3.6334,True,00203818
ok,True,OMPAL,4.5568,T1,,00203818_08,02038,train,4.3962,True,00203818
ok,True,OMPAL,5.1189,T2,,00203818_10,02038,train,4.9784,True,00203818
ok,True,OMPAL,0.4217,T4,,00203820_00,02038,train,0.2811,True,00203820
ok,True,OMPAL,2.8313,T1,,00203820_03,02038,train,2.751,True,00203820
ok,True,OMPAL,3.8353,T4,,00203820_05,02038,train,3.7349,True,00203820
ok,True,OMPAL,4.0964,T2,,00203820_06,02038,train,3.9558,True,00203820
ok,True,OMPAL,4.4578,T4,,00203820_08,02038,train,4.3173,True,00203820
ok,True,OMPAL,0.7222,T4,,00203824_01,02038,train,0.4614,True,00203824
ok,True,OMPAL,1.4444,T1,,00203824_03,02038,train,1.2438,True,00203824
ok,True,OMPAL,1.7052,T2,,00203824_04,02038,train,1.5448,True,00203824
ok,True,OMPAL,0.7616,T4,,00203826_00,02038,train,0.5612,True,00203826
ok,True,OMPAL,2.0643,T2,,00203826_02,02038,train,1.7837,True,00203826
ok,True,OMPAL,2.2046,T4,,00203826_03,02038,train,2.1244,True,00203826
ok,True,OMPAL,2.5854,T4,,00203826_04,02038,train,2.3449,True,00203826
ok,True,OMPAL,4.4292,T1,,00203826_05,02038,train,4.1286,True,00203826
ok,True,OMPAL,4.8902,T4,,00203826_06,02038,train,4.5495,True,00203826
ok,True,OMPAL,6.6138,T1,,00203826_07,02038,train,6.3532,True,00203826
ok,True,OMPAL,6.8944,T3,,00203826_08,02038,train,6.714,True,00203826
ok,True,OMPAL,7.0948,T3,,00203826_09,02038,train,6.9745,True,00203826
ok,True,OMPAL,8.8985,T4,,00203826_10,02038,train,8.7983,True,00203826
ok,True,OMPAL,1.765,T4,,00203828_00,02038,train,1.6045,True,00203828
ok,True,OMPAL,3.6503,T2,,00203828_01,02038,train,3.2492,True,00203828
ok,True,OMPAL,4.1918,T4,,00203828_02,02038,train,3.911,False,00203828
ok,True,OMPAL,4.6531,T2,,00203828_03,02038,train,4.2921,True,00203828
ok,True,OMPAL,5.0342,T3,,00203828_04,02038,train,4.9339,True,00203828
ok,True,OMPAL,5.3751,T4,,00203828_05,02038,train,5.1746,True,00203828
ok,True,OMPAL,6.2576,T3,,00203828_07,02038,train,6.037,True,00203828
ok,True,OMPAL,4.3278,T4,,00203829_02,02038,train,4.1474,False,00203829
ok,True,OMPAL,4.5482,T3,,00203829_03,02038,train,4.3879,True,00203829
ok,True,OMPAL,4.8287,T1,,00203829_04,02038,train,4.6483,True,00203829
ok,True,OMPAL,5.6702,T1,,00203829_05,02038,train,5.55,True,00203829
ok,True,OMPAL,7.3131,T2,,00203829_07,02038,train,6.9525,True,00203829
ok,True,OMPAL,7.6337,T3,,00203829_08,02038,train,7.4534,False,00203829
ok,True,OMPAL,8.2148,T4,,00203829_10,02038,train,8.0745,True,00203829
ok,True,OMPAL,1.3441,T2,,00203901_01,02039,train,1.2237,True,00203901
ok,True,OMPAL,2.4474,T4,,00203901_03,02039,train,2.3271,False,00203901
ok,True,OMPAL,3.2498,T1,,00203901_05,02039,train,3.0492,True,00203901
ok,True,OMPAL,3.6912,T2,,00203901_06,02039,train,3.2699,True,00203901
ok,True,OMPAL,4.6541,T4,,00203901_07,02039,train,4.3733,False,00203901
ok,True,OMPAL,5.8778,T1,,00203901_09,02039,train,5.5568,False,00203901
ok,True,OMPAL,6.259,T2,,00203901_10,02039,train,6.0784,False,00203901
ok,True,OMPAL,2.8489,T4,,00203907_02,02039,train,2.6884,False,00203907
ok,True,OMPAL,3.511,T2,,00203907_03,02039,train,3.3505,True,00203907
ok,True,OMPAL,3.7918,T4,,00203907_04,02039,train,3.6715,True,00203907
ok,True,OMPAL,4.173,T4,,00203907_05,02039,train,3.8922,True,00203907
ok,True,OMPAL,4.9354,T1,,00203907_06,02039,train,4.6947,True,00203907
ok,True,OMPAL,5.3969,T1,,00203907_07,02039,train,5.116,False,00203907
ok,True,OMPAL,2.7272,T2,,00203908_00,02039,train,2.5467,True,00203908
ok,True,OMPAL,3.5092,T4,,00203908_02,02039,train,3.2285,True,00203908
ok,True,OMPAL,4.9731,T3,,00203908_04,02039,train,4.7525,True,00203908
ok,True,OMPAL,5.3741,T4,,00203908_05,02039,train,5.1335,True,00203908
ok,True,OMPAL,6.7177,T2,,00203908_07,02039,train,6.3968,True,00203908
ok,True,OMPAL,2.529,T1,,00203909_03,02039,train,2.4086,False,00203909
ok,True,OMPAL,5.0179,T4,,00203909_10,02039,train,4.8172,True,00203909
ok,True,OMPAL,5.3792,T4,,00203909_11,02039,train,5.0781,False,00203909
ok,True,OMPAL,0.8017,T1,,00203911_01,02039,train,0.7416,True,00203911
ok,True,OMPAL,3.2471,T2,,00203911_06,02039,train,3.0867,False,00203911
ok,True,OMPAL,3.668,T4,,00203911_07,02039,train,3.5277,True,00203911
ok,True,OMPAL,6.2736,T3,,00203911_08,02039,train,5.9529,False,00203911
ok,True,OMPAL,8.0976,T2,,00203911_10,02039,train,7.9573,False,00203911
ok,True,OMPAL,8.4584,T4,,00203911_11,02039,train,8.2379,False,00203911
ok,True,OMPAL,1.3243,T4,,00203913_02,02039,train,1.244,False,00203913
ok,True,OMPAL,1.565,T4,,00203913_03,02039,train,1.4647,False,00203913
ok,True,OMPAL,2.8091,T1,,00203913_06,02039,train,2.7288,False,00203913
ok,True,OMPAL,5.0362,T2,,00203913_08,02039,train,4.7353,False,00203913
ok,True,OMPAL,5.2369,T4,,00203913_09,02039,train,5.1366,False,00203913
ok,True,OMPAL,5.6583,T4,,00203913_10,02039,train,5.3974,True,00203913
ok,True,OMPAL,1.4447,T4,,00203918_01,02039,train,1.3042,False,00203918
ok,True,OMPAL,1.846,T1,,00203918_02,02039,train,1.6453,False,00203918
ok,True,OMPAL,2.1068,T1,,00203918_03,02039,train,2.0065,False,00203918
ok,True,OMPAL,3.5715,T2,,00203918_04,02039,train,3.3709,True,00203918
ok,True,OMPAL,4.3942,T1,,00203918_06,02039,train,4.1133,True,00203918
ok,True,OMPAL,5.0964,T1,,00203918_08,02039,train,4.8958,False,00203918
ok,True,OMPAL,5.6181,T2,,00203918_10,02039,train,5.4777,True,00203918
ok,True,OMPAL,1.1631,T4,,00203920_00,02039,train,1.0427,True,00203920
ok,True,OMPAL,2.4264,T1,,00203920_03,02039,train,2.3462,True,00203920
ok,True,OMPAL,6.4169,T4,,00203920_05,02039,train,6.2765,True,00203920
ok,True,OMPAL,6.7177,T2,,00203920_06,02039,train,6.5974,True,00203920
ok,True,OMPAL,7.1989,T4,,00203920_08,02039,train,7.0385,True,00203920
ok,True,OMPAL,1.885,T4,,00203924_01,02039,train,1.4439,False,00203924
ok,True,OMPAL,3.6497,T1,,00203924_03,02039,train,3.369,False,00203924
ok,True,OMPAL,4.0307,T2,,00203924_04,02039,train,3.8302,False,00203924
ok,True,OMPAL,1.343,T4,,00203926_00,02039,train,0.9822,False,00203926
ok,True,OMPAL,2.5657,T2,,00203926_02,02039,train,2.1247,True,00203926
ok,True,OMPAL,2.7661,T4,,00203926_03,02039,train,2.6659,False,00203926
ok,True,OMPAL,3.2472,T4,,00203926_04,02039,train,2.9465,False,00203926
ok,True,OMPAL,4.3497,T1,,00203926_05,02039,train,4.069,False,00203926
ok,True,OMPAL,5.5323,T4,,00203926_06,02039,train,5.2116,False,00203926
ok,True,OMPAL,6.2739,T1,,00203926_07,02039,train,6.0134,False,00203926
ok,True,OMPAL,6.5947,T3,,00203926_08,02039,train,6.3942,True,00203926
ok,True,OMPAL,6.8753,T3,,00203926_09,02039,train,6.735,False,00203926
ok,True,OMPAL,7.8374,T4,,00203926_10,02039,train,7.637,False,00203926
ok,True,OMPAL,4.8084,T4,,00203928_00,02039,train,3.8267,False,00203928
ok,True,OMPAL,5.5096,T2,,00203928_01,02039,train,5.129,True,00203928
ok,True,OMPAL,7.0323,T4,,00203928_02,02039,train,6.7318,False,00203928
ok,True,OMPAL,7.5131,T2,,00203928_03,02039,train,7.1325,True,00203928
ok,True,OMPAL,8.4548,T3,,00203928_04,02039,train,8.3346,True,00203928
ok,True,OMPAL,9.0158,T4,,00203928_05,02039,train,8.7152,False,00203928
ok,True,OMPAL,10.4783,T3,,00203928_07,02039,train,10.1978,False,00203928
ok,True,OMPAL,1.8236,T4,,00203929_02,02039,train,1.5631,False,00203929
ok,True,OMPAL,2.2244,T3,,00203929_03,02039,train,1.984,False,00203929
ok,True,OMPAL,2.525,T1,,00203929_04,02039,train,2.3447,False,00203929
ok,True,OMPAL,3.7074,T1,,00203929_05,02039,train,3.5872,False,00203929
ok,True,OMPAL,4.6894,T2,,00203929_07,02039,train,4.4289,True,00203929
ok,True,OMPAL,5.01,T3,,00203929_08,02039,train,4.7495,False,00203929
ok,True,OMPAL,6.0321,T4,,00203929_10,02039,train,5.8116,True,00203929
ok,True,OMPAL,2.3507,T2,,00204001_01,02040,dev,2.2502,True,00204001
ok,True,OMPAL,2.6521,T4,,00204001_03,02040,dev,2.5717,True,00204001
ok,True,OMPAL,3.0338,T1,,00204001_05,02040,dev,2.8932,True,00204001
ok,True,OMPAL,3.2347,T2,,00204001_06,02040,dev,3.074,True,00204001
ok,True,OMPAL,3.4557,T4,,00204001_07,02040,dev,3.295,True,00204001
ok,True,OMPAL,4.0384,T1,,00204001_09,02040,dev,3.7973,True,00204001
ok,True,OMPAL,4.2393,T2,,00204001_10,02040,dev,4.0986,False,00204001
ok,True,OMPAL,1.7079,T4,,00204007_02,02040,dev,1.6075,False,00204007
ok,True,OMPAL,1.9491,T2,,00204007_03,02040,dev,1.8285,False,00204007
ok,True,OMPAL,2.1902,T4,,00204007_04,02040,dev,2.1098,False,00204007
ok,True,OMPAL,2.4112,T4,,00204007_05,02040,dev,2.2706,False,00204007
ok,True,OMPAL,3.3355,T1,,00204007_06,02040,dev,3.1949,False,00204007
ok,True,OMPAL,3.6771,T1,,00204007_07,02040,dev,3.4159,True,00204007
ok,True,OMPAL,0.7041,T2,,00204008_00,02040,dev,0.5633,True,00204008
ok,True,OMPAL,1.6497,T4,,00204008_02,02040,dev,1.529,True,00204008
ok,True,OMPAL,2.0722,T3,,00204008_04,02040,dev,1.9314,False,00204008
ok,True,OMPAL,2.2533,T4,,00204008_05,02040,dev,2.1124,False,00204008
ok,True,OMPAL,2.716,T2,,00204008_07,02040,dev,2.5349,True,00204008
ok,True,OMPAL,1.305,T1,,00204009_03,02040,dev,1.2247,True,00204009
ok,True,OMPAL,4.7583,T4,,00204009_10,02040,dev,4.5575,True,00204009
ok,True,OMPAL,5.0394,T4,,00204009_11,02040,dev,4.8386,True,00204009
ok,True,OMPAL,0.4021,T1,,00204011_01,02040,dev,0.3418,True,00204011
ok,True,OMPAL,1.6487,T2,,00204011_06,02040,dev,1.4677,False,00204011
ok,True,OMPAL,1.9905,T4,,00204011_07,02040,dev,1.8497,True,00204011
ok,True,OMPAL,2.7746,T3,,00204011_08,02040,dev,2.6138,True,00204011
ok,True,OMPAL,3.3175,T2,,00204011_10,02040,dev,3.2169,True,00204011
ok,True,OMPAL,3.619,T4,,00204011_11,02040,dev,3.4381,True,00204011
ok,True,OMPAL,0.6836,T4,,00204013_02,02040,dev,0.5831,True,00204013
ok,True,OMPAL,0.8444,T4,,00204013_03,02040,dev,0.764,True,00204013
ok,True,OMPAL,1.9704,T1,,00204013_06,02040,dev,1.8899,True,00204013
ok,True,OMPAL,2.9958,T2,,00204013_08,02040,dev,2.7545,True,00204013
ok,True,OMPAL,3.2169,T4,,00204013_09,02040,dev,3.0963,False,00204013
ok,True,OMPAL,3.5788,T4,,00204013_10,02040,dev,3.3778,True,00204013
ok,True,OMPAL,2.287,T4,,00204018_01,02040,dev,2.1867,True,00204018
ok,True,OMPAL,3.1698,T1,,00204018_02,02040,dev,2.9892,True,00204018
ok,True,OMPAL,3.4306,T1,,00204018_03,02040,dev,3.3302,True,00204018
ok,True,OMPAL,4.5139,T2,,00204018_04,02040,dev,4.3735,True,00204018
ok,True,OMPAL,5.0154,T1,,00204018_06,02040,dev,4.8349,False,00204018
ok,True,OMPAL,5.8781,T1,,00204018_08,02040,dev,5.6975,True,00204018
ok,True,OMPAL,6.3194,T2,,00204018_10,02040,dev,6.1991,True,00204018
ok,True,OMPAL,0.7222,T4,,00204020_00,02040,dev,0.5617,False,00204020
ok,True,OMPAL,1.8857,T1,,00204020_03,02040,dev,1.8055,False,00204020
ok,True,OMPAL,4.8146,T4,,00204020_05,02040,dev,4.6742,True,00204020
ok,True,OMPAL,5.1356,T2,,00204020_06,02040,dev,5.0152,True,00204020
ok,True,OMPAL,6.2991,T4,,00204020_08,02040,dev,6.1587,False,00204020
ok,True,OMPAL,0.9842,T4,,00204024_01,02040,dev,0.7432,True,00204024
ok,True,OMPAL,1.5466,T1,,00204024_03,02040,dev,1.3457,True,00204024
ok,True,OMPAL,1.8077,T2,,00204024_04,02040,dev,1.6671,False,00204024
ok,True,OMPAL,1.2034,T4,,00204026_00,02040,dev,1.063,True,00204026
ok,True,OMPAL,1.6847,T2,,00204026_02,02040,dev,1.4842,True,00204026
ok,True,OMPAL,1.9455,T4,,00204026_03,02040,dev,1.8051,False,00204026
ok,True,OMPAL,2.9684,T4,,00204026_04,02040,dev,2.6876,False,00204026
ok,True,OMPAL,3.4497,T1,,00204026_05,02040,dev,3.209,True,00204026
ok,True,OMPAL,4.1918,T4,,00204026_06,02040,dev,4.0113,True,00204026
ok,True,OMPAL,5.1545,T1,,00204026_07,02040,dev,4.7935,False,00204026
ok,True,OMPAL,5.5356,T3,,00204026_08,02040,dev,5.2548,False,00204026
ok,True,OMPAL,5.8565,T3,,00204026_09,02040,dev,5.696,True,00204026
ok,True,OMPAL,6.2576,T4,,00204026_10,02040,dev,6.037,True,00204026
ok,True,OMPAL,2.4869,T4,,00204028_00,02040,dev,2.3465,True,00204028
ok,True,OMPAL,2.9482,T2,,00204028_01,02040,dev,2.6875,True,00204028
ok,True,OMPAL,4.0111,T4,,00204028_02,02040,dev,3.8306,False,00204028
ok,True,OMPAL,4.2719,T2,,00204028_03,02040,dev,4.0914,False,00204028
ok,True,OMPAL,4.4724,T3,,00204028_04,02040,dev,4.3721,True,00204028
ok,True,OMPAL,5.4552,T4,,00204028_05,02040,dev,5.2145,False,00204028
ok,True,OMPAL,6.5181,T3,,00204028_07,02040,dev,6.2975,True,00204028
ok,True,OMPAL,1.3414,T4,,00204029_02,02040,dev,1.1612,True,00204029
ok,True,OMPAL,1.7218,T3,,00204029_03,02040,dev,1.5015,True,00204029
ok,True,OMPAL,2.0621,T1,,00204029_04,02040,dev,1.8819,True,00204029
ok,True,OMPAL,3.1632,T1,,00204029_05,02040,dev,3.0431,False,00204029
ok,True,OMPAL,3.964,T2,,00204029_07,02040,dev,3.6838,True,00204029
ok,True,OMPAL,4.3244,T3,,00204029_08,02040,dev,4.0842,True,00204029
ok,True,OMPAL,5.5056,T4,,00204029_10,02040,dev,5.3454,True,00204029
ok,True,OMPAL,1.1063,T2,,00204101_01,02041,train,0.9655,True,00204101
ok,True,OMPAL,1.6293,T4,,00204101_03,02041,train,1.5287,True,00204101
ok,True,OMPAL,2.0718,T1,,00204101_05,02041,train,1.8908,True,00204101
ok,True,OMPAL,2.3132,T2,,00204101_06,02041,train,2.1121,True,00204101
ok,True,OMPAL,2.6552,T4,,00204101_07,02041,train,2.4138,True,00204101
ok,True,OMPAL,3.1782,T1,,00204101_09,02041,train,2.9569,True,00204101
ok,True,OMPAL,3.4195,T2,,00204101_10,02041,train,3.2787,True,00204101
ok,True,OMPAL,2.0096,T4,,00204107_02,02041,train,1.9091,True,00204107
ok,True,OMPAL,3.1349,T2,,00204107_03,02041,train,3.0344,True,00204107
ok,True,OMPAL,3.356,T4,,00204107_04,02041,train,3.2555,True,00204107
ok,True,OMPAL,3.4967,T4,,00204107_05,02041,train,3.4163,True,00204107
ok,True,OMPAL,3.778,T1,,00204107_06,02041,train,3.6172,True,00204107
ok,True,OMPAL,4.1196,T1,,00204107_07,02041,train,3.8986,True,00204107
ok,True,OMPAL,0.9876,T2,,00204108_00,02041,train,0.8465,True,00204108
ok,True,OMPAL,1.4512,T4,,00204108_02,02041,train,1.2698,True,00204108
ok,True,OMPAL,1.9147,T3,,00204108_04,02041,train,1.7736,True,00204108
ok,True,OMPAL,2.1163,T4,,00204108_05,02041,train,1.9752,True,00204108
ok,True,OMPAL,2.5798,T2,,00204108_07,02041,train,2.4388,True,00204108
ok,True,OMPAL,2.3892,T1,,00204109_03,02041,train,2.3089,True,00204109
ok,True,OMPAL,5.0193,T4,,00204109_10,02041,train,4.8386,True,00204109
ok,True,OMPAL,5.2,T4,,00204109_11,02041,train,5.0795,True,00204109
ok,True,OMPAL,0.9226,T1,,00204111_01,02041,train,0.8625,True,00204111
ok,True,OMPAL,3.3897,T2,,00204111_06,02041,train,3.2092,True,00204111
ok,True,OMPAL,3.7507,T4,,00204111_07,02041,train,3.6103,True,00204111
ok,True,OMPAL,5.2149,T3,,00204111_08,02041,train,4.9943,True,00204111
ok,True,OMPAL,6.2779,T2,,00204111_10,02041,train,6.1375,True,00204111
ok,True,OMPAL,6.6991,T4,,00204111_11,02041,train,6.4785,True,00204111
ok,True,OMPAL,1.5474,T4,,00204113_02,02041,train,1.4469,False,00204113
ok,True,OMPAL,1.7885,T4,,00204113_03,02041,train,1.688,False,00204113
ok,True,OMPAL,3.2153,T1,,00204113_06,02041,train,3.1751,True,00204113
ok,True,OMPAL,3.9187,T2,,00204113_08,02041,train,3.7177,False,00204113
ok,True,OMPAL,4.0593,T4,,00204113_09,02041,train,3.9789,True,00204113
ok,True,OMPAL,4.2,T4,,00204113_10,02041,train,4.1397,False,00204113
ok,True,OMPAL,1.9666,T4,,00204118_01,02041,train,1.8662,True,00204118
ok,True,OMPAL,2.3679,T1,,00204118_02,02041,train,2.1472,True,00204118
ok,True,OMPAL,2.5485,T1,,00204118_03,02041,train,2.4883,True,00204118
ok,True,OMPAL,3.592,T2,,00204118_04,02041,train,3.4515,True,00204118
ok,True,OMPAL,4.194,T1,,00204118_06,02041,train,3.893,True,00204118
ok,True,OMPAL,5.7191,T1,,00204118_08,02041,train,5.5184,True,00204118
ok,True,OMPAL,6.0,T2,,00204118_10,02041,train,5.9599,False,00204118
ok,True,OMPAL,1.0048,T4,,00204120_00,02041,train,0.9043,True,00204120
ok,True,OMPAL,2.4919,T1,,00204120_03,02041,train,2.4115,True,00204120
ok,True,OMPAL,3.577,T4,,00204120_05,02041,train,3.4565,True,00204120
ok,True,OMPAL,3.8986,T2,,00204120_06,02041,train,3.7579,True,00204120
ok,True,OMPAL,4.1799,T4,,00204120_08,02041,train,4.1196,True,00204120
ok,True,OMPAL,1.0246,T4,,00204124_01,02041,train,0.8237,True,00204124
ok,True,OMPAL,2.1295,T1,,00204124_03,02041,train,1.9085,True,00204124
ok,True,OMPAL,2.4107,T2,,00204124_04,02041,train,2.25,True,00204124
ok,True,OMPAL,1.1639,T4,,00204126_00,02041,train,0.9632,True,00204126
ok,True,OMPAL,1.9064,T2,,00204126_02,02041,train,1.7057,True,00204126
ok,True,OMPAL,2.0468,T4,,00204126_03,02041,train,1.9666,True,00204126
ok,True,OMPAL,2.4281,T4,,00204126_04,02041,train,2.1672,True,00204126
ok,True,OMPAL,3.2508,T1,,00204126_05,02041,train,3.0301,True,00204126
ok,True,OMPAL,3.6722,T4,,00204126_06,02041,train,3.4114,True,00204126
ok,True,OMPAL,4.1538,T1,,00204126_07,02041,train,3.8528,True,00204126
ok,True,OMPAL,4.5151,T3,,00204126_08,02041,train,4.3144,False,00204126
ok,True,OMPAL,4.7358,T3,,00204126_09,02041,train,4.5953,True,00204126
ok,True,OMPAL,5.5585,T4,,00204126_10,02041,train,5.3378,True,00204126
ok,True,OMPAL,1.0054,T4,,00204128_00,02041,train,0.8043,True,00204128
ok,True,OMPAL,1.2467,T2,,00204128_01,02041,train,1.0658,True,00204128
ok,True,OMPAL,1.6288,T4,,00204128_02,02041,train,1.4076,True,00204128
ok,True,OMPAL,1.9103,T2,,00204128_03,02041,train,1.6891,True,00204128
ok,True,OMPAL,2.6342,T3,,00204128_04,02041,train,2.5337,True,00204128
ok,True,OMPAL,2.8957,T4,,00204128_05,02041,train,2.7348,True,00204128
ok,True,OMPAL,3.3179,T3,,00204128_07,02041,train,3.1571,True,00204128
ok,True,OMPAL,1.7617,T4,,00204129_02,02041,train,1.5615,True,00204129
ok,True,OMPAL,1.9819,T3,,00204129_03,02041,train,1.8418,True,00204129
ok,True,OMPAL,2.2822,T1,,00204129_04,02041,train,2.122,True,00204129
ok,True,OMPAL,3.7636,T1,,00204129_05,02041,train,3.5434,True,00204129
ok,True,OMPAL,4.7045,T2,,00204129_07,02041,train,4.3041,True,00204129
ok,True,OMPAL,5.3651,T3,,00204129_08,02041,train,5.1449,True,00204129
ok,True,OMPAL,6.0257,T4,,00204129_10,02041,train,5.8456,True,00204129
ok,True,OMPAL,1.7269,T2,,00204201_01,02042,train,1.6064,True,00204201
ok,True,OMPAL,2.2289,T4,,00204201_03,02042,train,2.1084,True,00204201
ok,True,OMPAL,2.8112,T1,,00204201_05,02042,train,2.6104,True,00204201
ok,True,OMPAL,3.1325,T2,,00204201_06,02042,train,2.8916,True,00204201
ok,True,OMPAL,3.5141,T4,,00204201_07,02042,train,3.253,False,00204201
ok,True,OMPAL,4.3976,T1,,00204201_09,02042,train,4.1165,True,00204201
ok,True,OMPAL,4.7189,T2,,00204201_10,02042,train,4.5181,False,00204201
ok,True,OMPAL,1.8479,T4,,00204207_02,02042,train,1.7274,False,00204207
ok,True,OMPAL,2.35,T2,,00204207_03,02042,train,2.2496,True,00204207
ok,True,OMPAL,2.6714,T4,,00204207_04,02042,train,2.5509,True,00204207
ok,True,OMPAL,2.9325,T4,,00204207_05,02042,train,2.7919,True,00204207
ok,True,OMPAL,3.3944,T1,,00204207_06,02042,train,3.2538,True,00204207
ok,True,OMPAL,3.7761,T1,,00204207_07,02042,train,3.515,True,00204207
ok,True,OMPAL,1.2863,T2,,00204208_00,02042,train,1.1054,False,00204208
ok,True,OMPAL,2.05,T4,,00204208_02,02042,train,1.7887,False,00204208
ok,True,OMPAL,2.8137,T3,,00204208_04,02042,train,2.6328,True,00204208
ok,True,OMPAL,3.0951,T4,,00204208_05,02042,train,2.9142,True,00204208
ok,True,OMPAL,3.7382,T2,,00204208_07,02042,train,3.4971,False,00204208
ok,True,OMPAL,2.4894,T1,,00204209_03,02042,train,2.389,False,00204209
ok,True,OMPAL,4.6977,T4,,00204209_10,02042,train,4.497,True,00204209
ok,True,OMPAL,5.039,T4,,00204209_11,02042,train,4.778,True,00204209
ok,True,OMPAL,0.7625,T1,,00204211_01,02042,train,0.7023,True,00204211
ok,True,OMPAL,2.6487,T2,,00204211_06,02042,train,2.5082,True,00204211
ok,True,OMPAL,3.0299,T4,,00204211_07,02042,train,2.9095,True,00204211
ok,True,OMPAL,4.2539,T3,,00204211_08,02042,train,3.9931,True,00204211
ok,True,OMPAL,5.3174,T2,,00204211_10,02042,train,5.197,True,00204211
ok,True,OMPAL,5.6786,T4,,00204211_11,02042,train,5.4579,True,00204211
ok,True,OMPAL,1.567,T4,,00204213_02,02042,train,1.5067,True,00204213
ok,True,OMPAL,1.808,T4,,00204213_03,02042,train,1.7076,True,00204213
ok,True,OMPAL,2.7321,T1,,00204213_06,02042,train,2.6518,True,00204213
ok,True,OMPAL,3.6763,T2,,00204213_08,02042,train,3.4152,False,00204213
ok,True,OMPAL,3.8371,T4,,00204213_09,02042,train,3.7567,False,00204213
ok,True,OMPAL,4.2188,T4,,00204213_10,02042,train,3.9777,True,00204213
ok,True,OMPAL,2.5072,T4,,00204218_01,02042,train,2.4069,True,00204218
ok,True,OMPAL,2.808,T1,,00204218_02,02042,train,2.6676,False,00204218
ok,True,OMPAL,3.0287,T1,,00204218_03,02042,train,2.9284,True,00204218
ok,True,OMPAL,4.6533,T2,,00204218_04,02042,train,4.4928,True,00204218
ok,True,OMPAL,5.2751,T1,,00204218_06,02042,train,4.9943,False,00204218
ok,True,OMPAL,6.2378,T1,,00204218_08,02042,train,6.0172,True,00204218
ok,True,OMPAL,6.6189,T2,,00204218_10,02042,train,6.4585,True,00204218
ok,True,OMPAL,1.7073,T4,,00204220_00,02042,train,1.5667,True,00204220
ok,True,OMPAL,2.8722,T1,,00204220_03,02042,train,2.812,True,00204220
ok,True,OMPAL,3.6556,T4,,00204220_05,02042,train,3.515,True,00204220
ok,True,OMPAL,3.8966,T2,,00204220_06,02042,train,3.7761,True,00204220
ok,True,OMPAL,4.3184,T4,,00204220_08,02042,train,4.1778,True,00204220
ok,True,OMPAL,0.8642,T4,,00204224_01,02042,train,0.623,True,00204224
ok,True,OMPAL,1.6882,T1,,00204224_03,02042,train,1.3667,True,00204224
ok,True,OMPAL,2.0098,T2,,00204224_04,02042,train,1.8088,True,00204224
ok,True,OMPAL,1.2448,T4,,00204226_00,02042,train,1.0239,True,00204226
ok,True,OMPAL,1.8873,T2,,00204226_02,02042,train,1.7066,True,00204226
ok,True,OMPAL,2.068,T4,,00204226_03,02042,train,1.9676,True,00204226
ok,True,OMPAL,2.4494,T4,,00204226_04,02042,train,2.2085,True,00204226
ok,True,OMPAL,3.0116,T1,,00204226_05,02042,train,2.8309,True,00204226
ok,True,OMPAL,3.3328,T4,,00204226_06,02042,train,3.112,True,00204226
ok,True,OMPAL,3.6942,T1,,00204226_07,02042,train,3.4734,True,00204226
ok,True,OMPAL,3.9954,T3,,00204226_08,02042,train,3.7946,False,00204226
ok,True,OMPAL,4.1761,T3,,00204226_09,02042,train,4.0556,True,00204226
ok,True,OMPAL,4.5174,T4,,00204226_10,02042,train,4.3367,True,00204226
ok,True,OMPAL,1.5056,T4,,00204228_00,02042,train,1.2446,True,00204228
ok,True,OMPAL,2.0275,T2,,00204228_01,02042,train,1.8067,True,00204228
ok,True,OMPAL,2.429,T4,,00204228_02,02042,train,2.2283,True,00204228
ok,True,OMPAL,2.7903,T2,,00204228_03,02042,train,2.5093,True,00204228
ok,True,OMPAL,3.2721,T3,,00204228_04,02042,train,3.1517,True,00204228
ok,True,OMPAL,3.6736,T4,,00204228_05,02042,train,3.4327,True,00204228
ok,True,OMPAL,4.4164,T3,,00204228_07,02042,train,4.1755,True,00204228
ok,True,OMPAL,1.8842,T4,,00204229_02,02042,train,1.6838,True,00204229
ok,True,OMPAL,2.1448,T3,,00204229_03,02042,train,1.9644,True,00204229
ok,True,OMPAL,2.4655,T1,,00204229_04,02042,train,2.2851,True,00204229
ok,True,OMPAL,2.8664,T1,,00204229_05,02042,train,2.7461,False,00204229
ok,True,OMPAL,3.5078,T2,,00204229_07,02042,train,3.2472,True,00204229
ok,True,OMPAL,3.7884,T3,,00204229_08,02042,train,3.5479,False,00204229
ok,True,OMPAL,4.49,T4,,00204229_10,02042,train,4.3096,True,00204229
ok,True,OMPAL,1.1858,T2,,00204301_01,02043,train,1.0652,True,00204301
ok,True,OMPAL,1.7083,T4,,00204301_03,02043,train,1.6078,True,00204301
ok,True,OMPAL,2.3113,T1,,00204301_05,02043,train,2.05,True,00204301
ok,True,OMPAL,2.6529,T2,,00204301_06,02043,train,2.3314,True,00204301
ok,True,OMPAL,3.0348,T4,,00204301_07,02043,train,2.8137,True,00204301
ok,True,OMPAL,3.7784,T1,,00204301_09,02043,train,3.5373,True,00204301
ok,True,OMPAL,4.0196,T2,,00204301_10,02043,train,3.8588,False,00204301
ok,True,OMPAL,1.6473,T4,,00204307_02,02043,train,1.5067,True,00204307
ok,True,OMPAL,2.1094,T2,,00204307_03,02043,train,1.9688,True,00204307
ok,True,OMPAL,2.471,T4,,00204307_04,02043,train,2.3304,False,00204307
ok,True,OMPAL,2.692,T4,,00204307_05,02043,train,2.5513,True,00204307
ok,True,OMPAL,3.4554,T1,,00204307_06,02043,train,3.2746,False,00204307
ok,True,OMPAL,3.9375,T1,,00204307_07,02043,train,3.6763,True,00204307
ok,True,OMPAL,0.2812,T2,,00204308_00,02043,train,0.1205,True,00204308
ok,True,OMPAL,0.7432,T4,,00204308_02,02043,train,0.6226,True,00204308
ok,True,OMPAL,3.2137,T3,,00204308_04,02043,train,3.0329,True,00204308
ok,True,OMPAL,3.4547,T4,,00204308_05,02043,train,3.294,True,00204308
ok,True,OMPAL,4.0974,T2,,00204308_07,02043,train,3.8966,True,00204308
ok,True,OMPAL,2.5881,T1,,00204309_03,02043,train,2.5078,True,00204309
ok,True,OMPAL,5.9586,T4,,00204309_10,02043,train,5.758,True,00204309
ok,True,OMPAL,6.2395,T4,,00204309_11,02043,train,6.0188,True,00204309
ok,True,OMPAL,0.5025,T1,,00204311_01,02043,train,0.4422,True,00204311
ok,True,OMPAL,1.7284,T2,,00204311_06,02043,train,1.5877,False,00204311
ok,True,OMPAL,1.9897,T4,,00204311_07,02043,train,1.8691,False,00204311
ok,True,OMPAL,2.8338,T3,,00204311_08,02043,train,2.6127,True,00204311
ok,True,OMPAL,3.4368,T2,,00204311_10,02043,train,3.3363,True,00204311
ok,True,OMPAL,3.7985,T4,,00204311_11,02043,train,3.5574,True,00204311
ok,True,OMPAL,0.9238,T4,,00204313_02,02043,train,0.8234,True,00204313
ok,True,OMPAL,1.1247,T4,,00204313_03,02043,train,1.0243,True,00204313
ok,True,OMPAL,3.4544,T1,,00204313_06,02043,train,3.3741,True,00204313
ok,True,OMPAL,4.0167,T2,,00204313_08,02043,train,3.8159,False,00204313
ok,True,OMPAL,4.1774,T4,,00204313_09,02043,train,4.077,False,00204313
ok,True,OMPAL,4.559,T4,,00204313_10,02043,train,4.318,True,00204313
ok,True,OMPAL,1.1846,T4,,00204318_01,02043,train,1.0441,False,00204318
ok,True,OMPAL,1.6465,T1,,00204318_02,02043,train,1.4256,True,00204318
ok,True,OMPAL,1.9075,T1,,00204318_03,02043,train,1.8071,True,00204318
ok,True,OMPAL,2.4697,T2,,00204318_04,02043,train,2.3291,True,00204318
ok,True,OMPAL,3.1524,T1,,00204318_06,02043,train,2.9315,True,00204318
ok,True,OMPAL,4.2567,T1,,00204318_08,02043,train,4.0559,True,00204318
ok,True,OMPAL,4.7386,T2,,00204318_10,02043,train,4.598,True,00204318
ok,True,OMPAL,0.7041,T4,,00204320_00,02043,train,0.6036,True,00204320
ok,True,OMPAL,1.6698,T1,,00204320_03,02043,train,1.6095,True,00204320
ok,True,OMPAL,2.3941,T4,,00204320_05,02043,train,2.2331,False,00204320
ok,True,OMPAL,2.6757,T2,,00204320_06,02043,train,2.5751,True,00204320
ok,True,OMPAL,3.0982,T4,,00204320_08,02043,train,2.9373,True,00204320
ok,True,OMPAL,0.4626,T4,,00204324_01,02043,train,0.2615,True,00204324
ok,True,OMPAL,1.4282,T1,,00204324_03,02043,train,1.1868,True,00204324
ok,True,OMPAL,1.6494,T2,,00204324_04,02043,train,1.5086,True,00204324
ok,True,OMPAL,0.7034,T4,,00204326_00,02043,train,0.5426,True,00204326
ok,True,OMPAL,1.226,T2,,00204326_02,02043,train,1.0451,True,00204326
ok,True,OMPAL,1.3466,T4,,00204326_03,02043,train,1.2662,False,00204326
ok,True,OMPAL,1.7485,T4,,00204326_04,02043,train,1.4672,True,00204326
ok,True,OMPAL,2.1304,T1,,00204326_05,02043,train,1.9294,True,00204326
ok,True,OMPAL,2.4118,T4,,00204326_06,02043,train,2.1907,True,00204326
ok,True,OMPAL,2.6931,T1,,00204326_07,02043,train,2.4922,True,00204326
ok,True,OMPAL,2.9544,T3,,00204326_08,02043,train,2.7735,True,00204326
ok,True,OMPAL,3.1554,T3,,00204326_09,02043,train,3.0348,False,00204326
ok,True,OMPAL,3.477,T4,,00204326_10,02043,train,3.2961,True,00204326
ok,True,OMPAL,0.7039,T4,,00204328_00,02043,train,0.5832,True,00204328
ok,True,OMPAL,1.2469,T2,,00204328_01,02043,train,1.0257,False,00204328
ok,True,OMPAL,1.5084,T4,,00204328_02,02043,train,1.3274,False,00204328
ok,True,OMPAL,1.7698,T2,,00204328_03,02043,train,1.5687,True,00204328
ok,True,OMPAL,1.9508,T3,,00204328_04,02043,train,1.8704,True,00204328
ok,True,OMPAL,2.2726,T4,,00204328_05,02043,train,2.0514,True,00204328
ok,True,OMPAL,2.876,T3,,00204328_07,02043,train,2.695,True,00204328
ok,True,OMPAL,1.3249,T4,,00204329_02,02043,train,1.084,True,00204329
ok,True,OMPAL,1.7666,T3,,00204329_03,02043,train,1.5658,True,00204329
ok,True,OMPAL,2.0275,T1,,00204329_04,02043,train,1.8469,True,00204329
ok,True,OMPAL,2.3688,T1,,00204329_05,02043,train,2.2484,True,00204329
ok,True,OMPAL,3.1718,T2,,00204329_07,02043,train,2.7703,True,00204329
ok,True,OMPAL,3.493,T3,,00204329_08,02043,train,3.2722,False,00204329
ok,True,OMPAL,4.0551,T4,,00204329_10,02043,train,3.8945,True,00204329
ok,True,OMPAL,0.8844,T2,,00204401_01,02044,train,0.7839,True,00204401
ok,True,OMPAL,1.8693,T4,,00204401_03,02044,train,1.7889,True,00204401
ok,True,OMPAL,2.4523,T1,,00204401_05,02044,train,2.2714,False,00204401
ok,True,OMPAL,2.6935,T2,,00204401_06,02044,train,2.5126,True,00204401
ok,True,OMPAL,2.995,T4,,00204401_07,02044,train,2.794,True,00204401
ok,True,OMPAL,3.4774,T1,,00204401_09,02044,train,3.2362,True,00204401
ok,True,OMPAL,3.7186,T2,,00204401_10,02044,train,3.5377,True,00204401
ok,True,OMPAL,2.4502,T4,,00204407_02,02044,train,2.3297,True,00204407
ok,True,OMPAL,3.5749,T2,,00204407_03,02044,train,3.4343,True,00204407
ok,True,OMPAL,3.7958,T4,,00204407_04,02044,train,3.7155,True,00204407
ok,True,OMPAL,3.9163,T4,,00204407_05,02044,train,3.836,True,00204407
ok,True,OMPAL,4.1573,T1,,00204407_06,02044,train,4.0368,True,00204407
ok,True,OMPAL,4.4184,T1,,00204407_07,02044,train,4.2176,True,00204407
ok,True,OMPAL,0.283,T2,,00204408_00,02044,train,0.1617,False,00204408
ok,True,OMPAL,0.6468,T4,,00204408_02,02044,train,0.566,True,00204408
ok,True,OMPAL,0.9298,T3,,00204408_04,02044,train,0.7681,True,00204408
ok,True,OMPAL,1.0713,T4,,00204408_05,02044,train,0.9904,True,00204408
ok,True,OMPAL,1.4957,T2,,00204408_07,02044,train,1.2734,True,00204408
ok,True,OMPAL,2.6305,T1,,00204409_03,02044,train,2.5502,True,00204409
ok,True,OMPAL,4.6185,T4,,00204409_10,02044,train,4.4177,True,00204409
ok,True,OMPAL,4.8996,T4,,00204409_11,02044,train,4.6988,True,00204409
ok,True,OMPAL,0.5819,T1,,00204411_01,02044,train,0.5417,False,00204411
ok,True,OMPAL,2.4278,T2,,00204411_06,02044,train,2.3074,False,00204411
ok,True,OMPAL,2.6485,T4,,00204411_07,02044,train,2.5282,False,00204411
ok,True,OMPAL,3.8926,T3,,00204411_08,02044,train,3.6919,True,00204411
ok,True,OMPAL,5.1767,T2,,00204411_10,02044,train,5.0362,True,00204411
ok,True,OMPAL,5.4576,T4,,00204411_11,02044,train,5.257,True,00204411
ok,True,OMPAL,0.6636,T4,,00204413_02,02044,train,0.563,True,00204413
ok,True,OMPAL,0.8446,T4,,00204413_03,02044,train,0.7641,True,00204413
ok,True,OMPAL,1.8098,T1,,00204413_06,02044,train,1.7696,True,00204413
ok,True,OMPAL,2.594,T2,,00204413_08,02044,train,2.4332,True,00204413
ok,True,OMPAL,2.7147,T4,,00204413_09,02044,train,2.6342,True,00204413
ok,True,OMPAL,3.0766,T4,,00204413_10,02044,train,2.8554,True,00204413
ok,True,OMPAL,1.205,T4,,00204418_01,02044,train,1.1247,False,00204418
ok,True,OMPAL,1.5665,T1,,00204418_02,02044,train,1.3657,True,00204418
ok,True,OMPAL,1.7272,T1,,00204418_03,02044,train,1.6669,True,00204418
ok,True,OMPAL,3.3741,T2,,00204418_04,02044,train,3.2335,False,00204418
ok,True,OMPAL,3.9163,T1,,00204418_06,02044,train,3.6753,True,00204418
ok,True,OMPAL,4.4586,T1,,00204418_08,02044,train,4.2778,True,00204418
ok,True,OMPAL,4.7799,T2,,00204418_10,02044,train,4.6594,True,00204418
ok,True,OMPAL,0.6644,T4,,00204420_00,02044,train,0.5638,True,00204420
ok,True,OMPAL,1.2081,T1,,00204420_03,02044,train,1.1678,True,00204420
ok,True,OMPAL,2.1141,T4,,00204420_05,02044,train,1.9732,True,00204420
ok,True,OMPAL,2.3557,T2,,00204420_06,02044,train,2.2349,True,00204420
ok,True,OMPAL,2.6376,T4,,00204420_08,02044,train,2.5369,True,00204420
ok,True,OMPAL,0.584,T4,,00204424_01,02044,train,0.4028,True,00204424
ok,True,OMPAL,1.1681,T1,,00204424_03,02044,train,0.9667,True,00204424
ok,True,OMPAL,1.3694,T2,,00204424_04,02044,train,1.2285,True,00204424
ok,True,OMPAL,0.9832,T4,,00204426_00,02044,train,0.8227,True,00204426
ok,True,OMPAL,1.5651,T2,,00204426_02,02044,train,1.3845,True,00204426
ok,True,OMPAL,1.6855,T4,,00204426_03,02044,train,1.6053,True,00204426
ok,True,OMPAL,2.0266,T4,,00204426_04,02044,train,1.7859,False,00204426
ok,True,OMPAL,2.9497,T1,,00204426_05,02044,train,2.7289,False,00204426
ok,True,OMPAL,4.4747,T4,,00204426_06,02044,train,4.274,False,00204426
ok,True,OMPAL,4.8359,T1,,00204426_07,02044,train,4.575,True,00204426
ok,True,OMPAL,5.0566,T3,,00204426_08,02044,train,4.8961,True,00204426
ok,True,OMPAL,5.2171,T3,,00204426_09,02044,train,5.1168,True,00204426
ok,True,OMPAL,5.498,T4,,00204426_10,02044,train,5.3576,True,00204426
ok,True,OMPAL,1.7461,T4,,00204428_00,02044,train,1.6458,True,00204428
ok,True,OMPAL,2.0673,T2,,00204428_01,02044,train,1.8866,True,00204428
ok,True,OMPAL,2.3282,T4,,00204428_02,02044,train,2.1475,True,00204428
ok,True,OMPAL,2.6493,T2,,00204428_03,02044,train,2.4085,True,00204428
ok,True,OMPAL,3.3317,T3,,00204428_04,02044,train,3.2113,True,00204428
ok,True,OMPAL,3.6729,T4,,00204428_05,02044,train,3.4923,True,00204428
ok,True,OMPAL,4.0542,T3,,00204428_07,02044,train,3.8937,False,00204428
ok,True,OMPAL,1.0841,T4,,00204429_02,02044,train,0.9235,True,00204429
ok,True,OMPAL,1.3451,T3,,00204429_03,02044,train,1.2246,True,00204429
ok,True,OMPAL,1.5458,T1,,00204429_04,02044,train,1.4254,True,00204429
ok,True,OMPAL,2.1079,T1,,00204429_05,02044,train,2.0276,True,00204429
ok,True,OMPAL,2.5897,T2,,00204429_07,02044,train,2.4091,True,00204429
ok,True,OMPAL,2.7905,T3,,00204429_08,02044,train,2.6098,False,00204429
ok,True,OMPAL,3.192,T4,,00204429_10,02044,train,3.0715,True,00204429
ok,True,OMPAL,1.0637,T2,,00204501_01,02045,train,0.9834,True,00204501
ok,True,OMPAL,1.6657,T4,,00204501_03,02045,train,1.5654,False,00204501
ok,True,OMPAL,3.1107,T1,,00204501_05,02045,train,2.89,True,00204501
ok,True,OMPAL,3.4118,T2,,00204501_06,02045,train,3.1709,True,00204501
ok,True,OMPAL,4.1343,T4,,00204501_07,02045,train,3.8734,True,00204501
ok,True,OMPAL,5.0775,T1,,00204501_09,02045,train,4.8567,False,00204501
ok,True,OMPAL,5.3384,T2,,00204501_10,02045,train,5.1779,False,00204501
ok,True,OMPAL,2.3105,T4,,00204507_02,02045,train,2.2301,True,00204507
ok,True,OMPAL,2.5516,T2,,00204507_03,02045,train,2.411,True,00204507
ok,True,OMPAL,2.8128,T4,,00204507_04,02045,train,2.7123,True,00204507
ok,True,OMPAL,3.0338,T4,,00204507_05,02045,train,2.9132,True,00204507
ok,True,OMPAL,3.5562,T1,,00204507_06,02045,train,3.4155,True,00204507
ok,True,OMPAL,3.8174,T1,,00204507_07,02045,train,3.6365,False,00204507
ok,True,OMPAL,0.4029,T2,,00204508_00,02045,train,0.282,True,00204508
ok,True,OMPAL,0.9871,T4,,00204508_02,02045,train,0.7252,True,00204508
ok,True,OMPAL,1.4302,T3,,00204508_04,02045,train,1.2691,False,00204508
ok,True,OMPAL,1.6921,T4,,00204508_05,02045,train,1.5511,False,00204508
ok,True,OMPAL,2.1755,T2,,00204508_07,02045,train,2.0144,False,00204508
ok,True,OMPAL,1.9087,T1,,00204509_03,02045,train,1.8082,True,00204509
ok,True,OMPAL,3.7772,T4,,00204509_10,02045,train,3.5763,False,00204509
ok,True,OMPAL,4.0584,T4,,00204509_11,02045,train,3.8174,False,00204509
ok,True,OMPAL,0.7826,T1,,00204511_01,02045,train,0.7224,True,00204511
ok,True,OMPAL,2.7692,T2,,00204511_06,02045,train,2.6288,True,00204511
ok,True,OMPAL,3.0903,T4,,00204511_07,02045,train,2.9298,True,00204511
ok,True,OMPAL,4.0535,T3,,00204511_08,02045,train,3.8328,False,00204511
ok,True,OMPAL,4.7358,T2,,00204511_10,02045,train,4.6154,False,00204511
ok,True,OMPAL,5.0569,T4,,00204511_11,02045,train,4.8361,False,00204511
ok,True,OMPAL,1.346,T4,,00204513_02,02045,train,1.2656,True,00204513
ok,True,OMPAL,1.6071,T4,,00204513_03,02045,train,1.5067,True,00204513
ok,True,OMPAL,3.3147,T1,,00204513_06,02045,train,3.2545,True,00204513
ok,True,OMPAL,3.7768,T2,,00204513_08,02045,train,3.6161,True,00204513
ok,True,OMPAL,3.8973,T4,,00204513_09,02045,train,3.817,False,00204513
ok,True,OMPAL,4.2188,T4,,00204513_10,02045,train,4.0179,True,00204513
ok,True,OMPAL,1.6258,T4,,00204518_01,02045,train,1.5254,True,00204518
ok,True,OMPAL,2.0272,T1,,00204518_02,02045,train,1.8065,False,00204518
ok,True,OMPAL,2.228,T1,,00204518_03,02045,train,2.1276,False,00204518
ok,True,OMPAL,3.914,T2,,00204518_04,02045,train,3.7735,True,00204518
ok,True,OMPAL,4.3154,T1,,00204518_06,02045,train,4.1348,True,00204518
ok,True,OMPAL,4.7771,T1,,00204518_08,02045,train,4.4559,True,00204518
ok,True,OMPAL,5.2186,T2,,00204518_10,02045,train,5.0781,True,00204518
ok,True,OMPAL,0.5425,T4,,00204520_00,02045,train,0.4621,True,00204520
ok,True,OMPAL,1.5271,T1,,00204520_03,02045,train,1.4668,True,00204520
ok,True,OMPAL,3.5565,T4,,00204520_05,02045,train,3.436,True,00204520
ok,True,OMPAL,3.7374,T2,,00204520_06,02045,train,3.6369,True,00204520
ok,True,OMPAL,4.079,T4,,00204520_08,02045,train,3.9383,True,00204520
ok,True,OMPAL,0.5643,T4,,00204524_01,02045,train,0.3225,False,00204524
ok,True,OMPAL,1.0279,T1,,00204524_03,02045,train,0.8062,True,00204524
ok,True,OMPAL,1.2093,T2,,00204524_04,02045,train,1.0884,True,00204524
ok,True,OMPAL,0.6827,T4,,00204526_00,02045,train,0.4819,True,00204526
ok,True,OMPAL,1.1044,T2,,00204526_02,02045,train,0.9438,True,00204526
ok,True,OMPAL,1.2651,T4,,00204526_03,02045,train,1.1647,False,00204526
ok,True,OMPAL,1.6265,T4,,00204526_04,02045,train,1.3855,False,00204526
ok,True,OMPAL,2.3896,T1,,00204526_05,02045,train,2.1888,True,00204526
ok,True,OMPAL,2.7711,T4,,00204526_06,02045,train,2.4699,False,00204526
ok,True,OMPAL,3.253,T1,,00204526_07,02045,train,3.0321,True,00204526
ok,True,OMPAL,3.5743,T3,,00204526_08,02045,train,3.3534,True,00204526
ok,True,OMPAL,3.7952,T3,,00204526_09,02045,train,3.6948,True,00204526
ok,True,OMPAL,4.3373,T4,,00204526_10,02045,train,4.1968,False,00204526
ok,True,OMPAL,0.8463,T4,,00204528_00,02045,train,0.6649,True,00204528
ok,True,OMPAL,1.1082,T2,,00204528_01,02045,train,0.9269,False,00204528
ok,True,OMPAL,1.3299,T4,,00204528_02,02045,train,1.1888,False,00204528
ok,True,OMPAL,1.5716,T2,,00204528_03,02045,train,1.3903,True,00204528
ok,True,OMPAL,1.7127,T3,,00204528_04,02045,train,1.6321,True,00204528
ok,True,OMPAL,2.0552,T4,,00204528_05,02045,train,1.8537,True,00204528
ok,True,OMPAL,2.297,T3,,00204528_07,02045,train,2.1358,True,00204528
ok,True,OMPAL,3.3276,T4,,00204529_02,02045,train,3.1873,True,00204529
ok,True,OMPAL,3.4679,T3,,00204529_03,02045,train,3.3677,True,00204529
ok,True,OMPAL,3.6082,T1,,00204529_04,02045,train,3.508,True,00204529
ok,True,OMPAL,3.7887,T1,,00204529_05,02045,train,3.6884,True,00204529
ok,True,OMPAL,5.0916,T2,,00204529_07,02045,train,4.811,True,00204529
ok,True,OMPAL,5.3923,T3,,00204529_08,02045,train,5.1919,True,00204529
ok,True,OMPAL,5.8935,T4,,00204529_10,02045,train,5.7531,True,00204529
ok,True,OMPAL,2.2276,T2,,00204601_01,02046,train,2.0871,True,00204601
ok,True,OMPAL,2.7895,T4,,00204601_03,02046,train,2.669,True,00204601
ok,True,OMPAL,3.6323,T1,,00204601_05,02046,train,3.4116,True,00204601
ok,True,OMPAL,4.0337,T2,,00204601_06,02046,train,3.7327,True,00204601
ok,True,OMPAL,4.3949,T4,,00204601_07,02046,train,4.1741,True,00204601
ok,True,OMPAL,5.3782,T1,,00204601_09,02046,train,5.1173,True,00204601
ok,True,OMPAL,5.7595,T2,,00204601_10,02046,train,5.5388,True,00204601
ok,True,OMPAL,2.0675,T4,,00204607_02,02046,train,1.927,True,00204607
ok,True,OMPAL,2.4891,T2,,00204607_03,02046,train,2.3485,True,00204607
ok,True,OMPAL,2.8704,T4,,00204607_04,02046,train,2.6898,True,00204607
ok,True,OMPAL,4.2755,T4,,00204607_05,02046,train,4.1953,True,00204607
ok,True,OMPAL,4.6369,T1,,00204607_06,02046,train,4.4964,False,00204607
ok,True,OMPAL,5.0785,T1,,00204607_07,02046,train,4.7974,False,00204607
ok,True,OMPAL,0.2819,T2,,00204608_00,02046,train,0.141,False,00204608
ok,True,OMPAL,0.725,T4,,00204608_02,02046,train,0.5639,True,00204608
ok,True,OMPAL,1.45,T3,,00204608_04,02046,train,1.2688,True,00204608
ok,True,OMPAL,1.7521,T4,,00204608_05,02046,train,1.5306,True,00204608
ok,True,OMPAL,2.4569,T2,,00204608_07,02046,train,2.2556,True,00204608
ok,True,OMPAL,2.1478,T1,,00204609_03,02046,train,2.0675,True,00204609
ok,True,OMPAL,5.1186,T4,,00204609_10,02046,train,4.9179,True,00204609
ok,True,OMPAL,5.4398,T4,,00204609_11,02046,train,5.219,True,00204609
ok,True,OMPAL,0.4418,T1,,00204611_01,02046,train,0.3816,False,00204611
ok,True,OMPAL,2.0084,T2,,00204611_06,02046,train,1.8477,True,00204611
ok,True,OMPAL,2.2895,T4,,00204611_07,02046,train,2.169,True,00204611
ok,True,OMPAL,3.113,T3,,00204611_08,02046,train,2.9322,True,00204611
ok,True,OMPAL,3.8762,T2,,00204611_10,02046,train,3.7155,True,00204611
ok,True,OMPAL,4.318,T4,,00204611_11,02046,train,4.0971,True,00204611
ok,True,OMPAL,1.1445,T4,,00204613_02,02046,train,1.024,True,00204613
ok,True,OMPAL,1.4256,T4,,00204613_03,02046,train,1.3051,True,00204613
ok,True,OMPAL,2.7909,T1,,00204613_06,02046,train,2.6906,True,00204613
ok,True,OMPAL,4.2768,T2,,00204613_08,02046,train,3.9756,True,00204613
ok,True,OMPAL,4.598,T4,,00204613_09,02046,train,4.4575,False,00204613
ok,True,OMPAL,4.9795,T4,,00204613_10,02046,train,4.7787,True,00204613
ok,True,OMPAL,2.0263,T4,,00204618_01,02046,train,1.906,True,00204618
ok,True,OMPAL,2.6082,T1,,00204618_02,02046,train,2.4677,True,00204618
ok,True,OMPAL,2.8489,T1,,00204618_03,02046,train,2.7687,True,00204618
ok,True,OMPAL,3.19,T2,,00204618_04,02046,train,3.0295,True,00204618
ok,True,OMPAL,4.2934,T1,,00204618_06,02046,train,4.0727,True,00204618
ok,True,OMPAL,5.5172,T1,,00204618_08,02046,train,5.3367,True,00204618
ok,True,OMPAL,6.1592,T2,,00204618_10,02046,train,5.9987,True,00204618
ok,True,OMPAL,1.3058,T4,,00204620_00,02046,train,1.1853,True,00204620
ok,True,OMPAL,2.3304,T1,,00204620_03,02046,train,2.25,True,00204620
ok,True,OMPAL,3.3348,T4,,00204620_05,02046,train,3.2143,False,00204620
ok,True,OMPAL,3.6563,T2,,00204620_06,02046,train,3.5156,False,00204620
ok,True,OMPAL,4.5,T4,,00204620_08,02046,train,4.4397,True,00204620
ok,True,OMPAL,1.0049,T4,,00204624_01,02046,train,0.7838,True,00204624
ok,True,OMPAL,1.7284,T1,,00204624_03,02046,train,1.5074,False,00204624
ok,True,OMPAL,2.0098,T2,,00204624_04,02046,train,1.849,True,00204624
ok,True,OMPAL,0.9836,T4,,00204626_00,02046,train,0.823,True,00204626
ok,True,OMPAL,1.5055,T2,,00204626_02,02046,train,1.3248,True,00204626
ok,True,OMPAL,1.6861,T4,,00204626_03,02046,train,1.5858,False,00204626
ok,True,OMPAL,2.0675,T4,,00204626_04,02046,train,1.8266,True,00204626
ok,True,OMPAL,2.6496,T1,,00204626_05,02046,train,2.4489,False,00204626
ok,True,OMPAL,2.9708,T4,,00204626_06,02046,train,2.75,True,00204626
ok,True,OMPAL,3.8139,T1,,00204626_07,02046,train,3.5328,True,00204626
ok,True,OMPAL,4.1752,T3,,00204626_08,02046,train,3.9343,True,00204626
ok,True,OMPAL,4.4161,T3,,00204626_09,02046,train,4.2755,True,00204626
ok,True,OMPAL,4.7974,T4,,00204626_10,02046,train,4.6168,False,00204626
ok,True,OMPAL,0.6233,T4,,00204628_00,02046,train,0.5026,True,00204628
ok,True,OMPAL,0.9651,T2,,00204628_01,02046,train,0.764,True,00204628
ok,True,OMPAL,1.2667,T4,,00204628_02,02046,train,1.0656,False,00204628
ok,True,OMPAL,1.5683,T2,,00204628_03,02046,train,1.327,False,00204628
ok,True,OMPAL,1.7693,T3,,00204628_04,02046,train,1.6688,True,00204628
ok,True,OMPAL,2.1513,T4,,00204628_05,02046,train,1.8899,True,00204628
ok,True,OMPAL,3.3175,T3,,00204628_07,02046,train,3.0963,True,00204628
ok,True,OMPAL,1.1219,T4,,00204629_02,02046,train,0.9215,True,00204629
ok,True,OMPAL,1.4424,T3,,00204629_03,02046,train,1.222,False,00204629
ok,True,OMPAL,1.7429,T1,,00204629_04,02046,train,1.5626,True,00204629
ok,True,OMPAL,2.1035,T1,,00204629_05,02046,train,1.9633,True,00204629
ok,True,OMPAL,2.8047,T2,,00204629_07,02046,train,2.5042,True,00204629
ok,True,OMPAL,3.5059,T3,,00204629_08,02046,train,3.2654,True,00204629
ok,True,OMPAL,5.0685,T4,,00204629_10,02046,train,4.9082,True,00204629
